corr1_raw_rms_gradient,corr1_weighted_gradient_influence,corr1_weighted_gradient_share,corr2_raw_rms_gradient,corr2_weighted_gradient_influence,corr2_weighted_gradient_share,dataset,diagnostic_grad_fields_unchanged,diagnostic_optimizer_state_unchanged,diagnostic_parameter_state_unchanged,diagnostic_rng_state_unchanged,fraction_of_training,mod2_recon_raw_rms_gradient,mod2_recon_weighted_gradient_influence,mod2_recon_weighted_gradient_share,rna_recon_raw_rms_gradient,rna_recon_weighted_gradient_influence,rna_recon_weighted_gradient_share,seed,step,variant
0.0020378274496471,0.0030567411744707,0.2388105443984039,0.0005607258153889,0.0056072581538891,0.4380718863266201,a1,True,True,True,True,0.0,0.0016345303377444,0.0040863258443611,0.3192477359978362,2.6070167542817933e-05,4.953331833135407e-05,0.0038698332771397,0,0,C0
0.0017996474120075,0.0026994711180112,0.225867916577759,0.0005275118794945,0.0052751187949457,0.4413753805198556,a1,True,True,True,True,0.005,0.0015713774115181,0.0039284435287953,0.3286974805257683,2.5533678297450336e-05,4.851398876515564e-05,0.0040592223766169,0,1,C0
0.0013036692410338,0.0019555038615507,0.2067256435024405,0.0004089504716047,0.0040895047160475,0.432321055792121,a1,True,True,True,True,0.025,0.0013505774571939,0.0033764436429848,0.3569399675295078,1.9980941101340803e-05,3.796378809254752e-05,0.0040133331759306,0,5,C0
0.0012253937652927,0.0018380906479391,0.2416714732021806,0.0002915647253097,0.0029156472530979,0.3833482139654566,a1,True,True,True,True,0.05,0.0011295869929475,0.0028239674823687,0.3712941918856484,1.4755621818140644e-05,2.803568145446722e-05,0.0036861209467143,0,10,C0
0.0012243498568589,0.0018365247852884,0.321155091739034,0.0001513572873609,0.0015135728736099,0.2646801387989962,a1,True,True,True,True,0.1,0.000935408325169,0.0023385208129225,0.4089396844648763,1.572612562268457e-05,2.987963868310068e-05,0.0052250849970932,0,20,C0
0.0011237944669184,0.0016856917003777,0.3696339361095132,8.810936233123845e-05,0.0008810936233123,0.1932038367353739,a1,True,True,True,True,0.2,0.0007826258139939,0.0019565645349849,0.4290302017603321,1.9518724617008214e-05,3.7085576772315606e-05,0.0081320253947806,0,40,C0
0.001022980810488,0.001534471215732,0.3893999776527934,6.555430877497891e-05,0.0006555430877497,0.1663559805508779,a1,True,True,True,True,0.4,0.0006841883662139,0.0017104709155347,0.4340631022962598,2.111529141799045e-05,4.011905369418186e-05,0.0101809395000688,0,80,C0
0.0009924983386811,0.0014887475080216,0.3939020559015142,6.13170237736577e-05,0.0006131702377365,0.162236387272287,a1,True,True,True,True,0.5,0.0006552351689425,0.0016380879223564,0.433415469639356,2.077939244432708e-05,3.9480845644221445e-05,0.0104460871868426,0,100,C0
0.0008305465051837,0.0012458197577755,0.4050140824528972,4.782636331766843e-05,0.0004782636331766,0.1554827697607752,a1,True,True,True,True,1.0,0.0005266462215274,0.0013166155538187,0.428029686593852,1.8574876727727898e-05,3.5292265782683006e-05,0.0114734611924754,0,200,C0
0.0016125346098109,0.0024188019147164,0.171906223292651,0.0007032873005339,0.0070328730053396,0.4998320159617166,a1,True,True,True,True,0.0,0.0018350134078675,0.0045875335196689,0.3260397458744311,1.6455158308026794e-05,3.1264800785250905e-05,0.0022220148712011,1,0,C0
0.0013946656216932,0.0020919984325398,0.1615225124565902,0.0006576617148311,0.0065766171483111,0.5077784518082349,a1,True,True,True,True,0.005,0.0017011286281642,0.0042528215704107,0.3283589578259659,1.5951627858756993e-05,3.0308092931638284e-05,0.0023400779092088,1,1,C0
0.0013603217423363,0.0020404826135045,0.1947696857271198,0.0004924535948679,0.0049245359486795,0.4700605203535136,a1,True,True,True,True,0.025,0.0013927338125848,0.003481834531462,0.3323506963296146,1.5544188150080445e-05,2.9533957485152843e-05,0.0028190975897519,1,5,C0
0.0017841692037562,0.0026762538056343,0.2936381164944454,0.0003254566160923,0.0032545661609235,0.3570904506471595,a1,True,True,True,True,0.05,0.0012612906284712,0.003153226571178,0.3459714879402056,1.5829527732122532e-05,3.007610269103281e-05,0.0032999449181894,1,10,C0
0.0015153659598211,0.0022730489397316,0.3439019545803672,0.0001477820622633,0.0014778206226337,0.2235875311610892,a1,True,True,True,True,0.1,0.0011317982121995,0.0028294955304989,0.4280897900640341,1.5378499459758248e-05,2.921914897354067e-05,0.0044207241945093,1,20,C0
0.001481284239461,0.0022219263591915,0.4017979350229125,8.653713327635294e-05,0.0008653713327635,0.1564878210720368,a1,True,True,True,True,0.2,0.0009628949770881,0.0024072374427204,0.4353083213553573,1.8644470041222192e-05,3.542449307832216e-05,0.0064059225496933,1,40,C0
0.0013259182829686,0.0019888774244529,0.4211319438468122,5.7076280638272577e-05,0.0005707628063827,0.1208553363682213,a1,True,True,True,True,0.4,0.0008493725464458,0.0021234313661146,0.4496228715971018,2.085404636272493e-05,3.962268808917736e-05,0.0083898481878646,1,80,C0
0.0012764746172162,0.0019147119258244,0.4244848538868426,5.278243808888936e-05,0.0005278243808888,0.1170167961966721,a1,True,True,True,True,0.5,0.0008112935090655,0.0020282337726638,0.4496522453459222,2.100098726262857e-05,3.990187579899428e-05,0.008846104570563,1,100,C0
0.00103885070108,0.00155827605162,0.4271052219760423,4.28427838148542e-05,0.0004284278381485,0.1174270545471763,a1,True,True,True,True,1.0,0.0006496960831792,0.001624240207948,0.4451852249393495,1.974488326142568e-05,3.751527819670879e-05,0.0102824985374317,1,200,C0
0.0019525214241975,0.0029287821362963,0.2159907610712767,0.0005544109353139,0.0055441093531393,0.4088649626090779,a1,True,True,True,True,0.0,0.0020183594962876,0.0050458987407191,0.372123107345473,2.1561218828363157e-05,4.096631577388999e-05,0.0030211689741723,2,0,C0
0.0016685559490882,0.0025028339236324,0.1969075706086502,0.0005200848088135,0.0052008480881356,0.4091707214249209,a1,True,True,True,True,0.005,0.0019868645039808,0.0049671612599521,0.3907856798980414,2.097953987340632e-05,3.986112575947201e-05,0.0031360280683874,2,1,C0
0.0011915172160529,0.0017872758240794,0.174465278996845,0.0003967088571779,0.0039670885717797,0.3872481265376131,a1,True,True,True,True,0.025,0.0017839800559201,0.0044599501398003,0.4353589048590444,1.57853422157853e-05,2.999215020999207e-05,0.0029276896064973,2,5,C0
0.0016476346974077,0.0024714520461116,0.288266193353216,0.0002721559381659,0.002721559381659,0.3174383108787705,a1,True,True,True,True,0.05,0.0013407751316361,0.0033519378290904,0.3909646395400346,1.5030061632278228e-05,2.8557117101328628e-05,0.0033308562279787,2,10,C0
0.0017888295893555,0.0026832443840333,0.407326352082827,0.0001239334610007,0.0012393346100078,0.1881355454271585,a1,True,True,True,True,0.1,0.0010537995421112,0.0026344988552781,0.3999266017930842,1.598845131858871e-05,3.0378057505318547e-05,0.0046115006969301,2,20,C0
0.0014819830797186,0.002222974619578,0.4152905087813771,7.585142706430139e-05,0.000758514270643,0.1417037219404083,a1,True,True,True,True,0.2,0.0009347405414358,0.0023368513535895,0.4365646728629248,1.8146325537475183e-05,3.447801852120285e-05,0.0064410964152896,2,40,C0
0.0013258337347895,0.0019887506021842,0.4270898872437347,5.077800543098935e-05,0.0005077800543098,0.1090472208539572,a1,True,True,True,True,0.4,0.0008493232055689,0.0021233080139222,0.4559864767627416,1.930349881559261e-05,3.667664774962595e-05,0.0078764151395663,2,80,C0
0.0012783298517238,0.0019174947775857,0.4313165718624934,4.71796356406442e-05,0.0004717963564064,0.1061247151445451,a1,True,True,True,True,0.5,0.0008078694683059,0.0020196736707648,0.4543004414604112,1.932295767080519e-05,3.671361957452986e-05,0.00825827153255,2,100,C0
0.0010622782655266,0.0015934173982899,0.4367530487647013,3.840206890403548e-05,0.0003840206890403,0.1052594297684302,a1,True,True,True,True,1.0,0.0006550411579618,0.0016376028949047,0.4488642196219994,1.7518303753215012e-05,3.3284777131108524e-05,0.009123301844869,2,200,C0
0.0016573503173336,0.0024860254760004,0.1995900053932922,0.0005522681403314,0.0055226814033142,0.4433872547622725,a1,True,True,True,True,0.0,0.0017650971855516,0.0044127429638792,0.3542760926878357,1.8005950673563662e-05,3.421130627977096e-05,0.0027466471565996,3,0,C0
0.0014186955607063,0.0021280433410595,0.1853954045352615,0.0005236726368746,0.0052367263687467,0.4562242623737517,a1,True,True,True,True,0.005,0.0016323035280717,0.0040807588201793,0.3555162236034596,1.7302845059799133e-05,3.287540561361835e-05,0.0028641094875271,3,1,C0
0.001058194508003,0.0015872917620045,0.1769278331637524,0.0004197704789939,0.0041977047899394,0.4678981082892688,a1,True,True,True,True,0.025,0.0012630899731275,0.0031577249328187,0.3519765196697126,1.50981187248026e-05,2.868642557712494e-05,0.0031975388772661,3,5,C0
0.0012745900187431,0.0019118850281146,0.2463154824939655,0.0003152381844483,0.003152381844483,0.4061334461072443,a1,True,True,True,True,0.05,0.0010683795799553,0.0026709489498883,0.3441085994366851,1.406328804834817e-05,2.672024729186152e-05,0.0034424719621049,3,10,C0
0.0012152459664697,0.0018228689497046,0.299655793608965,0.0001910370217018,0.0019103702170182,0.3140398565460632,a1,True,True,True,True,0.1,0.0009284117948881,0.0023210294872203,0.3815468649545684,1.5231987869813577e-05,2.8940776952645796e-05,0.0047574848904032,3,20,C0
0.0011680540563462,0.0017520810845193,0.3529165384897147,0.0001257498511271,0.0012574985112719,0.2532942257497363,a1,True,True,True,True,0.2,0.0007676916541641,0.0019192291354103,0.3865846786556957,1.8825038678180125e-05,3.576757348854224e-05,0.0072045571048532,3,40,C0
0.0010531649294039,0.0015797473941058,0.3890997665514465,7.10835940396736e-05,0.0007108359403967,0.1750824843875078,a1,True,True,True,True,0.4,0.0006926731281335,0.0017316828203339,0.4265222298495646,1.986308628753933e-05,3.773986394632473e-05,0.009295519211481,3,80,C0
0.001011130741148,0.0015166961117221,0.3988429500264935,6.074844807047439e-05,0.0006074844807047,0.1597491419058811,a1,True,True,True,True,0.5,0.0006563750789469,0.0016409376973673,0.4315145446536247,1.9800995038630908e-05,3.762189057339872e-05,0.0098933634140005,3,100,C0
0.0008289197504419,0.0012433796256629,0.4114648578707412,4.44317985784083e-05,0.000444317985784,0.1470357347801798,a1,True,True,True,True,1.0,0.0005201283337518,0.0013003208343797,0.4303081024181421,1.7799103386395335e-05,3.381829643415113e-05,0.0111913049309368,3,200,C0
0.0012289514363186,0.0018434271544779,0.1629428717083529,0.0006234280979544,0.0062342809795446,0.5510560281029595,a1,True,True,True,True,0.0,0.0012781900323121,0.0031954750807803,0.2824521082213684,2.1132069479283807e-05,4.015093201063923e-05,0.0035489919673191,4,0,C0
0.0011171684149239,0.0016757526223859,0.1573320568195054,0.0005833530071156,0.0058335300711569,0.5476949714133756,a1,True,True,True,True,0.005,0.0012420027548356,0.003105006887089,0.2915210237230002,1.935099661257778e-05,3.676689356389778e-05,0.0034519480441186,4,1,C0
0.0010821506124589,0.0016232259186884,0.1847140253782493,0.0004411618344631,0.0044116183446311,0.5020174785822539,a1,True,True,True,True,0.025,0.0010898256452046,0.0027245641130117,0.3100401483991531,1.4931580840369078e-05,2.837000359670125e-05,0.0032283476403433,4,5,C0
0.0011908011825234,0.0017862017737851,0.2455134794330404,0.0003026020148113,0.0030260201481134,0.4159265466540535,a1,True,True,True,True,0.05,0.0009741028923039,0.0024352572307599,0.3347261685735219,1.4680188496905074e-05,2.789235814411964e-05,0.0038338053393842,4,10,C0
0.0011021992883266,0.0016532989324899,0.3044076353502083,0.0001537119794765,0.0015371197947657,0.2830165753932609,a1,True,True,True,True,0.1,0.0008841001347032,0.002210250336758,0.4069542811179537,1.6069230730867597e-05,3.053153838864843e-05,0.0056215081385768,4,20,C0
0.0010766829646877,0.0016150244470316,0.3572215069582696,9.421830080504416e-05,0.0009421830080504,0.2083981047995014,a1,True,True,True,True,0.2,0.0007705831240719,0.0019264578101799,0.4261063436586627,1.968818847689316e-05,3.7407558106097005e-05,0.0082740445835661,4,40,C0
0.0010232398744774,0.0015348598117161,0.3942839664755162,5.841737351024683e-05,0.0005841737351024,0.1500660422722821,a1,True,True,True,True,0.4,0.0006926730613029,0.0017316826532574,0.4448449949574237,2.2137604244502156e-05,4.206144806455409e-05,0.0108049962947779,4,80,C0
0.0009918316931539,0.0014877475397309,0.4015596780008275,5.207557250593694e-05,0.0005207557250593,0.1405577866455388,a1,True,True,True,True,0.5,0.000661819714356,0.0016545492858901,0.4465813323399497,2.203688570068876e-05,4.187008283130865e-05,0.0113012030136839,4,100,C0
0.0008299895153448,0.0012449842730173,0.4149683013471369,3.954191267126402e-05,0.0003954191267126,0.1317979727843777,a1,True,True,True,True,1.0,0.0005287682115072,0.0013219205287682,0.4406120850100418,1.993017718705695e-05,3.78673366554082e-05,0.0126216408584436,4,200,C0
0.0020378274502732,0.0030567411754099,0.237624360551342,0.0005607258151154,0.0056072581511541,0.4358959611409128,a1,True,True,True,True,0.0,0.0016345303329373,0.0040863258323434,0.3176620155891397,2.607016762773615e-05,0.0001134282387559,0.0088176627186053,0,0,C1
0.00180067931085,0.0027010189662751,0.2248139377428936,0.0005275258302526,0.0052752583025268,0.4390756253139019,a1,True,True,True,True,0.005,0.0015708766980411,0.0039271917451028,0.3268719885019979,2.551091733800952e-05,0.0001109950064003,0.0092384484412066,0,1,C1
0.0013059123338384,0.0019588685007576,0.2061976156085001,0.0004090429704241,0.0040904297042415,0.4305734925558057,a1,True,True,True,True,0.025,0.0013459196879243,0.0033647992198107,0.3541909913084876,1.9733850593006768e-05,8.585966721040978e-05,0.0090379005272064,0,5,C1
0.0012245591719143,0.0018368387578715,0.2404431334523219,0.0002917176750462,0.0029171767504622,0.381859929571703,a1,True,True,True,True,0.05,0.0011286795100444,0.0028216987751112,0.3693618137350709,1.4635019857440146e-05,6.367525327382614e-05,0.0083351232409041,0,10,C1
0.0012231670845224,0.0018347506267837,0.3186322710648688,0.0001514824393888,0.0015148243938884,0.2630722289138911,a1,True,True,True,True,0.1,0.0009365502092073,0.0023413755230183,0.4066153674643001,1.545815623027122e-05,6.725662299723455e-05,0.0116801325569399,0,20,C1
0.0011226454022359,0.0016839681033539,0.3647976929262509,8.814310410045333e-05,0.0008814310410045,0.1909442403283194,a1,True,True,True,True,0.2,0.0007879870149402,0.0019699675373507,0.4267536964232605,1.857166775871171e-05,8.08031461366369e-05,0.017504370322169,0,40,C1
0.0010261400920982,0.0015392101381473,0.3846397965343034,6.558731336993217e-05,0.0006558731336993,0.1638989391026708,a1,True,True,True,True,0.4,0.0006905557610893,0.0017263894027233,0.4314148225412259,1.8437567864506364e-05,8.021969324004395e-05,0.0200464418217996,0,80,C1
0.0009965760156213,0.001494864023432,0.3899667875886939,6.134776635238924e-05,0.0006134776635238,0.1600385787280931,a1,True,True,True,True,0.5,0.0006593981389576,0.0016484953473942,0.4300447565138897,1.7576683400350933e-05,7.647408600284357e-05,0.0199498771693232,0,100,C1
0.0008344064419775,0.0012516096629663,0.4033171882781448,4.78650328921064e-05,0.000478650328921,0.154239704710586,a1,True,True,True,True,1.0,0.0005133822634291,0.0012834556585729,0.4135792034942094,2.0587322874613457e-05,8.957302491151795e-05,0.0288639035170597,0,200,C1
0.0016125346070596,0.0024188019105894,0.1714149030229272,0.0007032873006389,0.0070328730063897,0.4984034612694142,a1,True,True,True,True,0.0,0.001835013408197,0.0045875335204927,0.3251079015966431,1.6455158311164556e-05,7.159446200488993e-05,0.0050737341110153,1,0,C1
0.0013947409223451,0.0020921113835177,0.1610425966644563,0.0006576672247835,0.0065766722478357,0.5062466485038213,a1,True,True,True,True,0.005,0.0017011547792318,0.0042528869480796,0.3273706949041706,1.594456971697985e-05,6.937295097380583e-05,0.0053400599275517,1,1,C1
0.0013596166827887,0.002039425024183,0.1939779051821854,0.0004924880579419,0.0049248805794197,0.468425172163872,a1,True,True,True,True,0.025,0.0013927534034512,0.003481883508628,0.331175925117724,1.551603023315134e-05,6.75084259894586e-05,0.0064209975362184,1,5,C1
0.0017833333489806,0.0026750000234709,0.2923660666959803,0.0003255250081446,0.0032552500814462,0.3557849174106966,a1,True,True,True,True,0.05,0.0012603114033781,0.0031507785084452,0.344366621107202,1.573475839511425e-05,6.846008654385316e-05,0.007482394786121,1,10,C1
0.0015132142483187,0.002269821372478,0.3413452832438037,0.0001478046296302,0.0014780462963027,0.2222748176470455,a1,True,True,True,True,0.1,0.0011343566032062,0.0028358915080155,0.4264732907133789,1.5140680871931277e-05,6.587532498415275e-05,0.0099066083957717,1,20,C1
0.0014842811128779,0.0022264216693169,0.3979548652759092,8.656207252783839e-05,0.0008656207252783,0.1547227031858132,a1,True,True,True,True,0.2,0.0009699671513226,0.0024249178783067,0.4334344571227374,1.7858095633166883e-05,7.769847759051871e-05,0.01388797441554,1,40,C1
0.0013331994014355,0.0019997991021532,0.4167597729908777,5.710255678501831e-05,0.0005710255678501,0.1190021966571478,a1,True,True,True,True,0.4,0.0008585612069862,0.0021464030174657,0.4473121491767749,1.866699877130636e-05,8.121792018074102e-05,0.0169258811751996,1,80,C1
0.0012846088144085,0.0019269132216128,0.4204999462843802,5.280023431126408e-05,0.0005280023431126,0.1152231218440953,a1,True,True,True,True,0.5,0.0008193721638931,0.0020484304097328,0.4470179910535818,1.817745116277324e-05,7.908795600805183e-05,0.0172589408179428,1,100,C1
0.0010405745842918,0.0015608618764377,0.4253679764973488,4.28699017963008e-05,0.000428699017963,0.116829577651997,a1,True,True,True,True,1.0,0.000640541611508,0.00160135402877,0.4364029470873826,1.804786850096024e-05,7.852415705928277e-05,0.0213994987632714,1,200,C1
0.0019525214221262,0.0029287821331894,0.2151522867736374,0.0005544109347539,0.0055441093475393,0.4072777523219918,a1,True,True,True,True,0.0,0.0020183594874867,0.0050458987187169,0.3706785273843028,2.1561218764540838e-05,9.38103315949071e-05,0.0068914335200678,2,0,C1
0.0016690651317328,0.0025035976975992,0.1961647288751756,0.0005201046310472,0.005201046310472,0.40751828472255,a1,True,True,True,True,0.005,0.001986744114106,0.004966860285265,0.3891690754286037,2.0967439128824945e-05,9.122686610860452e-05,0.0071479109736705,2,1,C1
0.0011934619524914,0.0017901929287371,0.174144193956928,0.0003967949944634,0.0039679499446345,0.3859893722500945,a1,True,True,True,True,0.025,0.0017813888788405,0.0044534721971013,0.4332194109496802,1.5705097759772838e-05,6.833103660158971e-05,0.0066470228432972,2,5,C1
0.0016507704432128,0.0024761556648193,0.2874695963725384,0.0002722888576407,0.0027228885764072,0.3161140840813448,a1,True,True,True,True,0.05,0.0013397872478399,0.0033494681195997,0.3888569131917964,1.4965676406006442e-05,6.511390109813395e-05,0.0075594063543204,2,10,C1
0.0017884886473305,0.0026827329709958,0.4043031410169831,0.0001240438325633,0.0012404383256338,0.1869411218759777,a1,True,True,True,True,0.1,0.0010576130268616,0.0026440325671541,0.3984707696997597,1.5685410396835472e-05,6.824537919671142e-05,0.0102849674072793,2,20,C1
0.0014848465811488,0.0022272698717233,0.4116107366141714,7.585582398314442e-05,0.0007585582398314,0.1401853990958831,a1,True,True,True,True,0.2,0.0009401023003366,0.0023502557508415,0.4343391490709141,1.7243274282652232e-05,7.502346207338748e-05,0.0138647152190313,2,40,C1
0.0013296758429155,0.0019945137643733,0.4231042445624484,5.081037634043479e-05,0.0005081037634043,0.1077860994567163,a1,True,True,True,True,0.4,0.000855003978313,0.0021375099457827,0.4534386009310218,1.6978938168233217e-05,7.387336667215076e-05,0.0156710550498134,2,80,C1
0.0012826800797275,0.0019240201195912,0.4278364633731105,4.7205077301593017e-05,0.0004720507730159,0.1049679944628552,a1,True,True,True,True,0.5,0.0008116687566938,0.0020291718917345,0.4512186317055142,1.6513808717155877e-05,7.184964303590244e-05,0.0159769104585201,2,100,C1
0.0010657865088968,0.0015986797633452,0.4357987782663363,3.843050561106828e-05,0.0003843050561106,0.1047612397270587,a1,True,True,True,True,1.0,0.0006410159442832,0.0016025398607082,0.4368510376076552,1.9045572880626775e-05,8.286505168645168e-05,0.0225889443989497,2,200,C1
0.0016573503220637,0.0024860254830955,0.1988853537472236,0.0005522681411552,0.0055226814115527,0.4418218773856671,a1,True,True,True,True,0.0,0.001765097189149,0.0044127429728725,0.3530253221952173,1.8005950680884707e-05,7.834177754521334e-05,0.006267446671892,3,0,C1
0.0014183506631297,0.0021275259946946,0.1846811437724599,0.0005236844220939,0.0052368442209397,0.4545873389528997,a1,True,True,True,True,0.005,0.0016321669932569,0.0040804174831423,0.3542030366421172,1.7285704107098497e-05,7.520806925836554e-05,0.006528480632523,3,1,C1
0.0010569329601091,0.0015853994401636,0.1760228561227245,0.0004198380804876,0.0041983808048765,0.4661355123784352,a1,True,True,True,True,0.025,0.0012630739331071,0.0031576848327679,0.3505896929936005,1.5012270620146448e-05,6.531662705377736e-05,0.0072519385052397,3,5,C1
0.0012728774674524,0.0019093162011787,0.2448405357944094,0.0003153426932306,0.0031534269323067,0.4043786666754572,a1,True,True,True,True,0.05,0.0010699439597127,0.0026748598992819,0.3430097804181707,1.3928201359615055e-05,6.0599968969052375e-05,0.0077710171119625,3,10,C1
0.0012152555087454,0.0018228832631181,0.2976515400956292,0.0001911147941382,0.0019111479413821,0.3120639371771542,a1,True,True,True,True,0.1,0.0009300063420486,0.0023250158551217,0.3796428241049101,1.4979051493935342e-05,6.517209453550051e-05,0.0106416986223064,3,20,C1
0.0011697378891144,0.0017546068336716,0.3494038936340357,0.0001257752350395,0.0012577523503956,0.2504627019695261,a1,True,True,True,True,0.2,0.0007724938346021,0.0019312345865052,0.3845766875497908,1.7955299685079334e-05,7.812140100880303e-05,0.0155567168466474,3,40,C1
0.0010592687989728,0.0015889031984592,0.3855215362884031,7.11188287107882e-05,0.0007111882871078,0.172558278756076,a1,True,True,True,True,0.4,0.000698057402583,0.0017451435064576,0.423430707613707,1.751443230249146e-05,7.62032387842277e-05,0.0184894773418138,3,80,C1
0.0010182230399082,0.0015273345598623,0.395879861515393,6.0780170666378806e-05,0.0006078017066637,0.1575401105862274,a1,True,True,True,True,0.5,0.0006596713442139,0.0016491783605347,0.4274613553179494,1.695317870082599e-05,7.376129025357862e-05,0.0191186725804301,3,100,C1
0.0008342458276563,0.0012513687414845,0.4108001777070751,4.446288060564444e-05,0.0004446288060564,0.1459630454928807,a1,True,True,True,True,1.0,0.000505928140636,0.00126482035159,0.4152160813800646,1.9618067475480848e-05,8.535590845879128e-05,0.0280206954199793,3,200,C1
0.001228951436518,0.001843427154777,0.1622003213367905,0.0006234281006139,0.0062342810061391,0.548544801392999,a1,True,True,True,True,0.0,0.0012781900357691,0.0031954750894229,0.2811649405212358,2.113206955216017e-05,9.194315375321052e-05,0.0080899367489747,4,0,C1
0.0011165072212949,0.0016747608319423,0.1565729878649041,0.0005833824554247,0.0058338245542475,0.5454028561671161,a1,True,True,True,True,0.005,0.0012415119601056,0.0031037799002642,0.2901716372813608,1.9304900593280926e-05,8.399335611958711e-05,0.0078525186866188,4,1,C1
0.0010806757337566,0.0016210136006349,0.183769854934511,0.0004412442461942,0.004412442461942,0.5002264699200222,a1,True,True,True,True,0.025,0.0010891351581847,0.0027228378954619,0.3086806457781852,1.484655860371061e-05,6.459563352456775e-05,0.0073230293672815,4,5,C1
0.0011870613679902,0.0017805920519853,0.2436382897085595,0.0003027020642586,0.0030270206425868,0.4141870292243791,a1,True,True,True,True,0.05,0.0009749338871835,0.0024373347179588,0.3335003441516339,1.4570612539075917e-05,6.33950245929306e-05,0.0086743369154275,4,10,C1
0.0010980780436566,0.001647117065485,0.3010697647792185,0.0001537855721668,0.0015378557216682,0.2810983324070567,a1,True,True,True,True,0.1,0.0008868926410052,0.002217231602513,0.4052786599190949,1.5784683952604134e-05,6.867730678331795e-05,0.0125532428946299,4,20,C1
0.0010749379357949,0.0016124069036923,0.3525986575078974,9.426739846070182e-05,0.000942673984607,0.2061424946016422,a1,True,True,True,True,0.2,0.0007745011696556,0.0019362529241392,0.4234168063184412,1.8752586458144152e-05,8.159030215832657e-05,0.0178420415720189,4,40,C1
0.0010233992471974,0.0015350988707961,0.3890403832660617,5.843799189697332e-05,0.0005843799189697,0.148099508099477,a1,True,True,True,True,0.4,0.000696879622731,0.0017421990568275,0.4415258207065456,1.9348284060043396e-05,8.4182112490327e-05,0.0213342879279155,4,80,C1
0.0009937349744258,0.0014906024616387,0.3970836016595841,5.209052460207772e-05,0.0005209052460207,0.1387646515663881,a1,True,True,True,True,0.5,0.0006645443119186,0.0016613607797965,0.4425721405104313,1.861855761580893e-05,8.100715840007918e-05,0.0215796062635964,4,100,C1
0.0008373382312096,0.0012560073468144,0.413873089338408,3.957416945324743e-05,0.0003957416945324,0.1304027704229363,a1,True,True,True,True,1.0,0.0005158579081279,0.0012896447703199,0.4249571203505601,2.1460165066699768e-05,9.337065881912912e-05,0.0307670198880954,4,200,C1
0.0020378274509637,9.698395473493764e-05,0.2500000030828355,0.0005607258149833,9.698395506270837e-05,0.2500000039277451,a1,True,True,True,True,0.0,0.0016345303401769,9.69839542757696e-05,0.2500000018992169,2.607016762565545e-05,9.698395008256572e-05,0.2499999910902023,0,0,IGE
0.0018070451810319,8.60006022385812e-05,0.2387005295183378,0.0005332455047174,9.223092050514385e-05,0.2559932022506819,a1,True,True,True,True,0.005,0.0015513699243728,9.20496769695256e-05,0.2554901484720138,2.4194270032152985e-05,9.000540045524339e-05,0.2498161197589665,0,1,IGE
0.0012294563401886,5.851208746307103e-05,0.2238707845364352,0.0004333803047006,7.495808980616843e-05,0.2867941839000448,a1,True,True,True,True,0.025,0.001320296195105,7.833904496546806e-05,0.2997299227672083,1.3321163566323277e-05,4.955622383826188e-05,0.1896051087963116,0,5,IGE
0.0010277857800753,4.891421475596457e-05,0.22447787108879,0.0003314944727265,5.7335767655724285e-05,0.2631261919425796,a1,True,True,True,True,0.05,0.0011795792420519,6.998968233494523e-05,0.3211977329517161,1.1199259671360973e-05,4.166250315399175e-05,0.1911982040169141,0,10,IGE
0.0010911889352461,5.193168747095225e-05,0.274473707519227,0.0001948919063072,3.370878846367113e-05,0.1781605142482675,a1,True,True,True,True,0.1,0.0010417082441555,6.180918288059301e-05,0.3266790741868265,1.1224107295585615e-05,4.1754939105385545e-05,0.2206867040456788,0,20,IGE
0.0012046940166082,5.733360296080557e-05,0.3020219092850956,0.0001108746673204,1.917704422672361e-05,0.1010208187292753,a1,True,True,True,True,0.2,0.0008918355938399,5.2916572013651926e-05,0.2787538770816655,1.623751441631232e-05,6.040537637613224e-05,0.3182033949039635,0,40,IGE
0.0013838201829009,6.585854652036053e-05,0.3500056695806697,8.024849806506987e-05,1.387989730849892e-05,0.0737648036260595,a1,True,True,True,True,0.4,0.0008236003374272,4.886787079027338e-05,0.2597086140011225,1.6009708586892587e-05,5.955791311827353e-05,0.3165209127921483,0,80,IGE
0.0013022838422535,6.197808217247772e-05,0.3640446631411549,7.075300074474025e-05,1.2237542237972444e-05,0.0718804420133646,a1,True,True,True,True,0.5,0.0007842920008373,4.653553236572277e-05,0.273338761225767,1.330535389410925e-05,4.949741008290582e-05,0.2907361336197133,0,100,IGE
0.001045988047675,4.978049413409789e-05,0.3777243555240328,5.464572282016656e-05,9.451603947498098e-06,0.0717168656486221,a1,True,True,True,True,1.0,0.0006319449313276,3.749610320359673e-05,0.2845128732368269,9.42507356996507e-06,3.506233169496241e-05,0.266045905590518,0,200,IGE
0.0016125346053759,6.313310235235646e-05,0.250000003934994,0.000703287300868,6.31331022531392e-05,0.2500000035421048,a1,True,True,True,True,0.0,0.0018350134128861,6.313310237200511e-05,0.2500000040128004,1.64551583103262e-05,6.313309845707106e-05,0.2499999885101007,1,0,IGE
0.0013518833076713,5.292822054616357e-05,0.23025187094819,0.0006691141947357,6.006543104523103e-05,0.2613006395219989,a1,True,True,True,True,0.005,0.0016983153381292,5.843004489728652e-05,0.2541862737564135,1.5233833524455342e-05,5.844727189130297e-05,0.2542612157733975,1,1,IGE
0.001159684638246,4.540335985271864e-05,0.2376287334691975,0.0005408880341962,4.85547507089384e-05,0.2541222489327909,a1,True,True,True,True,0.025,0.0014280576650158,4.913190831492116e-05,0.2571429335553979,1.2505217064760846e-05,4.797845668134086e-05,0.2511060840426135,1,5,IGE
0.0012792431154857,5.008425014524265e-05,0.2938143064682049,0.0004047105753289,3.633029361348214e-05,0.213128079004402,a1,True,True,True,True,0.05,0.0013917963797189,4.788434934847846e-05,0.280908805736424,9.425703960025037e-06,3.616336500160166e-05,0.212148808790969,1,10,IGE
0.0010834345643951,4.24180572733168e-05,0.2784144237338393,0.0002176735693886,1.9540247203465183e-05,0.128254027045971,a1,True,True,True,True,0.1,0.0013774830768453,4.739190432913553e-05,0.3110606798521536,1.120908247740574e-05,4.300560920251992e-05,0.2822708693680361,1,20,IGE
0.0013085697325038,5.123243035029502e-05,0.2957073800674192,0.0001388494308018,1.246431622152583e-05,0.0719425229097688,a1,True,True,True,True,0.2,0.0012815292838058,4.409064200788786e-05,0.2544858431368157,1.706332115556497e-05,6.54664217871965e-05,0.3778642538859961,1,40,IGE
0.0013899371184299,5.4418083226634826e-05,0.3446717594848338,9.271496279627002e-05,8.322890544715007e-06,0.0527152953201142,a1,True,True,True,True,0.4,0.0012770073369868,4.393506574373752e-05,0.2782747115496354,1.3346907394893348e-05,5.1207749130582965e-05,0.3243382336454164,1,80,IGE
0.0013246555526603,5.186221387678396e-05,0.3633629505890056,7.59658642031298e-05,6.819347749582113e-06,0.0477784910082652,a1,True,True,True,True,0.5,0.0012073313945544,4.153788522420629e-05,0.2910274631189927,1.1079633829947156e-05,4.250895678198326e-05,0.2978310952837363,1,100,IGE
0.0010439464323424,4.087203880383525e-05,0.3838283496272485,5.5856255336092034e-05,5.014136719457867e-06,0.0470876393289758,a1,True,True,True,True,1.0,0.0009164065853423,3.1528701839734435e-05,0.2960852932029244,7.576956978092109e-06,2.9070323231268748e-05,0.2729987178408513,1,200,IGE
0.0019525214260648,8.131586712502405e-05,0.2500000027431358,0.0005544109349667,8.131586693125281e-05,0.2500000021473995,a1,True,True,True,True,0.0,0.0020183594890972,8.13158668443641e-05,0.2500000018802662,2.156121900622925e-05,8.131586403048783e-05,0.2499999932291984,2,0,IGE
0.001630506896093,6.790505873031458e-05,0.225094140050172,0.0005267769232776,7.726276574662492e-05,0.2561134050808273,a1,True,True,True,True,0.005,0.0019853969630161,7.998786933146052e-05,0.2651466768200117,2.0289138552452577e-05,7.651834672938994e-05,0.2536457780489888,2,1,IGE
0.0011719052946893,4.880586402481981e-05,0.2141670581917058,0.0004244022724946,6.224739906613023e-05,0.2731504216644685,a1,True,True,True,True,0.025,0.0017253983801022,6.951302069217842e-05,0.3050330005446101,1.2547242596214203e-05,4.732060244907894e-05,0.2076495195992154,2,5,IGE
0.0015277566291854,6.362586008010974e-05,0.2998169707414291,0.0003164942983003,4.6420455697966754e-05,0.2187418824716514,a1,True,True,True,True,0.05,0.0014627857443168,5.893285683211376e-05,0.2777026603694786,1.1464326854631664e-05,4.32364999141731e-05,0.2037384864174409,2,10,IGE
0.0012203858451637,5.082491382775445e-05,0.2885793504814395,0.0001696513281699,2.488288732436897e-05,0.1412828261058066,a1,True,True,True,True,0.1,0.0014763751693655,5.94803489333539e-05,0.3377241429226645,1.0853532661052155e-05,4.093295401626383e-05,0.2324136804900893,2,20,IGE
0.0013179168564721,5.488674825899703e-05,0.2985394281374378,9.56793533848578e-05,1.4033362398197344e-05,0.0763301182543003,a1,True,True,True,True,0.2,0.0013561873630592,5.46382106984628e-05,0.2971875852328,1.5986817830961504e-05,6.029259777228116e-05,0.3279428683754618,2,40,IGE
0.0015379731510514,6.405134341844293e-05,0.3484424840995708,7.316570551998087e-05,1.0731268809391582e-05,0.0583786344192114,a1,True,True,True,True,0.4,0.00125475082528,5.055152542571264e-05,0.2750028048480567,1.550824645411473e-05,5.848771628588131e-05,0.3181760766331609,2,80,IGE
0.0015223194131694,6.339941855215177e-05,0.3768865879203649,6.131443886365843e-05,8.993034655604272e-06,0.0534603348706145,a1,True,True,True,True,0.5,0.0011812588120596,4.759067192392754e-05,0.2829093131744156,1.2789883951974828e-05,4.823569873781398e-05,0.286743764034605,2,100,IGE
0.0012115398118253,5.0456506668722216e-05,0.3930048592768053,4.790814952587376e-05,7.026724160847149e-06,0.0547310331676712,a1,True,True,True,True,1.0,0.000968678361378,3.902620968877186e-05,0.303974473451816,8.452318956907315e-06,3.187702971912765e-05,0.2482896341037072,2,200,IGE
0.0016573503205876,6.835524564052922e-05,0.2500000033802943,0.0005522681433909,6.83552456875649e-05,0.2500000035523209,a1,True,True,True,True,0.0,0.0017650971897167,6.835524565916406e-05,0.2500000034484487,1.8005950709545812e-05,6.83552418778852e-05,0.2499999896189361,3,0,IGE
0.0013758786451453,5.6746314639818975e-05,0.229453592952768,0.0005310996919251,6.57351874457738e-05,0.2658000795045921,a1,True,True,True,True,0.005,0.0016291898068997,6.3092089276916e-05,0.2551127181275461,1.6262604036250696e-05,6.173704740138259e-05,0.2496336094150937,3,1,IGE
0.0008909502876968,3.67460789746764e-05,0.1969012936499103,0.0004500402708341,5.570231354153872e-05,0.298476950511656,a1,True,True,True,True,0.025,0.0013118665055895,5.080341059066299e-05,0.2722265217473367,1.1424412731578702e-05,4.33700229539033e-05,0.2323952340910971,3,5,IGE
0.0010213564727869,4.212451146667928e-05,0.2472480578091584,0.0003625896804808,4.48783928416784e-05,0.2634118493333387,a1,True,True,True,True,0.05,0.0012037352469637,4.661591383985231e-05,0.2736101561443493,9.681811815518962e-06,3.675465956458008e-05,0.2157299367131535,3,10,IGE
0.001006261189793,4.150192626894367e-05,0.2631443099188468,0.0002392485357786,2.961223210002731e-05,0.1877573183139083,a1,True,True,True,True,0.1,0.0011336880033039,4.3903260635253535e-05,0.2783700483728202,1.1247401467664793e-05,4.269804245394942e-05,0.2707283233944246,3,20,IGE
0.0012297614964718,5.071990400967079e-05,0.2932700934019631,0.0001489319283364,1.8433579184302164e-05,0.1065857200376801,a1,True,True,True,True,0.2,0.0010238113748486,3.964817260156656e-05,0.2292516815461941,1.6896740537399165e-05,6.414439342930542e-05,0.3708925050141627,3,40,IGE
0.0014368378034327,5.9260495369756206e-05,0.3594210972589901,9.853052116462864e-05,1.2195304151673385e-05,0.0739657941138064,a1,True,True,True,True,0.4,0.0009445456132124,3.6578522589902126e-05,0.2218525620372226,1.497350613727524e-05,5.684329865630656e-05,0.3447605465899809,3,80,IGE
0.0013654389355071,5.631574247419268e-05,0.378076392589443,8.218918849687239e-05,1.0172707297709866e-05,0.0682945888487388,a1,True,True,True,True,0.5,0.0009009621936492,3.4890708814961085e-05,0.2342391797408025,1.2531861357690156e-05,4.757418411852583e-05,0.3193898388210155,3,100,IGE
0.0010518363876004,4.338161567590907e-05,0.3859593701918478,5.338469119710422e-05,6.607521593274223e-06,0.0587860740761982,a1,True,True,True,True,1.0,0.000793761769806,3.073925962040455e-05,0.2734823288253757,8.342698531283446e-06,3.167103949239579e-05,0.2817722269065781,3,200,IGE
0.0012289514339725,7.91741625110458e-05,0.2500000027336844,0.0006234280999978,7.917416268260908e-05,0.250000003275412,a1,True,True,True,True,0.0,0.0012781900333882,7.917416253910138e-05,0.2500000028222727,2.113206943881595e-05,7.917415884843211e-05,0.2499999911686309,4,0,IGE
0.0010494006251556,6.760675266612908e-05,0.2387855366559293,0.0005941014536751,7.544973533180234e-05,0.26648677582141,a1,True,True,True,True,0.005,0.0012220851970703,7.569889414095326e-05,0.2673667991564971,1.7181314467827477e-05,6.437212052701153e-05,0.2273608883661636,4,1,IGE
0.0009438740952261,6.08082947296264e-05,0.255888770397359,0.0004808509109922,6.106713549342662e-05,0.256978004112464,a1,True,True,True,True,0.025,0.0011309677133493,7.00548582168437e-05,0.2947994448648074,1.21990422797649e-05,4.5705363313010336e-05,0.1923337806253695,4,5,IGE
0.0008627335490111,5.558088328384092e-05,0.2673746482596878,0.0003617215338608,4.593793505265278e-05,0.2209867584103393,a1,True,True,True,True,0.05,0.0010848228231203,6.719653281615431e-05,0.3232523174242768,1.0452328486357163e-05,3.9161063629421935e-05,0.188386275905696,4,10,IGE
0.0007408018751977,4.772553775034352e-05,0.2638849656447078,0.0002058353907158,2.6140696433847505e-05,0.1445376439016642,a1,True,True,True,True,0.1,0.0010218141527227,6.329362434314364e-05,0.3499643308932498,1.166313113302886e-05,4.369749965426296e-05,0.2416130595603779,4,20,IGE
0.0009046805001957,5.828328033398393e-05,0.2987270852608328,0.0001253291534272,1.591656003692673e-05,0.0815792721336892,a1,True,True,True,True,0.2,0.0009317435531374,5.7714434938370737e-05,0.2958115059382241,1.6866110925184532e-05,6.319116778468516e-05,0.3238821366672537,4,40,IGE
0.0011417045393826,7.355335470701587e-05,0.3724423775305292,8.659923395186358e-05,1.0997935186299233e-05,0.0556887873439339,a1,True,True,True,True,0.4,0.000822357025019,5.093877049834052e-05,0.25793190356108,1.6547956671999336e-05,6.199915980586791e-05,0.3139369315644569,4,80,IGE
0.0010932578780967,7.043221930024786e-05,0.3901602171011032,7.123143772040464e-05,9.046254793793844e-06,0.05011184894306,a1,True,True,True,True,0.5,0.0007858486203319,4.867735217145637e-05,0.269648840826111,1.3976659625087692e-05,5.236544733733205e-05,0.2900790931297257,4,100,IGE
0.0008358968014152,5.385194839130479e-05,0.3905896099168334,5.097825809891825e-05,6.474140161493563e-06,0.0469571102952512,a1,True,True,True,True,1.0,0.0006810487600915,4.2185796962919646e-05,0.3059747042028665,9.438226568252542e-06,3.5361593511978776e-05,0.2564785755850489,4,200,IGE
0.0020378274518909,0.0133881514503342,0.7664753003088509,0.0005607258106299,0.0025678361739468,0.1470093171466725,a1,True,True,True,True,0.0,0.0016345303357511,0.0014851734054509,0.0850265801202407,2.607016755321767e-05,2.6005159366860504e-05,0.0014888024242358,0,0,ILN
0.0015566967207447,0.0102272110625611,0.722222224139338,0.0005355732049784,0.0024526501606824,0.1732005375901764,a1,True,True,True,True,0.005,0.0016014359278492,0.0014551030339137,0.1027560439572948,2.585395322170504e-05,2.578948418422474e-05,0.0018211943131906,0,1,ILN
0.0007304934377145,0.0047992074935111,0.5817901866939929,0.0004393220874885,0.0020118694857287,0.2438915019383226,a1,True,True,True,True,0.025,0.001554596461669,0.0014125435732693,0.1712374366636413,2.547777363472133e-05,2.541424263312609e-05,0.0030808747040431,0,5,ILN
0.0004976425730938,0.003269420151609,0.5304635114843104,0.0003366792276462,0.0015418179141696,0.2501599999061987,a1,True,True,True,True,0.05,0.0014619940574964,0.0013284028112719,0.215533393463108,2.3745463917005943e-05,2.368625257744309e-05,0.0038430951463828,0,10,ILN
0.000288953218528,0.0018983694856623,0.472089794213574,0.0001941463604555,0.0008890906000167,0.2211005821412565,a1,True,True,True,True,0.1,0.0013355453699528,0.0012135085056807,0.3017773858303253,2.028624154869995e-05,2.0235656075154665e-05,0.0050322378148441,0,20,ILN
0.0001880240738856,0.0012352835737659,0.4288569958346832,0.0001004100465465,0.0004598264336365,0.1596392821233218,a1,True,True,True,True,0.2,0.0012860431905052,0.0011685296399972,0.4056818382399428,1.6811327294494572e-05,1.6769406816022734e-05,0.0058218838020521,0,40,ILN
0.0001749632516534,0.0011494763745605,0.4399017030472282,6.913054331482119e-05,0.0003165823767751,0.1211552753760355,a1,True,True,True,True,0.4,0.0012469789689088,0.0011330349527768,0.4336096124890995,1.3971196651512276e-05,1.3936358281037667e-05,0.0053334090876367,0,80,ILN
0.000170352029735,0.0011191814949047,0.4388332616343921,6.369933373592518e-05,0.0002917102268569,0.1143801527156647,a1,True,True,True,True,0.5,0.0012395772881097,0.0011263096083533,0.4416282089134444,1.3188589258411317e-05,1.315570238622115e-05,0.0051583767364987,0,100,ILN
0.0001582002546525,0.0010393465682308,0.4460919198157861,4.9122068356290526e-05,0.0002249538396006,0.0965511343806926,a1,True,True,True,True,1.0,0.0011601493788872,0.0010541395079596,0.4524411117841168,1.1482000015688888e-05,1.1453368669332974e-05,0.0049158340194045,0,200,ILN
0.0016125346055354,0.0126863396827132,0.7360871411205896,0.0007032873033801,0.0028857403793815,0.1674365056431237,a1,True,True,True,True,0.0,0.001835013407028,0.0016463285483487,0.0955233191612044,1.645515831069425e-05,1.6425384075161404e-05,0.0009530340750822,1,0,ILN
0.0012010154961787,0.0094487836083777,0.6866200395413582,0.0006689369363395,0.0027447933713246,0.1994574340215373,a1,True,True,True,True,0.005,0.0017296053447995,0.0015517590474348,0.112762542002093,1.599182843116688e-05,1.5962892552379195e-05,0.0011599844350114,1,1,ILN
0.000617941564945,0.0048615493708165,0.5758060745503266,0.0005345839601652,0.002193513963076,0.2598016739544149,a1,True,True,True,True,0.025,0.0015301595089783,0.0013728211867609,0.1625981180718836,1.5175385301538682e-05,1.5147926708449606e-05,0.0017941334233747,1,5,ILN
0.0004092623792698,0.0032198016370936,0.5210512446647835,0.0003881407822983,0.0015926258343917,0.2577300612978569,a1,True,True,True,True,0.05,0.0015063185843528,0.0013514317000793,0.2186983077756905,1.5602791831162204e-05,1.5574559881631275e-05,0.0025203862616689,1,10,ILN
0.0003016260541267,0.0023729912937513,0.527329052412538,0.0001909920444971,0.0007836817930552,0.1741507347342589,a1,True,True,True,True,0.1,0.0014802227161362,0.0013280191338962,0.2951140500630195,1.535558540229148e-05,1.53278007521605e-05,0.0034061627901834,1,20,ILN
0.0001859980908518,0.0014633081068661,0.4512670275338795,0.0001028261420005,0.0004219179680917,0.1301145441828002,a1,True,True,True,True,0.2,0.0014975792784225,0.0013435910114006,0.4143476818661986,1.3873706187590964e-05,1.3848602874213884e-05,0.0042707464171216,1,40,ILN
0.0001704947598951,0.0013413383072384,0.4576804473918761,6.208568865294408e-05,0.0002547510496299,0.0869240621392731,a1,True,True,True,True,0.4,0.0014731292453604,0.0013216550477264,0.4509642871428611,1.3010206146465432e-05,1.2986665264340709e-05,0.0044312033259895,1,80,ILN
0.0001669403990334,0.0013133749822394,0.4585771178089566,5.611530556825708e-05,0.0002302532725976,0.0803950764570385,a1,True,True,True,True,0.5,0.0014575215175602,0.0013076521811785,0.4565789484728653,1.2764722042871478e-05,1.2741625343742868e-05,0.0044488572611396,1,100,ILN
0.0001518480496621,0.0011946385098083,0.4613929274684857,4.416111072437438e-05,0.0001812026177682,0.069984020764956,a1,True,True,True,True,1.0,0.0013389545061264,0.0012012767971795,0.4639567648288174,1.2103850459846604e-05,1.208194955268781e-05,0.0046662869377409,1,200,ILN
0.0019525214241356,0.0142409470223302,0.7559793573309537,0.0005544109348088,0.0028296571123059,0.1502120864485843,a1,True,True,True,True,0.0,0.0020183594885759,0.001745628543416,0.0926665299941758,2.1561218906564383e-05,2.151319983666361e-05,0.0011420262262861,2,0,ILN
0.0014468809126228,0.0105529978670552,0.7033966093344665,0.0005283129300677,0.0026964555462902,0.1797288043052458,a1,True,True,True,True,0.005,0.0020030148977655,0.0017323573913456,0.1154680717819604,2.114891614632092e-05,2.11018153174134e-05,0.0014065145783273,2,1,ILN
0.0006168966675124,0.0044994091494721,0.5359267365187438,0.0004268610222785,0.002178655311106,0.2595006571067816,a1,True,True,True,True,0.025,0.0019640321948211,0.0016986422284401,0.2023260734373655,1.890301813869013e-05,1.886091915749288e-05,0.002246532937109,2,5,ILN
0.0006340231316322,0.0046243230506442,0.5911246458494253,0.0003160082801712,0.0016128741721924,0.2061728091648159,a1,True,True,True,True,0.05,0.0018154106173926,0.0015701031504437,0.2007054132223419,1.5658282187348414e-05,1.562340956951829e-05,0.0019971317634167,2,10,ILN
0.0003142904727277,0.0022923149095383,0.4911093087304572,0.0001624385223776,0.0008290697230148,0.1776212582594842,a1,True,True,True,True,0.1,0.0017706088362145,0.0015313552125947,0.3280800542494573,1.4920057893941832e-05,1.4886829378149776e-05,0.0031893787606013,2,20,ILN
0.0002391210978463,0.0017440581415692,0.4760014322764107,8.387517969646676e-05,0.0004280903998689,0.1168376435535943,a1,True,True,True,True,0.2,0.0017093898976817,0.0014784084867486,0.4034983355249911,1.344959297600289e-05,1.3419639338036024e-05,0.0036625886450039,2,40,ILN
0.0002033247241771,0.0014829730365792,0.460306123711166,5.512987548554392e-05,0.0002813772861857,0.0873378576074994,a1,True,True,True,True,0.4,0.0016711432236871,0.0014453298968375,0.4486219141460477,1.205705581563426e-05,1.2030203502297182e-05,0.0037341045352869,2,80,ILN
0.0001986845009682,0.001449129017214,0.4609207679059042,4.984238068643584e-05,0.0002543904496621,0.080913321045511,a1,True,True,True,True,0.5,0.0016518490351066,0.0014286428366291,0.45440478073398,1.1851339914609549e-05,1.1824945751911997e-05,0.0037611303146046,2,100,ILN
0.0001840369594429,0.0013422954325523,0.4640698534960479,3.938957265750065e-05,0.0002010403789373,0.0695053986906965,a1,True,True,True,True,1.0,0.0015468976868008,0.0013378730454647,0.4625409080209709,1.1258858470254811e-05,1.1233783825160352e-05,0.0038838397922844,2,200,ILN
0.0016573503199065,0.0121711628014378,0.7422397368728675,0.0005522681436209,0.0026064734896362,0.1589517968558597,a1,True,True,True,True,0.0,0.0017650971901423,0.0016022779707807,0.0977124699448627,1.800595068412733e-05,1.7972023129230824e-05,0.0010959963264099,3,0,ILN
0.0012702543225009,0.0093284274137414,0.6983819501250101,0.0005309608642664,0.002505912087688,0.1876075883983838,a1,True,True,True,True,0.005,0.0016589333990131,0.0015059071279904,0.1127412274446075,1.6985417490045634e-05,1.6953412865883156e-05,0.0012692340319986,3,1,ILN
0.0006457767991547,0.0047424219620309,0.58280873691907,0.0004474103776202,0.002111588911519,0.2594987279216503,a1,True,True,True,True,0.025,0.0013985155910405,0.001269511240419,0.1560135830292733,1.3687733495842562e-05,1.3661942503867986e-05,0.0016789521300062,3,5,ILN
0.0004634388213896,0.0034033778350238,0.5402543742154406,0.0003555654370548,0.0016781193994607,0.266385746738026,a1,True,True,True,True,0.05,0.001327784417395,0.0012053045768921,0.1913308194073354,1.2806362001048052e-05,1.2782231725594278e-05,0.0020290596391979,3,10,ILN
0.0002558234696166,0.0018787030477105,0.4484125889115833,0.0002262481123634,0.0010677959860024,0.2548636747549057,a1,True,True,True,True,0.1,0.0013561842860302,0.0012310847345749,0.2938377588054647,1.211413407136995e-05,1.2091308120330757e-05,0.0028859775280465,3,20,ILN
0.0001793966449646,0.0013174437206614,0.4143562434826514,0.0001330401285486,0.0006278934827677,0.1974821244707432,a1,True,True,True,True,0.2,0.0013461179763096,0.0012219469792136,0.3843210545553681,1.223415009855107e-05,1.2211098008363653e-05,0.003840577491237,3,40,ILN
0.0001641114742649,0.0012051932816321,0.4368423525865802,7.454085117038542e-05,0.0003518014839615,0.1275162998660962,a1,True,True,True,True,0.4,0.001310955050385,0.0011900276141431,0.4313453041335136,1.187461981021243e-05,1.185224516182237e-05,0.0042960434138097,3,80,ILN
0.0001605574464639,0.0011790933977107,0.4435319050713477,6.266444828378296e-05,0.000295749854633,0.1112503018884225,a1,True,True,True,True,0.5,0.0012908947603181,0.0011718177608606,0.4407950760135269,1.177962818527687e-05,1.1757432524024242e-05,0.0044227170267027,3,100,ILN
0.0001416525552564,0.0010402606440882,0.4494098239298607,4.550827113567226e-05,0.0002147799101657,0.0927884777337317,a1,True,True,True,True,1.0,0.0011548850221495,0.0010483540737072,0.452906319544451,1.135285251805333e-05,1.1331461005114347e-05,0.0048953787919566,3,200,ILN
0.0012289514346515,0.0100920728727244,0.7060070253023333,0.0006234280969973,0.0029854760914213,0.2088537331227774,a1,True,True,True,True,0.0,0.0012781900381532,0.0011959388471235,0.0836638060931178,2.1132069541671135e-05,2.109072837435988e-05,0.0014754354817715,4,0,ILN
0.0009489753174131,0.0077929263823723,0.6580732681110886,0.0005924633485998,0.0028371919244695,0.2395865263423276,a1,True,True,True,True,0.005,0.0012733951756701,0.0011914525327736,0.1006121479365098,2.0503830063500533e-05,2.046371793593512e-05,0.0017280576100739,4,1,ILN
0.0005590353637377,0.0045907636951263,0.5701831161417866,0.000475763965909,0.0022783412429154,0.2829750768698925,a1,True,True,True,True,0.025,0.0012437054849076,0.0011636733657623,0.1445308340670992,1.8643004084354824e-05,1.8606532334651563e-05,0.0023109729212216,4,5,ILN
0.0003423940521908,0.0028117186964978,0.498742859239401,0.00035200948344,0.0016857050585713,0.2990104813093049,a1,True,True,True,True,0.05,0.0012008899334146,0.0011236129836884,0.1993065497132786,1.6607687765953932e-05,1.6575197753689326e-05,0.0029401097380155,4,10,ILN
0.0002306981731017,0.0018944790728916,0.4845262744954648,0.0001861010461165,0.0008912017704133,0.2279310866089759,a1,True,True,True,True,0.1,0.0011869532003236,0.0011105730756873,0.2840368324029146,1.3734437372961652e-05,1.370756836837874e-05,0.0035058064926444,4,20,ILN
0.0001466932685965,0.0012046360131667,0.4270398215931233,0.0001069323759474,0.0005120783829403,0.181530237268671,a1,True,True,True,True,0.2,0.0011645383024806,0.0010896005705945,0.3862601052838101,1.4612168591994467e-05,1.4583582461073845e-05,0.0051698358543956,4,40,ILN
0.0001332044137644,0.0010938663748421,0.4382957621016576,6.234454384741102e-05,0.0002985559136386,0.1196268527013409,a1,True,True,True,True,0.4,0.001165003777784,0.0010900360926851,0.4367610257977651,1.3294187090510624e-05,1.326817935796497e-05,0.0053163593992363,4,80,ILN
0.0001312689756193,0.0010779726769706,0.4419075180573701,5.501678455432081e-05,0.0002634646973803,0.1080055487512619,a1,True,True,True,True,0.5,0.0011594579551716,0.0010848471422916,0.4447256580463163,1.3103729270339233e-05,1.3078094134930546e-05,0.0053612751450516,4,100,ILN
0.0001206907171653,0.0009911046753771,0.4472208253563151,4.081320302951991e-05,0.0001954465036879,0.0881922453438866,a1,True,True,True,True,1.0,0.0010871279289651,0.0010171715341491,0.4589830966724297,1.2443229588192553e-05,1.2418886603929535e-05,0.0056038326273686,4,200,ILN
0.0027571464926765,0.0027571464926765,0.2636009275977097,0.0001485041998209,0.0014850419982099,0.1419795608573841,placenta,True,True,True,True,0.0,0.000997148589535,0.0059828915372103,0.5720028888976931,4.6893547054387575e-05,0.0002344677352719,0.022416622647213,0,0,C0
0.002463967122493,0.002463967122493,0.284721790434086,0.0001434436190058,0.0014344361900588,0.1657551501270667,placenta,True,True,True,True,0.005,0.0007592885469394,0.0045557312816367,0.5264339590423375,3.996236759975877e-05,0.0001998118379987,0.0230891003965098,0,1,C0
0.0016895272578756,0.0016895272578756,0.297969067632448,0.0001245223660713,0.0012452236607139,0.2196106227036152,placenta,True,True,True,True,0.025,0.0004332957365243,0.0025997744191461,0.458502433811999,2.712355582639213e-05,0.0001356177791319,0.0239178758519376,0,5,C0
0.0014632982457333,0.0014632982457333,0.3300314061693781,0.0001044170584079,0.001044170584079,0.2355016054650009,placenta,True,True,True,True,0.05,0.0003006940521747,0.0018041643130486,0.406910133960869,2.4436399660526375e-05,0.0001221819983026,0.027556854404752,0,10,C0
0.0011022505463097,0.0011022505463097,0.3236789336422241,7.551289329616438e-05,0.0007551289329616,0.2217457079987102,placenta,True,True,True,True,0.1,0.0002396151875375,0.0014376911252251,0.4221819910887978,2.206236060449408e-05,0.0001103118030224,0.0323933672702678,0,20,C0
0.0008657645535845,0.0008657645535845,0.3345378186063277,4.657942243479637e-05,0.0004657942243479,0.17998632894777,placenta,True,True,True,True,0.2,0.0001925259641896,0.001155155785138,0.4463607281108141,2.024553654319333e-05,0.0001012276827159,0.039115124335088,0,40,C0
0.0007105732682965,0.0007105732682965,0.3493746767045979,2.395812085017723e-05,0.0002395812085017,0.1177972926922311,placenta,True,True,True,True,0.4,0.0001618496179893,0.0009710977079363,0.4774693376408374,2.251817891205089e-05,0.0001125908945602,0.0553586929623335,0,80,C0
0.000672732653463,0.000672732653463,0.3523681199456099,1.8787424760473e-05,0.0001878742476047,0.0984059493379595,placenta,True,True,True,True,0.5,0.0001522747610263,0.0009136485661581,0.4785565646187987,2.6984047354084658e-05,0.0001349202367704,0.0706693660976317,0,100,C0
0.0006850852052878,0.0006850852052878,0.3484725516093708,1.0782997551527972e-05,0.0001078299755152,0.0548483406410695,placenta,True,True,True,True,1.0,0.0001348083465642,0.0008088500793855,0.4114262705680218,7.284015765634211e-05,0.0003642007882817,0.1852528371815377,0,200,C0
0.0034898452088857,0.0034898452088857,0.2659215700609697,0.0001423263022605,0.0014232630226052,0.1084507520898733,placenta,True,True,True,True,0.0,0.0013257255568253,0.0079543533409522,0.6061111604205162,5.122534800532512e-05,0.0002561267400266,0.0195165174286407,1,0,C0
0.0031116680422764,0.0031116680422764,0.2865487917955401,0.0001375627790297,0.001375627790297,0.1266794773460487,placenta,True,True,True,True,0.005,0.0010256523116147,0.0061539138696887,0.5667045970890429,4.358228730190167e-05,0.0002179114365095,0.0200671337693684,1,1,C0
0.0020218932942366,0.0020218932942366,0.3315603915873624,0.0001198448796792,0.0011984487967928,0.1965277561851027,placenta,True,True,True,True,0.025,0.0004575531890207,0.0027453191341246,0.4501914565606653,2.6490692773499508e-05,0.0001324534638674,0.0217203956668694,1,5,C0
0.0015001530474118,0.0015001530474118,0.3179880166441913,0.0001010788514383,0.0010107885143834,0.2142572289474327,placenta,True,True,True,True,0.05,0.0003486495254972,0.0020918971529835,0.4434202415870227,2.29602951403566e-05,0.0001148014757017,0.0243345128213532,1,10,C0
0.001248584389018,0.001248584389018,0.3435718540840128,7.411825929004789e-05,0.0007411825929004,0.2039505538411297,placenta,True,True,True,True,0.1,0.0002565183596912,0.0015391101581477,0.4235155711743762,2.105034317619744e-05,0.0001052517158809,0.0289620209004812,1,20,C0
0.0009537415142479,0.0009537415142479,0.3426568872524722,4.630725885681964e-05,0.0004630725885681,0.1663710862956801,placenta,True,True,True,True,0.2,0.0002110201663339,0.0012661209980037,0.4548874863678773,2.0087338198032543e-05,0.0001004366909901,0.0360845400839702,1,40,C0
0.0007947015205948,0.0007947015205948,0.3620345930191248,2.392286406811479e-05,0.0002392286406811,0.1089831104169688,placenta,True,True,True,True,0.4,0.0001735479655025,0.001041287793015,0.4743695495609705,2.397606964857102e-05,0.0001198803482428,0.0546127470029357,1,80,C0
0.0007544408494688,0.0007544408494688,0.3647542353393983,1.877194766656217e-05,0.0001877194766656,0.0907579092750382,placenta,True,True,True,True,0.5,0.0001634802426206,0.0009808814557238,0.4742328912770396,2.906242596586869e-05,0.0001453121298293,0.0702549641085238,1,100,C0
0.0007058247429383,0.0007058247429383,0.345088287470553,1.0835686177448007e-05,0.0001083568617744,0.0529772925071638,placenta,True,True,True,True,1.0,0.000142137753267,0.0008528265196024,0.4169596576253604,7.566745604487178e-05,0.0003783372802243,0.1849747623969229,1,200,C0
0.0030975580491377,0.0030975580491377,0.2789414305695465,0.0001513651299557,0.0015136512995578,0.1363073918823444,placenta,True,True,True,True,0.0,0.00104536524268,0.0062721914560805,0.5648236545727332,4.425779208611568e-05,0.0002212889604305,0.0199275229753758,2,0,C0
0.0027316139964252,0.0027316139964252,0.2965439684449061,0.0001457336527646,0.0014573365276469,0.1582084283627585,placenta,True,True,True,True,0.005,0.0008064767080446,0.004838860248268,0.525306585282379,3.673732695455148e-05,0.0001836866347727,0.0199410179099563,2,1,C0
0.0017104955847448,0.0017104955847448,0.2928454230784288,0.0001251373582832,0.0012513735828327,0.2142414336301778,placenta,True,True,True,True,0.025,0.0004581765480842,0.0027490592885057,0.4706527380660936,2.6004384464844134e-05,0.0001300219223242,0.0222604052252996,2,5,C0
0.0013462630142963,0.0013462630142963,0.3028729173885435,0.0001038740124134,0.0010387401241347,0.2336885500562257,placenta,True,True,True,True,0.05,0.0003241593383533,0.0019449560301201,0.4375627204932324,2.300347554632089e-05,0.0001150173777316,0.0258758120619983,2,10,C0
0.0011003026750888,0.0011003026750888,0.320018859045529,7.449512868968941e-05,0.0007449512868968,0.2166662558172846,placenta,True,True,True,True,0.1,0.000248322327368,0.0014899339642083,0.4333416414175615,2.061106045072245e-05,0.0001030553022536,0.0299732437196248,2,20,C0
0.0008533587771915,0.0008533587771915,0.3277997433101212,4.641705034079206e-05,0.0004641705034079,0.1783012912458669,placenta,True,True,True,True,0.2,0.0001978267193359,0.0011869603160158,0.4559457256533894,1.976068069555618e-05,9.88034034777809e-05,0.0379532397906223,2,40,C0
0.0007010425535999,0.0007010425535999,0.3455863342746061,2.394754684695949e-05,0.0002394754684695,0.1180519625693441,placenta,True,True,True,True,0.4,0.0001624291720402,0.0009745750322414,0.4804270598672676,2.269335403448717e-05,0.0001134667701724,0.055934643288782,2,80,C0
0.000662818304438,0.000662818304438,0.3491858175145852,1.8781930329420237e-05,0.0001878193032942,0.0989469308959571,placenta,True,True,True,True,0.5,0.0001519947816798,0.0009119686900792,0.4804431779581506,2.711518109029896e-05,0.0001355759054514,0.0714240736313069,2,100,C0
0.0006368889885117,0.0006368889885117,0.3408058348063816,1.0935730439727552e-05,0.0001093573043972,0.058518216030679,placenta,True,True,True,True,1.0,0.0001285936880283,0.0007715621281698,0.412870814127907,7.019306025539186e-05,0.0003509653012769,0.1878051350350322,2,200,C0
0.0028914858636824,0.0028914858636824,0.2592985732506947,0.0001417820125859,0.0014178201258597,0.1271452647855392,placenta,True,True,True,True,0.0,0.0010997528356723,0.0065985170140341,0.5917324614309107,4.867201604150784e-05,0.0002433600802075,0.0218237005328552,3,0,C0
0.0025617762195813,0.0025617762195813,0.2733293899285811,0.000137236755652,0.0013723675565202,0.1464251186790825,placenta,True,True,True,True,0.005,0.0008714654954806,0.0052287929728839,0.5578874463807812,4.191009831902528e-05,0.0002095504915951,0.022358045011555,3,1,C0
0.0017305451066907,0.0017305451066907,0.3087436325976886,0.0001201848514599,0.0012018485145992,0.2144197656535331,placenta,True,True,True,True,0.025,0.0004238894076679,0.0025433364460075,0.4537523640513669,2.587798443182608e-05,0.0001293899221591,0.0230842376974113,3,5,C0
0.0015211158078517,0.0015211158078517,0.3314284217923348,0.0001017986201057,0.001017986201057,0.2218039930169314,placenta,True,True,True,True,0.05,0.0003218789280307,0.0019312735681844,0.4207956734448635,2.38400106443063e-05,0.0001192000532215,0.0259719117458702,3,10,C0
0.00115372349423,0.00115372349423,0.3242942340182156,7.472116639952338e-05,0.0007472116639952,0.2100299035571961,placenta,True,True,True,True,0.1,0.0002583372826608,0.0015500236959653,0.4356882300716567,2.133706514187793e-05,0.0001066853257093,0.0299876323529313,3,20,C0
0.0009092294530411,0.0009092294530411,0.3390772107352442,4.641032922508868e-05,0.0004641032922508,0.173077158139921,placenta,True,True,True,True,0.2,0.0002007512241837,0.0012045073451027,0.4491946334574741,2.072839126663004e-05,0.0001036419563331,0.0386509976673606,3,40,C0
0.0007341101130038,0.0007341101130038,0.3518222234366071,2.388974484631359e-05,0.0002388974484631,0.1144915864838347,placenta,True,True,True,True,0.4,0.0001644381396084,0.0009866288376508,0.4728418056368794,2.539150455167876e-05,0.0001269575227583,0.0608443844426786,3,80,C0
0.0006943663658078,0.0006943663658078,0.3532458937007134,1.862911105337458e-05,0.0001862911105337,0.0947721160895085,placenta,True,True,True,True,0.5,0.0001549805229111,0.000929883137467,0.4730606436410949,3.102673213123745e-05,0.0001551336606561,0.078921346568683,3,100,C0
0.0006978401714142,0.0006978401714142,0.3401223081017273,1.0531347852668182e-05,0.0001053134785266,0.0513290361575532,placenta,True,True,True,True,1.0,0.000143418003477,0.0008605080208625,0.4194054544075165,7.761427045281054e-05,0.000388071352264,0.189143201333203,3,200,C0
0.0028485780095407,0.0028485780095407,0.270215477383903,0.0001527678655065,0.0015276786550651,0.1449152579585394,placenta,True,True,True,True,0.0,0.0009907294378525,0.0059443766271153,0.5638822467440985,4.424850737116159e-05,0.0002212425368558,0.020987017913459,4,0,C0
0.0025790786726948,0.0025790786726948,0.2827617902330217,0.0001473223129444,0.0014732231294449,0.1615193882625078,placenta,True,True,True,True,0.005,0.0008121179019595,0.0048727074117574,0.5342277789419337,3.92040872858655e-05,0.0001960204364293,0.0214910425625367,4,1,C0
0.0017302721263938,0.0017302721263938,0.2946664480867348,0.0001272310195119,0.0012723101951199,0.2166752387336231,placenta,True,True,True,True,0.025,0.0004552846726118,0.0027317080356708,0.4652116229594098,2.7535645681871688e-05,0.0001376782284093,0.0234466902202321,4,5,C0
0.0013517877054895,0.0013517877054895,0.3052216126464328,0.0001061686169043,0.0010616861690435,0.2397192719862274,placenta,True,True,True,True,0.05,0.0003153520162008,0.0018921120972049,0.427222043277576,2.465737041456362e-05,0.0001232868520728,0.0278370720897638,4,10,C0
0.001143730881319,0.001143730881319,0.333059523737042,7.637392598765093e-05,0.0007637392598765,0.2224042721137206,placenta,True,True,True,True,0.1,0.0002353043462705,0.0014118260776234,0.4111300382748102,2.2943444528080887e-05,0.0001147172226404,0.033406165874427,4,20,C0
0.0008487671914992,0.0008487671914992,0.32300151478557,4.680145097650626e-05,0.000468014509765,0.1781046641644011,placenta,True,True,True,True,0.2,0.0002004691817464,0.0012028150904789,0.4577357609044329,2.163061751616063e-05,0.0001081530875808,0.0411580601455958,4,40,C0
0.0007186118703692,0.0007186118703692,0.3465917343528045,2.395313853258872e-05,0.0002395313853258,0.1155277301909402,placenta,True,True,True,True,0.4,0.0001650753941253,0.0009904523647519,0.4777023829522767,2.4954279309056927e-05,0.0001247713965452,0.0601781525039784,4,80,C0
0.0006782156684883,0.0006782156684883,0.3480152695081073,1.889529451045288e-05,0.0001889529451045,0.0969581110702952,placenta,True,True,True,True,0.5,0.0001552270676413,0.0009313624058478,0.4779133743744624,3.0055813995096285e-05,0.0001502790699754,0.077113245047135,4,100,C0
0.0006950708703805,0.0006950708703805,0.3399259229582462,1.1014850060719293e-05,0.0001101485006071,0.0538683641149646,placenta,True,True,True,True,1.0,0.0001416775606448,0.0008500653638693,0.4157263175622507,7.789737127042287e-05,0.0003894868563521,0.1904793953645385,4,200,C0
0.002757146494095,0.002757146494095,0.2561928398250487,0.0001485042001028,0.0014850420010285,0.1379894497146949,placenta,True,True,True,True,0.0,0.0009971485944727,0.0059828915668364,0.55592765352,4.6893547166659705e-05,0.0005369166276347,0.0498900569402563,0,0,C1
0.0024668677901247,0.0024668677901247,0.2772239454761019,0.0001435303947695,0.0014353039476956,0.1612979118420757,placenta,True,True,True,True,0.005,0.0007572620895958,0.0045435725375751,0.510601788415959,3.954006224275576e-05,0.0004527214970622,0.0508763542658633,0,1,C1
0.0016912941967946,0.0016912941967946,0.2879508707798907,0.0001248688565278,0.0012486885652783,0.2125951596039522,placenta,True,True,True,True,0.025,0.0004389621584279,0.0026337729505675,0.4484123554552126,2.6183722785305728e-05,0.0002997955366192,0.0510416141609444,0,5,C1
0.001456590000807,0.001456590000807,0.3175600425129282,0.0001049693815167,0.0010496938151675,0.2288501310495535,placenta,True,True,True,True,0.05,0.0003026013484058,0.001815608090435,0.3958317591538748,2.31382418815308e-05,0.0002649257211504,0.0577580672836432,0,10,C1
0.0010969361798837,0.0010969361798837,0.3092642265226211,7.623144277052215e-05,0.0007623144277052,0.2149227878291608,placenta,True,True,True,True,0.1,0.0002420998332435,0.0014525989994611,0.4095378694351176,2.0530919662317486e-05,0.0002350726872538,0.0662751162131003,0,20,C1
0.0008842598235745,0.0008842598235745,0.3217782320181604,4.731905834575503e-05,0.0004731905834575,0.1721919568132082,placenta,True,True,True,True,0.2,0.0001929054556022,0.0011574327336135,0.4211846436679134,2.0363694594068587e-05,0.0002331580118853,0.0848451675007178,0,40,C1
0.0007841294566507,0.0007841294566507,0.3313719415469846,2.490105443879605e-05,0.0002490105443879,0.1052314855151029,placenta,True,True,True,True,0.4,0.0001567274147506,0.0009403644885039,0.3973966335206615,3.43072729372519e-05,0.0003928076761467,0.1659999394172508,0,80,C1
0.0008207820090049,0.0008207820090049,0.3298356195665794,1.9802265851996675e-05,0.0001980226585199,0.0795764594552135,placenta,True,True,True,True,0.5,0.0001535842689455,0.0009215056136731,0.3703119362818839,4.787443451847407e-05,0.0005481474847749,0.220275984696323,0,100,C1
0.0013957673632932,0.0013957673632932,0.3487823763751009,1.1646465876383734e-05,0.0001164646587638,0.0291028587683294,placenta,True,True,True,True,1.0,0.000235514488112,0.0014130869286722,0.3531102889839884,9.40208654567156e-05,0.0010765098624104,0.2690044758725812,0,200,C1
0.0034898452016496,0.0034898452016496,0.2593913653525235,0.0001423263023628,0.001423263023628,0.1057875400261703,placenta,True,True,True,True,0.0,0.001325725559327,0.007954353355962,0.5912269623088483,5.122534804975668e-05,0.0005865144094675,0.0435941323124578,1,0,C1
0.0031150218109191,0.0031150218109191,0.2797985628096451,0.0001376600449747,0.0013766004497474,0.1236494800942601,placenta,True,True,True,True,0.005,0.0010246058721865,0.0061476352331192,0.552195010922612,4.313039969594622e-05,0.0004938297516923,0.0443569461734825,1,1,C1
0.0020292194101693,0.0020292194101693,0.3233002468636031,0.0001202442894272,0.0012024428942722,0.1915761709204051,placenta,True,True,True,True,0.025,0.0004584102925543,0.0027504617553258,0.4382103581453142,2.5717247451544116e-05,0.0002944545381618,0.0469132240706774,1,5,C1
0.0014991663791515,0.0014991663791515,0.307944698160128,0.0001016998114687,0.0010169981146877,0.2089022151324982,placenta,True,True,True,True,0.05,0.0003496437704223,0.0020978626225342,0.4309232657974436,2.220761250621988e-05,0.0002542703023143,0.0522298209099301,1,10,C1
0.0012442983673233,0.0012442983673233,0.3292228604580035,7.491090188938971e-05,0.0007491090188938,0.1982031162876678,placenta,True,True,True,True,0.1,0.0002592910290228,0.0015557461741373,0.4116273227119046,2.011828601924276e-05,0.0002303481595208,0.060946700542424,1,20,C1
0.0009752311509734,0.0009752311509734,0.3280049220772623,4.715521510690985e-05,0.000471552151069,0.158599760079852,placenta,True,True,True,True,0.2,0.0002138177801722,0.0012829066810334,0.4314871459189398,2.1269665945442585e-05,0.0002435311039652,0.0819081719239459,1,40,C1
0.0009061122420837,0.0009061122420837,0.3415242307788033,2.498472586830928e-05,0.000249847258683,0.0941703343922467,placenta,True,True,True,True,0.4,0.0001763612475206,0.0010581674851236,0.398835618378728,3.834294732099966e-05,0.0004390149010481,0.1654698164502218,1,80,C1
0.0009530540162003,0.0009530540162003,0.337101621778859,1.9917411151660263e-05,0.0001991741115166,0.0704492241439671,placenta,True,True,True,True,0.5,0.0001769037941477,0.0010614227648865,0.3754323777604327,5.358660135190939e-05,0.0006135500302849,0.217016776316741,1,100,C1
0.001379559223353,0.001379559223353,0.3438175288692495,1.1799327455833796e-05,0.0001179932745583,0.0294066071213937,placenta,True,True,True,True,1.0,0.0002348237987622,0.0014089427925736,0.3511405824850347,9.659471666480942e-05,0.0011059796635703,0.2756352815243221,1,200,C1
0.003097558044909,0.003097558044909,0.2719508591978767,0.0001513651296667,0.0015136512966679,0.1328913824008429,placenta,True,True,True,True,0.0,0.0010453652424841,0.0062721914549048,0.5506685687515597,4.425779216393339e-05,0.000506738047151,0.0444891896497208,2,0,C1
0.0027335272478688,0.0027335272478688,0.2896803198800812,0.0001458331292986,0.0014583312929861,0.1545438684661739,placenta,True,True,True,True,0.005,0.0008047399578,0.0048284397468003,0.5116846636393674,3.633808649523589e-05,0.0004160598639804,0.0440911480143773,2,1,C1
0.0017112074949153,0.0017112074949153,0.2841809545798648,0.0001255191189196,0.0012551911891966,0.20845013324569,placenta,True,True,True,True,0.025,0.0004608510072978,0.002765106043787,0.459202333657857,2.533143157643016e-05,0.0002900370655868,0.048166578516588,2,5,C1
0.0013342541385496,0.0013342541385496,0.2914092979923139,0.0001044567552089,0.0010445675520891,0.2281399684401387,placenta,True,True,True,True,0.05,0.0003247508851986,0.0019485053111918,0.4255655264340829,2.1948088009237248e-05,0.0002512988270021,0.0548852071334645,2,10,C1
0.0010915351381545,0.0010915351381545,0.3057910929893639,7.519681434147882e-05,0.0007519681434147,0.2106621696638698,placenta,True,True,True,True,0.1,0.0002500086325006,0.0015000517950036,0.4202361077540296,1.9737664091296983e-05,0.0002259901560362,0.0633106295927366,2,20,C1
0.0008724801817472,0.0008724801817472,0.3145651976826746,4.713583908047014e-05,0.0004713583908047,0.1699441987162763,placenta,True,True,True,True,0.2,0.000198935859563,0.0011936151573781,0.4303476408893976,2.062528167679877e-05,0.0002361531031671,0.0851429627116515,2,40,C1
0.000813550531915,0.000813550531915,0.331998649104622,2.487565163441102e-05,0.0002487565163441,0.1015140721349127,placenta,True,True,True,True,0.4,0.0001639091159352,0.0009834546956117,0.4013341735886282,3.534607478333122e-05,0.000404701636354,0.1651531051718368,2,80,C1
0.0008630867353534,0.0008630867353534,0.3322787352687253,1.9788393583534305e-05,0.0001978839358353,0.0761831009978845,placenta,True,True,True,True,0.5,0.0001625507350887,0.0009753044105323,0.3754812845096045,4.901468586722882e-05,0.0005612030104457,0.2160568792237855,2,100,C1
0.0013734568785932,0.0013734568785932,0.3516113019631504,1.1922784483576897e-05,0.0001192278448357,0.0305228787349363,placenta,True,True,True,True,1.0,0.0002276569503356,0.0013659417020138,0.3496873820623837,9.149182480696202e-05,0.0010475531282996,0.2681784372395296,2,200,C1
0.0028914858648065,0.0028914858648065,0.2521988661975856,0.0001417820127137,0.0014178201271378,0.1236639725230679,placenta,True,True,True,True,0.0,0.0010997528354919,0.0065985170129517,0.575530570460962,4.867201618975009e-05,0.0005572795485039,0.0486065908183843,3,0,C1
0.0025655225284666,0.0025655225284666,0.2663521550961593,0.0001373197831583,0.0013731978315839,0.1425651880883561,placenta,True,True,True,True,0.005,0.0008697282606921,0.0052183695641528,0.5417703271274871,4.148407108378708e-05,0.0004749797977045,0.0493123296879973,3,1,C1
0.0017345099098822,0.0017345099098822,0.2991873872615695,0.0001205440272485,0.0012054402724856,0.2079276247256161,placenta,True,True,True,True,0.025,0.0004278949676162,0.0025673698056975,0.4428482419872848,2.533546005754288e-05,0.000290083190451,0.0500367460255296,3,5,C1
0.0015177288965156,0.0015177288965156,0.3203950899076502,0.0001024067954676,0.0010240679546766,0.2161824454706152,placenta,True,True,True,True,0.05,0.0003218310120433,0.0019309860722598,0.4076343658294062,2.3081080936512305e-05,0.0002642712459894,0.0557880987923283,3,10,C1
0.0011539094872413,0.0011539094872413,0.3121472909014542,7.556923178149411e-05,0.0007556923178149,0.20442444781775,placenta,True,True,True,True,0.1,0.0002587170366886,0.0015523022201321,0.4199176261501771,2.05052402194244e-05,0.0002347786655661,0.0635106351306185,3,20,C1
0.0009363499526782,0.0009363499526782,0.3260589376601969,4.732651211734364e-05,0.0004732651211734,0.1648019762269974,placenta,True,True,True,True,0.2,0.0002008440112993,0.001205064067796,0.4196314728634954,2.2449583696747675e-05,0.0002570407976906,0.0895076132493103,3,40,C1
0.0008683969352248,0.0008683969352248,0.3355429924872877,2.5043764529639457e-05,0.0002504376452963,0.0967674959751761,placenta,True,True,True,True,0.4,0.0001669506082146,0.0010017036492879,0.3870518497172239,4.083049483980342e-05,0.0004674965516285,0.1806376618203122,3,80,C1
0.0009416297183249,0.0009416297183249,0.3352709363807828,1.988231914631868e-05,0.0001988231914631,0.0707917733253533,placenta,True,True,True,True,0.5,0.0001699010804513,0.0010194064827078,0.3629636569012109,5.665691026792045e-05,0.0006487041188234,0.2309736333926528,3,100,C1
0.0014961838056099,0.0014961838056099,0.3571568918086948,1.1540354062422764e-05,0.0001154035406242,0.0275481994381466,placenta,True,True,True,True,1.0,0.0002475466389526,0.0014852798337156,0.3545539838668093,9.539845651749791e-05,0.0010922828544595,0.260740924886349,3,200,C1
0.0028485780091312,0.0028485780091312,0.263093033952255,0.0001527678653616,0.0015276786536165,0.1410955257660855,placenta,True,True,True,True,0.0,0.0009907294399992,0.0059443766399953,0.5490192229800483,4.424850732349579e-05,0.0005066317385965,0.0467922173016111,4,0,C1
0.0025823007866763,0.0025823007866763,0.2757928663778061,0.000147423607725,0.0014742360772501,0.1574502070247662,placenta,True,True,True,True,0.005,0.0008104475502801,0.004862685301681,0.519340707543981,3.87754593304343e-05,0.0004439670299346,0.0474162190534466,4,1,C1
0.0017358254311871,0.0017358254311871,0.2864704757239401,0.0001276212407227,0.0012762124072271,0.2106186306840235,placenta,True,True,True,True,0.025,0.0004575517923464,0.0027453107540786,0.4530700285875391,2.637654939871113e-05,0.0003020033417703,0.049840865004497,4,5,C1
0.0013481295808153,0.0013481295808153,0.2940091471552347,0.0001067842498423,0.0010678424984231,0.232882259038937,placenta,True,True,True,True,0.05,0.0003171033910161,0.0019026203460968,0.4149362147945776,2.329667024321437e-05,0.0002667396769463,0.0581723790112504,4,10,C1
0.0011440724323221,0.0011440724323221,0.3196936761057533,7.716492278331595e-05,0.0007716492278331,0.2156256643728749,placenta,True,True,True,True,0.1,0.0002357555963072,0.0014145335778435,0.3952699380737317,2.1694630885754255e-05,0.0002483968212419,0.06941072144764,4,20,C1
0.0008675657350654,0.0008675657350654,0.309386540810138,4.762661538323692e-05,0.0004762661538323,0.1698434272857001,placenta,True,True,True,True,0.2,0.0002009695673937,0.0012058174043625,0.4300119985216601,2.2227585144563407e-05,0.0002544989828529,0.0907580333825017,4,40,C1
0.0008309114589701,0.0008309114589701,0.3278731037722427,2.498313485951437e-05,0.0002498313485951,0.0985820797140263,placenta,True,True,True,True,0.4,0.0001681382258779,0.0010088293552679,0.3980785296886045,3.8837286043406864e-05,0.0004446749266973,0.1754662868251264,4,80,C1
0.0009053411305632,0.0009053411305632,0.3276122230802779,2.0000160072260868e-05,0.0002000016007226,0.0723737901884406,placenta,True,True,True,True,0.5,0.0001731936819848,0.001039162091909,0.3760374863995008,5.405810786767803e-05,0.0006189486342219,0.2239765003317806,4,100,C1
0.0014428144518891,0.0014428144518891,0.3589411028982215,1.18729680511227e-05,0.0001187296805112,0.0295373825883518,placenta,True,True,True,True,1.0,0.0002384109919279,0.0014304659515678,0.3558690624714893,8.975186565872687e-05,0.0010276311336002,0.2556524520419374,4,200,C1
0.0027571464935081,0.0001359422241495,0.2500000019487574,0.0001485042000659,0.0001359422230908,0.2500000000017231,placenta,True,True,True,True,0.0,0.0009971485939327,0.0001359422238521,0.2500000014016894,4.689354719210187e-05,0.0001359422212671,0.2499999966478301,0,0,IGE
0.0024921047988091,0.0001228742360849,0.2616418767782024,0.0001431398328623,0.0001310316279506,0.2790117940641234,placenta,True,True,True,True,0.005,0.0007724564692575,0.0001053097310659,0.2242409520255917,3.808683292292677e-05,0.0001104119645153,0.2351053771320825,0,1,IGE
0.001684987644321,8.307899800497397e-05,0.2464327394567556,0.0001229882967462,0.0001125847111826,0.3339539409951369,placenta,True,True,True,True,0.025,0.0005299390201512,7.2247094709561e-05,0.2143026504243931,2.3876083393579304e-05,6.921565985156821e-05,0.2053106691237143,0,5,IGE
0.0012801324648381,6.311744946666586e-05,0.2377143300819649,0.0001017786761038,9.316921330610774e-05,0.3508959457720469,placenta,True,True,True,True,0.05,0.0003833653756723,5.226456922659867e-05,0.1968399731881573,1.965082628107832e-05,5.696683519036212e-05,0.2145497509578308,0,10,IGE
0.0010189253520407,5.023852701514438e-05,0.229552792730336,7.205526046240185e-05,6.596010273309633e-05,0.3013887287459242,placenta,True,True,True,True,0.1,0.0003508191465312,4.782751060326762e-05,0.2185362366418554,1.8912952412723023e-05,5.482777302327423e-05,0.2505222418818842,0,20,IGE
0.0012650107849882,6.2371868919345e-05,0.2623539283874051,4.38966653898437e-05,4.018344448654471e-05,0.1690230660045601,placenta,True,True,True,True,0.2,0.0003720737738404,5.0725174322747e-05,0.2133645982120165,2.9134278950557148e-05,8.445892521906472e-05,0.3552584073960181,0,40,IGE
0.0026030060331167,0.000128342266343,0.3419255174811666,2.4721597039039507e-05,2.2630396031558545e-05,0.0602912048725243,placenta,True,True,True,True,0.4,0.0006698044042719,9.131507662619324e-05,0.2432788177963193,4.590062699788508e-05,0.0001330637916147,0.3545044598499895,0,80,IGE
0.002717321760707,0.0001339786495749,0.3688221197140241,2.0106574820081037e-05,1.840575875005344e-05,0.0506681548043271,placenta,True,True,True,True,0.5,0.0006544311105048,8.92192207473926e-05,0.2456064620719426,4.19659191519084e-05,0.0001216572558193,0.3349032634097061,0,100,IGE
0.0023571617836513,0.0001162208160881,0.4044081942824267,1.1406479104685375e-05,1.0441604523247116e-05,0.0363331679538057,placenta,True,True,True,True,1.0,0.0005579708552649,7.606870166684227e-05,0.2646927402331682,2.920150021530166e-05,8.465379655196513e-05,0.2945658975305992,0,200,IGE
0.0034898452054932,0.0001449877237001,0.250000001320575,0.0001423263021488,0.0001449877230067,0.250000000125054,placenta,True,True,True,True,0.0,0.0013257255611713,0.0001449877240099,0.2500000018548224,5.122534810605495e-05,0.0001449877210201,0.2499999966995484,1,0,IGE
0.0031333816034595,0.0001301782283794,0.2579752441100211,0.000137077759457,0.0001396410355533,0.2767277653346545,placenta,True,True,True,True,0.005,0.0010538757126897,0.0001152569170026,0.2284055611240833,4.223411208736817e-05,0.000119539015102,0.2368914294312409,1,1,IGE
0.0020494899764554,8.514729706773023e-05,0.2606268022825855,0.0001175261831274,0.0001197238558724,0.3664619640027845,placenta,True,True,True,True,0.025,0.0005043835681196,5.516181305660948e-05,0.1688444312403484,2.355471452381895e-05,6.666903211704131e-05,0.2040668024742814,1,5,IGE
0.0014161864493509,5.883632010473613e-05,0.2270743203902086,9.705229217704904e-05,9.88671148121288e-05,0.3815701400927301,placenta,True,True,True,True,0.05,0.0004073948231509,4.455465739826022e-05,0.1719553250597349,2.008483284506185e-05,5.684791317079122e-05,0.2194002144573263,1,10,IGE
0.0011115338252145,4.617934310664904e-05,0.2179908921791934,6.883261278307299e-05,7.011974347219177e-05,0.331002227631913,placenta,True,True,True,True,0.1,0.0003750058635073,4.101244498316744e-05,0.1936004037927403,1.926560121957865e-05,5.452916804248983e-05,0.2574064763961532,1,20,IGE
0.0014220939601882,5.908175120514143e-05,0.24880974223342,4.196799436129167e-05,4.2752771973517744e-05,0.1800438537706961,placenta,True,True,True,True,0.2,0.0004471646279439,4.890407454019194e-05,0.2059487055192475,3.063851450902843e-05,8.671894986268238e-05,0.3651976984766363,1,40,IGE
0.0028399967915001,0.0001179893794335,0.3472211041355377,2.3275381093892988e-05,2.371061747524755e-05,0.0697759986450914,placenta,True,True,True,True,0.4,0.0007213206063793,7.888709101152435e-05,0.2321502407637261,4.212260942658602e-05,0.0001192234190686,0.3508526564556447,1,80,IGE
0.0029426924548913,0.0001222559327023,0.372547054550371,1.8913345856751024e-05,1.9267014661433218e-05,0.0587118302027403,placenta,True,True,True,True,0.5,0.0007151457372761,7.821177762575148e-05,0.2383325433913397,3.830838203593523e-05,0.0001084276674091,0.3304085718555488,1,100,IGE
0.0025462311275945,0.0001057847077639,0.4040243122896874,1.0921256140037184e-05,1.1125477414999824e-05,0.0424916177064242,placenta,True,True,True,True,1.0,0.000618089259037,6.759721433115368e-05,0.2581745377961068,2.7317852229236985e-05,7.732018003435801e-05,0.2953095322077816,1,200,IGE
0.0030975580502265,0.0001312298480082,0.2500000022960225,0.0001513651296723,0.0001312298469429,0.2500000002665581,placenta,True,True,True,True,0.0,0.0010453652432795,0.0001312298474365,0.250000001206777,4.425779211704125e-05,0.0001312298448244,0.2499999962306424,2,0,IGE
0.0027522659200458,0.0001166013461279,0.259683289075316,0.000145451125699,0.0001261025508614,0.2808434572663354,placenta,True,True,True,True,0.005,0.0008190883158305,0.0001028241903148,0.2290001344251239,3.490092760985556e-05,0.0001034855806263,0.2304731192332245,2,1,IGE
0.001731619548989,7.336106911874845e-05,0.2326873959715154,0.0001236529907681,0.0001072041036641,0.3400310821356583,placenta,True,True,True,True,0.025,0.0005253326057374,6.594758927326983e-05,0.2091732441052243,2.319113853502732e-05,6.87646031506845e-05,0.2181082777876018,2,5,IGE
0.0012155017791494,5.149543968027251e-05,0.2101357966353281,0.0001013062308602,8.78300120968255e-05,0.3584051262606729,placenta,True,True,True,True,0.05,0.0003969783939827,4.983465292429417e-05,0.2033586771432771,1.8851760160807072e-05,5.589780787139157e-05,0.2281003999607218,2,10,IGE
0.0010576894020438,4.480962655729044e-05,0.2159884169585298,7.129742771148746e-05,6.181311736895581e-05,0.2979475258675281,placenta,True,True,True,True,0.1,0.000342467001046,4.29915692990879e-05,0.2072251368486838,1.950973564718754e-05,5.7848786825507776e-05,0.2788389203252582,2,20,IGE
0.0014972900396397,6.34335631940365e-05,0.2565348315329269,4.4407252081628985e-05,3.849999604561151e-05,0.1556997510823704,placenta,True,True,True,True,0.2,0.0004218618274433,5.295839287807445e-05,0.2141716736560149,3.1155124474084423e-05,9.237880957568388e-05,0.3735937437286878,2,40,IGE
0.0029510022492427,0.0001250209262783,0.349609489917094,2.522904493943876e-05,2.1872961844553667e-05,0.0611657205004727,placenta,True,True,True,True,0.4,0.000692789419508,8.696926783451841e-05,0.2432015365043699,4.173129996028955e-05,0.0001237384821101,0.3460232530780633,2,80,IGE
0.0030188322272351,0.0001278945827386,0.3718905727030627,2.0490723380984798e-05,1.776495351906708e-05,0.0516567519653901,placenta,True,True,True,True,0.5,0.0006907279109083,8.671047650701633e-05,0.2521358456083907,3.76152190588028e-05,0.0001115337915427,0.3243168297231565,2,100,IGE
0.0026176414446142,0.000110897901943,0.4020679495740569,1.179018313771176e-05,1.0221798983295412e-05,0.0370598332895663,placenta,True,True,True,True,1.0,0.0006031439599935,7.5715631795731e-05,0.2745122161323651,2.663749365380473e-05,7.898347367750745e-05,0.2863600010040116,2,200,IGE
0.0028914858602148,0.0001386294139482,0.2500000014087984,0.0001417820126949,0.0001386294132145,0.2500000000857958,placenta,True,True,True,True,0.0,0.0010997528354675,0.0001386294141849,0.2500000018356433,4.867201610792828e-05,0.0001386294113203,0.2499999966697624,3,0,IGE
0.0025972289535553,0.0001245215592007,0.2569072570961181,0.0001368324209574,0.0001337898783174,0.2760292345068307,placenta,True,True,True,True,0.005,0.0008855094211259,0.0001116229468539,0.2302954226506484,4.02916727278076e-05,0.0001147602116785,0.2367680857464028,3,1,IGE
0.0017606934518959,8.441469651892712e-05,0.2559947881929278,0.0001183323090871,0.0001157011264071,0.3508735631318874,placenta,True,True,True,True,0.025,0.0004859872487446,6.126115379931879e-05,0.1857796892961015,2.40059579228661e-05,6.837464484003024e-05,0.2073519593790831,3,5,IGE
0.0013597526774783,6.519198983021669e-05,0.2443314308147932,9.874688561996e-05,9.65511953883629e-05,0.3618618142743529,placenta,True,True,True,True,0.05,0.0003662591037845,4.616881481005877e-05,0.1730349481729783,2.068152063623392e-05,5.89058613198394e-05,0.2207718067378755,3,10,IGE
0.0010809210957823,5.182368694738638e-05,0.2354222358241857,7.075054056016809e-05,6.917736415249843e-05,0.3142557138734492,placenta,True,True,True,True,0.1,0.0003296742552345,4.155710938048088e-05,0.1887837045379586,2.0213436609900186e-05,5.757264732526786e-05,0.2615383457644063,3,20,IGE
0.0014419145821163,6.913116063701897e-05,0.2778619010032537,4.3378293851305936e-05,4.2413754104308494e-05,0.170475459047868,placenta,True,True,True,True,0.2,0.0003675541361784,4.63320602015132e-05,0.186224478315728,3.1921456590581595e-05,9.091985681931386e-05,0.36543816163315,3,40,IGE
0.0026863278538599,0.0001287933173658,0.347080837400129,2.431939514432361e-05,2.3778640283838693e-05,0.0640802686874679,placenta,True,True,True,True,0.4,0.0007150681484767,9.01379613024429e-05,0.2429098009917275,4.506856582269677e-05,0.000128365932802,0.3459290929206754,3,80,IGE
0.0027766855468087,0.0001331254270923,0.3713519480320677,1.976287310789489e-05,1.932343497109833e-05,0.0539025141621544,placenta,True,True,True,True,0.5,0.0007116676213365,8.970930763575741e-05,0.2502431494475969,4.084295559900306e-05,0.0001163303956572,0.3245023883581808,3,100,IGE
0.0024071477794118,0.0001154083063445,0.4018584145062742,1.1076028827401245e-05,1.0829747355853778e-05,0.0377098082432108,placenta,True,True,True,True,1.0,0.0006227481851817,7.850056241024111e-05,0.2733435100749888,2.8946989409507933e-05,8.244787091699268e-05,0.2870882671755262,3,200,IGE
0.0028485780048863,0.0001311220872384,0.2500000016933719,0.0001527678655401,0.0001311220864438,0.2500000001782987,placenta,True,True,True,True,0.0,0.000990729440261,0.0001311220874649,0.2500000021251228,4.424850735560617e-05,0.000131122084254,0.2499999960032066,4,0,IGE
0.0025971612525812,0.0001195491939308,0.2568845657165331,0.0001471277611538,0.0001262811321484,0.2713500001422396,placenta,True,True,True,True,0.005,0.0008252930917212,0.000109226746031,0.2347039264442169,3.722995094760735e-05,0.0001103239195323,0.2370615076970104,4,1,IGE
0.0017548582781935,8.077738431237641e-05,0.2462259233305766,0.0001262221681813,0.0001083376663598,0.3302352775844565,placenta,True,True,True,True,0.025,0.0005314116872659,7.033182512394007e-05,0.2143857309577857,2.315490653055797e-05,6.861518696201364e-05,0.2091530681271811,4,5,IGE
0.0012563587564365,5.783109403419416e-05,0.2234727875113596,0.0001043371847065,8.955358055196822e-05,0.3460558478409267,placenta,True,True,True,True,0.05,0.0003962799087327,5.244726435075784e-05,0.2026684183923433,1.9893851869840097e-05,5.895166813315527e-05,0.2278029462553702,4,10,IGE
0.0011492493280813,5.290077027800211e-05,0.2401275016751897,7.391926958403516e-05,6.34455997797406e-05,0.2879926565781654,placenta,True,True,True,True,0.1,0.0003194459357493,4.227836200831424e-05,0.1919102007517908,2.081391683376225e-05,6.167810667150144e-05,0.279969640994854,4,20,IGE
0.0014970868244776,6.891197954418981e-05,0.2688719728280178,4.545926706394946e-05,3.901811368875592e-05,0.1522358996638083,placenta,True,True,True,True,0.2,0.0004010523043046,5.30788863094649e-05,0.2070964289799329,3.215705983963946e-05,9.529136600631971e-05,0.3717956985282409,4,40,IGE
0.0026784628373634,0.00012329156415,0.3446699527857198,2.579589084622882e-05,2.2140854148066188e-05,0.0618962635964497,placenta,True,True,True,True,0.4,0.0006499276391567,8.601729724004113e-05,0.2404672045720862,4.260752471828309e-05,0.0001262593425145,0.3529665790457441,4,80,IGE
0.0027793778686662,0.0001279367553701,0.3713864890969137,2.094564515372843e-05,1.7977842949883947e-05,0.0521877231869342,placenta,True,True,True,True,0.5,0.0006377852507394,8.441026382466833e-05,0.2450338171769554,3.852423245473907e-05,0.0001141592780329,0.3313919705391965,4,100,IGE
0.002417243604795,0.0001112674556501,0.3993769787995131,1.1885471643088946e-05,1.020141136816294e-05,0.0366163567586094,placenta,True,True,True,True,1.0,0.0005663350968586,7.49539047564725e-05,0.269035216595531,2.7732427795351597e-05,8.217980563114543e-05,0.2949714478463464,4,200,IGE
0.0027571464870381,0.0033208123363992,0.6668551610312863,0.0001485041999494,0.0007805302932683,0.1567389547136094,placenta,True,True,True,True,0.0,0.0009971485922891,0.0008321328710944,0.1671013124321315,4.689354719859108e-05,4.633500451110919e-05,0.0093045718229728,0,0,ILN
0.0023894520010069,0.0028779470802445,0.658635884823899,0.0001433198071095,0.0007532813961657,0.1723930791815899,placenta,True,True,True,True,0.005,0.0008344376387865,0.0006963485617712,0.1593636499699159,4.248606721873782e-05,4.198002142816468e-05,0.009607386024595,0,1,ILN
0.001383254096766,0.0016660439662929,0.6016637138232007,0.0001241283471462,0.0006524120882372,0.2356076357488714,placenta,True,True,True,True,0.025,0.0005050534474145,0.0004214733676637,0.1522080069893797,2.948348495068626e-05,2.913231115590063e-05,0.010520643438548,0,5,ILN
0.0009502112604732,0.0011444706658857,0.5547050861554897,0.0001038675184776,0.0005459222344285,0.2645990405079619,placenta,True,True,True,True,0.05,0.0004188500372568,0.0003495355524299,0.1694138211703523,2.3557787346592988e-05,2.3277193733148275e-05,0.0112820521661959,0,10,ILN
0.0005448708447035,0.0006562632168229,0.4810632683524201,7.485063753070259e-05,0.0003934110286649,0.2883836704602047,placenta,True,True,True,True,0.1,0.0003520855286303,0.000293819741687,0.215379868350225,2.0948682698321964e-05,2.0699165776857817e-05,0.0151731928371501,0,20,ILN
0.0003244015204082,0.0003907215579523,0.4292506160725763,4.5599670000842514e-05,0.0002396694760876,0.2633032863698913,placenta,True,True,True,True,0.2,0.0003128100664801,0.0002610438812632,0.2867854219292319,1.903289458018532e-05,1.880619635144276e-05,0.0206606756283004,0,40,ILN
0.0002258727608142,0.0002720497638027,0.4189709334383441,2.2698151768898737e-05,0.0001193002963071,0.183728725967685,placenta,True,True,True,True,0.4,0.0002871562882953,0.000239635485102,0.3690512407536978,1.8564059355179457e-05,1.834294535928352e-05,0.028249099840273,0,80,ILN
0.0002092738090885,0.0002520573535623,0.4238931830120835,1.7515460169160024e-05,9.206034083360058e-05,0.1548209181505867,placenta,True,True,True,True,0.5,0.0002782823308352,0.0002322300575094,0.3905489638666444,1.849725884659356e-05,1.8276940502505163e-05,0.0307369349706851,0,100,ILN
0.0001705852229802,0.0002054593455746,0.4250918050412502,9.817003072860826e-06,5.15976537369736e-05,0.1067546462858379,placenta,True,True,True,True,1.0,0.0002430731237639,0.0002028475373958,0.4196880194404274,2.370718579134724e-05,2.342481271326776e-05,0.0484655292324843,0,200,ILN
0.0034898452114101,0.0039000396211704,0.6714542754553322,0.0001423263019886,0.0007712682916011,0.1327861873780865,placenta,True,True,True,True,0.0,0.0013257255616296,0.0010864440246544,0.1870487370018509,5.12253480863841e-05,5.059535253016015e-05,0.0087108001647302,1,0,ILN
0.0029853369105106,0.0033362317031904,0.661813592604073,0.0001374011650308,0.0007445789031029,0.1477033020124278,placenta,True,True,True,True,0.005,0.0011162674494953,0.000914791217369,0.1814685896877838,4.6008408810249295e-05,4.544257384412056e-05,0.0090145156957153,1,1,ILN
0.0015901135161881,0.001777014549246,0.598820908535717,0.0001192408268037,0.0006461677672579,0.2177465399031503,placenta,True,True,True,True,0.025,0.0006263757970636,0.0005133206008877,0.17297951146439,3.1405877762209605e-05,3.101963219885805e-05,0.0104530400967426,1,5,ILN
0.0010358263326993,0.0011575767672935,0.5514122599614486,0.0001001192186267,0.0005425474956335,0.2584427652285985,placenta,True,True,True,True,0.05,0.0004580919781269,0.0003754104973025,0.1788269742272492,2.4055666149095547e-05,2.3759817251194836e-05,0.0113180005827036,1,10,ILN
0.0006374789628219,0.0007124078754379,0.4991446818013534,7.273986296050534e-05,0.0003941783707788,0.2761789197437303,placenta,True,True,True,True,0.1,0.000367793177619,0.0003014098179126,0.2111811405247381,1.9501038737539216e-05,1.9261204979344287e-05,0.013495257930178,1,20,ILN
0.000342202674293,0.0003824249808701,0.4218949111337198,4.464895448887739e-05,0.0002419533309673,0.2669252380812475,placenta,True,True,True,True,0.2,0.0003219336712921,0.0002638275399023,0.2910570754254989,1.8467331179121197e-05,1.82402104856992e-05,0.0201227753595336,1,40,ILN
0.0002405793990596,0.000268856964,0.4145426994523894,2.2182981023847517e-05,0.0001202098954151,0.1853481263973826,placenta,True,True,True,True,0.4,0.0002949326183886,0.0002416999341328,0.3726700683596245,1.80175719515056e-05,1.7795982627324687e-05,0.0274391057906034,1,80,ILN
0.0002247523084426,0.0002511695662059,0.4205609963502823,1.7191306734614944e-05,9.31599401539868e-05,0.1559879958504733,placenta,True,True,True,True,0.5,0.00028644696034,0.0002347458610206,0.3930609694926731,1.837568604035276e-05,1.8149692445766215e-05,0.0303900383065712,1,100,ILN
0.0001898578301342,0.0002121736108788,0.4236266779585792,9.791894463534785e-06,5.30624179010373e-05,0.1059446352765574,placenta,True,True,True,True,1.0,0.0002567750860191,0.0002104294930714,0.4201443653862097,2.549851865999196e-05,2.518492482322585e-05,0.0502843213786536,1,200,ILN
0.0030975580445852,0.0037347731004465,0.6863470402926595,0.0001513651297756,0.000798276278289,0.1467008962001023,placenta,True,True,True,True,0.0,0.0010453652432184,0.0008647280152073,0.1589128704565099,4.4257792214937416e-05,4.374545265373892e-05,0.008039193050728,2,0,ILN
0.0026274794754553,0.0031679921814734,0.674180381469911,0.0001456832286353,0.0007683108106638,0.1635042152092403,placenta,True,True,True,True,0.005,0.0008751118639601,0.0007238941127187,0.1540518982056205,3.928521385606181e-05,3.883043813813047e-05,0.008263505115228,2,1,ILN
0.0014029368597583,0.0016915424247205,0.5990018086225714,0.0001249581336768,0.0006590098660193,0.2333657707171552,placenta,True,True,True,True,0.025,0.0005400783575362,0.0004467537917474,0.1582025525075999,2.694121713729421e-05,2.662933869339804e-05,0.0094298681526734,2,5,ILN
0.0009570977045244,0.0011539873377371,0.5495159607057557,0.000103579817303,0.0005462639326844,0.2601248210891437,placenta,True,True,True,True,0.05,0.000456113919676,0.0003772982572632,0.1796652420114116,2.27204420195544e-05,2.2457424351659845e-05,0.0106939761936887,2,10,ILN
0.0005658573737337,0.0006822628882788,0.4953394706065028,7.406959320529013e-05,0.000390631576017,0.2836080364192402,placenta,True,True,True,True,0.1,0.0003449485036808,0.0002853420245906,0.2071652581882423,1.935180243330932e-05,1.912778100180792e-05,0.0138872347860147,2,20,ILN
0.0003034268806605,0.000365846429843,0.4204818653937595,4.567927874774675e-05,0.0002409054495425,0.2768822230973384,placenta,True,True,True,True,0.2,0.0002963455917629,0.0002451376081642,0.2817464114745678,1.8388081823029835e-05,1.817521666864661e-05,0.020889500034334,2,40,ILN
0.0002070570874365,0.000249651896521,0.411016335640838,2.2812116365121848e-05,0.0001203075726809,0.1980693051493965,placenta,True,True,True,True,0.4,0.0002652533846589,0.0002194180783521,0.3612406546651482,1.8234941967225102e-05,1.802384959911517e-05,0.0296737045446172,2,80,ILN
0.0001901290999098,0.0002292415631069,0.4149211888006157,1.7652693391162236e-05,9.309757407771628e-05,0.1685041559970133,placenta,True,True,True,True,0.5,0.0002561307314789,0.0002118718031828,0.3834823810241081,1.8497421470367893e-05,1.8283290572165668e-05,0.0330922741782628,2,100,ILN
0.0001526294770093,0.000184027694353,0.4135917079472945,1.0054132479624248e-05,5.302393932574645e-05,0.1191682681507457,placenta,True,True,True,True,1.0,0.0002221695948598,0.0001837790896999,0.413032983221298,2.440191394454839e-05,2.411943112610961e-05,0.0542070406806616,2,200,ILN
0.0028914858594823,0.0034300399763206,0.6672176345868966,0.0001417820123267,0.0007578824396039,0.1474246749712632,placenta,True,True,True,True,0.0,0.0010997528309406,0.000904776869583,0.175998847511886,4.867201609875251e-05,4.811204578206943e-05,0.0093588429299541,3,0,ILN
0.0024640009734502,0.0029229338310305,0.6515379723707494,0.0001371082505473,0.0007328992846793,0.1633672677850447,placenta,True,True,True,True,0.005,0.0009555538999017,0.0007861430695581,0.1752355992789093,4.474501969314658e-05,4.423022937098847e-05,0.0098591605652964,3,1,ILN
0.0014441047521169,0.0017130766915259,0.6039257363506003,0.000119697227904,0.0006398302972923,0.2255649063133832,placenta,True,True,True,True,0.025,0.0005514170796786,0.0004536559535468,0.1599312553552885,3.0354740896154335e-05,3.0005510368329787e-05,0.010578101980728,3,5,ILN
0.0009806188286547,0.0011632641303737,0.566031126521866,0.0001011077088484,0.0005404617679443,0.2629825637735846,placenta,True,True,True,True,0.05,0.0003999492175265,0.0003290419363743,0.1601080726688184,2.2616325835504935e-05,2.2356125577627392e-05,0.0108782370357308,3,10,ILN
0.0005616702486661,0.0006662842220434,0.4815010251244333,7.3827303432178e-05,0.0003946369212592,0.2851907276979987,placenta,True,True,True,True,0.1,0.0003683682606657,0.0003030599898104,0.2190111831260358,2.0014036516091663e-05,1.978377553114944e-05,0.0142970640515321,3,20,ILN
0.0003370415260509,0.0003998172442184,0.4312834645121809,4.5151046289416326e-05,0.000241350680181,0.260345342818611,placenta,True,True,True,True,0.2,0.0003249810573248,0.0002673649345996,0.2884069583056567,1.8723062428009912e-05,1.850765406736552e-05,0.0199642343635512,3,40,ILN
0.0002346571341892,0.0002783632326467,0.4216309564622634,2.240784091315672e-05,0.0001197790104599,0.1814267576366044,placenta,True,True,True,True,0.4,0.0002961701727488,0.0002436619522355,0.3690696540548656,1.861585005659245e-05,1.8401675171575064e-05,0.0278726318462664,3,80,ILN
0.0002180436200923,0.0002586553660795,0.4272268545553123,1.720903063051985e-05,9.198925804086374e-05,0.151940715405779,placenta,True,True,True,True,0.5,0.0002868514271879,0.000235995333701,0.389798772146155,1.900734376162088e-05,1.878866475140885e-05,0.0310336578927536,3,100,ILN
0.0001802552494685,0.0002138287170214,0.4264854560961912,9.535527385020643e-06,5.097126665698133e-05,0.1016631639136933,placenta,True,True,True,True,1.0,0.0002543970796604,0.0002092948405228,0.4174425529103883,2.7596669999364208e-05,2.7279171007590606e-05,0.054408827079727,3,200,ILN
0.0028485780087078,0.0034833960893568,0.6783679595597073,0.0001527678654992,0.0007968939955056,0.155189745825428,placenta,True,True,True,True,0.0,0.0009907294423117,0.0008109438954451,0.157925869340955,4.42485074739659e-05,4.373155022488274e-05,0.0085164252739096,4,0,ILN
0.0024704415087878,0.0030209902149038,0.6638211190487373,0.000147242340397,0.0007680708018217,0.1687730124575105,placenta,True,True,True,True,0.005,0.00088090848385,0.0007210519107589,0.1584412567544431,4.1279410996951806e-05,4.079714183193392e-05,0.0089646117393089,4,1,ILN
0.0013693284687858,0.0016744893131352,0.5858769826955196,0.0001269715671989,0.0006623309108245,0.2317389741074403,placenta,True,True,True,True,0.025,0.00059802624855,0.0004895037079407,0.1712695047838891,3.2141869137566445e-05,3.1766354273940296e-05,0.0111145384131509,4,5,ILN
0.0008731929312043,0.0010677877988642,0.5269042351238742,0.0001057799909665,0.0005517877687851,0.2722819202202051,placenta,True,True,True,True,0.05,0.0004657663279621,0.0003812447114557,0.1881267544902279,2.6014713333873963e-05,2.5710782299619784e-05,0.0126870901656926,4,10,ILN
0.0005511683578499,0.0006739986394765,0.4870035024846397,7.580864629390491e-05,0.0003954460896708,0.2857329665578007,placenta,True,True,True,True,0.1,0.0003585400172916,0.0002934765293913,0.2120539854822538,2.129839731859872e-05,2.104956721073168e-05,0.0152095454753057,4,20,ILN
0.0003145053037258,0.0003845941876022,0.4247791366960939,4.590311935262724e-05,0.0002394477403186,0.2644668268402337,placenta,True,True,True,True,0.2,0.0003201410303925,0.0002620457242822,0.289425997905707,1.953863451758355e-05,1.9310363795526e-05,0.0213280385579653,4,40,ILN
0.0002222216782887,0.0002717447522079,0.4190027747473458,2.272192494047495e-05,0.0001185260099839,0.1827550547324596,placenta,True,True,True,True,0.4,0.0002922945076548,0.0002392524502974,0.3689029492756988,1.9252919839103637e-05,1.902798713413732e-05,0.0293392212444956,4,80,ILN
0.0002056666397297,0.0002515003508261,0.4233318597868902,1.7639485463266014e-05,9.201411568820828e-05,0.1548805263808751,placenta,True,True,True,True,0.5,0.0002827393969607,0.000231431285046,0.3895510920345103,1.937802764182537e-05,1.915163329692528e-05,0.0322365217977246,4,100,ILN
0.0001671119609376,0.0002043535930683,0.4232149306363351,9.951235650815635e-06,5.190934567346704e-05,0.107503909271757,placenta,True,True,True,True,1.0,0.0002458626931499,0.0002012465175784,0.4167801979839906,2.5650291974661516e-05,2.535061849109368e-05,0.052500962107917,4,200,ILN
0.0002048419061952,0.0003072628592928,0.2090425560350999,0.0001129536681921,0.0001129536681921,0.0768466568552229,p22,True,True,True,True,0.0,0.0002078965900348,0.0010394829501744,0.7071996054434898,6.772303464973764e-06,1.0158455197460646e-05,0.0069111816661871,0,0,C0
0.0001939431482821,0.0002909147224232,0.2063725086528676,0.0001100283666172,0.0001100283666172,0.0780532172886847,p22,True,True,True,True,0.000625,0.0001997922323866,0.0009989611619331,0.7086548226837331,6.502708101759498e-06,9.754062152639248e-06,0.0069194513747146,0,1,C0
0.000161659254913,0.0002424888823695,0.1986945542929644,9.901436368335472e-05,9.901436368335472e-05,0.081132028274536,p22,True,True,True,True,0.003125,0.0001741397680689,0.0008706988403447,0.713447628258902,5.472148295029318e-06,8.208222442543978e-06,0.0067257891735975,0,5,C0
0.0001443065770283,0.0002164598655425,0.2016254969161842,8.681621870430246e-05,8.681621870430246e-05,0.0808665532188301,p22,True,True,True,True,0.00625,0.000152712242777,0.0007635612138851,0.7112330444704932,4.491049656445674e-06,6.73657448466851e-06,0.0062749053944923,0,10,C0
0.0001442470829274,0.0002163706243912,0.2322310229814586,6.728438866969012e-05,6.728438866969012e-05,0.0722164686422089,p22,True,True,True,True,0.0125,0.0001283871505586,0.0006419357527934,0.6889909246185428,4.075636856325981e-06,6.113455284488972e-06,0.0065615837577896,0,20,C0
0.0001528536850892,0.0002292805276339,0.2836174530200542,4.2917743216854985e-05,4.2917743216854985e-05,0.0530887692301824,p22,True,True,True,True,0.025,0.0001058573113739,0.0005292865568698,0.6547215619497889,4.6199370329800045e-06,6.929905549470007e-06,0.0085722157999745,0,40,C0
0.0001517668735802,0.0002276503103704,0.32825293480723,2.3895251237085858e-05,2.3895251237085858e-05,0.0344549776091511,p22,True,True,True,True,0.05,8.693931757884567e-05,0.0004346965878942,0.6267965569420243,4.852580748368185e-06,7.278871122552277e-06,0.0104955306415946,0,80,C0
0.0001135188092022,0.0001702782138033,0.423951288934239,1.3524461140982258e-05,1.3524461140982258e-05,0.0336726149798639,p22,True,True,True,True,0.2,4.177060713494741e-05,0.0002088530356747,0.5199932022682009,5.993328759709459e-06,8.989993139564188e-06,0.0223828938176961,0,320,C0
6.447657895519188e-05,9.67148684327878e-05,0.4452587745812053,9.697892240547266e-06,9.697892240547266e-06,0.0446474434078097,p22,True,True,True,True,0.5,2.063444641388522e-05,0.0001031722320694,0.4749873764649263,5.083652604381452e-06,7.625478906572177e-06,0.0351064055460586,0,800,C0
4.6682235139720125e-05,7.002335270958019e-05,0.4407648974025405,6.252939483030298e-06,6.252939483030298e-06,0.0393593868767308,p22,True,True,True,True,1.0,1.5187744785076925e-05,7.593872392538462e-05,0.4779994468227266,4.435194007033955e-06,6.6527910105509325e-06,0.0418762688980021,0,1600,C0
0.0001473618250226,0.0002210427375339,0.1561626659021366,0.0001216792200518,0.0001216792200518,0.0859641515490426,p22,True,True,True,True,0.0,0.0002123452481865,0.0010617262409326,0.7500902408830264,7.344319343491451e-06,1.1016479015237175e-05,0.0077829416657943,1,0,C0
0.0001430549959939,0.0002145824939908,0.1577246414570949,0.0001185017094871,0.0001185017094871,0.0871023506778116,p22,True,True,True,True,0.000625,0.0002034175616047,0.0010170878080236,0.7475903875817926,6.877376320085899e-06,1.0316064480128848e-05,0.0075826202833006,1,1,C0
0.0001365170720099,0.0002047756080148,0.1760169241734722,0.0001064629736015,0.0001064629736015,0.0915113149137424,p22,True,True,True,True,0.003125,0.0001689021264289,0.0008445106321448,0.7259075694753437,5.091125182195583e-06,7.636687773293375e-06,0.0065641914374417,1,5,C0
0.0001408458579009,0.0002112687868513,0.2020920243267034,9.30076928903203e-05,9.30076928903203e-05,0.0889677704609645,p22,True,True,True,True,0.00625,0.0001469244075055,0.0007346220375279,0.702712676546331,4.340208974044438e-06,6.510313461066657e-06,0.0062275286660012,1,10,C0
0.0001517153391251,0.0002275730086876,0.2426308320059639,7.126820349864671e-05,7.126820349864671e-05,0.0759838067359684,p22,True,True,True,True,0.0125,0.00012653509088,0.0006326754544,0.6745376913371827,4.281799455060124e-06,6.422699182590186e-06,0.006847669920885,1,20,C0
0.0001604555931268,0.0002406833896903,0.295234056843878,4.416938208467313e-05,4.416938208467313e-05,0.054180331588,p22,True,True,True,True,0.025,0.0001046493649755,0.0005232468248775,0.6418402326726336,4.752991483421309e-06,7.129487225131963e-06,0.0087453788954883,1,40,C0
0.0001572996627338,0.0002359494941008,0.3408261922445748,2.416511814275597e-05,2.416511814275597e-05,0.0349062210670231,p22,True,True,True,True,0.05,8.497634694934162e-05,0.0004248817347467,0.6137365301834793,4.86034135330524e-06,7.29051202995786e-06,0.0105310565049229,1,80,C0
0.0001116372096417,0.0001674558144626,0.4171767886274817,1.893456005351149e-05,1.893456005351149e-05,0.0471710043783512,p22,True,True,True,True,0.2,4.14427870730299e-05,0.0002072139353651,0.5162247987141447,5.198807100674332e-06,7.798210651011498e-06,0.0194274082800222,1,320,C0
5.997647067620218e-05,8.996470601430328e-05,0.4317717421735572,1.3737850449346948e-05,1.3737850449346948e-05,0.0659326961096417,p22,True,True,True,True,0.5,1.966220501925953e-05,9.831102509629764e-05,0.4718286143673725,4.232097184261513e-06,6.348145776392269e-06,0.0304669473494285,1,800,C0
4.597833678559037e-05,6.896750517838555e-05,0.4418777719242211,6.894486115084261e-06,6.894486115084261e-06,0.0441732690665849,p22,True,True,True,True,1.0,1.497158789188638e-05,7.485793945943191e-05,0.4796180377065268,3.572206528832419e-06,5.358309793248628e-06,0.034330921302667,1,1600,C0
0.0001673227765273,0.000250984164791,0.1872789507919933,0.000118986817445,0.000118986817445,0.0887853875073677,p22,True,True,True,True,0.0,0.0001918588340102,0.0009592941700513,0.7158045441539818,7.264677415284783e-06,1.0897016122927176e-05,0.0081311175466572,2,0,C0
0.0001589975768324,0.0002384963652486,0.1846093303009175,0.0001157621807048,0.0001157621807048,0.0896063075503152,p22,True,True,True,True,0.000625,0.0001854981887012,0.0009274909435062,0.7179291045477525,6.765459372611273e-06,1.0148189058916909e-05,0.0078552576010147,2,1,C0
0.0001384041707299,0.0002076062560949,0.1827631335740693,0.0001036402978517,0.0001036402978517,0.0912382216038341,p22,True,True,True,True,0.003125,0.0001634153573076,0.0008170767865382,0.7193016081850419,5.07157972165154e-06,7.60736958247731e-06,0.0066970366370548,2,5,C0
0.0001369308114181,0.0002053962171271,0.2004087406411754,9.021911788735236e-05,9.021911788735236e-05,0.0880283972628678,p22,True,True,True,True,0.00625,0.0001446188299555,0.0007230941497779,0.7055358173041285,4.118024648815357e-06,6.177036973223035e-06,0.0060270447918281,2,10,C0
0.0001552767657671,0.0002329151486507,0.2522802466404217,6.879565260448602e-05,6.879565260448602e-05,0.0745154804545293,p22,True,True,True,True,0.0125,0.0001230734075551,0.0006153670377755,0.6665300602546939,4.107932222955807e-06,6.16189833443371e-06,0.006674212650355,2,20,C0
0.0001581590435027,0.0002372385652541,0.2956740910473186,4.289484585796974e-05,4.289484585796974e-05,0.0534605094499811,p22,True,True,True,True,0.025,0.0001030417607918,0.000515208803959,0.6421126963357343,4.681908908716233e-06,7.0228633630743495e-06,0.0087527031669658,2,40,C0
0.0001554906833277,0.0002332360249915,0.3349985527653772,2.444351094533087e-05,2.444351094533087e-05,0.0351083877007721,p22,True,True,True,True,0.05,8.619861065634596e-05,0.0004309930532817,0.6190383715660484,5.038239226677134e-06,7.557358840015701e-06,0.0108546879678023,2,80,C0
0.0001061745238915,0.0001592617858373,0.4127999862550849,1.7769569801723744e-05,1.7769569801723744e-05,0.0460579927026606,p22,True,True,True,True,0.2,4.020806511346107e-05,0.0002010403255673,0.5210882396838473,5.157947574734181e-06,7.736921362101272e-06,0.020053781358407,2,320,C0
5.339456983143494e-05,8.009185474715241e-05,0.4204905292966455,1.2409463189829796e-05,1.2409463189829796e-05,0.0651509664928104,p22,True,True,True,True,0.5,1.8296399731578783e-05,9.148199865789392e-05,0.4802899640445709,4.326078520697852e-06,6.489117781046778e-06,0.0340685401659729,2,800,C0
4.176146251136009e-05,6.264219376704013e-05,0.4297277874368122,6.6875561668768194e-06,6.6875561668768194e-06,0.0458768849258194,p22,True,True,True,True,1.0,1.4160325932770168e-05,7.080162966385085e-05,0.4857018222496522,3.760281326745311e-06,5.640421990117966e-06,0.0386935053877162,2,1600,C0
0.000178405587193,0.0002676083807896,0.191493543139245,0.0001185871818199,0.0001185871818199,0.0848578790791001,p22,True,True,True,True,0.0,0.0002003792319921,0.0010018961599606,0.7169306318522384,6.258796346973712e-06,9.388194520460568e-06,0.0067179459294163,3,0,C0
0.0001675384436081,0.0002513076654122,0.1879218085727832,0.0001155643078874,0.0001155643078874,0.0864162010698953,p22,True,True,True,True,0.000625,0.0001923203238604,0.000961601619302,0.7190624891179541,5.883671377106136e-06,8.825507065659204e-06,0.0065995012393671,3,1,C0
0.0001422485682873,0.0002133728524309,0.1845570984925486,0.0001041058459259,0.0001041058459259,0.090046473303896,p22,True,True,True,True,0.003125,0.0001662696645967,0.0008313483229837,0.7190757051727997,4.87173784703765e-06,7.307606770556474e-06,0.0063207230307556,3,5,C0
0.0001412865105529,0.0002119297658293,0.2043669879341713,9.125697439755172e-05,9.125697439755172e-05,0.0880004416209585,p22,True,True,True,True,0.00625,0.0001454423447544,0.0007272117237724,0.7012609531095061,4.404936379363558e-06,6.607404569045338e-06,0.0063716173353642,3,10,C0
0.0001540391298382,0.0002310586947573,0.2519700538875574,7.038385443100432e-05,7.038385443100432e-05,0.0767537599587817,p22,True,True,True,True,0.0125,0.0001218124112372,0.0006090620561861,0.6641836148138687,4.335965725453513e-06,6.50394858818027e-06,0.0070925713397921,3,20,C0
0.0001581912658227,0.0002372868987341,0.296985068535507,4.442215375264976e-05,4.442215375264976e-05,0.0555981659632409,p22,True,True,True,True,0.025,0.0001020653966429,0.0005103269832146,0.6387183400938554,4.633279823280574e-06,6.949919734920861e-06,0.0086984254073967,3,40,C0
0.0001584437402682,0.0002376656104023,0.3398177370580192,2.572480536460304e-05,2.572480536460304e-05,0.036781699844828,p22,True,True,True,True,0.05,8.575575293380854e-05,0.000428778764669,0.6130740970967201,4.814827828077778e-06,7.222241742116667e-06,0.0103264660004327,3,80,C0
0.0001184381610388,0.0001776572415583,0.4336636968104715,1.4332260559410336e-05,1.4332260559410336e-05,0.0349852392355402,p22,True,True,True,True,0.2,4.18033474157031e-05,0.0002090167370785,0.5102126437495312,5.773127044520596e-06,8.659690566780894e-06,0.0211384202044569,3,320,C0
6.77917561243153e-05,0.0001016876341864,0.4529648320994655,9.639172922074614e-06,9.639172922074614e-06,0.0429374365836712,p22,True,True,True,True,0.5,2.121143486670514e-05,0.0001060571743335,0.4724288311874186,4.7396402593771e-06,7.10946038906565e-06,0.0316689001294447,3,800,C0
4.786518059756723e-05,7.179777089635084e-05,0.4430390856342198,6.267271507597663e-06,6.267271507597663e-06,0.0386731538247323,p22,True,True,True,True,1.0,1.5474048421835973e-05,7.737024210917987e-05,0.4774248683686009,4.414756568877366e-06,6.622134853316048e-06,0.040862892172447,3,1600,C0
0.0001589744462138,0.0002384616693208,0.1865924295106494,0.0001285246113642,0.0001285246113642,0.1005684458834194,p22,True,True,True,True,0.0,0.0001804405763494,0.0009022028817471,0.7059592767934751,5.861545395434476e-06,8.792318093151713e-06,0.0068798478124559,4,0,C0
0.0001522389811154,0.0002283584716731,0.1850467133463134,0.0001247300498261,0.0001247300498261,0.1010730436525746,p22,True,True,True,True,0.000625,0.000174491098912,0.0008724554945603,0.706980654697981,5.676330448619447e-06,8.51449567292917e-06,0.0068995883031308,4,1,C0
0.0001414650053789,0.0002121975080684,0.1913099096448439,0.0001104390395962,0.0001104390395962,0.0995680056695349,p22,True,True,True,True,0.003125,0.0001558149251757,0.0007790746258786,0.7023866474217653,4.980550513717729e-06,7.470825770576594e-06,0.006735437263856,4,5,C0
0.0001487523918154,0.0002231285877231,0.2178660994886061,9.468051910912936e-05,9.468051910912936e-05,0.0924474788567037,p22,True,True,True,True,0.00625,0.0001399775389924,0.0006998876949623,0.6833808421299468,4.305259231655189e-06,6.457888847482783e-06,0.0063055795247434,4,10,C0
0.0001619487041537,0.0002429230562306,0.2628273024747832,7.014818148002532e-05,7.014818148002532e-05,0.0758958725367028,p22,True,True,True,True,0.0125,0.0001210476633665,0.0006052383168326,0.6548293794578317,3.972781514569176e-06,5.959172271853763e-06,0.0064474455306821,4,20,C0
0.0001657356248966,0.0002486034373449,0.3059636172536002,4.2794442689984616e-05,4.2794442689984616e-05,0.0526683887544563,p22,True,True,True,True,0.025,0.0001028590681462,0.0005142953407311,0.6329585160498803,4.555280442469184e-06,6.832920663703776e-06,0.008409477942063,4,40,C0
0.0001634484428559,0.0002451726642839,0.3480678835041075,2.574088392750539e-05,2.574088392750539e-05,0.0365439394083366,p22,True,True,True,True,0.05,8.523438818440293e-05,0.000426171940922,0.6050297895926462,4.864172728310456e-06,7.296259092465683e-06,0.0103583874949095,4,80,C0
0.0001130508362747,0.0001695762544121,0.4198169690404698,2.025900958386329e-05,2.025900958386329e-05,0.0501548759214252,p22,True,True,True,True,0.2,4.108398106475218e-05,0.0002054199053237,0.5085544690946076,5.782563195008598e-06,8.673844792512898e-06,0.0214736859434974,4,320,C0
5.707891872063117e-05,8.561837808094676e-05,0.4236172816827422,1.4020364493647868e-05,1.4020364493647868e-05,0.0693690867325837,p22,True,True,True,True,0.5,1.898542985810222e-05,9.49271492905111e-05,0.4696746404413258,5.031119675088491e-06,7.546679512632736e-06,0.0373389911433483,4,800,C0
4.210529705148329e-05,6.315794557722494e-05,0.4299912287508651,7.146551526100196e-06,7.146551526100196e-06,0.0486550733079468,p22,True,True,True,True,1.0,1.4128170807436731e-05,7.064085403718367e-05,0.4809362836275104,3.957725464944958e-06,5.936588197417437e-06,0.0404174143136776,4,1600,C0
0.0002048419062565,0.0003072628593848,0.2071948636690875,0.0001129536683993,0.0001129536683993,0.0761674221602307,p22,True,True,True,True,0.0,0.0002078965901262,0.0010394829506313,0.7009487859143454,6.772303423764008e-06,2.326614121296588e-05,0.0156889282563364,0,0,C1
0.0001939186122776,0.0002908779184164,0.204539550005634,0.0001100399831162,0.0001100399831162,0.0773779211284567,p22,True,True,True,True,0.000625,0.0001997818780394,0.0009989093901974,0.7024131576563987,6.486300646945569e-06,2.228358320036877e-05,0.0156693712095106,0,1,C1
0.0001615521588547,0.0002423282382821,0.1969732000542776,9.907327805268157e-05,9.907327805268157e-05,0.0805303614479391,p22,True,True,True,True,0.003125,0.0001740599545259,0.0008702997726295,0.7074112882451642,5.4020496669795865e-06,1.8558656121397974e-05,0.0150851502526188,0,5,C1
0.0001441078917579,0.0002161618376369,0.1999230268598008,8.693642773055449e-05,8.693642773055449e-05,0.0804054682652155,p22,True,True,True,True,0.00625,0.000152609244387,0.0007630462219353,0.7057236003861406,4.389724030273428e-06,1.5080827420683836e-05,0.0139479044888431,0,10,C1
0.0001439651756798,0.0002159477635198,0.2299830331482346,6.753500880506869e-05,6.753500880506869e-05,0.0719243668724356,p22,True,True,True,True,0.0125,0.0001283924261196,0.0006419621305981,0.6836857004435362,3.937635293796633e-06,1.3527683722669437e-05,0.0144068995357934,0,20,C1
0.0001524186967302,0.0002286280450954,0.2799744638202617,4.3458356137758494e-05,4.3458356137758494e-05,0.053218449001303,p22,True,True,True,True,0.025,0.0001059735336508,0.000529867668254,0.6488679735383549,4.264067888074267e-06,1.464913773318054e-05,0.0179391136400803,0,40,C1
0.0001516592182267,0.00022748882734,0.3241720869482828,2.480498168673476e-05,2.480498168673476e-05,0.0353471542937901,p22,True,True,True,True,0.05,8.693880441111744e-05,0.0004346940220555,0.6194399521126867,4.297925554290442e-06,1.4765455209530287e-05,0.0210408066452403,0,80,C1
0.0001131664779275,0.0001697497168913,0.414965471947041,1.40212317409979e-05,1.40212317409979e-05,0.0342759160559174,p22,True,True,True,True,0.2,4.142453780098557e-05,0.0002071226890049,0.5063264078897206,5.290625274798632e-06,1.8175859385806626e-05,0.044432204107321,0,320,C1
6.480746618243382e-05,9.721119927365074e-05,0.4333707410811347,9.990333913216372e-06,9.990333913216372e-06,0.0445372389597923,p22,True,True,True,True,0.5,2.0319230069065903e-05,0.0001015961503453,0.4529189979665225,4.516536369250431e-06,1.5516489203915873e-05,0.0691730219925504,0,800,C1
4.734998830479621e-05,7.102498245719432e-05,0.4163054676897173,6.641762548482713e-06,6.641762548482713e-06,0.0389299929175845,p22,True,True,True,True,1.0,1.5121687540443969e-05,7.560843770221984e-05,0.4431709087416067,5.045190268581848e-06,1.7332671306960757e-05,0.1015936306510913,0,1600,C1
0.0001473618248902,0.0002210427373353,0.1546099932088078,0.0001216792202586,0.0001216792202586,0.0851094392180855,p22,True,True,True,True,0.0,0.000212345249312,0.0010617262465603,0.7426323513231977,7.344319367346214e-06,2.523129293265281e-05,0.0176482162499089,1,0,C1
0.0001430560558424,0.0002145840837637,0.1562304969392399,0.0001185154913859,0.0001185154913859,0.0862866145031553,p22,True,True,True,True,0.000625,0.0002033675423891,0.0010168377119459,0.7403208022586109,6.861417116208153e-06,2.357228989276941e-05,0.0171620862989938,1,1,C1
0.0001364859483079,0.0002047289224618,0.174643012004756,0.0001065296719816,0.0001065296719816,0.0908746187838925,p22,True,True,True,True,0.003125,0.0001687448633004,0.0008437243165024,0.7197349263785059,5.032186835225039e-06,1.7287998217495908e-05,0.0147474428328456,1,5,C1
0.0001407070177795,0.0002110605266693,0.2003930577004181,9.31332176856229e-05,9.31332176856229e-05,0.0884260574917557,p22,True,True,True,True,0.00625,0.0001468730906857,0.0007343654534286,0.6972489882615642,4.27116780755709e-06,1.467352939417854e-05,0.013931896546262,1,10,C1
0.0001514463062008,0.0002271694593012,0.2401671323058647,7.150942824701696e-05,7.150942824701696e-05,0.0756008944500922,p22,True,True,True,True,0.0125,0.0001265858153307,0.0006329290766536,0.669142594081368,4.154509836505804e-06,1.4272752781220936e-05,0.015089379162675,1,20,C1
0.0001600903537511,0.0002401355306267,0.2913875559885707,4.46648995528513e-05,4.46648995528513e-05,0.0541977102897237,p22,True,True,True,True,0.025,0.0001048238104918,0.000524119052459,0.6359815615142783,4.421784276581664e-06,1.5190969889391375e-05,0.0184331722074272,1,40,C1
0.0001571756976414,0.0002357635464621,0.3365004095253803,2.492197913833472e-05,2.492197913833472e-05,0.0355706228213639,p22,True,True,True,True,0.05,8.505819642229387e-05,0.0004252909821114,0.6070089791041111,4.266429261004993e-06,1.4657250192505672e-05,0.0209199885491446,1,80,C1
0.0001115217101641,0.0001672825652462,0.4099927223288058,1.9066904368950807e-05,1.9066904368950807e-05,0.0467310626011951,p22,True,True,True,True,0.2,4.099275914963908e-05,0.0002049637957481,0.5023456238488777,4.861100477796503e-06,1.6700233744690893e-05,0.0409305912211215,1,320,C1
6.06300278117095e-05,9.094504171756424e-05,0.4214699542815351,1.3846738275496685e-05,1.3846738275496685e-05,0.0641704488524619,p22,True,True,True,True,0.5,1.9390354413075096e-05,9.695177206537549e-05,0.4493071658244771,4.085902372853899e-06,1.403705292583828e-05,0.0650524310415259,1,800,C1
4.6759574694954925e-05,7.013936204243238e-05,0.4203958817346573,7.162877115926665e-06,7.162877115926665e-06,0.0429322986867954,p22,True,True,True,True,1.0,1.479130459736156e-05,7.39565229868078e-05,0.4432748856805869,4.535738683779137e-06,1.5582458451524147e-05,0.0933969338979602,1,1600,C1
0.0001673227763684,0.0002509841645527,0.1853344649267965,0.0001189868175645,0.0001189868175645,0.0878635439250396,p22,True,True,True,True,0.0,0.0001918588337637,0.0009592941688189,0.708372465658549,7.2646774132062544e-06,2.4957684259864344e-05,0.0184295254896148,2,0,C1
0.0001589820064347,0.000238473009652,0.1827901837633105,0.0001157723513589,0.0001157723513589,0.0887398092157098,p22,True,True,True,True,0.000625,0.0001854402527801,0.0009272012639005,0.7107021866384261,6.747339561280011e-06,2.318037825855724e-05,0.0177678203825536,2,1,C1
0.0001383017680938,0.0002074526521407,0.1812380583130835,0.0001036922199179,0.0001036922199179,0.0905892328016822,p22,True,True,True,True,0.003125,0.0001632589439965,0.0008162947199827,0.7131442694716877,5.007206745319319e-06,1.720217951403681e-05,0.0150284394135465,2,5,C1
0.0001367573132792,0.0002051359699189,0.1987512359516013,9.032593820754436e-05,9.032593820754436e-05,0.0875145975829268,p22,True,True,True,True,0.00625,0.0001445500288099,0.0007227501440498,0.7002549795186429,4.0495589550733925e-06,1.3912195689336448e-05,0.0134791869468289,2,10,C1
0.0001551297451064,0.0002326946176596,0.2499535420268771,6.903149589137355e-05,6.903149589137355e-05,0.0741515514325338,p22,True,True,True,True,0.0125,0.0001230934752155,0.0006154673760775,0.6611164976646642,4.0046703169881294e-06,1.3757981483740652e-05,0.0147784088759248,2,20,C1
0.0001578276121446,0.0002367414182169,0.2918904688535516,4.34113503720016e-05,4.34113503720016e-05,0.0535240496111192,p22,True,True,True,True,0.025,0.0001031824954672,0.0005159124773362,0.6360945880584407,4.365402327585907e-06,1.499727059609119e-05,0.0184908934768884,2,40,C1
0.0001554940179265,0.0002332410268897,0.3309901248062258,2.5245412696083667e-05,2.5245412696083667e-05,0.0358255252538015,p22,True,True,True,True,0.05,8.621693455463927e-05,0.0004310846727731,0.6117481626021789,4.396929478734105e-06,1.5105581624814824e-05,0.0214361873377936,2,80,C1
0.0001060774735136,0.0001591162102704,0.4056665466802023,1.8311851842504647e-05,1.8311851842504647e-05,0.0466860396413535,p22,True,True,True,True,0.2,3.9783193860649005e-05,0.0001989159693032,0.5071359744531093,4.625247232370535e-06,1.5889963653371357e-05,0.0405114392253348,2,320,C1
5.378533936738327e-05,8.06780090510749e-05,0.4091728393576098,1.285211782272968e-05,1.285211782272968e-05,0.0651817961689621,p22,True,True,True,True,0.5,1.7970504011098487e-05,8.985252005549244e-05,0.4557029999496819,4.0142159565530646e-06,1.3790775377367235e-05,0.069942364523746,2,800,C1
4.251277102443187e-05,6.37691565366478e-05,0.4070240850485287,6.906395861391035e-06,6.906395861391035e-06,0.0440819607649996,p22,True,True,True,True,1.0,1.4020446648929623e-05,7.010223324464811e-05,0.4474466794909466,4.626398054272437e-06,1.589391728379888e-05,0.1014472746955248,2,1600,C1
0.0001784055872106,0.000267608380816,0.1898478810391865,0.0001185871820075,0.0001185871820075,0.0841286253961473,p22,True,True,True,True,0.0,0.0002003792322114,0.0010018961610574,0.7107694557923154,6.258796365998227e-06,2.150199584435908e-05,0.0152540377723504,3,0,C1
0.0001675401573959,0.0002513102360939,0.1863681807212248,0.000115574985973,0.000115574985973,0.0857088044142489,p22,True,True,True,True,0.000625,0.0001922810332806,0.0009614051664034,0.7129647187613813,5.871277217835751e-06,2.017067994492093e-05,0.0149582961031447,3,1,C1
0.000142239168475,0.0002133587527125,0.1831558589569683,0.0001041652084087,0.0001041652084087,0.0894196651272792,p22,True,True,True,True,0.003125,0.0001661605568898,0.0008308027844494,0.7131950092278875,4.824922250092098e-06,1.65759440160807e-05,0.014229466687865,3,5,C1
0.0001412102249238,0.0002118153373857,0.2027184018977647,9.13792928873317e-05,9.13792928873317e-05,0.0874547823084885,p22,True,True,True,True,0.00625,0.0001453620417273,0.0007268102086369,0.6955955399468936,4.328327509087801e-06,1.4869900644001448e-05,0.0142312758468531,3,10,C1
0.0001538864261216,0.0002308296391824,0.2495871562626792,7.0639300536692e-05,7.0639300536692e-05,0.0763795420890501,p22,True,True,True,True,0.0125,0.0001218010874534,0.000609005437267,0.6584940121828768,4.183237719731107e-06,1.4371446969305325e-05,0.0155392894653938,3,20,C1
0.0001578653104074,0.0002367979656112,0.293335241464319,4.495706502240184e-05,4.495706502240184e-05,0.0556908987365391,p22,True,True,True,True,0.025,0.0001021623939397,0.0005108119696986,0.6327721274447932,4.276992577998881e-06,1.4693540300830518e-05,0.0182017323543487,3,40,C1
0.0001584564946143,0.0002376847419215,0.335732921899071,2.653877171609392e-05,2.653877171609392e-05,0.0374863750185399,p22,True,True,True,True,0.05,8.580138690015573e-05,0.0004290069345007,0.6059781139945455,4.286835433750595e-06,1.472735527596212e-05,0.0208025890878436,3,80,C1
0.0001180448665067,0.0001770672997601,0.4262746829269824,1.4740178621886187e-05,1.4740178621886187e-05,0.0354857445550041,p22,True,True,True,True,0.2,4.1274756962863286e-05,0.0002063737848143,0.4968275893140509,5.007107340508151e-06,1.7201838010381526e-05,0.0414119832039625,3,320,C1
6.826466292572214e-05,0.0001023969943885,0.443299155622443,9.886717875874503e-06,9.886717875874503e-06,0.0428017805837193,p22,True,True,True,True,0.5,2.086345604494576e-05,0.0001043172802247,0.4516124962121742,4.187904332223008e-06,1.4387479042653035e-05,0.0622865675816633,3,800,C1
4.866272801151802e-05,7.299409201727703e-05,0.4160418643669496,6.653996123357858e-06,6.653996123357858e-06,0.0379255481662408,p22,True,True,True,True,1.0,1.549999450979167e-05,7.749997254895834e-05,0.4417238734886156,5.32700759506836e-06,1.830085027119439e-05,0.1043087139781938,3,1600,C1
0.0001589744460811,0.0002384616691216,0.1849505815397879,0.0001285246113583,0.0001285246113583,0.0996835327894056,p22,True,True,True,True,0.0,0.0001804405763961,0.0009022028819806,0.6997474617358428,5.8615454017577e-06,2.013724644483054e-05,0.0156184239349637,4,0,C1
0.0001522587781099,0.0002283881671649,0.1834518518681075,0.0001247420998294,0.0001247420998294,0.1001985764135537,p22,True,True,True,True,0.000625,0.0001744752381138,0.0008723761905692,0.7007325715345731,5.659279751914427e-06,1.9442366006474404e-05,0.0156170001837655,4,1,C1
0.0001415366702087,0.0002123050053131,0.1898561933299297,0.000110493186663,0.000110493186663,0.098809803272448,p22,True,True,True,True,0.003125,0.0001557144050218,0.0007785720251092,0.6962469900433091,4.910783491767485e-06,1.6870918952751482e-05,0.0150870133543131,4,5,C1
0.0001488186263771,0.0002232279395656,0.2163534383021851,9.479372010733246e-05,9.479372010733246e-05,0.0918744638981082,p22,True,True,True,True,0.00625,0.0001398584324206,0.0006992921621034,0.6777568432662033,4.209182797794193e-06,1.4460580874304176e-05,0.0140152545335032,4,10,C1
0.0001618540435439,0.0002427810653159,0.2606121392121324,7.03987743294847e-05,7.03987743294847e-05,0.0755692176902119,p22,True,True,True,True,0.0125,0.0001210377088865,0.0006051885444325,0.6496366633288619,3.845644027878082e-06,1.3211649184743938e-05,0.0141819797687937,4,20,C1
0.0001654703365572,0.0002482055048358,0.3023796504555621,4.32855113888836e-05,4.32855113888836e-05,0.0527331487358268,p22,True,True,True,True,0.025,0.0001029516915811,0.0005147584579058,0.6271113232300538,4.247192519421312e-06,1.459116267129498e-05,0.0177758775785573,4,40,C1
0.000163377616694,0.0002450664250411,0.3438053030226489,2.643015486380502e-05,2.643015486380502e-05,0.0370790384703295,p22,True,True,True,True,0.05,8.530138000884288e-05,0.0004265069000442,0.598349341352428,4.308665457029913e-06,1.4802351975388896e-05,0.0207663171545937,4,80,C1
0.0001127519293474,0.0001691278940211,0.4111062746251137,2.0389932315653116e-05,2.0389932315653116e-05,0.0495626647671693,p22,True,True,True,True,0.2,4.057102200097808e-05,0.0002028551100048,0.4930884349116389,5.537524612939261e-06,1.9024078153797825e-05,0.0462426256960779,4,320,C1
5.781730843955029e-05,8.672596265932544e-05,0.4108659494814966,1.4250899934320036e-05,1.4250899934320036e-05,0.0675139180118469,p22,True,True,True,True,0.5,1.887038327422934e-05,9.435191637114672e-05,0.4469940547965949,4.585129886718303e-06,1.575214114740404e-05,0.0746260777100615,4,800,C1
4.233912285014438e-05,6.350868427521657e-05,0.4028216486883404,7.373509791806639e-06,7.373509791806639e-06,0.046768554644963,p22,True,True,True,True,1.0,1.4049310850345597e-05,7.024655425172799e-05,0.4455584794629179,4.811785417559922e-06,1.653081263586046e-05,0.1048513172037786,4,1600,C1
0.0002048419059065,2.406661962291663e-05,0.25000000932185,0.0001129536683024,2.406661950954485e-05,0.2500000081441629,p22,True,True,True,True,0.0,0.0002078965898975,2.406661959515376e-05,0.250000009033454,6.772303426695505e-06,2.406661617452472e-05,0.249999973500533,0,0,IGE
0.0001915417530313,2.250400127703581e-05,0.2457841430003651,0.0001093561870606,2.330011751328305e-05,0.2544791632523582,p22,True,True,True,True,0.000625,0.0002011590067596,2.3286660431557628e-05,0.2543321877319406,6.3228050633428325e-06,2.246924170674126e-05,0.2454045060153359,0,1,IGE
0.0001475947227982,1.734071959648237e-05,0.2291145053962264,9.59672481277274e-05,2.0447385912983904e-05,0.2701613784845125,p22,True,True,True,True,0.003125,0.0001795873263769,2.078946975587713e-05,0.2746811661457132,4.814230421211781e-06,1.710824640052469e-05,0.2260429499735478,0,5,IGE
0.0001132036961905,1.3300160843895025e-05,0.212724788540624,8.147517618852811e-05,1.73596138511536e-05,0.2776522952599177,p22,True,True,True,True,0.00625,0.0001619518119746,1.8747939316655455e-05,0.2998573831938735,3.690577236867576e-06,1.3115139742855388e-05,0.2097655330055846,0,10,IGE
8.969571720569079e-05,1.0538237760679354e-05,0.2088247032766787,5.9291519169131634e-05,1.263302426057621e-05,0.2503347905610212,p22,True,True,True,True,0.0125,0.0001440191509432,1.6672010454219893e-05,0.3303709514999324,2.9887994749452685e-06,1.0621244391175578e-05,0.2104695546623675,0,20,IGE
8.507968148642437e-05,9.995905490679602e-06,0.2323191446700256,3.4868955224195484e-05,7.429399068552464e-06,0.1726698635384003,p22,True,True,True,True,0.025,0.0001304161015413,1.5097288062418545e-05,0.3508825741468273,2.955812311704931e-06,1.0504018486432122e-05,0.2441284176447468,0,40,IGE
9.93575594315568e-05,1.1673395533584562e-05,0.274119520309839,2.0762474316636263e-05,4.423783458869635e-06,0.1038811197831122,p22,True,True,True,True,0.05,0.0001171664513991,1.3563476036454554e-05,0.3185031753743055,3.6369041036502833e-06,1.2924402468602008e-05,0.3034961845327433,0,80,IGE
9.03322608662783e-05,1.0613024480149377e-05,0.3428123060706796,1.2507233395474352e-05,2.664869868943696e-06,0.0860782133179438,p22,True,True,True,True,0.2,7.82412709042438e-05,9.05740158807563e-06,0.2925639841144265,2.426611659311576e-06,8.623407388846756e-06,0.2785454964969501,0,320,IGE
9.11080511937966e-05,1.0704171116560958e-05,0.3787515613241938,1.167586078994882e-05,2.4877323888730137e-06,0.0880248004429456,p22,True,True,True,True,0.5,4.858225646458364e-05,5.624001269012492e-06,0.1989971234888188,2.658036178698454e-06,9.445816653544382e-06,0.3342265147440417,0,800,IGE
5.751620405103004e-05,6.7575069609126e-06,0.3403698431986642,1.0243286162555949e-05,2.1824990220011773e-06,0.1099306081661003,p22,True,True,True,True,1.0,3.6971281370063495e-05,4.279886289222342e-06,0.2155742100743598,1.8666642727121589e-06,6.633532159970323e-06,0.3341253385608755,0,1600,IGE
0.000147361824805,2.5661867603277264e-05,0.2500000074028156,0.0001216792203288,2.5661867624965583e-05,0.250000007614105,p22,True,True,True,True,0.0,0.0002123452478296,2.5661867812481276e-05,0.2500000094408982,7.344319282140752e-06,2.566186433286382e-05,0.2499999755421811,1,0,IGE
0.0001394269786375,2.4280078445391328e-05,0.2489488157473263,0.0001178016241089,2.484409150321321e-05,0.2547317617590777,p22,True,True,True,True,0.000625,0.0002039278802279,2.4644631133387028e-05,0.252686652103916,6.800472186797223e-06,2.3761602396748794e-05,0.2436327703896799,1,1,IGE
0.0001149568795372,2.001880898715757e-05,0.2521978107878666,0.0001032262112315,2.17701704604301e-05,0.2742615374431784,p22,True,True,True,True,0.003125,0.0001734077959198,2.0956286905555056e-05,0.2640081976512152,4.76005057601424e-06,1.6632143484867995e-05,0.2095324541177396,1,5,IGE
9.541329320810216e-05,1.6615451804686294e-05,0.2488493250519201,8.723130642976717e-05,1.839688183655025e-05,0.2755297708362191,p22,True,True,True,True,0.00625,0.0001568484227191,1.895509097356519e-05,0.2838900591158796,3.6637937576147503e-06,1.2801700843825216e-05,0.191730844995981,1,10,IGE
7.810581844405738e-05,1.360149533034472e-05,0.2478843384446786,6.263947817955327e-05,1.32105218359904e-05,0.2407589302712695,p22,True,True,True,True,0.0125,0.0001445210733349,1.7465334015933452e-05,0.3183019707102514,3.0316665213489514e-06,1.0592978325782295e-05,0.1930547605738004,1,20,IGE
7.035030632325049e-05,1.225093574340254e-05,0.2651131455734299,3.606986882172511e-05,7.607052350034555e-06,0.1646184111401838,p22,True,True,True,True,0.025,0.0001340525057255,1.6200210350932142e-05,0.3505763816776014,2.905465399130624e-06,1.0152017638670406e-05,0.2196920616087848,1,40,IGE
7.759374263706227e-05,1.3512321478301736e-05,0.3006475285784852,2.115043353950876e-05,4.460577773547745e-06,0.0992473192561875,p22,True,True,True,True,0.05,0.0001200986258979,1.4513887613476764e-05,0.3229322546880451,3.5652208448898327e-06,1.2457276178166516e-05,0.2771728974772819,1,80,IGE
6.64002191363586e-05,1.1563060070408396e-05,0.3517810694187719,1.196318138219512e-05,2.523007430304388e-06,0.0767570389308405,p22,True,True,True,True,0.2,8.534754393033225e-05,1.0314228422091058e-05,0.313788070152656,2.4240075020905752e-06,8.469750465745113e-06,0.2576738214977314,1,320,IGE
7.05310152252745e-05,1.2282404734266416e-05,0.382326627034624,1.2817087860295632e-05,2.7030943419881877e-06,0.084141905814704,p22,True,True,True,True,0.5,5.3166592958640365e-05,6.425168891179596e-06,0.2000026219164654,3.066518597732894e-06,1.071475533758218e-05,0.3335288452342065,1,800,IGE
4.808852471945146e-05,8.37422688148722e-06,0.3596388460514417,1.10984153910149e-05,2.3406302722961145e-06,0.1005205115737382,p22,True,True,True,True,1.0,3.9360995458300327e-05,4.7567660342890646e-06,0.2042836755820732,2.236185008818775e-06,7.813477888826828e-06,0.3355569667927469,1,1600,IGE
0.0001673227764288,2.543796656434357e-05,0.2500000085310514,0.0001189868173713,2.5437966441149944e-05,0.2500000073203254,p22,True,True,True,True,0.0,0.0001918588341054,2.543796658049935e-05,0.2500000086898277,7.26467743850601e-06,2.543796319917992e-05,0.2499999754587954,2,0,IGE
0.0001563637671822,2.3771875929566425e-05,0.2473533596279595,0.0001150691922115,2.460042477439448e-05,0.2559746540092407,p22,True,True,True,True,0.000625,0.0001852007681244,2.4555194303141205e-05,0.2555040176549538,6.619104963171939e-06,2.3177429402743555e-05,0.2411679687078459,2,1,IGE
0.0001219313722933,1.8537142627814973e-05,0.2372079851716123,0.0001004324016976,2.1471253038194014e-05,0.2747539237604823,p22,True,True,True,True,0.003125,0.0001655311580514,2.1947261830171336e-05,0.2808451045177306,4.624050180598893e-06,1.619155417717017e-05,0.2071929865501748,2,5,IGE
0.0001001248043387,1.5221905106947457e-05,0.2296010212175838,8.455442913460859e-05,1.807673134129333e-05,0.2726620582033811,p22,True,True,True,True,0.00625,0.0001531586276811,2.030682647809395e-05,0.3062999055834763,3.624558468355995e-06,1.2691738306591222e-05,0.1914370149955587,2,10,IGE
8.86180883381775e-05,1.3472546991240526e-05,0.2408105288235757,6.054136620404886e-05,1.2943024074625404e-05,0.2313457488040889,p22,True,True,True,True,0.0125,0.0001404888467209,1.862697959405507e-05,0.3329417080041917,3.1140427078216027e-06,1.090411852044062e-05,0.1949020143681436,2,20,IGE
7.868859741885519e-05,1.1962973319337764e-05,0.2537314114506385,3.529199402190732e-05,7.5450085934224195e-06,0.1600275808290646,p22,True,True,True,True,0.025,0.0001298616786372,1.7217956403538212e-05,0.3651881738717404,2.976425295113065e-06,1.0422237981396884e-05,0.2210528338485565,2,40,IGE
8.682321649812634e-05,1.3199673860463162e-05,0.2877553081573801,2.0977603234840907e-05,4.484762084512184e-06,0.0977686349892932,p22,True,True,True,True,0.05,0.0001169306535912,1.550347197802142e-05,0.3379785291443801,3.62213898459412e-06,1.2683266252681524e-05,0.2764975277089466,2,80,IGE
7.786804978511706e-05,1.183822602720592e-05,0.3559639493398729,1.2525240871703008e-05,2.677747535404847e-06,0.0805172654963061,p22,True,True,True,True,0.2,7.788266761560342e-05,1.0326220865685273e-05,0.3104994238712547,2.4030807657804565e-06,8.414617249289969e-06,0.2530193612925662,2,320,IGE
7.695685100969174e-05,1.1699697104381148e-05,0.3728570940145166,1.290750088137375e-05,2.7594701792457462e-06,0.0879414247115852,p22,True,True,True,True,0.5,5.0710285336720046e-05,6.723519142068813e-06,0.2142715137406419,2.911762685356612e-06,1.0195815665847268e-05,0.3249299675332561,2,800,IGE
5.3256087617585394e-05,8.096486354563331e-06,0.3483487134885702,1.0650035548536116e-05,2.2768509391699302e-06,0.09796077714848,p22,True,True,True,True,1.0,3.900085944479141e-05,5.171002752065188e-06,0.2224807252484913,2.198464899090733e-06,7.69813521262959e-06,0.3312097841144583,2,1600,IGE
0.0001784055874334,2.237093145589835e-05,0.2500000098834575,0.0001185871818581,2.2370931316494912e-05,0.2500000083255938,p22,True,True,True,True,0.0,0.0002003792325506,2.237093151670493e-05,0.2500000105629841,6.258796356990074e-06,2.2370927996860956e-05,0.2499999712279645,3,0,IGE
0.0001662371781277,2.0845089948237492e-05,0.2460431417931313,0.0001149844890144,2.1691299733224412e-05,0.2560313027764268,p22,True,True,True,True,0.000625,0.0001927476794351,2.1518922304275527e-05,0.2539966613189841,5.781793511859739e-06,2.066596817806277e-05,0.2439288941114577,3,1,IGE
0.0001299410562205,1.629378599536499e-05,0.2316429941818968,0.0001014285689594,1.9134037205096626e-05,0.2720218413471995,p22,True,True,True,True,0.003125,0.0001694670490539,1.8919803716510387e-05,0.2689761595907147,4.474266196321731e-06,1.5992449858975516e-05,0.2273590048801889,3,5,IGE
0.0001077285815821,1.3508482268323407e-05,0.22488833845242,8.652080881487447e-05,1.6321756205998968e-05,0.2717235408747479,p22,True,True,True,True,0.00625,0.000153126818436,1.70955319321181e-05,0.2846053090797369,3.676712245966104e-06,1.3141738479447872e-05,0.218782811593095,3,10,IGE
9.020332508908276e-05,1.1310926029235549e-05,0.2282139190964579,6.338556338879738e-05,1.1957397610850638e-05,0.2412573969552585,p22,True,True,True,True,0.0125,0.0001377654799887,1.5380546571432948e-05,0.3103242653908091,3.053436433951505e-06,1.0913952573425984e-05,0.2202044185574744,3,20,IGE
8.596132542334143e-05,1.0779006120652833e-05,0.2511258297213634,3.781120388609011e-05,7.132911263053117e-06,0.1661802803721374,p22,True,True,True,True,0.025,0.0001261180868066,1.4080197069606248e-05,0.3280359183552469,3.0580982230713697e-06,1.0930615289831602e-05,0.2546579715512522,3,40,IGE
9.730258265980804e-05,1.2201127994248064e-05,0.2903342225797881,2.282576622161046e-05,4.305976753885859e-06,0.1024636749877105,p22,True,True,True,True,0.05,0.0001165318902437,1.3009965668449955e-05,0.3095810706944343,3.499227603267839e-06,1.250735193994702e-05,0.2976210317380671,3,80,IGE
8.798149334652865e-05,1.1032322391679856e-05,0.3562436959751802,1.256909865001944e-05,2.3711031681837347e-06,0.0765650718120116,p22,True,True,True,True,0.2,8.05850384551206e-05,8.996752575617902e-06,0.2905133004207215,2.397182498661555e-06,8.568292370305334e-06,0.2766779317920866,3,320,IGE
8.680932349394904e-05,1.0885339711350343e-05,0.3826586234851546,1.302862103140026e-05,2.457789970848118e-06,0.086400108035185,p22,True,True,True,True,0.5,4.996180932559954e-05,5.577884497541692e-06,0.1960825900144285,2.66501011830104e-06,9.525593431528389e-06,0.3348586784652318,3,800,IGE
5.6420490123866736e-05,7.074772351174763e-06,0.348934345016813,1.1315877994770948e-05,2.134688803969289e-06,0.105284834996007,p22,True,True,True,True,1.0,3.805910050970983e-05,4.249030801506989e-06,0.2095661465960688,1.9071824249811188e-06,6.816876324547739e-06,0.3362146733911109,3,1600,IGE
0.0001589744460082,2.1028684822933004e-05,0.2500000100220818,0.0001285246110319,2.10286848380091e-05,0.2500000102013143,p22,True,True,True,True,0.0,0.0001804405765436,2.1028684865661337e-05,0.2500000105300585,5.86154540122661e-06,2.102868139310954e-05,0.2499999692465455,4,0,IGE
0.0001484620253132,1.9638131893998985e-05,0.2457085082338633,0.0001241084983079,2.030613806712216e-05,0.2540664722792756,p22,True,True,True,True,0.000625,0.0001758332613154,2.0491744772328144e-05,0.2563887474783897,5.432232872711261e-06,1.9488494332828425e-05,0.2438362720084713,4,1,IGE
0.0001194510764613,1.580064659281973e-05,0.2348125291759044,0.0001076652400097,1.7615757651369875e-05,0.2617867935447434,p22,True,True,True,True,0.003125,0.0001614343425227,1.8813683598401343e-05,0.2795891043385134,4.1979399777698205e-06,1.506038702377801e-05,0.2238115729408387,4,5,IGE
0.0001035058800662,1.3691461639817932e-05,0.2351314525716798,8.996607493743561e-05,1.4719890772533573e-05,0.2527932656201277,p22,True,True,True,True,0.00625,0.0001497580299191,1.7452917063305196e-05,0.2997291194077784,3.4465421648233707e-06,1.236469772576052e-05,0.2123461624004139,4,10,IGE
9.131760632674954e-05,1.2079231665510073e-05,0.2463104101395278,6.376654025701148e-05,1.043322728237641e-05,0.2127463535895789,p22,True,True,True,True,0.0125,0.0001370584627633,1.597289964835316e-05,0.3257070956538569,2.9421975637955597e-06,1.0555328148049938e-05,0.2152361406170362,4,20,IGE
8.744312695618967e-05,1.1566726620943184e-05,0.2680516011366532,3.784458419813668e-05,6.191980100453637e-06,0.1434952372028612,p22,True,True,True,True,0.025,0.000126356238688,1.472565414652158e-05,0.3412577560718589,2.973257699937714e-06,1.0666758438570812e-05,0.2471954055886265,4,40,IGE
9.58393066001067e-05,1.267734923911846e-05,0.2984622629845391,2.387988044630171e-05,3.90713090545707e-06,0.0919854071875862,p22,True,True,True,True,0.05,0.0001144370517882,1.3336582852404272e-05,0.3139825702937066,3.4994445588910253e-06,1.2554488559684393e-05,0.295569759534168,4,80,IGE
8.819679793926224e-05,1.1666420062003517e-05,0.3515637554660163,1.3503983026287888e-05,2.2094679053114084e-06,0.0665815931746515,p22,True,True,True,True,0.2,8.886534100837167e-05,1.03564358269066e-05,0.3120878087022019,2.495296605226611e-06,8.952041432902248e-06,0.2697668426571304,4,320,IGE
8.608174072645172e-05,1.1386646345991617e-05,0.3809892097934633,1.3963907024009624e-05,2.284718837563804e-06,0.0764450917394211,p22,True,True,True,True,0.5,5.39190406833333e-05,6.283766858360471e-06,0.210250436972241,2.7684299251862245e-06,9.931925263891772e-06,0.3323152614948744,4,800,IGE
5.441289049171863e-05,7.197581455296726e-06,0.3465103989992029,1.246514208260216e-05,2.039496888661813e-06,0.0981867152233157,p22,True,True,True,True,1.0,3.9092546182134335e-05,4.555875679445337e-06,0.2193317726628336,1.945236214864275e-06,6.978663440559399e-06,0.3359711131146478,4,1600,IGE
0.0002048419058117,0.0022912914984089,0.6464216812195225,0.0001129536682104,0.0010470599886145,0.2953977172472021,p22,True,True,True,True,0.0,0.0002078965898312,0.0001994703853542,0.0562748048180379,6.772303445601345e-06,6.755243424201088e-06,0.0019057967152374,0,0,ILN
0.0001862917156414,0.0020837954156971,0.6321988192376725,0.0001090414379929,0.0010107943250742,0.3066630121125794,p22,True,True,True,True,0.000625,0.0002031523446931,0.0001949184280245,0.0591359396975821,6.616229185480205e-06,6.599562328715744e-06,0.0020022289521659,0,1,ILN
0.0001270658329016,0.0014213149477982,0.5722046383572854,9.445939633795506e-05,0.0008756214474583,0.3525148697387302,p22,True,True,True,True,0.003125,0.0001885920851578,0.0001809483067122,0.0728476546060484,6.058253205856621e-06,6.042991939114768e-06,0.0024328372979357,0,5,ILN
8.544793520931461e-05,0.00095579137836,0.5138210014428899,7.865925812782912e-05,0.0007291570360186,0.3919853295800568,p22,True,True,True,True,0.00625,0.0001769248067891,0.0001697539118732,0.0912574929763662,5.475562592738017e-06,5.461769174330099e-06,0.002936176000687,0,10,ILN
5.4856909416245134e-05,0.0006136106265772,0.4795646481074478,5.452393992926854e-05,0.000505427019999,0.3950142329539717,p22,True,True,True,True,0.0125,0.0001624731281779,0.0001558879706188,0.1218335480775771,4.601946919765304e-06,4.5903542152202885e-06,0.0035875708610033,0,20,ILN
3.538711968786955e-05,0.0003958282177305,0.4894519837003161,2.8396080676050385e-05,0.0002632265103066,0.3254864910105489,p22,True,True,True,True,0.025,0.0001518540402823,0.0001456992823081,0.1801609879111421,3.973157395002195e-06,3.963148665958998e-06,0.0049005373779928,0,40,ILN
2.3253834790778136e-05,0.0002601094426961,0.4763624952671766,1.5583246794357977e-05,0.0001444538674094,0.2645517364416626,p22,True,True,True,True,0.05,0.0001433979614517,0.0001375859346851,0.2519738556236675,3.89314319470497e-06,3.883336028391554e-06,0.0071119126674932,0,80,ILN
1.1418882298559525e-05,0.000127727711907,0.3858967407785746,8.700586851259167e-06,8.065285982963428e-05,0.2436720683242735,p22,True,True,True,True,0.2,0.0001217259043311,0.0001167922622695,0.3528580656856042,5.831206631121041e-06,5.8165173144483126e-06,0.0175731252115477,0,320,ILN
6.793138999850373e-06,7.598572946383277e-05,0.3497212975941618,5.632486853827193e-06,5.221213011030843e-05,0.2403042521428107,p22,True,True,True,True,0.5,8.685788633151264e-05,8.333747115171754e-05,0.3835573963038269,5.754263497449344e-06,5.739768007222461e-06,0.0264170539592006,0,800,ILN
3.4893369560549754e-06,3.903052976787125e-05,0.3201043213221194,3.060673594001883e-06,2.8371888308381395e-05,0.2326887209985399,p22,True,True,True,True,1.0,4.7778234065854605e-05,4.58417464586468e-05,0.3759657177506494,8.708428380698419e-06,8.686491092192273e-06,0.0712412399286912,0,1600,ILN
0.0001473618249902,0.0017804348413533,0.5785992531103548,0.0001216792200965,0.0010835783356117,0.3521373549368227,p22,True,True,True,True,0.0,0.0002123452478845,0.0002058068876041,0.0668823754101587,7.344319287065476e-06,7.326737439788264e-06,0.0023810165426637,1,0,ILN
0.0001354365179191,0.0016363525309951,0.5660131021750537,0.0001174108471555,0.0010455676017861,0.361661042233223,p22,True,True,True,True,0.000625,0.0002083854077843,0.0002019689756445,0.0698609158370948,7.143279081439011e-06,7.126178512011214e-06,0.0024649397546283,1,1,ILN
9.82200924445452e-05,0.0011867013367997,0.5197213404620871,0.0001014320834512,0.0009032734437036,0.3955927834643085,p22,True,True,True,True,0.003125,0.0001930019523741,0.0001870591949448,0.0819234398139723,6.32272172689079e-06,6.307585521146809e-06,0.0027624362596321,1,5,ILN
7.167310013145096e-05,0.0008659589053695,0.4832774753952397,8.404013791200781e-05,0.0007483946124164,0.4176667699186444,p22,True,True,True,True,0.00625,0.0001775169625141,0.0001720510061607,0.0960188472928437,5.454729242194429e-06,5.441670956909405e-06,0.0030369073932721,1,10,ILN
4.8510489594459234e-05,0.0005861067874992,0.4652834938244836,5.756808653731788e-05,0.0005126555819882,0.4069739259185496,p22,True,True,True,True,0.0125,0.0001613269498738,0.0001563595030779,0.1241266906243933,4.565782209713458e-06,4.554852008782029e-06,0.0036158896325733,1,20,ILN
3.228349931963404e-05,0.000390051270017,0.4843461721315258,2.9847810442316363e-05,0.0002658008551918,0.3300582171052946,p22,True,True,True,True,0.025,0.0001499561605283,0.0001453388337289,0.1804744996102303,4.1340045225698895e-06,4.1241079707836486e-06,0.0051211111529491,1,40,ILN
2.171728214383241e-05,0.0002623895692858,0.4802185538891805,1.6198068339818284e-05,0.0001442471107051,0.2639973040622875,p22,True,True,True,True,0.05,0.0001401038819841,0.0001357899184449,0.2485191711158069,3.979077818587983e-06,3.96955215177312e-06,0.0072649709327249,1,80,ILN
9.75153412907112e-06,0.0001178186489017,0.3733342390441952,8.899165526711555e-06,7.92488886937095e-05,0.2511174914274096,p22,True,True,True,True,0.2,0.0001168597330713,0.0001132614842539,0.3588938629929658,5.2684916832295045e-06,5.255879239171014e-06,0.0166544065354293,1,320,ILN
6.108659997498201e-06,7.380521443898366e-05,0.344874022711694,5.786903062947082e-06,5.153355506651028e-05,0.240803913050276,p22,True,True,True,True,0.5,8.501699877819672e-05,8.239922525367155e-05,0.3850317690636065,6.28334972186721e-06,6.268307770274263e-06,0.0292902951744234,1,800,ILN
3.542175074796166e-06,4.279678212289159e-05,0.3293326115073757,3.202225080035612e-06,2.851646912041673e-05,0.2194418080179189,p22,True,True,True,True,1.0,5.1059366158648303e-05,4.948718813742857e-05,0.3808170637375717,9.171544841694404e-06,9.149588729167166e-06,0.0704085167371336,1,1600,ILN
0.0001673227765245,0.0020030016826154,0.6123741004483579,0.0001189868172898,0.0010743251775787,0.3284515035203241,p22,True,True,True,True,0.0,0.0001918588340749,0.0001863058863339,0.05695896341086,7.264677412274001e-06,7.246412386234479e-06,0.0022154326204578,2,0,ILN
0.0001514083429072,0.0018124918310856,0.5964130499936845,0.0001147624611753,0.0010361837074877,0.340963459662249,p22,True,True,True,True,0.000625,0.0001887449094181,0.0001832820876333,0.0603102463800688,7.047638939705477e-06,7.029919596994763e-06,0.0023132439639976,2,1,ILN
0.0001030162480785,0.0012331956385376,0.5347877323131714,9.893782629220515e-05,0.0008933039829249,0.3873902861521924,p22,True,True,True,True,0.003125,0.0001783508580563,0.0001731888700815,0.0751051010873181,6.28079126939616e-06,6.264999953474754e-06,0.0027168804473179,2,5,ILN
7.265040946138329e-05,0.0008696896825191,0.4893705033415524,8.169846614216495e-05,0.0007376507847272,0.4150728047809596,p22,True,True,True,True,0.00625,0.0001692047338826,0.0001643074611074,0.0924550751390354,5.525962703158424e-06,5.512069195306846e-06,0.0031016167384525,2,10,ILN
4.880869501889501e-05,0.0005842832654331,0.4691948460874966,5.558058016856936e-05,0.0005018338839507,0.4029858218978698,p22,True,True,True,True,0.0125,0.0001592399892192,0.0001546311248806,0.1241728646548272,4.552351983081156e-06,4.540906350633449e-06,0.0036464673598063,2,20,ILN
3.262487552170153e-05,0.0003905486265672,0.4863865993102472,2.902509898002405e-05,0.0002620659609709,0.3263751627345289,p22,True,True,True,True,0.025,0.0001507499661671,0.0001463868275703,0.182309157944211,3.967826469994433e-06,3.957850465599206e-06,0.0049290800110127,2,40,ILN
2.21777868700327e-05,0.0002654877317963,0.480090589151872,1.6093206185170367e-05,0.0001453046395095,0.262759373160611,p22,True,True,True,True,0.05,0.0001424675190981,0.0001383440983958,0.2501723874589644,3.868332071071731e-06,3.858606217878543e-06,0.0069776502285526,2,80,ILN
1.1119487279137682e-05,0.0001331101012817,0.3919087889594265,8.783626575798894e-06,7.930686269084427e-05,0.233498857066765,p22,True,True,True,True,0.2,0.0001260162075884,0.0001223689352663,0.3602841614925533,4.871964030105831e-06,4.859714821390362e-06,0.014308192481255,2,320,ILN
7.008002673586737e-06,8.389199270135389e-05,0.3590238875945347,5.682386749263538e-06,5.1305945419148056e-05,0.2195687501031105,p22,True,True,True,True,0.5,9.312597105264708e-05,9.04306369905946e-05,0.3870066475306105,8.058568837177975e-06,8.038307790293271e-06,0.0344007147717442,2,800,ILN
3.444816427431069e-06,4.123750061865248e-05,0.3226778530389252,3.1226771554406405e-06,2.819447369002509e-05,0.2206179351651755,p22,True,True,True,True,1.0,5.002209265694397e-05,4.857430909378321e-05,0.3800873849309271,9.816137346953432e-06,9.791457379203356e-06,0.0766168268649722,2,1600,ILN
0.0001784055871439,0.0020606461546335,0.6209714790105919,0.0001185871821875,0.0010579135674792,0.3188000769495652,p22,True,True,True,True,0.0,0.0002003792320079,0.0001936194084733,0.0583468103800951,6.258796376823058e-06,6.244056766610636e-06,0.0018816336597478,3,0,ILN
0.0001615273254701,0.0018656964023764,0.6050294379770427,0.0001146267376588,0.0010225825315033,0.3316147973124247,p22,True,True,True,True,0.000625,0.0001959223556519,0.0001893128855117,0.0613925548535487,6.068134157229469e-06,6.0538435609535685e-06,0.0019632098569837,3,1,ILN
0.0001122780841766,0.0012968506542436,0.5478251566973529,9.96976006215654e-05,0.0008894000379894,0.3757068815779522,p22,True,True,True,True,0.003125,0.0001817509003053,0.0001756195063429,0.0741864788105168,5.4136377806522674e-06,5.400888538479516e-06,0.0022814829141779,3,5,ILN
8.068507789685612e-05,0.0009319405191628,0.5053214060945623,8.328054381417532e-05,0.0007429438458932,0.4028426934299547,p22,True,True,True,True,0.00625,0.000170290278178,0.0001645455100271,0.0892206817750274,4.83451031762e-06,4.823124934015969e-06,0.0026152187004553,3,10,ILN
5.251317473932996e-05,0.0006065453068288,0.4738750135323973,5.795219674497916e-05,0.0005169902351231,0.4039084169094545,p22,True,True,True,True,0.0125,0.0001575727020124,0.0001522569632065,0.1189536374078037,4.186310719863513e-06,4.176451861302885e-06,0.0032629321503442,3,20,ILN
3.402426340076687e-05,0.0003929919946086,0.4831366193149215,3.0808298886737456e-05,0.0002748401368681,0.3378830520726903,p22,True,True,True,True,0.025,0.0001468184232993,0.0001418654817036,0.1744066295701873,3.729111005089268e-06,3.7203288624304313e-06,0.0045736990422008,3,40,ILN
2.268821730490683e-05,0.0002620567466148,0.4768355982039329,1.6729619121341114e-05,0.0001492445534225,0.2715637617776881,p22,True,True,True,True,0.05,0.0001393259206344,0.0001346257397432,0.2449635278364557,3.656198892920313e-06,3.647588459971848e-06,0.0066371121819233,3,80,ILN
1.134350059566748e-05,0.0001310213500415,0.3877981682783466,8.944159277450581e-06,7.9790642418206e-05,0.2361650598603262,p22,True,True,True,True,0.2,0.0001259108727841,0.0001216632505501,0.3600999813785493,5.397108632048697e-06,5.384398316403171e-06,0.0159367904827778,3,320,ILN
6.527580782905342e-06,7.539581273596417e-05,0.3490947213028043,5.830849258610115e-06,5.201687422552632e-05,0.2408464814139643,p22,True,True,True,True,0.5,8.538701496497658e-05,8.250647117048029e-05,0.3820182118044561,6.070367755432367e-06,6.056071898981043e-06,0.0280405854787752,3,800,ILN
4.000689630599055e-06,4.620934711268424e-05,0.3414867423678678,3.2555214785682937e-06,2.9042433405241564e-05,0.2146233737041774,p22,True,True,True,True,1.0,5.3075492979339245e-05,5.128498323960684e-05,0.3789956567916271,8.802094546070091e-06,8.781365409851121e-06,0.0648942271363276,3,1600,ILN
0.0001589744461699,0.001909025797498,0.5933354166515524,0.0001285246115179,0.0011274527153958,0.3504183272541618,p22,True,True,True,True,0.0,0.000180440576651,0.0001751219360874,0.054428833308312,5.861545395274337e-06,5.847463148187724e-06,0.0018174227859736,4,0,ILN
0.0001428379447824,0.001715252532848,0.5760621363931931,0.0001235806155864,0.0010840826435314,0.3640857259791179,p22,True,True,True,True,0.000625,0.0001777182048328,0.0001724798085106,0.0579267979918828,5.746596835387612e-06,5.732790749946677e-06,0.0019253396358062,4,1,ILN
9.738282930166076e-05,0.0011694101652753,0.516962905083797,0.0001051733641688,0.0009226092467353,0.407859252991132,p22,True,True,True,True,0.003125,0.0001697175931597,0.00016471502172,0.0728158166123619,5.355951925791058e-06,5.343084357032856e-06,0.0023620253127088,4,5,ILN
7.123616858985188e-05,0.0008554310886387,0.4837157299687633,8.544825638587302e-05,0.0007495752568342,0.4238580375925846,p22,True,True,True,True,0.00625,0.0001632815210693,0.0001584686583676,0.0896083667960391,4.995278891234316e-06,4.983277832320805e-06,0.0028178656426129,4,10,ILN
4.896504795537918e-05,0.0005879909757483,0.474508037163479,5.662165475113396e-05,0.0004967004968574,0.4008367263153658,p22,True,True,True,True,0.0125,0.0001544457783091,0.000149893356694,0.1209637654357256,4.585336350568319e-06,4.57432017051519e-06,0.0036914710854294,4,20,ILN
3.26595606432516e-05,0.0003921884636493,0.4918497245492744,2.9516119330844576e-05,0.0002589233960287,0.3247199059123379,p22,True,True,True,True,0.025,0.0001460392379863,0.0001417346063484,0.177751600449672,4.539010956370569e-06,4.528106072162389e-06,0.0056787690887158,4,40,ILN
2.2114979185541635e-05,0.0002655651068045,0.4816689857699355,1.6701902235237115e-05,0.0001465136117121,0.265739214025626,p22,True,True,True,True,0.05,0.0001383482576005,0.0001342703241975,0.2435329386960487,5.006573400261565e-06,4.9945452065131055e-06,0.0090588615083896,4,80,ILN
9.45495865024685e-06,0.0001135387504875,0.3638478797784382,9.112966865702288e-06,7.994141446297018e-05,0.2561813833068321,p22,True,True,True,True,0.2,0.0001142308848031,0.0001108638316225,0.3552757970891242,7.72461553937396e-06,7.706057303049072e-06,0.0246949398256053,4,320,ILN
5.947657989960385e-06,7.14217461427001e-05,0.3432489034345652,5.867793117206931e-06,5.1473871076064056e-05,0.2473805354337031,p22,True,True,True,True,0.5,8.141287289776957e-05,7.901315873023155e-05,0.3797328062641498,6.181747277561906e-06,6.166895751774899e-06,0.0296377548675819,4,800,ILN
3.634935105375468e-06,4.364968745337098e-05,0.3329178340071012,3.236652516384086e-06,2.8392792830036884e-05,0.2165529157679739,p22,True,True,True,True,1.0,5.211290864334119e-05,5.057683602077113e-05,0.3857514608083889,8.513631345682563e-06,8.493177514460698e-06,0.0647777894165358,4,1600,ILN
