L_corr1_raw,L_corr2_raw,L_mod2_recon_raw,L_rna_recon_raw,checkpoint_state_sha256,corr1_coefficient,corr1_contribution,corr1_contribution_fraction,corr2_coefficient,corr2_contribution,corr2_contribution_fraction,cross_omics_modality2_attention,cross_omics_rna_attention,dataset,embedding_finite,embedding_l2_mean,fraction_of_training,gradient_norm,mod2_recon_coefficient,mod2_recon_contribution,mod2_recon_contribution_fraction,modality2_feature_attention,modality2_spatial_attention,rna_feature_attention,rna_recon_coefficient,rna_recon_contribution,rna_recon_contribution_fraction,rna_spatial_attention,seed,step,total_loss,variant,wall_seconds
0.1522112637758255,0.2183651030063629,1.1005653142929075,1.00249981880188,93423d0b3e69c181cac2f7edec8b556b4be6d5ca7ad0073e4f8a9ed0f08b9252,1.5,0.2283169031143188,0.0323023028200924,10.0,2.1836509704589844,0.3089432010464722,0.4865572452545166,0.5134426951408386,a1,True,2.2362663745880127,0.0,4.334748682438831,2.5,2.751413345336914,0.3892702898997178,0.5064956545829773,0.4935042858123779,0.5000942349433899,1.9,1.9047496318817136,0.2694842062337175,0.4999057352542877,0,0,7.068130850791931,C0,0.0328730959445238
0.1395523250102996,0.2067739367485046,1.0885218381881714,1.002344250679016,6af9f2935663a6967bf164ce2b6a8b806355ca6b54db4bf02b787a3bd905f0bd,1.5,0.2093284875154495,0.0303250391432985,10.0,2.067739486694336,0.2995496772388509,0.4871130883693695,0.5128868818283081,a1,True,2.1989378929138184,0.005,4.334748675751254,2.5,2.721304655075073,0.3942304803587778,0.5066009163856506,0.493399053812027,0.5000826120376587,1.9,1.904453992843628,0.2758948032590727,0.4999173581600189,0,1,6.902826622128487,C0,0.1142939683049917
0.1143485382199287,0.1660816967487335,1.048891544342041,1.0018552541732788,26319f1c96c840248c03c4fe8b33bec0d10bfe84b873a38df9ba195c76e51946,1.5,0.1715228110551834,0.0269770818943649,10.0,1.6608169078826904,0.2612130331812407,0.4890529811382293,0.5109469890594482,a1,True,2.0883617401123047,0.025,3.220283139656493,2.5,2.6222288608551025,0.4124237603725865,0.5069934725761414,0.4930064976215362,0.5001437664031982,1.9,1.9035249948501587,0.2993861245518078,0.4998562037944793,0,5,6.358093574643135,C0,0.2821473907679319
0.1091207638382911,0.1281395703554153,1.013992190361023,1.0016202926635742,4cb00ad71ce0256e4b9f73af0c31b50e70e7ad6937ac81d0f23fec83ea6a3f50,1.5,0.163681149482727,0.0278220921381212,10.0,1.281395673751831,0.2178082730551427,0.4917463362216949,0.5082536339759827,a1,True,2.037300109863281,0.05,2.2835632322423978,2.5,2.534980535507202,0.4308893372884588,0.5073832273483276,0.4926167726516723,0.5002425312995911,1.9,1.903078556060791,0.3234802975182771,0.4997574687004089,0,10,5.883135914802551,C0,0.4658747166395187
0.112129233777523,0.0878090560436248,0.9677166938781738,1.0016274452209473,b88620460be56349653eefc50f1545d8a131562539af48ef1cade3517da23cc9,1.5,0.1681938469409942,0.0313287835862713,10.0,0.8780905604362488,0.1635583562501299,0.4948654174804687,0.5051345229148865,a1,True,2.0524706840515137,0.1,1.291630280292953,2.5,2.4192917346954346,0.4506316287237198,0.507769763469696,0.4922302365303039,0.5003219246864319,1.9,1.9030921459198,0.3544812314398789,0.4996780753135681,0,20,5.368668287992477,C0,0.7616242486983538
0.1153188273310661,0.0638293996453285,0.9156128764152528,1.0020235776901243,2e5acdb289dfb640bf344fe8039047487f253c9ad0f5ca4d91f4401e621bba71,1.5,0.1729782372713089,0.0345669627251148,10.0,0.638293981552124,0.1275529489491279,0.5008336901664734,0.4991663098335266,a1,True,2.182804584503174,0.2,0.7806013947418994,2.5,2.289032220840454,0.457426857288844,0.5074359774589539,0.4925639927387237,0.5002830028533936,1.9,1.9038447141647337,0.3804532310369132,0.499716967344284,0,40,5.004149153828621,C0,1.2386086490005257
0.1161133870482444,0.0512327402830123,0.8621817231178284,1.0019876956939695,110b1f571e3e67466ecccb569b6d985b3dd88ec86d439242e57a3fd6d1b46142,1.5,0.1741700768470764,0.0367003875013339,10.0,0.5123274326324463,0.1079554860717165,0.4991622567176819,0.5008377432823181,a1,True,2.303056478500366,0.4,0.5887959617318762,2.5,2.155454397201538,0.4541883028977866,0.5049239993095398,0.4950759708881378,0.5010324120521545,1.9,1.9037766456604004,0.4011558235291628,0.4989675879478454,0,80,4.745728552341461,C0,2.0918844006955624
0.115636758506298,0.0481457449495792,0.8433412313461304,1.0017694234848022,56674baaee7b200d3958e748c946025b3b7b26c6a49e2b66c88083cb96c5c70a,1.5,0.1734551340341568,0.0371692682092518,10.0,0.4814574420452118,0.1031703148734405,0.4945055544376373,0.5054944157600403,a1,True,2.334474802017212,0.5,0.5478479314875003,2.5,2.1083531379699707,0.4517937373337806,0.5034394860267639,0.4965605139732361,0.501659631729126,1.9,1.9033619165420528,0.4078666795835269,0.4983403980731964,0,100,4.6666276305913925,C0,2.5560905914753675
0.1112530529499054,0.038856316357851,0.780094563961029,1.000009536743164,410fb97f9f1946b716f6c25d0d870f1fde8b5165effcb1302dd6b032bd45764f,1.5,0.1668795794248581,0.0378781312358191,10.0,0.3885631561279297,0.0881956095044269,0.4684684872627258,0.5315314531326294,a1,True,2.5170068740844727,1.0,0.4221388307522807,2.5,1.950236439704895,0.4426623800144529,0.497441828250885,0.5025581121444702,0.5005698204040527,1.9,1.9000180959701536,0.4312638792453009,0.4994301497936249,0,200,4.405697271227837,C0,4.562991484999657
0.127107948064804,0.243711233139038,1.1146094799041748,1.0018126964569092,7738537747df9a95a022d0659f696a41c6125cd1632673ceb3bd9af5bd1352cd,1.5,0.1906619220972061,0.0260547473334274,10.0,2.437112331390381,0.3330415707504667,0.5016589164733887,0.4983410835266113,a1,True,2.0959432125091557,0.0,5.166379377812914,2.5,2.7865238189697266,0.3807901087078016,0.4996657371520996,0.5003342628479004,0.499798834323883,1.9,1.9034440517425537,0.2601135732083042,0.5002011656761169,1,0,7.317742124199867,C0,0.0364812444895505
0.1193561106920242,0.2282812595367431,1.0983879566192627,1.0017502307891846,e6e8dce7592354a79a3ac0dae7842cb11faeac18da92676cfa7f1906312019d8,1.5,0.1790341734886169,0.0251765713579961,10.0,2.282812595367432,0.3210191277133726,0.5020425915718079,0.4979573786258697,a1,True,2.0719311237335205,0.005,5.166379383397933,2.5,2.745969772338867,0.3861503229973321,0.4997595548629761,0.5002404451370239,0.4999596178531647,1.9,1.903325438499451,0.2676539779312991,0.5000404119491577,1,1,7.111141979694367,C0,0.1211689095944166
0.1144782304763794,0.1750295311212539,1.050498604774475,1.0016237497329712,dfcafc63ba7ac1617d612c1e1116db71e9324b2ab251ab5e4a2eeb468af5da65,1.5,0.1717173457145691,0.0266172972024591,10.0,1.7502952814102173,0.2713070686219261,0.5025131702423096,0.4974868297576904,a1,True,2.014564752578736,0.025,3.6758574052418935,2.5,2.626246452331543,0.4070851553040384,0.5001236796379089,0.4998762309551239,0.5004497170448303,1.9,1.9030851125717163,0.2949904788715764,0.4995502531528473,1,5,6.451344192028046,C0,0.2793365530669689
0.1244023814797401,0.1280326843261718,1.0157393217086792,1.001580834388733,45f052574b9e033e71783fb6217fc96df52e5553ae2c147a7b8be44a0adddfad,1.5,0.1866035759449005,0.0315780436078881,10.0,1.2803268432617188,0.2166636769104914,0.5028921365737915,0.4971078634262085,a1,True,1.9867411851882932,0.05,2.532906654261769,2.5,2.5393483638763428,0.4297219544912896,0.5005195140838623,0.4994804561138153,0.5008097887039185,1.9,1.903003573417664,0.3220363249903308,0.4991902112960815,1,10,5.909282356500626,C0,0.4564470015466213
0.1127716600894928,0.086250402033329,0.9795130491256714,1.0015661716461182,83c5466dae4fc1c02ee9ccb9afbb78d992e600a07a3e00f73c703904d4e5c12c,1.5,0.1691574901342392,0.0314219389617594,10.0,0.8625040054321289,0.1602148872713487,0.5076607465744019,0.4923392236232757,a1,True,1.969488501548767,0.1,1.279205210851731,2.5,2.4487826824188232,0.4548749210958136,0.5010262131690979,0.4989737868309021,0.5011301636695862,1.9,1.9029756784439087,0.3534882526710781,0.498869776725769,1,20,5.3834198564291,C0,0.732675101608038
0.1163629367947578,0.0626066476106643,0.9254640340805054,1.0019004344940186,6f9f41a1206d74daa6e7a7b5d18724501bb58a2dafcccff8f75fafe5b04f7c96,1.5,0.174544408917427,0.0347844797835048,10.0,0.6260664463043213,0.1247670766406832,0.5138798952102661,0.4861200749874115,a1,True,2.099400043487549,0.2,0.7916204501868863,2.5,2.313660144805908,0.4610830277065763,0.5010732412338257,0.4989267289638519,0.5014424920082092,1.9,1.9036108255386357,0.3793654158692355,0.4985574781894684,1,40,5.017881825566292,C0,1.1875391975045204
0.1176924929022789,0.0487690232694149,0.8724403977394104,1.0020982027053833,a12f30ebb15dd51945eccaff9a7e6a5d472867dd9a34f79c84a08473811ea5da,1.5,0.176538735628128,0.037171397335535,10.0,0.4876902401447296,0.1026864026672787,0.5147505402565002,0.4852494597434997,a1,True,2.2538864612579346,0.4,0.556089466688348,2.5,2.181101083755493,0.4592452456667745,0.4992337226867676,0.5007662773132324,0.5020086169242859,1.9,1.9039865732192995,0.4008969543304116,0.4979913532733917,1,80,4.74931663274765,C0,2.013064170256257
0.1174508705735206,0.0457539930939674,0.8542578816413879,1.002038598060608,94e9ab538cfc28168b56bb38c7fc957846f6aadb6e432eca2e0163c09f9db82c,1.5,0.1761763095855713,0.0376990112476605,10.0,0.4575399160385132,0.0979064806248059,0.5118734836578369,0.4881265163421631,a1,True,2.305833578109741,0.5,0.5170530103901024,2.5,2.1356446743011475,0.4569949999910718,0.4980781078338623,0.5019218325614929,0.5021930932998657,1.9,1.903873324394226,0.4073995081364616,0.4978069067001343,1,100,4.673234224319458,C0,2.4765920657664537
0.1119166314601898,0.0375084094703197,0.7912518978118896,1.0009255409240725,c10d2d8563d5266ec5dc2c1183aa6cc2b6e2aca2262cbc0f0fe750ed9d40fcbd,1.5,0.1678749471902847,0.0379563059896639,10.0,0.3750841021537781,0.0848060249101367,0.4917658865451813,0.5082340836524963,a1,True,2.5235378742218018,1.0,0.4152576157758973,2.5,1.978129744529724,0.4472525479666758,0.4928995966911316,0.5071004033088684,0.5006206631660461,1.9,1.9017585515975952,0.4299851211335235,0.4993793368339538,1,200,4.422847345471382,C0,4.501143639907241
0.1371061503887176,0.1959286630153656,1.1562365293502808,1.0022320747375488,8980e9d9cc800dd749bdbdce1623a945eaa8ab71e151915c05bf9bd1f3184072,1.5,0.2056592255830764,0.0295496807192826,10.0,1.9592866897583008,0.2815156769931071,0.4993995130062103,0.5006004571914673,a1,True,2.088461399078369,0.0,4.718885837707704,2.5,2.8905913829803467,0.4153280856465873,0.5019243359565735,0.4980756640434265,0.5012571215629578,1.9,1.904240965843201,0.2736065566410229,0.4987428486347198,2,0,6.959778264164925,C0,0.0323590785264968
0.1245529651641845,0.1846599876880645,1.137985110282898,1.0020672082901,b68f0e8f7c3f4b523939ec2afa7312fbed96ad94be78e046edf7ea320d4087f9,1.5,0.1868294477462768,0.0275465406662912,10.0,1.846599817276001,0.2722666987167871,0.5006363987922668,0.4993635714054107,a1,True,2.0460267066955566,0.005,4.71888583476764,2.5,2.8449628353118896,0.4194675164026322,0.5020503997802734,0.4979496002197265,0.5012310743331909,1.9,1.9039276838302608,0.2807192442142894,0.4987689256668091,2,1,6.782319784164429,C0,0.1268010698258876
0.1071037799119949,0.1455329656600952,1.0706567764282229,1.0015946626663208,6a95d90a93c5f38249abd3271efbfada8d1001c09648f9d35062d65747925518,1.5,0.160655677318573,0.0259303695133574,10.0,1.455329656600952,0.2348951272016301,0.5033100247383118,0.4966899454593658,a1,True,1.9321116209030151,0.025,3.483959351110576,2.5,2.6766419410705566,0.4320190593033334,0.5025542974472046,0.4974456429481506,0.5011125802993774,1.9,1.9030297994613647,0.307155443981679,0.4988873898983001,2,5,6.195657074451447,C0,0.2859795186668634
0.1248077154159545,0.1097140461206436,1.0125774145126345,1.0015140771865845,4f4db86f46d1a7b0ebfb1c22820e006531b55d38f81eb39846e17dc170425f47,1.5,0.1872115731239318,0.0327368945363944,10.0,1.0971404314041138,0.1918522984191482,0.504930317401886,0.4950696527957916,a1,True,1.9155744314193728,0.05,2.271056070403544,2.5,2.5314435958862305,0.4426628153404734,0.503143310546875,0.4968566298484802,0.5009788274765015,1.9,1.902876734733581,0.3327479917039839,0.4990211427211761,2,10,5.718672335147858,C0,0.4668016787618398
0.1336156576871872,0.074651725590229,0.960694432258606,1.0015499591827393,fed13b3ba45134a0ce5ad490f642c7d5bc76df9614156b43cf28b030ca16c384,1.5,0.2004234790802002,0.0381641123294359,10.0,0.7465172410011292,0.1421498517647588,0.5093609690666199,0.4906390011310577,a1,True,1.9213011264801023,0.1,1.2427955275238256,2.5,2.40173602104187,0.4573322632325743,0.503974199295044,0.4960257709026336,0.5006225109100342,1.9,1.9029449224472048,0.3623537726732308,0.499377429485321,2,20,5.251621663570404,C0,0.7353193070739508
0.1246867030858993,0.0557202361524105,0.9149238467216492,1.0017390251159668,5895d7dfa735a78c732592306dacb1060570a06f7955995a6452af566e9a9dd6,1.5,0.1870300471782684,0.0378998741070793,10.0,0.5572023391723633,0.1129117958606623,0.5179129242897034,0.4820870459079742,a1,True,2.0168769359588623,0.2,0.7564380885635563,2.5,2.2873096466064453,0.4635017151424053,0.5040967464447021,0.4959031939506531,0.5001829266548157,1.9,1.903304100036621,0.385686614889853,0.4998170137405395,2,40,4.934846132993698,C0,1.1807744950056076
0.1202453002333641,0.0428342036902904,0.8625432252883911,1.001725435256958,da8b5523364c04284ea0b28c8ed72864873c49da95234b7a6628dbf4ce8a9951,1.5,0.1803679466247558,0.0386363678439434,10.0,0.4283420443534851,0.0917545556090314,0.5173373818397522,0.482662558555603,a1,True,2.125452041625977,0.4,0.5336969023259878,2.5,2.156358003616333,0.4619104590921652,0.5015131235122681,0.4984868764877319,0.5008773803710938,1.9,1.903278350830078,0.4076986174548598,0.4991225898265838,2,80,4.668346345424652,C0,2.02068885974586
0.1202064678072929,0.040025133639574,0.8439447283744812,1.0016416311264038,1c2ba43cb44bd65b054ef67ee7b9be5023e9e6dd7429a5112347a56b363fd2b3,1.5,0.1803096979856491,0.0392528683451404,10.0,0.4002513289451599,0.0871334869703033,0.5150080919265747,0.4849918484687805,a1,True,2.1764566898345947,0.5,0.4938192577341035,2.5,2.1098618507385254,0.4593104551706659,0.5000671744346619,0.4999327957630157,0.5013703107833862,1.9,1.9031190872192385,0.4143031895138903,0.4986296892166137,2,100,4.593541964888573,C0,2.4869859237223864
0.1138400733470916,0.0326331034302711,0.7836748361587524,1.0002808570861816,5ebe718b0e7e8103499472ad8044538d857f10fe75f0a1f4c1924db2b54354b3,1.5,0.1707601100206375,0.0391938236275764,10.0,0.3263310194015503,0.074901336249349,0.4993942677974701,0.5006057024002075,a1,True,2.3661606311798096,1.0,0.3980770837426963,2.5,1.9591870307922363,0.4496836581390456,0.494128406047821,0.5058715343475342,0.500826895236969,1.9,1.9005335569381716,0.4362211819840288,0.4991730451583862,2,200,4.356811717152596,C0,4.459552748128772
0.1361702531576156,0.2118832916021347,1.1016173362731934,1.0018877983093262,b5bfd7ee66b7bbe04e306e9af2333c7c7a10a9e603fc6843a886f9273083aae6,1.5,0.2042553722858429,0.0292599362918378,10.0,2.11883282661438,0.3035264768117368,0.5012072324752808,0.4987927377223968,a1,True,2.084010601043701,0.0,4.387554974450494,2.5,2.7540433406829834,0.3945214845099561,0.4958631694316864,0.5041368007659912,0.5008237361907959,1.9,1.903586745262146,0.2726921023864691,0.4991762340068817,3,0,6.980718284845352,C0,0.0323083363473415
0.124444231390953,0.2011986076831817,1.085582256317139,1.0017725229263306,3bd7dd8058635ae05229da5c4a41ec4f4c1d834eebcdd1e676d57d9771c5f7bd,1.5,0.186666339635849,0.027386590905419,10.0,2.011986017227173,0.2951867919450105,0.50058913230896,0.49941086769104,a1,True,2.0563859939575195,0.005,4.387554980661792,2.5,2.7139556407928467,0.3981756593869265,0.4959935247898102,0.5040064454078674,0.5007659792900085,1.9,1.9033677577972408,0.2792509577626439,0.499233990907669,3,1,6.81597575545311,C0,0.1113730240613222
0.1053664907813072,0.1630511283874511,1.0378553867340088,1.0014551877975464,0be1233b43e885309800b1229ce539079f01c10e59f36d990ea7e93d2885c0e7,1.5,0.1580497324466705,0.0251432760980877,10.0,1.6305112838745115,0.2593892109582503,0.4989739656448364,0.5010260343551636,a1,True,1.9844679832458496,0.025,3.201350297350489,2.5,2.5946383476257324,0.412766964797316,0.4964936971664428,0.5035063028335571,0.5005335807800293,1.9,1.9027647972106931,0.3027005481463459,0.4994663596153259,3,5,6.285964161157608,C0,0.2708260864019394
0.1077443212270736,0.1264505088329315,1.0006825923919678,1.0012962818145752,a4fde9a26faaae1b9371596c3c289d79d5cbd1e66f9da1cf2e4855872fa1439a,1.5,0.1616164743900299,0.0277201376998905,10.0,1.26450514793396,0.2168854193561855,0.4986390769481659,0.5013608932495117,a1,True,1.9571391344070437,0.05,2.362618267522361,2.5,2.501706600189209,0.4290877628886575,0.4970676600933075,0.5029322504997253,0.5005056262016296,1.9,1.9024629592895508,0.3263066800552663,0.4994943737983703,3,10,5.83029118180275,C0,0.4608469437807798
0.109278455376625,0.0861493572592735,0.956691324710846,1.0013489723205566,27563f00cbe2ea021e04a1cb65f29aa1b37573e0e6479632cf75c71414abff22,1.5,0.1639176905155182,0.0308133181765487,10.0,0.8614935874938965,0.1619439362220199,0.5024492740631104,0.4975506961345672,a1,True,1.9874483346939087,0.1,1.4374475620676483,2.5,2.391728401184082,0.4495981366367312,0.4980094730854034,0.5019904971122742,0.5008871555328369,1.9,1.902562975883484,0.3576446089647001,0.4991128146648407,3,20,5.319702655076981,C0,0.7392239812761545
0.1158328801393508,0.0606019273400306,0.9066161513328552,1.0017504692077637,33624c65d1702e460e2651e38856522eb3f112db8e48c1a067f8d7b23327707e,1.5,0.1737493276596069,0.0351034641981827,10.0,0.6060192584991455,0.1224371664091315,0.5090276002883911,0.4909723997116089,a1,True,2.143953561782837,0.2,0.9323697509086428,2.5,2.266540288925171,0.4579207123143323,0.4992330074310303,0.500766932964325,0.501011848449707,1.9,1.9033259153366089,0.3845386570783534,0.4989881515502929,3,40,4.949634790420532,C0,1.214894000440836
0.1164430230855941,0.0455664172768592,0.8579022884368896,1.0017077922821045,282bb96c71ce92254556c32fac2a8afaf105945886da53425d6ca9ca7e8d6dd2,1.5,0.1746645271778106,0.0373348085400207,10.0,0.4556641578674316,0.0973989073076744,0.5092117786407471,0.4907881915569305,a1,True,2.264127254486084,0.4,0.5906939791357032,2.5,2.1447558403015137,0.4584448253836455,0.5001461505889893,0.4998538196086883,0.5028092265129089,1.9,1.9032447338104248,0.4068214587686591,0.497190773487091,3,80,4.678329259157181,C0,2.0706277824938297
0.1159756779670715,0.0425413288176059,0.8405805826187134,1.0015311241149902,2793fe8c679e195df3ad56a2536792e17349e3101d706fe04074441f3c17ff98,1.5,0.1739635169506073,0.0377874547488968,10.0,0.4254132807254791,0.0924060709784223,0.505759596824646,0.4942403733730316,a1,True,2.309432983398437,0.5,0.5280869802017487,2.5,2.1014513969421387,0.4564663957184955,0.5001037120819092,0.4998962879180908,0.5033565759658813,1.9,1.9029091596603396,0.4133400785541853,0.4966433942317962,3,100,4.6037373542785645,C0,2.554963504895568
0.109579898416996,0.0346779190003871,0.7817295789718628,0.9996615052223206,dc30cfaca2d30b0746e4c039e77634efecfe0ced3ac921a17a27139064470e84,1.5,0.1643698513507843,0.0376577908409667,10.0,0.3467791974544525,0.0794485021335743,0.4836912453174591,0.5163087248802185,a1,True,2.4773266315460205,1.0,0.4054243773661643,2.5,1.9543240070343015,0.4477434522667813,0.4978847801685333,0.5021151900291443,0.5012655258178711,1.9,1.899356842041016,0.4351502547586775,0.4987344443798065,3,200,4.364829897880554,C0,4.5524342358112335
0.1217739358544349,0.2088203281164169,1.0687754154205322,1.0019601583480835,923869d99b630c8cb39ff6aeff4ac6f215938e04cf84fa567fcab15c02f5e27d,1.5,0.1826609075069427,0.0266793531969404,10.0,2.088203191757202,0.3050018269385377,0.5171653628349304,0.4828346073627472,a1,True,2.061300039291382,0.0,4.31664312442939,2.5,2.671938419342041,0.3902618780506806,0.4967426657676697,0.5032572746276855,0.5000057220458984,1.9,1.903724312782288,0.2780569418138412,0.4999942779541015,4,0,6.8465268313884735,C0,0.086107812821865
0.1160143986344337,0.1962055563926696,1.0596740245819092,1.001853585243225,7306c76a78bc3e1dd58edbad3789d76717fc9ada2561e0d6d41d98dcd601178e,1.5,0.1740216016769409,0.0260169260198453,10.0,1.9620555639266968,0.2933351604720391,0.5171598792076111,0.4828400611877441,a1,True,2.0347182750701904,0.005,4.316643119248725,2.5,2.6491851806640625,0.3960637885988398,0.4968863427639007,0.5031136274337769,0.5000081658363342,1.9,1.9035217761993408,0.2845841249092757,0.4999918043613434,4,1,6.688784122467041,C0,0.3778207302093506
0.1071261689066886,0.1528969407081604,1.0285502672195437,1.001618504524231,49bb234ff042bd366a598421b7d71fb7448ff243de977655393d4597f678fa88,1.5,0.1606892496347427,0.0260685267151891,10.0,1.528969407081604,0.2480438481467397,0.5176171660423279,0.4823828041553497,a1,True,1.9674994945526123,0.025,3.2340440917876814,2.5,2.571375608444214,0.4171528207137802,0.4974483847618103,0.5025516152381897,0.499981939792633,1.9,1.903075098991394,0.3087348044242909,0.5000180602073669,4,5,6.164109364151955,C0,0.5430112648755312
0.1052556484937667,0.114343985915184,1.0000033378601074,1.0015426874160769,99d3561267a9c6edb2f01eff47ed230c9e8a61c55c2d03406e87bb5a9ff78f5a,1.5,0.1578834652900695,0.0276781542186383,10.0,1.1434398889541626,0.200453578391319,0.5188377499580383,0.4811621904373169,a1,True,1.93426251411438,0.05,2.2817457325585013,2.5,2.500008344650269,0.4382701911437283,0.4980956315994262,0.5019043684005737,0.4998562633991241,1.9,1.9029310941696167,0.3335980762463142,0.5001437067985535,4,10,5.704262793064117,C0,0.719426829367876
0.1035162210464477,0.0769562199711799,0.9606437683105468,1.001607060432434,2277758dafa3f08243004a11a96e9b1112b3fd799502bde48f8bdf2e2f1c0662,1.5,0.1552743315696716,0.0296920071067392,10.0,0.7695621848106384,0.147157908390174,0.5217462182044983,0.4782537221908569,a1,True,1.948773741722107,0.1,1.246640818491933,2.5,2.401609420776367,0.4592427046276325,0.4991158246994018,0.5008841156959534,0.4994712173938751,1.9,1.903053402900696,0.3639073798754542,0.5005287528038025,4,20,5.229499340057373,C0,0.9817389696836472
0.1085603758692741,0.0548586472868919,0.9099209308624268,1.0020030736923218,70a56fc078479b9b5a13ff7dd615fa10a4f99472f4aec8faa37b088ff0c48fe7,1.5,0.1628405600786209,0.0333004889517352,10.0,0.5485864877700806,0.112184570393511,0.5245336890220642,0.4754662811756134,a1,True,2.0950653553009038,0.2,0.7939257573892482,2.5,2.2748022079467773,0.4651913857121397,0.500243067741394,0.4997569024562835,0.4992282688617706,1.9,1.9038058519363403,0.389323554942614,0.5007717609405518,4,40,4.890035107731819,C0,1.4751059617847204
0.1145419254899025,0.0423215366899967,0.8512174487113953,1.0021528005599976,00f430085f35c9ed5dcdcda046a62f7f38acc56af6640d27e62a995f317aef99,1.5,0.171812891960144,0.0371313744728669,10.0,0.4232153594493866,0.0914632645728908,0.5184301733970642,0.4815697968006134,a1,True,2.282940149307251,0.4,0.5508907790536923,2.5,2.1280436515808105,0.4599025417707545,0.5000364780426025,0.4999634921550751,0.4996711611747741,1.9,1.9040902853012085,0.4115028191834876,0.5003288388252258,4,80,4.62716218829155,C0,2.317982289940119
0.1151023656129837,0.0394232608377933,0.8314074277877808,1.00198495388031,68f4d1e98f23c032d0d965ab483a85068ccc141d951465052d175c2150566f19,1.5,0.1726535558700561,0.037952708094518,10.0,0.3942326009273529,0.0866602181978773,0.5128524899482727,0.4871475100517273,a1,True,2.341118097305298,0.5,0.5049394624296123,2.5,2.0785186290740967,0.4569000064941521,0.4992991387844085,0.500700831413269,0.4997406899929046,1.9,1.90377140045166,0.4184870672134524,0.500259280204773,4,100,4.549176186323166,C0,2.7896485067904
0.1097394004464149,0.0318190604448318,0.7678253054618835,1.000044822692871,2c1964e8baaebc63c70851570521a8cf8ced365455275fc60a5b3dc47f8f16ea,1.5,0.1646091043949127,0.0382594050649057,10.0,0.3181906044483185,0.0739557102153314,0.4802505373954773,0.5197494626045227,a1,True,2.569049596786499,1.0,0.3885112551841699,2.5,1.9195632934570312,0.4461560608209392,0.4946759045124054,0.5053240656852722,0.4984463453292846,1.9,1.9000850915908811,0.4416288238988236,0.5015535950660706,4,200,4.302448093891144,C0,4.701110193505883
0.1522112637758255,0.2183651030063629,1.1005653142929075,1.00249981880188,93423d0b3e69c181cac2f7edec8b556b4be6d5ca7ad0073e4f8a9ed0f08b9252,1.5,0.2283169031143188,0.0239699252098825,10.0,2.1836509704589844,0.2292513157476629,0.4865572452545166,0.5134426951408386,a1,True,2.2362663745880127,0.0,4.3479055488093845,2.5,2.751413345336914,0.2888580355181878,0.5064956545829773,0.4935042858123779,0.5000942349433899,4.350882601737976,4.361759185791016,0.4579207235242667,0.4999057352542877,0,0,9.525140404701231,C1,0.0341894291341304
0.1395894289016723,0.2067834585905075,1.0884637832641602,1.002339482307434,18e3fefc1478d58e2032c6c462af0be4b06f578798f351e326861d96b2a5af72,1.5,0.2093841433525085,0.0223714397490601,10.0,2.067834615707397,0.2209357250058673,0.4871189892292022,0.5128809809684753,a1,True,2.198382377624512,0.005,4.347905535208796,2.5,2.7211594581604004,0.2907395655235091,0.5066009163856506,0.4933990836143493,0.5000818371772766,4.350882601737976,4.3610615730285645,0.4659532697215633,0.499918133020401,0,1,9.35943979024887,C1,0.1183631233870983
0.1144178658723831,0.1661241352558136,1.048708200454712,1.0018364191055298,9071c05e1e3705b4712ae8d5eb6002ec5b6628ddf7bd1734bbfabcf938ced901,1.5,0.1716268062591552,0.0194731484771743,10.0,1.6612412929534912,0.1884880285265509,0.4890665113925934,0.5109334588050842,a1,True,2.086437702178955,0.025,3.227474159552017,2.5,2.6217703819274902,0.2974717355238834,0.5069935917854309,0.4930063784122467,0.5001437664031982,4.350882601737976,4.358872413635254,0.4945670874723912,0.4998562037944793,0,5,8.81351089477539,C1,0.2770050223916769
0.1091021448373794,0.1281954497098922,1.0139265060424805,1.0015935897827148,54b4b888cbab291330bb9509452903d08c2d104d5c3c3f74657e862a71dc031c,1.5,0.1636532247066497,0.0196268301312813,10.0,1.2819545269012451,0.1537440143976311,0.4917636811733246,0.508236289024353,a1,True,2.035658836364746,0.05,2.2859152178342885,2.5,2.534816265106201,0.3039989486209433,0.5073830485343933,0.4926169216632843,0.500249445438385,4.350882601737976,4.357816219329834,0.5226302068501442,0.499750554561615,0,10,8.33824023604393,C1,0.4573426134884357
0.1119561567902565,0.0878456532955169,0.9678772687911988,1.0015608072280884,8312637377fdfe0c1fb7d1adad8bacbaf4257ded957f27f1542ead80ec2544e8,1.5,0.167934238910675,0.0214646524670352,10.0,0.8784565329551697,0.1122806421703491,0.4947982430458069,0.5052016973495483,a1,True,2.048693895339966,0.1,1.2927059634312597,2.5,2.4196932315826416,0.3092750747534269,0.5077687501907349,0.4922312200069427,0.5003407597541809,4.350882601737976,4.357673645019531,0.5569796306091886,0.4996592104434967,0,20,7.823757648468018,C1,0.7535868976265192
0.1146216467022895,0.0638449639081955,0.9162515997886658,1.0017822980880735,ae700fd125898f47f88ac27492bfd972d1830297b0feea6815853b761fe4e36c,1.5,0.1719324737787246,0.0230483348396966,10.0,0.6384496688842773,0.0855870995358131,0.500582754611969,0.4994172155857086,a1,True,2.169494152069092,0.2,0.7809483754942008,2.5,2.2906289100646973,0.3070692868678631,0.5074347853660583,0.4925651848316192,0.5003229379653931,4.350882601737976,4.35863733291626,0.584295278756627,0.4996770024299621,0,40,7.459648385643959,C1,1.237597743049264
0.1153796687722206,0.051249261945486,0.8629411458969116,1.0011228322982788,090bdfc545588c1cdd510a4de64efbfc0c6ecfbbd1b65b102a58b5c86d8bc058,1.5,0.1730695068836212,0.0240418299803304,10.0,0.5124925971031189,0.0711925520999865,0.4986194670200348,0.501380443572998,a1,True,2.282726764678955,0.4,0.5896995323568859,2.5,2.157352924346924,0.2996871785715245,0.5049258470535278,0.4950741529464721,0.5011405348777771,4.350882601737976,4.355767726898193,0.6050784393481584,0.4988594651222229,0,80,7.198682755231857,C1,2.1082734763622284
0.1151951849460601,0.0481648743152618,0.8439664840698242,1.0005226135253906,ddd983101337574ad47486094cd7e3e788ad892172a33d1e90b70b08753f61e9,1.5,0.1727927774190902,0.024277124035147,10.0,0.4816487431526184,0.0676709203564022,0.4939127266407013,0.5060872435569763,a1,True,2.318058729171753,0.5,0.5489044169755134,2.5,2.1099162101745605,0.2964400381963885,0.5034439563751221,0.4965559840202331,0.5018100142478943,4.350882601737976,4.353156566619873,0.6116119174120622,0.4981899857521057,0,100,7.117514297366142,C1,2.558797756209969
0.1120494380593299,0.0388888344168663,0.7800706624984741,0.9963685274124146,75babb474cc23d42e4824a0020e251a7d151489405decf74d4de528bff068215,1.5,0.1680741608142852,0.0245642667754533,10.0,0.3888883590698242,0.0568365616212408,0.4679348766803741,0.5320650935173035,a1,True,2.531363248825073,1.0,0.4234816979074717,2.5,1.95017671585083,0.2850209745230851,0.4974564015865326,0.502543568611145,0.5008174777030945,4.350882601737976,4.335082530975342,0.6335781970802206,0.4991824924945831,0,200,6.842221766710281,C1,4.558149779215455
0.1271079629659652,0.2437112182378769,1.1146094799041748,1.0018126964569092,7738537747df9a95a022d0659f696a41c6125cd1632673ceb3bd9af5bd1352cd,1.5,0.1906619369983673,0.0195089148384937,10.0,2.4371120929718018,0.2493702362525414,0.5016589164733887,0.4983410835266113,a1,True,2.0959432125091557,0.0,5.171827097571053,2.5,2.7865238189697266,0.2851227504322489,0.4996657371520996,0.5003342628479004,0.499798834323883,4.350882601737976,4.358769416809082,0.445998098476716,0.5002011656761169,1,0,9.773067265748978,C1,0.0328441280871629
0.119350790977478,0.2282849997282028,1.0983772277832031,1.0017482042312622,ae7b2fa26881090ab8e14785bd4c8ed3a56ca22634c08604bf47eaab757a62ad,1.5,0.179026186466217,0.0187142405836586,10.0,2.2828500270843506,0.2386343890050402,0.5020474791526794,0.4979524612426758,a1,True,2.071711540222168,0.005,5.171827091812805,2.5,2.745943069458008,0.2870431429346472,0.4997596442699432,0.5002403259277344,0.4999610185623169,4.350882601737976,4.3584885597229,0.4556082274766539,0.5000389218330383,1,1,9.566307842731476,C1,0.1136129088699817
0.1144200712442398,0.1750464439392089,1.0504623651504517,1.001613736152649,dfe07f7c5e4e4b14b55359ef5ad89cd667f47e2e28630a7bf2dd10fc1b887f13,1.5,0.1716301143169403,0.01927095764173,10.0,1.7504644393920898,0.1965454966870586,0.5025177001953125,0.4974822700023651,a1,True,2.0134992599487305,0.025,3.679213189644934,2.5,2.6261558532714844,0.2948698042321411,0.5001243352890015,0.4998756647109985,0.5004561543464661,4.350882601737976,4.357903480529785,0.4893137414390702,0.4995438158512115,1,5,8.9061538875103,C1,0.2843385487794876
0.1242775097489357,0.1280552148818969,1.0157016515731812,1.0015584230422974,0fcc6f15b7663907863b0cb79289bf95841a5abf8c213c3595d50e3e2371c04f,1.5,0.1864162683486938,0.022288237033721,10.0,1.2805521488189695,0.1531049305929208,0.5028977990150452,0.4971021711826324,a1,True,1.9845706224441528,0.05,2.5356547504243734,2.5,2.5392541885375977,0.3035974260418758,0.5005208849906921,0.4994790852069855,0.5008203983306885,4.350882601737976,4.357663154602051,0.5210094063314823,0.4991795420646667,1,10,8.363885760307312,C1,0.4721482545137405
0.1124729961156845,0.0862617567181587,0.9796928763389589,1.0015109777450562,0ec981cbb54c57c300c0e8b911f4cc2e76a3f5b71d71e9d43eecdab293e8caf5,1.5,0.1687094867229461,0.0215245146857681,10.0,0.862617552280426,0.1100556022836624,0.5076395273208618,0.4923604726791382,a1,True,1.964626669883728,0.1,1.2788237917224448,2.5,2.4492321014404297,0.3124811376071777,0.5010284781455994,0.4989714920520782,0.5011429190635681,4.350882601737976,4.357456684112549,0.5559387454233917,0.4988570213317871,1,20,7.838015824556351,C1,0.7496406883001328
0.1157942116260528,0.062614232301712,0.9259899854660034,1.0017162561416626,b14cb516cf62294cf39aaab545537c4ddc3426b287daf848d38b54690cf4049c,1.5,0.1736913174390792,0.0232420225370049,10.0,0.6261423230171204,0.0837855006082318,0.5136824250221252,0.4863176047801971,a1,True,2.085622787475586,0.2,0.7908966497972914,2.5,2.3149750232696533,0.3097719705091675,0.501076877117157,0.4989230930805206,0.5014426112174988,4.350882601737976,4.358349800109863,0.5832005063455956,0.4985573589801788,1,40,7.473158463835716,C1,1.2096289861947298
0.1169121786952018,0.0487757436931133,0.8731911778450012,1.0014760494232178,fce3ce5f21b060447c43633286ba983803c14db4a0304b54ebc9331bec46bb82,1.5,0.1753682643175125,0.0243451793278983,10.0,0.4877574443817138,0.0677120372845271,0.5142937302589417,0.4857062399387359,a1,True,2.2329883575439453,0.4,0.5562400461112419,2.5,2.1829779148101807,0.3030479260983839,0.4992419779300689,0.5007579922676086,0.5020096898078918,4.350882601737976,4.357304573059082,0.6048948572891906,0.4979902803897857,1,80,7.203408196568489,C1,2.0587062016129494
0.1168212667107582,0.045760691165924,0.8549503684043884,1.0011272430419922,6d88e1f129aebac103157469da535497741aef2b539ec8fd9cd111f9ea805351,1.5,0.1752319037914276,0.0245904951162196,10.0,0.4576069116592407,0.0642165055725166,0.5114003419876099,0.4885996580123901,a1,True,2.2865853309631348,0.5,0.5176258683133668,2.5,2.137375831604004,0.2999404150236446,0.4980886280536651,0.5019113421440125,0.502204954624176,4.350882601737976,4.3557868003845215,0.6112525842876191,0.4977950155735016,1,100,7.126001447439194,C1,2.517076689749956
0.1122456192970275,0.037521868944168,0.791339099407196,0.9979720711708068,29dbe43a44711b0b366a3314e021f1b6143c4163ba11198b03849c4401631af8,1.5,0.1683684289455413,0.0245292213479587,10.0,0.3752186894416809,0.054664775010658,0.4912950992584228,0.5087049007415771,a1,True,2.528430938720703,1.0,0.4167998985797729,2.5,1.9783477783203125,0.2882210807666173,0.4929166436195373,0.5070832967758179,0.500735342502594,4.350882601737976,4.342059135437012,0.632584922874766,0.4992645978927612,1,200,6.8639940321445465,C1,4.500408226624131
0.1371061503887176,0.1959286630153656,1.1562365293502808,1.0022320747375488,8980e9d9cc800dd749bdbdce1623a945eaa8ab71e151915c05bf9bd1f3184072,1.5,0.2056592255830764,0.0218411599762009,10.0,1.9592866897583008,0.2080776775703936,0.4993995130062103,0.5006004571914673,a1,True,2.088461399078369,0.0,4.732403827311125,2.5,2.8905913829803467,0.3069829162416963,0.5019243359565735,0.4980756640434265,0.5012571215629578,4.350882601737976,4.360593795776367,0.463098246211709,0.4987428486347198,2,0,9.416131094098091,C1,0.032549737021327
0.1245657578110694,0.1846704334020614,1.1379379034042358,1.002063870429993,ec628a910cd1c9744076110584a3bfebce1dc428bdf2526829fbbf26bbc6671b,1.5,0.1868486404418945,0.0202255227076268,10.0,1.846704363822937,0.1998974194109247,0.5006449818611145,0.4993550181388855,a1,True,2.0457465648651123,0.005,4.7324038145993415,2.5,2.8448448181152344,0.307941622333385,0.5020502209663391,0.4979498088359833,0.5012326836585999,4.350882601737976,4.359862327575684,0.4719354355480633,0.4987673163414001,2,1,9.23826014995575,C1,0.1093293279409408
0.1071658506989479,0.1455719172954559,1.070528268814087,1.0015826225280762,fabbc1d61bf26e01dcb240742fe715e593c87c6eb1007f34c66ef5b904e4142f,1.5,0.1607487797737121,0.0185824771631587,10.0,1.455719232559204,0.1682804027071444,0.5033158659934998,0.4966840744018554,a1,True,1.9313530921936035,0.025,3.4915050526316063,2.5,2.676320552825928,0.3093812943662114,0.5025540590286255,0.4974459409713745,0.5011192560195923,4.350882601737976,4.357768535614014,0.5037558257634854,0.4988807141780853,2,5,8.650557100772858,C1,0.2665077075362205
0.124874509871006,0.1097607687115669,1.0125755071640017,1.001491904258728,c5f83127381f4740dc836131e97a1323bdc118426942bcd13dd0016aa94f1df3,1.5,0.1873117685317993,0.0229163089225521,10.0,1.0976077318191528,0.1342847705475555,0.5049299597740173,0.4950700104236603,a1,True,1.914358139038086,0.05,2.273109389320513,2.5,2.5314388275146484,0.3097041613806586,0.5031428933143616,0.496857076883316,0.5009869337081909,4.350882601737976,4.3573737144470215,0.5330947591492338,0.4990129768848419,2,10,8.173732042312622,C1,0.4389527309685945
0.1332639902830124,0.0746822953224182,0.9609518647193908,1.0014870166778564,4d30c4836e25d7a7dfed79504bc529a6bee115e3f20bd79589ecb4cf16ec21ba,1.5,0.199895977973938,0.0259387855124978,10.0,0.7468229532241821,0.0969088052487875,0.5092796683311462,0.4907203316688537,a1,True,1.9168139696121216,0.1,1.2439119245893218,2.5,2.4023797512054443,0.3117362025873801,0.503973662853241,0.4960262775421142,0.5006281137466431,4.350882601737976,4.357352256774902,0.5654162066513344,0.4993718266487121,2,20,7.706450939178467,C1,0.703320324420929
0.1240278780460357,0.0557387359440326,0.91550475358963,1.0015333890914917,66cc6b560f98b0b68c02bf333a4f9f9692528240a27fba9369e8f8df410c4c07,1.5,0.1860418170690536,0.0251756748736403,10.0,0.5573873519897461,0.0754271430662531,0.5177245140075684,0.4822754561901092,a1,True,2.004396438598633,0.2,0.7566470312227044,2.5,2.288761854171753,0.3097213584106793,0.504097044467926,0.4959029257297516,0.5001989603042603,4.350882601737976,4.357553958892822,0.5896758236494272,0.4998010098934173,2,40,7.389744982123375,C1,1.158841785043478
0.1195967495441436,0.0428522750735282,0.863270103931427,1.0010663270950315,58acf4d491221c07a1caffb6a51a9c4f23216dcb7396af84a9b1b4d331bec98e,1.5,0.1793951243162155,0.0251902296558078,10.0,0.4285227656364441,0.0601721307659208,0.5170904397964478,0.4829095900058746,a1,True,2.108230829238892,0.4,0.5341934944315728,2.5,2.158175230026245,0.3030457482557287,0.501515805721283,0.498484194278717,0.5008772611618042,4.350882601737976,4.355522155761719,0.6115918913225427,0.4991227090358734,2,80,7.121615275740624,C1,1.990840157493949
0.1197236254811286,0.0400433279573917,0.8445804119110107,1.0006810426712036,ad21f100acf1d52615900d6cde8ade3d9906008088fcb37831436fa76c7ae933,1.5,0.1795854419469833,0.0254900498043882,10.0,0.4004332721233368,0.0568368122666162,0.5147793889045715,0.4852205514907837,a1,True,2.1612415313720703,0.5,0.4947454360864744,2.5,2.1114511489868164,0.2996957568704015,0.500072181224823,0.499927818775177,0.5013712048530579,4.350882601737976,4.353845596313477,0.617977381058594,0.4986287653446197,2,100,7.045315459370613,C1,2.447965668514371
0.1146988272666931,0.0326573513448238,0.7834388613700867,0.997209906578064,abea619a4d1dfcd04f275a543f401b6aabcf63792ebb6cfea36224061ceeb3b5,1.5,0.1720482409000396,0.0253162447022853,10.0,0.3265735208988189,0.0480540523117868,0.4990995228290558,0.5009005069732666,a1,True,2.3775854110717773,1.0,0.4004835938667996,2.5,1.958597183227539,0.288200130988865,0.4941459000110626,0.505854070186615,0.5008437037467957,4.350882601737976,4.338743209838867,0.6384295719970627,0.4991562664508819,2,200,6.795962154865265,C1,4.416728548705578
0.1361702531576156,0.2118832767009735,1.1016173362731934,1.0018877983093262,b5bfd7ee66b7bbe04e306e9af2333c7c7a10a9e603fc6843a886f9273083aae6,1.5,0.2042553722858429,0.0216458717576547,10.0,2.11883282661438,0.2245423614935337,0.5012072324752808,0.4987927377223968,a1,True,2.084010601043701,0.0,4.395461742998027,2.5,2.7540433406829834,0.2918585117262978,0.4958631694316864,0.5041368007659912,0.5008237361907959,4.350882601737976,4.359096050262451,0.4619532550225137,0.4991762340068817,3,0,9.436227589845656,C1,0.0324393678456544
0.1244010999798774,0.2012063264846801,1.0855839252471924,1.0017690658569336,c47131122060b3056beddef3da176569e7a17576387dce9e2ca227779aabd442,1.5,0.1866016536951065,0.0201270135682683,10.0,2.0120632648468018,0.217022860354468,0.5005754232406616,0.4994245767593384,a1,True,2.0560765266418457,0.005,4.395461727238212,2.5,2.7139596939086914,0.2927300080217141,0.4959933459758758,0.504006564617157,0.5007646679878235,4.350882601737976,4.358579635620117,0.4701201180555495,0.4992353320121765,3,1,9.271204248070717,C1,0.1102174930274486
0.1051904335618019,0.163081556558609,1.0378903150558472,1.001439929008484,e50906d57b2090a93989738dc7b722d33d8131c9fa6014dc69c971a50d6e7fd8,1.5,0.1577856540679931,0.0180522980120571,10.0,1.630815505981445,0.1865820292127093,0.4988966882228851,0.5011032819747925,a1,True,1.9830446243286133,0.025,3.205159525436872,2.5,2.5947258472442627,0.29686326384182,0.4964935779571533,0.5035063624382019,0.5005314350128174,4.350882601737976,4.357147693634033,0.4985024089334136,0.4994685351848602,3,5,8.740474700927734,C1,0.2737411130219698
0.1074879541993141,0.1264931112527847,1.0007891654968262,1.001268744468689,a51ae8cddd8f0422754ece704e0e57a56eaed365a3bd0e1024f8186299078d82,1.5,0.1612319350242614,0.0194617876516575,10.0,1.264931082725525,0.1526857574604006,0.4985260963439941,0.5014738440513611,a1,True,1.954910516738892,0.05,2.3646207065466407,2.5,2.501972913742065,0.3020050931604831,0.4970676302909851,0.5029323101043701,0.500507652759552,4.350882601737976,4.35640287399292,0.5258473617274587,0.4994922876358032,3,10,8.284538805484772,C1,0.4476929493248462
0.1090654954314231,0.0861797556281089,0.9568690657615662,1.0012872219085691,2768f26de2eb83d110965758c4b67ec8e46dde93ead219445e44523cfe3acc3e,1.5,0.1635982394218444,0.0210441418087715,10.0,0.861797571182251,0.1108556568976904,0.5023897290229797,0.4976103007793426,a1,True,1.983016014099121,0.1,1.4374968464514557,2.5,2.392172574996948,0.3077124734177807,0.4980095028877258,0.5019904375076294,0.5008932948112488,4.350882601737976,4.356482982635498,0.5603877278757573,0.4991067051887512,3,20,7.774051368236542,C1,0.7137702293694019
0.1152521520853042,0.0606156475841999,0.9071241021156312,1.0015242099761963,5866e9ebf775f569f8736e517243e3d562cdd7513a74b337261850ee730b0f4a,1.5,0.172878235578537,0.0233481690362501,10.0,0.6061564683914185,0.0818648087138179,0.5089320540428162,0.4910679161548614,a1,True,2.1303656101226807,0.2,0.9323762800188232,2.5,2.267810344696045,0.3062804238655346,0.4992329776287079,0.500766932964325,0.5010007619857788,4.350882601737976,4.357514381408691,0.5885065983843973,0.4989992082118988,3,40,7.404359430074692,C1,1.1739172227680683
0.1159107312560081,0.0455774143338203,0.8584855198860168,1.000910758972168,a5d6fea4191b8c8038570018f6b5a7b4e44502277cac415c079a82551f9dacbd,1.5,0.1738660931587219,0.0243827557746933,10.0,0.4557741284370422,0.0639171736145188,0.5090146064758301,0.4909853637218475,a1,True,2.2460427284240723,0.4,0.5913987540608597,2.5,2.14621376991272,0.3009822400753743,0.5001460313796997,0.4998539388179779,0.502839207649231,4.350882601737976,4.35484504699707,0.6107178305354134,0.4971607625484466,3,80,7.130699038505554,C1,2.0081160478293896
0.1156772300601005,0.0425541847944259,0.8410394191741943,1.0003597736358645,de950a4b274f0132ca6d6c16fd568c3293b9cd09a5b51901bc53baabb4ec8e50,1.5,0.1735158413648605,0.0245978557909554,10.0,0.4255418479442596,0.0603254257733114,0.5055655837059021,0.4944343566894531,a1,True,2.2947559356689453,0.5,0.5291893514539282,2.5,2.1025986671447754,0.2980674179017997,0.5001033544540405,0.4998966157436371,0.5034137964248657,4.350882601737976,4.352447986602783,0.6170093005339334,0.4965862035751343,3,100,7.054104343056679,C1,2.459065357223153
0.1104370951652526,0.0347006134688854,0.7814980149269104,0.9961231350898744,d81194a43a25864f3da5fcd70eb38973ccbdb2e6a81b7b09506d67b06334fb23,1.5,0.165655642747879,0.02435961333306,10.0,0.3470061421394348,0.0510271506994695,0.483111023902893,0.5168889760971069,a1,True,2.4919207096099854,1.0,0.4066161751909424,2.5,1.9537450075149536,0.2872976262383921,0.4978837370872497,0.5021162629127502,0.5014017820358276,4.350882601737976,4.334014892578125,0.6373156097290783,0.4985982179641723,3,200,6.8004216849803925,C1,4.447881285101175
0.1217739358544349,0.2088203281164169,1.0687754154205322,1.0019601583480835,923869d99b630c8cb39ff6aeff4ac6f215938e04cf84fa567fcab15c02f5e27d,1.5,0.1826609075069427,0.019636284611138,10.0,2.088203191757202,0.2244845531476014,0.5171653628349304,0.4828346073627472,a1,True,2.061300039291382,0.0,4.324997496777707,2.5,2.671938419342041,0.2872368476743747,0.4967426657676697,0.5032572746276855,0.5000057220458984,4.350882601737976,4.359410762786865,0.4686423145668858,0.4999942779541015,4,0,9.302213281393051,C1,0.0324041955173015
0.1159731373190879,0.19621641933918,1.0596671104431152,1.0018490552902222,e7b701d3295c77d348aded8a5c7e9b10538c6e476268b94a65b4dbc28fbf09ba,1.5,0.1739597022533416,0.0190240079813554,10.0,1.962164163589477,0.2145797344174217,0.5171611905097961,0.4828388094902038,a1,True,2.0342342853546143,0.005,4.324997483531432,2.5,2.649167776107788,0.2897095606845123,0.4968858659267425,0.5031141042709351,0.5000074505805969,4.350882601737976,4.3589277267456055,0.4766866969167105,0.4999925196170807,4,1,9.144219368696213,C1,0.1078373920172452
0.1069860979914665,0.1529290527105331,1.028611421585083,1.001603126525879,e14f2f6d11e1c1185f27f1f1ffae371e3d0066163ab830508eb5bf25c99bea37,1.5,0.1604791432619094,0.0186188933415241,10.0,1.5292905569076538,0.177429273290631,0.517632246017456,0.4823677241802215,a1,True,1.966041088104248,0.025,3.237238444992362,2.5,2.571528434753418,0.2983503817267371,0.497447520494461,0.5025524497032166,0.4999809265136719,4.350882601737976,4.357857704162598,0.5056014516411076,0.5000190734863281,4,5,8.619155839085579,C1,0.2717568632215261
0.1049692556262016,0.1143820211291313,1.0001600980758667,1.0015143156051636,21fe06dcfcb7cdb4210438286bbbe3747ab7df0fabeac7a0a05b0b430d5ae4e7,1.5,0.1574538797140121,0.0192978398038648,10.0,1.1438201665878296,0.1401887230682038,0.5188319683074951,0.4811679422855377,a1,True,1.931481122970581,0.05,2.2838772349828087,2.5,2.5004003047943115,0.3064537032374018,0.4980947971343994,0.5019052028656006,0.4998534023761749,4.350882601737976,4.357470989227295,0.5340597338905295,0.5001465678215027,4,10,8.159145340323448,C1,0.4467695727944374
0.1031086966395378,0.0769836977124214,0.9609721899032592,1.0015422105789185,abde08c52c9d1afed679051355ca0a6bddb918c6155d10b6d62dac301cf522f5,1.5,0.1546630412340164,0.0201265633284346,10.0,0.769836962223053,0.1001801868702958,0.5216228365898132,0.478377103805542,a1,True,1.9428125619888303,0.1,1.247313937439123,2.5,2.402430534362793,0.312632351635041,0.4991154968738556,0.500884473323822,0.499470978975296,4.350882601737976,4.357592582702637,0.5670608981662284,0.5005289912223816,4,20,7.684523120522499,C1,0.7172481194138527
0.107862539589405,0.054869707673788,0.910575807094574,1.001766562461853,61877bf1ababf3e3493efa6c1bd9900cbb1d702cf95df8caa798fac51a528f80,1.5,0.1617938131093979,0.0220262522529983,10.0,0.5486970543861389,0.0746984047048475,0.5242069959640503,0.4757929742336273,a1,True,2.0793046951293945,0.2,0.7937237835683327,2.5,2.276439428329468,0.3099094342572471,0.5002450942993164,0.4997549057006836,0.4992389976978302,4.350882601737976,4.358568668365479,0.5933659087849069,0.5007609724998474,4,40,7.345498964190483,C1,1.1915721632540226
0.1136738434433937,0.0423315167427063,0.8520829081535339,1.0012587308883667,8c65f15c67d4cac258acaa33803036704e8880e77271087943417ae3b9d07f53,1.5,0.1705107688903808,0.0240821077526614,10.0,0.423315167427063,0.0597869656072471,0.518081784248352,0.4819181561470032,a1,True,2.259807825088501,0.4,0.5510234845363355,2.5,2.130207300186157,0.3008600692638316,0.5000428557395935,0.4999571740627289,0.4996767938137054,4.350882601737976,4.356359004974365,0.6152708573762596,0.5003231763839722,4,80,7.080392241477966,C1,2.063069367781281
0.1145136579871177,0.0394353307783603,0.8321319818496704,1.0006712675094604,8348f8870669a39cb93c142a9b1b14a89ec8710a1471df64aa9588afa2230f10,1.5,0.1717704832553863,0.0245377401528842,10.0,0.394353300333023,0.0563341188114203,0.5125174522399902,0.4874825179576874,a1,True,2.3220698833465576,0.5,0.5055621746731555,2.5,2.0803298950195312,0.2971790812299846,0.4993077218532562,0.5006922483444214,0.4997624456882477,4.350882601737976,4.3538031578063965,0.6219490598057108,0.5002375245094299,4,100,7.000256836414337,C1,2.540982309728861
0.1107035353779792,0.0318455137312412,0.7676047086715698,0.9961217641830444,93edac3a8b0d00a17147bcceff373b4a4b7022a285674fd7c417601a42b263f4,1.5,0.1660553067922592,0.0246463144641369,10.0,0.3184551298618316,0.0472658503055931,0.4801487624645233,0.5198512077331543,a1,True,2.583766222000122,1.0,0.3893913232115264,2.5,1.9190118312835691,0.2848241948291587,0.494702398777008,0.5052976012229919,0.4984959661960602,4.350882601737976,4.334008693695068,0.6432636404011112,0.5015040040016174,4,200,6.737530961632729,C1,4.545242242515087
0.1522112637758255,0.2183651030063629,1.1005653142929075,1.00249981880188,93423d0b3e69c181cac2f7edec8b556b4be6d5ca7ad0073e4f8a9ed0f08b9252,0.0475918384007791,0.0072440141811966,0.0018865966254504,0.1729614590075485,0.0377687476575374,0.0098363131401859,0.4865572452545166,0.5134426951408386,a1,True,2.2362663745880127,0.0,0.1251780627704317,0.0593344472671397,0.0653014332056045,0.0170067949124883,0.5064956545829773,0.4935042858123779,0.5000942349433899,3.720112255324533,3.7294118404388423,0.9712702953218753,0.4999057352542877,0,0,3.8397260354831815,IGE,0.0288812182843685
0.1397298127412796,0.2091110646724701,1.087039351463318,1.0021182298660278,06cb041459a8ea4e732c58a8d9c5ba013997a4b47ae3a5dd3fa70432b7404cbe,0.0475918384007791,0.006649998947978,0.0017338885545795,0.1729614590075485,0.0361681543290615,0.0094303095868149,0.4873692095279693,0.5126307606697083,a1,True,2.175299882888794,0.005,0.125178062330089,0.0593344472671397,0.0644988790154457,0.0168171256842222,0.5066096782684326,0.493390291929245,0.5000418424606323,3.720112255324533,3.727992296218872,0.9720186761743832,0.4999581575393677,0,1,3.835309328511357,IGE,0.1072356589138507
0.1120339483022689,0.1754232048988342,1.048524260520935,1.0011202096939087,937e1af67ecdc04964ca89362ad0f750cc0f38f6d9ed0e422a2057b3aeef63c1,0.0475918384007791,0.005331901833415,0.0013949946155015,0.1729614590075485,0.0303414538502693,0.0079382865757874,0.4898931980133056,0.5101068019866943,a1,True,2.0386548042297363,0.025,0.0777820484443492,0.0593344472671397,0.0622136071324348,0.0162770526675451,0.5070239901542664,0.4929759800434112,0.5001434087753296,3.720112255324533,3.724279642105103,0.9743896661411658,0.4998565316200256,0,5,3.8221666049212217,IGE,0.2636407427489757
0.1023013666272163,0.1417408734560012,1.0179635286331177,1.000468373298645,afc3ae7e14ab7fe171a4d616d16d455639a632271c1de0d364aa4b74eb3f5417,0.0475918384007791,0.0048687099479138,0.0012773270043221,0.1729614590075485,0.0245157089084386,0.0064318017203444,0.4915325343608856,0.508467435836792,a1,True,1.9831186532974243,0.05,0.0551884584504652,0.0593344472671397,0.060400303453207,0.0158462795063593,0.507415771484375,0.492584228515625,0.5004814863204956,3.720112255324533,3.721854686737061,0.976444591768974,0.499518483877182,0,10,3.81163940904662,IGE,0.4358133152127266
0.1034530103206634,0.1003096550703048,0.9814075827598572,0.9992780089378356,2ca2f96a66a8a21a8e0af15564c57e8143a793d879a734f1679cb5c9ae411914,0.0475918384007791,0.0049235192127525,0.001296368776339,0.1729614590075485,0.0173497051000595,0.0045681990865702,0.4933153092861175,0.5066846609115601,a1,True,1.983363389968872,0.1,0.0385075007128849,0.0593344472671397,0.0582312755286693,0.0153323677921751,0.5078124403953552,0.4921875596046448,0.5007309317588806,3.720112255324533,3.7174265384674072,0.9788030643449156,0.499269038438797,0,20,3.7979310383088887,IGE,0.7047437187284231
0.1330978125333786,0.0728576332330703,0.9323867559432985,0.995079219341278,0a0b60760802b25ce823ec8a4735e09ee2052db105774afe4420bdc4f831d2ca,0.0475918384007791,0.0063343695364892,0.0016775053716275,0.1729614590075485,0.0126015627756714,0.0033372207171239,0.4941945672035217,0.5058054327964783,a1,True,2.3228704929351807,0.2,0.037014193018207,0.0593344472671397,0.0553226508200168,0.0146508730487941,0.5075422525405884,0.4924576878547668,0.5011847019195557,3.720112255324533,3.701806545257568,0.9803344008624544,0.4988152980804443,0,40,3.776065128389746,IGE,1.1598849706351757
0.1927489191293716,0.0577376633882522,0.8858447074890137,0.9840782284736632,3b9510776cab64f9f5aa2840084a150830cab9f92615fa2556d3403de1907c6d,0.0475918384007791,0.0091732759028673,0.0024576087111513,0.1729614590075485,0.0099863903596997,0.0026754498829894,0.4848441481590271,0.5151558518409729,a1,True,3.1319475173950195,0.4,0.0315658677863896,0.0593344472671397,0.0525611042976379,0.0140816246188817,0.5053199529647827,0.4946800470352173,0.5040009021759033,3.720112255324533,3.660881519317627,0.9807853167869774,0.4959990680217743,0,80,3.732602289877832,IGE,1.9871326703578236
0.1867532581090927,0.0536540672183036,0.8689561486244202,0.9815865755081176,f5201f37a803cb097ee8601e2afba41a82eb9a487be507341276e8a43071d9b9,0.0475918384007791,0.0088879307731986,0.0023883688067861,0.1729614590075485,0.0092800855636596,0.0024937488207477,0.4753606915473938,0.5246392488479614,a1,True,3.2673919200897217,0.5,0.0251029052075383,0.0593344472671397,0.051559031009674,0.013854966303626,0.5040518045425415,0.4959481656551361,0.504352331161499,3.720112255324533,3.651612281799317,0.98126291606884,0.4956476390361786,0,100,3.7213393291458488,IGE,2.444369463250041
0.1741481125354766,0.0435462482273578,0.8098015189170837,0.9748438596725464,2d30a2759c9a8a698f06692c2f0e9897be5640f37c67fc9d59c01f7cf197b2cd,0.0475918384007791,0.0082880286499857,0.002245836163315,0.1729614590075485,0.0075318226590752,0.0020409243763239,0.4280195832252502,0.571980357170105,a1,True,3.651585102081299,1.0,0.0156350227018657,0.0593344472671397,0.0480491258203983,0.0130200399805944,0.4987054169178009,0.5012945532798767,0.4975743591785431,3.720112255324533,3.626528739929199,0.9826931994797664,0.5024256110191345,0,200,3.6903977170586586,IGE,4.394355138763785
0.127107948064804,0.243711233139038,1.1146094799041748,1.0018126964569092,7738537747df9a95a022d0659f696a41c6125cd1632673ceb3bd9af5bd1352cd,0.0391514713184324,0.0049764630384743,0.001273133096568,0.0897685798893492,0.0218776110559701,0.0055969692719223,0.5016589164733887,0.4983410239219665,a1,True,2.0959432125091557,0.0,0.08110595468763,0.0344047089403606,0.0383478142321109,0.0098105564338543,0.4996657371520996,0.5003342628479004,0.499798834323883,3.8366752398518575,3.843629837036133,0.9833193411976552,0.5002011656761169,1,0,3.908831725362688,IGE,0.026692796498537
0.1167547404766082,0.2324651628732681,1.0978169441223145,1.0015465021133425,91deb22edca10dfa4ec21d7cbfb8ec78ca8e402c0f418fbfff60b8d512d05b18,0.0391514713184324,0.0045711197890341,0.0011703361100432,0.0897685798893492,0.0208680685609579,0.0053428164893723,0.5024172067642212,0.4975827634334564,a1,True,2.050004720687866,0.005,0.0811059548245859,0.0344047089403606,0.0377700738608837,0.009670208473739,0.4997660219669342,0.5002339482307434,0.5000616312026978,3.8366752398518575,3.842608690261841,0.9838166389268452,0.4999383091926574,1,1,3.905817952472717,IGE,0.103003216907382
0.1034140810370445,0.1910860687494278,1.0550605058670044,1.000741720199585,18d1da2af1916b97b32a54daa301cb72f9d6c20cfc751ccac2e85309c29c1fd2,0.0391514713184324,0.0040488136000931,0.0010389505800042,0.0897685798893492,0.017153525725007,0.0044017006613254,0.5023254156112671,0.4976745545864105,a1,True,1.9308773279190063,0.025,0.0527141685322185,0.0344047089403606,0.0362990498542785,0.009314560418103,0.5001640319824219,0.4998359382152557,0.5008267164230347,3.8366752398518575,3.839520931243897,0.9852447883405674,0.4991732835769653,1,5,3.8970223204232752,IGE,0.2548202108591795
0.0993431657552719,0.1501083970069885,1.0334757566452026,1.0000237226486206,895a45b9d0de8ebfed43bfcccd0e88006cfd996377f7aa0057d02c72df79eb38,0.0391514713184324,0.0038894310127943,0.0009999341564827,0.0897685798893492,0.0134750176221132,0.0034642934494105,0.5030052065849304,0.4969947934150696,a1,True,1.8528324365615845,0.05,0.0375459354974157,0.0344047089403606,0.0355564318597316,0.0091412061512959,0.5006312131881714,0.499368816614151,0.5009717345237732,3.8366752398518575,3.836766242980957,0.9863945662428109,0.4990282654762268,1,10,3.889687123475596,IGE,0.4346249848604202
0.0937441810965538,0.1028866469860076,1.009856343269348,0.9987303018569946,2a4243fbfc62ad9f7095a0ff7c65f1b7ccd3e1cf39ab3433103c1b767a51a9a5,0.0391514713184324,0.0036702225916087,0.0009460668323139,0.0897685798893492,0.0092359883710742,0.0023807445034773,0.5058540105819702,0.4941459596157074,a1,True,1.9110798835754397,0.1,0.029244037960524,0.0344047089403606,0.0347438156604766,0.0089558523506338,0.5013017058372498,0.4986982643604278,0.5010693073272705,3.8366752398518575,3.831803798675537,0.9877173363135748,0.4989306330680847,1,20,3.8794538252986968,IGE,0.6914325077086687
0.1349032968282699,0.077541097998619,0.9675061106681824,0.9934925436973572,a2a9575de727c1c61812e85ed88aec3216da83b4c0e6057f01535481a311c941,0.0391514713184324,0.0052816625684499,0.0013692863632424,0.0897685798893492,0.0069607542827725,0.0018045957676692,0.5101351141929626,0.4898648560047149,a1,True,2.49216890335083,0.2,0.0362983902900731,0.0344047089403606,0.0332867689430713,0.0086296915411478,0.5016621351242065,0.4983378052711487,0.500926673412323,3.8366752398518575,3.811708211898804,0.9881964263279404,0.499073326587677,1,40,3.8572373976930976,IGE,1.134381502866745
0.1790661066770553,0.059634506702423,0.930086612701416,0.9829494953155518,5251732e41d9723909675507f80ebc406f753494b3d026c4acd3d1ff10cd8616,0.0391514713184324,0.0070107015781104,0.001837368315267,0.0897685798893492,0.0053533050231635,0.0014029969642741,0.5112834572792053,0.4887165427207947,a1,True,3.285703420639038,0.4,0.0279406529304217,0.0344047089403606,0.0319993607699871,0.0083864091107727,0.5000628232955933,0.4999371170997619,0.5020804405212402,3.8366752398518575,3.7712578773498535,0.988373225609686,0.4979194700717926,1,80,3.815621244721114,IGE,1.974352326244116
0.1758755594491958,0.0546951666474342,0.9108452796936036,0.9807866215705872,8603456a65807031298b73b9e5838a613489bee813773279457196ec4cf7ddd0,0.0391514713184324,0.0068857870064675,0.0018091484890456,0.0897685798893492,0.0049099074676632,0.0012900125531233,0.5047358274459839,0.4952641129493713,a1,True,3.4181597232818604,0.5,0.0219607985222624,0.0344047089403606,0.0313373692333698,0.0082334748585695,0.4989341199398041,0.5010658502578735,0.5026042461395264,3.8366752398518575,3.762959718704224,0.9886673640992616,0.4973957240581512,1,100,3.806092782411724,IGE,2.449213296175003
0.1814432591199875,0.0441124364733696,0.8389402627944946,0.9740013480186462,3e8d58855386eec8480eb7916d412242adec8e0329abc6597356ad3bbf7224e2,0.0391514713184324,0.0071037705056369,0.0018808697813603,0.0897685798893492,0.0039599109441041,0.0010484681093981,0.4596711695194244,0.5403288006782532,a1,True,3.8300390243530273,1.0,0.0136072942060577,0.0344047089403606,0.0288634970784187,0.0076422062616044,0.495175838470459,0.504824161529541,0.4939168691635132,3.8366752398518575,3.736926794052124,0.9894284558476372,0.506083071231842,1,200,3.776853972580284,IGE,4.415366807952523
0.1371061503887176,0.1959286630153656,1.1562365293502808,1.0022320747375488,8980e9d9cc800dd749bdbdce1623a945eaa8ab71e151915c05bf9bd1f3184072,0.0416465940089106,0.0057100038975477,0.0014789529513593,0.1466707487220358,0.0287370029836893,0.0074431955106372,0.4993995130062103,0.5006004571914673,a1,True,2.088461399078369,0.0,0.1110861910772112,0.0402880989653305,0.0465825721621513,0.0120653915158813,0.5019243359565735,0.4980756640434265,0.5012571215629578,3.771394558303724,3.7798125743865967,0.979012460022122,0.4987428486347198,2,0,3.860842153429985,IGE,0.0286357104778289
0.1227609515190124,0.1871293187141418,1.1372300386428833,1.0018872022628784,7bc1f599508247768e1ae8a0c95f1f4c030aea416f43dbfcfa5c52c9d4418537,0.0416465940089106,0.005112575367093,0.0013255702363021,0.1466707487220358,0.0274463966488838,0.0071162034550484,0.5008937120437622,0.4991062879562378,a1,True,2.032825469970703,0.005,0.1110861912892132,0.0402880989653305,0.0458168350160121,0.0118792249420321,0.5020511746406555,0.4979488253593445,0.5013336539268494,3.771394558303724,3.7785117626190186,0.9796790013666172,0.4986663162708282,2,1,3.856887569651008,IGE,0.1125845815986394
0.1047392711043357,0.1549626886844635,1.073030710220337,1.0009251832962036,9b83d858d75abbf48fc17fe0019cf381eea74e6eabf5bb9898001d69878d17c0,0.0416465940089106,0.0043620336800813,0.0011344087215803,0.1466707487220358,0.0227284934371709,0.0059108670575482,0.5035908222198486,0.496409147977829,a1,True,1.896576285362244,0.025,0.070200301478671,0.0402880989653305,0.04323036596179,0.0112426697684854,0.5025520324707031,0.4974479377269745,0.5015621781349182,3.771394558303724,3.77488374710083,0.981712054452386,0.4984378218650818,2,5,3.845204640179873,IGE,0.2809389010071754
0.1121566072106361,0.1227342188358306,1.02984356880188,1.0003029108047483,b11f2d2bc68bb886bd071e4a4cd125e51495ccab9e56662b5f3e559a41e7e366,0.0416465940089106,0.0046709403395652,0.0012174369826279,0.1466707487220358,0.0180015191435813,0.0046919278679807,0.5043286085128784,0.4956713914871216,a1,True,1.8365108966827397,0.05,0.0482676610545088,0.0402880989653305,0.041490439325571,0.0108140955756959,0.503125786781311,0.4968741834163666,0.5015896558761597,3.771394558303724,3.772536993026733,0.9832765395736952,0.4984103441238403,2,10,3.836699891835451,IGE,0.4651979133486748
0.0982060432434082,0.0851671993732452,1.0045500993728638,0.9992381930351256,ca26b4cf1b1fc95ced7cef90f347d26e228db2d6f5029ca15fe414364d826780,0.0416465940089106,0.0040899468585848,0.0010691066595859,0.1466707487220358,0.0124915363267064,0.0032652709526799,0.5058665871620178,0.4941333830356598,a1,True,1.7943397760391235,0.1,0.0317082564207569,0.0402880989653305,0.0404714122414588,0.0105791732377578,0.5039425492286682,0.496057391166687,0.5013805031776428,3.771394558303724,3.768521308898926,0.9850864491499762,0.4986194372177124,2,20,3.825574204325676,IGE,0.748240614309907
0.1248817518353462,0.0639140754938125,0.966194212436676,0.9955064058303832,6f37447b880a8571daa868a4ff4d3bb15dc22f3bd3866a0e6238ab962e4b4417,0.0416465940089106,0.0052008992061018,0.0013658007136445,0.1466707487220358,0.0093743251636624,0.0024617781447185,0.5125272870063782,0.4874727129936218,a1,True,2.147820234298706,0.2,0.0329262385103213,0.0402880989653305,0.0389261282980442,0.0102223349659441,0.5041266083717346,0.4958733916282654,0.500887393951416,3.771394558303724,3.754447460174561,0.9859500861756928,0.499112606048584,2,40,3.807948812842369,IGE,1.233566775918007
0.2038083672523498,0.0504958294332027,0.91221284866333,0.9840937256813048,802abe64caa312aea5c0246929299df3355e32137e7580b8d789fc07fbd123f1,0.0416465940089106,0.0084879240021109,0.0022549969202727,0.1466707487220358,0.007406260818243,0.0019676301686632,0.5102169513702393,0.4897830188274383,a1,True,3.100857734680176,0.4,0.031172822718981,0.0402880989653305,0.0367513224482536,0.0097637677854033,0.5018295049667358,0.4981704652309418,0.5007045865058899,3.771394558303724,3.711405754089356,0.9860136051256606,0.4992953836917877,2,80,3.764051261357963,IGE,2.143186410889029
0.2037879377603531,0.0464337281882762,0.891111433506012,0.9812669157981871,c86aa0fb7a03f3ac46e31b9d794a4e91105a946b7b1cc438deeeb479e0d94b91,0.0416465940089106,0.0084870727732777,0.0022620471492184,0.1466707487220358,0.0068104695528745,0.001815184533992,0.5021225810050964,0.4978774189949035,a1,True,3.281212329864502,0.5,0.0245363717814251,0.0402880989653305,0.0359011851251125,0.0095686905998405,0.5006292462348938,0.4993707239627838,0.5012635588645935,3.771394558303724,3.70074462890625,0.9863540777169488,0.4987364113330841,2,100,3.751943356357515,IGE,2.62173911370337
0.1875026226043701,0.0373334996402263,0.8280234932899475,0.9744055271148682,e02629ea4a5eab1ae697e0453063bf76cdf8fa11f6f30a729234062f62c7961b,0.0416465940089106,0.0078088454902172,0.002098299326777,0.1466707487220358,0.0054757320322096,0.0014713730539541,0.4623543322086334,0.5376456379890442,a1,True,3.68311619758606,1.0,0.014328003525396,0.0402880989653305,0.0333594903349876,0.008963962239901,0.4972551465034485,0.5027447938919067,0.4980712831020355,3.771394558303724,3.674867630004883,0.9874663653793678,0.5019286870956421,2,200,3.721511697862297,IGE,4.705990405753255
0.1361702531576156,0.2118832767009735,1.1016173362731934,1.0018877983093262,b5bfd7ee66b7bbe04e306e9af2333c7c7a10a9e603fc6843a886f9273083aae6,0.0412436916875209,0.0056161638349294,0.0014482384042528,0.1237718425471128,0.0262251831591129,0.0067626797447351,0.5012072324752808,0.4987927377223968,a1,True,2.084010601043701,0.0,0.0919284432680509,0.0387260520595666,0.0426612868905067,0.0110010526518863,0.4958631694316864,0.5041368007659912,0.5008237361907959,3.7962584137057993,3.803425073623657,0.9807880291991256,0.4991762340068817,3,0,3.8779277075082064,IGE,0.0270508136600255
0.1208620071411132,0.2040825486183166,1.08672034740448,1.0015631914138794,9f918836ba2786a32c80486b0a28c416984c99131db6e2a1317ef35d85cda60a,0.0412436916875209,0.0049847951158881,0.0012865575943291,0.1237718425471128,0.0252596717327833,0.0065194299349417,0.4998024404048919,0.5001975297927856,a1,True,2.036468029022217,0.005,0.0919284431619638,0.0387260520595666,0.0420843884348869,0.0108618284773682,0.4959903061389923,0.5040096640586853,0.5007171630859375,3.7962584137057993,3.802192687988281,0.9813321839933608,0.4992828667163849,3,1,3.87452154327184,IGE,0.107331259176135
0.0940916836261749,0.1744676828384399,1.046471357345581,1.0006672143936155,93da870558eba9db5b8e9211da1836462096e5ddf336e9bca4a2222aaabb1d53,0.0412436916875209,0.0038806882221251,0.0010041130904728,0.1237718425471128,0.0215941853821277,0.005587412072083,0.4954418241977691,0.5045581459999084,a1,True,1.92095959186554,0.025,0.0567344831321855,0.0387260520595666,0.0405257008969783,0.010485868599091,0.4964838325977325,0.5035161375999451,0.5005332231521606,3.7962584137057993,3.7987914085388175,0.982922606238353,0.4994667470455169,3,5,3.8647919830400497,IGE,0.2683262005448341
0.0922085642814636,0.1431549191474914,1.0170387029647827,1.0000243186950684,f412ac2d9af0c2f7ef07bab9478fbbc454bc391393e4f685c6f0ff2c59a21915,0.0412436916875209,0.0038030215073376,0.0009859390609607,0.1237718425471128,0.0177185479551553,0.0045935602780018,0.4958544671535492,0.5041455030441284,a1,True,1.859623908996582,0.05,0.042450247215102,0.0387260520595666,0.0393858924508094,0.0102108520141488,0.4970575869083404,0.5029423832893372,0.5008138418197632,3.7962584137057993,3.796350717544556,0.9842096486468884,0.4991861283779144,3,10,3.857258179457858,IGE,0.4483760073781013
0.0942954421043396,0.1016254946589469,0.9848467707633972,0.9989315867424012,d6502a916357756bd39ae325e118ce1358f4f7ccd2221cb57e5bf6c877cadedd,0.0412436916875209,0.0038890920113772,0.0010109916676715,0.1237718425471128,0.0125783747062087,0.0032698203034604,0.4999796748161316,0.5000203251838684,a1,True,1.875030279159546,0.1,0.0330588853754967,0.0387260520595666,0.0381392240524292,0.009914508994815,0.4980097115039825,0.5019902586936951,0.5011311173439026,3.7962584137057993,3.792202472686768,0.985804679034053,0.498868852853775,3,20,3.846809163456783,IGE,0.7447031885385513
0.1377677768468856,0.0719237849116325,0.9427533149719238,0.9943006038665771,88f47748124b00d81154ea4f946a5a74bf4e415e2152354473a4971d5c72650d,0.0412436916875209,0.0056820516474545,0.0014852259650356,0.1237718425471128,0.0089021390303969,0.0023269214805933,0.5055432319641113,0.4944567084312439,a1,True,2.3790171146392822,0.2,0.0359100917751962,0.0387260520595666,0.0365091115236282,0.0095430812248189,0.4991485178470611,0.5008514523506165,0.5024461150169373,3.7962584137057993,3.774621963500977,0.986644771329552,0.4975538849830627,3,40,3.825715265702456,IGE,1.2152556013315916
0.202950894832611,0.0543623603880405,0.9027348160743712,0.9833140969276428,d90889f4f5b279f58b3fba00f8e7dac813ffd5e6f994102dad0bed11b50b3cb6,0.0412436916875209,0.0083704441785812,0.0022126630765211,0.1237718425471128,0.0067285294644534,0.001778635444864,0.5090014934539795,0.4909985065460205,a1,True,3.1732370853424072,0.4,0.0293554608544501,0.0387260520595666,0.034959353506565,0.0092412384615098,0.4993637204170227,0.5006362795829773,0.5044577717781067,3.7962584137057993,3.732914447784424,0.9867674630171048,0.4955421090126037,3,80,3.782972774934024,IGE,2.040485631674528
0.1967967450618744,0.0496686957776546,0.8886234164237976,0.9809060096740724,183ab77d237225f7e0d2c5f25468d2b8df7ad29c859cc1ce95061712b2923626,0.0412436916875209,0.0081166243180632,0.0021515526091984,0.1237718425471128,0.0061475858092308,0.0016296004064997,0.5035856366157532,0.4964143633842468,a1,True,3.319114923477173,0.5,0.023319219888438,0.0387260520595666,0.0344128757715225,0.0091221559302019,0.4990637898445129,0.5009362101554871,0.505403995513916,3.7962584137057993,3.7237727642059326,0.9870966910540998,0.4945959448814392,3,100,3.772449850104749,IGE,2.494635991752148
0.1756883412599563,0.0397223643958568,0.8350023627281189,0.9743164777755736,f263763c40b5212579ec734d48382beb3c9d8580d738ac86b00be4e031035e28,0.0412436916875209,0.0072460356168448,0.001935757399417,0.1237718425471128,0.004916510079056,0.0013134314083023,0.4564082324504852,0.5435917377471924,a1,True,3.723512649536133,1.0,0.0138381833551512,0.0387260520595666,0.0323363430798053,0.0086385602689155,0.4969454407691955,0.5030545592308044,0.4983982145786285,3.7962584137057993,3.6987571716308594,0.9881122509233652,0.5016016960144043,3,200,3.7432560604065657,IGE,4.487226773053408
0.1217739358544349,0.2088203281164169,1.0687754154205322,1.0019601583480835,923869d99b630c8cb39ff6aeff4ac6f215938e04cf84fa567fcab15c02f5e27d,0.0644241589393944,0.0078451829031109,0.0020353061122149,0.1269980655072822,0.0265197772532701,0.0068801282780488,0.5171653628349304,0.4828346073627472,a1,True,2.061300039291382,0.0,0.1018857678111797,0.0619424032975937,0.0662025138735771,0.0171751739627962,0.4967426657676697,0.5032572746276855,0.5000057220458984,3.746635372255729,3.753979444503784,0.97390939164694,0.4999942779541015,4,0,3.8545469185337424,IGE,0.0264774616807699
0.1131998747587204,0.1998859941959381,1.0593215227127075,1.0016305446624756,81734c0e13c73a7857e1b44674baf52289d432526a6e2848c798f5e7b25f819f,0.0644241589393944,0.007292806636542,0.001893724283186,0.1269980655072822,0.0253851357847452,0.0065917623301116,0.5171620845794678,0.4828378856182098,a1,True,2.014946937561035,0.005,0.1018857673885463,0.0619424032975937,0.0656169205904007,0.0170387564216084,0.4968884587287903,0.5031115412712097,0.5000258684158325,3.746635372255729,3.752744436264038,0.974475756965094,0.4999741315841675,4,1,3.851039299275726,IGE,0.1059510055929422
0.0982575267553329,0.1659767925739288,1.0351841449737549,1.0008529424667358,1625e44f4332a8cd7512e0efcdcb2a5f2a96d84c75e140ca1e30a06e5d449db2,0.0644241589393944,0.0063301585614681,0.0016478943558865,0.1269980655072822,0.0210787318646907,0.0054873069816143,0.5177835822105408,0.4822164177894592,a1,True,1.9028376340866089,0.025,0.0637229744298404,0.0619424032975937,0.0641217902302742,0.016692462784898,0.4974493384361267,0.5025506615638733,0.4999755620956421,3.746635372255729,3.749831199645996,0.9761723358776012,0.5000244379043579,4,5,3.841361880302429,IGE,0.2585341855883598
0.0882047414779663,0.1320514529943466,1.014357566833496,1.000266671180725,9b2c0c1c449cd8b888390a0072693e28fa969581eb415ab53b3b3164ee69f0fa,0.0644241589393944,0.0056825159117579,0.0014825556271573,0.1269980655072822,0.0167702790349721,0.0043753281008597,0.5169124603271484,0.4830875098705292,a1,True,1.8201346397399905,0.05,0.0462577166253119,0.0619424032975937,0.0628317445516586,0.0163926609086004,0.4981062114238739,0.5018937587738037,0.4998610317707062,3.746635372255729,3.747634649276733,0.9777494553633824,0.5001389384269714,4,10,3.832919188775122,IGE,0.4376891534775495
0.081390157341957,0.0919825360178947,0.9843584299087524,0.9992985129356384,7ef45302b2d3a875374e477f54d3fbe7d2c18d003856eaba3eda7cc14e870b48,0.0644241589393944,0.0052434923127293,0.0013719575207243,0.1269980655072822,0.0116816041991114,0.003056486741897,0.5169346928596497,0.4830652177333832,a1,True,1.8212357759475708,0.1,0.0329373274791111,0.0619424032975937,0.0609735250473022,0.0159536967472309,0.499222993850708,0.500777006149292,0.4998170137405395,3.746635372255729,3.744007110595703,0.9796178589901476,0.5001829266548157,4,20,3.821905732154846,IGE,0.7156406212598085
0.1059383004903793,0.0667456239461898,0.9340460300445556,0.995232105255127,1f7e0b2f3689c805bbac4cc8ff3a23808841e8102bd821e2c23c17f6416c7d89,0.0644241589393944,0.0068249856121838,0.0017951368537188,0.1269980655072822,0.0084765655919909,0.0022295424711202,0.5176004767417908,0.4823995232582092,a1,True,2.2361581325531006,0.2,0.0354600238439988,0.0619424032975937,0.0578570552170276,0.0152178096730815,0.5004950165748596,0.4995049834251404,0.5000093579292297,3.746635372255729,3.728771924972534,0.9807575110020794,0.4999906420707702,4,40,3.8019305313937366,IGE,1.1821147799491882
0.1566454917192459,0.051124669611454,0.8748810291290283,0.9839307069778442,fba0b31275b5f258a25d0281bc4c523dd3c19f09195de97a088cc3eb608f4960,0.0644241589393944,0.0100917536765336,0.0026859726186153,0.1269980655072822,0.0064927344210445,0.0017280749643561,0.5144531726837158,0.4855467677116394,a1,True,3.100642442703247,0.4,0.0322525700783067,0.0619424032975937,0.0541922338306903,0.0144235442992729,0.5005683898925781,0.4994315803050995,0.5003381371498108,3.746635372255729,3.686429738998413,0.9811624081177556,0.4996618628501892,4,80,3.7572064609266818,IGE,2.019334863871336
0.1535127460956573,0.0468995235860347,0.856471598148346,0.9812361001968384,c67c17291422a1aba80b74bcc3ee39ecbf475e6ae6f46d654e7dd98751b1caed,0.0644241589393944,0.0098899295553565,0.0026406721520895,0.1269980655072822,0.0059561487287282,0.0015903284238397,0.5048161149024963,0.4951838850975036,a1,True,3.255742073059082,0.5,0.0259071846943582,0.0619424032975937,0.05305190756917,0.0141651863290835,0.5001049041748047,0.4998950660228729,0.5003947615623474,3.746635372255729,3.676333904266357,0.9816038130949872,0.4996052086353302,4,100,3.745231890119612,IGE,2.4676513094455004
0.139897346496582,0.0376670993864536,0.7994217872619629,0.9743738770484924,d64e89132643888a78fe665e1a548483bfb03397449e8e7727cc029a27804460,0.0644241589393944,0.0090127689763903,0.0024267416950519,0.1269980655072822,0.0047836489975452,0.0012880259670747,0.4538748562335968,0.5461251735687256,a1,True,3.6200954914093018,1.0,0.0153459174587849,0.0619424032975937,0.0495181046426296,0.0133330444296314,0.4981275200843811,0.5018724799156189,0.4894933700561523,3.746635372255729,3.650623798370361,0.9829521879082418,0.5105066299438477,4,200,3.713938320986927,IGE,4.468174800276756
0.1522112637758255,0.2183651030063629,1.1005653142929075,1.00249981880188,93423d0b3e69c181cac2f7edec8b556b4be6d5ca7ad0073e4f8a9ed0f08b9252,6.56981602535155,1.0,0.25,4.57948631089777,1.0,0.25,0.4865572452545166,0.5134426951408386,a1,True,2.2362663745880127,0.0,6.294829877093969,0.908623947177158,1.0,0.25,0.5064956545829773,0.4935042858123779,0.5000942349433899,0.9975064147085184,1.0,0.25,0.4999057352542877,0,0,4.0,ILN,0.0319658033549785
0.1306500881910324,0.2096875011920929,1.0950350761413574,1.0024173259735107,109fbbfe741f490d8405a6d9818f4a5d2957428b0be86328b1ed13edee7deda0,6.56981602535155,0.8583470582962036,0.2250811187989908,4.57948631089777,0.960261046886444,0.2518056404845338,0.4871681928634643,0.5128317475318909,a1,True,2.2090885639190674,0.005,6.294829873045178,0.908623947177158,0.9949750900268556,0.2609085733746281,0.5066021680831909,0.4933978319168091,0.5001065731048584,0.9975064147085184,0.99991774559021,0.2622046673418471,0.4998933970928192,0,1,3.813500940799713,ILN,0.1172853205353021
0.091557078063488,0.1768003851175308,1.0797888040542605,1.0021390914916992,db9329432ab6c2fced8526c35e71cd33fde58cd9e1757f5375159edf7912579d,6.56981602535155,0.601513147354126,0.1773365303307157,4.57948631089777,0.809654951095581,0.2387003516447591,0.4895280003547668,0.5104719400405884,a1,True,2.119890689849853,0.025,2.7737369162740504,0.908623947177158,0.9811219573020936,0.2892518052258006,0.5070048570632935,0.4929950535297394,0.5004140734672546,0.9975064147085184,0.9996402263641356,0.2947113127987245,0.4995858669281006,0,5,3.3919302821159363,ILN,0.2807137239724397
0.0742671489715576,0.1428878307342529,1.063942551612854,1.0017948150634766,7b0ac86486a423e90631d47d5dfaf79ee272d7082eefe74cdb65219b8931695c,6.56981602535155,0.4879215061664581,0.156974011551063,4.57948631089777,0.6543528437614441,0.210518268936556,0.491822212934494,0.5081777572631836,a1,True,2.021900177001953,0.05,1.9712156939271213,0.908623947177158,0.9667236804962158,0.3110141534469037,0.5074301958084106,0.4925697743892669,0.5005946159362793,0.9975064147085184,0.99929678440094,0.3214935660654772,0.4994053244590759,0,10,3.108294814825058,ILN,0.458257669582963
0.0605310499668121,0.100159503519535,1.045576810836792,1.001505970954895,03677cdd9062ea1aa6d3e3f52d419d14dd0b29c3abeeecdd5fd9bcea0ad2969b,6.56981602535155,0.39767786860466,0.1417543401398146,4.57948631089777,0.4586790800094604,0.1634985385302288,0.4948962330818176,0.5051037669181824,a1,True,1.927306890487671,0.1,1.0277254433536385,0.908623947177158,0.9500361084938048,0.3386453013869289,0.5079300999641418,0.4920699000358581,0.5008777976036072,0.9975064147085184,0.9990086555480956,0.3561018199430276,0.4991221725940704,0,20,2.805401712656021,ILN,0.7295218110084534
0.0484764501452446,0.0700492411851883,1.0241761207580566,1.0012967586517334,ff97cdf2858f0653affbf2215ed48fdc3396027d1363879473a18d59d19b8146,6.56981602535155,0.3184813559055328,0.1239872663632346,4.57948631089777,0.3207895457744598,0.1248858626131842,0.5004048347473145,0.4995951354503631,a1,True,1.837805986404419,0.2,0.5172070097217792,0.908623947177158,0.9305909276008606,0.362286278540844,0.5077784061431885,0.4922215342521667,0.5013065934181213,0.9975064147085184,0.9987999796867372,0.3888405924827371,0.4986934065818786,0,40,2.5686618089675903,ILN,1.2022691201418638
0.0377321504056453,0.054185677319765,0.9964100122451782,1.0010288953781128,6add066714458997ff3f74b9679654f49e9e2fc84698637c7f4f223168dfccb4,6.56981602535155,0.247893288731575,0.1032918553940338,4.57948631089777,0.2481425702571869,0.1033957256981782,0.5042343735694885,0.4957655668258667,a1,True,1.7581931352615356,0.4,0.3123052523128762,0.908623947177158,0.9053620100021362,0.3772450730509871,0.5054234862327576,0.4945764541625976,0.5019916296005249,0.9975064147085184,0.998532772064209,0.4160673458568008,0.4980083107948303,0,80,2.399930641055107,ILN,2.034814171493053
0.0343096069991588,0.0506585985422134,0.9859498739242554,1.0009065866470337,70de2cd67d38bbdd6bcda532ad80eb7d397f2e37eb5215195ed1a2791dd1804d,6.56981602535155,0.2254078090190887,0.0958502416636839,4.57948631089777,0.2319903671741485,0.0986493451759952,0.503856897354126,0.4961430430412292,a1,True,1.7339082956314087,0.5,0.2830550840023413,0.908623947177158,0.8958576321601868,0.3809458550370709,0.503943145275116,0.4960567951202392,0.5021634101867676,0.9975064147085184,0.9984107613563538,0.42455455812325,0.49783656001091,0,100,2.351666569709778,ILN,2.4880005680024624
0.0244495812803506,0.0408151187002658,0.93985778093338,1.0002362728118896,f30b6e02bd1789246a49c8e9337d02a5ca41fc09dd7e5df8d13107910f7e52a9,6.56981602535155,0.1606292575597763,0.0730378356101896,4.57948631089777,0.1869122833013534,0.0849886803231294,0.4992580413818359,0.5007419586181641,a1,True,1.7077564001083374,1.0,0.216739829620892,0.908623947177158,0.8539772629737854,0.3883019313882327,0.4976890683174133,0.5023109316825867,0.5019470453262329,0.9975064147085184,0.9977421164512634,0.4536715526784481,0.4980529248714447,0,200,2.1992609202861786,ILN,4.48957547545433
0.127107948064804,0.243711233139038,1.1146094799041748,1.0018126964569092,7738537747df9a95a022d0659f696a41c6125cd1632673ceb3bd9af5bd1352cd,7.867328638507308,1.0,0.2499999925494196,4.1032169435049815,1.0000001192092896,0.2500000223517411,0.5016589164733887,0.4983410835266113,a1,True,2.0959432125091557,0.0,6.209937057369345,0.8971752152018972,1.0,0.2499999925494196,0.4996657371520996,0.5003342628479004,0.499798834323883,0.9981905834650344,1.0,0.2499999925494196,0.5002011656761169,1,0,4.0000001192092896,ILN,0.0328922029584646
0.1113940477371215,0.2321196049451828,1.1035480499267578,1.0017443895339966,d5b27dac07943ebc44739d4271a117a438cf2def619d4dfb21c486dd4500c8e0,7.867328638507308,0.8763735890388489,0.2294881484523681,4.1032169435049815,0.952437162399292,0.2494062391313709,0.5022236108779907,0.4977763891220093,a1,True,2.0666613578796387,0.005,6.209937052899018,0.8971752152018972,0.990075945854187,0.2592623722155921,0.4997596442699432,0.5002403259277344,0.5000726580619812,0.9981905834650344,0.999931812286377,0.2618432402006688,0.4999273121356964,1,1,3.818818509578705,ILN,0.1133594531565904
0.084659457206726,0.1883003264665603,1.0841517448425293,1.0015813112258911,67118fbed356c8a0714ecf2e8295c2eb6d537cc36d8fbcbebce747db60213ea4,7.867328638507308,0.666043758392334,0.1952563906053214,4.1032169435049815,0.772637128829956,0.2265051434265229,0.5027997493743896,0.4972002208232879,a1,True,1.9882593154907229,0.025,2.747090581719512,0.8971752152018972,0.9726740717887878,0.2851476740076091,0.5001262426376343,0.4998737275600433,0.500573456287384,0.9981905834650344,0.9997690320014954,0.2930907919605465,0.4994264841079712,1,5,3.411123991012573,ILN,0.2709764838218689
0.0708854496479034,0.1449194848537445,1.078170895576477,1.0014832019805908,cd594dcf85e7d884b08185596ff5ba1dec2f8da1e225e0f999a5b8f201f2e0cf,7.867328638507308,0.5576791167259216,0.1787837355712908,4.1032169435049815,0.594636082649231,0.1906315961509391,0.5030583739280701,0.4969415664672851,a1,True,1.9357502460479736,0.05,1.928902997457239,0.8971752152018972,0.9673081636428832,0.3101047928062781,0.5005373358726501,0.4994626641273498,0.500500500202179,0.9981905834650344,0.9996711015701294,0.320479875471492,0.4994994699954986,1,10,3.1192944645881653,ILN,0.4546500891447067
0.058495707809925,0.0971472263336181,1.056775689125061,1.0012831687927246,060ce6efe6684871265bef369b9a54180b2a79980a08b694dc846d3cd502eb76,7.867328638507308,0.4602049589157104,0.1639837743745998,4.1032169435049815,0.3986161649227142,0.1420379810873071,0.50528883934021,0.49471116065979,a1,True,1.8544167280197144,0.1,1.046327122715374,0.8971752152018972,0.9481129050254822,0.3378388904492907,0.5011029839515686,0.4988970160484314,0.5007469058036804,0.9981905834650344,0.9994714260101318,0.3561393540888024,0.4992530941963196,1,20,2.8064054548740387,ILN,0.726919224485755
0.0468866564333438,0.0692727118730545,1.0364603996276855,1.001144289970398,98627bd955f0311a373ac8716da3874cbfe1b04e2f397e90a6a683d920b79b07,7.867328638507308,0.368872731924057,0.1428447529288372,4.1032169435049815,0.2842409908771515,0.1100713893984815,0.5112429857254028,0.4887569844722748,a1,True,1.7832714319229126,0.2,0.511674817233943,0.8971752152018972,0.9298865795135498,0.3600955213187223,0.501276969909668,0.4987229704856872,0.5011804103851318,0.9981905834650344,0.9993327856063844,0.3869883363539588,0.4988195896148681,1,40,2.5823330879211426,ILN,1.1996851079165936
0.0357861369848251,0.0521831549704074,1.0095912218093872,1.00094735622406,65f5ef7a775226377bb86a0d56d5ba85ebe85e88697557f115a2dba821dc91e2,7.867328638507308,0.2815412878990173,0.1172806980550374,4.1032169435049815,0.2141188085079193,0.0891947448131614,0.5148334503173828,0.4851665496826172,a1,True,1.724636197090149,0.4,0.2948366080422324,0.8971752152018972,0.9057801961898804,0.377317779876323,0.4996364414691925,0.5003635287284851,0.5018296837806702,0.9981905834650344,0.999136209487915,0.4162067772554781,0.498170256614685,1,80,2.400576502084732,ILN,2.0816509518772364
0.0323345176875591,0.0485546290874481,0.998659372329712,1.000863552093506,7b2152aeab2363c0c309e891510e029df98bc62c82a5c738abac3ad66a93e6f4,7.867328638507308,0.2543862760066986,0.1083120941395166,4.1032169435049815,0.1992301791906356,0.0848278384458156,0.5149166584014893,0.4850833415985107,a1,True,1.7102237939834597,0.5,0.2639273172048879,0.8971752152018972,0.8959724307060242,0.3814854000161825,0.4985290467739105,0.5014709234237671,0.5019195675849915,0.9981905834650344,0.9990525841712952,0.4253746673984852,0.4980804026126861,1,100,2.3486414700746536,ILN,2.5387430917471647
0.0222170948982238,0.0394768454134464,0.9512736797332764,1.0003455877304075,e0fa862669c13708da257b4443492aeb1ee32b5e86c9ae7979cd702fe29076be,7.867328638507308,0.1747891902923584,0.0798574144747493,4.1032169435049815,0.1619820743799209,0.0740061191976501,0.5108223557472229,0.4891776144504547,a1,True,1.7025649547576904,1.0,0.204392377961695,0.8971752152018972,0.8534591197967529,0.3899270804611292,0.4932532608509063,0.5067467093467712,0.5015160441398621,0.9981905834650344,0.9985355734825134,0.4562093858664713,0.4984839260578155,1,200,2.1887659579515457,ILN,4.537306074053049
0.1371061503887176,0.1959286630153656,1.1562365293502808,1.0022320747375488,8980e9d9cc800dd749bdbdce1623a945eaa8ab71e151915c05bf9bd1f3184072,7.293618828605048,1.0,0.25,5.103898452655044,1.0,0.25,0.4993995130062103,0.5006004571914673,a1,True,2.088461399078369,0.0,6.893550842823133,0.8648749409094184,1.0,0.25,0.5019243359565735,0.4980756640434265,0.5012571215629578,0.997772896323308,1.0,0.25,0.4987428486347198,2,0,4.0,ILN,0.033491401001811
0.1155941188335418,0.1874295771121978,1.1460585594177246,1.0021064281463623,b11b75a68438e9090e26671acf2250bdda0bb873917ad0e631669b41ec27c169,7.293618828605048,0.8430994153022766,0.2224071431618424,5.103898452655044,0.956621527671814,0.2523539421271272,0.5000745058059692,0.4999255239963531,a1,True,2.053220272064209,0.005,6.893550846377869,0.8648749409094184,0.9911973476409912,0.2614749416228579,0.5020492672920227,0.4979507327079773,0.501160740852356,0.997772896323308,0.9998745918273926,0.2637639730881724,0.498839259147644,2,1,3.7907928824424735,ILN,0.1152355968952179
0.0829768925905227,0.1551227867603302,1.1133538484573364,1.001726746559143,eee1df0f93a7508d606624dc5656651299aae24c28c20dda80f1aceb6e454e6d,7.293618828605048,0.6052018404006958,0.1801549631169088,5.103898452655044,0.7917309403419495,0.2356804768825277,0.5024352073669434,0.4975647628307342,a1,True,1.9557371139526367,0.025,2.6527487168293065,0.8648749409094184,0.96291184425354,0.2866371782205368,0.5025501251220703,0.4974498152732849,0.5009024739265442,0.997772896323308,0.9994957447052002,0.2975273817800267,0.4990974962711334,2,5,3.359340369701385,ILN,0.2774329725652933
0.0732063800096511,0.1220203638076782,1.0851736068725586,1.001461148262024,fac84632e687f3767074249fc414ee19df3c63ede9af3ba54797d10c23075ae6,7.293618828605048,0.5339394211769104,0.1725452518229415,5.103898452655044,0.6227795481681824,0.2012543927399074,0.5042900443077087,0.4957098662853241,a1,True,1.8869047164916992,0.05,2.3892978627937183,0.8648749409094184,0.9385395050048828,0.3032938359934105,0.5031514167785645,0.4968485832214355,0.5008650422096252,0.997772896323308,0.9992307424545288,0.3229065194437404,0.4991349279880523,2,10,3.0944892168045044,ILN,0.4597795009613037
0.0588095262646675,0.0832812264561653,1.066550374031067,1.0012718439102173,6d15bf6e4d022595a5f5975af17f254bbb2045ecee050ebd6e34ac0255bbb432,7.293618828605048,0.428934246301651,0.1545448495211665,5.103898452655044,0.4250589311122894,0.1531485748987718,0.507538378238678,0.492461621761322,a1,True,1.810543775558472,0.1,1.1289590977605517,0.8648749409094184,0.9224327206611632,0.3323521664150951,0.5040729641914368,0.4959270656108856,0.5006875395774841,0.997772896323308,0.9990418553352356,0.3599544091649664,0.4993124604225158,2,20,2.77546775341034,ILN,0.733406001701951
0.0481505207717418,0.0605751574039459,1.0375136137008667,1.0010684728622437,fa85e187df0a48f619d15e1b4ced8def09a77108043b64057dda7dd073b6e87e,7.293618828605048,0.3511915504932403,0.1373709628463995,5.103898452655044,0.3091694712638855,0.1209337408334078,0.5139049291610718,0.4860950410366058,a1,True,1.724644422531128,0.2,0.5608512882313245,0.8648749409094184,0.8973195552825928,0.3509926452300719,0.5044345259666443,0.4955654442310333,0.5008304119110107,0.997772896323308,0.9988389611244202,0.3907026510901207,0.4991695582866668,2,40,2.556519538164139,ILN,1.1996452249586582
0.0374029837548732,0.0456230603158474,1.0087779760360718,1.00080668926239,8a6f1a61d789a74f080c2ff31987035943c8c0fc79181c9244a105436e99ec16,7.293618828605048,0.2728030979633331,0.1147821505403634,5.103898452655044,0.2328554689884185,0.0979741494694022,0.5205669403076172,0.4794330298900604,a1,True,1.656165599822998,0.4,0.308318103645428,0.8648749409094184,0.8724668025970459,0.3670911973683808,0.5020331144332886,0.4979668855667114,0.5012227296829224,0.997772896323308,0.9985777735710144,0.4201525026218535,0.4987772405147552,2,80,2.376703143119812,ILN,2.034687055274844
0.0340030491352081,0.0422605350613594,0.998314619064331,1.0007431507110596,724d815142b35b73993cb82d23d3493f02a6efe7f259ec6d19bd8b003386ad0f,7.293618828605048,0.2480052709579467,0.1066400174992804,5.103898452655044,0.2156934887170791,0.0927462441520868,0.5227092504501343,0.4772907793521881,a1,True,1.640883445739746,0.5,0.2724073849412169,0.8648749409094184,0.8634173274040222,0.3712616209643369,0.5005756616592407,0.4994243383407593,0.5012560486793518,0.997772896323308,0.9985143542289734,0.4293521173842958,0.4987439215183258,2,100,2.325630441308021,ILN,2.5010449532419443
0.0241387076675891,0.0339526571333408,0.9544923901557922,1.0003527402877808,b02887dffd7f8610f80d1e31cfb33b429a117ce075fa01571405266a72d38ccc,7.293618828605048,0.1760585308074951,0.0810212932590395,5.103898452655044,0.1732909232378006,0.0797476535012743,0.528641402721405,0.4713585972785949,a1,True,1.6279733180999756,1.0,0.206016023005741,0.8648749409094184,0.8255165815353394,0.379898779888757,0.4943688511848449,0.505631148815155,0.5009133219718933,0.997772896323308,0.9981248378753662,0.4593322733509291,0.4990866482257843,2,200,2.1729908734560013,ILN,4.545538445934653
0.1361702531576156,0.2118832767009735,1.1016173362731934,1.0018877983093262,b5bfd7ee66b7bbe04e306e9af2333c7c7a10a9e603fc6843a886f9273083aae6,7.343747821597765,1.0,0.25,4.719579645762038,1.0,0.25,0.5012072324752808,0.4987927377223968,a1,True,2.084010601043701,0.0,6.000532154297815,0.9077562299283743,1.0,0.25,0.4958631694316864,0.5041368007659912,0.5008237361907959,0.9981157587571085,1.0,0.25,0.4991762340068817,3,0,4.0,ILN,0.0330869760364294
0.117878533899784,0.2038682401180267,1.0896943807601929,1.001734733581543,3996968a3412bc96c93e78078c7b61207eef001e1067216a6d79fdad57f313ba,7.343747821597765,0.8656702041625977,0.2268012674104697,4.719579645762038,0.9621723890304564,0.252084357588076,0.500232994556427,0.4997669756412506,a1,True,2.045472383499145,0.005,6.00053216169375,0.9077562299283743,0.989176869392395,0.2591593964913423,0.4959887266159057,0.5040112733840942,0.5007010102272034,0.9981157587571085,0.9998472332954408,0.261954978510112,0.4992989599704742,3,1,3.81686669588089,ILN,0.1146230790764093
0.0856037512421608,0.1728862822055816,1.060108304023743,1.001286268234253,3b3bb236339703dc3cd97f7c7e2aed5b216d75506b58f4e5f3ef2e9a1bc82b83,7.343747821597765,0.6286523342132568,0.1845545596588207,4.719579645762038,0.8159505724906921,0.2395400293833933,0.4973392486572265,0.5026607513427734,a1,True,1.9344960451126096,0.025,2.732042790877611,0.9077562299283743,0.9623199105262756,0.2825099306445037,0.4964769184589386,0.503523051738739,0.500461995601654,0.9981157587571085,0.9993996024131776,0.2933954803132821,0.4995379745960235,3,5,3.406322419643402,ILN,0.2824368197470903
0.0710034295916557,0.1400308459997177,1.0473451614379885,1.0010517835617063,a575947a260e73151f2910314d875c15e1676d34fcba73b581a4a541acec883b,7.343747821597765,0.5214312672615051,0.1664735073770749,4.719579645762038,0.6608867645263672,0.2109964334275618,0.4960398077964782,0.5039601922035217,a1,True,1.8655648231506348,0.05,1.9158779026059336,0.9077562299283743,0.9507340788841248,0.3035338435417937,0.4970457851886749,0.5029541850090027,0.5003620386123657,0.9981157587571085,0.9991655945777892,0.3189962156535694,0.4996379017829895,3,10,3.1322177052497864,ILN,0.4547116085886955
0.0586230680346488,0.0973599031567573,1.0385392904281616,1.0009762048721311,c85eaa281848f22a5f1c394abeaa275bccb0ac99d5c146815e68a57df526cf3f,7.343747821597765,0.4305130243301391,0.1520258210325921,4.719579645762038,0.4594978094100952,0.1622611344846991,0.5009360313415527,0.4990639388561249,a1,True,1.7908443212509155,0.1,1.1049128723755957,0.9077562299283743,0.9427404999732972,0.332907230279777,0.4980130195617676,0.5019869804382324,0.5000177025794983,0.9981157587571085,0.9990901350975036,0.3528058142029318,0.4999822974205017,3,20,2.831841468811035,ILN,0.7213992923498154
0.0473055392503738,0.0664758384227752,1.0211361646652222,1.0009864568710327,bbf2202bc0989a3a4ac624b7c7fa86d504a0c0ad81d0889cf6a38ec29c64f951,7.343747821597765,0.3473999500274658,0.1342774014529959,4.719579645762038,0.3137380182743072,0.1212663554717145,0.5094149708747864,0.4905850291252136,a1,True,1.725799798965454,0.2,0.569504304778264,0.9077562299283743,0.9269427061080932,0.3582828893963927,0.4993234276771545,0.5006765723228455,0.5006477236747742,0.9981157587571085,0.999100387096405,0.3861733536788968,0.4993522465229034,3,40,2.587181061506272,ILN,1.1727005392313004
0.0367399044334888,0.0483843721449375,0.9952967166900636,1.0008432865142822,616966583853c2dad61491af05a99e02f5341e5900fc02d85cf56ff78e4d13c1,7.343747821597765,0.2698085904121399,0.112391832575179,4.719579645762038,0.2283539026975631,0.0951234116032743,0.5162068605422974,0.4837930798530578,a1,True,1.6866068840026855,0.4,0.3200963767993798,0.9077562299283743,0.9034867882728576,0.3763576826309986,0.5003980398178101,0.4996019601821899,0.5016531348228455,0.9981157587571085,0.9989574551582336,0.416127073190548,0.4983468651771545,3,80,2.4006067365407944,ILN,1.997991507872939
0.0334267280995845,0.0448503904044628,0.984785258769989,1.0007739067077637,5f6487c3746de2238c3ad83ce1f67da9373cec4fa082008752d50a9632fa7751,7.343747821597765,0.2454774528741836,0.1044591300338134,4.719579645762038,0.2116749882698059,0.0900750144898827,0.5165812969207764,0.4834186732769012,a1,True,1.6723425388336182,0.5,0.2792732037749454,0.9077562299283743,0.8939449191093445,0.3804044218927552,0.500440239906311,0.4995597302913666,0.5017877221107483,0.9981157587571085,0.9988882541656494,0.4250614335835486,0.4982122778892517,3,100,2.3499856144189835,ILN,2.4859148897230625
0.0235412064939737,0.0364074483513832,0.9365717768669128,1.000220775604248,9a21da7395a8293960ac423e495a15618e3e125d3dcb3083828354c8752df5b7,7.343747821597765,0.1728806793689727,0.0788249254484524,4.719579645762038,0.1718278527259826,0.0783448892642659,0.5098059177398682,0.490194022655487,a1,True,1.6669358015060425,1.0,0.2129658137248419,0.9077562299283743,0.8501788377761841,0.3876389412059829,0.498537540435791,0.501462459564209,0.5012966990470886,0.9981157587571085,0.998336136341095,0.4551912440812987,0.4987032413482666,3,200,2.1932235062122345,ILN,4.60171620734036
0.1217739358544349,0.2088203281164169,1.0687754154205322,1.0019601583480835,923869d99b630c8cb39ff6aeff4ac6f215938e04cf84fa567fcab15c02f5e27d,8.211937907526936,1.0,0.25,4.788805807438982,1.0,0.25,0.5171653628349304,0.4828346073627472,a1,True,2.061300039291382,0.0,4.972268570326576,0.9356502643781276,1.0,0.25,0.4967426657676697,0.5032572746276855,0.5000057220458984,0.9980436763550424,1.0,0.25,0.4999942779541015,4,0,4.0,ILN,0.0335196703672409
0.1085549741983413,0.1991423219442367,1.0648458003997805,1.001857042312622,c66dff39419a87279a4b4754d87ef3cb2112d22954a9071595581ed19d7a35b3,8.211937907526936,0.8914467096328735,0.2320677474237925,4.788805807438982,0.9536539316177368,0.2482619738688756,0.5168735980987549,0.4831264019012451,a1,True,2.0309200286865234,0.005,4.972268557215115,0.9356502643781276,0.99632328748703,0.2593699640533804,0.4968865513801574,0.5031133890151978,0.4998952746391296,0.9980436763550424,0.9998970627784728,0.2603003146539514,0.5001047253608704,4,1,3.841320991516113,ILN,0.1164526212960481
0.0822161585092544,0.1635622084140777,1.0547047853469849,1.0015803575515747,28aaaea2b7267a9f6da8b75ea2379daab2de62f39b27778fbc01882bf68a883c,8.211937907526936,0.6751539707183838,0.1959878088677289,4.788805807438982,0.7832676768302917,0.2273717143002878,0.5163440704345703,0.4836558699607849,a1,True,1.9376866817474363,0.025,2.74990530407896,0.9356502643781276,0.9868348240852356,0.2864644263012252,0.4974569678306579,0.502543032169342,0.4996615350246429,0.9980436763550424,0.9996209144592284,0.290176050530758,0.5003384351730347,4,5,3.44487738609314,ILN,0.2752856370061636
0.0675436705350875,0.1282097548246383,1.0443580150604248,1.0014337301254272,0624674c5c0138f9b852e53f218c697abb19bfa6159b076a44645013bcedc215,8.211937907526936,0.5546644330024719,0.1763490547053169,4.788805807438982,0.6139716506004333,0.1952050893423106,0.5162511467933655,0.4837488234043121,a1,True,1.866316556930542,0.05,1.7739063792714873,0.9356502643781276,0.9771538972854614,0.310674627459193,0.4981260001659393,0.5018739700317383,0.4996378421783447,0.9980436763550424,0.9994745850563048,0.3177712284931794,0.5003621578216553,4,10,3.145264565944672,ILN,0.4580189064145088
0.0562023073434829,0.0866577327251434,1.031576156616211,1.0012983083724976,30ade664c8936b25e13127fc572d01f1dfdf7fc5e9c4d232ec535f9160e6fc78,8.211937907526936,0.4615298509597778,0.1624504023383148,4.788805807438982,0.4149870574474334,0.1460681563875792,0.5172523260116577,0.4827476739883423,a1,True,1.7945207357406616,0.1,1.0161705892182733,0.9356502643781276,0.9651945233345032,0.3397315218600948,0.4992152452468872,0.500784695148468,0.4999533295631408,0.9980436763550424,0.9993394017219543,0.351749919414011,0.5000466704368591,4,20,2.841050833463669,ILN,0.7424738500267267
0.0446402020752429,0.060556061565876,1.0145124197006226,1.001182198524475,3060cd4900513a905fd4eda82a6bb83274315a4bf7b24c0b76c5f572ad0a3927,8.211937907526936,0.3665825724601745,0.1407212636451366,4.788805807438982,0.2899912297725677,0.1113198917933728,0.5167345404624939,0.4832654297351837,a1,True,1.7324196100234983,0.2,0.5247922145272865,0.9356502643781276,0.949228823184967,0.364383605555843,0.5003997087478638,0.4996002912521362,0.5004989504814148,0.9980436763550424,0.999223530292511,0.3835752390056475,0.4995010197162628,4,40,2.6050261557102203,ILN,1.2127362489700315
0.0337353497743606,0.0452230013906955,0.9913383722305298,1.0009409189224243,ddb107d7489062a2ca6413691ebfd81d92f3437ed1e30abb1202f8bc913c927b,8.211937907526936,0.2770325839519501,0.1144703373104358,4.788805807438982,0.2165641784667968,0.0894846887857472,0.5155310034751892,0.4844689965248108,a1,True,1.6607941389083862,0.4,0.3025973229602678,0.9356502643781276,0.9275460243225098,0.3832636030047902,0.500307023525238,0.4996929466724396,0.5012520551681519,0.9980436763550424,0.9989827275276184,0.4127813708990268,0.4987479746341705,4,80,2.420125514268875,ILN,2.054230649024248
0.030400950461626,0.0418469384312629,0.9812546372413636,1.0008482933044434,c2661b502283c6c56392e8dee6048d87e8217b65148fc487f741c4b616882082,8.211937907526936,0.2496507167816162,0.1054691768473314,4.788805807438982,0.2003968656063079,0.0846610525727879,0.5136236548423767,0.4863763153553009,a1,True,1.6484049558639526,0.5,0.2688338954113877,0.9356502643781276,0.9181112051010132,0.3878716404448388,0.4996204674243927,0.5003795027732849,0.5013650059700012,0.9980436763550424,0.9988902807235718,0.4219981301350418,0.4986349642276764,4,100,2.367049068212509,ILN,2.5022805891931057
0.0208769962191581,0.0334684774279594,0.9352371096611024,1.0003256797790527,781f06230fbd2e499ad7ef8a33659026032996c9da0bc2bc201dc60a3211761a,8.211937907526936,0.1714406013488769,0.0777459660743383,4.788805807438982,0.1602740436792373,0.0726820850162903,0.5050854682922363,0.4949145317077636,a1,True,1.6616277694702148,1.0,0.2079014089855382,0.9356502643781276,0.8750548958778381,0.3968254177413836,0.4947631657123565,0.5052368640899658,0.501073956489563,0.9980436763550424,0.9983686804771424,0.4527465311679877,0.498926043510437,4,200,2.205138221383095,ILN,4.304057125002146
0.8302626609802246,0.190260648727417,1.198304533958435,1.012054443359375,9a0afeaf662e33c8fa78e0d2e70433e838575f28ba1808277853f38ee8bf523a,1.0,0.8302626609802246,0.0554137633259606,10.0,1.90260648727417,0.1269846164872389,0.4971342980861664,0.5028656721115112,placenta,True,4.857166767120361,0.0,5.455919013650679,6.0,7.189826965332031,0.4798666597160256,0.5010902285575867,0.4989098310470581,0.4867499470710754,5.0,5.060272216796875,0.3377349604707748,0.5132500529289246,0,0,14.9829683303833,C0,0.0332776103168726
0.7730856537818909,0.18513785302639,1.1737302541732788,1.0110021829605105,2a3f606725a9e4aba2e5aa459d7afb23d55c3a48ce46764e7b1654d3ec6d740a,1.0,0.7730856537818909,0.0525127835943257,10.0,1.8513785600662231,0.1257571411399658,0.5040914416313171,0.4959085583686828,placenta,True,4.684543609619141,0.005,5.455919027081798,6.0,7.042381286621094,0.4783623168842274,0.501049280166626,0.4989507496356964,0.4898029565811157,5.0,5.055010795593262,0.3433677583814809,0.5101970434188843,0,1,14.72185629606247,C0,0.132141713052988
0.617338240146637,0.1656452715396881,1.120331645011902,1.0088194608688354,d5c8a60e3a1884ef6b4c8ad4eabd0920ef9d44360bc9b5156a3d3adca260736a,1.0,0.617338240146637,0.0439703423558809,10.0,1.6564526557922363,0.117981983999877,0.5138150453567505,0.4861849546432495,placenta,True,4.30412483215332,0.025,2.8055458369210333,6.0,6.721989631652832,0.4787783522793764,0.500889003276825,0.499110996723175,0.5049664378166199,5.0,5.044097423553467,0.3592693213648656,0.4950336217880249,0,5,14.039877951145172,C0,0.3102366123348474
0.5246268510818481,0.1441987454891204,1.0864933729171753,1.0075159072875977,da19ef67d282265797ad969baa3949ea436663ca480210d9b8ca277044ab330b,1.0,0.5246268510818481,0.0387947112721365,10.0,1.4419875144958496,0.1066310067194117,0.5116018056869507,0.4883982241153717,placenta,True,4.075321674346924,0.05,1.897680540179262,6.0,6.518959999084473,0.4820591443948686,0.5007175803184509,0.4992824494838714,0.5211876034736633,5.0,5.037579536437988,0.372515137613583,0.478812426328659,0,10,13.52315390110016,C0,0.5109251327812672
0.4164676368236542,0.1112671419978141,1.0502678155899048,1.0057165622711182,1d10bc3ab05ed7c8a48ee5eaddbb4256b5dbf846ebfa0df1589161e260bbd701,1.0,0.4164676368236542,0.0323864212502244,10.0,1.1126713752746582,0.0865263964987757,0.5111979246139526,0.4888020753860473,placenta,True,3.8022186756134033,0.1,1.3128687365056366,6.0,6.301607131958008,0.4900416865174748,0.5005423426628113,0.4994577169418335,0.5416824817657471,5.0,5.028582572937012,0.391045495733525,0.4583175480365753,0,20,12.859328716993332,C0,0.7893626261502504
0.31700000166893,0.0724358111619949,1.0039315223693848,1.003359079360962,af6b35a2f2bcf7c6b01860a0419db2423b002ea4156f21bc7474e82d395e3848,1.0,0.31700000166893,0.0262379375259898,10.0,0.724358081817627,0.0599547697069919,0.5064088702201843,0.4935911893844604,placenta,True,3.5631589889526367,0.2,0.8280860906235639,6.0,6.023589134216309,0.4985695727246724,0.5008399486541748,0.4991600513458252,0.5679599642753601,5.0,5.016795158386231,0.4152377200423459,0.432040125131607,0,40,12.081742376089096,C0,1.252616634592414
0.2477293610572815,0.0413441732525825,0.9384718537330629,0.99928879737854,d9d1bd836369c189842cf1a3e8eacfd110f26a322dc7065291aa47e046689489,1.0,0.2477293610572815,0.0219453908490357,10.0,0.4134417176246643,0.0366252108665956,0.4913661479949951,0.5086339712142944,placenta,True,3.471653938293457,0.4,0.5654265489662379,6.0,5.630831241607666,0.4988136726089114,0.5019738078117371,0.4980262219905853,0.5841606855392456,5.0,4.996443748474121,0.4426157256754571,0.4158393740653991,0,80,11.288446068763731,C0,2.0357268154621124
0.2363080084323883,0.0351760983467102,0.9086624383926392,0.9969590902328492,d4cd9cf1455d57d2cc6b0794c3df35a0e5c2852815df99e685bc3c4204902937,1.0,0.2363080084323883,0.0214341451329361,10.0,0.351760983467102,0.0319062228223021,0.4841235876083374,0.5158764123916626,placenta,True,3.5094010829925537,0.5,0.5108121450518742,6.0,5.451974868774414,0.4945173943686576,0.5022006034851074,0.4977993965148926,0.5811817049980164,5.0,4.984795570373535,0.452142237676104,0.418818324804306,0,100,11.02483943104744,C0,2.4555695969611406
0.2579716742038727,0.0259342584758996,0.7701154947280884,0.9785603880882264,a88a63dae43ca3b64f64dc90311312e292734ba76ab0175c1a2b44135d037223,1.0,0.2579716742038727,0.025717932467063,10.0,0.2593425810337066,0.0258546020815744,0.4325088560581207,0.5674911737442017,placenta,True,4.228940010070801,1.0,0.3646505664978268,6.0,4.620693206787109,0.460650093503111,0.5004355311393738,0.4995644688606262,0.544347882270813,5.0,4.892801761627197,0.4877773719482514,0.4556521773338318,0,200,10.030809223651886,C0,4.25207825563848
0.8948230147361755,0.1845353990793228,1.2202428579330444,1.0124516487121582,83df6b876287736d702d6e5f18ebf7ea5cfae6056a685b573687256593c8199c,1.0,0.8948230147361755,0.0591661860012779,10.0,1.8453539609909055,0.1220158108320154,0.4908595681190491,0.5091404318809509,placenta,True,4.954926013946533,0.0,7.046180347464305,6.0,7.321456909179687,0.4840987258431034,0.5015890598297119,0.4984109699726105,0.5014617443084717,5.0,5.062258243560791,0.334719277323603,0.4985382556915283,1,0,15.12389212846756,C0,0.0274285897612571
0.8266140818595886,0.179795429110527,1.187749266624451,1.0111159086227417,b19b8ffc72e8e0faf691b57e4321965f32f25469a64331034294c6ba5f936581,1.0,0.8266140818595886,0.0558272430863518,10.0,1.7979543209075928,0.1214288930399747,0.4947602450847626,0.505239725112915,placenta,True,4.766340255737305,0.005,7.046180344719248,6.0,7.126495361328125,0.4813039090691474,0.5015583038330078,0.4984417557716369,0.5051558017730713,5.0,5.055579662322998,0.341439954804526,0.4948441982269287,1,1,14.806643426418304,C0,0.116028806194663
0.6412663459777832,0.1616929322481155,1.121999979019165,1.0082635879516602,c4b6b69eeceb5872addb0a9e8e14e4a230b9c743d1a85a99ef57a9cc92aaa4c2,1.0,0.6412663459777832,0.0457018658854766,10.0,1.616929292678833,0.1152355587406216,0.5057737827301025,0.4942262470722198,placenta,True,4.3539814949035645,0.025,3.1604414023909526,6.0,6.73199987411499,0.479777174207904,0.5014516711235046,0.4985483586788177,0.517642617225647,5.0,5.041317939758301,0.3592854011659976,0.4823574125766754,1,5,14.031513452529907,C0,0.2816681042313576
0.5317220091819763,0.141560897231102,1.0872031450271606,1.0067118406295776,6ff418a7123951fbd7911a535aeb8003ec6bd44f3d9cb82af3fbf2b481fe58d8,1.0,0.5317220091819763,0.0393748296736264,10.0,1.4156090021133425,0.104828016106418,0.511816143989563,0.488183856010437,placenta,True,4.127350807189941,0.05,2.1102480593756785,6.0,6.523219108581543,0.4830543721883803,0.5013595223426819,0.4986405372619629,0.5285964608192444,5.0,5.033559322357178,0.3727427820315751,0.4714035391807556,1,10,13.50410944223404,C0,0.4715532474219799
0.4311035871505737,0.1101853772997856,1.0474458932876587,1.0048660039901731,312c3a7518871c55e61e9a110435990ceda5001b685d16eab832d74629cbdd6f,1.0,0.4311035871505737,0.0335699133675882,10.0,1.1018537282943726,0.0858010355401584,0.5128256678581238,0.4871743321418762,placenta,True,3.855130434036255,0.1,1.3694318027170576,6.0,6.284675598144531,0.4893858962472952,0.5013486742973328,0.4986513257026672,0.5464264154434204,5.0,5.024330139160156,0.3912431548449581,0.4535736441612243,1,20,12.841963052749634,C0,0.7317631673067808
0.3243705332279205,0.0723345428705215,1.0018000602722168,1.0024480819702148,98fcc63c668b892b13d89b2a4549b5e22abd158619ae18d1dd7c62367b1e6d4f,1.0,0.3243705332279205,0.0268724274038902,10.0,0.7233453989028931,0.0599254393625754,0.5073053240776062,0.4926946759223938,placenta,True,3.6008338928222656,0.2,0.8545581155181342,6.0,6.010800361633301,0.4979638401487346,0.5019035339355469,0.4980964660644531,0.5746127963066101,5.0,5.012240409851074,0.4152382930847997,0.4253872632980346,1,40,12.070756703615189,C0,1.2280996069312096
0.2528818845748901,0.0415780432522296,0.9391049146652222,0.9984393119812012,a59c08ac99901e11dd7731072f66a31da51bbb1ea8e90b2f581bc247f571e687,1.0,0.2528818845748901,0.0223878668994139,10.0,0.4157804250717163,0.0368094252047171,0.4933194816112518,0.5066805481910706,placenta,True,3.471298933029175,0.4,0.577189585648335,6.0,5.634629249572754,0.4988389337537593,0.5032064318656921,0.496793657541275,0.5881534218788147,5.0,4.992196559906006,0.4419637741421096,0.4118466377258301,1,80,11.295488119125366,C0,1.9686511363834145
0.2398484647274017,0.0353792607784271,0.9115800261497498,0.9961152076721193,9d63e24895679439206695d9ecf4a7fb8e4b6c2ae5164f608519b522c07662a4,1.0,0.2398484647274017,0.0217181313015853,10.0,0.3537926077842712,0.0320357035352382,0.4877202808856964,0.512279748916626,placenta,True,3.49718713760376,0.5,0.5217717177938961,6.0,5.469480037689209,0.4952580611468188,0.5035321116447449,0.4964679181575775,0.5862281322479248,5.0,4.980576038360596,0.4509881040163576,0.4137718677520752,1,100,11.043697148561478,C0,2.390355436131358
0.250158429145813,0.0260602999478578,0.7841678261756897,0.9776492118835448,a67aaace3d4e6afb439a1e26e0d46406f64ea328d041e612b1e820e282cf7a32,1.0,0.250158429145813,0.0247583202970482,10.0,0.2606030106544494,0.0257920263977878,0.4482665061950683,0.5517334938049316,placenta,True,4.114967346191406,1.0,0.3831641625168653,6.0,4.705007076263428,0.4656571940900286,0.5022099614143372,0.4977900683879852,0.5516765117645264,5.0,4.888246059417725,0.4837924592151352,0.448323518037796,1,200,10.104014575481417,C0,4.0773065108805895
0.8293831944465637,0.1896149665117263,1.2088948488235474,1.011711835861206,ab116fde7a1d5080986cfb07b9e615c489024f7aba859d8351fcf25b7519dafd,1.0,0.8293831944465637,0.0551544680661596,10.0,1.8961496353149412,0.126095061016306,0.4974639415740967,0.5025360584259033,placenta,True,4.812918186187744,0.0,5.81721835273526,6.0,7.253369331359863,0.4823533076595571,0.4999867677688598,0.5000132918357849,0.4959121346473694,5.0,5.058559417724609,0.3363971632579771,0.5040879249572754,2,0,15.037461578845978,C0,0.0304791182279586
0.7662363052368164,0.1844002455472946,1.1830781698226929,1.010663628578186,63fc7aa6984d984eac40ca5200c6c852bcc5097f955d344baaa99072353dd7d2,1.0,0.7662363052368164,0.0519059054816522,10.0,1.8440024852752688,0.1249152749021047,0.5022121667861938,0.4977878332138061,placenta,True,4.648133277893066,0.005,5.817218335695284,6.0,7.098468780517578,0.4808600781088403,0.4999735057353973,0.500026524066925,0.4998213052749634,5.0,5.053318023681641,0.3423187415074026,0.5001786947250366,2,1,14.762025594711304,C0,0.1138893775641918
0.5960258841514587,0.1647743284702301,1.12624990940094,1.0084524154663086,b0b80b91b03936f3f16f051aa0166833480f6262a7e56946ec379c60da6114ad,1.0,0.5960258841514587,0.0424413126004273,10.0,1.6477432250976562,0.1173311212837109,0.5099618434906006,0.4900382161140442,placenta,True,4.2967963218688965,0.025,2.948528468068807,6.0,6.757499694824219,0.4811823858180755,0.4999271929264068,0.5000728368759155,0.5132443308830261,5.0,5.042262077331543,0.3590451802977862,0.4867556691169739,2,5,14.043530881404877,C0,0.2969884034246206
0.4996086955070495,0.1434246450662613,1.090983748435974,1.0069799423217771,ebc6f99ce049b634226772c70299bd2275b3526d9677f5917b9d9c16b2761557,1.0,0.4996086955070495,0.0369679150971573,10.0,1.4342464208602903,0.10612525440726,0.5087593793869019,0.4912406504154205,placenta,True,4.069727897644043,0.05,1.958340218013656,6.0,6.545902252197266,0.4843557785717219,0.4999010860919952,0.5000989437103271,0.5262478590011597,5.0,5.034899711608887,0.3725510519238607,0.4737521409988403,2,10,13.514657080173492,C0,0.5096012074500322
0.4051394164562225,0.1109962239861488,1.0521340370178225,1.0051668882369995,8ce16e7ebedd34403814e16747c915a67de92a8370016ae420405fc78d532c4b,1.0,0.4051394164562225,0.0315191845404279,10.0,1.1099622249603271,0.0863532472536126,0.5081026554107666,0.4918974041938782,placenta,True,3.81594443321228,0.1,1.315495725578956,6.0,6.312804222106934,0.4911258523908183,0.5000196695327759,0.4999803602695465,0.5429441332817078,5.0,5.025834560394287,0.3910017158151411,0.4570558667182922,2,20,12.85374042391777,C0,0.7761152796447277
0.3093256652355194,0.0726992860436439,1.0058547258377075,1.0028650760650637,b41dd920cd4c7661475e3cc38e1715631eae7275c47cd4ffc55a9d28df0efd70,1.0,0.3093256652355194,0.0255941994384979,10.0,0.7269928455352783,0.0601527838461898,0.5031731128692627,0.4968269169330597,placenta,True,3.549924612045288,0.2,0.8375519637189329,6.0,6.035128593444824,0.4993581271052956,0.5008474588394165,0.4991525709629059,0.5667731165885925,5.0,5.014325141906738,0.4148948896100165,0.4332268834114074,2,40,12.08577224612236,C0,1.1881532035768032
0.2435507327318191,0.041704062372446,0.9410831332206726,0.998970091342926,0359c67fbaf06c9443f241ee60384e9c15da06f539a4ef2ebdc0e6d0ccbf5fc5,1.0,0.2435507327318191,0.0215494612791247,10.0,0.41704061627388,0.0368999120282349,0.4906220138072967,0.5093780159950256,placenta,True,3.447051763534546,0.4,0.5692496469278556,6.0,5.646498680114746,0.4996043465151303,0.502662718296051,0.4973373115062713,0.5849943161010742,5.0,4.9948506355285645,0.44194628017751,0.4150057137012481,2,80,11.30194066464901,C0,1.9155460316687825
0.2323911041021347,0.0355639085173606,0.9123008847236632,0.9966778755187988,e824a3d4b359529b5e03534eaa0c65a595d90afdfae6c8e08e0da4d45cbdb1b4,1.0,0.2323911041021347,0.021039961060639,10.0,0.355639100074768,0.0321984477251127,0.4845161437988281,0.5154838562011719,placenta,True,3.478068590164185,0.5,0.5147906814851465,6.0,5.4738054275512695,0.4955811604500025,0.5030310750007629,0.4969689548015594,0.5837979316711426,5.0,4.983389377593994,0.4511804307642456,0.4162020683288574,2,100,11.045225009322166,C0,2.315857119858265
0.2514842450618744,0.0263600219041109,0.7770438194274902,0.9783431887626648,eed507adf15297a689b98a8a48a6927dafd10741219de975fa896a9733bb8462,1.0,0.2514842450618744,0.0249759322381678,10.0,0.26360023021698,0.0261792204368306,0.4373623728752136,0.5626376867294312,placenta,True,4.156037330627441,1.0,0.3718648613377475,6.0,4.662262916564941,0.4630284599021275,0.5014281868934631,0.4985718429088592,0.5501822829246521,5.0,4.891716003417969,0.485816387422874,0.4498177170753479,2,200,10.069063395261765,C0,3.953768322244287
0.8429890275001526,0.187076523900032,1.2154961824417114,1.011638879776001,bb0b5521ab97b7c76c56720839435ddb3ad257f525aaefec31df79912fe04229,1.0,0.8429890275001526,0.0559570649464709,10.0,1.870765209197998,0.1241801813495984,0.4859710931777954,0.5140289068222046,placenta,True,4.973998546600342,0.0,5.851080933170994,6.0,7.292977333068848,0.4841031056950499,0.4976955056190491,0.5023044943809509,0.5004960894584656,5.0,5.058194160461426,0.3357596480088807,0.4995039105415344,3,0,15.064925730228424,C0,0.0263875033706426
0.7843414545059204,0.1822622865438461,1.188153624534607,1.0104271173477173,e5756d58e5fbefd1173efe3d84c95e9241768fb476fd9656dee6a281aa8635f7,1.0,0.7843414545059204,0.0530389723690387,10.0,1.822622895240784,0.1232499504195511,0.4874303936958313,0.5125696063041687,placenta,True,4.803962230682373,0.005,5.8510809324250594,6.0,7.128921508789063,0.4820740619452429,0.4977286458015442,0.5022714138031006,0.5039893388748169,5.0,5.052135467529297,0.3416370152661672,0.4960106909275055,3,1,14.788021326065063,C0,0.109703779220581
0.6287702322006226,0.1638214141130447,1.1283714771270752,1.0077745914459229,33872f016503f607d891decdd5c3835d7c4ce67452394e27f58724d9b37f036b,1.0,0.6287702322006226,0.044669394286612,10.0,1.638214111328125,0.1163827870932968,0.4925901889801025,0.5074098110198975,placenta,True,4.415990829467773,0.025,2.856299459176644,6.0,6.770228862762451,0.4809738231768629,0.4978612065315246,0.5021387934684753,0.5178993940353394,5.0,5.038872718811035,0.3579739954432281,0.482100635766983,3,5,14.076085925102234,C0,0.2761850114911794
0.5336470603942871,0.1431918293237686,1.0950167179107666,1.0062053203582764,daea242dbc7ca4049f2099dd8ce8d78df2872e93d428cc70a33e08ad753afb7c,1.0,0.5336470603942871,0.0393350893384788,10.0,1.4319182634353638,0.1055465999869162,0.4950121641159057,0.5049878358840942,placenta,True,4.193439483642578,0.05,2.0346379140661988,6.0,6.5701003074646,0.4842816568050457,0.4980245530605316,0.5019754767417908,0.5328941941261292,5.0,5.031026840209961,0.3708366538695591,0.4671058356761932,3,10,13.566692471504211,C0,0.4822677299380302
0.4145490229129791,0.110970951616764,1.0570744276046753,1.004255294799805,7061a23f49a4fc4492c14c6a5fcbd364e0b5d1f509462bf223cbb2878e179939,1.0,0.4145490229129791,0.032165551178784,10.0,1.1097095012664795,0.0861042139377149,0.5004470348358154,0.4995529651641845,placenta,True,3.888589382171631,0.1,1.3526788591090608,6.0,6.342446327209473,0.4921210053831725,0.498382031917572,0.501617968082428,0.5581295490264893,5.0,5.021276473999023,0.3896092295003285,0.4418704509735107,3,20,12.887981325387956,C0,0.7520331460982561
0.314444750547409,0.0724993571639061,1.0095664262771606,1.0018166303634644,7215afa31c621cde40689e6af7ef127b5add1cc2aafb107d272ce9694d3aac17,1.0,0.314444750547409,0.0259744604332955,10.0,0.7249935865402222,0.059887522991556,0.4948388636112213,0.5051611661911011,placenta,True,3.6424155235290527,0.2,0.8426195511231981,6.0,6.057398796081543,0.5003666465527158,0.4993062317371368,0.5006937980651855,0.5868895053863525,5.0,5.009083271026611,0.4137713700224326,0.4131105244159698,3,40,12.105920404195786,C0,1.1954675689339638
0.2492491155862808,0.0412259213626384,0.9444409012794496,0.9973817467689514,437622e0fb33900461fe77dc5ae662552e04fc0ef67e107edb1b56447dd06e10,1.0,0.2492491155862808,0.0220280806669826,10.0,0.4122592210769653,0.0364345500533871,0.4798389077186584,0.5201610922813416,placenta,True,3.54813551902771,0.4,0.5684335092097884,6.0,5.666645526885986,0.5008054872484834,0.5010287761688232,0.4989712238311767,0.5991365909576416,5.0,4.986908912658691,0.4407318820311468,0.4008634686470032,3,80,11.315062776207924,C0,1.8951292932033537
0.2390031069517135,0.0349464938044548,0.9154144525527954,0.9946839213371276,f9b57a8cadab36b9771a49a793c25a43da646cc65042fd9a7f84f2235defedcd,1.0,0.2390031069517135,0.0216206808500702,10.0,0.3494649529457092,0.0316132719456675,0.4734894037246704,0.5265105962753296,placenta,True,3.581348657608032,0.5,0.5127932992056254,6.0,5.492486953735352,0.4968609363052258,0.5014588832855225,0.4985411465167999,0.5967792868614197,5.0,4.973419666290283,0.4499051108990364,0.4032207131385803,3,100,11.054374679923058,C0,2.308116041123867
0.2608896195888519,0.0255784876644611,0.7821067571640015,0.9745864272117616,4be5ea77935e3d1cfe7dc4c5e72317a0646c5f7a9a7a80126b11fc146dc26b1b,1.0,0.2608896195888519,0.0258761391228103,10.0,0.2557848691940307,0.0253698283251182,0.4275652468204498,0.5724348425865173,placenta,True,4.241228103637695,1.0,0.3700571784583454,6.0,4.69264030456543,0.4654359708355025,0.5002537965774536,0.4997462630271911,0.5552221536636353,5.0,4.872931957244873,0.4833180617165689,0.4447778761386871,3,200,10.082246750593184,C0,4.011979756876826
0.8177588582038879,0.191704124212265,1.2216991186141968,1.011821150779724,ae3ca6851679a327a7a85a535fb527a50ae5ac41f9dedabc0317e52fc21b2607,1.0,0.8177588582038879,0.0540699169423622,10.0,1.917041301727295,0.1267540704935161,0.5053613185882568,0.4946386814117431,placenta,True,4.93749475479126,0.0,5.440344991104706,6.0,7.330194473266602,0.4846697805406954,0.5049307346343994,0.4950693249702453,0.5036523938179016,5.0,5.05910587310791,0.3345062320234261,0.4963476359844208,4,0,15.124100506305696,C0,0.0307381972670555
0.7611690759658813,0.1864563673734665,1.1961075067520142,1.0107775926589966,fbff7e887dcadc0f280cbfcc168565f28ca6e3df2899b2e33620e57da8be45b5,1.0,0.7611690759658813,0.0512355581786408,10.0,1.8645637035369875,0.1255068881892324,0.5070218443870544,0.4929782152175903,placenta,True,4.792562961578369,0.005,5.440344983478916,6.0,7.176645278930664,0.4830719459399079,0.5048642158508301,0.4951358139514923,0.5070222020149231,5.0,5.053887844085693,0.3401856076922189,0.4929777979850769,4,1,14.856265902519226,C0,0.1254666410386562
0.5999317765235901,0.1666395515203476,1.1336613893508911,1.0082193613052368,2c83dea6a315557e3a00c9b7f4a37cb1c88a3c8114ed665f6e3537f9c0c60d7a,1.0,0.5999317765235901,0.0425200286248104,10.0,1.6663955450057983,0.1181054063921835,0.5111082792282104,0.4888917505741119,placenta,True,4.408438682556152,0.025,3.007454076554519,6.0,6.801968574523926,0.4820879803529564,0.5046101808547974,0.495389848947525,0.5207096338272095,5.0,5.041096687316895,0.3572865846300496,0.4792903661727905,4,5,14.109392583370209,C0,0.3055504653602838
0.5057038068771362,0.1449186205863952,1.0965514183044434,1.0067318677902222,c1fb99c9f9c7bbd8d691618420bee7f53d83a8825cabf2c01f94a6cbbf46465a,1.0,0.5057038068771362,0.0372721919403519,10.0,1.4491862058639526,0.1068102428491205,0.5126418471336365,0.4873581826686859,placenta,True,4.155696392059326,0.05,1.9223694870798376,6.0,6.57930850982666,0.4849187336108574,0.5043231844902039,0.4956767857074737,0.5334212183952332,5.0,5.0336594581604,0.3709988315996699,0.4665787816047668,4,10,13.56785798072815,C0,0.4873970728367567
0.4116617143154144,0.111658476293087,1.0582448244094849,1.0050047636032104,21a06060cf04ac9bfeba8e1f507bb709de06440868fc6fe59487b4e73e4ba4b3,1.0,0.4116617143154144,0.0319049850359549,10.0,1.1165847778320312,0.0865385810466953,0.5116966366767883,0.4883033633232116,placenta,True,3.87716007232666,0.1,1.3438705436659542,6.0,6.349469184875488,0.492102404195143,0.5038695931434631,0.4961304068565368,0.5481736063957214,5.0,5.025023937225342,0.3894540297222067,0.4518264532089233,4,20,12.902739614248276,C0,0.7462506610900164
0.3129017353057861,0.0724796131253242,1.0127317905426023,1.002518892288208,0f70e961199a4b0cb50c0766a05d1a68b00cf5561e72c224577875d7d5295386,1.0,0.3129017353057861,0.0258027475446945,10.0,0.7247961163520813,0.0597687040416422,0.5059279799461365,0.4940721094608307,placenta,True,3.61117434501648,0.2,0.8380053680870209,6.0,6.076390743255615,0.5010760844068869,0.5034664869308472,0.4965335428714752,0.5658814311027527,5.0,5.012594223022461,0.4133524640067764,0.4341186285018921,4,40,12.126682817935944,C0,1.167739275842905
0.2512751519680023,0.0415430441498756,0.945897340774536,0.9982466697692872,1598c3a6797ada91b9195eae34813c0296aabd8f6869ad6984934d67dbcb0850,1.0,0.2512751519680023,0.0221713572080745,10.0,0.4154304265975952,0.0366556593879643,0.4896221756935119,0.5103778839111328,placenta,True,3.5085670948028564,0.4,0.5761840130363401,6.0,5.675384044647217,0.500769638228708,0.503717303276062,0.4962827563285827,0.5795081257820129,5.0,4.991233348846436,0.4404033451752531,0.4204919040203094,4,80,11.33332297205925,C0,1.9199149683117869
0.2405555695295334,0.0354095138609409,0.915599286556244,0.9958494901657104,65e578f7db2032ea00f8d022bcd72d2111f34cb2eece44c3167f372e8394fa1b,1.0,0.2405555695295334,0.0217353243956179,10.0,0.3540951311588287,0.0319941565173411,0.4801971614360809,0.5198028683662415,placenta,True,3.552091598510742,0.5,0.5198754704491344,6.0,5.493595600128174,0.4963721384653529,0.5038066506385803,0.4961934089660644,0.5784839391708374,5.0,4.979247570037842,0.4498983806216879,0.4215160608291626,4,100,11.067493870854378,C0,2.337317667901516
0.2637480795383453,0.0258777774870395,0.7750769853591919,0.976596176624298,87f198357f3481a0287c95927f0239def215794e795d1dd6d16f34219ef222a4,1.0,0.2637480795383453,0.026228012858023,10.0,0.258777767419815,0.025733747988374,0.4147801995277405,0.5852198004722595,placenta,True,4.317745685577393,1.0,0.3694659861328402,6.0,4.6504621505737305,0.4624578927531653,0.5021283626556396,0.4978716373443603,0.545292854309082,5.0,4.882980823516846,0.4855803464004376,0.4547071754932403,4,200,10.055968821048737,C0,3.939601004123688
0.8302626609802246,0.190260648727417,1.198304533958435,1.012054443359375,9a0afeaf662e33c8fa78e0d2e70433e838575f28ba1808277853f38ee8bf523a,1.0,0.8302626609802246,0.0385981855436523,10.0,1.90260648727417,0.0884505129083653,0.4971342980861664,0.5028656721115112,placenta,True,4.857166767120361,0.0,5.617434287304044,6.0,7.189826965332031,0.3342487724390759,0.5010902285575867,0.4989098310470581,0.4867499470710754,11.4496910572052,11.5877103805542,0.5387025291089064,0.5132500529289246,0,0,21.510406494140625,C1,0.0293812844902277
0.7733232378959656,0.1852286905050277,1.1737608909606934,1.0108822584152222,4abd76c06222a655150f208fa76838c4c7a35abb63e326489019f83fc36174ca,1.0,0.7733232378959656,0.0364045906963102,10.0,1.8522869348526,0.0871973638072719,0.5041514039039612,0.4958485960960388,placenta,True,4.681148529052734,0.005,5.617434262656365,6.0,7.04256534576416,0.3315323997790608,0.5010499358177185,0.4989500641822815,0.4898476898670196,11.4496910572052,11.574289321899414,0.5448656457173571,0.5101523399353027,0,1,21.24246484041214,C1,0.1190778166055679
0.6170865893363953,0.1660197228193283,1.1207983493804932,1.0083874464035034,1ca78bfea3fda0c2c4ce64a10ef148ef5928264737ac6e5954c456fbb6b97809,1.0,0.6170865893363953,0.0300317613078983,10.0,1.6601972579956057,0.0807968421899567,0.5137672424316406,0.4862328171730041,placenta,True,4.296385765075684,0.025,2.873595732803445,6.0,6.724790096282959,0.3272754496811708,0.500891387462616,0.4991086423397064,0.5050753355026245,11.4496910572052,11.545724868774414,0.5618959468209741,0.4949246942996979,0,5,20.54779881238937,C1,0.3004978969693184
0.5233010649681091,0.1448196619749069,1.0869687795639038,1.006784200668335,213d0b8dbf80de401446b37600d7ba2bf2913fc417d1a2aba15b6cb6e45919b2,1.0,0.5233010649681091,0.0261380294725463,10.0,1.4481966495513916,0.0723350461943432,0.5114284157752991,0.4885716140270233,placenta,True,4.062458515167236,0.05,1.9378600634111505,6.0,6.521812438964844,0.3257538292120067,0.500718355178833,0.499281644821167,0.5212002992630005,11.4496910572052,11.52736759185791,0.5757730951211038,0.4787997305393219,0,10,20.02067774534225,C1,0.4904181715101003
0.4150396585464477,0.1121425330638885,1.050936579704285,1.004489183425903,1c221b437e83e7747942e59a84d952cf9b8b8528e391092e993b335b31c2f693,1.0,0.4150396585464477,0.0214566456789427,10.0,1.1214253902435305,0.0579752482885505,0.5114209055900574,0.4885790944099426,placenta,True,3.783120632171631,0.1,1.335539371569456,6.0,6.305619239807129,0.3259867702491487,0.5005373954772949,0.4994626343250274,0.5414575934410095,11.4496910572052,11.501091003417969,0.5945813357833579,0.4585424363613128,0,20,19.34317529201508,C1,0.7539011724293232
0.3188221156597137,0.0734687373042106,1.0048532485961914,1.0011321306228638,9b7dc62938636064816dec07f3bd8dd94b03cd3a412ead745dc9a4040331e470,1.0,0.3188221156597137,0.0171915483943727,10.0,0.7346873879432678,0.0396158646599119,0.5066018104553223,0.4933982193470001,placenta,True,3.5582995414733887,0.2,0.8434135314143344,6.0,6.029119491577148,0.325102602435311,0.5008348822593689,0.4991651177406311,0.5688071250915527,11.4496910572052,11.462653160095217,0.6180899845104043,0.4311929047107696,0,40,18.545282155275345,C1,1.1627417169511318
0.2619983255863189,0.0424173139035701,0.9400178790092468,0.9920832514762878,f70bc662e187a9f986312d0c92dc5ee288f003784e6497a3b663621771a0bd5b,1.0,0.2619983255863189,0.0148144474159489,10.0,0.4241731464862823,0.0239844692129848,0.4874097406864166,0.5125903487205505,placenta,True,3.618596315383911,0.4,0.5847126884467214,6.0,5.640107154846191,0.3189145223688002,0.5020282864570618,0.4979717135429382,0.5936338901519775,11.4496910572052,11.359046936035156,0.642286561002266,0.4063661396503448,0,80,17.68532556295395,C1,1.8783317618072035
0.263819009065628,0.0362340547144413,0.911223828792572,0.9845997095108032,dfc50e29dd91e422c1ef2e15e5992d57f8cad2a46b5334ecbce289f89df9cbea,1.0,0.263819009065628,0.0151909406630807,10.0,0.3623405396938324,0.0208639008152305,0.4735267758369446,0.5264732837677002,placenta,True,3.819656372070313,0.5,0.5329775897464293,6.0,5.467342853546143,0.3148146191856763,0.5023033022880554,0.4976967275142669,0.5979677438735962,11.4496910572052,11.273362159729004,0.6491305393360123,0.4020323157310486,0,100,17.366864562034607,C1,2.292324485257268
0.3943009376525879,0.0265573002398014,0.7796334028244019,0.9257729649543762,6632fd9be9edaace289ee7e687664e3609c581b4f7837187487401e55bf5e3c5,1.0,0.3943009376525879,0.0247404688013871,10.0,0.2655729949474334,0.0166634156010478,0.3140745759010315,0.6859254240989685,placenta,True,5.751619338989258,1.0,0.3776249629646289,6.0,4.677800178527832,0.2935092421158776,0.5005029439926147,0.4994970858097076,0.5651007890701294,11.4496910572052,10.599814414978027,0.6650868734816875,0.4348992705345154,0,200,15.93748852610588,C1,3.927982853725553
0.8948230147361755,0.1845353990793228,1.2202428579330444,1.0124516487121582,83df6b876287736d702d6e5f18ebf7ea5cfae6056a685b573687256593c8199c,1.0,0.8948230147361755,0.0413238876760491,10.0,1.8453539609909055,0.0852204274484646,0.4908595681190491,0.5091404318809509,placenta,True,4.954926013946533,0.0,7.24939767073874,6.0,7.321456909179687,0.3381127418019953,0.5015890598297119,0.4984109699726105,0.5014617443084717,11.4496910572052,11.59225845336914,0.5353429430734908,0.4985382556915283,1,0,21.65389233827591,C1,0.0292374659329652
0.8270297646522522,0.1798982322216034,1.187715768814087,1.0109813213348389,2abfcba84a6df5795f0a5d0cd85ec8ea9b6b74049ae0670394c39f338e621152,1.0,0.8270297646522522,0.0387772052933674,10.0,1.7989823818206787,0.0843494540590616,0.4948188662528991,0.5051811933517456,placenta,True,4.763698577880859,0.005,7.249397669051715,6.0,7.1262946128845215,0.3341328220527055,0.5015584230422974,0.498441606760025,0.5051759481430054,11.4496910572052,11.57542324066162,0.5427405185948654,0.494824081659317,1,1,21.327730000019077,C1,0.1105024572461843
0.641698956489563,0.1621297299861908,1.122251272201538,1.007804274559021,234bcfec916fb85fa8a7281e5cbd34653073e045c664ca68cbc7145378c06301,1.0,0.641698956489563,0.0312481973598199,10.0,1.6212973594665527,0.0789507593166699,0.50603848695755,0.4939615428447723,placenta,True,4.348272323608398,0.025,3.226350634348079,6.0,6.7335076332092285,0.327895149771524,0.5014512538909912,0.4985488355159759,0.5178325176239014,11.4496910572052,11.539047241210938,0.5619058935519862,0.4821675419807434,1,5,20.53555119037628,C1,0.2792403288185596
0.5309669971466064,0.1422769576311111,1.0875786542892456,1.0059605836868286,d7f38330e675e5b27b12eb304f5f84f09b12ffaba188877e74b91d432f86365a,1.0,0.5309669971466064,0.0265521389920219,10.0,1.422769546508789,0.0711486306221148,0.511978268623352,0.4880217611789703,placenta,True,4.11693286895752,0.05,2.15917181876484,6.0,6.525471687316895,0.3263201520268907,0.50135737657547,0.49864262342453,0.5288549065589905,11.4496910572052,11.517937660217283,0.5759790783589724,0.4711451232433319,1,10,19.99714589118957,C1,0.4592760186642408
0.4299529492855072,0.1111955717206001,1.0480144023895264,1.0036001205444336,346964a6856f235c5d84f218352e547f738648691ba9549e5796d8784137c6be,1.0,0.4299529492855072,0.022253249186486,10.0,1.1119557619094849,0.0575519453820265,0.5132410526275635,0.4867590069770813,placenta,True,3.841771364212036,0.1,1.3948850909339454,6.0,6.288086414337158,0.3254550390151706,0.5013424754142761,0.4986575245857239,0.5468471050262451,11.4496910572052,11.490911483764648,0.5947397664163168,0.4531529247760772,1,20,19.3209066092968,C1,0.7310431227087975
0.3271060287952423,0.0735497921705246,1.0026041269302368,1.00000262260437,161d6450edd718ebdc3a4fdc79ffed4bda033a40d106870c662e496327685d41,1.0,0.3271060287952423,0.0176547346059023,10.0,0.7354979515075684,0.0396966732312326,0.5075497031211853,0.4924502968788147,placenta,True,3.609118223190308,0.2,0.869600427893371,6.0,6.015625,0.3246784024580343,0.5018943548202515,0.4981056451797485,0.577075719833374,11.4496910572052,11.44972038269043,0.6179701897048306,0.4229243099689483,1,40,18.52794936299324,C1,1.1336366813629866
0.2719801664352417,0.0428283102810382,0.9405132532119752,0.9903247952461244,037201cdc3367ed8e5afc4db0eb4487723ef05274a13f096fc1dc5790a4f60a3,1.0,0.2719801664352417,0.0153815308799569,10.0,0.4282830953598022,0.0242210663482656,0.4889511168003082,0.5110489130020142,placenta,True,3.6565566062927246,0.4,0.5988640325750564,6.0,5.64307975769043,0.3191379970408317,0.5032340288162231,0.4967659711837768,0.6028947234153748,11.4496910572052,11.338912963867188,0.6412594057309458,0.3971053063869476,1,80,17.68225598335266,C1,1.8645395059138536
0.2739956378936767,0.0366111621260643,0.9141539931297302,0.9823076725006104,1f86ac36328ce82fe380cfa161e0cff954d8b4df350ada50a2811c0b7568d509,1.0,0.2739956378936767,0.0157721201401044,10.0,0.3661116361618042,0.0210746300730338,0.4761774241924286,0.5238226056098938,placenta,True,3.853636741638184,0.5,0.5456487414251484,6.0,5.484923839569092,0.3157308576955379,0.5035952925682068,0.496404767036438,0.6095120906829834,11.4496910572052,11.247118949890137,0.6474223920913238,0.3904879689216614,1,100,17.37215006351471,C1,2.2729090936481957
0.385020762681961,0.0267828200012445,0.7945204377174377,0.9263138771057128,0e7c2f88420f5f977f6a6d881b70977953efaf735b0dfc6e6824b6f9f915bfd8,1.0,0.385020762681961,0.0240247884977064,10.0,0.2678281962871551,0.0167121267037648,0.3384378850460052,0.6615621447563171,placenta,True,5.557254314422607,1.0,0.3885325255141683,6.0,4.767122745513916,0.2974621807556444,0.5023859739303589,0.4976139962673187,0.5758246779441833,11.4496910572052,10.60600757598877,0.6618009040428842,0.424175351858139,1,200,16.0259792804718,C1,3.888201260939241
0.8293831944465637,0.1896149665117263,1.2088948488235474,1.011711835861206,ab116fde7a1d5080986cfb07b9e615c489024f7aba859d8351fcf25b7519dafd,1.0,0.8293831944465637,0.0384638090794683,10.0,1.8961496353149412,0.0879365992067451,0.4974639415740967,0.5025360584259033,placenta,True,4.812918186187744,0.0,5.974101927550171,6.0,7.253369331359863,0.3363851775782176,0.4999867677688598,0.5000132918357849,0.4959121346473694,11.4496910572052,11.58378791809082,0.5372144141355689,0.5040879249572754,2,0,21.56269007921219,C1,0.0325595680624246
0.7664520144462585,0.1844938993453979,1.1830979585647583,1.0105485916137695,2cbce792540649aa487a736dc86c480042bc782e407f9e56820ac24f0651232f,1.0,0.7664520144462585,0.0360167238038079,10.0,1.8449389934539795,0.0866964361886566,0.5022714734077454,0.4977285265922546,placenta,True,4.645476818084717,0.005,5.974101927099767,6.0,7.098587989807129,0.3335732416472606,0.4999751448631286,0.5000248551368713,0.4998247325420379,11.4496910572052,11.57046890258789,0.5437135983602749,0.5001752972602844,2,1,21.280447900295258,C1,0.1325254216790199
0.5957958102226257,0.1651541441679,1.1265531778335571,1.0080385208129885,274c2c24bd52a17bc9bd7622b168b45d3ba96583e6804413b621bb990b65a021,1.0,0.5957958102226257,0.0289947747217453,10.0,1.6515414714813232,0.0803732958298709,0.5100869536399841,0.4899130463600158,placenta,True,4.290842533111572,0.025,3.017746122757317,6.0,6.759319305419922,0.3289464900059682,0.4999311864376068,0.5000688433647156,0.5132187604904175,11.4496910572052,11.541728973388672,0.5616854394424154,0.4867812395095825,2,5,20.548385560512543,C1,0.3098781015723943
0.4981659352779388,0.1440392285585403,1.0913596153259275,1.006300926208496,8b977af1950a66e642b49275c2f516cf445c16d333db9b4fe989591a5e41cbcc,1.0,0.4981659352779388,0.0248976526980676,10.0,1.440392255783081,0.0719888366382678,0.5087411403656006,0.4912589192390442,placenta,True,4.058513164520264,0.05,1.9921901371369477,6.0,6.548157691955566,0.3272679733421149,0.4999053478240967,0.5000947117805481,0.5261818170547485,11.4496910572052,11.52183437347412,0.5758455373215496,0.4738182127475738,2,10,20.008550256490707,C1,0.4952198043465614
0.4037431180477142,0.1118346825242042,1.0526992082595823,1.0040521621704102,719fdc6d2d80498446f9de239429e24aadbb94b01c8da8c30f7838931533f0b0,1.0,0.4037431180477142,0.0208821423215611,10.0,1.1183468103408811,0.0578424156709522,0.5083132982254028,0.4916867315769195,placenta,True,3.801485776901245,0.1,1.3367351748835443,6.0,6.316195487976074,0.3266822076088771,0.5000223517417908,0.4999776780605316,0.5428747534751892,11.4496910572052,11.496087074279783,0.5945932343986094,0.4571252763271332,2,20,19.33437249064445,C1,0.7588200960308313
0.3113897740840912,0.0737185701727867,1.006637692451477,1.0006844997406006,ce7bcd8bc806b9c6739cbbc73abd7ba76db15d993137370c54f51708e2497a74,1.0,0.3113897740840912,0.0167901946203288,10.0,0.7371857166290283,0.039749191154188,0.5038207769393921,0.4961792528629303,placenta,True,3.5554347038269043,0.2,0.8507282826938186,6.0,6.039826393127441,0.3256685641392405,0.5008473992347717,0.4991526007652282,0.5684095025062561,11.4496910572052,11.457528114318848,0.6177920500862427,0.4315905570983886,2,40,18.54592999815941,C1,1.2348456159234047
0.2592246532440185,0.0427526496350765,0.9425657391548156,0.9916034936904908,c82823f7b34dedd6de02a5cae2a425effd2ac6d3fb852f99fb6d12c97021bf96,1.0,0.2592246532440185,0.0146490198644458,10.0,0.4275265038013458,0.0241599098248865,0.4875295162200928,0.512470543384552,placenta,True,3.615861177444458,0.4,0.5894007106513032,6.0,5.655394554138184,0.3195914668149353,0.5027104616165161,0.4972895681858063,0.5957511067390442,11.4496910572052,11.353553771972656,0.6415996034957323,0.4042489230632782,2,80,17.695699483156204,C1,2.0505264084786177
0.2611813545227051,0.0366013869643211,0.9148364663124084,0.9840148687362672,c44f91f7580a143122bddcc059ea32b74a486853a50591da7b93ac05becdc780,1.0,0.2611813545227051,0.0150252056034909,10.0,0.3660138845443725,0.0210559971980446,0.4746032059192657,0.5253968238830566,placenta,True,3.815314531326294,0.5,0.5377420421785395,6.0,5.48901891708374,0.3157715371426514,0.5031232833862305,0.4968767464160919,0.6024927496910095,11.4496910572052,11.266666412353516,0.6481472600558129,0.3975072801113128,2,100,17.382880568504333,C1,2.496022904291749
0.3910713493824005,0.0270180366933345,0.7860010862350464,0.9261833429336548,4bd3f035f5c60c7d47a9880a7ab05dd96d70743801820836192c7db92def86b3,1.0,0.3910713493824005,0.0244698378668911,10.0,0.2701803743839264,0.0169055339043156,0.3269514441490173,0.6730485558509827,placenta,True,5.687643527984619,1.0,0.3813059704191491,6.0,4.716006278991699,0.2950865851165339,0.5016506314277649,0.4983494281768799,0.5661338567733765,11.4496910572052,10.60451316833496,0.6635380431122593,0.4338661730289459,2,200,15.981771171092989,C1,4.23532884567976
0.8429890275001526,0.187076523900032,1.2154961824417114,1.011638879776001,bb0b5521ab97b7c76c56720839435ddb3ad257f525aaefec31df79912fe04229,1.0,0.8429890275001526,0.0390459177077287,10.0,1.870765209197998,0.0866508839687284,0.4859710931777954,0.5140289068222046,placenta,True,4.973998546600342,0.0,6.038088410844328,6.0,7.292977333068848,0.3377991687931972,0.4976955056190491,0.5023044943809509,0.5004960894584656,11.4496910572052,11.582952499389648,0.5365040295303456,0.4995039105415344,3,0,21.589684069156647,C1,0.0302264112979173
0.784651517868042,0.1823609918355941,1.1881498098373413,1.010295271873474,a14e42e8847534b0718952f9375ca72ad4a263aef144fa7118db4f299cde8ca2,1.0,0.784651517868042,0.0368299227282881,10.0,1.823609948158264,0.0855964870363017,0.4876052737236023,0.5123947262763977,placenta,True,4.800690650939941,0.005,6.038088407550177,6.0,7.128898620605469,0.3346157872071489,0.4977286458015442,0.5022714138031006,0.50397789478302,11.4496910572052,11.5675687789917,0.5429578030282611,0.4960221648216247,3,1,21.304728865623478,C1,0.1159785222262144
0.6288472414016724,0.1642588675022125,1.128775715827942,1.0072898864746094,32e1aff2b1f78f2f44c844f0877b9b1fb78a13850feb6337b55e0bbe4ab51a97,1.0,0.6288472414016724,0.0305603183371683,10.0,1.6425886154174805,0.0798254769668347,0.4931678473949432,0.5068321228027344,placenta,True,4.409411907196045,0.025,2.9227358561937278,6.0,6.772654533386231,0.3291331581046814,0.4978613555431366,0.5021386742591858,0.5179509520530701,11.4496910572052,11.533157348632812,0.5604810465913155,0.4820490777492523,3,5,20.5772477388382,C1,0.3015801943838596
0.5328172445297241,0.1439413428306579,1.09541916847229,1.005356788635254,75fdd149c4025f850eaead3df4eb7f7f3903621f2a1ffeae3d6913f929e1050f,1.0,0.5328172445297241,0.0265667805480306,10.0,1.4394134283065796,0.0717705386984262,0.4956720173358917,0.5043280124664307,placenta,True,4.181615829467773,0.05,2.083344376485601,6.0,6.57251501083374,0.3277119232422226,0.4980241954326629,0.5019758343696594,0.5329564213752747,11.4496910572052,11.511024475097656,0.5739507575113204,0.4670436084270477,3,10,20.0557701587677,C1,0.4981391038745641
0.4141116440296173,0.1120521649718284,1.057640790939331,1.0028151273727417,bc1964dd7ef2a969746166c500a1bb56a2fc9ff09403406394d8bd6e1ecb3334,1.0,0.4141116440296173,0.0213874116468606,10.0,1.1205216646194458,0.0578710076037552,0.5013070702552795,0.4986929297447204,placenta,True,3.875968456268311,0.1,1.3752986861026435,6.0,6.345844745635986,0.3277405882657999,0.4983798265457153,0.5016201734542847,0.558381199836731,11.4496910572052,11.48192310333252,0.5930009924835843,0.4416188299655914,3,20,19.36240115761757,C1,0.7646673321723938
0.3179112672805786,0.0737929046154022,1.0104029178619385,0.9990370273590088,93f0505735c4ac8a03a21655c7cd2ad73658c7928c16261f40f0c701193e46c7,1.0,0.3179112672805786,0.0171316798411185,10.0,0.7379290461540222,0.0397657002606809,0.494868516921997,0.5051315426826477,placenta,True,3.660734415054321,0.2,0.8581252626916672,6.0,6.062417507171631,0.3266930319408695,0.4993028342723846,0.5006971955299377,0.5888029932975769,11.4496910572052,11.438665390014648,0.616409587957331,0.4111970067024231,3,40,18.55692321062088,C1,1.1792738195508718
0.2702205777168274,0.0425653085112571,0.9459980130195618,0.9881189465522766,68e11e8676de63bd18f9b5880a30191e026099c4c34f2024535246fe8ef2fb8a,1.0,0.2702205777168274,0.0152792000379274,10.0,0.4256531000137329,0.0240678889699108,0.4706285893917084,0.529371440410614,placenta,True,3.790900468826294,0.4,0.5888939187062674,6.0,5.67598819732666,0.3209398773869498,0.5010586380958557,0.498941421508789,0.6148775815963745,11.4496910572052,11.3136568069458,0.6397130336052118,0.3851224184036255,3,80,17.68551868200302,C1,1.9203375950455663
0.2778595983982086,0.0362523235380649,0.918157398700714,0.9790449142456056,fad9bdc4e2d57fb8500f02117c9cc642222fb198797ff01fb15c844d89e86b28,1.0,0.2778595983982086,0.0160065772507724,10.0,0.3625232279300689,0.0208837703880429,0.4501318037509918,0.5498682260513306,placenta,True,4.049067974090576,0.5,0.5333749705210957,6.0,5.508944511413574,0.3173521677872281,0.5015113353729248,0.4984886646270752,0.6224750876426697,11.4496910572052,11.209761619567873,0.6457574845739564,0.3775249123573303,3,100,17.359088957309723,C1,2.34604661911726
0.4138078689575195,0.0262362193316221,0.7908117771148682,0.9179843664169312,db738f2e82ba7c2d1d87ecbe7186dfae91fe15ac63fddff480147d54696a82d5,1.0,0.4138078689575195,0.0259739036297698,10.0,0.2623621821403503,0.016467956620006,0.2887958288192749,0.7112042307853699,placenta,True,6.000585556030273,1.0,0.3799429458915604,6.0,4.744870662689209,0.2978261714522004,0.5002674460411072,0.4997325539588928,0.576481819152832,11.4496910572052,10.510637283325195,0.6597319682980236,0.4235182702541351,3,200,15.931677997112274,C1,3.9738768469542265
0.8177588582038879,0.191704124212265,1.2216991186141968,1.011821150779724,ae3ca6851679a327a7a85a535fb527a50ae5ac41f9dedabc0317e52fc21b2607,1.0,0.8177588582038879,0.0377717128211508,10.0,1.917041301727295,0.0885468042182612,0.5053613185882568,0.4946386814117431,placenta,True,4.93749475479126,0.0,5.58109940243638,6.0,7.330194473266602,0.3385765837811092,0.5049307346343994,0.4950693249702453,0.5036523342132568,11.4496910572052,11.585039138793944,0.5351048991794788,0.4963476359844208,4,0,21.65003377199173,C1,0.0297844652086496
0.7615286707878113,0.1865565329790115,1.196116924285889,1.010642647743225,9a3d6962d6dfeb5cd24d0243a4519fc649a84fdb49bbec406578e98567405d9e,1.0,0.7615286707878113,0.0356265037645902,10.0,1.865565299987793,0.0872765159509313,0.5070962309837341,0.4929037690162658,placenta,True,4.788990497589111,0.005,5.581099395506784,6.0,7.176701545715332,0.3357467610132951,0.504864513874054,0.495135486125946,0.5070332288742065,11.4496910572052,11.571545600891112,0.5413502192711833,0.4929668009281158,4,1,21.37534111738205,C1,0.1161297671496868
0.6001008152961731,0.1670499891042709,1.134034276008606,1.0077248811721802,cf7bf342f8172236269d439328acb617eed8dec499766bafb295212fb9472c2c,1.0,0.6001008152961731,0.0291128130748968,10.0,1.6704999208450315,0.0810413028903969,0.5114020109176636,0.4885980486869812,placenta,True,4.399319648742676,0.025,3.0680757544196338,6.0,6.804205894470215,0.3300938263699199,0.504610538482666,0.4953895211219787,0.5207064151763916,11.4496910572052,11.538138389587402,0.5597520576647864,0.4792935848236084,4,5,20.612945020198826,C1,0.2990004736930132
0.5046328902244568,0.1455938220024109,1.0969865322113037,1.005916714668274,7c1e65ea428399edb234127441e6138e82e37ab751a47108eb6929fa07f2801b,1.0,0.5046328902244568,0.0251562695638823,10.0,1.4559382200241089,0.0725794434742344,0.5129960179328918,0.4870040118694305,placenta,True,4.141012191772461,0.05,1.9603539331189783,6.0,6.581919193267822,0.3281128453595031,0.5043239593505859,0.4956760704517364,0.5332059860229492,11.4496910572052,11.51743507385254,0.5741514416023802,0.4667940139770508,4,10,20.059925377368927,C1,0.4804952349513769
0.4103468656539917,0.1126091033220291,1.058811068534851,1.003648042678833,0f68d1046dd5bb96de1033a7c10478f159602bc1826ed64c8a2d81be96ca3ab7,1.0,0.4103468656539917,0.0211728943202524,10.0,1.1260910034179688,0.058103540701734,0.5120469927787781,0.4879530370235443,placenta,True,3.858766555786133,0.1,1.3655065189054945,6.0,6.352866172790527,0.3277923517042759,0.5038719177246094,0.496128112077713,0.5476245284080505,11.4496910572052,11.491459846496582,0.5929312132737375,0.4523755013942718,4,20,19.38076388835907,C1,0.7556432448327541
0.3148619532585144,0.0735987722873687,1.0135338306427002,0.9999675154685974,65b3e53d73523a8f263494e607da3080d86f08fb5fc530396bc0a4db5b4c2700,1.0,0.3148619532585144,0.0169450329585506,10.0,0.7359877228736877,0.0396089019080174,0.5061607956886292,0.4938392043113708,placenta,True,3.620607852935791,0.2,0.8548483669883643,6.0,6.081202983856201,0.3272741718161,0.5034757256507874,0.496524304151535,0.5672206282615662,11.4496910572052,11.449318885803224,0.6161718933173318,0.4327793717384338,4,40,18.581371545791622,C1,1.182409968227148
0.2689464688301086,0.0427005887031555,0.947556972503662,0.9896913170814514,2155cf2915e247a314d2172b7b2046ec5cad207c7a8827aaaee045ec65d16f80,1.0,0.2689464688301086,0.0151836038360375,10.0,0.4270058870315552,0.0241069840126382,0.4829539060592651,0.5170460939407349,placenta,True,3.730234622955322,0.4,0.5962967918819805,6.0,5.685341835021973,0.3209708551702699,0.5037704110145569,0.4962296485900879,0.5962471961975098,11.4496910572052,11.331659317016602,0.6397385569810543,0.403752863407135,4,80,17.712953507900238,C1,1.9016227088868616
0.2750193178653717,0.0365567207336425,0.9184571504592896,0.9812095761299132,15abd4dba54074ff438cae9b3d459c6a7a6ca88fcc08c5257f72b1073fdf7811,1.0,0.2750193178653717,0.0158185479225087,10.0,0.3655672073364258,0.0210266770822976,0.4622229933738708,0.5377770066261292,placenta,True,3.984257698059082,0.5,0.5415405354411761,6.0,5.510743141174316,0.3169666594474458,0.5038934350013733,0.4961065649986267,0.6038419604301453,11.4496910572052,11.234546661376951,0.6461881155477479,0.3961580693721771,4,100,17.385876327753067,C1,2.3248700369149446
0.4081553816795349,0.0265338588505983,0.7833527326583862,0.922069787979126,6178123b368851aa5fcab594d218c07fd62806468ea5cc5461aa5cce21b28f0d,1.0,0.4081553816795349,0.0256201595525358,10.0,0.2653385996818542,0.0166554639836478,0.2889555990695953,0.711044430732727,placenta,True,5.990816116333008,1.0,0.3809226944682857,6.0,4.700116157531738,0.2950291268386635,0.5021473169326782,0.4978526830673218,0.563971996307373,11.4496910572052,10.557414054870604,0.6626952496251528,0.4360280334949493,4,200,15.931024193763731,C1,4.107291676104069
0.8302626609802246,0.190260648727417,1.1983044147491455,1.012054443359375,9a0afeaf662e33c8fa78e0d2e70433e838575f28ba1808277853f38ee8bf523a,0.0493054048704612,0.0409364365041255,0.0123586625409984,0.9154099549402648,0.1741665005683899,0.0525806638361016,0.4971342980861664,0.5028656721115112,placenta,True,4.857166767120361,0.0,0.2744756424907175,0.1363309587751143,0.1633659899234771,0.0493200022414489,0.5010902285575867,0.4989098310470581,0.4867499470710754,2.89895368141416,2.93389892578125,0.885740671381451,0.5132500529289246,0,0,3.3123678527772427,IGE,0.0270188115537166
0.775700032711029,0.1848329603672027,1.177216410636902,1.0104873180389404,b518a9390059c17edba7e5f55ea384a3aaf847ccfb09c2dc6b77219f11681197,0.0493054048704612,0.0382462032139301,0.0115992803491928,0.9154099549402648,0.1691979318857193,0.0513142241981101,0.5035338997840881,0.4964661300182342,placenta,True,4.669000625610352,0.005,0.27447564283985,0.1363309587751143,0.1604910492897033,0.0486736072554612,0.5010489821434021,0.4989510774612427,0.4901793897151947,2.89895368141416,2.9293558597564697,0.8884128881972359,0.5098206400871277,0,1,3.2972910441458225,IGE,0.107383606955409
0.6161895990371704,0.1640083044767379,1.1348401308059692,1.0069448947906494,f83672816af9149a8175957b7f516e53f2cfa3dddd4b147ea816c565a8aec0b0,0.0493054048704612,0.0303814783692359,0.0093357468513572,0.9154099549402648,0.1501348316669464,0.0461340546032486,0.5117062926292419,0.4882937371730804,placenta,True,4.268151760101318,0.025,0.1653040373023521,0.1363309587751143,0.1547138541936874,0.0475411156625157,0.5008894801139832,0.499110609292984,0.50532466173172,2.89895368141416,2.9190866947174072,0.8969890828828783,0.49467533826828,0,5,3.254316858947277,IGE,0.2857672329992056
0.5114650130271912,0.1412384361028671,1.1058874130249023,1.0042940378189087,8def4d0bee202510ec1f229d681ab8dabcce4fdc5b340aa8a8f5f722d65fdb65,0.0493054048704612,0.0252179894596338,0.0078397624578099,0.9154099549402648,0.1292910724878311,0.0401939773130035,0.5091140270233154,0.4908860027790069,placenta,True,4.0085129737854,0.05,0.1209743715362809,0.1363309587751143,0.1507667005062103,0.0468703153520005,0.5007179379463196,0.4992820620536804,0.5202730894088745,2.89895368141416,2.9114019870758057,0.905095944877186,0.4797269403934479,0,10,3.216677749529481,IGE,0.4790712632238865
0.4160757958889007,0.1069823950529098,1.0784332752227783,1.0003750324249268,56c5415dbc6327b26cfe8a2d985781686d9318b2cb40db6b5afb05509a5d7cd2,0.0493054048704612,0.0205147862434387,0.0064807161149788,0.9154099549402648,0.097932755947113,0.0309374117828662,0.5104935169219971,0.4895065128803253,placenta,True,3.777774572372437,0.1,0.0828772737484958,0.1363309587751143,0.1470238417387008,0.0464455134523684,0.5005522966384888,0.499447762966156,0.5402461886405945,2.89895368141416,2.900040864944458,0.9161363586497864,0.4597538709640503,0,20,3.16551224887371,IGE,0.7494866605848074
0.3956741094589233,0.0686322525143623,1.0489280223846436,0.990196168422699,937517f8d03e740e579e07215d13dafb02696605537740442911534e9a65dc88,0.0493054048704612,0.0195088721811771,0.0063015806495951,0.9154099549402648,0.0628266483545303,0.0202936995984736,0.4992943406105041,0.5007057189941406,placenta,True,4.0637969970703125,0.2,0.0662452736983508,0.1363309587751143,0.1430013626813888,0.0461910156348365,0.5008468627929688,0.4991531670093536,0.5881657004356384,2.89895368141416,2.870532751083374,0.9272137041170946,0.4118343591690063,0,40,3.0958696343004704,IGE,1.1649742349982262
0.756179928779602,0.0415159799158573,1.027614951133728,0.9360088109970092,c53aaa07488001a18208ee6602a5411f3a0101bcb10a8168f8bb147c7a801102,0.0493054048704612,0.0372837595641613,0.012729916841524,0.9154099549402648,0.0380041413009166,0.0129758791508578,0.2894200980663299,0.7105798721313477,placenta,True,7.814093589782715,0.4,0.074892000587818,0.1363309587751143,0.1400957405567169,0.0478333501767621,0.5017786026000977,0.4982213973999023,0.6762976050376892,2.89895368141416,2.713446140289306,0.926460853830856,0.323702335357666,0,80,2.928829781711101,IGE,1.8855208400636911
0.829717218875885,0.0357806161046028,1.011923909187317,0.911488950252533,2550f3ad588937dd21125b66c9ade2efcb10b5e500b72e7caad1c6abfd0d02a2,0.0493054048704612,0.040909543633461,0.0143341866431378,0.9154099549402648,0.0327539332211017,0.0114765639112172,0.2119670957326889,0.7880329489707947,placenta,True,8.96094036102295,0.5,0.0614443673905982,0.1363309587751143,0.1379565596580505,0.0483382335550237,0.5018526911735535,0.4981473684310913,0.6752569675445557,2.89895368141416,2.642364263534546,0.9258510158906212,0.3247429430484772,0,100,2.853984300047159,IGE,2.29977205581963
0.8697131276130676,0.0249430555850267,0.9291074872016908,0.8542340397834778,d94bdca2914446f5ee96db82135c50d1a0a7cabe349e4383a25c0906485550e1,0.0493054048704612,0.0428815595805645,0.0160679373268881,0.9154099549402648,0.0228331219404935,0.0085556863114495,0.1216668561100959,0.8783331513404846,placenta,True,10.169808387756348,1.0,0.0311376268631144,0.1363309587751143,0.1266661137342453,0.0474624336621561,0.5002496838569641,0.4997503161430359,0.56718909740448,2.89895368141416,2.4763848781585693,0.9279139426995062,0.43281090259552,0,200,2.6687656734138727,IGE,3.937789367511869
0.8948230147361755,0.1845353990793228,1.2202428579330444,1.0124516487121582,83df6b876287736d702d6e5f18ebf7ea5cfae6056a685b573687256593c8199c,0.0415456030748637,0.0371759608387947,0.0115301220760158,1.018699430939447,0.1879861056804657,0.0583038796627065,0.4908595681190491,0.5091404318809509,placenta,True,4.954926013946533,0.0,0.2986156712790013,0.1093648099248133,0.1334516257047653,0.0413900138934135,0.5015890598297119,0.4984109699726105,0.5014617443084717,2.830390156060876,2.865633249282837,0.8887759843678641,0.4985382556915283,1,0,3.224246941506862,IGE,0.0165269579738378
0.8293610215187073,0.1793047189712524,1.1914161443710327,1.0106594562530518,05a626240a1784dbcb93bdcf66e7f4c959a5d69d01541de1e5bd7bcb16de828e,0.0415456030748637,0.0344563052058219,0.0107408319856431,1.018699430939447,0.1826576143503189,0.0569386280657763,0.4947835505008697,0.5052164793014526,placenta,True,4.757505416870117,0.005,0.2986156724600985,0.1093648099248133,0.1302990019321441,0.0406172304108124,0.5015577077865601,0.4984423220157623,0.5052568316459656,2.830390156060876,2.860560655593872,0.8917033095377681,0.4947431981563568,1,1,3.207973577082157,IGE,0.0873739644885063
0.6450035572052002,0.159228578209877,1.1338355541229248,1.0065323114395142,7d06cc1815b88b3356a6f0866a76b571af13d82f2ca221dc2908f543dc787f78,0.0415456030748637,0.0267970617860555,0.0084750302276079,1.018699430939447,0.1622060537338256,0.051300445529089,0.5052698254585266,0.4947302043437958,placenta,True,4.3220624923706055,0.025,0.1679378014972416,0.1093648099248133,0.1240017041563987,0.0392176649585982,0.5014466643333435,0.4985533952713012,0.5178865194320679,2.830390156060876,2.848879098892212,0.9010068592847048,0.4821134805679321,1,5,3.161883918568492,IGE,0.2336104810237884
0.5273880362510681,0.1370916962623596,1.106062650680542,1.0037689208984375,90fa2e6089a906c6170b1f8cfd358bfa6cb8da7478cebf8e3095dfacf44d1b2b,0.0415456030748637,0.0219106543809175,0.0070145788912632,1.018699430939447,0.1396552324295044,0.0447098762284176,0.5096226930618286,0.4903773665428161,placenta,True,4.076567649841309,0.05,0.1249988533208096,0.1093648099248133,0.1209643259644508,0.0387260824234035,0.5013532638549805,0.4986467659473419,0.527967631816864,2.830390156060876,2.841057777404785,0.9095494624569156,0.4720323979854584,1,10,3.123587990179658,IGE,0.3926758021116256
0.431417316198349,0.1036983504891395,1.0777066946029663,0.9996243715286256,8540e23face1a7348bb68bc1df8d7ed785b7b6b483128cd927854f24d78b73c7,0.0415456030748637,0.0179234929382801,0.005836843035796,1.018699430939447,0.1056374460458755,0.034401173554473,0.5121731162071228,0.4878269135951996,placenta,True,3.853361129760742,0.1,0.0861403109350969,0.1093648099248133,0.1178631857037544,0.0383825249364427,0.5013492107391357,0.4986508190631866,0.5449438691139221,2.830390156060876,2.82932710647583,0.9213794584732884,0.4550561308860779,1,20,3.07075123116374,IGE,0.6250138133764267
0.4328729808330536,0.0661823973059654,1.050965428352356,0.9880291819572448,56cbf6270731ea3f2b67475dad2169eb71f4cbbbdce645c2d9f6f70653787635,0.0415456030748637,0.0179839693009853,0.0060009561508011,1.018699430939447,0.0674199685454368,0.0224969398111345,0.4931671321392059,0.5068328976631165,placenta,True,4.3219733238220215,0.2,0.0708598678670372,0.1093648099248133,0.1149386316537857,0.0383531397904277,0.5019039511680603,0.4980961084365845,0.5973654389381409,2.830390156060876,2.7965080738067627,0.9331489642476364,0.4026346206665039,1,40,2.9968506433069706,IGE,0.9858048558235168
0.8095977306365967,0.0401044860482215,1.0360581874847412,0.9327031970024108,a72f70398bb1bbf93db0d988f495b24ab6287e7d68b886f238aabcb4f6e418e9,0.0415456030748637,0.0336352251470088,0.0118948554080154,1.018699430939447,0.0408544167876243,0.0144478705982679,0.2752304673194885,0.7247695326805115,placenta,True,8.27394962310791,0.4,0.0712900123065061,0.1093648099248133,0.1133083030581474,0.0400706662587664,0.5029782056808472,0.4970218539237976,0.6853638887405396,2.830390156060876,2.639914035797119,0.9335866077349502,0.3146361708641052,1,80,2.8277119807899,IGE,1.608439713716507
0.8864459991455078,0.0346277430653572,1.024345636367798,0.9096989631652832,040a32d7253af5a4f0847bd769a832143323521e9f1733cb775e201aefb9243c,0.0415456030748637,0.0368279330432415,0.0133486112525175,1.018699430939447,0.0352752618491649,0.0127858317951862,0.2069042325019836,0.7930957674980164,placenta,True,9.350900650024414,0.5,0.0584552944735538,0.1093648099248133,0.1120273619890213,0.0406053118180885,0.5031354427337646,0.4968645870685577,0.684114933013916,2.830390156060876,2.574803113937378,0.9332602451342076,0.3158850073814392,1,100,2.7589336708188057,IGE,1.9645439442247152
0.9300636649131776,0.0243673734366893,0.95750492811203,0.8553420305252075,41658c9f71dd2b90122cf26a0c39d85598f602592d1f4cb697d948bae5fc0ecc,0.0415456030748637,0.0386400558054447,0.0149239418108653,1.018699430939447,0.0248230285942554,0.0095873938737405,0.1224002838134765,0.8775997757911682,placenta,True,10.405131340026855,1.0,0.0305658875506987,0.1093648099248133,0.104717344045639,0.0404449609750633,0.5017268061637878,0.4982731938362121,0.578565776348114,2.830390156060876,2.42095160484314,0.9350437033403308,0.4214342534542084,1,200,2.589132033288479,IGE,3.378010891377926
0.8293831944465637,0.1896149665117263,1.2088948488235474,1.011711835861206,ab116fde7a1d5080986cfb07b9e615c489024f7aba859d8351fcf25b7519dafd,0.0423655814936811,0.0351372994482517,0.0104851825012565,0.8669754204750427,0.1643915176391601,0.0490554223338553,0.4974639415740967,0.5025360584259033,placenta,True,4.812918186187744,0.0,0.2674454703055996,0.1255349250227799,0.1517585217952728,0.0452856600288195,0.4999867677688598,0.5000132918357849,0.4959121346473694,2.9651240730084965,2.9998512268066406,0.8951737351360685,0.5040879249572754,2,0,3.3511385656893253,IGE,0.0244323723018169
0.7691510319709778,0.184139147400856,1.186619520187378,1.010174036026001,c04fdf81ea4374df1d110d6182d689b1c2465a819b694ec9e29722ad383b1993,0.0423655814936811,0.0325855314731597,0.0097664302637975,0.8669754204750427,0.1596441119909286,0.0478480177028735,0.5020641088485718,0.4979359209537506,placenta,True,4.637125492095947,0.005,0.2674454703089367,0.1255349250227799,0.1489621847867965,0.0446464649766874,0.4999632239341736,0.5000368356704712,0.4996260404586792,2.9651240730084965,2.9952914714813232,0.8977390870566414,0.5003740191459656,2,1,3.3364832997322083,IGE,0.1054639313369989
0.5995208621025085,0.1633234769105911,1.139712691307068,1.006623387336731,43be070586b9d1a924988005cc8853ec3f46376c79aa5824e35c91976db9b19c,0.0423655814936811,0.0253990497440099,0.0077087503590217,0.8669754204750427,0.1415974348783493,0.0429755950697511,0.5092877745628357,0.4907122254371643,placenta,True,4.273283004760742,0.025,0.1583409925048011,0.1255349250227799,0.1430737376213073,0.0434236610176705,0.4998877942562103,0.5001122355461121,0.511969804763794,2.9651240730084965,2.9847633838653564,0.9058919935535564,0.4880302250385284,2,5,3.294833606109023,IGE,0.289623711258173
0.4947852194309234,0.1407697200775146,1.1095588207244873,1.003875732421875,20f5a709bbfb62ac41ce6a09f22e329d0fa28efb72c402a17155887968e153ba,0.0423655814936811,0.0209618639200925,0.0064321696999371,0.8669754204750427,0.1220438852906227,0.0374492928692515,0.5063971877098083,0.493602842092514,placenta,True,4.024053573608398,0.05,0.1133183313796258,0.1255349250227799,0.139288380742073,0.0427407841963754,0.4998432993888855,0.5001567006111145,0.5235738754272461,2.9651240730084965,2.976616144180298,0.913377753234436,0.4764261543750763,2,10,3.258910274133086,IGE,0.5086996369063854
0.4128973484039306,0.1071468889713287,1.078974962234497,0.9997961521148682,f64df2277006484dd0d4f9738c361a84e55cc2d27eb1e72e1d1c2e7368c7da08,0.0423655814936811,0.0174926351755857,0.0054488162405817,0.8669754204750427,0.0928937196731567,0.0289356522515023,0.506686806678772,0.4933132529258728,placenta,True,3.8208165168762207,0.1,0.0794477468119286,0.1255349250227799,0.1354490369558334,0.0421912939318699,0.4999491274356842,0.5000509023666382,0.541133463382721,2.9651240730084965,2.964519739151001,0.923424237576046,0.4588665664196014,2,20,3.210355130955577,IGE,0.8083102945238352
0.4288925230503082,0.0694812983274459,1.0511306524276731,0.9877247214317322,75ccd7847c1267214dbb8522360832827ff7d8e2d8fe08b84508734ef682f022,0.0423655814936811,0.0181702803820371,0.005788393072375,0.8669754204750427,0.0602385774254798,0.0191898284962118,0.4939165115356445,0.5060834884643555,placenta,True,4.3124098777771,0.2,0.0702589443918692,0.1255349250227799,0.1319535970687866,0.0420356357243122,0.5007201433181763,0.4992798566818237,0.5896408557891846,2.9651240730084965,2.9287264347076416,0.9329861427071008,0.4103592038154602,2,40,3.1390888895839453,IGE,1.2267481479793787
0.831997275352478,0.0422983206808567,1.0308839082717896,0.9317209124565125,fc31b640f6681625e6c326e1dbd3cd7fdf5558543730150ec68b8d4063877dcc,0.0423655814936811,0.0352480486035347,0.0118920552994963,0.8669754204750427,0.0366716049611568,0.0123723375164555,0.2852372527122497,0.714762806892395,placenta,True,8.294696807861328,0.4,0.0729291211200471,0.1255349250227799,0.1294119358062744,0.0436612509910338,0.5023272633552551,0.4976727366447449,0.6787605881690979,2.9651240730084965,2.7626681327819824,0.9320743561930144,0.3212395012378692,2,80,2.9639997221529484,IGE,1.9713597632944584
0.9053651094436646,0.0363684482872486,1.0186234712600708,0.909003734588623,c722328cc4a995713dc3b7d3fe6123770495d397970016c72da281c0d5be1516,0.0423655814936811,0.0383563190698623,0.0132580052947931,0.8669754204750427,0.0315305516123771,0.010898653217042,0.2174589782953262,0.7825410962104797,placenta,True,9.364253997802734,0.5,0.0592845681436928,0.1255349250227799,0.1278728246688842,0.044199720610112,0.5026732087135315,0.4973267912864685,0.6706185340881348,2.9651240730084965,2.695308923721313,0.9316436208780527,0.3293814659118652,2,100,2.8930686190724373,IGE,2.3713020104914904
0.958577036857605,0.0253055728971958,0.9428289532661438,0.8520486354827881,8246b51f836786b9cc86aeee5e772b0d2e3a22b3f09e2102ee304704c888b18c,0.0423655814936811,0.0406106710433959,0.0150002229563277,0.8669754204750427,0.0219393093138933,0.0081036467204536,0.1336928009986877,0.866307258605957,placenta,True,10.507925987243652,1.0,0.0314039143925696,0.1255349250227799,0.1183579564094543,0.0437174685663277,0.5015344619750977,0.4984655380249023,0.5579257607460022,2.9651240730084965,2.526429891586304,0.9331786617568908,0.4420742690563202,2,200,2.707337828353048,IGE,3.9761853367090234
0.8429889678955078,0.187076523900032,1.2154961824417114,1.011638879776001,bb0b5521ab97b7c76c56720839435ddb3ad257f525aaefec31df79912fe04229,0.0479440054871718,0.0404162667691707,0.0124054697534192,0.9777644609466722,0.1829167753458023,0.0561449313689765,0.4859710931777954,0.5140289068222046,placenta,True,4.973998546600342,0.0,0.2822246264504278,0.1260550641144548,0.1532194465398788,0.0470295591758117,0.4976955056190491,0.5023044943809509,0.5004960894584656,2.848236469451701,2.8813867568969727,0.8844200397017925,0.4995039105415344,3,0,3.257939245551825,IGE,0.0248419158160686
0.7874227166175842,0.181869238615036,1.1913894414901731,1.0099612474441528,8bc525349efb414c078d5891d2ba28ee46e85d06052d2e668ebcee96a14c4573,0.0479440054871718,0.0377521999180316,0.0116434082439743,0.9777644609466722,0.1778252869844436,0.0548442850206679,0.4885109663009643,0.5114890336990356,placenta,True,4.788283348083496,0.005,0.2822246262215361,0.1260550641144548,0.1501806676387787,0.0463182232417593,0.4977275729179382,0.5022724270820618,0.5042077898979187,2.848236469451701,2.8766086101531982,0.8871940834935983,0.4957922101020813,3,1,3.2423667646944523,IGE,0.1170635409653186
0.6289381980895996,0.1618813574314117,1.140876054763794,1.0060335397720337,a6fee83b94b48196c033514575711161b2b0b13e04a36ebd247a740305000f48,0.0479440054871718,0.0301538165658712,0.0094299326509173,0.9777644609466722,0.1582818478345871,0.0494991127137203,0.495783656835556,0.5042163133621216,placenta,True,4.370813369750977,0.025,0.1660172043322862,0.1260550641144548,0.143813207745552,0.0449743686803435,0.497857391834259,0.502142608165741,0.5179004073143005,2.848236469451701,2.8654215335845947,0.8960965859550187,0.4820995926856994,3,5,3.197670405730605,IGE,0.2994095273315906
0.5216726660728455,0.1397906690835952,1.1121864318847656,1.0030968189239502,25c4038fa92f54df607c279515ecd14a5cf96b93279a5c0bfc9c5de52c803100,0.0479440054871718,0.0250110775232315,0.0079175356816952,0.9777644609466722,0.1366823464632034,0.0432683219735357,0.4983651340007782,0.5016348958015442,placenta,True,4.115509986877441,0.05,0.1264942065760052,0.1260550641144548,0.1401967257261276,0.0443808379452033,0.4980226159095764,0.5019773840904236,0.5313745141029358,2.848236469451701,2.8570570945739746,0.9044333043995656,0.4686255156993866,3,10,3.158947244286537,IGE,0.4977102354168892
0.4213287830352783,0.1060667857527732,1.083643674850464,0.998767077922821,f5d8fdb9e1a03109393851e6cfe25ce0091e7c900b3687ede32c7f8f18dfbabb,0.0479440054871718,0.0202001892030239,0.006505210565035,0.9777644609466722,0.1037083342671394,0.0333979323151976,0.5023010969161987,0.4976989328861236,placenta,True,3.890158176422119,0.1,0.087628497797335,0.1260550641144548,0.1365987658500671,0.0439898718693971,0.498389184474945,0.5016108155250549,0.5550331473350525,2.848236469451701,2.8447248935699463,0.9161069852503704,0.4449668526649475,3,20,3.1052321828901768,IGE,0.7634619884192944
0.4251862168312073,0.0681038349866867,1.0534330606460571,0.9865792393684388,f6b07e56786c8797588c89c72750c2c161efea4e9b40736c3a2dc7dd262abffb,0.0479440054871718,0.020385131239891,0.0067282626957016,0.9777644609466722,0.0665895119309425,0.021978358823278,0.4828747808933258,0.5171252489089966,placenta,True,4.389840602874756,0.2,0.0714656950855222,0.1260550641144548,0.1327905654907226,0.0438285041002821,0.4992747902870178,0.5007252097129822,0.6067023277282715,2.848236469451701,2.810011148452759,0.9274648743807382,0.3932977020740509,3,40,3.029776357114315,IGE,1.1872955691069365
0.7632755637168884,0.0409278199076652,1.0358238220214844,0.9318676590919496,376a6d8e74d034eea29904ba04f7a928242cd3f2cd089e26e8a0671887985155,0.0479440054871718,0.0365944877266883,0.0127891819719999,0.9777644609466722,0.0400177687406539,0.0139855633547886,0.2797189056873321,0.7202811241149902,placenta,True,8.135072708129883,0.4,0.0730328045555708,0.1260550641144548,0.1305708289146423,0.0456323942473549,0.5005998015403748,0.4994001984596252,0.6881626844406128,2.848236469451701,2.654179573059082,0.9275928604258564,0.3118373155593872,3,80,2.8613626584410667,IGE,1.9141735676676035
0.8411583304405212,0.0351720228791236,1.0221258401870728,0.908570408821106,db79b8840c9e8967089ee4f882a367c8ec21ea2631696f4473d0037164c709a8,0.0479440054871718,0.040328498929739,0.0144474820513146,0.9777644609466722,0.034389954060316,0.0123200281988568,0.2152381688356399,0.7847618460655212,placenta,True,9.197967529296877,0.5,0.0601651009484395,0.1260550641144548,0.128844141960144,0.0461577662890283,0.5008411407470703,0.4991588890552521,0.6787550449371338,2.848236469451701,2.5878233909606934,0.9270747234608,0.321245014667511,3,100,2.7913859859108925,IGE,2.3628183994442225
0.8643985390663147,0.0244645196944475,0.9460735321044922,0.8548957109451294,0d9e3d5ec8b4bd2f08bd28d2cf3c6f53c3bac46fb692405a239328a56c6db627,0.0479440054871718,0.0414427295327186,0.0158204579425901,0.9777644609466722,0.0239205379039049,0.0091314898448976,0.137111410498619,0.8628886342048645,placenta,True,10.177343368530272,1.0,0.0309546406861223,0.1260550641144548,0.1192573606967926,0.0455256224800148,0.4995556175708771,0.5004444122314453,0.572633683681488,2.848236469451701,2.434945106506348,0.9295224297324972,0.4273663461208343,3,200,2.619565734639764,IGE,4.064911184832454
0.8177588582038879,0.191704124212265,1.2216991186141968,1.011821150779724,ae3ca6851679a327a7a85a535fb527a50ae5ac41f9dedabc0317e52fc21b2607,0.0460307167343049,0.0376420244574546,0.0111956037628293,0.8583093439202946,0.1645414382219314,0.0489384078420359,0.5053613185882568,0.4946386814117431,placenta,True,4.93749475479126,0.0,0.26124494678966,0.1323490371199519,0.1616907119750976,0.0480905362953841,0.5049307346343994,0.4950693249702453,0.5036523342132568,2.963310902225448,2.998340606689453,0.8917754520997505,0.4963476359844208,4,0,3.362214781343937,IGE,0.0238783042877912
0.7637262344360352,0.1862790882587433,1.1998817920684814,1.0101972818374634,c58b30035237f6f9fedd8ca8e71f5e6f6414fdd089f2cf52d2c7504097568202,0.0460307167343049,0.0351548641920089,0.0105022288361527,0.8583093439202946,0.1598850786685943,0.0477643626922488,0.5069140791893005,0.4930859208106994,placenta,True,4.774916648864746,0.005,0.2612449463422141,0.1323490371199519,0.1588032096624374,0.0474411631540186,0.5048640370368958,0.4951359927654266,0.5070747137069702,2.963310902225448,2.9935286045074463,0.8942922453175798,0.4929252564907074,4,1,3.347371757030487,IGE,0.1110343839973211
0.6018664240837097,0.1656297743320465,1.1481424570083618,1.0060971975326538,f570e0903c49d42075d05cffc3e64f033528f96b7ac476f2c5d59ed3ba96e025,0.0460307167343049,0.0277043413370847,0.008387121291086,0.8583093439202946,0.1421615779399871,0.0430375291225139,0.5111430287361145,0.4888570308685303,placenta,True,4.366147994995117,0.025,0.1626321645623194,0.1323490371199519,0.151955559849739,0.0460025270338642,0.5046074986457825,0.4953925311565399,0.5191154479980469,2.963310902225448,2.9813787937164307,0.9025728225525356,0.4808845818042755,4,5,3.3032002728432417,IGE,0.2794597558677196
0.4977470636367798,0.1429557055234909,1.11568021774292,1.003147006034851,d451307d3a5e7dbb1f11e306e9ab009e1c19dd4508006d33a9beed572b5a398d,0.0460307167343049,0.0229116529226303,0.007015401579983,0.8583093439202946,0.1227002143859863,0.0375700208437375,0.5113635063171387,0.4886365234851837,placenta,True,4.085093021392822,0.05,0.1175582236550523,0.1323490371199519,0.1476592123508453,0.0452123063806539,0.5043132305145264,0.495686799287796,0.528224766254425,2.963310902225448,2.9726364612579346,0.9102022711956256,0.4717752635478973,4,10,3.2659075409173965,IGE,0.4681146387010813
0.4191118776798248,0.1086867228150367,1.0845237970352173,0.9987356662750244,fc143713026ceb16bf81c4ad36521ec4be6110dcbd75a51d658180598dd6fade,0.0460307167343049,0.0192920193076133,0.0059993610721039,0.8583093439202946,0.0932868272066116,0.0290099937575,0.5090806484222412,0.4909193515777588,placenta,True,3.8883984088897705,0.1,0.0831242602292225,0.1323490371199519,0.1435356885194778,0.0446361994786913,0.5038350224494934,0.496165007352829,0.5411505103111267,2.963310902225448,2.959564447402954,0.9203544456917044,0.4588494896888733,4,20,3.215678982436657,IGE,0.7425421345978975
0.4385652840137481,0.0703814923763275,1.0586519241333008,0.9853997230529784,d220915b4379ac0fde206073c1fcecdd48819af117b71562329d73c7884af956,0.0460307167343049,0.0201874729245901,0.0064275881003424,0.8583093439202946,0.060409091413021,0.0192339456537857,0.4925589263439178,0.5074411034584045,placenta,True,4.506201267242432,0.2,0.0725702653549186,0.1323490371199519,0.1401115655899047,0.0446108056748918,0.5033486485481262,0.4966513812541961,0.5936311483383179,2.963310902225448,2.920045852661133,0.92972766057098,0.4063688814640045,4,40,3.140753982588649,IGE,1.1660690158605576
0.7950510382652283,0.0428871735930442,1.0348066091537476,0.9304542541503906,31fce6e5eac1189fbf904a2b5d9b959350f9f3ea1f8f20a70eeb290bb2c6e6a1,0.0460307167343049,0.036596767604351,0.0123321584859548,0.8583093439202946,0.0368104614317417,0.0124041677457709,0.2876051366329193,0.7123948931694031,placenta,True,8.243690490722656,0.4,0.0736799170933421,0.1323490371199519,0.1369556635618209,0.0461504952255041,0.5033521056175232,0.4966479241847992,0.674040675163269,2.963310902225448,2.757225275039673,0.92911317854277,0.3259593248367309,4,80,2.9675881676375866,IGE,1.913146918639541
0.8711522221565247,0.0368197187781333,1.0171345472335815,0.9074555039405824,5be2729fbe83182f033ae6365392fda5076f84635059fabff4e494996e977c7b,0.0460307167343049,0.0400997586548328,0.0138495088750902,0.8583093439202946,0.031602706760168,0.0109148279798704,0.2142633646726608,0.7857366800308228,placenta,True,9.358330726623535,0.5,0.0606675327106785,0.1323490371199519,0.1346167922019958,0.0464934583368876,0.5032810568809509,0.4967189431190491,0.6700770258903503,2.963310902225448,2.689072847366333,0.9287422048081516,0.3299230933189392,4,100,2.8953921049833298,IGE,2.3288321755826478
0.904852330684662,0.0253517664968967,0.9343481063842772,0.8517103791236877,2aea5c254d593d95474283f2fc5eda0953dae49badeb9c3520ba1fd9c2ded0c8,0.0460307167343049,0.0416509993374347,0.0153639674840048,0.8583093439202946,0.0217596571892499,0.0080265700904385,0.126200795173645,0.873799204826355,placenta,True,10.441936492919922,1.0,0.0312346676342772,0.1323490371199519,0.1236600801348686,0.045614978763642,0.5016482472419739,0.4983517825603485,0.5554159879684448,2.963310902225448,2.5238826274871826,0.9309944836619144,0.4445840418338775,4,200,2.710953364148736,IGE,4.000510036945343
0.8302626609802246,0.190260648727417,1.1983044147491455,1.012054443359375,9a0afeaf662e33c8fa78e0d2e70433e838575f28ba1808277853f38ee8bf523a,1.204438121808556,1.0,0.2500000074505808,5.2559475996921785,1.0,0.2500000074505808,0.4971342980861664,0.5028656721115112,placenta,True,4.857166290283203,0.0,2.597090004000995,0.8345124062042912,0.9999998807907104,0.2499999776482575,0.5010902285575867,0.4989098310470581,0.4867499470710754,0.9880891354813384,1.0,0.2500000074505808,0.5132500529289246,0,0,3.9999998807907104,ILN,0.0314825419336557
0.7579202055931091,0.1850395202636718,1.1795244216918943,1.011222243309021,e79e7d6832c239f1227d3d6ea6d08a3aa44d0c9cf1cc71775ae6b10d0c265e28,1.204438121808556,0.9128679633140564,0.2359483412537739,5.2559475996921785,0.9725580215454102,0.2513763886768642,0.5006327033042908,0.4993672966957092,placenta,True,4.71168327331543,0.005,2.597090004866876,0.8345124062042912,0.984327793121338,0.2544185132686772,0.5010460019111633,0.498954027891159,0.4903161823749542,0.9880891354813384,0.9991776943206788,0.2582567568006846,0.5096838474273682,0,1,3.868931472301483,ILN,0.1294548474252224
0.5655098557472229,0.1653066724538803,1.134979486465454,1.008960485458374,16d2c582b2c7e42823dd86f15b453c4fe458931037584fed99b1c0c1f55bf30a,1.204438121808556,0.6811215877532959,0.1949368852793901,5.2559475996921785,0.8688431978225708,0.2486627789002968,0.5071849226951599,0.4928150773048401,placenta,True,4.282646179199219,0.025,1.501789339144399,0.8345124062042912,0.947154462337494,0.2710754497968164,0.5008812546730042,0.4991187751293182,0.5068228244781494,0.9880891354813384,0.9969428777694702,0.2853248860234966,0.4931772351264953,0,5,3.494062125682831,ILN,0.3055310435593128
0.4473422467708587,0.1436637043952942,1.1099697351455688,1.0074669122695925,620666fe115684f6fe9d0b70117207f1928d588b1f877a7439fef0d321ab8115,1.204438121808556,0.538796067237854,0.1675550729800327,5.2559475996921785,0.7550889253616333,0.2348179351864693,0.5067771077156067,0.4932228922843933,placenta,True,3.977996826171875,0.05,1.001141320856928,0.8345124062042912,0.9262835383415222,0.2880561223519499,0.500716507434845,0.4992835223674774,0.5210703015327454,0.9880891354813384,0.9954671263694764,0.309570869481548,0.478929728269577,0,10,3.215635657310486,ILN,0.4978739880025387
0.3288325369358063,0.1104874238371849,1.083530306816101,1.0057880878448486,361a700edab1dfb402f466be0410937d0fdc53d62b48a88201b46b47eae7dc77,1.204438121808556,0.396058440208435,0.1377689287303358,5.2559475996921785,0.5807161331176758,0.2020021073504732,0.5043295621871948,0.4956704378128052,placenta,True,3.627716541290283,0.1,0.6079562154911632,0.8345124062042912,0.9042195081710817,0.3145327566109724,0.5005577206611633,0.499442309141159,0.5370628833770752,0.9880891354813384,0.9938082695007324,0.3456962073082185,0.4629371166229248,0,20,2.874802350997925,ILN,0.768020037561655
0.2288293838500976,0.0711819231510162,1.0512229204177856,1.0038896799087524,78c22ac3efb23739a4775c5ea8d6ab0fded1809216e2f643e4898f48125ef59f,1.204438121808556,0.2756108343601227,0.1094158194174984,5.2559475996921785,0.3741284608840942,0.1485267159764584,0.5040985345840454,0.4959014654159546,placenta,True,3.302678108215332,0.2,0.3374817638192834,0.8345124062042912,0.8772585988044739,0.3482663105464838,0.5008009672164917,0.4991990625858307,0.5606010556221008,0.9880891354813384,0.9919325113296508,0.3937911540595594,0.4393989741802215,0,40,2.5189304053783417,ILN,1.1980760153383017
0.148577407002449,0.0397771410644054,1.012230396270752,1.002068281173706,8630ca74b16b8ee3c60b03a77c2f9bc36a58bd92dd9e5782a72ca4aa65bf541f,1.204438121808556,0.1789522916078567,0.0805050464686906,5.2559475996921785,0.2090665698051452,0.0940525196184412,0.5011813640594482,0.4988186657428741,placenta,True,3.0297751426696777,0.4,0.1816674387504067,0.8345124062042912,0.8447188138961792,0.3800126098117173,0.501593291759491,0.498406708240509,0.5978401303291321,0.9880891354813384,0.9901328086853028,0.4454298241011507,0.4021599292755127,0,80,2.222870483994484,ILN,1.9458690714091065
0.1269770264625549,0.033548004925251,0.9968284964561462,1.0013917684555054,9c7e5423176322f6b2debd831e76bbb04df0d59fea47e0a63b976d275b9a9424,1.204438121808556,0.1529359668493271,0.0711134071514983,5.2559475996921785,0.1763265579938888,0.0819897540687426,0.5001735091209412,0.4998265206813812,placenta,True,2.949137687683105,0.5,0.1503675242406887,0.8345124062042912,0.8318657279014587,0.3868076778951245,0.501645565032959,0.4983544647693634,0.6109748482704163,0.9880891354813384,0.9894643425941468,0.4600891608846345,0.3890252113342285,0,100,2.1505925953388214,ILN,2.4252354707568884
0.0737845078110694,0.02403767965734,0.9343831539154052,0.9982996582984924,8e148fca123079dfbc90083bf18f5c97742f90554c5a99e25f2dfa3628941a1d,1.204438121808556,0.0888688713312149,0.0448521646941976,5.2559475996921785,0.1263407915830612,0.0637642619602884,0.4953935146331787,0.5046064853668213,placenta,True,2.7567873001098637,1.0,0.0925128112845367,0.8345124062042912,0.7797543406486511,0.3935424134896644,0.4999127089977264,0.5000872611999512,0.6530296802520752,0.9880891354813384,0.986409068107605,0.4978411598558495,0.3469704091548919,0,200,1.981373071670532,ILN,4.058754907920957
0.8948230147361755,0.1845353990793228,1.2202428579330444,1.0124516487121582,83df6b876287736d702d6e5f18ebf7ea5cfae6056a685b573687256593c8199c,1.1175394279434316,1.0,0.2500000037252903,5.419014481686137,1.0,0.2500000037252903,0.4908595681190491,0.5091404318809509,placenta,True,4.954926013946533,0.0,3.0627897581652936,0.8195089965067028,0.9999999403953552,0.2499999888241289,0.5015890598297119,0.4984109699726105,0.5014617443084717,0.9877014880374936,1.0,0.2500000037252903,0.4985382556915283,1,0,3.9999999403953552,ILN,0.0297211408615112
0.8060513138771057,0.1796411424875259,1.1963169574737549,1.0114415884017944,5a2f6835b3057826b16d746aa4ccf0737a3099f409e13d024968b42c475c7d0b,1.1175394279434316,0.9007940888404846,0.233749861048386,5.419014481686137,0.9734779596328736,0.2526108248453946,0.4928950071334839,0.5071050524711609,placenta,True,4.802053928375244,0.005,3.062789760095551,0.8195089965067028,0.9803924560546876,0.2544050890372246,0.5015584826469421,0.4984415173530578,0.5053459405899048,0.9877014880374936,0.9990023374557496,0.2592342250689948,0.49465411901474,1,1,3.853666841983795,ILN,0.1168082393705844
0.5802253484725952,0.1610686033964157,1.1400302648544312,1.0087347030639648,461608a7c77b625b951101ad50268e04c43f593229914df5bc28a9bf38382204,1.1175394279434316,0.6484246850013733,0.1878483695537777,5.419014481686137,0.8728330731391907,0.2528593890306057,0.4997221529483795,0.5002778768539429,placenta,True,4.360816478729248,0.025,1.6369454101803909,0.8195089965067028,0.9342650175094604,0.2706561985219795,0.5014511346817017,0.4985488951206207,0.5167668461799622,0.9877014880374936,0.9963287711143494,0.2886360428936371,0.4832331836223602,1,5,3.451851546764374,ILN,0.3004272822290659
0.456257700920105,0.1404889374971389,1.1108229160308838,1.0070194005966189,c1e76ab4d6520cd8d8645e4adc6c689652e476be27bcafd780a6c27e9b7697c3,1.1175394279434316,0.5098859667778015,0.1605352787980936,5.419014481686137,0.7613115906715393,0.2396954935493168,0.5045833587646484,0.4954166710376739,placenta,True,4.0517120361328125,0.05,1.0283317658341722,0.8195089965067028,0.9103293418884276,0.2866130551143975,0.5013630390167236,0.4986369609832763,0.5262977480888367,0.9877014880374936,0.9946345686912536,0.313156172538192,0.4737022817134857,1,10,3.176161468029022,ILN,0.4964717514812946
0.3362192511558532,0.108496606349945,1.0811420679092407,1.005178928375244,7417e3c55cd75941f286647ede93766b86ff8f714eb14dc48f1f72ca471f7286,1.1175394279434316,0.375738263130188,0.1321855991880782,5.419014481686137,0.5879446864128113,0.2068403148922741,0.5046837329864502,0.4953162670135498,placenta,True,3.681897401809693,0.1,0.637189759388283,0.8195089965067028,0.8860056400299072,0.3116988550372646,0.501358151435852,0.4986418783664703,0.538211464881897,0.9877014880374936,0.992816686630249,0.349275230882383,0.4617885649204254,1,20,2.8425052762031555,ILN,0.7583687119185925
0.2322260290384292,0.0700897797942161,1.0485506057739258,1.003458857536316,73a6cfe04d242c31d7f014feb341a5ee5fb87ce2b9ec165fc330191076819864,1.1175394279434316,0.2595217525959015,0.1042359155431136,5.419014481686137,0.3798175156116485,0.1525522469044712,0.5039756894111633,0.496024340391159,placenta,True,3.336474895477295,0.2,0.3370706176287831,0.8195089965067028,0.8592966198921204,0.3451331882650543,0.501883327960968,0.4981167018413543,0.5624375939369202,0.9877014880374936,0.991117775440216,0.3980786492873607,0.4375624358654022,1,40,2.4897536635398865,ILN,1.1738025322556496
0.1551076173782348,0.0393770523369312,1.0097256898880005,1.0016363859176636,61de3beb4ac1c9dd7ed30f16cc7294ca0785dc9a54734af3084559431dfb21f2,1.1175394279434316,0.1733388751745224,0.0786645111455989,5.419014481686137,0.2133848220109939,0.0968381310452433,0.5023531317710876,0.4976468682289123,placenta,True,3.0495667457580566,0.4,0.1810761749291621,0.8195089965067028,0.8274792432785034,0.3755259752902856,0.5029960870742798,0.4970039427280426,0.5949766635894775,0.9877014880374936,0.9893177151679992,0.4489713825188722,0.4050233662128448,1,80,2.203520655632019,ILN,1.9024594463407996
0.1339302659034729,0.0332859307527542,0.9945102334022522,1.0009701251983645,61e5f6a299e0b7f3eec30c46179af03f9a317c76f7c922f70915cdbfa446c488,1.1175394279434316,0.1496723443269729,0.0701462289011772,5.419014481686137,0.1803769469261169,0.0845364096117435,0.5013325810432434,0.498667448759079,placenta,True,2.968965768814087,0.5,0.1503725315923623,0.8195089965067028,0.8150100708007812,0.3819669107224208,0.5031869411468506,0.496813029050827,0.6072334051132202,0.9877014880374936,0.988659679889679,0.4633504507646583,0.3927666246891022,1,100,2.13371904194355,ILN,2.32966517098248
0.0799458548426628,0.0238483306020498,0.9335433840751648,0.9980133175849916,4815004ea46b4540767cbe02fe12656f3e90a81d7e51eff7235092df96c144a2,1.1175394279434316,0.0893426463007927,0.0453662543667088,5.419014481686137,0.1292344480752945,0.0656224444548719,0.4966903030872345,0.5033097267150879,placenta,True,2.771033763885498,1.0,0.0945484133264974,0.8195089965067028,0.7650471925735474,0.3884743398351755,0.5017221570014954,0.498277872800827,0.6469403505325317,0.9877014880374936,0.9857392311096193,0.5005369613432438,0.3530596792697906,1,200,1.9693635180592537,ILN,4.009865518659353
0.8293831944465637,0.1896149665117263,1.2088948488235474,1.011711835861206,ab116fde7a1d5080986cfb07b9e615c489024f7aba859d8351fcf25b7519dafd,1.205715291429411,1.0,0.25,5.2738453002489285,1.0,0.25,0.4974639415740967,0.5025360584259033,placenta,True,4.812918186187744,0.0,2.873999394724589,0.827201804170426,1.0,0.25,0.4999867677688598,0.5000132918357849,0.4959121346473694,0.9884237433555128,1.0,0.25,0.5040879249572754,2,0,4.0,ILN,0.0178733207285404
0.7507758736610413,0.1843563467264175,1.189367175102234,1.0108692646026611,96ff164f88977f70b0060674da3f4f95f4a2e184fdec182d48e86649e0c503a7,1.205715291429411,0.905221939086914,0.2344829206833255,5.2738453002489285,0.9722668528556824,0.2518498077622224,0.4997541904449463,0.5002458691596985,placenta,True,4.675958156585693,0.005,2.8739993933287846,0.827201804170426,0.9838466644287108,0.2548493683355611,0.4999558627605438,0.5000441670417786,0.4998591542243957,0.9884237433555128,0.9991672039031982,0.258817903218891,0.500140905380249,2,1,3.8605026602745056,ILN,0.0895848777145147
0.5503127574920654,0.1645948141813278,1.143450379371643,1.0086437463760376,d19d5f0893318d0e81215bffaeaa252771c9dbaad741ab470d5a654d8684e86d,1.205715291429411,0.6635205149650574,0.1909741433268448,5.2738453002489285,0.8680475950241089,0.249841025390733,0.5035659074783325,0.4964341223239898,placenta,True,4.285022258758545,0.025,1.5384236378138652,0.827201804170426,0.945864200592041,0.2722381619520969,0.4998591542243957,0.500140905380249,0.5131378769874573,0.9884237433555128,0.9969674348831176,0.2869466693303252,0.4868621826171875,2,5,3.474399745464325,ILN,0.2368066050112247
0.4337611496448517,0.1430955380201339,1.1167560815811155,1.0071059465408323,bbefc12213c8beb37ad2791bf067a1272e35b5e7e6bae69526e9dfc7b52be1d4,1.205715291429411,0.5229924321174622,0.1635943204167752,5.2738453002489285,0.7546637058258057,0.2360621081990141,0.5027147531509399,0.4972852766513824,placenta,True,3.9972760677337646,0.05,1.0353875436518416,0.827201804170426,0.9237826466560364,0.2889632526433233,0.4998034536838531,0.5001965761184692,0.5243943333625793,0.9884237433555128,0.9954474568367004,0.3113803187408873,0.4756056666374206,2,10,3.1968862414360046,ILN,0.3950396236032247
0.3200033605098724,0.1104382500052452,1.0848959684371948,1.005285143852234,11547b5120769d79a3a26a3e1d1482aaf43c569d97e4261b601ea2643b2f5714,1.205715291429411,0.3858329355716705,0.1349376289448648,5.2738453002489285,0.5824342370033264,0.2036951429278421,0.500943660736084,0.4990563988685608,placenta,True,3.64223575592041,0.1,0.6210550444952687,0.827201804170426,0.8974278569221497,0.3138580872644344,0.4998951256275177,0.5001049041748047,0.5371602773666382,0.9884237433555128,0.9936477541923524,0.3475091408628586,0.4628397524356842,2,20,2.859342783689499,ILN,0.6196152176707983
0.2233366221189499,0.0716095194220542,1.051987886428833,1.0035796165466309,b2ea3bcbbc3828231fcc20f0f4531a08a2e9dc225551a325385919d02ec9be0c,1.205715291429411,0.2692803740501404,0.1073212384651538,5.2738453002489285,0.3776575326919555,0.1505147720741361,0.5011311769485474,0.4988688826560974,placenta,True,3.3061656951904297,0.2,0.3367335831531611,0.827201804170426,0.8702062368392944,0.3468192265668214,0.5006434321403503,0.499356597661972,0.5601947903633118,0.9884237433555128,0.99196195602417,0.3953447628938886,0.439805269241333,2,40,2.5091060996055603,ILN,0.9785230290144682
0.1475000530481338,0.0401506647467613,1.0130796432495115,1.0018014907836914,803b9c68a38146bed4277811cb5dcdf2fde87521deddb74440fc084dc6657951,1.205715291429411,0.1778430640697479,0.0801883355702147,5.2738453002489285,0.2117483913898468,0.0954760375617626,0.5005894303321838,0.4994105994701385,placenta,True,3.030485153198242,0.4,0.1820359480938374,0.827201804170426,0.8380212783813477,0.3778586015559707,0.5022234320640564,0.497776597738266,0.5930582284927368,0.9884237433555128,0.990204393863678,0.4464770253120518,0.4069417417049408,2,80,2.2178171277046204,ILN,1.5982228089123964
0.1263120621442794,0.0339302569627761,0.9979227781295776,1.0011743307113647,537ccd5e84f73fe6c1ae116c5a0e1459d87c04f42099fd18192a2d0b3bbde6bc,1.205715291429411,0.1522963792085647,0.0709573968691005,5.2738453002489285,0.1789429187774658,0.0833724594805981,0.4998165667057037,0.5001834630966187,placenta,True,2.946321487426758,0.5,0.1513454412529378,0.827201804170426,0.825483500957489,0.3846063884822879,0.5025117993354797,0.4974882304668426,0.6057745218276978,0.9884237433555128,0.989584505558014,0.4610637551680134,0.3942255079746246,2,100,2.146307304501533,ILN,1.980235377326608
0.072627954185009,0.0242898166179656,0.9366626739501952,0.9983015656471252,5aa69a5adc192420ba2e9f97265b9477954dc9448ce03bd7bd84a4d2177f1cc9,1.205715291429411,0.0875686332583427,0.0442886887603456,5.2738453002489285,0.1281007379293441,0.0647881952820454,0.4945233762264251,0.505476713180542,placenta,True,2.7313168048858643,1.0,0.0943523074639018,0.827201804170426,0.7748090624809265,0.3918672261981858,0.501072347164154,0.4989277124404907,0.6508097648620605,0.9884237433555128,0.9867449998855592,0.499055889759423,0.349190354347229,2,200,1.9772234335541723,ILN,3.628333117812872
0.8429890275001526,0.187076523900032,1.2154961824417114,1.011638879776001,bb0b5521ab97b7c76c56720839435ddb3ad257f525aaefec31df79912fe04229,1.186255144590182,1.0,0.2500000037252903,5.345406142616932,1.0,0.2500000037252903,0.4859710931777954,0.5140289068222046,placenta,True,4.973998546600342,0.0,2.671429143890828,0.8227092889673734,0.9999999403953552,0.2499999888241289,0.4976955056190491,0.5023044943809509,0.5004960894584656,0.9884950252410556,1.0,0.2500000037252903,0.4995039105415344,3,0,3.9999999403953552,ILN,0.0293206926435232
0.7683050632476807,0.1821429282426834,1.1950225830078125,1.0107401609420776,d3623b73e3b9fe97146b4628fb4c1546dbda51400cd5949cebcd25df22489ace,1.186255144590182,0.9114058017730712,0.2356697030710243,5.345406142616932,0.9736279249191284,0.251758989816569,0.4848982691764831,0.5151017904281616,placenta,True,4.8418288230896,0.005,2.6714291413470312,0.8227092889673734,0.983156144618988,0.2542227800438124,0.4977262914180755,0.5022737383842468,0.5050660967826843,0.9884950252410556,0.9991116523742676,0.2583485270685942,0.4949339032173157,3,1,3.8673015236854553,ILN,0.1140282768756151
0.5747401714324951,0.1633395254611969,1.1428855657577517,1.008148193359375,f5d7a20ee45ab3ec8493b6ce7996159cc5611aabf0cc4c324418588d88fe79e7,1.186255144590182,0.681788444519043,0.1952588167111328,5.345406142616932,0.8731160759925842,0.2500535367243493,0.4859977662563324,0.51400226354599,placenta,True,4.4135260581970215,0.025,1.5333417338942803,0.8227092889673734,0.9402625560760498,0.2692837574076347,0.4978510737419128,0.5021489262580872,0.5208302736282349,0.9884950252410556,0.9965494871139526,0.2854038891568831,0.4791697561740875,3,5,3.4917165637016296,ILN,0.2905988413840532
0.4520955979824066,0.1424527466297149,1.115027666091919,1.006473183631897,b2dea45b44f9f7d3fef7a7630eec3b2f4e24fb2aeb627e92820205d091e5b7f0,1.186255144590182,0.5363007187843323,0.1670715690041708,5.345406142616932,0.7614677548408508,0.2372169346252625,0.4911483824253082,0.5088516473770142,placenta,True,4.0724616050720215,0.05,1.0055374013767653,0.8227092889673734,0.9173436164855956,0.28577630414074,0.4980155229568481,0.5019844770431519,0.5353646874427795,0.9884950252410556,0.9948937892913818,0.3099351922298264,0.4646353125572204,3,10,3.2100058794021606,ILN,0.4839988555759191
0.3287648260593414,0.1098696738481521,1.089010238647461,1.0048069953918457,bf7ca57db38acf96412259345434d5019b4622fed2ceba994c48e6d499fa0219,1.186255144590182,0.3899989426136017,0.1360548822703359,5.345406142616932,0.5872980356216431,0.2048845685545082,0.4958887100219726,0.5041113495826721,placenta,True,3.695931911468506,0.1,0.6183397877173695,0.8227092889673734,0.8959388136863708,0.3125568725920754,0.4983788132667541,0.5016212463378906,0.553573727607727,0.9884950252410556,0.9932467341423036,0.3465036765830804,0.4464262723922729,3,20,2.866482526063919,ILN,0.7607890591025352
0.2284403443336486,0.0708105415105819,1.0557774305343628,1.0030012130737305,0971c18ed519f9ffc31b478755a403f3b7831002015e9241584b76034a4f2e8c,1.186255144590182,0.2709885239601135,0.1079825170961478,5.345406142616932,0.3785111010074615,0.1508277208138745,0.4978360831737518,0.5021639466285706,placenta,True,3.3512182235717773,0.2,0.339413897052358,0.8227092889673734,0.8685978651046753,0.3461157042655741,0.4992613792419433,0.5007386207580566,0.5791806578636169,0.9884950252410556,0.9914617538452148,0.3950740578244034,0.420819342136383,3,40,2.509559243917465,ILN,1.1932979226112366
0.1500818729400634,0.039385724812746,1.01747465133667,1.0011345148086548,97a58d900b78b0dc799c97153e802ba1bc250c125c92a1b7598c6c701686296d,1.186255144590182,0.1780353933572769,0.0803673401498865,5.345406142616932,0.2105326950550079,0.0950370170621278,0.4964728951454162,0.5035271048545837,placenta,True,3.0532171726226807,0.4,0.1825555468870608,0.8227092889673734,0.8370858430862427,0.3778707223173437,0.5007180571556091,0.4992819726467132,0.6116487979888916,0.9884950252410556,0.9896165132522584,0.4467249204706419,0.3883512020111084,3,80,2.215270444750786,ILN,1.8963506761938331
0.128627210855484,0.0331443324685096,1.0024272203445437,1.0004127025604248,f05411095c743229f4a658a54efaab55c7541b65c85bb8c5ec79a5dd6b56b45c,1.186255144590182,0.1525846868753433,0.0711893575515714,5.345406142616932,0.177169919013977,0.0826597542017637,0.4951373934745788,0.5048626065254211,placenta,True,2.967299699783325,0.5,0.1513845837452647,0.8227092889673734,0.8247061371803284,0.3847719012765027,0.5009829998016357,0.4990170300006866,0.6248376965522766,0.9884950252410556,0.988902986049652,0.4613789869701621,0.3751623332500458,3,100,2.143363729119301,ILN,2.297160487622022
0.0753773748874664,0.0236399918794631,0.9413477778434752,0.99688720703125,386cff2f067f694cc254bf66a84010f143f7896506a75b0f7133eeaa81eabd0c,1.186255144590182,0.0894167944788932,0.0452592985861051,5.345406142616932,0.1263653486967086,0.0639612175870568,0.488770067691803,0.5112298727035522,placenta,True,2.757641077041626,1.0,0.0935214152186945,0.8227092889673734,0.7744555473327637,0.3919992330598799,0.4996375143527984,0.5003625154495239,0.6686615347862244,0.9884950252410556,0.9854180812835692,0.498780250766958,0.3313385844230652,3,200,1.975655771791935,ILN,3.938993848860264
0.8177588582038879,0.191704124212265,1.2216991186141968,1.011821150779724,ae3ca6851679a327a7a85a535fb527a50ae5ac41f9dedabc0317e52fc21b2607,1.222854378117237,1.0,0.25,5.216371865257997,1.0,0.25,0.5053613185882568,0.4946386814117431,placenta,True,4.93749475479126,0.0,2.677201904934939,0.8185321449142944,1.0,0.25,0.5049307346343994,0.4950693249702453,0.5036523342132568,0.9883169562411273,1.0,0.25,0.4963476359844208,4,0,4.0,ILN,0.0297218244522809
0.7431367635726929,0.1863820552825927,1.2035335302352903,1.0110656023025513,10e7a2019c5ba594e602e24cb1d533acd5c9f89a439b14547a2825cc81bb8006,1.222854378117237,0.9087480306625366,0.2350998616765021,5.216371865257997,0.9722381234169006,0.2515252199944694,0.505381166934967,0.4946188628673553,placenta,True,4.817220687866211,0.005,2.677201904052731,0.8185321449142944,0.9851309061050416,0.2548606785862171,0.504865288734436,0.4951347410678863,0.506766676902771,0.9883169562411273,0.999253273010254,0.2585142397428114,0.4932333827018738,4,1,3.8653703331947327,ILN,0.1187985129654407
0.5437619686126709,0.1663688421249389,1.1545618772506714,1.0087871551513672,c60df923a5dc80f83613e15e5a516ccd0c68921c7286a1bd3b50866771d4e586,1.222854378117237,0.6649417281150818,0.1913594415286111,5.216371865257997,0.8678417801856995,0.2497507847225816,0.5046820044517517,0.4953179955482483,placenta,True,4.423489093780518,0.025,1.5555230273857772,0.8185321449142944,0.945046067237854,0.2719689259960948,0.5046113133430481,0.4953887462615967,0.51783686876297,0.9883169562411273,0.9970014691352844,0.2869208477527124,0.48216313123703,4,5,3.47483104467392,ILN,0.3085981160402298
0.4291036427021026,0.1444760710000991,1.123959183692932,1.007050395011902,138c26dd675844aac2e95d1dd15772cd312331a84794b14b01c777b4f1c7492b,1.222854378117237,0.5247312784194946,0.1643043636186231,5.216371865257997,0.7536409497261047,0.2359807805142687,0.5037530660629272,0.4962469637393951,placenta,True,4.083528518676758,0.05,0.9749059844526864,0.8185321449142944,0.919996738433838,0.2880702654030406,0.5043172836303711,0.4956827461719513,0.5265780687332153,0.9883169562411273,0.9952849745750428,0.3116445904640674,0.473421961069107,4,10,3.19365394115448,ILN,0.5003921370953321
0.3216826021671295,0.1109649613499641,1.0920051336288452,1.0051767826080322,e9ca930691419ea1902b9244bb82393879674761a2cc3f22fc97fb1e1df52112,1.222854378117237,0.3933709859848022,0.1375673110384631,5.216371865257997,0.5788345336914062,0.2024264960385408,0.5034384727478027,0.4965615570545196,placenta,True,3.676289796829224,0.1,0.6135059472092768,0.8185321449142944,0.8938413262367249,0.3125887574997475,0.503821074962616,0.496178925037384,0.5375358462333679,0.9883169562411273,0.9934332370758056,0.3474174354232485,0.4624642133712768,4,20,2.859480082988739,ILN,0.7859755046665668
0.2272905707359314,0.0713318809866905,1.060539960861206,1.0033798217773438,9d2f8979ca2f4b67dbd23c151b83e7a060cc879e934a02d135539080c53c3c28,1.222854378117237,0.2779432833194732,0.1107440684654651,5.216371865257997,0.3720936179161072,0.1482574452094231,0.5048479437828064,0.4951521158218384,placenta,True,3.3386034965515137,0.2,0.334537601972651,0.8185321449142944,0.8680860996246338,0.3458813082388797,0.5032464861869812,0.4967535436153412,0.5565400123596191,0.9883169562411273,0.9916573166847228,0.395117178086232,0.4434600174427032,4,40,2.509780317544937,ILN,1.1982449609786272
0.15046988427639,0.0400509424507617,1.02141535282135,1.0015034675598145,3544c74a4e5ace7db9980ab5e43237b5a5da0ca573552176bb36220567575961,1.222854378117237,0.1840027570724487,0.0829294182324363,5.216371865257997,0.2089206129312515,0.0941598113137562,0.5021556615829468,0.497844398021698,placenta,True,3.056156635284424,0.4,0.1824333367503114,0.8185321449142944,0.8360612988471985,0.3768099903674478,0.5030678510665894,0.496932178735733,0.5873119235038757,0.9883169562411273,0.9898028373718262,0.4461007800863596,0.4126880764961242,4,80,2.218787506222725,ILN,1.9734377525746825
0.12904654443264,0.0338453538715839,1.005774974822998,1.000814437866211,f0f67ca550912e1fb5e1a63cde7a0bf17d7b09fd1dd46ba6c532fa2d65d2fd33,1.222854378117237,0.1578051298856735,0.0735093283087132,5.216371865257997,0.176549956202507,0.0822411077686851,0.5003735423088074,0.499626487493515,placenta,True,2.9697835445404053,0.5,0.1519346756334108,0.8185321449142944,0.823259174823761,0.3834934200752768,0.5030007362365723,0.4969992637634277,0.5984212160110474,0.9883169562411273,0.9891218543052672,0.4607561438473247,0.401578813791275,4,100,2.146736115217209,ILN,2.3975708056241274
0.0750210732221603,0.0240220818668603,0.9425237774848938,0.9977211952209472,902b3005b7e55aee4dc71c12c0326b91ee3b469dfe069afe4f34343ef52ddcb5,1.222854378117237,0.0917398482561111,0.0464599940404374,5.216371865257997,0.1253081113100052,0.0634600363456945,0.4911940097808838,0.5088059902191162,placenta,True,2.757556915283203,1.0,0.0943172602158423,0.8185321449142944,0.7714860439300537,0.3907052135426146,0.5014235973358154,0.4985764324665069,0.6382514834403992,0.9883169562411273,0.9860647916793824,0.4993747560712534,0.3617485463619232,4,200,1.9745987951755524,ILN,4.086517594754696
0.0894001945853233,0.1078769788146019,1.0422428846359253,1.0025254487991333,1280b01fd58ef7b77188a9b0072ace34226f2aa6498496f8fbdd386482c71d60,1.5,0.1341002881526947,0.0192756465219164,1.0,0.1078769788146019,0.015506294133498,0.5038244724273682,0.4961755275726318,p22,True,2.2759311199188232,0.0,0.6614470258799108,5.0,5.211214542388916,0.7490627414206685,0.5003937482833862,0.4996062815189361,0.5000017881393433,1.5,1.5037882328033447,0.216155317923917,0.4999982714653015,0,0,6.956980042159557,C0,0.0396165195852518
0.087669052183628,0.1055099219083786,1.0388975143432615,1.0024393796920776,fdbbd3946de5ba239d1b5852f9225452d35189d5a6382b7460725dae646089db,1.5,0.1315035820007324,0.0189618668319658,1.0,0.1055099219083786,0.0152137687676571,0.5040202140808105,0.4959798157215118,p22,True,2.257713079452514,0.000625,0.6614470266988691,5.0,5.194487571716309,0.7490075942922801,0.5004425048828125,0.4995574951171875,0.5000068545341492,1.5,1.5036590099334717,0.2168167701080968,0.4999931454658508,0,1,6.935160085558891,C0,0.1415068190544843
0.0826989188790321,0.0966220796108245,1.026816725730896,1.0021542310714722,e41705c31983a8596fc4f19ab81804820f905ad67c22e384af5a5d9be59b0171,1.5,0.1240483820438385,0.0180881662853861,1.0,0.0966220796108245,0.0140889886191564,0.5050074458122253,0.494992583990097,p22,True,2.1970877647399902,0.003125,0.5488297059893202,5.0,5.1340837478637695,0.7486285514118178,0.5006303787231445,0.4993696510791778,0.5000361204147339,1.5,1.5032312870025637,0.2191942936836395,0.4999639093875885,0,5,6.857985496520996,C0,0.3483015149831772
0.0798607245087623,0.0868274122476577,1.0140607357025146,1.001923441886902,f6b0969b2719274353804ef07f749b57d754c7e6d045e84db2c437adfcb66a6b,1.5,0.1197910904884338,0.0176688040307844,1.0,0.0868274122476577,0.0128067665570848,0.5065860748291016,0.4934139549732208,p22,True,2.150499105453491,0.00625,0.4548279499043353,5.0,5.070303916931152,0.7478536669087691,0.5008439421653748,0.4991560876369476,0.5000669956207275,1.5,1.502885103225708,0.2216707625033616,0.4999330043792724,0,10,6.779807522892952,C0,0.5724426712840796
0.0795723125338554,0.071345753967762,0.9936035871505736,1.0017507076263428,0dc0da8714885325b2491f9bb9a425d0b2d257f8f8e893c0e745cdbf706fbdba,1.5,0.1193584650754928,0.0179180638911177,1.0,0.071345753967762,0.0107104073192107,0.5095705986022949,0.4904294013977051,p22,True,2.12927508354187,0.0125,0.3543935588485825,5.0,4.968018054962158,0.7457976680978256,0.5011884570121765,0.4988115429878235,0.50018310546875,1.5,1.5026260614395142,0.2255738606918459,0.4998169243335724,0,20,6.661348335444927,C0,0.9369995966553688
0.0832893997430801,0.0529230497777462,0.9636792540550232,1.001706600189209,c1535b70e2268fbd6953b278b2f917a554bb48ca7d6782dae71cfd066c89c951,1.5,0.1249340996146202,0.0192241409164066,1.0,0.0529230497777462,0.0081434946086915,0.5088934898376465,0.4911065697669983,p22,True,2.1700379848480225,0.025,0.2697898932931294,5.0,4.818396091461182,0.7414270862722345,0.5015594959259033,0.498440533876419,0.5009110569953918,1.5,1.5025599002838137,0.2312052782026672,0.4990889728069305,0,40,6.4988131411373615,C0,1.5480482447892427
0.0887777954339981,0.0395056083798408,0.9238051176071168,1.001270771026611,ffc72547969f61b2531c25c2922bb0ebd2533da60886904188c4c57158569d6e,1.5,0.1331667006015777,0.0211590524198866,1.0,0.0395056083798408,0.0062771040719068,0.4951825737953186,0.5048174858093262,p22,True,2.3119616508483887,0.05,0.2086716576668582,5.0,4.619025707244873,0.7339237709343718,0.5012535452842712,0.4987464845180511,0.5026684999465942,1.5,1.501906156539917,0.2386400725738347,0.497331440448761,0,80,6.293604172766209,C0,2.682865055277944
0.0866426154971122,0.0281769204884767,0.8255612254142761,0.994822084903717,f7f217d953715405c08caa39052a7ecb294e6ec7360e9f22cef05022890300ae,1.5,0.1299639195203781,0.0224921887835532,1.0,0.0281769204884767,0.0048764350698627,0.4032512903213501,0.5967487096786499,p22,True,3.0130980014801025,0.2,0.0838858497542946,5.0,4.127806186676025,0.7143782394011168,0.4926356375217438,0.5073643922805786,0.490689069032669,1.5,1.492233157157898,0.2582531367454672,0.5093109607696533,0,320,5.778180183842778,C0,8.962281985208392
0.0579388439655303,0.0194300226867198,0.7794353365898132,0.9892131090164183,0b283c4eb7da44f162a94fe904997a69a427d0afccb5b832e3e6914933a611ce,1.5,0.0869082659482956,0.0158379741421656,1.0,0.0194300226867198,0.0035408852487868,0.3548517823219299,0.6451482176780701,p22,True,3.2828614711761475,0.5,0.0375566817951295,5.0,3.897176742553711,0.7102130482356689,0.4373440444469452,0.5626559853553772,0.4122543036937713,1.5,1.4838197231292725,0.2704080923733786,0.5877456665039062,0,800,5.487334754317999,C0,21.387878665700555
0.0493020750582218,0.0119555098935961,0.7356575727462769,0.9859265089035034,7a6d301455a2301f76398ba59823c1a9dafb6dd78a618d1e77663f96f9737805,1.5,0.0739531144499778,0.0141048821367545,1.0,0.0119555098935961,0.0022802428158457,0.3750500977039337,0.6249498724937439,p22,True,3.4516639709472656,1.0,0.0227950819174189,5.0,3.678287982940674,0.7015501490408745,0.2111493051052093,0.788850724697113,0.2587046027183532,1.5,1.4788897037506104,0.2820647260065252,0.7412954568862915,0,1600,5.243086311034858,C0,41.90581522881985
0.0827673226594924,0.1122938841581344,1.0317693948745728,1.0023996829986572,5433a390e72bc7bf9cc8e07c3d33f178a13bc7e6ac6235caef81251a9d5caf94,1.5,0.1241509839892387,0.0179957879505157,1.0,0.1122938841581344,0.0162770915100015,0.4989719986915588,0.5010280013084412,p22,True,2.272970199584961,0.0,0.6356944768502533,5.0,5.158846855163574,0.7477791241892685,0.4997998476028442,0.5002002120018005,0.4997487664222717,1.5,1.5035995244979858,0.2179479963502141,0.500251293182373,1,0,6.898891247808933,C0,0.0370397474616766
0.0819862410426139,0.1097086295485496,1.0284645557403564,1.002303957939148,da9ad04cadef06eceb6b191dbb0bd1c872a30ecbad1fdf45f82fe5e119125470,1.5,0.1229793578386306,0.0178788919794233,1.0,0.1097086295485496,0.0159495769971645,0.4993852376937866,0.5006147623062134,p22,True,2.256666898727417,0.000625,0.6356944761249665,5.0,5.142322540283203,0.7475972458867154,0.4998773634433746,0.5001226663589478,0.4997629821300506,1.5,1.5034558773040771,0.2185742851366967,0.5002370476722717,1,1,6.878466404974461,C0,0.136371910572052
0.0801244005560875,0.0999938771128654,1.016779899597168,1.0020307302474976,d7d8dceb805d2430d2c660df726e6a338738aa2e06867635005bac207b374009,1.5,0.1201865971088409,0.017655997107744,1.0,0.0999938771128654,0.0146895880869148,0.5008737444877625,0.4991262853145599,p22,True,2.208972930908203,0.003125,0.5141952161172009,5.0,5.08389949798584,0.7468496237663811,0.5001891255378723,0.4998108744621277,0.4998295605182647,1.5,1.5030460357666016,0.2208047910389599,0.5001704692840576,1,5,6.807126007974148,C0,0.3334815073758364
0.0795898959040641,0.089307852089405,1.004917025566101,1.001873016357422,8e7f40479d7c5e1a0f132b4610473991766ffedefaee5af31f386e5bbbd89e57,1.5,0.1193848401308059,0.017723172505175,1.0,0.089307852089405,0.0132581194305151,0.5025205016136169,0.4974795281887054,p22,True,2.181946039199829,0.00625,0.4241535247718856,5.0,5.024585247039795,0.7459204284452948,0.5005761981010437,0.4994238018989563,0.4999273121356964,1.5,1.5028095245361328,0.223098279619015,0.500072717666626,1,10,6.736087463796139,C0,0.5615938678383827
0.0808231234550476,0.0725568383932113,0.9856256246566772,1.001752257347107,7386b17dacf5b95463d19bc1ad604fb1d1d5ef0cde76464321ec0c09c9a47626,1.5,0.1212346851825714,0.0183008234659978,1.0,0.0725568383932113,0.0109527227186299,0.5046283006668091,0.4953717589378357,p22,True,2.167120933532715,0.0125,0.3427293714749937,5.0,4.928128242492676,0.7439191585134116,0.5012803077697754,0.498719722032547,0.5001684427261353,1.5,1.5026283264160156,0.2268272953019606,0.4998315870761871,1,20,6.624548092484474,C0,0.93314547277987
0.0846986919641494,0.053077720105648,0.9570193290710448,1.0016928911209106,5ed767f8884704424aa82b7a894f9f4253a5e22971e419fa48bd76fba88f7b9f,1.5,0.1270480453968048,0.0196432783372571,1.0,0.053077720105648,0.0082065050767675,0.505392849445343,0.494607150554657,p22,True,2.194491147994995,0.025,0.263684145759821,5.0,4.785096645355225,0.7398381059843688,0.5020432472229004,0.497956782579422,0.5008348822593689,1.5,1.5025393962860107,0.2323121106016064,0.4991651177406311,1,40,6.467761807143688,C0,1.545313611626625
0.0885704532265663,0.0397628359496593,0.9197254776954652,1.0012686252593994,56dd44fb68fa70a7ad2853986c33beeab1a42e531f8e15e581638009b711e74b,1.5,0.1328556835651397,0.0211784676311903,1.0,0.0397628359496593,0.0063385766531493,0.5014821887016296,0.4985178411006927,p22,True,2.291261672973633,0.05,0.200766178358579,5.0,4.59862756729126,0.7330652514690943,0.5017068386077881,0.4982931911945343,0.501876950263977,1.5,1.5019029378890991,0.2394177042465659,0.4981230795383453,1,80,6.273149024695158,C0,2.6810442730784416
0.0849789381027221,0.0296852607280015,0.825164794921875,0.9949139952659608,ae314d963446b07f52d33ee73ef4d9f06aff6559293da6b3d0595c6209f38185,1.5,0.1274684071540832,0.0220711191408858,1.0,0.0296852607280015,0.0051399946142262,0.4445124268531799,0.5554875731468201,p22,True,2.917555332183838,0.2,0.0858198281122912,5.0,4.125823974609375,0.7143852702878115,0.4900317788124084,0.5099682807922363,0.4898834228515625,1.5,1.4923709630966189,0.2584036159570764,0.5101165771484375,1,320,5.775348605588079,C0,8.9044539462775
0.0548653453588485,0.0203402116894722,0.7776663303375244,0.9893268942832948,4dec7b1cb687e4cac13a7bc21b13a35d12abe685563068cc8feb71a96f6f8065,1.5,0.0822980180382728,0.0150317107589063,1.0,0.0203402116894722,0.0037151341694387,0.4151272177696228,0.5848727822303772,p22,True,3.258497714996338,0.5,0.0368948165249333,5.0,3.888331651687622,0.7102027256074049,0.4216164350509643,0.5783835649490356,0.3913910090923309,1.5,1.4839903116226196,0.27105042946425,0.6086090207099915,1,800,5.474960193037987,C0,21.47027991525829
0.0478540509939193,0.0126596931368112,0.7347028851509094,0.9861167669296264,af0e99a3903af7a391b8d4014264645c37d1e7ac20a68e101953a249bbaa0f6c,1.5,0.071781076490879,0.0137061851406217,1.0,0.0126596931368112,0.0024172958450775,0.433877021074295,0.5661230087280273,p22,True,3.417788028717041,1.0,0.0220471180388266,5.0,3.6735143661499023,0.7014365133627127,0.1971367299556732,0.8028632998466492,0.248352825641632,1.5,1.479175090789795,0.2824400056515879,0.7516471743583679,1,1600,5.237130226567388,C0,42.16823765449226
0.0835360139608383,0.1107549369335174,1.0298055410385132,1.0025205612182615,5f4d40bae0f229a31cb71b7278d630d355323a2154e08dd82150b4ca2338aaea,1.5,0.1253040134906768,0.0181893484478873,1.0,0.1107549369335174,0.0160773792002873,0.4961535334587097,0.5038464665412903,p22,True,2.243910074234009,0.0,0.5906216980971489,5.0,5.149027824401856,0.7474418309265192,0.4997882544994354,0.5002117156982422,0.4990783631801605,1.5,1.5037808418273926,0.218291441425306,0.5009216666221619,2,0,6.888867616653442,C0,0.0378262288868427
0.0822794586420059,0.1081680357456207,1.02679181098938,1.0024266242980957,f06fa82d928924cd7382162d6158f426a1008ca33def5a51db73731e05a307fe,1.5,0.1234191879630088,0.0179670762128041,1.0,0.1081680357456207,0.0157468492064085,0.4965326189994812,0.5034674406051636,p22,True,2.227888345718384,0.000625,0.5906216968801543,5.0,5.13395881652832,0.747389695657446,0.4998540878295898,0.5001459121704102,0.4990950226783752,1.5,1.5036399364471436,0.2188963789233413,0.5009049773216248,2,1,6.8691859766840935,C0,0.1360171642154455
0.0790009424090385,0.0985015779733657,1.015730857849121,1.0021470785140991,2514378439771b4354eb7e6fbf01dbfaab5d0b4a34fe3c39fa58926745fd0146,1.5,0.1185014098882675,0.0174295542234134,1.0,0.0985015779733657,0.0144879170298255,0.4981516897678375,0.5018483400344849,p22,True,2.180666446685791,0.003125,0.4978597115590764,5.0,5.0786542892456055,0.7469841953765778,0.5001180768013,0.4998819231986999,0.4991599023342132,1.5,1.503220558166504,0.2210983333701832,0.5008401274681091,2,5,6.798877835273743,C0,0.3313714955002069
0.0778766274452209,0.0879392772912979,1.003904104232788,1.001970648765564,5714f43cc1b10de41982d55cd3b7d4f6d95ab7bd07be2c714b884fb13c71f959,1.5,0.1168149411678314,0.0173644911331863,1.0,0.0879392772912979,0.0130721360257301,0.5002338290214539,0.4997661709785461,p22,True,2.1542646884918213,0.00625,0.4164569027012995,5.0,5.01952075958252,0.7461496179447487,0.500442385673523,0.499557614326477,0.4992449283599853,1.5,1.5029559135437012,0.2234137548963348,0.5007551312446594,2,10,6.72723089158535,C0,0.5473255999386311
0.0796164274215698,0.071550153195858,0.9848395586013794,1.001878261566162,dea82b34e55ee1cd4bc6cd64061863d575ee2299b1e9bdf7a3f8193b0a06fe94,1.5,0.1194246411323547,0.01804545544042,1.0,0.071550153195858,0.0108114631034992,0.5032821297645569,0.4967178702354431,p22,True,2.1504323482513428,0.0125,0.3322064755781125,5.0,4.924197673797607,0.744062438536908,0.501017689704895,0.4989823400974273,0.4994824826717376,1.5,1.5028173923492432,0.2270806429191726,0.5005174875259399,2,20,6.617989860475063,C0,0.9002810940146446
0.0830134451389312,0.0528292879462242,0.957311511039734,1.0018906593322754,e22ae5fd77780a10825ab4b16fc3088b775ee660da4005aa1479cf4074f60614,1.5,0.1245201677083969,0.019255468388928,1.0,0.0528292879462242,0.0081693809346636,0.5051652193069458,0.4948347806930542,p22,True,2.1860339641571045,0.025,0.2576123226440596,5.0,4.786557674407959,0.7401805802830457,0.5016290545463562,0.4983709752559662,0.5002160668373108,1.5,1.502835988998413,0.2323945703933626,0.4997839033603668,2,40,6.466743119060993,C0,1.5078456290066242
0.0876207873225212,0.0396665260195732,0.9203233122825624,1.0015676021575928,5135234e3549753669c2c4d226921f259e56b7daa69131727630ae0379b1c873,1.5,0.1314311772584915,0.0209449889386035,1.0,0.0396665260195732,0.0063212927559706,0.5017758011817932,0.4982242286205292,p22,True,2.314318895339966,0.05,0.2054669109063784,5.0,4.601616382598877,0.7333176666573861,0.5010579824447632,0.4989420473575592,0.5019145607948303,1.5,1.5023514032363892,0.2394160516480397,0.4980854392051697,2,80,6.275065489113331,C0,2.624949252232909
0.0804780572652816,0.029215345159173,0.8268015384674072,0.9948683977127076,b0e29c43c49dafce05d64f6cc065d50a913c7c44f839082075fd4d7f52ced744,1.5,0.1207170858979225,0.0208988949196555,1.0,0.029215345159173,0.0050578459874297,0.4244877994060516,0.5755122303962708,p22,True,2.9976766109466557,0.2,0.0859895787923924,5.0,4.134007453918457,0.7156914593645063,0.4902433454990387,0.5097566843032837,0.4882484376430511,1.5,1.492302656173706,0.2583517997284084,0.5117515921592712,2,320,5.776242541149259,C0,8.832421476021409
0.0523869134485721,0.0198089964687824,0.7791926860809326,0.989318311214447,c7c4d1e16590bdea8217c879732e227fb5b465784af3156bef1c0a2542c716a6,1.5,0.0785803720355033,0.014343854541691,1.0,0.0198089964687824,0.0036158821421297,0.3687402904033661,0.6312597393989563,p22,True,3.3449203968048096,0.5,0.0373431528848974,5.0,3.895963430404663,0.711158922996999,0.4085968732833862,0.5914031863212585,0.3845742344856262,1.5,1.483977437019348,0.2708813403191802,0.6154257655143738,2,800,5.478330235928297,C0,21.26638501510024
0.0467513315379619,0.0129597652703523,0.7346489429473877,0.9860756993293762,dcfee936e9ec8574e42be4307f9e9ca08331e4f766754fa0d39566beaed4c867,1.5,0.0701269954442977,0.0133946578977841,1.0,0.0129597652703523,0.0024753894150482,0.4109649956226349,0.5890349745750427,p22,True,3.5325515270233154,1.0,0.0228038719370808,5.0,3.6732447147369385,0.7016107850767173,0.1757052838802337,0.8242947459220886,0.2407788336277008,1.5,1.4791135787963867,0.2825191676104502,0.7592211961746216,2,1600,5.235445054247975,C0,41.854313323274255
0.0865774974226951,0.1120953261852264,1.0349129438400269,1.0023605823516846,bb57e92b5764579114a1c6ddd18da72ae18bcf09aad986f0b44fcd2101f65279,1.5,0.1298662424087524,0.0187666155752735,1.0,0.1120953261852264,0.0161985890658314,0.4964376091957092,0.5035623908042908,p22,True,2.26154899597168,0.0,0.630657742485945,5.0,5.174564838409424,0.7477622151113558,0.4984284341335296,0.5015715956687927,0.4995956122875213,1.5,1.5035408735275269,0.2172725802475392,0.500404417514801,3,0,6.92006728053093,C0,0.0384611245244741
0.0850190296769142,0.1095898076891899,1.031733155250549,1.0022820234298706,b705adb0195c793855ec550a8d6fe28908a0aef659cfe58de116112b71a1139a,1.5,0.1275285482406616,0.0184845227071726,1.0,0.1095898076891899,0.0158844064066561,0.4967000186443329,0.5033000111579895,p22,True,2.2468929290771484,0.000625,0.6306577429298287,5.0,5.158665657043457,0.7477186386250115,0.4985213577747345,0.5014786720275879,0.4995998740196228,1.5,1.5034229755401611,0.2179124322611597,0.5004001259803772,3,1,6.89920698851347,C0,0.1422243472188711
0.0809511989355087,0.1001636683940887,1.020283341407776,1.0020405054092407,1333e73a5f43f399b562f7e7c6e806437a2fef7ffe28c46210ce05d1f68b8cc8,1.5,0.121426798403263,0.0177886889896306,1.0,0.1001636683940887,0.0146736994514636,0.4979403614997864,0.5020596385002136,p22,True,2.20169448852539,0.003125,0.5167999046254851,5.0,5.10141658782959,0.7473433729683581,0.4988941550254822,0.5011058449745178,0.4996651709079742,1.5,1.503060817718506,0.2201942385905477,0.5003348588943481,3,5,6.826067872345448,C0,0.356135768815875
0.0793185979127883,0.0897480323910713,1.00827157497406,1.0018582344055176,32b104f4e6b78226ef0f77bc23eda3a78030764456f338992cba54b9fcdafbb8,1.5,0.1189778968691825,0.0176188604854009,1.0,0.0897480323910713,0.0132903514278466,0.4997188150882721,0.5002812147140503,p22,True,2.170431137084961,0.00625,0.426325653287997,5.0,5.04135799407959,0.746550287843051,0.4993493556976318,0.5006506443023682,0.4998207986354828,1.5,1.5027873516082764,0.2225405002437014,0.5001792311668396,3,10,6.75287127494812,C0,0.5832857210189104
0.0802202671766281,0.0733001977205276,0.9892094731330872,1.0016963481903076,45bb0f76609656e5fd5d19bbbed04e9b101ac86d6c78a75145fc040a62fbbcea,1.5,0.1203304007649421,0.0181159848364696,1.0,0.0733001977205276,0.0110354927929583,0.502375066280365,0.4976249635219574,p22,True,2.151205778121948,0.0125,0.3327375448290464,5.0,4.946047306060791,0.744637410225964,0.5001561641693115,0.4998438358306885,0.5002471208572388,1.5,1.5025445222854614,0.226211112144608,0.4997529089450836,3,20,6.642222426831722,C0,0.9348388444632292
0.0837185457348823,0.0540444441139698,0.9615773558616638,1.001597881317139,076e398f33979a5ffb5f51978cb537764091cf73ac9dca8c8ebfb5c0c9dfec02,1.5,0.1255778223276138,0.0193497145177578,1.0,0.0540444441139698,0.0083274621704144,0.5025990009307861,0.4974009990692138,p22,True,2.1741530895233154,0.025,0.2556846528571374,5.0,4.807886600494385,0.7408253418395426,0.501067042350769,0.4989329576492309,0.5013064742088318,1.5,1.502396821975708,0.231497481472285,0.4986935555934906,3,40,6.489905688911676,C0,1.54702558927238
0.0892577841877937,0.0404855720698833,0.9227963089942932,1.001211166381836,2dec16ea79a30712de5129f78ce25179a781102af7dcf8786bc44641011fbb4a,1.5,0.1338866800069809,0.0212850629738227,1.0,0.0404855720698833,0.0064363232473445,0.4930639863014221,0.5069359540939331,p22,True,2.3074774742126465,0.05,0.2010483075664821,5.0,4.6139817237854,0.7335224948868625,0.5005913972854614,0.4994086027145386,0.5039089918136597,1.5,1.501816749572754,0.2387561188919702,0.4960910081863403,3,80,6.2901707254350185,C0,2.670432418584824
0.0883870348334312,0.0278675742447376,0.8237654566764832,0.9947881698608398,f73daf097cd6ea439c6c01ce3293dfc238fc8cd9024fe0e70013cc33aa56551e,1.5,0.1325805485248565,0.0229717611987063,1.0,0.0278675742447376,0.0048285157050569,0.3744499683380127,0.6255500912666321,p22,True,3.0271480083465576,0.2,0.0799403513903381,5.0,4.1188273429870605,0.7136545986160389,0.4893983602523803,0.5106016397476196,0.4881177246570587,1.5,1.4921822547912598,0.2585451244801979,0.5118823647499084,3,320,5.7714577205479145,C0,8.902406947687268
0.0590432174503803,0.0191500652581453,0.7773222327232361,0.9891566634178162,486a737ab05609106da56a4ea61b1cb03405ea6b665fdf3f5b4908a8679911e4,1.5,0.0885648280382156,0.0161671851983881,1.0,0.0191500652581453,0.0034957743208857,0.3274221122264862,0.6725779175758362,p22,True,3.2924816608428955,0.5,0.0367652987936036,5.0,3.886611223220825,0.7094866532437866,0.4367788732051849,0.5632211565971375,0.4044141471385956,1.5,1.483734965324402,0.2708503872369395,0.5955858826637268,3,800,5.478061081841588,C0,21.321083523333076
0.0502689555287361,0.0117447823286056,0.73374342918396,0.985804796218872,24dd767ed1cf0ccdb99665e12ea9afa1dc7a6e1c5ecaf4f442ca44f13aef1db6,1.5,0.0754034370183944,0.0144048890639939,1.0,0.0117447823286056,0.0022436946273821,0.3564029633998871,0.6435970664024353,p22,True,3.456543445587158,1.0,0.0225142306570876,5.0,3.6687171459198,0.700862793313457,0.2170371115207672,0.7829629182815552,0.250900000333786,1.5,1.478707194328308,0.2824886229951668,0.7491000294685364,3,1600,5.234572559595108,C0,41.71947203204036
0.08327516913414,0.1139955669641494,1.030371069908142,1.0024082660675049,444eaef47d8295ef702a7983d43591a1a249f8b41c4ddc814f0d17e9e134c818,1.5,0.12491275370121,0.0181180646784645,1.0,0.1139955669641494,0.0165345730849474,0.5015689134597778,0.4984310865402221,p22,True,2.2581753730773926,0.0,0.5592903248665971,5.0,5.15185546875,0.7472547664763366,0.5010132789611816,0.4989866912364959,0.4999793469905853,1.5,1.503612399101257,0.2180925957602514,0.5000206828117371,4,0,6.894376188516617,C0,0.0402227491140365
0.0821439251303672,0.111194223165512,1.027485489845276,1.0023468732833862,1b4ac58f5cd245e2b8a52591c73b5f8e1fd02e04f36f263cddf116090fdde549,1.5,0.1232158839702606,0.0179213779953232,1.0,0.111194223165512,0.0161728637577801,0.5015432238578796,0.4984568059444427,p22,True,2.2451059818267822,0.000625,0.5592903248466582,5.0,5.13742733001709,0.7472232811068629,0.5010923147201538,0.4989076852798462,0.4999720752239227,1.5,1.5035202503204346,0.2186824771400337,0.5000279545783997,4,1,6.875357687473297,C0,0.1428505834192037
0.0795085206627845,0.1007577031850814,1.017003297805786,1.0021418333053589,4388f2b8f24e4ef2b28a133807bb490f9a49019e78228b3a598e7c923e342042,1.5,0.1192627847194671,0.01751739356284,1.0,0.1007577031850814,0.0147993554345775,0.5016795992851257,0.4983204305171966,p22,True,2.20228910446167,0.003125,0.4714333253010672,5.0,5.085016250610352,0.7468904163600264,0.5014180541038513,0.4985819458961487,0.4999807476997375,1.5,1.5032126903533936,0.220792834642556,0.5000193119049072,4,5,6.808249428868294,C0,0.3657990396022796
0.0789903178811073,0.0894753262400627,1.0057672262191772,1.0019680261611938,49273e34862073bd98b0f59f658cadbd1b0d4d7385a73b5cd5ece3598825858d,1.5,0.1184854805469513,0.0175801024349028,1.0,0.0894753262400627,0.0132757650425643,0.5023472309112549,0.4976527988910675,p22,True,2.1686899662017822,0.00625,0.4011525072767617,5.0,5.028836250305176,0.746145907503708,0.5018328428268433,0.4981672167778015,0.5000631213188171,1.5,1.5029520988464355,0.2229982250188247,0.4999368786811828,4,10,6.739749155938625,C0,0.5924884472042322
0.0805783048272132,0.0724392160773277,0.987388014793396,1.0018231868743896,57c7c6a80a6898240293a6129031a4394123787225acb63fe9bb4d673fb86a13,1.5,0.1208674609661102,0.0182221913664466,1.0,0.0724392160773277,0.010921063843366,0.5043462514877319,0.495653748512268,p22,True,2.1503286361694336,0.0125,0.3241277543468917,5.0,4.9369401931762695,0.744301801706451,0.5025938153266907,0.4974062144756317,0.5004104375839233,1.5,1.5027347803115845,0.2265549430837363,0.4995895624160766,4,20,6.632981650531292,C0,0.9437875784933568
0.0843142792582511,0.0538991391658782,0.959665298461914,1.001792550086975,bd4f3f3018cb90f50b2d249ffcc79c6f806395cfca77102c448204fb4c3bb133,1.5,0.1264714151620865,0.0195130202862803,1.0,0.0538991391658782,0.0083159897800536,0.5055608749389648,0.4944391548633575,p22,True,2.1920437812805176,0.025,0.2540941071249003,5.0,4.79832649230957,0.7403241441130123,0.5033296346664429,0.4966703951358795,0.5015153884887695,1.5,1.5026888847351074,0.2318468458206537,0.4984846115112304,4,40,6.4813859313726425,C0,1.5509281791746616
0.0904787257313728,0.0411175079643726,0.9204795956611632,1.0014485120773315,837aba4c4302b8fcd2decd42364e61b58771df5139d78f9ca703d194016b390a,1.5,0.1357180923223495,0.0216063230759048,1.0,0.0411175079643726,0.0065459081096148,0.4946936964988708,0.5053063035011292,p22,True,2.3381643295288086,0.05,0.1968213551997106,5.0,4.602397918701172,0.7327018428695828,0.502116322517395,0.4978837072849273,0.504299521446228,1.5,1.5021727085113523,0.2391459259448974,0.4957005083560943,4,80,6.281406227499247,C0,2.657485855743289
0.0864442288875579,0.0298727937042713,0.8245087265968323,0.9949564933776855,99609231d2f8e1e3690730324df588b44f40ab58d18273ef584d6d4bf983b0e2,1.5,0.1296663433313369,0.0224549218336591,1.0,0.0298727937042713,0.005173210181985,0.4075723886489868,0.5924275517463684,p22,True,3.015660762786865,0.2,0.0836085285007832,5.0,4.122543811798096,0.7139200248225825,0.4871856570243835,0.5128143429756165,0.4883602559566498,1.5,1.4924347400665283,0.2584518431617733,0.5116397738456726,4,320,5.774517688900232,C0,8.983042910695076
0.0546281598508358,0.0196852255612611,0.7777788639068604,0.9893542528152466,c4e5fa71793a9c1b08f169e2bafbe3c2068e52f267af3c7e7a2ae547787ccc3e,1.5,0.0819422379136085,0.014967840222424,1.0,0.0196852255612611,0.0035957684149898,0.3902513086795807,0.6097487211227417,p22,True,3.3084819316864014,0.5,0.0368732236611707,5.0,3.8888943195343018,0.7103582999289203,0.4086700677871704,0.5913299322128296,0.3869336545467376,1.5,1.4840314388275146,0.2710780914336657,0.6130663752555847,4,800,5.474553221836686,C0,21.364763408899307
0.0474754907190799,0.0127719137817621,0.7349139451980591,0.9861985445022584,0d7eac4a1d82ca086d894849dba44eb379ef8322e076e482b56c626a00497550,1.5,0.0712132379412651,0.0135958842116489,1.0,0.0127719137817621,0.0024383873835538,0.4253585934638977,0.5746414065361023,p22,True,3.4525880813598637,1.0,0.0220303953045478,5.0,3.674569606781006,0.70154123510918,0.1890784949064254,0.8109215497970581,0.2454619854688644,1.5,1.4792978763580322,0.2824244932956172,0.7545379996299744,4,1600,5.237852634862065,C0,41.88509174250066
0.0894001945853233,0.1078769788146019,1.0422428846359253,1.0025254487991333,1280b01fd58ef7b77188a9b0072ace34226f2aa6498496f8fbdd386482c71d60,1.5,0.1341002881526947,0.0150719323754882,1.0,0.1078769788146019,0.0121246162253901,0.5038244724273682,0.4961755275726318,p22,True,2.2759311199188232,0.0,0.665650590315897,5.0,5.211214542388916,0.585703985122038,0.5003937482833862,0.4996062815189361,0.5000017881393433,3.4354841709136963,3.444160223007202,0.3870994662770835,0.4999982714653015,0,0,8.897352032363415,C1,0.0371106322854757
0.0876653790473938,0.1055289134383201,1.038899302482605,1.002430438995361,21f08eb79fb7d6f358e4a0fbfada98e4f78cdf2a06d7b71d63ea58e4433f209f,1.5,0.1314980685710907,0.014816087063117,1.0,0.1055289134383201,0.0118901029206601,0.5040216445922852,0.4959783852100372,p22,True,2.25749135017395,0.000625,0.665650589095006,5.0,5.1944966316223145,0.5852718232251227,0.500442624092102,0.4995574057102203,0.5000070333480835,3.4354841709136963,3.443833827972412,0.3880219867911,0.4999929964542389,0,1,8.875357441604137,C1,0.1411965135484933
0.0826801359653472,0.0967101827263832,1.0268281698226929,1.0021135807037354,3462e9fd2df4284a18c3eb647ff78a203183d7ba8d29be0d86133dc9b5105aeb,1.5,0.1240202039480209,0.0140970227207018,1.0,0.0967101827263832,0.0109927705310696,0.5050190687179565,0.494980901479721,p22,True,2.19622802734375,0.003125,0.5515737473799983,5.0,5.134140968322754,0.5835831548226293,0.5006308555603027,0.4993691742420196,0.5000366568565369,3.4354841709136963,3.442745447158813,0.3913270519255991,0.4999633729457855,0,5,8.797616802155972,C1,0.3396603632718324
0.0798228234052658,0.0869900733232498,1.0140937566757202,1.0018490552902222,f73d1b10ae1e295730fed990434e001b071e8776ae4a15fd6c197c0c6a17c484,1.5,0.1197342351078987,0.013732518154473,1.0,0.0869900733232498,0.0099770358919816,0.5066079497337341,0.4933920800685882,p22,True,2.1494030952453613,0.00625,0.4560015102484696,5.0,5.070468902587891,0.5815404941930913,0.5008455514907837,0.4991544783115387,0.5000689029693604,3.4354841709136963,3.4418365955352783,0.3947499517604541,0.4999310970306396,0,10,8.719029806554317,C1,0.5644610840827227
0.079492837190628,0.0716257765889167,0.9936829209327698,1.001604437828064,6affe964fe5caf7b99e95c8861147b15302874d1c2b9d6f5e35843d8c7f46069,1.5,0.119239255785942,0.0138645848088456,1.0,0.0716257765889167,0.008328311406096,0.509545087814331,0.4904549419879913,p22,True,2.127651691436768,0.0125,0.3544367370244474,5.0,4.968414783477783,0.5777041099175634,0.5011932849884033,0.4988067150115967,0.5001872181892395,3.4354841709136963,3.4409961700439453,0.4001029938674948,0.4998127818107605,0,20,8.600275985896587,C1,0.9203306157141924
0.0831039622426033,0.0533554852008819,0.963826298713684,1.0013322830200195,72e6beb720ed9f3f50b3bc5ec578f5db61b4d170849f688b0d981ec5b8ea5bc5,1.5,0.1246559470891952,0.0147745566636817,1.0,0.0533554852008819,0.0063238349860244,0.5088234543800354,0.4911765456199646,p22,True,2.1660330295562744,0.025,0.269626883271397,5.0,4.819131374359131,0.5711763555833353,0.5015718936920166,0.4984281361103058,0.5009130835533142,3.4354841709136963,3.440061092376709,0.4077252527669584,0.4990869462490082,0,40,8.437203899025917,C1,1.5244822334498167
0.0886043980717659,0.0400113053619861,0.9240185618400574,1.00022292137146,d780563b9c850613df1e7a9046112a9ddb9124506cb25a3f559ddba9ed8df67b,1.5,0.1329066008329391,0.0161504909042101,1.0,0.0400113053619861,0.0048620777242403,0.4953024089336395,0.5046976208686829,p22,True,2.3067901134490967,0.05,0.2085086773795284,5.0,4.620092868804932,0.5614225883937237,0.5012827515602112,0.4987172782421112,0.5026664137840271,3.4354841709136963,3.4362499713897705,0.4175648429778258,0.4973335862159729,0,80,8.229260746389627,C1,2.646734556183219
0.0868987366557121,0.0284182745963335,0.8257304430007935,0.9923871159553528,df387e9aca501dd39c6304b6f174baf7bdbeb599b77557b4b5835f9fe9f66cb4,1.5,0.1303481012582779,0.0169354760056375,1.0,0.0284182745963335,0.0036922440979343,0.4027449190616607,0.5972551107406616,p22,True,3.026029586791992,0.2,0.0842350203732925,5.0,4.128652095794678,0.5364150902774687,0.4929172694683075,0.5070827603340149,0.4901770353317261,3.4354841709136963,3.409330129623413,0.4429571896189594,0.5098229646682739,0,320,7.696748601272702,C1,8.809811258688569
0.05894061550498,0.0195558238774538,0.7793834209442139,0.986946940422058,ddbf21c27b788869176b6fff30f3147e8d2f5d48b48db0d870109b1653db0609,1.5,0.0884109213948249,0.0119546521982969,1.0,0.0195558238774538,0.0026442782092733,0.348753809928894,0.651246190071106,p22,True,3.315438270568848,0.5,0.0373290319758111,5.0,3.896917104721069,0.5269291157422732,0.4383232295513153,0.5616768002510071,0.4083049297332763,3.4354841709136963,3.3906404972076416,0.4584719538501566,0.5916950702667236,0,800,7.39552434720099,C1,21.1390428096056
0.0515071377158165,0.0120736602693796,0.735749363899231,0.9826803803443908,e9b9b0051b038f8e86b5bf36438da83a2fffd595a9f05dbba6c8dcae67dbc5aa,1.5,0.0772607028484344,0.0108146710562613,1.0,0.0120736602693796,0.0016900268758173,0.3590466678142547,0.6409533619880676,p22,True,3.506253719329834,1.0,0.0225339935233725,5.0,3.678746700286865,0.5149375296385309,0.2137416154146194,0.7862583994865417,0.252432644367218,3.4354841709136963,3.375982999801636,0.4725577724293904,0.7475672960281372,0,1600,7.144064063206315,C1,41.83079060353339
0.0827673226594924,0.1122938841581344,1.0317693948745728,1.0023996829986572,5433a390e72bc7bf9cc8e07c3d33f178a13bc7e6ac6235caef81251a9d5caf94,1.5,0.1241509839892387,0.0140457861783794,1.0,0.1122938841581344,0.0127043365694272,0.4989719986915588,0.5010280013084412,p22,True,2.272970199584961,0.0,0.6415689501992341,5.0,5.158846855163574,0.5836446681801053,0.4997998476028442,0.5002002120018005,0.4997487664222717,3.4354841709136963,3.44372820854187,0.389605209072088,0.500251293182373,1,0,8.839019931852818,C1,0.0360441301017999
0.0819863304495811,0.1097269728779792,1.0284655094146729,1.002295732498169,3e378b359d0a5bee0de5224baf2d8e84ba360e48735e1737a81cca840d68ddf8,1.5,0.1229794919490814,0.013945775262763,1.0,0.1097269728779792,0.0124429502819313,0.4993865191936493,0.5006135106086731,p22,True,2.256525754928589,0.000625,0.6415689520594564,5.0,5.142327308654785,0.583135771968884,0.4998770952224731,0.5001229047775269,0.4997638761997223,3.4354841709136963,3.443371057510376,0.3904755024864216,0.5002362132072449,1,1,8.818404830992222,C1,0.1359807886183262
0.0801179632544517,0.1000781580805778,1.0167977809906006,1.0019943714141846,8ce4339606e1d0d82620eabaf2473b3d662f0f89f32bd6c766a611930d384987,1.5,0.1201769411563873,0.0137398777540304,1.0,0.1000781580805778,0.0114419758453187,0.5008795261383057,0.4991205036640167,p22,True,2.2084059715271,0.003125,0.5167232666785956,5.0,5.083989143371582,0.5812545123930464,0.5001891255378723,0.4998108744621277,0.4998329579830169,3.4354841709136963,3.442335844039917,0.3935636340076044,0.5001670718193054,1,5,8.746580086648464,C1,0.342232184484601
0.0795633792877197,0.0894565135240554,1.0049633979797363,1.001805305480957,44497fb4ef33efa4a2856d3d98400da1d4373b32be711807e0c3a600f0d2a32c,1.5,0.1193450689315795,0.0137568734130015,1.0,0.0894565135240554,0.0103116278161808,0.502528727054596,0.4974713027477264,p22,True,2.180922269821167,0.00625,0.425047616459398,5.0,5.024816989898682,0.57920927837551,0.5005770921707153,0.499422937631607,0.4999334216117859,3.4354841709136963,3.441686153411865,0.3967222203953076,0.5000665783882141,1,10,8.675304725766182,C1,0.5711610838770866
0.0807433798909187,0.072801373898983,0.9857163429260254,1.0016127824783323,048ca3430c9a5d902e13d4139305ac9ebe6eddb3aa10d9a3733f47d854aa33a3,1.5,0.1211150735616684,0.0141431364611059,1.0,0.072801373898983,0.0085013346013041,0.5046166777610779,0.4953833222389221,p22,True,2.164614677429199,0.0125,0.3428618309053969,5.0,4.928581714630127,0.5755320266905766,0.5012854337692261,0.4987145662307739,0.5001803040504456,3.4354841709136963,3.441024780273437,0.4018235022470133,0.4998196959495544,1,20,8.563522942364216,C1,0.9413379915058612
0.0845274478197097,0.0534418225288391,0.9571749567985536,1.001338243484497,3e55456744fbfeb59d517b75589f288a5a9d2f97dd77d6ae28f2a445f5c2692a,1.5,0.1267911791801452,0.0150830742109461,1.0,0.0534418225288391,0.0063574373263413,0.5053345561027527,0.4946654438972473,p22,True,2.1893928050994877,0.025,0.2635146156984663,5.0,4.785874843597412,0.5693275028834498,0.5020625591278076,0.4979374408721924,0.5008518099784851,3.4354841709136963,3.440081596374512,0.4092319855792627,0.499148279428482,1,40,8.406189441680908,C1,1.5814506709575653
0.0884509980678558,0.0401801131665706,0.9199060201644896,1.00026535987854,a2a940f7fce96f953fb2b0dde870a8d630449d64ef6ee204a21a932763c64fc4,1.5,0.1326764971017837,0.0161627493048102,1.0,0.0401801131665706,0.0048947711941172,0.5013628005981445,0.4986372292041778,p22,True,2.2861883640289307,0.05,0.2007441066816184,5.0,4.599530220031738,0.5603181836285634,0.501747727394104,0.498252272605896,0.5019029974937439,3.4354841709136963,3.4363958835601807,0.418624295872509,0.4980970025062561,1,80,8.208782713860273,C1,2.7612160835415125
0.085279107093811,0.0298708491027355,0.8252444863319397,0.9924745559692384,005b810d41fdf060482dab6bb4e2481647cbf11e815080faa158f0fa8850e99e,1.5,0.1279186606407165,0.0166265404229778,1.0,0.0298708491027355,0.0038825365868255,0.4432960748672485,0.5567039251327515,p22,True,2.933104515075684,0.2,0.0857527134742433,5.0,4.126222610473633,0.5363158641875905,0.4903688132762909,0.5096312165260315,0.4894636273384094,3.4354841709136963,3.409630537033081,0.4431750588026061,0.5105363726615906,1,320,7.693642657250166,C1,9.094187380746009
0.0558322072029113,0.0204684939235448,0.7776521444320679,0.9871437549591064,9d3555181923592a136af8ef6c05fa5461398a831648fb32c61c37bcfb8f4258,1.5,0.083748310804367,0.0113421782108103,1.0,0.0204684939235448,0.0027720834433311,0.4095127880573272,0.5904871821403503,p22,True,3.28706431388855,0.5,0.036692754245412,5.0,3.888260841369629,0.526593873588074,0.4228791296482086,0.5771209001541138,0.388249933719635,3.4354841709136963,3.3913166522979736,0.4592918647577846,0.611750066280365,1,800,7.383794298395514,C1,21.560294872149825
0.0500442013144493,0.012731397524476,0.7347438335418701,0.9831211566925048,eee7dee6d637e14b0c70aceb71dbdd8e8b0da4e6cc23df90a61b5f3fb48ae7c7,1.5,0.0750662982463836,0.0105149391244891,1.0,0.012731397524476,0.0017833551549344,0.4163902997970581,0.5836097598075867,p22,True,3.4652485847473145,1.0,0.0218226245125967,5.0,3.673719167709351,0.5145975532474572,0.2001534104347229,0.7998465895652771,0.2432526350021362,3.4354841709136963,3.3774971961975098,0.4731041524731192,0.7567473649978638,1,1600,7.13901405967772,C1,42.07384080812335
0.0835360139608383,0.1107549369335174,1.0298055410385132,1.0025205612182615,5f4d40bae0f229a31cb71b7278d630d355323a2154e08dd82150b4ca2338aaea,1.5,0.1253040134906768,0.0141919520855154,1.0,0.1107549369335174,0.0125441214084632,0.4961535334587097,0.5038464665412903,p22,True,2.243910074234009,0.0,0.5956738048382136,5.0,5.149027824401856,0.5831796934128844,0.4997882544994354,0.5002117156982422,0.4990783631801605,3.4354841709136963,3.444143533706665,0.3900842330931369,0.5009216666221619,2,0,8.829230308532715,C1,0.0355510264635086
0.0822785422205925,0.1081863269209861,1.0267932415008545,1.0024183988571167,6c6cc297d7f5381dab77a78ce40e94e11c96ae3ee4cf54588fe34c4d92628804,1.5,0.1234178096055984,0.0140098446741128,1.0,0.1081863269209861,0.0122808340292976,0.4965355396270752,0.5034645199775696,p22,True,2.2276971340179443,0.000625,0.5956738049790931,5.0,5.133966445922852,0.582785196879912,0.4998538792133331,0.5001461505889893,0.4990953505039215,3.4354841709136963,3.4437925815582275,0.3909241244166775,0.5009046792984009,2,1,8.809363164007664,C1,0.1309960633516311
0.078992411494255,0.0985850170254707,1.0157489776611328,1.0021114349365234,de7a488b6af067c17a938f245b16047e3e8c673828068df1404b979cc67b1f17,1.5,0.1184886172413826,0.0135592893601495,1.0,0.0985850170254707,0.0112816134034245,0.4981610476970672,0.5018389821052551,p22,True,2.1800825595855717,0.003125,0.5002227775409409,5.0,5.078744888305664,0.5811880763755406,0.5001178979873657,0.4998821318149566,0.4991610646247864,3.4354841709136963,3.4427380561828613,0.3939710208608852,0.5008389353752136,2,5,8.738556578755379,C1,0.3333193268626928
0.0778536349534988,0.088089533150196,1.0039503574371338,1.0019057989120483,c4649487d747093294a22d56848b433c6b17a4fa2df733c3bbf956abd5308a91,1.5,0.1167804524302482,0.0134746885936724,1.0,0.088089533150196,0.0101641927468113,0.5002376437187195,0.4997623562812805,p22,True,2.153460502624512,0.00625,0.4171617157335939,5.0,5.01975154876709,0.579203004695001,0.5004428029060364,0.499557226896286,0.4992473125457763,3.4354841709136963,3.4420316219329834,0.3971581139645152,0.5007526874542236,2,10,8.666653156280518,C1,0.5688207652419806
0.0795588120818138,0.0718031600117683,0.984927535057068,1.0017433166503906,be0e8c55bda51541cae6544490bc855c33aa69d633da6c3917b4fa3341f59f17,1.5,0.1193382143974304,0.0139458565222258,1.0,0.0718031600117683,0.0083909129395194,0.5032296776771545,0.4967703223228454,p22,True,2.148470640182495,0.0125,0.3320496400066744,5.0,4.924637794494629,0.5754928750419762,0.5010210871696472,0.4989789426326751,0.4994881451129913,3.4354841709136963,3.4414732456207275,0.4021703554962784,0.500511884689331,2,20,8.557252414524555,C1,0.9282127022743224
0.0828471407294273,0.0532127171754837,0.9574785232543944,1.0015249252319336,359afdeb1d6231f972ca74f78e8be81e11dc5be91e45a337e9deb4440f24faff,1.5,0.1242707073688507,0.0147842774343257,1.0,0.0532127171754837,0.0063306276307062,0.5050543546676636,0.4949455857276916,p22,True,2.181074380874634,0.025,0.257194094150215,5.0,4.787392616271973,0.5695480626494629,0.5016468167304993,0.4983532130718231,0.5002233386039734,3.4354841709136963,3.440722942352295,0.4093370322855051,0.499776691198349,2,40,8.405598983168602,C1,1.570387091487646
0.0874445363879203,0.040127232670784,0.9205565452575684,1.0005035400390625,badf063de1267097f2e1d21df88b1525dc6e643834421cafe6babfc6a34d4d39,1.5,0.1311668008565902,0.0159739561682636,1.0,0.040127232670784,0.004886836086958,0.5017361640930176,0.4982638359069824,p22,True,2.307105779647827,0.05,0.2050627400411804,5.0,4.602782726287842,0.5605431331831489,0.5011096596717834,0.4988903999328613,0.5019283890724182,3.4354841709136963,3.437214136123657,0.4185960745616294,0.4980716407299042,2,80,8.211290895938873,C1,2.6862916871905327
0.0808592066168785,0.0295066647231578,0.8269163966178894,0.992422878742218,229a6910a5f5d3a027d87201b45fab9e308c5b008aa941ba2904e8153c376db6,1.5,0.1212888062000274,0.0157623749560337,1.0,0.0295066647231578,0.0038346087132011,0.4250147342681885,0.5749852657318115,p22,True,3.0126712322235107,0.2,0.0860563685821312,5.0,4.134582042694092,0.5373194319016518,0.4907047152519226,0.5092952847480774,0.487605333328247,3.4354841709136963,3.409453153610229,0.4430835844291133,0.5123946666717529,2,320,7.694830667227507,C1,8.945626830682158
0.0535058639943599,0.0199305098503828,0.7791725397109985,0.9871090650558472,ea79c5505a894a8502de2519efde50936b7a3a247807d4d53e749efb26864a41,1.5,0.0802587941288948,0.0108645028742289,1.0,0.0199305098503828,0.0026979608141953,0.3666930794715881,0.6333069801330566,p22,True,3.3741374015808105,0.5,0.0370856174733531,5.0,3.895862579345703,0.5273766027798333,0.4102199673652649,0.5897800922393799,0.3791840374469757,3.4354841709136963,3.391197681427002,0.4590609335317422,0.6208159327507019,2,800,7.387249564751983,C1,21.394370771944523
0.0489817894995212,0.0130261424928903,0.7347376346588135,0.9830565452575684,11f80f4ffe2493e2b8a4a109976220204c6f267d83d1f2027dcafa7260449cc5,1.5,0.073472686111927,0.0102939509506612,1.0,0.0130261424928903,0.0018250383781241,0.3927319943904876,0.6072680354118347,p22,True,3.579456329345703,1.0,0.0225445608327067,5.0,3.6736881732940674,0.514705094711033,0.1791480928659439,0.8208519220352173,0.2345359921455383,3.4354841709136963,3.377275228500366,0.4731759159601816,0.7654640674591064,2,1600,7.137462230399251,C1,42.04253437928856
0.0865774974226951,0.1120953410863876,1.0349129438400269,1.0023605823516846,bb57e92b5764579114a1c6ddd18da72ae18bcf09aad986f0b44fcd2101f65279,1.5,0.1298662424087524,0.0146573902536613,1.0,0.1120953410863876,0.0126516724396249,0.4964376091957092,0.5035623908042908,p22,True,2.26154899597168,0.0,0.6349796581995575,5.0,5.174564838409424,0.584028726962914,0.4984284341335296,0.5015715956687927,0.4995956122875213,3.4354841709136963,3.443593978881836,0.3886622103437998,0.500404417514801,3,0,8.8601204007864,C1,0.0364725701510906
0.0850175768136978,0.1096066609025001,1.031734585762024,1.0022742748260498,bfc25ca6ded07c2aeba762f67052a3917c235f3a74110657ec8e0cbd4baad06e,1.5,0.1275263726711273,0.0144275238519409,1.0,0.1096066609025001,0.0124002014750353,0.4967033267021179,0.5032966732978821,p22,True,2.246760845184326,0.000625,0.6349796584882195,5.0,5.15867280960083,0.583619477649629,0.4985213577747345,0.5014786720275879,0.4996007084846496,3.4354841709136963,3.4432973861694336,0.3895527970233947,0.5003992915153503,3,1,8.839103229343891,C1,0.1358681917190551
0.0809419527649879,0.1002454832196235,1.0202940702438354,1.0020045042037964,4acc65d0667b7406130d68d3d07f9454d6009c9b758df24be3330181cecc19c9,1.5,0.1214129328727722,0.0138512280245122,1.0,0.1002454832196235,0.0114363685453298,0.4979527294635772,0.5020473003387451,p22,True,2.201179027557373,0.003125,0.5190695080128986,5.0,5.101470470428467,0.5819942659672523,0.4988943040370941,0.5011057257652283,0.49966761469841,3.4354841709136963,3.442370653152466,0.3927181374629055,0.5003324151039124,3,5,8.765499539673328,C1,0.3444837797433138
0.0792933106422424,0.0899013727903366,1.0083000659942627,1.0017894506454468,b83489d1981f10144078f665dee1a0bd8a8214a1b565f9462981fc24c53c35b3,1.5,0.1189399659633636,0.0136838854532004,1.0,0.0899013727903366,0.0103430337934295,0.4997252821922302,0.5002747178077698,p22,True,2.169480085372925,0.00625,0.427329396894108,5.0,5.041500091552734,0.5800179040437661,0.4993501007556915,0.5006499290466309,0.499824047088623,3.4354841709136963,3.44163179397583,0.3959551767096039,0.500175952911377,3,10,8.691973224282265,C1,0.5697006825357676
0.0801533237099647,0.0735659301280975,0.9892724752426147,1.0015531778335571,b68378d18afffc97a73fe079a2bfa7cda2f57f63dd8f0608c7aebc95150236a7,1.5,0.1202299892902374,0.0140112215386236,1.0,0.0735659301280975,0.0085731401192379,0.5023214817047119,0.4976785480976105,p22,True,2.149121761322021,0.0125,0.3328675119965615,5.0,4.946362495422363,0.5764333935554081,0.500159740447998,0.4998402893543243,0.5002513527870178,3.4354841709136963,3.4408199787139893,0.4009822447867303,0.4997486472129822,3,20,8.580978393554688,C1,0.944373294711113
0.0835466161370277,0.0544471703469753,0.9617087244987488,1.0012327432632446,05d36101297cddb7062518bc6c53259805de2fbf302d0c00a63dd60a71e0cb16,1.5,0.1253199279308319,0.0148694212313707,1.0,0.0544471703469753,0.0064602487737801,0.5025061964988708,0.4974938333034515,p22,True,2.1703672409057617,0.025,0.2554702454460866,5.0,4.808543682098389,0.5705418340013003,0.5010848045349121,0.4989152252674103,0.5013128519058228,3.4354841709136963,3.4397192001342773,0.4081284959935487,0.4986871778964996,3,40,8.428029980510473,C1,1.5687988325953484
0.0890946686267852,0.0409611500799655,0.922989547252655,1.0001851320266724,65657cb9a9852468dac98a28c0da047a32f39a1b13306bc2f4f485ebda007411,1.5,0.1336420029401779,0.0162469419645615,1.0,0.0409611500799655,0.0049796726591174,0.4930959045886993,0.506904125213623,p22,True,2.30334734916687,0.05,0.2010301587187051,5.0,4.61494779586792,0.5610420927506601,0.5006517171859741,0.4993482828140259,0.5039184093475342,3.4354841709136963,3.4361202716827397,0.4177312926256609,0.4960815906524658,3,80,8.225671220570803,C1,2.6969573199748997
0.088621437549591,0.0280939135700464,0.82389235496521,0.9923220872879028,a70a4abfa2f7898c1e1aba430fde56b77d71ac8507efa378bddd94c76e403c57,1.5,0.1329321563243866,0.0172872770972002,1.0,0.0280939135700464,0.0036534972579925,0.3757098019123077,0.6242902278900146,p22,True,3.0448527336120605,0.2,0.0800709318640595,5.0,4.119462013244629,0.535718995940833,0.4895831048488617,0.5104169249534607,0.4877508580684662,3.4354841709136963,3.409106731414795,0.4433402297039741,0.5122491121292114,3,320,7.689594814553857,C1,9.055411651730536
0.060064423829317,0.0192604474723339,0.7772819995880127,0.986825466156006,6c8ca6f93e5b927083289527712ea7f518e74f2a29d85a1f9ef609b322485d1a,1.5,0.0900966376066207,0.0121983151026612,1.0,0.0192604474723339,0.0026077000599245,0.32396000623703,0.6760399341583252,p22,True,3.3277413845062256,0.5,0.0365726033338279,5.0,3.886409997940064,0.5261867149803858,0.4372492730617523,0.5627507567405701,0.4006064534187317,3.4354841709136963,3.390223264694214,0.4590072698570283,0.5993935465812683,3,800,7.385990347713232,C1,21.43744301609695
0.0525690764188766,0.0118630342185497,0.7338282465934753,0.9824608564376832,1e49507bb679dd46ab6a601bcf9ff359164255d136a6cdd2c81eeb9f8129d9be,1.5,0.0788536146283149,0.0110515287643316,1.0,0.0118630342185497,0.0016626335332442,0.3398512303829193,0.6601487994194031,p22,True,3.5186164379119877,1.0,0.022248761412788,5.0,3.6691412925720215,0.5142392105471879,0.2188834846019745,0.7811165452003479,0.2445831894874572,3.4354841709136963,3.3752286434173584,0.4730466271552361,0.755416750907898,3,1600,7.135086584836245,C1,41.90870797261596
0.08327516913414,0.1139955669641494,1.030371069908142,1.0024082660675049,444eaef47d8295ef702a7983d43591a1a249f8b41c4ddc814f0d17e9e134c818,1.5,0.12491275370121,0.0141391645067077,1.0,0.1139955669641494,0.0129034228017816,0.5015689134597778,0.4984310865402221,p22,True,2.2581753730773926,0.0,0.5620557087311279,5.0,5.15185546875,0.583150477666018,0.5010132789611816,0.4989866912364959,0.4999793469905853,3.4354841709136963,3.4437577724456787,0.3898069350254926,0.5000206828117371,4,0,8.834521561861038,C1,0.0373948439955711
0.0821441262960434,0.1112109646201133,1.0274858474731443,1.0023391246795654,fa58058a9c31dc7f769758d61fac01b30d8891f4fcee42ddc791b235724afc9b,1.5,0.1232161894440651,0.0139774162411517,1.0,0.1112109646201133,0.0126155657798602,0.5015484690666199,0.4984515309333801,p22,True,2.2448623180389404,0.000625,0.5620557092091375,5.0,5.137429237365723,0.5827804542902317,0.5010924935340881,0.4989075362682342,0.4999730288982391,3.4354841709136963,3.4435203075408936,0.3906265636887563,0.5000270009040833,4,1,8.815376698970795,C1,0.1350897680968046
0.0795048996806144,0.1008321493864059,1.0170090198516846,1.002105951309204,0c571d0f2e996802483c1d23dfd0f0c821589adfefcdb199e1f71f8335ced90c,1.5,0.1192573457956314,0.0136327551374793,1.0,0.1008321493864059,0.0115265017295141,0.5017063021659851,0.4982937276363373,p22,True,2.2013421058654785,0.003125,0.4731431170827168,5.0,5.085044860839844,0.581290577854423,0.5014184713363647,0.4985815584659576,0.499983549118042,3.4354841709136963,3.4427192211151123,0.3935501652785835,0.500016450881958,4,5,8.747853577136993,C1,0.3441537898033857
0.0789759457111358,0.089614138007164,1.00578773021698,1.0019004344940186,d6652f23610fd0ecc91a4b76a04f8e277d2a609f96a20aa476618ec359685480,1.5,0.1184639185667038,0.0136494424589785,1.0,0.089614138007164,0.01032536349497,0.5023831129074097,0.4976168572902679,p22,True,2.167410135269165,0.00625,0.401849688323876,5.0,5.0289387702941895,0.5794355885349696,0.5018337368965149,0.4981662929058075,0.5000701546669006,3.4354841709136963,3.442013025283813,0.3965896055110818,0.4999298751354217,4,10,8.67902985215187,C1,0.5723181329667568
0.0805213078856468,0.0726788714528083,0.9874407052993774,1.0016841888427734,3ad5e40e8a6ee9f4a6891d13815f41423f5d1b02af36c7ca26ab56c813560748,1.5,0.1207819581031799,0.014090397006541,1.0,0.0726788714528083,0.0084787013626869,0.5043436884880066,0.4956563413143158,p22,True,2.14845871925354,0.0125,0.3240873362561364,5.0,4.937203407287598,0.5759730774632775,0.5025981664657593,0.4974018633365631,0.5004263520240784,3.4354841709136963,3.441270112991333,0.4014578241674945,0.4995736479759216,4,20,8.571934349834919,C1,0.9436619766056538
0.0841559395194053,0.0542456656694412,0.95978444814682,1.001430630683899,c6e11b5418c8b3f35aa70d9d3931dd74a778e57eca0be0331b2b0be4683ec855,1.5,0.1262339055538177,0.0149925049898877,1.0,0.0542456656694412,0.0064426305251417,0.5054998993873596,0.4945001006126404,p22,True,2.18806266784668,0.025,0.2538119211196607,5.0,4.798922061920166,0.5699567215619967,0.5033512711524963,0.4966487288475036,0.5015361309051514,3.4354841709136963,3.440399169921875,0.4086081429229737,0.498463898897171,4,40,8.4198008030653,C1,1.5733076725155115
0.0902968049049377,0.0415329933166503,0.9206722378730774,1.0004150867462158,2cd52723fd2f26e8a23785329a4c261211a5d41e0fed968d5e54026eb7b07d15,1.5,0.1354452073574066,0.0164830345774166,1.0,0.0415329933166503,0.0050543668417554,0.4946041107177734,0.5053959488868713,p22,True,2.332949161529541,0.05,0.1968259907033532,5.0,4.603361129760742,0.5602070546059277,0.502193808555603,0.497806191444397,0.5042919516563416,3.4354841709136963,3.4369101524353027,0.4182555439749003,0.495708018541336,4,80,8.217249482870102,C1,2.704515065997839
0.0867521688342094,0.0300746727734804,0.8245569467544556,0.9925004243850708,d2c8c0889461ac262396de9465cddd48aeda1b734a341db18236604d38a8ad35,1.5,0.1301282495260238,0.0169157943306469,1.0,0.0300746727734804,0.003909504516127,0.4056208431720733,0.594379186630249,p22,True,3.0335214138031006,0.2,0.0834301787890757,5.0,4.122784614562988,0.5359341792694747,0.4874846935272217,0.5125153064727783,0.4878907799720764,3.4354841709136963,3.409719467163086,0.4432405218837512,0.5121092200279236,4,320,7.692707004025578,C1,9.020525010302665
0.0556599125266075,0.0198451336473226,0.7777342796325684,0.9871423244476318,98a090f4d73f8c980069a9ab94ef76e7f2ee05a68797098bc4a809f4a99c03fc,1.5,0.0834898650646209,0.0113079054551555,1.0,0.0198451336473226,0.0026878339646993,0.3824743926525116,0.6175256371498108,p22,True,3.339942693710327,0.5,0.0366186156851594,5.0,3.888671398162842,0.5266834301691347,0.4105918705463409,0.5894081592559814,0.3835523724555969,3.4354841709136963,3.391311883926392,0.4593208304110105,0.6164476871490479,4,800,7.383318280801177,C1,21.337171733379364
0.0495854914188385,0.0128340311348438,0.735051691532135,0.9832363724708556,eef36aee31eee7c4a48d02b4ba7fc8b68423cb13a96e828947ebe646a172be23,1.5,0.0743782371282577,0.0104165895332158,1.0,0.0128340311348438,0.0017973918117694,0.4053587019443512,0.5946413278579712,p22,True,3.5010921955108643,1.0,0.0218048705253531,5.0,3.6752583980560303,0.5147158582830853,0.1924853771924972,0.8075146079063416,0.2408370077610016,3.4354841709136963,3.3778929710388184,0.4730701603719293,0.759162962436676,4,1600,7.14036363735795,C1,42.01894754357636
0.0894001945853233,0.1078769788146019,1.0422428846359253,1.0025254487991333,1280b01fd58ef7b77188a9b0072ace34226f2aa6498496f8fbdd386482c71d60,0.1174887507339174,0.0105035174638032,0.0028259585168846,0.2130662940941007,0.0229849480092525,0.0061840721273365,0.5038244724273682,0.4961755275726318,p22,True,2.2759311199188232,0.0,0.0384300084076424,0.1157624548195363,0.1206525936722755,0.032461432643625,0.5003937482833862,0.4996062815189361,0.5000017881393433,3.553682500352445,3.562657117843628,0.9585285367121538,0.4999982714653015,0,0,3.7167981769889593,IGE,0.0355749484151601
0.0873368754982948,0.1049882918596267,1.0398898124694824,1.002369403839111,445981529369ba52301c3f41ef00963c26abf00c43c0058539a0b9b3dda7eecd,0.1174887507339174,0.0102611007168889,0.0027619886182982,0.2130662940941007,0.0223694667220115,0.0060212070993423,0.5040950775146484,0.4959049522876739,p22,True,2.2525389194488525,0.000625,0.0384300084235082,0.1157624548195363,0.120380200445652,0.0324028340304766,0.5004340410232544,0.499565988779068,0.5000020861625671,3.553682500352445,3.5621025562286377,0.9588139702518828,0.4999979436397552,0,1,3.71511332411319,IGE,0.1483371965587139
0.0808309465646743,0.0942307263612747,1.031615972518921,1.0018548965454102,1d5a23a00990df6dcc8139a3a2c5a3b5de4ce27027ad155bfc13726eb563913c,0.1174887507339174,0.0094967270269989,0.0025602678620148,0.2130662940941007,0.0200773924589157,0.0054127598402566,0.5054483413696289,0.4945516586303711,p22,True,2.1764419078826904,0.003125,0.0303187110508633,0.1157624548195363,0.119422398507595,0.0321956530954792,0.5005884766578674,0.4994115233421325,0.5000293850898743,3.553682500352445,3.560274362564087,0.9598313192022492,0.4999706447124481,0,5,3.7092708805575967,IGE,0.358897341415286
0.0756869092583656,0.0825970843434333,1.0233153104782104,1.0014032125473022,132b3c1848bd04469de0da98c0c38e66f523cd865cb7a53ecd2ea533d96e6f55,0.1174887507339174,0.0088923601433634,0.002400990462168,0.2130662940941007,0.0175986550748348,0.0047517422034687,0.5072650909423828,0.4927349388599396,p22,True,2.115731954574585,0.00625,0.0233260035966096,0.1157624548195363,0.1184614971280098,0.0319853132523845,0.5007598400115967,0.4992401897907257,0.5000993609428406,3.553682500352445,3.558669090270996,0.9608619540819786,0.4999006688594818,0,10,3.703621602617204,IGE,0.5923366080969572
0.0703689232468605,0.0650794953107833,1.0105695724487305,1.000795602798462,6e406754061a4a8b17a6a717154d8d771935c9e8fe94a30842be7be3017a2c5e,0.1174887507339174,0.0082675572484731,0.0022371172761883,0.2130662940941007,0.0138662466779351,0.0037520659448504,0.5092861652374268,0.4907138645648956,p22,True,2.05473256111145,0.0125,0.0164523208335701,0.1157624548195363,0.1169860139489173,0.0316552308030116,0.5010164976119995,0.4989835321903229,0.5003126263618469,3.553682500352445,3.5565099716186523,0.9623555859759496,0.4996873140335083,0,20,3.695629789493978,IGE,0.9588663317263126
0.0660302862524986,0.0468371547758579,0.991588294506073,0.9997633695602416,ce1fbe427622b7e1a4fd6fb2382c758a0e1a1b5135d1277009cbdcec1f0b1b16,0.1174887507339174,0.0077578155323863,0.0021050316782566,0.2130662940941007,0.0099794194102287,0.0027078491234347,0.5101109743118286,0.4898890256881714,p22,True,2.019988775253296,0.025,0.011896537834213,0.1157624548195363,0.1147886961698532,0.0311471497014304,0.5011627078056335,0.4988372921943664,0.500903308391571,3.553682500352445,3.552841663360596,0.964039969496878,0.4990967214107513,0,40,3.685367594473064,IGE,1.5610805172473192
0.0673802345991134,0.0357874147593975,0.962615430355072,0.9968786239624025,84b58c38494baa64d433fd3eaf47409360f70146de58f218f2dd2ec8389f437f,0.1174887507339174,0.0079164197668433,0.0021573174989509,0.2130662940941007,0.0076250918209552,0.0020779272071134,0.5043944716453552,0.4956055283546448,p22,True,2.175056219100952,0.05,0.010719721239466,0.1157624548195363,0.1114347279071807,0.0303672740437384,0.5004847049713135,0.4995152950286865,0.5015455484390259,3.553682500352445,3.5425901412963867,0.9653974812501972,0.4984544515609741,0,80,3.669566380791366,IGE,2.680772323161364
0.0707793831825256,0.0230958443135023,0.8728553056716919,0.9868568778038024,1a9b2426883bb0ea019a193925c0120402e09e9446a33c191c9a1b9bd2c97936,0.1174887507339174,0.0083157811313867,0.0022963798917619,0.2130662940941007,0.0049209459684789,0.0013589055786726,0.3605725467205047,0.6394274830818176,p22,True,3.0743696689605717,0.2,0.0052409116138762,0.1157624548195363,0.1010438725352287,0.0279029851086238,0.4902294874191284,0.5097705125808716,0.4792910516262054,3.553682500352445,3.506976127624512,0.9684417294209416,0.5207089781761169,0,320,3.621256727259606,IGE,8.863121841102839
0.1112921610474586,0.0150502733886241,0.8268380165100098,0.9707483649253844,c4cec8d7c1d4b4d9bf0cbe3947f91d1281263a3d827bf58d2ac091bc3df2a82c,0.1174887507339174,0.0130755770951509,0.0036711302210356,0.2130662940941007,0.0032067059073597,0.0009003224011311,0.1898652017116546,0.8101348280906677,p22,True,4.294559955596924,0.5,0.0030615221055746,0.1157624548195363,0.0957167968153953,0.0268736762356777,0.4417456090450287,0.5582544803619385,0.268341451883316,3.553682500352445,3.4497315883636475,0.9685548711421552,0.7316585779190063,0,800,3.561730668181553,IGE,21.190886480733752
0.1114580184221267,0.008715508505702,0.808452844619751,0.960355579853058,f2252a70bbf9161419c9450449d1bc612f188e714211a4314d33363fcd2c08c8,0.1174887507339174,0.0130950631573796,0.0037187733487025,0.2130662940941007,0.0018569810781627,0.0005273507778864,0.1478989869356155,0.8521010279655457,p22,True,4.38317346572876,1.0,0.0015108645578574,0.1157624548195363,0.0935884863138198,0.0265775250158391,0.2964570522308349,0.7035430073738098,0.0986562147736549,3.553682500352445,3.4127988815307617,0.9691763508575716,0.901343822479248,0,1600,3.521339412080124,IGE,42.10000730864704
0.0827673226594924,0.1122938841581344,1.0317693948745728,1.0023996829986572,5433a390e72bc7bf9cc8e07c3d33f178a13bc7e6ac6235caef81251a9d5caf94,0.1741418962287255,0.0144132589921355,0.0039323758329119,0.2108976993410294,0.0236825216561555,0.0064613128698994,0.4989719986915588,0.5010280013084412,p22,True,2.272970199584961,0.0,0.0404483560873924,0.1208497391619188,0.1246890574693679,0.0340189707607869,0.4997998476028442,0.5002002120018005,0.4997487664222717,3.4941106652683263,3.502495288848877,0.9555873405364016,0.500251293182373,1,0,3.665280126966536,IGE,0.0351474229246377
0.0813515186309814,0.1091668829321861,1.0294982194900513,1.002249240875244,3d11f5dc0018368075cc95f218e1bf24a13ccf9ce061eafdb0cb5092994dce40,0.1741418962287255,0.0141667081043124,0.0038669093175309,0.2108976993410294,0.0230230446904897,0.0062843128676086,0.4993778765201568,0.5006221532821655,p22,True,2.2532849311828613,0.000625,0.0404483560850228,0.1208497391619188,0.1244145855307579,0.0339598950217087,0.4998708367347717,0.500129222869873,0.4997659027576446,3.4941106652683263,3.501969575881958,0.9558888827931517,0.5002341270446777,1,1,3.663573914207518,IGE,0.1353576146066188
0.076734535396099,0.0974923744797706,1.0220041275024414,1.0017725229263306,a0ea4c8051a66d4675c4d6e1a4606ba618b38ab63a6856556b79f586389a4866,0.1741418962287255,0.0133626973256468,0.0036532695062982,0.2108976993410294,0.0205609183758497,0.0056212136137973,0.5009068846702576,0.4990931153297424,p22,True,2.1896650791168213,0.003125,0.0308022353920842,0.1208497391619188,0.1235089302062988,0.0337664917106359,0.5001568794250488,0.4998431503772735,0.4998559951782226,3.4941106652683263,3.5003039836883545,0.9569590251692685,0.5001440048217773,1,5,3.65773652959615,IGE,0.3445803094655275
0.0725283250212669,0.0848774760961532,1.0152167081832886,1.0013736486434937,5bc93f7ad5165f1b5cde65d7b9c684452bad820ae3950c7ecfddc60fc3321724,0.1741418962287255,0.0126302205026149,0.0034583166718911,0.2108976993410294,0.0179004650563001,0.0049013773533082,0.5025981664657593,0.4974018633365631,p22,True,2.137064218521118,0.00625,0.0237054760548989,0.1208497391619188,0.1226886734366417,0.0335937353358395,0.5005067586898804,0.4994932413101196,0.5000017881393433,3.4941106652683263,3.4989101886749268,0.958046570638961,0.4999982118606567,1,10,3.652129547670484,IGE,0.5719886608421803
0.0670568868517875,0.0661515295505523,1.004732966423035,1.0007929801940918,7939e8ef2b417a5130aa958d6d10b2fab508eda6352d2b2e22c5a9dcb2323769,0.1741418962287255,0.0116774132475256,0.0032046192369203,0.2108976993410294,0.0139512056484818,0.0038286134995547,0.5042280554771423,0.4957720041275024,p22,True,2.067030906677246,0.0125,0.0171448931094502,0.1208497391619188,0.1214217171072959,0.0333216237341253,0.5011155009269714,0.4988845586776733,0.5003533959388733,3.4941106652683263,3.4968812465667725,0.9596451435293996,0.4996466040611267,1,20,3.643931582570076,IGE,0.9402150791138412
0.061277613043785,0.0472273528575897,0.9879448413848876,0.9998005628585817,fe26c88f4d262a9367b2c8a9babcd454b35fd9e8f99e914a216ae369b9c7fe47,0.1741418962287255,0.0106709999963641,0.0029368881156711,0.2108976993410294,0.0099601401016116,0.0027412442231102,0.5048878192901611,0.4951122105121612,p22,True,2.004503011703491,0.025,0.0120894195596541,0.1208497391619188,0.1193928718566894,0.0328594795774748,0.5016321539878845,0.4983678460121155,0.5009562969207764,3.4941106652683263,3.49341368675232,0.9614623880837436,0.499043732881546,1,40,3.633437698706985,IGE,1.5585602521896362
0.0582307055592536,0.0360204130411148,0.9609565138816832,0.997197449207306,6ef7fa81102967c5582a3afedbd3c803f9a6c4c53993121e8aa2d5213270f69d,0.1741418962287255,0.0101404059678316,0.0028026210396994,0.2108976993410294,0.0075966222211718,0.0020995661648304,0.5036511421203613,0.496348887681961,p22,True,2.099776029586792,0.05,0.0105997577292036,0.1208497391619188,0.116131342947483,0.0320965596590173,0.5008955597877502,0.4991044700145721,0.5013008713722229,3.4941106652683263,3.484318256378174,0.9630012531364528,0.4986991286277771,1,80,3.618186627514661,IGE,2.6911089662462477
0.0508734285831451,0.024005526676774,0.8764291405677795,0.987796425819397,bc1183b6c1cb0307368906af70a2b67d962debafe28addd58403e88a3bdd86fa,0.1741418962287255,0.0088591957464814,0.0024806585308092,0.2108976993410294,0.005062710493803,0.0014176067822474,0.4399663209915161,0.5600336790084839,p22,True,2.817379951477051,0.2,0.0053494787984824,0.1208497391619188,0.1059162318706512,0.0296575458608022,0.4907116293907165,0.5092883706092834,0.4837129414081573,3.4941106652683263,3.451469898223877,0.9664441888261412,0.516287088394165,1,320,3.5713080363348126,IGE,8.893059842288494
0.0802558287978172,0.0170212648808956,0.8266788125038147,0.9725601077079772,73184fd1d84b7571d53f670882a21fe0acd370d56f8e65626b8da0682d3552d1,0.1741418962287255,0.0139759024605154,0.0039752807130967,0.2108976993410294,0.0035897456109523,0.0010210608246915,0.1933007836341858,0.806699275970459,p22,True,3.9796392917633057,0.5,0.0031047759210472,0.1208497391619188,0.0999039188027381,0.0284164920799439,0.4472236931324005,0.5527763366699219,0.2603598535060882,3.4941106652683263,3.3982324600219727,0.9665871663822676,0.7396401762962341,1,800,3.5157020268961787,IGE,21.456413995474577
0.0845115482807159,0.0098093533888459,0.8075644373893738,0.9612890481948853,49bcad8f907503b30cf7201bf9a18719fb9f38ad9b5c3478c852bd1888b39e77,0.1741418962287255,0.0147170014679431,0.0042372666466523,0.2108976993410294,0.0020687701180577,0.00059563292427,0.13540019094944,0.8645997643470764,p22,True,4.075652599334717,1.0,0.0015331165788785,0.1208497391619188,0.0975939482450485,0.0280989019886027,0.2992686629295349,0.7007313370704651,0.0945447906851768,3.4941106652683263,3.358850240707397,0.9670681984404748,0.9054551720619202,1,1600,3.473229960538447,IGE,42.16974581591785
0.0835360139608383,0.1107549369335174,1.0298055410385132,1.0025205612182615,5f4d40bae0f229a31cb71b7278d630d355323a2154e08dd82150b4ca2338aaea,0.1520293118920331,0.0126999225467443,0.0034479379567974,0.2137881069779989,0.0236780885607004,0.0064284313539989,0.4961535334587097,0.5038464665412903,p22,True,2.243910074234009,0.0,0.0398210127859381,0.1325868923320811,0.1365387141704559,0.0370692823856088,0.4997882544994354,0.5002117156982422,0.4990783631801605,3.5015956887978863,3.5104217529296875,0.9530543483035948,0.5009216666221619,2,0,3.683338478207588,IGE,0.0324741192162036
0.0818938389420509,0.1076457574963569,1.0276753902435305,1.0023680925369265,e983fe601a4ddde873bb6efaea3707a8e69a92820aecf6c17d0f861df1d93fca,0.1520293118920331,0.0124502638354897,0.0033817463087776,0.2137881069779989,0.0230133831501007,0.0062509055670366,0.4965936541557312,0.5034063458442688,p22,True,2.224313735961914,0.000625,0.0398210127742053,0.1325868923320811,0.1362562924623489,0.0370099959463345,0.4998485147953033,0.500151515007019,0.4991099834442138,3.5015956887978863,3.509887933731079,0.9533573521778512,0.5008900165557861,2,1,3.6816078731790185,IGE,0.1305081397294998
0.0767820701003074,0.0960763990879058,1.020342469215393,1.0018939971923828,ce17e44e9bfa6c97d2b9326924a24f2933f800dde188307f0e7c8ba06fa2cf9b,0.1520293118920331,0.0116731245070695,0.0031757339240881,0.2137881069779989,0.0205399915575981,0.0055880109862997,0.4984234571456909,0.5015765428543091,p22,True,2.1651337146759038,0.003125,0.0301324471120196,0.1325868923320811,0.1352840363979339,0.0368047221218538,0.5000854134559631,0.4999145269393921,0.4992347657680511,3.5015956887978863,3.508227825164795,0.9544315329677582,0.5007652640342712,2,5,3.6757249776273966,IGE,0.3282587882131338
0.0728308036923408,0.083662211894989,1.0130637884140017,1.0015008449554443,7dce1246f10b5d36916ecbab657050445485be7e7155810666e283eb08315519,0.1520293118920331,0.0110724167898297,0.0030169016034057,0.2137881069779989,0.0178859867155551,0.00487339512456,0.5005506277084351,0.4994493424892425,p22,True,2.120853900909424,0.00625,0.0231802609696992,0.1325868923320811,0.1343189775943756,0.0365978942595899,0.5003636479377747,0.4996363520622253,0.4993930160999298,3.5015956887978863,3.5068511962890625,0.955511809012444,0.5006070137023926,2,10,3.670128577388823,IGE,0.5565903913229704
0.0683538615703582,0.0654395744204521,1.0018106698989868,1.0009288787841797,a345336fe2f6d345be825d37ed6b1bd399a3bee89213d884cc86db35a07fba22,0.1520293118920331,0.0103917904198169,0.0028376919967219,0.2137881069779989,0.0139902029186487,0.0038203125015934,0.5030121207237244,0.496987909078598,p22,True,2.06290864944458,0.0125,0.0168958596016446,0.1325868923320811,0.1328269690275192,0.0362711343985002,0.5008190274238586,0.4991809725761413,0.4997574090957641,3.5015956887978863,3.5048482418060303,0.9570708611031844,0.5002425909042358,2,20,3.662057204172015,IGE,0.9146719556301832
0.0632816925644874,0.0472313873469829,0.9853502511978148,0.9999245405197144,8ac4996b470c158d1d1deea54eb9ac256772a480992542e8cbb7513cd497afb9,0.1520293118920331,0.0096206720918416,0.0026345776388608,0.2137881069779989,0.0100975092500448,0.0027651573428968,0.5055223107337952,0.4944776892662048,p22,True,2.008868455886841,0.025,0.0121308541310315,0.1325868923320811,0.1306445300579071,0.0357764150201022,0.5011888742446899,0.49881112575531,0.5005329251289368,3.5015956887978863,3.5013315677642822,0.95882384999814,0.4994670748710632,2,40,3.651694279164076,IGE,1.5371162220835686
0.0613277219235897,0.0361091829836368,0.9589439034461976,0.997288167476654,e702b8d7eb9b0123de989f4ed5aee70c61882db307bd3c83debe1dc06470d311,0.1520293118920331,0.0093236109241843,0.0025640472367894,0.2137881069779989,0.0077197137288749,0.002122966178692,0.507882833480835,0.4921171963214874,p22,True,2.1245646476745605,0.05,0.0109463041215691,0.1325868923320811,0.1271433979272842,0.0349651739848842,0.5004328489303589,0.4995671510696411,0.5011706352233887,3.5015956887978863,3.4921000003814697,0.9603478125996344,0.4988293647766113,2,80,3.636286722961813,IGE,2.702887143939733
0.0577192418277263,0.0238016098737716,0.871048092842102,0.9876253604888916,d9c99c461bae8538e4601b7391ce897a45a2b7554965b3ffaef0dec823d27295,0.1520293118920331,0.0087750162929296,0.0024459171832281,0.2137881069779989,0.0050885011442005,0.0014183509146877,0.4356444776058197,0.5643555521965027,p22,True,2.920114040374756,0.2,0.0055331697944138,0.1325868923320811,0.1154895648360252,0.0321911551712538,0.4900718033313751,0.5099282264709473,0.4788577258586883,3.5015956887978863,3.4582648277282715,0.9639445767308304,0.521142303943634,2,320,3.587617910001427,IGE,8.943220863118768
0.0899698361754417,0.0161700844764709,0.8229005336761475,0.9722909927368164,d9cb02d4c8c54a359b1c86cc8d15ac4174bfe81fbe53a82334b2dd0786787277,0.1520293118920331,0.0136780515313148,0.0038739121746379,0.2137881069779989,0.0034569718409329,0.0009790872092644,0.2016322016716003,0.7983677983283997,p22,True,4.089524269104004,0.5,0.0031102899374057,0.1325868923320811,0.1091058254241943,0.0309010669002855,0.4351340532302856,0.5648660063743591,0.2643359303474426,3.5015956887978863,3.4045701026916504,0.964245933715812,0.7356641292572021,2,800,3.5308109514880925,IGE,21.26495641283691
0.0937899574637413,0.0094844372943043,0.802503228187561,0.9613246917724608,6e014b422d7831f1d4df6b35f5e427e4507efe19d2119b1b068dd8e5d7f9d699,0.1520293118920331,0.0142588224261999,0.0040869594550653,0.2137881069779989,0.0020276599097996,0.0005811815023929,0.1469062864780426,0.8530937433242798,p22,True,4.166125297546387,1.0,0.0015593675659714,0.1325868923320811,0.1064014136791229,0.0304974878478871,0.2994941771030426,0.7005058526992798,0.1099574863910675,3.5015956887978863,3.3661704063415527,0.9648343711946544,0.8900425434112549,2,1600,3.4888583023566757,IGE,41.77652619592845
0.0865774974226951,0.1120953410863876,1.0349129438400269,1.0023605823516846,bb57e92b5764579114a1c6ddd18da72ae18bcf09aad986f0b44fcd2101f65279,0.1253936705555492,0.0108562707901,0.0029102953639891,0.1886454418257006,0.0211462751030921,0.0056687888122952,0.4964376091957092,0.5035623908042908,p22,True,2.26154899597168,0.0,0.0359858096332863,0.1116429643528478,0.1155407503247261,0.0309735927302503,0.4984284341335296,0.5015715956687927,0.4995956122875213,3.5743179232659017,3.5827553272247314,0.9604473230934653,0.500404417514801,3,0,3.73029862344265,IGE,0.0325336400419473
0.0847324207425117,0.1091279685497284,1.032564401626587,1.0022231340408323,74d15b338fc2623db27ec77873250282ac92bfab1232586ee845b0c333094ce2,0.1253936705555492,0.0106249097734689,0.0028494530301318,0.1886454418257006,0.0205864924937486,0.0055210109701427,0.496743768453598,0.5032562613487244,p22,True,2.24362850189209,0.000625,0.0359858095486506,0.1116429643528478,0.1152785494923591,0.0309161036812234,0.4985192418098449,0.501480758190155,0.4996153116226196,3.5743179232659017,3.5822641849517822,0.960713432318502,0.5003846287727356,3,1,3.728754136711359,IGE,0.1319007761776447
0.0790561810135841,0.0980230197310447,1.0244488716125488,1.0017688274383545,8ed30c88b38607cece57f5c32f4946e22619bc7d3f1059ce8d18637e66de145d,0.1253936705555492,0.0099131446331739,0.0026623779000005,0.1886454418257006,0.0184915959835052,0.004966296599514,0.498013436794281,0.501986563205719,p22,True,2.185182571411133,0.003125,0.0280226789918938,0.1116429643528478,0.114372506737709,0.030717077736073,0.4988833367824554,0.5011166930198669,0.4997208714485168,3.5743179232659017,3.580640316009521,0.9616542477644124,0.5002791881561279,3,5,3.7234175633639097,IGE,0.3387786764651537
0.0746567100286483,0.0859682783484458,1.0165438652038574,1.0013421773910522,29b78d3be38912345053cae25c4cda382acd3187c02327a371188ed8e46ed8f7,0.1253936705555492,0.0093614794313907,0.0025177555797431,0.1886454418257006,0.0162175241857767,0.0043616783338157,0.499467134475708,0.500532865524292,p22,True,2.134020566940308,0.00625,0.0220081849447923,0.1116429643528478,0.1134899705648422,0.030522954061767,0.4993303418159485,0.5006697177886963,0.4998905658721924,3.5743179232659017,3.579115390777588,0.962597612024674,0.5001094937324524,3,10,3.7181843649595976,IGE,0.5724883638322353
0.069683738052845,0.0678103938698768,1.0049294233322144,1.0006979703903198,04076df5978c80411d1c2161521f82cc34836587f99af5e16865bbf6314087fd,0.1253936705555492,0.0087379002943634,0.0023548889259409,0.1886454418257006,0.0127921216189861,0.0034475130780871,0.5012483596801758,0.4987516403198242,p22,True,2.0703394412994385,0.0125,0.0158265922010618,0.1116429643528478,0.1121933013200759,0.0302364130904339,0.5001275539398193,0.499872475862503,0.5002940893173218,3.5743179232659017,3.576812744140625,0.963961184905538,0.499705970287323,3,20,3.7105360673740506,IGE,0.95267447642982
0.0652756914496421,0.0488507524132728,0.9882342219352722,0.9995542764663696,6c19a99291bb5397af80907d36c640ab6e72ddde957e77abd556636c3269f957,0.1253936705555492,0.008185158483684,0.002211933079653,0.1886454418257006,0.0092154713347554,0.0024903617847562,0.5029664635658264,0.4970335662364959,p22,True,2.03586483001709,0.025,0.0115609294591795,0.1116429643528478,0.1103293970227241,0.0298150907424944,0.5010259747505188,0.4989740550518036,0.5012452602386475,3.5743179232659017,3.5727248191833496,0.9654826143930962,0.4987547695636749,3,40,3.700454846024513,IGE,1.5813714601099491
0.0652382224798202,0.0370778031647205,0.9626993536949158,0.996569573879242,43b4dec339342f9d8873d62c58962112a760bf0db966c4ce5901dc6fcee8c48a,0.1253936705555492,0.0081804599612951,0.0022201094744207,0.1886454418257006,0.0069945584982633,0.0018982655822358,0.5010486841201782,0.4989513456821441,p22,True,2.2063491344451904,0.05,0.0103745328446746,0.1116429643528478,0.1074786111712455,0.0291688100776533,0.5005896091461182,0.499410480260849,0.5022729635238647,3.5743179232659017,3.562056541442871,0.9667128148656902,0.4977270364761352,3,80,3.684710171073675,IGE,2.7666690926998854
0.0677683129906654,0.0237590000033378,0.8733100891113281,0.9866535663604736,9540d997977688c5be5a395bfedc8913aa95d9a211aaf9c7dc5ffc0b4abd5162,0.1253936705555492,0.0084977177903056,0.0023364043190772,0.1886454418257006,0.0044820271432399,0.0012323105843352,0.3773565590381622,0.6226434707641602,p22,True,3.086497068405152,0.2,0.0051154659562601,0.1116429643528478,0.0974989235401153,0.0268068335152745,0.4900215268135071,0.5099784731864929,0.4775489568710327,3.5743179232659017,3.526613473892212,0.9696244515813128,0.5224510431289673,3,320,3.637092142365873,IGE,9.21488075517118
0.1080052256584167,0.0164238177239894,0.8285672664642334,0.9702911972999572,023a5b96fe049bcbc94f42ef8abecc6a7b3d51c73361c8669b4832a8edb38fb8,0.1253936705555492,0.0135431718081235,0.0037858913311983,0.1886454418257006,0.0030982783064246,0.0008661002864112,0.1717290133237838,0.8282710313796997,p22,True,4.320564270019531,0.5,0.0029810493253732,0.1116429643528478,0.0925037041306495,0.0258587114254802,0.4486459493637085,0.5513539910316467,0.2463824152946472,3.5743179232659017,3.4681291580200195,0.96948929695691,0.7536176443099976,3,800,3.5772743122652173,IGE,21.57698432356119
0.1092763766646385,0.0098118381574749,0.8110829591751099,0.9598307609558104,d27d7d0a49cce32b8d46eca37bbb0d9523e2a334a4d4f73c9cf932b1a03c9beb,0.1253936705555492,0.0137025667354464,0.0038742338060989,0.1886454418257006,0.0018509584479033,0.0005233359509208,0.1303568333387375,0.8696431517601013,p22,True,4.370465278625488,1.0,0.0014998000403544,0.1116429643528478,0.0905517041683197,0.0256023911623258,0.3273880183696747,0.6726120114326477,0.092667706310749,3.5743179232659017,3.4307403564453125,0.9700000390806544,0.9073323607444764,3,1600,3.536845585796982,IGE,41.97748694755137
0.08327516913414,0.1139955669641494,1.030371069908142,1.0024082660675049,444eaef47d8295ef702a7983d43591a1a249f8b41c4ddc814f0d17e9e134c818,0.1322771385650274,0.0110154021531343,0.0029406140123925,0.1636160161790998,0.0186515003442764,0.004979106754529,0.5015689134597778,0.4984310865402221,p22,True,2.2581753730773926,0.0,0.0323169761970468,0.1165407762957997,0.1200802400708198,0.0320559913886797,0.5010132789611816,0.4989866912364959,0.4999793469905853,3.587566068960073,3.596205949783325,0.9600242878443986,0.5000206828117371,4,0,3.745953092351556,IGE,0.0338778253644704
0.0816490948200225,0.1107650771737098,1.0284775495529177,1.0022752285003662,02efd0adb9104cc5f48219dbe0b67645007817414742820354019e8cb4d283ff,0.1322771385650274,0.0108003094792366,0.0028843040295569,0.1636160161790998,0.0181229412555694,0.0048398680233519,0.5017186403274536,0.4982813000679016,p22,True,2.2394251823425293,0.000625,0.0323169761555422,0.1165407762957997,0.1198595687747001,0.0320094010141513,0.5011044144630432,0.4988955855369568,0.4999841749668121,3.587566068960073,3.595728635787964,0.9602664269329396,0.5000158548355103,4,1,3.74451145529747,IGE,0.1334003861993551
0.07676362991333,0.0988254249095916,1.0217839479446411,1.001834750175476,ced6a60b34e14c6b8c34e1df9534465796cd23ec1edaaca930eaef34c0b80a81,0.1322771385650274,0.0101540740579366,0.0027153187655773,0.1636160161790998,0.0161694232374429,0.0043238938474034,0.5025251507759094,0.4974748790264129,p22,True,2.17857027053833,0.003125,0.025387515903344,0.1165407762957997,0.1190794929862022,0.0318432562197182,0.5014751553535461,0.4985248744487762,0.5000411868095398,3.587566068960073,3.5941483974456787,0.9611175311673008,0.4999588131904602,4,5,3.7395513877272606,IGE,0.3386557158082723
0.0730066746473312,0.0861670672893524,1.014897108078003,1.001426100730896,06f6b83ba278bc1673388489165c50aadd562509a0833b66b6247a05b08aa668,0.1322771385650274,0.0096571147441864,0.0025857704171536,0.1636160161790998,0.0140983127057552,0.0037749370171115,0.5035831928253174,0.4964168071746826,p22,True,2.127070903778076,0.00625,0.0201009077114548,0.1165407762957997,0.1182768940925598,0.0316695930284425,0.5019378662109375,0.4980621635913849,0.5001779794692993,3.587566068960073,3.592682361602783,0.9619696995372924,0.4998220205307007,4,10,3.7347146831452847,IGE,0.5739917661994696
0.0685084462165832,0.0679106190800666,1.0038728713989258,1.0008116960525513,b8caedeb6c7bc97d00a4011bd1f65ad1c04b07c2002b09cf1a6dfb45af0909c9,0.1322771385650274,0.0090621020644903,0.0024310537328563,0.1636160161790998,0.0111112650483846,0.0029807744583322,0.5050668716430664,0.494933158159256,p22,True,2.066040515899658,0.0125,0.0147364481022384,0.1165407762957997,0.1169921234250068,0.0313850071807986,0.5027519464492798,0.4972480833530426,0.5005869269371033,3.587566068960073,3.5904781818389893,0.9632031646280128,0.4994130730628967,4,20,3.727643672376871,IGE,0.9379713945090772
0.0640128850936889,0.0499163903295993,0.9869447946548462,0.99969083070755,24dca7330f796b22f2bc4fbc4192032a41000bb4fafaf3b84fa9bf4b46fb1607,0.1322771385650274,0.0084674414247274,0.0022773504273931,0.1636160161790998,0.0081671206280589,0.0021965780121685,0.5071033239364624,0.4928966760635376,p22,True,2.031088590621948,0.025,0.0111606145810138,0.1165407762957997,0.1150193139910698,0.0309348799403663,0.5034793615341187,0.4965206682682037,0.5014159679412842,3.587566068960073,3.5864570140838623,0.964591191620072,0.4985840618610382,4,40,3.7181108901277184,IGE,1.5517167393118143
0.064158946275711,0.0384563207626342,0.959863305091858,0.9967303276062012,88540c0d39de3494e6c40597383332a4f2c8d38ed6403544cbaa75b59bfd8754,0.1322771385650274,0.0084867626428604,0.0022921844974904,0.1636160161790998,0.0062920697964727,0.001699421257732,0.5034550428390503,0.4965449869632721,p22,True,2.189822196960449,0.05,0.0104061574187672,0.1165407762957997,0.1118632107973098,0.0302130657377125,0.5023837089538574,0.4976163208484649,0.5023165345191956,3.587566068960073,3.575835943222046,0.965795328507065,0.4976834952831268,4,80,3.702477986458689,IGE,2.694665415212512
0.0652205497026443,0.0251317005604505,0.8717238306999207,0.9866368770599364,d38153758fb08423fc74e5de092e7e1b83ded61b6b0001b2782de5a34673a6ce,0.1322771385650274,0.0086271883919835,0.0023610544726495,0.1636160161790998,0.0041119488887488,0.0011253417537639,0.3890311419963836,0.6109688878059387,p22,True,3.102635383605957,0.2,0.0051791843245699,0.1165407762957997,0.101591370999813,0.0278031207831968,0.4902656078338623,0.5097343921661377,0.4743528068065643,3.587566068960073,3.53962516784668,0.9687104829903896,0.5256472229957581,4,320,3.653955676127225,IGE,9.186031540855764
0.1041829958558082,0.0174008347094059,0.8272177577018738,0.9702497720718384,31462810e0ee78d3d7a36e29eb0ab0f9bec7eaf67c42838206726b9643728998,0.1322771385650274,0.0137810297310352,0.0038345955348393,0.1636160161790998,0.0028470552060753,0.0007921980718227,0.1776064336299896,0.822393536567688,p22,True,4.322786331176758,0.5,0.0029598516436454,0.1165407762957997,0.0964045971632003,0.0268247471368182,0.4350340664386749,0.5649659633636475,0.2476101070642471,3.587566068960073,3.480835199356079,0.9685484592565196,0.7523899078369141,4,800,3.59386788145639,IGE,21.787145283073187
0.105823665857315,0.0110154571011662,0.8090218305587769,0.9598353505134584,6ee45a38540b4b639f4f4552b66ced388c603c0cdccb590a7dd82a2f51df5272,0.1322771385650274,0.0139980521053075,0.0039391660611609,0.1636160161790998,0.0018023052252829,0.0005071833939377,0.1381721198558807,0.8618279099464417,p22,True,4.366662502288818,1.0,0.0014825354282349,0.1165407762957997,0.0942840278148651,0.0265322946138374,0.3051463663578033,0.694853663444519,0.0978986993432045,3.587566068960073,3.4434728622436523,0.969021355931064,0.902101457118988,4,1600,3.553557247389108,IGE,42.76533220149577
0.0894001945853233,0.1078769788146019,1.0422428846359253,1.0025254487991333,1280b01fd58ef7b77188a9b0072ace34226f2aa6498496f8fbdd386482c71d60,11.185657980133552,1.0,0.25,9.26981837069554,1.0,0.25,0.5038244724273682,0.4961755275726318,p22,True,2.2759311199188232,0.0,1.4858190134897575,0.9594692511125744,1.0,0.25,0.5003937482833862,0.4996062815189361,0.5000017881393433,0.9974809130250448,1.0,0.25,0.4999982714653015,0,0,4.0,ILN,0.0381233338266611
0.0866375043988227,0.1046460419893264,1.040981650352478,1.00246262550354,c3bfb52728140e4b939f08321defde1c1b6cf9740168d6f35343215610b409d4,11.185657980133552,0.9690975546836852,0.2460966001672282,9.26981837069554,0.9700497984886168,0.2463384168571904,0.5039798617362976,0.4960201680660248,p22,True,2.261571168899536,0.000625,1.48581901181627,0.9594692511125744,0.99878990650177,0.2536367975375383,0.5004331469535828,0.4995668530464172,0.5000039339065552,0.9974809130250448,0.9999373555183412,0.2539281854380429,0.4999960660934448,0,1,3.937874615192413,ILN,0.1362111922353506
0.0781721845269203,0.0926593318581581,1.0365746021270752,1.0022412538528442,60a31bb96510135fa5fc1387f27f3e8361a410a5ae93510009dfc38357f6fe3e,11.185657980133552,0.8744073510169983,0.2345752045180698,9.26981837069554,0.8589351773262024,0.2304245208537156,0.50467848777771,0.49532151222229,p22,True,2.20927095413208,0.003125,1.098500265269667,0.9594692511125744,0.994561493396759,0.2668086738383406,0.5005812048912048,0.4994187951087951,0.5000404715538025,0.9974809130250448,0.9997165203094482,0.2681916007898739,0.4999595880508423,0,5,3.727620542049408,ILN,0.3333706017583608
0.0715841501951217,0.0798496305942535,1.03198504447937,1.0020250082015991,02751b4e0bfef286034dfe02179b32816a6a72975473efa0c0d33206efad6f99,11.185657980133552,0.8007158637046814,0.2267953150698534,9.26981837069554,0.7401915788650513,0.2096523747688179,0.5057445168495178,0.4942554831504822,p22,True,2.153808355331421,0.00625,0.8033791351838577,0.9594692511125744,0.9901579022407532,0.2804530090968945,0.500736653804779,0.4992633461952209,0.500129222869873,0.9974809130250448,0.999500811100006,0.2830993010644341,0.4998707771301269,0,10,3.530566155910492,ILN,0.5615862198174
0.0637002512812614,0.0611237026751041,1.0243659019470217,1.0017406940460205,9462e3e63a05d28209f23ba60d2d41976814bb5e99a174cf5a1b4216c75dbe5e,11.185657980133552,0.7125292420387268,0.2184868507976161,9.26981837069554,0.5666056275367737,0.1737414717892915,0.5082106590270996,0.4917894005775451,p22,True,2.069758415222168,0.0125,0.5279694207347563,0.9594692511125744,0.9828475713729858,0.3013760811681854,0.5009205937385559,0.4990794062614441,0.5003893375396729,0.9974809130250448,0.9992172122001648,0.306395596244907,0.4996106922626495,0,20,3.261199653148651,ILN,0.9140485655516386
0.0542254336178302,0.0430041514337062,1.0148636102676392,1.001498818397522,19acaba3baae18845812a30fe64b4d8885d77301d22cfd4ad0292b088e7323dd,11.185657980133552,0.6065471768379211,0.2036832474708083,9.26981837069554,0.3986406624317169,0.1338666270302389,0.5116767287254333,0.488323301076889,p22,True,1.9792641401290891,0.025,0.3010141164898839,0.9594692511125744,0.973730444908142,0.3269862374334041,0.500847339630127,0.4991526901721954,0.5009379386901855,0.9974809130250448,0.9989759922027588,0.3354638880655485,0.4990620911121368,0,40,2.977894276380539,ILN,1.5238138660788536
0.0422868318855762,0.0331908129155635,1.001830816268921,1.001286506652832,54240f858ade53e37c87768036fef62da0b412d959d85f2c0e84f35ed2452e2a,11.185657980133552,0.4730060696601867,0.1725878162828633,9.26981837069554,0.3076727986335754,0.1122619345750764,0.5123732089996338,0.4876267910003662,p22,True,1.882178544998169,0.05,0.179663665693464,0.9594692511125744,0.9612258672714232,0.3507267327587529,0.4997790157794952,0.5002210140228271,0.5013831853866577,0.9974809130250448,0.9987642168998718,0.3644235163833074,0.4986168146133423,0,80,2.7406689524650574,ILN,2.66669693402946
0.0161646865308284,0.020621633157134,0.9524680376052856,1.00107741355896,9c67ef078c6388f2ba9825f7f4cc609f9cba7da1ac4001cfc3f58e2c5aeac921,11.185657980133552,0.180812656879425,0.0791513672414997,9.26981837069554,0.1911587864160537,0.0836804213056072,0.5085745453834534,0.4914254546165466,p22,True,1.6807465553283691,0.2,0.0828910283579073,0.9594692511125744,0.9138637781143188,0.4000470363004873,0.4884423613548279,0.5115576982498169,0.500435471534729,0.9974809130250448,0.998555600643158,0.4371211751524056,0.4995645582675934,0,320,2.284390822052956,ILN,8.979891626164317
0.0053294184617698,0.011220283806324,0.8783371448516846,0.9999985694885254,5ea20a365a822d893de479ba512f9e6727d9563f01341670935feed744556e73,11.185657980133552,0.0596130564808845,0.0297494087191199,9.26981837069554,0.1040099933743476,0.0519053372939974,0.5046660900115967,0.4953339397907257,p22,True,1.744592547416687,0.5,0.044740694847223,0.9594692511125744,0.8427374958992004,0.4205612610464325,0.4454176425933838,0.5545823574066162,0.4979291260242462,0.9974809130250448,0.9974794983863832,0.4977839929404501,0.5020709037780762,0,800,2.003840044140816,ILN,21.357731331139803
0.001827070955187,0.0050145555287599,0.8288080096244812,0.9963161945343018,ed2d4dac7656de76799694767e91096cc19bf01c1fca13a505b398ceac311056,11.185657980133552,0.0204369910061359,0.0110116466976567,9.26981837069554,0.0464840196073055,0.0250460354388234,0.6192577481269836,0.3807422518730163,p22,True,1.7403159141540527,1.0,0.018299388345857,0.9594692511125744,0.7952157855033875,0.4284698895122973,0.2986931204795837,0.7013068795204163,0.4941746592521667,0.9974809130250448,0.9938064217567444,0.5354724283512226,0.505825400352478,0,1600,1.8559432178735733,ILN,42.11344670318067
0.0827673226594924,0.1122938841581344,1.0317693948745728,1.0023996829986572,5433a390e72bc7bf9cc8e07c3d33f178a13bc7e6ac6235caef81251a9d5caf94,12.082062918743318,1.0,0.25,8.905204477412813,1.0,0.25,0.4989719986915588,0.5010280013084412,p22,True,2.272970199584961,0.0,1.267773048473051,0.9692088222103116,1.0,0.25,0.4997998476028442,0.5002002120018005,0.4997487664222717,0.9976060616933992,1.0,0.25,0.500251293182373,1,0,4.0,ILN,0.0371195413172245
0.0807051360607147,0.1087848767638206,1.030825138092041,1.0023425817489624,1d17240da7b0666578cc879f367fedb0a544b4ed7f6215699e8f37c730477dd9,12.082062918743318,0.9750845432281494,0.2473036206754737,8.905204477412813,0.9687516093254088,0.245697444580772,0.499145895242691,0.5008541345596313,p22,True,2.260438203811645,0.000625,1.2677730468415276,0.9692088222103116,0.9990848302841188,0.2533906394139127,0.4998682141304016,0.5001317858695984,0.4997597336769104,0.9976060616933992,0.9999430179595948,0.2536082953298414,0.5002402663230896,1,1,3.942864000797272,ILN,0.1334296204149723
0.0741725116968154,0.09580048173666,1.0275081396102903,1.0021419525146484,50bcea6cfe096b61907ec560cf4a54d84a14e6eb462398d5c933f02085cb5e86,12.082062918743318,0.8961569666862488,0.239301105412139,8.905204477412813,0.853122889995575,0.2278097009983021,0.4998771846294403,0.5001229047775269,p22,True,2.214438199996948,0.003125,0.9924164773254078,0.9692088222103116,0.9958699941635132,0.265927509698805,0.5001375079154968,0.4998624920845032,0.4998278021812439,0.9976060616933992,0.999742865562439,0.2669616838907538,0.5001721978187561,1,5,3.744892716407776,ILN,0.3311460167169571
0.0686521232128143,0.0820124968886375,1.0240997076034546,1.0019484758377075,da82d2c859b7ceab2a16f6bde2aa7aea49300ccca716eacce01218cda7700586,12.082062918743318,0.8294592499732971,0.2335246081457331,8.905204477412813,0.7303380966186523,0.2056181998479876,0.5008535981178284,0.499146431684494,p22,True,2.1650335788726807,0.00625,0.7690447722599103,0.9692088222103116,0.992566466331482,0.2794455485499937,0.5004500150680542,0.4995500147342682,0.4999535083770752,0.9976060616933992,0.9995498657226562,0.2814116434562855,0.5000465512275696,1,10,3.551913678646088,ILN,0.5571587197482586
0.0614444576203823,0.0621360540390014,1.0185167789459229,1.0017000436782837,ad068c8496b7c670fed57d3847665a9dd0d56deb59aefe0b725825345dad72f4,12.082062918743318,0.7423757910728455,0.226184610895427,8.905204477412813,0.5533342957496643,0.1685880707375493,0.5028010010719299,0.4971990287303924,p22,True,2.0874123573303223,0.0125,0.5191903392020226,0.9692088222103116,0.9871554374694824,0.3007632673402071,0.5009185075759888,0.4990815222263336,0.5002501010894775,0.9976060616933992,0.9993020296096802,0.3044640510268164,0.4997499287128448,1,20,3.2821675539016724,ILN,0.908880900591612
0.0522286221385002,0.043431106954813,1.0097931623458862,1.0014657974243164,e8b4eacc39d40ff12e1b26890819451afebcf0baba45d2119f41867b5402345d,12.082062918743318,0.631029486656189,0.2106548504570287,8.905204477412813,0.3867628872394562,0.1291119985620362,0.5058372020721436,0.4941628873348236,p22,True,1.9847809076309204,0.025,0.2996787620315578,0.9692088222103116,0.9787004590034484,0.3267169018140126,0.5011106133460999,0.4988894164562225,0.5007443428039551,0.9976060616933992,0.999068319797516,0.3335162491669224,0.4992556869983673,1,40,2.995561152696609,ILN,1.5042808633297682
0.0403472185134887,0.0332830585539341,0.996737003326416,1.0012661218643188,00f09f5b4a8690d119e6b2b87d3ae14214c13ebfe4780ffedbe1916a9556c858,12.082062918743318,0.4874776303768158,0.177342912294853,8.905204477412813,0.2963924407958984,0.1078266885647524,0.5099765658378601,0.4900234341621399,p22,True,1.8693764209747317,0.05,0.1799153141274014,0.9692088222103116,0.9660463333129884,0.3514447832797162,0.500123918056488,0.4998760819435119,0.5011181235313416,0.9976060616933992,0.9988691210746764,0.3633856158606782,0.4988818764686584,1,80,2.748785525560379,ILN,2.6063560992479324
0.0146819483488798,0.020995307713747,0.9440789222717284,1.0014008283615112,a6a745012ead0b8cdb6af713af6bfb036c597b53f2af4f14c3ffb1e6ab9fa64f,12.082062918743318,0.1773882210254669,0.0778575505405708,8.905204477412813,0.186967521905899,0.0820620061584807,0.5129278898239136,0.4870721399784088,p22,True,1.7090049982070925,0.2,0.0834440677242157,0.9692088222103116,0.915009617805481,0.40160731728163,0.4889105260372162,0.5110895037651062,0.5005726218223572,0.9976060616933992,0.999003529548645,0.4384731260193183,0.4994274079799652,1,320,2.278368890285492,ILN,8.868866356089711
0.0046433717943727,0.0117231654003262,0.8745877742767334,0.9999808669090272,16b65e53e6d9b5e92e22382a4fbbb40afc6826772769642b4a8e29eb6da2fd17,12.082062918743318,0.0561015084385871,0.027970424891778,8.905204477412813,0.1043971851468086,0.0520491107517783,0.5397606492042542,0.4602393805980682,p22,True,1.775521755218506,0.5,0.0436373064048512,0.9692088222103116,0.8476582169532776,0.4226153832769777,0.4517769813537597,0.5482230186462402,0.4982674419879913,0.9976060616933992,0.9975869655609132,0.4973650810794659,0.501732587814331,1,800,2.0057438760995865,ILN,21.49709085188806
0.0015381260309368,0.0052691572345793,0.8270761370658875,0.9964534640312196,15c708e1a56b6a57479c9074fbf15eb02ebd7b6246627873fbef5b0e4c41c8d4,12.082062918743318,0.0185837354511022,0.0099848988651077,8.905204477412813,0.0469229258596897,0.0252113290353668,0.6611394286155701,0.3388606011867523,p22,True,1.773540496826172,1.0,0.0181512657767659,0.9692088222103116,0.8016095161437988,0.4306986595382807,0.3074641525745392,0.6925358772277832,0.4954663515090942,0.9976060616933992,0.9940679669380188,0.5341051125612448,0.5045336484909058,1,1600,1.8611841443926096,ILN,41.98512457124889
0.0835360139608383,0.1107549369335174,1.0298055410385132,1.0025205612182615,5f4d40bae0f229a31cb71b7278d630d355323a2154e08dd82150b4ca2338aaea,11.97088480253354,1.0,0.25,9.02894288668358,1.0,0.25,0.4961535334587097,0.5038464665412903,p22,True,2.243910074234009,0.0,1.3570894374158968,0.9710571172403804,1.0,0.25,0.4997882544994354,0.500211775302887,0.4990783631801605,0.997485776036158,1.0,0.25,0.5009216666221619,2,0,4.0,ILN,0.0404349043965339
0.0811441615223884,0.1073214039206504,1.0288522243499756,1.0024653673171997,31bc35d54c4cb51df01d61a24c72c75e83440a0610053c6bc1c74a698ded1442,11.97088480253354,0.9713674187660216,0.2465784131164836,9.02894288668358,0.9689988493919371,0.2459771595986747,0.4964100122451782,0.5035899877548218,p22,True,2.2323789596557617,0.000625,1.357089437208893,0.9710571172403804,0.9990742802619934,0.2536117084567719,0.4998436272144317,0.5001564025878906,0.4991213679313659,0.997485776036158,0.9999449253082277,0.2538327188280698,0.500878632068634,2,1,3.93938547372818,ILN,0.1445313282310962
0.073964349925518,0.0945889949798584,1.02551531791687,1.0022741556167605,d37f14ca1af7310680d8385a0fb71e25f1e93ecc5161a0c33ce273323e4baf4d,11.97088480253354,0.8854187726974487,0.2370570212090687,9.02894288668358,0.854038655757904,0.2286554859398108,0.4974816739559173,0.502518355846405,p22,True,2.19099760055542,0.003125,1.0135598730120157,0.9710571172403804,0.995833933353424,0.2666189526798512,0.500054657459259,0.4999453723430633,0.4992859661579132,0.997485776036158,0.9997541904449464,0.2676685401712693,0.5007140636444092,2,5,3.735045552253723,ILN,0.3463227748870849
0.0685065314173698,0.0810519680380821,1.0221035480499268,1.0020897388458252,4f49713cd75214d982d8f378691bd686e4124f1eee7f4db97e6762fd86f87679,11.97088480253354,0.8200838565826416,0.2314013781398222,9.02894288668358,0.7318136096000671,0.2064943437718656,0.4989074766635895,0.5010925531387329,p22,True,2.147634744644165,0.00625,0.763394974309997,0.9710571172403804,0.9925209283828736,0.2800575926679863,0.5002844333648682,0.4997155666351318,0.4994871020317077,0.997485776036158,0.9995702505111694,0.2820466854203258,0.5005128979682922,2,10,3.543988645076752,ILN,0.5879348088055849
0.0616709217429161,0.0616652406752109,1.0165363550186155,1.001844882965088,203fcd0d930c2320f0efe1bc3a28d8f45e2eff1a71472c8993cd7b7de6204a3c,11.97088480253354,0.738255500793457,0.224977186903119,9.02894288668358,0.5567719340324402,0.169671588400764,0.5019479393959045,0.4980520904064178,p22,True,2.078726530075073,0.0125,0.5118071775455495,0.9710571172403804,0.9871148467063904,0.3008149903707098,0.5005988478660583,0.499401181936264,0.4999360740184784,0.997485776036158,0.99932599067688,0.3045362343254071,0.500063955783844,2,20,3.2814682722091675,ILN,0.9503104649484158
0.0527857206761837,0.0435751974582672,1.0078219175338743,1.001624584197998,145b76a46c565bb7a575e80e76c3f384395f7603df89611af2b8ff271f164e57,11.97088480253354,0.6318917870521545,0.2104139637710918,9.02894288668358,0.3934379816055298,0.1310111112440912,0.507084310054779,0.4929157495498657,p22,True,1.9884698390960691,0.025,0.296402229366467,0.9710571172403804,0.9786526560783386,0.3258820398365996,0.5006590485572815,0.4993409812450409,0.5007498264312744,0.997485776036158,0.999106228351593,0.3326928851482174,0.4992501735687256,2,40,3.003088653087616,ILN,1.564620703458786
0.0410820245742797,0.0335192009806633,0.995063066482544,1.0014454126358032,89bfbde64880acde88d27b54732d5c28dd1ebf367d4cf5bcb0f909b69f4cb8aa,11.97088480253354,0.4917882084846496,0.1782085552358242,9.02894288668358,0.3026429712772369,0.1096682794200766,0.5116317868232727,0.488368272781372,p22,True,1.881999135017395,0.05,0.1810258923731059,0.9710571172403804,0.9662630558013916,0.3501432937619801,0.4996427297592163,0.5003572702407837,0.5013859272003174,0.997485776036158,0.9989275336265564,0.361979871582119,0.4986140727996826,2,80,2.7596217691898346,ILN,2.6834865882992744
0.0152935748919844,0.0208770036697387,0.9443228840827942,1.0013394355773926,590601a0c91ab90aa4139c65d8427bc362115abfe4a2cc4f0c17714c8b4b0ddf,11.97088480253354,0.1830776333808899,0.0800378507346211,9.02894288668358,0.1884972751140594,0.0824072088482476,0.5104432702064514,0.4895567595958709,p22,True,1.6900875568389893,0.2,0.0822796810710391,0.9710571172403804,0.9169914722442628,0.4008901864473623,0.4881584942340851,0.5118415355682373,0.5005705952644348,0.997485776036158,0.9988217949867249,0.4366647539697689,0.4994294345378876,2,320,2.287388175725937,ILN,8.960642321035266
0.0049821976572275,0.011183519847691,0.8753558993339539,1.000461459159851,da250398bd14f2f83c454e47be366d6476cc4f354d60826e983e62824e14bf3c,11.97088480253354,0.0596413165330886,0.0296932245677538,9.02894288668358,0.10097536444664,0.0502719313826924,0.5250933170318604,0.474906712770462,p22,True,1.79652738571167,0.5,0.0452247258450389,0.9710571172403804,0.8500205874443054,0.4231940818441674,0.4365061223506927,0.5634939074516296,0.4975565969944,0.997485776036158,0.9979460835456848,0.4968407622053862,0.5024434328079224,2,800,2.008583351969719,ILN,21.60627675242722
0.0015483431052416,0.0051831887103617,0.8286340236663818,0.996620237827301,d4f69661681f217a727e3cfa13a5d9bc8ed106cafe3ade0ee442f70c1a23b34d,11.97088480253354,0.0185350384563207,0.0099431608019178,9.02894288668358,0.0467987172305583,0.0251052713941492,0.6135452389717102,0.3864547312259674,p22,True,1.7350980043411257,1.0,0.0175722874959217,0.9710571172403804,0.8046509623527527,0.4316567201598102,0.2947960495948791,0.7052039504051208,0.4975355565547943,0.997485776036158,0.9941145181655884,0.5332948476441227,0.5024644732475281,2,1600,1.86409923620522,ILN,42.37290752492845
0.0865774974226951,0.1120953410863876,1.0349129438400269,1.0023605823516846,bb57e92b5764579114a1c6ddd18da72ae18bcf09aad986f0b44fcd2101f65279,11.550345410264915,1.0,0.25,8.920977359981597,1.0,0.25,0.4964376091957092,0.5035623908042908,p22,True,2.26154899597168,0.0,1.3859258104197736,0.9662648495713568,1.0,0.25,0.4984284341335296,0.5015715956687927,0.4995956122875213,0.9976449768733484,1.0,0.25,0.500404417514801,3,0,4.0,ILN,0.0375509951263666
0.0840779319405555,0.1087589263916015,1.03356671333313,1.0023071765899658,de8f4e3588eda22a9cfe02ea5527208d309307624cd7acfc605635eef071ae8f,11.550345410264915,0.9711291790008544,0.2464787973861651,8.920977359981597,0.9702359437942504,0.2462520885772163,0.4965384006500244,0.5034615993499756,p22,True,2.248478412628174,0.000625,1.3859258122681104,0.9662648495713568,0.998699188232422,0.2534762420786556,0.4985172152519226,0.5014827847480774,0.4996089041233063,0.9976449768733484,0.9999467134475708,0.2537928719579629,0.5003911256790161,3,1,3.9400110244750977,ILN,0.1390692684799432
0.0765419602394104,0.0963131114840507,1.0290807485580444,1.00212299823761,380b969720f10ef4e1662236acd00fcf1108d7fd2006269e9ecb935efc5b5f89,11.550345410264915,0.8840860724449158,0.2365497889001882,8.920977359981597,0.8592070937156677,0.229893064685338,0.4970810413360595,0.5029189586639404,p22,True,2.201632261276245,0.003125,1.038760483224872,0.9662648495713568,0.9943645596504213,0.2660563648793271,0.4988676607608795,0.5011323094367981,0.4996809959411621,0.9976449768733484,0.9997629523277284,0.2675007815351465,0.5003190040588379,3,5,3.737420678138733,ILN,0.3483112882822752
0.0705494210124015,0.0829429849982261,1.0250037908554075,1.0019450187683103,fa97e1fe713d2318324ea657c4ebcccef731e70a0688f5ee7ab697a8ba2a83b4,11.550345410264915,0.8148701786994934,0.2298767605251921,8.920977359981597,0.7399325370788574,0.2087366786478035,0.4980407357215881,0.5019592642784119,p22,True,2.1529476642608643,0.00625,0.7913557169668249,0.9662648495713568,0.9904251098632812,0.2794012123029729,0.499286025762558,0.5007140040397644,0.4998117387294769,0.9976449768733484,0.9995853900909424,0.2819853485240313,0.5001882910728455,3,10,3.5448132157325745,ILN,0.5740709975361824
0.0629226043820381,0.0633947998285293,1.0191082954406738,1.0016990900039673,eca82e8fef87c9ba2d13ca0dd9063318afddaab379c5d0153c74f52820880e53,11.550345410264915,0.7267777919769287,0.22182273832844,8.920977359981597,0.5655435919761658,0.1726118073517544,0.500504195690155,0.4994958043098449,p22,True,2.077070713043213,0.0125,0.529500176545144,0.9662648495713568,0.9847285151481628,0.300552903723286,0.4999816417694092,0.5000183582305908,0.5002070665359497,0.9976449768733484,0.9993400573730468,0.3050125505965194,0.4997929334640503,3,20,3.276389956474304,ILN,0.9396046958863736
0.0534701161086559,0.0445569790899753,1.0108892917633057,1.0014472007751465,0bcfc3ad95b040e6ca95a0185d4b3eb1910fbde9cf3455bd58327854b6e248db,11.550345410264915,0.617598295211792,0.206487925476878,8.920977359981597,0.3974918127059936,0.1328974843940554,0.5054774284362793,0.4945226013660431,p22,True,1.978708028793335,0.025,0.3046920830073208,0.9662648495713568,0.9767867922782898,0.3265790724075613,0.5005620718002319,0.4994379878044128,0.5011807084083557,0.9976449768733484,0.9990887641906738,0.3340355177215053,0.4988192319869995,3,40,2.9909656643867493,ILN,1.555484430864453
0.0415528416633605,0.0339038483798503,0.9992848634719848,1.001240372657776,d8d9e2719ede91180bc2c76b2c5156197f8166f06f8488ebf347592946a6b852,11.550345410264915,0.4799496829509735,0.1747265726820866,8.920977359981597,0.3024554848670959,0.110109480508032,0.5097870826721191,0.4902129471302032,p22,True,1.8725566864013672,0.05,0.1811034624828409,0.9662648495713568,0.9655738472938538,0.3515189508445728,0.4997307062149048,0.5002692937850952,0.5019873976707458,0.9976449768733484,0.9988824129104614,0.3636449959653084,0.4980126321315765,3,80,2.7468614280223846,ILN,2.668156199157238
0.0155420396476984,0.0210449900478124,0.9500276446342468,1.0011990070343018,658b49c56390b19361de409d7ca401c678063f2c07896f701de85740b9f0623a,11.550345410264915,0.179515928030014,0.0785945073946826,8.920977359981597,0.1877418905496597,0.0821959453237481,0.5090850591659546,0.4909149706363678,p22,True,1.7169818878173828,0.2,0.083005682802399,0.9662648495713568,0.917978286743164,0.4019033410424227,0.4887374639511108,0.5112625360488892,0.500606894493103,0.9976449768733484,0.9988411664962769,0.4373062062391465,0.499393105506897,3,320,2.2840772718191147,ILN,8.982466079294682
0.004929032176733,0.0116872442886233,0.8745810985565186,1.000128149986267,0d03d170f434204f1bc694e76a7cfaa611aee23bc64a13cf35c5b560891c8c2c,11.550345410264915,0.0569320246577262,0.0284085778562839,8.920977359981597,0.1042616441845893,0.0520256402973386,0.5234388709068298,0.4765611290931701,p22,True,1.7947133779525757,0.5,0.0432826790081594,0.9662648495713568,0.8450769782066345,0.4216859539822861,0.4498506188392639,0.5501493811607361,0.4976745545864105,0.9976449768733484,0.9977728128433228,0.4978798278640913,0.5023254752159119,3,800,2.004043459892273,ILN,21.35414230450988
0.0017316576559096,0.0052735581994056,0.8309510350227356,0.9962623119354248,0af7642c271bcfb6463b794f385fd6e173cd7953acfd747d56a99b85d6ba00e2,11.550345410264915,0.0200012437999248,0.0107309636448096,8.920977359981597,0.0470452941954135,0.0252404973770808,0.6192416548728943,0.3807584047317505,p22,True,1.715478777885437,1.0,0.0186945518835905,0.9662648495713568,0.8029187917709351,0.430777828139907,0.3275525867938995,0.6724473834037781,0.4917930960655212,0.9976449768733484,0.9939160943031312,0.5332507108382024,0.5082069039344788,3,1600,1.8638814240694048,ILN,42.04169577546418
0.08327516913414,0.1139955669641494,1.030371069908142,1.0024082660675049,444eaef47d8295ef702a7983d43591a1a249f8b41c4ddc814f0d17e9e134c818,12.008381494574776,1.0,0.25,8.772270945463328,1.0,0.25,0.5015689134597778,0.4984310865402221,p22,True,2.2581753730773926,0.0,1.3405669715767716,0.9705241433925156,1.0,0.25,0.5010132789611816,0.4989867508411407,0.4999793469905853,0.9975975197431778,1.0,0.25,0.5000206828117371,4,0,4.0,ILN,0.0364641137421131
0.0810029953718185,0.1102919653058052,1.0295331478118896,1.0023645162582395,0c4c2da363d62816586fd21997f3187c5fef6c50c10913a671e06aca86995ff9,12.008381494574776,0.972714900970459,0.2469214981712136,8.772270945463328,0.967510998249054,0.2456004991251163,0.5016684532165527,0.4983315765857696,p22,True,2.2461047172546387,0.000625,1.3405669702925846,0.9705241433925156,0.9991867542266846,0.2536413188081489,0.5011039972305298,0.4988960027694702,0.4999843835830688,0.9975975197431778,0.9999563694000244,0.2538366838955211,0.5000156164169312,4,1,3.939369022846222,ILN,0.1371337752789259
0.0742324516177177,0.0966681316494941,1.026667833328247,1.0022141933441162,28f7d0496382665d4d257c4d5b07061c2a84fc4aefa3909d2712d8ccca13556b,12.008381494574776,0.8914116024971008,0.2386246193019224,8.772270945463328,0.8479990363121033,0.2270033805276063,0.502228319644928,0.4977716207504272,p22,True,2.2035701274871826,0.003125,1.000390890073933,0.9705241433925156,0.9964058995246888,0.2667308544988809,0.5014684200286865,0.4985316097736358,0.5000355839729309,0.9975975197431778,0.9998064041137696,0.2676411456715903,0.4999644756317138,4,5,3.7356229424476624,ILN,0.336049472913146
0.0688629075884819,0.0824527367949485,1.0236693620681765,1.002069354057312,e5c8cee4083ad5d2a021c5936d7661b99c1eb055e298d4e746cfa9bd27172ad1,12.008381494574776,0.8269320726394653,0.2333733048408429,8.772270945463328,0.7232977747917175,0.2041260675116726,0.503172755241394,0.4968273043632507,p22,True,2.160038471221924,0.00625,0.765265023478534,0.9705241433925156,0.9934958219528198,0.2803802282993395,0.5019105672836304,0.498089462518692,0.5001434683799744,0.9975975197431778,0.999661922454834,0.2821203993481448,0.4998565316200256,4,10,3.5433875918388367,ILN,0.5654523130506277
0.0618512481451034,0.0627276599407196,1.0184710025787354,1.0018712282180786,2152fc3cc5fa1dae7502a8df4a7ebda542942c611eae9af9ddadbcc18ec5e804,12.008381494574776,0.7427334189414978,0.2263801391370488,8.772270945463328,0.5502640604972839,0.1677167761685224,0.5052366256713867,0.4947633445262909,p22,True,2.092409133911133,0.0125,0.5090041860787301,0.9705241433925156,0.9884507060050964,0.3012731117908309,0.5026280283927917,0.497372031211853,0.500460684299469,0.9975975197431778,0.9994642734527588,0.3046299729035978,0.4995393455028534,4,20,3.280912458896637,ILN,0.925365811213851
0.05271902307868,0.0448722243309021,1.0108717679977417,1.001665711402893,a3bbdbfd452e924f9de9951fe0e974b406b6f34e6adc127b7a0f651586ad3781,12.008381494574776,0.633070170879364,0.2105296155850931,8.772270945463328,0.3936313092708587,0.1309034164537227,0.508340060710907,0.491659939289093,p22,True,2.0046815872192383,0.025,0.2952942253040352,0.9705241433925156,0.9810754656791688,0.326259947396511,0.5030113458633423,0.4969886541366577,0.5011780261993408,0.9975975197431778,0.9992592334747314,0.3323070205646732,0.4988220036029815,4,40,3.007036179304123,ILN,1.5507262460887432
0.0409536734223365,0.0346856825053691,0.9992783069610596,1.0014578104019165,5006c03cc09a52b970d1bff7e52d623c4259f2d98b2b9c2d21310ef7f6d44214,12.008381494574776,0.4917873442173004,0.1778657837010257,8.772270945463328,0.3042722046375274,0.1100467809362322,0.5099427700042725,0.4900572597980499,p22,True,1.900416135787964,0.05,0.1819211822581591,0.9705241433925156,0.969823718070984,0.3507582244538572,0.5014784932136536,0.4985215067863464,0.5017406344413757,0.9975975197431778,0.9990518093109132,0.3613292109088848,0.4982593655586242,4,80,2.764935076236725,ILN,2.698670282959938
0.01492999214679,0.0215313676744699,0.9418439865112304,1.0020270347595217,3c5f7c11d9d973b631eb436028deca1061d3e5d3d49b2534fad070f9213fb986,12.008381494574776,0.1792850494384765,0.0785694907189928,8.772270945463328,0.1888789981603622,0.082773921972037,0.4994854032993316,0.5005146265029907,p22,True,1.807309865951538,0.2,0.0849500087348092,0.9705241433925156,0.9140822887420654,0.4005854371385322,0.4879246652126312,0.5120753645896912,0.5005939602851868,0.9975975197431778,0.9996196627616882,0.4380711501704379,0.4994060695171356,4,320,2.2818659991025925,ILN,9.034196661785243
0.0046687116846442,0.0117423720657825,0.8719441890716553,1.00017511844635,e3bf4e3db28a93f352a253e156e63e8681c65d429a2abe0eccb8e203d6d8059e,12.008381494574776,0.056063674390316,0.0279886497606556,8.772270945463328,0.1030072718858718,0.0514242865271829,0.551299512386322,0.448700487613678,p22,True,1.8457940816879272,0.5,0.0421287956608903,0.9705241433925156,0.8462429046630859,0.4224695674806895,0.4394228160381317,0.5605771541595459,0.4979296028614044,0.9975975197431778,0.997772216796875,0.4981174962314719,0.502070426940918,4,800,2.003086067736149,ILN,21.64745954424143
0.0016311107901856,0.0054366355761885,0.825972318649292,0.9965489506721495,6ef9c5471c2582344f5fb7b88e57971a339035541ffe7956fe5a109108c435ab,12.008381494574776,0.0195870008319616,0.0105133523783569,8.772270945463328,0.0476916432380676,0.0255985617791221,0.6660394072532654,0.333960622549057,p22,True,1.786157488822937,1.0,0.0176524599982653,0.9705241433925156,0.8016260862350464,0.430274016556935,0.3029009997844696,0.6970990300178528,0.4968300461769104,0.9975975197431778,0.9941547513008118,0.5336140692855859,0.5031699538230896,4,1600,1.8630594816058876,ILN,42.29795146174729
