observation_id,cluster
CTAAGGTCTTGCTGGA,5
CTAAGGTCACACAGAA,5
CTAAGGTCACAGCAGA,4
CTAAGGTCACCTCCAA,4
CTAAGGTCACGCTCGA,4
CTAAGGTCACGTATCA,4
CTAAGGTCACTATGCA,4
CTAAGGTCAGAGTCAA,4
CTAAGGTCAGATCGCA,4
CTAAGGTCAGCAGGAA,4
CTAAGGTCAGTCACTA,4
CTAAGGTCATCCTGTA,4
CTAAGGTCATTGAGGA,4
CTAAGGTCCAACCACA,4
CTAAGGTCGACTAGTA,4
CTAAGGTCCAATGGAA,4
CTAAGGTCCACTTCGA,4
CTAAGGTCCAGCGTTA,4
CTAAGGTCCATACCAA,3
CTAAGGTCCCAGTTCA,3
CTAAGGTCCCGAAGTA,3
CTAAGGTCCCGTGAGA,3
CTAAGGTCCCTCCTGA,3
CTAAGGTCCGAACTTA,3
CTAAGGTCCGACTGGA,3
CTAAGGTCCGCATACA,3
CTAAGGTCCTCAATGA,3
CTAAGGTCCTGAGCCA,3
CTAAGGTCCTGGCATA,6
CTAAGGTCGAATCTGA,6
CTAAGGTCCAAGACTA,6
CTAAGGTCGAGCTGAA,6
CTAAGGTCGATAGACA,6
CTAAGGTCGCCACATA,6
CTAAGGTCGCGAGTAA,7
CTAAGGTCGCTAACGA,6
CTAAGGTCGCTCGGTA,6
CTAAGGTCGGAGAACA,7
CTAAGGTCGGTGCGAA,7
CTAAGGTCGTACGCAA,7
CTAAGGTCGTCGTAGA,6
CTAAGGTCGTCTGTCA,6
CTAAGGTCGTGTTCTA,7
CTAAGGTCTAGGATGA,7
CTAAGGTCTATCAGCA,7
CTAAGGTCTCCGTCTA,7
CTAAGGTCTCTTCACA,7
CTAAGGTCTGAAGAGA,6
CTAAGGTCTGGAACAA,6
CTAAGGTCTGGCTTCA,6
CTAAGGTCTGGTGGTA,6
CTAAGGTCTTCACGCA,6
CTAAGGTCAACTCACC,7
CTAAGGTCAAGAGATC,7
CTAAGGTCAAGGACAC,7
CTAAGGTCAATCCGTC,7
CTAAGGTCAATGTTGC,7
CTAAGGTCACACGACC,7
CTAAGGTCACAGATTC,7
CTAAGGTCAGATGTAC,7
CTAAGGTCAGCACCTC,7
CTAAGGTCAGCCATGC,7
CTAAGGTCAGGCTAAC,7
CTAAGGTCATAGCGAC,7
CTAAGGTCATCATTCC,7
CTAAGGTCATTGGCTC,7
CTAAGGTCCAAGGAGC,6
CTAAGGTCCACCTTAC,6
CTAAGGTCCCATCCTC,6
CTAAGGTCCCGACAAC,6
CTAAGGTCCCTAATCC,6
CTAAGGTCCCTCTATC,6
CTAAGGTCCGACACAC,3
CTAAGGTCCGGATTGC,3
CTAAGGTCCTAAGGTC,4
CTAAGGTCGAACAGGC,4
CTAAGGTCGACAGTGC,4
CTAAGGTCGAGTTAGC,4
CTAAGGTCGATGAATC,6
CTAAGGTCGCCAAGAC,5
CTAAGGTCCGGAAGAA,5
CTAAGGTCGTGACAAG,5
CTAAGGTCGAACCAGA,5
CGGATTGCTTGCTGGA,6
CGGATTGCACACAGAA,6
CGGATTGCACAGCAGA,4
CGGATTGCACCTCCAA,4
CGGATTGCACGCTCGA,4
CGGATTGCACGTATCA,4
CGGATTGCACTATGCA,4
CGGATTGCAGAGTCAA,4
CGGATTGCAGATCGCA,4
CGGATTGCAGCAGGAA,4
CGGATTGCAGTCACTA,4
CGGATTGCATCCTGTA,4
CGGATTGCATTGAGGA,4
CGGATTGCCAACCACA,4
CGGATTGCGACTAGTA,4
CGGATTGCCAATGGAA,4
CGGATTGCCACTTCGA,4
CGGATTGCCAGCGTTA,3
CGGATTGCCATACCAA,3
CGGATTGCCCAGTTCA,3
CGGATTGCCCGAAGTA,3
CGGATTGCCCGTGAGA,3
CGGATTGCCCTCCTGA,3
CGGATTGCCGAACTTA,3
CGGATTGCCGACTGGA,3
CGGATTGCCGCATACA,3
CGGATTGCCTCAATGA,6
CGGATTGCCTGAGCCA,6
CGGATTGCCTGGCATA,6
CGGATTGCGAATCTGA,6
CGGATTGCCAAGACTA,6
CGGATTGCGAGCTGAA,6
CGGATTGCGATAGACA,6
CGGATTGCGCCACATA,6
CGGATTGCGCGAGTAA,6
CGGATTGCGCTAACGA,7
CGGATTGCGCTCGGTA,7
CGGATTGCGGAGAACA,7
CGGATTGCGGTGCGAA,7
CGGATTGCGTACGCAA,7
CGGATTGCGTCGTAGA,7
CGGATTGCGTCTGTCA,6
CGGATTGCGTGTTCTA,6
CGGATTGCTAGGATGA,7
CGGATTGCTATCAGCA,7
CGGATTGCTCCGTCTA,7
CGGATTGCTCTTCACA,7
CGGATTGCTGAAGAGA,6
CGGATTGCTGGAACAA,6
CGGATTGCTGGCTTCA,7
CGGATTGCTGGTGGTA,7
CGGATTGCTTCACGCA,7
CGGATTGCAACTCACC,7
CGGATTGCAAGAGATC,7
CGGATTGCAAGGACAC,7
CGGATTGCAATCCGTC,7
CGGATTGCAATGTTGC,7
CGGATTGCACACGACC,7
CGGATTGCACAGATTC,7
CGGATTGCAGATGTAC,7
CGGATTGCAGCACCTC,7
CGGATTGCAGCCATGC,7
CGGATTGCAGGCTAAC,7
CGGATTGCATAGCGAC,7
CGGATTGCATCATTCC,6
CGGATTGCATTGGCTC,7
CGGATTGCCAAGGAGC,6
CGGATTGCCACCTTAC,6
CGGATTGCCCATCCTC,6
CGGATTGCCCGACAAC,6
CGGATTGCCCTAATCC,6
CGGATTGCCCTCTATC,6
CGGATTGCCGACACAC,3
CGGATTGCCGGATTGC,3
CGGATTGCCTAAGGTC,4
CGGATTGCGAACAGGC,4
CGGATTGCGACAGTGC,4
CGGATTGCGAGTTAGC,4
CGGATTGCGATGAATC,6
CGGATTGCGCCAAGAC,5
CGGATTGCCGGAAGAA,5
CGGATTGCGTGACAAG,5
CGGATTGCGAACCAGA,5
CGACACACTTGCTGGA,5
CGACACACAAGACGGA,6
CGACACACAAGGTACA,4
CGACACACACACAGAA,4
CGACACACACAGCAGA,4
CGACACACACCTCCAA,4
CGACACACACGCTCGA,4
CGACACACACGTATCA,4
CGACACACACTATGCA,4
CGACACACAGAGTCAA,4
CGACACACAGATCGCA,4
CGACACACAGCAGGAA,4
CGACACACAGTCACTA,4
CGACACACATCCTGTA,4
CGACACACATTGAGGA,4
CGACACACCAACCACA,4
CGACACACGACTAGTA,4
CGACACACCAATGGAA,4
CGACACACCACTTCGA,3
CGACACACCAGCGTTA,3
CGACACACCATACCAA,3
CGACACACCCAGTTCA,3
CGACACACCCGAAGTA,3
CGACACACCCGTGAGA,3
CGACACACCCTCCTGA,3
CGACACACCGAACTTA,3
CGACACACCGACTGGA,3
CGACACACCGCATACA,4
CGACACACCTCAATGA,6
CGACACACCTGAGCCA,6
CGACACACCTGGCATA,6
CGACACACGAATCTGA,6
CGACACACCAAGACTA,6
CGACACACGAGCTGAA,6
CGACACACGATAGACA,6
CGACACACGCCACATA,6
CGACACACGCGAGTAA,6
CGACACACGCTAACGA,6
CGACACACGCTCGGTA,7
CGACACACGGAGAACA,7
CGACACACGGTGCGAA,7
CGACACACGTACGCAA,7
CGACACACGTCGTAGA,6
CGACACACGTCTGTCA,6
CGACACACGTGTTCTA,6
CGACACACTAGGATGA,6
CGACACACTATCAGCA,7
CGACACACTCCGTCTA,6
CGACACACTCTTCACA,6
CGACACACTGAAGAGA,6
CGACACACTGGAACAA,7
CGACACACTGGCTTCA,7
CGACACACTGGTGGTA,7
CGACACACTTCACGCA,7
CGACACACAACTCACC,7
CGACACACAAGAGATC,7
CGACACACAAGGACAC,7
CGACACACAATCCGTC,7
CGACACACAATGTTGC,7
CGACACACACACGACC,7
CGACACACACAGATTC,7
CGACACACAGATGTAC,7
CGACACACAGCACCTC,7
CGACACACAGCCATGC,7
CGACACACAGGCTAAC,7
CGACACACATAGCGAC,6
CGACACACATCATTCC,6
CGACACACATTGGCTC,6
CGACACACCAAGGAGC,6
CGACACACCACCTTAC,6
CGACACACCCATCCTC,6
CGACACACCCGACAAC,6
CGACACACCCTAATCC,6
CGACACACCCTCTATC,3
CGACACACCGACACAC,3
CGACACACCGGATTGC,4
CGACACACCTAAGGTC,4
CGACACACGAACAGGC,4
CGACACACGACAGTGC,4
CGACACACGAGTTAGC,6
CGACACACGATGAATC,5
CGACACACGCCAAGAC,5
CGACACACCGGAAGAA,5
CGACACACGTGACAAG,5
CGACACACGAACCAGA,5
CCTCTATCTTGCTGGA,5
CCTCTATCAACCGAGA,4
CCTCTATCAACGCTTA,4
CCTCTATCAAGACGGA,4
CCTCTATCAAGGTACA,4
CCTCTATCACACAGAA,4
CCTCTATCACAGCAGA,4
CCTCTATCACCTCCAA,4
CCTCTATCACGCTCGA,4
CCTCTATCACGTATCA,4
CCTCTATCACTATGCA,4
CCTCTATCAGAGTCAA,4
CCTCTATCAGATCGCA,4
CCTCTATCAGCAGGAA,4
CCTCTATCAGTCACTA,4
CCTCTATCATCCTGTA,4
CCTCTATCATTGAGGA,4
CCTCTATCCAACCACA,4
CCTCTATCGACTAGTA,4
CCTCTATCCAATGGAA,3
CCTCTATCCACTTCGA,3
CCTCTATCCAGCGTTA,3
CCTCTATCCATACCAA,3
CCTCTATCCCAGTTCA,3
CCTCTATCCCGAAGTA,3
CCTCTATCCCGTGAGA,3
CCTCTATCCCTCCTGA,3
CCTCTATCCGAACTTA,3
CCTCTATCCGACTGGA,6
CCTCTATCCGCATACA,6
CCTCTATCCTCAATGA,6
CCTCTATCCTGAGCCA,6
CCTCTATCCTGGCATA,6
CCTCTATCGAATCTGA,6
CCTCTATCCAAGACTA,6
CCTCTATCGAGCTGAA,6
CCTCTATCGATAGACA,6
CCTCTATCGCCACATA,6
CCTCTATCGCGAGTAA,6
CCTCTATCGCTAACGA,6
CCTCTATCGCTCGGTA,6
CCTCTATCGGAGAACA,7
CCTCTATCGGTGCGAA,7
CCTCTATCGTACGCAA,6
CCTCTATCGTCGTAGA,6
CCTCTATCGTCTGTCA,6
CCTCTATCGTGTTCTA,6
CCTCTATCTAGGATGA,6
CCTCTATCTATCAGCA,6
CCTCTATCTCCGTCTA,6
CCTCTATCTCTTCACA,6
CCTCTATCTGAAGAGA,7
CCTCTATCTGGAACAA,7
CCTCTATCTGGCTTCA,7
CCTCTATCTGGTGGTA,7
CCTCTATCTTCACGCA,7
CCTCTATCAACTCACC,7
CCTCTATCAAGAGATC,7
CCTCTATCAAGGACAC,7
CCTCTATCAATCCGTC,7
CCTCTATCAATGTTGC,7
CCTCTATCACACGACC,7
CCTCTATCACAGATTC,7
CCTCTATCAGATGTAC,7
CCTCTATCAGCACCTC,7
CCTCTATCAGCCATGC,7
CCTCTATCAGGCTAAC,7
CCTCTATCATAGCGAC,6
CCTCTATCATCATTCC,6
CCTCTATCATTGGCTC,6
CCTCTATCCAAGGAGC,6
CCTCTATCCACCTTAC,6
CCTCTATCCCATCCTC,6
CCTCTATCCCGACAAC,6
CCTCTATCCCTAATCC,6
CCTCTATCCCTCTATC,3
CCTCTATCCGACACAC,3
CCTCTATCCGGATTGC,4
CCTCTATCCTAAGGTC,4
CCTCTATCGAACAGGC,4
CCTCTATCGACAGTGC,4
CCTCTATCGAGTTAGC,4
CCTCTATCGATGAATC,6
CCTCTATCGCCAAGAC,5
CCTCTATCCGGAAGAA,5
CCTCTATCGTGACAAG,5
CCTCTATCGAACCAGA,5
CCTAATCCTTGCTGGA,5
CCTAATCCAACCGAGA,4
CCTAATCCAACGCTTA,4
CCTAATCCAAGACGGA,4
CCTAATCCAAGGTACA,4
CCTAATCCACACAGAA,4
CCTAATCCACAGCAGA,4
CCTAATCCACCTCCAA,4
CCTAATCCACGCTCGA,4
CCTAATCCACGTATCA,4
CCTAATCCACTATGCA,4
CCTAATCCAGAGTCAA,4
CCTAATCCAGATCGCA,4
CCTAATCCAGCAGGAA,4
CCTAATCCAGTCACTA,4
CCTAATCCATCCTGTA,4
CCTAATCCATTGAGGA,4
CCTAATCCCAACCACA,4
CCTAATCCGACTAGTA,3
CCTAATCCCAATGGAA,3
CCTAATCCCACTTCGA,3
CCTAATCCCAGCGTTA,3
CCTAATCCCATACCAA,3
CCTAATCCCCAGTTCA,3
CCTAATCCCCGAAGTA,3
CCTAATCCCCGTGAGA,3
CCTAATCCCCTCCTGA,3
CCTAATCCCGAACTTA,6
CCTAATCCCGACTGGA,6
CCTAATCCCGCATACA,6
CCTAATCCCTCAATGA,6
CCTAATCCCTGAGCCA,6
CCTAATCCCTGGCATA,6
CCTAATCCGAATCTGA,6
CCTAATCCCAAGACTA,6
CCTAATCCGAGCTGAA,6
CCTAATCCGATAGACA,6
CCTAATCCGCCACATA,7
CCTAATCCGCGAGTAA,7
CCTAATCCGCTAACGA,6
CCTAATCCGCTCGGTA,6
CCTAATCCGGAGAACA,7
CCTAATCCGGTGCGAA,7
CCTAATCCGTACGCAA,7
CCTAATCCGTCGTAGA,7
CCTAATCCGTCTGTCA,7
CCTAATCCGTGTTCTA,6
CCTAATCCTAGGATGA,6
CCTAATCCTATCAGCA,6
CCTAATCCTCCGTCTA,7
CCTAATCCTCTTCACA,7
CCTAATCCTGAAGAGA,7
CCTAATCCTGGAACAA,7
CCTAATCCTGGCTTCA,7
CCTAATCCTGGTGGTA,7
CCTAATCCTTCACGCA,7
CCTAATCCAACTCACC,6
CCTAATCCAAGAGATC,7
CCTAATCCAAGGACAC,7
CCTAATCCAATCCGTC,7
CCTAATCCAATGTTGC,7
CCTAATCCACACGACC,7
CCTAATCCACAGATTC,7
CCTAATCCAGATGTAC,7
CCTAATCCAGCACCTC,7
CCTAATCCAGCCATGC,7
CCTAATCCAGGCTAAC,7
CCTAATCCATAGCGAC,6
CCTAATCCATCATTCC,6
CCTAATCCATTGGCTC,6
CCTAATCCCAAGGAGC,6
CCTAATCCCACCTTAC,6
CCTAATCCCCATCCTC,6
CCTAATCCCCGACAAC,6
CCTAATCCCCTAATCC,6
CCTAATCCCCTCTATC,6
CCTAATCCCGACACAC,3
CCTAATCCCGGATTGC,3
CCTAATCCCTAAGGTC,4
CCTAATCCGAACAGGC,4
CCTAATCCGACAGTGC,4
CCTAATCCGAGTTAGC,6
CCTAATCCGATGAATC,6
CCTAATCCGCCAAGAC,5
CCTAATCCCGGAAGAA,5
CCTAATCCGTGACAAG,5
CCTAATCCGAACCAGA,5
CCGACAACTTGCTGGA,5
CCGACAACAACAACCA,5
CCGACAACAACCGAGA,5
CCGACAACAACGCTTA,4
CCGACAACAAGACGGA,4
CCGACAACAAGGTACA,4
CCGACAACACACAGAA,4
CCGACAACACAGCAGA,4
CCGACAACACCTCCAA,4
CCGACAACACGCTCGA,4
CCGACAACACGTATCA,4
CCGACAACACTATGCA,4
CCGACAACAGAGTCAA,4
CCGACAACAGATCGCA,4
CCGACAACAGCAGGAA,4
CCGACAACAGTCACTA,4
CCGACAACATCCTGTA,3
CCGACAACATTGAGGA,3
CCGACAACCAACCACA,3
CCGACAACGACTAGTA,3
CCGACAACCAATGGAA,3
CCGACAACCACTTCGA,3
CCGACAACCAGCGTTA,3
CCGACAACCATACCAA,3
CCGACAACCCAGTTCA,3
CCGACAACCCGAAGTA,3
CCGACAACCCGTGAGA,6
CCGACAACCCTCCTGA,6
CCGACAACCGAACTTA,6
CCGACAACCGACTGGA,6
CCGACAACCGCATACA,6
CCGACAACCTCAATGA,6
CCGACAACCTGAGCCA,6
CCGACAACCTGGCATA,7
CCGACAACGAATCTGA,7
CCGACAACCAAGACTA,7
CCGACAACGAGCTGAA,6
CCGACAACGATAGACA,7
CCGACAACGCCACATA,6
CCGACAACGCGAGTAA,6
CCGACAACGCTAACGA,6
CCGACAACGCTCGGTA,6
CCGACAACGGAGAACA,6
CCGACAACGGTGCGAA,7
CCGACAACGTACGCAA,7
CCGACAACGTCGTAGA,7
CCGACAACGTCTGTCA,7
CCGACAACGTGTTCTA,7
CCGACAACTAGGATGA,7
CCGACAACTATCAGCA,7
CCGACAACTCCGTCTA,7
CCGACAACTCTTCACA,7
CCGACAACTGAAGAGA,7
CCGACAACTGGAACAA,7
CCGACAACTGGCTTCA,7
CCGACAACTGGTGGTA,7
CCGACAACTTCACGCA,7
CCGACAACAACTCACC,7
CCGACAACAAGAGATC,7
CCGACAACAAGGACAC,7
CCGACAACAATCCGTC,7
CCGACAACAATGTTGC,7
CCGACAACACACGACC,7
CCGACAACACAGATTC,7
CCGACAACAGATGTAC,7
CCGACAACAGCACCTC,7
CCGACAACAGCCATGC,7
CCGACAACAGGCTAAC,7
CCGACAACATAGCGAC,6
CCGACAACATCATTCC,6
CCGACAACATTGGCTC,6
CCGACAACCAAGGAGC,6
CCGACAACCACCTTAC,6
CCGACAACCCATCCTC,6
CCGACAACCCGACAAC,6
CCGACAACCCTAATCC,6
CCGACAACCCTCTATC,6
CCGACAACCGACACAC,3
CCGACAACCGGATTGC,3
CCGACAACCTAAGGTC,4
CCGACAACGAACAGGC,4
CCGACAACGACAGTGC,4
CCGACAACGAGTTAGC,6
CCGACAACGATGAATC,6
CCGACAACGCCAAGAC,5
CCGACAACCGGAAGAA,5
CCGACAACGTGACAAG,5
CCGACAACGAACCAGA,5
CCATCCTCTTGCTGGA,5
CCATCCTCAGTACAAG,5
CCATCCTCAACAACCA,5
CCATCCTCAACCGAGA,4
CCATCCTCAACGCTTA,4
CCATCCTCAAGACGGA,4
CCATCCTCAAGGTACA,4
CCATCCTCACACAGAA,4
CCATCCTCACAGCAGA,4
CCATCCTCACCTCCAA,4
CCATCCTCACGCTCGA,4
CCATCCTCACGTATCA,4
CCATCCTCACTATGCA,4
CCATCCTCAGAGTCAA,4
CCATCCTCAGATCGCA,4
CCATCCTCAGCAGGAA,3
CCATCCTCAGTCACTA,3
CCATCCTCATCCTGTA,3
CCATCCTCATTGAGGA,3
CCATCCTCCAACCACA,3
CCATCCTCGACTAGTA,3
CCATCCTCCAATGGAA,3
CCATCCTCCACTTCGA,3
CCATCCTCCAGCGTTA,3
CCATCCTCCATACCAA,3
CCATCCTCCCAGTTCA,3
CCATCCTCCCGAAGTA,6
CCATCCTCCCGTGAGA,6
CCATCCTCCCTCCTGA,6
CCATCCTCCGAACTTA,6
CCATCCTCCGACTGGA,6
CCATCCTCCGCATACA,6
CCATCCTCCTCAATGA,6
CCATCCTCCTGAGCCA,6
CCATCCTCCTGGCATA,7
CCATCCTCGAATCTGA,7
CCATCCTCCAAGACTA,7
CCATCCTCGAGCTGAA,7
CCATCCTCGATAGACA,7
CCATCCTCGCCACATA,7
CCATCCTCGCGAGTAA,7
CCATCCTCGCTAACGA,6
CCATCCTCGCTCGGTA,6
CCATCCTCGGAGAACA,6
CCATCCTCGGTGCGAA,6
CCATCCTCGTACGCAA,7
CCATCCTCGTCGTAGA,7
CCATCCTCGTCTGTCA,7
CCATCCTCGTGTTCTA,7
CCATCCTCTAGGATGA,7
CCATCCTCTATCAGCA,7
CCATCCTCTCCGTCTA,7
CCATCCTCTCTTCACA,7
CCATCCTCTGAAGAGA,7
CCATCCTCTGGAACAA,7
CCATCCTCTGGCTTCA,7
CCATCCTCTGGTGGTA,7
CCATCCTCTTCACGCA,7
CCATCCTCAACTCACC,7
CCATCCTCAAGAGATC,7
CCATCCTCAAGGACAC,7
CCATCCTCAATCCGTC,7
CCATCCTCAATGTTGC,7
CCATCCTCACACGACC,7
CCATCCTCACAGATTC,7
CCATCCTCAGATGTAC,7
CCATCCTCAGCACCTC,7
CCATCCTCAGCCATGC,7
CCATCCTCAGGCTAAC,7
CCATCCTCATAGCGAC,7
CCATCCTCATCATTCC,7
CCATCCTCATTGGCTC,6
CCATCCTCCAAGGAGC,6
CCATCCTCCACCTTAC,6
CCATCCTCCCATCCTC,6
CCATCCTCCCGACAAC,6
CCATCCTCCCTAATCC,6
CCATCCTCCCTCTATC,6
CCATCCTCCGACACAC,3
CCATCCTCCGGATTGC,3
CCATCCTCCTAAGGTC,4
CCATCCTCGAACAGGC,4
CCATCCTCGACAGTGC,4
CCATCCTCGAGTTAGC,4
CCATCCTCGATGAATC,6
CCATCCTCGCCAAGAC,5
CCATCCTCCGGAAGAA,5
CCATCCTCGTGACAAG,5
CCATCCTCGAACCAGA,5
CACCTTACTTGCTGGA,5
CACCTTACAGTACAAG,5
CACCTTACAACAACCA,5
CACCTTACAACCGAGA,4
CACCTTACAACGCTTA,4
CACCTTACAAGACGGA,4
CACCTTACAAGGTACA,4
CACCTTACACACAGAA,4
CACCTTACACAGCAGA,4
CACCTTACACCTCCAA,4
CACCTTACACGCTCGA,4
CACCTTACACGTATCA,4
CACCTTACACTATGCA,4
CACCTTACAGAGTCAA,4
CACCTTACAGATCGCA,4
CACCTTACAGCAGGAA,3
CACCTTACAGTCACTA,3
CACCTTACATCCTGTA,3
CACCTTACATTGAGGA,3
CACCTTACCAACCACA,3
CACCTTACGACTAGTA,3
CACCTTACCAATGGAA,3
CACCTTACCACTTCGA,3
CACCTTACCAGCGTTA,3
CACCTTACCATACCAA,3
CACCTTACCCAGTTCA,6
CACCTTACCCGAAGTA,6
CACCTTACCCGTGAGA,6
CACCTTACCCTCCTGA,6
CACCTTACCGAACTTA,6
CACCTTACCGACTGGA,6
CACCTTACCGCATACA,6
CACCTTACCTCAATGA,6
CACCTTACCTGAGCCA,7
CACCTTACCTGGCATA,7
CACCTTACGAATCTGA,7
CACCTTACCAAGACTA,6
CACCTTACGAGCTGAA,7
CACCTTACGATAGACA,6
CACCTTACGCCACATA,7
CACCTTACGCGAGTAA,7
CACCTTACGCTAACGA,7
CACCTTACGCTCGGTA,7
CACCTTACGGAGAACA,7
CACCTTACGGTGCGAA,7
CACCTTACGTACGCAA,7
CACCTTACGTCGTAGA,7
CACCTTACGTCTGTCA,7
CACCTTACGTGTTCTA,7
CACCTTACTAGGATGA,7
CACCTTACTATCAGCA,7
CACCTTACTCCGTCTA,7
CACCTTACTCTTCACA,7
CACCTTACTGAAGAGA,7
CACCTTACTGGAACAA,7
CACCTTACTGGCTTCA,7
CACCTTACTGGTGGTA,7
CACCTTACTTCACGCA,7
CACCTTACAACTCACC,7
CACCTTACAAGAGATC,7
CACCTTACAAGGACAC,7
CACCTTACAATCCGTC,7
CACCTTACAATGTTGC,7
CACCTTACACACGACC,7
CACCTTACACAGATTC,7
CACCTTACAGATGTAC,7
CACCTTACAGCACCTC,7
CACCTTACAGCCATGC,7
CACCTTACAGGCTAAC,7
CACCTTACATAGCGAC,7
CACCTTACATCATTCC,7
CACCTTACATTGGCTC,6
CACCTTACCAAGGAGC,6
CACCTTACCACCTTAC,6
CACCTTACCCATCCTC,6
CACCTTACCCGACAAC,6
CACCTTACCCTAATCC,6
CACCTTACCCTCTATC,3
CACCTTACCGACACAC,3
CACCTTACCGGATTGC,3
CACCTTACCTAAGGTC,4
CACCTTACGAACAGGC,4
CACCTTACGACAGTGC,4
CACCTTACGAGTTAGC,4
CACCTTACGATGAATC,6
CACCTTACGCCAAGAC,5
CACCTTACCGGAAGAA,5
CACCTTACGTGACAAG,5
CACCTTACGAACCAGA,5
CAAGGAGCTTGCTGGA,5
CAAGGAGCCTGTAGCC,6
CAAGGAGCAGTACAAG,6
CAAGGAGCAACAACCA,4
CAAGGAGCAACCGAGA,4
CAAGGAGCAACGCTTA,4
CAAGGAGCAAGACGGA,4
CAAGGAGCAAGGTACA,4
CAAGGAGCACACAGAA,4
CAAGGAGCACAGCAGA,4
CAAGGAGCACCTCCAA,4
CAAGGAGCACGCTCGA,3
CAAGGAGCACGTATCA,4
CAAGGAGCACTATGCA,3
CAAGGAGCAGAGTCAA,3
CAAGGAGCAGATCGCA,3
CAAGGAGCAGCAGGAA,3
CAAGGAGCAGTCACTA,3
CAAGGAGCATCCTGTA,3
CAAGGAGCATTGAGGA,3
CAAGGAGCCAACCACA,3
CAAGGAGCGACTAGTA,3
CAAGGAGCCAATGGAA,3
CAAGGAGCCACTTCGA,3
CAAGGAGCCAGCGTTA,3
CAAGGAGCCATACCAA,3
CAAGGAGCCCAGTTCA,6
CAAGGAGCCCGAAGTA,6
CAAGGAGCCCGTGAGA,6
CAAGGAGCCCTCCTGA,6
CAAGGAGCCGAACTTA,6
CAAGGAGCCGACTGGA,6
CAAGGAGCCGCATACA,6
CAAGGAGCCTCAATGA,6
CAAGGAGCCTGAGCCA,7
CAAGGAGCCTGGCATA,7
CAAGGAGCGAATCTGA,7
CAAGGAGCCAAGACTA,7
CAAGGAGCGAGCTGAA,6
CAAGGAGCGATAGACA,7
CAAGGAGCGCCACATA,7
CAAGGAGCGCGAGTAA,7
CAAGGAGCGCTAACGA,7
CAAGGAGCGCTCGGTA,7
CAAGGAGCGGAGAACA,7
CAAGGAGCGGTGCGAA,7
CAAGGAGCGTACGCAA,7
CAAGGAGCGTCGTAGA,7
CAAGGAGCGTCTGTCA,7
CAAGGAGCGTGTTCTA,7
CAAGGAGCTAGGATGA,7
CAAGGAGCTATCAGCA,7
CAAGGAGCTCCGTCTA,7
CAAGGAGCTCTTCACA,7
CAAGGAGCTGAAGAGA,7
CAAGGAGCTGGAACAA,7
CAAGGAGCTGGCTTCA,7
CAAGGAGCTGGTGGTA,7
CAAGGAGCTTCACGCA,7
CAAGGAGCAACTCACC,7
CAAGGAGCAAGAGATC,7
CAAGGAGCAAGGACAC,7
CAAGGAGCAATCCGTC,7
CAAGGAGCAATGTTGC,7
CAAGGAGCACACGACC,7
CAAGGAGCACAGATTC,7
CAAGGAGCAGATGTAC,7
CAAGGAGCAGCACCTC,7
CAAGGAGCAGCCATGC,7
CAAGGAGCAGGCTAAC,7
CAAGGAGCATAGCGAC,7
CAAGGAGCATCATTCC,6
CAAGGAGCATTGGCTC,6
CAAGGAGCCAAGGAGC,6
CAAGGAGCCACCTTAC,6
CAAGGAGCCCATCCTC,6
CAAGGAGCCCGACAAC,6
CAAGGAGCCCTAATCC,6
CAAGGAGCCCTCTATC,3
CAAGGAGCCGACACAC,3
CAAGGAGCCGGATTGC,3
CAAGGAGCCTAAGGTC,4
CAAGGAGCGAACAGGC,4
CAAGGAGCGACAGTGC,4
CAAGGAGCGAGTTAGC,4
CAAGGAGCGATGAATC,6
CAAGGAGCGCCAAGAC,5
CAAGGAGCCGGAAGAA,5
CAAGGAGCGTGACAAG,5
CAAGGAGCGAACCAGA,5
ATTGGCTCACAAGCTA,5
ATTGGCTCTTGCTGGA,5
ATTGGCTCCTGTAGCC,4
ATTGGCTCAGTACAAG,4
ATTGGCTCAACAACCA,4
ATTGGCTCAACCGAGA,4
ATTGGCTCAACGCTTA,4
ATTGGCTCAAGACGGA,4
ATTGGCTCAAGGTACA,4
ATTGGCTCACACAGAA,4
ATTGGCTCACAGCAGA,4
ATTGGCTCACCTCCAA,6
ATTGGCTCACGCTCGA,3
ATTGGCTCACGTATCA,3
ATTGGCTCACTATGCA,3
ATTGGCTCAGAGTCAA,3
ATTGGCTCAGATCGCA,3
ATTGGCTCAGCAGGAA,3
ATTGGCTCAGTCACTA,3
ATTGGCTCATCCTGTA,3
ATTGGCTCATTGAGGA,3
ATTGGCTCCAACCACA,3
ATTGGCTCGACTAGTA,3
ATTGGCTCCAATGGAA,3
ATTGGCTCCACTTCGA,3
ATTGGCTCCAGCGTTA,6
ATTGGCTCCATACCAA,6
ATTGGCTCCCAGTTCA,6
ATTGGCTCCCGAAGTA,6
ATTGGCTCCCGTGAGA,7
ATTGGCTCCCTCCTGA,6
ATTGGCTCCGAACTTA,6
ATTGGCTCCGACTGGA,6
ATTGGCTCCGCATACA,6
ATTGGCTCCTCAATGA,6
ATTGGCTCCTGAGCCA,7
ATTGGCTCCTGGCATA,7
ATTGGCTCGAATCTGA,6
ATTGGCTCCAAGACTA,7
ATTGGCTCGAGCTGAA,7
ATTGGCTCGATAGACA,7
ATTGGCTCGCCACATA,7
ATTGGCTCGCGAGTAA,7
ATTGGCTCGCTAACGA,7
ATTGGCTCGCTCGGTA,7
ATTGGCTCGGAGAACA,7
ATTGGCTCGGTGCGAA,7
ATTGGCTCGTACGCAA,7
ATTGGCTCGTCGTAGA,7
ATTGGCTCGTCTGTCA,7
ATTGGCTCGTGTTCTA,7
ATTGGCTCTAGGATGA,7
ATTGGCTCTATCAGCA,7
ATTGGCTCTCCGTCTA,7
ATTGGCTCTCTTCACA,7
ATTGGCTCTGAAGAGA,7
ATTGGCTCTGGAACAA,7
ATTGGCTCTGGCTTCA,7
ATTGGCTCTGGTGGTA,7
ATTGGCTCTTCACGCA,7
ATTGGCTCAACTCACC,7
ATTGGCTCAAGAGATC,7
ATTGGCTCAAGGACAC,7
ATTGGCTCAATCCGTC,7
ATTGGCTCAATGTTGC,7
ATTGGCTCACACGACC,6
ATTGGCTCACAGATTC,6
ATTGGCTCAGATGTAC,6
ATTGGCTCAGCACCTC,7
ATTGGCTCAGCCATGC,7
ATTGGCTCAGGCTAAC,7
ATTGGCTCATAGCGAC,7
ATTGGCTCATCATTCC,6
ATTGGCTCATTGGCTC,6
ATTGGCTCCAAGGAGC,6
ATTGGCTCCACCTTAC,6
ATTGGCTCCCATCCTC,6
ATTGGCTCCCGACAAC,6
ATTGGCTCCCTAATCC,6
ATTGGCTCCCTCTATC,6
ATTGGCTCCGACACAC,3
ATTGGCTCCGGATTGC,3
ATTGGCTCCTAAGGTC,4
ATTGGCTCGAACAGGC,4
ATTGGCTCGACAGTGC,4
ATTGGCTCGAGTTAGC,4
ATTGGCTCGATGAATC,6
ATTGGCTCGCCAAGAC,5
ATTGGCTCCGGAAGAA,5
ATTGGCTCGTGACAAG,5
ATTGGCTCGAACCAGA,5
ATCATTCCACAAGCTA,5
ATCATTCCTTGCTGGA,5
ATCATTCCCTGTAGCC,4
ATCATTCCAGTACAAG,4
ATCATTCCAACAACCA,4
ATCATTCCAACCGAGA,4
ATCATTCCAACGCTTA,4
ATCATTCCAAGACGGA,4
ATCATTCCAAGGTACA,4
ATCATTCCACACAGAA,4
ATCATTCCACAGCAGA,4
ATCATTCCACCTCCAA,4
ATCATTCCACGCTCGA,4
ATCATTCCACGTATCA,3
ATCATTCCACTATGCA,3
ATCATTCCAGAGTCAA,3
ATCATTCCAGATCGCA,3
ATCATTCCAGCAGGAA,3
ATCATTCCAGTCACTA,3
ATCATTCCATCCTGTA,3
ATCATTCCATTGAGGA,3
ATCATTCCCAACCACA,3
ATCATTCCGACTAGTA,3
ATCATTCCCAATGGAA,4
ATCATTCCCACTTCGA,6
ATCATTCCCAGCGTTA,6
ATCATTCCCATACCAA,6
ATCATTCCCCAGTTCA,6
ATCATTCCCCGAAGTA,6
ATCATTCCCCGTGAGA,6
ATCATTCCCCTCCTGA,6
ATCATTCCCGAACTTA,6
ATCATTCCCGACTGGA,6
ATCATTCCCGCATACA,6
ATCATTCCCTCAATGA,6
ATCATTCCCTGAGCCA,6
ATCATTCCCTGGCATA,6
ATCATTCCGAATCTGA,7
ATCATTCCCAAGACTA,7
ATCATTCCGAGCTGAA,7
ATCATTCCGATAGACA,7
ATCATTCCGCCACATA,7
ATCATTCCGCGAGTAA,7
ATCATTCCGCTAACGA,7
ATCATTCCGCTCGGTA,7
ATCATTCCGGAGAACA,7
ATCATTCCGGTGCGAA,7
ATCATTCCGTACGCAA,7
ATCATTCCGTCGTAGA,7
ATCATTCCGTCTGTCA,7
ATCATTCCGTGTTCTA,7
ATCATTCCTAGGATGA,7
ATCATTCCTATCAGCA,7
ATCATTCCTCCGTCTA,7
ATCATTCCTCTTCACA,7
ATCATTCCTGAAGAGA,7
ATCATTCCTGGAACAA,7
ATCATTCCTGGCTTCA,7
ATCATTCCTGGTGGTA,7
ATCATTCCTTCACGCA,7
ATCATTCCAACTCACC,7
ATCATTCCAAGAGATC,7
ATCATTCCAAGGACAC,7
ATCATTCCAATCCGTC,7
ATCATTCCAATGTTGC,7
ATCATTCCACACGACC,8
ATCATTCCACAGATTC,7
ATCATTCCAGATGTAC,7
ATCATTCCAGCACCTC,7
ATCATTCCAGCCATGC,7
ATCATTCCAGGCTAAC,7
ATCATTCCATAGCGAC,7
ATCATTCCATCATTCC,6
ATCATTCCATTGGCTC,6
ATCATTCCCAAGGAGC,6
ATCATTCCCACCTTAC,6
ATCATTCCCCATCCTC,6
ATCATTCCCCGACAAC,7
ATCATTCCCCTAATCC,6
ATCATTCCCCTCTATC,6
ATCATTCCCGACACAC,3
ATCATTCCCGCTGATC,5
ATCATTCCCGGATTGC,3
ATCATTCCCTAAGGTC,4
ATCATTCCGAACAGGC,4
ATCATTCCGACAGTGC,4
ATCATTCCGAGTTAGC,4
ATCATTCCGATGAATC,6
ATCATTCCGCCAAGAC,5
ATCATTCCCGGAAGAA,5
ATCATTCCGTGACAAG,5
ATCATTCCGAACCAGA,5
ATAGCGACACAAGCTA,4
ATAGCGACTTGCTGGA,5
ATAGCGACCTGTAGCC,4
ATAGCGACAGTACAAG,4
ATAGCGACAACAACCA,4
ATAGCGACAACCGAGA,4
ATAGCGACAACGCTTA,4
ATAGCGACAAGACGGA,4
ATAGCGACAAGGTACA,4
ATAGCGACACACAGAA,4
ATAGCGACACAGCAGA,4
ATAGCGACACCTCCAA,4
ATAGCGACACGCTCGA,4
ATAGCGACACGTATCA,3
ATAGCGACACTATGCA,3
ATAGCGACAGAGTCAA,3
ATAGCGACAGATCGCA,3
ATAGCGACAGCAGGAA,3
ATAGCGACAGTCACTA,3
ATAGCGACATCCTGTA,3
ATAGCGACATTGAGGA,3
ATAGCGACCAACCACA,3
ATAGCGACGACTAGTA,6
ATAGCGACCAATGGAA,6
ATAGCGACCACTTCGA,6
ATAGCGACCAGCGTTA,6
ATAGCGACCATACCAA,6
ATAGCGACCCAGTTCA,6
ATAGCGACCCGAAGTA,6
ATAGCGACCCGTGAGA,6
ATAGCGACCCTCCTGA,6
ATAGCGACCGAACTTA,6
ATAGCGACCGACTGGA,6
ATAGCGACCGCATACA,6
ATAGCGACCTCAATGA,6
ATAGCGACCTGAGCCA,6
ATAGCGACCTGGCATA,7
ATAGCGACGAATCTGA,7
ATAGCGACCAAGACTA,7
ATAGCGACGAGCTGAA,7
ATAGCGACGATAGACA,7
ATAGCGACGCCACATA,7
ATAGCGACGCGAGTAA,7
ATAGCGACGCTAACGA,7
ATAGCGACGCTCGGTA,7
ATAGCGACGGAGAACA,7
ATAGCGACGGTGCGAA,7
ATAGCGACGTACGCAA,7
ATAGCGACGTCGTAGA,7
ATAGCGACGTCTGTCA,7
ATAGCGACGTGTTCTA,7
ATAGCGACTAGGATGA,7
ATAGCGACTATCAGCA,7
ATAGCGACTCCGTCTA,7
ATAGCGACTCTTCACA,7
ATAGCGACTGAAGAGA,7
ATAGCGACTGGAACAA,7
ATAGCGACTGGCTTCA,7
ATAGCGACTGGTGGTA,7
ATAGCGACTTCACGCA,7
ATAGCGACAACTCACC,6
ATAGCGACAAGAGATC,7
ATAGCGACAAGGACAC,8
ATAGCGACAATCCGTC,8
ATAGCGACAATGTTGC,8
ATAGCGACACACGACC,8
ATAGCGACACAGATTC,7
ATAGCGACAGATGTAC,7
ATAGCGACAGCACCTC,7
ATAGCGACAGCCATGC,7
ATAGCGACAGGCTAAC,7
ATAGCGACATAGCGAC,7
ATAGCGACATCATTCC,6
ATAGCGACATTGGCTC,6
ATAGCGACCAAGGAGC,6
ATAGCGACCACCTTAC,6
ATAGCGACCCATCCTC,6
ATAGCGACCCGACAAC,6
ATAGCGACCCTAATCC,6
ATAGCGACCCTCTATC,6
ATAGCGACCGACACAC,6
ATAGCGACCGCTGATC,5
ATAGCGACCGGATTGC,3
ATAGCGACCTAAGGTC,4
ATAGCGACGAACAGGC,4
ATAGCGACGACAGTGC,4
ATAGCGACGAGTTAGC,4
ATAGCGACGATGAATC,6
ATAGCGACGCCAAGAC,5
ATAGCGACCGGAAGAA,5
ATAGCGACGTGACAAG,5
ATAGCGACGAACCAGA,5
AGGCTAACACAAGCTA,4
AGGCTAACTTGCTGGA,5
AGGCTAACCTGTAGCC,4
AGGCTAACAGTACAAG,4
AGGCTAACAACAACCA,4
AGGCTAACAACCGAGA,4
AGGCTAACAACGCTTA,4
AGGCTAACAAGACGGA,4
AGGCTAACAAGGTACA,4
AGGCTAACACACAGAA,4
AGGCTAACACAGCAGA,4
AGGCTAACACCTCCAA,4
AGGCTAACACGCTCGA,3
AGGCTAACACGTATCA,3
AGGCTAACACTATGCA,3
AGGCTAACAGAGTCAA,3
AGGCTAACAGATCGCA,3
AGGCTAACAGCAGGAA,3
AGGCTAACAGTCACTA,3
AGGCTAACATCCTGTA,3
AGGCTAACATTGAGGA,6
AGGCTAACCAACCACA,6
AGGCTAACGACTAGTA,6
AGGCTAACCAATGGAA,6
AGGCTAACCACTTCGA,6
AGGCTAACCAGCGTTA,6
AGGCTAACCATACCAA,6
AGGCTAACCCAGTTCA,6
AGGCTAACCCGAAGTA,6
AGGCTAACCCGTGAGA,7
AGGCTAACCCTCCTGA,7
AGGCTAACCGAACTTA,7
AGGCTAACCGACTGGA,6
AGGCTAACCGCATACA,6
AGGCTAACCTCAATGA,6
AGGCTAACCTGAGCCA,6
AGGCTAACCTGGCATA,7
AGGCTAACGAATCTGA,7
AGGCTAACCAAGACTA,7
AGGCTAACGAGCTGAA,7
AGGCTAACGATAGACA,7
AGGCTAACGCCACATA,7
AGGCTAACGCGAGTAA,7
AGGCTAACGCTAACGA,7
AGGCTAACGCTCGGTA,7
AGGCTAACGGAGAACA,7
AGGCTAACGGTGCGAA,7
AGGCTAACGTACGCAA,7
AGGCTAACGTCGTAGA,7
AGGCTAACGTCTGTCA,7
AGGCTAACGTGTTCTA,7
AGGCTAACTAGGATGA,7
AGGCTAACTATCAGCA,7
AGGCTAACTCCGTCTA,7
AGGCTAACTCTTCACA,6
AGGCTAACTGAAGAGA,7
AGGCTAACTGGAACAA,7
AGGCTAACTGGCTTCA,8
AGGCTAACTGGTGGTA,8
AGGCTAACTTCACGCA,8
AGGCTAACAACTCACC,8
AGGCTAACAAGAGATC,8
AGGCTAACAAGGACAC,8
AGGCTAACAATCCGTC,8
AGGCTAACAATGTTGC,8
AGGCTAACACACGACC,8
AGGCTAACACAGATTC,8
AGGCTAACAGATGTAC,7
AGGCTAACAGCACCTC,7
AGGCTAACAGCCATGC,7
AGGCTAACAGGCTAAC,7
AGGCTAACCATCAAGT,4
AGGCTAACATAGCGAC,7
AGGCTAACATCATTCC,6
AGGCTAACATTGGCTC,6
AGGCTAACCAAGGAGC,6
AGGCTAACCACCTTAC,6
AGGCTAACCCATCCTC,6
AGGCTAACCCGACAAC,6
AGGCTAACCCTAATCC,6
AGGCTAACCCTCTATC,6
AGGCTAACCGACACAC,3
AGGCTAACCGCTGATC,4
AGGCTAACCGGATTGC,3
AGGCTAACCTAAGGTC,4
AGGCTAACGAACAGGC,4
AGGCTAACGACAGTGC,4
AGGCTAACGAGTTAGC,4
AGGCTAACGATGAATC,6
AGGCTAACGCCAAGAC,5
AGGCTAACCGGAAGAA,5
AGGCTAACGTGACAAG,5
AGGCTAACGAACCAGA,5
AGCCATGCACAAGCTA,4
AGCCATGCTTGCTGGA,5
AGCCATGCCTGTAGCC,4
AGCCATGCAGTACAAG,4
AGCCATGCAACAACCA,4
AGCCATGCAACCGAGA,4
AGCCATGCAACGCTTA,4
AGCCATGCAAGACGGA,4
AGCCATGCAAGGTACA,4
AGCCATGCACACAGAA,4
AGCCATGCACAGCAGA,4
AGCCATGCACCTCCAA,3
AGCCATGCACGCTCGA,3
AGCCATGCACGTATCA,3
AGCCATGCACTATGCA,3
AGCCATGCAGAGTCAA,3
AGCCATGCAGATCGCA,3
AGCCATGCAGCAGGAA,3
AGCCATGCAGTCACTA,3
AGCCATGCATCCTGTA,6
AGCCATGCATTGAGGA,6
AGCCATGCCAACCACA,6
AGCCATGCGACTAGTA,6
AGCCATGCCAATGGAA,6
AGCCATGCCACTTCGA,6
AGCCATGCCAGCGTTA,6
AGCCATGCCATACCAA,6
AGCCATGCCCAGTTCA,6
AGCCATGCCCGAAGTA,6
AGCCATGCCCGTGAGA,7
AGCCATGCCCTCCTGA,7
AGCCATGCCGAACTTA,7
AGCCATGCCGACTGGA,7
AGCCATGCCGCATACA,7
AGCCATGCCTCAATGA,6
AGCCATGCCTGAGCCA,7
AGCCATGCCTGGCATA,7
AGCCATGCGAATCTGA,7
AGCCATGCCAAGACTA,7
AGCCATGCGAGCTGAA,7
AGCCATGCGATAGACA,7
AGCCATGCGCCACATA,7
AGCCATGCGCGAGTAA,7
AGCCATGCGCTAACGA,7
AGCCATGCGCTCGGTA,7
AGCCATGCGGAGAACA,7
AGCCATGCGGTGCGAA,7
AGCCATGCGTACGCAA,7
AGCCATGCGTCGTAGA,7
AGCCATGCGTCTGTCA,7
AGCCATGCGTGTTCTA,7
AGCCATGCTAGGATGA,7
AGCCATGCTATCAGCA,7
AGCCATGCTCCGTCTA,7
AGCCATGCTCTTCACA,8
AGCCATGCTGAAGAGA,8
AGCCATGCTGGAACAA,8
AGCCATGCTGGCTTCA,8
AGCCATGCTGGTGGTA,8
AGCCATGCTTCACGCA,8
AGCCATGCAACTCACC,8
AGCCATGCCAGATCTG,4
AGCCATGCAAGAGATC,8
AGCCATGCAAGGACAC,8
AGCCATGCAATCCGTC,8
AGCCATGCAATGTTGC,8
AGCCATGCACACGACC,8
AGCCATGCACAGATTC,8
AGCCATGCAGATGTAC,8
AGCCATGCAGCACCTC,7
AGCCATGCAGCCATGC,7
AGCCATGCAGGCTAAC,7
AGCCATGCCATCAAGT,4
AGCCATGCATAGCGAC,7
AGCCATGCATCATTCC,7
AGCCATGCATTGGCTC,6
AGCCATGCCAAGGAGC,6
AGCCATGCCACCTTAC,6
AGCCATGCCCATCCTC,6
AGCCATGCCCGACAAC,6
AGCCATGCCCTAATCC,6
AGCCATGCCCTCTATC,6
AGCCATGCCGACACAC,6
AGCCATGCCGCTGATC,4
AGCCATGCCGGATTGC,3
AGCCATGCCTAAGGTC,4
AGCCATGCGAACAGGC,4
AGCCATGCGACAGTGC,4
AGCCATGCGAGTTAGC,4
AGCCATGCGATGAATC,6
AGCCATGCGCCAAGAC,6
AGCCATGCCGGAAGAA,5
AGCCATGCGTGACAAG,5
AGCCATGCGAACCAGA,5
AGCACCTCACAAGCTA,4
AGCACCTCTTGCTGGA,5
AGCACCTCCTGTAGCC,4
AGCACCTCAGTACAAG,4
AGCACCTCAACAACCA,4
AGCACCTCAACCGAGA,4
AGCACCTCAACGCTTA,4
AGCACCTCAAGACGGA,4
AGCACCTCAAGGTACA,4
AGCACCTCACACAGAA,4
AGCACCTCACAGCAGA,3
AGCACCTCACCTCCAA,3
AGCACCTCACGCTCGA,3
AGCACCTCACGTATCA,3
AGCACCTCACTATGCA,3
AGCACCTCAGAGTCAA,3
AGCACCTCAGATCGCA,3
AGCACCTCAGCAGGAA,3
AGCACCTCAGTCACTA,4
AGCACCTCATCCTGTA,6
AGCACCTCATTGAGGA,6
AGCACCTCCAACCACA,6
AGCACCTCGACTAGTA,6
AGCACCTCCAATGGAA,6
AGCACCTCCACTTCGA,6
AGCACCTCCAGCGTTA,6
AGCACCTCCATACCAA,6
AGCACCTCCCAGTTCA,6
AGCACCTCCCGAAGTA,6
AGCACCTCCCGTGAGA,7
AGCACCTCCCTCCTGA,7
AGCACCTCCGAACTTA,7
AGCACCTCCGACTGGA,7
AGCACCTCCGCATACA,7
AGCACCTCCTCAATGA,6
AGCACCTCCTGAGCCA,7
AGCACCTCCTGGCATA,7
AGCACCTCGAATCTGA,7
AGCACCTCCAAGACTA,7
AGCACCTCGAGCTGAA,7
AGCACCTCGATAGACA,7
AGCACCTCGCCACATA,7
AGCACCTCGCGAGTAA,7
AGCACCTCGCTAACGA,7
AGCACCTCGCTCGGTA,7
AGCACCTCGGAGAACA,7
AGCACCTCGGTGCGAA,7
AGCACCTCGTACGCAA,7
AGCACCTCGTCGTAGA,7
AGCACCTCGTCTGTCA,7
AGCACCTCGTGTTCTA,7
AGCACCTCACATTGGC,4
AGCACCTCTAGGATGA,7
AGCACCTCTATCAGCA,7
AGCACCTCTCCGTCTA,8
AGCACCTCTCTTCACA,8
AGCACCTCTGAAGAGA,8
AGCACCTCTGGAACAA,8
AGCACCTCTGGCTTCA,8
AGCACCTCTGGTGGTA,8
AGCACCTCTTCACGCA,8
AGCACCTCAACTCACC,8
AGCACCTCCAGATCTG,4
AGCACCTCAAGAGATC,8
AGCACCTCAAGGACAC,8
AGCACCTCAATCCGTC,8
AGCACCTCAATGTTGC,8
AGCACCTCACACGACC,8
AGCACCTCACAGATTC,8
AGCACCTCAGATGTAC,8
AGCACCTCAGCACCTC,7
AGCACCTCAGCCATGC,7
AGCACCTCAGGCTAAC,7
AGCACCTCCATCAAGT,4
AGCACCTCATAGCGAC,7
AGCACCTCATCATTCC,7
AGCACCTCATTGGCTC,6
AGCACCTCCAAGGAGC,6
AGCACCTCCACCTTAC,6
AGCACCTCCCATCCTC,6
AGCACCTCCCGACAAC,6
AGCACCTCCCTAATCC,6
AGCACCTCCCTCTATC,6
AGCACCTCCGACACAC,6
AGCACCTCCGCTGATC,4
AGCACCTCCGGATTGC,6
AGCACCTCCTAAGGTC,3
AGCACCTCGAACAGGC,4
AGCACCTCGACAGTGC,4
AGCACCTCGAGTTAGC,4
AGCACCTCGATGAATC,6
AGCACCTCGCCAAGAC,5
AGCACCTCCGGAAGAA,5
AGCACCTCGTGACAAG,5
AGCACCTCGAACCAGA,5
AGATGTACACAAGCTA,4
AGATGTACTTGCTGGA,5
AGATGTACCTGTAGCC,4
AGATGTACAGTACAAG,4
AGATGTACAACAACCA,4
AGATGTACAACCGAGA,4
AGATGTACAACGCTTA,4
AGATGTACAAGACGGA,4
AGATGTACAAGGTACA,4
AGATGTACACACAGAA,3
AGATGTACACAGCAGA,3
AGATGTACACCTCCAA,3
AGATGTACACGCTCGA,3
AGATGTACACGTATCA,3
AGATGTACACTATGCA,3
AGATGTACAGAGTCAA,3
AGATGTACAGATCGCA,3
AGATGTACAGCAGGAA,3
AGATGTACAGTCACTA,6
AGATGTACATCCTGTA,6
AGATGTACATTGAGGA,6
AGATGTACCAACCACA,6
AGATGTACGACTAGTA,6
AGATGTACCAATGGAA,6
AGATGTACCACTTCGA,6
AGATGTACCAGCGTTA,6
AGATGTACCATACCAA,6
AGATGTACCCAGTTCA,6
AGATGTACCCGAAGTA,7
AGATGTACCCGTGAGA,7
AGATGTACCCTCCTGA,7
AGATGTACCGAACTTA,7
AGATGTACCGACTGGA,7
AGATGTACCGCATACA,6
AGATGTACCTCAATGA,7
AGATGTACCTGAGCCA,7
AGATGTACCTGGCATA,7
AGATGTACGAATCTGA,7
AGATGTACCAAGACTA,7
AGATGTACGAGCTGAA,7
AGATGTACGATAGACA,7
AGATGTACGCCACATA,7
AGATGTACGCGAGTAA,7
AGATGTACGCTAACGA,7
AGATGTACGCTCGGTA,7
AGATGTACGGAGAACA,7
AGATGTACGGTGCGAA,7
AGATGTACGTACGCAA,7
AGATGTACGTCGTAGA,7
AGATGTACGTCTGTCA,7
AGATGTACGTGTTCTA,7
AGATGTACACATTGGC,4
AGATGTACTAGGATGA,8
AGATGTACTATCAGCA,8
AGATGTACTCCGTCTA,8
AGATGTACTCTTCACA,8
AGATGTACTGAAGAGA,8
AGATGTACTGGAACAA,8
AGATGTACTGGCTTCA,8
AGATGTACTGGTGGTA,8
AGATGTACTTCACGCA,8
AGATGTACAACTCACC,8
AGATGTACCAGATCTG,4
AGATGTACAAGAGATC,8
AGATGTACAAGGACAC,8
AGATGTACAATCCGTC,8
AGATGTACAATGTTGC,8
AGATGTACACACGACC,8
AGATGTACACAGATTC,8
AGATGTACAGATGTAC,6
AGATGTACAGCACCTC,7
AGATGTACAGCCATGC,7
AGATGTACAGGCTAAC,7
AGATGTACCATCAAGT,4
AGATGTACATAGCGAC,7
AGATGTACATCATTCC,7
AGATGTACATTGGCTC,6
AGATGTACCAAGGAGC,6
AGATGTACCACCTTAC,6
AGATGTACCCATCCTC,6
AGATGTACCCGACAAC,6
AGATGTACCCTAATCC,6
AGATGTACCCTCTATC,6
AGATGTACCGACACAC,6
AGATGTACCGCTGATC,4
AGATGTACCGGATTGC,3
AGATGTACCTAAGGTC,4
AGATGTACGAACAGGC,4
AGATGTACGACAGTGC,4
AGATGTACGAGTTAGC,4
AGATGTACGATGAATC,6
AGATGTACGCCAAGAC,5
AGATGTACCGGAAGAA,5
AGATGTACGTGACAAG,5
AGATGTACGAACCAGA,5
ACAGATTCACAAGCTA,4
ACAGATTCTTGCTGGA,5
ACAGATTCCTGTAGCC,4
ACAGATTCAGTACAAG,4
ACAGATTCAACAACCA,4
ACAGATTCAACCGAGA,4
ACAGATTCAACGCTTA,4
ACAGATTCAAGACGGA,4
ACAGATTCAAGGTACA,4
ACAGATTCACACAGAA,3
ACAGATTCACAGCAGA,3
ACAGATTCACCTCCAA,3
ACAGATTCACGCTCGA,3
ACAGATTCACGTATCA,3
ACAGATTCACTATGCA,3
ACAGATTCAGAGTCAA,3
ACAGATTCAGATCGCA,3
ACAGATTCAGCAGGAA,6
ACAGATTCAGTCACTA,6
ACAGATTCATCCTGTA,6
ACAGATTCATTGAGGA,6
ACAGATTCCAACCACA,6
ACAGATTCGACTAGTA,6
ACAGATTCCAATGGAA,6
ACAGATTCCACTTCGA,6
ACAGATTCCAGCGTTA,6
ACAGATTCCATACCAA,6
ACAGATTCCCAGTTCA,7
ACAGATTCCCGAAGTA,7
ACAGATTCCCGTGAGA,7
ACAGATTCCCTCCTGA,7
ACAGATTCCGAACTTA,7
ACAGATTCCGACTGGA,7
ACAGATTCCGCATACA,6
ACAGATTCCTCAATGA,7
ACAGATTCCTGAGCCA,7
ACAGATTCCTGGCATA,7
ACAGATTCGAATCTGA,7
ACAGATTCCAAGACTA,7
ACAGATTCGAGCTGAA,7
ACAGATTCGATAGACA,7
ACAGATTCACCACTGT,4
ACAGATTCGCCACATA,7
ACAGATTCGCGAGTAA,7
ACAGATTCGCTAACGA,7
ACAGATTCGCTCGGTA,7
ACAGATTCGGAGAACA,6
ACAGATTCGGTGCGAA,6
ACAGATTCGTACGCAA,6
ACAGATTCGTCGTAGA,6
ACAGATTCGTCTGTCA,8
ACAGATTCGTGTTCTA,8
ACAGATTCACATTGGC,4
ACAGATTCTAGGATGA,8
ACAGATTCTATCAGCA,8
ACAGATTCTCCGTCTA,8
ACAGATTCTCTTCACA,8
ACAGATTCTGAAGAGA,8
ACAGATTCTGGAACAA,8
ACAGATTCTGGCTTCA,8
ACAGATTCTGGTGGTA,8
ACAGATTCTTCACGCA,8
ACAGATTCAACTCACC,8
ACAGATTCCAGATCTG,4
ACAGATTCAAGAGATC,8
ACAGATTCAAGGACAC,8
ACAGATTCAATCCGTC,8
ACAGATTCAATGTTGC,8
ACAGATTCACACGACC,8
ACAGATTCACAGATTC,8
ACAGATTCAGATGTAC,6
ACAGATTCAGCACCTC,6
ACAGATTCAGCCATGC,7
ACAGATTCAGGCTAAC,7
ACAGATTCCATCAAGT,4
ACAGATTCATAGCGAC,7
ACAGATTCATCATTCC,7
ACAGATTCATTGGCTC,6
ACAGATTCCAAGGAGC,6
ACAGATTCCACCTTAC,6
ACAGATTCCCATCCTC,6
ACAGATTCCCGACAAC,6
ACAGATTCCCTAATCC,6
ACAGATTCCCTCTATC,6
ACAGATTCCGACACAC,6
ACAGATTCCGCTGATC,4
ACAGATTCCGGATTGC,3
ACAGATTCCTAAGGTC,4
ACAGATTCGAACAGGC,4
ACAGATTCGACAGTGC,4
ACAGATTCGAGTTAGC,4
ACAGATTCGATGAATC,5
ACAGATTCGCCAAGAC,6
ACAGATTCCGGAAGAA,5
ACAGATTCGTGACAAG,5
ACAGATTCGAACCAGA,5
ACACGACCACAAGCTA,4
ACACGACCTTGCTGGA,5
ACACGACCCTGTAGCC,4
ACACGACCAGTACAAG,4
ACACGACCAACAACCA,4
ACACGACCAACCGAGA,4
ACACGACCAACGCTTA,4
ACACGACCAAGACGGA,4
ACACGACCAAGGTACA,3
ACACGACCACACAGAA,3
ACACGACCACAGCAGA,3
ACACGACCACCTCCAA,3
ACACGACCACGCTCGA,3
ACACGACCACGTATCA,3
ACACGACCACTATGCA,3
ACACGACCAGAGTCAA,3
ACACGACCAGATCGCA,3
ACACGACCAGCAGGAA,6
ACACGACCAGTCACTA,6
ACACGACCATCCTGTA,6
ACACGACCATTGAGGA,6
ACACGACCCAACCACA,6
ACACGACCGACTAGTA,6
ACACGACCCAATGGAA,6
ACACGACCCACTTCGA,6
ACACGACCCAGCGTTA,7
ACACGACCCATACCAA,7
ACACGACCCCAGTTCA,7
ACACGACCCCGAAGTA,7
ACACGACCCCGTGAGA,7
ACACGACCCCTCCTGA,7
ACACGACCCGAACTTA,7
ACACGACCCGACTGGA,6
ACACGACCCGCATACA,7
ACACGACCCTCAATGA,7
ACACGACCCTGAGCCA,6
ACACGACCCTGGCATA,7
ACACGACCGAATCTGA,7
ACACGACCCAAGACTA,7
ACACGACCGAGCTGAA,7
ACACGACCGATAGACA,7
ACACGACCACCACTGT,5
ACACGACCGCCACATA,7
ACACGACCGCGAGTAA,7
ACACGACCGCTAACGA,7
ACACGACCGCTCGGTA,7
ACACGACCGGAGAACA,6
ACACGACCGGTGCGAA,6
ACACGACCGTACGCAA,8
ACACGACCGTCGTAGA,8
ACACGACCGTCTGTCA,8
ACACGACCGTGTTCTA,8
ACACGACCACATTGGC,4
ACACGACCTAGGATGA,8
ACACGACCTATCAGCA,8
ACACGACCTCCGTCTA,8
ACACGACCTCTTCACA,8
ACACGACCTGAAGAGA,8
ACACGACCTGGAACAA,8
ACACGACCTGGCTTCA,8
ACACGACCTGGTGGTA,8
ACACGACCTTCACGCA,8
ACACGACCAACTCACC,8
ACACGACCCAGATCTG,4
ACACGACCAAGAGATC,8
ACACGACCAAGGACAC,8
ACACGACCAATCCGTC,8
ACACGACCAATGTTGC,8
ACACGACCACACGACC,8
ACACGACCACAGATTC,8
ACACGACCAGATGTAC,6
ACACGACCAGCACCTC,8
ACACGACCAGCCATGC,6
ACACGACCAGGCTAAC,7
ACACGACCCATCAAGT,4
ACACGACCATAGCGAC,7
ACACGACCATCATTCC,7
ACACGACCATTGGCTC,7
ACACGACCCAAGGAGC,6
ACACGACCCACCTTAC,6
ACACGACCCCATCCTC,6
ACACGACCCCGACAAC,6
ACACGACCCCTAATCC,6
ACACGACCCCTCTATC,6
ACACGACCCGACACAC,6
ACACGACCCGCTGATC,4
ACACGACCCGGATTGC,3
ACACGACCCTAAGGTC,4
ACACGACCGAACAGGC,4
ACACGACCGACAGTGC,4
ACACGACCGAGTTAGC,4
ACACGACCGATGAATC,6
ACACGACCGCCAAGAC,6
ACACGACCCGGAAGAA,5
ACACGACCGTGACAAG,5
ACACGACCGAACCAGA,5
AATGTTGCACAAGCTA,4
AATGTTGCTTGCTGGA,5
AATGTTGCCTGTAGCC,4
AATGTTGCAGTACAAG,4
AATGTTGCAACAACCA,4
AATGTTGCAACCGAGA,4
AATGTTGCAACGCTTA,4
AATGTTGCAAGACGGA,3
AATGTTGCAAGGTACA,3
AATGTTGCACACAGAA,3
AATGTTGCACAGCAGA,3
AATGTTGCACCTCCAA,3
AATGTTGCACGCTCGA,3
AATGTTGCACGTATCA,3
AATGTTGCACTATGCA,3
AATGTTGCAGAGTCAA,3
AATGTTGCAGATCGCA,6
AATGTTGCAGCAGGAA,6
AATGTTGCAGTCACTA,6
AATGTTGCATCCTGTA,6
AATGTTGCATTGAGGA,6
AATGTTGCATGCCTAA,5
AATGTTGCCAACCACA,6
AATGTTGCGACTAGTA,6
AATGTTGCCAATGGAA,6
AATGTTGCCACTTCGA,6
AATGTTGCCAGCGTTA,7
AATGTTGCCATACCAA,7
AATGTTGCCCAGTTCA,7
AATGTTGCCCGAAGTA,7
AATGTTGCCCGTGAGA,7
AATGTTGCCCTCCTGA,7
AATGTTGCCGAACTTA,7
AATGTTGCCGACTGGA,7
AATGTTGCCGCATACA,7
AATGTTGCCTCAATGA,7
AATGTTGCCTGAGCCA,7
AATGTTGCCTGGCATA,7
AATGTTGCGAATCTGA,7
AATGTTGCCAAGACTA,7
AATGTTGCGAGCTGAA,7
AATGTTGCGATAGACA,7
AATGTTGCACCACTGT,5
AATGTTGCGCCACATA,7
AATGTTGCGCGAGTAA,7
AATGTTGCGCTAACGA,8
AATGTTGCGCTCGGTA,8
AATGTTGCGGAGAACA,8
AATGTTGCGGTGCGAA,8
AATGTTGCGTACGCAA,8
AATGTTGCGTCGTAGA,8
AATGTTGCGTCTGTCA,8
AATGTTGCGTGTTCTA,8
AATGTTGCACATTGGC,4
AATGTTGCTAGGATGA,8
AATGTTGCTATCAGCA,8
AATGTTGCTCCGTCTA,8
AATGTTGCTCTTCACA,8
AATGTTGCTGAAGAGA,8
AATGTTGCTGGAACAA,8
AATGTTGCTGGCTTCA,8
AATGTTGCTGGTGGTA,8
AATGTTGCTTCACGCA,8
AATGTTGCAACTCACC,8
AATGTTGCCAGATCTG,4
AATGTTGCAAGAGATC,8
AATGTTGCAAGGACAC,8
AATGTTGCAATCCGTC,8
AATGTTGCAATGTTGC,8
AATGTTGCACACGACC,8
AATGTTGCACAGATTC,8
AATGTTGCAGATGTAC,8
AATGTTGCAGCACCTC,8
AATGTTGCAGCCATGC,7
AATGTTGCAGGCTAAC,7
AATGTTGCCATCAAGT,4
AATGTTGCATAGCGAC,7
AATGTTGCATCATTCC,7
AATGTTGCATTGGCTC,7
AATGTTGCCAAGGAGC,7
AATGTTGCCACCTTAC,6
AATGTTGCCCATCCTC,6
AATGTTGCCCGACAAC,6
AATGTTGCCCTAATCC,6
AATGTTGCCCTCTATC,6
AATGTTGCCGACACAC,6
AATGTTGCCGCTGATC,4
AATGTTGCCGGATTGC,3
AATGTTGCCTAAGGTC,4
AATGTTGCGAACAGGC,4
AATGTTGCGACAGTGC,4
AATGTTGCGAGTTAGC,4
AATGTTGCGATGAATC,6
AATGTTGCGCCAAGAC,6
AATGTTGCCGGAAGAA,5
AATGTTGCGTGACAAG,5
AATGTTGCGAACCAGA,5
AATCCGTCAACGTGAT,5
AATCCGTCACAAGCTA,4
AATCCGTCTTGCTGGA,5
AATCCGTCCTGTAGCC,4
AATCCGTCAGTACAAG,4
AATCCGTCAACAACCA,4
AATCCGTCAACCGAGA,4
AATCCGTCAACGCTTA,3
AATCCGTCAAGACGGA,3
AATCCGTCAAGGTACA,3
AATCCGTCACACAGAA,3
AATCCGTCACAGCAGA,3
AATCCGTCAAACATCG,6
AATCCGTCACCTCCAA,3
AATCCGTCACGCTCGA,3
AATCCGTCACGTATCA,4
AATCCGTCACTATGCA,3
AATCCGTCAGAGTCAA,6
AATCCGTCAGATCGCA,6
AATCCGTCAGCAGGAA,6
AATCCGTCAGTCACTA,6
AATCCGTCATCCTGTA,7
AATCCGTCATTGAGGA,6
AATCCGTCATGCCTAA,5
AATCCGTCCAACCACA,6
AATCCGTCGACTAGTA,6
AATCCGTCCAATGGAA,6
AATCCGTCCACTTCGA,7
AATCCGTCCAGCGTTA,7
AATCCGTCCATACCAA,7
AATCCGTCCCAGTTCA,7
AATCCGTCCCGAAGTA,7
AATCCGTCCCGTGAGA,7
AATCCGTCCCTCCTGA,7
AATCCGTCCGAACTTA,7
AATCCGTCCGACTGGA,7
AATCCGTCCGCATACA,7
AATCCGTCCTCAATGA,7
AATCCGTCCTGAGCCA,7
AATCCGTCCTGGCATA,7
AATCCGTCGAATCTGA,7
AATCCGTCCAAGACTA,7
AATCCGTCGAGCTGAA,7
AATCCGTCGATAGACA,7
AATCCGTCACCACTGT,4
AATCCGTCGCCACATA,7
AATCCGTCGCGAGTAA,8
AATCCGTCGCTAACGA,8
AATCCGTCGCTCGGTA,8
AATCCGTCGGAGAACA,8
AATCCGTCGGTGCGAA,8
AATCCGTCGTACGCAA,8
AATCCGTCGTCGTAGA,8
AATCCGTCGTCTGTCA,8
AATCCGTCGTGTTCTA,8
AATCCGTCACATTGGC,4
AATCCGTCTAGGATGA,8
AATCCGTCTATCAGCA,8
AATCCGTCTCCGTCTA,8
AATCCGTCTCTTCACA,8
AATCCGTCTGAAGAGA,8
AATCCGTCTGGAACAA,8
AATCCGTCTGGCTTCA,8
AATCCGTCTGGTGGTA,8
AATCCGTCTTCACGCA,8
AATCCGTCAACTCACC,8
AATCCGTCCAGATCTG,4
AATCCGTCAAGAGATC,8
AATCCGTCAAGGACAC,8
AATCCGTCAATCCGTC,8
AATCCGTCAATGTTGC,8
AATCCGTCACACGACC,8
AATCCGTCACAGATTC,8
AATCCGTCAGATGTAC,8
AATCCGTCAGCACCTC,8
AATCCGTCAGCCATGC,8
AATCCGTCAGGCTAAC,7
AATCCGTCCATCAAGT,4
AATCCGTCATAGCGAC,7
AATCCGTCATCATTCC,7
AATCCGTCATTGGCTC,7
AATCCGTCCAAGGAGC,7
AATCCGTCCACCTTAC,6
AATCCGTCCCATCCTC,6
AATCCGTCCCGACAAC,6
AATCCGTCCCTAATCC,6
AATCCGTCCCTCTATC,6
AATCCGTCCGACACAC,6
AATCCGTCCGCTGATC,4
AATCCGTCCGGATTGC,3
AATCCGTCCTAAGGTC,4
AATCCGTCGAACAGGC,4
AATCCGTCGACAGTGC,4
AATCCGTCGAGTTAGC,4
AATCCGTCGATGAATC,6
AATCCGTCGCCAAGAC,6
AATCCGTCCGGAAGAA,5
AATCCGTCGTGACAAG,5
AATCCGTCGAACCAGA,5
GAACCAGATTGCTGGA,5
GAACCAGAAGTCACTA,6
GAACCAGAATCCTGTA,6
GAACCAGAATTGAGGA,6
GAACCAGACAACCACA,6
GAACCAGAGACTAGTA,4
GAACCAGACAATGGAA,4
GAACCAGACACTTCGA,4
GAACCAGACAGCGTTA,4
GAACCAGACATACCAA,4
GAACCAGACCAGTTCA,4
GAACCAGACCGAAGTA,4
GAACCAGACCGTGAGA,4
GAACCAGACCTCCTGA,4
GAACCAGACGAACTTA,4
GAACCAGACGACTGGA,4
GAACCAGACGCATACA,4
GAACCAGACTCAATGA,4
GAACCAGACTGAGCCA,4
GAACCAGACTGGCATA,4
GAACCAGAGAATCTGA,4
GAACCAGACAAGACTA,3
GAACCAGAGAGCTGAA,3
GAACCAGAGATAGACA,3
GAACCAGAGCCACATA,3
GAACCAGAGCGAGTAA,3
GAACCAGAGCTAACGA,3
GAACCAGAGCTCGGTA,3
GAACCAGAGGAGAACA,6
GAACCAGAGGTGCGAA,6
GAACCAGAGTACGCAA,6
GAACCAGAGTCGTAGA,6
GAACCAGAGTCTGTCA,6
GAACCAGAGTGTTCTA,6
GAACCAGATAGGATGA,6
GAACCAGATATCAGCA,6
GAACCAGATCCGTCTA,6
GAACCAGATCTTCACA,6
GAACCAGATGAAGAGA,6
GAACCAGATGGAACAA,6
GAACCAGATGGCTTCA,6
GAACCAGATGGTGGTA,6
GAACCAGATTCACGCA,6
GAACCAGAAACTCACC,6
GAACCAGAAAGAGATC,6
GAACCAGAAAGGACAC,6
GAACCAGAAATCCGTC,6
GAACCAGAAATGTTGC,7
GAACCAGAACACGACC,7
GAACCAGAACAGATTC,7
GAACCAGAAGATGTAC,6
GAACCAGAAGCACCTC,6
GAACCAGAAGCCATGC,6
GAACCAGAAGGCTAAC,6
GAACCAGAATAGCGAC,6
GAACCAGAATCATTCC,6
GAACCAGAATTGGCTC,6
GAACCAGACAAGGAGC,6
GAACCAGACACCTTAC,6
GAACCAGACCATCCTC,6
GAACCAGACCGACAAC,6
GAACCAGACCTAATCC,6
GAACCAGACCTCTATC,6
GAACCAGACGACACAC,6
GAACCAGACGGATTGC,4
GAACCAGACTAAGGTC,4
GAACCAGAGAACAGGC,4
GAACCAGAGACAGTGC,4
GAACCAGAGAGTTAGC,4
GAACCAGAGATGAATC,5
GAACCAGAGCCAAGAC,5
GAACCAGACGGAAGAA,5
GAACCAGAGTGACAAG,5
GAACCAGAGAACCAGA,5
AAGGACACACAAGCTA,4
AAGGACACTTGCTGGA,5
AAGGACACCTGTAGCC,4
AAGGACACAGTACAAG,4
AAGGACACAACAACCA,4
AAGGACACAACCGAGA,4
AAGGACACAACGCTTA,3
AAGGACACAAGACGGA,3
AAGGACACAAGGTACA,3
AAGGACACACACAGAA,3
AAGGACACACAGCAGA,3
AAGGACACAAACATCG,6
AAGGACACACCTCCAA,3
AAGGACACACGCTCGA,3
AAGGACACACGTATCA,4
AAGGACACACTATGCA,6
AAGGACACAGAGTCAA,6
AAGGACACAGATCGCA,6
AAGGACACAGCAGGAA,6
AAGGACACAGTCACTA,6
AAGGACACATCCTGTA,6
AAGGACACATTGAGGA,6
AAGGACACATGCCTAA,6
AAGGACACCAACCACA,6
AAGGACACGACTAGTA,6
AAGGACACCAATGGAA,7
AAGGACACCACTTCGA,7
AAGGACACCAGCGTTA,7
AAGGACACCATACCAA,7
AAGGACACCCAGTTCA,7
AAGGACACCCGAAGTA,7
AAGGACACCCGTGAGA,7
AAGGACACCCTCCTGA,7
AAGGACACCGAACTTA,7
AAGGACACCGACTGGA,7
AAGGACACCGCATACA,7
AAGGACACCTCAATGA,7
AAGGACACCTGAGCCA,7
AAGGACACCTGGCATA,7
AAGGACACGAATCTGA,7
AAGGACACCAAGACTA,6
AAGGACACGAGCTGAA,7
AAGGACACGATAGACA,7
AAGGACACACCACTGT,4
AAGGACACGCCACATA,8
AAGGACACGCGAGTAA,8
AAGGACACGCTAACGA,8
AAGGACACGCTCGGTA,8
AAGGACACGGAGAACA,8
AAGGACACGGTGCGAA,8
AAGGACACGTACGCAA,8
AAGGACACGTCGTAGA,8
AAGGACACGTCTGTCA,8
AAGGACACGTGTTCTA,8
AAGGACACACATTGGC,4
AAGGACACTAGGATGA,8
AAGGACACTATCAGCA,8
AAGGACACTCCGTCTA,8
AAGGACACTCTTCACA,8
AAGGACACTGAAGAGA,8
AAGGACACTGGAACAA,8
AAGGACACTGGCTTCA,8
AAGGACACTGGTGGTA,8
AAGGACACTTCACGCA,8
AAGGACACAACTCACC,8
AAGGACACCAGATCTG,4
AAGGACACAAGAGATC,8
AAGGACACAAGGACAC,8
AAGGACACAATCCGTC,8
AAGGACACAATGTTGC,8
AAGGACACACACGACC,8
AAGGACACACAGATTC,8
AAGGACACAGATGTAC,8
AAGGACACAGCACCTC,8
AAGGACACAGCCATGC,8
AAGGACACAGGCTAAC,8
AAGGACACCATCAAGT,4
AAGGACACATAGCGAC,8
AAGGACACATCATTCC,7
AAGGACACATTGGCTC,7
AAGGACACCAAGGAGC,7
AAGGACACCACCTTAC,6
AAGGACACCCATCCTC,6
AAGGACACCCGACAAC,6
AAGGACACCCTAATCC,6
AAGGACACCCTCTATC,6
AAGGACACCGACACAC,6
AAGGACACCGCTGATC,4
AAGGACACCGGATTGC,6
AAGGACACCTAAGGTC,4
AAGGACACGAACAGGC,4
AAGGACACGACAGTGC,4
AAGGACACGAGTTAGC,5
AAGGACACGATGAATC,6
AAGGACACGCCAAGAC,6
AAGGACACCGGAAGAA,5
AAGGACACGTGACAAG,5
AAGGACACGAACCAGA,5
AAGAGATCACAAGCTA,4
AAGAGATCTTGCTGGA,5
AAGAGATCCTGTAGCC,4
AAGAGATCAGTACAAG,4
AAGAGATCAACAACCA,3
AAGAGATCAACCGAGA,3
AAGAGATCAACGCTTA,3
AAGAGATCAAGACGGA,3
AAGAGATCAAGGTACA,3
AAGAGATCACACAGAA,3
AAGAGATCACAGCAGA,3
AAGAGATCAAACATCG,5
AAGAGATCACCTCCAA,3
AAGAGATCACGCTCGA,3
AAGAGATCACGTATCA,6
AAGAGATCACTATGCA,6
AAGAGATCAGAGTCAA,6
AAGAGATCAGATCGCA,6
AAGAGATCAGCAGGAA,6
AAGAGATCAGTCACTA,6
AAGAGATCATCCTGTA,6
AAGAGATCATTGAGGA,6
AAGAGATCCAACCACA,6
AAGAGATCGACTAGTA,7
AAGAGATCCAATGGAA,7
AAGAGATCCACTTCGA,7
AAGAGATCCAGCGTTA,7
AAGAGATCCATACCAA,7
AAGAGATCCCAGTTCA,7
AAGAGATCCCGAAGTA,7
AAGAGATCCCGTGAGA,7
AAGAGATCCCTCCTGA,7
AAGAGATCCGAACTTA,7
AAGAGATCCGACTGGA,7
AAGAGATCCGCATACA,7
AAGAGATCCTCAATGA,7
AAGAGATCCTGAGCCA,7
AAGAGATCCTGGCATA,7
AAGAGATCGAATCTGA,8
AAGAGATCCAAGACTA,6
AAGAGATCGAGCTGAA,8
AAGAGATCGATAGACA,8
AAGAGATCACCACTGT,4
AAGAGATCGCCACATA,8
AAGAGATCGCGAGTAA,8
AAGAGATCGCTAACGA,8
AAGAGATCGCTCGGTA,8
AAGAGATCGGAGAACA,8
AAGAGATCGGTGCGAA,8
AAGAGATCGTACGCAA,8
AAGAGATCGTCGTAGA,8
AAGAGATCGTCTGTCA,8
AAGAGATCGTGTTCTA,8
AAGAGATCACATTGGC,4
AAGAGATCTAGGATGA,8
AAGAGATCTATCAGCA,8
AAGAGATCTCCGTCTA,8
AAGAGATCTCTTCACA,8
AAGAGATCTGAAGAGA,8
AAGAGATCTGGAACAA,8
AAGAGATCTGGCTTCA,8
AAGAGATCTGGTGGTA,8
AAGAGATCTTCACGCA,8
AAGAGATCAACTCACC,8
AAGAGATCCAGATCTG,4
AAGAGATCAAGAGATC,8
AAGAGATCAAGGACAC,8
AAGAGATCAATCCGTC,8
AAGAGATCAATGTTGC,8
AAGAGATCACACGACC,8
AAGAGATCACAGATTC,8
AAGAGATCAGATGTAC,8
AAGAGATCAGCACCTC,8
AAGAGATCAGCCATGC,8
AAGAGATCAGGCTAAC,8
AAGAGATCCATCAAGT,4
AAGAGATCATAGCGAC,8
AAGAGATCATCATTCC,8
AAGAGATCATTGGCTC,7
AAGAGATCCAAGGAGC,7
AAGAGATCCACCTTAC,7
AAGAGATCCCATCCTC,6
AAGAGATCCCGACAAC,6
AAGAGATCCCTAATCC,6
AAGAGATCCCTCTATC,6
AAGAGATCCGACACAC,6
AAGAGATCCGCTGATC,4
AAGAGATCCGGATTGC,6
AAGAGATCCTAAGGTC,4
AAGAGATCGAACAGGC,4
AAGAGATCGACAGTGC,4
AAGAGATCGAGTTAGC,5
AAGAGATCGATGAATC,9
AAGAGATCGCCAAGAC,9
AAGAGATCCGGAAGAA,5
AAGAGATCGTGACAAG,5
AAGAGATCGAACCAGA,5
AACTCACCAACGTGAT,5
AACTCACCACAAGCTA,4
AACTCACCTTGCTGGA,5
AACTCACCCTGTAGCC,4
AACTCACCAGTACAAG,3
AACTCACCAACAACCA,3
AACTCACCAACCGAGA,3
AACTCACCAACGCTTA,3
AACTCACCAAGACGGA,3
AACTCACCAAGGTACA,3
AACTCACCACACAGAA,3
AACTCACCACAGCAGA,3
AACTCACCAAACATCG,5
AACTCACCACCTCCAA,3
AACTCACCACGCTCGA,6
AACTCACCACGTATCA,6
AACTCACCACTATGCA,6
AACTCACCAGAGTCAA,6
AACTCACCAGATCGCA,6
AACTCACCAGCAGGAA,6
AACTCACCAGTCACTA,6
AACTCACCATCCTGTA,6
AACTCACCATTGAGGA,6
AACTCACCATGCCTAA,5
AACTCACCCAACCACA,6
AACTCACCGACTAGTA,7
AACTCACCCAATGGAA,7
AACTCACCCACTTCGA,7
AACTCACCCAGCGTTA,7
AACTCACCCATACCAA,7
AACTCACCCCAGTTCA,7
AACTCACCCCGAAGTA,7
AACTCACCCCGTGAGA,7
AACTCACCCCTCCTGA,7
AACTCACCCGAACTTA,7
AACTCACCCGACTGGA,7
AACTCACCCGCATACA,7
AACTCACCCTCAATGA,7
AACTCACCCTGAGCCA,7
AACTCACCCTGGCATA,7
AACTCACCGAATCTGA,8
AACTCACCCAAGACTA,8
AACTCACCGAGCTGAA,8
AACTCACCGATAGACA,8
AACTCACCACCACTGT,4
AACTCACCGCCACATA,8
AACTCACCGCGAGTAA,8
AACTCACCGCTAACGA,8
AACTCACCGCTCGGTA,8
AACTCACCGGAGAACA,8
AACTCACCGGTGCGAA,8
AACTCACCGTACGCAA,8
AACTCACCGTCGTAGA,1
AACTCACCGTCTGTCA,1
AACTCACCGTGTTCTA,1
AACTCACCACATTGGC,4
AACTCACCTAGGATGA,1
AACTCACCTATCAGCA,1
AACTCACCTCCGTCTA,1
AACTCACCTCTTCACA,8
AACTCACCTGAAGAGA,8
AACTCACCTGGAACAA,8
AACTCACCTGGCTTCA,8
AACTCACCTGGTGGTA,8
AACTCACCTTCACGCA,8
AACTCACCAACTCACC,8
AACTCACCCAGATCTG,4
AACTCACCAAGAGATC,8
AACTCACCAAGGACAC,8
AACTCACCAATCCGTC,8
AACTCACCAATGTTGC,8
AACTCACCACACGACC,8
AACTCACCACAGATTC,8
AACTCACCAGATGTAC,8
AACTCACCAGCACCTC,8
AACTCACCAGCCATGC,8
AACTCACCAGGCTAAC,8
AACTCACCCATCAAGT,4
AACTCACCATAGCGAC,8
AACTCACCATCATTCC,8
AACTCACCATTGGCTC,8
AACTCACCCAAGGAGC,6
AACTCACCCACCTTAC,6
AACTCACCCCATCCTC,6
AACTCACCCCGACAAC,6
AACTCACCCCTAATCC,6
AACTCACCCCTCTATC,6
AACTCACCCGACACAC,6
AACTCACCCGCTGATC,4
AACTCACCCGGATTGC,6
AACTCACCCTAAGGTC,6
AACTCACCGAACAGGC,4
AACTCACCGACAGTGC,4
AACTCACCGAGTTAGC,6
AACTCACCGATGAATC,9
AACTCACCGCCAAGAC,9
AACTCACCCGGAAGAA,5
AACTCACCGTGACAAG,5
AACTCACCGAACCAGA,5
TTCACGCAAACGTGAT,5
TTCACGCAACAAGCTA,4
TTCACGCATTGCTGGA,5
TTCACGCACTGTAGCC,3
TTCACGCAAGTACAAG,3
TTCACGCAAACAACCA,3
TTCACGCAAACCGAGA,3
TTCACGCAAACGCTTA,3
TTCACGCAAAGACGGA,3
TTCACGCAAAGGTACA,3
TTCACGCAACACAGAA,3
TTCACGCAACAGCAGA,3
TTCACGCAAAACATCG,5
TTCACGCAACCTCCAA,6
TTCACGCAACGCTCGA,6
TTCACGCAACGTATCA,6
TTCACGCAACTATGCA,6
TTCACGCAAGAGTCAA,6
TTCACGCAAGATCGCA,6
TTCACGCAAGCAGGAA,6
TTCACGCAAGTCACTA,6
TTCACGCAATCCTGTA,7
TTCACGCAATTGAGGA,7
TTCACGCAATGCCTAA,5
TTCACGCACAACCACA,7
TTCACGCAGACTAGTA,7
TTCACGCACAATGGAA,7
TTCACGCACACTTCGA,7
TTCACGCACAGCGTTA,7
TTCACGCACATACCAA,7
TTCACGCACCAGTTCA,7
TTCACGCACCGAAGTA,7
TTCACGCACCGTGAGA,7
TTCACGCACCTCCTGA,7
TTCACGCACGAACTTA,7
TTCACGCACGACTGGA,7
TTCACGCACGCATACA,7
TTCACGCACTCAATGA,7
TTCACGCACTGAGCCA,7
TTCACGCACTGGCATA,8
TTCACGCAGAATCTGA,8
TTCACGCACAAGACTA,8
TTCACGCAGAGCTGAA,8
TTCACGCAGATAGACA,8
TTCACGCAACCACTGT,4
TTCACGCAGCCACATA,8
TTCACGCAGCGAGTAA,8
TTCACGCAGCTAACGA,8
TTCACGCAGCTCGGTA,8
TTCACGCAGGAGAACA,8
TTCACGCAGGTGCGAA,8
TTCACGCAGTACGCAA,1
TTCACGCAGTCGTAGA,1
TTCACGCAGTCTGTCA,1
TTCACGCAGTGTTCTA,1
TTCACGCAACATTGGC,4
TTCACGCATAGGATGA,1
TTCACGCATATCAGCA,1
TTCACGCATCCGTCTA,1
TTCACGCATCTTCACA,1
TTCACGCATGAAGAGA,1
TTCACGCATGGAACAA,1
TTCACGCATGGCTTCA,1
TTCACGCATGGTGGTA,8
TTCACGCATTCACGCA,8
TTCACGCAAACTCACC,8
TTCACGCACAGATCTG,4
TTCACGCAAAGAGATC,8
TTCACGCAAAGGACAC,8
TTCACGCAAATCCGTC,8
TTCACGCAAATGTTGC,8
TTCACGCAACACGACC,8
TTCACGCAACAGATTC,8
TTCACGCAAGATGTAC,8
TTCACGCAAGCACCTC,8
TTCACGCAAGCCATGC,8
TTCACGCAAGGCTAAC,8
TTCACGCACATCAAGT,4
TTCACGCAATAGCGAC,8
TTCACGCAATCATTCC,8
TTCACGCAATTGGCTC,8
TTCACGCACAAGGAGC,8
TTCACGCACACCTTAC,8
TTCACGCACCATCCTC,8
TTCACGCACCGACAAC,6
TTCACGCACCTAATCC,6
TTCACGCACCTCTATC,6
TTCACGCACGACACAC,6
TTCACGCACGCTGATC,4
TTCACGCACGGATTGC,6
TTCACGCACTAAGGTC,6
TTCACGCAGAACAGGC,6
TTCACGCAGACAGTGC,6
TTCACGCAGAGTTAGC,6
TTCACGCAGATGAATC,6
TTCACGCAGCCAAGAC,6
TTCACGCACGGAAGAA,5
TTCACGCAGTGACAAG,5
TTCACGCAGAACCAGA,5
TGGTGGTAAACGTGAT,5
TGGTGGTAACAAGCTA,4
TGGTGGTATTGCTGGA,5
TGGTGGTACTGTAGCC,3
TGGTGGTAAGTACAAG,3
TGGTGGTAAACAACCA,3
TGGTGGTAAACCGAGA,3
TGGTGGTAAACGCTTA,3
TGGTGGTAAAGACGGA,3
TGGTGGTAAAGGTACA,3
TGGTGGTAACACAGAA,3
TGGTGGTAACAGCAGA,6
TGGTGGTAAAACATCG,4
TGGTGGTAACCTCCAA,6
TGGTGGTAACGCTCGA,6
TGGTGGTAACGTATCA,6
TGGTGGTAACTATGCA,6
TGGTGGTAAGAGTCAA,6
TGGTGGTAAGATCGCA,6
TGGTGGTAAGCAGGAA,6
TGGTGGTAAGTCACTA,7
TGGTGGTAATCCTGTA,7
TGGTGGTAATTGAGGA,7
TGGTGGTAATGCCTAA,4
TGGTGGTACAACCACA,7
TGGTGGTAGACTAGTA,7
TGGTGGTACAATGGAA,7
TGGTGGTACACTTCGA,7
TGGTGGTACAGCGTTA,7
TGGTGGTACATACCAA,7
TGGTGGTACCAGTTCA,7
TGGTGGTACCGAAGTA,7
TGGTGGTACCGTGAGA,7
TGGTGGTACCTCCTGA,7
TGGTGGTACGAACTTA,7
TGGTGGTACGACTGGA,7
TGGTGGTACGCATACA,7
TGGTGGTACTCAATGA,7
TGGTGGTACTGAGCCA,8
TGGTGGTACTGGCATA,8
TGGTGGTAGAATCTGA,8
TGGTGGTACAAGACTA,8
TGGTGGTAGAGCTGAA,8
TGGTGGTAGATAGACA,8
TGGTGGTAACCACTGT,4
TGGTGGTAGCCACATA,8
TGGTGGTAGCGAGTAA,8
TGGTGGTAGCTAACGA,8
TGGTGGTAGCTCGGTA,1
TGGTGGTAGGAGAACA,1
TGGTGGTAGGTGCGAA,1
TGGTGGTAGTACGCAA,1
TGGTGGTAGTCGTAGA,1
TGGTGGTAGTCTGTCA,1
TGGTGGTAGTGTTCTA,1
TGGTGGTAACATTGGC,4
TGGTGGTATAGGATGA,1
TGGTGGTATATCAGCA,1
TGGTGGTATCCGTCTA,1
TGGTGGTATCTTCACA,1
TGGTGGTATGAAGAGA,1
TGGTGGTATGGAACAA,1
TGGTGGTATGGCTTCA,1
TGGTGGTATGGTGGTA,8
TGGTGGTATTCACGCA,8
TGGTGGTAAACTCACC,8
TGGTGGTACAGATCTG,4
TGGTGGTAAAGAGATC,8
TGGTGGTAAAGGACAC,8
TGGTGGTAAATCCGTC,8
TGGTGGTAAATGTTGC,8
TGGTGGTAACACGACC,8
TGGTGGTAACAGATTC,8
TGGTGGTAAGATGTAC,8
TGGTGGTAAGCACCTC,8
TGGTGGTAAGCCATGC,8
TGGTGGTAAGGCTAAC,8
TGGTGGTACATCAAGT,4
TGGTGGTAATAGCGAC,8
TGGTGGTAATCATTCC,8
TGGTGGTAATTGGCTC,8
TGGTGGTACAAGGAGC,8
TGGTGGTACACCTTAC,8
TGGTGGTACCATCCTC,8
TGGTGGTACCGACAAC,8
TGGTGGTACCTAATCC,8
TGGTGGTACCTCTATC,6
TGGTGGTACGACACAC,6
TGGTGGTACGCTGATC,4
TGGTGGTACGGATTGC,6
TGGTGGTACTAAGGTC,6
TGGTGGTAGAACAGGC,6
TGGTGGTAGACAGTGC,6
TGGTGGTAGAGTTAGC,6
TGGTGGTAGATGAATC,6
TGGTGGTAGCCAAGAC,6
TGGTGGTACGGAAGAA,5
TGGTGGTAGTGACAAG,5
TGGTGGTAGAACCAGA,5
TGGCTTCAAACGTGAT,5
TGGCTTCAACAAGCTA,3
TGGCTTCATTGCTGGA,5
TGGCTTCACTGTAGCC,3
TGGCTTCAAGTACAAG,3
TGGCTTCAAACAACCA,3
TGGCTTCAAACCGAGA,3
TGGCTTCAAACGCTTA,3
TGGCTTCAAAGACGGA,3
TGGCTTCAAAGGTACA,3
TGGCTTCAACACAGAA,3
TGGCTTCAACAGCAGA,6
TGGCTTCAAAACATCG,4
TGGCTTCAACCTCCAA,6
TGGCTTCAACGCTCGA,6
TGGCTTCAACGTATCA,6
TGGCTTCAACTATGCA,6
TGGCTTCAAGAGTCAA,6
TGGCTTCAAGATCGCA,6
TGGCTTCAAGCAGGAA,6
TGGCTTCAAGTCACTA,7
TGGCTTCAATCCTGTA,7
TGGCTTCAATTGAGGA,7
TGGCTTCAATGCCTAA,4
TGGCTTCACAACCACA,7
TGGCTTCAGACTAGTA,7
TGGCTTCACAATGGAA,7
TGGCTTCACACTTCGA,7
TGGCTTCACAGCGTTA,7
TGGCTTCACATACCAA,7
TGGCTTCACCAGTTCA,7
TGGCTTCACCGAAGTA,7
TGGCTTCACCGTGAGA,7
TGGCTTCACCTCCTGA,7
TGGCTTCACGAACTTA,7
TGGCTTCACGACTGGA,7
TGGCTTCACGCATACA,8
TGGCTTCACTCAATGA,8
TGGCTTCACTGAGCCA,8
TGGCTTCACTGGCATA,8
TGGCTTCAGAATCTGA,8
TGGCTTCACAAGACTA,8
TGGCTTCAGAGCTGAA,8
TGGCTTCAGATAGACA,8
TGGCTTCAACCACTGT,4
TGGCTTCAGCCACATA,8
TGGCTTCAGCGAGTAA,1
TGGCTTCAGCTAACGA,1
TGGCTTCAGCTCGGTA,1
TGGCTTCAGGAGAACA,1
TGGCTTCAGGTGCGAA,1
TGGCTTCAGTACGCAA,1
TGGCTTCAGTCGTAGA,1
TGGCTTCAGTCTGTCA,1
TGGCTTCAGTGTTCTA,1
TGGCTTCAACATTGGC,4
TGGCTTCATAGGATGA,1
TGGCTTCATATCAGCA,1
TGGCTTCATCCGTCTA,1
TGGCTTCATCTTCACA,1
TGGCTTCATGAAGAGA,1
TGGCTTCATGGAACAA,1
TGGCTTCATGGCTTCA,1
TGGCTTCATGGTGGTA,1
TGGCTTCATTCACGCA,8
TGGCTTCAAACTCACC,8
TGGCTTCACAGATCTG,4
TGGCTTCAAAGAGATC,8
TGGCTTCAAAGGACAC,8
TGGCTTCAAATCCGTC,6
TGGCTTCAAATGTTGC,8
TGGCTTCAACACGACC,1
TGGCTTCAACAGATTC,8
TGGCTTCAAGATGTAC,6
TGGCTTCAAGCACCTC,8
TGGCTTCAAGCCATGC,8
TGGCTTCAAGGCTAAC,8
TGGCTTCACATCAAGT,4
TGGCTTCAATAGCGAC,8
TGGCTTCAATCATTCC,8
TGGCTTCAATTGGCTC,8
TGGCTTCACAAGGAGC,8
TGGCTTCACACCTTAC,8
TGGCTTCACCATCCTC,8
TGGCTTCACCGACAAC,8
TGGCTTCACCTAATCC,8
TGGCTTCACCTCTATC,8
TGGCTTCACGACACAC,8
TGGCTTCACGCTGATC,3
TGGCTTCACGGATTGC,8
TGGCTTCACTAAGGTC,6
TGGCTTCAGAACAGGC,6
TGGCTTCAGACAGTGC,6
TGGCTTCAGAGTTAGC,6
TGGCTTCAGATGAATC,6
TGGCTTCAGCCAAGAC,6
TGGCTTCACGGAAGAA,6
TGGCTTCAGTGACAAG,5
TGGCTTCAGAACCAGA,5
TGGAACAAAACGTGAT,4
TGGAACAAACAAGCTA,3
TGGAACAATTGCTGGA,5
TGGAACAACTGTAGCC,3
TGGAACAAAGTACAAG,3
TGGAACAAAACAACCA,3
TGGAACAAAACCGAGA,3
TGGAACAAAACGCTTA,3
TGGAACAAAAGACGGA,3
TGGAACAAAAGGTACA,3
TGGAACAAACACAGAA,6
TGGAACAAACAGCAGA,6
TGGAACAAAAACATCG,4
TGGAACAAACCTCCAA,6
TGGAACAAACGCTCGA,6
TGGAACAAACGTATCA,6
TGGAACAAACTATGCA,6
TGGAACAAAGAGTCAA,6
TGGAACAAAGATCGCA,6
TGGAACAAAGCAGGAA,6
TGGAACAAAGTCACTA,7
TGGAACAAATCCTGTA,7
TGGAACAAATTGAGGA,7
TGGAACAAATGCCTAA,4
TGGAACAACAACCACA,7
TGGAACAAGACTAGTA,7
TGGAACAACAATGGAA,7
TGGAACAACACTTCGA,7
TGGAACAACAGCGTTA,7
TGGAACAACATACCAA,7
TGGAACAACCAGTTCA,6
TGGAACAACCGAAGTA,7
TGGAACAACCGTGAGA,7
TGGAACAACCTCCTGA,7
TGGAACAAAGTGGTCA,4
TGGAACAACGAACTTA,7
TGGAACAACGACTGGA,8
TGGAACAACGCATACA,8
TGGAACAACTCAATGA,8
TGGAACAACTGAGCCA,8
TGGAACAACTGGCATA,8
TGGAACAAGAATCTGA,8
TGGAACAACAAGACTA,8
TGGAACAAGAGCTGAA,8
TGGAACAAGATAGACA,1
TGGAACAAACCACTGT,4
TGGAACAAGCCACATA,1
TGGAACAAGCGAGTAA,1
TGGAACAAGCTAACGA,1
TGGAACAAGCTCGGTA,1
TGGAACAAGGAGAACA,1
TGGAACAAGGTGCGAA,1
TGGAACAAGTACGCAA,1
TGGAACAAGTCGTAGA,1
TGGAACAAGTCTGTCA,1
TGGAACAAGTGTTCTA,1
TGGAACAAACATTGGC,4
TGGAACAATAGGATGA,1
TGGAACAATATCAGCA,1
TGGAACAATCCGTCTA,1
TGGAACAATCTTCACA,1
TGGAACAATGAAGAGA,1
TGGAACAATGGAACAA,1
TGGAACAATGGCTTCA,1
TGGAACAATGGTGGTA,1
TGGAACAATTCACGCA,1
TGGAACAAAACTCACC,8
TGGAACAACAGATCTG,4
TGGAACAAAAGAGATC,8
TGGAACAAAAGGACAC,1
TGGAACAAAATCCGTC,1
TGGAACAAAATGTTGC,1
TGGAACAAACACGACC,1
TGGAACAAACAGATTC,1
TGGAACAAAGATGTAC,1
TGGAACAAAGCACCTC,6
TGGAACAAAGCCATGC,8
TGGAACAAAGGCTAAC,8
TGGAACAACATCAAGT,4
TGGAACAAATAGCGAC,8
TGGAACAAATCATTCC,8
TGGAACAAATTGGCTC,8
TGGAACAACAAGGAGC,8
TGGAACAACACCTTAC,8
TGGAACAACCATCCTC,8
TGGAACAACCGACAAC,8
TGGAACAACCTAATCC,8
TGGAACAACCTCTATC,8
TGGAACAACGACACAC,8
TGGAACAACGCTGATC,3
TGGAACAACGGATTGC,8
TGGAACAACTAAGGTC,8
TGGAACAAGAACAGGC,8
TGGAACAAGACAGTGC,8
TGGAACAAGAGTTAGC,6
TGGAACAAGATGAATC,6
TGGAACAAGCCAAGAC,6
TGGAACAACGGAAGAA,6
TGGAACAAGTGACAAG,5
TGGAACAAGAACCAGA,5
TGAAGAGAAACGTGAT,4
TGAAGAGAACAAGCTA,3
TGAAGAGATTGCTGGA,5
TGAAGAGACTGTAGCC,3
TGAAGAGAAGTACAAG,3
TGAAGAGAAACAACCA,3
TGAAGAGAAACCGAGA,3
TGAAGAGAAACGCTTA,3
TGAAGAGAAAGACGGA,3
TGAAGAGAAAGGTACA,6
TGAAGAGAACACAGAA,4
TGAAGAGAACAGCAGA,6
TGAAGAGAAAACATCG,4
TGAAGAGAACCTCCAA,4
TGAAGAGAACGCTCGA,6
TGAAGAGAACGTATCA,6
TGAAGAGAACTATGCA,6
TGAAGAGAAGAGTCAA,6
TGAAGAGAAGATCGCA,7
TGAAGAGAAGCAGGAA,7
TGAAGAGAAGTCACTA,7
TGAAGAGAATCCTGTA,7
TGAAGAGAATTGAGGA,7
TGAAGAGAATGCCTAA,4
TGAAGAGACAACCACA,7
TGAAGAGAGACTAGTA,7
TGAAGAGACAATGGAA,7
TGAAGAGACACTTCGA,7
TGAAGAGACAGCGTTA,7
TGAAGAGACATACCAA,7
TGAAGAGACCAGTTCA,6
TGAAGAGACCGAAGTA,7
TGAAGAGACCGTGAGA,7
TGAAGAGACCTCCTGA,7
TGAAGAGACGAACTTA,8
TGAAGAGACGACTGGA,8
TGAAGAGACGCATACA,8
TGAAGAGACTCAATGA,8
TGAAGAGACTGAGCCA,8
TGAAGAGACTGGCATA,8
TGAAGAGAGAATCTGA,8
TGAAGAGACAAGACTA,8
TGAAGAGAGAGCTGAA,8
TGAAGAGAGATAGACA,8
TGAAGAGAACCACTGT,4
TGAAGAGAGCCACATA,1
TGAAGAGAGCGAGTAA,1
TGAAGAGAGCTAACGA,1
TGAAGAGAGCTCGGTA,1
TGAAGAGAGGAGAACA,1
TGAAGAGAGGTGCGAA,1
TGAAGAGAGTACGCAA,1
TGAAGAGAGTCGTAGA,1
TGAAGAGAGTCTGTCA,1
TGAAGAGAGTGTTCTA,1
TGAAGAGAACATTGGC,4
TGAAGAGATAGGATGA,1
TGAAGAGATATCAGCA,1
TGAAGAGATCCGTCTA,1
TGAAGAGATCTTCACA,1
TGAAGAGATGAAGAGA,1
TGAAGAGATGGAACAA,1
TGAAGAGATGGCTTCA,1
TGAAGAGATGGTGGTA,1
TGAAGAGATTCACGCA,8
TGAAGAGAAACTCACC,8
TGAAGAGACAGATCTG,4
TGAAGAGAAAGAGATC,1
TGAAGAGAAAGGACAC,1
TGAAGAGAAATCCGTC,1
TGAAGAGAAATGTTGC,1
TGAAGAGAACACGACC,1
TGAAGAGAACAGATTC,1
TGAAGAGAAGATGTAC,1
TGAAGAGAAGCACCTC,1
TGAAGAGAAGCCATGC,6
TGAAGAGAAGGCTAAC,8
TGAAGAGACATCAAGT,4
TGAAGAGAATAGCGAC,8
TGAAGAGAATCATTCC,8
TGAAGAGAATTGGCTC,8
TGAAGAGACAAGGAGC,8
TGAAGAGACACCTTAC,8
TGAAGAGACCATCCTC,8
TGAAGAGACCGACAAC,8
TGAAGAGACCTAATCC,8
TGAAGAGACCTCTATC,8
TGAAGAGACGACACAC,8
TGAAGAGACGCTGATC,3
TGAAGAGACGGATTGC,8
TGAAGAGACTAAGGTC,8
TGAAGAGAGAACAGGC,8
TGAAGAGAGACAGTGC,8
TGAAGAGAGAGTTAGC,8
TGAAGAGAGATGAATC,6
TGAAGAGAGCCAAGAC,6
TGAAGAGACGGAAGAA,6
TGAAGAGAGTGACAAG,5
TGAAGAGAGAACCAGA,5
TCTTCACAAACGTGAT,4
TCTTCACAACAAGCTA,3
TCTTCACATTGCTGGA,8
TCTTCACACTGTAGCC,3
TCTTCACAAGTACAAG,3
TCTTCACAAACAACCA,3
TCTTCACAAACCGAGA,3
TCTTCACAAACGCTTA,3
TCTTCACAAAGACGGA,4
TCTTCACAAAGGTACA,6
TCTTCACAACACAGAA,6
TCTTCACAACAGCAGA,6
TCTTCACAAAACATCG,4
TCTTCACAACCTCCAA,6
TCTTCACAACGCTCGA,3
TCTTCACAACGTATCA,3
TCTTCACAACTATGCA,6
TCTTCACAAGAGTCAA,7
TCTTCACAAGATCGCA,7
TCTTCACAAGCAGGAA,7
TCTTCACAAGTCACTA,7
TCTTCACAATCCTGTA,7
TCTTCACAATTGAGGA,7
TCTTCACAATGCCTAA,4
TCTTCACACAACCACA,7
TCTTCACAGACTAGTA,7
TCTTCACACAATGGAA,7
TCTTCACACACTTCGA,7
TCTTCACACAGCGTTA,7
TCTTCACACATACCAA,6
TCTTCACACCAGTTCA,6
TCTTCACACCGAAGTA,6
TCTTCACACCGTGAGA,6
TCTTCACACCTCCTGA,8
TCTTCACAAGTGGTCA,4
TCTTCACACGAACTTA,8
TCTTCACACGACTGGA,8
TCTTCACACGCATACA,8
TCTTCACACTCAATGA,8
TCTTCACACTGAGCCA,8
TCTTCACACTGGCATA,1
TCTTCACAGAATCTGA,1
TCTTCACACAAGACTA,1
TCTTCACAGAGCTGAA,1
TCTTCACAGATAGACA,1
TCTTCACAACCACTGT,4
TCTTCACAGCCACATA,1
TCTTCACAGCGAGTAA,1
TCTTCACAGCTAACGA,1
TCTTCACAGCTCGGTA,1
TCTTCACAGGAGAACA,1
TCTTCACAGGTGCGAA,1
TCTTCACAGTACGCAA,1
TCTTCACAGTCGTAGA,1
TCTTCACAGTCTGTCA,1
TCTTCACAGTGTTCTA,1
TCTTCACAACATTGGC,4
TCTTCACATAGGATGA,1
TCTTCACATATCAGCA,1
TCTTCACATCCGTCTA,1
TCTTCACATCTTCACA,1
TCTTCACATGAAGAGA,1
TCTTCACATGGAACAA,1
TCTTCACATGGCTTCA,1
TCTTCACATGGTGGTA,1
TCTTCACATTCACGCA,1
TCTTCACAAACTCACC,1
TCTTCACACAGATCTG,3
TCTTCACAAAGAGATC,1
TCTTCACAAAGGACAC,1
TCTTCACAAATCCGTC,1
TCTTCACAAATGTTGC,1
TCTTCACAACACGACC,1
TCTTCACAACAGATTC,1
TCTTCACAAGATGTAC,1
TCTTCACAAGCACCTC,6
TCTTCACAAGCCATGC,6
TCTTCACAAGGCTAAC,6
TCTTCACACATCAAGT,3
TCTTCACAATAGCGAC,6
TCTTCACAATCATTCC,8
TCTTCACAATTGGCTC,8
TCTTCACACAAGGAGC,8
TCTTCACACACCTTAC,8
TCTTCACACCATCCTC,8
TCTTCACACCGACAAC,8
TCTTCACACCTAATCC,8
TCTTCACACCTCTATC,8
TCTTCACACGACACAC,8
TCTTCACACGCTGATC,3
TCTTCACACGGATTGC,8
TCTTCACACTAAGGTC,8
TCTTCACAGAACAGGC,8
TCTTCACAGACAGTGC,8
TCTTCACAGAGTTAGC,8
TCTTCACAGATGAATC,8
TCTTCACAGCCAAGAC,8
TCTTCACACGGAAGAA,8
TCTTCACAGTGACAAG,8
TCTTCACAGAACCAGA,8
TCCGTCTAAACGTGAT,4
TCCGTCTAACAAGCTA,3
TCCGTCTATTGCTGGA,8
TCCGTCTACTGTAGCC,3
TCCGTCTAAGTACAAG,3
TCCGTCTAAACAACCA,3
TCCGTCTAAACCGAGA,3
TCCGTCTAAACGCTTA,3
TCCGTCTAAAGACGGA,6
TCCGTCTAAAGGTACA,4
TCCGTCTAACACAGAA,6
TCCGTCTAACAGCAGA,6
TCCGTCTAAAACATCG,4
TCCGTCTAACCTCCAA,6
TCCGTCTAACGCTCGA,3
TCCGTCTAACGTATCA,3
TCCGTCTAACTATGCA,7
TCCGTCTAAGAGTCAA,7
TCCGTCTAAGATCGCA,7
TCCGTCTAAGCAGGAA,7
TCCGTCTAAGTCACTA,7
TCCGTCTAATCCTGTA,7
TCCGTCTAATTGAGGA,7
TCCGTCTAATGCCTAA,4
TCCGTCTACAACCACA,7
TCCGTCTAGACTAGTA,7
TCCGTCTACAATGGAA,7
TCCGTCTACACTTCGA,7
TCCGTCTACAGCGTTA,7
TCCGTCTACATACCAA,7
TCCGTCTACCAGTTCA,6
TCCGTCTACCGAAGTA,7
TCCGTCTACCGTGAGA,8
TCCGTCTACCTCCTGA,8
TCCGTCTAAGTGGTCA,4
TCCGTCTACGAACTTA,8
TCCGTCTACGACTGGA,8
TCCGTCTACGCATACA,8
TCCGTCTACTCAATGA,8
TCCGTCTACTGAGCCA,1
TCCGTCTACTGGCATA,1
TCCGTCTAGAATCTGA,1
TCCGTCTACAAGACTA,1
TCCGTCTAGAGCTGAA,1
TCCGTCTAGATAGACA,1
TCCGTCTAACCACTGT,4
TCCGTCTAGCCACATA,1
TCCGTCTAGCGAGTAA,1
TCCGTCTAGCTAACGA,1
TCCGTCTAGCTCGGTA,1
TCCGTCTAGGAGAACA,1
TCCGTCTAGGTGCGAA,1
TCCGTCTAGTACGCAA,1
TCCGTCTAGTCGTAGA,1
TCCGTCTAGTCTGTCA,1
TCCGTCTAGTGTTCTA,1
TCCGTCTAACATTGGC,4
TCCGTCTATAGGATGA,1
TCCGTCTATATCAGCA,1
TCCGTCTATCCGTCTA,1
TCCGTCTATCTTCACA,1
TCCGTCTATGAAGAGA,1
TCCGTCTATGGAACAA,1
TCCGTCTATGGCTTCA,1
TCCGTCTATGGTGGTA,1
TCCGTCTATTCACGCA,1
TCCGTCTAAACTCACC,1
TCCGTCTACAGATCTG,4
TCCGTCTAAAGAGATC,1
TCCGTCTAAAGGACAC,1
TCCGTCTAAATCCGTC,1
TCCGTCTAAATGTTGC,1
TCCGTCTAACACGACC,1
TCCGTCTAACAGATTC,1
TCCGTCTAAGATGTAC,1
TCCGTCTAAGCACCTC,6
TCCGTCTAAGCCATGC,6
TCCGTCTAAGGCTAAC,6
TCCGTCTACATCAAGT,3
TCCGTCTAATAGCGAC,6
TCCGTCTAATCATTCC,6
TCCGTCTAATTGGCTC,8
TCCGTCTACAAGGAGC,8
TCCGTCTACACCTTAC,8
TCCGTCTACCATCCTC,8
TCCGTCTACCGACAAC,8
TCCGTCTACCTAATCC,8
TCCGTCTACCTCTATC,8
TCCGTCTACGACACAC,8
TCCGTCTACGCTGATC,3
TCCGTCTACGGATTGC,8
TCCGTCTACTAAGGTC,8
TCCGTCTAGAACAGGC,8
TCCGTCTAGACAGTGC,8
TCCGTCTAGAGTTAGC,8
TCCGTCTAGATGAATC,8
TCCGTCTAGCCAAGAC,8
TCCGTCTACGGAAGAA,8
TCCGTCTAGTGACAAG,8
TCCGTCTAGAACCAGA,8
GTGACAAGTTGCTGGA,4
GTGACAAGAGATCGCA,6
GTGACAAGAGCAGGAA,5
GTGACAAGAGTCACTA,6
GTGACAAGATCCTGTA,6
GTGACAAGATTGAGGA,5
GTGACAAGCAACCACA,6
GTGACAAGGACTAGTA,4
GTGACAAGCAATGGAA,4
GTGACAAGCACTTCGA,4
GTGACAAGCAGCGTTA,4
GTGACAAGCATACCAA,4
GTGACAAGCCAGTTCA,4
GTGACAAGCCGAAGTA,4
GTGACAAGCCGTGAGA,4
GTGACAAGCCTCCTGA,4
GTGACAAGCGAACTTA,4
GTGACAAGCGACTGGA,4
GTGACAAGCGCATACA,4
GTGACAAGCTCAATGA,4
GTGACAAGCTGAGCCA,4
GTGACAAGCTGGCATA,4
GTGACAAGGAATCTGA,4
GTGACAAGCAAGACTA,3
GTGACAAGGAGCTGAA,3
GTGACAAGGATAGACA,3
GTGACAAGGCCACATA,3
GTGACAAGGCGAGTAA,3
GTGACAAGGCTAACGA,6
GTGACAAGGCTCGGTA,6
GTGACAAGGGAGAACA,6
GTGACAAGGGTGCGAA,6
GTGACAAGGTACGCAA,6
GTGACAAGGTCGTAGA,6
GTGACAAGGTCTGTCA,6
GTGACAAGGTGTTCTA,6
GTGACAAGTAGGATGA,6
GTGACAAGTATCAGCA,6
GTGACAAGTCCGTCTA,6
GTGACAAGTCTTCACA,6
GTGACAAGTGAAGAGA,6
GTGACAAGTGGAACAA,6
GTGACAAGTGGCTTCA,6
GTGACAAGTGGTGGTA,6
GTGACAAGTTCACGCA,6
GTGACAAGAACTCACC,6
GTGACAAGAAGAGATC,6
GTGACAAGAAGGACAC,7
GTGACAAGAATCCGTC,7
GTGACAAGAATGTTGC,7
GTGACAAGACACGACC,7
GTGACAAGACAGATTC,6
GTGACAAGAGATGTAC,6
GTGACAAGAGCACCTC,6
GTGACAAGAGCCATGC,6
GTGACAAGAGGCTAAC,7
GTGACAAGATAGCGAC,6
GTGACAAGATCATTCC,6
GTGACAAGATTGGCTC,6
GTGACAAGCAAGGAGC,6
GTGACAAGCACCTTAC,6
GTGACAAGCCATCCTC,6
GTGACAAGCCGACAAC,6
GTGACAAGCCTAATCC,6
GTGACAAGCCTCTATC,6
GTGACAAGCGACACAC,6
GTGACAAGCGGATTGC,3
GTGACAAGCTAAGGTC,4
GTGACAAGGAACAGGC,4
GTGACAAGGACAGTGC,4
GTGACAAGGAGTTAGC,4
GTGACAAGGATGAATC,5
GTGACAAGGCCAAGAC,5
GTGACAAGCGGAAGAA,5
GTGACAAGGTGACAAG,5
GTGACAAGGAACCAGA,5
TATCAGCAAACGTGAT,4
TATCAGCAACAAGCTA,3
TATCAGCATTGCTGGA,8
TATCAGCACTGTAGCC,3
TATCAGCAAGTACAAG,3
TATCAGCAAACAACCA,3
TATCAGCAAACCGAGA,3
TATCAGCAAACGCTTA,3
TATCAGCAAAGACGGA,3
TATCAGCAAAGGTACA,6
TATCAGCAACACAGAA,6
TATCAGCAACAGCAGA,6
TATCAGCAAAACATCG,4
TATCAGCAACCTCCAA,6
TATCAGCAACGCTCGA,6
TATCAGCAACGTATCA,6
TATCAGCAACTATGCA,7
TATCAGCAAGAGTCAA,7
TATCAGCAAGATCGCA,7
TATCAGCAAGCAGGAA,7
TATCAGCAAGTCACTA,7
TATCAGCAATCCTGTA,7
TATCAGCAATTGAGGA,7
TATCAGCAATGCCTAA,4
TATCAGCACAACCACA,7
TATCAGCAGACTAGTA,7
TATCAGCACAATGGAA,7
TATCAGCACACTTCGA,7
TATCAGCACAGCGTTA,7
TATCAGCACATACCAA,7
TATCAGCACCAGTTCA,7
TATCAGCACCGAAGTA,8
TATCAGCACCGTGAGA,8
TATCAGCACCTCCTGA,8
TATCAGCAAGTGGTCA,4
TATCAGCACGAACTTA,8
TATCAGCACGACTGGA,8
TATCAGCACGCATACA,8
TATCAGCACTCAATGA,1
TATCAGCACTGAGCCA,1
TATCAGCACTGGCATA,1
TATCAGCAGAATCTGA,1
TATCAGCACAAGACTA,1
TATCAGCAGAGCTGAA,1
TATCAGCAGATAGACA,1
TATCAGCAACCACTGT,4
TATCAGCAGCCACATA,1
TATCAGCAGCGAGTAA,1
TATCAGCAGCTAACGA,1
TATCAGCAGCTCGGTA,1
TATCAGCAGGAGAACA,1
TATCAGCAGGTGCGAA,1
TATCAGCAGTACGCAA,1
TATCAGCAGTCGTAGA,1
TATCAGCAGTCTGTCA,1
TATCAGCAGTGTTCTA,1
TATCAGCAACATTGGC,4
TATCAGCATAGGATGA,1
TATCAGCATATCAGCA,1
TATCAGCATCCGTCTA,1
TATCAGCATCTTCACA,1
TATCAGCATGAAGAGA,1
TATCAGCATGGAACAA,1
TATCAGCATGGCTTCA,8
TATCAGCATGGTGGTA,1
TATCAGCATTCACGCA,1
TATCAGCAAACTCACC,1
TATCAGCACAGATCTG,4
TATCAGCAAAGAGATC,1
TATCAGCAAAGGACAC,1
TATCAGCAAATCCGTC,1
TATCAGCAAATGTTGC,1
TATCAGCAACACGACC,1
TATCAGCAACAGATTC,1
TATCAGCAAGATGTAC,1
TATCAGCAAGCACCTC,1
TATCAGCAAGCCATGC,6
TATCAGCAAGGCTAAC,6
TATCAGCACATCAAGT,3
TATCAGCAATAGCGAC,6
TATCAGCAATCATTCC,6
TATCAGCAATTGGCTC,6
TATCAGCACAAGGAGC,6
TATCAGCACACCTTAC,8
TATCAGCACCATCCTC,8
TATCAGCACCGACAAC,8
TATCAGCACCTAATCC,8
TATCAGCACCTCTATC,8
TATCAGCACGACACAC,8
TATCAGCACGCTGATC,3
TATCAGCACGGATTGC,8
TATCAGCACTAAGGTC,8
TATCAGCAGAACAGGC,8
TATCAGCAGACAGTGC,8
TATCAGCAGAGTTAGC,8
TATCAGCAGATGAATC,8
TATCAGCAGCCAAGAC,8
TATCAGCACGGAAGAA,8
TATCAGCAGTGACAAG,8
TATCAGCAGAACCAGA,8
TAGGATGAAACGTGAT,4
TAGGATGAACAAGCTA,3
TAGGATGATTGCTGGA,8
TAGGATGACTGTAGCC,3
TAGGATGAAGTACAAG,3
TAGGATGAAACAACCA,3
TAGGATGAAACCGAGA,3
TAGGATGAAACGCTTA,3
TAGGATGAAAGACGGA,6
TAGGATGAAAGGTACA,3
TAGGATGAACACAGAA,6
TAGGATGAACAGCAGA,6
TAGGATGAAAACATCG,4
TAGGATGAACCTCCAA,6
TAGGATGAACGCTCGA,6
TAGGATGAACGTATCA,7
TAGGATGAACTATGCA,7
TAGGATGAAGAGTCAA,7
TAGGATGAAGATCGCA,7
TAGGATGAAGCAGGAA,7
TAGGATGAAGTCACTA,7
TAGGATGAATCCTGTA,7
TAGGATGAATTGAGGA,7
TAGGATGAATGCCTAA,4
TAGGATGACAACCACA,7
TAGGATGAGACTAGTA,7
TAGGATGACAATGGAA,7
TAGGATGACACTTCGA,7
TAGGATGACAGCGTTA,7
TAGGATGACATACCAA,7
TAGGATGACCAGTTCA,7
TAGGATGACCGAAGTA,8
TAGGATGACCGTGAGA,8
TAGGATGACCTCCTGA,8
TAGGATGAAGTGGTCA,4
TAGGATGACGAACTTA,8
TAGGATGACGACTGGA,8
TAGGATGACGCATACA,8
TAGGATGACTCAATGA,1
TAGGATGACTGAGCCA,1
TAGGATGACTGGCATA,1
TAGGATGAGAATCTGA,1
TAGGATGACAAGACTA,1
TAGGATGAGAGCTGAA,1
TAGGATGAGATAGACA,1
TAGGATGAACCACTGT,4
TAGGATGAGCCACATA,1
TAGGATGAGCGAGTAA,1
TAGGATGAGCTAACGA,1
TAGGATGAGCTCGGTA,1
TAGGATGAGGAGAACA,1
TAGGATGAGGTGCGAA,1
TAGGATGAGTACGCAA,1
TAGGATGAGTCGTAGA,1
TAGGATGAGTCTGTCA,1
TAGGATGAGTGTTCTA,1
TAGGATGAACATTGGC,4
TAGGATGATAGGATGA,1
TAGGATGATATCAGCA,1
TAGGATGATCCGTCTA,1
TAGGATGATCTTCACA,1
TAGGATGATGAAGAGA,1
TAGGATGATGGAACAA,1
TAGGATGATGGCTTCA,1
TAGGATGATGGTGGTA,1
TAGGATGATTCACGCA,1
TAGGATGAAACTCACC,1
TAGGATGACAGATCTG,4
TAGGATGAAAGAGATC,1
TAGGATGAAAGGACAC,1
TAGGATGAAATCCGTC,1
TAGGATGAAATGTTGC,1
TAGGATGAACACGACC,1
TAGGATGAACAGATTC,1
TAGGATGAAGATGTAC,1
TAGGATGAAGCACCTC,1
TAGGATGAAGCCATGC,1
TAGGATGAAGGCTAAC,6
TAGGATGACATCAAGT,3
TAGGATGAATAGCGAC,6
TAGGATGAATCATTCC,6
TAGGATGAATTGGCTC,6
TAGGATGACAAGGAGC,6
TAGGATGACACCTTAC,6
TAGGATGACCATCCTC,8
TAGGATGACCGACAAC,8
TAGGATGACCTAATCC,8
TAGGATGACCTCTATC,8
TAGGATGACGACACAC,8
TAGGATGACGCTGATC,3
TAGGATGACGGATTGC,8
TAGGATGACTAAGGTC,8
TAGGATGAGAACAGGC,8
TAGGATGAGACAGTGC,8
TAGGATGAGAGTTAGC,8
TAGGATGAGATGAATC,8
TAGGATGAGCCAAGAC,8
TAGGATGACGGAAGAA,8
TAGGATGAGTGACAAG,8
TAGGATGAGAACCAGA,8
GTGTTCTAAACGTGAT,4
GTGTTCTAACAAGCTA,3
GTGTTCTATTGCTGGA,8
GTGTTCTACTGTAGCC,3
GTGTTCTAAGTACAAG,3
GTGTTCTAAACAACCA,3
GTGTTCTAAACCGAGA,3
GTGTTCTAAACGCTTA,3
GTGTTCTAAAGACGGA,3
GTGTTCTAAAGGTACA,6
GTGTTCTAACACAGAA,6
GTGTTCTAACAGCAGA,6
GTGTTCTAAAACATCG,4
GTGTTCTAACCTCCAA,6
GTGTTCTAACGCTCGA,7
GTGTTCTAACGTATCA,7
GTGTTCTAACTATGCA,7
GTGTTCTAAGAGTCAA,7
GTGTTCTAAGATCGCA,7
GTGTTCTAAGCAGGAA,7
GTGTTCTAAGTCACTA,7
GTGTTCTAATCCTGTA,7
GTGTTCTAATTGAGGA,7
GTGTTCTAATGCCTAA,4
GTGTTCTACAACCACA,7
GTGTTCTAGACTAGTA,7
GTGTTCTACAATGGAA,7
GTGTTCTACACTTCGA,7
GTGTTCTACAGCGTTA,7
GTGTTCTACATACCAA,7
GTGTTCTACCAGTTCA,7
GTGTTCTACCGAAGTA,8
GTGTTCTACCGTGAGA,8
GTGTTCTACCTCCTGA,8
GTGTTCTAAGTGGTCA,4
GTGTTCTACGAACTTA,8
GTGTTCTACGACTGGA,1
GTGTTCTACGCATACA,1
GTGTTCTACTCAATGA,1
GTGTTCTACTGAGCCA,8
GTGTTCTACTGGCATA,1
GTGTTCTAGAATCTGA,1
GTGTTCTACAAGACTA,1
GTGTTCTAGAGCTGAA,1
GTGTTCTAGATAGACA,1
GTGTTCTAACCACTGT,4
GTGTTCTAGCCACATA,1
GTGTTCTAGCGAGTAA,1
GTGTTCTAGCTAACGA,1
GTGTTCTAGCTCGGTA,1
GTGTTCTAGGAGAACA,1
GTGTTCTAGGTGCGAA,1
GTGTTCTAGTACGCAA,1
GTGTTCTAGTCGTAGA,1
GTGTTCTAGTCTGTCA,1
GTGTTCTAGTGTTCTA,1
GTGTTCTAACATTGGC,4
GTGTTCTATAGGATGA,1
GTGTTCTATATCAGCA,1
GTGTTCTATCCGTCTA,1
GTGTTCTATCTTCACA,1
GTGTTCTATGAAGAGA,1
GTGTTCTATGGAACAA,1
GTGTTCTATGGCTTCA,1
GTGTTCTATGGTGGTA,1
GTGTTCTATTCACGCA,1
GTGTTCTAAACTCACC,1
GTGTTCTACAGATCTG,3
GTGTTCTAAAGAGATC,1
GTGTTCTAAAGGACAC,1
GTGTTCTAAATCCGTC,1
GTGTTCTAAATGTTGC,1
GTGTTCTAACACGACC,1
GTGTTCTAACAGATTC,1
GTGTTCTAAGATGTAC,1
GTGTTCTAAGCACCTC,1
GTGTTCTAAGCCATGC,1
GTGTTCTAAGGCTAAC,1
GTGTTCTACATCAAGT,3
GTGTTCTAATAGCGAC,6
GTGTTCTAATCATTCC,6
GTGTTCTAATTGGCTC,6
GTGTTCTACAAGGAGC,6
GTGTTCTACACCTTAC,6
GTGTTCTACCATCCTC,8
GTGTTCTACCGACAAC,8
GTGTTCTACCTAATCC,8
GTGTTCTACCTCTATC,8
GTGTTCTACGACACAC,8
GTGTTCTACGCTGATC,3
GTGTTCTACGGATTGC,8
GTGTTCTACTAAGGTC,8
GTGTTCTAGAACAGGC,8
GTGTTCTAGACAGTGC,8
GTGTTCTAGAGTTAGC,8
GTGTTCTAGATGAATC,8
GTGTTCTAGCCAAGAC,8
GTGTTCTACGGAAGAA,8
GTGTTCTAGTGACAAG,8
GTGTTCTAGAACCAGA,8
GTCTGTCAAACGTGAT,4
GTCTGTCAACAAGCTA,3
GTCTGTCATTGCTGGA,8
GTCTGTCACTGTAGCC,3
GTCTGTCAAGTACAAG,3
GTCTGTCAAACAACCA,3
GTCTGTCAAACCGAGA,3
GTCTGTCAAACGCTTA,6
GTCTGTCAAAGACGGA,6
GTCTGTCAAAGGTACA,6
GTCTGTCAACACAGAA,6
GTCTGTCAACAGCAGA,6
GTCTGTCAAAACATCG,4
GTCTGTCAACCTCCAA,6
GTCTGTCAACGCTCGA,6
GTCTGTCAACGTATCA,7
GTCTGTCAACTATGCA,7
GTCTGTCAAGAGTCAA,7
GTCTGTCAAGATCGCA,7
GTCTGTCAAGCAGGAA,7
GTCTGTCAAGTCACTA,7
GTCTGTCAATCCTGTA,7
GTCTGTCAATTGAGGA,7
GTCTGTCAATGCCTAA,4
GTCTGTCACAACCACA,7
GTCTGTCAGACTAGTA,7
GTCTGTCACAATGGAA,7
GTCTGTCACACTTCGA,7
GTCTGTCACAGCGTTA,7
GTCTGTCACATACCAA,7
GTCTGTCACCAGTTCA,8
GTCTGTCACCGAAGTA,8
GTCTGTCACCGTGAGA,8
GTCTGTCACCTCCTGA,8
GTCTGTCAAGTGGTCA,4
GTCTGTCACGAACTTA,1
GTCTGTCACGACTGGA,1
GTCTGTCACGCATACA,1
GTCTGTCACTCAATGA,1
GTCTGTCACTGAGCCA,1
GTCTGTCACTGGCATA,1
GTCTGTCAGAATCTGA,1
GTCTGTCACAAGACTA,1
GTCTGTCAGAGCTGAA,1
GTCTGTCAGATAGACA,1
GTCTGTCAACCACTGT,3
GTCTGTCAGCCACATA,1
GTCTGTCAGCGAGTAA,1
GTCTGTCAGCTAACGA,1
GTCTGTCAGCTCGGTA,1
GTCTGTCAGGAGAACA,1
GTCTGTCAGGTGCGAA,1
GTCTGTCAGTACGCAA,1
GTCTGTCAGTCGTAGA,1
GTCTGTCAGTCTGTCA,1
GTCTGTCAGTGTTCTA,1
GTCTGTCAACATTGGC,3
GTCTGTCATAGGATGA,1
GTCTGTCATATCAGCA,1
GTCTGTCATCCGTCTA,1
GTCTGTCATCTTCACA,1
GTCTGTCATGAAGAGA,1
GTCTGTCATGGAACAA,1
GTCTGTCATGGCTTCA,1
GTCTGTCATGGTGGTA,1
GTCTGTCATTCACGCA,1
GTCTGTCAAACTCACC,1
GTCTGTCACAGATCTG,4
GTCTGTCAAAGAGATC,1
GTCTGTCAAAGGACAC,1
GTCTGTCAAATCCGTC,1
GTCTGTCAAATGTTGC,8
GTCTGTCAACACGACC,8
GTCTGTCAACAGATTC,8
GTCTGTCAAGATGTAC,1
GTCTGTCAAGCACCTC,1
GTCTGTCAAGCCATGC,1
GTCTGTCAAGGCTAAC,1
GTCTGTCACATCAAGT,3
GTCTGTCAATAGCGAC,1
GTCTGTCAATCATTCC,6
GTCTGTCAATTGGCTC,6
GTCTGTCACAAGGAGC,6
GTCTGTCACACCTTAC,6
GTCTGTCACCATCCTC,6
GTCTGTCACCGACAAC,8
GTCTGTCACCTAATCC,8
GTCTGTCACCTCTATC,8
GTCTGTCACGACACAC,8
GTCTGTCACGCTGATC,3
GTCTGTCACGGATTGC,8
GTCTGTCACTAAGGTC,8
GTCTGTCAGAACAGGC,8
GTCTGTCAGACAGTGC,8
GTCTGTCAGAGTTAGC,8
GTCTGTCAGATGAATC,8
GTCTGTCAGCCAAGAC,8
GTCTGTCACGGAAGAA,8
GTCTGTCAGTGACAAG,8
GTCTGTCAGAACCAGA,8
GTCGTAGAAACGTGAT,4
GTCGTAGAACAAGCTA,3
GTCGTAGATTGCTGGA,8
GTCGTAGACTGTAGCC,3
GTCGTAGAAGTACAAG,3
GTCGTAGAAACAACCA,3
GTCGTAGAAACCGAGA,3
GTCGTAGAAACGCTTA,6
GTCGTAGAAAGACGGA,6
GTCGTAGAAAGGTACA,6
GTCGTAGAACACAGAA,6
GTCGTAGAACAGCAGA,6
GTCGTAGAAAACATCG,4
GTCGTAGAACCTCCAA,6
GTCGTAGAACGCTCGA,7
GTCGTAGAACGTATCA,7
GTCGTAGAACTATGCA,7
GTCGTAGAAGAGTCAA,7
GTCGTAGAAGATCGCA,7
GTCGTAGAAGCAGGAA,7
GTCGTAGAAGTCACTA,7
GTCGTAGAATCCTGTA,7
GTCGTAGAATTGAGGA,7
GTCGTAGAATGCCTAA,4
GTCGTAGACAACCACA,7
GTCGTAGAGACTAGTA,7
GTCGTAGACAATGGAA,7
GTCGTAGACACTTCGA,7
GTCGTAGACAGCGTTA,7
GTCGTAGACATACCAA,8
GTCGTAGACCAGTTCA,8
GTCGTAGACCGAAGTA,8
GTCGTAGACCGTGAGA,8
GTCGTAGACCTCCTGA,1
GTCGTAGAAGTGGTCA,4
GTCGTAGACGAACTTA,1
GTCGTAGACGACTGGA,1
GTCGTAGACGCATACA,1
GTCGTAGACTCAATGA,1
GTCGTAGACTGAGCCA,1
GTCGTAGACTGGCATA,1
GTCGTAGAGAATCTGA,1
GTCGTAGACAAGACTA,1
GTCGTAGAGAGCTGAA,1
GTCGTAGAGATAGACA,1
GTCGTAGAACCACTGT,4
GTCGTAGAGCCACATA,1
GTCGTAGAGCGAGTAA,1
GTCGTAGAGCTAACGA,1
GTCGTAGAGCTCGGTA,1
GTCGTAGAGGAGAACA,1
GTCGTAGAGGTGCGAA,8
GTCGTAGAGTACGCAA,8
GTCGTAGAGTCGTAGA,1
GTCGTAGAGTCTGTCA,1
GTCGTAGAGTGTTCTA,1
GTCGTAGAACATTGGC,4
GTCGTAGATAGGATGA,1
GTCGTAGATATCAGCA,1
GTCGTAGATCCGTCTA,1
GTCGTAGATCTTCACA,1
GTCGTAGATGAAGAGA,1
GTCGTAGATGGAACAA,1
GTCGTAGATGGCTTCA,1
GTCGTAGATGGTGGTA,1
GTCGTAGATTCACGCA,1
GTCGTAGAAACTCACC,1
GTCGTAGACAGATCTG,3
GTCGTAGAAAGAGATC,1
GTCGTAGAAAGGACAC,1
GTCGTAGAAATCCGTC,1
GTCGTAGAAATGTTGC,8
GTCGTAGAACACGACC,8
GTCGTAGAACAGATTC,8
GTCGTAGAAGATGTAC,1
GTCGTAGAAGCACCTC,1
GTCGTAGAAGCCATGC,1
GTCGTAGAAGGCTAAC,2
GTCGTAGACATCAAGT,3
GTCGTAGAATAGCGAC,1
GTCGTAGAATCATTCC,6
GTCGTAGAATTGGCTC,6
GTCGTAGACAAGGAGC,6
GTCGTAGACACCTTAC,6
GTCGTAGACCATCCTC,6
GTCGTAGACCGACAAC,6
GTCGTAGACCTAATCC,8
GTCGTAGACCTCTATC,8
GTCGTAGACGACACAC,8
GTCGTAGACGCTGATC,3
GTCGTAGACGGATTGC,8
GTCGTAGACTAAGGTC,8
GTCGTAGAGAACAGGC,8
GTCGTAGAGACAGTGC,8
GTCGTAGAGAGTTAGC,8
GTCGTAGAGATGAATC,8
GTCGTAGAGCCAAGAC,8
GTCGTAGACGGAAGAA,8
GTCGTAGAGTGACAAG,8
GTCGTAGAGAACCAGA,8
GTACGCAAAACGTGAT,4
GTACGCAAACAAGCTA,3
GTACGCAATTGCTGGA,8
GTACGCAACTGTAGCC,3
GTACGCAAAGTACAAG,3
GTACGCAAAACAACCA,3
GTACGCAAAACCGAGA,3
GTACGCAAAACGCTTA,6
GTACGCAAAAGACGGA,6
GTACGCAAAAGGTACA,6
GTACGCAAACACAGAA,6
GTACGCAAACAGCAGA,6
GTACGCAAAAACATCG,4
GTACGCAAACCTCCAA,6
GTACGCAAACGCTCGA,7
GTACGCAAACGTATCA,7
GTACGCAAACTATGCA,7
GTACGCAAAGAGTCAA,7
GTACGCAAAGATCGCA,7
GTACGCAAAGCAGGAA,7
GTACGCAAAGTCACTA,7
GTACGCAAATCCTGTA,7
GTACGCAAATTGAGGA,7
GTACGCAAATGCCTAA,4
GTACGCAACAACCACA,7
GTACGCAAGACTAGTA,7
GTACGCAACAATGGAA,7
GTACGCAACACTTCGA,7
GTACGCAACAGCGTTA,8
GTACGCAACATACCAA,8
GTACGCAACCAGTTCA,8
GTACGCAACCGAAGTA,1
GTACGCAACCGTGAGA,1
GTACGCAACCTCCTGA,1
GTACGCAAAGTGGTCA,4
GTACGCAACGAACTTA,1
GTACGCAACGACTGGA,1
GTACGCAACGCATACA,1
GTACGCAACTCAATGA,1
GTACGCAACTGAGCCA,1
GTACGCAACTGGCATA,1
GTACGCAAGAATCTGA,1
GTACGCAACAAGACTA,6
GTACGCAAGAGCTGAA,1
GTACGCAAGATAGACA,1
GTACGCAAACCACTGT,3
GTACGCAAGCCACATA,1
GTACGCAAGCGAGTAA,1
GTACGCAAGCTAACGA,1
GTACGCAAGCTCGGTA,1
GTACGCAAGGAGAACA,1
GTACGCAAGGTGCGAA,1
GTACGCAAGTACGCAA,1
GTACGCAAGTCGTAGA,1
GTACGCAAGTCTGTCA,1
GTACGCAAGTGTTCTA,1
GTACGCAAACATTGGC,3
GTACGCAATAGGATGA,1
GTACGCAATATCAGCA,1
GTACGCAATCCGTCTA,1
GTACGCAATCTTCACA,1
GTACGCAATGAAGAGA,1
GTACGCAATGGAACAA,1
GTACGCAATGGCTTCA,1
GTACGCAATGGTGGTA,1
GTACGCAATTCACGCA,1
GTACGCAAAACTCACC,1
GTACGCAACAGATCTG,3
GTACGCAAAAGAGATC,1
GTACGCAAAAGGACAC,1
GTACGCAAAATCCGTC,1
GTACGCAAAATGTTGC,1
GTACGCAAACACGACC,8
GTACGCAAACAGATTC,8
GTACGCAAAGATGTAC,8
GTACGCAAAGCACCTC,1
GTACGCAAAGCCATGC,1
GTACGCAAAGGCTAAC,2
GTACGCAACATCAAGT,3
GTACGCAAATAGCGAC,1
GTACGCAAATCATTCC,6
GTACGCAAATTGGCTC,6
GTACGCAACAAGGAGC,6
GTACGCAACACCTTAC,6
GTACGCAACCATCCTC,6
GTACGCAACCGACAAC,6
GTACGCAACCTAATCC,9
GTACGCAACCTCTATC,9
GTACGCAACGACACAC,8
GTACGCAACGCTGATC,3
GTACGCAACGGATTGC,8
GTACGCAACTAAGGTC,8
GTACGCAAGAACAGGC,8
GTACGCAAGACAGTGC,8
GTACGCAAGAGTTAGC,8
GTACGCAAGATGAATC,8
GTACGCAAGCCAAGAC,8
GTACGCAACGGAAGAA,8
GTACGCAAGTGACAAG,8
GTACGCAAGAACCAGA,8
GGTGCGAAAACGTGAT,4
GGTGCGAAACAAGCTA,3
GGTGCGAATTGCTGGA,8
GGTGCGAACTGTAGCC,3
GGTGCGAAAGTACAAG,3
GGTGCGAAAACAACCA,3
GGTGCGAAAACCGAGA,3
GGTGCGAAAACGCTTA,6
GGTGCGAAAAGACGGA,6
GGTGCGAAAAGGTACA,4
GGTGCGAAACACAGAA,6
GGTGCGAAACAGCAGA,6
GGTGCGAAAAACATCG,4
GGTGCGAAACCTCCAA,7
GGTGCGAAACGCTCGA,7
GGTGCGAAACGTATCA,7
GGTGCGAAACTATGCA,7
GGTGCGAAAGAGTCAA,7
GGTGCGAAAGATCGCA,7
GGTGCGAAAGCAGGAA,7
GGTGCGAAAGTCACTA,7
GGTGCGAAATCCTGTA,7
GGTGCGAAATTGAGGA,7
GGTGCGAAATGCCTAA,4
GGTGCGAACAACCACA,7
GGTGCGAAGACTAGTA,6
GGTGCGAACAATGGAA,6
GGTGCGAACACTTCGA,7
GGTGCGAACAGCGTTA,8
GGTGCGAACATACCAA,8
GGTGCGAACCAGTTCA,8
GGTGCGAACCGAAGTA,1
GGTGCGAACCGTGAGA,1
GGTGCGAACCTCCTGA,1
GGTGCGAAAGTGGTCA,4
GGTGCGAACGAACTTA,1
GGTGCGAACGACTGGA,1
GGTGCGAACGCATACA,1
GGTGCGAACTCAATGA,8
GGTGCGAACTGAGCCA,1
GGTGCGAACTGGCATA,6
GGTGCGAAGAATCTGA,6
GGTGCGAACAAGACTA,8
GGTGCGAAGAGCTGAA,1
GGTGCGAAGATAGACA,1
GGTGCGAAACCACTGT,4
GGTGCGAAGCCACATA,1
GGTGCGAAGCGAGTAA,1
GGTGCGAAGCTAACGA,1
GGTGCGAAGCTCGGTA,1
GGTGCGAAGGAGAACA,1
GGTGCGAAGGTGCGAA,1
GGTGCGAAGTACGCAA,1
GGTGCGAAGTCGTAGA,1
GGTGCGAAGTCTGTCA,1
GGTGCGAAGTGTTCTA,1
GGTGCGAAACATTGGC,3
GGTGCGAATAGGATGA,1
GGTGCGAATATCAGCA,1
GGTGCGAATCCGTCTA,1
GGTGCGAATCTTCACA,1
GGTGCGAATGAAGAGA,1
GGTGCGAATGGAACAA,1
GGTGCGAATGGCTTCA,1
GGTGCGAATGGTGGTA,1
GGTGCGAATTCACGCA,1
GGTGCGAAAACTCACC,1
GGTGCGAACAGATCTG,3
GGTGCGAAAAGAGATC,1
GGTGCGAAAAGGACAC,1
GGTGCGAAAATCCGTC,1
GGTGCGAAAATGTTGC,1
GGTGCGAAACACGACC,1
GGTGCGAAACAGATTC,8
GGTGCGAAAGATGTAC,8
GGTGCGAAAGCACCTC,1
GGTGCGAAAGCCATGC,1
GGTGCGAAAGGCTAAC,1
GGTGCGAACATCAAGT,3
GGTGCGAAATAGCGAC,6
GGTGCGAAATCATTCC,6
GGTGCGAAATTGGCTC,6
GGTGCGAACAAGGAGC,6
GGTGCGAACACCTTAC,6
GGTGCGAACCATCCTC,9
GGTGCGAACCGACAAC,9
GGTGCGAACCTAATCC,9
GGTGCGAACCTCTATC,9
GGTGCGAACGACACAC,8
GGTGCGAACGCTGATC,3
GGTGCGAACGGATTGC,8
GGTGCGAACTAAGGTC,8
GGTGCGAAGAACAGGC,8
GGTGCGAAGACAGTGC,8
GGTGCGAAGAGTTAGC,8
GGTGCGAAGATGAATC,8
GGTGCGAAGCCAAGAC,8
GGTGCGAACGGAAGAA,8
GGTGCGAAGTGACAAG,8
GGTGCGAAGAACCAGA,8
GGAGAACAAACGTGAT,4
GGAGAACAACAAGCTA,3
GGAGAACATTGCTGGA,9
GGAGAACACTGTAGCC,3
GGAGAACAAGTACAAG,3
GGAGAACAAACAACCA,3
GGAGAACAAACCGAGA,3
GGAGAACAAACGCTTA,3
GGAGAACAAAGACGGA,6
GGAGAACAAAGGTACA,6
GGAGAACAACACAGAA,6
GGAGAACAACAGCAGA,7
GGAGAACAAAACATCG,4
GGAGAACAACCTCCAA,7
GGAGAACAACGCTCGA,7
GGAGAACAACGTATCA,7
GGAGAACAACTATGCA,7
GGAGAACAAGAGTCAA,7
GGAGAACAAGATCGCA,7
GGAGAACAAGCAGGAA,7
GGAGAACAAGTCACTA,7
GGAGAACAATCCTGTA,7
GGAGAACAATTGAGGA,7
GGAGAACAATGCCTAA,4
GGAGAACACAACCACA,7
GGAGAACAGACTAGTA,6
GGAGAACACAATGGAA,6
GGAGAACACACTTCGA,6
GGAGAACACAGCGTTA,8
GGAGAACACATACCAA,8
GGAGAACACCAGTTCA,8
GGAGAACACCGAAGTA,8
GGAGAACACCGTGAGA,1
GGAGAACACCTCCTGA,1
GGAGAACAAGTGGTCA,4
GGAGAACACGAACTTA,1
GGAGAACACGACTGGA,1
GGAGAACACGCATACA,1
GGAGAACACTCAATGA,5
GGAGAACACTGAGCCA,1
GGAGAACACTGGCATA,1
GGAGAACAGAATCTGA,1
GGAGAACACAAGACTA,8
GGAGAACAGAGCTGAA,1
GGAGAACAGATAGACA,1
GGAGAACAACCACTGT,3
GGAGAACAGCCACATA,1
GGAGAACAGCGAGTAA,1
GGAGAACAGCTAACGA,1
GGAGAACAGCTCGGTA,1
GGAGAACAGGAGAACA,1
GGAGAACAGGTGCGAA,1
GGAGAACAGTACGCAA,1
GGAGAACAGTCGTAGA,1
GGAGAACAGTCTGTCA,1
GGAGAACAGTGTTCTA,1
GGAGAACAACATTGGC,3
GGAGAACATAGGATGA,1
GGAGAACATATCAGCA,1
GGAGAACATCCGTCTA,1
GGAGAACATCTTCACA,1
GGAGAACATGAAGAGA,1
GGAGAACATGGAACAA,1
GGAGAACATGGCTTCA,1
GGAGAACATGGTGGTA,1
GGAGAACATTCACGCA,1
GGAGAACAAACTCACC,1
GGAGAACACAGATCTG,3
GGAGAACAAAGAGATC,1
GGAGAACAAAGGACAC,1
GGAGAACAAATCCGTC,1
GGAGAACAAATGTTGC,1
GGAGAACAACACGACC,1
GGAGAACAACAGATTC,1
GGAGAACAAGATGTAC,1
GGAGAACAAGCACCTC,1
GGAGAACAAGCCATGC,1
GGAGAACAAGGCTAAC,1
GGAGAACACATCAAGT,3
GGAGAACAATAGCGAC,1
GGAGAACAATCATTCC,6
GGAGAACAATTGGCTC,6
GGAGAACACAAGGAGC,6
GGAGAACACACCTTAC,9
GGAGAACACCATCCTC,9
GGAGAACACCGACAAC,9
GGAGAACACCTAATCC,9
GGAGAACACCTCTATC,9
GGAGAACACGACACAC,9
GGAGAACACGCTGATC,3
GGAGAACACGGATTGC,9
GGAGAACACTAAGGTC,9
GGAGAACAGAACAGGC,9
GGAGAACAGACAGTGC,9
GGAGAACAGAGTTAGC,9
GGAGAACAGATGAATC,9
GGAGAACAGCCAAGAC,9
GGAGAACACGGAAGAA,9
GGAGAACAGTGACAAG,9
GGAGAACAGAACCAGA,9
GCTCGGTAAACGTGAT,4
GCTCGGTAACAAGCTA,3
GCTCGGTATTGCTGGA,9
GCTCGGTACTGTAGCC,3
GCTCGGTAAGTACAAG,3
GCTCGGTAAACAACCA,3
GCTCGGTAAACCGAGA,3
GCTCGGTAAACGCTTA,3
GCTCGGTAAAGACGGA,6
GCTCGGTAAAGGTACA,6
GCTCGGTAACACAGAA,6
GCTCGGTAACAGCAGA,7
GCTCGGTAAAACATCG,4
GCTCGGTAACCTCCAA,7
GCTCGGTAACGCTCGA,7
GCTCGGTAACGTATCA,7
GCTCGGTAACTATGCA,7
GCTCGGTAAGAGTCAA,7
GCTCGGTAAGATCGCA,7
GCTCGGTAAGCAGGAA,7
GCTCGGTAAGTCACTA,7
GCTCGGTAATCCTGTA,7
GCTCGGTAATTGAGGA,7
GCTCGGTAATGCCTAA,4
GCTCGGTACAACCACA,7
GCTCGGTAGACTAGTA,6
GCTCGGTACAATGGAA,8
GCTCGGTACACTTCGA,8
GCTCGGTACAGCGTTA,8
GCTCGGTACATACCAA,8
GCTCGGTACCAGTTCA,8
GCTCGGTACCGAAGTA,1
GCTCGGTACCGTGAGA,1
GCTCGGTACCTCCTGA,1
GCTCGGTAAGTGGTCA,4
GCTCGGTACGAACTTA,1
GCTCGGTACGACTGGA,1
GCTCGGTACGCATACA,1
GCTCGGTACTCAATGA,1
GCTCGGTACTGAGCCA,1
GCTCGGTACTGGCATA,1
GCTCGGTAGAATCTGA,1
GCTCGGTACAAGACTA,1
GCTCGGTAGAGCTGAA,1
GCTCGGTAGATAGACA,1
GCTCGGTAACCACTGT,4
GCTCGGTAGCCACATA,1
GCTCGGTAGCGAGTAA,1
GCTCGGTAGCTAACGA,1
GCTCGGTAGCTCGGTA,1
GCTCGGTAGGAGAACA,1
GCTCGGTAGGTGCGAA,1
GCTCGGTAGTACGCAA,1
GCTCGGTAGTCGTAGA,1
GCTCGGTAGTCTGTCA,1
GCTCGGTAGTGTTCTA,1
GCTCGGTAACATTGGC,3
GCTCGGTATAGGATGA,1
GCTCGGTATATCAGCA,1
GCTCGGTATCCGTCTA,1
GCTCGGTATCTTCACA,1
GCTCGGTATGAAGAGA,1
GCTCGGTATGGAACAA,1
GCTCGGTATGGCTTCA,1
GCTCGGTATGGTGGTA,1
GCTCGGTATTCACGCA,1
GCTCGGTAAACTCACC,1
GCTCGGTACAGATCTG,3
GCTCGGTAAAGAGATC,1
GCTCGGTAAAGGACAC,1
GCTCGGTAAATCCGTC,1
GCTCGGTAAATGTTGC,1
GCTCGGTAACACGACC,1
GCTCGGTAACAGATTC,1
GCTCGGTAAGATGTAC,1
GCTCGGTAAGCACCTC,1
GCTCGGTAAGCCATGC,1
GCTCGGTAAGGCTAAC,1
GCTCGGTACATCAAGT,3
GCTCGGTAATAGCGAC,6
GCTCGGTAATCATTCC,6
GCTCGGTAATTGGCTC,6
GCTCGGTACAAGGAGC,6
GCTCGGTACACCTTAC,9
GCTCGGTACCATCCTC,9
GCTCGGTACCGACAAC,9
GCTCGGTACCTAATCC,9
GCTCGGTACCTCTATC,9
GCTCGGTACGACACAC,9
GCTCGGTACGCTGATC,3
GCTCGGTACGGATTGC,9
GCTCGGTACTAAGGTC,9
GCTCGGTAGAACAGGC,9
GCTCGGTAGACAGTGC,9
GCTCGGTAGAGTTAGC,9
GCTCGGTAGATGAATC,9
GCTCGGTAGCCAAGAC,9
GCTCGGTACGGAAGAA,9
GCTCGGTAGTGACAAG,9
GCTCGGTAGAACCAGA,9
GCTAACGAAACGTGAT,4
GCTAACGAACAAGCTA,3
GCTAACGATTGCTGGA,9
GCTAACGACTGTAGCC,3
GCTAACGAAGTACAAG,3
GCTAACGAAACAACCA,3
GCTAACGAAACCGAGA,6
GCTAACGAAACGCTTA,6
GCTAACGAAAGACGGA,6
GCTAACGAAAGGTACA,6
GCTAACGAACACAGAA,6
GCTAACGAACAGCAGA,6
GCTAACGAAAACATCG,4
GCTAACGAACCTCCAA,7
GCTAACGAACGCTCGA,7
GCTAACGAACGTATCA,7
GCTAACGAACTATGCA,7
GCTAACGAAGAGTCAA,7
GCTAACGAAGATCGCA,7
GCTAACGAAGCAGGAA,7
GCTAACGAAGTCACTA,7
GCTAACGAATCCTGTA,7
GCTAACGAATTGAGGA,7
GCTAACGAATGCCTAA,4
GCTAACGACAACCACA,7
GCTAACGAGACTAGTA,6
GCTAACGACAATGGAA,8
GCTAACGACACTTCGA,8
GCTAACGACAGCGTTA,8
GCTAACGACATACCAA,8
GCTAACGACCAGTTCA,1
GCTAACGACCGAAGTA,1
GCTAACGACCGTGAGA,1
GCTAACGACCTCCTGA,1
GCTAACGAAGTGGTCA,4
GCTAACGACGAACTTA,1
GCTAACGACGACTGGA,1
GCTAACGACGCATACA,1
GCTAACGACTCAATGA,1
GCTAACGACTGAGCCA,1
GCTAACGACTGGCATA,1
GCTAACGAGAATCTGA,1
GCTAACGACAAGACTA,1
GCTAACGAGAGCTGAA,1
GCTAACGAGATAGACA,1
GCTAACGAACCACTGT,4
GCTAACGAGCCACATA,1
GCTAACGAGCGAGTAA,1
GCTAACGAGCTAACGA,1
GCTAACGAGCTCGGTA,1
GCTAACGAGGAGAACA,1
GCTAACGAGGTGCGAA,1
GCTAACGAGTACGCAA,1
GCTAACGAGTCGTAGA,1
GCTAACGAGTCTGTCA,1
GCTAACGAGTGTTCTA,1
GCTAACGAACATTGGC,3
GCTAACGATAGGATGA,1
GCTAACGATATCAGCA,1
GCTAACGATCCGTCTA,1
GCTAACGATCTTCACA,1
GCTAACGATGAAGAGA,1
GCTAACGATGGAACAA,1
GCTAACGATGGCTTCA,1
GCTAACGATGGTGGTA,1
GCTAACGATTCACGCA,1
GCTAACGAAACTCACC,1
GCTAACGACAGATCTG,3
GCTAACGAAAGAGATC,1
GCTAACGAAAGGACAC,1
GCTAACGAAATCCGTC,1
GCTAACGAAATGTTGC,1
GCTAACGAACACGACC,1
GCTAACGAACAGATTC,1
GCTAACGAAGATGTAC,1
GCTAACGAAGCACCTC,1
GCTAACGAAGCCATGC,1
GCTAACGAAGGCTAAC,1
GCTAACGACATCAAGT,3
GCTAACGAATAGCGAC,6
GCTAACGAATCATTCC,6
GCTAACGAATTGGCTC,6
GCTAACGACAAGGAGC,6
GCTAACGACACCTTAC,9
GCTAACGACCATCCTC,9
GCTAACGACCGACAAC,9
GCTAACGACCTAATCC,9
GCTAACGACCTCTATC,9
GCTAACGACGACACAC,9
GCTAACGACGCTGATC,3
GCTAACGACGGATTGC,9
GCTAACGACTAAGGTC,9
GCTAACGAGAACAGGC,9
GCTAACGAGACAGTGC,9
GCTAACGAGAGTTAGC,9
GCTAACGAGATGAATC,9
GCTAACGAGCCAAGAC,9
GCTAACGACGGAAGAA,9
GCTAACGAGTGACAAG,9
GCTAACGAGAACCAGA,9
CGGAAGAATTGCTGGA,6
CGGAAGAAAGAGTCAA,6
CGGAAGAAAGATCGCA,6
CGGAAGAAAGCAGGAA,6
CGGAAGAAAGTCACTA,5
CGGAAGAAATCCTGTA,6
CGGAAGAAATTGAGGA,5
CGGAAGAACAACCACA,4
CGGAAGAAGACTAGTA,4
CGGAAGAACAATGGAA,4
CGGAAGAACACTTCGA,4
CGGAAGAACAGCGTTA,4
CGGAAGAACATACCAA,4
CGGAAGAACCAGTTCA,4
CGGAAGAACCGAAGTA,4
CGGAAGAACCGTGAGA,4
CGGAAGAACCTCCTGA,4
CGGAAGAACGAACTTA,4
CGGAAGAACGACTGGA,4
CGGAAGAACGCATACA,4
CGGAAGAACTCAATGA,4
CGGAAGAACTGAGCCA,4
CGGAAGAACTGGCATA,4
CGGAAGAAGAATCTGA,3
CGGAAGAACAAGACTA,3
CGGAAGAAGAGCTGAA,3
CGGAAGAAGATAGACA,3
CGGAAGAAGCCACATA,3
CGGAAGAAGCGAGTAA,3
CGGAAGAAGCTAACGA,6
CGGAAGAAGCTCGGTA,6
CGGAAGAAGGAGAACA,6
CGGAAGAAGGTGCGAA,6
CGGAAGAAGTACGCAA,6
CGGAAGAAGTCGTAGA,6
CGGAAGAAGTCTGTCA,6
CGGAAGAAGTGTTCTA,6
CGGAAGAATAGGATGA,6
CGGAAGAATATCAGCA,6
CGGAAGAATCCGTCTA,6
CGGAAGAATCTTCACA,6
CGGAAGAATGAAGAGA,6
CGGAAGAATGGAACAA,7
CGGAAGAATGGCTTCA,7
CGGAAGAATGGTGGTA,7
CGGAAGAATTCACGCA,7
CGGAAGAAAACTCACC,6
CGGAAGAAAAGAGATC,7
CGGAAGAAAAGGACAC,7
CGGAAGAAAATCCGTC,7
CGGAAGAAAATGTTGC,7
CGGAAGAAACACGACC,7
CGGAAGAAACAGATTC,6
CGGAAGAAAGATGTAC,7
CGGAAGAAAGCACCTC,7
CGGAAGAAAGCCATGC,7
CGGAAGAAAGGCTAAC,7
CGGAAGAAATAGCGAC,6
CGGAAGAAATCATTCC,6
CGGAAGAAATTGGCTC,6
CGGAAGAACAAGGAGC,6
CGGAAGAACACCTTAC,6
CGGAAGAACCATCCTC,6
CGGAAGAACCGACAAC,6
CGGAAGAACCTAATCC,6
CGGAAGAACCTCTATC,6
CGGAAGAACGACACAC,3
CGGAAGAACGGATTGC,3
CGGAAGAACTAAGGTC,4
CGGAAGAAGAACAGGC,4
CGGAAGAAGACAGTGC,4
CGGAAGAAGAGTTAGC,4
CGGAAGAAGATGAATC,5
CGGAAGAAGCCAAGAC,5
CGGAAGAACGGAAGAA,5
CGGAAGAAGTGACAAG,5
CGGAAGAAGAACCAGA,5
GCGAGTAAAACGTGAT,4
GCGAGTAAACAAGCTA,3
GCGAGTAATTGCTGGA,9
GCGAGTAACTGTAGCC,3
GCGAGTAAAGTACAAG,6
GCGAGTAAAACAACCA,6
GCGAGTAAAACCGAGA,6
GCGAGTAAAACGCTTA,6
GCGAGTAAAAGACGGA,6
GCGAGTAAAAGGTACA,6
GCGAGTAAACACAGAA,6
GCGAGTAAACAGCAGA,6
GCGAGTAAAAACATCG,4
GCGAGTAAACCTCCAA,6
GCGAGTAAACGCTCGA,7
GCGAGTAAACGTATCA,7
GCGAGTAAACTATGCA,7
GCGAGTAAAGAGTCAA,7
GCGAGTAAAGATCGCA,7
GCGAGTAAAGCAGGAA,7
GCGAGTAAAGTCACTA,7
GCGAGTAAATCCTGTA,7
GCGAGTAAATTGAGGA,7
GCGAGTAAATGCCTAA,4
GCGAGTAACAACCACA,7
GCGAGTAAGACTAGTA,6
GCGAGTAACAATGGAA,8
GCGAGTAACACTTCGA,8
GCGAGTAACAGCGTTA,8
GCGAGTAACATACCAA,8
GCGAGTAACCAGTTCA,1
GCGAGTAACCGAAGTA,1
GCGAGTAACCGTGAGA,1
GCGAGTAACCTCCTGA,1
GCGAGTAAAGTGGTCA,4
GCGAGTAACGAACTTA,1
GCGAGTAACGACTGGA,1
GCGAGTAACGCATACA,1
GCGAGTAACTCAATGA,1
GCGAGTAACTGAGCCA,1
GCGAGTAACTGGCATA,1
GCGAGTAAGAATCTGA,8
GCGAGTAACAAGACTA,8
GCGAGTAAGAGCTGAA,1
GCGAGTAAGATAGACA,1
GCGAGTAAACCACTGT,4
GCGAGTAAGCCACATA,1
GCGAGTAAGCGAGTAA,1
GCGAGTAAGCTAACGA,1
GCGAGTAAGCTCGGTA,1
GCGAGTAAGGAGAACA,1
GCGAGTAAGGTGCGAA,1
GCGAGTAAGTACGCAA,1
GCGAGTAAGTCGTAGA,1
GCGAGTAAGTCTGTCA,1
GCGAGTAAGTGTTCTA,1
GCGAGTAAACATTGGC,4
GCGAGTAATAGGATGA,1
GCGAGTAATATCAGCA,1
GCGAGTAATCCGTCTA,1
GCGAGTAATCTTCACA,1
GCGAGTAATGAAGAGA,1
GCGAGTAATGGAACAA,1
GCGAGTAATGGCTTCA,1
GCGAGTAATGGTGGTA,1
GCGAGTAATTCACGCA,1
GCGAGTAAAACTCACC,1
GCGAGTAACAGATCTG,3
GCGAGTAAAAGAGATC,1
GCGAGTAAAAGGACAC,1
GCGAGTAAAATCCGTC,1
GCGAGTAAAATGTTGC,1
GCGAGTAAACACGACC,1
GCGAGTAAACAGATTC,1
GCGAGTAAAGATGTAC,1
GCGAGTAAAGCACCTC,1
GCGAGTAAAGCCATGC,1
GCGAGTAAAGGCTAAC,1
GCGAGTAACATCAAGT,3
GCGAGTAAATAGCGAC,6
GCGAGTAAATCATTCC,6
GCGAGTAAATTGGCTC,6
GCGAGTAACAAGGAGC,6
GCGAGTAACACCTTAC,9
GCGAGTAACCATCCTC,9
GCGAGTAACCGACAAC,9
GCGAGTAACCTAATCC,9
GCGAGTAACCTCTATC,9
GCGAGTAACGACACAC,9
GCGAGTAACGCTGATC,3
GCGAGTAACGGATTGC,9
GCGAGTAACTAAGGTC,9
GCGAGTAAGAACAGGC,9
GCGAGTAAGACAGTGC,9
GCGAGTAAGAGTTAGC,9
GCGAGTAAGATGAATC,9
GCGAGTAAGCCAAGAC,9
GCGAGTAACGGAAGAA,9
GCGAGTAAGTGACAAG,9
GCGAGTAAGAACCAGA,9
GCCACATAAACGTGAT,4
GCCACATAACAAGCTA,3
GCCACATATTGCTGGA,9
GCCACATACTGTAGCC,3
GCCACATAAGTACAAG,6
GCCACATAAACAACCA,4
GCCACATAAACCGAGA,6
GCCACATAAACGCTTA,6
GCCACATAAAGACGGA,6
GCCACATAAAGGTACA,6
GCCACATAACACAGAA,6
GCCACATAACAGCAGA,6
GCCACATAAAACATCG,4
GCCACATAACCTCCAA,6
GCCACATAACGCTCGA,7
GCCACATAACGTATCA,7
GCCACATAACTATGCA,7
GCCACATAAGAGTCAA,7
GCCACATAAGATCGCA,7
GCCACATAAGCAGGAA,7
GCCACATAAGTCACTA,7
GCCACATAATCCTGTA,7
GCCACATAATTGAGGA,7
GCCACATAATGCCTAA,4
GCCACATACAACCACA,7
GCCACATAGACTAGTA,7
GCCACATACAATGGAA,8
GCCACATACACTTCGA,8
GCCACATACAGCGTTA,8
GCCACATACATACCAA,2
GCCACATACCAGTTCA,1
GCCACATACCGAAGTA,1
GCCACATACCGTGAGA,1
GCCACATACCTCCTGA,1
GCCACATAAGTGGTCA,4
GCCACATACGAACTTA,6
GCCACATACGACTGGA,6
GCCACATACGCATACA,5
GCCACATACTCAATGA,5
GCCACATACTGAGCCA,6
GCCACATACTGGCATA,1
GCCACATAGAATCTGA,1
GCCACATACAAGACTA,1
GCCACATAGAGCTGAA,1
GCCACATAGATAGACA,1
GCCACATAACCACTGT,4
GCCACATAGCCACATA,1
GCCACATAGCGAGTAA,1
GCCACATAGCTAACGA,1
GCCACATAGCTCGGTA,1
GCCACATAGGAGAACA,1
GCCACATAGGTGCGAA,1
GCCACATAGTACGCAA,1
GCCACATAGTCGTAGA,1
GCCACATAGTCTGTCA,1
GCCACATAGTGTTCTA,1
GCCACATAACATTGGC,4
GCCACATATAGGATGA,1
GCCACATATATCAGCA,1
GCCACATATCCGTCTA,1
GCCACATATCTTCACA,1
GCCACATATGAAGAGA,1
GCCACATATGGAACAA,1
GCCACATATGGCTTCA,1
GCCACATATGGTGGTA,1
GCCACATATTCACGCA,1
GCCACATAAACTCACC,1
GCCACATACAGATCTG,3
GCCACATAAAGAGATC,1
GCCACATAAAGGACAC,1
GCCACATAAATCCGTC,1
GCCACATAAATGTTGC,1
GCCACATAACACGACC,1
GCCACATAACAGATTC,1
GCCACATAAGATGTAC,1
GCCACATAAGCACCTC,1
GCCACATAAGCCATGC,1
GCCACATAAGGCTAAC,1
GCCACATACATCAAGT,3
GCCACATAATAGCGAC,6
GCCACATAATCATTCC,6
GCCACATAATTGGCTC,6
GCCACATACAAGGAGC,6
GCCACATACACCTTAC,9
GCCACATACCATCCTC,9
GCCACATACCGACAAC,9
GCCACATACCTAATCC,9
GCCACATACCTCTATC,9
GCCACATACGACACAC,9
GCCACATACGCTGATC,3
GCCACATACGGATTGC,9
GCCACATACTAAGGTC,9
GCCACATAGAACAGGC,9
GCCACATAGACAGTGC,9
GCCACATAGAGTTAGC,9
GCCACATAGATGAATC,9
GCCACATAGCCAAGAC,9
GCCACATACGGAAGAA,9
GCCACATAGTGACAAG,9
GCCACATAGAACCAGA,9
GATAGACAAACGTGAT,4
GATAGACAACAAGCTA,3
GATAGACATTGCTGGA,9
GATAGACACTGTAGCC,3
GATAGACAAGTACAAG,6
GATAGACAAACAACCA,6
GATAGACAAACCGAGA,6
GATAGACAAACGCTTA,6
GATAGACAAAGACGGA,6
GATAGACAAAGGTACA,6
GATAGACAACACAGAA,6
GATAGACAACAGCAGA,6
GATAGACAAAACATCG,4
GATAGACAACCTCCAA,7
GATAGACAACGCTCGA,7
GATAGACAACGTATCA,7
GATAGACAACTATGCA,7
GATAGACAAGAGTCAA,7
GATAGACAAGATCGCA,7
GATAGACAAGCAGGAA,7
GATAGACAAGTCACTA,7
GATAGACAATCCTGTA,7
GATAGACAATTGAGGA,7
GATAGACAATGCCTAA,4
GATAGACACAACCACA,7
GATAGACAGACTAGTA,6
GATAGACACAATGGAA,8
GATAGACACACTTCGA,8
GATAGACACAGCGTTA,8
GATAGACACATACCAA,1
GATAGACACCAGTTCA,6
GATAGACACCGAAGTA,7
GATAGACACCGTGAGA,1
GATAGACACCTCCTGA,1
GATAGACAAGTGGTCA,4
GATAGACACGAACTTA,1
GATAGACACGACTGGA,1
GATAGACACGCATACA,6
GATAGACACTCAATGA,1
GATAGACACTGAGCCA,1
GATAGACACTGGCATA,1
GATAGACAGAATCTGA,1
GATAGACACAAGACTA,8
GATAGACAGAGCTGAA,1
GATAGACAGATAGACA,1
GATAGACAACCACTGT,4
GATAGACAGCCACATA,1
GATAGACAGCGAGTAA,1
GATAGACAGCTAACGA,1
GATAGACAGCTCGGTA,1
GATAGACAGGAGAACA,1
GATAGACAGGTGCGAA,1
GATAGACAGTACGCAA,1
GATAGACAGTCGTAGA,1
GATAGACAGTCTGTCA,1
GATAGACAGTGTTCTA,1
GATAGACAACATTGGC,4
GATAGACATAGGATGA,1
GATAGACATATCAGCA,1
GATAGACATCCGTCTA,1
GATAGACATCTTCACA,1
GATAGACATGAAGAGA,1
GATAGACATGGAACAA,1
GATAGACATGGCTTCA,1
GATAGACATGGTGGTA,1
GATAGACATTCACGCA,1
GATAGACAAACTCACC,1
GATAGACACAGATCTG,3
GATAGACAAAGAGATC,1
GATAGACAAAGGACAC,1
GATAGACAAATCCGTC,1
GATAGACAAATGTTGC,1
GATAGACAACACGACC,1
GATAGACAACAGATTC,1
GATAGACAAGATGTAC,1
GATAGACAAGCACCTC,1
GATAGACAAGCCATGC,2
GATAGACAAGGCTAAC,1
GATAGACACATCAAGT,3
GATAGACAATAGCGAC,6
GATAGACAATCATTCC,6
GATAGACAATTGGCTC,6
GATAGACACAAGGAGC,9
GATAGACACACCTTAC,9
GATAGACACCATCCTC,9
GATAGACACCGACAAC,9
GATAGACACCTAATCC,9
GATAGACACCTCTATC,9
GATAGACACGACACAC,9
GATAGACACGCTGATC,3
GATAGACACGGATTGC,9
GATAGACACTAAGGTC,9
GATAGACAGAACAGGC,9
GATAGACAGACAGTGC,9
GATAGACAGAGTTAGC,9
GATAGACAGATGAATC,9
GATAGACAGCCAAGAC,9
GATAGACACGGAAGAA,9
GATAGACAGTGACAAG,9
GATAGACAGAACCAGA,9
GAGCTGAAAACGTGAT,4
GAGCTGAAACAAGCTA,3
GAGCTGAATTGCTGGA,9
GAGCTGAACTGTAGCC,3
GAGCTGAAAGTACAAG,3
GAGCTGAAAACAACCA,6
GAGCTGAAAACCGAGA,6
GAGCTGAAAACGCTTA,6
GAGCTGAAAAGACGGA,6
GAGCTGAAAAGGTACA,6
GAGCTGAAACACAGAA,6
GAGCTGAAACAGCAGA,6
GAGCTGAAAAACATCG,4
GAGCTGAAACCTCCAA,6
GAGCTGAAACGCTCGA,7
GAGCTGAAACGTATCA,7
GAGCTGAAACTATGCA,7
GAGCTGAAAGAGTCAA,7
GAGCTGAAAGATCGCA,7
GAGCTGAAAGCAGGAA,7
GAGCTGAAAGTCACTA,7
GAGCTGAAATCCTGTA,7
GAGCTGAAATTGAGGA,7
GAGCTGAAATGCCTAA,4
GAGCTGAACAACCACA,7
GAGCTGAAGACTAGTA,7
GAGCTGAACAATGGAA,8
GAGCTGAACACTTCGA,8
GAGCTGAACAGCGTTA,8
GAGCTGAACATACCAA,1
GAGCTGAACCAGTTCA,1
GAGCTGAACCGAAGTA,1
GAGCTGAACCGTGAGA,1
GAGCTGAACCTCCTGA,1
GAGCTGAAAGTGGTCA,4
GAGCTGAACGAACTTA,1
GAGCTGAACGACTGGA,8
GAGCTGAACGCATACA,1
GAGCTGAACTCAATGA,1
GAGCTGAACTGAGCCA,1
GAGCTGAACTGGCATA,1
GAGCTGAAGAATCTGA,1
GAGCTGAACAAGACTA,1
GAGCTGAAGAGCTGAA,1
GAGCTGAAGATAGACA,1
GAGCTGAAACCACTGT,4
GAGCTGAAGCCACATA,1
GAGCTGAAGCGAGTAA,1
GAGCTGAAGCTAACGA,1
GAGCTGAAGCTCGGTA,1
GAGCTGAAGGAGAACA,1
GAGCTGAAGGTGCGAA,1
GAGCTGAAGTACGCAA,1
GAGCTGAAGTCGTAGA,1
GAGCTGAAGTCTGTCA,1
GAGCTGAAGTGTTCTA,1
GAGCTGAAACATTGGC,4
GAGCTGAATAGGATGA,1
GAGCTGAATATCAGCA,1
GAGCTGAATCCGTCTA,1
GAGCTGAATCTTCACA,1
GAGCTGAATGAAGAGA,1
GAGCTGAATGGAACAA,1
GAGCTGAATGGCTTCA,1
GAGCTGAATGGTGGTA,1
GAGCTGAATTCACGCA,1
GAGCTGAAAACTCACC,1
GAGCTGAACAGATCTG,3
GAGCTGAAAAGAGATC,1
GAGCTGAAAAGGACAC,1
GAGCTGAAAATCCGTC,1
GAGCTGAAAATGTTGC,1
GAGCTGAAACACGACC,1
GAGCTGAAACAGATTC,1
GAGCTGAAAGATGTAC,1
GAGCTGAAAGCACCTC,1
GAGCTGAAAGCCATGC,2
GAGCTGAAAGGCTAAC,6
GAGCTGAACATCAAGT,3
GAGCTGAAATAGCGAC,6
GAGCTGAAATCATTCC,6
GAGCTGAAATTGGCTC,9
GAGCTGAACAAGGAGC,9
GAGCTGAACACCTTAC,9
GAGCTGAACCATCCTC,9
GAGCTGAACCGACAAC,9
GAGCTGAACCTAATCC,9
GAGCTGAACCTCTATC,9
GAGCTGAACGACACAC,9
GAGCTGAACGCTGATC,3
GAGCTGAACGGATTGC,9
GAGCTGAACTAAGGTC,9
GAGCTGAAGAACAGGC,9
GAGCTGAAGACAGTGC,9
GAGCTGAAGAGTTAGC,9
GAGCTGAAGATGAATC,9
GAGCTGAAGCCAAGAC,9
GAGCTGAACGGAAGAA,9
GAGCTGAAGTGACAAG,9
GAGCTGAAGAACCAGA,9
CAAGACTAAACGTGAT,4
CAAGACTAACAAGCTA,3
CAAGACTATTGCTGGA,9
CAAGACTACTGTAGCC,3
CAAGACTAAGTACAAG,3
CAAGACTAAACAACCA,3
CAAGACTAAACCGAGA,6
CAAGACTAAACGCTTA,6
CAAGACTAAAGACGGA,6
CAAGACTAAAGGTACA,6
CAAGACTAACACAGAA,6
CAAGACTAACAGCAGA,6
CAAGACTAAAACATCG,4
CAAGACTAACCTCCAA,7
CAAGACTAACGCTCGA,7
CAAGACTAACGTATCA,7
CAAGACTAACTATGCA,7
CAAGACTAAGAGTCAA,7
CAAGACTAAGATCGCA,7
CAAGACTAAGCAGGAA,7
CAAGACTAAGTCACTA,7
CAAGACTAATCCTGTA,7
CAAGACTAATTGAGGA,7
CAAGACTAATGCCTAA,4
CAAGACTACAACCACA,7
CAAGACTAGACTAGTA,6
CAAGACTACAATGGAA,8
CAAGACTACACTTCGA,8
CAAGACTACAGCGTTA,8
CAAGACTACATACCAA,8
CAAGACTACCAGTTCA,1
CAAGACTACCGAAGTA,5
CAAGACTACCGTGAGA,1
CAAGACTACCTCCTGA,1
CAAGACTAAGTGGTCA,4
CAAGACTACGAACTTA,1
CAAGACTACGACTGGA,1
CAAGACTACGCATACA,1
CAAGACTACTCAATGA,5
CAAGACTACTGAGCCA,1
CAAGACTACTGGCATA,1
CAAGACTAGAATCTGA,1
CAAGACTACAAGACTA,1
CAAGACTAGAGCTGAA,1
CAAGACTAGATAGACA,1
CAAGACTAACCACTGT,4
CAAGACTAGCCACATA,1
CAAGACTAGCGAGTAA,1
CAAGACTAGCTAACGA,1
CAAGACTAGCTCGGTA,1
CAAGACTAGGAGAACA,1
CAAGACTAGGTGCGAA,1
CAAGACTAGTACGCAA,1
CAAGACTAGTCGTAGA,1
CAAGACTAGTCTGTCA,1
CAAGACTAGTGTTCTA,1
CAAGACTAACATTGGC,4
CAAGACTATAGGATGA,1
CAAGACTATATCAGCA,1
CAAGACTATCCGTCTA,1
CAAGACTATCTTCACA,1
CAAGACTATGAAGAGA,1
CAAGACTATGGAACAA,1
CAAGACTATGGCTTCA,1
CAAGACTATGGTGGTA,1
CAAGACTATTCACGCA,1
CAAGACTAAACTCACC,1
CAAGACTACAGATCTG,3
CAAGACTAAAGAGATC,1
CAAGACTAAAGGACAC,1
CAAGACTAAATCCGTC,1
CAAGACTAAATGTTGC,1
CAAGACTAACACGACC,1
CAAGACTAACAGATTC,1
CAAGACTAAGATGTAC,1
CAAGACTAAGCACCTC,1
CAAGACTAAGCCATGC,1
CAAGACTAAGGCTAAC,6
CAAGACTACATCAAGT,3
CAAGACTAATAGCGAC,6
CAAGACTAATCATTCC,6
CAAGACTAATTGGCTC,9
CAAGACTACAAGGAGC,9
CAAGACTACACCTTAC,9
CAAGACTACCATCCTC,9
CAAGACTACCGACAAC,9
CAAGACTACCTAATCC,9
CAAGACTACCTCTATC,9
CAAGACTACGACACAC,9
CAAGACTACGCTGATC,3
CAAGACTACGGATTGC,9
CAAGACTACTAAGGTC,9
CAAGACTAGAACAGGC,9
CAAGACTAGACAGTGC,9
CAAGACTAGAGTTAGC,9
CAAGACTAGATGAATC,9
CAAGACTAGCCAAGAC,9
CAAGACTACGGAAGAA,9
CAAGACTAGTGACAAG,9
CAAGACTAGAACCAGA,9
GAATCTGAAACGTGAT,4
GAATCTGAACAAGCTA,3
GAATCTGATTGCTGGA,9
GAATCTGACTGTAGCC,3
GAATCTGAAGTACAAG,3
GAATCTGAAACAACCA,3
GAATCTGAAACCGAGA,6
GAATCTGAAACGCTTA,6
GAATCTGAAAGACGGA,6
GAATCTGAAAGGTACA,6
GAATCTGAACACAGAA,6
GAATCTGAACAGCAGA,7
GAATCTGAAAACATCG,4
GAATCTGAACCTCCAA,7
GAATCTGAACGCTCGA,7
GAATCTGAACGTATCA,7
GAATCTGAACTATGCA,7
GAATCTGAAGAGTCAA,7
GAATCTGAAGATCGCA,7
GAATCTGAAGCAGGAA,7
GAATCTGAAGTCACTA,7
GAATCTGAATCCTGTA,7
GAATCTGAATTGAGGA,7
GAATCTGAATGCCTAA,4
GAATCTGACAACCACA,7
GAATCTGAGACTAGTA,6
GAATCTGACAATGGAA,8
GAATCTGACACTTCGA,8
GAATCTGACAGCGTTA,8
GAATCTGACATACCAA,8
GAATCTGACCAGTTCA,1
GAATCTGACCGAAGTA,1
GAATCTGACCGTGAGA,1
GAATCTGACCTCCTGA,1
GAATCTGAAGTGGTCA,4
GAATCTGACGAACTTA,1
GAATCTGACGACTGGA,1
GAATCTGACGCATACA,1
GAATCTGACTCAATGA,1
GAATCTGACTGAGCCA,1
GAATCTGACTGGCATA,1
GAATCTGAGAATCTGA,1
GAATCTGACAAGACTA,1
GAATCTGAGAGCTGAA,6
GAATCTGAGATAGACA,1
GAATCTGAACCACTGT,4
GAATCTGAGCCACATA,1
GAATCTGAGCGAGTAA,1
GAATCTGAGCTAACGA,1
GAATCTGAGCTCGGTA,1
GAATCTGAGGAGAACA,1
GAATCTGAGGTGCGAA,1
GAATCTGAGTACGCAA,1
GAATCTGAGTCGTAGA,1
GAATCTGAGTCTGTCA,1
GAATCTGAGTGTTCTA,1
GAATCTGAACATTGGC,3
GAATCTGATAGGATGA,1
GAATCTGATATCAGCA,1
GAATCTGATCCGTCTA,1
GAATCTGATCTTCACA,1
GAATCTGATGAAGAGA,1
GAATCTGATGGAACAA,1
GAATCTGATGGCTTCA,1
GAATCTGATGGTGGTA,1
GAATCTGATTCACGCA,1
GAATCTGAAACTCACC,1
GAATCTGACAGATCTG,3
GAATCTGAAAGAGATC,1
GAATCTGAAAGGACAC,1
GAATCTGAAATCCGTC,1
GAATCTGAAATGTTGC,1
GAATCTGAACACGACC,1
GAATCTGAACAGATTC,1
GAATCTGAAGATGTAC,1
GAATCTGAAGCACCTC,1
GAATCTGAAGCCATGC,2
GAATCTGAAGGCTAAC,6
GAATCTGACATCAAGT,3
GAATCTGAATAGCGAC,6
GAATCTGAATCATTCC,6
GAATCTGAATTGGCTC,9
GAATCTGACAAGGAGC,9
GAATCTGACACCTTAC,9
GAATCTGACCATCCTC,9
GAATCTGACCGACAAC,9
GAATCTGACCTAATCC,9
GAATCTGACCTCTATC,9
GAATCTGACGACACAC,9
GAATCTGACGCTGATC,3
GAATCTGACGGATTGC,9
GAATCTGACTAAGGTC,9
GAATCTGAGAACAGGC,9
GAATCTGAGACAGTGC,9
GAATCTGAGAGTTAGC,9
GAATCTGAGATGAATC,9
GAATCTGAGCCAAGAC,9
GAATCTGACGGAAGAA,9
GAATCTGAGTGACAAG,9
GAATCTGAGAACCAGA,9
CTGGCATAAACGTGAT,4
CTGGCATAACAAGCTA,3
CTGGCATATTGCTGGA,9
CTGGCATACTGTAGCC,3
CTGGCATAAGTACAAG,3
CTGGCATAAACAACCA,6
CTGGCATAAACCGAGA,6
CTGGCATAAACGCTTA,6
CTGGCATAAAGACGGA,6
CTGGCATAAAGGTACA,6
CTGGCATAACACAGAA,7
CTGGCATAACAGCAGA,7
CTGGCATAAAACATCG,4
CTGGCATAACCTCCAA,7
CTGGCATAACGCTCGA,7
CTGGCATAACGTATCA,7
CTGGCATAACTATGCA,7
CTGGCATAAGAGTCAA,7
CTGGCATAAGATCGCA,6
CTGGCATAAGCAGGAA,6
CTGGCATAAGTCACTA,7
CTGGCATAATCCTGTA,7
CTGGCATAATTGAGGA,7
CTGGCATAATGCCTAA,4
CTGGCATACAACCACA,7
CTGGCATAGACTAGTA,7
CTGGCATACAATGGAA,8
CTGGCATACACTTCGA,8
CTGGCATACAGCGTTA,8
CTGGCATACATACCAA,8
CTGGCATACCAGTTCA,1
CTGGCATACCGAAGTA,1
CTGGCATACCGTGAGA,1
CTGGCATACCTCCTGA,1
CTGGCATAAGTGGTCA,4
CTGGCATACGAACTTA,1
CTGGCATACGACTGGA,1
CTGGCATACGCATACA,1
CTGGCATACTCAATGA,5
CTGGCATACTGAGCCA,1
CTGGCATACTGGCATA,1
CTGGCATAGAATCTGA,1
CTGGCATACAAGACTA,1
CTGGCATAGAGCTGAA,1
CTGGCATAGATAGACA,6
CTGGCATAACCACTGT,4
CTGGCATAGCCACATA,1
CTGGCATAGCGAGTAA,1
CTGGCATAGCTAACGA,1
CTGGCATAGCTCGGTA,1
CTGGCATAGGAGAACA,1
CTGGCATAGGTGCGAA,1
CTGGCATAGTACGCAA,1
CTGGCATAGTCGTAGA,1
CTGGCATAGTCTGTCA,1
CTGGCATAGTGTTCTA,1
CTGGCATAACATTGGC,3
CTGGCATATAGGATGA,1
CTGGCATATATCAGCA,1
CTGGCATATCCGTCTA,1
CTGGCATATCTTCACA,1
CTGGCATATGAAGAGA,1
CTGGCATATGGAACAA,1
CTGGCATATGGCTTCA,1
CTGGCATATGGTGGTA,1
CTGGCATATTCACGCA,1
CTGGCATAAACTCACC,1
CTGGCATACAGATCTG,3
CTGGCATAAAGAGATC,1
CTGGCATAAAGGACAC,1
CTGGCATAAATCCGTC,1
CTGGCATAAATGTTGC,1
CTGGCATAACACGACC,1
CTGGCATAACAGATTC,1
CTGGCATAAGATGTAC,1
CTGGCATAAGCACCTC,1
CTGGCATAAGCCATGC,1
CTGGCATAAGGCTAAC,6
CTGGCATACATCAAGT,3
CTGGCATAATAGCGAC,6
CTGGCATAATCATTCC,6
CTGGCATAATTGGCTC,9
CTGGCATACAAGGAGC,9
CTGGCATACACCTTAC,9
CTGGCATACCATCCTC,9
CTGGCATACCGACAAC,9
CTGGCATACCTAATCC,9
CTGGCATACCTCTATC,9
CTGGCATACGACACAC,9
CTGGCATACGCTGATC,3
CTGGCATACGGATTGC,9
CTGGCATACTAAGGTC,9
CTGGCATAGAACAGGC,9
CTGGCATAGACAGTGC,9
CTGGCATAGAGTTAGC,9
CTGGCATAGATGAATC,9
CTGGCATAGCCAAGAC,9
CTGGCATACGGAAGAA,9
CTGGCATAGTGACAAG,9
CTGGCATAGAACCAGA,9
CTGAGCCAAACGTGAT,4
CTGAGCCAACAAGCTA,3
CTGAGCCATTGCTGGA,9
CTGAGCCACTGTAGCC,3
CTGAGCCAAGTACAAG,3
CTGAGCCAAACAACCA,6
CTGAGCCAAACCGAGA,6
CTGAGCCAAACGCTTA,6
CTGAGCCAAAGACGGA,6
CTGAGCCAAAGGTACA,6
CTGAGCCAACACAGAA,6
CTGAGCCAACAGCAGA,6
CTGAGCCAAAACATCG,4
CTGAGCCAACCTCCAA,7
CTGAGCCAACGCTCGA,7
CTGAGCCAACGTATCA,7
CTGAGCCAACTATGCA,7
CTGAGCCAAGAGTCAA,7
CTGAGCCAAGATCGCA,6
CTGAGCCAAGCAGGAA,6
CTGAGCCAAGTCACTA,7
CTGAGCCAATCCTGTA,7
CTGAGCCAATTGAGGA,7
CTGAGCCAATGCCTAA,4
CTGAGCCACAACCACA,7
CTGAGCCAGACTAGTA,6
CTGAGCCACAATGGAA,6
CTGAGCCACACTTCGA,1
CTGAGCCACAGCGTTA,1
CTGAGCCACATACCAA,1
CTGAGCCACCAGTTCA,1
CTGAGCCACCGAAGTA,1
CTGAGCCACCGTGAGA,1
CTGAGCCACCTCCTGA,6
CTGAGCCAAGTGGTCA,4
CTGAGCCACGAACTTA,1
CTGAGCCACGACTGGA,1
CTGAGCCACGCATACA,1
CTGAGCCACTCAATGA,1
CTGAGCCACTGAGCCA,1
CTGAGCCACTGGCATA,1
CTGAGCCAGAATCTGA,1
CTGAGCCACAAGACTA,1
CTGAGCCAGAGCTGAA,1
CTGAGCCAGATAGACA,1
CTGAGCCAACCACTGT,4
CTGAGCCAGCCACATA,1
CTGAGCCAGCGAGTAA,1
CTGAGCCAGCTAACGA,1
CTGAGCCAGCTCGGTA,1
CTGAGCCAGGAGAACA,1
CTGAGCCAGGTGCGAA,1
CTGAGCCAGTACGCAA,1
CTGAGCCAGTCGTAGA,1
CTGAGCCAGTCTGTCA,1
CTGAGCCAGTGTTCTA,1
CTGAGCCAACATTGGC,3
CTGAGCCATAGGATGA,2
CTGAGCCATATCAGCA,6
CTGAGCCATCCGTCTA,1
CTGAGCCATCTTCACA,1
CTGAGCCATGAAGAGA,1
CTGAGCCATGGAACAA,1
CTGAGCCATGGCTTCA,1
CTGAGCCATGGTGGTA,1
CTGAGCCATTCACGCA,1
CTGAGCCAAACTCACC,1
CTGAGCCACAGATCTG,3
CTGAGCCAAAGAGATC,1
CTGAGCCAAAGGACAC,1
CTGAGCCAAATCCGTC,1
CTGAGCCAAATGTTGC,1
CTGAGCCAACACGACC,1
CTGAGCCAACAGATTC,1
CTGAGCCAAGATGTAC,1
CTGAGCCAAGCACCTC,1
CTGAGCCAAGCCATGC,1
CTGAGCCAAGGCTAAC,1
CTGAGCCACATCAAGT,3
CTGAGCCAATAGCGAC,6
CTGAGCCAATCATTCC,6
CTGAGCCAATTGGCTC,6
CTGAGCCACAAGGAGC,9
CTGAGCCACACCTTAC,9
CTGAGCCACCATCCTC,9
CTGAGCCACCGACAAC,9
CTGAGCCACCTAATCC,9
CTGAGCCACCTCTATC,9
CTGAGCCACGACACAC,9
CTGAGCCACGCTGATC,3
CTGAGCCACGGATTGC,9
CTGAGCCACTAAGGTC,9
CTGAGCCAGAACAGGC,9
CTGAGCCAGACAGTGC,9
CTGAGCCAGAGTTAGC,9
CTGAGCCAGATGAATC,9
CTGAGCCAGCCAAGAC,9
CTGAGCCACGGAAGAA,9
CTGAGCCAGTGACAAG,9
CTGAGCCAGAACCAGA,9
CTCAATGAAACGTGAT,4
CTCAATGAACAAGCTA,3
CTCAATGATTGCTGGA,9
CTCAATGACTGTAGCC,3
CTCAATGAAGTACAAG,3
CTCAATGAAACAACCA,3
CTCAATGAAACCGAGA,6
CTCAATGAAACGCTTA,6
CTCAATGAAAGACGGA,6
CTCAATGAAAGGTACA,6
CTCAATGAACACAGAA,6
CTCAATGAACAGCAGA,6
CTCAATGAAAACATCG,4
CTCAATGAACCTCCAA,7
CTCAATGAACGCTCGA,7
CTCAATGAACGTATCA,7
CTCAATGAACTATGCA,7
CTCAATGAAGAGTCAA,7
CTCAATGAAGATCGCA,6
CTCAATGAAGCAGGAA,6
CTCAATGAAGTCACTA,6
CTCAATGAATCCTGTA,7
CTCAATGAATTGAGGA,7
CTCAATGAATGCCTAA,4
CTCAATGACAACCACA,7
CTCAATGAGACTAGTA,6
CTCAATGACAATGGAA,6
CTCAATGACACTTCGA,1
CTCAATGACAGCGTTA,1
CTCAATGACATACCAA,1
CTCAATGACCAGTTCA,1
CTCAATGACCGAAGTA,1
CTCAATGACCGTGAGA,1
CTCAATGACCTCCTGA,1
CTCAATGAAGTGGTCA,4
CTCAATGACGAACTTA,1
CTCAATGACGACTGGA,1
CTCAATGACGCATACA,1
CTCAATGACTCAATGA,1
CTCAATGACTGAGCCA,1
CTCAATGACTGGCATA,1
CTCAATGAGAATCTGA,2
CTCAATGACAAGACTA,1
CTCAATGAGAGCTGAA,1
CTCAATGAGATAGACA,1
CTCAATGAACCACTGT,4
CTCAATGAGCCACATA,1
CTCAATGAGCGAGTAA,1
CTCAATGAGCTAACGA,1
CTCAATGAGCTCGGTA,1
CTCAATGAGGAGAACA,1
CTCAATGAGGTGCGAA,1
CTCAATGAGTACGCAA,1
CTCAATGAGTCGTAGA,1
CTCAATGAGTCTGTCA,1
CTCAATGAGTGTTCTA,1
CTCAATGAACATTGGC,3
CTCAATGATAGGATGA,1
CTCAATGATATCAGCA,1
CTCAATGATCCGTCTA,1
CTCAATGATCTTCACA,1
CTCAATGATGAAGAGA,1
CTCAATGATGGAACAA,1
CTCAATGATGGCTTCA,1
CTCAATGATGGTGGTA,1
CTCAATGATTCACGCA,1
CTCAATGAAACTCACC,1
CTCAATGACAGATCTG,3
CTCAATGAAAGAGATC,1
CTCAATGAAAGGACAC,1
CTCAATGAAATCCGTC,1
CTCAATGAAATGTTGC,1
CTCAATGAACACGACC,1
CTCAATGAACAGATTC,1
CTCAATGAAGATGTAC,1
CTCAATGAAGCACCTC,1
CTCAATGAAGCCATGC,1
CTCAATGAAGGCTAAC,1
CTCAATGACATCAAGT,3
CTCAATGAATAGCGAC,6
CTCAATGAATCATTCC,6
CTCAATGAATTGGCTC,9
CTCAATGACAAGGAGC,9
CTCAATGACACCTTAC,9
CTCAATGACCATCCTC,9
CTCAATGACCGACAAC,9
CTCAATGACCTAATCC,9
CTCAATGACCTCTATC,9
CTCAATGACGACACAC,9
CTCAATGACGCTGATC,3
CTCAATGACGGATTGC,9
CTCAATGACTAAGGTC,9
CTCAATGAGAACAGGC,9
CTCAATGAGACAGTGC,9
CTCAATGAGAGTTAGC,9
CTCAATGAGATGAATC,9
CTCAATGAGCCAAGAC,9
CTCAATGACGGAAGAA,9
CTCAATGAGTGACAAG,9
CTCAATGAGAACCAGA,9
CGCATACAAACGTGAT,4
CGCATACAACAAGCTA,3
CGCATACATTGCTGGA,9
CGCATACACTGTAGCC,3
CGCATACAAGTACAAG,3
CGCATACAAACAACCA,6
CGCATACAAACCGAGA,6
CGCATACAAACGCTTA,6
CGCATACAAAGACGGA,6
CGCATACAAAGGTACA,6
CGCATACAACACAGAA,6
CGCATACAACAGCAGA,6
CGCATACAAAACATCG,4
CGCATACAACCTCCAA,6
CGCATACAACGCTCGA,7
CGCATACAACGTATCA,7
CGCATACAACTATGCA,7
CGCATACAAGAGTCAA,7
CGCATACAAGATCGCA,6
CGCATACAAGCAGGAA,6
CGCATACAAGTCACTA,6
CGCATACAATCCTGTA,6
CGCATACAATTGAGGA,6
CGCATACAATGCCTAA,4
CGCATACACAACCACA,6
CGCATACAGACTAGTA,6
CGCATACACAATGGAA,6
CGCATACACACTTCGA,1
CGCATACACAGCGTTA,1
CGCATACACATACCAA,1
CGCATACACCAGTTCA,1
CGCATACACCGAAGTA,1
CGCATACACCGTGAGA,1
CGCATACACCTCCTGA,1
CGCATACAAGTGGTCA,4
CGCATACACGAACTTA,1
CGCATACACGACTGGA,1
CGCATACACGCATACA,1
CGCATACACTCAATGA,1
CGCATACACTGAGCCA,1
CGCATACACTGGCATA,1
CGCATACAGAATCTGA,1
CGCATACACAAGACTA,1
CGCATACAGAGCTGAA,1
CGCATACAGATAGACA,1
CGCATACAACCACTGT,4
CGCATACAGCCACATA,1
CGCATACAGCGAGTAA,1
CGCATACAGCTAACGA,1
CGCATACAGCTCGGTA,1
CGCATACAGGAGAACA,1
CGCATACAGGTGCGAA,5
CGCATACAGTACGCAA,1
CGCATACAGTCGTAGA,1
CGCATACAGTCTGTCA,1
CGCATACAGTGTTCTA,1
CGCATACAACATTGGC,4
CGCATACATAGGATGA,1
CGCATACATATCAGCA,1
CGCATACATCCGTCTA,1
CGCATACATCTTCACA,2
CGCATACATGAAGAGA,1
CGCATACATGGAACAA,1
CGCATACATGGCTTCA,1
CGCATACATGGTGGTA,1
CGCATACATTCACGCA,1
CGCATACAAACTCACC,1
CGCATACACAGATCTG,3
CGCATACAAAGAGATC,1
CGCATACAAAGGACAC,1
CGCATACAAATCCGTC,1
CGCATACAAATGTTGC,1
CGCATACAACACGACC,1
CGCATACAACAGATTC,1
CGCATACAAGATGTAC,1
CGCATACAAGCACCTC,1
CGCATACAAGCCATGC,1
CGCATACAAGGCTAAC,6
CGCATACACATCAAGT,3
CGCATACAATAGCGAC,6
CGCATACAATCATTCC,9
CGCATACAATTGGCTC,9
CGCATACACAAGGAGC,9
CGCATACACACCTTAC,9
CGCATACACCATCCTC,9
CGCATACACCGACAAC,9
CGCATACACCTAATCC,9
CGCATACACCTCTATC,9
CGCATACACGACACAC,9
CGCATACACGCTGATC,3
CGCATACACGGATTGC,9
CGCATACACTAAGGTC,9
CGCATACAGAACAGGC,9
CGCATACAGACAGTGC,9
CGCATACAGAGTTAGC,9
CGCATACAGATGAATC,9
CGCATACAGCCAAGAC,9
CGCATACACGGAAGAA,9
CGCATACAGTGACAAG,9
CGCATACAGAACCAGA,9
GCCAAGACTTGCTGGA,6
GCCAAGACACTATGCA,6
GCCAAGACAGAGTCAA,6
GCCAAGACAGATCGCA,5
GCCAAGACAGCAGGAA,5
GCCAAGACAGTCACTA,5
GCCAAGACATCCTGTA,6
GCCAAGACATTGAGGA,4
GCCAAGACCAACCACA,4
GCCAAGACGACTAGTA,4
GCCAAGACCAATGGAA,4
GCCAAGACCACTTCGA,4
GCCAAGACCAGCGTTA,4
GCCAAGACCATACCAA,4
GCCAAGACCCAGTTCA,4
GCCAAGACCCGAAGTA,4
GCCAAGACCCGTGAGA,4
GCCAAGACCCTCCTGA,4
GCCAAGACCGAACTTA,4
GCCAAGACCGACTGGA,4
GCCAAGACCGCATACA,4
GCCAAGACCTCAATGA,4
GCCAAGACCTGAGCCA,4
GCCAAGACCTGGCATA,3
GCCAAGACGAATCTGA,3
GCCAAGACCAAGACTA,3
GCCAAGACGAGCTGAA,6
GCCAAGACGATAGACA,6
GCCAAGACGCCACATA,6
GCCAAGACGCGAGTAA,6
GCCAAGACGCTAACGA,6
GCCAAGACGCTCGGTA,6
GCCAAGACGGAGAACA,6
GCCAAGACGGTGCGAA,6
GCCAAGACGTACGCAA,6
GCCAAGACGTCGTAGA,6
GCCAAGACGTCTGTCA,6
GCCAAGACGTGTTCTA,6
GCCAAGACTAGGATGA,6
GCCAAGACTATCAGCA,6
GCCAAGACTCCGTCTA,6
GCCAAGACTCTTCACA,6
GCCAAGACTGAAGAGA,6
GCCAAGACTGGAACAA,7
GCCAAGACTGGCTTCA,7
GCCAAGACTGGTGGTA,7
GCCAAGACTTCACGCA,7
GCCAAGACAACTCACC,6
GCCAAGACAAGAGATC,6
GCCAAGACAAGGACAC,6
GCCAAGACAATCCGTC,7
GCCAAGACAATGTTGC,7
GCCAAGACACACGACC,7
GCCAAGACACAGATTC,7
GCCAAGACAGATGTAC,7
GCCAAGACAGCACCTC,7
GCCAAGACAGCCATGC,7
GCCAAGACAGGCTAAC,7
GCCAAGACATAGCGAC,6
GCCAAGACATCATTCC,6
GCCAAGACATTGGCTC,6
GCCAAGACCAAGGAGC,6
GCCAAGACCACCTTAC,6
GCCAAGACCCATCCTC,6
GCCAAGACCCGACAAC,6
GCCAAGACCCTAATCC,6
GCCAAGACCCTCTATC,6
GCCAAGACCGACACAC,3
GCCAAGACCGGATTGC,3
GCCAAGACCTAAGGTC,4
GCCAAGACGAACAGGC,4
GCCAAGACGACAGTGC,4
GCCAAGACGAGTTAGC,4
GCCAAGACGATGAATC,6
GCCAAGACGCCAAGAC,5
GCCAAGACCGGAAGAA,5
GCCAAGACGTGACAAG,6
GCCAAGACGAACCAGA,6
CGACTGGAAACGTGAT,4
CGACTGGAACAAGCTA,3
CGACTGGATTGCTGGA,9
CGACTGGACTGTAGCC,3
CGACTGGAAGTACAAG,3
CGACTGGAAACAACCA,3
CGACTGGAAACCGAGA,6
CGACTGGAAACGCTTA,6
CGACTGGAAAGACGGA,6
CGACTGGAAAGGTACA,6
CGACTGGAACACAGAA,6
CGACTGGAACAGCAGA,6
CGACTGGAAAACATCG,4
CGACTGGAACCTCCAA,6
CGACTGGAACGCTCGA,7
CGACTGGAACGTATCA,7
CGACTGGAACTATGCA,7
CGACTGGAAGAGTCAA,6
CGACTGGAAGATCGCA,6
CGACTGGAAGCAGGAA,6
CGACTGGAAGTCACTA,6
CGACTGGAATCCTGTA,6
CGACTGGAATTGAGGA,6
CGACTGGAATGCCTAA,4
CGACTGGACAACCACA,7
CGACTGGAGACTAGTA,6
CGACTGGACAATGGAA,6
CGACTGGACACTTCGA,8
CGACTGGACAGCGTTA,8
CGACTGGACATACCAA,1
CGACTGGACCAGTTCA,1
CGACTGGACCGAAGTA,1
CGACTGGACCGTGAGA,1
CGACTGGACCTCCTGA,1
CGACTGGAAGTGGTCA,4
CGACTGGACGAACTTA,1
CGACTGGACGACTGGA,1
CGACTGGACGCATACA,1
CGACTGGACTCAATGA,1
CGACTGGACTGAGCCA,1
CGACTGGACTGGCATA,1
CGACTGGAGAATCTGA,1
CGACTGGACAAGACTA,1
CGACTGGAGAGCTGAA,1
CGACTGGAGATAGACA,1
CGACTGGAACCACTGT,4
CGACTGGAGCCACATA,1
CGACTGGAGCGAGTAA,1
CGACTGGAGCTAACGA,1
CGACTGGAGCTCGGTA,1
CGACTGGAGGAGAACA,1
CGACTGGAGGTGCGAA,5
CGACTGGAGTACGCAA,1
CGACTGGAGTCGTAGA,1
CGACTGGAGTCTGTCA,6
CGACTGGAGTGTTCTA,1
CGACTGGAACATTGGC,4
CGACTGGATAGGATGA,1
CGACTGGATATCAGCA,1
CGACTGGATCCGTCTA,2
CGACTGGATCTTCACA,1
CGACTGGATGAAGAGA,1
CGACTGGATGGAACAA,1
CGACTGGATGGCTTCA,1
CGACTGGATGGTGGTA,1
CGACTGGATTCACGCA,1
CGACTGGAAACTCACC,1
CGACTGGACAGATCTG,4
CGACTGGAAAGAGATC,1
CGACTGGAAAGGACAC,1
CGACTGGAAATCCGTC,1
CGACTGGAAATGTTGC,1
CGACTGGAACACGACC,1
CGACTGGAACAGATTC,1
CGACTGGAAGATGTAC,1
CGACTGGAAGCACCTC,1
CGACTGGAAGCCATGC,1
CGACTGGAAGGCTAAC,1
CGACTGGACATCAAGT,3
CGACTGGAATAGCGAC,6
CGACTGGAATCATTCC,9
CGACTGGAATTGGCTC,9
CGACTGGACAAGGAGC,9
CGACTGGACACCTTAC,9
CGACTGGACCATCCTC,9
CGACTGGACCGACAAC,9
CGACTGGACCTAATCC,9
CGACTGGACCTCTATC,9
CGACTGGACGACACAC,9
CGACTGGACGCTGATC,3
CGACTGGACGGATTGC,9
CGACTGGACTAAGGTC,9
CGACTGGAGAACAGGC,9
CGACTGGAGACAGTGC,9
CGACTGGAGAGTTAGC,9
CGACTGGAGATGAATC,9
CGACTGGAGCCAAGAC,9
CGACTGGACGGAAGAA,9
CGACTGGAGTGACAAG,9
CGACTGGAGAACCAGA,9
CGAACTTAAACGTGAT,4
CGAACTTAACAAGCTA,3
CGAACTTATTGCTGGA,9
CGAACTTACTGTAGCC,3
CGAACTTAAGTACAAG,3
CGAACTTAAACAACCA,3
CGAACTTAAACCGAGA,6
CGAACTTAAACGCTTA,6
CGAACTTAAAGACGGA,6
CGAACTTAAAGGTACA,6
CGAACTTAACACAGAA,6
CGAACTTAACAGCAGA,6
CGAACTTAAAACATCG,4
CGAACTTAACCTCCAA,7
CGAACTTAACGCTCGA,7
CGAACTTAACGTATCA,7
CGAACTTAACTATGCA,7
CGAACTTAAGAGTCAA,7
CGAACTTAAGATCGCA,6
CGAACTTAAGCAGGAA,6
CGAACTTAAGTCACTA,6
CGAACTTAATCCTGTA,6
CGAACTTAATTGAGGA,6
CGAACTTAATGCCTAA,4
CGAACTTACAACCACA,7
CGAACTTAGACTAGTA,6
CGAACTTACAATGGAA,7
CGAACTTACACTTCGA,8
CGAACTTACAGCGTTA,8
CGAACTTACATACCAA,1
CGAACTTACCAGTTCA,1
CGAACTTACCGAAGTA,6
CGAACTTACCGTGAGA,1
CGAACTTACCTCCTGA,1
CGAACTTAAGTGGTCA,4
CGAACTTACGAACTTA,1
CGAACTTACGACTGGA,1
CGAACTTACGCATACA,1
CGAACTTACTCAATGA,1
CGAACTTACTGAGCCA,1
CGAACTTACTGGCATA,1
CGAACTTAGAATCTGA,1
CGAACTTACAAGACTA,1
CGAACTTAGAGCTGAA,1
CGAACTTAGATAGACA,1
CGAACTTAACCACTGT,4
CGAACTTAGCCACATA,1
CGAACTTAGCGAGTAA,1
CGAACTTAGCTAACGA,1
CGAACTTAGCTCGGTA,1
CGAACTTAGGAGAACA,1
CGAACTTAGGTGCGAA,1
CGAACTTAGTACGCAA,1
CGAACTTAGTCGTAGA,1
CGAACTTAGTCTGTCA,1
CGAACTTAGTGTTCTA,1
CGAACTTAACATTGGC,4
CGAACTTATAGGATGA,1
CGAACTTATATCAGCA,1
CGAACTTATCCGTCTA,1
CGAACTTATCTTCACA,1
CGAACTTATGAAGAGA,1
CGAACTTATGGAACAA,1
CGAACTTATGGCTTCA,1
CGAACTTATGGTGGTA,1
CGAACTTATTCACGCA,1
CGAACTTAAACTCACC,1
CGAACTTACAGATCTG,3
CGAACTTAAAGAGATC,1
CGAACTTAAAGGACAC,1
CGAACTTAAATCCGTC,1
CGAACTTAAATGTTGC,1
CGAACTTAACACGACC,1
CGAACTTAACAGATTC,1
CGAACTTAAGATGTAC,1
CGAACTTAAGCACCTC,1
CGAACTTAAGCCATGC,1
CGAACTTAAGGCTAAC,6
CGAACTTACATCAAGT,3
CGAACTTAATAGCGAC,6
CGAACTTAATCATTCC,9
CGAACTTAATTGGCTC,9
CGAACTTACAAGGAGC,9
CGAACTTACACCTTAC,9
CGAACTTACCATCCTC,9
CGAACTTACCGACAAC,9
CGAACTTACCTAATCC,9
CGAACTTACCTCTATC,9
CGAACTTACGACACAC,9
CGAACTTACGCTGATC,3
CGAACTTACGGATTGC,9
CGAACTTACTAAGGTC,9
CGAACTTAGAACAGGC,9
CGAACTTAGACAGTGC,9
CGAACTTAGAGTTAGC,9
CGAACTTAGATGAATC,9
CGAACTTAGCCAAGAC,9
CGAACTTACGGAAGAA,9
CGAACTTAGTGACAAG,9
CGAACTTAGAACCAGA,9
CCTCCTGAAACGTGAT,4
CCTCCTGAACAAGCTA,3
CCTCCTGATTGCTGGA,9
CCTCCTGACTGTAGCC,3
CCTCCTGAAGTACAAG,3
CCTCCTGAAACAACCA,3
CCTCCTGAAACCGAGA,6
CCTCCTGAAACGCTTA,6
CCTCCTGAAAGACGGA,6
CCTCCTGAAAGGTACA,6
CCTCCTGAACACAGAA,6
CCTCCTGAACAGCAGA,6
CCTCCTGAAAACATCG,4
CCTCCTGAACCTCCAA,6
CCTCCTGAACGCTCGA,7
CCTCCTGAACGTATCA,7
CCTCCTGAACTATGCA,7
CCTCCTGAAGAGTCAA,7
CCTCCTGAAGATCGCA,6
CCTCCTGAAGCAGGAA,6
CCTCCTGAAGTCACTA,6
CCTCCTGAATCCTGTA,6
CCTCCTGAATTGAGGA,6
CCTCCTGAATGCCTAA,4
CCTCCTGACAACCACA,6
CCTCCTGAGACTAGTA,7
CCTCCTGACAATGGAA,7
CCTCCTGACACTTCGA,8
CCTCCTGACAGCGTTA,8
CCTCCTGACATACCAA,1
CCTCCTGACCAGTTCA,1
CCTCCTGACCGAAGTA,8
CCTCCTGACCGTGAGA,1
CCTCCTGACCTCCTGA,1
CCTCCTGAAGTGGTCA,4
CCTCCTGACGAACTTA,1
CCTCCTGACGACTGGA,1
CCTCCTGACGCATACA,1
CCTCCTGACTCAATGA,1
CCTCCTGACTGAGCCA,1
CCTCCTGACTGGCATA,1
CCTCCTGAGAATCTGA,1
CCTCCTGACAAGACTA,1
CCTCCTGAGAGCTGAA,1
CCTCCTGAGATAGACA,1
CCTCCTGAACCACTGT,4
CCTCCTGAGCCACATA,1
CCTCCTGAGCGAGTAA,1
CCTCCTGAGCTAACGA,1
CCTCCTGAGCTCGGTA,1
CCTCCTGAGGAGAACA,1
CCTCCTGAGGTGCGAA,1
CCTCCTGAGTACGCAA,1
CCTCCTGAGTCGTAGA,1
CCTCCTGAGTCTGTCA,6
CCTCCTGAGTGTTCTA,1
CCTCCTGAACATTGGC,4
CCTCCTGATAGGATGA,1
CCTCCTGATATCAGCA,2
CCTCCTGATCCGTCTA,1
CCTCCTGATCTTCACA,1
CCTCCTGATGAAGAGA,1
CCTCCTGATGGAACAA,1
CCTCCTGATGGCTTCA,1
CCTCCTGATGGTGGTA,1
CCTCCTGATTCACGCA,1
CCTCCTGAAACTCACC,1
CCTCCTGACAGATCTG,4
CCTCCTGAAAGAGATC,1
CCTCCTGAAAGGACAC,1
CCTCCTGAAATCCGTC,1
CCTCCTGAAATGTTGC,1
CCTCCTGAACACGACC,1
CCTCCTGAACAGATTC,1
CCTCCTGAAGATGTAC,1
CCTCCTGAAGCACCTC,1
CCTCCTGAAGCCATGC,1
CCTCCTGAAGGCTAAC,6
CCTCCTGACATCAAGT,3
CCTCCTGAATAGCGAC,6
CCTCCTGAATCATTCC,9
CCTCCTGAATTGGCTC,9
CCTCCTGACAAGGAGC,9
CCTCCTGACACCTTAC,9
CCTCCTGACCATCCTC,9
CCTCCTGACCGACAAC,9
CCTCCTGACCTAATCC,9
CCTCCTGACCTCTATC,9
CCTCCTGACGACACAC,9
CCTCCTGACGCTGATC,3
CCTCCTGACGGATTGC,9
CCTCCTGACTAAGGTC,9
CCTCCTGAGAACAGGC,9
CCTCCTGAGACAGTGC,9
CCTCCTGAGAGTTAGC,9
CCTCCTGAGATGAATC,9
CCTCCTGAGCCAAGAC,9
CCTCCTGACGGAAGAA,9
CCTCCTGAGTGACAAG,9
CCTCCTGAGAACCAGA,9
CCGTGAGAAACGTGAT,5
CCGTGAGAACAAGCTA,3
CCGTGAGATTGCTGGA,9
CCGTGAGACTGTAGCC,3
CCGTGAGAAGTACAAG,3
CCGTGAGAAACAACCA,3
CCGTGAGAAACCGAGA,6
CCGTGAGAAACGCTTA,6
CCGTGAGAAAGACGGA,6
CCGTGAGAAAGGTACA,6
CCGTGAGAACACAGAA,6
CCGTGAGAACAGCAGA,6
CCGTGAGAAAACATCG,4
CCGTGAGAACCTCCAA,7
CCGTGAGAACGCTCGA,7
CCGTGAGAACGTATCA,7
CCGTGAGAACTATGCA,7
CCGTGAGAAGAGTCAA,7
CCGTGAGAAGATCGCA,7
CCGTGAGAAGCAGGAA,6
CCGTGAGAAGTCACTA,6
CCGTGAGAATCCTGTA,6
CCGTGAGAATTGAGGA,6
CCGTGAGAATGCCTAA,4
CCGTGAGACAACCACA,6
CCGTGAGAGACTAGTA,6
CCGTGAGACAATGGAA,7
CCGTGAGACACTTCGA,8
CCGTGAGACAGCGTTA,5
CCGTGAGACATACCAA,7
CCGTGAGACCAGTTCA,1
CCGTGAGACCGAAGTA,1
CCGTGAGACCGTGAGA,1
CCGTGAGACCTCCTGA,1
CCGTGAGAAGTGGTCA,4
CCGTGAGACGAACTTA,1
CCGTGAGACGACTGGA,1
CCGTGAGACGCATACA,1
CCGTGAGACTCAATGA,1
CCGTGAGACTGAGCCA,1
CCGTGAGACTGGCATA,5
CCGTGAGAGAATCTGA,1
CCGTGAGACAAGACTA,1
CCGTGAGAGAGCTGAA,1
CCGTGAGAGATAGACA,1
CCGTGAGAACCACTGT,4
CCGTGAGAGCCACATA,1
CCGTGAGAGCGAGTAA,1
CCGTGAGAGCTAACGA,1
CCGTGAGAGCTCGGTA,1
CCGTGAGAGGAGAACA,1
CCGTGAGAGGTGCGAA,6
CCGTGAGAGTACGCAA,1
CCGTGAGAGTCGTAGA,1
CCGTGAGAGTCTGTCA,1
CCGTGAGAGTGTTCTA,1
CCGTGAGAACATTGGC,4
CCGTGAGATAGGATGA,1
CCGTGAGATATCAGCA,2
CCGTGAGATCCGTCTA,1
CCGTGAGATCTTCACA,1
CCGTGAGATGAAGAGA,1
CCGTGAGATGGAACAA,1
CCGTGAGATGGCTTCA,1
CCGTGAGATGGTGGTA,1
CCGTGAGATTCACGCA,1
CCGTGAGAAACTCACC,1
CCGTGAGACAGATCTG,4
CCGTGAGAAAGAGATC,1
CCGTGAGAAAGGACAC,1
CCGTGAGAAATCCGTC,1
CCGTGAGAAATGTTGC,1
CCGTGAGAACACGACC,1
CCGTGAGAACAGATTC,1
CCGTGAGAAGATGTAC,1
CCGTGAGAAGCACCTC,1
CCGTGAGAAGCCATGC,2
CCGTGAGAAGGCTAAC,6
CCGTGAGACATCAAGT,3
CCGTGAGAATAGCGAC,6
CCGTGAGAATCATTCC,6
CCGTGAGAATTGGCTC,9
CCGTGAGACAAGGAGC,9
CCGTGAGACACCTTAC,9
CCGTGAGACCATCCTC,9
CCGTGAGACCGACAAC,9
CCGTGAGACCTAATCC,9
CCGTGAGACCTCTATC,9
CCGTGAGACGACACAC,9
CCGTGAGACGCTGATC,3
CCGTGAGACGGATTGC,9
CCGTGAGACTAAGGTC,9
CCGTGAGAGAACAGGC,9
CCGTGAGAGACAGTGC,9
CCGTGAGAGAGTTAGC,9
CCGTGAGAGATGAATC,9
CCGTGAGAGCCAAGAC,9
CCGTGAGACGGAAGAA,9
CCGTGAGAGTGACAAG,9
CCGTGAGAGAACCAGA,9
CCGAAGTAAACGTGAT,5
CCGAAGTAACAAGCTA,3
CCGAAGTATTGCTGGA,9
CCGAAGTACTGTAGCC,3
CCGAAGTAAGTACAAG,3
CCGAAGTAAACAACCA,3
CCGAAGTAAACCGAGA,6
CCGAAGTAAACGCTTA,6
CCGAAGTAAAGACGGA,6
CCGAAGTAAAGGTACA,6
CCGAAGTAACACAGAA,6
CCGAAGTAACAGCAGA,6
CCGAAGTAAAACATCG,5
CCGAAGTAACCTCCAA,7
CCGAAGTAACGCTCGA,7
CCGAAGTAACGTATCA,7
CCGAAGTAACTATGCA,7
CCGAAGTAAGAGTCAA,7
CCGAAGTAAGATCGCA,7
CCGAAGTAAGCAGGAA,6
CCGAAGTAAGTCACTA,6
CCGAAGTAATCCTGTA,6
CCGAAGTAATTGAGGA,6
CCGAAGTAATGCCTAA,4
CCGAAGTACAACCACA,7
CCGAAGTAGACTAGTA,7
CCGAAGTACAATGGAA,6
CCGAAGTACACTTCGA,8
CCGAAGTACAGCGTTA,7
CCGAAGTACATACCAA,1
CCGAAGTACCAGTTCA,1
CCGAAGTACCGAAGTA,6
CCGAAGTACCGTGAGA,1
CCGAAGTACCTCCTGA,1
CCGAAGTAAGTGGTCA,4
CCGAAGTACGAACTTA,1
CCGAAGTACGACTGGA,1
CCGAAGTACGCATACA,1
CCGAAGTACTCAATGA,1
CCGAAGTACTGAGCCA,1
CCGAAGTACTGGCATA,1
CCGAAGTAGAATCTGA,1
CCGAAGTACAAGACTA,5
CCGAAGTAGAGCTGAA,1
CCGAAGTAGATAGACA,1
CCGAAGTAACCACTGT,4
CCGAAGTAGCCACATA,1
CCGAAGTAGCGAGTAA,1
CCGAAGTAGCTAACGA,1
CCGAAGTAGCTCGGTA,1
CCGAAGTAGGAGAACA,1
CCGAAGTAGGTGCGAA,1
CCGAAGTAGTACGCAA,1
CCGAAGTAGTCGTAGA,1
CCGAAGTAGTCTGTCA,2
CCGAAGTAGTGTTCTA,1
CCGAAGTAACATTGGC,4
CCGAAGTATAGGATGA,1
CCGAAGTATATCAGCA,1
CCGAAGTATCCGTCTA,1
CCGAAGTATCTTCACA,1
CCGAAGTATGAAGAGA,1
CCGAAGTATGGAACAA,1
CCGAAGTATGGCTTCA,1
CCGAAGTATGGTGGTA,1
CCGAAGTATTCACGCA,1
CCGAAGTAAACTCACC,1
CCGAAGTACAGATCTG,4
CCGAAGTAAAGAGATC,1
CCGAAGTAAAGGACAC,1
CCGAAGTAAATCCGTC,1
CCGAAGTAAATGTTGC,1
CCGAAGTAACACGACC,1
CCGAAGTAACAGATTC,1
CCGAAGTAAGATGTAC,1
CCGAAGTAAGCACCTC,1
CCGAAGTAAGCCATGC,6
CCGAAGTAAGGCTAAC,6
CCGAAGTACATCAAGT,3
CCGAAGTAATAGCGAC,6
CCGAAGTAATCATTCC,9
CCGAAGTAATTGGCTC,9
CCGAAGTACAAGGAGC,9
CCGAAGTACACCTTAC,9
CCGAAGTACCATCCTC,9
CCGAAGTACCGACAAC,9
CCGAAGTACCTAATCC,9
CCGAAGTACCTCTATC,9
CCGAAGTACGACACAC,9
CCGAAGTACGCTGATC,3
CCGAAGTACGGATTGC,9
CCGAAGTACTAAGGTC,9
CCGAAGTAGAACAGGC,9
CCGAAGTAGACAGTGC,9
CCGAAGTAGAGTTAGC,9
CCGAAGTAGATGAATC,9
CCGAAGTAGCCAAGAC,9
CCGAAGTACGGAAGAA,9
CCGAAGTAGTGACAAG,9
CCGAAGTAGAACCAGA,9
CCAGTTCAAACGTGAT,5
CCAGTTCAACAAGCTA,3
CCAGTTCATTGCTGGA,9
CCAGTTCACTGTAGCC,3
CCAGTTCAAGTACAAG,3
CCAGTTCAAACAACCA,6
CCAGTTCAAACCGAGA,6
CCAGTTCAAACGCTTA,6
CCAGTTCAAAGACGGA,6
CCAGTTCAAAGGTACA,6
CCAGTTCAACACAGAA,6
CCAGTTCAACAGCAGA,6
CCAGTTCAAAACATCG,5
CCAGTTCAACCTCCAA,7
CCAGTTCAACGCTCGA,7
CCAGTTCAACGTATCA,7
CCAGTTCAACTATGCA,7
CCAGTTCAAGAGTCAA,7
CCAGTTCAAGATCGCA,6
CCAGTTCAAGCAGGAA,6
CCAGTTCAAGTCACTA,6
CCAGTTCAATCCTGTA,6
CCAGTTCAATTGAGGA,6
CCAGTTCAATGCCTAA,5
CCAGTTCACAACCACA,7
CCAGTTCAGACTAGTA,7
CCAGTTCACAATGGAA,6
CCAGTTCACACTTCGA,7
CCAGTTCACAGCGTTA,7
CCAGTTCACATACCAA,1
CCAGTTCACCAGTTCA,1
CCAGTTCACCGAAGTA,1
CCAGTTCACCGTGAGA,1
CCAGTTCACCTCCTGA,1
CCAGTTCAAGTGGTCA,4
CCAGTTCACGAACTTA,1
CCAGTTCACGACTGGA,1
CCAGTTCACGCATACA,1
CCAGTTCACTCAATGA,1
CCAGTTCACTGAGCCA,1
CCAGTTCACTGGCATA,5
CCAGTTCAGAATCTGA,1
CCAGTTCACAAGACTA,1
CCAGTTCAGAGCTGAA,1
CCAGTTCAGATAGACA,1
CCAGTTCAACCACTGT,4
CCAGTTCAGCCACATA,1
CCAGTTCAGCGAGTAA,1
CCAGTTCAGCTAACGA,1
CCAGTTCAGCTCGGTA,1
CCAGTTCAGGAGAACA,1
CCAGTTCAGGTGCGAA,1
CCAGTTCAGTACGCAA,2
CCAGTTCAGTCGTAGA,1
CCAGTTCAGTCTGTCA,1
CCAGTTCAGTGTTCTA,1
CCAGTTCAACATTGGC,4
CCAGTTCATAGGATGA,1
CCAGTTCATATCAGCA,1
CCAGTTCATCCGTCTA,1
CCAGTTCATCTTCACA,1
CCAGTTCATGAAGAGA,1
CCAGTTCATGGAACAA,1
CCAGTTCATGGCTTCA,1
CCAGTTCATGGTGGTA,1
CCAGTTCATTCACGCA,1
CCAGTTCAAACTCACC,1
CCAGTTCACAGATCTG,4
CCAGTTCAAAGAGATC,1
CCAGTTCAAAGGACAC,1
CCAGTTCAAATCCGTC,1
CCAGTTCAAATGTTGC,1
CCAGTTCAACACGACC,1
CCAGTTCAACAGATTC,1
CCAGTTCAAGATGTAC,1
CCAGTTCAAGCACCTC,1
CCAGTTCAAGCCATGC,1
CCAGTTCAAGGCTAAC,6
CCAGTTCACATCAAGT,4
CCAGTTCAATAGCGAC,6
CCAGTTCAATCATTCC,6
CCAGTTCAATTGGCTC,9
CCAGTTCACAAGGAGC,9
CCAGTTCACACCTTAC,9
CCAGTTCACCATCCTC,9
CCAGTTCACCGACAAC,9
CCAGTTCACCTAATCC,9
CCAGTTCACCTCTATC,9
CCAGTTCACGACACAC,9
CCAGTTCACGCTGATC,3
CCAGTTCACGGATTGC,9
CCAGTTCACTAAGGTC,9
CCAGTTCAGAACAGGC,9
CCAGTTCAGACAGTGC,9
CCAGTTCAGAGTTAGC,9
CCAGTTCAGATGAATC,9
CCAGTTCAGCCAAGAC,9
CCAGTTCACGGAAGAA,9
CCAGTTCAGTGACAAG,9
CCAGTTCAGAACCAGA,9
CATACCAAAACGTGAT,5
CATACCAAACAAGCTA,3
CATACCAATTGCTGGA,9
CATACCAACTGTAGCC,3
CATACCAAAGTACAAG,3
CATACCAAAACAACCA,6
CATACCAAAACCGAGA,6
CATACCAAAACGCTTA,6
CATACCAAAAGACGGA,6
CATACCAAAAGGTACA,6
CATACCAAACACAGAA,6
CATACCAAACAGCAGA,6
CATACCAAAAACATCG,5
CATACCAAACCTCCAA,6
CATACCAAACGCTCGA,7
CATACCAAACGTATCA,7
CATACCAAACTATGCA,7
CATACCAAAGAGTCAA,6
CATACCAAAGATCGCA,6
CATACCAAAGCAGGAA,6
CATACCAAAGTCACTA,6
CATACCAAATCCTGTA,6
CATACCAAATTGAGGA,6
CATACCAAATGCCTAA,5
CATACCAACAACCACA,7
CATACCAAGACTAGTA,7
CATACCAACAATGGAA,6
CATACCAACACTTCGA,6
CATACCAACAGCGTTA,8
CATACCAACATACCAA,6
CATACCAACCAGTTCA,1
CATACCAACCGAAGTA,1
CATACCAACCGTGAGA,4
CATACCAACCTCCTGA,1
CATACCAAAGTGGTCA,4
CATACCAACGAACTTA,1
CATACCAACGACTGGA,1
CATACCAACGCATACA,1
CATACCAACTCAATGA,1
CATACCAACTGAGCCA,1
CATACCAACTGGCATA,1
CATACCAAGAATCTGA,1
CATACCAACAAGACTA,1
CATACCAAGAGCTGAA,5
CATACCAAGATAGACA,1
CATACCAAACCACTGT,4
CATACCAAGCCACATA,1
CATACCAAGCGAGTAA,1
CATACCAAGCTAACGA,1
CATACCAAGCTCGGTA,1
CATACCAAGGAGAACA,1
CATACCAAGGTGCGAA,1
CATACCAAGTACGCAA,5
CATACCAAGTCGTAGA,1
CATACCAAGTCTGTCA,1
CATACCAAGTGTTCTA,1
CATACCAAACATTGGC,4
CATACCAATAGGATGA,1
CATACCAATATCAGCA,1
CATACCAATCCGTCTA,1
CATACCAATCTTCACA,1
CATACCAATGAAGAGA,1
CATACCAATGGAACAA,1
CATACCAATGGCTTCA,1
CATACCAATGGTGGTA,1
CATACCAATTCACGCA,1
CATACCAAAACTCACC,1
CATACCAACAGATCTG,4
CATACCAAAAGAGATC,1
CATACCAAAAGGACAC,1
CATACCAAAATCCGTC,1
CATACCAAAATGTTGC,1
CATACCAAACACGACC,1
CATACCAAACAGATTC,1
CATACCAAAGATGTAC,1
CATACCAAAGCACCTC,1
CATACCAAAGCCATGC,1
CATACCAAAGGCTAAC,6
CATACCAACATCAAGT,4
CATACCAAATAGCGAC,6
CATACCAAATCATTCC,6
CATACCAAATTGGCTC,9
CATACCAACAAGGAGC,9
CATACCAACACCTTAC,9
CATACCAACCATCCTC,9
CATACCAACCGACAAC,9
CATACCAACCTAATCC,9
CATACCAACCTCTATC,9
CATACCAACGACACAC,9
CATACCAACGCTGATC,3
CATACCAACGGATTGC,9
CATACCAACTAAGGTC,9
CATACCAAGAACAGGC,9
CATACCAAGACAGTGC,9
CATACCAAGAGTTAGC,9
CATACCAAGATGAATC,9
CATACCAAGCCAAGAC,9
CATACCAACGGAAGAA,9
CATACCAAGTGACAAG,9
CATACCAAGAACCAGA,9
CAGCGTTAACAAGCTA,3
CAGCGTTATTGCTGGA,6
CAGCGTTACTGTAGCC,3
CAGCGTTAAGTACAAG,3
CAGCGTTAAACAACCA,3
CAGCGTTAAACCGAGA,6
CAGCGTTAAACGCTTA,6
CAGCGTTAAAGACGGA,6
CAGCGTTAAAGGTACA,6
CAGCGTTAACACAGAA,6
CAGCGTTAACAGCAGA,6
CAGCGTTAAAACATCG,5
CAGCGTTAACCTCCAA,7
CAGCGTTAACGCTCGA,7
CAGCGTTAACGTATCA,7
CAGCGTTAACTATGCA,6
CAGCGTTAAGAGTCAA,7
CAGCGTTAAGATCGCA,6
CAGCGTTAAGCAGGAA,6
CAGCGTTAAGTCACTA,6
CAGCGTTAATCCTGTA,6
CAGCGTTAATTGAGGA,6
CAGCGTTAATGCCTAA,5
CAGCGTTACAACCACA,7
CAGCGTTAGACTAGTA,6
CAGCGTTACAATGGAA,6
CAGCGTTACACTTCGA,6
CAGCGTTACAGCGTTA,6
CAGCGTTACATACCAA,1
CAGCGTTACCAGTTCA,1
CAGCGTTACCGAAGTA,1
CAGCGTTACCGTGAGA,1
CAGCGTTACCTCCTGA,6
CAGCGTTAAGTGGTCA,5
CAGCGTTACGAACTTA,1
CAGCGTTACGACTGGA,1
CAGCGTTACGCATACA,1
CAGCGTTACTCAATGA,1
CAGCGTTACTGAGCCA,1
CAGCGTTACTGGCATA,1
CAGCGTTAGAATCTGA,1
CAGCGTTACAAGACTA,1
CAGCGTTAGAGCTGAA,1
CAGCGTTAGATAGACA,1
CAGCGTTAACCACTGT,4
CAGCGTTAGCCACATA,1
CAGCGTTAGCGAGTAA,8
CAGCGTTAGCTAACGA,1
CAGCGTTAGCTCGGTA,1
CAGCGTTAGGAGAACA,2
CAGCGTTAGGTGCGAA,1
CAGCGTTAGTACGCAA,1
CAGCGTTAGTCGTAGA,1
CAGCGTTAGTCTGTCA,1
CAGCGTTAGTGTTCTA,1
CAGCGTTAACATTGGC,4
CAGCGTTATAGGATGA,1
CAGCGTTATATCAGCA,6
CAGCGTTATCCGTCTA,1
CAGCGTTATCTTCACA,1
CAGCGTTATGAAGAGA,1
CAGCGTTATGGAACAA,1
CAGCGTTATGGCTTCA,1
CAGCGTTATGGTGGTA,1
CAGCGTTATTCACGCA,1
CAGCGTTAAACTCACC,1
CAGCGTTACAGATCTG,4
CAGCGTTAAAGAGATC,1
CAGCGTTAAAGGACAC,1
CAGCGTTAAATCCGTC,1
CAGCGTTAAATGTTGC,1
CAGCGTTAACACGACC,1
CAGCGTTAACAGATTC,2
CAGCGTTAAGATGTAC,1
CAGCGTTAAGCACCTC,1
CAGCGTTAAGCCATGC,1
CAGCGTTAAGGCTAAC,6
CAGCGTTACATCAAGT,3
CAGCGTTAATAGCGAC,6
CAGCGTTAATCATTCC,6
CAGCGTTAATTGGCTC,9
CAGCGTTACAAGGAGC,9
CAGCGTTACACCTTAC,9
CAGCGTTACCATCCTC,9
CAGCGTTACCGACAAC,9
CAGCGTTACCTAATCC,9
CAGCGTTACCTCTATC,9
CAGCGTTACGACACAC,9
CAGCGTTACGCTGATC,3
CAGCGTTACGGATTGC,9
CAGCGTTACTAAGGTC,9
CAGCGTTAGAACAGGC,9
CAGCGTTAGACAGTGC,9
CAGCGTTAGAGTTAGC,9
CAGCGTTAGATGAATC,9
CAGCGTTAGCCAAGAC,9
CAGCGTTACGGAAGAA,9
CAGCGTTAGTGACAAG,9
CAGCGTTAGAACCAGA,9
CACTTCGAACAAGCTA,3
CACTTCGATTGCTGGA,9
CACTTCGACTGTAGCC,3
CACTTCGAAGTACAAG,3
CACTTCGAAACAACCA,3
CACTTCGAAACCGAGA,6
CACTTCGAAACGCTTA,6
CACTTCGAAAGACGGA,6
CACTTCGAAAGGTACA,6
CACTTCGAACACAGAA,6
CACTTCGAACAGCAGA,6
CACTTCGAAAACATCG,5
CACTTCGAACCTCCAA,7
CACTTCGAACGCTCGA,7
CACTTCGAACGTATCA,7
CACTTCGAACTATGCA,7
CACTTCGAAGAGTCAA,7
CACTTCGAAGATCGCA,6
CACTTCGAAGCAGGAA,6
CACTTCGAAGTCACTA,6
CACTTCGAATCCTGTA,6
CACTTCGAATTGAGGA,6
CACTTCGAATGCCTAA,5
CACTTCGACAACCACA,6
CACTTCGAGACTAGTA,6
CACTTCGACAATGGAA,6
CACTTCGACACTTCGA,8
CACTTCGACAGCGTTA,8
CACTTCGACATACCAA,1
CACTTCGACCAGTTCA,1
CACTTCGACCGAAGTA,1
CACTTCGACCGTGAGA,1
CACTTCGACCTCCTGA,1
CACTTCGAAGTGGTCA,5
CACTTCGACGAACTTA,1
CACTTCGACGACTGGA,1
CACTTCGACGCATACA,1
CACTTCGACTCAATGA,1
CACTTCGACTGAGCCA,1
CACTTCGACTGGCATA,1
CACTTCGAGAATCTGA,1
CACTTCGACAAGACTA,1
CACTTCGAGAGCTGAA,1
CACTTCGAGATAGACA,1
CACTTCGAACCACTGT,4
CACTTCGAGCCACATA,1
CACTTCGAGCGAGTAA,1
CACTTCGAGCTAACGA,1
CACTTCGAGCTCGGTA,1
CACTTCGAGGAGAACA,1
CACTTCGAGGTGCGAA,1
CACTTCGAGTACGCAA,1
CACTTCGAGTCGTAGA,1
CACTTCGAGTCTGTCA,1
CACTTCGAGTGTTCTA,1
CACTTCGAACATTGGC,4
CACTTCGATAGGATGA,1
CACTTCGATATCAGCA,1
CACTTCGATCCGTCTA,1
CACTTCGATCTTCACA,1
CACTTCGATGAAGAGA,1
CACTTCGATGGAACAA,1
CACTTCGATGGCTTCA,1
CACTTCGATGGTGGTA,1
CACTTCGATTCACGCA,1
CACTTCGAAACTCACC,1
CACTTCGACAGATCTG,4
CACTTCGAAAGAGATC,1
CACTTCGAAAGGACAC,1
CACTTCGAAATCCGTC,1
CACTTCGAAATGTTGC,1
CACTTCGAACACGACC,1
CACTTCGAACAGATTC,1
CACTTCGAAGATGTAC,2
CACTTCGAAGCACCTC,2
CACTTCGAAGCCATGC,6
CACTTCGAAGGCTAAC,6
CACTTCGACATCAAGT,4
CACTTCGAATAGCGAC,6
CACTTCGAATCATTCC,6
CACTTCGAATTGGCTC,9
CACTTCGACAAGGAGC,9
CACTTCGACACCTTAC,9
CACTTCGACCATCCTC,9
CACTTCGACCGACAAC,9
CACTTCGACCTAATCC,9
CACTTCGACCTCTATC,9
CACTTCGACGACACAC,9
CACTTCGACGCTGATC,4
CACTTCGACGGATTGC,9
CACTTCGACTAAGGTC,9
CACTTCGAGAACAGGC,9
CACTTCGAGACAGTGC,9
CACTTCGAGAGTTAGC,9
CACTTCGAGATGAATC,9
CACTTCGAGCCAAGAC,9
CACTTCGACGGAAGAA,9
CACTTCGAGTGACAAG,9
CACTTCGAGAACCAGA,9
CAATGGAAACAAGCTA,3
CAATGGAATTGCTGGA,9
CAATGGAACTGTAGCC,3
CAATGGAAAGTACAAG,3
CAATGGAAAACAACCA,6
CAATGGAAAACCGAGA,6
CAATGGAAAACGCTTA,6
CAATGGAAAAGACGGA,6
CAATGGAAAAGGTACA,6
CAATGGAAACACAGAA,6
CAATGGAAACAGCAGA,6
CAATGGAAAAACATCG,5
CAATGGAAACCTCCAA,6
CAATGGAAACGCTCGA,7
CAATGGAAACGTATCA,7
CAATGGAAACTATGCA,7
CAATGGAAAGAGTCAA,7
CAATGGAAAGATCGCA,7
CAATGGAAAGCAGGAA,6
CAATGGAAAGTCACTA,6
CAATGGAAATCCTGTA,6
CAATGGAAATTGAGGA,6
CAATGGAAATGCCTAA,5
CAATGGAACAACCACA,6
CAATGGAAGACTAGTA,6
CAATGGAACAATGGAA,6
CAATGGAACACTTCGA,6
CAATGGAACAGCGTTA,8
CAATGGAACATACCAA,1
CAATGGAACCAGTTCA,1
CAATGGAACCGAAGTA,1
CAATGGAACCGTGAGA,1
CAATGGAACCTCCTGA,1
CAATGGAACGAACTTA,1
CAATGGAACGACTGGA,1
CAATGGAACGCATACA,1
CAATGGAACTCAATGA,1
CAATGGAACTGAGCCA,1
CAATGGAACTGGCATA,1
CAATGGAAGAATCTGA,1
CAATGGAACAAGACTA,1
CAATGGAAGAGCTGAA,1
CAATGGAAGATAGACA,1
CAATGGAAACCACTGT,4
CAATGGAAGCCACATA,1
CAATGGAAGCGAGTAA,1
CAATGGAAGCTAACGA,1
CAATGGAAGCTCGGTA,2
CAATGGAAGGAGAACA,1
CAATGGAAGGTGCGAA,1
CAATGGAAGTACGCAA,1
CAATGGAAGTCGTAGA,1
CAATGGAAGTCTGTCA,1
CAATGGAAGTGTTCTA,1
CAATGGAAACATTGGC,4
CAATGGAATAGGATGA,1
CAATGGAATATCAGCA,2
CAATGGAATCCGTCTA,1
CAATGGAATCTTCACA,1
CAATGGAATGAAGAGA,1
CAATGGAATGGAACAA,1
CAATGGAATGGCTTCA,1
CAATGGAATGGTGGTA,1
CAATGGAATTCACGCA,1
CAATGGAAAACTCACC,1
CAATGGAACAGATCTG,4
CAATGGAAAAGAGATC,1
CAATGGAAAAGGACAC,2
CAATGGAAAATCCGTC,1
CAATGGAAAATGTTGC,1
CAATGGAAACACGACC,1
CAATGGAAACAGATTC,1
CAATGGAAAGATGTAC,2
CAATGGAAAGCACCTC,2
CAATGGAAAGCCATGC,6
CAATGGAAAGGCTAAC,6
CAATGGAACATCAAGT,4
CAATGGAAATAGCGAC,6
CAATGGAAATCATTCC,6
CAATGGAAATTGGCTC,2
CAATGGAACAAGGAGC,2
CAATGGAACACCTTAC,2
CAATGGAACCATCCTC,9
CAATGGAACCGACAAC,9
CAATGGAACCTAATCC,9
CAATGGAACCTCTATC,9
CAATGGAACGACACAC,9
CAATGGAACGCTGATC,3
CAATGGAACGGATTGC,9
CAATGGAACTAAGGTC,9
CAATGGAAGAACAGGC,9
CAATGGAAGACAGTGC,9
CAATGGAAGAGTTAGC,9
CAATGGAAGATGAATC,9
CAATGGAAGCCAAGAC,9
CAATGGAACGGAAGAA,9
CAATGGAAGTGACAAG,9
CAATGGAAGAACCAGA,9
GATGAATCTTGCTGGA,5
GATGAATCACGTATCA,4
GATGAATCACTATGCA,4
GATGAATCAGAGTCAA,6
GATGAATCAGATCGCA,6
GATGAATCAGCAGGAA,5
GATGAATCAGTCACTA,6
GATGAATCATCCTGTA,4
GATGAATCATTGAGGA,4
GATGAATCCAACCACA,4
GATGAATCGACTAGTA,4
GATGAATCCAATGGAA,4
GATGAATCCACTTCGA,4
GATGAATCCAGCGTTA,4
GATGAATCCATACCAA,4
GATGAATCCCAGTTCA,4
GATGAATCCCGAAGTA,4
GATGAATCCCGTGAGA,4
GATGAATCCCTCCTGA,4
GATGAATCCGAACTTA,4
GATGAATCCGACTGGA,4
GATGAATCCGCATACA,3
GATGAATCCTCAATGA,3
GATGAATCCTGAGCCA,3
GATGAATCCTGGCATA,3
GATGAATCGAATCTGA,6
GATGAATCCAAGACTA,6
GATGAATCGAGCTGAA,6
GATGAATCGATAGACA,6
GATGAATCGCCACATA,6
GATGAATCGCGAGTAA,6
GATGAATCGCTAACGA,6
GATGAATCGCTCGGTA,6
GATGAATCGGAGAACA,6
GATGAATCGGTGCGAA,6
GATGAATCGTACGCAA,6
GATGAATCGTCGTAGA,6
GATGAATCGTCTGTCA,7
GATGAATCGTGTTCTA,6
GATGAATCTAGGATGA,6
GATGAATCTATCAGCA,6
GATGAATCTCCGTCTA,6
GATGAATCTCTTCACA,6
GATGAATCTGAAGAGA,7
GATGAATCTGGAACAA,7
GATGAATCTGGCTTCA,7
GATGAATCTGGTGGTA,7
GATGAATCTTCACGCA,7
GATGAATCAACTCACC,7
GATGAATCAAGAGATC,7
GATGAATCAAGGACAC,7
GATGAATCAATCCGTC,7
GATGAATCAATGTTGC,7
GATGAATCACACGACC,7
GATGAATCACAGATTC,7
GATGAATCAGATGTAC,7
GATGAATCAGCACCTC,7
GATGAATCAGCCATGC,7
GATGAATCAGGCTAAC,7
GATGAATCATAGCGAC,7
GATGAATCATCATTCC,6
GATGAATCATTGGCTC,6
GATGAATCCAAGGAGC,6
GATGAATCCACCTTAC,6
GATGAATCCCATCCTC,6
GATGAATCCCGACAAC,6
GATGAATCCCTAATCC,6
GATGAATCCCTCTATC,6
GATGAATCCGACACAC,3
GATGAATCCGGATTGC,3
GATGAATCCTAAGGTC,4
GATGAATCGAACAGGC,4
GATGAATCGACAGTGC,4
GATGAATCGAGTTAGC,4
GATGAATCGATGAATC,5
GATGAATCGCCAAGAC,5
GATGAATCCGGAAGAA,5
GATGAATCGTGACAAG,5
GATGAATCGAACCAGA,5
GACTAGTAACAAGCTA,3
GACTAGTATTGCTGGA,9
GACTAGTACTGTAGCC,3
GACTAGTAAGTACAAG,3
GACTAGTAAACAACCA,6
GACTAGTAAACCGAGA,6
GACTAGTAAACGCTTA,6
GACTAGTAAAGACGGA,6
GACTAGTAAAGGTACA,6
GACTAGTAACACAGAA,6
GACTAGTAACAGCAGA,6
GACTAGTAACCTCCAA,7
GACTAGTAACGCTCGA,7
GACTAGTAACGTATCA,7
GACTAGTAACTATGCA,7
GACTAGTAAGAGTCAA,7
GACTAGTAAGATCGCA,7
GACTAGTAAGCAGGAA,6
GACTAGTAAGTCACTA,6
GACTAGTAATCCTGTA,6
GACTAGTAATTGAGGA,6
GACTAGTAATGCCTAA,5
GACTAGTACAACCACA,6
GACTAGTAGACTAGTA,6
GACTAGTACAATGGAA,6
GACTAGTACACTTCGA,8
GACTAGTACAGCGTTA,8
GACTAGTACATACCAA,8
GACTAGTACCAGTTCA,1
GACTAGTACCGAAGTA,1
GACTAGTACCGTGAGA,1
GACTAGTACCTCCTGA,1
GACTAGTAAGTGGTCA,5
GACTAGTACGAACTTA,1
GACTAGTACGACTGGA,1
GACTAGTACGCATACA,1
GACTAGTACTCAATGA,1
GACTAGTACTGAGCCA,1
GACTAGTACTGGCATA,1
GACTAGTAGAATCTGA,1
GACTAGTACAAGACTA,1
GACTAGTAGAGCTGAA,1
GACTAGTAGATAGACA,1
GACTAGTAACCACTGT,5
GACTAGTAGCCACATA,2
GACTAGTAGCGAGTAA,1
GACTAGTAGCTAACGA,1
GACTAGTAGCTCGGTA,1
GACTAGTAGGAGAACA,1
GACTAGTAGGTGCGAA,1
GACTAGTAGTACGCAA,2
GACTAGTAGTCGTAGA,1
GACTAGTAGTCTGTCA,1
GACTAGTAGTGTTCTA,1
GACTAGTAACATTGGC,4
GACTAGTATAGGATGA,1
GACTAGTATATCAGCA,1
GACTAGTATCCGTCTA,2
GACTAGTATCTTCACA,1
GACTAGTATGAAGAGA,1
GACTAGTATGGAACAA,2
GACTAGTATGGCTTCA,1
GACTAGTATGGTGGTA,1
GACTAGTATTCACGCA,1
GACTAGTAAACTCACC,1
GACTAGTACAGATCTG,4
GACTAGTAAAGAGATC,1
GACTAGTAAAGGACAC,1
GACTAGTAAATCCGTC,1
GACTAGTAAATGTTGC,1
GACTAGTAACACGACC,2
GACTAGTAACAGATTC,2
GACTAGTAAGATGTAC,2
GACTAGTAAGCACCTC,2
GACTAGTAAGCCATGC,6
GACTAGTAAGGCTAAC,6
GACTAGTACATCAAGT,4
GACTAGTAATAGCGAC,6
GACTAGTAATCATTCC,2
GACTAGTAATTGGCTC,2
GACTAGTACAAGGAGC,2
GACTAGTACACCTTAC,2
GACTAGTACCATCCTC,9
GACTAGTACCGACAAC,9
GACTAGTACCTAATCC,9
GACTAGTACCTCTATC,9
GACTAGTACGACACAC,9
GACTAGTACGCTGATC,4
GACTAGTACGGATTGC,9
GACTAGTACTAAGGTC,9
GACTAGTAGAACAGGC,9
GACTAGTAGACAGTGC,9
GACTAGTAGAGTTAGC,9
GACTAGTAGATGAATC,9
GACTAGTAGCCAAGAC,9
GACTAGTACGGAAGAA,9
GACTAGTAGTGACAAG,9
GACTAGTAGAACCAGA,9
CAACCACAACAAGCTA,3
CAACCACATTGCTGGA,9
CAACCACACTGTAGCC,3
CAACCACAAGTACAAG,3
CAACCACAAACAACCA,6
CAACCACAAACCGAGA,6
CAACCACAAACGCTTA,6
CAACCACAAAGACGGA,6
CAACCACAAAGGTACA,6
CAACCACAACACAGAA,6
CAACCACAACAGCAGA,6
CAACCACAACCTCCAA,6
CAACCACAACGCTCGA,6
CAACCACAACGTATCA,7
CAACCACAACTATGCA,7
CAACCACAAGAGTCAA,7
CAACCACAAGATCGCA,7
CAACCACAAGCAGGAA,6
CAACCACAAGTCACTA,6
CAACCACAATCCTGTA,6
CAACCACAATTGAGGA,6
CAACCACAATGCCTAA,5
CAACCACACAACCACA,6
CAACCACAGACTAGTA,6
CAACCACACAATGGAA,6
CAACCACACACTTCGA,8
CAACCACACAGCGTTA,8
CAACCACACATACCAA,8
CAACCACACCAGTTCA,1
CAACCACACCGAAGTA,1
CAACCACACCGTGAGA,1
CAACCACACCTCCTGA,2
CAACCACAAGTGGTCA,5
CAACCACACGAACTTA,2
CAACCACACGACTGGA,1
CAACCACACGCATACA,1
CAACCACACTCAATGA,1
CAACCACACTGAGCCA,1
CAACCACACTGGCATA,1
CAACCACAGAATCTGA,1
CAACCACACAAGACTA,1
CAACCACAGAGCTGAA,1
CAACCACAGATAGACA,1
CAACCACAACCACTGT,5
CAACCACAGCCACATA,1
CAACCACAGCGAGTAA,1
CAACCACAGCTAACGA,1
CAACCACAGCTCGGTA,1
CAACCACAGGAGAACA,2
CAACCACAGGTGCGAA,1
CAACCACAGTACGCAA,1
CAACCACAGTCGTAGA,1
CAACCACAGTCTGTCA,1
CAACCACAGTGTTCTA,1
CAACCACAACATTGGC,4
CAACCACATAGGATGA,2
CAACCACATATCAGCA,1
CAACCACATCCGTCTA,1
CAACCACATCTTCACA,2
CAACCACATGAAGAGA,1
CAACCACATGGAACAA,1
CAACCACATGGCTTCA,1
CAACCACATGGTGGTA,1
CAACCACATTCACGCA,1
CAACCACAAACTCACC,1
CAACCACACAGATCTG,4
CAACCACAAAGAGATC,1
CAACCACAAAGGACAC,1
CAACCACAAATCCGTC,1
CAACCACAAATGTTGC,1
CAACCACAACACGACC,2
CAACCACAACAGATTC,2
CAACCACAAGATGTAC,2
CAACCACAAGCACCTC,2
CAACCACAAGCCATGC,6
CAACCACAAGGCTAAC,6
CAACCACACATCAAGT,4
CAACCACAATAGCGAC,6
CAACCACAATCATTCC,2
CAACCACAATTGGCTC,2
CAACCACACAAGGAGC,2
CAACCACACACCTTAC,2
CAACCACACCATCCTC,9
CAACCACACCGACAAC,9
CAACCACACCTAATCC,9
CAACCACACCTCTATC,9
CAACCACACGACACAC,9
CAACCACACGCTGATC,4
CAACCACACGGATTGC,9
CAACCACACTAAGGTC,9
CAACCACAGAACAGGC,9
CAACCACAGACAGTGC,9
CAACCACAGAGTTAGC,9
CAACCACAGATGAATC,9
CAACCACAGCCAAGAC,9
CAACCACACGGAAGAA,9
CAACCACAGTGACAAG,9
CAACCACAGAACCAGA,9
ATTGAGGAACAAGCTA,3
ATTGAGGATTGCTGGA,9
ATTGAGGACTGTAGCC,3
ATTGAGGAAGTACAAG,3
ATTGAGGAAACAACCA,6
ATTGAGGAAACCGAGA,6
ATTGAGGAAACGCTTA,5
ATTGAGGAAAGACGGA,6
ATTGAGGAAAGGTACA,5
ATTGAGGAACACAGAA,6
ATTGAGGAACAGCAGA,6
ATTGAGGAACCTCCAA,6
ATTGAGGAACGCTCGA,6
ATTGAGGAACGTATCA,6
ATTGAGGAACTATGCA,7
ATTGAGGAAGAGTCAA,7
ATTGAGGAAGATCGCA,7
ATTGAGGAAGCAGGAA,6
ATTGAGGAAGTCACTA,6
ATTGAGGAATCCTGTA,6
ATTGAGGAATTGAGGA,6
ATTGAGGACAACCACA,6
ATTGAGGAGACTAGTA,6
ATTGAGGACAATGGAA,6
ATTGAGGACACTTCGA,6
ATTGAGGACAGCGTTA,8
ATTGAGGACATACCAA,8
ATTGAGGACCAGTTCA,1
ATTGAGGACCGAAGTA,1
ATTGAGGACCGTGAGA,1
ATTGAGGACCTCCTGA,8
ATTGAGGAAGTGGTCA,5
ATTGAGGACGAACTTA,1
ATTGAGGACGACTGGA,1
ATTGAGGACGCATACA,1
ATTGAGGACTCAATGA,2
ATTGAGGACTGAGCCA,1
ATTGAGGACTGGCATA,1
ATTGAGGAGAATCTGA,1
ATTGAGGACAAGACTA,1
ATTGAGGAGAGCTGAA,1
ATTGAGGAGATAGACA,1
ATTGAGGAACCACTGT,5
ATTGAGGAGCCACATA,1
ATTGAGGAGCGAGTAA,1
ATTGAGGAGCTAACGA,1
ATTGAGGAGCTCGGTA,1
ATTGAGGAGGAGAACA,1
ATTGAGGAGGTGCGAA,1
ATTGAGGAGTACGCAA,1
ATTGAGGAGTCGTAGA,1
ATTGAGGAGTCTGTCA,1
ATTGAGGAGTGTTCTA,1
ATTGAGGAACATTGGC,4
ATTGAGGATAGGATGA,1
ATTGAGGATATCAGCA,1
ATTGAGGATCCGTCTA,1
ATTGAGGATCTTCACA,1
ATTGAGGATGAAGAGA,1
ATTGAGGATGGAACAA,1
ATTGAGGATGGCTTCA,1
ATTGAGGATGGTGGTA,1
ATTGAGGATTCACGCA,1
ATTGAGGAAACTCACC,1
ATTGAGGACAGATCTG,4
ATTGAGGAAAGAGATC,1
ATTGAGGAAAGGACAC,1
ATTGAGGAAATCCGTC,1
ATTGAGGAAATGTTGC,2
ATTGAGGAACACGACC,2
ATTGAGGAACAGATTC,2
ATTGAGGAAGATGTAC,2
ATTGAGGAAGCACCTC,2
ATTGAGGAAGCCATGC,2
ATTGAGGAAGGCTAAC,6
ATTGAGGACATCAAGT,4
ATTGAGGAATAGCGAC,2
ATTGAGGAATCATTCC,2
ATTGAGGAATTGGCTC,2
ATTGAGGACAAGGAGC,2
ATTGAGGACACCTTAC,2
ATTGAGGACCATCCTC,2
ATTGAGGACCGACAAC,9
ATTGAGGACCTAATCC,9
ATTGAGGACCTCTATC,9
ATTGAGGACGACACAC,9
ATTGAGGACGCTGATC,4
ATTGAGGACGGATTGC,9
ATTGAGGACTAAGGTC,9
ATTGAGGAGAACAGGC,9
ATTGAGGAGACAGTGC,9
ATTGAGGAGAGTTAGC,9
ATTGAGGAGATGAATC,9
ATTGAGGAGCCAAGAC,9
ATTGAGGACGGAAGAA,9
ATTGAGGAGTGACAAG,9
ATTGAGGAGAACCAGA,9
ATCCTGTAACAAGCTA,3
ATCCTGTATTGCTGGA,9
ATCCTGTACTGTAGCC,3
ATCCTGTAAGTACAAG,3
ATCCTGTAAACAACCA,6
ATCCTGTAAACCGAGA,6
ATCCTGTAAACGCTTA,6
ATCCTGTAAAGACGGA,6
ATCCTGTAAAGGTACA,5
ATCCTGTAACACAGAA,6
ATCCTGTAACAGCAGA,6
ATCCTGTAACCTCCAA,6
ATCCTGTAACGCTCGA,6
ATCCTGTAACGTATCA,6
ATCCTGTAACTATGCA,7
ATCCTGTAAGAGTCAA,7
ATCCTGTAAGATCGCA,7
ATCCTGTAAGCAGGAA,6
ATCCTGTAAGTCACTA,6
ATCCTGTAATCCTGTA,6
ATCCTGTAATTGAGGA,6
ATCCTGTACAACCACA,6
ATCCTGTAGACTAGTA,7
ATCCTGTACAATGGAA,6
ATCCTGTACACTTCGA,7
ATCCTGTACAGCGTTA,7
ATCCTGTACATACCAA,7
ATCCTGTACCAGTTCA,1
ATCCTGTACCGAAGTA,1
ATCCTGTACCGTGAGA,1
ATCCTGTACCTCCTGA,1
ATCCTGTAAGTGGTCA,5
ATCCTGTACGAACTTA,1
ATCCTGTACGACTGGA,1
ATCCTGTACGCATACA,1
ATCCTGTACTCAATGA,1
ATCCTGTACTGAGCCA,1
ATCCTGTACTGGCATA,1
ATCCTGTAGAATCTGA,2
ATCCTGTACAAGACTA,6
ATCCTGTAGAGCTGAA,1
ATCCTGTAGATAGACA,1
ATCCTGTAACCACTGT,5
ATCCTGTAGCCACATA,1
ATCCTGTAGCGAGTAA,1
ATCCTGTAGCTAACGA,1
ATCCTGTAGCTCGGTA,1
ATCCTGTAGGAGAACA,1
ATCCTGTAGGTGCGAA,1
ATCCTGTAGTACGCAA,1
ATCCTGTAGTCGTAGA,1
ATCCTGTAGTCTGTCA,2
ATCCTGTAGTGTTCTA,1
ATCCTGTAACATTGGC,5
ATCCTGTATAGGATGA,1
ATCCTGTATATCAGCA,1
ATCCTGTATCCGTCTA,1
ATCCTGTATCTTCACA,1
ATCCTGTATGAAGAGA,1
ATCCTGTATGGAACAA,1
ATCCTGTATGGCTTCA,2
ATCCTGTATGGTGGTA,1
ATCCTGTATTCACGCA,1
ATCCTGTAAACTCACC,1
ATCCTGTACAGATCTG,4
ATCCTGTAAAGAGATC,1
ATCCTGTAAAGGACAC,1
ATCCTGTAAATCCGTC,1
ATCCTGTAAATGTTGC,1
ATCCTGTAACACGACC,2
ATCCTGTAACAGATTC,2
ATCCTGTAAGATGTAC,2
ATCCTGTAAGCACCTC,2
ATCCTGTAAGCCATGC,2
ATCCTGTAAGGCTAAC,2
ATCCTGTACATCAAGT,4
ATCCTGTAATAGCGAC,2
ATCCTGTAATCATTCC,2
ATCCTGTAATTGGCTC,2
ATCCTGTACAAGGAGC,2
ATCCTGTACACCTTAC,2
ATCCTGTACCATCCTC,2
ATCCTGTACCGACAAC,2
ATCCTGTACCTAATCC,9
ATCCTGTACCTCTATC,9
ATCCTGTACGACACAC,9
ATCCTGTACGCTGATC,4
ATCCTGTACGGATTGC,9
ATCCTGTACTAAGGTC,9
ATCCTGTAGAACAGGC,9
ATCCTGTAGACAGTGC,9
ATCCTGTAGAGTTAGC,9
ATCCTGTAGATGAATC,9
ATCCTGTAGCCAAGAC,9
ATCCTGTACGGAAGAA,9
ATCCTGTAGTGACAAG,9
ATCCTGTAGAACCAGA,9
AGTCACTAACAAGCTA,4
AGTCACTATTGCTGGA,9
AGTCACTACTGTAGCC,4
AGTCACTAAGTACAAG,6
AGTCACTAAACAACCA,6
AGTCACTAAACCGAGA,6
AGTCACTAAACGCTTA,6
AGTCACTAAAGACGGA,6
AGTCACTAAAGGTACA,6
AGTCACTAACACAGAA,6
AGTCACTAACAGCAGA,6
AGTCACTAACCTCCAA,6
AGTCACTAACGCTCGA,6
AGTCACTAACGTATCA,6
AGTCACTAACTATGCA,7
AGTCACTAAGAGTCAA,7
AGTCACTAAGATCGCA,7
AGTCACTAAGCAGGAA,6
AGTCACTAAGTCACTA,6
AGTCACTAATCCTGTA,6
AGTCACTAATTGAGGA,6
AGTCACTACAACCACA,6
AGTCACTAGACTAGTA,6
AGTCACTACAATGGAA,6
AGTCACTACACTTCGA,7
AGTCACTACAGCGTTA,7
AGTCACTACATACCAA,7
AGTCACTACCAGTTCA,6
AGTCACTACCGAAGTA,1
AGTCACTACCGTGAGA,1
AGTCACTACCTCCTGA,1
AGTCACTACGAACTTA,1
AGTCACTACGACTGGA,1
AGTCACTACGCATACA,1
AGTCACTACTCAATGA,1
AGTCACTACTGAGCCA,1
AGTCACTACTGGCATA,1
AGTCACTAGAATCTGA,1
AGTCACTACAAGACTA,1
AGTCACTAGAGCTGAA,6
AGTCACTAGATAGACA,1
AGTCACTAACCACTGT,5
AGTCACTAGCCACATA,1
AGTCACTAGCGAGTAA,1
AGTCACTAGCTAACGA,1
AGTCACTAGCTCGGTA,1
AGTCACTAGGAGAACA,6
AGTCACTAGGTGCGAA,2
AGTCACTAGTACGCAA,1
AGTCACTAGTCGTAGA,1
AGTCACTAGTCTGTCA,1
AGTCACTAGTGTTCTA,1
AGTCACTAACATTGGC,5
AGTCACTATAGGATGA,1
AGTCACTATATCAGCA,1
AGTCACTATCCGTCTA,1
AGTCACTATCTTCACA,1
AGTCACTATGAAGAGA,1
AGTCACTATGGAACAA,6
AGTCACTATGGCTTCA,1
AGTCACTATGGTGGTA,1
AGTCACTATTCACGCA,1
AGTCACTAAACTCACC,1
AGTCACTACAGATCTG,4
AGTCACTAAAGAGATC,1
AGTCACTAAAGGACAC,1
AGTCACTAAATCCGTC,2
AGTCACTAAATGTTGC,2
AGTCACTAACACGACC,2
AGTCACTAACAGATTC,2
AGTCACTAAGATGTAC,2
AGTCACTAAGCACCTC,2
AGTCACTAAGCCATGC,2
AGTCACTAAGGCTAAC,2
AGTCACTACATCAAGT,4
AGTCACTAATAGCGAC,2
AGTCACTAATCATTCC,2
AGTCACTAATTGGCTC,2
AGTCACTACAAGGAGC,2
AGTCACTACACCTTAC,2
AGTCACTACCATCCTC,2
AGTCACTACCGACAAC,2
AGTCACTACCTAATCC,2
AGTCACTACCTCTATC,9
AGTCACTACGACACAC,9
AGTCACTACGCTGATC,4
AGTCACTACGGATTGC,9
AGTCACTACTAAGGTC,9
AGTCACTAGAACAGGC,9
AGTCACTAGACAGTGC,9
AGTCACTAGAGTTAGC,9
AGTCACTAGATGAATC,9
AGTCACTAGCCAAGAC,9
AGTCACTACGGAAGAA,9
AGTCACTAGTGACAAG,9
AGTCACTAGAACCAGA,9
AGCAGGAAACAAGCTA,4
AGCAGGAATTGCTGGA,9
AGCAGGAACTGTAGCC,4
AGCAGGAAAGTACAAG,6
AGCAGGAAAACAACCA,6
AGCAGGAAAACCGAGA,6
AGCAGGAAAACGCTTA,6
AGCAGGAAAAGACGGA,6
AGCAGGAAAAGGTACA,6
AGCAGGAAACACAGAA,6
AGCAGGAAACAGCAGA,6
AGCAGGAAACCTCCAA,6
AGCAGGAAACGCTCGA,6
AGCAGGAAACGTATCA,6
AGCAGGAAACTATGCA,7
AGCAGGAAAGAGTCAA,7
AGCAGGAAAGATCGCA,6
AGCAGGAAAGCAGGAA,6
AGCAGGAAAGTCACTA,6
AGCAGGAAATCCTGTA,6
AGCAGGAAATTGAGGA,6
AGCAGGAACAACCACA,6
AGCAGGAAGACTAGTA,6
AGCAGGAACAATGGAA,6
AGCAGGAACACTTCGA,7
AGCAGGAACAGCGTTA,6
AGCAGGAACATACCAA,6
AGCAGGAACCAGTTCA,6
AGCAGGAACCGAAGTA,1
AGCAGGAACCGTGAGA,1
AGCAGGAACCTCCTGA,1
AGCAGGAACGAACTTA,1
AGCAGGAACGACTGGA,1
AGCAGGAACGCATACA,1
AGCAGGAACTCAATGA,6
AGCAGGAACTGAGCCA,1
AGCAGGAACTGGCATA,1
AGCAGGAAGAATCTGA,1
AGCAGGAACAAGACTA,1
AGCAGGAAGAGCTGAA,1
AGCAGGAAGATAGACA,1
AGCAGGAAACCACTGT,5
AGCAGGAAGCCACATA,1
AGCAGGAAGCGAGTAA,1
AGCAGGAAGCTAACGA,1
AGCAGGAAGCTCGGTA,1
AGCAGGAAGGAGAACA,1
AGCAGGAAGGTGCGAA,2
AGCAGGAAGTACGCAA,1
AGCAGGAAGTCGTAGA,1
AGCAGGAAGTCTGTCA,1
AGCAGGAAGTGTTCTA,1
AGCAGGAAACATTGGC,5
AGCAGGAATAGGATGA,1
AGCAGGAATATCAGCA,2
AGCAGGAATCCGTCTA,1
AGCAGGAATCTTCACA,1
AGCAGGAATGAAGAGA,1
AGCAGGAATGGAACAA,1
AGCAGGAATGGCTTCA,1
AGCAGGAATGGTGGTA,1
AGCAGGAATTCACGCA,1
AGCAGGAAAACTCACC,1
AGCAGGAACAGATCTG,4
AGCAGGAAAAGAGATC,1
AGCAGGAAAAGGACAC,1
AGCAGGAAAATCCGTC,1
AGCAGGAAAATGTTGC,2
AGCAGGAAACACGACC,2
AGCAGGAAACAGATTC,2
AGCAGGAAAGATGTAC,2
AGCAGGAAAGCACCTC,2
AGCAGGAAAGCCATGC,2
AGCAGGAAAGGCTAAC,2
AGCAGGAACATCAAGT,4
AGCAGGAAATAGCGAC,2
AGCAGGAAATCATTCC,2
AGCAGGAAATTGGCTC,2
AGCAGGAACAAGGAGC,2
AGCAGGAACACCTTAC,2
AGCAGGAACCATCCTC,2
AGCAGGAACCGACAAC,2
AGCAGGAACCTAATCC,2
AGCAGGAACCTCTATC,2
AGCAGGAACGACACAC,9
AGCAGGAACGCTGATC,4
AGCAGGAACGGATTGC,9
AGCAGGAACTAAGGTC,9
AGCAGGAAGAACAGGC,9
AGCAGGAAGACAGTGC,9
AGCAGGAAGAGTTAGC,9
AGCAGGAAGATGAATC,9
AGCAGGAAGCCAAGAC,9
AGCAGGAACGGAAGAA,9
AGCAGGAAGTGACAAG,9
AGCAGGAAGAACCAGA,9
AGATCGCAACAAGCTA,4
AGATCGCATTGCTGGA,9
AGATCGCACTGTAGCC,4
AGATCGCAAGTACAAG,6
AGATCGCAAACAACCA,6
AGATCGCAAACCGAGA,4
AGATCGCAAACGCTTA,6
AGATCGCAAAGACGGA,6
AGATCGCAAAGGTACA,6
AGATCGCAACACAGAA,6
AGATCGCAACAGCAGA,6
AGATCGCAACCTCCAA,6
AGATCGCAACGCTCGA,6
AGATCGCAACGTATCA,6
AGATCGCAACTATGCA,6
AGATCGCAAGAGTCAA,6
AGATCGCAAGATCGCA,6
AGATCGCAAGCAGGAA,6
AGATCGCAAGTCACTA,6
AGATCGCAATCCTGTA,6
AGATCGCAATTGAGGA,6
AGATCGCACAACCACA,6
AGATCGCAGACTAGTA,6
AGATCGCACAATGGAA,6
AGATCGCACACTTCGA,6
AGATCGCACAGCGTTA,6
AGATCGCACATACCAA,6
AGATCGCACCAGTTCA,1
AGATCGCACCGAAGTA,1
AGATCGCACCGTGAGA,1
AGATCGCACCTCCTGA,1
AGATCGCACGAACTTA,6
AGATCGCACGACTGGA,1
AGATCGCACGCATACA,1
AGATCGCACTCAATGA,1
AGATCGCACTGAGCCA,1
AGATCGCACTGGCATA,2
AGATCGCAGAATCTGA,2
AGATCGCACAAGACTA,2
AGATCGCAGAGCTGAA,2
AGATCGCAGATAGACA,2
AGATCGCAACCACTGT,5
AGATCGCAGCCACATA,1
AGATCGCAGCGAGTAA,1
AGATCGCAGCTAACGA,1
AGATCGCAGCTCGGTA,2
AGATCGCAGGAGAACA,2
AGATCGCAGGTGCGAA,1
AGATCGCAGTACGCAA,1
AGATCGCAGTCGTAGA,1
AGATCGCAGTCTGTCA,1
AGATCGCAGTGTTCTA,1
AGATCGCAACATTGGC,5
AGATCGCATAGGATGA,2
AGATCGCATATCAGCA,1
AGATCGCATCCGTCTA,6
AGATCGCATCTTCACA,1
AGATCGCATGAAGAGA,1
AGATCGCATGGAACAA,1
AGATCGCATGGCTTCA,1
AGATCGCATGGTGGTA,1
AGATCGCATTCACGCA,1
AGATCGCAAACTCACC,1
AGATCGCACAGATCTG,5
AGATCGCAAAGAGATC,1
AGATCGCAAAGGACAC,1
AGATCGCAAATCCGTC,2
AGATCGCAAATGTTGC,2
AGATCGCAACACGACC,2
AGATCGCAACAGATTC,2
AGATCGCAAGATGTAC,2
AGATCGCAAGCACCTC,2
AGATCGCAAGCCATGC,2
AGATCGCAAGGCTAAC,2
AGATCGCACATCAAGT,5
AGATCGCAATAGCGAC,2
AGATCGCAATCATTCC,2
AGATCGCAATTGGCTC,2
AGATCGCACAAGGAGC,2
AGATCGCACACCTTAC,2
AGATCGCACCATCCTC,2
AGATCGCACCGACAAC,2
AGATCGCACCTAATCC,2
AGATCGCACCTCTATC,2
AGATCGCACGACACAC,9
AGATCGCACGCTGATC,4
AGATCGCACGGATTGC,9
AGATCGCACTAAGGTC,9
AGATCGCAGAACAGGC,9
AGATCGCAGACAGTGC,9
AGATCGCAGAGTTAGC,9
AGATCGCAGATGAATC,9
AGATCGCAGCCAAGAC,9
AGATCGCACGGAAGAA,9
AGATCGCAGTGACAAG,9
AGATCGCAGAACCAGA,9
AGAGTCAAACAAGCTA,6
AGAGTCAATTGCTGGA,9
AGAGTCAACTGTAGCC,4
AGAGTCAAAGTACAAG,4
AGAGTCAAAACAACCA,4
AGAGTCAAAACCGAGA,6
AGAGTCAAAACGCTTA,3
AGAGTCAAAAGACGGA,6
AGAGTCAAAAGGTACA,6
AGAGTCAAACACAGAA,6
AGAGTCAAACAGCAGA,6
AGAGTCAAACCTCCAA,6
AGAGTCAAACGCTCGA,6
AGAGTCAAACGTATCA,6
AGAGTCAAACTATGCA,6
AGAGTCAAAGAGTCAA,6
AGAGTCAAAGATCGCA,6
AGAGTCAAAGCAGGAA,6
AGAGTCAAAGTCACTA,6
AGAGTCAAATCCTGTA,6
AGAGTCAAATTGAGGA,6
AGAGTCAACAACCACA,6
AGAGTCAAGACTAGTA,6
AGAGTCAACAATGGAA,6
AGAGTCAACACTTCGA,6
AGAGTCAACAGCGTTA,6
AGAGTCAACATACCAA,6
AGAGTCAACCAGTTCA,8
AGAGTCAACCGAAGTA,1
AGAGTCAACCGTGAGA,1
AGAGTCAACCTCCTGA,1
AGAGTCAACGAACTTA,6
AGAGTCAACGACTGGA,1
AGAGTCAACGCATACA,1
AGAGTCAACTCAATGA,1
AGAGTCAACTGAGCCA,1
AGAGTCAACTGGCATA,1
AGAGTCAAGAATCTGA,1
AGAGTCAACAAGACTA,1
AGAGTCAAGAGCTGAA,1
AGAGTCAAGATAGACA,1
AGAGTCAAGCCACATA,1
AGAGTCAAGCGAGTAA,1
AGAGTCAAGCTAACGA,1
AGAGTCAAGCTCGGTA,1
AGAGTCAAGGAGAACA,1
AGAGTCAAGGTGCGAA,1
AGAGTCAAGTACGCAA,1
AGAGTCAAGTCGTAGA,1
AGAGTCAAGTCTGTCA,1
AGAGTCAAGTGTTCTA,1
AGAGTCAAACATTGGC,5
AGAGTCAATAGGATGA,1
AGAGTCAATATCAGCA,1
AGAGTCAATCCGTCTA,1
AGAGTCAATCTTCACA,1
AGAGTCAATGAAGAGA,1
AGAGTCAATGGAACAA,1
AGAGTCAATGGCTTCA,1
AGAGTCAATGGTGGTA,1
AGAGTCAATTCACGCA,1
AGAGTCAAAACTCACC,1
AGAGTCAACAGATCTG,5
AGAGTCAAAAGAGATC,1
AGAGTCAAAAGGACAC,1
AGAGTCAAAATCCGTC,2
AGAGTCAAAATGTTGC,1
AGAGTCAAACACGACC,8
AGAGTCAAACAGATTC,8
AGAGTCAAAGATGTAC,2
AGAGTCAAAGCACCTC,2
AGAGTCAAAGCCATGC,2
AGAGTCAAAGGCTAAC,2
AGAGTCAACATCAAGT,5
AGAGTCAAATAGCGAC,2
AGAGTCAAATCATTCC,2
AGAGTCAAATTGGCTC,2
AGAGTCAACAAGGAGC,2
AGAGTCAACACCTTAC,2
AGAGTCAACCATCCTC,2
AGAGTCAACCGACAAC,2
AGAGTCAACCTAATCC,2
AGAGTCAACCTCTATC,2
AGAGTCAACGACACAC,9
AGAGTCAACGCTGATC,6
AGAGTCAACGGATTGC,9
AGAGTCAACTAAGGTC,9
AGAGTCAAGAACAGGC,9
AGAGTCAAGACAGTGC,9
AGAGTCAAGAGTTAGC,9
AGAGTCAAGATGAATC,9
AGAGTCAAGCCAAGAC,9
AGAGTCAACGGAAGAA,9
AGAGTCAAGTGACAAG,9
AGAGTCAAGAACCAGA,9
ACTATGCAACAAGCTA,6
ACTATGCATTGCTGGA,9
ACTATGCACTGTAGCC,4
ACTATGCAAGTACAAG,4
ACTATGCAAACAACCA,4
ACTATGCAAACCGAGA,4
ACTATGCAAACGCTTA,6
ACTATGCAAAGACGGA,6
ACTATGCAAAGGTACA,6
ACTATGCAACACAGAA,6
ACTATGCAACAGCAGA,6
ACTATGCAACCTCCAA,6
ACTATGCAACGCTCGA,6
ACTATGCAACGTATCA,6
ACTATGCAACTATGCA,6
ACTATGCAAGAGTCAA,6
ACTATGCAAGATCGCA,6
ACTATGCAAGCAGGAA,6
ACTATGCAAGTCACTA,6
ACTATGCAATCCTGTA,6
ACTATGCAATTGAGGA,6
ACTATGCACAACCACA,6
ACTATGCAGACTAGTA,6
ACTATGCACAATGGAA,6
ACTATGCACACTTCGA,6
ACTATGCACAGCGTTA,6
ACTATGCACATACCAA,6
ACTATGCACCAGTTCA,6
ACTATGCACCGAAGTA,1
ACTATGCACCGTGAGA,1
ACTATGCACCTCCTGA,5
ACTATGCACGAACTTA,1
ACTATGCACGACTGGA,1
ACTATGCACGCATACA,1
ACTATGCACTCAATGA,1
ACTATGCACTGAGCCA,1
ACTATGCACTGGCATA,6
ACTATGCAGAATCTGA,1
ACTATGCACAAGACTA,1
ACTATGCAGAGCTGAA,1
ACTATGCAGATAGACA,1
ACTATGCAGCCACATA,1
ACTATGCAGCGAGTAA,1
ACTATGCAGCTAACGA,1
ACTATGCAGCTCGGTA,1
ACTATGCAGGAGAACA,1
ACTATGCAGGTGCGAA,1
ACTATGCAGTACGCAA,1
ACTATGCAGTCGTAGA,1
ACTATGCAGTCTGTCA,1
ACTATGCAGTGTTCTA,1
ACTATGCAACATTGGC,5
ACTATGCATAGGATGA,1
ACTATGCATATCAGCA,1
ACTATGCATCCGTCTA,1
ACTATGCATCTTCACA,1
ACTATGCATGAAGAGA,1
ACTATGCATGGAACAA,1
ACTATGCATGGCTTCA,1
ACTATGCATGGTGGTA,2
ACTATGCATTCACGCA,2
ACTATGCAAACTCACC,1
ACTATGCACAGATCTG,5
ACTATGCAAAGAGATC,2
ACTATGCAAAGGACAC,1
ACTATGCAAATCCGTC,8
ACTATGCAAATGTTGC,8
ACTATGCAACACGACC,8
ACTATGCAACAGATTC,8
ACTATGCAAGATGTAC,8
ACTATGCAAGCACCTC,2
ACTATGCAAGCCATGC,2
ACTATGCAAGGCTAAC,2
ACTATGCACATCAAGT,5
ACTATGCAATAGCGAC,2
ACTATGCAATCATTCC,2
ACTATGCAATTGGCTC,2
ACTATGCACAAGGAGC,2
ACTATGCACACCTTAC,2
ACTATGCACCATCCTC,2
ACTATGCACCGACAAC,2
ACTATGCACCTAATCC,2
ACTATGCACCTCTATC,2
ACTATGCACGACACAC,9
ACTATGCACGCTGATC,5
ACTATGCACGGATTGC,9
ACTATGCACTAAGGTC,9
ACTATGCAGAACAGGC,9
ACTATGCAGACAGTGC,9
ACTATGCAGAGTTAGC,9
ACTATGCAGATGAATC,9
ACTATGCAGCCAAGAC,9
ACTATGCACGGAAGAA,9
ACTATGCAGTGACAAG,9
ACTATGCAGAACCAGA,9
ACGTATCAACAAGCTA,5
ACGTATCATTGCTGGA,9
ACGTATCACTGTAGCC,4
ACGTATCAAGTACAAG,4
ACGTATCAAACAACCA,6
ACGTATCAAACCGAGA,4
ACGTATCAAACGCTTA,6
ACGTATCAAAGACGGA,6
ACGTATCAAAGGTACA,6
ACGTATCAACACAGAA,6
ACGTATCAACAGCAGA,6
ACGTATCAACCTCCAA,6
ACGTATCAACGCTCGA,6
ACGTATCAACGTATCA,6
ACGTATCAACTATGCA,6
ACGTATCAAGAGTCAA,6
ACGTATCAAGATCGCA,6
ACGTATCAAGCAGGAA,6
ACGTATCAAGTCACTA,6
ACGTATCAATCCTGTA,6
ACGTATCAATTGAGGA,6
ACGTATCACAACCACA,6
ACGTATCAGACTAGTA,6
ACGTATCACAATGGAA,6
ACGTATCACACTTCGA,6
ACGTATCACAGCGTTA,6
ACGTATCACATACCAA,6
ACGTATCACCAGTTCA,6
ACGTATCACCGAAGTA,6
ACGTATCACCGTGAGA,1
ACGTATCACCTCCTGA,1
ACGTATCACGAACTTA,1
ACGTATCACGACTGGA,1
ACGTATCACGCATACA,2
ACGTATCACTCAATGA,1
ACGTATCACTGAGCCA,1
ACGTATCACTGGCATA,5
ACGTATCAGAATCTGA,1
ACGTATCACAAGACTA,1
ACGTATCAGAGCTGAA,1
ACGTATCAGATAGACA,1
ACGTATCAGCCACATA,1
ACGTATCAGCGAGTAA,1
ACGTATCAGCTAACGA,1
ACGTATCAGCTCGGTA,6
ACGTATCAGGAGAACA,1
ACGTATCAGGTGCGAA,1
ACGTATCAGTACGCAA,2
ACGTATCAGTCGTAGA,1
ACGTATCAGTCTGTCA,1
ACGTATCAGTGTTCTA,1
ACGTATCAACATTGGC,5
ACGTATCATAGGATGA,1
ACGTATCATATCAGCA,1
ACGTATCATCCGTCTA,1
ACGTATCATCTTCACA,1
ACGTATCATGAAGAGA,1
ACGTATCATGGAACAA,2
ACGTATCATGGCTTCA,2
ACGTATCATGGTGGTA,2
ACGTATCATTCACGCA,2
ACGTATCAAACTCACC,1
ACGTATCACAGATCTG,5
ACGTATCAAAGAGATC,1
ACGTATCAAAGGACAC,1
ACGTATCAAATCCGTC,8
ACGTATCAAATGTTGC,8
ACGTATCAACACGACC,8
ACGTATCAACAGATTC,8
ACGTATCAAGATGTAC,8
ACGTATCAAGCACCTC,2
ACGTATCAAGCCATGC,2
ACGTATCAAGGCTAAC,2
ACGTATCACATCAAGT,5
ACGTATCAATAGCGAC,2
ACGTATCAATCATTCC,2
ACGTATCAATTGGCTC,2
ACGTATCACAAGGAGC,2
ACGTATCACACCTTAC,2
ACGTATCACCATCCTC,2
ACGTATCACCGACAAC,2
ACGTATCACCTAATCC,2
ACGTATCACCTCTATC,2
ACGTATCACGACACAC,9
ACGTATCACGCTGATC,5
ACGTATCACGGATTGC,9
ACGTATCACTAAGGTC,9
ACGTATCAGAACAGGC,9
ACGTATCAGACAGTGC,9
ACGTATCAGAGTTAGC,9
ACGTATCAGATGAATC,9
ACGTATCAGCCAAGAC,9
ACGTATCACGGAAGAA,9
ACGTATCAGTGACAAG,9
ACGTATCAGAACCAGA,9
GAGTTAGCTTGCTGGA,6
GAGTTAGCACGCTCGA,4
GAGTTAGCACGTATCA,4
GAGTTAGCACTATGCA,4
GAGTTAGCAGAGTCAA,4
GAGTTAGCAGATCGCA,4
GAGTTAGCAGCAGGAA,4
GAGTTAGCAGTCACTA,4
GAGTTAGCATCCTGTA,4
GAGTTAGCATTGAGGA,4
GAGTTAGCCAACCACA,4
GAGTTAGCGACTAGTA,4
GAGTTAGCCAATGGAA,4
GAGTTAGCCACTTCGA,4
GAGTTAGCCAGCGTTA,4
GAGTTAGCCATACCAA,4
GAGTTAGCCCAGTTCA,4
GAGTTAGCCCGAAGTA,4
GAGTTAGCCCGTGAGA,4
GAGTTAGCCCTCCTGA,4
GAGTTAGCCGAACTTA,3
GAGTTAGCCGACTGGA,3
GAGTTAGCCGCATACA,3
GAGTTAGCCTCAATGA,3
GAGTTAGCCTGAGCCA,3
GAGTTAGCCTGGCATA,3
GAGTTAGCGAATCTGA,3
GAGTTAGCCAAGACTA,6
GAGTTAGCGAGCTGAA,6
GAGTTAGCGATAGACA,6
GAGTTAGCGCCACATA,6
GAGTTAGCGCGAGTAA,6
GAGTTAGCGCTAACGA,6
GAGTTAGCGCTCGGTA,6
GAGTTAGCGGAGAACA,6
GAGTTAGCGGTGCGAA,6
GAGTTAGCGTACGCAA,6
GAGTTAGCGTCGTAGA,6
GAGTTAGCGTCTGTCA,7
GAGTTAGCGTGTTCTA,6
GAGTTAGCTAGGATGA,6
GAGTTAGCTATCAGCA,6
GAGTTAGCTCCGTCTA,6
GAGTTAGCTCTTCACA,6
GAGTTAGCTGAAGAGA,6
GAGTTAGCTGGAACAA,7
GAGTTAGCTGGCTTCA,7
GAGTTAGCTGGTGGTA,7
GAGTTAGCTTCACGCA,6
GAGTTAGCAACTCACC,6
GAGTTAGCAAGAGATC,7
GAGTTAGCAAGGACAC,7
GAGTTAGCAATCCGTC,7
GAGTTAGCAATGTTGC,7
GAGTTAGCACACGACC,7
GAGTTAGCACAGATTC,7
GAGTTAGCAGATGTAC,7
GAGTTAGCAGCACCTC,7
GAGTTAGCAGCCATGC,7
GAGTTAGCAGGCTAAC,7
GAGTTAGCATAGCGAC,7
GAGTTAGCATCATTCC,7
GAGTTAGCATTGGCTC,6
GAGTTAGCCAAGGAGC,6
GAGTTAGCCACCTTAC,6
GAGTTAGCCCATCCTC,6
GAGTTAGCCCGACAAC,6
GAGTTAGCCCTAATCC,6
GAGTTAGCCCTCTATC,6
GAGTTAGCCGACACAC,3
GAGTTAGCCGGATTGC,3
GAGTTAGCCTAAGGTC,3
GAGTTAGCGAACAGGC,4
GAGTTAGCGACAGTGC,4
GAGTTAGCGAGTTAGC,4
GAGTTAGCGATGAATC,5
GAGTTAGCGCCAAGAC,5
GAGTTAGCCGGAAGAA,5
GAGTTAGCGTGACAAG,5
GAGTTAGCGAACCAGA,5
ACGCTCGAACAAGCTA,5
ACGCTCGATTGCTGGA,9
ACGCTCGACTGTAGCC,6
ACGCTCGAAGTACAAG,6
ACGCTCGAAACAACCA,6
ACGCTCGAAACCGAGA,6
ACGCTCGAAACGCTTA,6
ACGCTCGAAAGACGGA,5
ACGCTCGAAAGGTACA,5
ACGCTCGAACACAGAA,5
ACGCTCGAACAGCAGA,6
ACGCTCGAACCTCCAA,6
ACGCTCGAACGCTCGA,6
ACGCTCGAACGTATCA,6
ACGCTCGAACTATGCA,6
ACGCTCGAAGAGTCAA,6
ACGCTCGAAGATCGCA,6
ACGCTCGAAGCAGGAA,6
ACGCTCGAAGTCACTA,7
ACGCTCGAATCCTGTA,6
ACGCTCGAATTGAGGA,6
ACGCTCGACAACCACA,6
ACGCTCGAGACTAGTA,6
ACGCTCGACAATGGAA,6
ACGCTCGACACTTCGA,6
ACGCTCGACAGCGTTA,6
ACGCTCGACATACCAA,6
ACGCTCGACCAGTTCA,7
ACGCTCGACCGAAGTA,6
ACGCTCGACCGTGAGA,1
ACGCTCGACCTCCTGA,1
ACGCTCGACGAACTTA,1
ACGCTCGACGACTGGA,1
ACGCTCGACGCATACA,1
ACGCTCGACTCAATGA,1
ACGCTCGACTGAGCCA,1
ACGCTCGACTGGCATA,1
ACGCTCGAGAATCTGA,1
ACGCTCGACAAGACTA,1
ACGCTCGAGAGCTGAA,1
ACGCTCGAGATAGACA,1
ACGCTCGAGCCACATA,1
ACGCTCGAGCGAGTAA,1
ACGCTCGAGCTAACGA,2
ACGCTCGAGCTCGGTA,1
ACGCTCGAGGAGAACA,1
ACGCTCGAGGTGCGAA,1
ACGCTCGAGTACGCAA,1
ACGCTCGAGTCGTAGA,1
ACGCTCGAGTCTGTCA,1
ACGCTCGAGTGTTCTA,1
ACGCTCGATAGGATGA,1
ACGCTCGATATCAGCA,1
ACGCTCGATCCGTCTA,1
ACGCTCGATCTTCACA,2
ACGCTCGATGAAGAGA,2
ACGCTCGATGGAACAA,2
ACGCTCGATGGCTTCA,2
ACGCTCGATGGTGGTA,2
ACGCTCGATTCACGCA,2
ACGCTCGAAACTCACC,2
ACGCTCGAAAGAGATC,1
ACGCTCGAAAGGACAC,8
ACGCTCGAAATCCGTC,8
ACGCTCGAAATGTTGC,8
ACGCTCGAACACGACC,8
ACGCTCGAACAGATTC,8
ACGCTCGAAGATGTAC,8
ACGCTCGAAGCACCTC,2
ACGCTCGAAGCCATGC,2
ACGCTCGAAGGCTAAC,2
ACGCTCGACATCAAGT,5
ACGCTCGAATAGCGAC,2
ACGCTCGAATCATTCC,2
ACGCTCGAATTGGCTC,2
ACGCTCGACAAGGAGC,2
ACGCTCGACACCTTAC,2
ACGCTCGACCATCCTC,2
ACGCTCGACCGACAAC,2
ACGCTCGACCTAATCC,2
ACGCTCGACCTCTATC,2
ACGCTCGACGACACAC,9
ACGCTCGACGCTGATC,5
ACGCTCGACGGATTGC,9
ACGCTCGACTAAGGTC,9
ACGCTCGAGAACAGGC,9
ACGCTCGAGACAGTGC,9
ACGCTCGAGAGTTAGC,9
ACGCTCGAGATGAATC,9
ACGCTCGAGCCAAGAC,9
ACGCTCGACGGAAGAA,9
ACGCTCGAGTGACAAG,9
ACGCTCGAGAACCAGA,9
ACCTCCAAACAAGCTA,5
ACCTCCAATTGCTGGA,9
ACCTCCAACTGTAGCC,5
ACCTCCAAAGTACAAG,6
ACCTCCAAAACAACCA,6
ACCTCCAAAACCGAGA,6
ACCTCCAAAACGCTTA,6
ACCTCCAAAAGACGGA,6
ACCTCCAAAAGGTACA,5
ACCTCCAAACACAGAA,6
ACCTCCAAACAGCAGA,6
ACCTCCAAACCTCCAA,6
ACCTCCAAACGCTCGA,6
ACCTCCAAACGTATCA,6
ACCTCCAAACTATGCA,6
ACCTCCAAAGAGTCAA,6
ACCTCCAAAGATCGCA,6
ACCTCCAAAGCAGGAA,6
ACCTCCAAAGTCACTA,6
ACCTCCAAATCCTGTA,6
ACCTCCAAATTGAGGA,6
ACCTCCAACAACCACA,6
ACCTCCAAGACTAGTA,6
ACCTCCAACAATGGAA,6
ACCTCCAACACTTCGA,6
ACCTCCAACAGCGTTA,6
ACCTCCAACATACCAA,6
ACCTCCAACCAGTTCA,6
ACCTCCAACCGAAGTA,6
ACCTCCAACCGTGAGA,6
ACCTCCAACCTCCTGA,1
ACCTCCAACGAACTTA,1
ACCTCCAACGACTGGA,1
ACCTCCAACGCATACA,1
ACCTCCAACTCAATGA,1
ACCTCCAACTGAGCCA,1
ACCTCCAACTGGCATA,1
ACCTCCAAGAATCTGA,1
ACCTCCAACAAGACTA,1
ACCTCCAAGAGCTGAA,1
ACCTCCAAGATAGACA,1
ACCTCCAAGCCACATA,1
ACCTCCAAGCGAGTAA,2
ACCTCCAAGCTAACGA,1
ACCTCCAAGCTCGGTA,2
ACCTCCAAGGAGAACA,1
ACCTCCAAGGTGCGAA,2
ACCTCCAAGTACGCAA,1
ACCTCCAAGTCGTAGA,1
ACCTCCAAGTCTGTCA,1
ACCTCCAAGTGTTCTA,1
ACCTCCAAACATTGGC,5
ACCTCCAATAGGATGA,1
ACCTCCAATATCAGCA,1
ACCTCCAATCCGTCTA,2
ACCTCCAATCTTCACA,2
ACCTCCAATGAAGAGA,2
ACCTCCAATGGAACAA,2
ACCTCCAATGGCTTCA,2
ACCTCCAATGGTGGTA,2
ACCTCCAATTCACGCA,1
ACCTCCAAAACTCACC,1
ACCTCCAACAGATCTG,5
ACCTCCAAAAGAGATC,1
ACCTCCAAAAGGACAC,8
ACCTCCAAAATCCGTC,8
ACCTCCAAAATGTTGC,8
ACCTCCAAACACGACC,8
ACCTCCAAACAGATTC,8
ACCTCCAAAGATGTAC,8
ACCTCCAAAGCACCTC,2
ACCTCCAAAGCCATGC,2
ACCTCCAAAGGCTAAC,2
ACCTCCAACATCAAGT,5
ACCTCCAAATAGCGAC,2
ACCTCCAAATCATTCC,2
ACCTCCAAATTGGCTC,2
ACCTCCAACAAGGAGC,2
ACCTCCAACACCTTAC,2
ACCTCCAACCATCCTC,2
ACCTCCAACCGACAAC,2
ACCTCCAACCTAATCC,2
ACCTCCAACCTCTATC,2
ACCTCCAACGACACAC,9
ACCTCCAACGCTGATC,5
ACCTCCAACGGATTGC,9
ACCTCCAACTAAGGTC,9
ACCTCCAAGAACAGGC,9
ACCTCCAAGACAGTGC,9
ACCTCCAAGAGTTAGC,9
ACCTCCAAGATGAATC,9
ACCTCCAAGCCAAGAC,9
ACCTCCAACGGAAGAA,9
ACCTCCAAGTGACAAG,9
ACCTCCAAGAACCAGA,9
ACAGCAGAACAAGCTA,5
ACAGCAGATTGCTGGA,9
ACAGCAGACTGTAGCC,5
ACAGCAGAAGTACAAG,5
ACAGCAGAAACAACCA,6
ACAGCAGAAACCGAGA,6
ACAGCAGAAACGCTTA,6
ACAGCAGAAAGACGGA,6
ACAGCAGAAAGGTACA,5
ACAGCAGAACACAGAA,6
ACAGCAGAACAGCAGA,6
ACAGCAGAACCTCCAA,6
ACAGCAGAACGCTCGA,6
ACAGCAGAACGTATCA,6
ACAGCAGAACTATGCA,6
ACAGCAGAAGAGTCAA,6
ACAGCAGAAGATCGCA,6
ACAGCAGAAGCAGGAA,6
ACAGCAGAAGTCACTA,6
ACAGCAGAATCCTGTA,6
ACAGCAGAATTGAGGA,6
ACAGCAGACAACCACA,6
ACAGCAGAGACTAGTA,6
ACAGCAGACAATGGAA,6
ACAGCAGACACTTCGA,6
ACAGCAGACAGCGTTA,6
ACAGCAGACATACCAA,6
ACAGCAGACCAGTTCA,6
ACAGCAGACCGAAGTA,6
ACAGCAGACCGTGAGA,6
ACAGCAGACCTCCTGA,1
ACAGCAGACGAACTTA,6
ACAGCAGACGACTGGA,1
ACAGCAGACGCATACA,1
ACAGCAGACTCAATGA,1
ACAGCAGACTGAGCCA,1
ACAGCAGACTGGCATA,1
ACAGCAGAGAATCTGA,1
ACAGCAGACAAGACTA,1
ACAGCAGAGAGCTGAA,1
ACAGCAGAGATAGACA,1
ACAGCAGAGCCACATA,1
ACAGCAGAGCGAGTAA,1
ACAGCAGAGCTAACGA,1
ACAGCAGAGCTCGGTA,1
ACAGCAGAGGAGAACA,1
ACAGCAGAGGTGCGAA,2
ACAGCAGAGTACGCAA,1
ACAGCAGAGTCGTAGA,1
ACAGCAGAGTCTGTCA,1
ACAGCAGAGTGTTCTA,1
ACAGCAGATAGGATGA,1
ACAGCAGATATCAGCA,1
ACAGCAGATCCGTCTA,2
ACAGCAGATCTTCACA,2
ACAGCAGATGAAGAGA,2
ACAGCAGATGGAACAA,2
ACAGCAGATGGCTTCA,2
ACAGCAGATGGTGGTA,1
ACAGCAGATTCACGCA,1
ACAGCAGAAACTCACC,1
ACAGCAGACAGATCTG,5
ACAGCAGAAAGAGATC,8
ACAGCAGAAAGGACAC,8
ACAGCAGAAATCCGTC,8
ACAGCAGAAATGTTGC,8
ACAGCAGAACACGACC,8
ACAGCAGAACAGATTC,8
ACAGCAGAAGATGTAC,8
ACAGCAGAAGCACCTC,2
ACAGCAGAAGCCATGC,2
ACAGCAGAAGGCTAAC,2
ACAGCAGACATCAAGT,5
ACAGCAGAATAGCGAC,2
ACAGCAGAATCATTCC,2
ACAGCAGAATTGGCTC,2
ACAGCAGACAAGGAGC,2
ACAGCAGACACCTTAC,2
ACAGCAGACCATCCTC,2
ACAGCAGACCGACAAC,2
ACAGCAGACCTAATCC,2
ACAGCAGACCTCTATC,2
ACAGCAGACGACACAC,9
ACAGCAGACGCTGATC,5
ACAGCAGACGGATTGC,9
ACAGCAGACTAAGGTC,9
ACAGCAGAGAACAGGC,9
ACAGCAGAGACAGTGC,9
ACAGCAGAGAGTTAGC,9
ACAGCAGAGATGAATC,9
ACAGCAGAGCCAAGAC,9
ACAGCAGACGGAAGAA,9
ACAGCAGAGTGACAAG,9
ACAGCAGAGAACCAGA,9
ACACAGAAACAAGCTA,5
ACACAGAATTGCTGGA,9
ACACAGAACTGTAGCC,5
ACACAGAAAGTACAAG,5
ACACAGAAAACAACCA,6
ACACAGAAAACCGAGA,6
ACACAGAAAACGCTTA,6
ACACAGAAAAGACGGA,6
ACACAGAAAAGGTACA,6
ACACAGAAACACAGAA,6
ACACAGAAACAGCAGA,6
ACACAGAAACCTCCAA,6
ACACAGAAACGCTCGA,6
ACACAGAAACGTATCA,6
ACACAGAAACTATGCA,6
ACACAGAAAGAGTCAA,6
ACACAGAAAGATCGCA,6
ACACAGAAAGCAGGAA,6
ACACAGAAAGTCACTA,6
ACACAGAAATCCTGTA,6
ACACAGAAATTGAGGA,6
ACACAGAACAACCACA,6
ACACAGAAGACTAGTA,6
ACACAGAACAATGGAA,6
ACACAGAACACTTCGA,6
ACACAGAACAGCGTTA,6
ACACAGAACATACCAA,6
ACACAGAACCAGTTCA,6
ACACAGAACCGAAGTA,6
ACACAGAACCGTGAGA,6
ACACAGAACCTCCTGA,1
ACACAGAACGAACTTA,1
ACACAGAACGACTGGA,1
ACACAGAACGCATACA,1
ACACAGAACTCAATGA,1
ACACAGAACTGAGCCA,1
ACACAGAACTGGCATA,1
ACACAGAAGAATCTGA,1
ACACAGAACAAGACTA,1
ACACAGAAGAGCTGAA,1
ACACAGAAGATAGACA,1
ACACAGAAGCCACATA,1
ACACAGAAGCGAGTAA,1
ACACAGAAGCTAACGA,1
ACACAGAAGCTCGGTA,1
ACACAGAAGGAGAACA,1
ACACAGAAGGTGCGAA,1
ACACAGAAGTACGCAA,1
ACACAGAAGTCGTAGA,1
ACACAGAAGTCTGTCA,1
ACACAGAAGTGTTCTA,1
ACACAGAATAGGATGA,1
ACACAGAATATCAGCA,1
ACACAGAATCCGTCTA,1
ACACAGAATCTTCACA,1
ACACAGAATGAAGAGA,2
ACACAGAATGGAACAA,2
ACACAGAATGGCTTCA,2
ACACAGAATGGTGGTA,1
ACACAGAATTCACGCA,1
ACACAGAAAACTCACC,1
ACACAGAACAGATCTG,5
ACACAGAAAAGAGATC,8
ACACAGAAAAGGACAC,8
ACACAGAAAATCCGTC,8
ACACAGAAAATGTTGC,8
ACACAGAAACACGACC,8
ACACAGAAACAGATTC,8
ACACAGAAAGATGTAC,8
ACACAGAAAGCACCTC,2
ACACAGAAAGCCATGC,2
ACACAGAAAGGCTAAC,2
ACACAGAACATCAAGT,5
ACACAGAAATAGCGAC,2
ACACAGAAATCATTCC,2
ACACAGAAATTGGCTC,2
ACACAGAACAAGGAGC,2
ACACAGAACACCTTAC,2
ACACAGAACCATCCTC,2
ACACAGAACCGACAAC,2
ACACAGAACCTAATCC,2
ACACAGAACCTCTATC,2
ACACAGAACGACACAC,9
ACACAGAACGCTGATC,5
ACACAGAACGGATTGC,9
ACACAGAACTAAGGTC,9
ACACAGAAGAACAGGC,9
ACACAGAAGACAGTGC,9
ACACAGAAGAGTTAGC,9
ACACAGAAGATGAATC,9
ACACAGAAGCCAAGAC,9
ACACAGAACGGAAGAA,9
ACACAGAAGTGACAAG,9
ACACAGAAGAACCAGA,9
AAGGTACAACAAGCTA,5
AAGGTACATTGCTGGA,9
AAGGTACACTGTAGCC,5
AAGGTACAAGTACAAG,5
AAGGTACAAACAACCA,6
AAGGTACAAACCGAGA,6
AAGGTACAAACGCTTA,6
AAGGTACAAAGACGGA,6
AAGGTACAAAGGTACA,6
AAGGTACAACACAGAA,4
AAGGTACAACAGCAGA,4
AAGGTACAACCTCCAA,6
AAGGTACAACGCTCGA,6
AAGGTACAACGTATCA,6
AAGGTACAACTATGCA,6
AAGGTACAAGAGTCAA,6
AAGGTACAAGATCGCA,6
AAGGTACAAGCAGGAA,6
AAGGTACAAGTCACTA,6
AAGGTACAATCCTGTA,6
AAGGTACAATTGAGGA,6
AAGGTACACAACCACA,6
AAGGTACAGACTAGTA,6
AAGGTACACAATGGAA,6
AAGGTACACACTTCGA,6
AAGGTACACAGCGTTA,6
AAGGTACACATACCAA,6
AAGGTACACCAGTTCA,6
AAGGTACACCGAAGTA,6
AAGGTACACCGTGAGA,6
AAGGTACACCTCCTGA,1
AAGGTACACGAACTTA,1
AAGGTACACGACTGGA,1
AAGGTACACGCATACA,1
AAGGTACACTCAATGA,1
AAGGTACACTGAGCCA,1
AAGGTACACTGGCATA,1
AAGGTACAGAATCTGA,1
AAGGTACACAAGACTA,1
AAGGTACAGAGCTGAA,1
AAGGTACAGATAGACA,1
AAGGTACAGCCACATA,1
AAGGTACAGCGAGTAA,1
AAGGTACAGCTAACGA,1
AAGGTACAGCTCGGTA,1
AAGGTACAGGAGAACA,1
AAGGTACAGGTGCGAA,1
AAGGTACAGTACGCAA,1
AAGGTACAGTCGTAGA,1
AAGGTACAGTCTGTCA,1
AAGGTACAGTGTTCTA,1
AAGGTACATAGGATGA,1
AAGGTACATATCAGCA,1
AAGGTACATCCGTCTA,1
AAGGTACATCTTCACA,1
AAGGTACATGAAGAGA,1
AAGGTACATGGAACAA,2
AAGGTACATGGCTTCA,1
AAGGTACATGGTGGTA,1
AAGGTACATTCACGCA,1
AAGGTACAAACTCACC,1
AAGGTACAAAGAGATC,8
AAGGTACAAAGGACAC,8
AAGGTACAAATCCGTC,8
AAGGTACAAATGTTGC,8
AAGGTACAACACGACC,1
AAGGTACAACAGATTC,1
AAGGTACAAGATGTAC,2
AAGGTACAAGCACCTC,2
AAGGTACAAGCCATGC,2
AAGGTACAAGGCTAAC,2
AAGGTACACATCAAGT,5
AAGGTACAATAGCGAC,2
AAGGTACAATCATTCC,2
AAGGTACAATTGGCTC,2
AAGGTACACAAGGAGC,2
AAGGTACACACCTTAC,2
AAGGTACACCATCCTC,2
AAGGTACACCGACAAC,2
AAGGTACACCTAATCC,2
AAGGTACACCTCTATC,2
AAGGTACACGACACAC,9
AAGGTACACGCTGATC,5
AAGGTACACGGATTGC,9
AAGGTACACTAAGGTC,9
AAGGTACAGAACAGGC,9
AAGGTACAGACAGTGC,9
AAGGTACAGAGTTAGC,9
AAGGTACAGATGAATC,9
AAGGTACAGCCAAGAC,9
AAGGTACACGGAAGAA,9
AAGGTACAGTGACAAG,9
AAGGTACAGAACCAGA,9
AAGACGGAACAAGCTA,5
AAGACGGATTGCTGGA,9
AAGACGGACTGTAGCC,5
AAGACGGAAGTACAAG,5
AAGACGGAAACAACCA,6
AAGACGGAAACCGAGA,6
AAGACGGAAACGCTTA,6
AAGACGGAAAGACGGA,6
AAGACGGAAAGGTACA,4
AAGACGGAACACAGAA,4
AAGACGGAACAGCAGA,4
AAGACGGAACCTCCAA,6
AAGACGGAACGCTCGA,6
AAGACGGAACGTATCA,6
AAGACGGAACTATGCA,6
AAGACGGAAGAGTCAA,6
AAGACGGAAGATCGCA,6
AAGACGGAAGCAGGAA,6
AAGACGGAAGTCACTA,6
AAGACGGAATCCTGTA,6
AAGACGGAATTGAGGA,6
AAGACGGACAACCACA,6
AAGACGGAGACTAGTA,6
AAGACGGACAATGGAA,6
AAGACGGACACTTCGA,6
AAGACGGACAGCGTTA,6
AAGACGGACATACCAA,6
AAGACGGACCAGTTCA,6
AAGACGGACCGAAGTA,6
AAGACGGACCGTGAGA,6
AAGACGGACCTCCTGA,6
AAGACGGACGAACTTA,1
AAGACGGACGACTGGA,1
AAGACGGACGCATACA,1
AAGACGGACTCAATGA,1
AAGACGGACTGAGCCA,1
AAGACGGACTGGCATA,1
AAGACGGAGAATCTGA,1
AAGACGGACAAGACTA,1
AAGACGGAGAGCTGAA,1
AAGACGGAGATAGACA,1
AAGACGGAGCCACATA,1
AAGACGGAGCGAGTAA,1
AAGACGGAGCTAACGA,1
AAGACGGAGCTCGGTA,1
AAGACGGAGGAGAACA,1
AAGACGGAGGTGCGAA,1
AAGACGGAGTACGCAA,1
AAGACGGAGTCGTAGA,1
AAGACGGAGTCTGTCA,1
AAGACGGAGTGTTCTA,1
AAGACGGATAGGATGA,1
AAGACGGATATCAGCA,1
AAGACGGATCCGTCTA,1
AAGACGGATCTTCACA,1
AAGACGGATGAAGAGA,1
AAGACGGATGGAACAA,1
AAGACGGATGGCTTCA,1
AAGACGGATGGTGGTA,1
AAGACGGATTCACGCA,1
AAGACGGAAACTCACC,1
AAGACGGAAAGAGATC,1
AAGACGGAAAGGACAC,1
AAGACGGAAATCCGTC,1
AAGACGGAAATGTTGC,1
AAGACGGAACACGACC,2
AAGACGGAACAGATTC,2
AAGACGGAAGATGTAC,2
AAGACGGAAGCACCTC,2
AAGACGGAAGCCATGC,2
AAGACGGAAGGCTAAC,2
AAGACGGACATCAAGT,5
AAGACGGAATAGCGAC,2
AAGACGGAATCATTCC,2
AAGACGGAATTGGCTC,2
AAGACGGACAAGGAGC,2
AAGACGGACACCTTAC,2
AAGACGGACCATCCTC,2
AAGACGGACCGACAAC,2
AAGACGGACCTAATCC,2
AAGACGGACCTCTATC,2
AAGACGGACGACACAC,9
AAGACGGACGCTGATC,5
AAGACGGACGGATTGC,9
AAGACGGACTAAGGTC,9
AAGACGGAGAACAGGC,9
AAGACGGAGACAGTGC,9
AAGACGGAGAGTTAGC,9
AAGACGGAGATGAATC,9
AAGACGGAGCCAAGAC,9
AAGACGGACGGAAGAA,9
AAGACGGAGTGACAAG,9
AAGACGGAGAACCAGA,9
AACGCTTAACAAGCTA,5
AACGCTTATTGCTGGA,9
AACGCTTACTGTAGCC,5
AACGCTTAAGTACAAG,5
AACGCTTAAACAACCA,5
AACGCTTAAACCGAGA,6
AACGCTTAAACGCTTA,6
AACGCTTAAAGACGGA,6
AACGCTTAAAGGTACA,4
AACGCTTAACACAGAA,4
AACGCTTAACAGCAGA,4
AACGCTTAACCTCCAA,4
AACGCTTAACGCTCGA,6
AACGCTTAACGTATCA,6
AACGCTTAACTATGCA,6
AACGCTTAAGAGTCAA,6
AACGCTTAAGATCGCA,6
AACGCTTAAGCAGGAA,6
AACGCTTAAGTCACTA,6
AACGCTTAATCCTGTA,6
AACGCTTAATTGAGGA,6
AACGCTTACAACCACA,6
AACGCTTAGACTAGTA,6
AACGCTTACAATGGAA,6
AACGCTTACACTTCGA,6
AACGCTTACAGCGTTA,6
AACGCTTACATACCAA,6
AACGCTTACCAGTTCA,6
AACGCTTACCGAAGTA,6
AACGCTTACCGTGAGA,6
AACGCTTACCTCCTGA,6
AACGCTTACGAACTTA,6
AACGCTTACGACTGGA,1
AACGCTTACGCATACA,1
AACGCTTACTCAATGA,1
AACGCTTACTGAGCCA,1
AACGCTTACTGGCATA,1
AACGCTTAGAATCTGA,1
AACGCTTACAAGACTA,1
AACGCTTAGAGCTGAA,1
AACGCTTAGATAGACA,1
AACGCTTAGCCACATA,1
AACGCTTAGCGAGTAA,1
AACGCTTAGCTAACGA,1
AACGCTTAGCTCGGTA,1
AACGCTTAGGAGAACA,1
AACGCTTAGGTGCGAA,1
AACGCTTAGTACGCAA,1
AACGCTTAGTCGTAGA,1
AACGCTTAGTCTGTCA,1
AACGCTTAGTGTTCTA,1
AACGCTTATAGGATGA,1
AACGCTTATATCAGCA,1
AACGCTTATCCGTCTA,1
AACGCTTATCTTCACA,1
AACGCTTATGAAGAGA,1
AACGCTTATGGAACAA,1
AACGCTTATGGCTTCA,2
AACGCTTATGGTGGTA,1
AACGCTTATTCACGCA,2
AACGCTTAAACTCACC,1
AACGCTTAAAGAGATC,1
AACGCTTAAAGGACAC,1
AACGCTTAAATCCGTC,1
AACGCTTAAATGTTGC,2
AACGCTTAACACGACC,2
AACGCTTAACAGATTC,2
AACGCTTAAGATGTAC,2
AACGCTTAAGCACCTC,2
AACGCTTAAGCCATGC,2
AACGCTTAAGGCTAAC,2
AACGCTTAATAGCGAC,2
AACGCTTAATCATTCC,2
AACGCTTAATTGGCTC,2
AACGCTTACAAGGAGC,2
AACGCTTACACCTTAC,2
AACGCTTACCATCCTC,2
AACGCTTACCGACAAC,2
AACGCTTACCTAATCC,2
AACGCTTACCTCTATC,2
AACGCTTACGACACAC,9
AACGCTTACGCTGATC,5
AACGCTTACGGATTGC,9
AACGCTTACTAAGGTC,9
AACGCTTAGAACAGGC,9
AACGCTTAGACAGTGC,9
AACGCTTAGAGTTAGC,9
AACGCTTAGATGAATC,9
AACGCTTAGCCAAGAC,9
AACGCTTACGGAAGAA,9
AACGCTTAGTGACAAG,9
AACGCTTAGAACCAGA,9
AACCGAGAACAAGCTA,5
AACCGAGATTGCTGGA,9
AACCGAGACTGTAGCC,5
AACCGAGAAGTACAAG,5
AACCGAGAAACAACCA,5
AACCGAGAAACCGAGA,6
AACCGAGAAACGCTTA,6
AACCGAGAAAGACGGA,6
AACCGAGAAAGGTACA,6
AACCGAGAACACAGAA,6
AACCGAGAACAGCAGA,4
AACCGAGAACCTCCAA,6
AACCGAGAACGCTCGA,6
AACCGAGAACGTATCA,6
AACCGAGAACTATGCA,6
AACCGAGAAGAGTCAA,6
AACCGAGAAGATCGCA,6
AACCGAGAAGCAGGAA,6
AACCGAGAAGTCACTA,6
AACCGAGAATCCTGTA,6
AACCGAGAATTGAGGA,6
AACCGAGACAACCACA,6
AACCGAGAGACTAGTA,6
AACCGAGACAATGGAA,6
AACCGAGACACTTCGA,6
AACCGAGACAGCGTTA,6
AACCGAGACATACCAA,6
AACCGAGACCAGTTCA,6
AACCGAGACCGAAGTA,6
AACCGAGACCGTGAGA,6
AACCGAGACCTCCTGA,6
AACCGAGACGAACTTA,6
AACCGAGACGACTGGA,6
AACCGAGACGCATACA,1
AACCGAGACTCAATGA,1
AACCGAGACTGAGCCA,1
AACCGAGACTGGCATA,1
AACCGAGAGAATCTGA,1
AACCGAGACAAGACTA,1
AACCGAGAGAGCTGAA,1
AACCGAGAGATAGACA,1
AACCGAGAGCCACATA,1
AACCGAGAGCGAGTAA,1
AACCGAGAGCTAACGA,1
AACCGAGAGCTCGGTA,1
AACCGAGAGGAGAACA,1
AACCGAGAGGTGCGAA,1
AACCGAGAGTACGCAA,1
AACCGAGAGTCGTAGA,1
AACCGAGAGTCTGTCA,1
AACCGAGAGTGTTCTA,1
AACCGAGATAGGATGA,1
AACCGAGATATCAGCA,1
AACCGAGATCCGTCTA,1
AACCGAGATCTTCACA,1
AACCGAGATGAAGAGA,1
AACCGAGATGGAACAA,1
AACCGAGATGGCTTCA,1
AACCGAGATGGTGGTA,1
AACCGAGATTCACGCA,1
AACCGAGAAACTCACC,1
AACCGAGAAAGAGATC,1
AACCGAGAAAGGACAC,1
AACCGAGAAATCCGTC,1
AACCGAGAAATGTTGC,2
AACCGAGAACACGACC,2
AACCGAGAACAGATTC,2
AACCGAGAAGATGTAC,2
AACCGAGAAGCACCTC,2
AACCGAGAAGCCATGC,2
AACCGAGAAGGCTAAC,2
AACCGAGAATAGCGAC,2
AACCGAGAATCATTCC,2
AACCGAGAATTGGCTC,2
AACCGAGACAAGGAGC,2
AACCGAGACACCTTAC,2
AACCGAGACCATCCTC,2
AACCGAGACCGACAAC,2
AACCGAGACCTAATCC,2
AACCGAGACCTCTATC,2
AACCGAGACGACACAC,9
AACCGAGACGCTGATC,5
AACCGAGACGGATTGC,9
AACCGAGACTAAGGTC,9
AACCGAGAGAACAGGC,9
AACCGAGAGACAGTGC,9
AACCGAGAGAGTTAGC,9
AACCGAGAGATGAATC,9
AACCGAGAGCCAAGAC,9
AACCGAGACGGAAGAA,8
AACCGAGAGTGACAAG,9
AACCGAGAGAACCAGA,9
AACAACCAACAAGCTA,5
AACAACCATTGCTGGA,9
AACAACCACTGTAGCC,5
AACAACCAAGTACAAG,5
AACAACCAAACAACCA,5
AACAACCAAACCGAGA,5
AACAACCAAACGCTTA,6
AACAACCAAAGACGGA,6
AACAACCAAAGGTACA,6
AACAACCAACACAGAA,6
AACAACCAACAGCAGA,6
AACAACCAACCTCCAA,6
AACAACCAACGCTCGA,6
AACAACCAACGTATCA,6
AACAACCAACTATGCA,6
AACAACCAAGAGTCAA,6
AACAACCAAGATCGCA,6
AACAACCAAGCAGGAA,6
AACAACCAAGTCACTA,6
AACAACCAATCCTGTA,6
AACAACCAATTGAGGA,6
AACAACCACAACCACA,6
AACAACCAGACTAGTA,6
AACAACCACAATGGAA,6
AACAACCACACTTCGA,6
AACAACCACAGCGTTA,6
AACAACCACATACCAA,6
AACAACCACCAGTTCA,6
AACAACCACCGAAGTA,6
AACAACCACCGTGAGA,6
AACAACCACCTCCTGA,6
AACAACCACGAACTTA,6
AACAACCACGACTGGA,6
AACAACCACGCATACA,1
AACAACCACTCAATGA,1
AACAACCACTGAGCCA,1
AACAACCACTGGCATA,1
AACAACCAGAATCTGA,1
AACAACCACAAGACTA,1
AACAACCAGAGCTGAA,1
AACAACCAGATAGACA,1
AACAACCAGCCACATA,1
AACAACCAGCGAGTAA,1
AACAACCAGCTAACGA,1
AACAACCAGCTCGGTA,1
AACAACCAGGAGAACA,1
AACAACCAGGTGCGAA,1
AACAACCAGTACGCAA,1
AACAACCAGTCGTAGA,1
AACAACCAGTCTGTCA,1
AACAACCAGTGTTCTA,1
AACAACCATAGGATGA,1
AACAACCATATCAGCA,1
AACAACCATCCGTCTA,1
AACAACCATCTTCACA,1
AACAACCATGAAGAGA,1
AACAACCATGGAACAA,1
AACAACCATGGCTTCA,1
AACAACCATGGTGGTA,1
AACAACCATTCACGCA,2
AACAACCAAACTCACC,2
AACAACCAAAGAGATC,2
AACAACCAAAGGACAC,1
AACAACCAAATCCGTC,2
AACAACCAAATGTTGC,2
AACAACCAACACGACC,2
AACAACCAACAGATTC,2
AACAACCAAGATGTAC,2
AACAACCAAGCACCTC,2
AACAACCAAGCCATGC,2
AACAACCAAGGCTAAC,2
AACAACCAATAGCGAC,2
AACAACCAATCATTCC,2
AACAACCAATTGGCTC,2
AACAACCACAAGGAGC,2
AACAACCACACCTTAC,2
AACAACCACCATCCTC,2
AACAACCACCGACAAC,2
AACAACCACCTAATCC,2
AACAACCACCTCTATC,2
AACAACCACGACACAC,9
AACAACCACGGATTGC,9
AACAACCACTAAGGTC,9
AACAACCAGAACAGGC,9
AACAACCAGACAGTGC,9
AACAACCAGAGTTAGC,9
AACAACCAGATGAATC,9
AACAACCAGCCAAGAC,9
AACAACCACGGAAGAA,9
AACAACCAGTGACAAG,9
AACAACCAGAACCAGA,9
AGTACAAGTTGCTGGA,9
AGTACAAGCTGTAGCC,5
AGTACAAGAGTACAAG,5
AGTACAAGAACAACCA,5
AGTACAAGAACCGAGA,5
AGTACAAGAACGCTTA,6
AGTACAAGAAGACGGA,6
AGTACAAGAAGGTACA,6
AGTACAAGACACAGAA,6
AGTACAAGACAGCAGA,6
AGTACAAGACCTCCAA,6
AGTACAAGACGCTCGA,6
AGTACAAGACGTATCA,4
AGTACAAGACTATGCA,6
AGTACAAGAGAGTCAA,6
AGTACAAGAGATCGCA,6
AGTACAAGAGCAGGAA,6
AGTACAAGAGTCACTA,6
AGTACAAGATCCTGTA,6
AGTACAAGATTGAGGA,6
AGTACAAGCAACCACA,6
AGTACAAGGACTAGTA,6
AGTACAAGCAATGGAA,6
AGTACAAGCACTTCGA,6
AGTACAAGCAGCGTTA,6
AGTACAAGCATACCAA,6
AGTACAAGCCAGTTCA,6
AGTACAAGCCGAAGTA,6
AGTACAAGCCGTGAGA,6
AGTACAAGCCTCCTGA,6
AGTACAAGCGAACTTA,6
AGTACAAGCGACTGGA,6
AGTACAAGCGCATACA,6
AGTACAAGCTCAATGA,6
AGTACAAGCTGAGCCA,1
AGTACAAGCTGGCATA,1
AGTACAAGGAATCTGA,1
AGTACAAGCAAGACTA,1
AGTACAAGGAGCTGAA,1
AGTACAAGGATAGACA,1
AGTACAAGGCCACATA,1
AGTACAAGGCGAGTAA,1
AGTACAAGGCTAACGA,1
AGTACAAGGCTCGGTA,1
AGTACAAGGGAGAACA,1
AGTACAAGGGTGCGAA,1
AGTACAAGGTACGCAA,6
AGTACAAGGTCGTAGA,6
AGTACAAGGTCTGTCA,1
AGTACAAGGTGTTCTA,2
AGTACAAGTAGGATGA,1
AGTACAAGTATCAGCA,1
AGTACAAGTCCGTCTA,1
AGTACAAGTCTTCACA,1
AGTACAAGTGAAGAGA,1
AGTACAAGTGGAACAA,1
AGTACAAGTGGCTTCA,2
AGTACAAGTGGTGGTA,2
AGTACAAGTTCACGCA,2
AGTACAAGAACTCACC,1
AGTACAAGAAGAGATC,2
AGTACAAGAAGGACAC,2
AGTACAAGAATCCGTC,2
AGTACAAGAATGTTGC,2
AGTACAAGACACGACC,2
AGTACAAGACAGATTC,2
AGTACAAGAGATGTAC,2
AGTACAAGAGCACCTC,2
AGTACAAGAGCCATGC,2
AGTACAAGAGGCTAAC,2
AGTACAAGATAGCGAC,2
AGTACAAGATCATTCC,2
AGTACAAGATTGGCTC,2
AGTACAAGCAAGGAGC,2
AGTACAAGCACCTTAC,2
AGTACAAGCCATCCTC,2
AGTACAAGCCGACAAC,2
AGTACAAGCCTAATCC,2
AGTACAAGCCTCTATC,2
AGTACAAGCGACACAC,9
AGTACAAGCGGATTGC,9
AGTACAAGCTAAGGTC,9
AGTACAAGGAACAGGC,9
AGTACAAGGACAGTGC,9
AGTACAAGGAGTTAGC,9
AGTACAAGGATGAATC,9
AGTACAAGGCCAAGAC,9
AGTACAAGCGGAAGAA,9
AGTACAAGGTGACAAG,9
AGTACAAGGAACCAGA,9
GACAGTGCTTGCTGGA,6
GACAGTGCACGCTCGA,4
GACAGTGCACGTATCA,4
GACAGTGCACTATGCA,4
GACAGTGCAGAGTCAA,4
GACAGTGCAGATCGCA,4
GACAGTGCAGCAGGAA,4
GACAGTGCAGTCACTA,4
GACAGTGCATCCTGTA,4
GACAGTGCATTGAGGA,4
GACAGTGCCAACCACA,4
GACAGTGCGACTAGTA,4
GACAGTGCCAATGGAA,4
GACAGTGCCACTTCGA,4
GACAGTGCCAGCGTTA,4
GACAGTGCCATACCAA,4
GACAGTGCCCAGTTCA,4
GACAGTGCCCGAAGTA,4
GACAGTGCCCGTGAGA,4
GACAGTGCCCTCCTGA,3
GACAGTGCCGAACTTA,3
GACAGTGCCGACTGGA,3
GACAGTGCCGCATACA,3
GACAGTGCCTCAATGA,3
GACAGTGCCTGAGCCA,3
GACAGTGCCTGGCATA,3
GACAGTGCGAATCTGA,6
GACAGTGCCAAGACTA,6
GACAGTGCGAGCTGAA,6
GACAGTGCGATAGACA,6
GACAGTGCGCCACATA,6
GACAGTGCGCGAGTAA,6
GACAGTGCGCTAACGA,6
GACAGTGCGCTCGGTA,6
GACAGTGCGGAGAACA,6
GACAGTGCGGTGCGAA,6
GACAGTGCGTACGCAA,6
GACAGTGCGTCGTAGA,6
GACAGTGCGTCTGTCA,7
GACAGTGCGTGTTCTA,7
GACAGTGCTAGGATGA,7
GACAGTGCTATCAGCA,7
GACAGTGCTCCGTCTA,6
GACAGTGCTCTTCACA,6
GACAGTGCTGAAGAGA,7
GACAGTGCTGGAACAA,7
GACAGTGCTGGCTTCA,6
GACAGTGCTGGTGGTA,6
GACAGTGCTTCACGCA,6
GACAGTGCAACTCACC,6
GACAGTGCAAGAGATC,6
GACAGTGCAAGGACAC,7
GACAGTGCAATCCGTC,7
GACAGTGCAATGTTGC,7
GACAGTGCACACGACC,7
GACAGTGCACAGATTC,7
GACAGTGCAGATGTAC,7
GACAGTGCAGCACCTC,7
GACAGTGCAGCCATGC,7
GACAGTGCAGGCTAAC,7
GACAGTGCATAGCGAC,7
GACAGTGCATCATTCC,7
GACAGTGCATTGGCTC,7
GACAGTGCCAAGGAGC,6
GACAGTGCCACCTTAC,6
GACAGTGCCCATCCTC,6
GACAGTGCCCGACAAC,6
GACAGTGCCCTAATCC,6
GACAGTGCCCTCTATC,6
GACAGTGCCGACACAC,3
GACAGTGCCGGATTGC,3
GACAGTGCCTAAGGTC,4
GACAGTGCGAACAGGC,4
GACAGTGCGACAGTGC,4
GACAGTGCGAGTTAGC,6
GACAGTGCGATGAATC,5
GACAGTGCGCCAAGAC,5
GACAGTGCCGGAAGAA,5
GACAGTGCGTGACAAG,5
GACAGTGCGAACCAGA,5
CTGTAGCCTTGCTGGA,9
CTGTAGCCAGTACAAG,5
CTGTAGCCAACAACCA,5
CTGTAGCCAACCGAGA,5
CTGTAGCCAACGCTTA,6
CTGTAGCCAAGACGGA,6
CTGTAGCCAAGGTACA,6
CTGTAGCCACACAGAA,6
CTGTAGCCACAGCAGA,6
CTGTAGCCACCTCCAA,6
CTGTAGCCACGCTCGA,6
CTGTAGCCACGTATCA,6
CTGTAGCCACTATGCA,6
CTGTAGCCAGAGTCAA,6
CTGTAGCCAGATCGCA,6
CTGTAGCCAGCAGGAA,6
CTGTAGCCAGTCACTA,6
CTGTAGCCATCCTGTA,6
CTGTAGCCATTGAGGA,6
CTGTAGCCCAACCACA,6
CTGTAGCCGACTAGTA,6
CTGTAGCCCAATGGAA,6
CTGTAGCCCACTTCGA,6
CTGTAGCCCAGCGTTA,6
CTGTAGCCCATACCAA,6
CTGTAGCCCCAGTTCA,6
CTGTAGCCCCGAAGTA,6
CTGTAGCCCCGTGAGA,6
CTGTAGCCCCTCCTGA,6
CTGTAGCCCGAACTTA,6
CTGTAGCCCGACTGGA,6
CTGTAGCCCGCATACA,6
CTGTAGCCCTCAATGA,6
CTGTAGCCCTGAGCCA,6
CTGTAGCCCTGGCATA,1
CTGTAGCCGAATCTGA,1
CTGTAGCCCAAGACTA,1
CTGTAGCCGAGCTGAA,1
CTGTAGCCGATAGACA,1
CTGTAGCCGCCACATA,1
CTGTAGCCGCGAGTAA,1
CTGTAGCCGCTAACGA,1
CTGTAGCCGCTCGGTA,1
CTGTAGCCGGAGAACA,1
CTGTAGCCGGTGCGAA,1
CTGTAGCCGTACGCAA,1
CTGTAGCCGTCGTAGA,1
CTGTAGCCGTCTGTCA,1
CTGTAGCCGTGTTCTA,1
CTGTAGCCTAGGATGA,1
CTGTAGCCTATCAGCA,1
CTGTAGCCTCCGTCTA,1
CTGTAGCCTCTTCACA,1
CTGTAGCCTGAAGAGA,1
CTGTAGCCTGGAACAA,1
CTGTAGCCTGGCTTCA,1
CTGTAGCCTGGTGGTA,2
CTGTAGCCTTCACGCA,2
CTGTAGCCAACTCACC,2
CTGTAGCCAAGAGATC,2
CTGTAGCCAAGGACAC,2
CTGTAGCCAATCCGTC,2
CTGTAGCCAATGTTGC,2
CTGTAGCCACACGACC,2
CTGTAGCCACAGATTC,2
CTGTAGCCAGATGTAC,2
CTGTAGCCAGCACCTC,2
CTGTAGCCAGCCATGC,2
CTGTAGCCAGGCTAAC,2
CTGTAGCCATAGCGAC,2
CTGTAGCCATCATTCC,2
CTGTAGCCATTGGCTC,2
CTGTAGCCCAAGGAGC,2
CTGTAGCCCACCTTAC,2
CTGTAGCCCCATCCTC,2
CTGTAGCCCCGACAAC,2
CTGTAGCCCCTAATCC,2
CTGTAGCCCCTCTATC,9
CTGTAGCCCGACACAC,9
CTGTAGCCCGGATTGC,9
CTGTAGCCCTAAGGTC,9
CTGTAGCCGAACAGGC,9
CTGTAGCCGACAGTGC,9
CTGTAGCCGAGTTAGC,9
CTGTAGCCGATGAATC,9
CTGTAGCCGCCAAGAC,9
CTGTAGCCCGGAAGAA,9
CTGTAGCCGTGACAAG,9
CTGTAGCCGAACCAGA,9
ACAAGCTATTGCTGGA,9
ACAAGCTAAGTACAAG,5
ACAAGCTAAACAACCA,5
ACAAGCTAAACCGAGA,5
ACAAGCTAAACGCTTA,5
ACAAGCTAAAGACGGA,6
ACAAGCTAAAGGTACA,6
ACAAGCTAACACAGAA,6
ACAAGCTAACAGCAGA,6
ACAAGCTAACCTCCAA,6
ACAAGCTAACGCTCGA,6
ACAAGCTAACGTATCA,6
ACAAGCTAACTATGCA,6
ACAAGCTAAGAGTCAA,6
ACAAGCTAAGATCGCA,6
ACAAGCTAAGCAGGAA,6
ACAAGCTAAGTCACTA,6
ACAAGCTAATCCTGTA,6
ACAAGCTAATTGAGGA,6
ACAAGCTACAACCACA,6
ACAAGCTAGACTAGTA,6
ACAAGCTACAATGGAA,6
ACAAGCTACACTTCGA,6
ACAAGCTACAGCGTTA,6
ACAAGCTACATACCAA,6
ACAAGCTACCAGTTCA,6
ACAAGCTACCGAAGTA,6
ACAAGCTACCGTGAGA,6
ACAAGCTACCTCCTGA,6
ACAAGCTACGAACTTA,6
ACAAGCTACGACTGGA,6
ACAAGCTACGCATACA,6
ACAAGCTACTCAATGA,6
ACAAGCTACTGAGCCA,6
ACAAGCTACTGGCATA,2
ACAAGCTAGAATCTGA,2
ACAAGCTACAAGACTA,2
ACAAGCTAGAGCTGAA,1
ACAAGCTAGATAGACA,1
ACAAGCTAGCCACATA,1
ACAAGCTAGCGAGTAA,1
ACAAGCTAGCTAACGA,1
ACAAGCTAGCTCGGTA,1
ACAAGCTAGGAGAACA,1
ACAAGCTAGGTGCGAA,1
ACAAGCTAGTACGCAA,1
ACAAGCTAGTCGTAGA,1
ACAAGCTAGTCTGTCA,1
ACAAGCTAGTGTTCTA,1
ACAAGCTATAGGATGA,1
ACAAGCTATATCAGCA,1
ACAAGCTATCCGTCTA,1
ACAAGCTATCTTCACA,1
ACAAGCTATGAAGAGA,1
ACAAGCTATGGAACAA,1
ACAAGCTATGGCTTCA,1
ACAAGCTATGGTGGTA,2
ACAAGCTATTCACGCA,2
ACAAGCTAAACTCACC,2
ACAAGCTAAAGAGATC,2
ACAAGCTAAAGGACAC,2
ACAAGCTAAATCCGTC,2
ACAAGCTAAATGTTGC,2
ACAAGCTAACACGACC,2
ACAAGCTAACAGATTC,2
ACAAGCTAAGATGTAC,2
ACAAGCTAAGCACCTC,2
ACAAGCTAAGCCATGC,2
ACAAGCTAAGGCTAAC,2
ACAAGCTAATAGCGAC,2
ACAAGCTAATCATTCC,2
ACAAGCTAATTGGCTC,2
ACAAGCTACAAGGAGC,2
ACAAGCTACACCTTAC,2
ACAAGCTACCATCCTC,2
ACAAGCTACCGACAAC,2
ACAAGCTACCTAATCC,2
ACAAGCTACCTCTATC,2
ACAAGCTACGACACAC,2
ACAAGCTACGGATTGC,9
ACAAGCTACTAAGGTC,9
ACAAGCTAGAACAGGC,9
ACAAGCTAGACAGTGC,9
ACAAGCTAGAGTTAGC,9
ACAAGCTAGATGAATC,9
ACAAGCTAGCCAAGAC,9
ACAAGCTACGGAAGAA,9
ACAAGCTAGTGACAAG,9
ACAAGCTAGAACCAGA,9
CGCTGATCTTGCTGGA,9
CGCTGATCAGTACAAG,5
CGCTGATCAACAACCA,5
CGCTGATCAACCGAGA,5
CGCTGATCAACGCTTA,5
CGCTGATCAAGACGGA,6
CGCTGATCAAGGTACA,6
CGCTGATCACACAGAA,6
CGCTGATCACAGCAGA,6
CGCTGATCACCTCCAA,6
CGCTGATCACGCTCGA,6
CGCTGATCACGTATCA,6
CGCTGATCACTATGCA,6
CGCTGATCAGAGTCAA,6
CGCTGATCAGATCGCA,6
CGCTGATCAGCAGGAA,6
CGCTGATCAGTCACTA,6
CGCTGATCATCCTGTA,6
CGCTGATCATTGAGGA,6
CGCTGATCCAACCACA,6
CGCTGATCGACTAGTA,6
CGCTGATCCAATGGAA,6
CGCTGATCCACTTCGA,6
CGCTGATCCAGCGTTA,6
CGCTGATCCATACCAA,6
CGCTGATCCCAGTTCA,6
CGCTGATCCCGAAGTA,6
CGCTGATCCCGTGAGA,6
CGCTGATCCCTCCTGA,6
CGCTGATCCGAACTTA,6
CGCTGATCCGACTGGA,6
CGCTGATCCGCATACA,6
CGCTGATCCTCAATGA,6
CGCTGATCCTGAGCCA,6
CGCTGATCCTGGCATA,2
CGCTGATCGAATCTGA,2
CGCTGATCCAAGACTA,2
CGCTGATCGAGCTGAA,1
CGCTGATCGATAGACA,1
CGCTGATCGCCACATA,1
CGCTGATCGCGAGTAA,1
CGCTGATCGCTAACGA,1
CGCTGATCGCTCGGTA,1
CGCTGATCGGAGAACA,1
CGCTGATCGGTGCGAA,1
CGCTGATCGTACGCAA,1
CGCTGATCGTCGTAGA,1
CGCTGATCGTCTGTCA,1
CGCTGATCGTGTTCTA,1
CGCTGATCTAGGATGA,1
CGCTGATCTATCAGCA,1
CGCTGATCTCCGTCTA,1
CGCTGATCTCTTCACA,1
CGCTGATCTGAAGAGA,1
CGCTGATCTGGAACAA,1
CGCTGATCTGGCTTCA,1
CGCTGATCTGGTGGTA,2
CGCTGATCTTCACGCA,2
CGCTGATCAACTCACC,2
CGCTGATCAAGAGATC,2
CGCTGATCAAGGACAC,2
CGCTGATCAATCCGTC,2
CGCTGATCAATGTTGC,2
CGCTGATCACACGACC,2
CGCTGATCACAGATTC,2
CGCTGATCAGATGTAC,2
CGCTGATCAGCACCTC,2
CGCTGATCAGCCATGC,2
CGCTGATCAGGCTAAC,2
CGCTGATCATAGCGAC,2
CGCTGATCATCATTCC,2
CGCTGATCATTGGCTC,2
CGCTGATCCAAGGAGC,2
CGCTGATCCACCTTAC,2
CGCTGATCCCATCCTC,2
CGCTGATCCCGACAAC,9
CGCTGATCCCTAATCC,9
CGCTGATCCCTCTATC,9
CGCTGATCCGACACAC,9
CGCTGATCCGGATTGC,9
CGCTGATCCTAAGGTC,9
CGCTGATCGAACAGGC,9
CGCTGATCGACAGTGC,9
CGCTGATCGAGTTAGC,9
CGCTGATCGATGAATC,9
CGCTGATCGCCAAGAC,9
CGCTGATCCGGAAGAA,9
CGCTGATCGTGACAAG,9
CGCTGATCGAACCAGA,9
CATCAAGTTTGCTGGA,9
CATCAAGTAACAACCA,5
CATCAAGTAACCGAGA,5
CATCAAGTAACGCTTA,5
CATCAAGTAAGACGGA,6
CATCAAGTAAGGTACA,6
CATCAAGTACACAGAA,6
CATCAAGTACAGCAGA,6
CATCAAGTACCTCCAA,6
CATCAAGTACGCTCGA,6
CATCAAGTACGTATCA,6
CATCAAGTACTATGCA,6
CATCAAGTAGAGTCAA,6
CATCAAGTAGATCGCA,6
CATCAAGTAGCAGGAA,6
CATCAAGTAGTCACTA,6
CATCAAGTATCCTGTA,6
CATCAAGTATTGAGGA,6
CATCAAGTCAACCACA,6
CATCAAGTGACTAGTA,6
CATCAAGTCAATGGAA,6
CATCAAGTCACTTCGA,6
CATCAAGTCAGCGTTA,6
CATCAAGTCATACCAA,6
CATCAAGTCCAGTTCA,6
CATCAAGTCCGAAGTA,6
CATCAAGTCCGTGAGA,6
CATCAAGTCCTCCTGA,5
CATCAAGTCGAACTTA,6
CATCAAGTCGACTGGA,6
CATCAAGTCGCATACA,6
CATCAAGTCTCAATGA,6
CATCAAGTCTGAGCCA,6
CATCAAGTCTGGCATA,6
CATCAAGTGAATCTGA,2
CATCAAGTCAAGACTA,2
CATCAAGTGAGCTGAA,2
CATCAAGTGATAGACA,2
CATCAAGTGCCACATA,1
CATCAAGTGCGAGTAA,1
CATCAAGTGCTAACGA,1
CATCAAGTGCTCGGTA,1
CATCAAGTGGAGAACA,1
CATCAAGTGGTGCGAA,1
CATCAAGTGTACGCAA,1
CATCAAGTGTCGTAGA,1
CATCAAGTGTCTGTCA,1
CATCAAGTGTGTTCTA,1
CATCAAGTTAGGATGA,1
CATCAAGTTATCAGCA,1
CATCAAGTTCCGTCTA,1
CATCAAGTTCTTCACA,1
CATCAAGTTGAAGAGA,1
CATCAAGTTGGAACAA,1
CATCAAGTTGGCTTCA,2
CATCAAGTTGGTGGTA,2
CATCAAGTTTCACGCA,2
CATCAAGTAACTCACC,2
CATCAAGTAAGAGATC,2
CATCAAGTAAGGACAC,2
CATCAAGTAATCCGTC,2
CATCAAGTAATGTTGC,2
CATCAAGTACACGACC,2
CATCAAGTACAGATTC,2
CATCAAGTAGATGTAC,2
CATCAAGTAGCACCTC,2
CATCAAGTAGCCATGC,2
CATCAAGTAGGCTAAC,2
CATCAAGTATAGCGAC,2
CATCAAGTATCATTCC,2
CATCAAGTATTGGCTC,2
CATCAAGTCAAGGAGC,2
CATCAAGTCACCTTAC,2
CATCAAGTCCATCCTC,9
CATCAAGTCCGACAAC,9
CATCAAGTCCTAATCC,9
CATCAAGTCCTCTATC,9
CATCAAGTCGACACAC,9
CATCAAGTCGGATTGC,9
CATCAAGTCTAAGGTC,9
CATCAAGTGAACAGGC,9
CATCAAGTGACAGTGC,9
CATCAAGTGAGTTAGC,9
CATCAAGTGATGAATC,9
CATCAAGTGCCAAGAC,9
CATCAAGTCGGAAGAA,9
CATCAAGTGTGACAAG,9
CATCAAGTGAACCAGA,9
CAGATCTGTTGCTGGA,9
CAGATCTGAACAACCA,5
CAGATCTGAACCGAGA,5
CAGATCTGAACGCTTA,5
CAGATCTGAAGACGGA,5
CAGATCTGAAGGTACA,6
CAGATCTGACACAGAA,6
CAGATCTGACAGCAGA,6
CAGATCTGACCTCCAA,6
CAGATCTGACGCTCGA,6
CAGATCTGACGTATCA,6
CAGATCTGACTATGCA,6
CAGATCTGAGAGTCAA,6
CAGATCTGAGATCGCA,6
CAGATCTGAGCAGGAA,6
CAGATCTGAGTCACTA,6
CAGATCTGATCCTGTA,6
CAGATCTGATTGAGGA,6
CAGATCTGCAACCACA,4
CAGATCTGGACTAGTA,6
CAGATCTGCAATGGAA,6
CAGATCTGCACTTCGA,6
CAGATCTGCAGCGTTA,6
CAGATCTGCATACCAA,6
CAGATCTGCCAGTTCA,6
CAGATCTGCCGAAGTA,6
CAGATCTGCCGTGAGA,6
CAGATCTGCCTCCTGA,6
CAGATCTGCGAACTTA,6
CAGATCTGCGACTGGA,6
CAGATCTGCGCATACA,6
CAGATCTGCTCAATGA,6
CAGATCTGCTGAGCCA,6
CAGATCTGCTGGCATA,6
CAGATCTGGAATCTGA,6
CAGATCTGCAAGACTA,6
CAGATCTGGAGCTGAA,2
CAGATCTGGATAGACA,1
CAGATCTGGCCACATA,1
CAGATCTGGCGAGTAA,1
CAGATCTGGCTAACGA,1
CAGATCTGGCTCGGTA,1
CAGATCTGGGAGAACA,1
CAGATCTGGGTGCGAA,1
CAGATCTGGTACGCAA,1
CAGATCTGGTCGTAGA,1
CAGATCTGGTCTGTCA,1
CAGATCTGGTGTTCTA,1
CAGATCTGTAGGATGA,1
CAGATCTGTATCAGCA,1
CAGATCTGTCCGTCTA,1
CAGATCTGTCTTCACA,1
CAGATCTGTGAAGAGA,6
CAGATCTGTGGAACAA,1
CAGATCTGTGGCTTCA,2
CAGATCTGTGGTGGTA,2
CAGATCTGTTCACGCA,2
CAGATCTGAACTCACC,2
CAGATCTGAAGAGATC,2
CAGATCTGAAGGACAC,2
CAGATCTGAATCCGTC,2
CAGATCTGAATGTTGC,2
CAGATCTGACACGACC,2
CAGATCTGACAGATTC,2
CAGATCTGAGATGTAC,2
CAGATCTGAGCACCTC,2
CAGATCTGAGCCATGC,2
CAGATCTGAGGCTAAC,2
CAGATCTGATAGCGAC,2
CAGATCTGATCATTCC,2
CAGATCTGATTGGCTC,2
CAGATCTGCAAGGAGC,2
CAGATCTGCACCTTAC,2
CAGATCTGCCATCCTC,2
CAGATCTGCCGACAAC,9
CAGATCTGCCTAATCC,9
CAGATCTGCCTCTATC,9
CAGATCTGCGACACAC,9
CAGATCTGCGGATTGC,9
CAGATCTGCTAAGGTC,9
CAGATCTGGAACAGGC,9
CAGATCTGGACAGTGC,9
CAGATCTGGAGTTAGC,9
CAGATCTGGATGAATC,9
CAGATCTGGCCAAGAC,9
CAGATCTGCGGAAGAA,9
CAGATCTGGTGACAAG,9
CAGATCTGGAACCAGA,9
ACATTGGCTTGCTGGA,9
ACATTGGCAACAACCA,5
ACATTGGCAACCGAGA,5
ACATTGGCAACGCTTA,5
ACATTGGCAAGACGGA,5
ACATTGGCAAGGTACA,5
ACATTGGCACACAGAA,6
ACATTGGCACAGCAGA,6
ACATTGGCACCTCCAA,6
ACATTGGCACGCTCGA,6
ACATTGGCACGTATCA,6
ACATTGGCACTATGCA,6
ACATTGGCAGAGTCAA,6
ACATTGGCAGATCGCA,6
ACATTGGCAGCAGGAA,6
ACATTGGCAGTCACTA,6
ACATTGGCATCCTGTA,6
ACATTGGCATTGAGGA,4
ACATTGGCCAACCACA,4
ACATTGGCGACTAGTA,6
ACATTGGCCAATGGAA,6
ACATTGGCCACTTCGA,6
ACATTGGCCAGCGTTA,6
ACATTGGCCATACCAA,6
ACATTGGCCCAGTTCA,6
ACATTGGCCCGAAGTA,6
ACATTGGCCCGTGAGA,6
ACATTGGCCCTCCTGA,6
ACATTGGCCGAACTTA,6
ACATTGGCCGACTGGA,6
ACATTGGCCGCATACA,6
ACATTGGCCTCAATGA,6
ACATTGGCCTGAGCCA,6
ACATTGGCCTGGCATA,6
ACATTGGCGAATCTGA,6
ACATTGGCCAAGACTA,6
ACATTGGCGAGCTGAA,2
ACATTGGCGATAGACA,2
ACATTGGCGCCACATA,1
ACATTGGCGCGAGTAA,1
ACATTGGCGCTAACGA,1
ACATTGGCGCTCGGTA,1
ACATTGGCGGAGAACA,1
ACATTGGCGGTGCGAA,1
ACATTGGCGTACGCAA,1
ACATTGGCGTCGTAGA,1
ACATTGGCGTCTGTCA,1
ACATTGGCGTGTTCTA,1
ACATTGGCTAGGATGA,1
ACATTGGCTATCAGCA,1
ACATTGGCTCCGTCTA,1
ACATTGGCTCTTCACA,1
ACATTGGCTGAAGAGA,6
ACATTGGCTGGAACAA,6
ACATTGGCTGGCTTCA,2
ACATTGGCTGGTGGTA,2
ACATTGGCTTCACGCA,2
ACATTGGCAACTCACC,2
ACATTGGCAAGAGATC,2
ACATTGGCAAGGACAC,2
ACATTGGCAATCCGTC,2
ACATTGGCAATGTTGC,2
ACATTGGCACACGACC,2
ACATTGGCACAGATTC,2
ACATTGGCAGATGTAC,2
ACATTGGCAGCACCTC,2
ACATTGGCAGCCATGC,2
ACATTGGCAGGCTAAC,2
ACATTGGCATAGCGAC,2
ACATTGGCATCATTCC,2
ACATTGGCATTGGCTC,2
ACATTGGCCAAGGAGC,2
ACATTGGCCACCTTAC,2
ACATTGGCCCATCCTC,2
ACATTGGCCCGACAAC,9
ACATTGGCCCTAATCC,9
ACATTGGCCCTCTATC,9
ACATTGGCCGACACAC,9
ACATTGGCCGGATTGC,9
ACATTGGCCTAAGGTC,9
ACATTGGCGAACAGGC,9
ACATTGGCGACAGTGC,9
ACATTGGCGAGTTAGC,9
ACATTGGCGATGAATC,9
ACATTGGCGCCAAGAC,9
ACATTGGCCGGAAGAA,9
ACATTGGCGTGACAAG,9
ACATTGGCGAACCAGA,9
ACCACTGTTTGCTGGA,9
ACCACTGTAACAACCA,5
ACCACTGTAACCGAGA,5
ACCACTGTAACGCTTA,5
ACCACTGTAAGACGGA,5
ACCACTGTAAGGTACA,5
ACCACTGTACACAGAA,5
ACCACTGTACAGCAGA,6
ACCACTGTACCTCCAA,6
ACCACTGTACGCTCGA,6
ACCACTGTACGTATCA,6
ACCACTGTACTATGCA,6
ACCACTGTAGAGTCAA,6
ACCACTGTAGATCGCA,6
ACCACTGTAGCAGGAA,6
ACCACTGTAGTCACTA,6
ACCACTGTATCCTGTA,6
ACCACTGTATTGAGGA,6
ACCACTGTCAACCACA,4
ACCACTGTGACTAGTA,6
ACCACTGTCAATGGAA,6
ACCACTGTCACTTCGA,6
ACCACTGTCAGCGTTA,6
ACCACTGTCATACCAA,6
ACCACTGTCCAGTTCA,6
ACCACTGTCCGAAGTA,6
ACCACTGTCCGTGAGA,6
ACCACTGTCCTCCTGA,6
ACCACTGTCGAACTTA,6
ACCACTGTCGACTGGA,6
ACCACTGTCGCATACA,6
ACCACTGTCTCAATGA,6
ACCACTGTCTGAGCCA,6
ACCACTGTCTGGCATA,6
ACCACTGTGAATCTGA,6
ACCACTGTCAAGACTA,6
ACCACTGTGAGCTGAA,6
ACCACTGTGATAGACA,2
ACCACTGTGCCACATA,2
ACCACTGTGCGAGTAA,2
ACCACTGTGCTAACGA,1
ACCACTGTGCTCGGTA,1
ACCACTGTGGAGAACA,1
ACCACTGTGGTGCGAA,1
ACCACTGTGTACGCAA,1
ACCACTGTGTCGTAGA,1
ACCACTGTGTCTGTCA,1
ACCACTGTGTGTTCTA,1
ACCACTGTTAGGATGA,1
ACCACTGTTATCAGCA,1
ACCACTGTTCCGTCTA,1
ACCACTGTTCTTCACA,1
ACCACTGTTGAAGAGA,1
ACCACTGTTGGAACAA,2
ACCACTGTTGGCTTCA,2
ACCACTGTTGGTGGTA,2
ACCACTGTTTCACGCA,2
ACCACTGTAACTCACC,2
ACCACTGTAAGAGATC,2
ACCACTGTAAGGACAC,2
ACCACTGTAATCCGTC,2
ACCACTGTAATGTTGC,2
ACCACTGTACACGACC,2
ACCACTGTACAGATTC,2
ACCACTGTAGATGTAC,2
ACCACTGTAGCACCTC,2
ACCACTGTAGCCATGC,2
ACCACTGTAGGCTAAC,2
ACCACTGTATAGCGAC,2
ACCACTGTATCATTCC,2
ACCACTGTATTGGCTC,2
ACCACTGTCAAGGAGC,2
ACCACTGTCACCTTAC,2
ACCACTGTCCATCCTC,9
ACCACTGTCCGACAAC,9
ACCACTGTCCTAATCC,9
ACCACTGTCCTCTATC,9
ACCACTGTCGACACAC,9
ACCACTGTCGGATTGC,9
ACCACTGTCTAAGGTC,9
ACCACTGTGAACAGGC,9
ACCACTGTGACAGTGC,9
ACCACTGTGAGTTAGC,6
ACCACTGTGATGAATC,9
ACCACTGTGCCAAGAC,9
ACCACTGTCGGAAGAA,9
ACCACTGTGTGACAAG,9
ACCACTGTGAACCAGA,9
AGTGGTCATTGCTGGA,9
AGTGGTCAAACCGAGA,5
AGTGGTCAAACGCTTA,5
AGTGGTCAAAGACGGA,5
AGTGGTCAAAGGTACA,5
AGTGGTCAACACAGAA,5
AGTGGTCAACAGCAGA,5
AGTGGTCAACCTCCAA,5
AGTGGTCAACGCTCGA,5
AGTGGTCAACGTATCA,6
AGTGGTCAACTATGCA,6
AGTGGTCAAGAGTCAA,6
AGTGGTCAAGATCGCA,6
AGTGGTCAAGCAGGAA,6
AGTGGTCAAGTCACTA,6
AGTGGTCAATCCTGTA,6
AGTGGTCAATTGAGGA,6
AGTGGTCACAACCACA,6
AGTGGTCAGACTAGTA,6
AGTGGTCACAATGGAA,6
AGTGGTCACACTTCGA,6
AGTGGTCACAGCGTTA,6
AGTGGTCACATACCAA,6
AGTGGTCACCAGTTCA,6
AGTGGTCACCGAAGTA,6
AGTGGTCACCGTGAGA,6
AGTGGTCACCTCCTGA,6
AGTGGTCACGAACTTA,6
AGTGGTCACGACTGGA,6
AGTGGTCACGCATACA,6
AGTGGTCACTCAATGA,9
AGTGGTCACTGAGCCA,6
AGTGGTCACTGGCATA,6
AGTGGTCAGAATCTGA,6
AGTGGTCACAAGACTA,6
AGTGGTCAGAGCTGAA,6
AGTGGTCAGATAGACA,2
AGTGGTCAGCCACATA,2
AGTGGTCAGCGAGTAA,2
AGTGGTCAGCTAACGA,2
AGTGGTCAGCTCGGTA,2
AGTGGTCAGGAGAACA,1
AGTGGTCAGGTGCGAA,1
AGTGGTCAGTACGCAA,1
AGTGGTCAGTCGTAGA,1
AGTGGTCAGTCTGTCA,1
AGTGGTCAGTGTTCTA,1
AGTGGTCATAGGATGA,1
AGTGGTCATATCAGCA,1
AGTGGTCATCCGTCTA,1
AGTGGTCATCTTCACA,1
AGTGGTCATGAAGAGA,2
AGTGGTCATGGAACAA,2
AGTGGTCATGGCTTCA,2
AGTGGTCATGGTGGTA,2
AGTGGTCATTCACGCA,2
AGTGGTCAAACTCACC,2
AGTGGTCAAAGAGATC,2
AGTGGTCAAAGGACAC,2
AGTGGTCAAATCCGTC,2
AGTGGTCAAATGTTGC,2
AGTGGTCAACACGACC,2
AGTGGTCAACAGATTC,2
AGTGGTCAAGATGTAC,2
AGTGGTCAAGCACCTC,2
AGTGGTCAAGCCATGC,2
AGTGGTCAAGGCTAAC,2
AGTGGTCAATAGCGAC,2
AGTGGTCAATCATTCC,2
AGTGGTCAATTGGCTC,2
AGTGGTCACAAGGAGC,2
AGTGGTCACACCTTAC,2
AGTGGTCACCATCCTC,9
AGTGGTCACCGACAAC,9
AGTGGTCACCTAATCC,9
AGTGGTCACCTCTATC,9
AGTGGTCACGACACAC,9
AGTGGTCACGGATTGC,9
AGTGGTCACTAAGGTC,9
AGTGGTCAGAACAGGC,9
AGTGGTCAGACAGTGC,9
AGTGGTCAGAGTTAGC,6
AGTGGTCAGATGAATC,6
AGTGGTCAGCCAAGAC,6
AGTGGTCACGGAAGAA,9
AGTGGTCAGTGACAAG,9
AGTGGTCAGAACCAGA,9
ATGCCTAATTGCTGGA,9
ATGCCTAAAAGGTACA,5
ATGCCTAAACACAGAA,5
ATGCCTAAACAGCAGA,5
ATGCCTAAACCTCCAA,5
ATGCCTAAACGCTCGA,5
ATGCCTAAACGTATCA,5
ATGCCTAAACTATGCA,6
ATGCCTAAAGAGTCAA,6
ATGCCTAAAGATCGCA,6
ATGCCTAAAGCAGGAA,6
ATGCCTAAAGTCACTA,6
ATGCCTAAATCCTGTA,6
ATGCCTAAATTGAGGA,6
ATGCCTAACAACCACA,6
ATGCCTAAGACTAGTA,6
ATGCCTAACAATGGAA,6
ATGCCTAACACTTCGA,6
ATGCCTAACAGCGTTA,6
ATGCCTAACATACCAA,6
ATGCCTAACCAGTTCA,6
ATGCCTAACCGAAGTA,6
ATGCCTAACCGTGAGA,6
ATGCCTAACCTCCTGA,6
ATGCCTAACGAACTTA,6
ATGCCTAACGACTGGA,6
ATGCCTAACGCATACA,6
ATGCCTAACTCAATGA,9
ATGCCTAACTGAGCCA,6
ATGCCTAACTGGCATA,6
ATGCCTAAGAATCTGA,6
ATGCCTAACAAGACTA,6
ATGCCTAAGAGCTGAA,6
ATGCCTAAGATAGACA,2
ATGCCTAAGCCACATA,2
ATGCCTAAGCGAGTAA,2
ATGCCTAAGCTAACGA,2
ATGCCTAAGCTCGGTA,2
ATGCCTAAGGAGAACA,1
ATGCCTAAGGTGCGAA,1
ATGCCTAAGTACGCAA,1
ATGCCTAAGTCGTAGA,1
ATGCCTAAGTCTGTCA,1
ATGCCTAAGTGTTCTA,1
ATGCCTAATAGGATGA,1
ATGCCTAATATCAGCA,1
ATGCCTAATCCGTCTA,1
ATGCCTAATCTTCACA,1
ATGCCTAATGAAGAGA,2
ATGCCTAATGGAACAA,2
ATGCCTAATGGCTTCA,2
ATGCCTAATGGTGGTA,2
ATGCCTAATTCACGCA,2
ATGCCTAAAACTCACC,2
ATGCCTAAAAGAGATC,2
ATGCCTAAAAGGACAC,2
ATGCCTAAAATCCGTC,2
ATGCCTAAAATGTTGC,2
ATGCCTAAACACGACC,2
ATGCCTAAACAGATTC,2
ATGCCTAAAGATGTAC,2
ATGCCTAAAGCACCTC,2
ATGCCTAAAGCCATGC,2
ATGCCTAAAGGCTAAC,2
ATGCCTAAATAGCGAC,2
ATGCCTAAATCATTCC,2
ATGCCTAAATTGGCTC,2
ATGCCTAACAAGGAGC,2
ATGCCTAACACCTTAC,9
ATGCCTAACCATCCTC,9
ATGCCTAACCGACAAC,9
ATGCCTAACCTAATCC,9
ATGCCTAACCTCTATC,9
ATGCCTAACGACACAC,9
ATGCCTAACGGATTGC,9
ATGCCTAACTAAGGTC,9
ATGCCTAAGAACAGGC,9
ATGCCTAAGACAGTGC,6
ATGCCTAAGAGTTAGC,6
ATGCCTAAGATGAATC,6
ATGCCTAAGCCAAGAC,9
ATGCCTAACGGAAGAA,9
ATGCCTAAGTGACAAG,9
ATGCCTAAGAACCAGA,9
AAACATCGTTGCTGGA,9
AAACATCGACACAGAA,5
AAACATCGACAGCAGA,5
AAACATCGACCTCCAA,5
AAACATCGACGCTCGA,5
AAACATCGACGTATCA,5
AAACATCGACTATGCA,6
AAACATCGAGAGTCAA,6
AAACATCGAGATCGCA,6
AAACATCGAGCAGGAA,6
AAACATCGAGTCACTA,6
AAACATCGATCCTGTA,6
AAACATCGATTGAGGA,6
AAACATCGCAACCACA,6
AAACATCGGACTAGTA,6
AAACATCGCAATGGAA,6
AAACATCGCACTTCGA,6
AAACATCGCAGCGTTA,6
AAACATCGCATACCAA,6
AAACATCGCCAGTTCA,6
AAACATCGCCGAAGTA,6
AAACATCGCCGTGAGA,6
AAACATCGCCTCCTGA,6
AAACATCGCGAACTTA,6
AAACATCGCGACTGGA,6
AAACATCGCGCATACA,6
AAACATCGCTCAATGA,9
AAACATCGCTGAGCCA,6
AAACATCGCTGGCATA,6
AAACATCGGAATCTGA,6
AAACATCGCAAGACTA,6
AAACATCGGAGCTGAA,6
AAACATCGGATAGACA,2
AAACATCGGCCACATA,2
AAACATCGGCGAGTAA,2
AAACATCGGCTAACGA,2
AAACATCGGCTCGGTA,2
AAACATCGGGAGAACA,1
AAACATCGGGTGCGAA,1
AAACATCGGTACGCAA,1
AAACATCGGTCGTAGA,1
AAACATCGGTCTGTCA,1
AAACATCGGTGTTCTA,1
AAACATCGTAGGATGA,1
AAACATCGTATCAGCA,1
AAACATCGTCCGTCTA,1
AAACATCGTCTTCACA,1
AAACATCGTGAAGAGA,2
AAACATCGTGGAACAA,2
AAACATCGTGGCTTCA,2
AAACATCGTGGTGGTA,2
AAACATCGTTCACGCA,2
AAACATCGAACTCACC,2
AAACATCGAAGAGATC,2
AAACATCGAAGGACAC,2
AAACATCGAATCCGTC,2
AAACATCGAATGTTGC,2
AAACATCGACACGACC,2
AAACATCGACAGATTC,2
AAACATCGAGATGTAC,2
AAACATCGAGCACCTC,2
AAACATCGAGCCATGC,2
AAACATCGAGGCTAAC,2
AAACATCGATAGCGAC,2
AAACATCGATCATTCC,2
AAACATCGATTGGCTC,2
AAACATCGCAAGGAGC,2
AAACATCGCACCTTAC,9
AAACATCGCCATCCTC,9
AAACATCGCCGACAAC,9
AAACATCGCCTAATCC,9
AAACATCGCCTCTATC,9
AAACATCGCGACACAC,9
AAACATCGCGGATTGC,9
AAACATCGCTAAGGTC,9
AAACATCGGAACAGGC,9
AAACATCGGACAGTGC,9
AAACATCGGAGTTAGC,6
AAACATCGGATGAATC,6
AAACATCGGCCAAGAC,6
AAACATCGCGGAAGAA,9
AAACATCGGTGACAAG,9
AAACATCGGAACCAGA,9
GAACAGGCTTGCTGGA,5
GAACAGGCACAGCAGA,4
GAACAGGCACCTCCAA,4
GAACAGGCACGCTCGA,4
GAACAGGCACGTATCA,4
GAACAGGCACTATGCA,4
GAACAGGCAGAGTCAA,4
GAACAGGCAGATCGCA,4
GAACAGGCAGCAGGAA,4
GAACAGGCAGTCACTA,4
GAACAGGCATCCTGTA,4
GAACAGGCATTGAGGA,4
GAACAGGCCAACCACA,4
GAACAGGCGACTAGTA,4
GAACAGGCCAATGGAA,4
GAACAGGCCACTTCGA,4
GAACAGGCCAGCGTTA,4
GAACAGGCCATACCAA,4
GAACAGGCCCAGTTCA,4
GAACAGGCCCGAAGTA,3
GAACAGGCCCGTGAGA,3
GAACAGGCCCTCCTGA,3
GAACAGGCCGAACTTA,3
GAACAGGCCGACTGGA,3
GAACAGGCCGCATACA,3
GAACAGGCCTCAATGA,3
GAACAGGCCTGAGCCA,3
GAACAGGCCTGGCATA,3
GAACAGGCGAATCTGA,6
GAACAGGCCAAGACTA,6
GAACAGGCGAGCTGAA,6
GAACAGGCGATAGACA,6
GAACAGGCGCCACATA,6
GAACAGGCGCGAGTAA,6
GAACAGGCGCTAACGA,6
GAACAGGCGCTCGGTA,6
GAACAGGCGGAGAACA,6
GAACAGGCGGTGCGAA,6
GAACAGGCGTACGCAA,6
GAACAGGCGTCGTAGA,6
GAACAGGCGTCTGTCA,6
GAACAGGCGTGTTCTA,7
GAACAGGCTAGGATGA,7
GAACAGGCTATCAGCA,7
GAACAGGCTCCGTCTA,7
GAACAGGCTCTTCACA,7
GAACAGGCTGAAGAGA,7
GAACAGGCTGGAACAA,6
GAACAGGCTGGCTTCA,6
GAACAGGCTGGTGGTA,6
GAACAGGCTTCACGCA,6
GAACAGGCAACTCACC,7
GAACAGGCAAGAGATC,7
GAACAGGCAAGGACAC,7
GAACAGGCAATCCGTC,7
GAACAGGCAATGTTGC,7
GAACAGGCACACGACC,7
GAACAGGCACAGATTC,7
GAACAGGCAGATGTAC,7
GAACAGGCAGCACCTC,7
GAACAGGCAGCCATGC,7
GAACAGGCAGGCTAAC,7
GAACAGGCATAGCGAC,7
GAACAGGCATCATTCC,7
GAACAGGCATTGGCTC,7
GAACAGGCCAAGGAGC,6
GAACAGGCCACCTTAC,6
GAACAGGCCCATCCTC,6
GAACAGGCCCGACAAC,6
GAACAGGCCCTAATCC,6
GAACAGGCCCTCTATC,6
GAACAGGCCGACACAC,3
GAACAGGCCGGATTGC,3
GAACAGGCCTAAGGTC,4
GAACAGGCGAACAGGC,4
GAACAGGCGACAGTGC,4
GAACAGGCGAGTTAGC,6
GAACAGGCGATGAATC,5
GAACAGGCGCCAAGAC,5
GAACAGGCCGGAAGAA,5
GAACAGGCGTGACAAG,5
GAACAGGCGAACCAGA,5
