arm,basin_id,candidate_id,candidate_index,candidate_sha256,evidence_score,graph0_agreement,graph0_excess,graph1_agreement,graph1_excess,graph2_agreement,graph2_excess,microcluster_score,min_cluster_size,molecular_joint,molecular_rank,path_id,path_index,path_lambda,persistence,persistence_rank,retained_ch,retained_explained,retained_min_centroid_distance,retained_within_per_observation,risk_rank,selected,size_entropy,start_id,topology_joint,topology_rank,view1_ch,view1_explained,view1_min_centroid_distance,view1_within_per_observation,view2_ch,view2_explained,view2_min_centroid_distance,view2_within_per_observation,structural_exact_k,structural_empty_cluster_count,structural_min_cluster_size,structural_cluster_sizes,per_scale_min_internal_edges,per_scale_min_internal_weight,per_scale_min_supported_node_fraction,smallest_scale_degree_threshold,smallest_scale_min_internal_edges,any_scale_each_cluster_has_internal_edge,feasible_UNCONSTRAINED,feasible_NO_SINGLETON,feasible_ANY_SCALE_INTERNAL_EDGE,feasible_SMALLEST_SCALE_INTERNAL_EDGE,feasible_DEGREE_DERIVED_INTERNAL_EDGE,LEARNED_S0_explained,LEARNED_S0_ch,LEARNED_S0_within_per_observation,LEARNED_S0_min_centroid_distance,LEARNED_S0_margin_min,LEARNED_S0_margin_q10,LEARNED_S0_margin_mean,LEARNED_S0_relation_alignment_loo,LEARNED_S0_relation_alignment_full,LEARNED_S0_relation_self_removed,LEARNED_S0_relation_candidate_weight,LEARNED_S0_evidence,LEARNED_S1_explained,LEARNED_S1_ch,LEARNED_S1_within_per_observation,LEARNED_S1_min_centroid_distance,LEARNED_S1_margin_min,LEARNED_S1_margin_q10,LEARNED_S1_margin_mean,LEARNED_S1_relation_alignment_loo,LEARNED_S1_relation_alignment_full,LEARNED_S1_relation_self_removed,LEARNED_S1_relation_candidate_weight,LEARNED_S1_evidence,LEARNED_S2_explained,LEARNED_S2_ch,LEARNED_S2_within_per_observation,LEARNED_S2_min_centroid_distance,LEARNED_S2_margin_min,LEARNED_S2_margin_q10,LEARNED_S2_margin_mean,LEARNED_S2_relation_alignment_loo,LEARNED_S2_relation_alignment_full,LEARNED_S2_relation_self_removed,LEARNED_S2_relation_candidate_weight,LEARNED_S2_evidence,LEARNED_evidence,LEARNED_uncertainty,LEARNED_uncertainty_rank,ZERO_S0_explained,ZERO_S0_ch,ZERO_S0_within_per_observation,ZERO_S0_min_centroid_distance,ZERO_S0_margin_min,ZERO_S0_margin_q10,ZERO_S0_margin_mean,ZERO_S0_relation_alignment_loo,ZERO_S0_relation_alignment_full,ZERO_S0_relation_self_removed,ZERO_S0_relation_candidate_weight,ZERO_S0_evidence,ZERO_S1_explained,ZERO_S1_ch,ZERO_S1_within_per_observation,ZERO_S1_min_centroid_distance,ZERO_S1_margin_min,ZERO_S1_margin_q10,ZERO_S1_margin_mean,ZERO_S1_relation_alignment_loo,ZERO_S1_relation_alignment_full,ZERO_S1_relation_self_removed,ZERO_S1_relation_candidate_weight,ZERO_S1_evidence,ZERO_S2_explained,ZERO_S2_ch,ZERO_S2_within_per_observation,ZERO_S2_min_centroid_distance,ZERO_S2_margin_min,ZERO_S2_margin_q10,ZERO_S2_margin_mean,ZERO_S2_relation_alignment_loo,ZERO_S2_relation_alignment_full,ZERO_S2_relation_self_removed,ZERO_S2_relation_candidate_weight,ZERO_S2_evidence,ZERO_evidence,ZERO_uncertainty,ZERO_uncertainty_rank,PERMUTED_S0_explained,PERMUTED_S0_ch,PERMUTED_S0_within_per_observation,PERMUTED_S0_min_centroid_distance,PERMUTED_S0_margin_min,PERMUTED_S0_margin_q10,PERMUTED_S0_margin_mean,PERMUTED_S0_relation_alignment_loo,PERMUTED_S0_relation_alignment_full,PERMUTED_S0_relation_self_removed,PERMUTED_S0_relation_candidate_weight,PERMUTED_S0_evidence,PERMUTED_S1_explained,PERMUTED_S1_ch,PERMUTED_S1_within_per_observation,PERMUTED_S1_min_centroid_distance,PERMUTED_S1_margin_min,PERMUTED_S1_margin_q10,PERMUTED_S1_margin_mean,PERMUTED_S1_relation_alignment_loo,PERMUTED_S1_relation_alignment_full,PERMUTED_S1_relation_self_removed,PERMUTED_S1_relation_candidate_weight,PERMUTED_S1_evidence,PERMUTED_S2_explained,PERMUTED_S2_ch,PERMUTED_S2_within_per_observation,PERMUTED_S2_min_centroid_distance,PERMUTED_S2_margin_min,PERMUTED_S2_margin_q10,PERMUTED_S2_margin_mean,PERMUTED_S2_relation_alignment_loo,PERMUTED_S2_relation_alignment_full,PERMUTED_S2_relation_self_removed,PERMUTED_S2_relation_candidate_weight,PERMUTED_S2_evidence,PERMUTED_evidence,PERMUTED_uncertainty,PERMUTED_uncertainty_rank
INPUT_START,3,NIGHT16E_BYTE_EXACT_UNLABELED_START__INPUT_START,0,88f57f0f5a8c8801cf03b0debdcf38697479b6d05777b501f02be23b4468c9ed,0.6193181818181818,0.49432388462094007,0.35374647505016404,0.4724133508531583,0.32574483674785454,0.4460770268212945,0.2920870433061874,0.1344,48,0.06464553449693178,0.8522727272727273,,,,0.5608285545050271,0.8863636363636364,33.7703078485055,0.07516701473156978,2.2062137750956983,71.51509807009081,0.5909090909090909,False,0.8603043767863655,NIGHT16E_BYTE_EXACT_UNLABELED_START,0.323859451701402,0.14772727272727273,40.54189902355101,0.08889950487083938,2.861610499853734,63.31104130096363,17.505829335333807,0.04042862277906362,0.8397310473538913,106.66649321610178,True,0,48,"[48,100,176,395,427,502,852]","[41,53,95]","[14.45701117754922,27.286622980328488,50.96756498268692]","[0.5,0.52,0.75]",2,41,True,True,True,True,True,True,0.0783204592294577,35.30744621133045,60.45164638949751,2.254400849700209,-0.07775565359210743,-0.005236546274337331,0.02756015638939259,0.8183854603729344,0.8183854603729344,False,0.0,0.605263157894737,0.07718606966315526,34.7532811228094,60.55765392598961,2.2437422877909157,-0.07828700243404266,-0.005511368546366788,0.027315746092067723,0.8183854603729344,0.8183854603729344,False,0.0,0.605263157894737,0.07758138656614535,34.946244198426434,60.55223208216852,2.249146866814481,-0.0782110422547033,-0.005296837376348981,0.027361216513305624,0.8183854603729344,0.8183854603729344,False,0.0,0.605263157894737,0.605263157894737,0.0,0.125,0.07568555630073132,34.02234905807168,60.884430242169685,2.2828811224759242,-0.07147279291485098,-0.004394455630839097,0.026622852429632894,0.8183854603729344,0.8183854603729344,False,0.0,0.611842105263158,0.07568555630073132,34.02234905807168,60.884430242169685,2.2828811224759242,-0.07147279291485098,-0.004394455630839097,0.026622852429632894,0.8183854603729344,0.8183854603729344,False,0.0,0.611842105263158,0.07568555630073132,34.02234905807168,60.884430242169685,2.2828811224759242,-0.07147279291485098,-0.004394455630839097,0.026622852429632894,0.8183854603729344,0.8183854603729344,False,0.0,0.611842105263158,0.611842105263158,0.0,0.40131578947368424,0.0712267730616335,31.864316658508315,61.17276490168361,2.1803367320017717,-0.06537377629388533,-0.004473728899989503,0.02434904356846272,0.5034816188931931,0.5034816188931931,False,0.0,0.6578947368421053,0.07169245273702284,32.08873417011483,61.11586819463256,2.1766726882896235,-0.06609440141639042,-0.004586158715721743,0.02436941412732762,0.5034816188931931,0.5034816188931931,False,0.0,0.6578947368421053,0.07218590537659263,32.32678168803662,61.125303864924796,2.1864893707958926,-0.06617240675091729,-0.004535798948561945,0.02452403131183875,0.5034816188931931,0.5034816188931931,False,0.0,0.6578947368421053,0.6578947368421053,0.0,0.11842105263157894
DIRECT_BASE,3,NIGHT16E_BYTE_EXACT_UNLABELED_START__DIRECT_BASE,1,6c6c334d93ecde6865c4b5b45757ddf0a971e60dfa6f1f0ca85877dd10902159,0.6903409090909092,0.4959998001826416,0.3569389225202575,0.4742985200196438,0.32924994817190545,0.4476899365614059,0.29529967522545647,0.14839999999999998,53,0.06383903536306254,0.8125,,,,0.5620196695578875,0.9375,33.25093939896513,0.07409664577749919,2.2036694756748685,71.59786711265401,0.8352272727272727,False,0.8632059310231746,NIGHT16E_BYTE_EXACT_UNLABELED_START,0.32716284863920647,0.17613636363636365,40.16356740010311,0.08814302979995943,2.861610499853734,63.363607647608895,17.23843744221186,0.03983569738824943,0.8413370096660968,106.73240313554946,True,0,53,"[53,100,176,395,427,502,847]","[41,53,95]","[14.45701117754922,27.286622980328488,50.96756498268692]","[0.5,0.52,0.75]",2,41,True,True,True,True,True,True,0.07802325701479951,35.16212695852088,60.47113945882579,2.254400849700209,-0.07775565359210743,-0.005283141801819803,0.027442202521489698,0.8198724563261848,0.8198724563261848,False,0.0,0.5986842105263158,0.07689597139613706,34.61178277319159,60.57669099281435,2.2437422877909157,-0.07828700243404266,-0.00563953224349797,0.027196511473492554,0.8198724563261848,0.8198724563261848,False,0.0,0.5921052631578948,0.07729004469119066,34.804017648689964,60.571357239196566,2.249146866814481,-0.0782110422547033,-0.005366332727211475,0.027242695024785782,0.8198724563261848,0.8198724563261848,False,0.0,0.5986842105263158,0.5964912280701755,0.0031013455315199285,0.5328947368421053,0.07539458216896355,33.88088398258661,60.90359665717991,2.2828811224759242,-0.07147279291485098,-0.00456187328776139,0.026510569679891707,0.8198724563261848,0.8198724563261848,False,0.0,0.6052631578947368,0.07539458216896355,33.88088398258661,60.90359665717991,2.2828811224759242,-0.07147279291485098,-0.00456187328776139,0.026510569679891707,0.8198724563261848,0.8198724563261848,False,0.0,0.6052631578947368,0.07539458216896355,33.88088398258661,60.90359665717991,2.2828811224759242,-0.07147279291485098,-0.00456187328776139,0.026510569679891707,0.8198724563261848,0.8198724563261848,False,0.0,0.6052631578947368,0.6052631578947368,0.0,0.40131578947368424,0.07079660368986893,31.657211919318744,61.201097598065914,2.1803367320017717,-0.0809115144652282,-0.004545476342866772,0.02418191860778886,0.5043441830763383,0.5043441830763383,False,0.0,0.6414473684210527,0.07129106488449964,31.895286391129297,61.1422938842244,2.1766726882896235,-0.07813986921452398,-0.004598756668892397,0.024210388373560435,0.5043441830763383,0.5043441830763383,False,0.0,0.6414473684210527,0.07176906998507017,32.125678658776245,61.15276538993947,2.1864893707958926,-0.08091218989493425,-0.004574117656046701,0.02436010034822636,0.5043441830763383,0.5043441830763383,False,0.0,0.6414473684210527,0.6414473684210527,0.0,0.11842105263157894
BIMODAL_SUPPORT,28,NIGHT16E_BYTE_EXACT_UNLABELED_START__BIMODAL_SUPPORT,2,38304677a026b0b4064c51e8f4e717eb495f6b0ba8de84bd65ddea829f2d1558,0.5497159090909092,0.9102232087191178,0.8782297382655793,0.8931927223709496,0.8551301514960692,0.8627038041392084,0.813775994145281,0.0924,33,0.049069121421943244,0.4034090909090909,,,,0.540469083483887,0.7443181818181818,25.339045880783743,0.057479132389820546,1.5391058993872049,72.88285923396764,0.3977272727272727,True,0.7787235187367888,NIGHT16E_BYTE_EXACT_UNLABELED_START,0.8490452946356432,0.6534090909090909,27.262939361563493,0.061574573971513856,2.003705576079617,65.20981079781033,14.349256751030595,0.0333820671448589,0.949039896372396,107.44979229795811,True,0,33,"[33,51,113,212,411,823,857]","[31,40,62]","[10.759708804453537,20.436870764232356,35.53441021134791]","[0.9090909090909091,0.9090909090909091,0.9090909090909091]",2,31,True,True,True,True,True,True,0.06071542580599825,26.857951376492835,61.60633541980898,1.935578872031946,-0.15184608043481662,-0.013319008752722529,0.019016420434452813,0.9129390359795512,0.9129390359795512,False,0.0,0.4144736842105263,0.05984785661977065,26.449744970115688,61.69543638750177,1.971096079603694,-0.15073628436842565,-0.013568642275166869,0.018951081195414443,0.9129390359795512,0.9129390359795512,False,0.0,0.41118421052631576,0.060179599179804984,26.605746627107763,61.69457358863445,1.974538686234456,-0.15157042067091558,-0.013344839531408888,0.018962370159596533,0.9129390359795512,0.9129390359795512,False,0.0,0.41118421052631576,0.4122807017543859,0.0015506727657599905,0.40131578947368424,0.05846612878967012,25.80117110484831,62.01867091129895,1.8320269613594582,-0.14972932131165478,-0.01266484060441554,0.018102370828359603,0.9129390359795512,0.9129390359795512,False,0.0,0.4111842105263158,0.05846612878967012,25.80117110484831,62.01867091129895,1.8320269613594582,-0.14972932131165478,-0.01266484060441554,0.018102370828359603,0.9129390359795512,0.9129390359795512,False,0.0,0.4111842105263158,0.05846612878967012,25.80117110484831,62.01867091129895,1.8320269613594582,-0.14972932131165478,-0.01266484060441554,0.018102370828359603,0.9129390359795512,0.9129390359795512,False,0.0,0.4111842105263158,0.41118421052631576,5.551115123125783e-17,0.8947368421052632,0.05440839986603992,23.907456602974207,62.28049105020134,1.720800097948446,-0.16566172837564386,-0.012218378451619752,0.015978851130089067,0.6518607396917775,0.6518607396917775,False,0.0,0.3815789473684211,0.054904950904729605,24.138320397248723,62.22108677475139,1.7185243687294554,-0.16460617503385916,-0.012145547468642486,0.016075386979133303,0.6518607396917775,0.6518607396917775,False,0.0,0.3782894736842105,0.05526492143332841,24.305834912350452,62.24007490711871,1.7248425299015862,-0.16682609568519038,-0.012028769166360318,0.01615087740500998,0.6518607396917775,0.6518607396917775,False,0.0,0.38815789473684215,0.3826754385964913,0.004102694503041625,0.756578947368421
UNIFORM_MASS_MATCHED,28,NIGHT16E_BYTE_EXACT_UNLABELED_START__UNIFORM_MASS_MATCHED,3,749629d1c238fedef18f76454a433fd8c9702eef6ba06abdda9fdba895ed6e70,0.5340909090909092,0.9198007130875046,0.8922254701477279,0.9031517566188474,0.8698520361058736,0.8744941782608425,0.8313410074777945,0.08679999999999999,31,0.04710097296334063,0.2784090909090909,,,,0.526447309723613,0.6590909090909091,24.259197979232155,0.0551647312681742,1.5499735123206686,73.06182627539515,0.3522727272727273,False,0.7874629522020422,NIGHT16E_BYTE_EXACT_UNLABELED_START,0.8644728379104653,0.8465909090909091,26.194154870679085,0.05930382954320124,2.0083806855998767,65.36760150811442,13.709274988906369,0.031940770593227995,0.9786978399785146,107.61000763211301,True,0,31,"[31,51,113,250,411,820,824]","[30,39,60]","[10.391829363282094,19.838017299052026,34.3947956789113]","[0.9354838709677419,0.9354838709677419,0.9354838709677419]",2,30,True,True,True,True,True,True,0.05817108514164351,25.66292613769228,61.77321509472007,1.866370415250694,-0.15282492300493947,-0.014496719869990033,0.017536833029093084,0.9046499004815827,0.9046499004815827,False,0.0,0.27960526315789475,0.05737575434206831,25.290698853698412,61.85766271426312,1.8590330965985837,-0.15371994630227456,-0.014828499729434749,0.017446909640652705,0.9046499004815827,0.9046499004815827,False,0.0,0.2730263157894737,0.057660674561860276,25.42397375734446,61.85992856504312,1.86209190511522,-0.15385235589652277,-0.014586921044198894,0.017480944197429783,0.9046499004815827,0.9046499004815827,False,0.0,0.26973684210526316,0.2741228070175438,0.004102694503041605,0.8289473684210527,0.056232506977731876,24.756740216201013,62.16579918817849,1.8355563015751664,-0.15262730928926485,-0.01348434820668756,0.016762579268448617,0.9046499004815827,0.9046499004815827,False,0.0,0.2894736842105263,0.056232506977731876,24.756740216201013,62.16579918817849,1.8355563015751664,-0.15262730928926485,-0.01348434820668756,0.016762579268448617,0.9046499004815827,0.9046499004815827,False,0.0,0.2894736842105263,0.056232506977731876,24.756740216201013,62.16579918817849,1.8355563015751664,-0.15262730928926485,-0.01348434820668756,0.016762579268448617,0.9046499004815827,0.9046499004815827,False,0.0,0.2894736842105263,0.2894736842105263,0.0,0.40131578947368424,0.052539923435593536,23.040905603799473,62.40355647251203,1.72706710233402,-0.1659458538205985,-0.01266484129797624,0.01491360096881485,0.6560980077554752,0.6560980077554752,False,0.0,0.32565789473684215,0.05298502149181292,23.24702030006798,62.347486859818865,1.7243141073953798,-0.16490083592863755,-0.012644141375779473,0.014992183162790128,0.6560980077554752,0.6560980077554752,False,0.0,0.3190789473684211,0.05333817440979717,23.410695211517236,62.36701089350507,1.7308181850047095,-0.16713295988728474,-0.01249395300773003,0.015070294706750753,0.6560980077554752,0.6560980077554752,False,0.0,0.33223684210526316,0.32565789473684215,0.005371688032419245,0.8223684210526315
PERMUTED_SUPPORT,28,NIGHT16E_BYTE_EXACT_UNLABELED_START__PERMUTED_SUPPORT,4,4436fae004243bbb248a41630256b4f9ec6f7b24415d49b5ff7e6a742ff324eb,0.5255681818181819,0.918398755875479,0.8903756970111592,0.9014768531595724,0.8676425657902002,0.8728076886695316,0.8291279915553115,0.08679999999999999,31,0.047232955579861576,0.29545454545454547,,,,0.5259404006735408,0.6363636363636364,24.324828386475154,0.05530571904208389,1.5490701399447784,73.0509240318134,0.3522727272727273,False,0.7881474919132038,NIGHT16E_BYTE_EXACT_UNLABELED_START,0.8623820847855569,0.8181818181818182,26.289043163174657,0.05950587405913733,2.0075326584377478,65.3535617301081,13.743887912838481,0.03201883195044886,0.9646160019906925,107.60133028780272,True,0,31,"[31,51,116,249,409,820,824]","[30,39,60]","[10.391829363282094,19.838017299052026,34.3947956789113]","[0.9354838709677419,0.9354838709677419,0.9354838709677419]",2,30,True,True,True,True,True,True,0.05827131586766535,25.709880298827816,61.76664110437005,1.8929067676843587,-0.15278524739486712,-0.014866003589800614,0.017655835829038825,0.9052290013099911,0.9052290013099911,False,0.0,0.27960526315789475,0.057470263646485865,25.33489780120702,61.851460747039226,1.8855521159695685,-0.15367786662073293,-0.015125835189731464,0.01755956284815765,0.9052290013099911,0.9052290013099911,False,0.0,0.2730263157894737,0.05776065239086297,25.470758708284322,61.853365513716234,1.8885547158543978,-0.1538142957389145,-0.015037798693162806,0.017595697499861167,0.9052290013099911,0.9052290013099911,False,0.0,0.2796052631578947,0.27741228070175433,0.0031013455315199415,0.5789473684210527,0.05632871330672864,24.801623943606455,62.15946209416617,1.8338660720885462,-0.15258845201546856,-0.01372432228867033,0.016876467769543456,0.9052290013099911,0.9052290013099911,False,0.0,0.3026315789473684,0.05632871330672864,24.801623943606455,62.15946209416617,1.8338660720885462,-0.15258845201546856,-0.01372432228867033,0.016876467769543456,0.9052290013099911,0.9052290013099911,False,0.0,0.3026315789473684,0.05632871330672864,24.801623943606455,62.15946209416617,1.8338660720885462,-0.15258845201546856,-0.01372432228867033,0.016876467769543456,0.9052290013099911,0.9052290013099911,False,0.0,0.3026315789473684,0.3026315789473684,0.0,0.40131578947368424,0.05261898207107116,23.077501698656803,62.398349350707434,1.7255805378580562,-0.16581551334727632,-0.012637707146303662,0.014995631941122163,0.6551711098751724,0.6551711098751724,False,0.0,0.3388157894736842,0.053064036291124085,23.283630492399887,62.34228485744975,1.722879584863562,-0.16476281800867298,-0.01263613943452473,0.015075624551803838,0.6551711098751724,0.6551711098751724,False,0.0,0.3388157894736842,0.05341487652809745,23.446260296191173,62.36195768261362,1.729317210351614,-0.16700043733400793,-0.012512898576576026,0.01515258135223118,0.6551711098751724,0.6551711098751724,False,0.0,0.3355263157894737,0.33771929824561403,0.0015506727657599645,0.4407894736842105
RNA_ONLY_SUPPORT,28,NIGHT16E_BYTE_EXACT_UNLABELED_START__RNA_ONLY_SUPPORT,5,8dd3ec303a719bda2d92d65ce9a78c78f127e729e8575d9b2b098679331aefa6,0.5184659090909092,0.9108593136563716,0.8812082961658422,0.8940073595922784,0.8587508480765199,0.8642819187937844,0.8191377835544191,0.09799999999999999,35,0.04789627014257243,0.3409090909090909,,,,0.5201750252989538,0.5795454545454546,24.729595656303587,0.05617431426761798,1.5639613005956952,72.98375766369423,0.4602272727272727,False,0.7996486406862767,NIGHT16E_BYTE_EXACT_UNLABELED_START,0.8530323092655937,0.6931818181818182,26.63306260743847,0.06023766340922904,2.023164402795022,65.3027107581078,13.944609024232005,0.032471263420715483,0.9480351696089526,107.55103775146874,True,0,35,"[35,51,141,246,410,795,822]","[31,40,63]","[10.759708804453537,20.436870764232356,35.81821080952668]","[0.8571428571428571,0.8571428571428571,0.8857142857142857]",2,31,True,True,True,True,True,True,0.05906570268060278,26.082373162193086,61.71453840642796,1.8628743925354991,-0.15160055076720413,-0.014351697342140271,0.017863534280722217,0.9043937923694335,0.9043937923694335,False,0.0,0.3026315789473684,0.05824794300435257,25.698930136151905,61.8004272332713,1.8557902411054306,-0.1522793772368084,-0.014291882544049032,0.017739687940781377,0.9043937923694335,0.9043937923694335,False,0.0,0.3026315789473684,0.05855239976264526,25.841610404281106,61.80139120410409,1.8602447335828234,-0.15321556114288395,-0.014320552304180783,0.017786549356630443,0.9043937923694335,0.9043937923694335,False,0.0,0.3026315789473684,0.3026315789473684,0.0,0.125,0.05710146615435421,25.1624733049146,62.10856099966699,1.8495425637161773,-0.15198536770331209,-0.013699965594076597,0.01709985787311513,0.9043937923694335,0.9043937923694335,False,0.0,0.29605263157894735,0.05710146615435421,25.1624733049146,62.10856099966699,1.8495425637161773,-0.15198536770331209,-0.013699965594076597,0.01709985787311513,0.9043937923694335,0.9043937923694335,False,0.0,0.29605263157894735,0.05710146615435421,25.1624733049146,62.10856099966699,1.8495425637161773,-0.15198536770331209,-0.013699965594076597,0.01709985787311513,0.9043937923694335,0.9043937923694335,False,0.0,0.29605263157894735,0.29605263157894735,0.0,0.40131578947368424,0.05314974154054537,23.323347501670725,62.363391383246935,1.738170823584036,-0.1654999827787288,-0.013034465786065411,0.015125611595873903,0.6504141122437928,0.6504141122437928,False,0.0,0.2861842105263158,0.0535969729059396,23.530717469064683,62.30719855011207,1.7364845703792338,-0.1644561252446021,-0.012941288244700816,0.015203237705622322,0.6504141122437928,0.6504141122437928,False,0.0,0.2861842105263158,0.053959647149491766,23.699024384170894,62.326067658995335,1.7426149068988044,-0.16660033061267307,-0.012937802114004018,0.01528596885527244,0.6504141122437928,0.6504141122437928,False,0.0,0.2861842105263158,0.2861842105263158,0.0,0.11842105263157894
ATAC_ONLY_SUPPORT,28,NIGHT16E_BYTE_EXACT_UNLABELED_START__ATAC_ONLY_SUPPORT,6,6517705bba88aefc7d96fadf59c13a702ee6f05aa14027a921385fa97b39f8e5,0.53125,0.909762231440771,0.8777615829193203,0.8930757057673435,0.8551575833140211,0.8626845813786213,0.8139889795476163,0.0896,32,0.048945024508981236,0.38636363636363635,,,,0.5384354274428161,0.7272727272727273,25.276644076573128,0.057345697455289814,1.5435455306437345,72.89317743474652,0.375,False,0.7802311228266035,NIGHT16E_BYTE_EXACT_UNLABELED_START,0.8489693819269859,0.6363636363636364,27.18771953906442,0.061415120273435264,2.0125573517876503,65.2208910021551,14.309536010478556,0.03329273739084676,0.9370730805785519,107.4597222435844,True,0,32,"[32,51,120,209,412,827,849]","[30,39,60]","[10.391829363282094,19.838017299052026,34.3947956789113]","[0.90625,0.90625,0.90625]",2,30,True,True,True,True,True,True,0.060754812683534956,26.876501483209942,61.60375209069304,1.9221717711554778,-0.15267858627660233,-0.013381614782863427,0.018857065585519986,0.9119908346517568,0.9119908346517568,False,0.0,0.40460526315789475,0.059876766531249646,26.463335452246536,61.69353923753814,1.9134358095407629,-0.15152464755357903,-0.013559120286972554,0.018776166285268344,0.9119908346517568,0.9119908346517568,False,0.0,0.4144736842105263,0.060206838770123144,26.618560914242675,61.692785443891104,1.91738312193727,-0.15228591421893864,-0.01330763806574376,0.01879317029287624,0.9119908346517568,0.9119908346517568,False,0.0,0.41776315789473684,0.41228070175438597,0.005591030168413137,0.8881578947368421,0.058479649768701396,25.80750853969985,62.01778028678232,1.833514042075232,-0.15067689458746783,-0.012686508306427065,0.017968324794158774,0.9119908346517568,0.9119908346517568,False,0.0,0.40460526315789475,0.058479649768701396,25.80750853969985,62.01778028678232,1.833514042075232,-0.15067689458746783,-0.012686508306427065,0.017968324794158774,0.9119908346517568,0.9119908346517568,False,0.0,0.40460526315789475,0.058479649768701396,25.80750853969985,62.01778028678232,1.833514042075232,-0.15067689458746783,-0.012686508306427065,0.017968324794158774,0.9119908346517568,0.9119908346517568,False,0.0,0.40460526315789475,0.40460526315789475,0.0,0.40131578947368424,0.054454274919079663,23.92877533970266,62.27746953348116,1.7227720655950511,-0.1657859506540695,-0.011973634338661315,0.015908474310671602,0.6523373704210591,0.6523373704210591,False,0.0,0.42105263157894735,0.05496774928527993,24.16753482302936,62.21695239325265,1.7205916048531622,-0.16478895231859822,-0.01197919674873819,0.016005372716238874,0.6523373704210591,0.6523373704210591,False,0.0,0.4111842105263158,0.05532581362357316,24.334184094488013,62.23606326981628,1.7268228591663364,-0.16694692359316113,-0.012009698623653623,0.01608261889412548,0.6523373704210591,0.6523373704210591,False,0.0,0.4144736842105263,0.4155701754385965,0.004102694503041581,0.7236842105263158
FULL_TSRE,28,NIGHT16E_BYTE_EXACT_UNLABELED_START__FULL_TSRE,7,a5ae9d4b652b12ea1f3427dfcc66cf320425cbc954ecb8642aa26a83bc08dc2b,0.5269886363636364,0.8723158229907317,0.8315368516264128,0.8500436717457507,0.802151560452003,0.810877136605704,0.7504762630492712,0.14279999999999998,51,0.0510509159703724,0.5681818181818182,,,,0.5045043173599209,0.38636363636363635,26.616087469903924,0.06020158104225456,1.6037193770438658,72.67233886383497,0.6988636363636364,False,0.8141362978559211,NIGHT16E_BYTE_EXACT_UNLABELED_START,0.7947215583758956,0.45454545454545453,28.641878895096934,0.06448812925804263,2.152423551672842,65.00735210081235,14.744788907591383,0.03427069725824917,0.7907053819007469,107.35101167547218,True,0,51,"[51,52,151,231,450,736,829]","[51,70,105]","[16.989147478770285,33.0717347229568,57.272379152425124]","[0.8846153846153846,0.8846153846153846,0.9423076923076923]",2,51,True,True,True,True,True,True,0.06413586085723622,28.474699554778528,61.3819939637289,2.072718946035549,-0.13021275318182712,-0.01585768945059127,0.020431396204341052,0.9112489813630976,0.9112489813630976,False,0.0,0.4473684210526315,0.06332647517475892,28.09105813044251,61.46715962263259,2.0728054275196266,-0.13144454670212868,-0.01598987662803684,0.020330835674844228,0.9112489813630976,0.9112489813630976,False,0.0,0.4407894736842105,0.06356841268350986,28.20566481069752,61.47211469765909,2.080976791686095,-0.1321584555649698,-0.01592422873737648,0.020330442759746513,0.9112489813630976,0.9112489813630976,False,0.0,0.4407894736842105,0.44298245614035087,0.0031013455315199285,0.5328947368421053,0.06168250750601007,27.313869850839794,61.80680860954408,1.9541088670166156,-0.13014903842018544,-0.015049429715252367,0.01940331629670583,0.9112489813630976,0.9112489813630976,False,0.0,0.4473684210526315,0.06168250750601007,27.313869850839794,61.80680860954408,1.9541088670166156,-0.13014903842018544,-0.015049429715252367,0.01940331629670583,0.9112489813630976,0.9112489813630976,False,0.0,0.4473684210526315,0.06168250750601007,27.313869850839794,61.80680860954408,1.9541088670166156,-0.13014903842018544,-0.015049429715252367,0.01940331629670583,0.9112489813630976,0.9112489813630976,False,0.0,0.4473684210526315,0.4473684210526316,5.551115123125783e-17,0.8947368421052632,0.057199124517103475,25.20811854855733,62.09668262632203,1.8340014814327013,-0.1282713050955938,-0.01422590963989561,0.017005258828297086,0.6359537562166044,0.6359537562166044,False,0.0,0.39144736842105265,0.057649576467117714,25.418780979888403,62.04039216054827,1.8270424252736748,-0.12742138222884425,-0.01409708486882466,0.01708486471727116,0.6359537562166044,0.6359537562166044,False,0.0,0.3980263157894737,0.05806234234471715,25.61199570710747,62.05577806981302,1.8356729637548705,-0.1276573217567485,-0.014218613563351586,0.017185863120589284,0.6359537562166044,0.6359537562166044,False,0.0,0.39473684210526316,0.3947368421052631,0.0026858440162096106,0.5263157894736842
RELATION_STAY_OFF_BASE_STAY_ON,28,NIGHT16E_BYTE_EXACT_UNLABELED_START__RELATION_STAY_OFF_BASE_STAY_ON,8,38304677a026b0b4064c51e8f4e717eb495f6b0ba8de84bd65ddea829f2d1558,0.5497159090909092,0.9102232087191178,0.8782297382655793,0.8931927223709496,0.8551301514960692,0.8627038041392084,0.813775994145281,0.0924,33,0.049069121421943244,0.4034090909090909,,,,0.540469083483887,0.7443181818181818,25.339045880783743,0.057479132389820546,1.5391058993872049,72.88285923396764,0.3977272727272727,False,0.7787235187367888,NIGHT16E_BYTE_EXACT_UNLABELED_START,0.8490452946356432,0.6534090909090909,27.262939361563493,0.061574573971513856,2.003705576079617,65.20981079781033,14.349256751030595,0.0333820671448589,0.949039896372396,107.44979229795811,True,0,33,"[33,51,113,212,411,823,857]","[31,40,62]","[10.759708804453537,20.436870764232356,35.53441021134791]","[0.9090909090909091,0.9090909090909091,0.9090909090909091]",2,31,True,True,True,True,True,True,0.06071542580599825,26.857951376492835,61.60633541980898,1.935578872031946,-0.15184608043481662,-0.013319008752722529,0.019016420434452813,0.9129390359795512,0.9129390359795512,False,0.0,0.4144736842105263,0.05984785661977065,26.449744970115688,61.69543638750177,1.971096079603694,-0.15073628436842565,-0.013568642275166869,0.018951081195414443,0.9129390359795512,0.9129390359795512,False,0.0,0.41118421052631576,0.060179599179804984,26.605746627107763,61.69457358863445,1.974538686234456,-0.15157042067091558,-0.013344839531408888,0.018962370159596533,0.9129390359795512,0.9129390359795512,False,0.0,0.41118421052631576,0.4122807017543859,0.0015506727657599905,0.40131578947368424,0.05846612878967012,25.80117110484831,62.01867091129895,1.8320269613594582,-0.14972932131165478,-0.01266484060441554,0.018102370828359603,0.9129390359795512,0.9129390359795512,False,0.0,0.4111842105263158,0.05846612878967012,25.80117110484831,62.01867091129895,1.8320269613594582,-0.14972932131165478,-0.01266484060441554,0.018102370828359603,0.9129390359795512,0.9129390359795512,False,0.0,0.4111842105263158,0.05846612878967012,25.80117110484831,62.01867091129895,1.8320269613594582,-0.14972932131165478,-0.01266484060441554,0.018102370828359603,0.9129390359795512,0.9129390359795512,False,0.0,0.4111842105263158,0.41118421052631576,5.551115123125783e-17,0.8947368421052632,0.05440839986603992,23.907456602974207,62.28049105020134,1.720800097948446,-0.16566172837564386,-0.012218378451619752,0.015978851130089067,0.6518607396917775,0.6518607396917775,False,0.0,0.3815789473684211,0.054904950904729605,24.138320397248723,62.22108677475139,1.7185243687294554,-0.16460617503385916,-0.012145547468642486,0.016075386979133303,0.6518607396917775,0.6518607396917775,False,0.0,0.3782894736842105,0.05526492143332841,24.305834912350452,62.24007490711871,1.7248425299015862,-0.16682609568519038,-0.012028769166360318,0.01615087740500998,0.6518607396917775,0.6518607396917775,False,0.0,0.38815789473684215,0.3826754385964913,0.004102694503041625,0.756578947368421
BOUNDARY_OFF,28,NIGHT16E_BYTE_EXACT_UNLABELED_START__BOUNDARY_OFF,9,a5ae9d4b652b12ea1f3427dfcc66cf320425cbc954ecb8642aa26a83bc08dc2b,0.5269886363636364,0.8723158229907317,0.8315368516264128,0.8500436717457507,0.802151560452003,0.810877136605704,0.7504762630492712,0.14279999999999998,51,0.0510509159703724,0.5681818181818182,,,,0.5045043173599209,0.38636363636363635,26.616087469903924,0.06020158104225456,1.6037193770438658,72.67233886383497,0.6988636363636364,False,0.8141362978559211,NIGHT16E_BYTE_EXACT_UNLABELED_START,0.7947215583758956,0.45454545454545453,28.641878895096934,0.06448812925804263,2.152423551672842,65.00735210081235,14.744788907591383,0.03427069725824917,0.7907053819007469,107.35101167547218,True,0,51,"[51,52,151,231,450,736,829]","[51,70,105]","[16.989147478770285,33.0717347229568,57.272379152425124]","[0.8846153846153846,0.8846153846153846,0.9423076923076923]",2,51,True,True,True,True,True,True,0.06413586085723622,28.474699554778528,61.3819939637289,2.072718946035549,-0.13021275318182712,-0.01585768945059127,0.020431396204341052,0.9112489813630976,0.9112489813630976,False,0.0,0.4473684210526315,0.06332647517475892,28.09105813044251,61.46715962263259,2.0728054275196266,-0.13144454670212868,-0.01598987662803684,0.020330835674844228,0.9112489813630976,0.9112489813630976,False,0.0,0.4407894736842105,0.06356841268350986,28.20566481069752,61.47211469765909,2.080976791686095,-0.1321584555649698,-0.01592422873737648,0.020330442759746513,0.9112489813630976,0.9112489813630976,False,0.0,0.4407894736842105,0.44298245614035087,0.0031013455315199285,0.5328947368421053,0.06168250750601007,27.313869850839794,61.80680860954408,1.9541088670166156,-0.13014903842018544,-0.015049429715252367,0.01940331629670583,0.9112489813630976,0.9112489813630976,False,0.0,0.4473684210526315,0.06168250750601007,27.313869850839794,61.80680860954408,1.9541088670166156,-0.13014903842018544,-0.015049429715252367,0.01940331629670583,0.9112489813630976,0.9112489813630976,False,0.0,0.4473684210526315,0.06168250750601007,27.313869850839794,61.80680860954408,1.9541088670166156,-0.13014903842018544,-0.015049429715252367,0.01940331629670583,0.9112489813630976,0.9112489813630976,False,0.0,0.4473684210526315,0.4473684210526316,5.551115123125783e-17,0.8947368421052632,0.057199124517103475,25.20811854855733,62.09668262632203,1.8340014814327013,-0.1282713050955938,-0.01422590963989561,0.017005258828297086,0.6359537562166044,0.6359537562166044,False,0.0,0.39144736842105265,0.057649576467117714,25.418780979888403,62.04039216054827,1.8270424252736748,-0.12742138222884425,-0.01409708486882466,0.01708486471727116,0.6359537562166044,0.6359537562166044,False,0.0,0.3980263157894737,0.05806234234471715,25.61199570710747,62.05577806981302,1.8356729637548705,-0.1276573217567485,-0.014218613563351586,0.017185863120589284,0.6359537562166044,0.6359537562166044,False,0.0,0.39473684210526316,0.3947368421052631,0.0026858440162096106,0.5263157894736842
PRIVATE_CONFLICT_OFF,28,NIGHT16E_BYTE_EXACT_UNLABELED_START__PRIVATE_CONFLICT_OFF,10,a5ae9d4b652b12ea1f3427dfcc66cf320425cbc954ecb8642aa26a83bc08dc2b,0.5269886363636364,0.8723158229907317,0.8315368516264128,0.8500436717457507,0.802151560452003,0.810877136605704,0.7504762630492712,0.14279999999999998,51,0.0510509159703724,0.5681818181818182,,,,0.5045043173599209,0.38636363636363635,26.616087469903924,0.06020158104225456,1.6037193770438658,72.67233886383497,0.6988636363636364,False,0.8141362978559211,NIGHT16E_BYTE_EXACT_UNLABELED_START,0.7947215583758956,0.45454545454545453,28.641878895096934,0.06448812925804263,2.152423551672842,65.00735210081235,14.744788907591383,0.03427069725824917,0.7907053819007469,107.35101167547218,True,0,51,"[51,52,151,231,450,736,829]","[51,70,105]","[16.989147478770285,33.0717347229568,57.272379152425124]","[0.8846153846153846,0.8846153846153846,0.9423076923076923]",2,51,True,True,True,True,True,True,0.06413586085723622,28.474699554778528,61.3819939637289,2.072718946035549,-0.13021275318182712,-0.01585768945059127,0.020431396204341052,0.9112489813630976,0.9112489813630976,False,0.0,0.4473684210526315,0.06332647517475892,28.09105813044251,61.46715962263259,2.0728054275196266,-0.13144454670212868,-0.01598987662803684,0.020330835674844228,0.9112489813630976,0.9112489813630976,False,0.0,0.4407894736842105,0.06356841268350986,28.20566481069752,61.47211469765909,2.080976791686095,-0.1321584555649698,-0.01592422873737648,0.020330442759746513,0.9112489813630976,0.9112489813630976,False,0.0,0.4407894736842105,0.44298245614035087,0.0031013455315199285,0.5328947368421053,0.06168250750601007,27.313869850839794,61.80680860954408,1.9541088670166156,-0.13014903842018544,-0.015049429715252367,0.01940331629670583,0.9112489813630976,0.9112489813630976,False,0.0,0.4473684210526315,0.06168250750601007,27.313869850839794,61.80680860954408,1.9541088670166156,-0.13014903842018544,-0.015049429715252367,0.01940331629670583,0.9112489813630976,0.9112489813630976,False,0.0,0.4473684210526315,0.06168250750601007,27.313869850839794,61.80680860954408,1.9541088670166156,-0.13014903842018544,-0.015049429715252367,0.01940331629670583,0.9112489813630976,0.9112489813630976,False,0.0,0.4473684210526315,0.4473684210526316,5.551115123125783e-17,0.8947368421052632,0.057199124517103475,25.20811854855733,62.09668262632203,1.8340014814327013,-0.1282713050955938,-0.01422590963989561,0.017005258828297086,0.6359537562166044,0.6359537562166044,False,0.0,0.39144736842105265,0.057649576467117714,25.418780979888403,62.04039216054827,1.8270424252736748,-0.12742138222884425,-0.01409708486882466,0.01708486471727116,0.6359537562166044,0.6359537562166044,False,0.0,0.3980263157894737,0.05806234234471715,25.61199570710747,62.05577806981302,1.8356729637548705,-0.1276573217567485,-0.014218613563351586,0.017185863120589284,0.6359537562166044,0.6359537562166044,False,0.0,0.39473684210526316,0.3947368421052631,0.0026858440162096106,0.5263157894736842
PURE_SUPPORT,1,NIGHT16E_BYTE_EXACT_UNLABELED_START__PURE_SUPPORT,11,972ac6a6733c83351f06471c67464615c0dc4948c28374d795b010bc1b0f90ef,0.5056818181818181,0.6170357668109335,0.513228515599971,0.5881795676257027,0.4765504822636224,0.5481277005337644,0.425642055032742,0.14279999999999998,51,0.06144799418866994,0.7727272727272727,,,,0.4988654933175576,0.2784090909090909,32.06266885513289,0.0716383896296564,2.003922287424038,71.78795811534826,0.6988636363636364,False,0.865044811420204,NIGHT16E_BYTE_EXACT_UNLABELED_START,0.4718070176321118,0.2727272727272727,37.52704512640553,0.08283621370978983,2.7236865946400117,63.73237053870327,16.906321071681507,0.039098228327885357,0.6752296678211793,106.81438061048439,True,0,51,"[51,95,186,376,424,562,806]","[44,58,98]","[15.560649501063548,29.80043432138646,53.9379981866172]","[0.5368421052631579,0.5578947368421052,0.7157894736842105]",2,44,True,True,True,True,True,True,0.07545456639092268,33.9100396754375,60.63961621284899,2.1780646106863846,-0.07813244348323714,-0.008069238410455455,0.02589404662850153,0.8537362746524869,0.8537362746524869,False,0.0,0.6151315789473685,0.07444361444382995,33.41916525466421,60.73762157560974,2.1661804201319805,-0.07520873358700346,-0.008451429346528164,0.025688790946449096,0.8537362746524869,0.8537362746524869,False,0.0,0.6085526315789473,0.07476348306747677,33.57436357735337,60.73721354736396,2.1731697231518567,-0.07611060283588886,-0.008255856937100129,0.02570493029564371,0.8537362746524869,0.8537362746524869,False,0.0,0.6085526315789473,0.6107456140350878,0.003101345531519981,0.6710526315789473,0.07270442732035837,32.577195925042204,61.080796685089275,2.2077475651148823,-0.07304763124988864,-0.00727208620133111,0.024861737886575468,0.8537362746524869,0.8537362746524869,False,0.0,0.6151315789473685,0.07270442732035837,32.577195925042204,61.080796685089275,2.2077475651148823,-0.07304763124988864,-0.00727208620133111,0.024861737886575468,0.8537362746524869,0.8537362746524869,False,0.0,0.6151315789473685,0.07270442732035837,32.577195925042204,61.080796685089275,2.2077475651148823,-0.07304763124988864,-0.00727208620133111,0.024861737886575468,0.8537362746524869,0.8537362746524869,False,0.0,0.6151315789473685,0.6151315789473685,0.0,0.40131578947368424,0.06800961862924505,30.32005169290477,61.38465971737899,2.0978059865679497,-0.06981979806606783,-0.007544989052752592,0.022360944244997558,0.5469363640890849,0.5469363640890849,False,0.0,0.611842105263158,0.06849612339237503,30.552894071873002,61.32630108781552,2.0939303836860232,-0.07207482178228537,-0.007966999714835615,0.02240607007166911,0.5469363640890849,0.5469363640890849,False,0.0,0.611842105263158,0.06893819360818626,30.764680977738838,61.33926630617237,2.1035682134384754,-0.07272979216446061,-0.007622275516367021,0.02252911561357102,0.5469363640890849,0.5469363640890849,False,0.0,0.611842105263158,0.611842105263158,0.0,0.11842105263157894
INPUT_START,7,KMEANS_RETAINED_S0__INPUT_START,12,28678354c300dc08f6c2af7ccc912e5bf19d0b19693ef23f2da96e309c0aee5d,0.6178977272727273,0.4631728564232464,0.30431603990790695,0.4407391766607228,0.2752438304204244,0.417367098019042,0.24495553293104153,0.1624,58,0.06936908060507062,1.0,,,,0.5101704345116421,0.4772727272727273,36.86069406629172,0.0814851832836076,2.312242660931688,71.02652937626205,0.8920454545454546,False,0.8456385039029696,KMEANS_RETAINED_S0,0.2748384677531243,0.10227272727272728,35.620489981327204,0.07896003567206981,2.5918205239758216,64.0017204832461,22.7363215454911,0.05188141746286303,1.3579914983413677,105.39339412681576,True,0,58,"[58,80,163,325,482,491,901]","[43,57,99]","[15.183516079201478,29.19850117622236,53.6590131662835]","[0.5875,0.65,0.7375]",2,43,True,True,True,True,True,True,0.08277149631502728,37.49508064863389,60.15970921604301,2.6315779280135225,-0.06764933825849676,0.0013774919349743174,0.03140293471097472,0.8583661981423589,0.8701865139642005,True,0.019454402884499084,0.7861842105263158,0.08184139221076521,37.03619197716968,60.252158524929605,2.664174070991045,-0.06661872733430026,0.0010766653202522421,0.031267658134484094,0.8583661981423589,0.8701865139642005,True,0.019454402884499084,0.7861842105263158,0.08218013066917634,37.20320885833326,60.25034721540873,2.66277944288774,-0.06827320985261676,0.0009583910385402285,0.031263834317430884,0.8583661981423589,0.8701865139642005,True,0.019454402884499084,0.7861842105263158,0.7861842105263158,0.0,0.125,0.08023867338951902,36.24763058499882,60.58451721834278,2.5721463164001954,-0.06930770437439886,0.0024027701612574486,0.030539090323955315,0.8583661981423589,0.8701865139642005,True,0.019454402884499084,0.8355263157894737,0.08023867338951902,36.24763058499882,60.58451721834278,2.5721463164001954,-0.06930770437439886,0.0024027701612574486,0.030539090323955315,0.8583661981423589,0.8701865139642005,True,0.019454402884499084,0.8355263157894737,0.08023867338951902,36.24763058499882,60.58451721834278,2.5721463164001954,-0.06930770437439886,0.0024027701612574486,0.030539090323955315,0.8583661981423589,0.8701865139642005,True,0.019454402884499084,0.8355263157894737,0.8355263157894738,1.1102230246251565e-16,0.9868421052631579,0.07405274031086398,33.22966106027884,60.98663525760796,2.4415071717970105,-0.060802328633857594,0.0007544891398654869,0.027063816425679794,0.4925941348698324,0.4926021350759813,True,0.019454402884499084,0.7368421052631579,0.0745428028779145,33.467279407507384,60.92821311843189,2.435383673470284,-0.06342016893928787,0.0006753261717314623,0.02708203106602308,0.4925941348698324,0.4926021350759813,True,0.019454402884499084,0.7368421052631579,0.07499473536539797,33.68663264487677,60.940255386392764,2.4450508092634147,-0.06104940816564074,0.0007125172515458236,0.0272402117890885,0.4925941348698324,0.4926021350759813,True,0.019454402884499084,0.7368421052631579,0.7368421052631579,0.0,0.11842105263157894
DIRECT_BASE,6,KMEANS_RETAINED_S0__DIRECT_BASE,13,c3cec2ede0c310e03c80bbc923be5bcf0ea366e26290da754d883f127a04ef46,0.34232954545454547,0.9312059239657096,0.8906330664513948,0.916796555563118,0.8677254481300428,0.8919836344676305,0.8282785473352082,0.0056,2,0.04022814640336357,0.14204545454545456,,,,0.4993283991428427,0.3181818181818182,20.432752384258183,0.046871340298485956,1.4973847377010003,73.70313414176489,0.10795454545454546,False,0.6086747067402642,KMEANS_RETAINED_S0,0.8622123539722154,0.8011363636363636,21.142803053372138,0.04842127914515928,1.7627002682355837,66.12381402407028,12.270354766013144,0.028684443952935748,1.1812717374602633,107.97198273029915,True,0,2,"[2,21,59,89,207,982,1140]","[1,1,1]","[0.36787944117144233,0.5988534651803306,0.7763478934684118]","[0.9973684210526316,0.9973684210526316,0.9982456140350877]",2,1,True,True,True,True,True,False,0.048394931342284266,21.130713396769245,62.4144190776512,1.7637220793020543,-0.13967710791139168,-0.014658368197100563,0.016687974323964825,0.8829015394082856,0.8878920697272139,True,0.015656148620641054,0.20230263157894737,0.04759107828064213,20.762187936993673,62.4997607659142,1.812073420425984,-0.1416765086532018,-0.01511683332895692,0.01686095156970804,0.8829015394082856,0.8878920697272139,True,0.015656148620641054,0.19572368421052633,0.04802405142809977,20.960606618590827,62.49252534050455,1.800150778786291,-0.14814633079501802,-0.01476387357556408,0.01685637617991068,0.8829015394082856,0.8878920697272139,True,0.015656148620641054,0.2055921052631579,0.20120614035087722,0.004102694503041603,0.8026315789473685,0.046308037965663636,20.175266795465028,62.819522220826926,1.6866092544988605,-0.13901552407655357,-0.013945894369175817,0.015490002260803772,0.8829015394082856,0.8878920697272139,True,0.015656148620641054,0.20888157894736842,0.046308037965663636,20.175266795465028,62.819522220826926,1.6866092544988605,-0.13901552407655357,-0.013945894369175817,0.015490002260803772,0.8829015394082856,0.8878920697272139,True,0.015656148620641054,0.20888157894736842,0.046308037965663636,20.175266795465028,62.819522220826926,1.6866092544988605,-0.13901552407655357,-0.013945894369175817,0.015490002260803772,0.8829015394082856,0.8878920697272139,True,0.015656148620641054,0.20888157894736842,0.20888157894736845,2.7755575615628914e-17,0.8157894736842105,0.043568930861319494,18.927543611878807,62.99442236287564,1.5906829766217936,-0.1578359481969868,-0.012263695472390897,0.014067607548052178,0.668233939621909,0.6689921381099196,True,0.015656148620641054,0.37664473684210525,0.04404319705694448,19.143070399019408,62.93617900736439,1.5942253315169936,-0.15683352884058596,-0.01222388676408652,0.0141333174024334,0.668233939621909,0.6689921381099196,True,0.015656148620641054,0.3700657894736842,0.04430112552149221,19.26037389572541,62.962380550574174,1.5973064386803781,-0.1591406266845422,-0.012263159048704952,0.01418990061640368,0.668233939621909,0.6689921381099196,True,0.015656148620641054,0.3700657894736842,0.3722587719298245,0.003101345531519955,0.6973684210526315
BIMODAL_SUPPORT,28,KMEANS_RETAINED_S0__BIMODAL_SUPPORT,14,e2919638eab0c53cb7a3e66dacdeee0787ba725388d1e8f0fb5cc519f6273eff,0.5710227272727272,0.9011703606423852,0.8655391935326023,0.8833151787589564,0.8412466617448404,0.8503291191182116,0.7963680988935993,0.1176,42,0.04955081601178034,0.4772727272727273,,,,0.5266085760456919,0.6818181818181818,25.65124987509532,0.05814615708865847,1.5548103315406978,72.83127982718564,0.5568181818181818,False,0.769303909203399,KMEANS_RETAINED_S0,0.8343846513903473,0.5681818181818182,26.65897528146505,0.06029273806891458,2.0167861204332658,65.29888370053004,14.937449783120686,0.03470295112715457,0.9214843695606894,107.30296209263786,True,0,42,"[42,56,59,210,476,782,875]","[35,45,74]","[12.240480549829936,23.19858729224447,41.32163446281764]","[0.8333333333333334,0.8333333333333334,0.8571428571428571]",2,35,True,True,True,True,True,True,0.06247035910838547,27.685987810314916,61.49123184775358,1.9844605943717044,-0.15441803774087667,-0.014533424030874197,0.020069752247996144,0.9244575748914571,0.9249837410289539,True,0.020454414498969793,0.5032894736842105,0.06175309137979396,27.347182530063293,61.57040950672729,2.0561380365787456,-0.1551890069337629,-0.014913218975228872,0.02007506668754455,0.9244575748914571,0.9249837410289539,True,0.020454414498969793,0.5,0.06199550161466885,27.461628345318537,61.57536855084242,2.026979892225734,-0.15605141912322465,-0.014487179604314462,0.020055239795747904,0.9244575748914571,0.9249837410289539,True,0.020454414498969793,0.5131578947368421,0.5054824561403509,0.005591030168413162,0.9144736842105263,0.05993416622787601,26.49032139351103,61.921971542800904,1.874375676993565,-0.15459199326737863,-0.014045853931519641,0.018966827752850652,0.9244575748914571,0.9249837410289539,True,0.020454414498969793,0.493421052631579,0.05993416622787601,26.49032139351103,61.921971542800904,1.874375676993565,-0.15459199326737863,-0.014045853931519641,0.018966827752850652,0.9244575748914571,0.9249837410289539,True,0.020454414498969793,0.493421052631579,0.05993416622787601,26.49032139351103,61.921971542800904,1.874375676993565,-0.15459199326737863,-0.014045853931519641,0.018966827752850652,0.9244575748914571,0.9249837410289539,True,0.020454414498969793,0.493421052631579,0.493421052631579,0.0,0.40131578947368424,0.05529396382071296,24.3193555324612,62.22216422290552,1.7533459179418438,-0.16306163637884838,-0.013375155746449095,0.016407447837429878,0.6536415965496506,0.6533847253182208,True,0.020454414498969793,0.42105263157894735,0.05580722198685558,24.558438992016615,62.161685038017026,1.7491440903435689,-0.1619379003540234,-0.013429916623195329,0.01648886242869376,0.6536415965496506,0.6533847253182208,True,0.020454414498969793,0.42105263157894735,0.056198232933577154,24.74075234726484,62.178587428771564,1.7560694104736132,-0.16393063505995462,-0.013340271479844158,0.016574707661761227,0.6536415965496506,0.6533847253182208,True,0.020454414498969793,0.42434210526315785,0.42214912280701755,0.0015506727657599642,0.34868421052631576
UNIFORM_MASS_MATCHED,28,KMEANS_RETAINED_S0__UNIFORM_MASS_MATCHED,15,6012b0273c4478abd614bc6851ba6f5bb3138fde694205369e1e32da0e551551,0.5610795454545454,0.9082890915825711,0.8742545174999492,0.8909521967363383,0.8504837769728838,0.8583451046785705,0.805775959827891,0.10079999999999999,36,0.04917107546438602,0.4375,,,,0.530424452470352,0.7102272727272727,25.330352093512545,0.05746054456826345,1.5381493014120526,72.88429658525456,0.48863636363636365,False,0.7575952511385163,KMEANS_RETAINED_S0,0.8435047514335747,0.6079545454545454,26.353057305161286,0.0596421295936871,1.9836176569911836,65.34409353222928,14.931743974517108,0.0346901551373523,0.913345773644039,107.30438450205088,True,0,36,"[36,46,59,204,471,801,883]","[33,43,70]","[11.495467686796422,21.993203167351506,39.11236055876188]","[0.8888888888888888,0.8888888888888888,0.8888888888888888]",2,33,True,True,True,True,True,True,0.06195903423596911,27.44440772272327,61.52476891677828,1.9533847755316784,-0.14762633825642005,-0.014833768303131076,0.0200037197703802,0.9252919767920453,0.925724479256074,True,0.0213269135383885,0.4703947368421053,0.06121202820792898,27.091950988511062,61.60591559873214,2.0233220966168055,-0.1485719667667545,-0.015035742499593933,0.02004065688957112,0.9252919767920453,0.925724479256074,True,0.0213269135383885,0.4769736842105263,0.06146648472696644,27.21194713715128,61.6100959001099,1.9943477941071843,-0.14880592798162617,-0.01519315615138047,0.020004023789159227,0.9252919767920453,0.925724479256074,True,0.0213269135383885,0.46710526315789475,0.47149122807017546,0.0041026945030416,0.7828947368421053,0.059388267592179474,26.233805442107634,61.95792979016026,1.8464145651109216,-0.14746143226120514,-0.014559136930538298,0.018876622776666893,0.9252919767920453,0.925724479256074,True,0.0213269135383885,0.46381578947368424,0.059388267592179474,26.233805442107634,61.95792979016026,1.8464145651109216,-0.14746143226120514,-0.014559136930538298,0.018876622776666893,0.9252919767920453,0.925724479256074,True,0.0213269135383885,0.46381578947368424,0.059388267592179474,26.233805442107634,61.95792979016026,1.8464145651109216,-0.14746143226120514,-0.014559136930538298,0.018876622776666893,0.9252919767920453,0.925724479256074,True,0.0213269135383885,0.46381578947368424,0.46381578947368424,0.0,0.40131578947368424,0.05495319938748904,24.160765721552586,62.24460834807607,1.730222459173267,-0.15818788431260736,-0.013903105552464734,0.01635826325966835,0.659612661474862,0.6593383199528525,True,0.0213269135383885,0.444078947368421,0.05549080867994599,24.411018144030656,62.18251636058586,1.726025930460989,-0.15712878277278075,-0.014056359322322168,0.01644614412217089,0.659612661474862,0.6593383199528525,True,0.0213269135383885,0.4407894736842105,0.05586816608750179,24.586844946389537,62.20033255678698,1.7327194557762773,-0.15906970185998776,-0.013905034653566519,0.0165274734464577,0.659612661474862,0.6593383199528525,True,0.0213269135383885,0.444078947368421,0.44298245614035087,0.0015506727657599642,0.34868421052631576
PERMUTED_SUPPORT,28,KMEANS_RETAINED_S0__PERMUTED_SUPPORT,16,686425649741e601923443be153bca80d13519a62bcc624c183d7df146bb3d56,0.5426136363636364,0.9089705005381215,0.8751560462522874,0.8916983202670928,0.8514678211425638,0.8590563727970819,0.8067004676552703,0.09519999999999999,34,0.04912591105087609,0.42045454545454547,,,,0.5280363191346372,0.6931818181818182,25.26384498628542,0.057318324253822404,1.5288476079000448,72.89529413821474,0.4318181818181818,False,0.7565051821628955,KMEANS_RETAINED_S0,0.8444414450167071,0.625,26.508572431590316,0.05997298261832478,1.9783575153748985,65.32110303928216,14.842142514545161,0.034489168148442516,0.916022472036199,107.32672632861845,True,0,34,"[34,45,59,207,470,805,880]","[33,43,70]","[11.495467686796422,21.993203167351506,39.11236055876188]","[0.9411764705882353,0.9411764705882353,0.9411764705882353]",2,33,True,True,True,True,True,True,0.061716155098673814,27.329749502609953,61.540699012949105,1.9433214097140064,-0.14792054906249547,-0.014507991930834258,0.02002341854518787,0.9234229935344488,0.9241305124227673,True,0.020799046927704616,0.4506578947368421,0.06095353577340615,26.970118176962742,61.62287860164932,2.012655629220435,-0.14881993541655172,-0.014639840809792208,0.02005469574047562,0.9234229935344488,0.9241305124227673,True,0.020799046927704616,0.45723684210526316,0.061215198111592345,27.093445445860596,61.626591626921645,1.984161902219361,-0.14914450497206894,-0.014829574585225035,0.0200241159810796,0.9234229935344488,0.9241305124227673,True,0.020799046927704616,0.4375,0.4484649122807018,0.008205389006083206,0.9605263157894737,0.05919206187926229,26.141681754897345,61.97085382604723,1.836880933809091,-0.14778876768210947,-0.013964796339180725,0.01890485016539351,0.9234229935344488,0.9241305124227673,True,0.020799046927704616,0.4407894736842105,0.05919206187926229,26.141681754897345,61.97085382604723,1.836880933809091,-0.14778876768210947,-0.013964796339180725,0.01890485016539351,0.9234229935344488,0.9241305124227673,True,0.020799046927704616,0.4407894736842105,0.05919206187926229,26.141681754897345,61.97085382604723,1.836880933809091,-0.14778876768210947,-0.013964796339180725,0.01890485016539351,0.9234229935344488,0.9241305124227673,True,0.020799046927704616,0.4407894736842105,0.44078947368421045,5.551115123125783e-17,0.8947368421052632,0.05479860946388511,24.088858163158083,62.254790266308106,1.7205196571367314,-0.1610573483523375,-0.013614238846471812,0.016397856603297643,0.6591134436446114,0.65887329886321,True,0.020799046927704616,0.4342105263157895,0.0553295804382219,24.33593790599026,62.19313095054531,1.7166676498429108,-0.16000911107749977,-0.013419978526710844,0.016494044331708882,0.6591134436446114,0.65887329886321,True,0.020799046927704616,0.44078947368421056,0.0557055419612059,24.511054245677002,62.211046393958895,1.7234209163399814,-0.16200312631024272,-0.01354608888007659,0.016573355021446773,0.6591134436446114,0.65887329886321,True,0.020799046927704616,0.4342105263157895,0.4364035087719298,0.003101345531519955,0.6973684210526315
RNA_ONLY_SUPPORT,28,KMEANS_RETAINED_S0__RNA_ONLY_SUPPORT,17,f9167f0a6f973b38e42d7f1affda1b05ba9379958f8c55bb2e1d7c5ac22a9fc1,0.5411931818181819,0.9014386764065193,0.8658813561348103,0.8830102293167017,0.840804599430305,0.8492895034193778,0.7949186691017678,0.11479999999999999,41,0.04948329500734418,0.4659090909090909,,,,0.5244532425106043,0.6022727272727273,25.57706871059571,0.057987754351785666,1.554447247841962,72.84352872773576,0.5397727272727273,False,0.7692862762743532,KMEANS_RETAINED_S0,0.8338682082222943,0.5568181818181818,26.806381421514672,0.06060591152983703,2.011940634623858,65.27712173461649,14.836545181386736,0.034476609870846865,0.9466364218806707,107.32812231380909,True,0,41,"[41,56,60,212,472,781,878]","[35,45,74]","[12.240480549829936,23.19858729224447,41.32163446281764]","[0.8536585365853658,0.8536585365853658,0.8780487804878049]",2,35,True,True,True,True,True,True,0.062318068998651575,27.614009412859733,61.50122033882344,1.9873760938957135,-0.1529756689796173,-0.015508873829640401,0.019994845876005692,0.9236524389489952,0.9242501834219418,True,0.01913205070466242,0.4671052631578947,0.0616058326162291,27.277688141868865,61.58007304229862,2.0586268630201396,-0.1537473463600873,-0.01545902244981792,0.02001613076905459,0.9236524389489952,0.9242501834219418,True,0.01913205070466242,0.4671052631578947,0.06183950410322977,27.387972598794253,61.58560901800053,2.0292639973284516,-0.15463507397316217,-0.0155422270480148,0.019982731576617997,0.9236524389489952,0.9242501834219418,True,0.01913205070466242,0.4671052631578947,0.4671052631578947,0.0,0.125,0.0598285927231979,26.440689521171414,61.92892565103194,1.8787635807770235,-0.15321935575262013,-0.01425475479247282,0.018897828682527172,0.9236524389489952,0.9242501834219418,True,0.01913205070466242,0.4736842105263158,0.0598285927231979,26.440689521171414,61.92892565103194,1.8787635807770235,-0.15321935575262013,-0.01425475479247282,0.018897828682527172,0.9236524389489952,0.9242501834219418,True,0.01913205070466242,0.4736842105263158,0.0598285927231979,26.440689521171414,61.92892565103194,1.8787635807770235,-0.15321935575262013,-0.01425475479247282,0.018897828682527172,0.9236524389489952,0.9242501834219418,True,0.01913205070466242,0.4736842105263158,0.47368421052631576,5.551115123125783e-17,0.8947368421052632,0.05516582426987409,24.259706700829323,62.23060401250186,1.7583246550578022,-0.16155061701965331,-0.014119199957517587,0.01630067976596144,0.6523005963705132,0.6521080585926705,True,0.01913205070466242,0.3684210526315789,0.05565548105829904,24.487728700579098,62.1716750231429,1.7536626109675966,-0.16043602454090194,-0.013955766361267701,0.016370632773316275,0.6523005963705132,0.6521080585926705,True,0.01913205070466242,0.3881578947368421,0.05604875749225307,24.67103986871443,62.18843501766273,1.7606037905454814,-0.16246649916282144,-0.013905973547071186,0.016464130490071876,0.6523005963705132,0.6521080585926705,True,0.01913205070466242,0.3881578947368421,0.381578947368421,0.009304036594559839,1.0
ATAC_ONLY_SUPPORT,28,KMEANS_RETAINED_S0__ATAC_ONLY_SUPPORT,18,f71cc5586f645601fb54709857c066948da0fbead996324a753858847e80df85,0.5525568181818181,0.8995681238286417,0.8635596041004358,0.8811008872609806,0.8384711843226008,0.8478598596928454,0.7933120263500235,0.11479999999999999,41,0.04972191209940479,0.5113636363636364,,,,0.5245512034840425,0.6136363636363636,25.67689191096653,0.05820089941643716,1.5521819955814555,72.82704673537118,0.5397727272727273,False,0.7720966896199511,KMEANS_RETAINED_S0,0.8317809382576867,0.5454545454545454,26.721508113910858,0.06042561843696603,2.0129429173734223,65.28965003803643,15.049273142923914,0.03495366054869218,0.9202573354171333,107.27509309253377,True,0,41,"[41,59,64,207,475,783,871]","[35,45,73]","[12.240480549829936,23.19858729224447,41.03783386463887]","[0.8536585365853658,0.8536585365853658,0.8536585365853658]",2,35,True,True,True,True,True,True,0.06260906976030071,27.751568365135466,61.48213401395223,1.9826016777550837,-0.15393291427552958,-0.01458302198833301,0.02003689424775487,0.9237255094672131,0.9243908792226622,True,0.020454414498969793,0.5032894736842105,0.06188232987536955,27.408190765450726,61.56192851198751,2.0541379999438503,-0.15468712163766013,-0.014783823509974169,0.02003662701313878,0.9237255094672131,0.9243908792226622,True,0.020454414498969793,0.513157894736842,0.062130596584992,27.525434550977568,61.566500232405424,2.0257626804907525,-0.15556682928834384,-0.014656566777743834,0.020016891670778875,0.9237255094672131,0.9243908792226622,True,0.020454414498969793,0.506578947368421,0.5076754385964912,0.004102694503041581,0.7236842105263158,0.06004120443941641,26.540653231186866,61.91492095458582,1.8727054122018139,-0.15408619906851356,-0.014094895519579922,0.018942387954515496,0.9237255094672131,0.9243908792226622,True,0.020454414498969793,0.5,0.06004120443941641,26.540653231186866,61.91492095458582,1.8727054122018139,-0.15408619906851356,-0.014094895519579922,0.018942387954515496,0.9237255094672131,0.9243908792226622,True,0.020454414498969793,0.5,0.06004120443941641,26.540653231186866,61.91492095458582,1.8727054122018139,-0.15408619906851356,-0.014094895519579922,0.018942387954515496,0.9237255094672131,0.9243908792226622,True,0.020454414498969793,0.5,0.5,0.0,0.40131578947368424,0.05541283245576777,24.374703231709276,62.214335053356386,1.7536134617816557,-0.16329700608775596,-0.013338946680660482,0.016384080928456075,0.6544182065919947,0.6541652943470528,True,0.020454414498969793,0.4473684210526315,0.055931467195216654,24.616353381220094,62.15350525557273,1.7487529050025987,-0.16222145584375952,-0.013458824689675828,0.016459486202259177,0.6544182065919947,0.6541652943470528,True,0.020454414498969793,0.4407894736842105,0.0563267325317398,24.800699748258,62.17012174903062,1.755975879429334,-0.16419014346636893,-0.013412941025331224,0.016552152111398415,0.6544182065919947,0.6541652943470528,True,0.020454414498969793,0.444078947368421,0.444078947368421,0.002685844016209611,0.5789473684210527
INPUT_START,8,KMEANS_RETAINED_S1__INPUT_START,19,821dc5f5f17409454fed6d653d2f9e2ce30f8e7d8fe56a620a2050f33ca29f4a,0.5426136363636365,0.5116698251330223,0.32112248391956616,0.4927239959526694,0.2947839570047676,0.4702623144034871,0.26355768559679577,0.0532,19,0.06632672346035522,0.9431818181818182,,,,0.5569991531585492,0.8465909090909091,35.60901747810407,0.07893661199054276,2.1347846094926584,71.22360423071186,0.2556818181818182,False,0.731038471903265,KMEANS_RETAINED_S1,0.29315470884037653,0.125,35.351028739587086,0.07840955545430495,2.070316223469577,64.03997254873019,20.55708364871302,0.047143102175296346,1.2127743025875757,105.92010791536244,True,0,19,"[19,43,45,167,559,733,934]","[12,18,26]","[4.191263116813108,8.884625406875193,14.957716446914713]","[0.7368421052631579,0.8222222222222222,0.8444444444444444]",2,12,True,True,True,True,True,True,0.07796990068140135,35.13604789807188,60.47463902462555,2.3702469436242604,-0.04371873531580483,0.0016449074194238146,0.03160279894175053,0.8375002672677415,0.8547518687695094,True,0.02478765535662274,0.6875,0.07689848649375883,34.613009155185146,60.576525945011795,2.3794814966541273,-0.04452834247259881,0.001197121700216078,0.03147195265513274,0.8375002672677415,0.8547518687695094,True,0.02478765535662274,0.7039473684210527,0.0771555735142814,34.73840213486952,60.58018460867284,2.3710068309523633,-0.04545439744523197,0.0013943503251571427,0.03138914702868808,0.8375002672677415,0.8547518687695094,True,0.02478765535662274,0.6875,0.6929824561403509,0.007753363828799874,0.9473684210526315,0.07534525872896447,33.85691286117389,60.906845583519214,2.3550796998157724,-0.04846863440771154,0.0020099925871664595,0.030747768207199294,0.8375002672677415,0.8547518687695094,True,0.02478765535662274,0.6875,0.07534525872896447,33.85691286117389,60.906845583519214,2.3550796998157724,-0.04846863440771154,0.0020099925871664595,0.030747768207199294,0.8375002672677415,0.8547518687695094,True,0.02478765535662274,0.6875,0.07534525872896447,33.85691286117389,60.906845583519214,2.3550796998157724,-0.04846863440771154,0.0020099925871664595,0.030747768207199294,0.8375002672677415,0.8547518687695094,True,0.02478765535662274,0.6875,0.6875,0.0,0.40131578947368424,0.07009457827605516,31.319633796421574,61.24733583399763,2.2574641326623692,-0.0450268891512279,0.0010538486748541886,0.027668487549175017,0.5127922585540929,0.5134893000802815,True,0.02478765535662274,0.6776315789473684,0.07068115708445737,31.601662865735122,61.18244765096707,2.255531007657257,-0.047559284318545426,0.0011298031714089944,0.027760866853045876,0.5127922585540929,0.5134893000802815,True,0.02478765535662274,0.6776315789473684,0.07111370603097883,31.809862033400975,61.19594141094205,2.255826724828703,-0.0448241662721845,0.00110701810971566,0.027885151198085555,0.5127922585540929,0.5134893000802815,True,0.02478765535662274,0.6743421052631579,0.6765350877192983,0.0015506727657599642,0.34868421052631576
DIRECT_BASE,12,KMEANS_RETAINED_S1__DIRECT_BASE,20,b46b9718e78549334d93f032ee4922cadfd9e01b1c10dbef75043286d1cd348d,0.35511363636363635,0.9678597093002728,0.7918396525701338,0.9624826957335543,0.7570147960484495,0.9538116464536143,0.7008557324121918,0.0168,6,0.02946275842805414,0.03409090909090909,,,,0.5554078160322531,0.8238636363636364,17.18803468913212,0.039723850236535865,2.4726381924010425,74.25583226226608,0.17613636363636365,False,0.20369954920753394,KMEANS_RETAINED_S1,0.7499033936769249,0.38636363636363635,17.29345088237112,0.03995774623463816,2.999533824909068,66.71193255162535,6.8044583604358895,0.016112684168321754,1.25038865616832,109.36946660863624,True,0,6,"[6,12,17,20,48,101,2296]","[3,3,7]","[0.8837524955152067,1.5686071121999865,2.734048626539994]","[0.5,0.5,0.8333333333333334]",2,3,True,True,True,True,True,True,0.03255405699979878,13.981360696463822,63.45339943024948,3.138287741874689,-0.17858953377117068,-0.017227127099044472,0.028508208244582126,0.7331546237427824,0.7486757487255888,True,0.013358241887548347,0.029605263157894735,0.03153019973209775,13.527316995390684,63.553720933740316,3.1529538916917828,-0.17628644975514224,-0.017133303186503267,0.028451500352429195,0.7331546237427824,0.7486757487255888,True,0.013358241887548347,0.03618421052631579,0.031943300061017754,13.710396484203306,63.54814734840218,3.1257438831698137,-0.17767448213948142,-0.017000117502391013,0.028381840375172596,0.7331546237427824,0.7486757487255888,True,0.013358241887548347,0.03618421052631579,0.03399122807017544,0.0031013455315199467,0.5921052631578947,0.032127830785121325,13.792228060495306,63.7535699799942,3.10157214911621,-0.18043354613227097,-0.01640485590130591,0.027976194427974475,0.7331546237427824,0.7486757487255888,True,0.013358241887548347,0.029605263157894735,0.032127830785121325,13.792228060495306,63.7535699799942,3.10157214911621,-0.18043354613227097,-0.01640485590130591,0.027976194427974475,0.7331546237427824,0.7486757487255888,True,0.013358241887548347,0.029605263157894735,0.032127830785121325,13.792228060495306,63.7535699799942,3.10157214911621,-0.18043354613227097,-0.01640485590130591,0.027976194427974475,0.7331546237427824,0.7486757487255888,True,0.013358241887548347,0.029605263157894735,0.029605263157894735,0.0,0.40131578947368424,0.030896518482793876,13.246782902381854,63.82907874689323,2.9759229426823026,-0.1658908281592811,-0.013947932473393354,0.024907878160602307,0.6915311143942552,0.7024311521928823,True,0.013358241887548347,0.29276315789473684,0.03108066748828232,13.328268833179804,63.78957748605085,2.972692080864658,-0.1651401710453289,-0.014183142923289292,0.024854633360488865,0.6915311143942552,0.7024311521928823,True,0.013358241887548347,0.2763157894736842,0.0312518741703939,13.404055576033842,63.82207804672982,2.977290184093473,-0.16740901676476674,-0.014163375431024626,0.024866027544100274,0.6915311143942552,0.7024311521928823,True,0.013358241887548347,0.2894736842105263,0.28618421052631576,0.007106075327201615,0.9276315789473685
BIMODAL_SUPPORT,28,KMEANS_RETAINED_S1__BIMODAL_SUPPORT,21,e92c27380f28e13f837ecb6a15cd19e0971812bb1317c747870c547b54494200,0.4985795454545455,0.9157113662674449,0.8831473063020417,0.9002480617121007,0.8617099106444349,0.8716812731652565,0.8221066326675915,0.05039999999999999,18,0.05348297151634042,0.6363636363636364,,,,0.5067380348612992,0.4090909090909091,28.24448376163274,0.0636503321059984,1.5492359142365237,72.40565528477623,0.2215909090909091,False,0.7326784255521868,KMEANS_RETAINED_S1,0.8556546165380228,0.7272727272727273,29.619578485551234,0.0665429693888711,1.9723296206711742,64.8645642644702,15.570108691381328,0.03611966679538092,0.8976956890995818,107.14547918328756,True,0,18,"[18,30,48,213,486,813,892]","[13,21,28]","[4.559142557984551,9.97071657452526,16.336780392075966]","[0.7777777777777778,0.8888888888888888,0.8888888888888888]",2,13,True,True,True,True,True,True,0.06424897305789597,28.528366560058767,61.3745750958316,1.95203876597214,-0.145117879458754,-0.0090621679927743,0.023649686418480993,0.9193922559778973,0.9209303804232607,True,0.022236629706355412,0.6447368421052632,0.06336116353066178,28.10748649525146,61.46488327484138,2.0209220014671674,-0.14600858584253515,-0.009680649221966185,0.02371064885628049,0.9193922559778973,0.9209303804232607,True,0.022236629706355412,0.6348684210526316,0.06364825231169546,28.243498130696967,61.466873619882854,1.9923242058558766,-0.14606496166209398,-0.008991147227418839,0.023654649817495283,0.9193922559778973,0.9209303804232607,True,0.022236629706355412,0.6381578947368421,0.6392543859649122,0.004102694503041581,0.7236842105263158,0.06184388499017419,27.390040743003894,61.79617870297471,1.8453726950406875,-0.14477703751339807,-0.008290301815086068,0.02242375954377778,0.9193922559778973,0.9209303804232607,True,0.022236629706355412,0.6447368421052632,0.06184388499017419,27.390040743003894,61.79617870297471,1.8453726950406875,-0.14477703751339807,-0.008290301815086068,0.02242375954377778,0.9193922559778973,0.9209303804232607,True,0.022236629706355412,0.6447368421052632,0.06184388499017419,27.390040743003894,61.79617870297471,1.8453726950406875,-0.14477703751339807,-0.008290301815086068,0.02242375954377778,0.9193922559778973,0.9209303804232607,True,0.022236629706355412,0.6447368421052632,0.6447368421052632,0.0,0.40131578947368424,0.05751817951577097,25.35730989115959,62.07566837240287,1.728944747545142,-0.16230127682431525,-0.00868185424750225,0.019802356097958107,0.6572061252082243,0.6572145992867827,True,0.022236629706355412,0.6282894736842105,0.0581054356429128,25.632177340474968,62.01038030791888,1.726580234792029,-0.1610196446004924,-0.008561633085766466,0.019932700791835848,0.6572061252082243,0.6572145992867827,True,0.022236629706355412,0.6282894736842105,0.05848036412136875,25.807843369886957,62.02823838458076,1.732804058391308,-0.16339798173994818,-0.008523615111144748,0.020028571919902708,0.6572061252082243,0.6572145992867827,True,0.022236629706355412,0.6282894736842105,0.6282894736842105,0.0,0.11842105263157894
UNIFORM_MASS_MATCHED,11,KMEANS_RETAINED_S1__UNIFORM_MASS_MATCHED,22,d210474e2bb237a02c879fabb188934c648ef47b6ec11513e6545cb3f0207416,0.5,0.9274145607396366,0.8839203526516833,0.9162772661373428,0.8661094357099084,0.8945494951227468,0.8313620811062896,0.06999999999999999,25,0.03134906164910141,0.05113636363636364,,,,0.5601123595505618,0.8693181818181818,18.559925378458903,0.042758901002612516,1.407367905401951,74.02113912670423,0.32386363636363635,False,0.6334856818524164,KMEANS_RETAINED_S1,0.8604639564892937,0.7556818181818182,19.175547012367225,0.044114620995281455,1.4809485584344175,66.42307740220882,6.899020790457324,0.01633294693142713,1.2935245428575104,109.34498207618324,True,0,25,"[25,41,48,113,193,791,1289]","[24,39,54]","[8.61507039156105,19.080757709899157,31.77133013904012]","[0.8536585365853658,0.8780487804878049,0.9512195121951219]",2,24,True,True,True,True,True,True,0.042475160080468206,18.431301494922756,62.8026884307138,1.6165407817905935,-0.09467280878877608,-0.0165866206892888,0.01255540540724338,0.826711738912018,0.8410685557076262,True,0.02168624653276596,0.06907894736842105,0.041803606797861145,18.12718013523883,62.879550974578315,1.653098797930904,-0.09362451660831239,-0.017516505915038224,0.012603740154422092,0.826711738912018,0.8410685557076262,True,0.02168624653276596,0.06578947368421052,0.04193116974606505,18.184915821624465,62.89249296939522,1.63328409309446,-0.09457581395785321,-0.017095525835709387,0.012508550433713761,0.826711738912018,0.8410685557076262,True,0.02168624653276596,0.06578947368421052,0.0668859649122807,0.0015506727657599707,0.375,0.04088835710501017,17.71338352837805,63.17651564827426,1.48403558195527,-0.09676802022954087,-0.01541260401198289,0.011461389833047885,0.826711738912018,0.8410685557076262,True,0.02168624653276596,0.06907894736842105,0.04088835710501017,17.71338352837805,63.17651564827426,1.48403558195527,-0.09676802022954087,-0.01541260401198289,0.011461389833047885,0.826711738912018,0.8410685557076262,True,0.02168624653276596,0.06907894736842105,0.04088835710501017,17.71338352837805,63.17651564827426,1.48403558195527,-0.09676802022954087,-0.01541260401198289,0.011461389833047885,0.826711738912018,0.8410685557076262,True,0.02168624653276596,0.06907894736842105,0.06907894736842105,0.0,0.40131578947368424,0.03847745095249907,16.627151268163924,63.32976784273041,1.391979935654215,-0.09826788869338343,-0.01487308390228661,0.009934896164188549,0.6587715755808412,0.6621622283348239,True,0.02168624653276596,0.2598684210526316,0.03873689048103242,16.74377996563633,63.28552393540028,1.397117218900824,-0.09836703132288085,-0.014929144278107542,0.00999113825055844,0.6587715755808412,0.6621622283348239,True,0.02168624653276596,0.2598684210526316,0.03892968690159269,16.83049063857154,63.316256202750395,1.3986914324546678,-0.09935221881968363,-0.014760921116644284,0.010021921733721175,0.6587715755808412,0.6621622283348239,True,0.02168624653276596,0.2598684210526316,0.2598684210526316,0.0,0.11842105263157894
PERMUTED_SUPPORT,6,KMEANS_RETAINED_S1__PERMUTED_SUPPORT,23,9028098d44649e1651e74db0244fb81f3678eaf6d9a3f284bfd77a647db2a7c8,0.3849431818181818,0.9044932506210026,0.8588272227346824,0.8884385630172384,0.8350960743929415,0.8573175574105651,0.7890947308088435,0.0532,19,0.049713213741096905,0.5,,,,0.4953532407451111,0.25,25.837967038161207,0.058544627854161195,1.5295257246569325,72.80046704657886,0.2556818181818182,False,0.6826469031325313,KMEANS_RETAINED_S1,0.8276726759788224,0.5340909090909091,28.54540836705171,0.06428488580036354,1.8844970945758939,65.02147519152744,14.021834514201183,0.03264521937530881,1.0803863699660439,107.53170070985723,True,0,19,"[19,29,48,179,273,919,1033]","[15,25,32]","[5.294901440327436,11.8856744504029,19.09490828239847]","[0.7894736842105263,0.8947368421052632,0.8947368421052632]",2,15,True,True,True,True,True,True,0.05808857220770565,25.624279566150463,61.778627000360075,1.850992264038301,-0.14413212430802233,-0.011722154763998394,0.021807153552517104,0.9032173705129982,0.9059634095743332,True,0.014401343979413379,0.32894736842105265,0.05715752379736851,25.188673333277574,61.871983618366926,1.9062980511207999,-0.14489632777025838,-0.012168320729751077,0.021811483023878253,0.9032173705129982,0.9059634095743332,True,0.014401343979413379,0.3223684210526316,0.05755728330442188,25.375601921821822,61.86671569110985,1.8876137197481986,-0.14491710561561666,-0.011692242462112895,0.02182754041125992,0.9032173705129982,0.9059634095743332,True,0.014401343979413379,0.3223684210526316,0.324561403508772,0.003101345531519955,0.625,0.05596961702889109,24.634139213097715,62.183115702986484,1.7649836446531058,-0.14397661427404548,-0.010660869731512555,0.020606460090499625,0.9032173705129982,0.9059634095743332,True,0.014401343979413379,0.33223684210526316,0.05596961702889109,24.634139213097715,62.183115702986484,1.7649836446531058,-0.14397661427404548,-0.010660869731512555,0.020606460090499625,0.9032173705129982,0.9059634095743332,True,0.014401343979413379,0.33223684210526316,0.05596961702889109,24.634139213097715,62.183115702986484,1.7649836446531058,-0.14397661427404548,-0.010660869731512555,0.020606460090499625,0.9032173705129982,0.9059634095743332,True,0.014401343979413379,0.33223684210526316,0.33223684210526316,0.0,0.40131578947368424,0.052519685931696744,23.031538682762402,62.40488939645102,1.6594670619313092,-0.15811900897395037,-0.009812989657356313,0.018380894335996243,0.6574373806709652,0.6577884456132747,True,0.014401343979413379,0.41118421052631576,0.05299014707189959,23.249394967008758,62.34714941316347,1.6601512113795405,-0.15685254029286363,-0.00966734129967796,0.018479125885635068,0.6574373806709652,0.6577884456132747,True,0.014401343979413379,0.4276315789473684,0.05331000841846235,23.397636707732442,62.36886649667921,1.664303275115151,-0.15911984058294187,-0.009644051595546517,0.01856073672084603,0.6574373806709652,0.6577884456132747,True,0.014401343979413379,0.4144736842105263,0.4177631578947369,0.007106075327201606,0.9078947368421053
RNA_ONLY_SUPPORT,6,KMEANS_RETAINED_S1__RNA_ONLY_SUPPORT,24,7ac4e9d0cd51f7e0aa7d6f94081a5d0d1da63c5b3d3774829dc656ccdb66f9c2,0.38210227272727265,0.9036870941952594,0.8578336452533183,0.8872419139076767,0.833559106809037,0.8559097478701319,0.7873100626684096,0.0532,19,0.04968408848532029,0.48863636363636365,,,,0.4961657524746097,0.26136363636363635,25.926346422574223,0.058733119653341034,1.525641149173529,72.78589143161003,0.2556818181818182,False,0.6840129179096829,KMEANS_RETAINED_S1,0.8262342715769216,0.5227272727272727,28.53873700857562,0.06427082736257864,1.881979269367899,65.0224520918145,13.95310182641957,0.032490397128530385,1.0766839913281616,107.54891083776197,True,0,19,"[19,30,48,179,275,923,1026]","[15,25,32]","[5.294901440327436,11.8856744504029,19.09490828239847]","[0.7894736842105263,0.8947368421052632,0.8947368421052632]",2,15,True,True,True,True,True,True,0.0582294668016251,25.690274438623707,61.769385924917856,1.8499921428771533,-0.14235449249658927,-0.012070898340807898,0.02190176585206235,0.9048460359610987,0.9073910911244176,True,0.014162719095786626,0.36184210526315785,0.057317845686395835,25.263621225585112,61.86146284364376,1.906087107652276,-0.1431372545807704,-0.012195988488829544,0.02190450606351803,0.9048460359610987,0.9073910911244176,True,0.014162719095786626,0.3421052631578947,0.05771783879141251,25.450722729455553,61.856176015339294,1.8873560062064902,-0.14316158084089037,-0.011792855119037849,0.021930224496112153,0.9048460359610987,0.9073910911244176,True,0.014162719095786626,0.35526315789473684,0.3530701754385965,0.00820538900608321,0.9736842105263158,0.05612275464004023,24.705547959304514,62.17302855540698,1.763618705246268,-0.14213637222432707,-0.010755218027154352,0.020720159984889543,0.9048460359610987,0.9073910911244176,True,0.014162719095786626,0.3486842105263158,0.05612275464004023,24.705547959304514,62.17302855540698,1.763618705246268,-0.14213637222432707,-0.010755218027154352,0.020720159984889543,0.9048460359610987,0.9073910911244176,True,0.014162719095786626,0.3486842105263158,0.05612275464004023,24.705547959304514,62.17302855540698,1.763618705246268,-0.14213637222432707,-0.010755218027154352,0.020720159984889543,0.9048460359610987,0.9073910911244176,True,0.014162719095786626,0.3486842105263158,0.34868421052631576,5.551115123125783e-17,0.8947368421052632,0.05258495593943795,23.061750317150125,62.400590449492945,1.6588667689772219,-0.15762952551310394,-0.010022879604078367,0.018436918208125916,0.656295990420913,0.6566197603007483,True,0.014162719095786626,0.41776315789473684,0.053058631663845515,23.281126153632943,62.34264067539971,1.6592646511342404,-0.15631300940956114,-0.010055338293813776,0.018537215810288468,0.656295990420913,0.6566197603007483,True,0.014162719095786626,0.41776315789473684,0.05337973614611312,23.429965758828743,62.36427276549409,1.6636007750227444,-0.1586393044540822,-0.010206771908251103,0.018620655997110713,0.656295990420913,0.6566197603007483,True,0.014162719095786626,0.41776315789473684,0.4177631578947369,5.551115123125783e-17,0.2565789473684211
ATAC_ONLY_SUPPORT,28,KMEANS_RETAINED_S1__ATAC_ONLY_SUPPORT,25,2509a645cde0e70577f9cc419c71a2b2d4394d227e89536e7a6a94a3761336b7,0.5497159090909091,0.9157063282485733,0.8823103838133569,0.9009602961205366,0.861722185134075,0.8730354354565685,0.8227338949656344,0.05039999999999999,18,0.05424529780616964,0.6704545454545454,,,,0.5240553538830228,0.5909090909090909,28.581609149265237,0.06436116371497463,1.5416820140430632,72.35068839557893,0.2215909090909091,False,0.7269425638996503,KMEANS_RETAINED_S1,0.8555888213043555,0.7159090909090909,30.01263728552816,0.0673665229080654,1.9692487585567273,64.8073367345259,15.88105469071036,0.03681444634163799,0.9830543273714005,107.06824709871648,True,0,18,"[18,30,48,204,462,821,917]","[13,21,28]","[4.559142557984551,9.97071657452526,16.336780392075966]","[0.7777777777777778,0.8888888888888888,0.8888888888888888]",2,13,True,True,True,True,True,True,0.06524612861820685,29.00203708254252,61.30917308497993,1.94133583887916,-0.145093872206712,-0.008153760508918065,0.024212572241478467,0.9217422311565677,0.9231108210971233,True,0.027631339199892288,0.6710526315789473,0.0643434168177408,28.573186111558176,61.40042504261152,2.010086913427704,-0.145971113364981,-0.008440183315472454,0.0243095799190107,0.9217422311565677,0.9231108210971233,True,0.027631339199892288,0.674342105263158,0.06464471630614277,28.71623231669645,61.401460673770806,1.9817359490808348,-0.1460305617162934,-0.008186426719897893,0.02424058260786324,0.9217422311565677,0.9231108210971233,True,0.027631339199892288,0.6776315789473685,0.674342105263158,0.002685844016209656,0.48026315789473684,0.06272823990999574,27.807925931856094,61.73792639955975,1.835308010342934,-0.14477249468626144,-0.0074029766114024715,0.02290662347332169,0.9217422311565677,0.9231108210971233,True,0.027631339199892288,0.6710526315789473,0.06272823990999574,27.807925931856094,61.73792639955975,1.835308010342934,-0.14477249468626144,-0.0074029766114024715,0.02290662347332169,0.9217422311565677,0.9231108210971233,True,0.027631339199892288,0.6710526315789473,0.06272823990999574,27.807925931856094,61.73792639955975,1.835308010342934,-0.14477249468626144,-0.0074029766114024715,0.02290662347332169,0.9217422311565677,0.9231108210971233,True,0.027631339199892288,0.6710526315789473,0.6710526315789473,0.0,0.40131578947368424,0.058267659867817324,25.70816743075843,62.026304562115946,1.7206718872997708,-0.16154515904889352,-0.008106552675344967,0.02022367585940038,0.657375745754942,0.6572364676200086,True,0.027631339199892288,0.6513157894736843,0.058862479246257655,25.987020586781554,61.96053973814647,1.7179570510835396,-0.1602656510987854,-0.007987115607687632,0.02034693664492717,0.657375745754942,0.6572364676200086,True,0.027631339199892288,0.6578947368421053,0.059248309657650634,26.16808762128847,61.977645378364365,1.7241653154019898,-0.16265115382421266,-0.008008731807144984,0.020445495096650508,0.657375745754942,0.6572364676200086,True,0.027631339199892288,0.6578947368421053,0.655701754385965,0.0031013455315199285,0.6381578947368421
INPUT_START,18,KMEANS_RETAINED_S2__INPUT_START,26,1903d51074e39d0b578b8b3124ffea3391849f0ba47d9c839cd594d504f82ac9,0.6122159090909091,0.40894760046030143,0.25218439014768224,0.3892190335071366,0.22722326937550893,0.3680374994048657,0.2004238149538143,0.1288,46,0.06564315412815448,0.9090909090909091,,,,0.5678580321223461,0.9659090909090909,35.36483720048047,0.07843778064412511,2.2883498311826433,71.26217765232174,0.5738636363636364,False,0.8759247250030079,KMEANS_RETAINED_S2,0.22661049149233517,0.0,31.642589277555462,0.07076621649635327,1.9109601832366605,64.57109699771378,22.31017076007484,0.05095854836205045,1.3989796539136288,105.49598077437321,True,0,46,"[46,159,168,381,447,468,831]","[76,118,228]","[26.913973206133207,57.90992881945923,114.79834725583274]","[0.5297619047619048,0.6369047619047619,0.8392857142857143]",2,76,True,True,True,True,True,True,0.08229541993407412,37.260080994857184,60.19093438679131,2.4542984496676987,-0.05793374126101327,0.0007608613697911199,0.029456023993773995,0.8315203756048944,0.8480301919440943,True,0.021868177068635246,0.6875000000000001,0.08123084696982387,36.73547028069769,60.292224226358265,2.4470547005079637,-0.05921201152617709,0.00048374229437331994,0.029278211396442818,0.8315203756048944,0.8480301919440943,True,0.021868177068635246,0.6875000000000001,0.08154202445490799,36.888689589642404,60.29223574087507,2.451845268704381,-0.06026101658785936,0.0004760230616248499,0.029301983571637276,0.8315203756048944,0.8480301919440943,True,0.021868177068635246,0.6875000000000001,0.6875000000000001,0.0,0.125,0.07920758635722373,35.74177159130491,60.652434740263296,2.4722430273280707,-0.061864561795431,0.0014038003361020893,0.02835570962513438,0.8315203756048944,0.8480301919440943,True,0.021868177068635246,0.6842105263157895,0.07920758635722373,35.74177159130491,60.652434740263296,2.4722430273280707,-0.061864561795431,0.0014038003361020893,0.02835570962513438,0.8315203756048944,0.8480301919440943,True,0.021868177068635246,0.6842105263157895,0.07920758635722373,35.74177159130491,60.652434740263296,2.4722430273280707,-0.061864561795431,0.0014038003361020893,0.02835570962513438,0.8315203756048944,0.8480301919440943,True,0.021868177068635246,0.6842105263157895,0.6842105263157895,0.0,0.40131578947368424,0.07352264028037012,32.97291263084767,61.02154979174744,2.3324989179259363,-0.0477605903676403,0.0005052180907521216,0.025384090810756908,0.4654969367355066,0.46593994290670915,True,0.021868177068635246,0.680921052631579,0.07402933464284514,33.218318565457004,60.96201770945257,2.3332456945410787,-0.050195811617519084,0.00016046765026189592,0.02543455063941667,0.4654969367355066,0.46593994290670915,True,0.021868177068635246,0.674342105263158,0.07441650013480036,33.40601448763152,60.97835009133473,2.329512163301969,-0.047570610291613094,0.00010637442709016875,0.025547782392434788,0.4654969367355066,0.46593994290670915,True,0.021868177068635246,0.674342105263158,0.6765350877192983,0.0031013455315199285,0.6381578947368421
DIRECT_BASE,18,KMEANS_RETAINED_S2__DIRECT_BASE,27,30db4026de1bded65b40a1e58da5ecc3942d91532ba4cf6090941a1654b224fa,0.6505681818181818,0.41110968339470677,0.2559865744804768,0.39127970203292906,0.23093305951352355,0.3697242039068985,0.20369949912493093,0.14279999999999998,51,0.06508133692908212,0.8806818181818182,,,,0.5692822319771214,0.9943181818181818,34.99176531512977,0.07767459476346297,2.2876173720125714,71.32119297073129,0.6988636363636364,False,0.8787249926051969,KMEANS_RETAINED_S2,0.23020637770631044,0.028409090909090908,31.474824172627322,0.07041744293068138,1.9109601832366605,64.59533276285603,22.051563693096497,0.050397634297025866,1.3999193968851107,105.5583322968676,True,0,51,"[51,159,168,381,447,467,827]","[76,118,228]","[26.913973206133207,57.90992881945923,114.79834725583274]","[0.5297619047619048,0.6369047619047619,0.8392857142857143]",2,76,True,True,True,True,True,True,0.08241930832639582,37.321211006692536,60.18280872385414,2.4542984496676987,-0.06473036006116303,0.0008011900826345677,0.029497591663381912,0.833603596273114,0.8505378325232729,True,0.022800981255583913,0.7171052631578948,0.08135308062341164,36.795643991236986,60.28420290911463,2.4470547005079637,-0.061166866375159494,0.0005181678083176443,0.029319510890744704,0.833603596273114,0.8505378325232729,True,0.022800981255583913,0.7171052631578948,0.08167547536737689,36.95443071034317,60.28347534672678,2.451845268704381,-0.05942585470109047,0.0005014074644518361,0.02934665772186575,0.833603596273114,0.8505378325232729,True,0.022800981255583913,0.7171052631578948,0.7171052631578948,0.0,0.125,0.07935987590079292,35.816414659357406,60.64240345474649,2.4722430273280707,-0.05927554600257597,0.001447819836971428,0.028409067703757705,0.833603596273114,0.8505378325232729,True,0.022800981255583913,0.7171052631578948,0.07935987590079292,35.816414659357406,60.64240345474649,2.4722430273280707,-0.05927554600257597,0.001447819836971428,0.028409067703757705,0.833603596273114,0.8505378325232729,True,0.022800981255583913,0.7171052631578948,0.07935987590079292,35.816414659357406,60.64240345474649,2.4722430273280707,-0.05927554600257597,0.001447819836971428,0.028409067703757705,0.833603596273114,0.8505378325232729,True,0.022800981255583913,0.7171052631578948,0.7171052631578948,0.0,0.40131578947368424,0.07345079462474866,32.938137542542044,61.026281837496676,2.3324989179259363,-0.062289687267642974,0.0004091189594131532,0.025327669038974182,0.4657553687124326,0.4661540889286145,True,0.022800981255583913,0.6677631578947368,0.07397402281336571,33.19151647595603,60.965659207887036,2.3332456945410787,-0.059282291239715706,0.00012118956340202396,0.0253849538677164,0.4657553687124326,0.4661540889286145,True,0.022800981255583913,0.6644736842105263,0.07434322293977202,33.37047801840426,60.98317766491702,2.329512163301969,-0.06350612223040882,9.482924751993648e-05,0.025490416316906156,0.4657553687124326,0.4661540889286145,True,0.022800981255583913,0.6644736842105263,0.6655701754385965,0.0015506727657599642,0.34868421052631576
BIMODAL_SUPPORT,17,KMEANS_RETAINED_S2__BIMODAL_SUPPORT,28,c59dfa8c3f3f1eb7593d04fc1648f69cb8fb89621573809651914d2ed762dfec,0.44176136363636365,0.9246432942275054,0.8932417459164675,0.909595939629862,0.8719240769850507,0.8833885155702546,0.8347958770730574,0.0056,2,0.043293946857478144,0.20454545454545456,,,,0.516573807976311,0.5568181818181818,22.38235928116077,0.051115005678475475,1.4057458941199072,73.3749817611072,0.10795454545454546,False,0.7264982218733557,KMEANS_RETAINED_S2,0.8666538999915252,0.8977272727272727,22.533779780183135,0.05144301837061785,1.7918540197679693,65.91383778333008,13.230965445584456,0.030860764703182518,0.8147626895044489,107.73006169341434,True,0,2,"[2,51,74,225,412,641,1095]","[0,0,0]","[0.0,0.0,0.0]","[0.0,0.0,0.0]",2,0,False,True,True,False,False,False,,,,,,,,,,,,,,,,,,,,,,,,,,,,,,,,,,,,,,,,,,,,,,,,,,,,,,,,,,,,,,,,,,,,,,,,,,,,,,,,,,,,,,,,,,,,,,,,,,,,,,,,,,,,,,,,,,,,,
UNIFORM_MASS_MATCHED,17,KMEANS_RETAINED_S2__UNIFORM_MASS_MATCHED,29,029f6ab95ec670ec87cc8ab2526a7dca60a50fc269e005012363b737708fdc1c,0.40909090909090906,0.9328032891622727,0.8988176400478676,0.9201458570723224,0.8797585397760135,0.8973166519724959,0.8453831541502216,0.0056,2,0.04451853510774049,0.2215909090909091,,,,0.5035944764256044,0.35795454545454547,23.366954378328614,0.05324382286068627,1.3614747884109395,73.21036547688706,0.10795454545454546,False,0.6771918923195629,KMEANS_RETAINED_S2,0.8746531113247009,0.9488636363636364,22.173584227292675,0.05066237722900244,1.7469709068268018,65.96808339489793,14.050173948128489,0.032709040294382825,0.8223376404990859,107.52460634064921,True,0,2,"[2,51,74,114,406,613,1240]","[0,0,0]","[0.0,0.0,0.0]","[0.0,0.0,0.0]",2,0,False,True,True,False,False,False,,,,,,,,,,,,,,,,,,,,,,,,,,,,,,,,,,,,,,,,,,,,,,,,,,,,,,,,,,,,,,,,,,,,,,,,,,,,,,,,,,,,,,,,,,,,,,,,,,,,,,,,,,,,,,,,,,,,,
PERMUTED_SUPPORT,17,KMEANS_RETAINED_S2__PERMUTED_SUPPORT,30,27d30f79bbd6357e4b109bcd6cf0d458d429e81adfa4c8ccae0d20f45a6b9bf5,0.453125,0.9290009568116993,0.89778719365646,0.9143834253018778,0.8767432633393797,0.8896298718509439,0.8411071469696919,0.0056,2,0.04199028676857512,0.1590909090909091,,,,0.5257668040685081,0.625,21.77796850763451,0.0498034890300088,1.4030519745903043,73.47639817166962,0.10795454545454546,False,0.7159685176297039,KMEANS_RETAINED_S2,0.8718792013218439,0.9204545454545454,21.802753659195385,0.04985734362923084,1.765692894447339,66.02402400271922,12.769526405331657,0.029816565545796175,0.8311695684602131,107.84613545820315,True,0,2,"[2,51,74,212,398,614,1149]","[0,0,0]","[0.0,0.0,0.0]","[0.0,0.0,0.0]",2,0,False,True,True,False,False,False,,,,,,,,,,,,,,,,,,,,,,,,,,,,,,,,,,,,,,,,,,,,,,,,,,,,,,,,,,,,,,,,,,,,,,,,,,,,,,,,,,,,,,,,,,,,,,,,,,,,,,,,,,,,,,,,,,,,,
RNA_ONLY_SUPPORT,17,KMEANS_RETAINED_S2__RNA_ONLY_SUPPORT,31,01d08290972894c1e13f730bbb76d3ca319023d214f3982c1abb54a91dfbe080,0.40340909090909094,0.9247598190435226,0.8924427813033676,0.9100981245676172,0.8714836201322859,0.884368688147407,0.8347029188526008,0.0028,1,0.04234015238511676,0.17045454545454544,,,,0.514536963554232,0.5227272727272727,22.029227109954366,0.05034915554205538,1.4118788142264254,73.43420309997107,0.03409090909090909,False,0.7198251517210599,KMEANS_RETAINED_S2,0.8662097734294182,0.8863636363636364,22.240925350542657,0.050808421288761466,1.8049775152793968,65.95793500671397,12.705193653583514,0.029670806991336892,0.8294498218419735,107.86233806097924,True,0,1,"[1,51,78,210,406,630,1124]","[0,0,0]","[0.0,0.0,0.0]","[0.0,0.0,0.0]",2,0,False,True,False,False,False,False,,,,,,,,,,,,,,,,,,,,,,,,,,,,,,,,,,,,,,,,,,,,,,,,,,,,,,,,,,,,,,,,,,,,,,,,,,,,,,,,,,,,,,,,,,,,,,,,,,,,,,,,,,,,,,,,,,,,,
ATAC_ONLY_SUPPORT,17,KMEANS_RETAINED_S2__ATAC_ONLY_SUPPORT,32,51689e766d9228303dd92076b38f684cc0bd7756f4a660ca44660321537b7483,0.39914772727272724,0.9246584082841198,0.8939202706788304,0.909312027504814,0.8723128174507718,0.8835195789880048,0.8359974716387105,0.0084,3,0.04308796551810849,0.19318181818181818,,,,0.5011844566186074,0.3409090909090909,22.24536743402428,0.05081805334553779,1.3979011895710705,73.39794436684299,0.1534090909090909,False,0.7329628198128432,KMEANS_RETAINED_S2,0.8674101865894376,0.9090909090909091,21.961504137264242,0.05020214105598943,1.7568991690704936,66.0000645336566,13.450386516813904,0.03135650867699283,0.7328441802887061,107.67495451486083,True,0,3,"[3,51,75,231,454,596,1090]","[0,0,0]","[0.0,0.0,0.0]","[0.0,0.0,0.0]",2,0,False,True,True,False,False,False,,,,,,,,,,,,,,,,,,,,,,,,,,,,,,,,,,,,,,,,,,,,,,,,,,,,,,,,,,,,,,,,,,,,,,,,,,,,,,,,,,,,,,,,,,,,,,,,,,,,,,,,,,,,,,,,,,,,,
INPUT_START,23,KMEANS_RETAINED_S3__INPUT_START,33,b5704159e83658e60f6dcfca8d3f7c8c7e65c01fce74f60fd0271ab2e55a4e82,0.6207386363636364,0.43512005916001206,0.2784921290646158,0.41617196262886313,0.2542901707402716,0.3959179572017153,0.22842020567844856,0.1288,46,0.06669595722014897,0.9545454545454546,,,,0.5616301830704504,0.9090909090909091,35.92521587439765,0.0795817659516683,2.4032745830201154,71.17371603518343,0.5738636363636364,False,0.8567882212188661,KMEANS_RETAINED_S3,0.25373416849444536,0.045454545454545456,34.023006875866734,0.07568690891334509,1.9373562663855013,64.22916527612324,21.526423752254196,0.0492565725601464,1.2126322516704249,105.6851733603938,True,0,46,"[46,93,156,431,469,473,832]","[45,58,108]","[15.919274961544364,30.042180148373063,57.27809421663163]","[0.5483870967741935,0.5806451612903226,0.7204301075268817]",2,45,True,True,True,True,True,True,0.08331763130314827,37.76496307621958,60.12388900118263,2.3766242262001964,-0.05170118291594571,0.0017810526143815224,0.03039734599653694,0.8335236646646079,0.8509060076817637,True,0.02377357493428848,0.7894736842105263,0.08237632458934625,37.29999975377269,60.21705475287873,2.3745442137796666,-0.053023046335237585,0.0013292279556405846,0.03027048936580328,0.8335236646646079,0.8509060076817637,True,0.02377357493428848,0.7894736842105263,0.08269811025855048,37.45884010128086,60.21634441033431,2.37753708258512,-0.05403028244528887,0.0016413880903282808,0.030298834572024327,0.8335236646646079,0.8509060076817637,True,0.02377357493428848,0.7894736842105263,0.7894736842105262,1.1102230246251565e-16,0.2631578947368421,0.08011529230512601,36.18703917384989,60.59264430872543,2.385198689848797,-0.05558203369132639,0.0023712131371601366,0.029266119647373728,0.8335236646646079,0.8509060076817637,True,0.02377357493428848,0.7664473684210527,0.08011529230512601,36.18703917384989,60.59264430872543,2.385198689848797,-0.05558203369132639,0.0023712131371601366,0.029266119647373728,0.8335236646646079,0.8509060076817637,True,0.02377357493428848,0.7664473684210527,0.08011529230512601,36.18703917384989,60.59264430872543,2.385198689848797,-0.05558203369132639,0.0023712131371601366,0.029266119647373728,0.8335236646646079,0.8509060076817637,True,0.02377357493428848,0.7664473684210527,0.7664473684210527,0.0,0.40131578947368424,0.07442765525270709,33.41142476112237,60.961941841680044,2.2860609898943105,-0.048263755082163934,0.0012993155477271279,0.026379190025289732,0.4815813609243898,0.48196127352953416,True,0.02377357493428848,0.7697368421052632,0.07491659099049171,33.64868859758068,60.903604479744914,2.281731238642848,-0.0507478071573645,0.001221111138242436,0.0264256777477298,0.4815813609243898,0.48196127352953416,True,0.02377357493428848,0.7664473684210527,0.07540285496766654,33.884904801398484,60.9133680661349,2.285974004689058,-0.04811404778382897,0.0011676617786133656,0.026596513637970613,0.4815813609243898,0.48196127352953416,True,0.02377357493428848,0.7631578947368421,0.7664473684210527,0.002685844016209611,0.5789473684210527
DIRECT_BASE,22,KMEANS_RETAINED_S3__DIRECT_BASE,34,6aa74b614eb670c5b1b0cbc69c0ca85d6e344819efeeae6ae00999713394d87b,0.4204545454545455,0.9547930083834596,0.9260718325166183,0.9446524544596279,0.9094887213196988,0.9290908801209331,0.8840404746463856,0.0028,1,0.03576680990407286,0.07954545454545454,,,,0.5200720909617419,0.5681818181818182,19.328634622534572,0.04445115404902749,1.656107620731849,73.89028129128798,0.03409090909090909,False,0.5685868970454961,KMEANS_RETAINED_S3,0.906533676160901,1.0,19.06026291983317,0.04386103504210502,1.6942361586382186,66.44069871933105,9.985350519073306,0.023468141751276796,1.0518282544987643,108.55182981266817,True,0,1,"[1,2,19,46,424,665,1343]","[0,0,0]","[0.0,0.0,0.0]","[0.0,0.0,0.0]",2,0,False,True,False,False,False,False,,,,,,,,,,,,,,,,,,,,,,,,,,,,,,,,,,,,,,,,,,,,,,,,,,,,,,,,,,,,,,,,,,,,,,,,,,,,,,,,,,,,,,,,,,,,,,,,,,,,,,,,,,,,,,,,,,,,,
BIMODAL_SUPPORT,28,KMEANS_RETAINED_S3__BIMODAL_SUPPORT,35,2afe2129c36fe70795a95d6f124ef34914849fc198e69351d33a7a4952e111fe,0.4900568181818181,0.9138987738142406,0.880232011374487,0.8973400391549816,0.8571985839521605,0.8675701164738271,0.815788212474215,0.025199999999999997,9,0.05065435175332801,0.5454545454545454,,,,0.5159171761377678,0.5454545454545454,26.420468859376335,0.05978557392367269,1.5322232474039303,72.70450768821422,0.19886363636363635,False,0.7313795124698684,KMEANS_RETAINED_S3,0.8510729359336208,0.6704545454545454,27.55799561043832,0.062199522147138656,1.9741594242682667,65.16638406281297,15.048345700964934,0.03495158174737636,1.0114591427670074,107.27532417325554,True,0,9,"[9,41,51,227,437,818,917]","[6,9,13]","[2.2165306277192833,4.685869432986821,7.691627943629373]","[0.8536585365853658,0.8536585365853658,0.8536585365853658]",2,6,True,True,True,True,True,True,0.06193289842503267,27.43206669586479,61.52648312733731,1.9417577878049839,-0.22996054668706903,-0.009711371094925444,0.022589207478558443,0.9224697849725613,0.9234331591961177,True,0.022992263538200528,0.5526315789473684,0.06111081261794183,27.044238003800082,61.61255765133761,2.010981183538001,-0.22974219829236164,-0.010261747582977451,0.022698581378388327,0.9224697849725613,0.9234331591961177,True,0.022992263538200528,0.5526315789473684,0.06135424497448134,27.1590092965412,61.617463886230674,1.981741298051701,-0.2314324702472053,-0.00983893968190778,0.02261422413886465,0.9224697849725613,0.9234331591961177,True,0.022992263538200528,0.555921052631579,0.5537280701754386,0.0015506727657600167,0.42105263157894735,0.05953280353942384,26.301693417615674,61.94840923267306,1.836420875889502,-0.23190447204739031,-0.008951756240813537,0.021281952702255733,0.9224697849725613,0.9234331591961177,True,0.022992263538200528,0.5723684210526316,0.05953280353942384,26.301693417615674,61.94840923267306,1.836420875889502,-0.23190447204739031,-0.008951756240813537,0.021281952702255733,0.9224697849725613,0.9234331591961177,True,0.022992263538200528,0.5723684210526316,0.05953280353942384,26.301693417615674,61.94840923267306,1.836420875889502,-0.23190447204739031,-0.008951756240813537,0.021281952702255733,0.9224697849725613,0.9234331591961177,True,0.022992263538200528,0.5723684210526316,0.5723684210526316,0.0,0.40131578947368424,0.05533249429882762,24.337294595624137,62.219626449624705,1.7233360656786592,-0.18476476166603653,-0.009272993117728758,0.018694173362953724,0.6577452319756262,0.6575400855925566,True,0.022992263538200528,0.5789473684210527,0.05583953051475881,24.573497491937687,62.159557980299226,1.7198710886867894,-0.18789294214897093,-0.009240658439947123,0.018762701308356777,0.6577452319756262,0.6575400855925566,True,0.022992263538200528,0.575657894736842,0.05621584861760558,24.74896941891033,62.17742689020542,1.7262945271208148,-0.18766491357445897,-0.00923236300879684,0.018871449413132582,0.6577452319756262,0.6575400855925566,True,0.022992263538200528,0.575657894736842,0.5767543859649122,0.0015506727657600167,0.4868421052631579
UNIFORM_MASS_MATCHED,22,KMEANS_RETAINED_S3__UNIFORM_MASS_MATCHED,36,4ff4b7d834a380971ae61ca586fac252b79968548f9eb66e2c0022cc26715a10,0.47301136363636365,0.9446448933231476,0.9085043914553722,0.9335705894842342,0.8901998441465836,0.9154462533508542,0.8602424063681385,0.0028,1,0.03807703058807381,0.10795454545454546,,,,0.5502890472407459,0.7784090909090909,20.538126664404672,0.047101676226152064,1.7448725776049894,73.68532282153897,0.03409090909090909,False,0.5717829437427027,KMEANS_RETAINED_S3,0.8863155473233647,0.9715909090909091,20.40861494858349,0.046818562993967756,1.778397861057579,66.23518442611075,10.668821515421659,0.02503426101769763,1.0746078386293472,108.37773911543302,True,0,1,"[1,2,33,46,429,605,1384]","[0,0,0]","[0.0,0.0,0.0]","[0.0,0.0,0.0]",2,0,False,True,False,False,False,False,,,,,,,,,,,,,,,,,,,,,,,,,,,,,,,,,,,,,,,,,,,,,,,,,,,,,,,,,,,,,,,,,,,,,,,,,,,,,,,,,,,,,,,,,,,,,,,,,,,,,,,,,,,,,,,,,,,,,
PERMUTED_SUPPORT,22,KMEANS_RETAINED_S3__PERMUTED_SUPPORT,37,2bd21ead6148e926179d8e9c2abf4337f4a4ad3cb395d956d982945be8b8c3dd,0.46875,0.9451468632859863,0.909773332130796,0.9338570229383811,0.8912029323986788,0.9159303910630141,0.8617158263346238,0.0028,1,0.0379399640722873,0.09090909090909091,,,,0.5482729670787345,0.7613636363636364,20.48761505183452,0.04699127760635757,1.7208520627394366,73.69385967981195,0.03409090909090909,False,0.5737891315135888,KMEANS_RETAINED_S3,0.8875640302880328,0.9886363636363636,20.361458616452612,0.04671543724257161,1.756763588385029,66.24235048379674,10.60046917156532,0.024877863176670525,1.0753560547977203,108.39512438727934,True,0,1,"[1,2,33,46,429,617,1372]","[0,0,0]","[0.0,0.0,0.0]","[0.0,0.0,0.0]",2,0,False,True,False,False,False,False,,,,,,,,,,,,,,,,,,,,,,,,,,,,,,,,,,,,,,,,,,,,,,,,,,,,,,,,,,,,,,,,,,,,,,,,,,,,,,,,,,,,,,,,,,,,,,,,,,,,,,,,,,,,,,,,,,,,,
RNA_ONLY_SUPPORT,28,KMEANS_RETAINED_S3__RNA_ONLY_SUPPORT,38,fbcff3b176984632e537e1a63d33daab4d1655fdc3e2660073f9b8120c74985e,0.48721590909090906,0.9144895365816516,0.8809819855521899,0.8979724853433356,0.8579926744862497,0.8686252213340546,0.817145590372438,0.025199999999999997,9,0.050529854799528824,0.5340909090909091,,,,0.5156138621866535,0.5340909090909091,26.37537604445601,0.059689626248380145,1.535973429446954,72.71192708989803,0.19886363636363635,False,0.7312070957806133,KMEANS_RETAINED_S3,0.8520400834702926,0.6818181818181818,27.581275369875243,0.062248794754079725,1.972996185620978,65.16296018139732,14.94628674139664,0.03472276844236333,1.031014508303102,107.30075918874924,True,0,9,"[9,42,51,226,433,822,917]","[6,9,13]","[2.2165306277192833,4.685869432986821,7.691627943629373]","[0.8333333333333334,0.8333333333333334,0.8571428571428571]",2,6,True,True,True,True,True,True,0.06175365967801496,27.347450763740518,61.5382391410869,1.9409437643911853,-0.2252783059027944,-0.009698859465163542,0.022486219900994073,0.9213554067589748,0.922479712153225,True,0.022611290330494246,0.5427631578947368,0.06093467018741981,26.96122906371807,61.624116614632996,2.009364846828026,-0.2249867342460028,-0.010131025948442262,0.022591094008416104,0.9213554067589748,0.922479712153225,True,0.022611290330494246,0.5328947368421053,0.06116156304235247,27.06816044563358,61.630112504658776,1.9805088617882085,-0.22667766047166377,-0.009624438961114874,0.022495437647232962,0.9213554067589748,0.922479712153225,True,0.022611290330494246,0.5361842105263158,0.537280701754386,0.004102694503041581,0.7236842105263158,0.059384453044240074,26.232014046268212,61.95818105376379,1.8371021572847004,-0.2271607087520109,-0.008921484524023878,0.021184681662518173,0.9213554067589748,0.922479712153225,True,0.022611290330494246,0.549342105263158,0.059384453044240074,26.232014046268212,61.95818105376379,1.8371021572847004,-0.2271607087520109,-0.008921484524023878,0.021184681662518173,0.9213554067589748,0.922479712153225,True,0.022611290330494246,0.549342105263158,0.059384453044240074,26.232014046268212,61.95818105376379,1.8371021572847004,-0.2271607087520109,-0.008921484524023878,0.021184681662518173,0.9213554067589748,0.922479712153225,True,0.022611290330494246,0.549342105263158,0.549342105263158,0.0,0.40131578947368424,0.05516802228537039,24.26072973844106,62.230459242302516,1.7226943580367629,-0.1830194373888298,-0.009208688594515574,0.01857908234568799,0.6582731825541724,0.6581582992229658,True,0.022611290330494246,0.5625,0.0556691642068761,24.494104027144427,62.17077418213672,1.7195097056097266,-0.18616520572796258,-0.009376393665120332,0.01864617895091452,0.6582731825541724,0.6581582992229658,True,0.022611290330494246,0.5625,0.05604615543545786,24.66982651484979,62.18860644372017,1.7259394737898834,-0.1859518359731072,-0.009375415619442475,0.018755520886485293,0.6582731825541724,0.6581582992229658,True,0.022611290330494246,0.555921052631579,0.5603070175438597,0.003101345531519929,0.6710526315789473
ATAC_ONLY_SUPPORT,28,KMEANS_RETAINED_S3__ATAC_ONLY_SUPPORT,39,0f8e7fe77957b762bf4fe0caebd08fe529da1f07eb1350e7518910bb065aa27f,0.46448863636363635,0.9146369322291136,0.8882668319250002,0.8986424258334083,0.8673313510659404,0.8694844297301786,0.8291659551352722,0.1064,38,0.04786984689809652,0.32954545454545453,,,,0.4863336744728755,0.22727272727272727,24.944766778778813,0.05663540280252158,1.4298795764673542,72.94810280241887,0.5170454545454546,False,0.8233261082296761,KMEANS_RETAINED_S3,0.861588046042071,0.7840909090909091,25.248741841269613,0.057286021363987576,1.5056651214193504,65.50781604828269,14.539788901134507,0.03381033401185392,0.8722385946050036,107.40218591249537,True,0,38,"[38,51,205,259,422,660,865]","[39,54,91]","[13.237656017955418,26.208955608240533,47.88132675927993]","[0.8947368421052632,0.8947368421052632,0.8947368421052632]",2,39,True,True,True,True,True,True,0.061285471816931496,27.126578715280107,61.568946915069176,1.589488095715339,-0.15725043694733423,-0.013747608611210152,0.017436287040093708,0.9100022092790672,0.9122193269117972,True,0.015656148620641058,0.3651315789473684,0.060478798607687276,26.746539390760436,61.65403219398501,1.5937841920635882,-0.15824146840748554,-0.014042075203315183,0.017283192054635105,0.9100022092790672,0.9122193269117972,True,0.015656148620641058,0.3717105263157895,0.060742070844631714,26.870500266779917,61.657650098266615,1.5926787672680491,-0.1591660963028274,-0.013965000300301674,0.017316136184670327,0.9100022092790672,0.9122193269117972,True,0.015656148620641058,0.3651315789473684,0.3673245614035088,0.003101345531519955,0.625,0.058670906407953576,25.897172177565302,62.005182245509374,1.5902289211933236,-0.15699971364500992,-0.01265933850918141,0.016647006627565623,0.9100022092790672,0.9122193269117972,True,0.015656148620641058,0.4144736842105263,0.058670906407953576,25.897172177565302,62.005182245509374,1.5902289211933236,-0.15699971364500992,-0.01265933850918141,0.016647006627565623,0.9100022092790672,0.9122193269117972,True,0.015656148620641058,0.4144736842105263,0.058670906407953576,25.897172177565302,62.005182245509374,1.5902289211933236,-0.15699971364500992,-0.01265933850918141,0.016647006627565623,0.9100022092790672,0.9122193269117972,True,0.015656148620641058,0.4144736842105263,0.4144736842105263,0.0,0.40131578947368424,0.054517009519069036,23.95793227718573,62.27333757874232,1.4819448632196803,-0.15335486779103508,-0.012351786726045205,0.014681916592036033,0.6532217372974103,0.6534451382411097,True,0.015656148620641058,0.40460526315789475,0.05502500096247912,24.194172251325654,62.21318318339548,1.48453327984464,-0.1525701472054061,-0.012175731691044965,0.014755808389907627,0.6532217372974103,0.6534451382411097,True,0.015656148620641058,0.40460526315789475,0.055378482509530674,24.35870775402081,62.23259339187733,1.484429875309427,-0.1532502361869919,-0.012213714838140504,0.014825067404281992,0.6532217372974103,0.6534451382411097,True,0.015656148620641058,0.4144736842105263,0.4078947368421053,0.004652018297279919,0.8026315789473685
INPUT_START,25,KMEANS_RETAINED_S4__INPUT_START,40,e23e97ae837ea3384aabe70be0dd82e9f1960a54ef77ca8ec69fca09ef652c6e,0.6846590909090909,0.44136210141025506,0.2814619857312804,0.42355670793273964,0.2585601165510751,0.40058881384413153,0.22901807321311937,0.1624,58,0.0687512279943106,0.9886363636363636,,,,0.5524652266142314,0.8011363636363636,36.79970944897457,0.08136133780365841,2.2626121264836936,71.03610604770996,0.8920454545454546,False,0.8527449762977898,KMEANS_RETAINED_S4,0.2563467251651583,0.056818181818181816,34.301194206291925,0.07625856633577632,2.3395932056581286,64.18944163764972,22.96517544464067,0.05237628147173159,1.3260276685386188,105.33838476565938,True,0,58,"[58,89,153,350,470,516,864]","[45,61,112]","[15.92852894223499,31.125733761180836,59.44904664092516]","[0.5617977528089888,0.6292134831460674,0.797752808988764]",2,45,True,True,True,True,True,True,0.08303503446657673,37.625272630555116,60.14242412459541,2.5867893716329795,-0.06743100174973835,0.0009095915974010852,0.031017130651500066,0.835660603853361,0.8519153547656618,True,0.022423177523760888,0.7598684210526316,0.08215508810536606,37.19085726292968,60.23157291519969,2.5811588898676336,-0.06661497554640775,0.0005468807814552158,0.030895232982129768,0.835660603853361,0.8519153547656618,True,0.022423177523760888,0.7598684210526316,0.08250826143227809,37.365113149278905,60.22880704933741,2.5844476052372545,-0.06818234320634595,0.0008190429205391641,0.03090955896623716,0.835660603853361,0.8519153547656618,True,0.022423177523760888,0.763157894736842,0.7609649122807017,0.0015506727657599122,0.27631578947368424,0.08022899952096718,36.24287924233351,60.585154434367084,2.564583542713528,-0.06913594150331111,0.001538650701625661,0.0300262427135866,0.835660603853361,0.8519153547656618,True,0.022423177523760888,0.7730263157894737,0.08022899952096718,36.24287924233351,60.585154434367084,2.564583542713528,-0.06913594150331111,0.001538650701625661,0.0300262427135866,0.835660603853361,0.8519153547656618,True,0.022423177523760888,0.7730263157894737,0.08022899952096718,36.24287924233351,60.585154434367084,2.564583542713528,-0.06913594150331111,0.001538650701625661,0.0300262427135866,0.835660603853361,0.8519153547656618,True,0.022423177523760888,0.7730263157894737,0.7730263157894738,1.1102230246251565e-16,0.9868421052631579,0.07437111376261907,33.38400327368727,60.96566589312772,2.4276772545145273,-0.06168053696641117,0.00048226683673350905,0.026829963290246645,0.4804880094267874,0.4808223327620376,True,0.022423177523760888,0.7302631578947368,0.07481997090535826,33.60178228403612,60.909965540155746,2.41601644972324,-0.06432474234542496,0.0006360054689954144,0.02683892007138182,0.4804880094267874,0.4808223327620376,True,0.022423177523760888,0.7368421052631579,0.07532669358967123,33.84789089241821,60.91838565252393,2.4274558804202258,-0.06205399262768505,0.0005357970781625019,0.027014923635772296,0.4804880094267874,0.4808223327620376,True,0.022423177523760888,0.7335526315789475,0.7335526315789473,0.002685844016209611,0.5789473684210527
DIRECT_BASE,0,KMEANS_RETAINED_S4__DIRECT_BASE,41,42f4bf68b1b5633d1cddb09ea76df3e5a915566e7df606d98af096cbc613e10e,0.296875,0.9348249060032005,0.8990767162696994,0.9224658096697541,0.8799387218393151,0.8994298448249586,0.8442676537447038,0.0028,1,0.03869997683115774,0.125,,,,0.0050561797752808986,0.09659090909090909,19.652669247491435,0.04516269952216254,1.3826122834180155,73.83525920070173,0.03409090909090909,False,0.6267075928645431,KMEANS_RETAINED_S4,0.8744276972845727,0.9318181818181818,20.384143308105603,0.04676504897242162,1.6160424599186214,66.238903037226,11.724295909196387,0.02744295214822779,0.9632133469462862,108.10998765656971,True,0,1,"[1,21,60,85,275,961,1097]","[0,0,0]","[0.0,0.0,0.0]","[0.0,0.0,0.0]",2,0,False,True,False,False,False,False,,,,,,,,,,,,,,,,,,,,,,,,,,,,,,,,,,,,,,,,,,,,,,,,,,,,,,,,,,,,,,,,,,,,,,,,,,,,,,,,,,,,,,,,,,,,,,,,,,,,,,,,,,,,,,,,,,,,,
BIMODAL_SUPPORT,28,KMEANS_RETAINED_S4__BIMODAL_SUPPORT,42,fd72b211b7732ccd0c6ecbf47581baf8dbd99340ea1028d032cbbdc824c2e6df,0.5056818181818182,0.9131511820798413,0.8859002086062148,0.8959874773052859,0.8633509652057848,0.8654163856109441,0.8231874342730853,0.10079999999999999,36,0.04726225022787113,0.3068181818181818,,,,0.5110037045265445,0.48863636363636365,24.810281948253067,0.05634726910867111,1.431315547163228,72.97038348412167,0.48863636363636365,False,0.8191003378339587,KMEANS_RETAINED_S4,0.8574795360283617,0.7386363636363636,25.48573600153558,0.05779265386816693,1.5725772793808726,65.4726108963066,13.921348530674125,0.032418855229969325,0.8915492504111716,107.5568634753861,True,0,36,"[36,59,161,284,431,649,880]","[34,44,71]","[11.872601108658493,22.59973382706414,39.89360652999902]","[0.9444444444444444,0.9444444444444444,0.9444444444444444]",2,34,True,True,True,True,True,True,0.061674421835666716,27.31005406764215,61.54343623814115,1.6269704334371478,-0.17448653273537398,-0.013785407309030584,0.017105926153819968,0.9126690073767959,0.9148095169524517,True,0.017895176817904493,0.42105263157894735,0.06101003293473956,26.996740725156723,61.619171098509895,1.6335330534578993,-0.17294163053012807,-0.014146900853649919,0.017040411961942913,0.9126690073767959,0.9148095169524517,True,0.017895176817904493,0.4375,0.061261310776891134,27.115186494405396,61.6235645578985,1.6308876492038087,-0.1736406453409578,-0.014106797387873812,0.017069557340959683,0.9126690073767959,0.9148095169524517,True,0.017895176817904493,0.430921052631579,0.4298245614035088,0.006759225880448452,0.9342105263157895,0.058902522842731425,26.00580581204237,61.98992571158599,1.6202470328321046,-0.16605507293162253,-0.01293617926493462,0.01630930797481089,0.9126690073767959,0.9148095169524517,True,0.017895176817904493,0.430921052631579,0.058902522842731425,26.00580581204237,61.98992571158599,1.6202470328321046,-0.16605507293162253,-0.01293617926493462,0.01630930797481089,0.9126690073767959,0.9148095169524517,True,0.017895176817904493,0.430921052631579,0.058902522842731425,26.00580581204237,61.98992571158599,1.6202470328321046,-0.16605507293162253,-0.01293617926493462,0.01630930797481089,0.9126690073767959,0.9148095169524517,True,0.017895176817904493,0.430921052631579,0.430921052631579,0.0,0.40131578947368424,0.05434560188060173,23.87827691204688,62.28462717976245,1.4812924764342568,-0.15643456972989286,-0.012372583251615178,0.014307370551075579,0.6518666320665248,0.6522114738143894,True,0.017895176817904493,0.35855263157894735,0.0548488703271229,24.11223444107529,62.22477888433231,1.4860580825188778,-0.15773491351299562,-0.012448761646860028,0.01436444616408179,0.6518666320665248,0.6522114738143894,True,0.017895176817904493,0.3486842105263158,0.055216435120646,24.283264067530734,62.24326923302212,1.4858667715024554,-0.1581175675703128,-0.012384033186944017,0.014437497483121698,0.6518666320665248,0.6522114738143894,True,0.017895176817904493,0.3486842105263158,0.3519736842105263,0.004652018297279893,0.7894736842105263
UNIFORM_MASS_MATCHED,28,KMEANS_RETAINED_S4__UNIFORM_MASS_MATCHED,43,b12f6fe847dbeb1edf7bafe44279a9ea637f493a0099d74ffb68d5fcb08e2609,0.5014204545454545,0.9177676889570966,0.8921718815000532,0.9012346431055147,0.8704927239445843,0.8716509243844199,0.8317007127816852,0.09519999999999999,34,0.04704688402861631,0.2556818181818182,,,,0.5077381207450532,0.44886363636363635,24.694225415890315,0.056098476513542404,1.3858323733645794,72.98962201380557,0.4318181818181818,False,0.8201487376904857,KMEANS_RETAINED_S4,0.8647884394087743,0.8693181818181818,25.56925970214068,0.057971076287220535,1.5452119169472212,65.46021258327515,13.744694780751836,0.03202065150222137,0.9025962525968451,107.60112802540579,True,0,34,"[34,59,160,299,424,655,869]","[33,43,70]","[11.495467686796422,21.993203167351506,39.11236055876188]","[0.9411764705882353,0.9411764705882353,0.9411764705882353]",2,33,True,True,True,True,True,True,0.061406199747106614,27.18351217326203,61.56102854233609,1.5714985216605182,-0.17252312037434853,-0.013609745199116209,0.016890354439250542,0.9115145792273464,0.9139521855630844,True,0.018972883151461555,0.4144736842105263,0.06073642702082139,26.867842161819592,61.63712589058928,1.5783123740365694,-0.17105006028138506,-0.014023329454173433,0.01681748402555467,0.9115145792273464,0.9139521855630844,True,0.018972883151461555,0.4144736842105263,0.06098969932802694,26.98715876988841,61.64139450977531,1.5750233110061238,-0.17168062141705728,-0.013959167418996311,0.01685455692090379,0.9115145792273464,0.9139521855630844,True,0.018972883151461555,0.40789473684210525,0.41228070175438597,0.003101345531519955,0.625,0.05863700566100894,25.881276403112672,62.007415281762974,1.5640552044351896,-0.1638101470764597,-0.012686815667260777,0.016126675055789633,0.9115145792273464,0.9139521855630844,True,0.018972883151461555,0.4111842105263158,0.05863700566100894,25.881276403112672,62.007415281762974,1.5640552044351896,-0.1638101470764597,-0.012686815667260777,0.016126675055789633,0.9115145792273464,0.9139521855630844,True,0.018972883151461555,0.4111842105263158,0.05863700566100894,25.881276403112672,62.007415281762974,1.5640552044351896,-0.1638101470764597,-0.012686815667260777,0.016126675055789633,0.9115145792273464,0.9139521855630844,True,0.018972883151461555,0.4111842105263158,0.41118421052631576,5.551115123125783e-17,0.8947368421052632,0.05421029254722886,23.81541729190193,62.29353920026363,1.4323394234624702,-0.15716866007657082,-0.01242033534910146,0.014206697526986915,0.6544937534596601,0.6548898120822597,True,0.018972883151461555,0.3651315789473684,0.054712970314911916,24.04903320573353,62.23372597008899,1.4381864946899823,-0.15675604778673494,-0.012459923279895013,0.014270663483066411,0.6544937534596601,0.6548898120822597,True,0.018972883151461555,0.35855263157894735,0.05507523454901264,24.217547038459664,62.25257166537037,1.4370477704972713,-0.15829534167530923,-0.012332863102235065,0.014338914399712339,0.6544937534596601,0.6548898120822597,True,0.018972883151461555,0.3717105263157895,0.3651315789473684,0.005371688032419267,0.8486842105263158
PERMUTED_SUPPORT,28,KMEANS_RETAINED_S4__PERMUTED_SUPPORT,44,2d56d10d686d2c9d02681e694610e43caedc63e2a2470190e63afe1fe777fb3d,0.4943181818181818,0.9171567741141999,0.890945429599038,0.9001827795945412,0.8686009148781675,0.8701389225850632,0.8290512729572562,0.0924,33,0.046989579828204175,0.23863636363636365,,,,0.5137766526496348,0.5113636363636364,24.60299499575,0.05590281201332789,1.393579386733841,73.00475227639846,0.3977272727272727,False,0.8163170055438794,KMEANS_RETAINED_S4,0.8628658724781539,0.8295454545454546,25.509043714058727,0.05784245034802115,1.5416430264380472,65.46915061172817,13.773962476419955,0.03208664787624188,0.8993374188616946,107.5937918314041,True,0,33,"[33,59,162,281,426,654,885]","[32,42,68]","[11.12758824562498,21.394349702171176,37.97274602632526]","[0.9393939393939394,0.9393939393939394,0.9393939393939394]",2,32,True,True,True,True,True,True,0.061292663420596714,27.129969756131473,61.56847522804292,1.6130778648116375,-0.17285957830902451,-0.013662561030660308,0.016919939859437842,0.9112893962996544,0.913834333941491,True,0.019782186313157406,0.39144736842105265,0.060610185366914156,26.80839373353139,61.64541022412288,1.6200673660280103,-0.17128084740621996,-0.014175908144442384,0.01684388704089622,0.9112893962996544,0.913834333941491,True,0.019782186313157406,0.3848684210526316,0.06086482399640671,26.92832194628628,61.64959195934048,1.6169795639845148,-0.17200750757901942,-0.01391773288660924,0.016879638893516687,0.9112893962996544,0.913834333941491,True,0.019782186313157406,0.3980263157894737,0.39144736842105265,0.005371688032419245,0.868421052631579,0.05853738878994667,25.834573516373244,62.01397702758278,1.6054994325517058,-0.16449145098630333,-0.013062276994890754,0.016137728204244785,0.9112893962996544,0.913834333941491,True,0.019782186313157406,0.3782894736842105,0.05853738878994667,25.834573516373244,62.01397702758278,1.6054994325517058,-0.16449145098630333,-0.013062276994890754,0.016137728204244785,0.9112893962996544,0.913834333941491,True,0.019782186313157406,0.3782894736842105,0.05853738878994667,25.834573516373244,62.01397702758278,1.6054994325517058,-0.16449145098630333,-0.013062276994890754,0.016137728204244785,0.9112893962996544,0.913834333941491,True,0.019782186313157406,0.3782894736842105,0.37828947368421045,5.551115123125783e-17,0.8947368421052632,0.05412041526663172,23.77367363270061,62.29945888183552,1.4692233704766031,-0.15840523551287547,-0.01255654122494042,0.014212134031828515,0.6557492694245303,0.6561627922229529,True,0.019782186313157406,0.3618421052631579,0.054620248708239914,24.005922812778454,62.2398303710592,1.473577755569981,-0.15807396781880256,-0.012437687396139131,0.014269385041524094,0.6557492694245303,0.6561627922229529,True,0.019782186313157406,0.368421052631579,0.054984484338313565,24.175320789916135,62.25855037838727,1.4736902519727777,-0.15953727519122501,-0.012571701606694937,0.014338189907196557,0.6557492694245303,0.6561627922229529,True,0.019782186313157406,0.3486842105263158,0.35964912280701755,0.008205389006083206,0.9868421052631579
RNA_ONLY_SUPPORT,28,KMEANS_RETAINED_S4__RNA_ONLY_SUPPORT,45,730e2fbbe2ae18ec8c8ce26c14c1206a664d29486daefd6560fb3fc99ba0959c,0.5127840909090908,0.9158027009891048,0.8890714377945166,0.8988403505219413,0.8667238189153829,0.8686168596308723,0.8269048647593478,0.09799999999999999,35,0.047582925551628734,0.3181818181818182,,,,0.512879689810615,0.5,24.95758678661326,0.05666286047810628,1.394069611527005,72.94597956677147,0.4602272727272727,False,0.816273350862151,KMEANS_RETAINED_S4,0.860900040489749,0.7727272727272727,25.789005829467794,0.058440172967811774,1.5551133767026477,65.42761574079967,13.972655480713916,0.03253444730974584,0.9244055995603655,107.54401419487814,True,0,35,"[35,59,161,277,428,648,892]","[33,43,69]","[11.50472166748705,22.00088036188381,38.7539919975624]","[0.9428571428571428,0.9428571428571428,0.9428571428571428]",2,33,True,True,True,True,True,True,0.06207484737480322,27.499101620252087,61.51717289819876,1.634695251110748,-0.17233274891887804,-0.013356700224499756,0.017362884597735734,0.9125263874984126,0.9148709454989992,True,0.019454402884499084,0.4901315789473685,0.06139487203075127,27.17816957165923,61.59391687116532,1.6413040709410742,-0.16857981319003917,-0.013946845288301533,0.017292010709208324,0.9125263874984126,0.9148709454989992,True,0.019454402884499084,0.4769736842105263,0.061651031481093334,27.299016080154775,61.597981315990324,1.638747893449647,-0.17077898031801575,-0.013643768370457186,0.01732899689191535,0.9125263874984126,0.9148709454989992,True,0.019454402884499084,0.48026315789473684,0.4824561403508772,0.005591030168413162,0.9144736842105263,0.05927855175085524,26.18228626371998,61.96515675337943,1.6256852869314347,-0.16521715163328718,-0.012511988760141044,0.01656039801287334,0.9125263874984126,0.9148709454989992,True,0.019454402884499084,0.4703947368421053,0.05927855175085524,26.18228626371998,61.96515675337943,1.6256852869314347,-0.16521715163328718,-0.012511988760141044,0.01656039801287334,0.9125263874984126,0.9148709454989992,True,0.019454402884499084,0.4703947368421053,0.05927855175085524,26.18228626371998,61.96515675337943,1.6256852869314347,-0.16521715163328718,-0.012511988760141044,0.01656039801287334,0.9125263874984126,0.9148709454989992,True,0.019454402884499084,0.4703947368421053,0.4703947368421053,0.0,0.40131578947368424,0.05470406050351118,24.04489027141677,62.261017643623575,1.4960628286112363,-0.1574530951126478,-0.01230965259439638,0.014544436204271744,0.6545597324302987,0.6549277440216758,True,0.019454402884499084,0.4342105263157895,0.05520538147115998,24.278118811667202,62.201307688656776,1.4992933875201997,-0.1601426180268466,-0.011989014238929344,0.014603220129236757,0.6545597324302987,0.6549277440216758,True,0.019454402884499084,0.45065789473684215,0.05558418214704427,24.454511715614647,62.21904169771706,1.4998858664362311,-0.1605445248759159,-0.012240080579992521,0.014678356807337945,0.6545597324302987,0.6549277440216758,True,0.019454402884499084,0.4375,0.44078947368421056,0.007106075327201615,0.9276315789473685
ATAC_ONLY_SUPPORT,28,KMEANS_RETAINED_S4__ATAC_ONLY_SUPPORT,46,afb15d7bee42d137e785d36452210ac0d039a0f55a87883b8673a74c6fd21b10,0.5014204545454546,0.910537471219765,0.8830100065329533,0.8933952579060294,0.8605931639629081,0.8630573927204079,0.8209203903641573,0.1064,38,0.0483750756444437,0.36363636363636365,,,,0.5067900498081055,0.42045454545454547,25.317619962083622,0.05743332120948633,1.4125952045451524,72.88640170174992,0.5170454545454546,False,0.8243983797102948,KMEANS_RETAINED_S4,0.8548411869533394,0.7045454545454546,25.76449948190765,0.0583878818988565,1.5404460787166332,65.43124937072743,14.516552618790397,0.03375812519398368,0.8982927820969914,107.40798947401187,True,0,38,"[38,59,166,296,426,654,861]","[34,44,73]","[11.872601108658493,22.59973382706414,40.54067376714599]","[0.8947368421052632,0.8947368421052632,0.9210526315789473]",2,34,True,True,True,True,True,True,0.06280091724870213,27.842303302552608,61.469551010840476,1.6005433653475156,-0.1766257375905403,-0.01354897990435052,0.017629477819952003,0.9140820280369888,0.9159365435269168,True,0.01673826597511711,0.5164473684210527,0.06211108179048123,27.51621645472922,61.54691716587011,1.606352133734011,-0.17362256843257254,-0.01412180004722205,0.017549830790792174,0.9140820280369888,0.9159365435269168,True,0.01673826597511711,0.5098684210526316,0.06236878392836138,27.637976720534233,61.55086440818778,1.6049719229133785,-0.1750376946761575,-0.013838865854105698,0.01758673917937259,0.9140820280369888,0.9159365435269168,True,0.01673826597511711,0.5197368421052632,0.5153508771929824,0.004102694503041581,0.7236842105263158,0.05995658552170124,26.50086251398548,61.92049478784994,1.602811737730236,-0.1661739127509502,-0.012773744880349668,0.016811726218986668,0.9140820280369888,0.9159365435269168,True,0.01673826597511711,0.5032894736842105,0.05995658552170124,26.50086251398548,61.92049478784994,1.602811737730236,-0.1661739127509502,-0.012773744880349668,0.016811726218986668,0.9140820280369888,0.9159365435269168,True,0.01673826597511711,0.5032894736842105,0.05995658552170124,26.50086251398548,61.92049478784994,1.602811737730236,-0.1661739127509502,-0.012773744880349668,0.016811726218986668,0.9140820280369888,0.9159365435269168,True,0.01673826597511711,0.5032894736842105,0.5032894736842105,0.0,0.40131578947368424,0.05532520600280322,24.333901190374043,62.22010648630783,1.4718141273867038,-0.15788521174663667,-0.012405959498452619,0.01477712356698902,0.6512563326700012,0.6515019261963989,True,0.01673826597511711,0.4375,0.055863844861999655,24.584830708837906,62.15795722584496,1.4768512400060552,-0.1611152133661157,-0.0122828375122023,0.014846767299054202,0.6512563326700012,0.6515019261963989,True,0.01673826597511711,0.4473684210526316,0.05622658080019499,24.753975739525515,62.176719843475134,1.4760242611932264,-0.16204760839645435,-0.012337607619912523,0.014917056538126638,0.6512563326700012,0.6515019261963989,True,0.01673826597511711,0.4407894736842105,0.44188596491228066,0.004102694503041605,0.7368421052631579
UNIFORM_MASS_MATCHED_PATH,3,PATH_UNIFORM__NIGHT16E_BYTE_EXACT_UNLABELED_START__L00,47,c188deef872621c24a82d0fb57f05a0904074bfb8cae79752cd5a2b8c7261e7a,0.6463068181818181,0.4959261214346836,0.3566389739929859,0.4743219475413367,0.32906507248153,0.44778670978846186,0.2951975413279244,0.14279999999999998,51,0.06429228357346439,0.8295454545454546,UNIFORM_BETA_PATH::NIGHT16E_BYTE_EXACT_UNLABELED_START,0,0.0,0.5610260334771995,0.8977272727272727,33.53923782093055,0.07469110713729087,2.2031732650488833,71.55189885338822,0.6988636363636364,False,0.862526756873883,NIGHT16E_BYTE_EXACT_UNLABELED_START,0.32696719593414675,0.1590909090909091,40.30870893967082,0.08843338915888493,2.862814744022892,63.34343100028697,17.417947578937557,0.0402338310905015,0.8347972042586306,106.68814636960323,True,0,51,"[51,101,176,397,425,502,848]","[44,58,102]","[15.560649501063548,29.80043432138646,55.155522636853064]","[0.504950495049505,0.5247524752475248,0.7524752475247525]",2,44,True,True,True,True,True,True,0.07838829240758298,35.340626889860395,60.447197308101956,2.251984225426003,-0.07770112275485842,-0.005150529510148774,0.02760451689855878,0.8213002989308208,0.8213002989308208,False,0.0,0.6282894736842105,0.07724794845633048,34.783474639705354,60.55359326498389,2.241351863568434,-0.07823449826749691,-0.00550474609973751,0.027353828358193662,0.8213002989308208,0.8213002989308208,False,0.0,0.6282894736842105,0.07764514358294708,34.97738092260567,60.54804674850112,2.2467946309697067,-0.07815641042432114,-0.005294084438830185,0.027402167671930357,0.8213002989308208,0.8213002989308208,False,0.0,0.6282894736842105,0.6282894736842105,0.0,0.125,0.07575561908479997,34.0564253131471,60.879815218875095,2.280744084948763,-0.0714187790762218,-0.00430762763313559,0.02666842713707756,0.8213002989308208,0.8213002989308208,False,0.0,0.6348684210526315,0.07575561908479997,34.0564253131471,60.879815218875095,2.280744084948763,-0.0714187790762218,-0.00430762763313559,0.02666842713707756,0.8213002989308208,0.8213002989308208,False,0.0,0.6348684210526315,0.07575561908479997,34.0564253131471,60.879815218875095,2.280744084948763,-0.0714187790762218,-0.00430762763313559,0.02666842713707756,0.8213002989308208,0.8213002989308208,False,0.0,0.6348684210526315,0.6348684210526315,0.0,0.40131578947368424,0.07119068877367458,31.846936532545183,61.175141558977266,2.178362285965296,-0.06064535548343805,-0.004419770267063255,0.0243516836598293,0.5047049762359429,0.5047049762359429,False,0.0,0.6644736842105263,0.07166563740803651,32.07580538104811,61.11763360321591,2.174820496739543,-0.05759495196967813,-0.004517252383822755,0.024371728640667188,0.5047049762359429,0.5047049762359429,False,0.0,0.6644736842105263,0.07214837985231397,32.308670026210564,61.12777608332234,2.184586053321983,-0.06186318604895422,-0.004411965231294094,0.024523647640881555,0.5047049762359429,0.5047049762359429,False,0.0,0.6644736842105263,0.6644736842105263,0.0,0.11842105263157894
UNIFORM_MASS_MATCHED_PATH,1,PATH_UNIFORM__NIGHT16E_BYTE_EXACT_UNLABELED_START__L01,48,ea525d533009b535c0011a499c1c140bebc1888707a6ea18efbb8a00a467f97b,0.5,0.6291653166795982,0.5317823352588539,0.5988194461142076,0.49346749231200865,0.5560151268996292,0.4394225518441065,0.14279999999999998,51,0.061103863201895994,0.7386363636363636,UNIFORM_BETA_PATH::NIGHT16E_BYTE_EXACT_UNLABELED_START,1,0.25,0.4988654933175576,0.2784090909090909,31.87855558595424,0.071256333563421,1.9901639495160053,71.81750158695915,0.6988636363636364,False,0.8719649474825776,NIGHT16E_BYTE_EXACT_UNLABELED_START,0.4882241264716563,0.2840909090909091,37.403103220145184,0.08258522177085734,2.696663570614586,63.74981160156836,16.758042076623802,0.038768606816696784,0.6664177618844056,106.8510215227935,True,0,51,"[51,99,192,379,442,574,763]","[44,58,102]","[15.560649501063548,29.80043432138646,55.155522636853064]","[0.5151515151515151,0.5353535353535354,0.7676767676767676]",2,44,True,True,True,True,True,True,0.07529538036380538,33.832674647467044,60.65005699730364,2.1602809422105707,-0.09746922345424985,-0.00812691385811881,0.025741939700921684,0.8546263780329915,0.8546263780329915,False,0.0,0.6085526315789473,0.07433418002394614,33.366092960792926,60.74480297102332,2.148853369493308,-0.09701887732803045,-0.008435218950578579,0.02553870167689301,0.8546263780329915,0.8546263780329915,False,0.0,0.6118421052631579,0.07465051299388212,33.5195389250299,60.74462947546321,2.1552609441900796,-0.09636724350971182,-0.008196858304442627,0.02555787577332951,0.8546263780329915,0.8546263780329915,False,0.0,0.6085526315789473,0.6096491228070176,0.0015506727657599642,0.29605263157894735,0.07257217282964912,32.51329853097079,61.089508265189195,2.190519486416247,-0.08565263262747107,-0.0073565953660447965,0.024729830457686244,0.8546263780329915,0.8546263780329915,False,0.0,0.6085526315789473,0.07257217282964912,32.51329853097079,61.089508265189195,2.190519486416247,-0.08565263262747107,-0.0073565953660447965,0.024729830457686244,0.8546263780329915,0.8546263780329915,False,0.0,0.6085526315789473,0.07257217282964912,32.51329853097079,61.089508265189195,2.190519486416247,-0.08565263262747107,-0.0073565953660447965,0.024729830457686244,0.8546263780329915,0.8546263780329915,False,0.0,0.6085526315789473,0.6085526315789473,0.0,0.40131578947368424,0.0679181313516512,30.276292808413988,61.39068543987122,2.0873131168813064,-0.07566709481280626,-0.007285441205941206,0.022270671084634684,0.5505160711018994,0.5505160711018994,False,0.0,0.6118421052631579,0.0683365649252251,30.476502197547497,61.33680574683335,2.082610524830629,-0.07955971526342408,-0.007197749158156297,0.022300885121645606,0.5505160711018994,0.5505160711018994,False,0.0,0.6118421052631579,0.06880117132078642,30.69901486488509,61.348293469051356,2.092492632977633,-0.07781502497606625,-0.0072029523621416095,0.022428735696310986,0.5505160711018994,0.5505160711018994,False,0.0,0.6118421052631579,0.6118421052631579,0.0,0.11842105263157894
UNIFORM_MASS_MATCHED_PATH,2,PATH_UNIFORM__NIGHT16E_BYTE_EXACT_UNLABELED_START__L02,49,b4044155f53c4b53e1bc4f1ae2d7037dad4bdc3d814053c4eb12de0b1a6ef3df,0.45738636363636365,0.8036382052204851,0.7484633877184504,0.7738811468650032,0.7103450273795322,0.7252103039687123,0.6479983832537384,0.14279999999999998,51,0.054617429739462334,0.6818181818181818,UNIFORM_BETA_PATH::NIGHT16E_BYTE_EXACT_UNLABELED_START,2,0.5,0.0050561797752808986,0.09659090909090909,28.545988791057976,0.06428610889781068,1.736787120220953,72.3564922030724,0.6988636363636364,False,0.8528353665110204,NIGHT16E_BYTE_EXACT_UNLABELED_START,0.702268932783907,0.3522727272727273,32.00560042100277,0.07151999972937245,2.3632393797160125,64.51871770294576,15.26473518663633,0.0354363622175864,0.6904956828438272,107.22143570391967,True,0,51,"[51,72,214,292,417,703,751]","[43,56,90]","[15.192770059892105,28.842955383447638,50.77738973413602]","[0.6805555555555556,0.6805555555555556,0.7638888888888888]",2,43,True,True,True,True,True,True,0.06885772670137233,30.726115938293926,61.072293518311916,1.9157175447815535,-0.07571617073880131,-0.01302156956925714,0.02210345429103167,0.8849057142961982,0.8849057142961982,False,0.0,0.5657894736842105,0.06805618000565146,30.342325562628503,61.156783046266085,1.9065443315515358,-0.07551559546978642,-0.01349075548574724,0.021933581204372683,0.8849057142961982,0.8849057142961982,False,0.0,0.5592105263157894,0.06828107826168679,30.449942955756793,61.16275144798104,1.9131245441856868,-0.07652077433696879,-0.013335509322025773,0.02195536422061635,0.8849057142961982,0.8849057142961982,False,0.0,0.555921052631579,0.5603070175438597,0.004102694503041591,0.7631578947368421,0.06612349682758595,29.41964257429186,61.51428142207141,1.9437523990889545,-0.07050863439666728,-0.012282074742957028,0.021124754323099442,0.8849057142961982,0.8849057142961982,False,0.0,0.5756578947368421,0.06612349682758595,29.41964257429186,61.51428142207141,1.9437523990889545,-0.07050863439666728,-0.012282074742957028,0.021124754323099442,0.8849057142961982,0.8849057142961982,False,0.0,0.5756578947368421,0.06612349682758595,29.41964257429186,61.51428142207141,1.9437523990889545,-0.07050863439666728,-0.012282074742957028,0.021124754323099442,0.8849057142961982,0.8849057142961982,False,0.0,0.5756578947368421,0.5756578947368421,0.0,0.40131578947368424,0.06170429731992811,27.324153210122812,61.79995370615588,1.8332308872609957,-0.06207305056046745,-0.011980034805073285,0.018849058605722994,0.6168859817018825,0.6168859817018825,False,0.0,0.5427631578947368,0.06214889849602686,27.534080072720116,61.74417570416507,1.8292545060427177,-0.06560372227813067,-0.011975085847643627,0.018900096598657014,0.6168859817018825,0.6168859817018825,False,0.0,0.5460526315789473,0.06257401311069086,27.73499221391017,61.75854476832866,1.8380507336686236,-0.06442006777765481,-0.011780027633398958,0.01900942403652751,0.6168859817018825,0.6168859817018825,False,0.0,0.5526315789473685,0.5471491228070176,0.0041026945030416305,0.7763157894736842
UNIFORM_MASS_MATCHED_PATH,28,PATH_UNIFORM__NIGHT16E_BYTE_EXACT_UNLABELED_START__L03,50,526ee385773786346b517601d4a4c054acaa91e6e927e5cdcd6d20eb86848690,0.5355113636363636,0.878942017287605,0.8408394368525203,0.8572826400662155,0.8123628457286612,0.8192273460919131,0.7623297798871246,0.14279999999999998,51,0.050170679376803556,0.5227272727272727,UNIFORM_BETA_PATH::NIGHT16E_BYTE_EXACT_UNLABELED_START,3,0.75,0.5074213160863599,0.4318181818181818,26.249908241050097,0.059422555050597285,1.5971869352760528,72.73257905971893,0.6988636363636364,False,0.8179756903504839,NIGHT16E_BYTE_EXACT_UNLABELED_START,0.8051773541561019,0.48863636363636365,28.284964424477593,0.06373574296542232,2.1374315353786146,65.0596343242345,14.33225661289709,0.03334383679306922,0.8000641331140506,107.45404200533437,True,0,51,"[51,51,156,243,448,730,821]","[51,70,105]","[16.989147478770285,33.0717347229568,57.272379152425124]","[0.9019607843137255,0.9019607843137255,0.9487179487179487]",2,51,True,True,True,True,True,True,0.06331933184300513,28.08767520796,61.43554893707007,2.0298850421644965,-0.13284015220645615,-0.0161385298407829,0.01997136965337407,0.9104734538037624,0.9104734538037624,False,0.0,0.4144736842105263,0.06253553870476443,27.716801441123252,61.51906310550469,2.0194898341349385,-0.13409010062687138,-0.01642957169735718,0.019840559840571797,0.9104734538037624,0.9104734538037624,False,0.0,0.4144736842105263,0.06276268292725933,27.824217283329,61.52500688184254,2.027712624128577,-0.13477403450531902,-0.016270535195893495,0.019858046908328538,0.9104734538037624,0.9104734538037624,False,0.0,0.4144736842105263,0.4144736842105263,0.0,0.125,0.06096627798236325,26.97612227092752,61.85398652260939,1.9490509881171796,-0.1328734314287241,-0.015271907723867948,0.019019845199264224,0.9104734538037624,0.9104734538037624,False,0.0,0.42105263157894735,0.06096627798236325,26.97612227092752,61.85398652260939,1.9490509881171796,-0.1328734314287241,-0.015271907723867948,0.019019845199264224,0.9104734538037624,0.9104734538037624,False,0.0,0.42105263157894735,0.06096627798236325,26.97612227092752,61.85398652260939,1.9490509881171796,-0.1328734314287241,-0.015271907723867948,0.019019845199264224,0.9104734538037624,0.9104734538037624,False,0.0,0.42105263157894735,0.42105263157894735,0.0,0.40131578947368424,0.05653832205374254,24.89944569287337,62.14020575184416,1.8307735348167522,-0.130868234840352,-0.01430866124603068,0.016656368845566344,0.6383231226926376,0.6383231226926376,False,0.0,0.3782894736842105,0.056959236015729865,25.096012249297118,62.085841275080234,1.8237361175876319,-0.1300056322281157,-0.014176632196532521,0.016734063322085636,0.6383231226926376,0.6383231226926376,False,0.0,0.3848684210526315,0.057383692618435185,25.29441098806321,62.100488180359115,1.8326319538103135,-0.13026385880380176,-0.014397637001247018,0.016832963075493847,0.6383231226926376,0.6383231226926376,False,0.0,0.381578947368421,0.381578947368421,0.002685844016209611,0.5789473684210527
UNIFORM_MASS_MATCHED_PATH,28,PATH_UNIFORM__NIGHT16E_BYTE_EXACT_UNLABELED_START__L04,51,749629d1c238fedef18f76454a433fd8c9702eef6ba06abdda9fdba895ed6e70,0.5369318181818181,0.9198007130875046,0.8922254701477279,0.9031517566188474,0.8698520361058736,0.8744941782608425,0.8313410074777945,0.08679999999999999,31,0.04710097296334063,0.2784090909090909,UNIFORM_BETA_PATH::NIGHT16E_BYTE_EXACT_UNLABELED_START,4,1.0,0.5264473097236131,0.6704545454545454,24.259197979232155,0.0551647312681742,1.5499735123206686,73.06182627539515,0.3522727272727273,False,0.7874629522020422,NIGHT16E_BYTE_EXACT_UNLABELED_START,0.8644728379104653,0.8465909090909091,26.194154870679085,0.05930382954320124,2.0083806855998767,65.36760150811442,13.709274988906369,0.031940770593227995,0.9786978399785146,107.61000763211301,True,0,31,"[31,51,113,250,411,820,824]","[30,39,60]","[10.391829363282094,19.838017299052026,34.3947956789113]","[0.9354838709677419,0.9354838709677419,0.9354838709677419]",2,30,True,True,True,True,True,True,0.05817108514164351,25.66292613769228,61.77321509472007,1.866370415250694,-0.15282492300493947,-0.014496719869990033,0.017536833029093084,0.9046499004815827,0.9046499004815827,False,0.0,0.27960526315789475,0.05737575434206831,25.290698853698412,61.85766271426312,1.8590330965985837,-0.15371994630227456,-0.014828499729434749,0.017446909640652705,0.9046499004815827,0.9046499004815827,False,0.0,0.2730263157894737,0.057660674561860276,25.42397375734446,61.85992856504312,1.86209190511522,-0.15385235589652277,-0.014586921044198894,0.017480944197429783,0.9046499004815827,0.9046499004815827,False,0.0,0.26973684210526316,0.2741228070175438,0.004102694503041605,0.8289473684210527,0.056232506977731876,24.756740216201013,62.16579918817849,1.8355563015751664,-0.15262730928926485,-0.01348434820668756,0.016762579268448617,0.9046499004815827,0.9046499004815827,False,0.0,0.2894736842105263,0.056232506977731876,24.756740216201013,62.16579918817849,1.8355563015751664,-0.15262730928926485,-0.01348434820668756,0.016762579268448617,0.9046499004815827,0.9046499004815827,False,0.0,0.2894736842105263,0.056232506977731876,24.756740216201013,62.16579918817849,1.8355563015751664,-0.15262730928926485,-0.01348434820668756,0.016762579268448617,0.9046499004815827,0.9046499004815827,False,0.0,0.2894736842105263,0.2894736842105263,0.0,0.40131578947368424,0.052539923435593536,23.040905603799473,62.40355647251203,1.72706710233402,-0.1659458538205985,-0.01266484129797624,0.01491360096881485,0.6560980077554752,0.6560980077554752,False,0.0,0.32565789473684215,0.05298502149181292,23.24702030006798,62.347486859818865,1.7243141073953798,-0.16490083592863755,-0.012644141375779473,0.014992183162790128,0.6560980077554752,0.6560980077554752,False,0.0,0.3190789473684211,0.05333817440979717,23.410695211517236,62.36701089350507,1.7308181850047095,-0.16713295988728474,-0.01249395300773003,0.015070294706750753,0.6560980077554752,0.6560980077554752,False,0.0,0.33223684210526316,0.32565789473684215,0.005371688032419245,0.8223684210526315
UNIFORM_MASS_MATCHED_PATH,3,PATH_UNIFORM__NIGHT16E_BYTE_EXACT_UNLABELED_START__L05,52,6c6c334d93ecde6865c4b5b45757ddf0a971e60dfa6f1f0ca85877dd10902159,0.6903409090909092,0.4959998001826416,0.3569389225202575,0.4742985200196438,0.32924994817190545,0.4476899365614059,0.29529967522545647,0.14839999999999998,53,0.06383903536306254,0.8125,UNIFORM_BETA_PATH::NIGHT16E_BYTE_EXACT_UNLABELED_START,5,1.5,0.5620196695578875,0.9375,33.25093939896513,0.07409664577749919,2.2036694756748685,71.59786711265401,0.8352272727272727,False,0.8632059310231746,NIGHT16E_BYTE_EXACT_UNLABELED_START,0.32716284863920647,0.17613636363636365,40.16356740010311,0.08814302979995943,2.861610499853734,63.363607647608895,17.23843744221186,0.03983569738824943,0.8413370096660968,106.73240313554946,True,0,53,"[53,100,176,395,427,502,847]","[41,53,95]","[14.45701117754922,27.286622980328488,50.96756498268692]","[0.5,0.52,0.75]",2,41,True,True,True,True,True,True,0.07802325701479951,35.16212695852088,60.47113945882579,2.254400849700209,-0.07775565359210743,-0.005283141801819803,0.027442202521489698,0.8198724563261848,0.8198724563261848,False,0.0,0.5986842105263158,0.07689597139613706,34.61178277319159,60.57669099281435,2.2437422877909157,-0.07828700243404266,-0.00563953224349797,0.027196511473492554,0.8198724563261848,0.8198724563261848,False,0.0,0.5921052631578948,0.07729004469119066,34.804017648689964,60.571357239196566,2.249146866814481,-0.0782110422547033,-0.005366332727211475,0.027242695024785782,0.8198724563261848,0.8198724563261848,False,0.0,0.5986842105263158,0.5964912280701755,0.0031013455315199285,0.5328947368421053,0.07539458216896355,33.88088398258661,60.90359665717991,2.2828811224759242,-0.07147279291485098,-0.00456187328776139,0.026510569679891707,0.8198724563261848,0.8198724563261848,False,0.0,0.6052631578947368,0.07539458216896355,33.88088398258661,60.90359665717991,2.2828811224759242,-0.07147279291485098,-0.00456187328776139,0.026510569679891707,0.8198724563261848,0.8198724563261848,False,0.0,0.6052631578947368,0.07539458216896355,33.88088398258661,60.90359665717991,2.2828811224759242,-0.07147279291485098,-0.00456187328776139,0.026510569679891707,0.8198724563261848,0.8198724563261848,False,0.0,0.6052631578947368,0.6052631578947368,0.0,0.40131578947368424,0.07079660368986893,31.657211919318744,61.201097598065914,2.1803367320017717,-0.0809115144652282,-0.004545476342866772,0.02418191860778886,0.5043441830763383,0.5043441830763383,False,0.0,0.6414473684210527,0.07129106488449964,31.895286391129297,61.1422938842244,2.1766726882896235,-0.07813986921452398,-0.004598756668892397,0.024210388373560435,0.5043441830763383,0.5043441830763383,False,0.0,0.6414473684210527,0.07176906998507017,32.125678658776245,61.15276538993947,2.1864893707958926,-0.08091218989493425,-0.004574117656046701,0.02436010034822636,0.5043441830763383,0.5043441830763383,False,0.0,0.6414473684210527,0.6414473684210527,0.0,0.11842105263157894
UNIFORM_MASS_MATCHED_PATH,3,PATH_UNIFORM__NIGHT16E_BYTE_EXACT_UNLABELED_START__L06,53,66399880ad58365eb06eda2710f8d965edc6b1a6f87b9046827e01ae36379d47,0.6164772727272727,0.5287864397910657,0.41372914243566344,0.5060912054631941,0.3854923606118865,0.4753062004364793,0.3471905101958418,0.2716,97,0.052427301150545426,0.6136363636363636,UNIFORM_BETA_PATH::NIGHT16E_BYTE_EXACT_UNLABELED_START,6,2.0,0.5260201793347861,0.6477272727272727,25.43413285303887,0.05768238600279997,2.2001876648668204,72.86714212363867,1.0,False,0.9062063046559024,NIGHT16E_BYTE_EXACT_UNLABELED_START,0.3821373377477973,0.20454545454545456,33.29872641839688,0.07419523376132273,2.682324413135607,64.33281960148273,14.4776875921783,0.033670788066356545,0.8142147870144805,107.41769791817006,True,0,97,"[97,171,189,387,392,474,790]","[41,53,93]","[14.45701117754922,27.286622980328488,50.39816195530437]","[0.5154639175257731,0.5360824742268041,0.7319587628865979]",2,41,True,True,True,True,True,True,0.06529715583169339,29.02630329771767,61.305826282832896,2.254989727837943,-0.08124504011910931,-0.0104304464153466,0.020811895349648567,0.8186524220898371,0.8186524220898371,False,0.0,0.4473684210526316,0.06503628251422701,28.90227169170606,61.35495724061412,2.244469327088084,-0.08181332085637602,-0.01071790740481868,0.02071394363248273,0.8186524220898371,0.8186524220898371,False,0.0,0.4473684210526316,0.06514296515835796,28.9529853384295,61.36875309426773,2.250110120293637,-0.08172810738942683,-0.010689729519543266,0.02071886852610743,0.8186524220898371,0.8186524220898371,False,0.0,0.4473684210526316,0.4473684210526316,0.0,0.125,0.06279946597498376,27.841616778153966,61.73323475115509,2.2836555274623414,-0.08281771923505156,-0.009920248509074282,0.01990016640881387,0.8186524220898371,0.8186524220898371,False,0.0,0.4473684210526316,0.06279946597498376,27.841616778153966,61.73323475115509,2.2836555274623414,-0.08281771923505156,-0.009920248509074282,0.01990016640881387,0.8186524220898371,0.8186524220898371,False,0.0,0.4473684210526316,0.06279946597498376,27.841616778153966,61.73323475115509,2.2836555274623414,-0.08281771923505156,-0.009920248509074282,0.01990016640881387,0.8186524220898371,0.8186524220898371,False,0.0,0.4473684210526316,0.4473684210526316,0.0,0.40131578947368424,0.05831379073945272,25.729781124509156,62.02326619614736,2.178899452116841,-0.08887230734966776,-0.009215629626860167,0.01791628825086009,0.5146748857192441,0.5146748857192441,False,0.0,0.493421052631579,0.05868779229319633,25.90509025398548,61.972040393107314,2.175100917475856,-0.08886824989021706,-0.009154572916582825,0.01787788583540559,0.5146748857192441,0.5146748857192441,False,0.0,0.4901315789473685,0.05908399665372738,26.090958727788948,61.98847048045321,2.1854933348856957,-0.09132280816010005,-0.009172768158967209,0.018027414385717578,0.5146748857192441,0.5146748857192441,False,0.0,0.4901315789473685,0.4912280701754386,0.0015506727657599642,0.34868421052631576
UNIFORM_MASS_MATCHED_PATH,7,PATH_UNIFORM__KMEANS_RETAINED_S0__L00,54,715a862296a493bd4faa5ec8aa7fef1facaf629f8e7377c58049fea67a5d3535,0.6207386363636364,0.46633633736624147,0.31078618210328524,0.44487253715558384,0.2830661990398855,0.42150119376922035,0.2528826697263201,0.17079999999999998,61,0.0679087545698241,0.9772727272727273,UNIFORM_BETA_PATH::KMEANS_RETAINED_S0,0,0.0,0.5100432328738597,0.4659090909090909,35.98303249005169,0.07969963409609324,2.310722380646249,71.16460157663562,0.9261363636363636,False,0.8500138611825554,KMEANS_RETAINED_S0,0.28224501695649695,0.11363636363636363,34.980831622088026,0.07765220885454616,2.5971067459201347,64.092599456643,22.14572196331291,0.05060193862735701,1.3472984976962648,105.53562171276451,True,0,61,"[61,82,166,327,485,490,889]","[43,57,101]","[15.183516079201478,29.19850117622236,54.22305574614414]","[0.573170731707317,0.6341463414634146,0.7682926829268293]",2,43,True,True,True,True,True,True,0.08250567756183821,37.36383777922973,60.1771438888991,2.6371663033005226,-0.07269220017279641,0.0010824275488044203,0.03138151558447354,0.859701217163056,0.8710143091228266,True,0.018815039779885714,0.7796052631578947,0.08152848204115405,36.88201933945801,60.27269257316869,2.66204741951062,-0.06391404696522524,0.0008322826200492805,0.03122233954849356,0.859701217163056,0.8710143091228266,True,0.018815039779885714,0.7796052631578947,0.08188562869198705,37.057996024012,60.26967981756106,2.6652721764011718,-0.06557436990582537,0.0006968207628454482,0.031228597509159045,0.859701217163056,0.8710143091228266,True,0.018815039779885714,0.7763157894736842,0.7785087719298245,0.0015506727657599642,0.29605263157894735,0.07995186027476552,36.10680410058323,60.603409547892305,2.5767955059481964,-0.06836301945828815,0.0019950597755289856,0.030510830675060243,0.859701217163056,0.8710143091228266,True,0.018815039779885714,0.7796052631578947,0.07995186027476552,36.10680410058323,60.603409547892305,2.5767955059481964,-0.06836301945828815,0.0019950597755289856,0.030510830675060243,0.859701217163056,0.8710143091228266,True,0.018815039779885714,0.7796052631578947,0.07995186027476552,36.10680410058323,60.603409547892305,2.5767955059481964,-0.06836301945828815,0.0019950597755289856,0.030510830675060243,0.859701217163056,0.8710143091228266,True,0.018815039779885714,0.7796052631578947,0.7796052631578947,0.0,0.40131578947368424,0.07363242195748972,33.026060117502325,61.01431912603683,2.445814501580288,-0.08698628555109608,0.0005207336893099926,0.026962407750916746,0.4936797778114165,0.49368736160105997,True,0.018815039779885714,0.7236842105263158,0.07414075719685527,33.27231958286255,60.95468211669037,2.4391779704822873,-0.089619886311011,0.0005387211786194131,0.026986908445148543,0.4936797778114165,0.49368736160105997,True,0.018815039779885714,0.7203947368421053,0.0745875368113123,33.48898224075604,60.96708202709167,2.4491323855056777,-0.09007310529910083,0.0005534334966458238,0.02714184138159734,0.4936797778114165,0.49368736160105997,True,0.018815039779885714,0.7236842105263158,0.7225877192982457,0.0015506727657599645,0.4407894736842105
UNIFORM_MASS_MATCHED_PATH,4,PATH_UNIFORM__KMEANS_RETAINED_S0__L01,55,cef7217dee1ee9ef868df217bd08146f2b26af6f8169e9774e691cdce3b1fbe8,0.5227272727272727,0.5926939290250668,0.4814080873579779,0.5627254385349263,0.44325148251023755,0.522099916813299,0.3915260884809517,0.17079999999999998,61,0.0642923084749777,0.8409090909090909,UNIFORM_BETA_PATH::KMEANS_RETAINED_S0,1,0.25,0.0050561797752808986,0.09659090909090909,33.93963585865405,0.07551544890742092,2.057348649903122,71.48815449794981,0.9261363636363636,False,0.8611477393006973,KMEANS_RETAINED_S0,0.4387285527830557,0.22727272727272727,33.62891862318259,0.07487587022067739,2.413541856144228,64.28552316906992,20.491680223506933,0.04700016342743529,1.0417546593835747,105.93599706685337,True,0,61,"[61,80,176,319,514,568,782]","[43,57,99]","[15.183516079201478,29.19850117622236,53.6590131662835]","[0.5875,0.65,0.7375]",2,43,True,True,True,True,True,True,0.07924403642018168,35.759634946671966,60.39107027895439,2.461168353886393,-0.09989942146214315,-0.003304126015543131,0.028867096736409373,0.8785935432172749,0.8839029024686339,True,0.011784914495534132,0.7368421052631579,0.07842728296709828,35.35970137847076,60.476202006770016,2.452150611215479,-0.09245359598694908,-0.0036424487975779646,0.0287871824404289,0.8785935432172749,0.8839029024686339,True,0.011784914495534132,0.7368421052631579,0.07866184752682605,35.474486278096315,60.48130514954375,2.4563993889705564,-0.09573778213121438,-0.003304249472521744,0.028743061583877568,0.8785935432172749,0.8839029024686339,True,0.011784914495534132,0.7368421052631579,0.7368421052631579,0.0,0.125,0.07657162750909616,34.453686044114754,60.82606488712949,2.381343932447387,-0.09809449094894217,-0.0027108265839324392,0.027869257116252696,0.8785935432172749,0.8839029024686339,True,0.011784914495534132,0.743421052631579,0.07657162750909616,34.453686044114754,60.82606488712949,2.381343932447387,-0.09809449094894217,-0.0027108265839324392,0.027869257116252696,0.8785935432172749,0.8839029024686339,True,0.011784914495534132,0.743421052631579,0.07657162750909616,34.453686044114754,60.82606488712949,2.381343932447387,-0.09809449094894217,-0.0027108265839324392,0.027869257116252696,0.8785935432172749,0.8839029024686339,True,0.011784914495534132,0.743421052631579,0.7434210526315791,1.1102230246251565e-16,0.9868421052631579,0.07037677982621132,31.455272827978884,61.22874889740009,2.2461529487841396,-0.10094419682950548,-0.0034106355949597702,0.024461470641272746,0.5366598196237313,0.5365431572292414,True,0.011784914495534132,0.674342105263158,0.07089521101360659,31.704669403641326,61.16835523971932,2.2387409642924125,-0.10207561496200215,-0.0034486321541227177,0.02449824454915587,0.5366598196237313,0.5365431572292414,True,0.011784914495534132,0.674342105263158,0.0713210312050523,31.909722801359568,61.18228262483659,2.2488972534889613,-0.10261072124075445,-0.003605872469279941,0.02463411474061852,0.5366598196237313,0.5365431572292414,True,0.011784914495534132,0.674342105263158,0.674342105263158,0.0,0.11842105263157894
UNIFORM_MASS_MATCHED_PATH,5,PATH_UNIFORM__KMEANS_RETAINED_S0__L02,56,fcef5c93fb7f66e1c5eb359bc48069de8b773218ae5ed467b3f18e36c20d2f23,0.5227272727272727,0.7954884908766978,0.7363755339695978,0.7683189596354307,0.7013527951688343,0.7241477222171113,0.6444140980352373,0.17079999999999998,61,0.05653215795328209,0.7272727272727273,UNIFORM_BETA_PATH::KMEANS_RETAINED_S0,2,0.5,0.0050561797752808986,0.09659090909090909,29.693914239250503,0.06669883232791178,1.7369257289006736,72.16992213532163,0.9261363636363636,False,0.8441117959881251,KMEANS_RETAINED_S0,0.6940474757245564,0.3409090909090909,29.973612196457516,0.06728482086440377,2.1386338102441678,64.81301409008469,17.428814679407992,0.040257922523162064,0.716739134259744,106.68546835241821,True,0,61,"[61,64,195,232,493,717,738]","[41,54,92]","[14.447757196858593,27.64216877310321,50.442550149589295]","[0.6875,0.75,0.84375]",2,41,True,True,True,True,True,True,0.07162790701275641,32.05761524782201,60.8906013430913,2.138938356745823,-0.10399537679672578,-0.01056241406027554,0.02407072957475136,0.9034191989026762,0.9060182265155371,True,0.01239069260350518,0.625,0.07102104053776212,31.765242950736265,60.962220532480835,2.1319397439329757,-0.0964525692601617,-0.010844306895633133,0.024077459397172783,0.9034191989026762,0.9060182265155371,True,0.01239069260350518,0.625,0.0712046485279632,31.85366013781071,60.97083348070035,2.136352720231653,-0.09978347530618452,-0.010825661219089065,0.024037794613295017,0.9034191989026762,0.9060182265155371,True,0.01239069260350518,0.625,0.625,0.0,0.125,0.06872567407327615,30.66284206754036,61.342876463431026,2.129923993373427,-0.10214203773274155,-0.01017666929875975,0.022946867850528425,0.9034191989026762,0.9060182265155371,True,0.01239069260350518,0.625,0.06872567407327615,30.66284206754036,61.342876463431026,2.129923993373427,-0.10214203773274155,-0.01017666929875975,0.022946867850528425,0.9034191989026762,0.9060182265155371,True,0.01239069260350518,0.625,0.06872567407327615,30.66284206754036,61.342876463431026,2.129923993373427,-0.10214203773274155,-0.01017666929875975,0.022946867850528425,0.9034191989026762,0.9060182265155371,True,0.01239069260350518,0.625,0.625,0.0,0.40131578947368424,0.06288862041009463,27.883795191804538,61.72194939265816,1.9929611090767148,-0.10306616806419178,-0.010754073901598635,0.01986666538648405,0.6091832994450689,0.6092632156528737,True,0.01239069260350518,0.5625,0.0633065927423099,28.081642382258597,61.66795797958217,1.9846908483415613,-0.10444419851688644,-0.010661742285202983,0.019881017817950923,0.6091832994450689,0.6092632156528737,True,0.01239069260350518,0.5657894736842105,0.06376131261932483,28.29708465418015,61.680324310518756,1.993573638375565,-0.10489638201714288,-0.010771919517213556,0.02001713264795132,0.6091832994450689,0.6092632156528737,True,0.01239069260350518,0.5657894736842105,0.5646929824561404,0.0015506727657599645,0.4407894736842105
UNIFORM_MASS_MATCHED_PATH,28,PATH_UNIFORM__KMEANS_RETAINED_S0__L03,57,578e333ac4918a88c33fa80d92567ed6c2c35b3f233c275edbb8b683e758e031,0.5241477272727273,0.8756492888702428,0.8326223634171875,0.85506027754815,0.804909292672681,0.8196117555247213,0.7571951317906898,0.14279999999999998,51,0.05308233016986504,0.625,UNIFORM_BETA_PATH::KMEANS_RETAINED_S0,3,0.75,0.4991419094904038,0.29545454545454547,27.664632296896155,0.06242518080360339,1.5727476967611065,72.50039327199892,0.6988636363636364,False,0.7924512740546622,KMEANS_RETAINED_S0,0.7982422626268528,0.4772727272727273,28.295975499199248,0.06375897272923851,2.0729830963693177,65.05802012191077,16.22388632330597,0.03757931130814558,0.9086474640131379,106.98322427946827,True,0,51,"[51,59,112,196,445,742,895]","[38,48,78]","[13.344118873344264,24.995147687785458,43.93628057242666]","[0.803921568627451,0.803921568627451,0.8235294117647058]",2,38,True,True,True,True,True,True,0.06727716645138979,29.96995640623567,61.175960210586936,2.0418065678287767,-0.15752741859930422,-0.01346987791934295,0.021900259940753352,0.9213182950271657,0.9220987861540157,True,0.015396732093406924,0.618421052631579,0.06659557327448981,29.644664095521446,61.25263218122157,2.1196185942776222,-0.1585518328380722,-0.013757554944233617,0.021947505495482817,0.9213182950271657,0.9220987861540157,True,0.015396732093406924,0.625,0.06682147463401031,29.752423524257807,61.25856722654824,2.0874358370396364,-0.15889985977444904,-0.013564164830426552,0.02191856852669222,0.9213182950271657,0.9220987861540157,True,0.015396732093406924,0.6282894736842105,0.6239035087719298,0.004102694503041581,0.7236842105263158,0.06439558926768656,28.59794912657701,61.62809838989307,1.9222147874547164,-0.15722288095335615,-0.011920674183226579,0.020673965985382337,0.9213182950271657,0.9220987861540157,True,0.015396732093406924,0.6414473684210527,0.06439558926768656,28.59794912657701,61.62809838989307,1.9222147874547164,-0.15722288095335615,-0.011920674183226579,0.020673965985382337,0.9213182950271657,0.9220987861540157,True,0.015396732093406924,0.6414473684210527,0.06439558926768656,28.59794912657701,61.62809838989307,1.9222147874547164,-0.15722288095335615,-0.011920674183226579,0.020673965985382337,0.9213182950271657,0.9220987861540157,True,0.015396732093406924,0.6414473684210527,0.6414473684210527,0.0,0.40131578947368424,0.059207768812294684,26.1490551537092,61.964385180964044,1.800394565082637,-0.148238096458055,-0.01218563373039276,0.017882666808063937,0.6457078018252551,0.6454297402898858,True,0.015396732093406924,0.5394736842105263,0.05974047300573557,26.39927150031902,61.90273631832276,1.7942294219486639,-0.14754576547210413,-0.01208350810804279,0.01796072054255803,0.6457078018252551,0.6454297402898858,True,0.015396732093406924,0.5361842105263157,0.060149027666396536,26.591365792104313,61.91830519125118,1.8017204444417116,-0.14757820603974864,-0.012159672120875918,0.01805812978079905,0.6457078018252551,0.6454297402898858,True,0.015396732093406924,0.5328947368421053,0.5361842105263158,0.002685844016209611,0.5789473684210527
UNIFORM_MASS_MATCHED_PATH,28,PATH_UNIFORM__KMEANS_RETAINED_S0__L04,58,6012b0273c4478abd614bc6851ba6f5bb3138fde694205369e1e32da0e551551,0.5610795454545454,0.9082890915825711,0.8742545174999492,0.8909521967363383,0.8504837769728838,0.8583451046785705,0.805775959827891,0.10079999999999999,36,0.04917107546438602,0.4375,UNIFORM_BETA_PATH::KMEANS_RETAINED_S0,4,1.0,0.530424452470352,0.7102272727272727,25.330352093512545,0.05746054456826345,1.5381493014120526,72.88429658525456,0.48863636363636365,False,0.7575952511385163,KMEANS_RETAINED_S0,0.8435047514335747,0.6079545454545454,26.353057305161286,0.0596421295936871,1.9836176569911836,65.34409353222928,14.931743974517108,0.0346901551373523,0.913345773644039,107.30438450205088,True,0,36,"[36,46,59,204,471,801,883]","[33,43,70]","[11.495467686796422,21.993203167351506,39.11236055876188]","[0.8888888888888888,0.8888888888888888,0.8888888888888888]",2,33,True,True,True,True,True,True,0.06195903423596911,27.44440772272327,61.52476891677828,1.9533847755316784,-0.14762633825642005,-0.014833768303131076,0.0200037197703802,0.9252919767920453,0.925724479256074,True,0.0213269135383885,0.4703947368421053,0.06121202820792898,27.091950988511062,61.60591559873214,2.0233220966168055,-0.1485719667667545,-0.015035742499593933,0.02004065688957112,0.9252919767920453,0.925724479256074,True,0.0213269135383885,0.4769736842105263,0.06146648472696644,27.21194713715128,61.6100959001099,1.9943477941071843,-0.14880592798162617,-0.01519315615138047,0.020004023789159227,0.9252919767920453,0.925724479256074,True,0.0213269135383885,0.46710526315789475,0.47149122807017546,0.0041026945030416,0.7828947368421053,0.059388267592179474,26.233805442107634,61.95792979016026,1.8464145651109216,-0.14746143226120514,-0.014559136930538298,0.018876622776666893,0.9252919767920453,0.925724479256074,True,0.0213269135383885,0.46381578947368424,0.059388267592179474,26.233805442107634,61.95792979016026,1.8464145651109216,-0.14746143226120514,-0.014559136930538298,0.018876622776666893,0.9252919767920453,0.925724479256074,True,0.0213269135383885,0.46381578947368424,0.059388267592179474,26.233805442107634,61.95792979016026,1.8464145651109216,-0.14746143226120514,-0.014559136930538298,0.018876622776666893,0.9252919767920453,0.925724479256074,True,0.0213269135383885,0.46381578947368424,0.46381578947368424,0.0,0.40131578947368424,0.05495319938748904,24.160765721552586,62.24460834807607,1.730222459173267,-0.15818788431260736,-0.013903105552464734,0.01635826325966835,0.659612661474862,0.6593383199528525,True,0.0213269135383885,0.444078947368421,0.05549080867994599,24.411018144030656,62.18251636058586,1.726025930460989,-0.15712878277278075,-0.014056359322322168,0.01644614412217089,0.659612661474862,0.6593383199528525,True,0.0213269135383885,0.4407894736842105,0.05586816608750179,24.586844946389537,62.20033255678698,1.7327194557762773,-0.15906970185998776,-0.013905034653566519,0.0165274734464577,0.659612661474862,0.6593383199528525,True,0.0213269135383885,0.444078947368421,0.44298245614035087,0.0015506727657599642,0.34868421052631576
UNIFORM_MASS_MATCHED_PATH,6,PATH_UNIFORM__KMEANS_RETAINED_S0__L05,59,c3cec2ede0c310e03c80bbc923be5bcf0ea366e26290da754d883f127a04ef46,0.33948863636363635,0.9312059239657096,0.8906330664513948,0.916796555563118,0.8677254481300428,0.8919836344676305,0.8282785473352082,0.0056,2,0.04022814640336357,0.14204545454545456,UNIFORM_BETA_PATH::KMEANS_RETAINED_S0,5,1.5,0.49932839914284266,0.3068181818181818,20.432752384258183,0.046871340298485956,1.4973847377010003,73.70313414176489,0.10795454545454546,False,0.6086747067402642,KMEANS_RETAINED_S0,0.8622123539722154,0.8011363636363636,21.142803053372138,0.04842127914515928,1.7627002682355837,66.12381402407028,12.270354766013144,0.028684443952935748,1.1812717374602633,107.97198273029915,True,0,2,"[2,21,59,89,207,982,1140]","[1,1,1]","[0.36787944117144233,0.5988534651803306,0.7763478934684118]","[0.9973684210526316,0.9973684210526316,0.9982456140350877]",2,1,True,True,True,True,True,False,0.048394931342284266,21.130713396769245,62.4144190776512,1.7637220793020543,-0.13967710791139168,-0.014658368197100563,0.016687974323964825,0.8829898421984667,0.8878920697272139,True,0.015396732093406924,0.2055921052631579,0.04759107828064213,20.762187936993673,62.4997607659142,1.812073420425984,-0.1416765086532018,-0.01511683332895692,0.01686095156970804,0.8829898421984667,0.8878920697272139,True,0.015396732093406924,0.19901315789473684,0.04802405142809977,20.960606618590827,62.49252534050455,1.800150778786291,-0.14814633079501802,-0.01476387357556408,0.01685637617991068,0.8829898421984667,0.8878920697272139,True,0.015396732093406924,0.20888157894736842,0.20449561403508773,0.004102694503041605,0.8289473684210527,0.046308037965663636,20.175266795465028,62.819522220826926,1.6866092544988605,-0.13901552407655357,-0.013945894369175817,0.015490002260803772,0.8829898421984667,0.8878920697272139,True,0.015396732093406924,0.21217105263157895,0.046308037965663636,20.175266795465028,62.819522220826926,1.6866092544988605,-0.13901552407655357,-0.013945894369175817,0.015490002260803772,0.8829898421984667,0.8878920697272139,True,0.015396732093406924,0.21217105263157895,0.046308037965663636,20.175266795465028,62.819522220826926,1.6866092544988605,-0.13901552407655357,-0.013945894369175817,0.015490002260803772,0.8829898421984667,0.8878920697272139,True,0.015396732093406924,0.21217105263157895,0.21217105263157895,0.0,0.40131578947368424,0.043568930861319494,18.927543611878807,62.99442236287564,1.5906829766217936,-0.1578359481969868,-0.012263695472390897,0.014067607548052178,0.6682473886230131,0.6689921381099196,True,0.015396732093406924,0.3799342105263158,0.04404319705694448,19.143070399019408,62.93617900736439,1.5942253315169936,-0.15683352884058596,-0.01222388676408652,0.0141333174024334,0.6682473886230131,0.6689921381099196,True,0.015396732093406924,0.37335526315789475,0.04430112552149221,19.26037389572541,62.962380550574174,1.5973064386803781,-0.1591406266845422,-0.012263159048704952,0.01418990061640368,0.6682473886230131,0.6689921381099196,True,0.015396732093406924,0.37335526315789475,0.3755482456140351,0.003101345531519955,0.6973684210526315
UNIFORM_MASS_MATCHED_PATH,7,PATH_UNIFORM__KMEANS_RETAINED_S0__L06,60,b55afeddc68811a3aa6ce518184de17c6bad5cc3bfa1e0be2bd8308ea8ae3490,0.5198863636363636,0.5297015029453206,0.4137797851993028,0.504535579282557,0.38241082853107006,0.4722320621976151,0.34214496580144516,0.21,75,0.05470445717938089,0.6931818181818182,UNIFORM_BETA_PATH::KMEANS_RETAINED_S0,6,2.0,0.46292898613000355,0.20454545454545456,26.946564587185215,0.06090354574755734,2.040060223257292,72.61805763085441,0.9886363636363636,False,0.9033841139212891,KMEANS_RETAINED_S0,0.3794451931772727,0.19318181818181818,27.859006946344127,0.06283622642116678,1.7173938016120578,65.12214041372596,18.5683621601331,0.04277750644559302,1.3193031633159245,106.40538998852647,True,0,75,"[75,160,277,331,397,447,813]","[42,56,98]","[14.815636638030035,28.59964771104203,52.88266527281509]","[0.6,0.6666666666666666,0.76]",2,42,True,True,True,True,True,True,0.06833053944114825,30.473617886720106,61.106870978726704,1.8928385587721277,-0.06706938699678422,-0.007215664322143956,0.021526556117075154,0.8609691442644919,0.8676092624341532,True,0.01139760682208858,0.5888157894736842,0.06833990323442497,30.47810021324591,61.138164327438815,1.8524507498207523,-0.06997498895008204,-0.007771847304262427,0.021532825024558968,0.8609691442644919,0.8676092624341532,True,0.01139760682208858,0.5953947368421053,0.06836062336057161,30.488018989466372,61.15752970460062,1.8623383727641576,-0.06939925999351022,-0.007682064021132678,0.021541148061192176,0.8609691442644919,0.8676092624341532,True,0.01139760682208858,0.5953947368421053,0.5932017543859649,0.003101345531519981,0.6710526315789473,0.0657466501694317,29.24017682179366,61.53910424532901,1.8807136221223806,-0.07085145213034977,-0.006542035341088038,0.02067469253684174,0.8609691442644919,0.8676092624341532,True,0.01139760682208858,0.5888157894736842,0.0657466501694317,29.24017682179366,61.53910424532901,1.8807136221223806,-0.07085145213034977,-0.006542035341088038,0.02067469253684174,0.8609691442644919,0.8676092624341532,True,0.01139760682208858,0.5888157894736842,0.0657466501694317,29.24017682179366,61.53910424532901,1.8807136221223806,-0.07085145213034977,-0.006542035341088038,0.02067469253684174,0.8609691442644919,0.8676092624341532,True,0.01139760682208858,0.5888157894736842,0.5888157894736842,0.0,0.40131578947368424,0.05956516218196035,26.316895005747497,61.940845806716524,1.8425794530885218,-0.07297341993489628,-0.0067668027959150254,0.018150645565535084,0.5140511194921771,0.5140430735588072,True,0.01139760682208858,0.5427631578947368,0.059944815351824145,26.495328343946774,61.889283276895966,1.8551166987588603,-0.07307153176864044,-0.006628047511470936,0.018136089882846672,0.5140511194921771,0.5140430735588072,True,0.01139760682208858,0.5361842105263158,0.0602873553253716,26.656442562146374,61.90919202921067,1.8558637124878674,-0.07519531767852394,-0.006846453087884573,0.018248951042589154,0.5140511194921771,0.5140430735588072,True,0.01139760682208858,0.5361842105263158,0.5383771929824562,0.0031013455315199285,0.6381578947368421
UNIFORM_MASS_MATCHED_PATH,8,PATH_UNIFORM__KMEANS_RETAINED_S1__L00,61,c001a15d0dc6c7fd2f4e9f7366ebc91546c7edab05d4479bcc7689baaa61867c,0.546875,0.5136316284657095,0.3258181590956781,0.49445715090676373,0.2992393654576603,0.4713832859912769,0.2672554174134486,0.061599999999999995,22,0.06537268524916856,0.8977272727272727,UNIFORM_BETA_PATH::KMEANS_RETAINED_S1,0,0.0,0.5569991531585492,0.8465909090909091,34.98271527673969,0.0776560655723476,2.1338969372175156,71.32262578826794,0.3068181818181818,False,0.7363469652272103,KMEANS_RETAINED_S1,0.2974376473222623,0.13636363636363635,34.70012060963182,0.07707710198443121,2.0705228720301347,64.13256279219267,20.34316159459653,0.04667541764374156,1.2081580554706104,105.9720959905558,True,0,22,"[22,45,48,167,559,730,929]","[15,25,36]","[5.304155421018065,11.902546674032271,20.401568581953306]","[0.7272727272727273,0.8181818181818182,0.8444444444444444]",2,15,True,True,True,True,True,True,0.07786245346494901,35.08353990817204,60.481686334289265,2.369488045684278,-0.06642173617073606,0.0015767115088935134,0.03147400372291012,0.8417898848638492,0.8577059369927545,True,0.023575792594510033,0.6809210526315789,0.07679259342543676,34.56138061831284,60.5834749469436,2.378936488880429,-0.06276559013677963,0.001195797152696039,0.03134067086785716,0.8417898848638492,0.8577059369927545,True,0.023575792594510033,0.6776315789473684,0.07705989858501872,34.69172897893063,60.58646519585613,2.370572123074828,-0.06087665720903612,0.001375330272197361,0.0312632036584504,0.8417898848638492,0.8577059369927545,True,0.023575792594510033,0.6743421052631579,0.6776315789473685,0.002685844016209611,0.4473684210526316,0.0752600840712128,33.81552411975371,60.91245602328203,2.35429757869392,-0.06025902706266418,0.00203559414299814,0.030629679169148032,0.8417898848638492,0.8577059369927545,True,0.023575792594510033,0.6809210526315789,0.0752600840712128,33.81552411975371,60.91245602328203,2.35429757869392,-0.06025902706266418,0.00203559414299814,0.030629679169148032,0.8417898848638492,0.8577059369927545,True,0.023575792594510033,0.6809210526315789,0.0752600840712128,33.81552411975371,60.91245602328203,2.35429757869392,-0.06025902706266418,0.00203559414299814,0.030629679169148032,0.8417898848638492,0.8577059369927545,True,0.023575792594510033,0.6809210526315789,0.6809210526315789,0.0,0.40131578947368424,0.06988946376270148,31.221097990006797,61.260845506261404,2.256926717332213,-0.06367935914424144,0.0010361600748926138,0.027487895530866023,0.5137365504609682,0.5141670295108501,True,0.023575792594510033,0.6710526315789473,0.07049486595292101,31.51205488872009,61.194712276278345,2.255053349607654,-0.06074330025671292,0.0011054813827321576,0.027580640585654907,0.5137365504609682,0.5141670295108501,True,0.023575792594510033,0.6710526315789473,0.07091075006011822,31.71214891560267,61.20931234964836,2.2552511252473866,-0.06497595903575666,0.0011592807103540314,0.027698508826901135,0.5137365504609682,0.5141670295108501,True,0.023575792594510033,0.674342105263158,0.6721491228070176,0.0015506727657600167,0.4868421052631579
UNIFORM_MASS_MATCHED_PATH,9,PATH_UNIFORM__KMEANS_RETAINED_S1__L01,62,5ea9869648ead60e7c15fd6106495a6d8d96ba7fb25b9ced09d19518345011b9,0.3607954545454546,0.6803912722485707,0.5634880691935156,0.6500525776191697,0.5220523979463654,0.6058916820801438,0.4617387828786446,0.055999999999999994,20,0.06142161704114396,0.7613636363636364,UNIFORM_BETA_PATH::KMEANS_RETAINED_S1,1,0.25,0.0050561797752808986,0.09659090909090909,32.76216754885363,0.07308706806108742,1.9051536500629185,71.67593531583084,0.2897727272727273,False,0.7465222876591406,KMEANS_RETAINED_S1,0.5157597500061751,0.29545454545454547,33.654741999716116,0.0749290586355145,2.052237414037628,64.28182718388882,18.357786610712722,0.04231291261158025,1.0542568066541613,106.45703450004524,True,0,20,"[20,45,48,180,670,711,826]","[14,22,31]","[4.927021999155993,10.569570039705592,17.758416214442903]","[0.75,0.8222222222222222,0.8444444444444444]",2,14,True,True,True,True,True,True,0.07368196796489822,33.05005044774416,60.75587841516611,2.2167346873209595,-0.08244066528232728,-0.004059626387985058,0.028351847338227255,0.873020699979834,0.8784484197698894,True,0.011983476214581764,0.6513157894736842,0.07275469153583197,32.601485342868536,60.8484534623075,2.225298811070211,-0.0817707618522768,-0.004288458986994482,0.028314523053718163,0.873020699979834,0.8784484197698894,True,0.011983476214581764,0.6546052631578947,0.07295267987019675,32.697185815522936,60.85608384536093,2.218915656938735,-0.08242772962876198,-0.004060379960846105,0.028216504882397027,0.873020699979834,0.8784484197698894,True,0.011983476214581764,0.6513157894736842,0.6524122807017543,0.0015506727657599645,0.3355263157894737,0.07095994690500022,31.73583080816075,61.19570530399241,2.1930253005096527,-0.0758772484947265,-0.003570541730871936,0.02727766136541266,0.873020699979834,0.8784484197698894,True,0.011983476214581764,0.6513157894736842,0.07095994690500022,31.73583080816075,61.19570530399241,2.1930253005096527,-0.0758772484947265,-0.003570541730871936,0.02727766136541266,0.873020699979834,0.8784484197698894,True,0.011983476214581764,0.6513157894736842,0.07095994690500022,31.73583080816075,61.19570530399241,2.1930253005096527,-0.0758772484947265,-0.003570541730871936,0.02727766136541266,0.873020699979834,0.8784484197698894,True,0.011983476214581764,0.6513157894736842,0.6513157894736842,0.0,0.40131578947368424,0.065752995239518,29.243197337329434,61.53329006985638,2.0637278239167482,-0.06643313096419157,-0.004285490597905396,0.024240734519955783,0.5705933287116766,0.570591810837231,True,0.011983476214581764,0.6348684210526315,0.06636072901132249,29.532694008261014,61.466886481008494,2.056338862932994,-0.06900486571759774,-0.004094258704805939,0.02435486785323758,0.5705933287116766,0.570591810837231,True,0.011983476214581764,0.6348684210526315,0.06674717656218652,29.716976113104145,61.48361266120842,2.0640636188361046,-0.06924796651660606,-0.004364459728874483,0.02445608127231395,0.5705933287116766,0.570591810837231,True,0.011983476214581764,0.6348684210526315,0.6348684210526315,0.0,0.11842105263157894
UNIFORM_MASS_MATCHED_PATH,10,PATH_UNIFORM__KMEANS_RETAINED_S1__L02,63,ab03ddef51da79ee4ec34348751a7c54bc958b47ad78dc58eb6b75a2bad5d9f1,0.3778409090909091,0.8545111079281973,0.8020128299060983,0.8315789793372604,0.7708058615987977,0.793338244161254,0.7187663221398589,0.055999999999999994,20,0.055735583566308464,0.7045454545454546,UNIFORM_BETA_PATH::KMEANS_RETAINED_S1,2,0.5,0.0050561797752808986,0.09659090909090909,29.770081345245742,0.06685848116115202,1.6572649133749393,72.15757687715305,0.2897727272727273,False,0.753796347865095,KMEANS_RETAINED_S1,0.7638616712149183,0.42045454545454547,31.18494128353533,0.06981417639449937,2.1241630767680486,64.63725287242889,16.00605966825294,0.037093476000217916,0.8347289555428297,107.03723000515727,True,0,20,"[20,44,48,229,559,738,862]","[14,22,31]","[4.927021999155993,10.569570039705592,17.758416214442903]","[0.75,0.8409090909090909,0.8636363636363636]",2,14,True,True,True,True,True,True,0.06736094751300627,30.009973973338866,61.170465130261356,2.1171095677942358,-0.06726737115756917,-0.009307392881241869,0.025279086499910744,0.905166139117793,0.9075358986709459,True,0.01302760942837027,0.618421052631579,0.06654600648658109,29.62102673223708,61.25588489370209,2.194713440692364,-0.06680606239723808,-0.009452693228174956,0.02526405562941232,0.905166139117793,0.9075358986709459,True,0.01302760942837027,0.6151315789473684,0.06674832777659952,29.717525311369805,61.26336895693563,2.1602521321856596,-0.0666841317279672,-0.009629556296156767,0.025217916195175154,0.905166139117793,0.9075358986709459,True,0.01302760942837027,0.6085526315789473,0.6140350877192983,0.00410269450304162,0.8552631578947368,0.0649031825971374,28.839016310642013,61.59466330633573,1.9972449770996452,-0.05688237643061635,-0.008459442213100068,0.024093305125205768,0.905166139117793,0.9075358986709459,True,0.01302760942837027,0.625,0.0649031825971374,28.839016310642013,61.59466330633573,1.9972449770996452,-0.05688237643061635,-0.008459442213100068,0.024093305125205768,0.905166139117793,0.9075358986709459,True,0.01302760942837027,0.625,0.0649031825971374,28.839016310642013,61.59466330633573,1.9972449770996452,-0.05688237643061635,-0.008459442213100068,0.024093305125205768,0.905166139117793,0.9075358986709459,True,0.01302760942837027,0.625,0.625,0.0,0.40131578947368424,0.06023634891581722,26.63244417428533,61.8966387310984,1.8714199348562242,-0.057284062021670495,-0.008524161904661126,0.021288885933610616,0.6334191827227836,0.6334170400265094,True,0.01302760942837027,0.5921052631578947,0.060740678662968596,26.869844579809573,61.83688698068114,1.8640613907082282,-0.058402580846328295,-0.008274242428599535,0.021382370277319682,0.6334191827227836,0.6334170400265094,True,0.01302760942837027,0.5921052631578947,0.06112508131800055,27.05096363984503,61.85400181799085,1.872179910434619,-0.057358578020332195,-0.008394557010994425,0.02149248171467844,0.6334191827227836,0.6334170400265094,True,0.01302760942837027,0.5921052631578947,0.5921052631578947,0.0,0.11842105263157894
UNIFORM_MASS_MATCHED_PATH,28,PATH_UNIFORM__KMEANS_RETAINED_S1__L03,64,f7fb1c90aae0d0db2f512d70d175cbf64d38a776bdd6e114fae3f25a4150ff93,0.4588068181818182,0.9068153090061545,0.8717621348998755,0.8902726341272594,0.8489966217357543,0.8612195875734379,0.8090147252999689,0.0532,19,0.05415986067335685,0.6590909090909091,UNIFORM_BETA_PATH::KMEANS_RETAINED_S1,3,0.75,0.5001656886884047,0.32954545454545453,28.789806003799363,0.06479960965738019,1.56573982488324,72.31678443122101,0.2556818181818182,False,0.743804364326251,KMEANS_RETAINED_S1,0.8432578273118662,0.5909090909090909,29.981277636851107,0.06730087018671825,2.0031725774829785,64.81189884614251,15.708205059529607,0.03642835380964293,0.9301207744900355,107.11116536141427,True,0,19,"[19,40,48,230,479,798,886]","[14,22,31]","[4.927021999155993,10.569570039705592,17.758416214442903]","[0.7894736842105263,0.8947368421052632,0.9473684210526315]",2,14,True,True,True,True,True,True,0.06489330909821045,28.834324674015487,61.33231401403246,1.977537300806922,-0.16630759512633037,-0.009697530212669688,0.023910708374786226,0.9172291330071024,0.9188850678306731,True,0.019782186313157406,0.6414473684210527,0.06403494117549831,28.42682833890748,61.420668084652185,2.048721720431562,-0.16725518952496976,-0.010237859331769858,0.023950543988186013,0.9172291330071024,0.9188850678306731,True,0.019782186313157406,0.6381578947368421,0.06432727634371768,28.565525792363665,61.42229904151077,2.019651185271081,-0.16731313565997766,-0.010026436927798064,0.023908282516703544,0.9172291330071024,0.9188850678306731,True,0.019782186313157406,0.6348684210526315,0.638157894736842,0.002685844016209656,0.48026315789473684,0.06262218434560818,27.757769771237584,61.74491226097928,1.8686946302560659,-0.16598336257691046,-0.008722577211694853,0.022738868748011228,0.9172291330071024,0.9188850678306731,True,0.019782186313157406,0.6414473684210527,0.06262218434560818,27.757769771237584,61.74491226097928,1.8686946302560659,-0.16598336257691046,-0.008722577211694853,0.022738868748011228,0.9172291330071024,0.9188850678306731,True,0.019782186313157406,0.6414473684210527,0.06262218434560818,27.757769771237584,61.74491226097928,1.8686946302560659,-0.16598336257691046,-0.008722577211694853,0.022738868748011228,0.9172291330071024,0.9188850678306731,True,0.019782186313157406,0.6414473684210527,0.6414473684210527,0.0,0.40131578947368424,0.05810015746582713,25.629705343299637,62.03733694845119,1.750588857282857,-0.15360118810397888,-0.009043973664927672,0.020051241586189424,0.6534567049230713,0.6534967692250504,True,0.019782186313157406,0.5953947368421053,0.05865448372694825,25.889471577912985,61.97423328914761,1.747542901677193,-0.15302461708333195,-0.00886434934883852,0.02017049216679606,0.6534567049230713,0.6534967692250504,True,0.019782186313157406,0.5953947368421053,0.05903471777562328,26.06783236230224,61.99171702134507,1.753977419089982,-0.15297839679464384,-0.008964337971948025,0.020272414279635345,0.6534567049230713,0.6534967692250504,True,0.019782186313157406,0.5953947368421053,0.5953947368421053,0.0,0.11842105263157894
UNIFORM_MASS_MATCHED_PATH,11,PATH_UNIFORM__KMEANS_RETAINED_S1__L04,65,d210474e2bb237a02c879fabb188934c648ef47b6ec11513e6545cb3f0207416,0.5,0.9274145607396366,0.8839203526516833,0.9162772661373428,0.8661094357099084,0.8945494951227468,0.8313620811062896,0.06999999999999999,25,0.03134906164910141,0.05113636363636364,UNIFORM_BETA_PATH::KMEANS_RETAINED_S1,4,1.0,0.5601123595505618,0.8693181818181818,18.559925378458903,0.042758901002612516,1.407367905401951,74.02113912670423,0.32386363636363635,False,0.6334856818524164,KMEANS_RETAINED_S1,0.8604639564892937,0.7556818181818182,19.175547012367225,0.044114620995281455,1.4809485584344175,66.42307740220882,6.899020790457324,0.01633294693142713,1.2935245428575104,109.34498207618324,True,0,25,"[25,41,48,113,193,791,1289]","[24,39,54]","[8.61507039156105,19.080757709899157,31.77133013904012]","[0.8536585365853658,0.8780487804878049,0.9512195121951219]",2,24,True,True,True,True,True,True,0.042475160080468206,18.431301494922756,62.8026884307138,1.6165407817905935,-0.09467280878877608,-0.0165866206892888,0.01255540540724338,0.826711738912018,0.8410685557076262,True,0.02168624653276596,0.06907894736842105,0.041803606797861145,18.12718013523883,62.879550974578315,1.653098797930904,-0.09362451660831239,-0.017516505915038224,0.012603740154422092,0.826711738912018,0.8410685557076262,True,0.02168624653276596,0.06578947368421052,0.04193116974606505,18.184915821624465,62.89249296939522,1.63328409309446,-0.09457581395785321,-0.017095525835709387,0.012508550433713761,0.826711738912018,0.8410685557076262,True,0.02168624653276596,0.06578947368421052,0.0668859649122807,0.0015506727657599707,0.375,0.04088835710501017,17.71338352837805,63.17651564827426,1.48403558195527,-0.09676802022954087,-0.01541260401198289,0.011461389833047885,0.826711738912018,0.8410685557076262,True,0.02168624653276596,0.06907894736842105,0.04088835710501017,17.71338352837805,63.17651564827426,1.48403558195527,-0.09676802022954087,-0.01541260401198289,0.011461389833047885,0.826711738912018,0.8410685557076262,True,0.02168624653276596,0.06907894736842105,0.04088835710501017,17.71338352837805,63.17651564827426,1.48403558195527,-0.09676802022954087,-0.01541260401198289,0.011461389833047885,0.826711738912018,0.8410685557076262,True,0.02168624653276596,0.06907894736842105,0.06907894736842105,0.0,0.40131578947368424,0.03847745095249907,16.627151268163924,63.32976784273041,1.391979935654215,-0.09826788869338343,-0.01487308390228661,0.009934896164188549,0.6587715755808412,0.6621622283348239,True,0.02168624653276596,0.2598684210526316,0.03873689048103242,16.74377996563633,63.28552393540028,1.397117218900824,-0.09836703132288085,-0.014929144278107542,0.00999113825055844,0.6587715755808412,0.6621622283348239,True,0.02168624653276596,0.2598684210526316,0.03892968690159269,16.83049063857154,63.316256202750395,1.3986914324546678,-0.09935221881968363,-0.014760921116644284,0.010021921733721175,0.6587715755808412,0.6621622283348239,True,0.02168624653276596,0.2598684210526316,0.2598684210526316,0.0,0.11842105263157894
UNIFORM_MASS_MATCHED_PATH,12,PATH_UNIFORM__KMEANS_RETAINED_S1__L05,66,6f048eccff0530baaf23ef1295bda090b5256d7ac46713bb5eee0c7024b7377b,0.35511363636363635,0.9690714629483234,0.796808533921791,0.9639132012065592,0.7629202590262484,0.9554767115583657,0.7074949830972289,0.0168,6,0.029218416692169354,0.022727272727272728,UNIFORM_BETA_PATH::KMEANS_RETAINED_S1,5,1.5,0.5554078160322531,0.8238636363636364,17.043342980955373,0.039402624632939455,2.4722490123759377,74.28067186131774,0.17613636363636365,False,0.2007253704183517,KMEANS_RETAINED_S1,0.7557412586817561,0.3977272727272727,17.09567539101535,0.039518831009031426,2.9995127930604903,66.74243212892179,6.764336401979477,0.016019198920791854,1.2508666976955902,109.37985848125581,True,0,6,"[6,12,17,17,48,101,2299]","[3,3,7]","[0.8837524955152067,1.5686071121999865,2.734048626539994]","[0.5,0.5,0.8333333333333334]",2,3,True,True,True,True,True,True,0.032135956985142634,13.795832404037139,63.48082201383022,3.138110174652318,-0.1784883028750148,-0.01804072031229769,0.02835747777849044,0.7299120489252141,0.7456814605428016,True,0.013358241887548347,0.01644736842105263,0.031117620325432936,13.344624194280595,63.58079555854218,3.1528525013929882,-0.1761862471994754,-0.017578195186858526,0.028303974794365014,0.7299120489252141,0.7456814605428016,True,0.013358241887548347,0.01644736842105263,0.031521607027512846,13.523510503660415,63.57582941602349,3.125587117845823,-0.17757294589440079,-0.01773870221011716,0.02822883944021754,0.7299120489252141,0.7456814605428016,True,0.013358241887548347,0.01644736842105263,0.01644736842105263,0.0,0.125,0.03170783707795135,13.606023894824595,63.781234891800615,3.101277554079764,-0.1803333141048287,-0.016707606627024252,0.027820059825740998,0.7299120489252141,0.7456814605428016,True,0.013358241887548347,0.01644736842105263,0.03170783707795135,13.606023894824595,63.781234891800615,3.101277554079764,-0.1803333141048287,-0.016707606627024252,0.027820059825740998,0.7299120489252141,0.7456814605428016,True,0.013358241887548347,0.01644736842105263,0.03170783707795135,13.606023894824595,63.781234891800615,3.101277554079764,-0.1803333141048287,-0.016707606627024252,0.027820059825740998,0.7299120489252141,0.7456814605428016,True,0.013358241887548347,0.01644736842105263,0.01644736842105263,0.0,0.40131578947368424,0.030544644570108765,13.091164794538079,63.852254587358274,2.975494702453313,-0.17318426311782475,-0.014044011771715303,0.024780937239785188,0.6912895678407569,0.702272600229357,True,0.013358241887548347,0.27960526315789475,0.030729542563650174,13.17292282792505,63.812694075673484,2.9722359254876967,-0.17233388833957397,-0.014803813559610073,0.02472828209501901,0.6912895678407569,0.702272600229357,True,0.013358241887548347,0.2631578947368421,0.030895819112247022,13.246473489959605,63.845535303682475,2.976836149090129,-0.17501358208557594,-0.014408800627780778,0.024735668911135537,0.6912895678407569,0.702272600229357,True,0.013358241887548347,0.2631578947368421,0.268640350877193,0.007753363828799874,0.9605263157894737
UNIFORM_MASS_MATCHED_PATH,13,PATH_UNIFORM__KMEANS_RETAINED_S1__L06,67,ac40318a45a0b7e44a3dfce545e983ee5e540ff5f07fc3618a7f3ac1a4476a31,0.13494318181818182,0.9800653958671333,0.8018460528175821,0.9762952954167446,0.7643705012320346,0.9707541307307209,0.7092902173595742,0.0028,1,0.024054779001869663,0.0,UNIFORM_BETA_PATH::KMEANS_RETAINED_S1,6,2.0,0.0050561797752808986,0.09659090909090909,13.618455584147837,0.031735888789983145,1.8766939772611646,74.87352200228386,0.03409090909090909,False,0.14470362566370137,KMEANS_RETAINED_S1,0.758502257136397,0.4090909090909091,12.486950450474408,0.029176007439786104,2.427385661079769,67.4611398166706,6.341276046919973,0.01503237451380802,1.471008251109011,109.48955443656646,True,0,1,"[1,7,19,20,35,48,2370]","[0,0,0]","[0.0,0.0,0.0]","[0.0,0.0,0.0]",2,0,False,True,False,False,False,False,,,,,,,,,,,,,,,,,,,,,,,,,,,,,,,,,,,,,,,,,,,,,,,,,,,,,,,,,,,,,,,,,,,,,,,,,,,,,,,,,,,,,,,,,,,,,,,,,,,,,,,,,,,,,,,,,,,,,
UNIFORM_MASS_MATCHED_PATH,18,PATH_UNIFORM__KMEANS_RETAINED_S2__L00,68,3920420dd7ff02d6dd9240a13e38a017acc43ecd9990acd5e06f33667366cb0e,0.6377840909090909,0.41070408617239945,0.2555821821903799,0.39117824872900975,0.23091650751073864,0.3697112623047106,0.20379871012923392,0.14279999999999998,51,0.06506088407519212,0.8636363636363636,UNIFORM_BETA_PATH::KMEANS_RETAINED_S2,0,0.0,0.5688220921465343,0.9772727272727273,34.98234951017409,0.07765531668046857,2.287545910276467,71.32268369826578,0.6988636363636364,False,0.8788421204589075,KMEANS_RETAINED_S2,0.23009913327678413,0.011363636363636364,31.454772607751593,0.07037573941593496,1.9109601832366605,64.59823067912171,22.049187833540287,0.05039247802678725,1.397554181449262,105.55890547076324,True,0,51,"[51,159,168,381,447,468,826]","[76,118,228]","[26.913973206133207,57.90992881945923,114.79834725583274]","[0.5297619047619048,0.6369047619047619,0.8392857142857143]",2,76,True,True,True,True,True,True,0.0824085143411716,37.315884294819966,60.18351668594838,2.4542984496676987,-0.06453829553413716,0.0007474256807820694,0.029486152994494575,0.8347111993750143,0.850359463929702,True,0.021149486000816464,0.7039473684210525,0.08134572532385421,36.792022639830066,60.28468558462534,2.4470547005079637,-0.060973733800307454,0.00037340626492138486,0.02931003612722576,0.8347111993750143,0.850359463929702,True,0.021149486000816464,0.7039473684210525,0.08166548652535212,36.94950930559853,60.284131064935096,2.451845268704381,-0.05922874297793926,0.00042796806723754033,0.02933613453630662,0.8347111993750143,0.850359463929702,True,0.021149486000816464,0.7039473684210525,0.7039473684210525,0.0,0.125,0.07934708232819668,35.81014307839134,60.643246165128865,2.4722430273280707,-0.05908001180021864,0.0013868951280690863,0.028397661258552132,0.8347111993750143,0.850359463929702,True,0.021149486000816464,0.700657894736842,0.07934708232819668,35.81014307839134,60.643246165128865,2.4722430273280707,-0.05908001180021864,0.0013868951280690863,0.028397661258552132,0.8347111993750143,0.850359463929702,True,0.021149486000816464,0.700657894736842,0.07934708232819668,35.81014307839134,60.643246165128865,2.4722430273280707,-0.05908001180021864,0.0013868951280690863,0.028397661258552132,0.8347111993750143,0.850359463929702,True,0.021149486000816464,0.700657894736842,0.700657894736842,0.0,0.40131578947368424,0.07344251783618444,32.934131716978044,61.02682698030042,2.3324989179259363,-0.06213450392914408,0.0003550202730862556,0.025318450232222466,0.4658474709825682,0.4661978707681598,True,0.021149486000816464,0.6578947368421052,0.07395876252864335,33.18412246366277,60.966663880909955,2.3332456945410787,-0.0591255044170356,5.8902406907979384e-05,0.025372202334220693,0.4658474709825682,0.4661978707681598,True,0.021149486000816464,0.6546052631578947,0.07433241092315952,33.365235104941085,60.983889971191154,2.329512163301969,-0.06335075808359007,6.974900444942667e-05,0.025480080789559142,0.4658474709825682,0.4661978707681598,True,0.021149486000816464,0.6546052631578947,0.6557017543859649,0.0015506727657599642,0.34868421052631576
UNIFORM_MASS_MATCHED_PATH,14,PATH_UNIFORM__KMEANS_RETAINED_S2__L01,69,ce1bf2a9824e3a0e7628dea072415192ed0e3f002bb89cafbcfb437d14d3f98f,0.44034090909090906,0.5609653987330093,0.44996565091097723,0.5282808803512377,0.4090176077692176,0.48498481960202594,0.3547751391264574,0.14279999999999998,51,0.06113748836591089,0.75,UNIFORM_BETA_PATH::KMEANS_RETAINED_S2,1,0.25,0.0050561797752808986,0.09659090909090909,32.58941963535561,0.07272972359373293,2.0201320904022904,71.70356789926454,0.6988636363636364,False,0.8858796358365288,KMEANS_RETAINED_S2,0.4045861326022175,0.2159090909090909,29.860498957613487,0.06704792864994391,1.6846213940856727,64.82947538371117,20.428710295610394,0.04686250254487104,1.0464476669660474,105.95129952787373,True,0,51,"[51,161,171,361,491,506,759]","[82,126,242]","[29.130503833852494,62.22797775059051,122.08330951877514]","[0.5652173913043478,0.6583850931677019,0.8385093167701864]",2,82,True,True,True,True,True,True,0.07779514357422941,35.05065271546216,60.486101094010294,2.1458146634045456,-0.07583706034573345,-0.005566486151422698,0.026148303820724493,0.8604549396465605,0.8666256895932205,True,0.010840380449276337,0.6414473684210525,0.07686667124868996,34.59749627611455,60.578613751163296,2.1366189601597068,-0.07312956134143081,-0.006255706801911371,0.02601267234718287,0.8604549396465605,0.8666256895932205,True,0.010840380449276337,0.6480263157894737,0.0771208825821046,34.7214777191177,60.582461897254966,2.1420517385246955,-0.07478204904666214,-0.006028776574603973,0.026008077275367587,0.8604549396465605,0.8666256895932205,True,0.010840380449276337,0.6480263157894737,0.6458333333333333,0.003101345531519981,0.6710526315789473,0.07467823498897999,33.53299123743366,60.950782320247484,2.164427287713517,-0.07830450201997256,-0.004930357380641327,0.025018209929502773,0.8604549396465605,0.8666256895932205,True,0.010840380449276337,0.6414473684210525,0.07467823498897999,33.53299123743366,60.950782320247484,2.164427287713517,-0.07830450201997256,-0.004930357380641327,0.025018209929502773,0.8604549396465605,0.8666256895932205,True,0.010840380449276337,0.6414473684210525,0.07467823498897999,33.53299123743366,60.950782320247484,2.164427287713517,-0.07830450201997256,-0.004930357380641327,0.025018209929502773,0.8604549396465605,0.8666256895932205,True,0.010840380449276337,0.6414473684210525,0.6414473684210525,0.0,0.40131578947368424,0.0691350056177982,30.85903434714484,61.31053717413868,2.0282037487111,-0.0825399206782805,-0.005298377150247312,0.022169071650978516,0.5235544082830599,0.5235342607517457,True,0.010840380449276337,0.6118421052631579,0.06964162959309714,31.102097875764077,61.250885772938595,2.029984292471965,-0.08006439609892683,-0.005203905939968728,0.022219347304705418,0.5235544082830599,0.5235342607517457,True,0.010840380449276337,0.6118421052631579,0.07003072459234692,31.288954202669874,61.26728929183765,2.0264432782107153,-0.08218937000586485,-0.00524638050591431,0.022327107581780085,0.5235544082830599,0.5235342607517457,True,0.010840380449276337,0.6118421052631579,0.6118421052631579,0.0,0.11842105263157894
UNIFORM_MASS_MATCHED_PATH,15,PATH_UNIFORM__KMEANS_RETAINED_S2__L02,70,0ceed5b6e177380f5029651394fd091eec0eaab34cebe8f8307bebd1070a8c9d,0.4375,0.8040035364433672,0.7563123409578203,0.7767950045492958,0.7224832436214549,0.7310519606764619,0.6656096905146474,0.14279999999999998,51,0.05167797665392823,0.5909090909090909,UNIFORM_BETA_PATH::KMEANS_RETAINED_S2,2,0.5,0.0050561797752808986,0.09659090909090909,27.224177047567352,0.061492410984011654,1.3063260818439284,72.57252210627223,0.6988636363636364,False,0.8893074972023484,KMEANS_RETAINED_S2,0.7148017583646409,0.36363636363636365,26.42337116556712,0.05979174872755841,1.05042611050063,65.33369671737233,16.204680975570348,0.03753649587248129,0.640613381580333,106.98798366734316,True,0,51,"[51,109,209,450,479,528,674]","[76,112,197]","[26.913973206133207,55.74898095381121,103.44805695889649]","[0.7339449541284404,0.8073394495412844,0.8440366972477065]",2,76,True,True,True,True,True,True,0.06654863627968213,29.622280762442326,61.223743465369104,1.245403503949155,-0.11973106938785465,-0.012875062864635245,0.019124024338448176,0.8840875958840508,0.887750671028944,True,0.01066075939954125,0.5361842105263158,0.0658303501612112,29.280024775696283,61.30284828107301,1.240444446349438,-0.12104079165702931,-0.0134050573183338,0.01902645900743991,0.8840875958840508,0.887750671028944,True,0.01066075939954125,0.5328947368421053,0.06605329635256996,29.38620001260105,61.3089943416355,1.2426886718509789,-0.12196657735673258,-0.012884805888419724,0.019015556445743886,0.8840875958840508,0.887750671028944,True,0.01066075939954125,0.5361842105263158,0.5350877192982457,0.0015506727657599645,0.3355263157894737,0.06355304072915388,28.198381298097647,61.68359691430716,1.25718206320211,-0.1186827572585283,-0.012416454190791421,0.018088704072449637,0.8840875958840508,0.887750671028944,True,0.01066075939954125,0.5296052631578947,0.06355304072915388,28.198381298097647,61.68359691430716,1.25718206320211,-0.1186827572585283,-0.012416454190791421,0.018088704072449637,0.8840875958840508,0.887750671028944,True,0.01066075939954125,0.5296052631578947,0.06355304072915388,28.198381298097647,61.68359691430716,1.25718206320211,-0.1186827572585283,-0.012416454190791421,0.018088704072449637,0.8840875958840508,0.887750671028944,True,0.01066075939954125,0.5296052631578947,0.5296052631578947,0.0,0.40131578947368424,0.05895955053543983,26.032561364832,61.98073384159932,1.1857189012549352,-0.11310813179573595,-0.011669900407791913,0.016017459837308696,0.6072037031941039,0.6074979065131453,True,0.01066075939954125,0.5098684210526315,0.05951698041960132,26.294260342283962,61.917450131085495,1.188713793658045,-0.11219757186739376,-0.011556193717240749,0.016118979617123927,0.6072037031941039,0.6074979065131453,True,0.01066075939954125,0.506578947368421,0.05985996264489288,26.45543588264232,61.937349078791286,1.185650413653388,-0.112175939564623,-0.011761760843694782,0.01617658856285203,0.6072037031941039,0.6074979065131453,True,0.01066075939954125,0.506578947368421,0.5076754385964912,0.0015506727657599642,0.34868421052631576
UNIFORM_MASS_MATCHED_PATH,16,PATH_UNIFORM__KMEANS_RETAINED_S2__L03,71,55c53487e7700bdaa0819ef70cd596c85ee1fed8084302a7e1c2eb830f10e549,0.4147727272727273,0.8788278838698521,0.8482265726516852,0.8577589998960192,0.8218368649100293,0.8199553069537858,0.7744860697972044,0.14279999999999998,51,0.04837357038686652,0.3522727272727273,UNIFORM_BETA_PATH::KMEANS_RETAINED_S2,3,0.75,0.0050561797752808986,0.09659090909090909,25.18685327992538,0.05715362982232335,1.087852709305187,72.90802956029404,0.6988636363636364,False,0.8745791946574604,KMEANS_RETAINED_S2,0.8148498357863062,0.5113636363636364,25.280684143032982,0.057354337548124995,1.04980325101194,65.50306885653099,14.8609722834414,0.03453141255953333,0.8077282516796763,107.32203041615587,True,0,51,"[51,66,222,469,476,513,703]","[59,86,158]","[20.641514744837416,42.5600991594503,80.42100143933583]","[0.8787878787878788,0.9090909090909091,0.9242424242424242]",2,59,True,True,True,True,True,True,0.06085558615696159,26.923970025810718,61.597142502314924,1.0875297921828813,-0.12255041512712185,-0.013627682152960379,0.016577936094188596,0.8832787102827675,0.8865586100187124,True,0.009643836704795369,0.3223684210526316,0.060035137178983594,26.537799958824117,61.68314650877428,1.0836297149972856,-0.1233127010586554,-0.013889467964581795,0.016397289181647137,0.8832787102827675,0.8865586100187124,True,0.009643836704795369,0.3355263157894737,0.06027252162463367,26.649463074476554,61.688473688477444,1.0847116359978735,-0.1247068001769661,-0.013811294494366962,0.016395375173862723,0.8832787102827675,0.8865586100187124,True,0.009643836704795369,0.33223684210526316,0.3300438596491228,0.005591030168413137,0.8881578947368421,0.05823483524255622,25.692789400969247,62.03390617666856,1.0987449286503743,-0.12208887002521218,-0.012587644750995601,0.015705180714564334,0.8832787102827675,0.8865586100187124,True,0.009643836704795369,0.3289473684210526,0.05823483524255622,25.692789400969247,62.03390617666856,1.0987449286503743,-0.12208887002521218,-0.012587644750995601,0.015705180714564334,0.8832787102827675,0.8865586100187124,True,0.009643836704795369,0.3289473684210526,0.05823483524255622,25.692789400969247,62.03390617666856,1.0987449286503743,-0.12208887002521218,-0.012587644750995601,0.015705180714564334,0.8832787102827675,0.8865586100187124,True,0.009643836704795369,0.3289473684210526,0.3289473684210526,0.0,0.40131578947368424,0.05445125560977998,23.927372163614912,62.27766839741543,1.0424805885261932,-0.11812174011920996,-0.011806887165302177,0.014007342112071748,0.6355978605803579,0.6362007141198347,True,0.009643836704795369,0.375,0.05505286905381773,24.20713957717074,62.211348465362526,1.0456585528234157,-0.11721766198283257,-0.011678643819216235,0.01410717272646188,0.6355978605803579,0.6362007141198347,True,0.009643836704795369,0.3881578947368421,0.05537763250959404,24.358311955777417,62.23264939070804,1.0422182937591224,-0.1172392081219084,-0.0118348574936864,0.014161192210974767,0.6355978605803579,0.6362007141198347,True,0.009643836704795369,0.3782894736842105,0.38048245614035087,0.005591030168413137,0.868421052631579
UNIFORM_MASS_MATCHED_PATH,17,PATH_UNIFORM__KMEANS_RETAINED_S2__L04,72,029f6ab95ec670ec87cc8ab2526a7dca60a50fc269e005012363b737708fdc1c,0.40909090909090906,0.9328032891622727,0.8988176400478676,0.9201458570723224,0.8797585397760135,0.8973166519724959,0.8453831541502216,0.0056,2,0.04451853510774049,0.2215909090909091,UNIFORM_BETA_PATH::KMEANS_RETAINED_S2,4,1.0,0.5035944764256044,0.35795454545454547,23.366954378328614,0.05324382286068627,1.3614747884109395,73.21036547688706,0.10795454545454546,False,0.6771918923195629,KMEANS_RETAINED_S2,0.8746531113247009,0.9488636363636364,22.173584227292675,0.05066237722900244,1.7469709068268018,65.96808339489793,14.050173948128489,0.032709040294382825,0.8223376404990859,107.52460634064921,True,0,2,"[2,51,74,114,406,613,1240]","[0,0,0]","[0.0,0.0,0.0]","[0.0,0.0,0.0]",2,0,False,True,True,False,False,False,,,,,,,,,,,,,,,,,,,,,,,,,,,,,,,,,,,,,,,,,,,,,,,,,,,,,,,,,,,,,,,,,,,,,,,,,,,,,,,,,,,,,,,,,,,,,,,,,,,,,,,,,,,,,,,,,,,,,
UNIFORM_MASS_MATCHED_PATH,18,PATH_UNIFORM__KMEANS_RETAINED_S2__L05,73,30db4026de1bded65b40a1e58da5ecc3942d91532ba4cf6090941a1654b224fa,0.6505681818181818,0.41110968339470677,0.2559865744804768,0.39127970203292906,0.23093305951352355,0.3697242039068985,0.20369949912493093,0.14279999999999998,51,0.06508133692908212,0.8806818181818182,UNIFORM_BETA_PATH::KMEANS_RETAINED_S2,5,1.5,0.5692822319771214,0.9943181818181818,34.99176531512977,0.07767459476346297,2.2876173720125714,71.32119297073129,0.6988636363636364,False,0.8787249926051969,KMEANS_RETAINED_S2,0.23020637770631044,0.028409090909090908,31.474824172627322,0.07041744293068138,1.9109601832366605,64.59533276285603,22.051563693096497,0.050397634297025866,1.3999193968851107,105.5583322968676,True,0,51,"[51,159,168,381,447,467,827]","[76,118,228]","[26.913973206133207,57.90992881945923,114.79834725583274]","[0.5297619047619048,0.6369047619047619,0.8392857142857143]",2,76,True,True,True,True,True,True,0.08241930832639582,37.321211006692536,60.18280872385414,2.4542984496676987,-0.06473036006116303,0.0008011900826345677,0.029497591663381912,0.833603596273114,0.8505378325232729,True,0.022800981255583913,0.7171052631578948,0.08135308062341164,36.795643991236986,60.28420290911463,2.4470547005079637,-0.061166866375159494,0.0005181678083176443,0.029319510890744704,0.833603596273114,0.8505378325232729,True,0.022800981255583913,0.7171052631578948,0.08167547536737689,36.95443071034317,60.28347534672678,2.451845268704381,-0.05942585470109047,0.0005014074644518361,0.02934665772186575,0.833603596273114,0.8505378325232729,True,0.022800981255583913,0.7171052631578948,0.7171052631578948,0.0,0.125,0.07935987590079292,35.816414659357406,60.64240345474649,2.4722430273280707,-0.05927554600257597,0.001447819836971428,0.028409067703757705,0.833603596273114,0.8505378325232729,True,0.022800981255583913,0.7171052631578948,0.07935987590079292,35.816414659357406,60.64240345474649,2.4722430273280707,-0.05927554600257597,0.001447819836971428,0.028409067703757705,0.833603596273114,0.8505378325232729,True,0.022800981255583913,0.7171052631578948,0.07935987590079292,35.816414659357406,60.64240345474649,2.4722430273280707,-0.05927554600257597,0.001447819836971428,0.028409067703757705,0.833603596273114,0.8505378325232729,True,0.022800981255583913,0.7171052631578948,0.7171052631578948,0.0,0.40131578947368424,0.07345079462474866,32.938137542542044,61.026281837496676,2.3324989179259363,-0.062289687267642974,0.0004091189594131532,0.025327669038974182,0.4657553687124326,0.4661540889286145,True,0.022800981255583913,0.6677631578947368,0.07397402281336571,33.19151647595603,60.965659207887036,2.3332456945410787,-0.059282291239715706,0.00012118956340202396,0.0253849538677164,0.4657553687124326,0.4661540889286145,True,0.022800981255583913,0.6644736842105263,0.07434322293977202,33.37047801840426,60.98317766491702,2.329512163301969,-0.06350612223040882,9.482924751993648e-05,0.025490416316906156,0.4657553687124326,0.4661540889286145,True,0.022800981255583913,0.6644736842105263,0.6655701754385965,0.0015506727657599642,0.34868421052631576
UNIFORM_MASS_MATCHED_PATH,19,PATH_UNIFORM__KMEANS_RETAINED_S2__L06,74,350afafc3f218cdc54fd0f56cacec741892a1a3a2cd6d31118cfd7ac5d12407b,0.32244318181818177,0.8156784791782256,0.6618960241601208,0.8001792419466732,0.6334655201847311,0.7744740151096258,0.5863140027996543,0.14559999999999998,52,0.03262279262811633,0.06818181818181818,UNIFORM_BETA_PATH::KMEANS_RETAINED_S2,6,2.0,0.0050561797752808986,0.09659090909090909,15.732633211352924,0.036482937513780754,1.426809089054017,74.50644420506694,0.8068181818181818,False,0.617034730377026,KMEANS_RETAINED_S2,0.6272251823815022,0.3181818181818182,15.92998181285841,0.03692367819668214,1.6754219257781597,66.92276550352024,10.992073243458842,0.02577321815119439,1.029546779069092,108.29559622545291,True,0,52,"[52,75,84,122,227,307,1633]","[17,29,52]","[6.043318652606031,13.590820585778507,26.200160026545017]","[0.5,0.6730769230769231,0.8653846153846154]",2,17,True,True,True,True,True,True,0.04404636381996477,19.14451022993826,62.69963541861537,1.808880029101667,-0.1969972482470376,-0.0218938796025566,0.0074149612948577245,0.7768497551500522,0.7837321668063021,True,0.006789938165868578,0.04605263157894737,0.044102691334156244,19.170122233022976,62.728678560196,1.8170825628215814,-0.19513171324349574,-0.022348597487851635,0.007367092779441796,0.7768497551500522,0.7837321668063021,True,0.006789938165868578,0.04605263157894737,0.04411185853950858,19.174290827755147,62.74934150649486,1.8121810829274556,-0.19527224023767123,-0.022476486793169066,0.007416279633891119,0.7768497551500522,0.7837321668063021,True,0.006789938165868578,0.04605263157894737,0.04605263157894737,0.0,0.125,0.04149534211767617,17.987721299118796,63.1365336519811,1.7910820058814545,-0.18728557486409778,-0.021371094947319945,0.006810578701597882,0.7768497551500522,0.7837321668063021,True,0.006789938165868578,0.04605263157894737,0.04149534211767617,17.987721299118796,63.1365336519811,1.7910820058814545,-0.18728557486409778,-0.021371094947319945,0.006810578701597882,0.7768497551500522,0.7837321668063021,True,0.006789938165868578,0.04605263157894737,0.04149534211767617,17.987721299118796,63.1365336519811,1.7910820058814545,-0.18728557486409778,-0.021371094947319945,0.006810578701597882,0.7768497551500522,0.7837321668063021,True,0.006789938165868578,0.04605263157894737,0.04605263157894737,0.0,0.40131578947368424,0.03790879544120114,16.37173734795996,63.36722179692906,1.6890507180032028,-0.18219160512362378,-0.02054107417024233,0.00584257779945769,0.6227266206649632,0.6236547393327639,True,0.006789938165868578,0.13157894736842105,0.038254318520168445,16.526894428756847,63.31729444555238,1.6904246416760256,-0.18623666033033565,-0.02039964819077973,0.005900666620733347,0.6227266206649632,0.6236547393327639,True,0.006789938165868578,0.13157894736842105,0.038486567538637516,16.63124848018853,63.34544934161951,1.6887854852543394,-0.18687376004523282,-0.020673686464967558,0.00593558698839993,0.6227266206649632,0.6236547393327639,True,0.006789938165868578,0.13157894736842105,0.13157894736842105,0.0,0.11842105263157894
UNIFORM_MASS_MATCHED_PATH,23,PATH_UNIFORM__KMEANS_RETAINED_S3__L00,75,19f8572a3237c121115673128ef90a12d38584edb23c2bfc703301e1afb7cb42,0.6818181818181818,0.437203425327588,0.28282605327802474,0.4183089201877826,0.25874870911444253,0.39757978623472373,0.2323334900490155,0.14559999999999998,52,0.06597752619733029,0.9318181818181818,UNIFORM_BETA_PATH::KMEANS_RETAINED_S3,0,0.0,0.5617270411894839,0.9204545454545454,35.46335638149074,0.07863910865407575,2.404623698382812,71.246609444218,0.8068181818181818,False,0.8611475289990562,KMEANS_RETAINED_S3,0.25796941748049423,0.06818181818181818,33.74057456817926,0.0751058040574619,1.93380888053016,64.26954540293438,21.237144985237432,0.04862683476569251,1.2086163531204699,105.75517536730503,True,0,52,"[52,95,157,430,468,472,826]","[45,59,111]","[15.919274961544364,30.400805621131553,58.26724009355633]","[0.5368421052631579,0.5789473684210527,0.7157894736842105]",2,45,True,True,True,True,True,True,0.08326070186637269,37.73681535842176,60.127622921736226,2.3777675635189173,-0.05737349867475038,0.0016525867077925877,0.030333466495453983,0.8359011530533881,0.8532553464112659,True,0.02417413124792561,0.7927631578947368,0.0823372072595566,37.280698189996485,60.21962174243322,2.3757665311300515,-0.053966251479198556,0.001094708607454201,0.03021105672843945,0.8359011530533881,0.8532553464112659,True,0.02417413124792561,0.7861842105263158,0.08266576716178696,37.44286981360288,60.2184675751024,2.3786602286927225,-0.052148283108373064,0.001453330792564947,0.030241261778275772,0.8359011530533881,0.8532553464112659,True,0.02417413124792561,0.7927631578947368,0.7905701754385964,0.0031013455315199285,0.5328947368421053,0.08011544095669583,36.187112165603885,60.592634517072604,2.386310569712587,-0.05206900110591232,0.0022289891093109034,0.029221524916159806,0.8359011530533881,0.8532553464112659,True,0.02417413124792561,0.7828947368421053,0.08011544095669583,36.187112165603885,60.592634517072604,2.386310569712587,-0.05206900110591232,0.0022289891093109034,0.029221524916159806,0.8359011530533881,0.8532553464112659,True,0.02417413124792561,0.7828947368421053,0.08011544095669583,36.187112165603885,60.592634517072604,2.386310569712587,-0.05206900110591232,0.0022289891093109034,0.029221524916159806,0.8359011530533881,0.8532553464112659,True,0.02417413124792561,0.7828947368421053,0.7828947368421053,0.0,0.40131578947368424,0.07430302422868873,33.35098566277175,60.97015054549557,2.287634004756307,-0.055040884065097245,0.00128769437274301,0.02626324870521409,0.48168480147818116,0.4819052123700056,True,0.02417413124792561,0.756578947368421,0.07479356398825888,33.58896417872216,60.911704060616586,2.283288360888461,-0.0520129645857587,0.001210173018624213,0.026308897479685088,0.48168480147818116,0.4819052123700056,True,0.02417413124792561,0.7532894736842105,0.07526399764968039,33.81742566955374,60.9225161226313,2.2875174628160404,-0.056305832933139524,0.001254928877143759,0.026472222794045076,0.48168480147818116,0.4819052123700056,True,0.02417413124792561,0.756578947368421,0.7554824561403507,0.0015506727657599645,0.4407894736842105
UNIFORM_MASS_MATCHED_PATH,20,PATH_UNIFORM__KMEANS_RETAINED_S3__L01,76,fbece8943a373ca793af70a92b8a8e66f291b13868d32188e6e0da206de5af21,0.48153409090909094,0.5982897667536876,0.4922448112377955,0.5645311145846514,0.4495744250095803,0.5175569064947271,0.39019979145119166,0.14559999999999998,52,0.06191074128463797,0.7840909090909091,UNIFORM_BETA_PATH::KMEANS_RETAINED_S3,1,0.25,0.0050561797752808986,0.09659090909090909,32.92486400725915,0.07342336843910191,2.0391017630519253,71.64993002093132,0.8068181818181818,False,0.8674809613249274,KMEANS_RETAINED_S3,0.44400634256618915,0.23863636363636365,32.06838097146595,0.07165023789629683,1.6992808175230874,64.50966764314535,19.627387177218367,0.04510722090959662,0.977915624840936,106.14641762026993,True,0,52,"[52,92,167,379,493,580,737]","[47,61,113]","[16.664287824577876,31.610787260573048,60.011609772770385]","[0.5760869565217391,0.6086956521739131,0.7391304347826086]",2,47,True,True,True,True,True,True,0.07859511995656991,35.44182698534825,60.43363178418406,2.0640594719009124,-0.0902050002374249,-0.004813859191107449,0.02708203204918325,0.8657503363140989,0.8717992495053455,True,0.01158964286990891,0.7105263157894738,0.07779706141127478,35.051589692234224,60.517558923500054,2.060856560466337,-0.09108950283868149,-0.005111193004415053,0.02700258350367717,0.8657503363140989,0.8717992495053455,True,0.01158964286990891,0.7105263157894738,0.0780615156090659,35.180828531086135,60.5207139787685,2.0644224895268004,-0.08837682057539449,-0.0051236130580767725,0.02698229734226145,0.8657503363140989,0.8717992495053455,True,0.01158964286990891,0.7105263157894738,0.7105263157894738,0.0,0.125,0.07533869424457129,33.85372272396032,60.9072779849545,2.0726595728010793,-0.07758497752882007,-0.004213811106317143,0.025895614597453834,0.8657503363140989,0.8717992495053455,True,0.01158964286990891,0.6776315789473685,0.07533869424457129,33.85372272396032,60.9072779849545,2.0726595728010793,-0.07758497752882007,-0.004213811106317143,0.025895614597453834,0.8657503363140989,0.8717992495053455,True,0.01158964286990891,0.6776315789473685,0.07533869424457129,33.85372272396032,60.9072779849545,2.0726595728010793,-0.07758497752882007,-0.004213811106317143,0.025895614597453834,0.8657503363140989,0.8717992495053455,True,0.01158964286990891,0.6776315789473685,0.6776315789473685,0.0,0.40131578947368424,0.06968350978812742,31.122202628454968,61.27441046883975,1.9669959284295133,-0.07080983782567113,-0.004859284745084493,0.023014561021417006,0.5341073805060091,0.533968765743242,True,0.01158964286990891,0.625,0.07017033837956378,31.356039498566105,61.21607780805421,1.9654130063458315,-0.07330219288630936,-0.00488187476016518,0.02306504349045751,0.5341073805060091,0.533968765743242,True,0.01158964286990891,0.625,0.07061464987962246,31.569668083516547,61.22881972037288,1.9673227147522885,-0.07369382049499101,-0.004951858315459059,0.023207130446010808,0.5341073805060091,0.533968765743242,True,0.01158964286990891,0.625,0.625,0.0,0.11842105263157894
UNIFORM_MASS_MATCHED_PATH,21,PATH_UNIFORM__KMEANS_RETAINED_S3__L02,77,5f5009cdfd34e9486b9797f5e738a01ab913fb251a369544398b426c8d843f34,0.4545454545454546,0.821825795112326,0.769938021358635,0.7951620404977348,0.7355092658128591,0.7490146733378337,0.6759228930009838,0.14279999999999998,51,0.05381133614581541,0.6477272727272727,UNIFORM_BETA_PATH::KMEANS_RETAINED_S3,2,0.5,0.0050561797752808986,0.09659090909090909,28.257103874522464,0.06367696117494152,1.6875605560762394,72.40359612327646,0.6988636363636364,False,0.8431769222199733,KMEANS_RETAINED_S3,0.727123393390826,0.375,28.59318190129612,0.06438554579667298,1.598666285265914,65.01448047555728,16.41531495735141,0.03800586455002714,0.7645623245464604,106.93580838153555,True,0,51,"[51,74,192,248,463,684,788]","[50,68,122]","[17.293583851531917,33.65907912408177,63.48097407488463]","[0.6756756756756757,0.7162162162162162,0.8108108108108109]",2,50,True,True,True,True,True,True,0.06919593714040183,30.88825353158533,61.05011077804152,1.5954897148201639,-0.08905458688392615,-0.012228509711881894,0.021508403971530476,0.9011174166146183,0.903657813002145,True,0.01158964286990891,0.5855263157894737,0.06846891465184295,30.53986548093355,61.12969823420846,1.5912095954680812,-0.08784042817245498,-0.012493221914872451,0.0214037373590798,0.9011174166146183,0.903657813002145,True,0.01158964286990891,0.5855263157894737,0.06868492035245918,30.643318281979614,61.13624120669919,1.5956534125808706,-0.08781891498762509,-0.01251610130770994,0.02141694661658032,0.9011174166146183,0.903657813002145,True,0.01158964286990891,0.5855263157894737,0.5855263157894737,0.0,0.125,0.06607579534510087,29.39691768245188,61.51742351035383,1.6094648723953373,-0.07600771067134822,-0.011732987477015698,0.02044738423497187,0.9011174166146183,0.903657813002145,True,0.01158964286990891,0.5789473684210527,0.06607579534510087,29.39691768245188,61.51742351035383,1.6094648723953373,-0.07600771067134822,-0.011732987477015698,0.02044738423497187,0.9011174166146183,0.903657813002145,True,0.01158964286990891,0.5789473684210527,0.06607579534510087,29.39691768245188,61.51742351035383,1.6094648723953373,-0.07600771067134822,-0.011732987477015698,0.02044738423497187,0.9011174166146183,0.903657813002145,True,0.01158964286990891,0.5789473684210527,0.5789473684210527,0.0,0.40131578947368424,0.06102431993485244,27.003473541691704,61.84473976965258,1.4883880846306488,-0.0708256343462182,-0.011722382340666642,0.017915784074909,0.6210756310628682,0.6210249057918608,True,0.01158964286990891,0.5526315789473684,0.061446785063190595,27.202654881401312,61.79039990232593,1.4799791147004304,-0.07453716487785816,-0.011332678262355489,0.017956350854253456,0.6210756310628682,0.6210249057918608,True,0.01158964286990891,0.555921052631579,0.06188275016137971,27.40838919279698,61.80408585039679,1.4862619186601809,-0.07252331049185165,-0.011387967511627246,0.0180697166666133,0.6210756310628682,0.6210249057918608,True,0.01158964286990891,0.555921052631579,0.5548245614035088,0.0015506727657600167,0.4868421052631579
UNIFORM_MASS_MATCHED_PATH,28,PATH_UNIFORM__KMEANS_RETAINED_S3__L03,78,e37c068f5fa5794e569ec4053ac5abc986dd722dfe93576f7ddfc2110bb8c8d2,0.4488636363636364,0.9001840766904098,0.8695815147653158,0.8823108148077845,0.8462284898806494,0.8503382311140525,0.8044534323936536,0.1372,49,0.04873503176108963,0.375,UNIFORM_BETA_PATH::KMEANS_RETAINED_S3,3,0.75,0.49344117486422445,0.23863636363636365,25.636238975626753,0.05811410786644346,1.4950953931836262,72.83375811602944,0.6022727272727273,False,0.8284858706138306,KMEANS_RETAINED_S3,0.8400878123465395,0.5795454545454546,25.966803914536673,0.05881938049313346,1.5224856367385313,65.40126516429837,14.56310307205543,0.03386271216485976,0.800062729099368,107.39636352759008,True,0,49,"[49,51,213,238,450,620,879]","[43,58,101]","[14.718427763331817,28.612046663494155,52.93565161631801]","[0.8163265306122449,0.8163265306122449,0.8775510204081632]",2,43,True,True,True,True,True,True,0.06285764440062075,27.869139722911935,61.46583035786211,1.7287679331158345,-0.1539427923388772,-0.013949369797657436,0.018492355938404887,0.9147032009488902,0.9160861588747838,True,0.01324710907125343,0.506578947368421,0.06209299850868496,27.50767489669657,61.54810384184548,1.735499301616138,-0.15503414925038297,-0.014272524741673877,0.018341256168223994,0.9147032009488902,0.9160861588747838,True,0.01324710907125343,0.5,0.06232883719328081,27.619098124217793,61.55348671430595,1.7328545879139354,-0.15583363279048768,-0.014038063056435783,0.01837983867689036,0.9147032009488902,0.9160861588747838,True,0.01324710907125343,0.5032894736842105,0.5032894736842105,0.002685844016209611,0.4473684210526316,0.06022524750092528,26.627221331591468,61.90279807041326,1.7011927694207485,-0.1536247999741395,-0.012944658944601084,0.01768270950106374,0.9147032009488902,0.9160861588747838,True,0.01324710907125343,0.513157894736842,0.06022524750092528,26.627221331591468,61.90279807041326,1.7011927694207485,-0.1536247999741395,-0.012944658944601084,0.01768270950106374,0.9147032009488902,0.9160861588747838,True,0.01324710907125343,0.513157894736842,0.06022524750092528,26.627221331591468,61.90279807041326,1.7011927694207485,-0.1536247999741395,-0.012944658944601084,0.01768270950106374,0.9147032009488902,0.9160861588747838,True,0.01324710907125343,0.513157894736842,0.513157894736842,0.0,0.40131578947368424,0.055600329741724144,24.46203417390905,62.201985723013046,1.5958315615665155,-0.14757884391347822,-0.012902418895102435,0.015377403818451148,0.6462417044620615,0.6463329833402909,True,0.01324710907125343,0.42434210526315785,0.05607621852542205,24.683845512308853,62.14397543623224,1.5843567151382325,-0.146850162860695,-0.012685321269964196,0.015446198031414088,0.6462417044620615,0.6463329833402909,True,0.01324710907125343,0.42434210526315785,0.056438307435550374,24.852764715084522,62.162771084777255,1.593926689007501,-0.1482382361060248,-0.012654874194303126,0.015522538780566858,0.6462417044620615,0.6463329833402909,True,0.01324710907125343,0.42434210526315785,0.4243421052631578,5.551115123125783e-17,0.2565789473684211
UNIFORM_MASS_MATCHED_PATH,22,PATH_UNIFORM__KMEANS_RETAINED_S3__L04,79,4ff4b7d834a380971ae61ca586fac252b79968548f9eb66e2c0022cc26715a10,0.47301136363636365,0.9446448933231476,0.9085043914553722,0.9335705894842342,0.8901998441465836,0.9154462533508542,0.8602424063681385,0.0028,1,0.03807703058807381,0.10795454545454546,UNIFORM_BETA_PATH::KMEANS_RETAINED_S3,4,1.0,0.5502890472407459,0.7784090909090909,20.538126664404672,0.047101676226152064,1.7448725776049894,73.68532282153897,0.03409090909090909,False,0.5717829437427027,KMEANS_RETAINED_S3,0.8863155473233647,0.9715909090909091,20.40861494858349,0.046818562993967756,1.778397861057579,66.23518442611075,10.668821515421659,0.02503426101769763,1.0746078386293472,108.37773911543302,True,0,1,"[1,2,33,46,429,605,1384]","[0,0,0]","[0.0,0.0,0.0]","[0.0,0.0,0.0]",2,0,False,True,False,False,False,False,,,,,,,,,,,,,,,,,,,,,,,,,,,,,,,,,,,,,,,,,,,,,,,,,,,,,,,,,,,,,,,,,,,,,,,,,,,,,,,,,,,,,,,,,,,,,,,,,,,,,,,,,,,,,,,,,,,,,
UNIFORM_MASS_MATCHED_PATH,23,PATH_UNIFORM__KMEANS_RETAINED_S3__L05,80,82af0e9e33c0f67cefe4f55f0090fa1779b7a48c4cf8d7096e74b5ed6abec1ea,0.7017045454545454,0.43875274003552966,0.28453981992971855,0.4195805585716035,0.26009973196672503,0.39890193491012216,0.23373927933950758,0.154,55,0.06586416492192573,0.9204545454545454,UNIFORM_BETA_PATH::KMEANS_RETAINED_S3,5,1.5,0.5623022075940066,0.9545454545454546,35.39963701405283,0.07850890554819753,2.4049863278003345,71.25667773550326,0.8522727272727273,False,0.8612491379143432,KMEANS_RETAINED_S3,0.2594596104119837,0.07954545454545454,33.69726761552614,0.07501663532906455,1.9448351130553059,64.27574160749853,21.18555735060949,0.04851444476236676,1.213257869149711,105.76766870319634,True,0,55,"[55,93,156,430,466,471,829]","[45,58,108]","[15.919274961544364,30.042180148373063,57.27809421663163]","[0.5483870967741935,0.5806451612903226,0.7204301075268817]",2,45,True,True,True,True,True,True,0.08310869486503897,37.66167540583323,60.137592844129934,2.3855880586611327,-0.09890237168792321,0.0016886931055722452,0.030316180332218858,0.8361867807844062,0.8537744365767467,True,0.02458143645653701,0.7927631578947368,0.08222675370883092,37.226206259645245,60.226870016088235,2.383404260291602,-0.09095526652866669,0.0012685181646067672,0.03020674054745151,0.8361867807844062,0.8537744365767467,True,0.02458143645653701,0.7927631578947368,0.08254306593693232,37.38229297031806,60.226522305282344,2.3864621420166374,-0.09467501812810826,0.0015582054275173544,0.030232959715645904,0.8361867807844062,0.8537744365767467,True,0.02458143645653701,0.7927631578947368,0.7927631578947368,0.0,0.125,0.07999318079873553,36.127087243473476,60.600687772227786,2.3942452501657967,-0.09674124919297519,0.0023372197779591335,0.02920680170971094,0.8361867807844062,0.8537744365767467,True,0.02458143645653701,0.7763157894736842,0.07999318079873553,36.127087243473476,60.600687772227786,2.3942452501657967,-0.09674124919297519,0.0023372197779591335,0.02920680170971094,0.8361867807844062,0.8537744365767467,True,0.02458143645653701,0.7763157894736842,0.07999318079873553,36.127087243473476,60.600687772227786,2.3942452501657967,-0.09674124919297519,0.0023372197779591335,0.02920680170971094,0.8361867807844062,0.8537744365767467,True,0.02458143645653701,0.7763157894736842,0.7763157894736842,0.0,0.40131578947368424,0.07416447272502313,33.283815007560015,60.979276108458286,2.2949095850074315,-0.08892900199945679,0.0012240693586758368,0.026235598324751017,0.4825832968301734,0.4828284488960964,True,0.02458143645653701,0.75,0.07464026669517697,33.514567033391785,60.92179651024302,2.2903678363675017,-0.09536178061808165,0.0012343558352226364,0.026277879793636817,0.4825832968301734,0.4828284488960964,True,0.02458143645653701,0.756578947368421,0.07511601568745546,33.7455346265254,60.932265319652494,2.2946607285031138,-0.09229447972482119,0.0013031490196952278,0.026442190008058027,0.4825832968301734,0.4828284488960964,True,0.02458143645653701,0.756578947368421,0.7543859649122807,0.0031013455315199285,0.6381578947368421
UNIFORM_MASS_MATCHED_PATH,24,PATH_UNIFORM__KMEANS_RETAINED_S3__L06,81,b03a9dcf8e42514cdc7d8faae26fb2df0deb9a5df2672be5436e6e976a9e5806,0.36221590909090906,0.7021565195639599,0.5956610028608033,0.681337898895266,0.5673985739143059,0.6522968092914718,0.5279736886388692,0.1568,56,0.042455724741730684,0.18181818181818182,UNIFORM_BETA_PATH::KMEANS_RETAINED_S3,6,2.0,0.0050561797752808986,0.09659090909090909,20.38573662387865,0.04676853338164927,1.5979823947381866,73.71108395200844,0.8636363636363636,False,0.8109936174550992,KMEANS_RETAINED_S3,0.5636777551379928,0.3068181818181818,22.19980307384617,0.05071924391544848,1.4429889408072725,65.96413181200067,13.851448358021246,0.032261329060362234,0.9824082540743112,107.57437417287107,True,0,56,"[56,133,149,179,388,525,1070]","[36,47,84]","[12.59910601031075,24.15298655019952,45.05672620952811]","[0.6201117318435754,0.6964285714285714,0.75]",2,36,True,True,True,True,True,True,0.05746865380359075,25.33414485550287,61.81928656423036,1.6641131383785706,-0.20495986252066126,-0.012912756404478566,0.014236135160058257,0.848903809547626,0.8532187890012898,True,0.00702067038842298,0.25,0.057957443225761365,25.562876631352605,61.81949064841836,1.6555050490962384,-0.2037336838844004,-0.013120682343227238,0.014397359249663327,0.848903809547626,0.8532187890012898,True,0.00702067038842298,0.28618421052631576,0.057784388361719514,25.48186749161162,61.85180736430872,1.6571619417344166,-0.20354004477026366,-0.013099278901144748,0.014357831967463614,0.848903809547626,0.8532187890012898,True,0.00702067038842298,0.28289473684210525,0.2730263157894737,0.016337351344025582,1.0,0.05428137211982039,23.848435941607466,62.29432009895658,1.6658903477102442,-0.19289624499059893,-0.012941760617205878,0.013249303506036177,0.848903809547626,0.8532187890012898,True,0.00702067038842298,0.21052631578947367,0.05428137211982039,23.848435941607466,62.29432009895658,1.6658903477102442,-0.19289624499059893,-0.012941760617205878,0.013249303506036177,0.848903809547626,0.8532187890012898,True,0.00702067038842298,0.21052631578947367,0.05428137211982039,23.848435941607466,62.29432009895658,1.6658903477102442,-0.19289624499059893,-0.012941760617205878,0.013249303506036177,0.848903809547626,0.8532187890012898,True,0.00702067038842298,0.21052631578947367,0.21052631578947367,0.0,0.40131578947368424,0.049417114145355795,21.600232060705384,62.609237335185284,1.6411136661740957,-0.1868552898898582,-0.011898473601741968,0.011613058572809403,0.5762355699557387,0.5764211434032603,True,0.00702067038842298,0.2598684210526315,0.0496272242406969,21.696866953638335,62.568550121480975,1.6446957487598763,-0.19051553081333295,-0.011794307926012557,0.011589130832401928,0.5762355699557387,0.5764211434032603,True,0.00702067038842298,0.2598684210526315,0.04998370650187019,21.860919853337176,62.588006534081536,1.6459369375386892,-0.1911852482768602,-0.012102502916062,0.011687906241695025,0.5762355699557387,0.5764211434032603,True,0.00702067038842298,0.24671052631578946,0.25548245614035087,0.006202691063039871,0.881578947368421
UNIFORM_MASS_MATCHED_PATH,25,PATH_UNIFORM__KMEANS_RETAINED_S4__L00,82,e8fd3aa297fa46093913b97274c0b6e2cda9b0cee45d018ecba1aa8d72a71356,0.7045454545454546,0.44391466751035347,0.2868243152388329,0.42729939645615733,0.26551534228226,0.4048513731738961,0.23672590397036322,0.17359999999999998,62,0.06735452388286317,0.9659090909090909,UNIFORM_BETA_PATH::KMEANS_RETAINED_S4,0,0.0,0.5524652266142314,0.8011363636363636,35.93570069335841,0.0796031431235166,2.25944989427765,71.17206299018446,0.9602272727272727,False,0.856675289157979,KMEANS_RETAINED_S4,0.2630218538304853,0.09090909090909091,33.68683299679094,0.07499514794778414,2.3432508314634957,64.27723473420734,22.41434765367345,0.05118431897417515,1.316140160217275,105.47088398632985,True,0,62,"[62,90,155,351,474,515,853]","[45,61,113]","[15.92852894223499,31.125733761180836,59.73106793085548]","[0.5555555555555556,0.6222222222222222,0.8111111111111111]",2,45,True,True,True,True,True,True,0.08281087492658168,37.51452954617231,60.15712642908107,2.581142018349675,-0.07818947328132114,0.0007245873952804484,0.031017791087369757,0.8368719972517347,0.853237954180667,True,0.02280098125558391,0.7467105263157894,0.08189088690250976,37.06058792205862,60.24891054360281,2.5752799404531843,-0.07003760725115238,0.00017124090048452635,0.030874120069985515,0.8368719972517347,0.853237954180667,True,0.02280098125558391,0.7467105263157894,0.08225710808014064,37.24118019132854,60.245294028075,2.5785014631466145,-0.07164971498371223,0.00041745655727558237,0.030894671940656877,0.8368719972517347,0.853237954180667,True,0.02280098125558391,0.7467105263157894,0.7467105263157894,0.0,0.125,0.07998906594293123,36.125067288848456,60.600958817057695,2.5687018561787345,-0.07177025717274452,0.0014126013352737216,0.030025194185925308,0.8368719972517347,0.853237954180667,True,0.02280098125558391,0.7467105263157895,0.07998906594293123,36.125067288848456,60.600958817057695,2.5687018561787345,-0.07177025717274452,0.0014126013352737216,0.030025194185925308,0.8368719972517347,0.853237954180667,True,0.02280098125558391,0.7467105263157895,0.07998906594293123,36.125067288848456,60.600958817057695,2.5687018561787345,-0.07177025717274452,0.0014126013352737216,0.030025194185925308,0.8368719972517347,0.853237954180667,True,0.02280098125558391,0.7467105263157895,0.7467105263157895,0.0,0.40131578947368424,0.07397722732310937,33.19306917679543,60.991608848698824,2.4311695523471384,-0.09038404958585153,0.0002102586381523966,0.026732739292843793,0.4809240897367206,0.48124989772385984,True,0.02280098125558391,0.694078947368421,0.07444580738746984,33.420228892467506,60.93459889395097,2.4187630519967565,-0.09342288621938373,0.0003539262767750551,0.026749222257259238,0.4809240897367206,0.48124989772385984,True,0.02280098125558391,0.7072368421052632,0.07494857900361335,33.66422003055653,60.94329621284251,2.4305526297043,-0.09369913632464061,0.000385040919573248,0.026924383673912564,0.4809240897367206,0.48124989772385984,True,0.02280098125558391,0.7072368421052632,0.7028508771929824,0.00620269106303991,0.8947368421052632
UNIFORM_MASS_MATCHED_PATH,26,PATH_UNIFORM__KMEANS_RETAINED_S4__L01,83,5ff8e70c43fd705c9890a8b28810541c649bebf67941fd11990ff58ae5aeb296,0.5255681818181819,0.6008670466316175,0.4941998684998042,0.5714780985251932,0.4569568052763019,0.5289051576410577,0.4030063636607448,0.17359999999999998,62,0.06359090276513348,0.7954545454545454,UNIFORM_BETA_PATH::KMEANS_RETAINED_S4,1,0.25,0.0050561797752808986,0.09659090909090909,33.66484831644989,0.07494987295339732,1.9862409470066473,71.53188911864603,0.9602272727272727,False,0.8657133835740544,KMEANS_RETAINED_S4,0.451387679145617,0.25,32.79636977789831,0.0731577857615639,2.250799892229306,64.40491034614972,20.444906355141438,0.046897913147048095,0.9783881893092503,105.94736326544806,True,0,62,"[62,86,166,331,512,618,725]","[45,60,109]","[15.92852894223499,30.762510773873814,58.189046106499305]","[0.5813953488372093,0.627906976744186,0.7906976744186046]",2,45,True,True,True,True,True,True,0.07960762349860671,35.937898235754254,60.36722312110345,2.3852925627256676,-0.09919772541637291,-0.0036386928010562532,0.028586361958766956,0.8734357756664662,0.879125788029665,True,0.011983476214581764,0.7368421052631579,0.07891809710520635,35.59994962897298,60.44399339814327,2.3762922919868386,-0.09197649220905776,-0.00430678588927737,0.028545176453911,0.8734357756664662,0.879125788029665,True,0.011983476214581764,0.7335526315789473,0.0791369572403666,35.707161875922004,60.45011654035935,2.38157220722011,-0.09515475870729033,-0.003950623350662689,0.028505546395520748,0.8734357756664662,0.879125788029665,True,0.011983476214581764,0.7368421052631579,0.7357456140350878,0.0015506727657599645,0.3355263157894737,0.07657037507119636,34.45307577665707,60.82614738499422,2.3847607216443274,-0.09759033972280856,-0.0033018471331058294,0.02739678587112785,0.8734357756664662,0.879125788029665,True,0.011983476214581764,0.7302631578947368,0.07657037507119636,34.45307577665707,60.82614738499422,2.3847607216443274,-0.09759033972280856,-0.0033018471331058294,0.02739678587112785,0.8734357756664662,0.879125788029665,True,0.011983476214581764,0.7302631578947368,0.07657037507119636,34.45307577665707,60.82614738499422,2.3847607216443274,-0.09759033972280856,-0.0033018471331058294,0.02739678587112785,0.8734357756664662,0.879125788029665,True,0.011983476214581764,0.7302631578947368,0.7302631578947368,0.0,0.40131578947368424,0.07051928018803115,31.523796345183364,61.21936324665223,2.2431727895119242,-0.10055938912847652,-0.004158840595257382,0.024161223151708107,0.5382651417167761,0.5381601895454067,True,0.011983476214581764,0.680921052631579,0.07099207263397359,31.7512965288123,61.161978277643634,2.2324357109194755,-0.10169149296130232,-0.0040581191958047776,0.024191448456924006,0.5382651417167761,0.5381601895454067,True,0.011983476214581764,0.680921052631579,0.0714568795446772,31.975180039301076,61.17333280279009,2.2437998492480307,-0.10220726361385978,-0.004252226176690984,0.02433818664617303,0.5382651417167761,0.5381601895454067,True,0.011983476214581764,0.680921052631579,0.6809210526315791,1.1102230246251565e-16,0.27631578947368424
UNIFORM_MASS_MATCHED_PATH,27,PATH_UNIFORM__KMEANS_RETAINED_S4__L02,84,2fa30ac49137d9320dd59688ac223b00ca3e6c0f62f1da2c8575a61c40ca399f,0.5170454545454546,0.7901269723336767,0.7295688207768718,0.7626388137097443,0.6941490470498678,0.7167019120618258,0.6349572079620246,0.17079999999999998,61,0.05619138713590464,0.7159090909090909,UNIFORM_BETA_PATH::KMEANS_RETAINED_S4,2,0.5,0.0050561797752808986,0.09659090909090909,29.473145750983115,0.06623578531068691,1.689989818327864,72.20572844129836,0.9261363636363636,False,0.8472539784439291,KMEANS_RETAINED_S4,0.6862250252629214,0.32954545454545453,29.500697372895154,0.06629359807086907,2.06989300935983,64.88189271275631,17.495584093951074,0.04040591806625653,0.7636057029899831,106.66901708472906,True,0,61,"[61,76,187,239,471,705,761]","[49,68,116]","[17.40930068761139,34.60929874925847,63.44577967220003]","[0.6710526315789473,0.7236842105263158,0.8552631578947368]",2,49,True,True,True,True,True,True,0.07149521211320799,31.99365368987182,60.89930461227582,2.0548198329292875,-0.10413081835912338,-0.011180037028901996,0.02365846732558271,0.9017499990728204,0.9044117040192596,True,0.011983476214581764,0.6085526315789473,0.07088520921034962,31.69985530191427,60.97113416744813,2.046038623727789,-0.0965834184456675,-0.011745404864483788,0.023651612085239276,0.9017499990728204,0.9044117040192596,True,0.011983476214581764,0.6052631578947368,0.07109702442999917,31.801829068894502,60.977898471868826,2.052265355054758,-0.09996521510364029,-0.011235751443424544,0.023624594451723685,0.9017499990728204,0.9044117040192596,True,0.011983476214581764,0.6052631578947368,0.6063596491228069,0.0015506727657599645,0.3355263157894737,0.06841490825562678,30.514007396774794,61.36334655331797,2.0919108142392897,-0.10232923162000931,-0.010717996323876102,0.02244206512167372,0.9017499990728204,0.9044117040192596,True,0.011983476214581764,0.6019736842105263,0.06841490825562678,30.514007396774794,61.36334655331797,2.0919108142392897,-0.10232923162000931,-0.010717996323876102,0.02244206512167372,0.9017499990728204,0.9044117040192596,True,0.011983476214581764,0.6019736842105263,0.06841490825562678,30.514007396774794,61.36334655331797,2.0919108142392897,-0.10232923162000931,-0.010717996323876102,0.02244206512167372,0.9017499990728204,0.9044117040192596,True,0.011983476214581764,0.6019736842105263,0.6019736842105263,0.0,0.40131578947368424,0.06299836287987687,27.935724698454408,61.714721309301524,1.950418029356628,-0.1035492522754412,-0.010595770076818998,0.019672295091277162,0.6105968684493769,0.6105847199671787,True,0.011983476214581764,0.5756578947368421,0.06340324852351373,28.12741953246176,61.66159456909206,1.9465085309384853,-0.10498297431125286,-0.010746553249712944,0.019693446545663466,0.6105968684493769,0.6105847199671787,True,0.011983476214581764,0.5723684210526316,0.06388049344251745,28.35358609604634,61.67247256082586,1.9529301247866158,-0.10542146315819435,-0.010788270753958407,0.019828793045359693,0.6105968684493769,0.6105847199671787,True,0.011983476214581764,0.5723684210526316,0.5734649122807018,0.0015506727657599642,0.34868421052631576
UNIFORM_MASS_MATCHED_PATH,28,PATH_UNIFORM__KMEANS_RETAINED_S4__L03,85,a641269f7e62928d8abbb31d6ee94ecf26efe495e948f3a4759458da6b662554,0.5482954545454546,0.8775802595230313,0.8394742784890242,0.8570492214097455,0.8125524790009376,0.8205471772987056,0.7646883278050567,0.1596,57,0.052406432297412375,0.6022727272727273,UNIFORM_BETA_PATH::KMEANS_RETAINED_S4,3,0.75,0.4776045383337018,0.2159090909090909,27.443201296865432,0.06195647933305267,1.6155905777598834,72.53663682317621,0.875,False,0.8276170974091939,KMEANS_RETAINED_S4,0.8055716950983395,0.5,27.545390456232766,0.06217284063799305,1.824156217472166,65.16823812187289,16.127824032734143,0.03736511673888527,0.8421505841495013,107.00703426808538,True,0,57,"[57,59,184,230,457,621,892]","[46,62,101]","[16.30566236409706,31.962277663940704,56.57624345606918]","[0.8421052631578947,0.8421052631578947,0.8947368421052632]",2,46,True,True,True,True,True,True,0.06769462306974965,30.169423647532263,61.148579826451524,1.7318105126943577,-0.15579274973021434,-0.013490437076008652,0.020747158540195716,0.9145864097298287,0.9161319523010365,True,0.014162719095786626,0.6151315789473685,0.06707137112275197,29.871689900911218,61.22140898390457,1.729468430649851,-0.15721656955110072,-0.013586554793172037,0.020713163221557623,0.9145864097298287,0.9161319523010365,True,0.014162719095786626,0.6217105263157895,0.06727024533508144,29.96665089425351,61.22910764361357,1.7328686431550653,-0.15773421901362708,-0.013565099355826091,0.02071968386946307,0.9145864097298287,0.9161319523010365,True,0.014162719095786626,0.618421052631579,0.618421052631579,0.002685844016209611,0.4473684210526316,0.06464097388067744,28.71445498190466,61.61193494848632,1.7536974619719938,-0.15520969732049253,-0.013303400348066315,0.01970272631853577,0.9145864097298287,0.9161319523010365,True,0.014162719095786626,0.5822368421052632,0.06464097388067744,28.71445498190466,61.61193494848632,1.7536974619719938,-0.15520969732049253,-0.013303400348066315,0.01970272631853577,0.9145864097298287,0.9161319523010365,True,0.014162719095786626,0.5822368421052632,0.06464097388067744,28.71445498190466,61.61193494848632,1.7536974619719938,-0.15520969732049253,-0.013303400348066315,0.01970272631853577,0.9145864097298287,0.9161319523010365,True,0.014162719095786626,0.5822368421052632,0.5822368421052632,0.0,0.40131578947368424,0.059517087739341334,26.294310756007107,61.944012184138714,1.614458056761441,-0.1447684973898375,-0.01263176867221135,0.017239385612680916,0.6438285152364083,0.6437358126219698,True,0.014162719095786626,0.5032894736842105,0.06001757460992219,26.529540953996126,61.884493113074754,1.614472558437707,-0.14378714444390575,-0.012348525284332345,0.01728835989201322,0.6438285152364083,0.6437358126219698,True,0.014162719095786626,0.5230263157894737,0.060457983106081095,26.736741443052416,61.89795090342469,1.6185515090524887,-0.144032875649565,-0.012410431598106385,0.017404086808906642,0.6438285152364083,0.6437358126219698,True,0.014162719095786626,0.5131578947368421,0.513157894736842,0.008057532048628878,0.9736842105263158
UNIFORM_MASS_MATCHED_PATH,28,PATH_UNIFORM__KMEANS_RETAINED_S4__L04,86,b12f6fe847dbeb1edf7bafe44279a9ea637f493a0099d74ffb68d5fcb08e2609,0.5014204545454545,0.9177676889570966,0.8921718815000532,0.9012346431055147,0.8704927239445843,0.8716509243844199,0.8317007127816852,0.09519999999999999,34,0.04704688402861631,0.2556818181818182,UNIFORM_BETA_PATH::KMEANS_RETAINED_S4,4,1.0,0.5077381207450532,0.44886363636363635,24.694225415890315,0.056098476513542404,1.3858323733645794,72.98962201380557,0.4318181818181818,False,0.8201487376904857,KMEANS_RETAINED_S4,0.8647884394087743,0.8693181818181818,25.56925970214068,0.057971076287220535,1.5452119169472212,65.46021258327515,13.744694780751836,0.03202065150222137,0.9025962525968451,107.60112802540579,True,0,34,"[34,59,160,299,424,655,869]","[33,43,70]","[11.495467686796422,21.993203167351506,39.11236055876188]","[0.9411764705882353,0.9411764705882353,0.9411764705882353]",2,33,True,True,True,True,True,True,0.061406199747106614,27.18351217326203,61.56102854233609,1.5714985216605182,-0.17252312037434853,-0.013609745199116209,0.016890354439250542,0.9115145792273464,0.9139521855630844,True,0.018972883151461555,0.4144736842105263,0.06073642702082139,26.867842161819592,61.63712589058928,1.5783123740365694,-0.17105006028138506,-0.014023329454173433,0.01681748402555467,0.9115145792273464,0.9139521855630844,True,0.018972883151461555,0.4144736842105263,0.06098969932802694,26.98715876988841,61.64139450977531,1.5750233110061238,-0.17168062141705728,-0.013959167418996311,0.01685455692090379,0.9115145792273464,0.9139521855630844,True,0.018972883151461555,0.40789473684210525,0.41228070175438597,0.003101345531519955,0.625,0.05863700566100894,25.881276403112672,62.007415281762974,1.5640552044351896,-0.1638101470764597,-0.012686815667260777,0.016126675055789633,0.9115145792273464,0.9139521855630844,True,0.018972883151461555,0.4111842105263158,0.05863700566100894,25.881276403112672,62.007415281762974,1.5640552044351896,-0.1638101470764597,-0.012686815667260777,0.016126675055789633,0.9115145792273464,0.9139521855630844,True,0.018972883151461555,0.4111842105263158,0.05863700566100894,25.881276403112672,62.007415281762974,1.5640552044351896,-0.1638101470764597,-0.012686815667260777,0.016126675055789633,0.9115145792273464,0.9139521855630844,True,0.018972883151461555,0.4111842105263158,0.41118421052631576,5.551115123125783e-17,0.8947368421052632,0.05421029254722886,23.81541729190193,62.29353920026363,1.4323394234624702,-0.15716866007657082,-0.01242033534910146,0.014206697526986915,0.6544937534596601,0.6548898120822597,True,0.018972883151461555,0.3651315789473684,0.054712970314911916,24.04903320573353,62.23372597008899,1.4381864946899823,-0.15675604778673494,-0.012459923279895013,0.014270663483066411,0.6544937534596601,0.6548898120822597,True,0.018972883151461555,0.35855263157894735,0.05507523454901264,24.217547038459664,62.25257166537037,1.4370477704972713,-0.15829534167530923,-0.012332863102235065,0.014338914399712339,0.6544937534596601,0.6548898120822597,True,0.018972883151461555,0.3717105263157895,0.3651315789473684,0.005371688032419267,0.8486842105263158
UNIFORM_MASS_MATCHED_PATH,29,PATH_UNIFORM__KMEANS_RETAINED_S4__L05,87,bd1b94e431ac93d47339e63d5e25a0c524c97693f537ad4c87ff15b76b4b4097,0.17329545454545456,0.9658777538921,0.8063060261659243,0.9604217543675039,0.775335197756385,0.9516171451865427,0.7253560804695686,0.0084,3,0.024516190336505594,0.011363636363636364,UNIFORM_BETA_PATH::KMEANS_RETAINED_S4,5,1.5,0.0050561797752808986,0.09659090909090909,14.063288223230797,0.032738571029660574,1.7618902086689059,74.7959870096464,0.1534090909090909,False,0.23186469638919244,KMEANS_RETAINED_S4,0.7689991014639593,0.4318181818181818,13.603733824711231,0.03170266943020438,2.232534446408462,67.28556576914879,5.9839008990896305,0.014197222921978883,1.105279123253409,109.58239035656052,True,0,3,"[3,18,25,37,60,91,2266]","[1,1,1]","[0.36787944117144233,0.5988534651803306,0.7763478934684118]","[0.6666666666666666,0.6666666666666666,0.6666666666666666]",2,1,True,True,True,True,True,False,0.029174108918236838,12.486113490463659,63.67508540373938,2.378102851404347,-0.1702911514964714,-0.02895399109546877,0.013099968823242006,0.7259021347869341,0.734616492584312,True,0.007138960290460057,0.0,0.028318262318161463,12.109148023371363,63.764497329664565,2.4334134499890303,-0.16711538841612372,-0.029451374005661442,0.013525251364688046,0.7259021347869341,0.734616492584312,True,0.007138960290460057,0.0,0.028703586089251377,12.278785187793194,63.760818590548915,2.4076307036421505,-0.16964730269484904,-0.029692194558821425,0.013457945281322582,0.7259021347869341,0.734616492584312,True,0.007138960290460057,0.0,0.0,0.0,0.125,0.028650065084283582,12.255214742514749,63.98264979655948,2.320053811835216,-0.16106982135669498,-0.027155901901126187,0.012392096579098944,0.7259021347869341,0.734616492584312,True,0.007138960290460057,0.0,0.028650065084283582,12.255214742514749,63.98264979655948,2.320053811835216,-0.16106982135669498,-0.027155901901126187,0.012392096579098944,0.7259021347869341,0.734616492584312,True,0.007138960290460057,0.0,0.028650065084283582,12.255214742514749,63.98264979655948,2.320053811835216,-0.16106982135669498,-0.027155901901126187,0.012392096579098944,0.7259021347869341,0.734616492584312,True,0.007138960290460057,0.0,0.0,0.0,0.40131578947368424,0.02758343345512232,11.78601537129859,64.04729193997281,2.27783375355271,-0.15464597064241414,-0.024582115331675286,0.012086990547693844,0.6931039175904539,0.6981256878746114,True,0.007138960290460057,0.25,0.027725175097715906,11.848306629001453,64.01048900537933,2.274662634352179,-0.15421201943810894,-0.024347700344605077,0.011983605478841405,0.6931039175904539,0.6981256878746114,True,0.007138960290460057,0.25,0.02790666692364926,11.928093437367034,64.04246358585165,2.2828284063299806,-0.15610859991121812,-0.02463660681946201,0.01201681818626391,0.6931039175904539,0.6981256878746114,True,0.007138960290460057,0.25,0.25,0.0,0.11842105263157894
UNIFORM_MASS_MATCHED_PATH,30,PATH_UNIFORM__KMEANS_RETAINED_S4__L06,88,4be26ff0e8b13537029269abcca63027d79e3c9497fd5bcfb917d4a8f77e68f4,0.44744318181818177,0.5951128770247627,0.49699463935612603,0.5724109226294368,0.4687912115117684,0.537521571281327,0.42544695638078933,0.19879999999999998,71,0.04933565013504418,0.45454545454545453,UNIFORM_BETA_PATH::KMEANS_RETAINED_S4,6,2.0,0.0050561797752808986,0.09659090909090909,24.053387342240978,0.054722334157586074,1.5531199343116344,73.09603577403284,0.9772727272727273,False,0.901442047915943,KMEANS_RETAINED_S4,0.4637442690828946,0.26136363636363635,24.658366685636906,0.05602157894058168,1.335440730592893,65.59568030356398,16.938987596145502,0.03917081503290543,1.1788051476850787,106.80631183158748,True,0,71,"[71,152,239,325,389,647,677]","[41,56,94]","[14.447757196858591,28.364017233168724,51.794397208117815]","[0.6197183098591549,0.704225352112676,0.8028169014084507]",2,41,True,True,True,True,True,True,0.06375200009394838,28.29267036265349,61.407170843651485,1.5314286227168112,-0.08808809587431282,-0.01118751826670186,0.01712599408855357,0.8440129926539462,0.8496069705407623,True,0.008437208654591535,0.4473684210526316,0.0639609673617912,28.39174544241055,61.4255224550326,1.519256824495832,-0.08807320105779935,-0.011303336382013725,0.01720193440890801,0.8440129926539462,0.8496069705407623,True,0.008437208654591535,0.47697368421052627,0.06393069037168227,28.377387845330976,61.44833295438881,1.5197924197694797,-0.08878442493328419,-0.011220416617210004,0.017203574962213322,0.8440129926539462,0.8496069705407623,True,0.008437208654591535,0.47697368421052627,0.4671052631578947,0.013956054891839731,0.9868421052631579,0.060614322135566355,26.810341525094444,61.87716979248979,1.5244875229485138,-0.08979495981308791,-0.01058040889686296,0.016133938489205774,0.8440129926539462,0.8496069705407623,True,0.008437208654591535,0.4440789473684211,0.060614322135566355,26.810341525094444,61.87716979248979,1.5244875229485138,-0.08979495981308791,-0.01058040889686296,0.016133938489205774,0.8440129926539462,0.8496069705407623,True,0.008437208654591535,0.4440789473684211,0.060614322135566355,26.810341525094444,61.87716979248979,1.5244875229485138,-0.08979495981308791,-0.01058040889686296,0.016133938489205774,0.8440129926539462,0.8496069705407623,True,0.008437208654591535,0.4440789473684211,0.4440789473684211,0.0,0.40131578947368424,0.05522648667944581,24.28794297445988,62.22660854061328,1.4740451914076418,-0.07791125867349606,-0.009772067381995249,0.014297055648827512,0.5341893327589803,0.534386207667736,True,0.008437208654591535,0.4111842105263158,0.055544777008721374,24.436155664456365,62.178963312592394,1.4826085263796691,-0.07758690675381526,-0.00983315935700357,0.014310667473698717,0.5341893327589803,0.534386207667736,True,0.008437208654591535,0.39473684210526316,0.055934088567323965,24.617575444975124,62.19598951906637,1.4823275598843166,-0.07893138796660636,-0.0097654116399881,0.014427426947157406,0.5341893327589803,0.534386207667736,True,0.008437208654591535,0.39473684210526316,0.40021929824561403,0.0077533638287998734,0.9473684210526315
