observation_id,cluster
CTAAGGTCTTGCTGGA,4
CTAAGGTCACACAGAA,4
CTAAGGTCACAGCAGA,4
CTAAGGTCACCTCCAA,4
CTAAGGTCACGCTCGA,4
CTAAGGTCACGTATCA,4
CTAAGGTCACTATGCA,4
CTAAGGTCAGAGTCAA,4
CTAAGGTCAGATCGCA,4
CTAAGGTCAGCAGGAA,4
CTAAGGTCAGTCACTA,4
CTAAGGTCATCCTGTA,4
CTAAGGTCATTGAGGA,4
CTAAGGTCCAACCACA,2
CTAAGGTCGACTAGTA,4
CTAAGGTCCAATGGAA,4
CTAAGGTCCACTTCGA,1
CTAAGGTCCAGCGTTA,2
CTAAGGTCCATACCAA,2
CTAAGGTCCCAGTTCA,2
CTAAGGTCCCGAAGTA,2
CTAAGGTCCCGTGAGA,2
CTAAGGTCCCTCCTGA,2
CTAAGGTCCGAACTTA,2
CTAAGGTCCGACTGGA,2
CTAAGGTCCGCATACA,2
CTAAGGTCCTCAATGA,1
CTAAGGTCCTGAGCCA,4
CTAAGGTCCTGGCATA,4
CTAAGGTCGAATCTGA,1
CTAAGGTCCAAGACTA,1
CTAAGGTCGAGCTGAA,1
CTAAGGTCGATAGACA,1
CTAAGGTCGCCACATA,1
CTAAGGTCGCGAGTAA,1
CTAAGGTCGCTAACGA,1
CTAAGGTCGCTCGGTA,1
CTAAGGTCGGAGAACA,1
CTAAGGTCGGTGCGAA,1
CTAAGGTCGTACGCAA,1
CTAAGGTCGTCGTAGA,1
CTAAGGTCGTCTGTCA,1
CTAAGGTCGTGTTCTA,1
CTAAGGTCTAGGATGA,1
CTAAGGTCTATCAGCA,1
CTAAGGTCTCCGTCTA,1
CTAAGGTCTCTTCACA,1
CTAAGGTCTGAAGAGA,1
CTAAGGTCTGGAACAA,1
CTAAGGTCTGGCTTCA,1
CTAAGGTCTGGTGGTA,1
CTAAGGTCTTCACGCA,1
CTAAGGTCAACTCACC,1
CTAAGGTCAAGAGATC,1
CTAAGGTCAAGGACAC,1
CTAAGGTCAATCCGTC,1
CTAAGGTCAATGTTGC,1
CTAAGGTCACACGACC,1
CTAAGGTCACAGATTC,1
CTAAGGTCAGATGTAC,1
CTAAGGTCAGCACCTC,1
CTAAGGTCAGCCATGC,1
CTAAGGTCAGGCTAAC,1
CTAAGGTCATAGCGAC,1
CTAAGGTCATCATTCC,1
CTAAGGTCATTGGCTC,1
CTAAGGTCCAAGGAGC,1
CTAAGGTCCACCTTAC,1
CTAAGGTCCCATCCTC,1
CTAAGGTCCCGACAAC,1
CTAAGGTCCCTAATCC,1
CTAAGGTCCCTCTATC,1
CTAAGGTCCGACACAC,1
CTAAGGTCCGGATTGC,1
CTAAGGTCCTAAGGTC,1
CTAAGGTCGAACAGGC,1
CTAAGGTCGACAGTGC,1
CTAAGGTCGAGTTAGC,1
CTAAGGTCGATGAATC,1
CTAAGGTCGCCAAGAC,9
CTAAGGTCCGGAAGAA,9
CTAAGGTCGTGACAAG,9
CTAAGGTCGAACCAGA,4
CGGATTGCTTGCTGGA,4
CGGATTGCACACAGAA,4
CGGATTGCACAGCAGA,4
CGGATTGCACCTCCAA,4
CGGATTGCACGCTCGA,4
CGGATTGCACGTATCA,4
CGGATTGCACTATGCA,4
CGGATTGCAGAGTCAA,2
CGGATTGCAGATCGCA,1
CGGATTGCAGCAGGAA,2
CGGATTGCAGTCACTA,4
CGGATTGCATCCTGTA,4
CGGATTGCATTGAGGA,2
CGGATTGCCAACCACA,4
CGGATTGCGACTAGTA,4
CGGATTGCCAATGGAA,4
CGGATTGCCACTTCGA,2
CGGATTGCCAGCGTTA,2
CGGATTGCCATACCAA,2
CGGATTGCCCAGTTCA,2
CGGATTGCCCGAAGTA,2
CGGATTGCCCGTGAGA,2
CGGATTGCCCTCCTGA,2
CGGATTGCCGAACTTA,2
CGGATTGCCGACTGGA,2
CGGATTGCCGCATACA,2
CGGATTGCCTCAATGA,4
CGGATTGCCTGAGCCA,1
CGGATTGCCTGGCATA,4
CGGATTGCGAATCTGA,2
CGGATTGCCAAGACTA,4
CGGATTGCGAGCTGAA,1
CGGATTGCGATAGACA,1
CGGATTGCGCCACATA,1
CGGATTGCGCGAGTAA,1
CGGATTGCGCTAACGA,1
CGGATTGCGCTCGGTA,1
CGGATTGCGGAGAACA,1
CGGATTGCGGTGCGAA,1
CGGATTGCGTACGCAA,1
CGGATTGCGTCGTAGA,1
CGGATTGCGTCTGTCA,1
CGGATTGCGTGTTCTA,1
CGGATTGCTAGGATGA,1
CGGATTGCTATCAGCA,1
CGGATTGCTCCGTCTA,1
CGGATTGCTCTTCACA,1
CGGATTGCTGAAGAGA,1
CGGATTGCTGGAACAA,1
CGGATTGCTGGCTTCA,1
CGGATTGCTGGTGGTA,1
CGGATTGCTTCACGCA,1
CGGATTGCAACTCACC,1
CGGATTGCAAGAGATC,1
CGGATTGCAAGGACAC,1
CGGATTGCAATCCGTC,1
CGGATTGCAATGTTGC,1
CGGATTGCACACGACC,1
CGGATTGCACAGATTC,1
CGGATTGCAGATGTAC,1
CGGATTGCAGCACCTC,1
CGGATTGCAGCCATGC,1
CGGATTGCAGGCTAAC,1
CGGATTGCATAGCGAC,1
CGGATTGCATCATTCC,1
CGGATTGCATTGGCTC,1
CGGATTGCCAAGGAGC,1
CGGATTGCCACCTTAC,1
CGGATTGCCCATCCTC,1
CGGATTGCCCGACAAC,1
CGGATTGCCCTAATCC,1
CGGATTGCCCTCTATC,1
CGGATTGCCGACACAC,1
CGGATTGCCGGATTGC,2
CGGATTGCCTAAGGTC,1
CGGATTGCGAACAGGC,1
CGGATTGCGACAGTGC,1
CGGATTGCGAGTTAGC,1
CGGATTGCGATGAATC,4
CGGATTGCGCCAAGAC,9
CGGATTGCCGGAAGAA,9
CGGATTGCGTGACAAG,9
CGGATTGCGAACCAGA,4
CGACACACTTGCTGGA,4
CGACACACAAGACGGA,4
CGACACACAAGGTACA,4
CGACACACACACAGAA,4
CGACACACACAGCAGA,4
CGACACACACCTCCAA,5
CGACACACACGCTCGA,4
CGACACACACGTATCA,4
CGACACACACTATGCA,2
CGACACACAGAGTCAA,1
CGACACACAGATCGCA,4
CGACACACAGCAGGAA,4
CGACACACAGTCACTA,4
CGACACACATCCTGTA,4
CGACACACATTGAGGA,4
CGACACACCAACCACA,4
CGACACACGACTAGTA,4
CGACACACCAATGGAA,2
CGACACACCACTTCGA,2
CGACACACCAGCGTTA,1
CGACACACCATACCAA,2
CGACACACCCAGTTCA,2
CGACACACCCGAAGTA,2
CGACACACCCGTGAGA,2
CGACACACCCTCCTGA,2
CGACACACCGAACTTA,1
CGACACACCGACTGGA,1
CGACACACCGCATACA,2
CGACACACCTCAATGA,1
CGACACACCTGAGCCA,1
CGACACACCTGGCATA,4
CGACACACGAATCTGA,1
CGACACACCAAGACTA,1
CGACACACGAGCTGAA,1
CGACACACGATAGACA,3
CGACACACGCCACATA,4
CGACACACGCGAGTAA,1
CGACACACGCTAACGA,1
CGACACACGCTCGGTA,1
CGACACACGGAGAACA,1
CGACACACGGTGCGAA,1
CGACACACGTACGCAA,1
CGACACACGTCGTAGA,1
CGACACACGTCTGTCA,1
CGACACACGTGTTCTA,1
CGACACACTAGGATGA,1
CGACACACTATCAGCA,1
CGACACACTCCGTCTA,1
CGACACACTCTTCACA,1
CGACACACTGAAGAGA,1
CGACACACTGGAACAA,1
CGACACACTGGCTTCA,1
CGACACACTGGTGGTA,1
CGACACACTTCACGCA,1
CGACACACAACTCACC,1
CGACACACAAGAGATC,1
CGACACACAAGGACAC,1
CGACACACAATCCGTC,1
CGACACACAATGTTGC,1
CGACACACACACGACC,1
CGACACACACAGATTC,1
CGACACACAGATGTAC,1
CGACACACAGCACCTC,1
CGACACACAGCCATGC,1
CGACACACAGGCTAAC,1
CGACACACATAGCGAC,1
CGACACACATCATTCC,1
CGACACACATTGGCTC,1
CGACACACCAAGGAGC,1
CGACACACCACCTTAC,1
CGACACACCCATCCTC,1
CGACACACCCGACAAC,1
CGACACACCCTAATCC,1
CGACACACCCTCTATC,1
CGACACACCGACACAC,1
CGACACACCGGATTGC,2
CGACACACCTAAGGTC,2
CGACACACGAACAGGC,1
CGACACACGACAGTGC,1
CGACACACGAGTTAGC,1
CGACACACGATGAATC,4
CGACACACGCCAAGAC,9
CGACACACCGGAAGAA,9
CGACACACGTGACAAG,9
CGACACACGAACCAGA,9
CCTCTATCTTGCTGGA,9
CCTCTATCAACCGAGA,4
CCTCTATCAACGCTTA,4
CCTCTATCAAGACGGA,4
CCTCTATCAAGGTACA,4
CCTCTATCACACAGAA,4
CCTCTATCACAGCAGA,4
CCTCTATCACCTCCAA,2
CCTCTATCACGCTCGA,4
CCTCTATCACGTATCA,2
CCTCTATCACTATGCA,2
CCTCTATCAGAGTCAA,1
CCTCTATCAGATCGCA,4
CCTCTATCAGCAGGAA,1
CCTCTATCAGTCACTA,2
CCTCTATCATCCTGTA,2
CCTCTATCATTGAGGA,4
CCTCTATCCAACCACA,4
CCTCTATCGACTAGTA,2
CCTCTATCCAATGGAA,2
CCTCTATCCACTTCGA,2
CCTCTATCCAGCGTTA,2
CCTCTATCCATACCAA,2
CCTCTATCCCAGTTCA,2
CCTCTATCCCGAAGTA,2
CCTCTATCCCGTGAGA,2
CCTCTATCCCTCCTGA,2
CCTCTATCCGAACTTA,4
CCTCTATCCGACTGGA,1
CCTCTATCCGCATACA,1
CCTCTATCCTCAATGA,1
CCTCTATCCTGAGCCA,1
CCTCTATCCTGGCATA,1
CCTCTATCGAATCTGA,4
CCTCTATCCAAGACTA,1
CCTCTATCGAGCTGAA,1
CCTCTATCGATAGACA,1
CCTCTATCGCCACATA,4
CCTCTATCGCGAGTAA,1
CCTCTATCGCTAACGA,1
CCTCTATCGCTCGGTA,1
CCTCTATCGGAGAACA,1
CCTCTATCGGTGCGAA,1
CCTCTATCGTACGCAA,1
CCTCTATCGTCGTAGA,1
CCTCTATCGTCTGTCA,5
CCTCTATCGTGTTCTA,1
CCTCTATCTAGGATGA,1
CCTCTATCTATCAGCA,1
CCTCTATCTCCGTCTA,4
CCTCTATCTCTTCACA,1
CCTCTATCTGAAGAGA,1
CCTCTATCTGGAACAA,1
CCTCTATCTGGCTTCA,1
CCTCTATCTGGTGGTA,1
CCTCTATCTTCACGCA,1
CCTCTATCAACTCACC,1
CCTCTATCAAGAGATC,1
CCTCTATCAAGGACAC,1
CCTCTATCAATCCGTC,1
CCTCTATCAATGTTGC,1
CCTCTATCACACGACC,1
CCTCTATCACAGATTC,1
CCTCTATCAGATGTAC,1
CCTCTATCAGCACCTC,1
CCTCTATCAGCCATGC,1
CCTCTATCAGGCTAAC,1
CCTCTATCATAGCGAC,1
CCTCTATCATCATTCC,1
CCTCTATCATTGGCTC,1
CCTCTATCCAAGGAGC,1
CCTCTATCCACCTTAC,1
CCTCTATCCCATCCTC,1
CCTCTATCCCGACAAC,1
CCTCTATCCCTAATCC,1
CCTCTATCCCTCTATC,1
CCTCTATCCGACACAC,1
CCTCTATCCGGATTGC,2
CCTCTATCCTAAGGTC,2
CCTCTATCGAACAGGC,1
CCTCTATCGACAGTGC,1
CCTCTATCGAGTTAGC,1
CCTCTATCGATGAATC,4
CCTCTATCGCCAAGAC,4
CCTCTATCCGGAAGAA,9
CCTCTATCGTGACAAG,9
CCTCTATCGAACCAGA,9
CCTAATCCTTGCTGGA,9
CCTAATCCAACCGAGA,4
CCTAATCCAACGCTTA,4
CCTAATCCAAGACGGA,4
CCTAATCCAAGGTACA,4
CCTAATCCACACAGAA,4
CCTAATCCACAGCAGA,4
CCTAATCCACCTCCAA,4
CCTAATCCACGCTCGA,4
CCTAATCCACGTATCA,2
CCTAATCCACTATGCA,2
CCTAATCCAGAGTCAA,2
CCTAATCCAGATCGCA,5
CCTAATCCAGCAGGAA,2
CCTAATCCAGTCACTA,2
CCTAATCCATCCTGTA,2
CCTAATCCATTGAGGA,2
CCTAATCCCAACCACA,2
CCTAATCCGACTAGTA,1
CCTAATCCCAATGGAA,2
CCTAATCCCACTTCGA,2
CCTAATCCCAGCGTTA,2
CCTAATCCCATACCAA,2
CCTAATCCCCAGTTCA,2
CCTAATCCCCGAAGTA,4
CCTAATCCCCGTGAGA,4
CCTAATCCCCTCCTGA,2
CCTAATCCCGAACTTA,4
CCTAATCCCGACTGGA,4
CCTAATCCCGCATACA,4
CCTAATCCCTCAATGA,1
CCTAATCCCTGAGCCA,1
CCTAATCCCTGGCATA,1
CCTAATCCGAATCTGA,1
CCTAATCCCAAGACTA,1
CCTAATCCGAGCTGAA,1
CCTAATCCGATAGACA,4
CCTAATCCGCCACATA,1
CCTAATCCGCGAGTAA,1
CCTAATCCGCTAACGA,1
CCTAATCCGCTCGGTA,1
CCTAATCCGGAGAACA,1
CCTAATCCGGTGCGAA,1
CCTAATCCGTACGCAA,1
CCTAATCCGTCGTAGA,1
CCTAATCCGTCTGTCA,1
CCTAATCCGTGTTCTA,1
CCTAATCCTAGGATGA,1
CCTAATCCTATCAGCA,1
CCTAATCCTCCGTCTA,1
CCTAATCCTCTTCACA,1
CCTAATCCTGAAGAGA,1
CCTAATCCTGGAACAA,1
CCTAATCCTGGCTTCA,1
CCTAATCCTGGTGGTA,1
CCTAATCCTTCACGCA,1
CCTAATCCAACTCACC,1
CCTAATCCAAGAGATC,1
CCTAATCCAAGGACAC,1
CCTAATCCAATCCGTC,1
CCTAATCCAATGTTGC,1
CCTAATCCACACGACC,1
CCTAATCCACAGATTC,1
CCTAATCCAGATGTAC,1
CCTAATCCAGCACCTC,1
CCTAATCCAGCCATGC,1
CCTAATCCAGGCTAAC,1
CCTAATCCATAGCGAC,1
CCTAATCCATCATTCC,1
CCTAATCCATTGGCTC,1
CCTAATCCCAAGGAGC,1
CCTAATCCCACCTTAC,1
CCTAATCCCCATCCTC,1
CCTAATCCCCGACAAC,1
CCTAATCCCCTAATCC,1
CCTAATCCCCTCTATC,1
CCTAATCCCGACACAC,2
CCTAATCCCGGATTGC,2
CCTAATCCCTAAGGTC,2
CCTAATCCGAACAGGC,1
CCTAATCCGACAGTGC,1
CCTAATCCGAGTTAGC,1
CCTAATCCGATGAATC,4
CCTAATCCGCCAAGAC,4
CCTAATCCCGGAAGAA,9
CCTAATCCGTGACAAG,9
CCTAATCCGAACCAGA,9
CCGACAACTTGCTGGA,4
CCGACAACAACAACCA,4
CCGACAACAACCGAGA,9
CCGACAACAACGCTTA,4
CCGACAACAAGACGGA,4
CCGACAACAAGGTACA,4
CCGACAACACACAGAA,4
CCGACAACACAGCAGA,4
CCGACAACACCTCCAA,2
CCGACAACACGCTCGA,2
CCGACAACACGTATCA,2
CCGACAACACTATGCA,4
CCGACAACAGAGTCAA,4
CCGACAACAGATCGCA,1
CCGACAACAGCAGGAA,2
CCGACAACAGTCACTA,2
CCGACAACATCCTGTA,2
CCGACAACATTGAGGA,2
CCGACAACCAACCACA,2
CCGACAACGACTAGTA,2
CCGACAACCAATGGAA,2
CCGACAACCACTTCGA,2
CCGACAACCAGCGTTA,2
CCGACAACCATACCAA,2
CCGACAACCCAGTTCA,2
CCGACAACCCGAAGTA,4
CCGACAACCCGTGAGA,4
CCGACAACCCTCCTGA,1
CCGACAACCGAACTTA,4
CCGACAACCGACTGGA,4
CCGACAACCGCATACA,4
CCGACAACCTCAATGA,1
CCGACAACCTGAGCCA,1
CCGACAACCTGGCATA,1
CCGACAACGAATCTGA,1
CCGACAACCAAGACTA,4
CCGACAACGAGCTGAA,1
CCGACAACGATAGACA,1
CCGACAACGCCACATA,1
CCGACAACGCGAGTAA,1
CCGACAACGCTAACGA,1
CCGACAACGCTCGGTA,1
CCGACAACGGAGAACA,1
CCGACAACGGTGCGAA,1
CCGACAACGTACGCAA,1
CCGACAACGTCGTAGA,1
CCGACAACGTCTGTCA,1
CCGACAACGTGTTCTA,1
CCGACAACTAGGATGA,1
CCGACAACTATCAGCA,1
CCGACAACTCCGTCTA,1
CCGACAACTCTTCACA,1
CCGACAACTGAAGAGA,1
CCGACAACTGGAACAA,1
CCGACAACTGGCTTCA,1
CCGACAACTGGTGGTA,1
CCGACAACTTCACGCA,1
CCGACAACAACTCACC,1
CCGACAACAAGAGATC,1
CCGACAACAAGGACAC,1
CCGACAACAATCCGTC,1
CCGACAACAATGTTGC,1
CCGACAACACACGACC,1
CCGACAACACAGATTC,1
CCGACAACAGATGTAC,1
CCGACAACAGCACCTC,1
CCGACAACAGCCATGC,1
CCGACAACAGGCTAAC,1
CCGACAACATAGCGAC,1
CCGACAACATCATTCC,1
CCGACAACATTGGCTC,1
CCGACAACCAAGGAGC,1
CCGACAACCACCTTAC,1
CCGACAACCCATCCTC,1
CCGACAACCCGACAAC,1
CCGACAACCCTAATCC,1
CCGACAACCCTCTATC,1
CCGACAACCGACACAC,2
CCGACAACCGGATTGC,2
CCGACAACCTAAGGTC,1
CCGACAACGAACAGGC,1
CCGACAACGACAGTGC,1
CCGACAACGAGTTAGC,1
CCGACAACGATGAATC,4
CCGACAACGCCAAGAC,5
CCGACAACCGGAAGAA,9
CCGACAACGTGACAAG,9
CCGACAACGAACCAGA,9
CCATCCTCTTGCTGGA,5
CCATCCTCAGTACAAG,4
CCATCCTCAACAACCA,4
CCATCCTCAACCGAGA,4
CCATCCTCAACGCTTA,9
CCATCCTCAAGACGGA,4
CCATCCTCAAGGTACA,4
CCATCCTCACACAGAA,4
CCATCCTCACAGCAGA,2
CCATCCTCACCTCCAA,2
CCATCCTCACGCTCGA,2
CCATCCTCACGTATCA,2
CCATCCTCACTATGCA,2
CCATCCTCAGAGTCAA,4
CCATCCTCAGATCGCA,4
CCATCCTCAGCAGGAA,1
CCATCCTCAGTCACTA,2
CCATCCTCATCCTGTA,2
CCATCCTCATTGAGGA,2
CCATCCTCCAACCACA,2
CCATCCTCGACTAGTA,2
CCATCCTCCAATGGAA,2
CCATCCTCCACTTCGA,2
CCATCCTCCAGCGTTA,2
CCATCCTCCATACCAA,2
CCATCCTCCCAGTTCA,2
CCATCCTCCCGAAGTA,4
CCATCCTCCCGTGAGA,1
CCATCCTCCCTCCTGA,4
CCATCCTCCGAACTTA,1
CCATCCTCCGACTGGA,1
CCATCCTCCGCATACA,4
CCATCCTCCTCAATGA,1
CCATCCTCCTGAGCCA,1
CCATCCTCCTGGCATA,1
CCATCCTCGAATCTGA,8
CCATCCTCCAAGACTA,1
CCATCCTCGAGCTGAA,4
CCATCCTCGATAGACA,1
CCATCCTCGCCACATA,1
CCATCCTCGCGAGTAA,1
CCATCCTCGCTAACGA,1
CCATCCTCGCTCGGTA,1
CCATCCTCGGAGAACA,1
CCATCCTCGGTGCGAA,1
CCATCCTCGTACGCAA,1
CCATCCTCGTCGTAGA,1
CCATCCTCGTCTGTCA,1
CCATCCTCGTGTTCTA,1
CCATCCTCTAGGATGA,1
CCATCCTCTATCAGCA,1
CCATCCTCTCCGTCTA,1
CCATCCTCTCTTCACA,1
CCATCCTCTGAAGAGA,1
CCATCCTCTGGAACAA,1
CCATCCTCTGGCTTCA,1
CCATCCTCTGGTGGTA,5
CCATCCTCTTCACGCA,1
CCATCCTCAACTCACC,1
CCATCCTCAAGAGATC,1
CCATCCTCAAGGACAC,1
CCATCCTCAATCCGTC,1
CCATCCTCAATGTTGC,1
CCATCCTCACACGACC,1
CCATCCTCACAGATTC,1
CCATCCTCAGATGTAC,1
CCATCCTCAGCACCTC,1
CCATCCTCAGCCATGC,1
CCATCCTCAGGCTAAC,1
CCATCCTCATAGCGAC,1
CCATCCTCATCATTCC,1
CCATCCTCATTGGCTC,1
CCATCCTCCAAGGAGC,1
CCATCCTCCACCTTAC,1
CCATCCTCCCATCCTC,1
CCATCCTCCCGACAAC,1
CCATCCTCCCTAATCC,1
CCATCCTCCCTCTATC,1
CCATCCTCCGACACAC,4
CCATCCTCCGGATTGC,2
CCATCCTCCTAAGGTC,1
CCATCCTCGAACAGGC,1
CCATCCTCGACAGTGC,1
CCATCCTCGAGTTAGC,1
CCATCCTCGATGAATC,4
CCATCCTCGCCAAGAC,5
CCATCCTCCGGAAGAA,5
CCATCCTCGTGACAAG,4
CCATCCTCGAACCAGA,4
CACCTTACTTGCTGGA,9
CACCTTACAGTACAAG,4
CACCTTACAACAACCA,4
CACCTTACAACCGAGA,4
CACCTTACAACGCTTA,9
CACCTTACAAGACGGA,4
CACCTTACAAGGTACA,4
CACCTTACACACAGAA,2
CACCTTACACAGCAGA,1
CACCTTACACCTCCAA,2
CACCTTACACGCTCGA,2
CACCTTACACGTATCA,2
CACCTTACACTATGCA,2
CACCTTACAGAGTCAA,2
CACCTTACAGATCGCA,2
CACCTTACAGCAGGAA,2
CACCTTACAGTCACTA,2
CACCTTACATCCTGTA,2
CACCTTACATTGAGGA,2
CACCTTACCAACCACA,2
CACCTTACGACTAGTA,4
CACCTTACCAATGGAA,2
CACCTTACCACTTCGA,2
CACCTTACCAGCGTTA,2
CACCTTACCATACCAA,2
CACCTTACCCAGTTCA,2
CACCTTACCCGAAGTA,1
CACCTTACCCGTGAGA,1
CACCTTACCCTCCTGA,1
CACCTTACCGAACTTA,1
CACCTTACCGACTGGA,1
CACCTTACCGCATACA,1
CACCTTACCTCAATGA,1
CACCTTACCTGAGCCA,1
CACCTTACCTGGCATA,1
CACCTTACGAATCTGA,1
CACCTTACCAAGACTA,1
CACCTTACGAGCTGAA,4
CACCTTACGATAGACA,1
CACCTTACGCCACATA,1
CACCTTACGCGAGTAA,1
CACCTTACGCTAACGA,1
CACCTTACGCTCGGTA,1
CACCTTACGGAGAACA,1
CACCTTACGGTGCGAA,1
CACCTTACGTACGCAA,1
CACCTTACGTCGTAGA,1
CACCTTACGTCTGTCA,1
CACCTTACGTGTTCTA,1
CACCTTACTAGGATGA,1
CACCTTACTATCAGCA,1
CACCTTACTCCGTCTA,1
CACCTTACTCTTCACA,1
CACCTTACTGAAGAGA,1
CACCTTACTGGAACAA,1
CACCTTACTGGCTTCA,1
CACCTTACTGGTGGTA,1
CACCTTACTTCACGCA,1
CACCTTACAACTCACC,1
CACCTTACAAGAGATC,1
CACCTTACAAGGACAC,1
CACCTTACAATCCGTC,1
CACCTTACAATGTTGC,1
CACCTTACACACGACC,1
CACCTTACACAGATTC,1
CACCTTACAGATGTAC,1
CACCTTACAGCACCTC,1
CACCTTACAGCCATGC,1
CACCTTACAGGCTAAC,1
CACCTTACATAGCGAC,1
CACCTTACATCATTCC,1
CACCTTACATTGGCTC,1
CACCTTACCAAGGAGC,1
CACCTTACCACCTTAC,1
CACCTTACCCATCCTC,1
CACCTTACCCGACAAC,1
CACCTTACCCTAATCC,1
CACCTTACCCTCTATC,1
CACCTTACCGACACAC,1
CACCTTACCGGATTGC,1
CACCTTACCTAAGGTC,1
CACCTTACGAACAGGC,1
CACCTTACGACAGTGC,1
CACCTTACGAGTTAGC,1
CACCTTACGATGAATC,4
CACCTTACGCCAAGAC,4
CACCTTACCGGAAGAA,9
CACCTTACGTGACAAG,9
CACCTTACGAACCAGA,4
CAAGGAGCTTGCTGGA,4
CAAGGAGCCTGTAGCC,4
CAAGGAGCAGTACAAG,4
CAAGGAGCAACAACCA,4
CAAGGAGCAACCGAGA,4
CAAGGAGCAACGCTTA,4
CAAGGAGCAAGACGGA,4
CAAGGAGCAAGGTACA,4
CAAGGAGCACACAGAA,4
CAAGGAGCACAGCAGA,4
CAAGGAGCACCTCCAA,4
CAAGGAGCACGCTCGA,2
CAAGGAGCACGTATCA,2
CAAGGAGCACTATGCA,2
CAAGGAGCAGAGTCAA,2
CAAGGAGCAGATCGCA,2
CAAGGAGCAGCAGGAA,2
CAAGGAGCAGTCACTA,2
CAAGGAGCATCCTGTA,2
CAAGGAGCATTGAGGA,2
CAAGGAGCCAACCACA,2
CAAGGAGCGACTAGTA,2
CAAGGAGCCAATGGAA,4
CAAGGAGCCACTTCGA,4
CAAGGAGCCAGCGTTA,2
CAAGGAGCCATACCAA,2
CAAGGAGCCCAGTTCA,1
CAAGGAGCCCGAAGTA,1
CAAGGAGCCCGTGAGA,1
CAAGGAGCCCTCCTGA,1
CAAGGAGCCGAACTTA,1
CAAGGAGCCGACTGGA,1
CAAGGAGCCGCATACA,1
CAAGGAGCCTCAATGA,1
CAAGGAGCCTGAGCCA,1
CAAGGAGCCTGGCATA,1
CAAGGAGCGAATCTGA,1
CAAGGAGCCAAGACTA,2
CAAGGAGCGAGCTGAA,1
CAAGGAGCGATAGACA,4
CAAGGAGCGCCACATA,1
CAAGGAGCGCGAGTAA,1
CAAGGAGCGCTAACGA,1
CAAGGAGCGCTCGGTA,1
CAAGGAGCGGAGAACA,1
CAAGGAGCGGTGCGAA,1
CAAGGAGCGTACGCAA,1
CAAGGAGCGTCGTAGA,1
CAAGGAGCGTCTGTCA,1
CAAGGAGCGTGTTCTA,1
CAAGGAGCTAGGATGA,1
CAAGGAGCTATCAGCA,1
CAAGGAGCTCCGTCTA,1
CAAGGAGCTCTTCACA,1
CAAGGAGCTGAAGAGA,1
CAAGGAGCTGGAACAA,1
CAAGGAGCTGGCTTCA,1
CAAGGAGCTGGTGGTA,1
CAAGGAGCTTCACGCA,1
CAAGGAGCAACTCACC,1
CAAGGAGCAAGAGATC,1
CAAGGAGCAAGGACAC,1
CAAGGAGCAATCCGTC,1
CAAGGAGCAATGTTGC,1
CAAGGAGCACACGACC,1
CAAGGAGCACAGATTC,1
CAAGGAGCAGATGTAC,1
CAAGGAGCAGCACCTC,1
CAAGGAGCAGCCATGC,1
CAAGGAGCAGGCTAAC,1
CAAGGAGCATAGCGAC,1
CAAGGAGCATCATTCC,1
CAAGGAGCATTGGCTC,1
CAAGGAGCCAAGGAGC,1
CAAGGAGCCACCTTAC,1
CAAGGAGCCCATCCTC,1
CAAGGAGCCCGACAAC,1
CAAGGAGCCCTAATCC,1
CAAGGAGCCCTCTATC,1
CAAGGAGCCGACACAC,1
CAAGGAGCCGGATTGC,1
CAAGGAGCCTAAGGTC,1
CAAGGAGCGAACAGGC,1
CAAGGAGCGACAGTGC,1
CAAGGAGCGAGTTAGC,1
CAAGGAGCGATGAATC,4
CAAGGAGCGCCAAGAC,4
CAAGGAGCCGGAAGAA,4
CAAGGAGCGTGACAAG,9
CAAGGAGCGAACCAGA,4
ATTGGCTCACAAGCTA,4
ATTGGCTCTTGCTGGA,4
ATTGGCTCCTGTAGCC,4
ATTGGCTCAGTACAAG,4
ATTGGCTCAACAACCA,4
ATTGGCTCAACCGAGA,4
ATTGGCTCAACGCTTA,4
ATTGGCTCAAGACGGA,4
ATTGGCTCAAGGTACA,4
ATTGGCTCACACAGAA,4
ATTGGCTCACAGCAGA,2
ATTGGCTCACCTCCAA,4
ATTGGCTCACGCTCGA,4
ATTGGCTCACGTATCA,2
ATTGGCTCACTATGCA,2
ATTGGCTCAGAGTCAA,2
ATTGGCTCAGATCGCA,2
ATTGGCTCAGCAGGAA,2
ATTGGCTCAGTCACTA,2
ATTGGCTCATCCTGTA,2
ATTGGCTCATTGAGGA,2
ATTGGCTCCAACCACA,2
ATTGGCTCGACTAGTA,4
ATTGGCTCCAATGGAA,4
ATTGGCTCCACTTCGA,4
ATTGGCTCCAGCGTTA,2
ATTGGCTCCATACCAA,1
ATTGGCTCCCAGTTCA,1
ATTGGCTCCCGAAGTA,1
ATTGGCTCCCGTGAGA,1
ATTGGCTCCCTCCTGA,1
ATTGGCTCCGAACTTA,1
ATTGGCTCCGACTGGA,1
ATTGGCTCCGCATACA,1
ATTGGCTCCTCAATGA,1
ATTGGCTCCTGAGCCA,1
ATTGGCTCCTGGCATA,1
ATTGGCTCGAATCTGA,1
ATTGGCTCCAAGACTA,1
ATTGGCTCGAGCTGAA,1
ATTGGCTCGATAGACA,1
ATTGGCTCGCCACATA,1
ATTGGCTCGCGAGTAA,1
ATTGGCTCGCTAACGA,1
ATTGGCTCGCTCGGTA,1
ATTGGCTCGGAGAACA,1
ATTGGCTCGGTGCGAA,1
ATTGGCTCGTACGCAA,1
ATTGGCTCGTCGTAGA,1
ATTGGCTCGTCTGTCA,1
ATTGGCTCGTGTTCTA,1
ATTGGCTCTAGGATGA,1
ATTGGCTCTATCAGCA,1
ATTGGCTCTCCGTCTA,7
ATTGGCTCTCTTCACA,1
ATTGGCTCTGAAGAGA,1
ATTGGCTCTGGAACAA,1
ATTGGCTCTGGCTTCA,1
ATTGGCTCTGGTGGTA,1
ATTGGCTCTTCACGCA,1
ATTGGCTCAACTCACC,1
ATTGGCTCAAGAGATC,1
ATTGGCTCAAGGACAC,1
ATTGGCTCAATCCGTC,1
ATTGGCTCAATGTTGC,1
ATTGGCTCACACGACC,7
ATTGGCTCACAGATTC,1
ATTGGCTCAGATGTAC,1
ATTGGCTCAGCACCTC,1
ATTGGCTCAGCCATGC,1
ATTGGCTCAGGCTAAC,1
ATTGGCTCATAGCGAC,1
ATTGGCTCATCATTCC,1
ATTGGCTCATTGGCTC,1
ATTGGCTCCAAGGAGC,1
ATTGGCTCCACCTTAC,1
ATTGGCTCCCATCCTC,1
ATTGGCTCCCGACAAC,1
ATTGGCTCCCTAATCC,1
ATTGGCTCCCTCTATC,1
ATTGGCTCCGACACAC,1
ATTGGCTCCGGATTGC,1
ATTGGCTCCTAAGGTC,1
ATTGGCTCGAACAGGC,1
ATTGGCTCGACAGTGC,1
ATTGGCTCGAGTTAGC,1
ATTGGCTCGATGAATC,4
ATTGGCTCGCCAAGAC,4
ATTGGCTCCGGAAGAA,9
ATTGGCTCGTGACAAG,9
ATTGGCTCGAACCAGA,1
ATCATTCCACAAGCTA,4
ATCATTCCTTGCTGGA,9
ATCATTCCCTGTAGCC,4
ATCATTCCAGTACAAG,4
ATCATTCCAACAACCA,4
ATCATTCCAACCGAGA,4
ATCATTCCAACGCTTA,4
ATCATTCCAAGACGGA,4
ATCATTCCAAGGTACA,4
ATCATTCCACACAGAA,4
ATCATTCCACAGCAGA,4
ATCATTCCACCTCCAA,4
ATCATTCCACGCTCGA,2
ATCATTCCACGTATCA,2
ATCATTCCACTATGCA,2
ATCATTCCAGAGTCAA,2
ATCATTCCAGATCGCA,2
ATCATTCCAGCAGGAA,2
ATCATTCCAGTCACTA,2
ATCATTCCATCCTGTA,2
ATCATTCCATTGAGGA,2
ATCATTCCCAACCACA,2
ATCATTCCGACTAGTA,4
ATCATTCCCAATGGAA,4
ATCATTCCCACTTCGA,4
ATCATTCCCAGCGTTA,1
ATCATTCCCATACCAA,1
ATCATTCCCCAGTTCA,1
ATCATTCCCCGAAGTA,1
ATCATTCCCCGTGAGA,1
ATCATTCCCCTCCTGA,1
ATCATTCCCGAACTTA,1
ATCATTCCCGACTGGA,1
ATCATTCCCGCATACA,1
ATCATTCCCTCAATGA,1
ATCATTCCCTGAGCCA,1
ATCATTCCCTGGCATA,1
ATCATTCCGAATCTGA,1
ATCATTCCCAAGACTA,1
ATCATTCCGAGCTGAA,1
ATCATTCCGATAGACA,1
ATCATTCCGCCACATA,1
ATCATTCCGCGAGTAA,1
ATCATTCCGCTAACGA,1
ATCATTCCGCTCGGTA,1
ATCATTCCGGAGAACA,1
ATCATTCCGGTGCGAA,1
ATCATTCCGTACGCAA,1
ATCATTCCGTCGTAGA,1
ATCATTCCGTCTGTCA,1
ATCATTCCGTGTTCTA,1
ATCATTCCTAGGATGA,1
ATCATTCCTATCAGCA,7
ATCATTCCTCCGTCTA,7
ATCATTCCTCTTCACA,1
ATCATTCCTGAAGAGA,1
ATCATTCCTGGAACAA,1
ATCATTCCTGGCTTCA,1
ATCATTCCTGGTGGTA,7
ATCATTCCTTCACGCA,1
ATCATTCCAACTCACC,7
ATCATTCCAAGAGATC,7
ATCATTCCAAGGACAC,7
ATCATTCCAATCCGTC,7
ATCATTCCAATGTTGC,7
ATCATTCCACACGACC,7
ATCATTCCACAGATTC,1
ATCATTCCAGATGTAC,1
ATCATTCCAGCACCTC,1
ATCATTCCAGCCATGC,1
ATCATTCCAGGCTAAC,1
ATCATTCCATAGCGAC,1
ATCATTCCATCATTCC,1
ATCATTCCATTGGCTC,1
ATCATTCCCAAGGAGC,1
ATCATTCCCACCTTAC,1
ATCATTCCCCATCCTC,1
ATCATTCCCCGACAAC,1
ATCATTCCCCTAATCC,1
ATCATTCCCCTCTATC,1
ATCATTCCCGACACAC,1
ATCATTCCCGCTGATC,9
ATCATTCCCGGATTGC,2
ATCATTCCCTAAGGTC,1
ATCATTCCGAACAGGC,1
ATCATTCCGACAGTGC,1
ATCATTCCGAGTTAGC,1
ATCATTCCGATGAATC,4
ATCATTCCGCCAAGAC,4
ATCATTCCCGGAAGAA,9
ATCATTCCGTGACAAG,9
ATCATTCCGAACCAGA,9
ATAGCGACACAAGCTA,4
ATAGCGACTTGCTGGA,4
ATAGCGACCTGTAGCC,4
ATAGCGACAGTACAAG,4
ATAGCGACAACAACCA,4
ATAGCGACAACCGAGA,4
ATAGCGACAACGCTTA,4
ATAGCGACAAGACGGA,4
ATAGCGACAAGGTACA,4
ATAGCGACACACAGAA,4
ATAGCGACACAGCAGA,4
ATAGCGACACCTCCAA,2
ATAGCGACACGCTCGA,2
ATAGCGACACGTATCA,2
ATAGCGACACTATGCA,2
ATAGCGACAGAGTCAA,2
ATAGCGACAGATCGCA,2
ATAGCGACAGCAGGAA,2
ATAGCGACAGTCACTA,2
ATAGCGACATCCTGTA,2
ATAGCGACATTGAGGA,2
ATAGCGACCAACCACA,2
ATAGCGACGACTAGTA,4
ATAGCGACCAATGGAA,4
ATAGCGACCACTTCGA,4
ATAGCGACCAGCGTTA,1
ATAGCGACCATACCAA,4
ATAGCGACCCAGTTCA,1
ATAGCGACCCGAAGTA,1
ATAGCGACCCGTGAGA,1
ATAGCGACCCTCCTGA,4
ATAGCGACCGAACTTA,4
ATAGCGACCGACTGGA,1
ATAGCGACCGCATACA,1
ATAGCGACCTCAATGA,4
ATAGCGACCTGAGCCA,4
ATAGCGACCTGGCATA,1
ATAGCGACGAATCTGA,1
ATAGCGACCAAGACTA,1
ATAGCGACGAGCTGAA,1
ATAGCGACGATAGACA,1
ATAGCGACGCCACATA,1
ATAGCGACGCGAGTAA,1
ATAGCGACGCTAACGA,1
ATAGCGACGCTCGGTA,3
ATAGCGACGGAGAACA,3
ATAGCGACGGTGCGAA,1
ATAGCGACGTACGCAA,1
ATAGCGACGTCGTAGA,1
ATAGCGACGTCTGTCA,1
ATAGCGACGTGTTCTA,1
ATAGCGACTAGGATGA,1
ATAGCGACTATCAGCA,1
ATAGCGACTCCGTCTA,7
ATAGCGACTCTTCACA,4
ATAGCGACTGAAGAGA,7
ATAGCGACTGGAACAA,1
ATAGCGACTGGCTTCA,7
ATAGCGACTGGTGGTA,7
ATAGCGACTTCACGCA,7
ATAGCGACAACTCACC,7
ATAGCGACAAGAGATC,7
ATAGCGACAAGGACAC,7
ATAGCGACAATCCGTC,7
ATAGCGACAATGTTGC,7
ATAGCGACACACGACC,7
ATAGCGACACAGATTC,7
ATAGCGACAGATGTAC,1
ATAGCGACAGCACCTC,1
ATAGCGACAGCCATGC,1
ATAGCGACAGGCTAAC,1
ATAGCGACATAGCGAC,1
ATAGCGACATCATTCC,1
ATAGCGACATTGGCTC,1
ATAGCGACCAAGGAGC,1
ATAGCGACCACCTTAC,1
ATAGCGACCCATCCTC,1
ATAGCGACCCGACAAC,1
ATAGCGACCCTAATCC,1
ATAGCGACCCTCTATC,1
ATAGCGACCGACACAC,1
ATAGCGACCGCTGATC,4
ATAGCGACCGGATTGC,1
ATAGCGACCTAAGGTC,2
ATAGCGACGAACAGGC,1
ATAGCGACGACAGTGC,1
ATAGCGACGAGTTAGC,1
ATAGCGACGATGAATC,1
ATAGCGACGCCAAGAC,4
ATAGCGACCGGAAGAA,9
ATAGCGACGTGACAAG,9
ATAGCGACGAACCAGA,9
AGGCTAACACAAGCTA,4
AGGCTAACTTGCTGGA,4
AGGCTAACCTGTAGCC,4
AGGCTAACAGTACAAG,4
AGGCTAACAACAACCA,4
AGGCTAACAACCGAGA,4
AGGCTAACAACGCTTA,4
AGGCTAACAAGACGGA,4
AGGCTAACAAGGTACA,4
AGGCTAACACACAGAA,4
AGGCTAACACAGCAGA,2
AGGCTAACACCTCCAA,2
AGGCTAACACGCTCGA,2
AGGCTAACACGTATCA,2
AGGCTAACACTATGCA,2
AGGCTAACAGAGTCAA,2
AGGCTAACAGATCGCA,2
AGGCTAACAGCAGGAA,2
AGGCTAACAGTCACTA,2
AGGCTAACATCCTGTA,4
AGGCTAACATTGAGGA,4
AGGCTAACCAACCACA,4
AGGCTAACGACTAGTA,4
AGGCTAACCAATGGAA,4
AGGCTAACCACTTCGA,4
AGGCTAACCAGCGTTA,1
AGGCTAACCATACCAA,1
AGGCTAACCCAGTTCA,2
AGGCTAACCCGAAGTA,1
AGGCTAACCCGTGAGA,1
AGGCTAACCCTCCTGA,4
AGGCTAACCGAACTTA,1
AGGCTAACCGACTGGA,1
AGGCTAACCGCATACA,1
AGGCTAACCTCAATGA,1
AGGCTAACCTGAGCCA,1
AGGCTAACCTGGCATA,1
AGGCTAACGAATCTGA,1
AGGCTAACCAAGACTA,1
AGGCTAACGAGCTGAA,1
AGGCTAACGATAGACA,1
AGGCTAACGCCACATA,1
AGGCTAACGCGAGTAA,1
AGGCTAACGCTAACGA,1
AGGCTAACGCTCGGTA,1
AGGCTAACGGAGAACA,1
AGGCTAACGGTGCGAA,1
AGGCTAACGTACGCAA,1
AGGCTAACGTCGTAGA,1
AGGCTAACGTCTGTCA,1
AGGCTAACGTGTTCTA,1
AGGCTAACTAGGATGA,1
AGGCTAACTATCAGCA,1
AGGCTAACTCCGTCTA,7
AGGCTAACTCTTCACA,7
AGGCTAACTGAAGAGA,7
AGGCTAACTGGAACAA,7
AGGCTAACTGGCTTCA,7
AGGCTAACTGGTGGTA,7
AGGCTAACTTCACGCA,7
AGGCTAACAACTCACC,7
AGGCTAACAAGAGATC,7
AGGCTAACAAGGACAC,7
AGGCTAACAATCCGTC,7
AGGCTAACAATGTTGC,7
AGGCTAACACACGACC,7
AGGCTAACACAGATTC,7
AGGCTAACAGATGTAC,1
AGGCTAACAGCACCTC,1
AGGCTAACAGCCATGC,1
AGGCTAACAGGCTAAC,1
AGGCTAACCATCAAGT,4
AGGCTAACATAGCGAC,1
AGGCTAACATCATTCC,1
AGGCTAACATTGGCTC,1
AGGCTAACCAAGGAGC,1
AGGCTAACCACCTTAC,1
AGGCTAACCCATCCTC,1
AGGCTAACCCGACAAC,1
AGGCTAACCCTAATCC,1
AGGCTAACCCTCTATC,1
AGGCTAACCGACACAC,2
AGGCTAACCGCTGATC,4
AGGCTAACCGGATTGC,2
AGGCTAACCTAAGGTC,2
AGGCTAACGAACAGGC,1
AGGCTAACGACAGTGC,1
AGGCTAACGAGTTAGC,1
AGGCTAACGATGAATC,1
AGGCTAACGCCAAGAC,4
AGGCTAACCGGAAGAA,9
AGGCTAACGTGACAAG,9
AGGCTAACGAACCAGA,9
AGCCATGCACAAGCTA,4
AGCCATGCTTGCTGGA,9
AGCCATGCCTGTAGCC,4
AGCCATGCAGTACAAG,4
AGCCATGCAACAACCA,4
AGCCATGCAACCGAGA,4
AGCCATGCAACGCTTA,4
AGCCATGCAAGACGGA,4
AGCCATGCAAGGTACA,4
AGCCATGCACACAGAA,2
AGCCATGCACAGCAGA,2
AGCCATGCACCTCCAA,2
AGCCATGCACGCTCGA,2
AGCCATGCACGTATCA,2
AGCCATGCACTATGCA,2
AGCCATGCAGAGTCAA,5
AGCCATGCAGATCGCA,2
AGCCATGCAGCAGGAA,4
AGCCATGCAGTCACTA,4
AGCCATGCATCCTGTA,4
AGCCATGCATTGAGGA,4
AGCCATGCCAACCACA,4
AGCCATGCGACTAGTA,1
AGCCATGCCAATGGAA,1
AGCCATGCCACTTCGA,1
AGCCATGCCAGCGTTA,2
AGCCATGCCATACCAA,2
AGCCATGCCCAGTTCA,2
AGCCATGCCCGAAGTA,2
AGCCATGCCCGTGAGA,1
AGCCATGCCCTCCTGA,1
AGCCATGCCGAACTTA,1
AGCCATGCCGACTGGA,1
AGCCATGCCGCATACA,1
AGCCATGCCTCAATGA,1
AGCCATGCCTGAGCCA,1
AGCCATGCCTGGCATA,1
AGCCATGCGAATCTGA,1
AGCCATGCCAAGACTA,1
AGCCATGCGAGCTGAA,1
AGCCATGCGATAGACA,1
AGCCATGCGCCACATA,1
AGCCATGCGCGAGTAA,1
AGCCATGCGCTAACGA,1
AGCCATGCGCTCGGTA,1
AGCCATGCGGAGAACA,1
AGCCATGCGGTGCGAA,1
AGCCATGCGTACGCAA,8
AGCCATGCGTCGTAGA,1
AGCCATGCGTCTGTCA,1
AGCCATGCGTGTTCTA,1
AGCCATGCTAGGATGA,1
AGCCATGCTATCAGCA,7
AGCCATGCTCCGTCTA,7
AGCCATGCTCTTCACA,7
AGCCATGCTGAAGAGA,7
AGCCATGCTGGAACAA,7
AGCCATGCTGGCTTCA,7
AGCCATGCTGGTGGTA,7
AGCCATGCTTCACGCA,7
AGCCATGCAACTCACC,7
AGCCATGCCAGATCTG,4
AGCCATGCAAGAGATC,7
AGCCATGCAAGGACAC,7
AGCCATGCAATCCGTC,7
AGCCATGCAATGTTGC,7
AGCCATGCACACGACC,7
AGCCATGCACAGATTC,7
AGCCATGCAGATGTAC,1
AGCCATGCAGCACCTC,1
AGCCATGCAGCCATGC,1
AGCCATGCAGGCTAAC,1
AGCCATGCCATCAAGT,4
AGCCATGCATAGCGAC,1
AGCCATGCATCATTCC,1
AGCCATGCATTGGCTC,1
AGCCATGCCAAGGAGC,1
AGCCATGCCACCTTAC,1
AGCCATGCCCATCCTC,1
AGCCATGCCCGACAAC,1
AGCCATGCCCTAATCC,1
AGCCATGCCCTCTATC,1
AGCCATGCCGACACAC,1
AGCCATGCCGCTGATC,4
AGCCATGCCGGATTGC,2
AGCCATGCCTAAGGTC,2
AGCCATGCGAACAGGC,1
AGCCATGCGACAGTGC,1
AGCCATGCGAGTTAGC,1
AGCCATGCGATGAATC,4
AGCCATGCGCCAAGAC,4
AGCCATGCCGGAAGAA,9
AGCCATGCGTGACAAG,9
AGCCATGCGAACCAGA,9
AGCACCTCACAAGCTA,4
AGCACCTCTTGCTGGA,9
AGCACCTCCTGTAGCC,4
AGCACCTCAGTACAAG,4
AGCACCTCAACAACCA,4
AGCACCTCAACCGAGA,4
AGCACCTCAACGCTTA,4
AGCACCTCAAGACGGA,4
AGCACCTCAAGGTACA,4
AGCACCTCACACAGAA,4
AGCACCTCACAGCAGA,4
AGCACCTCACCTCCAA,4
AGCACCTCACGCTCGA,2
AGCACCTCACGTATCA,2
AGCACCTCACTATGCA,2
AGCACCTCAGAGTCAA,2
AGCACCTCAGATCGCA,2
AGCACCTCAGCAGGAA,4
AGCACCTCAGTCACTA,4
AGCACCTCATCCTGTA,4
AGCACCTCATTGAGGA,4
AGCACCTCCAACCACA,1
AGCACCTCGACTAGTA,1
AGCACCTCCAATGGAA,1
AGCACCTCCACTTCGA,1
AGCACCTCCAGCGTTA,2
AGCACCTCCATACCAA,2
AGCACCTCCCAGTTCA,2
AGCACCTCCCGAAGTA,2
AGCACCTCCCGTGAGA,2
AGCACCTCCCTCCTGA,1
AGCACCTCCGAACTTA,1
AGCACCTCCGACTGGA,1
AGCACCTCCGCATACA,1
AGCACCTCCTCAATGA,1
AGCACCTCCTGAGCCA,1
AGCACCTCCTGGCATA,1
AGCACCTCGAATCTGA,1
AGCACCTCCAAGACTA,1
AGCACCTCGAGCTGAA,1
AGCACCTCGATAGACA,1
AGCACCTCGCCACATA,1
AGCACCTCGCGAGTAA,1
AGCACCTCGCTAACGA,1
AGCACCTCGCTCGGTA,1
AGCACCTCGGAGAACA,1
AGCACCTCGGTGCGAA,1
AGCACCTCGTACGCAA,1
AGCACCTCGTCGTAGA,1
AGCACCTCGTCTGTCA,1
AGCACCTCGTGTTCTA,7
AGCACCTCACATTGGC,4
AGCACCTCTAGGATGA,7
AGCACCTCTATCAGCA,7
AGCACCTCTCCGTCTA,7
AGCACCTCTCTTCACA,7
AGCACCTCTGAAGAGA,7
AGCACCTCTGGAACAA,7
AGCACCTCTGGCTTCA,7
AGCACCTCTGGTGGTA,7
AGCACCTCTTCACGCA,7
AGCACCTCAACTCACC,7
AGCACCTCCAGATCTG,4
AGCACCTCAAGAGATC,7
AGCACCTCAAGGACAC,7
AGCACCTCAATCCGTC,7
AGCACCTCAATGTTGC,7
AGCACCTCACACGACC,7
AGCACCTCACAGATTC,7
AGCACCTCAGATGTAC,4
AGCACCTCAGCACCTC,1
AGCACCTCAGCCATGC,1
AGCACCTCAGGCTAAC,1
AGCACCTCCATCAAGT,4
AGCACCTCATAGCGAC,1
AGCACCTCATCATTCC,1
AGCACCTCATTGGCTC,1
AGCACCTCCAAGGAGC,1
AGCACCTCCACCTTAC,1
AGCACCTCCCATCCTC,1
AGCACCTCCCGACAAC,1
AGCACCTCCCTAATCC,1
AGCACCTCCCTCTATC,1
AGCACCTCCGACACAC,1
AGCACCTCCGCTGATC,1
AGCACCTCCGGATTGC,1
AGCACCTCCTAAGGTC,1
AGCACCTCGAACAGGC,1
AGCACCTCGACAGTGC,1
AGCACCTCGAGTTAGC,1
AGCACCTCGATGAATC,4
AGCACCTCGCCAAGAC,4
AGCACCTCCGGAAGAA,9
AGCACCTCGTGACAAG,9
AGCACCTCGAACCAGA,9
AGATGTACACAAGCTA,4
AGATGTACTTGCTGGA,9
AGATGTACCTGTAGCC,4
AGATGTACAGTACAAG,4
AGATGTACAACAACCA,4
AGATGTACAACCGAGA,4
AGATGTACAACGCTTA,4
AGATGTACAAGACGGA,4
AGATGTACAAGGTACA,4
AGATGTACACACAGAA,4
AGATGTACACAGCAGA,2
AGATGTACACCTCCAA,4
AGATGTACACGCTCGA,2
AGATGTACACGTATCA,2
AGATGTACACTATGCA,2
AGATGTACAGAGTCAA,2
AGATGTACAGATCGCA,2
AGATGTACAGCAGGAA,4
AGATGTACAGTCACTA,4
AGATGTACATCCTGTA,1
AGATGTACATTGAGGA,1
AGATGTACCAACCACA,1
AGATGTACGACTAGTA,1
AGATGTACCAATGGAA,1
AGATGTACCACTTCGA,2
AGATGTACCAGCGTTA,2
AGATGTACCATACCAA,2
AGATGTACCCAGTTCA,4
AGATGTACCCGAAGTA,9
AGATGTACCCGTGAGA,1
AGATGTACCCTCCTGA,1
AGATGTACCGAACTTA,1
AGATGTACCGACTGGA,1
AGATGTACCGCATACA,1
AGATGTACCTCAATGA,1
AGATGTACCTGAGCCA,1
AGATGTACCTGGCATA,1
AGATGTACGAATCTGA,1
AGATGTACCAAGACTA,1
AGATGTACGAGCTGAA,1
AGATGTACGATAGACA,1
AGATGTACGCCACATA,1
AGATGTACGCGAGTAA,1
AGATGTACGCTAACGA,1
AGATGTACGCTCGGTA,1
AGATGTACGGAGAACA,1
AGATGTACGGTGCGAA,1
AGATGTACGTACGCAA,1
AGATGTACGTCGTAGA,1
AGATGTACGTCTGTCA,7
AGATGTACGTGTTCTA,7
AGATGTACACATTGGC,4
AGATGTACTAGGATGA,7
AGATGTACTATCAGCA,7
AGATGTACTCCGTCTA,7
AGATGTACTCTTCACA,7
AGATGTACTGAAGAGA,7
AGATGTACTGGAACAA,7
AGATGTACTGGCTTCA,7
AGATGTACTGGTGGTA,7
AGATGTACTTCACGCA,7
AGATGTACAACTCACC,7
AGATGTACCAGATCTG,4
AGATGTACAAGAGATC,7
AGATGTACAAGGACAC,7
AGATGTACAATCCGTC,7
AGATGTACAATGTTGC,7
AGATGTACACACGACC,7
AGATGTACACAGATTC,4
AGATGTACAGATGTAC,7
AGATGTACAGCACCTC,1
AGATGTACAGCCATGC,5
AGATGTACAGGCTAAC,1
AGATGTACCATCAAGT,4
AGATGTACATAGCGAC,1
AGATGTACATCATTCC,1
AGATGTACATTGGCTC,1
AGATGTACCAAGGAGC,1
AGATGTACCACCTTAC,1
AGATGTACCCATCCTC,1
AGATGTACCCGACAAC,1
AGATGTACCCTAATCC,1
AGATGTACCCTCTATC,1
AGATGTACCGACACAC,1
AGATGTACCGCTGATC,4
AGATGTACCGGATTGC,1
AGATGTACCTAAGGTC,1
AGATGTACGAACAGGC,1
AGATGTACGACAGTGC,1
AGATGTACGAGTTAGC,1
AGATGTACGATGAATC,4
AGATGTACGCCAAGAC,4
AGATGTACCGGAAGAA,9
AGATGTACGTGACAAG,9
AGATGTACGAACCAGA,9
ACAGATTCACAAGCTA,4
ACAGATTCTTGCTGGA,4
ACAGATTCCTGTAGCC,4
ACAGATTCAGTACAAG,4
ACAGATTCAACAACCA,9
ACAGATTCAACCGAGA,4
ACAGATTCAACGCTTA,4
ACAGATTCAAGACGGA,4
ACAGATTCAAGGTACA,4
ACAGATTCACACAGAA,4
ACAGATTCACAGCAGA,2
ACAGATTCACCTCCAA,2
ACAGATTCACGCTCGA,2
ACAGATTCACGTATCA,2
ACAGATTCACTATGCA,2
ACAGATTCAGAGTCAA,2
ACAGATTCAGATCGCA,2
ACAGATTCAGCAGGAA,1
ACAGATTCAGTCACTA,2
ACAGATTCATCCTGTA,1
ACAGATTCATTGAGGA,2
ACAGATTCCAACCACA,1
ACAGATTCGACTAGTA,1
ACAGATTCCAATGGAA,2
ACAGATTCCACTTCGA,2
ACAGATTCCAGCGTTA,1
ACAGATTCCATACCAA,1
ACAGATTCCCAGTTCA,1
ACAGATTCCCGAAGTA,9
ACAGATTCCCGTGAGA,7
ACAGATTCCCTCCTGA,1
ACAGATTCCGAACTTA,1
ACAGATTCCGACTGGA,1
ACAGATTCCGCATACA,1
ACAGATTCCTCAATGA,1
ACAGATTCCTGAGCCA,1
ACAGATTCCTGGCATA,1
ACAGATTCGAATCTGA,1
ACAGATTCCAAGACTA,1
ACAGATTCGAGCTGAA,1
ACAGATTCGATAGACA,1
ACAGATTCACCACTGT,4
ACAGATTCGCCACATA,1
ACAGATTCGCGAGTAA,1
ACAGATTCGCTAACGA,1
ACAGATTCGCTCGGTA,1
ACAGATTCGGAGAACA,1
ACAGATTCGGTGCGAA,1
ACAGATTCGTACGCAA,1
ACAGATTCGTCGTAGA,7
ACAGATTCGTCTGTCA,7
ACAGATTCGTGTTCTA,7
ACAGATTCACATTGGC,4
ACAGATTCTAGGATGA,7
ACAGATTCTATCAGCA,7
ACAGATTCTCCGTCTA,7
ACAGATTCTCTTCACA,7
ACAGATTCTGAAGAGA,7
ACAGATTCTGGAACAA,7
ACAGATTCTGGCTTCA,7
ACAGATTCTGGTGGTA,7
ACAGATTCTTCACGCA,7
ACAGATTCAACTCACC,7
ACAGATTCCAGATCTG,4
ACAGATTCAAGAGATC,7
ACAGATTCAAGGACAC,7
ACAGATTCAATCCGTC,7
ACAGATTCAATGTTGC,7
ACAGATTCACACGACC,7
ACAGATTCACAGATTC,7
ACAGATTCAGATGTAC,1
ACAGATTCAGCACCTC,1
ACAGATTCAGCCATGC,1
ACAGATTCAGGCTAAC,1
ACAGATTCCATCAAGT,9
ACAGATTCATAGCGAC,5
ACAGATTCATCATTCC,1
ACAGATTCATTGGCTC,1
ACAGATTCCAAGGAGC,1
ACAGATTCCACCTTAC,1
ACAGATTCCCATCCTC,1
ACAGATTCCCGACAAC,1
ACAGATTCCCTAATCC,1
ACAGATTCCCTCTATC,1
ACAGATTCCGACACAC,1
ACAGATTCCGCTGATC,4
ACAGATTCCGGATTGC,1
ACAGATTCCTAAGGTC,1
ACAGATTCGAACAGGC,1
ACAGATTCGACAGTGC,1
ACAGATTCGAGTTAGC,4
ACAGATTCGATGAATC,4
ACAGATTCGCCAAGAC,4
ACAGATTCCGGAAGAA,9
ACAGATTCGTGACAAG,9
ACAGATTCGAACCAGA,9
ACACGACCACAAGCTA,4
ACACGACCTTGCTGGA,9
ACACGACCCTGTAGCC,4
ACACGACCAGTACAAG,4
ACACGACCAACAACCA,4
ACACGACCAACCGAGA,4
ACACGACCAACGCTTA,4
ACACGACCAAGACGGA,4
ACACGACCAAGGTACA,4
ACACGACCACACAGAA,4
ACACGACCACAGCAGA,2
ACACGACCACCTCCAA,2
ACACGACCACGCTCGA,2
ACACGACCACGTATCA,2
ACACGACCACTATGCA,2
ACACGACCAGAGTCAA,2
ACACGACCAGATCGCA,2
ACACGACCAGCAGGAA,4
ACACGACCAGTCACTA,1
ACACGACCATCCTGTA,1
ACACGACCATTGAGGA,1
ACACGACCCAACCACA,1
ACACGACCGACTAGTA,1
ACACGACCCAATGGAA,4
ACACGACCCACTTCGA,4
ACACGACCCAGCGTTA,1
ACACGACCCATACCAA,1
ACACGACCCCAGTTCA,1
ACACGACCCCGAAGTA,1
ACACGACCCCGTGAGA,1
ACACGACCCCTCCTGA,1
ACACGACCCGAACTTA,1
ACACGACCCGACTGGA,1
ACACGACCCGCATACA,1
ACACGACCCTCAATGA,4
ACACGACCCTGAGCCA,1
ACACGACCCTGGCATA,1
ACACGACCGAATCTGA,1
ACACGACCCAAGACTA,1
ACACGACCGAGCTGAA,1
ACACGACCGATAGACA,1
ACACGACCACCACTGT,4
ACACGACCGCCACATA,1
ACACGACCGCGAGTAA,1
ACACGACCGCTAACGA,1
ACACGACCGCTCGGTA,7
ACACGACCGGAGAACA,7
ACACGACCGGTGCGAA,7
ACACGACCGTACGCAA,7
ACACGACCGTCGTAGA,7
ACACGACCGTCTGTCA,7
ACACGACCGTGTTCTA,7
ACACGACCACATTGGC,9
ACACGACCTAGGATGA,7
ACACGACCTATCAGCA,7
ACACGACCTCCGTCTA,7
ACACGACCTCTTCACA,7
ACACGACCTGAAGAGA,7
ACACGACCTGGAACAA,7
ACACGACCTGGCTTCA,7
ACACGACCTGGTGGTA,7
ACACGACCTTCACGCA,7
ACACGACCAACTCACC,7
ACACGACCCAGATCTG,4
ACACGACCAAGAGATC,7
ACACGACCAAGGACAC,7
ACACGACCAATCCGTC,7
ACACGACCAATGTTGC,7
ACACGACCACACGACC,7
ACACGACCACAGATTC,7
ACACGACCAGATGTAC,7
ACACGACCAGCACCTC,7
ACACGACCAGCCATGC,8
ACACGACCAGGCTAAC,1
ACACGACCCATCAAGT,4
ACACGACCATAGCGAC,1
ACACGACCATCATTCC,1
ACACGACCATTGGCTC,1
ACACGACCCAAGGAGC,1
ACACGACCCACCTTAC,1
ACACGACCCCATCCTC,1
ACACGACCCCGACAAC,1
ACACGACCCCTAATCC,1
ACACGACCCCTCTATC,1
ACACGACCCGACACAC,1
ACACGACCCGCTGATC,4
ACACGACCCGGATTGC,1
ACACGACCCTAAGGTC,1
ACACGACCGAACAGGC,1
ACACGACCGACAGTGC,1
ACACGACCGAGTTAGC,1
ACACGACCGATGAATC,4
ACACGACCGCCAAGAC,4
ACACGACCCGGAAGAA,9
ACACGACCGTGACAAG,9
ACACGACCGAACCAGA,9
AATGTTGCACAAGCTA,4
AATGTTGCTTGCTGGA,4
AATGTTGCCTGTAGCC,4
AATGTTGCAGTACAAG,4
AATGTTGCAACAACCA,4
AATGTTGCAACCGAGA,4
AATGTTGCAACGCTTA,4
AATGTTGCAAGACGGA,2
AATGTTGCAAGGTACA,2
AATGTTGCACACAGAA,2
AATGTTGCACAGCAGA,2
AATGTTGCACCTCCAA,2
AATGTTGCACGCTCGA,2
AATGTTGCACGTATCA,2
AATGTTGCACTATGCA,2
AATGTTGCAGAGTCAA,2
AATGTTGCAGATCGCA,4
AATGTTGCAGCAGGAA,4
AATGTTGCAGTCACTA,1
AATGTTGCATCCTGTA,1
AATGTTGCATTGAGGA,1
AATGTTGCATGCCTAA,4
AATGTTGCCAACCACA,1
AATGTTGCGACTAGTA,4
AATGTTGCCAATGGAA,1
AATGTTGCCACTTCGA,4
AATGTTGCCAGCGTTA,2
AATGTTGCCATACCAA,1
AATGTTGCCCAGTTCA,4
AATGTTGCCCGAAGTA,1
AATGTTGCCCGTGAGA,1
AATGTTGCCCTCCTGA,1
AATGTTGCCGAACTTA,1
AATGTTGCCGACTGGA,1
AATGTTGCCGCATACA,1
AATGTTGCCTCAATGA,1
AATGTTGCCTGAGCCA,1
AATGTTGCCTGGCATA,1
AATGTTGCGAATCTGA,1
AATGTTGCCAAGACTA,1
AATGTTGCGAGCTGAA,1
AATGTTGCGATAGACA,1
AATGTTGCACCACTGT,4
AATGTTGCGCCACATA,1
AATGTTGCGCGAGTAA,7
AATGTTGCGCTAACGA,7
AATGTTGCGCTCGGTA,7
AATGTTGCGGAGAACA,7
AATGTTGCGGTGCGAA,7
AATGTTGCGTACGCAA,7
AATGTTGCGTCGTAGA,7
AATGTTGCGTCTGTCA,7
AATGTTGCGTGTTCTA,7
AATGTTGCACATTGGC,4
AATGTTGCTAGGATGA,7
AATGTTGCTATCAGCA,7
AATGTTGCTCCGTCTA,7
AATGTTGCTCTTCACA,7
AATGTTGCTGAAGAGA,7
AATGTTGCTGGAACAA,7
AATGTTGCTGGCTTCA,7
AATGTTGCTGGTGGTA,7
AATGTTGCTTCACGCA,7
AATGTTGCAACTCACC,7
AATGTTGCCAGATCTG,4
AATGTTGCAAGAGATC,7
AATGTTGCAAGGACAC,7
AATGTTGCAATCCGTC,7
AATGTTGCAATGTTGC,7
AATGTTGCACACGACC,7
AATGTTGCACAGATTC,7
AATGTTGCAGATGTAC,7
AATGTTGCAGCACCTC,7
AATGTTGCAGCCATGC,7
AATGTTGCAGGCTAAC,7
AATGTTGCCATCAAGT,4
AATGTTGCATAGCGAC,1
AATGTTGCATCATTCC,1
AATGTTGCATTGGCTC,1
AATGTTGCCAAGGAGC,1
AATGTTGCCACCTTAC,1
AATGTTGCCCATCCTC,1
AATGTTGCCCGACAAC,1
AATGTTGCCCTAATCC,1
AATGTTGCCCTCTATC,1
AATGTTGCCGACACAC,1
AATGTTGCCGCTGATC,4
AATGTTGCCGGATTGC,1
AATGTTGCCTAAGGTC,1
AATGTTGCGAACAGGC,1
AATGTTGCGACAGTGC,1
AATGTTGCGAGTTAGC,1
AATGTTGCGATGAATC,4
AATGTTGCGCCAAGAC,5
AATGTTGCCGGAAGAA,9
AATGTTGCGTGACAAG,9
AATGTTGCGAACCAGA,9
AATCCGTCAACGTGAT,4
AATCCGTCACAAGCTA,4
AATCCGTCTTGCTGGA,9
AATCCGTCCTGTAGCC,4
AATCCGTCAGTACAAG,4
AATCCGTCAACAACCA,4
AATCCGTCAACCGAGA,4
AATCCGTCAACGCTTA,4
AATCCGTCAAGACGGA,2
AATCCGTCAAGGTACA,2
AATCCGTCACACAGAA,2
AATCCGTCACAGCAGA,2
AATCCGTCAAACATCG,4
AATCCGTCACCTCCAA,2
AATCCGTCACGCTCGA,2
AATCCGTCACGTATCA,4
AATCCGTCACTATGCA,4
AATCCGTCAGAGTCAA,4
AATCCGTCAGATCGCA,4
AATCCGTCAGCAGGAA,4
AATCCGTCAGTCACTA,4
AATCCGTCATCCTGTA,1
AATCCGTCATTGAGGA,1
AATCCGTCATGCCTAA,4
AATCCGTCCAACCACA,1
AATCCGTCGACTAGTA,4
AATCCGTCCAATGGAA,4
AATCCGTCCACTTCGA,2
AATCCGTCCAGCGTTA,1
AATCCGTCCATACCAA,1
AATCCGTCCCAGTTCA,1
AATCCGTCCCGAAGTA,1
AATCCGTCCCGTGAGA,1
AATCCGTCCCTCCTGA,1
AATCCGTCCGAACTTA,1
AATCCGTCCGACTGGA,1
AATCCGTCCGCATACA,1
AATCCGTCCTCAATGA,1
AATCCGTCCTGAGCCA,1
AATCCGTCCTGGCATA,1
AATCCGTCGAATCTGA,1
AATCCGTCCAAGACTA,1
AATCCGTCGAGCTGAA,1
AATCCGTCGATAGACA,7
AATCCGTCACCACTGT,4
AATCCGTCGCCACATA,7
AATCCGTCGCGAGTAA,7
AATCCGTCGCTAACGA,7
AATCCGTCGCTCGGTA,7
AATCCGTCGGAGAACA,7
AATCCGTCGGTGCGAA,7
AATCCGTCGTACGCAA,7
AATCCGTCGTCGTAGA,7
AATCCGTCGTCTGTCA,7
AATCCGTCGTGTTCTA,7
AATCCGTCACATTGGC,4
AATCCGTCTAGGATGA,7
AATCCGTCTATCAGCA,7
AATCCGTCTCCGTCTA,7
AATCCGTCTCTTCACA,7
AATCCGTCTGAAGAGA,7
AATCCGTCTGGAACAA,7
AATCCGTCTGGCTTCA,7
AATCCGTCTGGTGGTA,7
AATCCGTCTTCACGCA,7
AATCCGTCAACTCACC,7
AATCCGTCCAGATCTG,4
AATCCGTCAAGAGATC,7
AATCCGTCAAGGACAC,7
AATCCGTCAATCCGTC,7
AATCCGTCAATGTTGC,7
AATCCGTCACACGACC,7
AATCCGTCACAGATTC,7
AATCCGTCAGATGTAC,7
AATCCGTCAGCACCTC,7
AATCCGTCAGCCATGC,7
AATCCGTCAGGCTAAC,7
AATCCGTCCATCAAGT,2
AATCCGTCATAGCGAC,7
AATCCGTCATCATTCC,1
AATCCGTCATTGGCTC,1
AATCCGTCCAAGGAGC,1
AATCCGTCCACCTTAC,1
AATCCGTCCCATCCTC,1
AATCCGTCCCGACAAC,1
AATCCGTCCCTAATCC,1
AATCCGTCCCTCTATC,1
AATCCGTCCGACACAC,1
AATCCGTCCGCTGATC,4
AATCCGTCCGGATTGC,1
AATCCGTCCTAAGGTC,1
AATCCGTCGAACAGGC,1
AATCCGTCGACAGTGC,1
AATCCGTCGAGTTAGC,5
AATCCGTCGATGAATC,5
AATCCGTCGCCAAGAC,4
AATCCGTCCGGAAGAA,9
AATCCGTCGTGACAAG,9
AATCCGTCGAACCAGA,9
GAACCAGATTGCTGGA,4
GAACCAGAAGTCACTA,4
GAACCAGAATCCTGTA,4
GAACCAGAATTGAGGA,4
GAACCAGACAACCACA,4
GAACCAGAGACTAGTA,4
GAACCAGACAATGGAA,4
GAACCAGACACTTCGA,4
GAACCAGACAGCGTTA,2
GAACCAGACATACCAA,4
GAACCAGACCAGTTCA,4
GAACCAGACCGAAGTA,4
GAACCAGACCGTGAGA,4
GAACCAGACCTCCTGA,4
GAACCAGACGAACTTA,2
GAACCAGACGACTGGA,2
GAACCAGACGCATACA,4
GAACCAGACTCAATGA,2
GAACCAGACTGAGCCA,2
GAACCAGACTGGCATA,4
GAACCAGAGAATCTGA,2
GAACCAGACAAGACTA,2
GAACCAGAGAGCTGAA,2
GAACCAGAGATAGACA,2
GAACCAGAGCCACATA,2
GAACCAGAGCGAGTAA,2
GAACCAGAGCTAACGA,2
GAACCAGAGCTCGGTA,1
GAACCAGAGGAGAACA,1
GAACCAGAGGTGCGAA,1
GAACCAGAGTACGCAA,1
GAACCAGAGTCGTAGA,1
GAACCAGAGTCTGTCA,1
GAACCAGAGTGTTCTA,1
GAACCAGATAGGATGA,2
GAACCAGATATCAGCA,1
GAACCAGATCCGTCTA,3
GAACCAGATCTTCACA,4
GAACCAGATGAAGAGA,1
GAACCAGATGGAACAA,1
GAACCAGATGGCTTCA,1
GAACCAGATGGTGGTA,1
GAACCAGATTCACGCA,3
GAACCAGAAACTCACC,1
GAACCAGAAAGAGATC,1
GAACCAGAAAGGACAC,1
GAACCAGAAATCCGTC,1
GAACCAGAAATGTTGC,1
GAACCAGAACACGACC,1
GAACCAGAACAGATTC,1
GAACCAGAAGATGTAC,1
GAACCAGAAGCACCTC,1
GAACCAGAAGCCATGC,1
GAACCAGAAGGCTAAC,1
GAACCAGAATAGCGAC,1
GAACCAGAATCATTCC,1
GAACCAGAATTGGCTC,1
GAACCAGACAAGGAGC,1
GAACCAGACACCTTAC,1
GAACCAGACCATCCTC,1
GAACCAGACCGACAAC,1
GAACCAGACCTAATCC,1
GAACCAGACCTCTATC,1
GAACCAGACGACACAC,1
GAACCAGACGGATTGC,1
GAACCAGACTAAGGTC,1
GAACCAGAGAACAGGC,1
GAACCAGAGACAGTGC,1
GAACCAGAGAGTTAGC,1
GAACCAGAGATGAATC,9
GAACCAGAGCCAAGAC,9
GAACCAGACGGAAGAA,4
GAACCAGAGTGACAAG,4
GAACCAGAGAACCAGA,4
AAGGACACACAAGCTA,4
AAGGACACTTGCTGGA,9
AAGGACACCTGTAGCC,4
AAGGACACAGTACAAG,4
AAGGACACAACAACCA,4
AAGGACACAACCGAGA,4
AAGGACACAACGCTTA,2
AAGGACACAAGACGGA,2
AAGGACACAAGGTACA,2
AAGGACACACACAGAA,2
AAGGACACACAGCAGA,2
AAGGACACAAACATCG,4
AAGGACACACCTCCAA,2
AAGGACACACGCTCGA,2
AAGGACACACGTATCA,4
AAGGACACACTATGCA,4
AAGGACACAGAGTCAA,4
AAGGACACAGATCGCA,4
AAGGACACAGCAGGAA,1
AAGGACACAGTCACTA,1
AAGGACACATCCTGTA,4
AAGGACACATTGAGGA,4
AAGGACACATGCCTAA,4
AAGGACACCAACCACA,1
AAGGACACGACTAGTA,4
AAGGACACCAATGGAA,4
AAGGACACCACTTCGA,4
AAGGACACCAGCGTTA,1
AAGGACACCATACCAA,1
AAGGACACCCAGTTCA,1
AAGGACACCCGAAGTA,1
AAGGACACCCGTGAGA,1
AAGGACACCCTCCTGA,1
AAGGACACCGAACTTA,1
AAGGACACCGACTGGA,1
AAGGACACCGCATACA,1
AAGGACACCTCAATGA,1
AAGGACACCTGAGCCA,1
AAGGACACCTGGCATA,8
AAGGACACGAATCTGA,7
AAGGACACCAAGACTA,7
AAGGACACGAGCTGAA,7
AAGGACACGATAGACA,7
AAGGACACACCACTGT,4
AAGGACACGCCACATA,7
AAGGACACGCGAGTAA,7
AAGGACACGCTAACGA,7
AAGGACACGCTCGGTA,7
AAGGACACGGAGAACA,7
AAGGACACGGTGCGAA,7
AAGGACACGTACGCAA,7
AAGGACACGTCGTAGA,7
AAGGACACGTCTGTCA,7
AAGGACACGTGTTCTA,7
AAGGACACACATTGGC,4
AAGGACACTAGGATGA,7
AAGGACACTATCAGCA,7
AAGGACACTCCGTCTA,7
AAGGACACTCTTCACA,7
AAGGACACTGAAGAGA,7
AAGGACACTGGAACAA,7
AAGGACACTGGCTTCA,7
AAGGACACTGGTGGTA,7
AAGGACACTTCACGCA,7
AAGGACACAACTCACC,7
AAGGACACCAGATCTG,4
AAGGACACAAGAGATC,7
AAGGACACAAGGACAC,7
AAGGACACAATCCGTC,7
AAGGACACAATGTTGC,7
AAGGACACACACGACC,7
AAGGACACACAGATTC,7
AAGGACACAGATGTAC,7
AAGGACACAGCACCTC,7
AAGGACACAGCCATGC,7
AAGGACACAGGCTAAC,7
AAGGACACCATCAAGT,2
AAGGACACATAGCGAC,7
AAGGACACATCATTCC,7
AAGGACACATTGGCTC,1
AAGGACACCAAGGAGC,1
AAGGACACCACCTTAC,1
AAGGACACCCATCCTC,1
AAGGACACCCGACAAC,1
AAGGACACCCTAATCC,1
AAGGACACCCTCTATC,1
AAGGACACCGACACAC,1
AAGGACACCGCTGATC,2
AAGGACACCGGATTGC,1
AAGGACACCTAAGGTC,1
AAGGACACGAACAGGC,1
AAGGACACGACAGTGC,1
AAGGACACGAGTTAGC,1
AAGGACACGATGAATC,5
AAGGACACGCCAAGAC,5
AAGGACACCGGAAGAA,9
AAGGACACGTGACAAG,9
AAGGACACGAACCAGA,9
AAGAGATCACAAGCTA,4
AAGAGATCTTGCTGGA,9
AAGAGATCCTGTAGCC,4
AAGAGATCAGTACAAG,4
AAGAGATCAACAACCA,4
AAGAGATCAACCGAGA,4
AAGAGATCAACGCTTA,2
AAGAGATCAAGACGGA,2
AAGAGATCAAGGTACA,2
AAGAGATCACACAGAA,2
AAGAGATCACAGCAGA,2
AAGAGATCAAACATCG,4
AAGAGATCACCTCCAA,2
AAGAGATCACGCTCGA,4
AAGAGATCACGTATCA,4
AAGAGATCACTATGCA,4
AAGAGATCAGAGTCAA,4
AAGAGATCAGATCGCA,1
AAGAGATCAGCAGGAA,1
AAGAGATCAGTCACTA,1
AAGAGATCATCCTGTA,1
AAGAGATCATTGAGGA,4
AAGAGATCCAACCACA,4
AAGAGATCGACTAGTA,1
AAGAGATCCAATGGAA,1
AAGAGATCCACTTCGA,1
AAGAGATCCAGCGTTA,1
AAGAGATCCATACCAA,1
AAGAGATCCCAGTTCA,1
AAGAGATCCCGAAGTA,1
AAGAGATCCCGTGAGA,1
AAGAGATCCCTCCTGA,1
AAGAGATCCGAACTTA,1
AAGAGATCCGACTGGA,1
AAGAGATCCGCATACA,1
AAGAGATCCTCAATGA,1
AAGAGATCCTGAGCCA,1
AAGAGATCCTGGCATA,7
AAGAGATCGAATCTGA,7
AAGAGATCCAAGACTA,7
AAGAGATCGAGCTGAA,9
AAGAGATCGATAGACA,7
AAGAGATCACCACTGT,4
AAGAGATCGCCACATA,7
AAGAGATCGCGAGTAA,7
AAGAGATCGCTAACGA,7
AAGAGATCGCTCGGTA,7
AAGAGATCGGAGAACA,7
AAGAGATCGGTGCGAA,7
AAGAGATCGTACGCAA,7
AAGAGATCGTCGTAGA,7
AAGAGATCGTCTGTCA,7
AAGAGATCGTGTTCTA,7
AAGAGATCACATTGGC,4
AAGAGATCTAGGATGA,1
AAGAGATCTATCAGCA,7
AAGAGATCTCCGTCTA,7
AAGAGATCTCTTCACA,7
AAGAGATCTGAAGAGA,7
AAGAGATCTGGAACAA,7
AAGAGATCTGGCTTCA,7
AAGAGATCTGGTGGTA,7
AAGAGATCTTCACGCA,7
AAGAGATCAACTCACC,7
AAGAGATCCAGATCTG,2
AAGAGATCAAGAGATC,7
AAGAGATCAAGGACAC,7
AAGAGATCAATCCGTC,7
AAGAGATCAATGTTGC,7
AAGAGATCACACGACC,7
AAGAGATCACAGATTC,7
AAGAGATCAGATGTAC,7
AAGAGATCAGCACCTC,7
AAGAGATCAGCCATGC,7
AAGAGATCAGGCTAAC,7
AAGAGATCCATCAAGT,2
AAGAGATCATAGCGAC,7
AAGAGATCATCATTCC,7
AAGAGATCATTGGCTC,7
AAGAGATCCAAGGAGC,1
AAGAGATCCACCTTAC,1
AAGAGATCCCATCCTC,1
AAGAGATCCCGACAAC,1
AAGAGATCCCTAATCC,5
AAGAGATCCCTCTATC,5
AAGAGATCCGACACAC,1
AAGAGATCCGCTGATC,2
AAGAGATCCGGATTGC,1
AAGAGATCCTAAGGTC,1
AAGAGATCGAACAGGC,1
AAGAGATCGACAGTGC,1
AAGAGATCGAGTTAGC,1
AAGAGATCGATGAATC,5
AAGAGATCGCCAAGAC,5
AAGAGATCCGGAAGAA,9
AAGAGATCGTGACAAG,9
AAGAGATCGAACCAGA,9
AACTCACCAACGTGAT,9
AACTCACCACAAGCTA,4
AACTCACCTTGCTGGA,9
AACTCACCCTGTAGCC,4
AACTCACCAGTACAAG,4
AACTCACCAACAACCA,4
AACTCACCAACCGAGA,4
AACTCACCAACGCTTA,2
AACTCACCAAGACGGA,2
AACTCACCAAGGTACA,2
AACTCACCACACAGAA,2
AACTCACCACAGCAGA,2
AACTCACCAAACATCG,4
AACTCACCACCTCCAA,4
AACTCACCACGCTCGA,1
AACTCACCACGTATCA,5
AACTCACCACTATGCA,4
AACTCACCAGAGTCAA,4
AACTCACCAGATCGCA,1
AACTCACCAGCAGGAA,1
AACTCACCAGTCACTA,1
AACTCACCATCCTGTA,4
AACTCACCATTGAGGA,2
AACTCACCATGCCTAA,4
AACTCACCCAACCACA,1
AACTCACCGACTAGTA,1
AACTCACCCAATGGAA,1
AACTCACCCACTTCGA,1
AACTCACCCAGCGTTA,1
AACTCACCCATACCAA,1
AACTCACCCCAGTTCA,1
AACTCACCCCGAAGTA,1
AACTCACCCCGTGAGA,1
AACTCACCCCTCCTGA,1
AACTCACCCGAACTTA,1
AACTCACCCGACTGGA,1
AACTCACCCGCATACA,1
AACTCACCCTCAATGA,1
AACTCACCCTGAGCCA,1
AACTCACCCTGGCATA,7
AACTCACCGAATCTGA,7
AACTCACCCAAGACTA,7
AACTCACCGAGCTGAA,7
AACTCACCGATAGACA,7
AACTCACCACCACTGT,4
AACTCACCGCCACATA,7
AACTCACCGCGAGTAA,7
AACTCACCGCTAACGA,7
AACTCACCGCTCGGTA,7
AACTCACCGGAGAACA,7
AACTCACCGGTGCGAA,7
AACTCACCGTACGCAA,7
AACTCACCGTCGTAGA,7
AACTCACCGTCTGTCA,7
AACTCACCGTGTTCTA,7
AACTCACCACATTGGC,4
AACTCACCTAGGATGA,7
AACTCACCTATCAGCA,7
AACTCACCTCCGTCTA,7
AACTCACCTCTTCACA,7
AACTCACCTGAAGAGA,7
AACTCACCTGGAACAA,7
AACTCACCTGGCTTCA,7
AACTCACCTGGTGGTA,7
AACTCACCTTCACGCA,7
AACTCACCAACTCACC,7
AACTCACCCAGATCTG,4
AACTCACCAAGAGATC,7
AACTCACCAAGGACAC,7
AACTCACCAATCCGTC,7
AACTCACCAATGTTGC,7
AACTCACCACACGACC,7
AACTCACCACAGATTC,7
AACTCACCAGATGTAC,7
AACTCACCAGCACCTC,7
AACTCACCAGCCATGC,7
AACTCACCAGGCTAAC,7
AACTCACCCATCAAGT,4
AACTCACCATAGCGAC,7
AACTCACCATCATTCC,7
AACTCACCATTGGCTC,7
AACTCACCCAAGGAGC,7
AACTCACCCACCTTAC,7
AACTCACCCCATCCTC,1
AACTCACCCCGACAAC,5
AACTCACCCCTAATCC,5
AACTCACCCCTCTATC,5
AACTCACCCGACACAC,1
AACTCACCCGCTGATC,4
AACTCACCCGGATTGC,1
AACTCACCCTAAGGTC,1
AACTCACCGAACAGGC,1
AACTCACCGACAGTGC,1
AACTCACCGAGTTAGC,4
AACTCACCGATGAATC,5
AACTCACCGCCAAGAC,5
AACTCACCCGGAAGAA,9
AACTCACCGTGACAAG,1
AACTCACCGAACCAGA,9
TTCACGCAAACGTGAT,4
TTCACGCAACAAGCTA,4
TTCACGCATTGCTGGA,9
TTCACGCACTGTAGCC,4
TTCACGCAAGTACAAG,2
TTCACGCAAACAACCA,2
TTCACGCAAACCGAGA,2
TTCACGCAAACGCTTA,2
TTCACGCAAAGACGGA,2
TTCACGCAAAGGTACA,2
TTCACGCAACACAGAA,2
TTCACGCAACAGCAGA,4
TTCACGCAAAACATCG,4
TTCACGCAACCTCCAA,4
TTCACGCAACGCTCGA,2
TTCACGCAACGTATCA,2
TTCACGCAACTATGCA,2
TTCACGCAAGAGTCAA,2
TTCACGCAAGATCGCA,2
TTCACGCAAGCAGGAA,1
TTCACGCAAGTCACTA,1
TTCACGCAATCCTGTA,1
TTCACGCAATTGAGGA,1
TTCACGCAATGCCTAA,4
TTCACGCACAACCACA,1
TTCACGCAGACTAGTA,1
TTCACGCACAATGGAA,1
TTCACGCACACTTCGA,1
TTCACGCACAGCGTTA,1
TTCACGCACATACCAA,1
TTCACGCACCAGTTCA,1
TTCACGCACCGAAGTA,1
TTCACGCACCGTGAGA,1
TTCACGCACCTCCTGA,1
TTCACGCACGAACTTA,1
TTCACGCACGACTGGA,1
TTCACGCACGCATACA,1
TTCACGCACTCAATGA,1
TTCACGCACTGAGCCA,7
TTCACGCACTGGCATA,2
TTCACGCAGAATCTGA,7
TTCACGCACAAGACTA,7
TTCACGCAGAGCTGAA,7
TTCACGCAGATAGACA,7
TTCACGCAACCACTGT,4
TTCACGCAGCCACATA,7
TTCACGCAGCGAGTAA,7
TTCACGCAGCTAACGA,7
TTCACGCAGCTCGGTA,7
TTCACGCAGGAGAACA,7
TTCACGCAGGTGCGAA,7
TTCACGCAGTACGCAA,7
TTCACGCAGTCGTAGA,7
TTCACGCAGTCTGTCA,8
TTCACGCAGTGTTCTA,7
TTCACGCAACATTGGC,4
TTCACGCATAGGATGA,7
TTCACGCATATCAGCA,7
TTCACGCATCCGTCTA,7
TTCACGCATCTTCACA,7
TTCACGCATGAAGAGA,7
TTCACGCATGGAACAA,7
TTCACGCATGGCTTCA,7
TTCACGCATGGTGGTA,7
TTCACGCATTCACGCA,7
TTCACGCAAACTCACC,7
TTCACGCACAGATCTG,4
TTCACGCAAAGAGATC,7
TTCACGCAAAGGACAC,7
TTCACGCAAATCCGTC,7
TTCACGCAAATGTTGC,7
TTCACGCAACACGACC,7
TTCACGCAACAGATTC,7
TTCACGCAAGATGTAC,7
TTCACGCAAGCACCTC,7
TTCACGCAAGCCATGC,7
TTCACGCAAGGCTAAC,7
TTCACGCACATCAAGT,4
TTCACGCAATAGCGAC,7
TTCACGCAATCATTCC,7
TTCACGCAATTGGCTC,7
TTCACGCACAAGGAGC,7
TTCACGCACACCTTAC,7
TTCACGCACCATCCTC,7
TTCACGCACCGACAAC,7
TTCACGCACCTAATCC,7
TTCACGCACCTCTATC,1
TTCACGCACGACACAC,1
TTCACGCACGCTGATC,4
TTCACGCACGGATTGC,1
TTCACGCACTAAGGTC,1
TTCACGCAGAACAGGC,1
TTCACGCAGACAGTGC,1
TTCACGCAGAGTTAGC,1
TTCACGCAGATGAATC,1
TTCACGCAGCCAAGAC,4
TTCACGCACGGAAGAA,9
TTCACGCAGTGACAAG,9
TTCACGCAGAACCAGA,9
TGGTGGTAAACGTGAT,4
TGGTGGTAACAAGCTA,4
TGGTGGTATTGCTGGA,9
TGGTGGTACTGTAGCC,4
TGGTGGTAAGTACAAG,2
TGGTGGTAAACAACCA,2
TGGTGGTAAACCGAGA,2
TGGTGGTAAACGCTTA,2
TGGTGGTAAAGACGGA,4
TGGTGGTAAAGGTACA,4
TGGTGGTAACACAGAA,4
TGGTGGTAACAGCAGA,4
TGGTGGTAAAACATCG,4
TGGTGGTAACCTCCAA,1
TGGTGGTAACGCTCGA,2
TGGTGGTAACGTATCA,2
TGGTGGTAACTATGCA,2
TGGTGGTAAGAGTCAA,2
TGGTGGTAAGATCGCA,2
TGGTGGTAAGCAGGAA,4
TGGTGGTAAGTCACTA,1
TGGTGGTAATCCTGTA,1
TGGTGGTAATTGAGGA,1
TGGTGGTAATGCCTAA,4
TGGTGGTACAACCACA,1
TGGTGGTAGACTAGTA,1
TGGTGGTACAATGGAA,1
TGGTGGTACACTTCGA,1
TGGTGGTACAGCGTTA,1
TGGTGGTACATACCAA,1
TGGTGGTACCAGTTCA,1
TGGTGGTACCGAAGTA,1
TGGTGGTACCGTGAGA,1
TGGTGGTACCTCCTGA,1
TGGTGGTACGAACTTA,1
TGGTGGTACGACTGGA,1
TGGTGGTACGCATACA,1
TGGTGGTACTCAATGA,7
TGGTGGTACTGAGCCA,7
TGGTGGTACTGGCATA,7
TGGTGGTAGAATCTGA,7
TGGTGGTACAAGACTA,7
TGGTGGTAGAGCTGAA,7
TGGTGGTAGATAGACA,7
TGGTGGTAACCACTGT,4
TGGTGGTAGCCACATA,7
TGGTGGTAGCGAGTAA,7
TGGTGGTAGCTAACGA,7
TGGTGGTAGCTCGGTA,7
TGGTGGTAGGAGAACA,7
TGGTGGTAGGTGCGAA,8
TGGTGGTAGTACGCAA,7
TGGTGGTAGTCGTAGA,7
TGGTGGTAGTCTGTCA,8
TGGTGGTAGTGTTCTA,8
TGGTGGTAACATTGGC,4
TGGTGGTATAGGATGA,7
TGGTGGTATATCAGCA,7
TGGTGGTATCCGTCTA,7
TGGTGGTATCTTCACA,8
TGGTGGTATGAAGAGA,7
TGGTGGTATGGAACAA,7
TGGTGGTATGGCTTCA,7
TGGTGGTATGGTGGTA,7
TGGTGGTATTCACGCA,7
TGGTGGTAAACTCACC,7
TGGTGGTACAGATCTG,4
TGGTGGTAAAGAGATC,7
TGGTGGTAAAGGACAC,7
TGGTGGTAAATCCGTC,6
TGGTGGTAAATGTTGC,7
TGGTGGTAACACGACC,7
TGGTGGTAACAGATTC,7
TGGTGGTAAGATGTAC,7
TGGTGGTAAGCACCTC,7
TGGTGGTAAGCCATGC,7
TGGTGGTAAGGCTAAC,7
TGGTGGTACATCAAGT,4
TGGTGGTAATAGCGAC,7
TGGTGGTAATCATTCC,7
TGGTGGTAATTGGCTC,7
TGGTGGTACAAGGAGC,7
TGGTGGTACACCTTAC,7
TGGTGGTACCATCCTC,7
TGGTGGTACCGACAAC,7
TGGTGGTACCTAATCC,7
TGGTGGTACCTCTATC,7
TGGTGGTACGACACAC,1
TGGTGGTACGCTGATC,4
TGGTGGTACGGATTGC,1
TGGTGGTACTAAGGTC,1
TGGTGGTAGAACAGGC,1
TGGTGGTAGACAGTGC,1
TGGTGGTAGAGTTAGC,4
TGGTGGTAGATGAATC,1
TGGTGGTAGCCAAGAC,1
TGGTGGTACGGAAGAA,4
TGGTGGTAGTGACAAG,9
TGGTGGTAGAACCAGA,9
TGGCTTCAAACGTGAT,4
TGGCTTCAACAAGCTA,4
TGGCTTCATTGCTGGA,9
TGGCTTCACTGTAGCC,2
TGGCTTCAAGTACAAG,2
TGGCTTCAAACAACCA,2
TGGCTTCAAACCGAGA,2
TGGCTTCAAACGCTTA,2
TGGCTTCAAAGACGGA,4
TGGCTTCAAAGGTACA,4
TGGCTTCAACACAGAA,4
TGGCTTCAACAGCAGA,4
TGGCTTCAAAACATCG,4
TGGCTTCAACCTCCAA,4
TGGCTTCAACGCTCGA,4
TGGCTTCAACGTATCA,4
TGGCTTCAACTATGCA,2
TGGCTTCAAGAGTCAA,2
TGGCTTCAAGATCGCA,4
TGGCTTCAAGCAGGAA,4
TGGCTTCAAGTCACTA,4
TGGCTTCAATCCTGTA,1
TGGCTTCAATTGAGGA,1
TGGCTTCAATGCCTAA,4
TGGCTTCACAACCACA,1
TGGCTTCAGACTAGTA,1
TGGCTTCACAATGGAA,1
TGGCTTCACACTTCGA,1
TGGCTTCACAGCGTTA,1
TGGCTTCACATACCAA,1
TGGCTTCACCAGTTCA,1
TGGCTTCACCGAAGTA,1
TGGCTTCACCGTGAGA,1
TGGCTTCACCTCCTGA,1
TGGCTTCACGAACTTA,1
TGGCTTCACGACTGGA,1
TGGCTTCACGCATACA,7
TGGCTTCACTCAATGA,7
TGGCTTCACTGAGCCA,7
TGGCTTCACTGGCATA,7
TGGCTTCAGAATCTGA,7
TGGCTTCACAAGACTA,7
TGGCTTCAGAGCTGAA,7
TGGCTTCAGATAGACA,7
TGGCTTCAACCACTGT,4
TGGCTTCAGCCACATA,7
TGGCTTCAGCGAGTAA,3
TGGCTTCAGCTAACGA,7
TGGCTTCAGCTCGGTA,3
TGGCTTCAGGAGAACA,8
TGGCTTCAGGTGCGAA,8
TGGCTTCAGTACGCAA,8
TGGCTTCAGTCGTAGA,8
TGGCTTCAGTCTGTCA,8
TGGCTTCAGTGTTCTA,8
TGGCTTCAACATTGGC,4
TGGCTTCATAGGATGA,8
TGGCTTCATATCAGCA,7
TGGCTTCATCCGTCTA,7
TGGCTTCATCTTCACA,7
TGGCTTCATGAAGAGA,7
TGGCTTCATGGAACAA,7
TGGCTTCATGGCTTCA,7
TGGCTTCATGGTGGTA,7
TGGCTTCATTCACGCA,7
TGGCTTCAAACTCACC,7
TGGCTTCACAGATCTG,4
TGGCTTCAAAGAGATC,7
TGGCTTCAAAGGACAC,7
TGGCTTCAAATCCGTC,6
TGGCTTCAAATGTTGC,6
TGGCTTCAACACGACC,6
TGGCTTCAACAGATTC,6
TGGCTTCAAGATGTAC,7
TGGCTTCAAGCACCTC,7
TGGCTTCAAGCCATGC,7
TGGCTTCAAGGCTAAC,7
TGGCTTCACATCAAGT,4
TGGCTTCAATAGCGAC,7
TGGCTTCAATCATTCC,7
TGGCTTCAATTGGCTC,7
TGGCTTCACAAGGAGC,7
TGGCTTCACACCTTAC,7
TGGCTTCACCATCCTC,7
TGGCTTCACCGACAAC,7
TGGCTTCACCTAATCC,7
TGGCTTCACCTCTATC,7
TGGCTTCACGACACAC,7
TGGCTTCACGCTGATC,4
TGGCTTCACGGATTGC,7
TGGCTTCACTAAGGTC,1
TGGCTTCAGAACAGGC,1
TGGCTTCAGACAGTGC,1
TGGCTTCAGAGTTAGC,1
TGGCTTCAGATGAATC,1
TGGCTTCAGCCAAGAC,1
TGGCTTCACGGAAGAA,1
TGGCTTCAGTGACAAG,9
TGGCTTCAGAACCAGA,9
TGGAACAAAACGTGAT,4
TGGAACAAACAAGCTA,2
TGGAACAATTGCTGGA,9
TGGAACAACTGTAGCC,2
TGGAACAAAGTACAAG,2
TGGAACAAAACAACCA,4
TGGAACAAAACCGAGA,2
TGGAACAAAACGCTTA,2
TGGAACAAAAGACGGA,4
TGGAACAAAAGGTACA,4
TGGAACAAACACAGAA,4
TGGAACAAACAGCAGA,4
TGGAACAAAAACATCG,4
TGGAACAAACCTCCAA,4
TGGAACAAACGCTCGA,4
TGGAACAAACGTATCA,4
TGGAACAAACTATGCA,2
TGGAACAAAGAGTCAA,4
TGGAACAAAGATCGCA,4
TGGAACAAAGCAGGAA,4
TGGAACAAAGTCACTA,4
TGGAACAAATCCTGTA,1
TGGAACAAATTGAGGA,1
TGGAACAAATGCCTAA,4
TGGAACAACAACCACA,1
TGGAACAAGACTAGTA,1
TGGAACAACAATGGAA,1
TGGAACAACACTTCGA,1
TGGAACAACAGCGTTA,1
TGGAACAACATACCAA,1
TGGAACAACCAGTTCA,1
TGGAACAACCGAAGTA,1
TGGAACAACCGTGAGA,1
TGGAACAACCTCCTGA,1
TGGAACAAAGTGGTCA,4
TGGAACAACGAACTTA,7
TGGAACAACGACTGGA,7
TGGAACAACGCATACA,7
TGGAACAACTCAATGA,7
TGGAACAACTGAGCCA,7
TGGAACAACTGGCATA,7
TGGAACAAGAATCTGA,7
TGGAACAACAAGACTA,8
TGGAACAAGAGCTGAA,7
TGGAACAAGATAGACA,3
TGGAACAAACCACTGT,4
TGGAACAAGCCACATA,7
TGGAACAAGCGAGTAA,7
TGGAACAAGCTAACGA,3
TGGAACAAGCTCGGTA,8
TGGAACAAGGAGAACA,8
TGGAACAAGGTGCGAA,8
TGGAACAAGTACGCAA,8
TGGAACAAGTCGTAGA,8
TGGAACAAGTCTGTCA,8
TGGAACAAGTGTTCTA,8
TGGAACAAACATTGGC,4
TGGAACAATAGGATGA,1
TGGAACAATATCAGCA,8
TGGAACAATCCGTCTA,7
TGGAACAATCTTCACA,7
TGGAACAATGAAGAGA,7
TGGAACAATGGAACAA,7
TGGAACAATGGCTTCA,7
TGGAACAATGGTGGTA,7
TGGAACAATTCACGCA,7
TGGAACAAAACTCACC,7
TGGAACAACAGATCTG,4
TGGAACAAAAGAGATC,7
TGGAACAAAAGGACAC,7
TGGAACAAAATCCGTC,6
TGGAACAAAATGTTGC,6
TGGAACAAACACGACC,6
TGGAACAAACAGATTC,6
TGGAACAAAGATGTAC,6
TGGAACAAAGCACCTC,7
TGGAACAAAGCCATGC,7
TGGAACAAAGGCTAAC,7
TGGAACAACATCAAGT,4
TGGAACAAATAGCGAC,7
TGGAACAAATCATTCC,7
TGGAACAAATTGGCTC,7
TGGAACAACAAGGAGC,7
TGGAACAACACCTTAC,7
TGGAACAACCATCCTC,7
TGGAACAACCGACAAC,7
TGGAACAACCTAATCC,7
TGGAACAACCTCTATC,7
TGGAACAACGACACAC,7
TGGAACAACGCTGATC,2
TGGAACAACGGATTGC,7
TGGAACAACTAAGGTC,7
TGGAACAAGAACAGGC,1
TGGAACAAGACAGTGC,7
TGGAACAAGAGTTAGC,7
TGGAACAAGATGAATC,1
TGGAACAAGCCAAGAC,7
TGGAACAACGGAAGAA,1
TGGAACAAGTGACAAG,1
TGGAACAAGAACCAGA,9
TGAAGAGAAACGTGAT,4
TGAAGAGAACAAGCTA,2
TGAAGAGATTGCTGGA,9
TGAAGAGACTGTAGCC,2
TGAAGAGAAGTACAAG,2
TGAAGAGAAACAACCA,2
TGAAGAGAAACCGAGA,2
TGAAGAGAAACGCTTA,2
TGAAGAGAAAGACGGA,4
TGAAGAGAAAGGTACA,4
TGAAGAGAACACAGAA,4
TGAAGAGAACAGCAGA,4
TGAAGAGAAAACATCG,4
TGAAGAGAACCTCCAA,9
TGAAGAGAACGCTCGA,4
TGAAGAGAACGTATCA,4
TGAAGAGAACTATGCA,4
TGAAGAGAAGAGTCAA,4
TGAAGAGAAGATCGCA,4
TGAAGAGAAGCAGGAA,1
TGAAGAGAAGTCACTA,4
TGAAGAGAATCCTGTA,1
TGAAGAGAATTGAGGA,1
TGAAGAGAATGCCTAA,4
TGAAGAGACAACCACA,1
TGAAGAGAGACTAGTA,1
TGAAGAGACAATGGAA,1
TGAAGAGACACTTCGA,1
TGAAGAGACAGCGTTA,1
TGAAGAGACATACCAA,1
TGAAGAGACCAGTTCA,3
TGAAGAGACCGAAGTA,1
TGAAGAGACCGTGAGA,1
TGAAGAGACCTCCTGA,7
TGAAGAGACGAACTTA,7
TGAAGAGACGACTGGA,7
TGAAGAGACGCATACA,7
TGAAGAGACTCAATGA,7
TGAAGAGACTGAGCCA,7
TGAAGAGACTGGCATA,7
TGAAGAGAGAATCTGA,7
TGAAGAGACAAGACTA,4
TGAAGAGAGAGCTGAA,8
TGAAGAGAGATAGACA,7
TGAAGAGAACCACTGT,4
TGAAGAGAGCCACATA,8
TGAAGAGAGCGAGTAA,8
TGAAGAGAGCTAACGA,3
TGAAGAGAGCTCGGTA,3
TGAAGAGAGGAGAACA,8
TGAAGAGAGGTGCGAA,8
TGAAGAGAGTACGCAA,8
TGAAGAGAGTCGTAGA,8
TGAAGAGAGTCTGTCA,8
TGAAGAGAGTGTTCTA,8
TGAAGAGAACATTGGC,4
TGAAGAGATAGGATGA,8
TGAAGAGATATCAGCA,8
TGAAGAGATCCGTCTA,7
TGAAGAGATCTTCACA,7
TGAAGAGATGAAGAGA,8
TGAAGAGATGGAACAA,1
TGAAGAGATGGCTTCA,7
TGAAGAGATGGTGGTA,7
TGAAGAGATTCACGCA,7
TGAAGAGAAACTCACC,7
TGAAGAGACAGATCTG,4
TGAAGAGAAAGAGATC,7
TGAAGAGAAAGGACAC,7
TGAAGAGAAATCCGTC,7
TGAAGAGAAATGTTGC,6
TGAAGAGAACACGACC,6
TGAAGAGAACAGATTC,6
TGAAGAGAAGATGTAC,6
TGAAGAGAAGCACCTC,6
TGAAGAGAAGCCATGC,6
TGAAGAGAAGGCTAAC,7
TGAAGAGACATCAAGT,2
TGAAGAGAATAGCGAC,7
TGAAGAGAATCATTCC,7
TGAAGAGAATTGGCTC,7
TGAAGAGACAAGGAGC,7
TGAAGAGACACCTTAC,7
TGAAGAGACCATCCTC,7
TGAAGAGACCGACAAC,7
TGAAGAGACCTAATCC,7
TGAAGAGACCTCTATC,7
TGAAGAGACGACACAC,7
TGAAGAGACGCTGATC,2
TGAAGAGACGGATTGC,7
TGAAGAGACTAAGGTC,7
TGAAGAGAGAACAGGC,7
TGAAGAGAGACAGTGC,7
TGAAGAGAGAGTTAGC,7
TGAAGAGAGATGAATC,7
TGAAGAGAGCCAAGAC,7
TGAAGAGACGGAAGAA,7
TGAAGAGAGTGACAAG,7
TGAAGAGAGAACCAGA,7
TCTTCACAAACGTGAT,4
TCTTCACAACAAGCTA,2
TCTTCACATTGCTGGA,7
TCTTCACACTGTAGCC,2
TCTTCACAAGTACAAG,2
TCTTCACAAACAACCA,2
TCTTCACAAACCGAGA,2
TCTTCACAAACGCTTA,2
TCTTCACAAAGACGGA,4
TCTTCACAAAGGTACA,4
TCTTCACAACACAGAA,4
TCTTCACAACAGCAGA,4
TCTTCACAAAACATCG,4
TCTTCACAACCTCCAA,4
TCTTCACAACGCTCGA,4
TCTTCACAACGTATCA,4
TCTTCACAACTATGCA,1
TCTTCACAAGAGTCAA,1
TCTTCACAAGATCGCA,4
TCTTCACAAGCAGGAA,1
TCTTCACAAGTCACTA,1
TCTTCACAATCCTGTA,1
TCTTCACAATTGAGGA,1
TCTTCACAATGCCTAA,1
TCTTCACACAACCACA,1
TCTTCACAGACTAGTA,1
TCTTCACACAATGGAA,1
TCTTCACACACTTCGA,1
TCTTCACACAGCGTTA,1
TCTTCACACATACCAA,3
TCTTCACACCAGTTCA,1
TCTTCACACCGAAGTA,1
TCTTCACACCGTGAGA,7
TCTTCACACCTCCTGA,7
TCTTCACAAGTGGTCA,4
TCTTCACACGAACTTA,7
TCTTCACACGACTGGA,7
TCTTCACACGCATACA,7
TCTTCACACTCAATGA,7
TCTTCACACTGAGCCA,7
TCTTCACACTGGCATA,7
TCTTCACAGAATCTGA,8
TCTTCACACAAGACTA,8
TCTTCACAGAGCTGAA,8
TCTTCACAGATAGACA,8
TCTTCACAACCACTGT,4
TCTTCACAGCCACATA,8
TCTTCACAGCGAGTAA,8
TCTTCACAGCTAACGA,3
TCTTCACAGCTCGGTA,3
TCTTCACAGGAGAACA,3
TCTTCACAGGTGCGAA,8
TCTTCACAGTACGCAA,8
TCTTCACAGTCGTAGA,7
TCTTCACAGTCTGTCA,8
TCTTCACAGTGTTCTA,8
TCTTCACAACATTGGC,4
TCTTCACATAGGATGA,7
TCTTCACATATCAGCA,7
TCTTCACATCCGTCTA,7
TCTTCACATCTTCACA,7
TCTTCACATGAAGAGA,7
TCTTCACATGGAACAA,7
TCTTCACATGGCTTCA,7
TCTTCACATGGTGGTA,7
TCTTCACATTCACGCA,7
TCTTCACAAACTCACC,7
TCTTCACACAGATCTG,2
TCTTCACAAAGAGATC,7
TCTTCACAAAGGACAC,7
TCTTCACAAATCCGTC,7
TCTTCACAAATGTTGC,7
TCTTCACAACACGACC,6
TCTTCACAACAGATTC,6
TCTTCACAAGATGTAC,6
TCTTCACAAGCACCTC,6
TCTTCACAAGCCATGC,6
TCTTCACAAGGCTAAC,6
TCTTCACACATCAAGT,2
TCTTCACAATAGCGAC,6
TCTTCACAATCATTCC,7
TCTTCACAATTGGCTC,7
TCTTCACACAAGGAGC,7
TCTTCACACACCTTAC,7
TCTTCACACCATCCTC,7
TCTTCACACCGACAAC,7
TCTTCACACCTAATCC,7
TCTTCACACCTCTATC,7
TCTTCACACGACACAC,7
TCTTCACACGCTGATC,2
TCTTCACACGGATTGC,7
TCTTCACACTAAGGTC,7
TCTTCACAGAACAGGC,7
TCTTCACAGACAGTGC,7
TCTTCACAGAGTTAGC,7
TCTTCACAGATGAATC,7
TCTTCACAGCCAAGAC,7
TCTTCACACGGAAGAA,7
TCTTCACAGTGACAAG,7
TCTTCACAGAACCAGA,7
TCCGTCTAAACGTGAT,4
TCCGTCTAACAAGCTA,2
TCCGTCTATTGCTGGA,7
TCCGTCTACTGTAGCC,2
TCCGTCTAAGTACAAG,2
TCCGTCTAAACAACCA,2
TCCGTCTAAACCGAGA,2
TCCGTCTAAACGCTTA,4
TCCGTCTAAAGACGGA,4
TCCGTCTAAAGGTACA,4
TCCGTCTAACACAGAA,4
TCCGTCTAACAGCAGA,4
TCCGTCTAAAACATCG,4
TCCGTCTAACCTCCAA,4
TCCGTCTAACGCTCGA,4
TCCGTCTAACGTATCA,4
TCCGTCTAACTATGCA,2
TCCGTCTAAGAGTCAA,4
TCCGTCTAAGATCGCA,4
TCCGTCTAAGCAGGAA,1
TCCGTCTAAGTCACTA,1
TCCGTCTAATCCTGTA,1
TCCGTCTAATTGAGGA,1
TCCGTCTAATGCCTAA,4
TCCGTCTACAACCACA,1
TCCGTCTAGACTAGTA,1
TCCGTCTACAATGGAA,1
TCCGTCTACACTTCGA,1
TCCGTCTACAGCGTTA,1
TCCGTCTACATACCAA,1
TCCGTCTACCAGTTCA,1
TCCGTCTACCGAAGTA,7
TCCGTCTACCGTGAGA,7
TCCGTCTACCTCCTGA,7
TCCGTCTAAGTGGTCA,4
TCCGTCTACGAACTTA,7
TCCGTCTACGACTGGA,7
TCCGTCTACGCATACA,7
TCCGTCTACTCAATGA,7
TCCGTCTACTGAGCCA,8
TCCGTCTACTGGCATA,8
TCCGTCTAGAATCTGA,8
TCCGTCTACAAGACTA,8
TCCGTCTAGAGCTGAA,8
TCCGTCTAGATAGACA,8
TCCGTCTAACCACTGT,4
TCCGTCTAGCCACATA,8
TCCGTCTAGCGAGTAA,8
TCCGTCTAGCTAACGA,8
TCCGTCTAGCTCGGTA,3
TCCGTCTAGGAGAACA,8
TCCGTCTAGGTGCGAA,7
TCCGTCTAGTACGCAA,7
TCCGTCTAGTCGTAGA,7
TCCGTCTAGTCTGTCA,7
TCCGTCTAGTGTTCTA,8
TCCGTCTAACATTGGC,4
TCCGTCTATAGGATGA,8
TCCGTCTATATCAGCA,7
TCCGTCTATCCGTCTA,7
TCCGTCTATCTTCACA,7
TCCGTCTATGAAGAGA,7
TCCGTCTATGGAACAA,7
TCCGTCTATGGCTTCA,7
TCCGTCTATGGTGGTA,7
TCCGTCTATTCACGCA,7
TCCGTCTAAACTCACC,7
TCCGTCTACAGATCTG,2
TCCGTCTAAAGAGATC,7
TCCGTCTAAAGGACAC,7
TCCGTCTAAATCCGTC,7
TCCGTCTAAATGTTGC,7
TCCGTCTAACACGACC,6
TCCGTCTAACAGATTC,7
TCCGTCTAAGATGTAC,7
TCCGTCTAAGCACCTC,6
TCCGTCTAAGCCATGC,6
TCCGTCTAAGGCTAAC,6
TCCGTCTACATCAAGT,2
TCCGTCTAATAGCGAC,6
TCCGTCTAATCATTCC,6
TCCGTCTAATTGGCTC,7
TCCGTCTACAAGGAGC,7
TCCGTCTACACCTTAC,7
TCCGTCTACCATCCTC,7
TCCGTCTACCGACAAC,7
TCCGTCTACCTAATCC,7
TCCGTCTACCTCTATC,7
TCCGTCTACGACACAC,7
TCCGTCTACGCTGATC,2
TCCGTCTACGGATTGC,7
TCCGTCTACTAAGGTC,7
TCCGTCTAGAACAGGC,7
TCCGTCTAGACAGTGC,7
TCCGTCTAGAGTTAGC,7
TCCGTCTAGATGAATC,7
TCCGTCTAGCCAAGAC,7
TCCGTCTACGGAAGAA,7
TCCGTCTAGTGACAAG,7
TCCGTCTAGAACCAGA,7
GTGACAAGTTGCTGGA,4
GTGACAAGAGATCGCA,4
GTGACAAGAGCAGGAA,4
GTGACAAGAGTCACTA,4
GTGACAAGATCCTGTA,4
GTGACAAGATTGAGGA,4
GTGACAAGCAACCACA,4
GTGACAAGGACTAGTA,4
GTGACAAGCAATGGAA,4
GTGACAAGCACTTCGA,4
GTGACAAGCAGCGTTA,4
GTGACAAGCATACCAA,4
GTGACAAGCCAGTTCA,4
GTGACAAGCCGAAGTA,4
GTGACAAGCCGTGAGA,4
GTGACAAGCCTCCTGA,4
GTGACAAGCGAACTTA,2
GTGACAAGCGACTGGA,2
GTGACAAGCGCATACA,4
GTGACAAGCTCAATGA,4
GTGACAAGCTGAGCCA,2
GTGACAAGCTGGCATA,4
GTGACAAGGAATCTGA,2
GTGACAAGCAAGACTA,2
GTGACAAGGAGCTGAA,2
GTGACAAGGATAGACA,2
GTGACAAGGCCACATA,2
GTGACAAGGCGAGTAA,2
GTGACAAGGCTAACGA,2
GTGACAAGGCTCGGTA,2
GTGACAAGGGAGAACA,1
GTGACAAGGGTGCGAA,1
GTGACAAGGTACGCAA,1
GTGACAAGGTCGTAGA,1
GTGACAAGGTCTGTCA,1
GTGACAAGGTGTTCTA,1
GTGACAAGTAGGATGA,1
GTGACAAGTATCAGCA,1
GTGACAAGTCCGTCTA,2
GTGACAAGTCTTCACA,2
GTGACAAGTGAAGAGA,4
GTGACAAGTGGAACAA,1
GTGACAAGTGGCTTCA,1
GTGACAAGTGGTGGTA,1
GTGACAAGTTCACGCA,1
GTGACAAGAACTCACC,1
GTGACAAGAAGAGATC,1
GTGACAAGAAGGACAC,1
GTGACAAGAATCCGTC,1
GTGACAAGAATGTTGC,1
GTGACAAGACACGACC,1
GTGACAAGACAGATTC,1
GTGACAAGAGATGTAC,1
GTGACAAGAGCACCTC,1
GTGACAAGAGCCATGC,1
GTGACAAGAGGCTAAC,1
GTGACAAGATAGCGAC,1
GTGACAAGATCATTCC,1
GTGACAAGATTGGCTC,1
GTGACAAGCAAGGAGC,1
GTGACAAGCACCTTAC,1
GTGACAAGCCATCCTC,1
GTGACAAGCCGACAAC,4
GTGACAAGCCTAATCC,1
GTGACAAGCCTCTATC,1
GTGACAAGCGACACAC,1
GTGACAAGCGGATTGC,1
GTGACAAGCTAAGGTC,1
GTGACAAGGAACAGGC,1
GTGACAAGGACAGTGC,1
GTGACAAGGAGTTAGC,1
GTGACAAGGATGAATC,9
GTGACAAGGCCAAGAC,9
GTGACAAGCGGAAGAA,9
GTGACAAGGTGACAAG,4
GTGACAAGGAACCAGA,4
TATCAGCAAACGTGAT,4
TATCAGCAACAAGCTA,2
TATCAGCATTGCTGGA,7
TATCAGCACTGTAGCC,2
TATCAGCAAGTACAAG,2
TATCAGCAAACAACCA,4
TATCAGCAAACCGAGA,4
TATCAGCAAACGCTTA,4
TATCAGCAAAGACGGA,4
TATCAGCAAAGGTACA,4
TATCAGCAACACAGAA,4
TATCAGCAACAGCAGA,4
TATCAGCAAAACATCG,4
TATCAGCAACCTCCAA,2
TATCAGCAACGCTCGA,4
TATCAGCAACGTATCA,4
TATCAGCAACTATGCA,4
TATCAGCAAGAGTCAA,4
TATCAGCAAGATCGCA,4
TATCAGCAAGCAGGAA,4
TATCAGCAAGTCACTA,1
TATCAGCAATCCTGTA,1
TATCAGCAATTGAGGA,1
TATCAGCAATGCCTAA,4
TATCAGCACAACCACA,1
TATCAGCAGACTAGTA,1
TATCAGCACAATGGAA,1
TATCAGCACACTTCGA,1
TATCAGCACAGCGTTA,1
TATCAGCACATACCAA,1
TATCAGCACCAGTTCA,7
TATCAGCACCGAAGTA,7
TATCAGCACCGTGAGA,7
TATCAGCACCTCCTGA,7
TATCAGCAAGTGGTCA,2
TATCAGCACGAACTTA,7
TATCAGCACGACTGGA,7
TATCAGCACGCATACA,7
TATCAGCACTCAATGA,8
TATCAGCACTGAGCCA,3
TATCAGCACTGGCATA,3
TATCAGCAGAATCTGA,3
TATCAGCACAAGACTA,8
TATCAGCAGAGCTGAA,3
TATCAGCAGATAGACA,3
TATCAGCAACCACTGT,4
TATCAGCAGCCACATA,8
TATCAGCAGCGAGTAA,8
TATCAGCAGCTAACGA,3
TATCAGCAGCTCGGTA,3
TATCAGCAGGAGAACA,8
TATCAGCAGGTGCGAA,7
TATCAGCAGTACGCAA,7
TATCAGCAGTCGTAGA,7
TATCAGCAGTCTGTCA,7
TATCAGCAGTGTTCTA,8
TATCAGCAACATTGGC,1
TATCAGCATAGGATGA,1
TATCAGCATATCAGCA,7
TATCAGCATCCGTCTA,7
TATCAGCATCTTCACA,7
TATCAGCATGAAGAGA,7
TATCAGCATGGAACAA,7
TATCAGCATGGCTTCA,7
TATCAGCATGGTGGTA,7
TATCAGCATTCACGCA,7
TATCAGCAAACTCACC,7
TATCAGCACAGATCTG,2
TATCAGCAAAGAGATC,7
TATCAGCAAAGGACAC,7
TATCAGCAAATCCGTC,7
TATCAGCAAATGTTGC,7
TATCAGCAACACGACC,7
TATCAGCAACAGATTC,7
TATCAGCAAGATGTAC,8
TATCAGCAAGCACCTC,8
TATCAGCAAGCCATGC,6
TATCAGCAAGGCTAAC,6
TATCAGCACATCAAGT,2
TATCAGCAATAGCGAC,6
TATCAGCAATCATTCC,6
TATCAGCAATTGGCTC,6
TATCAGCACAAGGAGC,7
TATCAGCACACCTTAC,7
TATCAGCACCATCCTC,7
TATCAGCACCGACAAC,7
TATCAGCACCTAATCC,7
TATCAGCACCTCTATC,7
TATCAGCACGACACAC,7
TATCAGCACGCTGATC,2
TATCAGCACGGATTGC,7
TATCAGCACTAAGGTC,7
TATCAGCAGAACAGGC,7
TATCAGCAGACAGTGC,7
TATCAGCAGAGTTAGC,7
TATCAGCAGATGAATC,7
TATCAGCAGCCAAGAC,7
TATCAGCACGGAAGAA,7
TATCAGCAGTGACAAG,7
TATCAGCAGAACCAGA,7
TAGGATGAAACGTGAT,4
TAGGATGAACAAGCTA,2
TAGGATGATTGCTGGA,7
TAGGATGACTGTAGCC,2
TAGGATGAAGTACAAG,2
TAGGATGAAACAACCA,4
TAGGATGAAACCGAGA,4
TAGGATGAAACGCTTA,4
TAGGATGAAAGACGGA,4
TAGGATGAAAGGTACA,4
TAGGATGAACACAGAA,4
TAGGATGAACAGCAGA,4
TAGGATGAAAACATCG,4
TAGGATGAACCTCCAA,4
TAGGATGAACGCTCGA,4
TAGGATGAACGTATCA,4
TAGGATGAACTATGCA,4
TAGGATGAAGAGTCAA,4
TAGGATGAAGATCGCA,4
TAGGATGAAGCAGGAA,4
TAGGATGAAGTCACTA,1
TAGGATGAATCCTGTA,1
TAGGATGAATTGAGGA,1
TAGGATGAATGCCTAA,4
TAGGATGACAACCACA,1
TAGGATGAGACTAGTA,1
TAGGATGACAATGGAA,1
TAGGATGACACTTCGA,1
TAGGATGACAGCGTTA,1
TAGGATGACATACCAA,1
TAGGATGACCAGTTCA,7
TAGGATGACCGAAGTA,7
TAGGATGACCGTGAGA,7
TAGGATGACCTCCTGA,7
TAGGATGAAGTGGTCA,4
TAGGATGACGAACTTA,7
TAGGATGACGACTGGA,7
TAGGATGACGCATACA,8
TAGGATGACTCAATGA,8
TAGGATGACTGAGCCA,3
TAGGATGACTGGCATA,3
TAGGATGAGAATCTGA,3
TAGGATGACAAGACTA,3
TAGGATGAGAGCTGAA,8
TAGGATGAGATAGACA,3
TAGGATGAACCACTGT,4
TAGGATGAGCCACATA,8
TAGGATGAGCGAGTAA,8
TAGGATGAGCTAACGA,3
TAGGATGAGCTCGGTA,8
TAGGATGAGGAGAACA,8
TAGGATGAGGTGCGAA,7
TAGGATGAGTACGCAA,7
TAGGATGAGTCGTAGA,7
TAGGATGAGTCTGTCA,7
TAGGATGAGTGTTCTA,8
TAGGATGAACATTGGC,2
TAGGATGATAGGATGA,8
TAGGATGATATCAGCA,8
TAGGATGATCCGTCTA,7
TAGGATGATCTTCACA,7
TAGGATGATGAAGAGA,7
TAGGATGATGGAACAA,7
TAGGATGATGGCTTCA,7
TAGGATGATGGTGGTA,7
TAGGATGATTCACGCA,7
TAGGATGAAACTCACC,7
TAGGATGACAGATCTG,2
TAGGATGAAAGAGATC,7
TAGGATGAAAGGACAC,7
TAGGATGAAATCCGTC,7
TAGGATGAAATGTTGC,7
TAGGATGAACACGACC,7
TAGGATGAACAGATTC,7
TAGGATGAAGATGTAC,8
TAGGATGAAGCACCTC,8
TAGGATGAAGCCATGC,8
TAGGATGAAGGCTAAC,6
TAGGATGACATCAAGT,2
TAGGATGAATAGCGAC,6
TAGGATGAATCATTCC,6
TAGGATGAATTGGCTC,6
TAGGATGACAAGGAGC,6
TAGGATGACACCTTAC,7
TAGGATGACCATCCTC,7
TAGGATGACCGACAAC,7
TAGGATGACCTAATCC,7
TAGGATGACCTCTATC,7
TAGGATGACGACACAC,7
TAGGATGACGCTGATC,2
TAGGATGACGGATTGC,7
TAGGATGACTAAGGTC,7
TAGGATGAGAACAGGC,7
TAGGATGAGACAGTGC,7
TAGGATGAGAGTTAGC,7
TAGGATGAGATGAATC,7
TAGGATGAGCCAAGAC,7
TAGGATGACGGAAGAA,7
TAGGATGAGTGACAAG,7
TAGGATGAGAACCAGA,7
GTGTTCTAAACGTGAT,4
GTGTTCTAACAAGCTA,2
GTGTTCTATTGCTGGA,7
GTGTTCTACTGTAGCC,2
GTGTTCTAAGTACAAG,2
GTGTTCTAAACAACCA,4
GTGTTCTAAACCGAGA,9
GTGTTCTAAACGCTTA,9
GTGTTCTAAAGACGGA,4
GTGTTCTAAAGGTACA,4
GTGTTCTAACACAGAA,4
GTGTTCTAACAGCAGA,4
GTGTTCTAAAACATCG,4
GTGTTCTAACCTCCAA,4
GTGTTCTAACGCTCGA,4
GTGTTCTAACGTATCA,4
GTGTTCTAACTATGCA,4
GTGTTCTAAGAGTCAA,4
GTGTTCTAAGATCGCA,4
GTGTTCTAAGCAGGAA,4
GTGTTCTAAGTCACTA,1
GTGTTCTAATCCTGTA,1
GTGTTCTAATTGAGGA,1
GTGTTCTAATGCCTAA,4
GTGTTCTACAACCACA,1
GTGTTCTAGACTAGTA,1
GTGTTCTACAATGGAA,1
GTGTTCTACACTTCGA,1
GTGTTCTACAGCGTTA,1
GTGTTCTACATACCAA,1
GTGTTCTACCAGTTCA,9
GTGTTCTACCGAAGTA,7
GTGTTCTACCGTGAGA,7
GTGTTCTACCTCCTGA,7
GTGTTCTAAGTGGTCA,4
GTGTTCTACGAACTTA,7
GTGTTCTACGACTGGA,3
GTGTTCTACGCATACA,8
GTGTTCTACTCAATGA,3
GTGTTCTACTGAGCCA,3
GTGTTCTACTGGCATA,3
GTGTTCTAGAATCTGA,3
GTGTTCTACAAGACTA,3
GTGTTCTAGAGCTGAA,3
GTGTTCTAGATAGACA,3
GTGTTCTAACCACTGT,1
GTGTTCTAGCCACATA,3
GTGTTCTAGCGAGTAA,3
GTGTTCTAGCTAACGA,3
GTGTTCTAGCTCGGTA,3
GTGTTCTAGGAGAACA,8
GTGTTCTAGGTGCGAA,7
GTGTTCTAGTACGCAA,7
GTGTTCTAGTCGTAGA,7
GTGTTCTAGTCTGTCA,8
GTGTTCTAGTGTTCTA,8
GTGTTCTAACATTGGC,2
GTGTTCTATAGGATGA,8
GTGTTCTATATCAGCA,8
GTGTTCTATCCGTCTA,8
GTGTTCTATCTTCACA,7
GTGTTCTATGAAGAGA,7
GTGTTCTATGGAACAA,7
GTGTTCTATGGCTTCA,7
GTGTTCTATGGTGGTA,7
GTGTTCTATTCACGCA,7
GTGTTCTAAACTCACC,7
GTGTTCTACAGATCTG,2
GTGTTCTAAAGAGATC,7
GTGTTCTAAAGGACAC,7
GTGTTCTAAATCCGTC,7
GTGTTCTAAATGTTGC,7
GTGTTCTAACACGACC,7
GTGTTCTAACAGATTC,7
GTGTTCTAAGATGTAC,8
GTGTTCTAAGCACCTC,8
GTGTTCTAAGCCATGC,6
GTGTTCTAAGGCTAAC,6
GTGTTCTACATCAAGT,2
GTGTTCTAATAGCGAC,6
GTGTTCTAATCATTCC,6
GTGTTCTAATTGGCTC,6
GTGTTCTACAAGGAGC,6
GTGTTCTACACCTTAC,6
GTGTTCTACCATCCTC,7
GTGTTCTACCGACAAC,7
GTGTTCTACCTAATCC,7
GTGTTCTACCTCTATC,7
GTGTTCTACGACACAC,7
GTGTTCTACGCTGATC,2
GTGTTCTACGGATTGC,7
GTGTTCTACTAAGGTC,7
GTGTTCTAGAACAGGC,7
GTGTTCTAGACAGTGC,7
GTGTTCTAGAGTTAGC,7
GTGTTCTAGATGAATC,7
GTGTTCTAGCCAAGAC,7
GTGTTCTACGGAAGAA,7
GTGTTCTAGTGACAAG,7
GTGTTCTAGAACCAGA,7
GTCTGTCAAACGTGAT,4
GTCTGTCAACAAGCTA,2
GTCTGTCATTGCTGGA,7
GTCTGTCACTGTAGCC,2
GTCTGTCAAGTACAAG,4
GTCTGTCAAACAACCA,4
GTCTGTCAAACCGAGA,4
GTCTGTCAAACGCTTA,9
GTCTGTCAAAGACGGA,4
GTCTGTCAAAGGTACA,4
GTCTGTCAACACAGAA,4
GTCTGTCAACAGCAGA,4
GTCTGTCAAAACATCG,2
GTCTGTCAACCTCCAA,1
GTCTGTCAACGCTCGA,4
GTCTGTCAACGTATCA,4
GTCTGTCAACTATGCA,1
GTCTGTCAAGAGTCAA,1
GTCTGTCAAGATCGCA,4
GTCTGTCAAGCAGGAA,1
GTCTGTCAAGTCACTA,1
GTCTGTCAATCCTGTA,1
GTCTGTCAATTGAGGA,1
GTCTGTCAATGCCTAA,4
GTCTGTCACAACCACA,1
GTCTGTCAGACTAGTA,1
GTCTGTCACAATGGAA,1
GTCTGTCACACTTCGA,1
GTCTGTCACAGCGTTA,1
GTCTGTCACATACCAA,1
GTCTGTCACCAGTTCA,7
GTCTGTCACCGAAGTA,7
GTCTGTCACCGTGAGA,7
GTCTGTCACCTCCTGA,7
GTCTGTCAAGTGGTCA,4
GTCTGTCACGAACTTA,8
GTCTGTCACGACTGGA,8
GTCTGTCACGCATACA,3
GTCTGTCACTCAATGA,3
GTCTGTCACTGAGCCA,3
GTCTGTCACTGGCATA,3
GTCTGTCAGAATCTGA,3
GTCTGTCACAAGACTA,3
GTCTGTCAGAGCTGAA,3
GTCTGTCAGATAGACA,3
GTCTGTCAACCACTGT,2
GTCTGTCAGCCACATA,3
GTCTGTCAGCGAGTAA,3
GTCTGTCAGCTAACGA,3
GTCTGTCAGCTCGGTA,8
GTCTGTCAGGAGAACA,8
GTCTGTCAGGTGCGAA,8
GTCTGTCAGTACGCAA,7
GTCTGTCAGTCGTAGA,7
GTCTGTCAGTCTGTCA,1
GTCTGTCAGTGTTCTA,8
GTCTGTCAACATTGGC,2
GTCTGTCATAGGATGA,8
GTCTGTCATATCAGCA,8
GTCTGTCATCCGTCTA,8
GTCTGTCATCTTCACA,8
GTCTGTCATGAAGAGA,8
GTCTGTCATGGAACAA,7
GTCTGTCATGGCTTCA,7
GTCTGTCATGGTGGTA,7
GTCTGTCATTCACGCA,7
GTCTGTCAAACTCACC,7
GTCTGTCACAGATCTG,2
GTCTGTCAAAGAGATC,7
GTCTGTCAAAGGACAC,7
GTCTGTCAAATCCGTC,7
GTCTGTCAAATGTTGC,7
GTCTGTCAACACGACC,7
GTCTGTCAACAGATTC,7
GTCTGTCAAGATGTAC,8
GTCTGTCAAGCACCTC,8
GTCTGTCAAGCCATGC,8
GTCTGTCAAGGCTAAC,8
GTCTGTCACATCAAGT,1
GTCTGTCAATAGCGAC,7
GTCTGTCAATCATTCC,6
GTCTGTCAATTGGCTC,6
GTCTGTCACAAGGAGC,6
GTCTGTCACACCTTAC,6
GTCTGTCACCATCCTC,6
GTCTGTCACCGACAAC,7
GTCTGTCACCTAATCC,7
GTCTGTCACCTCTATC,7
GTCTGTCACGACACAC,7
GTCTGTCACGCTGATC,2
GTCTGTCACGGATTGC,7
GTCTGTCACTAAGGTC,7
GTCTGTCAGAACAGGC,7
GTCTGTCAGACAGTGC,7
GTCTGTCAGAGTTAGC,7
GTCTGTCAGATGAATC,7
GTCTGTCAGCCAAGAC,7
GTCTGTCACGGAAGAA,7
GTCTGTCAGTGACAAG,7
GTCTGTCAGAACCAGA,7
GTCGTAGAAACGTGAT,4
GTCGTAGAACAAGCTA,2
GTCGTAGATTGCTGGA,7
GTCGTAGACTGTAGCC,2
GTCGTAGAAGTACAAG,2
GTCGTAGAAACAACCA,4
GTCGTAGAAACCGAGA,4
GTCGTAGAAACGCTTA,4
GTCGTAGAAAGACGGA,4
GTCGTAGAAAGGTACA,4
GTCGTAGAACACAGAA,4
GTCGTAGAACAGCAGA,4
GTCGTAGAAAACATCG,4
GTCGTAGAACCTCCAA,5
GTCGTAGAACGCTCGA,4
GTCGTAGAACGTATCA,1
GTCGTAGAACTATGCA,1
GTCGTAGAAGAGTCAA,1
GTCGTAGAAGATCGCA,4
GTCGTAGAAGCAGGAA,1
GTCGTAGAAGTCACTA,1
GTCGTAGAATCCTGTA,1
GTCGTAGAATTGAGGA,1
GTCGTAGAATGCCTAA,4
GTCGTAGACAACCACA,1
GTCGTAGAGACTAGTA,4
GTCGTAGACAATGGAA,1
GTCGTAGACACTTCGA,1
GTCGTAGACAGCGTTA,1
GTCGTAGACATACCAA,7
GTCGTAGACCAGTTCA,7
GTCGTAGACCGAAGTA,7
GTCGTAGACCGTGAGA,7
GTCGTAGACCTCCTGA,3
GTCGTAGAAGTGGTCA,4
GTCGTAGACGAACTTA,8
GTCGTAGACGACTGGA,3
GTCGTAGACGCATACA,3
GTCGTAGACTCAATGA,3
GTCGTAGACTGAGCCA,3
GTCGTAGACTGGCATA,3
GTCGTAGAGAATCTGA,3
GTCGTAGACAAGACTA,3
GTCGTAGAGAGCTGAA,3
GTCGTAGAGATAGACA,3
GTCGTAGAACCACTGT,2
GTCGTAGAGCCACATA,3
GTCGTAGAGCGAGTAA,5
GTCGTAGAGCTAACGA,3
GTCGTAGAGCTCGGTA,3
GTCGTAGAGGAGAACA,8
GTCGTAGAGGTGCGAA,8
GTCGTAGAGTACGCAA,8
GTCGTAGAGTCGTAGA,8
GTCGTAGAGTCTGTCA,3
GTCGTAGAGTGTTCTA,3
GTCGTAGAACATTGGC,2
GTCGTAGATAGGATGA,3
GTCGTAGATATCAGCA,3
GTCGTAGATCCGTCTA,8
GTCGTAGATCTTCACA,8
GTCGTAGATGAAGAGA,8
GTCGTAGATGGAACAA,7
GTCGTAGATGGCTTCA,8
GTCGTAGATGGTGGTA,7
GTCGTAGATTCACGCA,8
GTCGTAGAAACTCACC,8
GTCGTAGACAGATCTG,2
GTCGTAGAAAGAGATC,8
GTCGTAGAAAGGACAC,7
GTCGTAGAAATCCGTC,7
GTCGTAGAAATGTTGC,7
GTCGTAGAACACGACC,7
GTCGTAGAACAGATTC,7
GTCGTAGAAGATGTAC,7
GTCGTAGAAGCACCTC,8
GTCGTAGAAGCCATGC,3
GTCGTAGAAGGCTAAC,6
GTCGTAGACATCAAGT,2
GTCGTAGAATAGCGAC,6
GTCGTAGAATCATTCC,6
GTCGTAGAATTGGCTC,6
GTCGTAGACAAGGAGC,6
GTCGTAGACACCTTAC,6
GTCGTAGACCATCCTC,6
GTCGTAGACCGACAAC,7
GTCGTAGACCTAATCC,7
GTCGTAGACCTCTATC,7
GTCGTAGACGACACAC,7
GTCGTAGACGCTGATC,2
GTCGTAGACGGATTGC,7
GTCGTAGACTAAGGTC,7
GTCGTAGAGAACAGGC,7
GTCGTAGAGACAGTGC,7
GTCGTAGAGAGTTAGC,7
GTCGTAGAGATGAATC,7
GTCGTAGAGCCAAGAC,7
GTCGTAGACGGAAGAA,7
GTCGTAGAGTGACAAG,7
GTCGTAGAGAACCAGA,7
GTACGCAAAACGTGAT,4
GTACGCAAACAAGCTA,2
GTACGCAATTGCTGGA,7
GTACGCAACTGTAGCC,2
GTACGCAAAGTACAAG,2
GTACGCAAAACAACCA,4
GTACGCAAAACCGAGA,4
GTACGCAAAACGCTTA,4
GTACGCAAAAGACGGA,4
GTACGCAAAAGGTACA,4
GTACGCAAACACAGAA,4
GTACGCAAACAGCAGA,4
GTACGCAAAAACATCG,4
GTACGCAAACCTCCAA,4
GTACGCAAACGCTCGA,4
GTACGCAAACGTATCA,4
GTACGCAAACTATGCA,4
GTACGCAAAGAGTCAA,4
GTACGCAAAGATCGCA,1
GTACGCAAAGCAGGAA,1
GTACGCAAAGTCACTA,1
GTACGCAAATCCTGTA,1
GTACGCAAATTGAGGA,1
GTACGCAAATGCCTAA,4
GTACGCAACAACCACA,1
GTACGCAAGACTAGTA,1
GTACGCAACAATGGAA,1
GTACGCAACACTTCGA,1
GTACGCAACAGCGTTA,7
GTACGCAACATACCAA,7
GTACGCAACCAGTTCA,7
GTACGCAACCGAAGTA,8
GTACGCAACCGTGAGA,8
GTACGCAACCTCCTGA,3
GTACGCAAAGTGGTCA,4
GTACGCAACGAACTTA,3
GTACGCAACGACTGGA,3
GTACGCAACGCATACA,3
GTACGCAACTCAATGA,3
GTACGCAACTGAGCCA,3
GTACGCAACTGGCATA,3
GTACGCAAGAATCTGA,8
GTACGCAACAAGACTA,3
GTACGCAAGAGCTGAA,3
GTACGCAAGATAGACA,3
GTACGCAAACCACTGT,2
GTACGCAAGCCACATA,3
GTACGCAAGCGAGTAA,3
GTACGCAAGCTAACGA,3
GTACGCAAGCTCGGTA,3
GTACGCAAGGAGAACA,8
GTACGCAAGGTGCGAA,8
GTACGCAAGTACGCAA,8
GTACGCAAGTCGTAGA,3
GTACGCAAGTCTGTCA,3
GTACGCAAGTGTTCTA,3
GTACGCAAACATTGGC,2
GTACGCAATAGGATGA,3
GTACGCAATATCAGCA,8
GTACGCAATCCGTCTA,8
GTACGCAATCTTCACA,8
GTACGCAATGAAGAGA,8
GTACGCAATGGAACAA,8
GTACGCAATGGCTTCA,8
GTACGCAATGGTGGTA,8
GTACGCAATTCACGCA,8
GTACGCAAAACTCACC,8
GTACGCAACAGATCTG,2
GTACGCAAAAGAGATC,8
GTACGCAAAAGGACAC,8
GTACGCAAAATCCGTC,7
GTACGCAAAATGTTGC,7
GTACGCAAACACGACC,7
GTACGCAAACAGATTC,7
GTACGCAAAGATGTAC,7
GTACGCAAAGCACCTC,8
GTACGCAAAGCCATGC,8
GTACGCAAAGGCTAAC,1
GTACGCAACATCAAGT,2
GTACGCAAATAGCGAC,6
GTACGCAAATCATTCC,6
GTACGCAAATTGGCTC,6
GTACGCAACAAGGAGC,6
GTACGCAACACCTTAC,6
GTACGCAACCATCCTC,6
GTACGCAACCGACAAC,7
GTACGCAACCTAATCC,7
GTACGCAACCTCTATC,7
GTACGCAACGACACAC,7
GTACGCAACGCTGATC,2
GTACGCAACGGATTGC,7
GTACGCAACTAAGGTC,7
GTACGCAAGAACAGGC,7
GTACGCAAGACAGTGC,7
GTACGCAAGAGTTAGC,7
GTACGCAAGATGAATC,7
GTACGCAAGCCAAGAC,7
GTACGCAACGGAAGAA,7
GTACGCAAGTGACAAG,7
GTACGCAAGAACCAGA,7
GGTGCGAAAACGTGAT,4
GGTGCGAAACAAGCTA,2
GGTGCGAATTGCTGGA,7
GGTGCGAACTGTAGCC,2
GGTGCGAAAGTACAAG,2
GGTGCGAAAACAACCA,4
GGTGCGAAAACCGAGA,4
GGTGCGAAAACGCTTA,4
GGTGCGAAAAGACGGA,4
GGTGCGAAAAGGTACA,2
GGTGCGAAACACAGAA,2
GGTGCGAAACAGCAGA,4
GGTGCGAAAAACATCG,4
GGTGCGAAACCTCCAA,4
GGTGCGAAACGCTCGA,4
GGTGCGAAACGTATCA,1
GGTGCGAAACTATGCA,1
GGTGCGAAAGAGTCAA,1
GGTGCGAAAGATCGCA,1
GGTGCGAAAGCAGGAA,1
GGTGCGAAAGTCACTA,1
GGTGCGAAATCCTGTA,1
GGTGCGAAATTGAGGA,1
GGTGCGAAATGCCTAA,4
GGTGCGAACAACCACA,1
GGTGCGAAGACTAGTA,1
GGTGCGAACAATGGAA,1
GGTGCGAACACTTCGA,1
GGTGCGAACAGCGTTA,7
GGTGCGAACATACCAA,7
GGTGCGAACCAGTTCA,7
GGTGCGAACCGAAGTA,8
GGTGCGAACCGTGAGA,3
GGTGCGAACCTCCTGA,3
GGTGCGAAAGTGGTCA,2
GGTGCGAACGAACTTA,3
GGTGCGAACGACTGGA,3
GGTGCGAACGCATACA,3
GGTGCGAACTCAATGA,3
GGTGCGAACTGAGCCA,3
GGTGCGAACTGGCATA,3
GGTGCGAAGAATCTGA,3
GGTGCGAACAAGACTA,3
GGTGCGAAGAGCTGAA,8
GGTGCGAAGATAGACA,3
GGTGCGAAACCACTGT,2
GGTGCGAAGCCACATA,3
GGTGCGAAGCGAGTAA,3
GGTGCGAAGCTAACGA,4
GGTGCGAAGCTCGGTA,3
GGTGCGAAGGAGAACA,8
GGTGCGAAGGTGCGAA,8
GGTGCGAAGTACGCAA,8
GGTGCGAAGTCGTAGA,8
GGTGCGAAGTCTGTCA,3
GGTGCGAAGTGTTCTA,3
GGTGCGAAACATTGGC,2
GGTGCGAATAGGATGA,3
GGTGCGAATATCAGCA,8
GGTGCGAATCCGTCTA,8
GGTGCGAATCTTCACA,8
GGTGCGAATGAAGAGA,8
GGTGCGAATGGAACAA,8
GGTGCGAATGGCTTCA,8
GGTGCGAATGGTGGTA,8
GGTGCGAATTCACGCA,8
GGTGCGAAAACTCACC,8
GGTGCGAACAGATCTG,2
GGTGCGAAAAGAGATC,8
GGTGCGAAAAGGACAC,8
GGTGCGAAAATCCGTC,8
GGTGCGAAAATGTTGC,7
GGTGCGAAACACGACC,7
GGTGCGAAACAGATTC,7
GGTGCGAAAGATGTAC,9
GGTGCGAAAGCACCTC,7
GGTGCGAAAGCCATGC,5
GGTGCGAAAGGCTAAC,1
GGTGCGAACATCAAGT,2
GGTGCGAAATAGCGAC,6
GGTGCGAAATCATTCC,6
GGTGCGAAATTGGCTC,6
GGTGCGAACAAGGAGC,6
GGTGCGAACACCTTAC,6
GGTGCGAACCATCCTC,7
GGTGCGAACCGACAAC,7
GGTGCGAACCTAATCC,5
GGTGCGAACCTCTATC,7
GGTGCGAACGACACAC,5
GGTGCGAACGCTGATC,2
GGTGCGAACGGATTGC,7
GGTGCGAACTAAGGTC,7
GGTGCGAAGAACAGGC,7
GGTGCGAAGACAGTGC,7
GGTGCGAAGAGTTAGC,7
GGTGCGAAGATGAATC,7
GGTGCGAAGCCAAGAC,7
GGTGCGAACGGAAGAA,7
GGTGCGAAGTGACAAG,7
GGTGCGAAGAACCAGA,7
GGAGAACAAACGTGAT,2
GGAGAACAACAAGCTA,2
GGAGAACATTGCTGGA,7
GGAGAACACTGTAGCC,2
GGAGAACAAGTACAAG,2
GGAGAACAAACAACCA,4
GGAGAACAAACCGAGA,4
GGAGAACAAACGCTTA,4
GGAGAACAAAGACGGA,4
GGAGAACAAAGGTACA,1
GGAGAACAACACAGAA,1
GGAGAACAACAGCAGA,1
GGAGAACAAAACATCG,4
GGAGAACAACCTCCAA,4
GGAGAACAACGCTCGA,1
GGAGAACAACGTATCA,2
GGAGAACAACTATGCA,1
GGAGAACAAGAGTCAA,1
GGAGAACAAGATCGCA,1
GGAGAACAAGCAGGAA,1
GGAGAACAAGTCACTA,1
GGAGAACAATCCTGTA,1
GGAGAACAATTGAGGA,1
GGAGAACAATGCCTAA,4
GGAGAACACAACCACA,1
GGAGAACAGACTAGTA,1
GGAGAACACAATGGAA,1
GGAGAACACACTTCGA,7
GGAGAACACAGCGTTA,7
GGAGAACACATACCAA,7
GGAGAACACCAGTTCA,8
GGAGAACACCGAAGTA,8
GGAGAACACCGTGAGA,3
GGAGAACACCTCCTGA,3
GGAGAACAAGTGGTCA,4
GGAGAACACGAACTTA,3
GGAGAACACGACTGGA,3
GGAGAACACGCATACA,3
GGAGAACACTCAATGA,1
GGAGAACACTGAGCCA,3
GGAGAACACTGGCATA,3
GGAGAACAGAATCTGA,3
GGAGAACACAAGACTA,3
GGAGAACAGAGCTGAA,3
GGAGAACAGATAGACA,3
GGAGAACAACCACTGT,2
GGAGAACAGCCACATA,3
GGAGAACAGCGAGTAA,3
GGAGAACAGCTAACGA,3
GGAGAACAGCTCGGTA,3
GGAGAACAGGAGAACA,3
GGAGAACAGGTGCGAA,8
GGAGAACAGTACGCAA,7
GGAGAACAGTCGTAGA,3
GGAGAACAGTCTGTCA,3
GGAGAACAGTGTTCTA,7
GGAGAACAACATTGGC,2
GGAGAACATAGGATGA,3
GGAGAACATATCAGCA,3
GGAGAACATCCGTCTA,8
GGAGAACATCTTCACA,8
GGAGAACATGAAGAGA,1
GGAGAACATGGAACAA,8
GGAGAACATGGCTTCA,8
GGAGAACATGGTGGTA,8
GGAGAACATTCACGCA,8
GGAGAACAAACTCACC,8
GGAGAACACAGATCTG,2
GGAGAACAAAGAGATC,8
GGAGAACAAAGGACAC,8
GGAGAACAAATCCGTC,8
GGAGAACAAATGTTGC,8
GGAGAACAACACGACC,8
GGAGAACAACAGATTC,8
GGAGAACAAGATGTAC,8
GGAGAACAAGCACCTC,3
GGAGAACAAGCCATGC,5
GGAGAACAAGGCTAAC,8
GGAGAACACATCAAGT,2
GGAGAACAATAGCGAC,6
GGAGAACAATCATTCC,6
GGAGAACAATTGGCTC,6
GGAGAACACAAGGAGC,6
GGAGAACACACCTTAC,7
GGAGAACACCATCCTC,5
GGAGAACACCGACAAC,5
GGAGAACACCTAATCC,5
GGAGAACACCTCTATC,5
GGAGAACACGACACAC,1
GGAGAACACGCTGATC,2
GGAGAACACGGATTGC,1
GGAGAACACTAAGGTC,7
GGAGAACAGAACAGGC,7
GGAGAACAGACAGTGC,7
GGAGAACAGAGTTAGC,7
GGAGAACAGATGAATC,7
GGAGAACAGCCAAGAC,7
GGAGAACACGGAAGAA,7
GGAGAACAGTGACAAG,7
GGAGAACAGAACCAGA,7
GCTCGGTAAACGTGAT,1
GCTCGGTAACAAGCTA,2
GCTCGGTATTGCTGGA,7
GCTCGGTACTGTAGCC,2
GCTCGGTAAGTACAAG,4
GCTCGGTAAACAACCA,4
GCTCGGTAAACCGAGA,4
GCTCGGTAAACGCTTA,4
GCTCGGTAAAGACGGA,4
GCTCGGTAAAGGTACA,4
GCTCGGTAACACAGAA,4
GCTCGGTAACAGCAGA,1
GCTCGGTAAAACATCG,2
GCTCGGTAACCTCCAA,1
GCTCGGTAACGCTCGA,1
GCTCGGTAACGTATCA,1
GCTCGGTAACTATGCA,1
GCTCGGTAAGAGTCAA,1
GCTCGGTAAGATCGCA,1
GCTCGGTAAGCAGGAA,1
GCTCGGTAAGTCACTA,1
GCTCGGTAATCCTGTA,1
GCTCGGTAATTGAGGA,1
GCTCGGTAATGCCTAA,1
GCTCGGTACAACCACA,1
GCTCGGTAGACTAGTA,4
GCTCGGTACAATGGAA,4
GCTCGGTACACTTCGA,7
GCTCGGTACAGCGTTA,7
GCTCGGTACATACCAA,7
GCTCGGTACCAGTTCA,3
GCTCGGTACCGAAGTA,3
GCTCGGTACCGTGAGA,3
GCTCGGTACCTCCTGA,3
GCTCGGTAAGTGGTCA,4
GCTCGGTACGAACTTA,3
GCTCGGTACGACTGGA,3
GCTCGGTACGCATACA,3
GCTCGGTACTCAATGA,1
GCTCGGTACTGAGCCA,3
GCTCGGTACTGGCATA,3
GCTCGGTAGAATCTGA,8
GCTCGGTACAAGACTA,8
GCTCGGTAGAGCTGAA,3
GCTCGGTAGATAGACA,3
GCTCGGTAACCACTGT,4
GCTCGGTAGCCACATA,3
GCTCGGTAGCGAGTAA,3
GCTCGGTAGCTAACGA,3
GCTCGGTAGCTCGGTA,3
GCTCGGTAGGAGAACA,3
GCTCGGTAGGTGCGAA,4
GCTCGGTAGTACGCAA,3
GCTCGGTAGTCGTAGA,3
GCTCGGTAGTCTGTCA,3
GCTCGGTAGTGTTCTA,3
GCTCGGTAACATTGGC,2
GCTCGGTATAGGATGA,8
GCTCGGTATATCAGCA,8
GCTCGGTATCCGTCTA,3
GCTCGGTATCTTCACA,8
GCTCGGTATGAAGAGA,8
GCTCGGTATGGAACAA,8
GCTCGGTATGGCTTCA,8
GCTCGGTATGGTGGTA,7
GCTCGGTATTCACGCA,8
GCTCGGTAAACTCACC,3
GCTCGGTACAGATCTG,2
GCTCGGTAAAGAGATC,8
GCTCGGTAAAGGACAC,3
GCTCGGTAAATCCGTC,3
GCTCGGTAAATGTTGC,8
GCTCGGTAACACGACC,8
GCTCGGTAACAGATTC,8
GCTCGGTAAGATGTAC,6
GCTCGGTAAGCACCTC,8
GCTCGGTAAGCCATGC,1
GCTCGGTAAGGCTAAC,3
GCTCGGTACATCAAGT,2
GCTCGGTAATAGCGAC,6
GCTCGGTAATCATTCC,6
GCTCGGTAATTGGCTC,6
GCTCGGTACAAGGAGC,6
GCTCGGTACACCTTAC,7
GCTCGGTACCATCCTC,5
GCTCGGTACCGACAAC,5
GCTCGGTACCTAATCC,5
GCTCGGTACCTCTATC,5
GCTCGGTACGACACAC,1
GCTCGGTACGCTGATC,2
GCTCGGTACGGATTGC,5
GCTCGGTACTAAGGTC,5
GCTCGGTAGAACAGGC,5
GCTCGGTAGACAGTGC,5
GCTCGGTAGAGTTAGC,5
GCTCGGTAGATGAATC,5
GCTCGGTAGCCAAGAC,5
GCTCGGTACGGAAGAA,5
GCTCGGTAGTGACAAG,7
GCTCGGTAGAACCAGA,7
GCTAACGAAACGTGAT,4
GCTAACGAACAAGCTA,2
GCTAACGATTGCTGGA,7
GCTAACGACTGTAGCC,2
GCTAACGAAGTACAAG,4
GCTAACGAAACAACCA,4
GCTAACGAAACCGAGA,4
GCTAACGAAACGCTTA,4
GCTAACGAAAGACGGA,4
GCTAACGAAAGGTACA,4
GCTAACGAACACAGAA,4
GCTAACGAACAGCAGA,2
GCTAACGAAAACATCG,4
GCTAACGAACCTCCAA,2
GCTAACGAACGCTCGA,2
GCTAACGAACGTATCA,1
GCTAACGAACTATGCA,1
GCTAACGAAGAGTCAA,1
GCTAACGAAGATCGCA,1
GCTAACGAAGCAGGAA,1
GCTAACGAAGTCACTA,1
GCTAACGAATCCTGTA,1
GCTAACGAATTGAGGA,1
GCTAACGAATGCCTAA,4
GCTAACGACAACCACA,1
GCTAACGAGACTAGTA,4
GCTAACGACAATGGAA,1
GCTAACGACACTTCGA,7
GCTAACGACAGCGTTA,7
GCTAACGACATACCAA,7
GCTAACGACCAGTTCA,8
GCTAACGACCGAAGTA,3
GCTAACGACCGTGAGA,3
GCTAACGACCTCCTGA,3
GCTAACGAAGTGGTCA,4
GCTAACGACGAACTTA,3
GCTAACGACGACTGGA,3
GCTAACGACGCATACA,3
GCTAACGACTCAATGA,3
GCTAACGACTGAGCCA,3
GCTAACGACTGGCATA,3
GCTAACGAGAATCTGA,3
GCTAACGACAAGACTA,3
GCTAACGAGAGCTGAA,3
GCTAACGAGATAGACA,3
GCTAACGAACCACTGT,4
GCTAACGAGCCACATA,3
GCTAACGAGCGAGTAA,3
GCTAACGAGCTAACGA,3
GCTAACGAGCTCGGTA,3
GCTAACGAGGAGAACA,3
GCTAACGAGGTGCGAA,3
GCTAACGAGTACGCAA,3
GCTAACGAGTCGTAGA,1
GCTAACGAGTCTGTCA,3
GCTAACGAGTGTTCTA,8
GCTAACGAACATTGGC,4
GCTAACGATAGGATGA,3
GCTAACGATATCAGCA,1
GCTAACGATCCGTCTA,3
GCTAACGATCTTCACA,8
GCTAACGATGAAGAGA,8
GCTAACGATGGAACAA,8
GCTAACGATGGCTTCA,8
GCTAACGATGGTGGTA,8
GCTAACGATTCACGCA,8
GCTAACGAAACTCACC,3
GCTAACGACAGATCTG,2
GCTAACGAAAGAGATC,3
GCTAACGAAAGGACAC,3
GCTAACGAAATCCGTC,3
GCTAACGAAATGTTGC,3
GCTAACGAACACGACC,8
GCTAACGAACAGATTC,8
GCTAACGAAGATGTAC,8
GCTAACGAAGCACCTC,8
GCTAACGAAGCCATGC,3
GCTAACGAAGGCTAAC,3
GCTAACGACATCAAGT,2
GCTAACGAATAGCGAC,6
GCTAACGAATCATTCC,6
GCTAACGAATTGGCTC,6
GCTAACGACAAGGAGC,6
GCTAACGACACCTTAC,5
GCTAACGACCATCCTC,5
GCTAACGACCGACAAC,5
GCTAACGACCTAATCC,5
GCTAACGACCTCTATC,5
GCTAACGACGACACAC,1
GCTAACGACGCTGATC,2
GCTAACGACGGATTGC,5
GCTAACGACTAAGGTC,5
GCTAACGAGAACAGGC,5
GCTAACGAGACAGTGC,5
GCTAACGAGAGTTAGC,5
GCTAACGAGATGAATC,5
GCTAACGAGCCAAGAC,5
GCTAACGACGGAAGAA,5
GCTAACGAGTGACAAG,5
GCTAACGAGAACCAGA,5
CGGAAGAATTGCTGGA,4
CGGAAGAAAGAGTCAA,4
CGGAAGAAAGATCGCA,4
CGGAAGAAAGCAGGAA,4
CGGAAGAAAGTCACTA,4
CGGAAGAAATCCTGTA,4
CGGAAGAAATTGAGGA,4
CGGAAGAACAACCACA,4
CGGAAGAAGACTAGTA,4
CGGAAGAACAATGGAA,4
CGGAAGAACACTTCGA,2
CGGAAGAACAGCGTTA,4
CGGAAGAACATACCAA,4
CGGAAGAACCAGTTCA,4
CGGAAGAACCGAAGTA,4
CGGAAGAACCGTGAGA,4
CGGAAGAACCTCCTGA,4
CGGAAGAACGAACTTA,1
CGGAAGAACGACTGGA,2
CGGAAGAACGCATACA,4
CGGAAGAACTCAATGA,4
CGGAAGAACTGAGCCA,2
CGGAAGAACTGGCATA,4
CGGAAGAAGAATCTGA,2
CGGAAGAACAAGACTA,2
CGGAAGAAGAGCTGAA,2
CGGAAGAAGATAGACA,2
CGGAAGAAGCCACATA,2
CGGAAGAAGCGAGTAA,2
CGGAAGAAGCTAACGA,2
CGGAAGAAGCTCGGTA,2
CGGAAGAAGGAGAACA,1
CGGAAGAAGGTGCGAA,1
CGGAAGAAGTACGCAA,1
CGGAAGAAGTCGTAGA,1
CGGAAGAAGTCTGTCA,1
CGGAAGAAGTGTTCTA,1
CGGAAGAATAGGATGA,1
CGGAAGAATATCAGCA,1
CGGAAGAATCCGTCTA,1
CGGAAGAATCTTCACA,4
CGGAAGAATGAAGAGA,2
CGGAAGAATGGAACAA,2
CGGAAGAATGGCTTCA,1
CGGAAGAATGGTGGTA,1
CGGAAGAATTCACGCA,1
CGGAAGAAAACTCACC,1
CGGAAGAAAAGAGATC,1
CGGAAGAAAAGGACAC,1
CGGAAGAAAATCCGTC,1
CGGAAGAAAATGTTGC,1
CGGAAGAAACACGACC,1
CGGAAGAAACAGATTC,1
CGGAAGAAAGATGTAC,1
CGGAAGAAAGCACCTC,1
CGGAAGAAAGCCATGC,1
CGGAAGAAAGGCTAAC,1
CGGAAGAAATAGCGAC,1
CGGAAGAAATCATTCC,1
CGGAAGAAATTGGCTC,1
CGGAAGAACAAGGAGC,1
CGGAAGAACACCTTAC,1
CGGAAGAACCATCCTC,1
CGGAAGAACCGACAAC,1
CGGAAGAACCTAATCC,1
CGGAAGAACCTCTATC,1
CGGAAGAACGACACAC,1
CGGAAGAACGGATTGC,1
CGGAAGAACTAAGGTC,1
CGGAAGAAGAACAGGC,1
CGGAAGAAGACAGTGC,1
CGGAAGAAGAGTTAGC,4
CGGAAGAAGATGAATC,9
CGGAAGAAGCCAAGAC,9
CGGAAGAACGGAAGAA,4
CGGAAGAAGTGACAAG,4
CGGAAGAAGAACCAGA,4
GCGAGTAAAACGTGAT,4
GCGAGTAAACAAGCTA,2
GCGAGTAATTGCTGGA,5
GCGAGTAACTGTAGCC,4
GCGAGTAAAGTACAAG,4
GCGAGTAAAACAACCA,4
GCGAGTAAAACCGAGA,4
GCGAGTAAAACGCTTA,4
GCGAGTAAAAGACGGA,4
GCGAGTAAAAGGTACA,4
GCGAGTAAACACAGAA,4
GCGAGTAAACAGCAGA,4
GCGAGTAAAAACATCG,4
GCGAGTAAACCTCCAA,1
GCGAGTAAACGCTCGA,1
GCGAGTAAACGTATCA,1
GCGAGTAAACTATGCA,1
GCGAGTAAAGAGTCAA,1
GCGAGTAAAGATCGCA,1
GCGAGTAAAGCAGGAA,1
GCGAGTAAAGTCACTA,1
GCGAGTAAATCCTGTA,1
GCGAGTAAATTGAGGA,1
GCGAGTAAATGCCTAA,4
GCGAGTAACAACCACA,1
GCGAGTAAGACTAGTA,1
GCGAGTAACAATGGAA,4
GCGAGTAACACTTCGA,7
GCGAGTAACAGCGTTA,7
GCGAGTAACATACCAA,8
GCGAGTAACCAGTTCA,3
GCGAGTAACCGAAGTA,3
GCGAGTAACCGTGAGA,3
GCGAGTAACCTCCTGA,3
GCGAGTAAAGTGGTCA,4
GCGAGTAACGAACTTA,3
GCGAGTAACGACTGGA,3
GCGAGTAACGCATACA,3
GCGAGTAACTCAATGA,3
GCGAGTAACTGAGCCA,3
GCGAGTAACTGGCATA,3
GCGAGTAAGAATCTGA,3
GCGAGTAACAAGACTA,3
GCGAGTAAGAGCTGAA,3
GCGAGTAAGATAGACA,8
GCGAGTAAACCACTGT,4
GCGAGTAAGCCACATA,3
GCGAGTAAGCGAGTAA,3
GCGAGTAAGCTAACGA,3
GCGAGTAAGCTCGGTA,3
GCGAGTAAGGAGAACA,3
GCGAGTAAGGTGCGAA,3
GCGAGTAAGTACGCAA,3
GCGAGTAAGTCGTAGA,3
GCGAGTAAGTCTGTCA,4
GCGAGTAAGTGTTCTA,3
GCGAGTAAACATTGGC,2
GCGAGTAATAGGATGA,3
GCGAGTAATATCAGCA,7
GCGAGTAATCCGTCTA,3
GCGAGTAATCTTCACA,8
GCGAGTAATGAAGAGA,3
GCGAGTAATGGAACAA,8
GCGAGTAATGGCTTCA,8
GCGAGTAATGGTGGTA,8
GCGAGTAATTCACGCA,8
GCGAGTAAAACTCACC,8
GCGAGTAACAGATCTG,2
GCGAGTAAAAGAGATC,8
GCGAGTAAAAGGACAC,1
GCGAGTAAAATCCGTC,3
GCGAGTAAAATGTTGC,8
GCGAGTAAACACGACC,8
GCGAGTAAACAGATTC,8
GCGAGTAAAGATGTAC,8
GCGAGTAAAGCACCTC,8
GCGAGTAAAGCCATGC,8
GCGAGTAAAGGCTAAC,7
GCGAGTAACATCAAGT,2
GCGAGTAAATAGCGAC,6
GCGAGTAAATCATTCC,6
GCGAGTAAATTGGCTC,6
GCGAGTAACAAGGAGC,6
GCGAGTAACACCTTAC,5
GCGAGTAACCATCCTC,5
GCGAGTAACCGACAAC,5
GCGAGTAACCTAATCC,5
GCGAGTAACCTCTATC,5
GCGAGTAACGACACAC,5
GCGAGTAACGCTGATC,2
GCGAGTAACGGATTGC,5
GCGAGTAACTAAGGTC,5
GCGAGTAAGAACAGGC,5
GCGAGTAAGACAGTGC,5
GCGAGTAAGAGTTAGC,5
GCGAGTAAGATGAATC,5
GCGAGTAAGCCAAGAC,5
GCGAGTAACGGAAGAA,5
GCGAGTAAGTGACAAG,5
GCGAGTAAGAACCAGA,5
GCCACATAAACGTGAT,4
GCCACATAACAAGCTA,1
GCCACATATTGCTGGA,5
GCCACATACTGTAGCC,4
GCCACATAAGTACAAG,4
GCCACATAAACAACCA,4
GCCACATAAACCGAGA,4
GCCACATAAACGCTTA,4
GCCACATAAAGACGGA,4
GCCACATAAAGGTACA,4
GCCACATAACACAGAA,2
GCCACATAACAGCAGA,2
GCCACATAAAACATCG,4
GCCACATAACCTCCAA,1
GCCACATAACGCTCGA,1
GCCACATAACGTATCA,1
GCCACATAACTATGCA,1
GCCACATAAGAGTCAA,1
GCCACATAAGATCGCA,1
GCCACATAAGCAGGAA,1
GCCACATAAGTCACTA,1
GCCACATAATCCTGTA,1
GCCACATAATTGAGGA,1
GCCACATAATGCCTAA,4
GCCACATACAACCACA,1
GCCACATAGACTAGTA,1
GCCACATACAATGGAA,7
GCCACATACACTTCGA,7
GCCACATACAGCGTTA,7
GCCACATACATACCAA,1
GCCACATACCAGTTCA,3
GCCACATACCGAAGTA,3
GCCACATACCGTGAGA,3
GCCACATACCTCCTGA,3
GCCACATAAGTGGTCA,4
GCCACATACGAACTTA,3
GCCACATACGACTGGA,3
GCCACATACGCATACA,3
GCCACATACTCAATGA,3
GCCACATACTGAGCCA,3
GCCACATACTGGCATA,3
GCCACATAGAATCTGA,3
GCCACATACAAGACTA,3
GCCACATAGAGCTGAA,3
GCCACATAGATAGACA,3
GCCACATAACCACTGT,4
GCCACATAGCCACATA,3
GCCACATAGCGAGTAA,3
GCCACATAGCTAACGA,3
GCCACATAGCTCGGTA,3
GCCACATAGGAGAACA,3
GCCACATAGGTGCGAA,3
GCCACATAGTACGCAA,3
GCCACATAGTCGTAGA,3
GCCACATAGTCTGTCA,9
GCCACATAGTGTTCTA,7
GCCACATAACATTGGC,4
GCCACATATAGGATGA,3
GCCACATATATCAGCA,3
GCCACATATCCGTCTA,8
GCCACATATCTTCACA,8
GCCACATATGAAGAGA,8
GCCACATATGGAACAA,8
GCCACATATGGCTTCA,3
GCCACATATGGTGGTA,8
GCCACATATTCACGCA,8
GCCACATAAACTCACC,8
GCCACATACAGATCTG,2
GCCACATAAAGAGATC,8
GCCACATAAAGGACAC,8
GCCACATAAATCCGTC,8
GCCACATAAATGTTGC,8
GCCACATAACACGACC,8
GCCACATAACAGATTC,8
GCCACATAAGATGTAC,1
GCCACATAAGCACCTC,8
GCCACATAAGCCATGC,8
GCCACATAAGGCTAAC,7
GCCACATACATCAAGT,2
GCCACATAATAGCGAC,6
GCCACATAATCATTCC,6
GCCACATAATTGGCTC,6
GCCACATACAAGGAGC,6
GCCACATACACCTTAC,7
GCCACATACCATCCTC,5
GCCACATACCGACAAC,5
GCCACATACCTAATCC,5
GCCACATACCTCTATC,5
GCCACATACGACACAC,5
GCCACATACGCTGATC,2
GCCACATACGGATTGC,5
GCCACATACTAAGGTC,5
GCCACATAGAACAGGC,5
GCCACATAGACAGTGC,5
GCCACATAGAGTTAGC,5
GCCACATAGATGAATC,5
GCCACATAGCCAAGAC,5
GCCACATACGGAAGAA,5
GCCACATAGTGACAAG,5
GCCACATAGAACCAGA,7
GATAGACAAACGTGAT,4
GATAGACAACAAGCTA,2
GATAGACATTGCTGGA,5
GATAGACACTGTAGCC,2
GATAGACAAGTACAAG,4
GATAGACAAACAACCA,4
GATAGACAAACCGAGA,4
GATAGACAAACGCTTA,4
GATAGACAAAGACGGA,4
GATAGACAAAGGTACA,2
GATAGACAACACAGAA,2
GATAGACAACAGCAGA,1
GATAGACAAAACATCG,4
GATAGACAACCTCCAA,1
GATAGACAACGCTCGA,1
GATAGACAACGTATCA,1
GATAGACAACTATGCA,1
GATAGACAAGAGTCAA,1
GATAGACAAGATCGCA,1
GATAGACAAGCAGGAA,1
GATAGACAAGTCACTA,1
GATAGACAATCCTGTA,1
GATAGACAATTGAGGA,1
GATAGACAATGCCTAA,4
GATAGACACAACCACA,1
GATAGACAGACTAGTA,1
GATAGACACAATGGAA,7
GATAGACACACTTCGA,7
GATAGACACAGCGTTA,7
GATAGACACATACCAA,7
GATAGACACCAGTTCA,3
GATAGACACCGAAGTA,3
GATAGACACCGTGAGA,3
GATAGACACCTCCTGA,3
GATAGACAAGTGGTCA,4
GATAGACACGAACTTA,3
GATAGACACGACTGGA,3
GATAGACACGCATACA,3
GATAGACACTCAATGA,3
GATAGACACTGAGCCA,3
GATAGACACTGGCATA,3
GATAGACAGAATCTGA,3
GATAGACACAAGACTA,3
GATAGACAGAGCTGAA,3
GATAGACAGATAGACA,3
GATAGACAACCACTGT,2
GATAGACAGCCACATA,3
GATAGACAGCGAGTAA,3
GATAGACAGCTAACGA,3
GATAGACAGCTCGGTA,3
GATAGACAGGAGAACA,3
GATAGACAGGTGCGAA,3
GATAGACAGTACGCAA,3
GATAGACAGTCGTAGA,3
GATAGACAGTCTGTCA,4
GATAGACAGTGTTCTA,3
GATAGACAACATTGGC,2
GATAGACATAGGATGA,5
GATAGACATATCAGCA,3
GATAGACATCCGTCTA,3
GATAGACATCTTCACA,8
GATAGACATGAAGAGA,8
GATAGACATGGAACAA,3
GATAGACATGGCTTCA,3
GATAGACATGGTGGTA,3
GATAGACATTCACGCA,8
GATAGACAAACTCACC,8
GATAGACACAGATCTG,2
GATAGACAAAGAGATC,8
GATAGACAAAGGACAC,8
GATAGACAAATCCGTC,8
GATAGACAAATGTTGC,8
GATAGACAACACGACC,8
GATAGACAACAGATTC,8
GATAGACAAGATGTAC,3
GATAGACAAGCACCTC,1
GATAGACAAGCCATGC,8
GATAGACAAGGCTAAC,6
GATAGACACATCAAGT,2
GATAGACAATAGCGAC,6
GATAGACAATCATTCC,6
GATAGACAATTGGCTC,6
GATAGACACAAGGAGC,6
GATAGACACACCTTAC,5
GATAGACACCATCCTC,5
GATAGACACCGACAAC,5
GATAGACACCTAATCC,5
GATAGACACCTCTATC,5
GATAGACACGACACAC,5
GATAGACACGCTGATC,2
GATAGACACGGATTGC,5
GATAGACACTAAGGTC,5
GATAGACAGAACAGGC,5
GATAGACAGACAGTGC,5
GATAGACAGAGTTAGC,5
GATAGACAGATGAATC,5
GATAGACAGCCAAGAC,5
GATAGACACGGAAGAA,5
GATAGACAGTGACAAG,5
GATAGACAGAACCAGA,5
GAGCTGAAAACGTGAT,4
GAGCTGAAACAAGCTA,2
GAGCTGAATTGCTGGA,5
GAGCTGAACTGTAGCC,2
GAGCTGAAAGTACAAG,4
GAGCTGAAAACAACCA,4
GAGCTGAAAACCGAGA,4
GAGCTGAAAACGCTTA,4
GAGCTGAAAAGACGGA,2
GAGCTGAAAAGGTACA,2
GAGCTGAAACACAGAA,2
GAGCTGAAACAGCAGA,1
GAGCTGAAAAACATCG,4
GAGCTGAAACCTCCAA,1
GAGCTGAAACGCTCGA,1
GAGCTGAAACGTATCA,1
GAGCTGAAACTATGCA,1
GAGCTGAAAGAGTCAA,1
GAGCTGAAAGATCGCA,1
GAGCTGAAAGCAGGAA,1
GAGCTGAAAGTCACTA,1
GAGCTGAAATCCTGTA,1
GAGCTGAAATTGAGGA,1
GAGCTGAAATGCCTAA,4
GAGCTGAACAACCACA,1
GAGCTGAAGACTAGTA,1
GAGCTGAACAATGGAA,7
GAGCTGAACACTTCGA,7
GAGCTGAACAGCGTTA,7
GAGCTGAACATACCAA,8
GAGCTGAACCAGTTCA,3
GAGCTGAACCGAAGTA,3
GAGCTGAACCGTGAGA,3
GAGCTGAACCTCCTGA,3
GAGCTGAAAGTGGTCA,4
GAGCTGAACGAACTTA,3
GAGCTGAACGACTGGA,3
GAGCTGAACGCATACA,3
GAGCTGAACTCAATGA,3
GAGCTGAACTGAGCCA,3
GAGCTGAACTGGCATA,3
GAGCTGAAGAATCTGA,3
GAGCTGAACAAGACTA,3
GAGCTGAAGAGCTGAA,3
GAGCTGAAGATAGACA,3
GAGCTGAAACCACTGT,1
GAGCTGAAGCCACATA,3
GAGCTGAAGCGAGTAA,3
GAGCTGAAGCTAACGA,3
GAGCTGAAGCTCGGTA,3
GAGCTGAAGGAGAACA,3
GAGCTGAAGGTGCGAA,3
GAGCTGAAGTACGCAA,3
GAGCTGAAGTCGTAGA,3
GAGCTGAAGTCTGTCA,3
GAGCTGAAGTGTTCTA,3
GAGCTGAAACATTGGC,2
GAGCTGAATAGGATGA,3
GAGCTGAATATCAGCA,3
GAGCTGAATCCGTCTA,3
GAGCTGAATCTTCACA,3
GAGCTGAATGAAGAGA,3
GAGCTGAATGGAACAA,3
GAGCTGAATGGCTTCA,3
GAGCTGAATGGTGGTA,3
GAGCTGAATTCACGCA,3
GAGCTGAAAACTCACC,8
GAGCTGAACAGATCTG,2
GAGCTGAAAAGAGATC,8
GAGCTGAAAAGGACAC,8
GAGCTGAAAATCCGTC,8
GAGCTGAAAATGTTGC,8
GAGCTGAAACACGACC,8
GAGCTGAAACAGATTC,3
GAGCTGAAAGATGTAC,3
GAGCTGAAAGCACCTC,8
GAGCTGAAAGCCATGC,8
GAGCTGAAAGGCTAAC,6
GAGCTGAACATCAAGT,2
GAGCTGAAATAGCGAC,6
GAGCTGAAATCATTCC,6
GAGCTGAAATTGGCTC,6
GAGCTGAACAAGGAGC,6
GAGCTGAACACCTTAC,5
GAGCTGAACCATCCTC,5
GAGCTGAACCGACAAC,5
GAGCTGAACCTAATCC,5
GAGCTGAACCTCTATC,5
GAGCTGAACGACACAC,5
GAGCTGAACGCTGATC,1
GAGCTGAACGGATTGC,5
GAGCTGAACTAAGGTC,5
GAGCTGAAGAACAGGC,5
GAGCTGAAGACAGTGC,5
GAGCTGAAGAGTTAGC,5
GAGCTGAAGATGAATC,5
GAGCTGAAGCCAAGAC,5
GAGCTGAACGGAAGAA,5
GAGCTGAAGTGACAAG,5
GAGCTGAAGAACCAGA,5
CAAGACTAAACGTGAT,1
CAAGACTAACAAGCTA,2
CAAGACTATTGCTGGA,5
CAAGACTACTGTAGCC,2
CAAGACTAAGTACAAG,2
CAAGACTAAACAACCA,4
CAAGACTAAACCGAGA,4
CAAGACTAAACGCTTA,1
CAAGACTAAAGACGGA,4
CAAGACTAAAGGTACA,2
CAAGACTAACACAGAA,1
CAAGACTAACAGCAGA,1
CAAGACTAAAACATCG,4
CAAGACTAACCTCCAA,1
CAAGACTAACGCTCGA,1
CAAGACTAACGTATCA,1
CAAGACTAACTATGCA,1
CAAGACTAAGAGTCAA,1
CAAGACTAAGATCGCA,1
CAAGACTAAGCAGGAA,1
CAAGACTAAGTCACTA,1
CAAGACTAATCCTGTA,1
CAAGACTAATTGAGGA,1
CAAGACTAATGCCTAA,4
CAAGACTACAACCACA,1
CAAGACTAGACTAGTA,1
CAAGACTACAATGGAA,4
CAAGACTACACTTCGA,7
CAAGACTACAGCGTTA,7
CAAGACTACATACCAA,7
CAAGACTACCAGTTCA,3
CAAGACTACCGAAGTA,3
CAAGACTACCGTGAGA,3
CAAGACTACCTCCTGA,3
CAAGACTAAGTGGTCA,4
CAAGACTACGAACTTA,3
CAAGACTACGACTGGA,3
CAAGACTACGCATACA,3
CAAGACTACTCAATGA,3
CAAGACTACTGAGCCA,3
CAAGACTACTGGCATA,3
CAAGACTAGAATCTGA,3
CAAGACTACAAGACTA,3
CAAGACTAGAGCTGAA,3
CAAGACTAGATAGACA,3
CAAGACTAACCACTGT,2
CAAGACTAGCCACATA,1
CAAGACTAGCGAGTAA,3
CAAGACTAGCTAACGA,3
CAAGACTAGCTCGGTA,3
CAAGACTAGGAGAACA,3
CAAGACTAGGTGCGAA,3
CAAGACTAGTACGCAA,3
CAAGACTAGTCGTAGA,3
CAAGACTAGTCTGTCA,3
CAAGACTAGTGTTCTA,3
CAAGACTAACATTGGC,4
CAAGACTATAGGATGA,3
CAAGACTATATCAGCA,3
CAAGACTATCCGTCTA,3
CAAGACTATCTTCACA,3
CAAGACTATGAAGAGA,3
CAAGACTATGGAACAA,3
CAAGACTATGGCTTCA,3
CAAGACTATGGTGGTA,3
CAAGACTATTCACGCA,3
CAAGACTAAACTCACC,8
CAAGACTACAGATCTG,2
CAAGACTAAAGAGATC,8
CAAGACTAAAGGACAC,1
CAAGACTAAATCCGTC,8
CAAGACTAAATGTTGC,8
CAAGACTAACACGACC,8
CAAGACTAACAGATTC,3
CAAGACTAAGATGTAC,3
CAAGACTAAGCACCTC,8
CAAGACTAAGCCATGC,8
CAAGACTAAGGCTAAC,6
CAAGACTACATCAAGT,2
CAAGACTAATAGCGAC,6
CAAGACTAATCATTCC,6
CAAGACTAATTGGCTC,6
CAAGACTACAAGGAGC,5
CAAGACTACACCTTAC,5
CAAGACTACCATCCTC,5
CAAGACTACCGACAAC,5
CAAGACTACCTAATCC,5
CAAGACTACCTCTATC,5
CAAGACTACGACACAC,5
CAAGACTACGCTGATC,2
CAAGACTACGGATTGC,5
CAAGACTACTAAGGTC,5
CAAGACTAGAACAGGC,5
CAAGACTAGACAGTGC,5
CAAGACTAGAGTTAGC,5
CAAGACTAGATGAATC,5
CAAGACTAGCCAAGAC,5
CAAGACTACGGAAGAA,5
CAAGACTAGTGACAAG,5
CAAGACTAGAACCAGA,5
GAATCTGAAACGTGAT,4
GAATCTGAACAAGCTA,2
GAATCTGATTGCTGGA,5
GAATCTGACTGTAGCC,2
GAATCTGAAGTACAAG,4
GAATCTGAAACAACCA,2
GAATCTGAAACCGAGA,4
GAATCTGAAACGCTTA,4
GAATCTGAAAGACGGA,4
GAATCTGAAAGGTACA,4
GAATCTGAACACAGAA,1
GAATCTGAACAGCAGA,1
GAATCTGAAAACATCG,4
GAATCTGAACCTCCAA,1
GAATCTGAACGCTCGA,4
GAATCTGAACGTATCA,1
GAATCTGAACTATGCA,1
GAATCTGAAGAGTCAA,4
GAATCTGAAGATCGCA,1
GAATCTGAAGCAGGAA,1
GAATCTGAAGTCACTA,1
GAATCTGAATCCTGTA,1
GAATCTGAATTGAGGA,1
GAATCTGAATGCCTAA,4
GAATCTGACAACCACA,1
GAATCTGAGACTAGTA,1
GAATCTGACAATGGAA,9
GAATCTGACACTTCGA,7
GAATCTGACAGCGTTA,7
GAATCTGACATACCAA,8
GAATCTGACCAGTTCA,3
GAATCTGACCGAAGTA,3
GAATCTGACCGTGAGA,3
GAATCTGACCTCCTGA,3
GAATCTGAAGTGGTCA,2
GAATCTGACGAACTTA,3
GAATCTGACGACTGGA,3
GAATCTGACGCATACA,3
GAATCTGACTCAATGA,3
GAATCTGACTGAGCCA,3
GAATCTGACTGGCATA,3
GAATCTGAGAATCTGA,3
GAATCTGACAAGACTA,3
GAATCTGAGAGCTGAA,3
GAATCTGAGATAGACA,3
GAATCTGAACCACTGT,4
GAATCTGAGCCACATA,3
GAATCTGAGCGAGTAA,3
GAATCTGAGCTAACGA,3
GAATCTGAGCTCGGTA,3
GAATCTGAGGAGAACA,8
GAATCTGAGGTGCGAA,8
GAATCTGAGTACGCAA,3
GAATCTGAGTCGTAGA,3
GAATCTGAGTCTGTCA,3
GAATCTGAGTGTTCTA,3
GAATCTGAACATTGGC,2
GAATCTGATAGGATGA,3
GAATCTGATATCAGCA,3
GAATCTGATCCGTCTA,3
GAATCTGATCTTCACA,3
GAATCTGATGAAGAGA,3
GAATCTGATGGAACAA,3
GAATCTGATGGCTTCA,3
GAATCTGATGGTGGTA,3
GAATCTGATTCACGCA,8
GAATCTGAAACTCACC,8
GAATCTGACAGATCTG,2
GAATCTGAAAGAGATC,8
GAATCTGAAAGGACAC,8
GAATCTGAAATCCGTC,8
GAATCTGAAATGTTGC,8
GAATCTGAACACGACC,8
GAATCTGAACAGATTC,1
GAATCTGAAGATGTAC,3
GAATCTGAAGCACCTC,8
GAATCTGAAGCCATGC,8
GAATCTGAAGGCTAAC,6
GAATCTGACATCAAGT,2
GAATCTGAATAGCGAC,6
GAATCTGAATCATTCC,6
GAATCTGAATTGGCTC,6
GAATCTGACAAGGAGC,5
GAATCTGACACCTTAC,5
GAATCTGACCATCCTC,5
GAATCTGACCGACAAC,5
GAATCTGACCTAATCC,5
GAATCTGACCTCTATC,5
GAATCTGACGACACAC,5
GAATCTGACGCTGATC,2
GAATCTGACGGATTGC,5
GAATCTGACTAAGGTC,5
GAATCTGAGAACAGGC,5
GAATCTGAGACAGTGC,5
GAATCTGAGAGTTAGC,5
GAATCTGAGATGAATC,5
GAATCTGAGCCAAGAC,5
GAATCTGACGGAAGAA,5
GAATCTGAGTGACAAG,5
GAATCTGAGAACCAGA,5
CTGGCATAAACGTGAT,4
CTGGCATAACAAGCTA,2
CTGGCATATTGCTGGA,5
CTGGCATACTGTAGCC,2
CTGGCATAAGTACAAG,2
CTGGCATAAACAACCA,4
CTGGCATAAACCGAGA,4
CTGGCATAAACGCTTA,1
CTGGCATAAAGACGGA,4
CTGGCATAAAGGTACA,1
CTGGCATAACACAGAA,1
CTGGCATAACAGCAGA,1
CTGGCATAAAACATCG,4
CTGGCATAACCTCCAA,1
CTGGCATAACGCTCGA,1
CTGGCATAACGTATCA,1
CTGGCATAACTATGCA,1
CTGGCATAAGAGTCAA,1
CTGGCATAAGATCGCA,1
CTGGCATAAGCAGGAA,1
CTGGCATAAGTCACTA,1
CTGGCATAATCCTGTA,1
CTGGCATAATTGAGGA,1
CTGGCATAATGCCTAA,4
CTGGCATACAACCACA,1
CTGGCATAGACTAGTA,1
CTGGCATACAATGGAA,1
CTGGCATACACTTCGA,4
CTGGCATACAGCGTTA,7
CTGGCATACATACCAA,8
CTGGCATACCAGTTCA,8
CTGGCATACCGAAGTA,3
CTGGCATACCGTGAGA,3
CTGGCATACCTCCTGA,3
CTGGCATAAGTGGTCA,4
CTGGCATACGAACTTA,3
CTGGCATACGACTGGA,3
CTGGCATACGCATACA,3
CTGGCATACTCAATGA,3
CTGGCATACTGAGCCA,3
CTGGCATACTGGCATA,3
CTGGCATAGAATCTGA,3
CTGGCATACAAGACTA,3
CTGGCATAGAGCTGAA,3
CTGGCATAGATAGACA,3
CTGGCATAACCACTGT,4
CTGGCATAGCCACATA,3
CTGGCATAGCGAGTAA,3
CTGGCATAGCTAACGA,3
CTGGCATAGCTCGGTA,3
CTGGCATAGGAGAACA,3
CTGGCATAGGTGCGAA,8
CTGGCATAGTACGCAA,8
CTGGCATAGTCGTAGA,3
CTGGCATAGTCTGTCA,3
CTGGCATAGTGTTCTA,3
CTGGCATAACATTGGC,2
CTGGCATATAGGATGA,3
CTGGCATATATCAGCA,3
CTGGCATATCCGTCTA,3
CTGGCATATCTTCACA,3
CTGGCATATGAAGAGA,8
CTGGCATATGGAACAA,8
CTGGCATATGGCTTCA,8
CTGGCATATGGTGGTA,8
CTGGCATATTCACGCA,3
CTGGCATAAACTCACC,8
CTGGCATACAGATCTG,1
CTGGCATAAAGAGATC,8
CTGGCATAAAGGACAC,8
CTGGCATAAATCCGTC,8
CTGGCATAAATGTTGC,8
CTGGCATAACACGACC,8
CTGGCATAACAGATTC,8
CTGGCATAAGATGTAC,3
CTGGCATAAGCACCTC,8
CTGGCATAAGCCATGC,1
CTGGCATAAGGCTAAC,6
CTGGCATACATCAAGT,2
CTGGCATAATAGCGAC,6
CTGGCATAATCATTCC,6
CTGGCATAATTGGCTC,6
CTGGCATACAAGGAGC,5
CTGGCATACACCTTAC,5
CTGGCATACCATCCTC,5
CTGGCATACCGACAAC,5
CTGGCATACCTAATCC,5
CTGGCATACCTCTATC,5
CTGGCATACGACACAC,5
CTGGCATACGCTGATC,2
CTGGCATACGGATTGC,5
CTGGCATACTAAGGTC,5
CTGGCATAGAACAGGC,5
CTGGCATAGACAGTGC,5
CTGGCATAGAGTTAGC,5
CTGGCATAGATGAATC,5
CTGGCATAGCCAAGAC,5
CTGGCATACGGAAGAA,5
CTGGCATAGTGACAAG,5
CTGGCATAGAACCAGA,5
CTGAGCCAAACGTGAT,4
CTGAGCCAACAAGCTA,2
CTGAGCCATTGCTGGA,5
CTGAGCCACTGTAGCC,2
CTGAGCCAAGTACAAG,2
CTGAGCCAAACAACCA,4
CTGAGCCAAACCGAGA,4
CTGAGCCAAACGCTTA,4
CTGAGCCAAAGACGGA,4
CTGAGCCAAAGGTACA,1
CTGAGCCAACACAGAA,1
CTGAGCCAACAGCAGA,1
CTGAGCCAAAACATCG,4
CTGAGCCAACCTCCAA,1
CTGAGCCAACGCTCGA,1
CTGAGCCAACGTATCA,1
CTGAGCCAACTATGCA,1
CTGAGCCAAGAGTCAA,1
CTGAGCCAAGATCGCA,1
CTGAGCCAAGCAGGAA,1
CTGAGCCAAGTCACTA,1
CTGAGCCAATCCTGTA,1
CTGAGCCAATTGAGGA,1
CTGAGCCAATGCCTAA,4
CTGAGCCACAACCACA,1
CTGAGCCAGACTAGTA,1
CTGAGCCACAATGGAA,4
CTGAGCCACACTTCGA,8
CTGAGCCACAGCGTTA,8
CTGAGCCACATACCAA,3
CTGAGCCACCAGTTCA,3
CTGAGCCACCGAAGTA,3
CTGAGCCACCGTGAGA,3
CTGAGCCACCTCCTGA,3
CTGAGCCAAGTGGTCA,4
CTGAGCCACGAACTTA,3
CTGAGCCACGACTGGA,3
CTGAGCCACGCATACA,3
CTGAGCCACTCAATGA,3
CTGAGCCACTGAGCCA,3
CTGAGCCACTGGCATA,3
CTGAGCCAGAATCTGA,3
CTGAGCCACAAGACTA,3
CTGAGCCAGAGCTGAA,3
CTGAGCCAGATAGACA,3
CTGAGCCAACCACTGT,4
CTGAGCCAGCCACATA,3
CTGAGCCAGCGAGTAA,3
CTGAGCCAGCTAACGA,3
CTGAGCCAGCTCGGTA,3
CTGAGCCAGGAGAACA,3
CTGAGCCAGGTGCGAA,3
CTGAGCCAGTACGCAA,3
CTGAGCCAGTCGTAGA,3
CTGAGCCAGTCTGTCA,3
CTGAGCCAGTGTTCTA,3
CTGAGCCAACATTGGC,4
CTGAGCCATAGGATGA,3
CTGAGCCATATCAGCA,3
CTGAGCCATCCGTCTA,8
CTGAGCCATCTTCACA,8
CTGAGCCATGAAGAGA,8
CTGAGCCATGGAACAA,8
CTGAGCCATGGCTTCA,8
CTGAGCCATGGTGGTA,8
CTGAGCCATTCACGCA,3
CTGAGCCAAACTCACC,6
CTGAGCCACAGATCTG,2
CTGAGCCAAAGAGATC,3
CTGAGCCAAAGGACAC,4
CTGAGCCAAATCCGTC,8
CTGAGCCAAATGTTGC,8
CTGAGCCAACACGACC,8
CTGAGCCAACAGATTC,8
CTGAGCCAAGATGTAC,3
CTGAGCCAAGCACCTC,8
CTGAGCCAAGCCATGC,8
CTGAGCCAAGGCTAAC,6
CTGAGCCACATCAAGT,2
CTGAGCCAATAGCGAC,6
CTGAGCCAATCATTCC,6
CTGAGCCAATTGGCTC,6
CTGAGCCACAAGGAGC,5
CTGAGCCACACCTTAC,5
CTGAGCCACCATCCTC,5
CTGAGCCACCGACAAC,5
CTGAGCCACCTAATCC,5
CTGAGCCACCTCTATC,5
CTGAGCCACGACACAC,5
CTGAGCCACGCTGATC,2
CTGAGCCACGGATTGC,5
CTGAGCCACTAAGGTC,5
CTGAGCCAGAACAGGC,5
CTGAGCCAGACAGTGC,5
CTGAGCCAGAGTTAGC,5
CTGAGCCAGATGAATC,5
CTGAGCCAGCCAAGAC,5
CTGAGCCACGGAAGAA,5
CTGAGCCAGTGACAAG,5
CTGAGCCAGAACCAGA,5
CTCAATGAAACGTGAT,4
CTCAATGAACAAGCTA,2
CTCAATGATTGCTGGA,5
CTCAATGACTGTAGCC,2
CTCAATGAAGTACAAG,2
CTCAATGAAACAACCA,4
CTCAATGAAACCGAGA,4
CTCAATGAAACGCTTA,4
CTCAATGAAAGACGGA,4
CTCAATGAAAGGTACA,1
CTCAATGAACACAGAA,1
CTCAATGAACAGCAGA,1
CTCAATGAAAACATCG,4
CTCAATGAACCTCCAA,2
CTCAATGAACGCTCGA,1
CTCAATGAACGTATCA,1
CTCAATGAACTATGCA,1
CTCAATGAAGAGTCAA,1
CTCAATGAAGATCGCA,1
CTCAATGAAGCAGGAA,1
CTCAATGAAGTCACTA,1
CTCAATGAATCCTGTA,1
CTCAATGAATTGAGGA,1
CTCAATGAATGCCTAA,4
CTCAATGACAACCACA,1
CTCAATGAGACTAGTA,1
CTCAATGACAATGGAA,4
CTCAATGACACTTCGA,4
CTCAATGACAGCGTTA,3
CTCAATGACATACCAA,3
CTCAATGACCAGTTCA,3
CTCAATGACCGAAGTA,3
CTCAATGACCGTGAGA,3
CTCAATGACCTCCTGA,3
CTCAATGAAGTGGTCA,4
CTCAATGACGAACTTA,3
CTCAATGACGACTGGA,3
CTCAATGACGCATACA,3
CTCAATGACTCAATGA,3
CTCAATGACTGAGCCA,3
CTCAATGACTGGCATA,3
CTCAATGAGAATCTGA,3
CTCAATGACAAGACTA,3
CTCAATGAGAGCTGAA,3
CTCAATGAGATAGACA,3
CTCAATGAACCACTGT,4
CTCAATGAGCCACATA,4
CTCAATGAGCGAGTAA,3
CTCAATGAGCTAACGA,5
CTCAATGAGCTCGGTA,3
CTCAATGAGGAGAACA,3
CTCAATGAGGTGCGAA,3
CTCAATGAGTACGCAA,3
CTCAATGAGTCGTAGA,3
CTCAATGAGTCTGTCA,1
CTCAATGAGTGTTCTA,3
CTCAATGAACATTGGC,4
CTCAATGATAGGATGA,3
CTCAATGATATCAGCA,8
CTCAATGATCCGTCTA,8
CTCAATGATCTTCACA,8
CTCAATGATGAAGAGA,8
CTCAATGATGGAACAA,8
CTCAATGATGGCTTCA,8
CTCAATGATGGTGGTA,8
CTCAATGATTCACGCA,3
CTCAATGAAACTCACC,1
CTCAATGACAGATCTG,1
CTCAATGAAAGAGATC,8
CTCAATGAAAGGACAC,1
CTCAATGAAATCCGTC,7
CTCAATGAAATGTTGC,3
CTCAATGAACACGACC,8
CTCAATGAACAGATTC,8
CTCAATGAAGATGTAC,8
CTCAATGAAGCACCTC,3
CTCAATGAAGCCATGC,3
CTCAATGAAGGCTAAC,6
CTCAATGACATCAAGT,2
CTCAATGAATAGCGAC,6
CTCAATGAATCATTCC,6
CTCAATGAATTGGCTC,6
CTCAATGACAAGGAGC,5
CTCAATGACACCTTAC,5
CTCAATGACCATCCTC,5
CTCAATGACCGACAAC,5
CTCAATGACCTAATCC,5
CTCAATGACCTCTATC,5
CTCAATGACGACACAC,5
CTCAATGACGCTGATC,2
CTCAATGACGGATTGC,5
CTCAATGACTAAGGTC,5
CTCAATGAGAACAGGC,5
CTCAATGAGACAGTGC,5
CTCAATGAGAGTTAGC,5
CTCAATGAGATGAATC,5
CTCAATGAGCCAAGAC,5
CTCAATGACGGAAGAA,5
CTCAATGAGTGACAAG,5
CTCAATGAGAACCAGA,5
CGCATACAAACGTGAT,4
CGCATACAACAAGCTA,2
CGCATACATTGCTGGA,5
CGCATACACTGTAGCC,2
CGCATACAAGTACAAG,2
CGCATACAAACAACCA,4
CGCATACAAACCGAGA,4
CGCATACAAACGCTTA,4
CGCATACAAAGACGGA,1
CGCATACAAAGGTACA,1
CGCATACAACACAGAA,1
CGCATACAACAGCAGA,1
CGCATACAAAACATCG,2
CGCATACAACCTCCAA,1
CGCATACAACGCTCGA,1
CGCATACAACGTATCA,1
CGCATACAACTATGCA,1
CGCATACAAGAGTCAA,1
CGCATACAAGATCGCA,1
CGCATACAAGCAGGAA,1
CGCATACAAGTCACTA,1
CGCATACAATCCTGTA,1
CGCATACAATTGAGGA,1
CGCATACAATGCCTAA,4
CGCATACACAACCACA,1
CGCATACAGACTAGTA,1
CGCATACACAATGGAA,1
CGCATACACACTTCGA,4
CGCATACACAGCGTTA,3
CGCATACACATACCAA,3
CGCATACACCAGTTCA,3
CGCATACACCGAAGTA,3
CGCATACACCGTGAGA,1
CGCATACACCTCCTGA,3
CGCATACAAGTGGTCA,2
CGCATACACGAACTTA,3
CGCATACACGACTGGA,3
CGCATACACGCATACA,3
CGCATACACTCAATGA,3
CGCATACACTGAGCCA,3
CGCATACACTGGCATA,3
CGCATACAGAATCTGA,3
CGCATACACAAGACTA,3
CGCATACAGAGCTGAA,3
CGCATACAGATAGACA,3
CGCATACAACCACTGT,2
CGCATACAGCCACATA,3
CGCATACAGCGAGTAA,3
CGCATACAGCTAACGA,3
CGCATACAGCTCGGTA,3
CGCATACAGGAGAACA,3
CGCATACAGGTGCGAA,3
CGCATACAGTACGCAA,3
CGCATACAGTCGTAGA,3
CGCATACAGTCTGTCA,3
CGCATACAGTGTTCTA,3
CGCATACAACATTGGC,2
CGCATACATAGGATGA,1
CGCATACATATCAGCA,8
CGCATACATCCGTCTA,8
CGCATACATCTTCACA,8
CGCATACATGAAGAGA,3
CGCATACATGGAACAA,8
CGCATACATGGCTTCA,5
CGCATACATGGTGGTA,8
CGCATACATTCACGCA,8
CGCATACAAACTCACC,8
CGCATACACAGATCTG,2
CGCATACAAAGAGATC,6
CGCATACAAAGGACAC,8
CGCATACAAATCCGTC,5
CGCATACAAATGTTGC,8
CGCATACAACACGACC,3
CGCATACAACAGATTC,3
CGCATACAAGATGTAC,3
CGCATACAAGCACCTC,3
CGCATACAAGCCATGC,8
CGCATACAAGGCTAAC,6
CGCATACACATCAAGT,2
CGCATACAATAGCGAC,6
CGCATACAATCATTCC,6
CGCATACAATTGGCTC,6
CGCATACACAAGGAGC,5
CGCATACACACCTTAC,5
CGCATACACCATCCTC,5
CGCATACACCGACAAC,5
CGCATACACCTAATCC,5
CGCATACACCTCTATC,5
CGCATACACGACACAC,5
CGCATACACGCTGATC,2
CGCATACACGGATTGC,5
CGCATACACTAAGGTC,5
CGCATACAGAACAGGC,5
CGCATACAGACAGTGC,5
CGCATACAGAGTTAGC,5
CGCATACAGATGAATC,5
CGCATACAGCCAAGAC,5
CGCATACACGGAAGAA,5
CGCATACAGTGACAAG,5
CGCATACAGAACCAGA,5
GCCAAGACTTGCTGGA,4
GCCAAGACACTATGCA,4
GCCAAGACAGAGTCAA,4
GCCAAGACAGATCGCA,4
GCCAAGACAGCAGGAA,4
GCCAAGACAGTCACTA,4
GCCAAGACATCCTGTA,4
GCCAAGACATTGAGGA,4
GCCAAGACCAACCACA,4
GCCAAGACGACTAGTA,4
GCCAAGACCAATGGAA,4
GCCAAGACCACTTCGA,4
GCCAAGACCAGCGTTA,2
GCCAAGACCATACCAA,2
GCCAAGACCCAGTTCA,4
GCCAAGACCCGAAGTA,1
GCCAAGACCCGTGAGA,1
GCCAAGACCCTCCTGA,2
GCCAAGACCGAACTTA,2
GCCAAGACCGACTGGA,2
GCCAAGACCGCATACA,2
GCCAAGACCTCAATGA,1
GCCAAGACCTGAGCCA,1
GCCAAGACCTGGCATA,4
GCCAAGACGAATCTGA,2
GCCAAGACCAAGACTA,2
GCCAAGACGAGCTGAA,2
GCCAAGACGATAGACA,1
GCCAAGACGCCACATA,1
GCCAAGACGCGAGTAA,1
GCCAAGACGCTAACGA,1
GCCAAGACGCTCGGTA,1
GCCAAGACGGAGAACA,1
GCCAAGACGGTGCGAA,1
GCCAAGACGTACGCAA,1
GCCAAGACGTCGTAGA,1
GCCAAGACGTCTGTCA,1
GCCAAGACGTGTTCTA,1
GCCAAGACTAGGATGA,1
GCCAAGACTATCAGCA,1
GCCAAGACTCCGTCTA,9
GCCAAGACTCTTCACA,1
GCCAAGACTGAAGAGA,1
GCCAAGACTGGAACAA,1
GCCAAGACTGGCTTCA,1
GCCAAGACTGGTGGTA,1
GCCAAGACTTCACGCA,1
GCCAAGACAACTCACC,1
GCCAAGACAAGAGATC,1
GCCAAGACAAGGACAC,1
GCCAAGACAATCCGTC,1
GCCAAGACAATGTTGC,1
GCCAAGACACACGACC,1
GCCAAGACACAGATTC,1
GCCAAGACAGATGTAC,1
GCCAAGACAGCACCTC,1
GCCAAGACAGCCATGC,1
GCCAAGACAGGCTAAC,1
GCCAAGACATAGCGAC,1
GCCAAGACATCATTCC,1
GCCAAGACATTGGCTC,1
GCCAAGACCAAGGAGC,1
GCCAAGACCACCTTAC,1
GCCAAGACCCATCCTC,1
GCCAAGACCCGACAAC,1
GCCAAGACCCTAATCC,1
GCCAAGACCCTCTATC,1
GCCAAGACCGACACAC,2
GCCAAGACCGGATTGC,2
GCCAAGACCTAAGGTC,2
GCCAAGACGAACAGGC,1
GCCAAGACGACAGTGC,4
GCCAAGACGAGTTAGC,4
GCCAAGACGATGAATC,4
GCCAAGACGCCAAGAC,4
GCCAAGACCGGAAGAA,4
GCCAAGACGTGACAAG,4
GCCAAGACGAACCAGA,4
CGACTGGAAACGTGAT,4
CGACTGGAACAAGCTA,2
CGACTGGATTGCTGGA,5
CGACTGGACTGTAGCC,2
CGACTGGAAGTACAAG,2
CGACTGGAAACAACCA,1
CGACTGGAAACCGAGA,4
CGACTGGAAACGCTTA,4
CGACTGGAAAGACGGA,1
CGACTGGAAAGGTACA,1
CGACTGGAACACAGAA,1
CGACTGGAACAGCAGA,1
CGACTGGAAAACATCG,4
CGACTGGAACCTCCAA,1
CGACTGGAACGCTCGA,1
CGACTGGAACGTATCA,1
CGACTGGAACTATGCA,1
CGACTGGAAGAGTCAA,1
CGACTGGAAGATCGCA,1
CGACTGGAAGCAGGAA,1
CGACTGGAAGTCACTA,1
CGACTGGAATCCTGTA,1
CGACTGGAATTGAGGA,1
CGACTGGAATGCCTAA,1
CGACTGGACAACCACA,1
CGACTGGAGACTAGTA,1
CGACTGGACAATGGAA,1
CGACTGGACACTTCGA,4
CGACTGGACAGCGTTA,8
CGACTGGACATACCAA,3
CGACTGGACCAGTTCA,3
CGACTGGACCGAAGTA,3
CGACTGGACCGTGAGA,3
CGACTGGACCTCCTGA,3
CGACTGGAAGTGGTCA,2
CGACTGGACGAACTTA,3
CGACTGGACGACTGGA,3
CGACTGGACGCATACA,3
CGACTGGACTCAATGA,3
CGACTGGACTGAGCCA,3
CGACTGGACTGGCATA,3
CGACTGGAGAATCTGA,3
CGACTGGACAAGACTA,3
CGACTGGAGAGCTGAA,3
CGACTGGAGATAGACA,3
CGACTGGAACCACTGT,2
CGACTGGAGCCACATA,3
CGACTGGAGCGAGTAA,3
CGACTGGAGCTAACGA,3
CGACTGGAGCTCGGTA,3
CGACTGGAGGAGAACA,3
CGACTGGAGGTGCGAA,3
CGACTGGAGTACGCAA,3
CGACTGGAGTCGTAGA,3
CGACTGGAGTCTGTCA,3
CGACTGGAGTGTTCTA,3
CGACTGGAACATTGGC,2
CGACTGGATAGGATGA,3
CGACTGGATATCAGCA,3
CGACTGGATCCGTCTA,3
CGACTGGATCTTCACA,8
CGACTGGATGAAGAGA,8
CGACTGGATGGAACAA,8
CGACTGGATGGCTTCA,1
CGACTGGATGGTGGTA,7
CGACTGGATTCACGCA,3
CGACTGGAAACTCACC,3
CGACTGGACAGATCTG,2
CGACTGGAAAGAGATC,3
CGACTGGAAAGGACAC,3
CGACTGGAAATCCGTC,8
CGACTGGAAATGTTGC,3
CGACTGGAACACGACC,7
CGACTGGAACAGATTC,8
CGACTGGAAGATGTAC,3
CGACTGGAAGCACCTC,3
CGACTGGAAGCCATGC,3
CGACTGGAAGGCTAAC,6
CGACTGGACATCAAGT,2
CGACTGGAATAGCGAC,6
CGACTGGAATCATTCC,6
CGACTGGAATTGGCTC,6
CGACTGGACAAGGAGC,5
CGACTGGACACCTTAC,5
CGACTGGACCATCCTC,5
CGACTGGACCGACAAC,5
CGACTGGACCTAATCC,5
CGACTGGACCTCTATC,5
CGACTGGACGACACAC,5
CGACTGGACGCTGATC,2
CGACTGGACGGATTGC,5
CGACTGGACTAAGGTC,5
CGACTGGAGAACAGGC,5
CGACTGGAGACAGTGC,5
CGACTGGAGAGTTAGC,5
CGACTGGAGATGAATC,5
CGACTGGAGCCAAGAC,5
CGACTGGACGGAAGAA,5
CGACTGGAGTGACAAG,5
CGACTGGAGAACCAGA,5
CGAACTTAAACGTGAT,4
CGAACTTAACAAGCTA,2
CGAACTTATTGCTGGA,5
CGAACTTACTGTAGCC,2
CGAACTTAAGTACAAG,2
CGAACTTAAACAACCA,2
CGAACTTAAACCGAGA,4
CGAACTTAAACGCTTA,4
CGAACTTAAAGACGGA,1
CGAACTTAAAGGTACA,2
CGAACTTAACACAGAA,1
CGAACTTAACAGCAGA,1
CGAACTTAAAACATCG,4
CGAACTTAACCTCCAA,1
CGAACTTAACGCTCGA,1
CGAACTTAACGTATCA,1
CGAACTTAACTATGCA,1
CGAACTTAAGAGTCAA,1
CGAACTTAAGATCGCA,1
CGAACTTAAGCAGGAA,1
CGAACTTAAGTCACTA,1
CGAACTTAATCCTGTA,1
CGAACTTAATTGAGGA,1
CGAACTTAATGCCTAA,1
CGAACTTACAACCACA,1
CGAACTTAGACTAGTA,1
CGAACTTACAATGGAA,1
CGAACTTACACTTCGA,1
CGAACTTACAGCGTTA,8
CGAACTTACATACCAA,3
CGAACTTACCAGTTCA,3
CGAACTTACCGAAGTA,3
CGAACTTACCGTGAGA,3
CGAACTTACCTCCTGA,3
CGAACTTAAGTGGTCA,1
CGAACTTACGAACTTA,3
CGAACTTACGACTGGA,3
CGAACTTACGCATACA,3
CGAACTTACTCAATGA,3
CGAACTTACTGAGCCA,3
CGAACTTACTGGCATA,3
CGAACTTAGAATCTGA,3
CGAACTTACAAGACTA,3
CGAACTTAGAGCTGAA,3
CGAACTTAGATAGACA,3
CGAACTTAACCACTGT,2
CGAACTTAGCCACATA,3
CGAACTTAGCGAGTAA,3
CGAACTTAGCTAACGA,3
CGAACTTAGCTCGGTA,3
CGAACTTAGGAGAACA,3
CGAACTTAGGTGCGAA,3
CGAACTTAGTACGCAA,3
CGAACTTAGTCGTAGA,3
CGAACTTAGTCTGTCA,3
CGAACTTAGTGTTCTA,3
CGAACTTAACATTGGC,1
CGAACTTATAGGATGA,3
CGAACTTATATCAGCA,3
CGAACTTATCCGTCTA,3
CGAACTTATCTTCACA,3
CGAACTTATGAAGAGA,3
CGAACTTATGGAACAA,3
CGAACTTATGGCTTCA,3
CGAACTTATGGTGGTA,3
CGAACTTATTCACGCA,7
CGAACTTAAACTCACC,8
CGAACTTACAGATCTG,2
CGAACTTAAAGAGATC,3
CGAACTTAAAGGACAC,8
CGAACTTAAATCCGTC,3
CGAACTTAAATGTTGC,3
CGAACTTAACACGACC,3
CGAACTTAACAGATTC,3
CGAACTTAAGATGTAC,3
CGAACTTAAGCACCTC,5
CGAACTTAAGCCATGC,8
CGAACTTAAGGCTAAC,6
CGAACTTACATCAAGT,2
CGAACTTAATAGCGAC,6
CGAACTTAATCATTCC,6
CGAACTTAATTGGCTC,6
CGAACTTACAAGGAGC,5
CGAACTTACACCTTAC,5
CGAACTTACCATCCTC,5
CGAACTTACCGACAAC,5
CGAACTTACCTAATCC,5
CGAACTTACCTCTATC,5
CGAACTTACGACACAC,5
CGAACTTACGCTGATC,2
CGAACTTACGGATTGC,5
CGAACTTACTAAGGTC,5
CGAACTTAGAACAGGC,5
CGAACTTAGACAGTGC,5
CGAACTTAGAGTTAGC,5
CGAACTTAGATGAATC,5
CGAACTTAGCCAAGAC,5
CGAACTTACGGAAGAA,5
CGAACTTAGTGACAAG,5
CGAACTTAGAACCAGA,5
CCTCCTGAAACGTGAT,4
CCTCCTGAACAAGCTA,2
CCTCCTGATTGCTGGA,5
CCTCCTGACTGTAGCC,2
CCTCCTGAAGTACAAG,2
CCTCCTGAAACAACCA,4
CCTCCTGAAACCGAGA,4
CCTCCTGAAACGCTTA,1
CCTCCTGAAAGACGGA,1
CCTCCTGAAAGGTACA,1
CCTCCTGAACACAGAA,1
CCTCCTGAACAGCAGA,1
CCTCCTGAAAACATCG,4
CCTCCTGAACCTCCAA,1
CCTCCTGAACGCTCGA,1
CCTCCTGAACGTATCA,1
CCTCCTGAACTATGCA,1
CCTCCTGAAGAGTCAA,1
CCTCCTGAAGATCGCA,1
CCTCCTGAAGCAGGAA,1
CCTCCTGAAGTCACTA,1
CCTCCTGAATCCTGTA,1
CCTCCTGAATTGAGGA,1
CCTCCTGAATGCCTAA,4
CCTCCTGACAACCACA,1
CCTCCTGAGACTAGTA,1
CCTCCTGACAATGGAA,1
CCTCCTGACACTTCGA,1
CCTCCTGACAGCGTTA,1
CCTCCTGACATACCAA,8
CCTCCTGACCAGTTCA,3
CCTCCTGACCGAAGTA,3
CCTCCTGACCGTGAGA,3
CCTCCTGACCTCCTGA,3
CCTCCTGAAGTGGTCA,1
CCTCCTGACGAACTTA,3
CCTCCTGACGACTGGA,3
CCTCCTGACGCATACA,3
CCTCCTGACTCAATGA,3
CCTCCTGACTGAGCCA,3
CCTCCTGACTGGCATA,3
CCTCCTGAGAATCTGA,3
CCTCCTGACAAGACTA,3
CCTCCTGAGAGCTGAA,3
CCTCCTGAGATAGACA,3
CCTCCTGAACCACTGT,2
CCTCCTGAGCCACATA,3
CCTCCTGAGCGAGTAA,3
CCTCCTGAGCTAACGA,3
CCTCCTGAGCTCGGTA,3
CCTCCTGAGGAGAACA,3
CCTCCTGAGGTGCGAA,3
CCTCCTGAGTACGCAA,3
CCTCCTGAGTCGTAGA,3
CCTCCTGAGTCTGTCA,3
CCTCCTGAGTGTTCTA,3
CCTCCTGAACATTGGC,2
CCTCCTGATAGGATGA,1
CCTCCTGATATCAGCA,3
CCTCCTGATCCGTCTA,3
CCTCCTGATCTTCACA,8
CCTCCTGATGAAGAGA,3
CCTCCTGATGGAACAA,3
CCTCCTGATGGCTTCA,3
CCTCCTGATGGTGGTA,3
CCTCCTGATTCACGCA,8
CCTCCTGAAACTCACC,8
CCTCCTGACAGATCTG,2
CCTCCTGAAAGAGATC,8
CCTCCTGAAAGGACAC,8
CCTCCTGAAATCCGTC,1
CCTCCTGAAATGTTGC,7
CCTCCTGAACACGACC,8
CCTCCTGAACAGATTC,8
CCTCCTGAAGATGTAC,7
CCTCCTGAAGCACCTC,8
CCTCCTGAAGCCATGC,6
CCTCCTGAAGGCTAAC,6
CCTCCTGACATCAAGT,2
CCTCCTGAATAGCGAC,6
CCTCCTGAATCATTCC,6
CCTCCTGAATTGGCTC,6
CCTCCTGACAAGGAGC,5
CCTCCTGACACCTTAC,5
CCTCCTGACCATCCTC,5
CCTCCTGACCGACAAC,5
CCTCCTGACCTAATCC,5
CCTCCTGACCTCTATC,5
CCTCCTGACGACACAC,5
CCTCCTGACGCTGATC,2
CCTCCTGACGGATTGC,5
CCTCCTGACTAAGGTC,5
CCTCCTGAGAACAGGC,5
CCTCCTGAGACAGTGC,5
CCTCCTGAGAGTTAGC,5
CCTCCTGAGATGAATC,5
CCTCCTGAGCCAAGAC,5
CCTCCTGACGGAAGAA,5
CCTCCTGAGTGACAAG,5
CCTCCTGAGAACCAGA,5
CCGTGAGAAACGTGAT,4
CCGTGAGAACAAGCTA,1
CCGTGAGATTGCTGGA,5
CCGTGAGACTGTAGCC,2
CCGTGAGAAGTACAAG,2
CCGTGAGAAACAACCA,2
CCGTGAGAAACCGAGA,4
CCGTGAGAAACGCTTA,4
CCGTGAGAAAGACGGA,1
CCGTGAGAAAGGTACA,1
CCGTGAGAACACAGAA,1
CCGTGAGAACAGCAGA,1
CCGTGAGAAAACATCG,4
CCGTGAGAACCTCCAA,1
CCGTGAGAACGCTCGA,1
CCGTGAGAACGTATCA,1
CCGTGAGAACTATGCA,1
CCGTGAGAAGAGTCAA,1
CCGTGAGAAGATCGCA,1
CCGTGAGAAGCAGGAA,1
CCGTGAGAAGTCACTA,1
CCGTGAGAATCCTGTA,1
CCGTGAGAATTGAGGA,1
CCGTGAGAATGCCTAA,4
CCGTGAGACAACCACA,1
CCGTGAGAGACTAGTA,1
CCGTGAGACAATGGAA,1
CCGTGAGACACTTCGA,1
CCGTGAGACAGCGTTA,1
CCGTGAGACATACCAA,3
CCGTGAGACCAGTTCA,3
CCGTGAGACCGAAGTA,3
CCGTGAGACCGTGAGA,3
CCGTGAGACCTCCTGA,3
CCGTGAGAAGTGGTCA,4
CCGTGAGACGAACTTA,3
CCGTGAGACGACTGGA,3
CCGTGAGACGCATACA,3
CCGTGAGACTCAATGA,3
CCGTGAGACTGAGCCA,3
CCGTGAGACTGGCATA,3
CCGTGAGAGAATCTGA,3
CCGTGAGACAAGACTA,3
CCGTGAGAGAGCTGAA,3
CCGTGAGAGATAGACA,3
CCGTGAGAACCACTGT,1
CCGTGAGAGCCACATA,3
CCGTGAGAGCGAGTAA,3
CCGTGAGAGCTAACGA,3
CCGTGAGAGCTCGGTA,3
CCGTGAGAGGAGAACA,3
CCGTGAGAGGTGCGAA,3
CCGTGAGAGTACGCAA,3
CCGTGAGAGTCGTAGA,3
CCGTGAGAGTCTGTCA,3
CCGTGAGAGTGTTCTA,3
CCGTGAGAACATTGGC,1
CCGTGAGATAGGATGA,3
CCGTGAGATATCAGCA,3
CCGTGAGATCCGTCTA,3
CCGTGAGATCTTCACA,3
CCGTGAGATGAAGAGA,3
CCGTGAGATGGAACAA,3
CCGTGAGATGGCTTCA,3
CCGTGAGATGGTGGTA,3
CCGTGAGATTCACGCA,3
CCGTGAGAAACTCACC,5
CCGTGAGACAGATCTG,1
CCGTGAGAAAGAGATC,3
CCGTGAGAAAGGACAC,3
CCGTGAGAAATCCGTC,3
CCGTGAGAAATGTTGC,8
CCGTGAGAACACGACC,8
CCGTGAGAACAGATTC,5
CCGTGAGAAGATGTAC,5
CCGTGAGAAGCACCTC,8
CCGTGAGAAGCCATGC,6
CCGTGAGAAGGCTAAC,6
CCGTGAGACATCAAGT,2
CCGTGAGAATAGCGAC,6
CCGTGAGAATCATTCC,6
CCGTGAGAATTGGCTC,6
CCGTGAGACAAGGAGC,5
CCGTGAGACACCTTAC,5
CCGTGAGACCATCCTC,5
CCGTGAGACCGACAAC,5
CCGTGAGACCTAATCC,5
CCGTGAGACCTCTATC,5
CCGTGAGACGACACAC,5
CCGTGAGACGCTGATC,2
CCGTGAGACGGATTGC,5
CCGTGAGACTAAGGTC,5
CCGTGAGAGAACAGGC,5
CCGTGAGAGACAGTGC,5
CCGTGAGAGAGTTAGC,5
CCGTGAGAGATGAATC,5
CCGTGAGAGCCAAGAC,5
CCGTGAGACGGAAGAA,5
CCGTGAGAGTGACAAG,5
CCGTGAGAGAACCAGA,5
CCGAAGTAAACGTGAT,4
CCGAAGTAACAAGCTA,2
CCGAAGTATTGCTGGA,5
CCGAAGTACTGTAGCC,2
CCGAAGTAAGTACAAG,2
CCGAAGTAAACAACCA,2
CCGAAGTAAACCGAGA,1
CCGAAGTAAACGCTTA,4
CCGAAGTAAAGACGGA,1
CCGAAGTAAAGGTACA,1
CCGAAGTAACACAGAA,1
CCGAAGTAACAGCAGA,1
CCGAAGTAAAACATCG,4
CCGAAGTAACCTCCAA,1
CCGAAGTAACGCTCGA,1
CCGAAGTAACGTATCA,1
CCGAAGTAACTATGCA,1
CCGAAGTAAGAGTCAA,1
CCGAAGTAAGATCGCA,1
CCGAAGTAAGCAGGAA,1
CCGAAGTAAGTCACTA,1
CCGAAGTAATCCTGTA,1
CCGAAGTAATTGAGGA,1
CCGAAGTAATGCCTAA,4
CCGAAGTACAACCACA,1
CCGAAGTAGACTAGTA,1
CCGAAGTACAATGGAA,1
CCGAAGTACACTTCGA,1
CCGAAGTACAGCGTTA,8
CCGAAGTACATACCAA,3
CCGAAGTACCAGTTCA,3
CCGAAGTACCGAAGTA,3
CCGAAGTACCGTGAGA,3
CCGAAGTACCTCCTGA,3
CCGAAGTAAGTGGTCA,4
CCGAAGTACGAACTTA,3
CCGAAGTACGACTGGA,3
CCGAAGTACGCATACA,3
CCGAAGTACTCAATGA,3
CCGAAGTACTGAGCCA,3
CCGAAGTACTGGCATA,3
CCGAAGTAGAATCTGA,3
CCGAAGTACAAGACTA,3
CCGAAGTAGAGCTGAA,3
CCGAAGTAGATAGACA,3
CCGAAGTAACCACTGT,1
CCGAAGTAGCCACATA,3
CCGAAGTAGCGAGTAA,3
CCGAAGTAGCTAACGA,3
CCGAAGTAGCTCGGTA,3
CCGAAGTAGGAGAACA,3
CCGAAGTAGGTGCGAA,3
CCGAAGTAGTACGCAA,3
CCGAAGTAGTCGTAGA,3
CCGAAGTAGTCTGTCA,3
CCGAAGTAGTGTTCTA,3
CCGAAGTAACATTGGC,2
CCGAAGTATAGGATGA,3
CCGAAGTATATCAGCA,3
CCGAAGTATCCGTCTA,3
CCGAAGTATCTTCACA,3
CCGAAGTATGAAGAGA,3
CCGAAGTATGGAACAA,3
CCGAAGTATGGCTTCA,3
CCGAAGTATGGTGGTA,3
CCGAAGTATTCACGCA,3
CCGAAGTAAACTCACC,3
CCGAAGTACAGATCTG,1
CCGAAGTAAAGAGATC,3
CCGAAGTAAAGGACAC,3
CCGAAGTAAATCCGTC,3
CCGAAGTAAATGTTGC,3
CCGAAGTAACACGACC,5
CCGAAGTAACAGATTC,5
CCGAAGTAAGATGTAC,3
CCGAAGTAAGCACCTC,3
CCGAAGTAAGCCATGC,6
CCGAAGTAAGGCTAAC,7
CCGAAGTACATCAAGT,1
CCGAAGTAATAGCGAC,6
CCGAAGTAATCATTCC,6
CCGAAGTAATTGGCTC,6
CCGAAGTACAAGGAGC,5
CCGAAGTACACCTTAC,5
CCGAAGTACCATCCTC,5
CCGAAGTACCGACAAC,5
CCGAAGTACCTAATCC,5
CCGAAGTACCTCTATC,5
CCGAAGTACGACACAC,5
CCGAAGTACGCTGATC,2
CCGAAGTACGGATTGC,5
CCGAAGTACTAAGGTC,5
CCGAAGTAGAACAGGC,5
CCGAAGTAGACAGTGC,5
CCGAAGTAGAGTTAGC,5
CCGAAGTAGATGAATC,5
CCGAAGTAGCCAAGAC,5
CCGAAGTACGGAAGAA,5
CCGAAGTAGTGACAAG,5
CCGAAGTAGAACCAGA,5
CCAGTTCAAACGTGAT,9
CCAGTTCAACAAGCTA,2
CCAGTTCATTGCTGGA,5
CCAGTTCACTGTAGCC,2
CCAGTTCAAGTACAAG,2
CCAGTTCAAACAACCA,1
CCAGTTCAAACCGAGA,4
CCAGTTCAAACGCTTA,1
CCAGTTCAAAGACGGA,4
CCAGTTCAAAGGTACA,4
CCAGTTCAACACAGAA,1
CCAGTTCAACAGCAGA,1
CCAGTTCAAAACATCG,9
CCAGTTCAACCTCCAA,1
CCAGTTCAACGCTCGA,1
CCAGTTCAACGTATCA,1
CCAGTTCAACTATGCA,1
CCAGTTCAAGAGTCAA,1
CCAGTTCAAGATCGCA,1
CCAGTTCAAGCAGGAA,1
CCAGTTCAAGTCACTA,1
CCAGTTCAATCCTGTA,1
CCAGTTCAATTGAGGA,1
CCAGTTCAATGCCTAA,4
CCAGTTCACAACCACA,1
CCAGTTCAGACTAGTA,1
CCAGTTCACAATGGAA,1
CCAGTTCACACTTCGA,1
CCAGTTCACAGCGTTA,1
CCAGTTCACATACCAA,8
CCAGTTCACCAGTTCA,3
CCAGTTCACCGAAGTA,3
CCAGTTCACCGTGAGA,3
CCAGTTCACCTCCTGA,3
CCAGTTCAAGTGGTCA,4
CCAGTTCACGAACTTA,3
CCAGTTCACGACTGGA,3
CCAGTTCACGCATACA,3
CCAGTTCACTCAATGA,3
CCAGTTCACTGAGCCA,3
CCAGTTCACTGGCATA,3
CCAGTTCAGAATCTGA,3
CCAGTTCACAAGACTA,3
CCAGTTCAGAGCTGAA,3
CCAGTTCAGATAGACA,3
CCAGTTCAACCACTGT,2
CCAGTTCAGCCACATA,3
CCAGTTCAGCGAGTAA,3
CCAGTTCAGCTAACGA,3
CCAGTTCAGCTCGGTA,3
CCAGTTCAGGAGAACA,3
CCAGTTCAGGTGCGAA,3
CCAGTTCAGTACGCAA,3
CCAGTTCAGTCGTAGA,3
CCAGTTCAGTCTGTCA,3
CCAGTTCAGTGTTCTA,3
CCAGTTCAACATTGGC,1
CCAGTTCATAGGATGA,3
CCAGTTCATATCAGCA,3
CCAGTTCATCCGTCTA,3
CCAGTTCATCTTCACA,3
CCAGTTCATGAAGAGA,3
CCAGTTCATGGAACAA,3
CCAGTTCATGGCTTCA,3
CCAGTTCATGGTGGTA,8
CCAGTTCATTCACGCA,1
CCAGTTCAAACTCACC,3
CCAGTTCACAGATCTG,1
CCAGTTCAAAGAGATC,3
CCAGTTCAAAGGACAC,3
CCAGTTCAAATCCGTC,3
CCAGTTCAAATGTTGC,3
CCAGTTCAACACGACC,5
CCAGTTCAACAGATTC,5
CCAGTTCAAGATGTAC,5
CCAGTTCAAGCACCTC,8
CCAGTTCAAGCCATGC,6
CCAGTTCAAGGCTAAC,6
CCAGTTCACATCAAGT,4
CCAGTTCAATAGCGAC,6
CCAGTTCAATCATTCC,6
CCAGTTCAATTGGCTC,6
CCAGTTCACAAGGAGC,5
CCAGTTCACACCTTAC,5
CCAGTTCACCATCCTC,5
CCAGTTCACCGACAAC,5
CCAGTTCACCTAATCC,5
CCAGTTCACCTCTATC,5
CCAGTTCACGACACAC,5
CCAGTTCACGCTGATC,2
CCAGTTCACGGATTGC,5
CCAGTTCACTAAGGTC,5
CCAGTTCAGAACAGGC,5
CCAGTTCAGACAGTGC,5
CCAGTTCAGAGTTAGC,5
CCAGTTCAGATGAATC,5
CCAGTTCAGCCAAGAC,5
CCAGTTCACGGAAGAA,5
CCAGTTCAGTGACAAG,5
CCAGTTCAGAACCAGA,5
CATACCAAAACGTGAT,9
CATACCAAACAAGCTA,4
CATACCAATTGCTGGA,9
CATACCAACTGTAGCC,2
CATACCAAAGTACAAG,2
CATACCAAAACAACCA,1
CATACCAAAACCGAGA,1
CATACCAAAACGCTTA,1
CATACCAAAAGACGGA,1
CATACCAAAAGGTACA,1
CATACCAAACACAGAA,1
CATACCAAACAGCAGA,1
CATACCAAAAACATCG,9
CATACCAAACCTCCAA,1
CATACCAAACGCTCGA,1
CATACCAAACGTATCA,1
CATACCAAACTATGCA,1
CATACCAAAGAGTCAA,1
CATACCAAAGATCGCA,1
CATACCAAAGCAGGAA,1
CATACCAAAGTCACTA,1
CATACCAAATCCTGTA,1
CATACCAAATTGAGGA,1
CATACCAAATGCCTAA,9
CATACCAACAACCACA,1
CATACCAAGACTAGTA,1
CATACCAACAATGGAA,1
CATACCAACACTTCGA,1
CATACCAACAGCGTTA,8
CATACCAACATACCAA,3
CATACCAACCAGTTCA,3
CATACCAACCGAAGTA,3
CATACCAACCGTGAGA,3
CATACCAACCTCCTGA,3
CATACCAAAGTGGTCA,9
CATACCAACGAACTTA,3
CATACCAACGACTGGA,3
CATACCAACGCATACA,3
CATACCAACTCAATGA,3
CATACCAACTGAGCCA,3
CATACCAACTGGCATA,3
CATACCAAGAATCTGA,3
CATACCAACAAGACTA,3
CATACCAAGAGCTGAA,3
CATACCAAGATAGACA,3
CATACCAAACCACTGT,2
CATACCAAGCCACATA,3
CATACCAAGCGAGTAA,3
CATACCAAGCTAACGA,3
CATACCAAGCTCGGTA,3
CATACCAAGGAGAACA,3
CATACCAAGGTGCGAA,3
CATACCAAGTACGCAA,3
CATACCAAGTCGTAGA,3
CATACCAAGTCTGTCA,4
CATACCAAGTGTTCTA,3
CATACCAAACATTGGC,2
CATACCAATAGGATGA,3
CATACCAATATCAGCA,3
CATACCAATCCGTCTA,3
CATACCAATCTTCACA,3
CATACCAATGAAGAGA,3
CATACCAATGGAACAA,3
CATACCAATGGCTTCA,3
CATACCAATGGTGGTA,5
CATACCAATTCACGCA,3
CATACCAAAACTCACC,3
CATACCAACAGATCTG,2
CATACCAAAAGAGATC,3
CATACCAAAAGGACAC,3
CATACCAAAATCCGTC,3
CATACCAAAATGTTGC,3
CATACCAAACACGACC,5
CATACCAAACAGATTC,5
CATACCAAAGATGTAC,3
CATACCAAAGCACCTC,8
CATACCAAAGCCATGC,6
CATACCAAAGGCTAAC,6
CATACCAACATCAAGT,4
CATACCAAATAGCGAC,6
CATACCAAATCATTCC,6
CATACCAAATTGGCTC,6
CATACCAACAAGGAGC,5
CATACCAACACCTTAC,5
CATACCAACCATCCTC,5
CATACCAACCGACAAC,5
CATACCAACCTAATCC,5
CATACCAACCTCTATC,5
CATACCAACGACACAC,5
CATACCAACGCTGATC,4
CATACCAACGGATTGC,5
CATACCAACTAAGGTC,5
CATACCAAGAACAGGC,5
CATACCAAGACAGTGC,5
CATACCAAGAGTTAGC,5
CATACCAAGATGAATC,5
CATACCAAGCCAAGAC,5
CATACCAACGGAAGAA,5
CATACCAAGTGACAAG,5
CATACCAAGAACCAGA,5
CAGCGTTAACAAGCTA,4
CAGCGTTATTGCTGGA,4
CAGCGTTACTGTAGCC,2
CAGCGTTAAGTACAAG,2
CAGCGTTAAACAACCA,2
CAGCGTTAAACCGAGA,4
CAGCGTTAAACGCTTA,1
CAGCGTTAAAGACGGA,1
CAGCGTTAAAGGTACA,4
CAGCGTTAACACAGAA,1
CAGCGTTAACAGCAGA,1
CAGCGTTAAAACATCG,9
CAGCGTTAACCTCCAA,1
CAGCGTTAACGCTCGA,1
CAGCGTTAACGTATCA,1
CAGCGTTAACTATGCA,1
CAGCGTTAAGAGTCAA,1
CAGCGTTAAGATCGCA,1
CAGCGTTAAGCAGGAA,1
CAGCGTTAAGTCACTA,1
CAGCGTTAATCCTGTA,1
CAGCGTTAATTGAGGA,1
CAGCGTTAATGCCTAA,9
CAGCGTTACAACCACA,1
CAGCGTTAGACTAGTA,1
CAGCGTTACAATGGAA,1
CAGCGTTACACTTCGA,1
CAGCGTTACAGCGTTA,8
CAGCGTTACATACCAA,3
CAGCGTTACCAGTTCA,3
CAGCGTTACCGAAGTA,3
CAGCGTTACCGTGAGA,3
CAGCGTTACCTCCTGA,3
CAGCGTTAAGTGGTCA,9
CAGCGTTACGAACTTA,3
CAGCGTTACGACTGGA,3
CAGCGTTACGCATACA,3
CAGCGTTACTCAATGA,3
CAGCGTTACTGAGCCA,3
CAGCGTTACTGGCATA,3
CAGCGTTAGAATCTGA,3
CAGCGTTACAAGACTA,3
CAGCGTTAGAGCTGAA,3
CAGCGTTAGATAGACA,3
CAGCGTTAACCACTGT,4
CAGCGTTAGCCACATA,3
CAGCGTTAGCGAGTAA,3
CAGCGTTAGCTAACGA,3
CAGCGTTAGCTCGGTA,3
CAGCGTTAGGAGAACA,3
CAGCGTTAGGTGCGAA,3
CAGCGTTAGTACGCAA,3
CAGCGTTAGTCGTAGA,4
CAGCGTTAGTCTGTCA,3
CAGCGTTAGTGTTCTA,3
CAGCGTTAACATTGGC,2
CAGCGTTATAGGATGA,3
CAGCGTTATATCAGCA,8
CAGCGTTATCCGTCTA,3
CAGCGTTATCTTCACA,3
CAGCGTTATGAAGAGA,3
CAGCGTTATGGAACAA,3
CAGCGTTATGGCTTCA,3
CAGCGTTATGGTGGTA,3
CAGCGTTATTCACGCA,3
CAGCGTTAAACTCACC,8
CAGCGTTACAGATCTG,2
CAGCGTTAAAGAGATC,3
CAGCGTTAAAGGACAC,8
CAGCGTTAAATCCGTC,8
CAGCGTTAAATGTTGC,3
CAGCGTTAACACGACC,3
CAGCGTTAACAGATTC,5
CAGCGTTAAGATGTAC,5
CAGCGTTAAGCACCTC,3
CAGCGTTAAGCCATGC,8
CAGCGTTAAGGCTAAC,6
CAGCGTTACATCAAGT,4
CAGCGTTAATAGCGAC,6
CAGCGTTAATCATTCC,6
CAGCGTTAATTGGCTC,6
CAGCGTTACAAGGAGC,5
CAGCGTTACACCTTAC,5
CAGCGTTACCATCCTC,5
CAGCGTTACCGACAAC,5
CAGCGTTACCTAATCC,5
CAGCGTTACCTCTATC,5
CAGCGTTACGACACAC,5
CAGCGTTACGCTGATC,4
CAGCGTTACGGATTGC,5
CAGCGTTACTAAGGTC,5
CAGCGTTAGAACAGGC,5
CAGCGTTAGACAGTGC,5
CAGCGTTAGAGTTAGC,5
CAGCGTTAGATGAATC,5
CAGCGTTAGCCAAGAC,5
CAGCGTTACGGAAGAA,5
CAGCGTTAGTGACAAG,5
CAGCGTTAGAACCAGA,4
CACTTCGAACAAGCTA,2
CACTTCGATTGCTGGA,5
CACTTCGACTGTAGCC,2
CACTTCGAAGTACAAG,2
CACTTCGAAACAACCA,2
CACTTCGAAACCGAGA,4
CACTTCGAAACGCTTA,1
CACTTCGAAAGACGGA,1
CACTTCGAAAGGTACA,1
CACTTCGAACACAGAA,1
CACTTCGAACAGCAGA,1
CACTTCGAAAACATCG,9
CACTTCGAACCTCCAA,1
CACTTCGAACGCTCGA,1
CACTTCGAACGTATCA,1
CACTTCGAACTATGCA,1
CACTTCGAAGAGTCAA,1
CACTTCGAAGATCGCA,1
CACTTCGAAGCAGGAA,1
CACTTCGAAGTCACTA,1
CACTTCGAATCCTGTA,1
CACTTCGAATTGAGGA,1
CACTTCGAATGCCTAA,9
CACTTCGACAACCACA,1
CACTTCGAGACTAGTA,1
CACTTCGACAATGGAA,1
CACTTCGACACTTCGA,1
CACTTCGACAGCGTTA,8
CACTTCGACATACCAA,8
CACTTCGACCAGTTCA,3
CACTTCGACCGAAGTA,3
CACTTCGACCGTGAGA,3
CACTTCGACCTCCTGA,3
CACTTCGAAGTGGTCA,9
CACTTCGACGAACTTA,3
CACTTCGACGACTGGA,3
CACTTCGACGCATACA,3
CACTTCGACTCAATGA,4
CACTTCGACTGAGCCA,3
CACTTCGACTGGCATA,3
CACTTCGAGAATCTGA,3
CACTTCGACAAGACTA,3
CACTTCGAGAGCTGAA,3
CACTTCGAGATAGACA,3
CACTTCGAACCACTGT,4
CACTTCGAGCCACATA,3
CACTTCGAGCGAGTAA,3
CACTTCGAGCTAACGA,3
CACTTCGAGCTCGGTA,3
CACTTCGAGGAGAACA,3
CACTTCGAGGTGCGAA,3
CACTTCGAGTACGCAA,3
CACTTCGAGTCGTAGA,3
CACTTCGAGTCTGTCA,3
CACTTCGAGTGTTCTA,3
CACTTCGAACATTGGC,2
CACTTCGATAGGATGA,3
CACTTCGATATCAGCA,3
CACTTCGATCCGTCTA,3
CACTTCGATCTTCACA,3
CACTTCGATGAAGAGA,3
CACTTCGATGGAACAA,3
CACTTCGATGGCTTCA,3
CACTTCGATGGTGGTA,3
CACTTCGATTCACGCA,3
CACTTCGAAACTCACC,3
CACTTCGACAGATCTG,2
CACTTCGAAAGAGATC,3
CACTTCGAAAGGACAC,3
CACTTCGAAATCCGTC,8
CACTTCGAAATGTTGC,8
CACTTCGAACACGACC,8
CACTTCGAACAGATTC,5
CACTTCGAAGATGTAC,5
CACTTCGAAGCACCTC,3
CACTTCGAAGCCATGC,5
CACTTCGAAGGCTAAC,6
CACTTCGACATCAAGT,2
CACTTCGAATAGCGAC,6
CACTTCGAATCATTCC,6
CACTTCGAATTGGCTC,5
CACTTCGACAAGGAGC,5
CACTTCGACACCTTAC,5
CACTTCGACCATCCTC,5
CACTTCGACCGACAAC,5
CACTTCGACCTAATCC,5
CACTTCGACCTCTATC,5
CACTTCGACGACACAC,5
CACTTCGACGCTGATC,4
CACTTCGACGGATTGC,5
CACTTCGACTAAGGTC,5
CACTTCGAGAACAGGC,5
CACTTCGAGACAGTGC,5
CACTTCGAGAGTTAGC,5
CACTTCGAGATGAATC,5
CACTTCGAGCCAAGAC,5
CACTTCGACGGAAGAA,5
CACTTCGAGTGACAAG,5
CACTTCGAGAACCAGA,5
CAATGGAAACAAGCTA,2
CAATGGAATTGCTGGA,5
CAATGGAACTGTAGCC,2
CAATGGAAAGTACAAG,2
CAATGGAAAACAACCA,1
CAATGGAAAACCGAGA,1
CAATGGAAAACGCTTA,1
CAATGGAAAAGACGGA,1
CAATGGAAAAGGTACA,1
CAATGGAAACACAGAA,1
CAATGGAAACAGCAGA,1
CAATGGAAAAACATCG,9
CAATGGAAACCTCCAA,1
CAATGGAAACGCTCGA,1
CAATGGAAACGTATCA,1
CAATGGAAACTATGCA,1
CAATGGAAAGAGTCAA,1
CAATGGAAAGATCGCA,1
CAATGGAAAGCAGGAA,1
CAATGGAAAGTCACTA,1
CAATGGAAATCCTGTA,1
CAATGGAAATTGAGGA,1
CAATGGAAATGCCTAA,9
CAATGGAACAACCACA,1
CAATGGAAGACTAGTA,1
CAATGGAACAATGGAA,1
CAATGGAACACTTCGA,1
CAATGGAACAGCGTTA,8
CAATGGAACATACCAA,8
CAATGGAACCAGTTCA,3
CAATGGAACCGAAGTA,3
CAATGGAACCGTGAGA,3
CAATGGAACCTCCTGA,3
CAATGGAACGAACTTA,3
CAATGGAACGACTGGA,3
CAATGGAACGCATACA,3
CAATGGAACTCAATGA,3
CAATGGAACTGAGCCA,3
CAATGGAACTGGCATA,3
CAATGGAAGAATCTGA,3
CAATGGAACAAGACTA,3
CAATGGAAGAGCTGAA,3
CAATGGAAGATAGACA,3
CAATGGAAACCACTGT,4
CAATGGAAGCCACATA,3
CAATGGAAGCGAGTAA,3
CAATGGAAGCTAACGA,3
CAATGGAAGCTCGGTA,3
CAATGGAAGGAGAACA,3
CAATGGAAGGTGCGAA,3
CAATGGAAGTACGCAA,3
CAATGGAAGTCGTAGA,3
CAATGGAAGTCTGTCA,3
CAATGGAAGTGTTCTA,3
CAATGGAAACATTGGC,2
CAATGGAATAGGATGA,1
CAATGGAATATCAGCA,3
CAATGGAATCCGTCTA,3
CAATGGAATCTTCACA,3
CAATGGAATGAAGAGA,3
CAATGGAATGGAACAA,3
CAATGGAATGGCTTCA,3
CAATGGAATGGTGGTA,3
CAATGGAATTCACGCA,3
CAATGGAAAACTCACC,3
CAATGGAACAGATCTG,2
CAATGGAAAAGAGATC,3
CAATGGAAAAGGACAC,3
CAATGGAAAATCCGTC,3
CAATGGAAAATGTTGC,1
CAATGGAAACACGACC,5
CAATGGAAACAGATTC,5
CAATGGAAAGATGTAC,5
CAATGGAAAGCACCTC,1
CAATGGAAAGCCATGC,6
CAATGGAAAGGCTAAC,6
CAATGGAACATCAAGT,1
CAATGGAAATAGCGAC,6
CAATGGAAATCATTCC,6
CAATGGAAATTGGCTC,6
CAATGGAACAAGGAGC,5
CAATGGAACACCTTAC,1
CAATGGAACCATCCTC,5
CAATGGAACCGACAAC,5
CAATGGAACCTAATCC,5
CAATGGAACCTCTATC,1
CAATGGAACGACACAC,5
CAATGGAACGCTGATC,2
CAATGGAACGGATTGC,5
CAATGGAACTAAGGTC,5
CAATGGAAGAACAGGC,5
CAATGGAAGACAGTGC,5
CAATGGAAGAGTTAGC,5
CAATGGAAGATGAATC,5
CAATGGAAGCCAAGAC,5
CAATGGAACGGAAGAA,5
CAATGGAAGTGACAAG,5
CAATGGAAGAACCAGA,5
GATGAATCTTGCTGGA,4
GATGAATCACGTATCA,4
GATGAATCACTATGCA,4
GATGAATCAGAGTCAA,4
GATGAATCAGATCGCA,4
GATGAATCAGCAGGAA,4
GATGAATCAGTCACTA,4
GATGAATCATCCTGTA,4
GATGAATCATTGAGGA,4
GATGAATCCAACCACA,4
GATGAATCGACTAGTA,4
GATGAATCCAATGGAA,4
GATGAATCCACTTCGA,4
GATGAATCCAGCGTTA,4
GATGAATCCATACCAA,2
GATGAATCCCAGTTCA,2
GATGAATCCCGAAGTA,2
GATGAATCCCGTGAGA,4
GATGAATCCCTCCTGA,4
GATGAATCCGAACTTA,4
GATGAATCCGACTGGA,4
GATGAATCCGCATACA,1
GATGAATCCTCAATGA,1
GATGAATCCTGAGCCA,2
GATGAATCCTGGCATA,2
GATGAATCGAATCTGA,1
GATGAATCCAAGACTA,2
GATGAATCGAGCTGAA,1
GATGAATCGATAGACA,1
GATGAATCGCCACATA,1
GATGAATCGCGAGTAA,1
GATGAATCGCTAACGA,1
GATGAATCGCTCGGTA,2
GATGAATCGGAGAACA,1
GATGAATCGGTGCGAA,1
GATGAATCGTACGCAA,1
GATGAATCGTCGTAGA,1
GATGAATCGTCTGTCA,4
GATGAATCGTGTTCTA,1
GATGAATCTAGGATGA,2
GATGAATCTATCAGCA,1
GATGAATCTCCGTCTA,2
GATGAATCTCTTCACA,4
GATGAATCTGAAGAGA,1
GATGAATCTGGAACAA,1
GATGAATCTGGCTTCA,1
GATGAATCTGGTGGTA,1
GATGAATCTTCACGCA,1
GATGAATCAACTCACC,1
GATGAATCAAGAGATC,4
GATGAATCAAGGACAC,1
GATGAATCAATCCGTC,1
GATGAATCAATGTTGC,1
GATGAATCACACGACC,1
GATGAATCACAGATTC,1
GATGAATCAGATGTAC,1
GATGAATCAGCACCTC,1
GATGAATCAGCCATGC,1
GATGAATCAGGCTAAC,1
GATGAATCATAGCGAC,1
GATGAATCATCATTCC,1
GATGAATCATTGGCTC,1
GATGAATCCAAGGAGC,1
GATGAATCCACCTTAC,1
GATGAATCCCATCCTC,1
GATGAATCCCGACAAC,1
GATGAATCCCTAATCC,1
GATGAATCCCTCTATC,1
GATGAATCCGACACAC,2
GATGAATCCGGATTGC,2
GATGAATCCTAAGGTC,2
GATGAATCGAACAGGC,2
GATGAATCGACAGTGC,4
GATGAATCGAGTTAGC,4
GATGAATCGATGAATC,4
GATGAATCGCCAAGAC,9
GATGAATCCGGAAGAA,9
GATGAATCGTGACAAG,9
GATGAATCGAACCAGA,1
GACTAGTAACAAGCTA,2
GACTAGTATTGCTGGA,5
GACTAGTACTGTAGCC,2
GACTAGTAAGTACAAG,2
GACTAGTAAACAACCA,1
GACTAGTAAACCGAGA,1
GACTAGTAAACGCTTA,1
GACTAGTAAAGACGGA,1
GACTAGTAAAGGTACA,1
GACTAGTAACACAGAA,1
GACTAGTAACAGCAGA,1
GACTAGTAACCTCCAA,1
GACTAGTAACGCTCGA,1
GACTAGTAACGTATCA,1
GACTAGTAACTATGCA,1
GACTAGTAAGAGTCAA,1
GACTAGTAAGATCGCA,1
GACTAGTAAGCAGGAA,1
GACTAGTAAGTCACTA,1
GACTAGTAATCCTGTA,1
GACTAGTAATTGAGGA,1
GACTAGTAATGCCTAA,9
GACTAGTACAACCACA,1
GACTAGTAGACTAGTA,1
GACTAGTACAATGGAA,1
GACTAGTACACTTCGA,1
GACTAGTACAGCGTTA,1
GACTAGTACATACCAA,8
GACTAGTACCAGTTCA,3
GACTAGTACCGAAGTA,3
GACTAGTACCGTGAGA,3
GACTAGTACCTCCTGA,3
GACTAGTAAGTGGTCA,9
GACTAGTACGAACTTA,3
GACTAGTACGACTGGA,3
GACTAGTACGCATACA,3
GACTAGTACTCAATGA,3
GACTAGTACTGAGCCA,3
GACTAGTACTGGCATA,3
GACTAGTAGAATCTGA,3
GACTAGTACAAGACTA,3
GACTAGTAGAGCTGAA,3
GACTAGTAGATAGACA,3
GACTAGTAACCACTGT,4
GACTAGTAGCCACATA,3
GACTAGTAGCGAGTAA,3
GACTAGTAGCTAACGA,3
GACTAGTAGCTCGGTA,3
GACTAGTAGGAGAACA,3
GACTAGTAGGTGCGAA,3
GACTAGTAGTACGCAA,3
GACTAGTAGTCGTAGA,3
GACTAGTAGTCTGTCA,3
GACTAGTAGTGTTCTA,1
GACTAGTAACATTGGC,4
GACTAGTATAGGATGA,3
GACTAGTATATCAGCA,3
GACTAGTATCCGTCTA,3
GACTAGTATCTTCACA,1
GACTAGTATGAAGAGA,3
GACTAGTATGGAACAA,3
GACTAGTATGGCTTCA,3
GACTAGTATGGTGGTA,3
GACTAGTATTCACGCA,3
GACTAGTAAACTCACC,3
GACTAGTACAGATCTG,1
GACTAGTAAAGAGATC,3
GACTAGTAAAGGACAC,3
GACTAGTAAATCCGTC,1
GACTAGTAAATGTTGC,1
GACTAGTAACACGACC,5
GACTAGTAACAGATTC,5
GACTAGTAAGATGTAC,8
GACTAGTAAGCACCTC,1
GACTAGTAAGCCATGC,6
GACTAGTAAGGCTAAC,6
GACTAGTACATCAAGT,1
GACTAGTAATAGCGAC,6
GACTAGTAATCATTCC,6
GACTAGTAATTGGCTC,5
GACTAGTACAAGGAGC,5
GACTAGTACACCTTAC,5
GACTAGTACCATCCTC,5
GACTAGTACCGACAAC,5
GACTAGTACCTAATCC,5
GACTAGTACCTCTATC,5
GACTAGTACGACACAC,5
GACTAGTACGCTGATC,1
GACTAGTACGGATTGC,1
GACTAGTACTAAGGTC,5
GACTAGTAGAACAGGC,5
GACTAGTAGACAGTGC,1
GACTAGTAGAGTTAGC,5
GACTAGTAGATGAATC,5
GACTAGTAGCCAAGAC,5
GACTAGTACGGAAGAA,5
GACTAGTAGTGACAAG,5
GACTAGTAGAACCAGA,5
CAACCACAACAAGCTA,2
CAACCACATTGCTGGA,5
CAACCACACTGTAGCC,2
CAACCACAAGTACAAG,1
CAACCACAAACAACCA,1
CAACCACAAACCGAGA,1
CAACCACAAACGCTTA,1
CAACCACAAAGACGGA,1
CAACCACAAAGGTACA,1
CAACCACAACACAGAA,1
CAACCACAACAGCAGA,1
CAACCACAACCTCCAA,1
CAACCACAACGCTCGA,1
CAACCACAACGTATCA,1
CAACCACAACTATGCA,1
CAACCACAAGAGTCAA,1
CAACCACAAGATCGCA,1
CAACCACAAGCAGGAA,1
CAACCACAAGTCACTA,1
CAACCACAATCCTGTA,1
CAACCACAATTGAGGA,1
CAACCACAATGCCTAA,9
CAACCACACAACCACA,1
CAACCACAGACTAGTA,1
CAACCACACAATGGAA,1
CAACCACACACTTCGA,1
CAACCACACAGCGTTA,1
CAACCACACATACCAA,8
CAACCACACCAGTTCA,3
CAACCACACCGAAGTA,3
CAACCACACCGTGAGA,3
CAACCACACCTCCTGA,3
CAACCACAAGTGGTCA,9
CAACCACACGAACTTA,3
CAACCACACGACTGGA,3
CAACCACACGCATACA,3
CAACCACACTCAATGA,3
CAACCACACTGAGCCA,3
CAACCACACTGGCATA,3
CAACCACAGAATCTGA,3
CAACCACACAAGACTA,3
CAACCACAGAGCTGAA,1
CAACCACAGATAGACA,3
CAACCACAACCACTGT,4
CAACCACAGCCACATA,3
CAACCACAGCGAGTAA,3
CAACCACAGCTAACGA,3
CAACCACAGCTCGGTA,3
CAACCACAGGAGAACA,3
CAACCACAGGTGCGAA,3
CAACCACAGTACGCAA,3
CAACCACAGTCGTAGA,3
CAACCACAGTCTGTCA,3
CAACCACAGTGTTCTA,3
CAACCACAACATTGGC,4
CAACCACATAGGATGA,5
CAACCACATATCAGCA,3
CAACCACATCCGTCTA,3
CAACCACATCTTCACA,3
CAACCACATGAAGAGA,3
CAACCACATGGAACAA,3
CAACCACATGGCTTCA,3
CAACCACATGGTGGTA,3
CAACCACATTCACGCA,3
CAACCACAAACTCACC,3
CAACCACACAGATCTG,1
CAACCACAAAGAGATC,3
CAACCACAAAGGACAC,3
CAACCACAAATCCGTC,3
CAACCACAAATGTTGC,3
CAACCACAACACGACC,3
CAACCACAACAGATTC,8
CAACCACAAGATGTAC,8
CAACCACAAGCACCTC,3
CAACCACAAGCCATGC,6
CAACCACAAGGCTAAC,6
CAACCACACATCAAGT,1
CAACCACAATAGCGAC,6
CAACCACAATCATTCC,6
CAACCACAATTGGCTC,5
CAACCACACAAGGAGC,5
CAACCACACACCTTAC,5
CAACCACACCATCCTC,5
CAACCACACCGACAAC,5
CAACCACACCTAATCC,5
CAACCACACCTCTATC,5
CAACCACACGACACAC,5
CAACCACACGCTGATC,1
CAACCACACGGATTGC,5
CAACCACACTAAGGTC,5
CAACCACAGAACAGGC,5
CAACCACAGACAGTGC,5
CAACCACAGAGTTAGC,5
CAACCACAGATGAATC,5
CAACCACAGCCAAGAC,5
CAACCACACGGAAGAA,5
CAACCACAGTGACAAG,5
CAACCACAGAACCAGA,1
ATTGAGGAACAAGCTA,1
ATTGAGGATTGCTGGA,5
ATTGAGGACTGTAGCC,1
ATTGAGGAAGTACAAG,1
ATTGAGGAAACAACCA,1
ATTGAGGAAACCGAGA,1
ATTGAGGAAACGCTTA,1
ATTGAGGAAAGACGGA,1
ATTGAGGAAAGGTACA,9
ATTGAGGAACACAGAA,1
ATTGAGGAACAGCAGA,1
ATTGAGGAACCTCCAA,1
ATTGAGGAACGCTCGA,1
ATTGAGGAACGTATCA,1
ATTGAGGAACTATGCA,1
ATTGAGGAAGAGTCAA,1
ATTGAGGAAGATCGCA,1
ATTGAGGAAGCAGGAA,1
ATTGAGGAAGTCACTA,1
ATTGAGGAATCCTGTA,1
ATTGAGGAATTGAGGA,1
ATTGAGGACAACCACA,1
ATTGAGGAGACTAGTA,1
ATTGAGGACAATGGAA,1
ATTGAGGACACTTCGA,1
ATTGAGGACAGCGTTA,1
ATTGAGGACATACCAA,1
ATTGAGGACCAGTTCA,3
ATTGAGGACCGAAGTA,3
ATTGAGGACCGTGAGA,3
ATTGAGGACCTCCTGA,3
ATTGAGGAAGTGGTCA,9
ATTGAGGACGAACTTA,3
ATTGAGGACGACTGGA,3
ATTGAGGACGCATACA,3
ATTGAGGACTCAATGA,3
ATTGAGGACTGAGCCA,3
ATTGAGGACTGGCATA,3
ATTGAGGAGAATCTGA,3
ATTGAGGACAAGACTA,3
ATTGAGGAGAGCTGAA,3
ATTGAGGAGATAGACA,3
ATTGAGGAACCACTGT,9
ATTGAGGAGCCACATA,3
ATTGAGGAGCGAGTAA,3
ATTGAGGAGCTAACGA,3
ATTGAGGAGCTCGGTA,3
ATTGAGGAGGAGAACA,4
ATTGAGGAGGTGCGAA,3
ATTGAGGAGTACGCAA,3
ATTGAGGAGTCGTAGA,3
ATTGAGGAGTCTGTCA,3
ATTGAGGAGTGTTCTA,3
ATTGAGGAACATTGGC,4
ATTGAGGATAGGATGA,5
ATTGAGGATATCAGCA,1
ATTGAGGATCCGTCTA,1
ATTGAGGATCTTCACA,3
ATTGAGGATGAAGAGA,3
ATTGAGGATGGAACAA,3
ATTGAGGATGGCTTCA,3
ATTGAGGATGGTGGTA,3
ATTGAGGATTCACGCA,3
ATTGAGGAAACTCACC,3
ATTGAGGACAGATCTG,4
ATTGAGGAAAGAGATC,3
ATTGAGGAAAGGACAC,5
ATTGAGGAAATCCGTC,3
ATTGAGGAAATGTTGC,5
ATTGAGGAACACGACC,3
ATTGAGGAACAGATTC,7
ATTGAGGAAGATGTAC,8
ATTGAGGAAGCACCTC,8
ATTGAGGAAGCCATGC,6
ATTGAGGAAGGCTAAC,6
ATTGAGGACATCAAGT,1
ATTGAGGAATAGCGAC,6
ATTGAGGAATCATTCC,6
ATTGAGGAATTGGCTC,6
ATTGAGGACAAGGAGC,5
ATTGAGGACACCTTAC,5
ATTGAGGACCATCCTC,5
ATTGAGGACCGACAAC,5
ATTGAGGACCTAATCC,5
ATTGAGGACCTCTATC,5
ATTGAGGACGACACAC,5
ATTGAGGACGCTGATC,1
ATTGAGGACGGATTGC,5
ATTGAGGACTAAGGTC,5
ATTGAGGAGAACAGGC,5
ATTGAGGAGACAGTGC,5
ATTGAGGAGAGTTAGC,5
ATTGAGGAGATGAATC,5
ATTGAGGAGCCAAGAC,5
ATTGAGGACGGAAGAA,5
ATTGAGGAGTGACAAG,5
ATTGAGGAGAACCAGA,5
ATCCTGTAACAAGCTA,1
ATCCTGTATTGCTGGA,5
ATCCTGTACTGTAGCC,1
ATCCTGTAAGTACAAG,1
ATCCTGTAAACAACCA,1
ATCCTGTAAACCGAGA,1
ATCCTGTAAACGCTTA,1
ATCCTGTAAAGACGGA,1
ATCCTGTAAAGGTACA,1
ATCCTGTAACACAGAA,1
ATCCTGTAACAGCAGA,1
ATCCTGTAACCTCCAA,1
ATCCTGTAACGCTCGA,1
ATCCTGTAACGTATCA,1
ATCCTGTAACTATGCA,1
ATCCTGTAAGAGTCAA,1
ATCCTGTAAGATCGCA,1
ATCCTGTAAGCAGGAA,1
ATCCTGTAAGTCACTA,1
ATCCTGTAATCCTGTA,1
ATCCTGTAATTGAGGA,1
ATCCTGTACAACCACA,1
ATCCTGTAGACTAGTA,1
ATCCTGTACAATGGAA,1
ATCCTGTACACTTCGA,1
ATCCTGTACAGCGTTA,1
ATCCTGTACATACCAA,1
ATCCTGTACCAGTTCA,3
ATCCTGTACCGAAGTA,3
ATCCTGTACCGTGAGA,3
ATCCTGTACCTCCTGA,3
ATCCTGTAAGTGGTCA,9
ATCCTGTACGAACTTA,3
ATCCTGTACGACTGGA,3
ATCCTGTACGCATACA,3
ATCCTGTACTCAATGA,3
ATCCTGTACTGAGCCA,3
ATCCTGTACTGGCATA,3
ATCCTGTAGAATCTGA,3
ATCCTGTACAAGACTA,3
ATCCTGTAGAGCTGAA,3
ATCCTGTAGATAGACA,3
ATCCTGTAACCACTGT,9
ATCCTGTAGCCACATA,3
ATCCTGTAGCGAGTAA,3
ATCCTGTAGCTAACGA,3
ATCCTGTAGCTCGGTA,3
ATCCTGTAGGAGAACA,3
ATCCTGTAGGTGCGAA,3
ATCCTGTAGTACGCAA,3
ATCCTGTAGTCGTAGA,3
ATCCTGTAGTCTGTCA,3
ATCCTGTAGTGTTCTA,3
ATCCTGTAACATTGGC,4
ATCCTGTATAGGATGA,3
ATCCTGTATATCAGCA,3
ATCCTGTATCCGTCTA,3
ATCCTGTATCTTCACA,3
ATCCTGTATGAAGAGA,3
ATCCTGTATGGAACAA,3
ATCCTGTATGGCTTCA,3
ATCCTGTATGGTGGTA,3
ATCCTGTATTCACGCA,3
ATCCTGTAAACTCACC,3
ATCCTGTACAGATCTG,4
ATCCTGTAAAGAGATC,3
ATCCTGTAAAGGACAC,3
ATCCTGTAAATCCGTC,5
ATCCTGTAAATGTTGC,5
ATCCTGTAACACGACC,5
ATCCTGTAACAGATTC,8
ATCCTGTAAGATGTAC,3
ATCCTGTAAGCACCTC,8
ATCCTGTAAGCCATGC,6
ATCCTGTAAGGCTAAC,6
ATCCTGTACATCAAGT,1
ATCCTGTAATAGCGAC,6
ATCCTGTAATCATTCC,6
ATCCTGTAATTGGCTC,5
ATCCTGTACAAGGAGC,5
ATCCTGTACACCTTAC,5
ATCCTGTACCATCCTC,5
ATCCTGTACCGACAAC,5
ATCCTGTACCTAATCC,5
ATCCTGTACCTCTATC,5
ATCCTGTACGACACAC,5
ATCCTGTACGCTGATC,1
ATCCTGTACGGATTGC,5
ATCCTGTACTAAGGTC,5
ATCCTGTAGAACAGGC,5
ATCCTGTAGACAGTGC,5
ATCCTGTAGAGTTAGC,5
ATCCTGTAGATGAATC,5
ATCCTGTAGCCAAGAC,5
ATCCTGTACGGAAGAA,5
ATCCTGTAGTGACAAG,5
ATCCTGTAGAACCAGA,5
AGTCACTAACAAGCTA,1
AGTCACTATTGCTGGA,5
AGTCACTACTGTAGCC,1
AGTCACTAAGTACAAG,1
AGTCACTAAACAACCA,1
AGTCACTAAACCGAGA,4
AGTCACTAAACGCTTA,4
AGTCACTAAAGACGGA,1
AGTCACTAAAGGTACA,1
AGTCACTAACACAGAA,1
AGTCACTAACAGCAGA,1
AGTCACTAACCTCCAA,1
AGTCACTAACGCTCGA,1
AGTCACTAACGTATCA,1
AGTCACTAACTATGCA,1
AGTCACTAAGAGTCAA,1
AGTCACTAAGATCGCA,1
AGTCACTAAGCAGGAA,1
AGTCACTAAGTCACTA,1
AGTCACTAATCCTGTA,1
AGTCACTAATTGAGGA,1
AGTCACTACAACCACA,1
AGTCACTAGACTAGTA,1
AGTCACTACAATGGAA,1
AGTCACTACACTTCGA,1
AGTCACTACAGCGTTA,1
AGTCACTACATACCAA,1
AGTCACTACCAGTTCA,3
AGTCACTACCGAAGTA,3
AGTCACTACCGTGAGA,3
AGTCACTACCTCCTGA,3
AGTCACTACGAACTTA,3
AGTCACTACGACTGGA,3
AGTCACTACGCATACA,3
AGTCACTACTCAATGA,3
AGTCACTACTGAGCCA,3
AGTCACTACTGGCATA,3
AGTCACTAGAATCTGA,3
AGTCACTACAAGACTA,3
AGTCACTAGAGCTGAA,3
AGTCACTAGATAGACA,3
AGTCACTAACCACTGT,9
AGTCACTAGCCACATA,3
AGTCACTAGCGAGTAA,3
AGTCACTAGCTAACGA,3
AGTCACTAGCTCGGTA,3
AGTCACTAGGAGAACA,3
AGTCACTAGGTGCGAA,3
AGTCACTAGTACGCAA,3
AGTCACTAGTCGTAGA,3
AGTCACTAGTCTGTCA,3
AGTCACTAGTGTTCTA,3
AGTCACTAACATTGGC,4
AGTCACTATAGGATGA,3
AGTCACTATATCAGCA,3
AGTCACTATCCGTCTA,3
AGTCACTATCTTCACA,3
AGTCACTATGAAGAGA,3
AGTCACTATGGAACAA,3
AGTCACTATGGCTTCA,3
AGTCACTATGGTGGTA,3
AGTCACTATTCACGCA,8
AGTCACTAAACTCACC,3
AGTCACTACAGATCTG,4
AGTCACTAAAGAGATC,3
AGTCACTAAAGGACAC,3
AGTCACTAAATCCGTC,5
AGTCACTAAATGTTGC,5
AGTCACTAACACGACC,5
AGTCACTAACAGATTC,8
AGTCACTAAGATGTAC,8
AGTCACTAAGCACCTC,8
AGTCACTAAGCCATGC,8
AGTCACTAAGGCTAAC,6
AGTCACTACATCAAGT,4
AGTCACTAATAGCGAC,6
AGTCACTAATCATTCC,6
AGTCACTAATTGGCTC,5
AGTCACTACAAGGAGC,5
AGTCACTACACCTTAC,5
AGTCACTACCATCCTC,5
AGTCACTACCGACAAC,5
AGTCACTACCTAATCC,5
AGTCACTACCTCTATC,5
AGTCACTACGACACAC,5
AGTCACTACGCTGATC,1
AGTCACTACGGATTGC,5
AGTCACTACTAAGGTC,5
AGTCACTAGAACAGGC,5
AGTCACTAGACAGTGC,5
AGTCACTAGAGTTAGC,1
AGTCACTAGATGAATC,5
AGTCACTAGCCAAGAC,5
AGTCACTACGGAAGAA,5
AGTCACTAGTGACAAG,1
AGTCACTAGAACCAGA,5
AGCAGGAAACAAGCTA,1
AGCAGGAATTGCTGGA,4
AGCAGGAACTGTAGCC,1
AGCAGGAAAGTACAAG,1
AGCAGGAAAACAACCA,4
AGCAGGAAAACCGAGA,4
AGCAGGAAAACGCTTA,1
AGCAGGAAAAGACGGA,1
AGCAGGAAAAGGTACA,1
AGCAGGAAACACAGAA,1
AGCAGGAAACAGCAGA,1
AGCAGGAAACCTCCAA,1
AGCAGGAAACGCTCGA,1
AGCAGGAAACGTATCA,1
AGCAGGAAACTATGCA,1
AGCAGGAAAGAGTCAA,1
AGCAGGAAAGATCGCA,1
AGCAGGAAAGCAGGAA,1
AGCAGGAAAGTCACTA,1
AGCAGGAAATCCTGTA,1
AGCAGGAAATTGAGGA,1
AGCAGGAACAACCACA,1
AGCAGGAAGACTAGTA,1
AGCAGGAACAATGGAA,1
AGCAGGAACACTTCGA,1
AGCAGGAACAGCGTTA,1
AGCAGGAACATACCAA,1
AGCAGGAACCAGTTCA,3
AGCAGGAACCGAAGTA,3
AGCAGGAACCGTGAGA,3
AGCAGGAACCTCCTGA,3
AGCAGGAACGAACTTA,3
AGCAGGAACGACTGGA,3
AGCAGGAACGCATACA,3
AGCAGGAACTCAATGA,3
AGCAGGAACTGAGCCA,3
AGCAGGAACTGGCATA,3
AGCAGGAAGAATCTGA,3
AGCAGGAACAAGACTA,3
AGCAGGAAGAGCTGAA,3
AGCAGGAAGATAGACA,3
AGCAGGAAACCACTGT,9
AGCAGGAAGCCACATA,3
AGCAGGAAGCGAGTAA,3
AGCAGGAAGCTAACGA,3
AGCAGGAAGCTCGGTA,3
AGCAGGAAGGAGAACA,3
AGCAGGAAGGTGCGAA,3
AGCAGGAAGTACGCAA,3
AGCAGGAAGTCGTAGA,1
AGCAGGAAGTCTGTCA,3
AGCAGGAAGTGTTCTA,3
AGCAGGAAACATTGGC,9
AGCAGGAATAGGATGA,1
AGCAGGAATATCAGCA,3
AGCAGGAATCCGTCTA,3
AGCAGGAATCTTCACA,3
AGCAGGAATGAAGAGA,3
AGCAGGAATGGAACAA,3
AGCAGGAATGGCTTCA,3
AGCAGGAATGGTGGTA,3
AGCAGGAATTCACGCA,8
AGCAGGAAAACTCACC,3
AGCAGGAACAGATCTG,4
AGCAGGAAAAGAGATC,3
AGCAGGAAAAGGACAC,3
AGCAGGAAAATCCGTC,3
AGCAGGAAAATGTTGC,5
AGCAGGAAACACGACC,5
AGCAGGAAACAGATTC,8
AGCAGGAAAGATGTAC,8
AGCAGGAAAGCACCTC,3
AGCAGGAAAGCCATGC,5
AGCAGGAAAGGCTAAC,5
AGCAGGAACATCAAGT,4
AGCAGGAAATAGCGAC,5
AGCAGGAAATCATTCC,5
AGCAGGAAATTGGCTC,5
AGCAGGAACAAGGAGC,5
AGCAGGAACACCTTAC,5
AGCAGGAACCATCCTC,5
AGCAGGAACCGACAAC,5
AGCAGGAACCTAATCC,5
AGCAGGAACCTCTATC,5
AGCAGGAACGACACAC,5
AGCAGGAACGCTGATC,1
AGCAGGAACGGATTGC,5
AGCAGGAACTAAGGTC,5
AGCAGGAAGAACAGGC,5
AGCAGGAAGACAGTGC,5
AGCAGGAAGAGTTAGC,5
AGCAGGAAGATGAATC,5
AGCAGGAAGCCAAGAC,5
AGCAGGAACGGAAGAA,5
AGCAGGAAGTGACAAG,5
AGCAGGAAGAACCAGA,4
AGATCGCAACAAGCTA,1
AGATCGCATTGCTGGA,4
AGATCGCACTGTAGCC,1
AGATCGCAAGTACAAG,1
AGATCGCAAACAACCA,1
AGATCGCAAACCGAGA,4
AGATCGCAAACGCTTA,1
AGATCGCAAAGACGGA,1
AGATCGCAAAGGTACA,1
AGATCGCAACACAGAA,1
AGATCGCAACAGCAGA,1
AGATCGCAACCTCCAA,1
AGATCGCAACGCTCGA,1
AGATCGCAACGTATCA,1
AGATCGCAACTATGCA,1
AGATCGCAAGAGTCAA,1
AGATCGCAAGATCGCA,1
AGATCGCAAGCAGGAA,1
AGATCGCAAGTCACTA,1
AGATCGCAATCCTGTA,1
AGATCGCAATTGAGGA,1
AGATCGCACAACCACA,1
AGATCGCAGACTAGTA,1
AGATCGCACAATGGAA,1
AGATCGCACACTTCGA,1
AGATCGCACAGCGTTA,1
AGATCGCACATACCAA,1
AGATCGCACCAGTTCA,3
AGATCGCACCGAAGTA,3
AGATCGCACCGTGAGA,3
AGATCGCACCTCCTGA,3
AGATCGCACGAACTTA,3
AGATCGCACGACTGGA,3
AGATCGCACGCATACA,3
AGATCGCACTCAATGA,3
AGATCGCACTGAGCCA,3
AGATCGCACTGGCATA,3
AGATCGCAGAATCTGA,3
AGATCGCACAAGACTA,3
AGATCGCAGAGCTGAA,3
AGATCGCAGATAGACA,3
AGATCGCAACCACTGT,9
AGATCGCAGCCACATA,3
AGATCGCAGCGAGTAA,3
AGATCGCAGCTAACGA,3
AGATCGCAGCTCGGTA,3
AGATCGCAGGAGAACA,3
AGATCGCAGGTGCGAA,3
AGATCGCAGTACGCAA,3
AGATCGCAGTCGTAGA,3
AGATCGCAGTCTGTCA,3
AGATCGCAGTGTTCTA,3
AGATCGCAACATTGGC,4
AGATCGCATAGGATGA,4
AGATCGCATATCAGCA,4
AGATCGCATCCGTCTA,3
AGATCGCATCTTCACA,3
AGATCGCATGAAGAGA,3
AGATCGCATGGAACAA,3
AGATCGCATGGCTTCA,3
AGATCGCATGGTGGTA,3
AGATCGCATTCACGCA,3
AGATCGCAAACTCACC,3
AGATCGCACAGATCTG,4
AGATCGCAAAGAGATC,3
AGATCGCAAAGGACAC,3
AGATCGCAAATCCGTC,5
AGATCGCAAATGTTGC,8
AGATCGCAACACGACC,8
AGATCGCAACAGATTC,8
AGATCGCAAGATGTAC,5
AGATCGCAAGCACCTC,3
AGATCGCAAGCCATGC,5
AGATCGCAAGGCTAAC,5
AGATCGCACATCAAGT,4
AGATCGCAATAGCGAC,5
AGATCGCAATCATTCC,5
AGATCGCAATTGGCTC,5
AGATCGCACAAGGAGC,3
AGATCGCACACCTTAC,5
AGATCGCACCATCCTC,5
AGATCGCACCGACAAC,5
AGATCGCACCTAATCC,5
AGATCGCACCTCTATC,5
AGATCGCACGACACAC,5
AGATCGCACGCTGATC,1
AGATCGCACGGATTGC,5
AGATCGCACTAAGGTC,5
AGATCGCAGAACAGGC,5
AGATCGCAGACAGTGC,5
AGATCGCAGAGTTAGC,4
AGATCGCAGATGAATC,1
AGATCGCAGCCAAGAC,5
AGATCGCACGGAAGAA,5
AGATCGCAGTGACAAG,1
AGATCGCAGAACCAGA,4
AGAGTCAAACAAGCTA,1
AGAGTCAATTGCTGGA,5
AGAGTCAACTGTAGCC,1
AGAGTCAAAGTACAAG,1
AGAGTCAAAACAACCA,1
AGAGTCAAAACCGAGA,4
AGAGTCAAAACGCTTA,4
AGAGTCAAAAGACGGA,2
AGAGTCAAAAGGTACA,1
AGAGTCAAACACAGAA,1
AGAGTCAAACAGCAGA,1
AGAGTCAAACCTCCAA,1
AGAGTCAAACGCTCGA,1
AGAGTCAAACGTATCA,1
AGAGTCAAACTATGCA,1
AGAGTCAAAGAGTCAA,1
AGAGTCAAAGATCGCA,1
AGAGTCAAAGCAGGAA,1
AGAGTCAAAGTCACTA,1
AGAGTCAAATCCTGTA,1
AGAGTCAAATTGAGGA,1
AGAGTCAACAACCACA,1
AGAGTCAAGACTAGTA,1
AGAGTCAACAATGGAA,1
AGAGTCAACACTTCGA,1
AGAGTCAACAGCGTTA,1
AGAGTCAACATACCAA,1
AGAGTCAACCAGTTCA,5
AGAGTCAACCGAAGTA,3
AGAGTCAACCGTGAGA,3
AGAGTCAACCTCCTGA,3
AGAGTCAACGAACTTA,4
AGAGTCAACGACTGGA,1
AGAGTCAACGCATACA,1
AGAGTCAACTCAATGA,3
AGAGTCAACTGAGCCA,3
AGAGTCAACTGGCATA,3
AGAGTCAAGAATCTGA,3
AGAGTCAACAAGACTA,3
AGAGTCAAGAGCTGAA,3
AGAGTCAAGATAGACA,3
AGAGTCAAGCCACATA,3
AGAGTCAAGCGAGTAA,3
AGAGTCAAGCTAACGA,3
AGAGTCAAGCTCGGTA,3
AGAGTCAAGGAGAACA,3
AGAGTCAAGGTGCGAA,3
AGAGTCAAGTACGCAA,3
AGAGTCAAGTCGTAGA,3
AGAGTCAAGTCTGTCA,1
AGAGTCAAGTGTTCTA,3
AGAGTCAAACATTGGC,9
AGAGTCAATAGGATGA,3
AGAGTCAATATCAGCA,3
AGAGTCAATCCGTCTA,3
AGAGTCAATCTTCACA,3
AGAGTCAATGAAGAGA,3
AGAGTCAATGGAACAA,3
AGAGTCAATGGCTTCA,3
AGAGTCAATGGTGGTA,3
AGAGTCAATTCACGCA,3
AGAGTCAAAACTCACC,3
AGAGTCAACAGATCTG,9
AGAGTCAAAAGAGATC,3
AGAGTCAAAAGGACAC,3
AGAGTCAAAATCCGTC,8
AGAGTCAAAATGTTGC,8
AGAGTCAAACACGACC,8
AGAGTCAAACAGATTC,8
AGAGTCAAAGATGTAC,8
AGAGTCAAAGCACCTC,5
AGAGTCAAAGCCATGC,5
AGAGTCAAAGGCTAAC,5
AGAGTCAACATCAAGT,4
AGAGTCAAATAGCGAC,5
AGAGTCAAATCATTCC,5
AGAGTCAAATTGGCTC,5
AGAGTCAACAAGGAGC,5
AGAGTCAACACCTTAC,5
AGAGTCAACCATCCTC,5
AGAGTCAACCGACAAC,5
AGAGTCAACCTAATCC,5
AGAGTCAACCTCTATC,5
AGAGTCAACGACACAC,5
AGAGTCAACGCTGATC,1
AGAGTCAACGGATTGC,5
AGAGTCAACTAAGGTC,5
AGAGTCAAGAACAGGC,5
AGAGTCAAGACAGTGC,5
AGAGTCAAGAGTTAGC,5
AGAGTCAAGATGAATC,5
AGAGTCAAGCCAAGAC,5
AGAGTCAACGGAAGAA,5
AGAGTCAAGTGACAAG,5
AGAGTCAAGAACCAGA,4
ACTATGCAACAAGCTA,1
ACTATGCATTGCTGGA,5
ACTATGCACTGTAGCC,1
ACTATGCAAGTACAAG,1
ACTATGCAAACAACCA,1
ACTATGCAAACCGAGA,1
ACTATGCAAACGCTTA,4
ACTATGCAAAGACGGA,4
ACTATGCAAAGGTACA,2
ACTATGCAACACAGAA,1
ACTATGCAACAGCAGA,1
ACTATGCAACCTCCAA,1
ACTATGCAACGCTCGA,1
ACTATGCAACGTATCA,1
ACTATGCAACTATGCA,1
ACTATGCAAGAGTCAA,1
ACTATGCAAGATCGCA,1
ACTATGCAAGCAGGAA,1
ACTATGCAAGTCACTA,1
ACTATGCAATCCTGTA,1
ACTATGCAATTGAGGA,1
ACTATGCACAACCACA,1
ACTATGCAGACTAGTA,1
ACTATGCACAATGGAA,1
ACTATGCACACTTCGA,1
ACTATGCACAGCGTTA,1
ACTATGCACATACCAA,1
ACTATGCACCAGTTCA,3
ACTATGCACCGAAGTA,3
ACTATGCACCGTGAGA,3
ACTATGCACCTCCTGA,3
ACTATGCACGAACTTA,3
ACTATGCACGACTGGA,4
ACTATGCACGCATACA,3
ACTATGCACTCAATGA,3
ACTATGCACTGAGCCA,3
ACTATGCACTGGCATA,3
ACTATGCAGAATCTGA,3
ACTATGCACAAGACTA,3
ACTATGCAGAGCTGAA,3
ACTATGCAGATAGACA,3
ACTATGCAGCCACATA,3
ACTATGCAGCGAGTAA,3
ACTATGCAGCTAACGA,3
ACTATGCAGCTCGGTA,3
ACTATGCAGGAGAACA,3
ACTATGCAGGTGCGAA,3
ACTATGCAGTACGCAA,3
ACTATGCAGTCGTAGA,3
ACTATGCAGTCTGTCA,3
ACTATGCAGTGTTCTA,3
ACTATGCAACATTGGC,9
ACTATGCATAGGATGA,3
ACTATGCATATCAGCA,3
ACTATGCATCCGTCTA,3
ACTATGCATCTTCACA,3
ACTATGCATGAAGAGA,3
ACTATGCATGGAACAA,3
ACTATGCATGGCTTCA,3
ACTATGCATGGTGGTA,3
ACTATGCATTCACGCA,3
ACTATGCAAACTCACC,3
ACTATGCACAGATCTG,9
ACTATGCAAAGAGATC,3
ACTATGCAAAGGACAC,8
ACTATGCAAATCCGTC,8
ACTATGCAAATGTTGC,7
ACTATGCAACACGACC,7
ACTATGCAACAGATTC,7
ACTATGCAAGATGTAC,8
ACTATGCAAGCACCTC,5
ACTATGCAAGCCATGC,5
ACTATGCAAGGCTAAC,5
ACTATGCACATCAAGT,9
ACTATGCAATAGCGAC,5
ACTATGCAATCATTCC,5
ACTATGCAATTGGCTC,5
ACTATGCACAAGGAGC,5
ACTATGCACACCTTAC,5
ACTATGCACCATCCTC,5
ACTATGCACCGACAAC,5
ACTATGCACCTAATCC,5
ACTATGCACCTCTATC,5
ACTATGCACGACACAC,5
ACTATGCACGCTGATC,4
ACTATGCACGGATTGC,5
ACTATGCACTAAGGTC,5
ACTATGCAGAACAGGC,5
ACTATGCAGACAGTGC,5
ACTATGCAGAGTTAGC,5
ACTATGCAGATGAATC,5
ACTATGCAGCCAAGAC,5
ACTATGCACGGAAGAA,5
ACTATGCAGTGACAAG,5
ACTATGCAGAACCAGA,5
ACGTATCAACAAGCTA,1
ACGTATCATTGCTGGA,9
ACGTATCACTGTAGCC,1
ACGTATCAAGTACAAG,1
ACGTATCAAACAACCA,1
ACGTATCAAACCGAGA,1
ACGTATCAAACGCTTA,1
ACGTATCAAAGACGGA,4
ACGTATCAAAGGTACA,1
ACGTATCAACACAGAA,1
ACGTATCAACAGCAGA,1
ACGTATCAACCTCCAA,1
ACGTATCAACGCTCGA,1
ACGTATCAACGTATCA,1
ACGTATCAACTATGCA,1
ACGTATCAAGAGTCAA,1
ACGTATCAAGATCGCA,1
ACGTATCAAGCAGGAA,1
ACGTATCAAGTCACTA,1
ACGTATCAATCCTGTA,1
ACGTATCAATTGAGGA,1
ACGTATCACAACCACA,1
ACGTATCAGACTAGTA,1
ACGTATCACAATGGAA,1
ACGTATCACACTTCGA,1
ACGTATCACAGCGTTA,1
ACGTATCACATACCAA,1
ACGTATCACCAGTTCA,1
ACGTATCACCGAAGTA,3
ACGTATCACCGTGAGA,3
ACGTATCACCTCCTGA,3
ACGTATCACGAACTTA,3
ACGTATCACGACTGGA,1
ACGTATCACGCATACA,3
ACGTATCACTCAATGA,3
ACGTATCACTGAGCCA,3
ACGTATCACTGGCATA,3
ACGTATCAGAATCTGA,3
ACGTATCACAAGACTA,3
ACGTATCAGAGCTGAA,3
ACGTATCAGATAGACA,3
ACGTATCAGCCACATA,3
ACGTATCAGCGAGTAA,3
ACGTATCAGCTAACGA,3
ACGTATCAGCTCGGTA,3
ACGTATCAGGAGAACA,3
ACGTATCAGGTGCGAA,3
ACGTATCAGTACGCAA,5
ACGTATCAGTCGTAGA,3
ACGTATCAGTCTGTCA,3
ACGTATCAGTGTTCTA,3
ACGTATCAACATTGGC,9
ACGTATCATAGGATGA,3
ACGTATCATATCAGCA,3
ACGTATCATCCGTCTA,3
ACGTATCATCTTCACA,3
ACGTATCATGAAGAGA,3
ACGTATCATGGAACAA,3
ACGTATCATGGCTTCA,3
ACGTATCATGGTGGTA,3
ACGTATCATTCACGCA,3
ACGTATCAAACTCACC,3
ACGTATCACAGATCTG,9
ACGTATCAAAGAGATC,3
ACGTATCAAAGGACAC,1
ACGTATCAAATCCGTC,8
ACGTATCAAATGTTGC,7
ACGTATCAACACGACC,7
ACGTATCAACAGATTC,7
ACGTATCAAGATGTAC,7
ACGTATCAAGCACCTC,1
ACGTATCAAGCCATGC,5
ACGTATCAAGGCTAAC,5
ACGTATCACATCAAGT,9
ACGTATCAATAGCGAC,5
ACGTATCAATCATTCC,5
ACGTATCAATTGGCTC,5
ACGTATCACAAGGAGC,5
ACGTATCACACCTTAC,5
ACGTATCACCATCCTC,5
ACGTATCACCGACAAC,5
ACGTATCACCTAATCC,5
ACGTATCACCTCTATC,5
ACGTATCACGACACAC,5
ACGTATCACGCTGATC,9
ACGTATCACGGATTGC,5
ACGTATCACTAAGGTC,5
ACGTATCAGAACAGGC,5
ACGTATCAGACAGTGC,5
ACGTATCAGAGTTAGC,5
ACGTATCAGATGAATC,5
ACGTATCAGCCAAGAC,5
ACGTATCACGGAAGAA,5
ACGTATCAGTGACAAG,5
ACGTATCAGAACCAGA,5
GAGTTAGCTTGCTGGA,4
GAGTTAGCACGCTCGA,4
GAGTTAGCACGTATCA,4
GAGTTAGCACTATGCA,4
GAGTTAGCAGAGTCAA,4
GAGTTAGCAGATCGCA,4
GAGTTAGCAGCAGGAA,4
GAGTTAGCAGTCACTA,4
GAGTTAGCATCCTGTA,4
GAGTTAGCATTGAGGA,4
GAGTTAGCCAACCACA,4
GAGTTAGCGACTAGTA,4
GAGTTAGCCAATGGAA,4
GAGTTAGCCACTTCGA,2
GAGTTAGCCAGCGTTA,2
GAGTTAGCCATACCAA,2
GAGTTAGCCCAGTTCA,2
GAGTTAGCCCGAAGTA,2
GAGTTAGCCCGTGAGA,4
GAGTTAGCCCTCCTGA,4
GAGTTAGCCGAACTTA,2
GAGTTAGCCGACTGGA,2
GAGTTAGCCGCATACA,2
GAGTTAGCCTCAATGA,2
GAGTTAGCCTGAGCCA,2
GAGTTAGCCTGGCATA,2
GAGTTAGCGAATCTGA,2
GAGTTAGCCAAGACTA,2
GAGTTAGCGAGCTGAA,1
GAGTTAGCGATAGACA,1
GAGTTAGCGCCACATA,1
GAGTTAGCGCGAGTAA,1
GAGTTAGCGCTAACGA,1
GAGTTAGCGCTCGGTA,2
GAGTTAGCGGAGAACA,1
GAGTTAGCGGTGCGAA,1
GAGTTAGCGTACGCAA,1
GAGTTAGCGTCGTAGA,4
GAGTTAGCGTCTGTCA,1
GAGTTAGCGTGTTCTA,1
GAGTTAGCTAGGATGA,7
GAGTTAGCTATCAGCA,1
GAGTTAGCTCCGTCTA,1
GAGTTAGCTCTTCACA,1
GAGTTAGCTGAAGAGA,4
GAGTTAGCTGGAACAA,1
GAGTTAGCTGGCTTCA,1
GAGTTAGCTGGTGGTA,1
GAGTTAGCTTCACGCA,3
GAGTTAGCAACTCACC,1
GAGTTAGCAAGAGATC,1
GAGTTAGCAAGGACAC,1
GAGTTAGCAATCCGTC,1
GAGTTAGCAATGTTGC,1
GAGTTAGCACACGACC,1
GAGTTAGCACAGATTC,1
GAGTTAGCAGATGTAC,1
GAGTTAGCAGCACCTC,1
GAGTTAGCAGCCATGC,1
GAGTTAGCAGGCTAAC,1
GAGTTAGCATAGCGAC,1
GAGTTAGCATCATTCC,1
GAGTTAGCATTGGCTC,1
GAGTTAGCCAAGGAGC,1
GAGTTAGCCACCTTAC,1
GAGTTAGCCCATCCTC,1
GAGTTAGCCCGACAAC,1
GAGTTAGCCCTAATCC,1
GAGTTAGCCCTCTATC,4
GAGTTAGCCGACACAC,2
GAGTTAGCCGGATTGC,1
GAGTTAGCCTAAGGTC,2
GAGTTAGCGAACAGGC,2
GAGTTAGCGACAGTGC,4
GAGTTAGCGAGTTAGC,4
GAGTTAGCGATGAATC,4
GAGTTAGCGCCAAGAC,9
GAGTTAGCCGGAAGAA,9
GAGTTAGCGTGACAAG,1
GAGTTAGCGAACCAGA,4
ACGCTCGAACAAGCTA,9
ACGCTCGATTGCTGGA,5
ACGCTCGACTGTAGCC,4
ACGCTCGAAGTACAAG,1
ACGCTCGAAACAACCA,1
ACGCTCGAAACCGAGA,1
ACGCTCGAAACGCTTA,1
ACGCTCGAAAGACGGA,9
ACGCTCGAAAGGTACA,1
ACGCTCGAACACAGAA,1
ACGCTCGAACAGCAGA,1
ACGCTCGAACCTCCAA,1
ACGCTCGAACGCTCGA,5
ACGCTCGAACGTATCA,1
ACGCTCGAACTATGCA,1
ACGCTCGAAGAGTCAA,1
ACGCTCGAAGATCGCA,1
ACGCTCGAAGCAGGAA,1
ACGCTCGAAGTCACTA,1
ACGCTCGAATCCTGTA,1
ACGCTCGAATTGAGGA,1
ACGCTCGACAACCACA,1
ACGCTCGAGACTAGTA,1
ACGCTCGACAATGGAA,1
ACGCTCGACACTTCGA,1
ACGCTCGACAGCGTTA,1
ACGCTCGACATACCAA,1
ACGCTCGACCAGTTCA,1
ACGCTCGACCGAAGTA,3
ACGCTCGACCGTGAGA,3
ACGCTCGACCTCCTGA,3
ACGCTCGACGAACTTA,3
ACGCTCGACGACTGGA,3
ACGCTCGACGCATACA,3
ACGCTCGACTCAATGA,3
ACGCTCGACTGAGCCA,3
ACGCTCGACTGGCATA,3
ACGCTCGAGAATCTGA,3
ACGCTCGACAAGACTA,3
ACGCTCGAGAGCTGAA,3
ACGCTCGAGATAGACA,3
ACGCTCGAGCCACATA,3
ACGCTCGAGCGAGTAA,3
ACGCTCGAGCTAACGA,3
ACGCTCGAGCTCGGTA,3
ACGCTCGAGGAGAACA,3
ACGCTCGAGGTGCGAA,3
ACGCTCGAGTACGCAA,3
ACGCTCGAGTCGTAGA,3
ACGCTCGAGTCTGTCA,3
ACGCTCGAGTGTTCTA,3
ACGCTCGATAGGATGA,1
ACGCTCGATATCAGCA,3
ACGCTCGATCCGTCTA,3
ACGCTCGATCTTCACA,3
ACGCTCGATGAAGAGA,3
ACGCTCGATGGAACAA,3
ACGCTCGATGGCTTCA,3
ACGCTCGATGGTGGTA,3
ACGCTCGATTCACGCA,3
ACGCTCGAAACTCACC,3
ACGCTCGAAAGAGATC,8
ACGCTCGAAAGGACAC,8
ACGCTCGAAATCCGTC,7
ACGCTCGAAATGTTGC,7
ACGCTCGAACACGACC,7
ACGCTCGAACAGATTC,7
ACGCTCGAAGATGTAC,7
ACGCTCGAAGCACCTC,8
ACGCTCGAAGCCATGC,5
ACGCTCGAAGGCTAAC,5
ACGCTCGACATCAAGT,9
ACGCTCGAATAGCGAC,5
ACGCTCGAATCATTCC,5
ACGCTCGAATTGGCTC,5
ACGCTCGACAAGGAGC,5
ACGCTCGACACCTTAC,5
ACGCTCGACCATCCTC,5
ACGCTCGACCGACAAC,5
ACGCTCGACCTAATCC,5
ACGCTCGACCTCTATC,5
ACGCTCGACGACACAC,5
ACGCTCGACGCTGATC,9
ACGCTCGACGGATTGC,5
ACGCTCGACTAAGGTC,5
ACGCTCGAGAACAGGC,5
ACGCTCGAGACAGTGC,5
ACGCTCGAGAGTTAGC,5
ACGCTCGAGATGAATC,5
ACGCTCGAGCCAAGAC,5
ACGCTCGACGGAAGAA,5
ACGCTCGAGTGACAAG,5
ACGCTCGAGAACCAGA,5
ACCTCCAAACAAGCTA,9
ACCTCCAATTGCTGGA,5
ACCTCCAACTGTAGCC,9
ACCTCCAAAGTACAAG,1
ACCTCCAAAACAACCA,4
ACCTCCAAAACCGAGA,1
ACCTCCAAAACGCTTA,9
ACCTCCAAAAGACGGA,1
ACCTCCAAAAGGTACA,9
ACCTCCAAACACAGAA,1
ACCTCCAAACAGCAGA,1
ACCTCCAAACCTCCAA,1
ACCTCCAAACGCTCGA,1
ACCTCCAAACGTATCA,1
ACCTCCAAACTATGCA,1
ACCTCCAAAGAGTCAA,1
ACCTCCAAAGATCGCA,1
ACCTCCAAAGCAGGAA,1
ACCTCCAAAGTCACTA,1
ACCTCCAAATCCTGTA,1
ACCTCCAAATTGAGGA,1
ACCTCCAACAACCACA,1
ACCTCCAAGACTAGTA,1
ACCTCCAACAATGGAA,1
ACCTCCAACACTTCGA,1
ACCTCCAACAGCGTTA,1
ACCTCCAACATACCAA,1
ACCTCCAACCAGTTCA,1
ACCTCCAACCGAAGTA,1
ACCTCCAACCGTGAGA,3
ACCTCCAACCTCCTGA,3
ACCTCCAACGAACTTA,3
ACCTCCAACGACTGGA,3
ACCTCCAACGCATACA,3
ACCTCCAACTCAATGA,3
ACCTCCAACTGAGCCA,3
ACCTCCAACTGGCATA,3
ACCTCCAAGAATCTGA,3
ACCTCCAACAAGACTA,3
ACCTCCAAGAGCTGAA,3
ACCTCCAAGATAGACA,3
ACCTCCAAGCCACATA,3
ACCTCCAAGCGAGTAA,3
ACCTCCAAGCTAACGA,3
ACCTCCAAGCTCGGTA,3
ACCTCCAAGGAGAACA,3
ACCTCCAAGGTGCGAA,3
ACCTCCAAGTACGCAA,3
ACCTCCAAGTCGTAGA,3
ACCTCCAAGTCTGTCA,3
ACCTCCAAGTGTTCTA,3
ACCTCCAAACATTGGC,9
ACCTCCAATAGGATGA,3
ACCTCCAATATCAGCA,3
ACCTCCAATCCGTCTA,3
ACCTCCAATCTTCACA,5
ACCTCCAATGAAGAGA,3
ACCTCCAATGGAACAA,3
ACCTCCAATGGCTTCA,3
ACCTCCAATGGTGGTA,3
ACCTCCAATTCACGCA,3
ACCTCCAAAACTCACC,8
ACCTCCAACAGATCTG,9
ACCTCCAAAAGAGATC,8
ACCTCCAAAAGGACAC,7
ACCTCCAAAATCCGTC,7
ACCTCCAAAATGTTGC,7
ACCTCCAAACACGACC,7
ACCTCCAAACAGATTC,7
ACCTCCAAAGATGTAC,7
ACCTCCAAAGCACCTC,7
ACCTCCAAAGCCATGC,5
ACCTCCAAAGGCTAAC,5
ACCTCCAACATCAAGT,4
ACCTCCAAATAGCGAC,5
ACCTCCAAATCATTCC,5
ACCTCCAAATTGGCTC,5
ACCTCCAACAAGGAGC,5
ACCTCCAACACCTTAC,5
ACCTCCAACCATCCTC,5
ACCTCCAACCGACAAC,5
ACCTCCAACCTAATCC,5
ACCTCCAACCTCTATC,5
ACCTCCAACGACACAC,5
ACCTCCAACGCTGATC,9
ACCTCCAACGGATTGC,5
ACCTCCAACTAAGGTC,5
ACCTCCAAGAACAGGC,5
ACCTCCAAGACAGTGC,5
ACCTCCAAGAGTTAGC,5
ACCTCCAAGATGAATC,5
ACCTCCAAGCCAAGAC,5
ACCTCCAACGGAAGAA,5
ACCTCCAAGTGACAAG,5
ACCTCCAAGAACCAGA,5
ACAGCAGAACAAGCTA,9
ACAGCAGATTGCTGGA,5
ACAGCAGACTGTAGCC,9
ACAGCAGAAGTACAAG,9
ACAGCAGAAACAACCA,1
ACAGCAGAAACCGAGA,1
ACAGCAGAAACGCTTA,1
ACAGCAGAAAGACGGA,9
ACAGCAGAAAGGTACA,9
ACAGCAGAACACAGAA,1
ACAGCAGAACAGCAGA,1
ACAGCAGAACCTCCAA,1
ACAGCAGAACGCTCGA,5
ACAGCAGAACGTATCA,5
ACAGCAGAACTATGCA,5
ACAGCAGAAGAGTCAA,1
ACAGCAGAAGATCGCA,1
ACAGCAGAAGCAGGAA,1
ACAGCAGAAGTCACTA,1
ACAGCAGAATCCTGTA,1
ACAGCAGAATTGAGGA,1
ACAGCAGACAACCACA,1
ACAGCAGAGACTAGTA,1
ACAGCAGACAATGGAA,1
ACAGCAGACACTTCGA,1
ACAGCAGACAGCGTTA,1
ACAGCAGACATACCAA,1
ACAGCAGACCAGTTCA,1
ACAGCAGACCGAAGTA,1
ACAGCAGACCGTGAGA,5
ACAGCAGACCTCCTGA,3
ACAGCAGACGAACTTA,3
ACAGCAGACGACTGGA,3
ACAGCAGACGCATACA,3
ACAGCAGACTCAATGA,3
ACAGCAGACTGAGCCA,3
ACAGCAGACTGGCATA,3
ACAGCAGAGAATCTGA,3
ACAGCAGACAAGACTA,3
ACAGCAGAGAGCTGAA,3
ACAGCAGAGATAGACA,3
ACAGCAGAGCCACATA,3
ACAGCAGAGCGAGTAA,3
ACAGCAGAGCTAACGA,3
ACAGCAGAGCTCGGTA,5
ACAGCAGAGGAGAACA,3
ACAGCAGAGGTGCGAA,3
ACAGCAGAGTACGCAA,3
ACAGCAGAGTCGTAGA,3
ACAGCAGAGTCTGTCA,3
ACAGCAGAGTGTTCTA,3
ACAGCAGATAGGATGA,3
ACAGCAGATATCAGCA,3
ACAGCAGATCCGTCTA,5
ACAGCAGATCTTCACA,5
ACAGCAGATGAAGAGA,3
ACAGCAGATGGAACAA,3
ACAGCAGATGGCTTCA,3
ACAGCAGATGGTGGTA,3
ACAGCAGATTCACGCA,3
ACAGCAGAAACTCACC,8
ACAGCAGACAGATCTG,9
ACAGCAGAAAGAGATC,7
ACAGCAGAAAGGACAC,7
ACAGCAGAAATCCGTC,7
ACAGCAGAAATGTTGC,7
ACAGCAGAACACGACC,7
ACAGCAGAACAGATTC,7
ACAGCAGAAGATGTAC,7
ACAGCAGAAGCACCTC,8
ACAGCAGAAGCCATGC,5
ACAGCAGAAGGCTAAC,5
ACAGCAGACATCAAGT,9
ACAGCAGAATAGCGAC,5
ACAGCAGAATCATTCC,5
ACAGCAGAATTGGCTC,5
ACAGCAGACAAGGAGC,5
ACAGCAGACACCTTAC,5
ACAGCAGACCATCCTC,5
ACAGCAGACCGACAAC,5
ACAGCAGACCTAATCC,5
ACAGCAGACCTCTATC,5
ACAGCAGACGACACAC,1
ACAGCAGACGCTGATC,9
ACAGCAGACGGATTGC,5
ACAGCAGACTAAGGTC,5
ACAGCAGAGAACAGGC,5
ACAGCAGAGACAGTGC,5
ACAGCAGAGAGTTAGC,1
ACAGCAGAGATGAATC,5
ACAGCAGAGCCAAGAC,5
ACAGCAGACGGAAGAA,5
ACAGCAGAGTGACAAG,5
ACAGCAGAGAACCAGA,5
ACACAGAAACAAGCTA,9
ACACAGAATTGCTGGA,5
ACACAGAACTGTAGCC,1
ACACAGAAAGTACAAG,9
ACACAGAAAACAACCA,4
ACACAGAAAACCGAGA,1
ACACAGAAAACGCTTA,1
ACACAGAAAAGACGGA,1
ACACAGAAAAGGTACA,1
ACACAGAAACACAGAA,1
ACACAGAAACAGCAGA,1
ACACAGAAACCTCCAA,1
ACACAGAAACGCTCGA,5
ACACAGAAACGTATCA,1
ACACAGAAACTATGCA,5
ACACAGAAAGAGTCAA,1
ACACAGAAAGATCGCA,1
ACACAGAAAGCAGGAA,1
ACACAGAAAGTCACTA,1
ACACAGAAATCCTGTA,1
ACACAGAAATTGAGGA,1
ACACAGAACAACCACA,1
ACACAGAAGACTAGTA,1
ACACAGAACAATGGAA,1
ACACAGAACACTTCGA,1
ACACAGAACAGCGTTA,1
ACACAGAACATACCAA,1
ACACAGAACCAGTTCA,4
ACACAGAACCGAAGTA,1
ACACAGAACCGTGAGA,5
ACACAGAACCTCCTGA,3
ACACAGAACGAACTTA,3
ACACAGAACGACTGGA,3
ACACAGAACGCATACA,3
ACACAGAACTCAATGA,3
ACACAGAACTGAGCCA,3
ACACAGAACTGGCATA,3
ACACAGAAGAATCTGA,3
ACACAGAACAAGACTA,3
ACACAGAAGAGCTGAA,3
ACACAGAAGATAGACA,3
ACACAGAAGCCACATA,3
ACACAGAAGCGAGTAA,3
ACACAGAAGCTAACGA,3
ACACAGAAGCTCGGTA,3
ACACAGAAGGAGAACA,3
ACACAGAAGGTGCGAA,3
ACACAGAAGTACGCAA,3
ACACAGAAGTCGTAGA,3
ACACAGAAGTCTGTCA,3
ACACAGAAGTGTTCTA,3
ACACAGAATAGGATGA,3
ACACAGAATATCAGCA,1
ACACAGAATCCGTCTA,3
ACACAGAATCTTCACA,3
ACACAGAATGAAGAGA,5
ACACAGAATGGAACAA,3
ACACAGAATGGCTTCA,3
ACACAGAATGGTGGTA,3
ACACAGAATTCACGCA,3
ACACAGAAAACTCACC,8
ACACAGAACAGATCTG,9
ACACAGAAAAGAGATC,8
ACACAGAAAAGGACAC,7
ACACAGAAAATCCGTC,7
ACACAGAAAATGTTGC,7
ACACAGAAACACGACC,7
ACACAGAAACAGATTC,7
ACACAGAAAGATGTAC,7
ACACAGAAAGCACCTC,8
ACACAGAAAGCCATGC,5
ACACAGAAAGGCTAAC,5
ACACAGAACATCAAGT,9
ACACAGAAATAGCGAC,5
ACACAGAAATCATTCC,5
ACACAGAAATTGGCTC,5
ACACAGAACAAGGAGC,5
ACACAGAACACCTTAC,5
ACACAGAACCATCCTC,5
ACACAGAACCGACAAC,5
ACACAGAACCTAATCC,5
ACACAGAACCTCTATC,5
ACACAGAACGACACAC,5
ACACAGAACGCTGATC,9
ACACAGAACGGATTGC,1
ACACAGAACTAAGGTC,5
ACACAGAAGAACAGGC,5
ACACAGAAGACAGTGC,5
ACACAGAAGAGTTAGC,5
ACACAGAAGATGAATC,5
ACACAGAAGCCAAGAC,5
ACACAGAACGGAAGAA,5
ACACAGAAGTGACAAG,5
ACACAGAAGAACCAGA,5
AAGGTACAACAAGCTA,9
AAGGTACATTGCTGGA,5
AAGGTACACTGTAGCC,9
AAGGTACAAGTACAAG,9
AAGGTACAAACAACCA,4
AAGGTACAAACCGAGA,4
AAGGTACAAACGCTTA,1
AAGGTACAAAGACGGA,1
AAGGTACAAAGGTACA,1
AAGGTACAACACAGAA,1
AAGGTACAACAGCAGA,5
AAGGTACAACCTCCAA,1
AAGGTACAACGCTCGA,1
AAGGTACAACGTATCA,1
AAGGTACAACTATGCA,1
AAGGTACAAGAGTCAA,1
AAGGTACAAGATCGCA,1
AAGGTACAAGCAGGAA,1
AAGGTACAAGTCACTA,1
AAGGTACAATCCTGTA,1
AAGGTACAATTGAGGA,1
AAGGTACACAACCACA,1
AAGGTACAGACTAGTA,1
AAGGTACACAATGGAA,1
AAGGTACACACTTCGA,1
AAGGTACACAGCGTTA,1
AAGGTACACATACCAA,1
AAGGTACACCAGTTCA,4
AAGGTACACCGAAGTA,4
AAGGTACACCGTGAGA,1
AAGGTACACCTCCTGA,3
AAGGTACACGAACTTA,3
AAGGTACACGACTGGA,3
AAGGTACACGCATACA,3
AAGGTACACTCAATGA,3
AAGGTACACTGAGCCA,3
AAGGTACACTGGCATA,3
AAGGTACAGAATCTGA,3
AAGGTACACAAGACTA,3
AAGGTACAGAGCTGAA,3
AAGGTACAGATAGACA,3
AAGGTACAGCCACATA,3
AAGGTACAGCGAGTAA,3
AAGGTACAGCTAACGA,3
AAGGTACAGCTCGGTA,3
AAGGTACAGGAGAACA,3
AAGGTACAGGTGCGAA,3
AAGGTACAGTACGCAA,3
AAGGTACAGTCGTAGA,3
AAGGTACAGTCTGTCA,3
AAGGTACAGTGTTCTA,3
AAGGTACATAGGATGA,3
AAGGTACATATCAGCA,3
AAGGTACATCCGTCTA,3
AAGGTACATCTTCACA,3
AAGGTACATGAAGAGA,3
AAGGTACATGGAACAA,5
AAGGTACATGGCTTCA,3
AAGGTACATGGTGGTA,3
AAGGTACATTCACGCA,3
AAGGTACAAACTCACC,3
AAGGTACAAAGAGATC,8
AAGGTACAAAGGACAC,7
AAGGTACAAATCCGTC,7
AAGGTACAAATGTTGC,7
AAGGTACAACACGACC,7
AAGGTACAACAGATTC,8
AAGGTACAAGATGTAC,8
AAGGTACAAGCACCTC,8
AAGGTACAAGCCATGC,5
AAGGTACAAGGCTAAC,5
AAGGTACACATCAAGT,9
AAGGTACAATAGCGAC,5
AAGGTACAATCATTCC,5
AAGGTACAATTGGCTC,5
AAGGTACACAAGGAGC,5
AAGGTACACACCTTAC,5
AAGGTACACCATCCTC,5
AAGGTACACCGACAAC,5
AAGGTACACCTAATCC,5
AAGGTACACCTCTATC,5
AAGGTACACGACACAC,5
AAGGTACACGCTGATC,9
AAGGTACACGGATTGC,5
AAGGTACACTAAGGTC,5
AAGGTACAGAACAGGC,5
AAGGTACAGACAGTGC,5
AAGGTACAGAGTTAGC,5
AAGGTACAGATGAATC,5
AAGGTACAGCCAAGAC,5
AAGGTACACGGAAGAA,5
AAGGTACAGTGACAAG,5
AAGGTACAGAACCAGA,5
AAGACGGAACAAGCTA,9
AAGACGGATTGCTGGA,4
AAGACGGACTGTAGCC,9
AAGACGGAAGTACAAG,9
AAGACGGAAACAACCA,4
AAGACGGAAACCGAGA,5
AAGACGGAAACGCTTA,1
AAGACGGAAAGACGGA,1
AAGACGGAAAGGTACA,1
AAGACGGAACACAGAA,1
AAGACGGAACAGCAGA,1
AAGACGGAACCTCCAA,1
AAGACGGAACGCTCGA,1
AAGACGGAACGTATCA,1
AAGACGGAACTATGCA,1
AAGACGGAAGAGTCAA,4
AAGACGGAAGATCGCA,4
AAGACGGAAGCAGGAA,1
AAGACGGAAGTCACTA,1
AAGACGGAATCCTGTA,1
AAGACGGAATTGAGGA,1
AAGACGGACAACCACA,1
AAGACGGAGACTAGTA,1
AAGACGGACAATGGAA,1
AAGACGGACACTTCGA,1
AAGACGGACAGCGTTA,1
AAGACGGACATACCAA,1
AAGACGGACCAGTTCA,4
AAGACGGACCGAAGTA,4
AAGACGGACCGTGAGA,1
AAGACGGACCTCCTGA,1
AAGACGGACGAACTTA,1
AAGACGGACGACTGGA,3
AAGACGGACGCATACA,3
AAGACGGACTCAATGA,3
AAGACGGACTGAGCCA,3
AAGACGGACTGGCATA,3
AAGACGGAGAATCTGA,3
AAGACGGACAAGACTA,3
AAGACGGAGAGCTGAA,3
AAGACGGAGATAGACA,3
AAGACGGAGCCACATA,3
AAGACGGAGCGAGTAA,3
AAGACGGAGCTAACGA,3
AAGACGGAGCTCGGTA,3
AAGACGGAGGAGAACA,3
AAGACGGAGGTGCGAA,3
AAGACGGAGTACGCAA,3
AAGACGGAGTCGTAGA,3
AAGACGGAGTCTGTCA,3
AAGACGGAGTGTTCTA,3
AAGACGGATAGGATGA,3
AAGACGGATATCAGCA,3
AAGACGGATCCGTCTA,3
AAGACGGATCTTCACA,3
AAGACGGATGAAGAGA,3
AAGACGGATGGAACAA,3
AAGACGGATGGCTTCA,3
AAGACGGATGGTGGTA,3
AAGACGGATTCACGCA,3
AAGACGGAAACTCACC,3
AAGACGGAAAGAGATC,3
AAGACGGAAAGGACAC,8
AAGACGGAAATCCGTC,8
AAGACGGAAATGTTGC,8
AAGACGGAACACGACC,8
AAGACGGAACAGATTC,8
AAGACGGAAGATGTAC,8
AAGACGGAAGCACCTC,5
AAGACGGAAGCCATGC,5
AAGACGGAAGGCTAAC,5
AAGACGGACATCAAGT,4
AAGACGGAATAGCGAC,5
AAGACGGAATCATTCC,5
AAGACGGAATTGGCTC,5
AAGACGGACAAGGAGC,5
AAGACGGACACCTTAC,5
AAGACGGACCATCCTC,5
AAGACGGACCGACAAC,5
AAGACGGACCTAATCC,5
AAGACGGACCTCTATC,5
AAGACGGACGACACAC,5
AAGACGGACGCTGATC,9
AAGACGGACGGATTGC,5
AAGACGGACTAAGGTC,5
AAGACGGAGAACAGGC,5
AAGACGGAGACAGTGC,5
AAGACGGAGAGTTAGC,5
AAGACGGAGATGAATC,5
AAGACGGAGCCAAGAC,5
AAGACGGACGGAAGAA,5
AAGACGGAGTGACAAG,5
AAGACGGAGAACCAGA,4
AACGCTTAACAAGCTA,4
AACGCTTATTGCTGGA,4
AACGCTTACTGTAGCC,9
AACGCTTAAGTACAAG,9
AACGCTTAAACAACCA,9
AACGCTTAAACCGAGA,4
AACGCTTAAACGCTTA,1
AACGCTTAAAGACGGA,1
AACGCTTAAAGGTACA,1
AACGCTTAACACAGAA,1
AACGCTTAACAGCAGA,1
AACGCTTAACCTCCAA,1
AACGCTTAACGCTCGA,1
AACGCTTAACGTATCA,4
AACGCTTAACTATGCA,4
AACGCTTAAGAGTCAA,4
AACGCTTAAGATCGCA,4
AACGCTTAAGCAGGAA,1
AACGCTTAAGTCACTA,1
AACGCTTAATCCTGTA,1
AACGCTTAATTGAGGA,1
AACGCTTACAACCACA,1
AACGCTTAGACTAGTA,1
AACGCTTACAATGGAA,1
AACGCTTACACTTCGA,1
AACGCTTACAGCGTTA,5
AACGCTTACATACCAA,1
AACGCTTACCAGTTCA,1
AACGCTTACCGAAGTA,1
AACGCTTACCGTGAGA,1
AACGCTTACCTCCTGA,1
AACGCTTACGAACTTA,1
AACGCTTACGACTGGA,1
AACGCTTACGCATACA,3
AACGCTTACTCAATGA,3
AACGCTTACTGAGCCA,3
AACGCTTACTGGCATA,3
AACGCTTAGAATCTGA,3
AACGCTTACAAGACTA,3
AACGCTTAGAGCTGAA,3
AACGCTTAGATAGACA,3
AACGCTTAGCCACATA,3
AACGCTTAGCGAGTAA,3
AACGCTTAGCTAACGA,3
AACGCTTAGCTCGGTA,3
AACGCTTAGGAGAACA,3
AACGCTTAGGTGCGAA,3
AACGCTTAGTACGCAA,3
AACGCTTAGTCGTAGA,3
AACGCTTAGTCTGTCA,3
AACGCTTAGTGTTCTA,3
AACGCTTATAGGATGA,3
AACGCTTATATCAGCA,3
AACGCTTATCCGTCTA,3
AACGCTTATCTTCACA,3
AACGCTTATGAAGAGA,3
AACGCTTATGGAACAA,3
AACGCTTATGGCTTCA,3
AACGCTTATGGTGGTA,3
AACGCTTATTCACGCA,3
AACGCTTAAACTCACC,3
AACGCTTAAAGAGATC,3
AACGCTTAAAGGACAC,3
AACGCTTAAATCCGTC,3
AACGCTTAAATGTTGC,5
AACGCTTAACACGACC,5
AACGCTTAACAGATTC,5
AACGCTTAAGATGTAC,5
AACGCTTAAGCACCTC,5
AACGCTTAAGCCATGC,5
AACGCTTAAGGCTAAC,5
AACGCTTAATAGCGAC,5
AACGCTTAATCATTCC,5
AACGCTTAATTGGCTC,5
AACGCTTACAAGGAGC,5
AACGCTTACACCTTAC,5
AACGCTTACCATCCTC,5
AACGCTTACCGACAAC,5
AACGCTTACCTAATCC,5
AACGCTTACCTCTATC,5
AACGCTTACGACACAC,1
AACGCTTACGCTGATC,4
AACGCTTACGGATTGC,5
AACGCTTACTAAGGTC,5
AACGCTTAGAACAGGC,5
AACGCTTAGACAGTGC,5
AACGCTTAGAGTTAGC,1
AACGCTTAGATGAATC,4
AACGCTTAGCCAAGAC,5
AACGCTTACGGAAGAA,4
AACGCTTAGTGACAAG,4
AACGCTTAGAACCAGA,4
AACCGAGAACAAGCTA,4
AACCGAGATTGCTGGA,5
AACCGAGACTGTAGCC,9
AACCGAGAAGTACAAG,9
AACCGAGAAACAACCA,4
AACCGAGAAACCGAGA,4
AACCGAGAAACGCTTA,4
AACCGAGAAAGACGGA,3
AACCGAGAAAGGTACA,1
AACCGAGAACACAGAA,1
AACCGAGAACAGCAGA,1
AACCGAGAACCTCCAA,1
AACCGAGAACGCTCGA,1
AACCGAGAACGTATCA,5
AACCGAGAACTATGCA,4
AACCGAGAAGAGTCAA,1
AACCGAGAAGATCGCA,4
AACCGAGAAGCAGGAA,1
AACCGAGAAGTCACTA,1
AACCGAGAATCCTGTA,1
AACCGAGAATTGAGGA,1
AACCGAGACAACCACA,1
AACCGAGAGACTAGTA,1
AACCGAGACAATGGAA,1
AACCGAGACACTTCGA,1
AACCGAGACAGCGTTA,1
AACCGAGACATACCAA,1
AACCGAGACCAGTTCA,1
AACCGAGACCGAAGTA,1
AACCGAGACCGTGAGA,1
AACCGAGACCTCCTGA,1
AACCGAGACGAACTTA,1
AACCGAGACGACTGGA,1
AACCGAGACGCATACA,3
AACCGAGACTCAATGA,3
AACCGAGACTGAGCCA,3
AACCGAGACTGGCATA,3
AACCGAGAGAATCTGA,3
AACCGAGACAAGACTA,3
AACCGAGAGAGCTGAA,3
AACCGAGAGATAGACA,3
AACCGAGAGCCACATA,3
AACCGAGAGCGAGTAA,3
AACCGAGAGCTAACGA,3
AACCGAGAGCTCGGTA,3
AACCGAGAGGAGAACA,3
AACCGAGAGGTGCGAA,3
AACCGAGAGTACGCAA,3
AACCGAGAGTCGTAGA,3
AACCGAGAGTCTGTCA,3
AACCGAGAGTGTTCTA,3
AACCGAGATAGGATGA,3
AACCGAGATATCAGCA,3
AACCGAGATCCGTCTA,3
AACCGAGATCTTCACA,3
AACCGAGATGAAGAGA,3
AACCGAGATGGAACAA,3
AACCGAGATGGCTTCA,3
AACCGAGATGGTGGTA,3
AACCGAGATTCACGCA,3
AACCGAGAAACTCACC,3
AACCGAGAAAGAGATC,3
AACCGAGAAAGGACAC,3
AACCGAGAAATCCGTC,3
AACCGAGAAATGTTGC,3
AACCGAGAACACGACC,5
AACCGAGAACAGATTC,5
AACCGAGAAGATGTAC,5
AACCGAGAAGCACCTC,5
AACCGAGAAGCCATGC,5
AACCGAGAAGGCTAAC,5
AACCGAGAATAGCGAC,5
AACCGAGAATCATTCC,5
AACCGAGAATTGGCTC,5
AACCGAGACAAGGAGC,5
AACCGAGACACCTTAC,5
AACCGAGACCATCCTC,5
AACCGAGACCGACAAC,5
AACCGAGACCTAATCC,5
AACCGAGACCTCTATC,5
AACCGAGACGACACAC,5
AACCGAGACGCTGATC,9
AACCGAGACGGATTGC,5
AACCGAGACTAAGGTC,5
AACCGAGAGAACAGGC,5
AACCGAGAGACAGTGC,5
AACCGAGAGAGTTAGC,5
AACCGAGAGATGAATC,4
AACCGAGAGCCAAGAC,4
AACCGAGACGGAAGAA,5
AACCGAGAGTGACAAG,5
AACCGAGAGAACCAGA,4
AACAACCAACAAGCTA,9
AACAACCATTGCTGGA,5
AACAACCACTGTAGCC,9
AACAACCAAGTACAAG,9
AACAACCAAACAACCA,9
AACAACCAAACCGAGA,4
AACAACCAAACGCTTA,1
AACAACCAAAGACGGA,4
AACAACCAAAGGTACA,1
AACAACCAACACAGAA,1
AACAACCAACAGCAGA,1
AACAACCAACCTCCAA,1
AACAACCAACGCTCGA,1
AACAACCAACGTATCA,4
AACAACCAACTATGCA,4
AACAACCAAGAGTCAA,4
AACAACCAAGATCGCA,4
AACAACCAAGCAGGAA,1
AACAACCAAGTCACTA,1
AACAACCAATCCTGTA,1
AACAACCAATTGAGGA,1
AACAACCACAACCACA,1
AACAACCAGACTAGTA,1
AACAACCACAATGGAA,1
AACAACCACACTTCGA,1
AACAACCACAGCGTTA,1
AACAACCACATACCAA,1
AACAACCACCAGTTCA,1
AACAACCACCGAAGTA,1
AACAACCACCGTGAGA,1
AACAACCACCTCCTGA,1
AACAACCACGAACTTA,1
AACAACCACGACTGGA,1
AACAACCACGCATACA,3
AACAACCACTCAATGA,3
AACAACCACTGAGCCA,3
AACAACCACTGGCATA,3
AACAACCAGAATCTGA,3
AACAACCACAAGACTA,3
AACAACCAGAGCTGAA,3
AACAACCAGATAGACA,3
AACAACCAGCCACATA,3
AACAACCAGCGAGTAA,3
AACAACCAGCTAACGA,3
AACAACCAGCTCGGTA,3
AACAACCAGGAGAACA,3
AACAACCAGGTGCGAA,3
AACAACCAGTACGCAA,3
AACAACCAGTCGTAGA,3
AACAACCAGTCTGTCA,3
AACAACCAGTGTTCTA,3
AACAACCATAGGATGA,3
AACAACCATATCAGCA,3
AACAACCATCCGTCTA,3
AACAACCATCTTCACA,3
AACAACCATGAAGAGA,3
AACAACCATGGAACAA,3
AACAACCATGGCTTCA,3
AACAACCATGGTGGTA,3
AACAACCATTCACGCA,3
AACAACCAAACTCACC,3
AACAACCAAAGAGATC,3
AACAACCAAAGGACAC,3
AACAACCAAATCCGTC,5
AACAACCAAATGTTGC,5
AACAACCAACACGACC,5
AACAACCAACAGATTC,5
AACAACCAAGATGTAC,5
AACAACCAAGCACCTC,5
AACAACCAAGCCATGC,5
AACAACCAAGGCTAAC,5
AACAACCAATAGCGAC,5
AACAACCAATCATTCC,5
AACAACCAATTGGCTC,5
AACAACCACAAGGAGC,5
AACAACCACACCTTAC,5
AACAACCACCATCCTC,5
AACAACCACCGACAAC,5
AACAACCACCTAATCC,5
AACAACCACCTCTATC,8
AACAACCACGACACAC,5
AACAACCACGGATTGC,5
AACAACCACTAAGGTC,5
AACAACCAGAACAGGC,5
AACAACCAGACAGTGC,5
AACAACCAGAGTTAGC,5
AACAACCAGATGAATC,5
AACAACCAGCCAAGAC,5
AACAACCACGGAAGAA,5
AACAACCAGTGACAAG,5
AACAACCAGAACCAGA,5
AGTACAAGTTGCTGGA,5
AGTACAAGCTGTAGCC,9
AGTACAAGAGTACAAG,9
AGTACAAGAACAACCA,9
AGTACAAGAACCGAGA,9
AGTACAAGAACGCTTA,4
AGTACAAGAAGACGGA,4
AGTACAAGAAGGTACA,1
AGTACAAGACACAGAA,1
AGTACAAGACAGCAGA,1
AGTACAAGACCTCCAA,1
AGTACAAGACGCTCGA,1
AGTACAAGACGTATCA,1
AGTACAAGACTATGCA,4
AGTACAAGAGAGTCAA,1
AGTACAAGAGATCGCA,1
AGTACAAGAGCAGGAA,4
AGTACAAGAGTCACTA,1
AGTACAAGATCCTGTA,1
AGTACAAGATTGAGGA,1
AGTACAAGCAACCACA,1
AGTACAAGGACTAGTA,1
AGTACAAGCAATGGAA,1
AGTACAAGCACTTCGA,1
AGTACAAGCAGCGTTA,1
AGTACAAGCATACCAA,1
AGTACAAGCCAGTTCA,1
AGTACAAGCCGAAGTA,1
AGTACAAGCCGTGAGA,1
AGTACAAGCCTCCTGA,1
AGTACAAGCGAACTTA,1
AGTACAAGCGACTGGA,1
AGTACAAGCGCATACA,1
AGTACAAGCTCAATGA,1
AGTACAAGCTGAGCCA,3
AGTACAAGCTGGCATA,3
AGTACAAGGAATCTGA,3
AGTACAAGCAAGACTA,3
AGTACAAGGAGCTGAA,3
AGTACAAGGATAGACA,3
AGTACAAGGCCACATA,3
AGTACAAGGCGAGTAA,3
AGTACAAGGCTAACGA,3
AGTACAAGGCTCGGTA,3
AGTACAAGGGAGAACA,3
AGTACAAGGGTGCGAA,3
AGTACAAGGTACGCAA,3
AGTACAAGGTCGTAGA,3
AGTACAAGGTCTGTCA,3
AGTACAAGGTGTTCTA,3
AGTACAAGTAGGATGA,3
AGTACAAGTATCAGCA,3
AGTACAAGTCCGTCTA,3
AGTACAAGTCTTCACA,3
AGTACAAGTGAAGAGA,3
AGTACAAGTGGAACAA,3
AGTACAAGTGGCTTCA,5
AGTACAAGTGGTGGTA,3
AGTACAAGTTCACGCA,5
AGTACAAGAACTCACC,3
AGTACAAGAAGAGATC,3
AGTACAAGAAGGACAC,5
AGTACAAGAATCCGTC,5
AGTACAAGAATGTTGC,5
AGTACAAGACACGACC,5
AGTACAAGACAGATTC,5
AGTACAAGAGATGTAC,5
AGTACAAGAGCACCTC,5
AGTACAAGAGCCATGC,5
AGTACAAGAGGCTAAC,5
AGTACAAGATAGCGAC,5
AGTACAAGATCATTCC,5
AGTACAAGATTGGCTC,5
AGTACAAGCAAGGAGC,5
AGTACAAGCACCTTAC,5
AGTACAAGCCATCCTC,5
AGTACAAGCCGACAAC,5
AGTACAAGCCTAATCC,5
AGTACAAGCCTCTATC,5
AGTACAAGCGACACAC,5
AGTACAAGCGGATTGC,5
AGTACAAGCTAAGGTC,5
AGTACAAGGAACAGGC,5
AGTACAAGGACAGTGC,5
AGTACAAGGAGTTAGC,5
AGTACAAGGATGAATC,5
AGTACAAGGCCAAGAC,5
AGTACAAGCGGAAGAA,1
AGTACAAGGTGACAAG,5
AGTACAAGGAACCAGA,4
GACAGTGCTTGCTGGA,4
GACAGTGCACGCTCGA,4
GACAGTGCACGTATCA,4
GACAGTGCACTATGCA,4
GACAGTGCAGAGTCAA,4
GACAGTGCAGATCGCA,4
GACAGTGCAGCAGGAA,4
GACAGTGCAGTCACTA,4
GACAGTGCATCCTGTA,1
GACAGTGCATTGAGGA,2
GACAGTGCCAACCACA,2
GACAGTGCGACTAGTA,4
GACAGTGCCAATGGAA,4
GACAGTGCCACTTCGA,4
GACAGTGCCAGCGTTA,5
GACAGTGCCATACCAA,2
GACAGTGCCCAGTTCA,2
GACAGTGCCCGAAGTA,2
GACAGTGCCCGTGAGA,2
GACAGTGCCCTCCTGA,4
GACAGTGCCGAACTTA,2
GACAGTGCCGACTGGA,2
GACAGTGCCGCATACA,2
GACAGTGCCTCAATGA,2
GACAGTGCCTGAGCCA,2
GACAGTGCCTGGCATA,4
GACAGTGCGAATCTGA,1
GACAGTGCCAAGACTA,2
GACAGTGCGAGCTGAA,1
GACAGTGCGATAGACA,1
GACAGTGCGCCACATA,1
GACAGTGCGCGAGTAA,1
GACAGTGCGCTAACGA,1
GACAGTGCGCTCGGTA,1
GACAGTGCGGAGAACA,4
GACAGTGCGGTGCGAA,1
GACAGTGCGTACGCAA,1
GACAGTGCGTCGTAGA,1
GACAGTGCGTCTGTCA,1
GACAGTGCGTGTTCTA,1
GACAGTGCTAGGATGA,2
GACAGTGCTATCAGCA,2
GACAGTGCTCCGTCTA,4
GACAGTGCTCTTCACA,4
GACAGTGCTGAAGAGA,1
GACAGTGCTGGAACAA,1
GACAGTGCTGGCTTCA,1
GACAGTGCTGGTGGTA,1
GACAGTGCTTCACGCA,1
GACAGTGCAACTCACC,1
GACAGTGCAAGAGATC,4
GACAGTGCAAGGACAC,1
GACAGTGCAATCCGTC,1
GACAGTGCAATGTTGC,1
GACAGTGCACACGACC,1
GACAGTGCACAGATTC,1
GACAGTGCAGATGTAC,1
GACAGTGCAGCACCTC,1
GACAGTGCAGCCATGC,1
GACAGTGCAGGCTAAC,1
GACAGTGCATAGCGAC,1
GACAGTGCATCATTCC,1
GACAGTGCATTGGCTC,1
GACAGTGCCAAGGAGC,1
GACAGTGCCACCTTAC,1
GACAGTGCCCATCCTC,1
GACAGTGCCCGACAAC,1
GACAGTGCCCTAATCC,1
GACAGTGCCCTCTATC,1
GACAGTGCCGACACAC,2
GACAGTGCCGGATTGC,2
GACAGTGCCTAAGGTC,2
GACAGTGCGAACAGGC,1
GACAGTGCGACAGTGC,1
GACAGTGCGAGTTAGC,4
GACAGTGCGATGAATC,9
GACAGTGCGCCAAGAC,9
GACAGTGCCGGAAGAA,9
GACAGTGCGTGACAAG,9
GACAGTGCGAACCAGA,9
CTGTAGCCTTGCTGGA,5
CTGTAGCCAGTACAAG,9
CTGTAGCCAACAACCA,9
CTGTAGCCAACCGAGA,9
CTGTAGCCAACGCTTA,4
CTGTAGCCAAGACGGA,4
CTGTAGCCAAGGTACA,4
CTGTAGCCACACAGAA,1
CTGTAGCCACAGCAGA,1
CTGTAGCCACCTCCAA,1
CTGTAGCCACGCTCGA,1
CTGTAGCCACGTATCA,1
CTGTAGCCACTATGCA,1
CTGTAGCCAGAGTCAA,4
CTGTAGCCAGATCGCA,4
CTGTAGCCAGCAGGAA,4
CTGTAGCCAGTCACTA,1
CTGTAGCCATCCTGTA,1
CTGTAGCCATTGAGGA,1
CTGTAGCCCAACCACA,1
CTGTAGCCGACTAGTA,1
CTGTAGCCCAATGGAA,1
CTGTAGCCCACTTCGA,1
CTGTAGCCCAGCGTTA,1
CTGTAGCCCATACCAA,1
CTGTAGCCCCAGTTCA,1
CTGTAGCCCCGAAGTA,1
CTGTAGCCCCGTGAGA,1
CTGTAGCCCCTCCTGA,1
CTGTAGCCCGAACTTA,1
CTGTAGCCCGACTGGA,1
CTGTAGCCCGCATACA,1
CTGTAGCCCTCAATGA,1
CTGTAGCCCTGAGCCA,1
CTGTAGCCCTGGCATA,3
CTGTAGCCGAATCTGA,3
CTGTAGCCCAAGACTA,3
CTGTAGCCGAGCTGAA,3
CTGTAGCCGATAGACA,3
CTGTAGCCGCCACATA,3
CTGTAGCCGCGAGTAA,3
CTGTAGCCGCTAACGA,3
CTGTAGCCGCTCGGTA,3
CTGTAGCCGGAGAACA,3
CTGTAGCCGGTGCGAA,3
CTGTAGCCGTACGCAA,3
CTGTAGCCGTCGTAGA,3
CTGTAGCCGTCTGTCA,3
CTGTAGCCGTGTTCTA,3
CTGTAGCCTAGGATGA,8
CTGTAGCCTATCAGCA,3
CTGTAGCCTCCGTCTA,3
CTGTAGCCTCTTCACA,3
CTGTAGCCTGAAGAGA,3
CTGTAGCCTGGAACAA,3
CTGTAGCCTGGCTTCA,3
CTGTAGCCTGGTGGTA,3
CTGTAGCCTTCACGCA,5
CTGTAGCCAACTCACC,5
CTGTAGCCAAGAGATC,5
CTGTAGCCAAGGACAC,5
CTGTAGCCAATCCGTC,5
CTGTAGCCAATGTTGC,5
CTGTAGCCACACGACC,5
CTGTAGCCACAGATTC,5
CTGTAGCCAGATGTAC,5
CTGTAGCCAGCACCTC,5
CTGTAGCCAGCCATGC,5
CTGTAGCCAGGCTAAC,5
CTGTAGCCATAGCGAC,5
CTGTAGCCATCATTCC,5
CTGTAGCCATTGGCTC,5
CTGTAGCCCAAGGAGC,5
CTGTAGCCCACCTTAC,5
CTGTAGCCCCATCCTC,5
CTGTAGCCCCGACAAC,5
CTGTAGCCCCTAATCC,5
CTGTAGCCCCTCTATC,5
CTGTAGCCCGACACAC,5
CTGTAGCCCGGATTGC,5
CTGTAGCCCTAAGGTC,5
CTGTAGCCGAACAGGC,5
CTGTAGCCGACAGTGC,5
CTGTAGCCGAGTTAGC,1
CTGTAGCCGATGAATC,9
CTGTAGCCGCCAAGAC,5
CTGTAGCCCGGAAGAA,5
CTGTAGCCGTGACAAG,5
CTGTAGCCGAACCAGA,5
ACAAGCTATTGCTGGA,9
ACAAGCTAAGTACAAG,9
ACAAGCTAAACAACCA,9
ACAAGCTAAACCGAGA,9
ACAAGCTAAACGCTTA,9
ACAAGCTAAAGACGGA,4
ACAAGCTAAAGGTACA,4
ACAAGCTAACACAGAA,1
ACAAGCTAACAGCAGA,1
ACAAGCTAACCTCCAA,1
ACAAGCTAACGCTCGA,1
ACAAGCTAACGTATCA,1
ACAAGCTAACTATGCA,1
ACAAGCTAAGAGTCAA,4
ACAAGCTAAGATCGCA,4
ACAAGCTAAGCAGGAA,4
ACAAGCTAAGTCACTA,4
ACAAGCTAATCCTGTA,1
ACAAGCTAATTGAGGA,5
ACAAGCTACAACCACA,1
ACAAGCTAGACTAGTA,1
ACAAGCTACAATGGAA,1
ACAAGCTACACTTCGA,1
ACAAGCTACAGCGTTA,1
ACAAGCTACATACCAA,1
ACAAGCTACCAGTTCA,1
ACAAGCTACCGAAGTA,1
ACAAGCTACCGTGAGA,1
ACAAGCTACCTCCTGA,1
ACAAGCTACGAACTTA,1
ACAAGCTACGACTGGA,1
ACAAGCTACGCATACA,1
ACAAGCTACTCAATGA,1
ACAAGCTACTGAGCCA,1
ACAAGCTACTGGCATA,1
ACAAGCTAGAATCTGA,3
ACAAGCTACAAGACTA,3
ACAAGCTAGAGCTGAA,3
ACAAGCTAGATAGACA,3
ACAAGCTAGCCACATA,3
ACAAGCTAGCGAGTAA,3
ACAAGCTAGCTAACGA,3
ACAAGCTAGCTCGGTA,3
ACAAGCTAGGAGAACA,3
ACAAGCTAGGTGCGAA,3
ACAAGCTAGTACGCAA,3
ACAAGCTAGTCGTAGA,3
ACAAGCTAGTCTGTCA,3
ACAAGCTAGTGTTCTA,3
ACAAGCTATAGGATGA,3
ACAAGCTATATCAGCA,3
ACAAGCTATCCGTCTA,3
ACAAGCTATCTTCACA,3
ACAAGCTATGAAGAGA,3
ACAAGCTATGGAACAA,3
ACAAGCTATGGCTTCA,3
ACAAGCTATGGTGGTA,5
ACAAGCTATTCACGCA,5
ACAAGCTAAACTCACC,5
ACAAGCTAAAGAGATC,5
ACAAGCTAAAGGACAC,5
ACAAGCTAAATCCGTC,5
ACAAGCTAAATGTTGC,5
ACAAGCTAACACGACC,5
ACAAGCTAACAGATTC,5
ACAAGCTAAGATGTAC,5
ACAAGCTAAGCACCTC,5
ACAAGCTAAGCCATGC,5
ACAAGCTAAGGCTAAC,5
ACAAGCTAATAGCGAC,5
ACAAGCTAATCATTCC,5
ACAAGCTAATTGGCTC,5
ACAAGCTACAAGGAGC,5
ACAAGCTACACCTTAC,5
ACAAGCTACCATCCTC,5
ACAAGCTACCGACAAC,1
ACAAGCTACCTAATCC,5
ACAAGCTACCTCTATC,5
ACAAGCTACGACACAC,5
ACAAGCTACGGATTGC,5
ACAAGCTACTAAGGTC,5
ACAAGCTAGAACAGGC,5
ACAAGCTAGACAGTGC,1
ACAAGCTAGAGTTAGC,4
ACAAGCTAGATGAATC,1
ACAAGCTAGCCAAGAC,5
ACAAGCTACGGAAGAA,5
ACAAGCTAGTGACAAG,5
ACAAGCTAGAACCAGA,5
CGCTGATCTTGCTGGA,5
CGCTGATCAGTACAAG,9
CGCTGATCAACAACCA,9
CGCTGATCAACCGAGA,9
CGCTGATCAACGCTTA,9
CGCTGATCAAGACGGA,4
CGCTGATCAAGGTACA,4
CGCTGATCACACAGAA,4
CGCTGATCACAGCAGA,1
CGCTGATCACCTCCAA,1
CGCTGATCACGCTCGA,1
CGCTGATCACGTATCA,1
CGCTGATCACTATGCA,1
CGCTGATCAGAGTCAA,1
CGCTGATCAGATCGCA,4
CGCTGATCAGCAGGAA,4
CGCTGATCAGTCACTA,1
CGCTGATCATCCTGTA,4
CGCTGATCATTGAGGA,1
CGCTGATCCAACCACA,1
CGCTGATCGACTAGTA,1
CGCTGATCCAATGGAA,1
CGCTGATCCACTTCGA,1
CGCTGATCCAGCGTTA,1
CGCTGATCCATACCAA,1
CGCTGATCCCAGTTCA,1
CGCTGATCCCGAAGTA,1
CGCTGATCCCGTGAGA,1
CGCTGATCCCTCCTGA,1
CGCTGATCCGAACTTA,1
CGCTGATCCGACTGGA,1
CGCTGATCCGCATACA,1
CGCTGATCCTCAATGA,1
CGCTGATCCTGAGCCA,1
CGCTGATCCTGGCATA,1
CGCTGATCGAATCTGA,1
CGCTGATCCAAGACTA,5
CGCTGATCGAGCTGAA,3
CGCTGATCGATAGACA,3
CGCTGATCGCCACATA,3
CGCTGATCGCGAGTAA,3
CGCTGATCGCTAACGA,3
CGCTGATCGCTCGGTA,3
CGCTGATCGGAGAACA,3
CGCTGATCGGTGCGAA,3
CGCTGATCGTACGCAA,3
CGCTGATCGTCGTAGA,3
CGCTGATCGTCTGTCA,3
CGCTGATCGTGTTCTA,3
CGCTGATCTAGGATGA,3
CGCTGATCTATCAGCA,3
CGCTGATCTCCGTCTA,3
CGCTGATCTCTTCACA,3
CGCTGATCTGAAGAGA,3
CGCTGATCTGGAACAA,3
CGCTGATCTGGCTTCA,3
CGCTGATCTGGTGGTA,5
CGCTGATCTTCACGCA,5
CGCTGATCAACTCACC,8
CGCTGATCAAGAGATC,5
CGCTGATCAAGGACAC,5
CGCTGATCAATCCGTC,5
CGCTGATCAATGTTGC,5
CGCTGATCACACGACC,5
CGCTGATCACAGATTC,5
CGCTGATCAGATGTAC,5
CGCTGATCAGCACCTC,3
CGCTGATCAGCCATGC,5
CGCTGATCAGGCTAAC,5
CGCTGATCATAGCGAC,5
CGCTGATCATCATTCC,5
CGCTGATCATTGGCTC,5
CGCTGATCCAAGGAGC,5
CGCTGATCCACCTTAC,5
CGCTGATCCCATCCTC,5
CGCTGATCCCGACAAC,5
CGCTGATCCCTAATCC,5
CGCTGATCCCTCTATC,5
CGCTGATCCGACACAC,5
CGCTGATCCGGATTGC,1
CGCTGATCCTAAGGTC,5
CGCTGATCGAACAGGC,5
CGCTGATCGACAGTGC,5
CGCTGATCGAGTTAGC,5
CGCTGATCGATGAATC,7
CGCTGATCGCCAAGAC,5
CGCTGATCCGGAAGAA,1
CGCTGATCGTGACAAG,4
CGCTGATCGAACCAGA,9
CATCAAGTTTGCTGGA,4
CATCAAGTAACAACCA,9
CATCAAGTAACCGAGA,9
CATCAAGTAACGCTTA,4
CATCAAGTAAGACGGA,4
CATCAAGTAAGGTACA,4
CATCAAGTACACAGAA,4
CATCAAGTACAGCAGA,1
CATCAAGTACCTCCAA,1
CATCAAGTACGCTCGA,1
CATCAAGTACGTATCA,1
CATCAAGTACTATGCA,1
CATCAAGTAGAGTCAA,1
CATCAAGTAGATCGCA,1
CATCAAGTAGCAGGAA,4
CATCAAGTAGTCACTA,2
CATCAAGTATCCTGTA,1
CATCAAGTATTGAGGA,1
CATCAAGTCAACCACA,1
CATCAAGTGACTAGTA,1
CATCAAGTCAATGGAA,1
CATCAAGTCACTTCGA,1
CATCAAGTCAGCGTTA,1
CATCAAGTCATACCAA,1
CATCAAGTCCAGTTCA,1
CATCAAGTCCGAAGTA,1
CATCAAGTCCGTGAGA,1
CATCAAGTCCTCCTGA,1
CATCAAGTCGAACTTA,1
CATCAAGTCGACTGGA,1
CATCAAGTCGCATACA,1
CATCAAGTCTCAATGA,1
CATCAAGTCTGAGCCA,1
CATCAAGTCTGGCATA,1
CATCAAGTGAATCTGA,5
CATCAAGTCAAGACTA,5
CATCAAGTGAGCTGAA,5
CATCAAGTGATAGACA,3
CATCAAGTGCCACATA,3
CATCAAGTGCGAGTAA,3
CATCAAGTGCTAACGA,3
CATCAAGTGCTCGGTA,3
CATCAAGTGGAGAACA,3
CATCAAGTGGTGCGAA,3
CATCAAGTGTACGCAA,3
CATCAAGTGTCGTAGA,3
CATCAAGTGTCTGTCA,3
CATCAAGTGTGTTCTA,8
CATCAAGTTAGGATGA,8
CATCAAGTTATCAGCA,7
CATCAAGTTCCGTCTA,1
CATCAAGTTCTTCACA,3
CATCAAGTTGAAGAGA,3
CATCAAGTTGGAACAA,3
CATCAAGTTGGCTTCA,3
CATCAAGTTGGTGGTA,5
CATCAAGTTTCACGCA,5
CATCAAGTAACTCACC,5
CATCAAGTAAGAGATC,5
CATCAAGTAAGGACAC,5
CATCAAGTAATCCGTC,5
CATCAAGTAATGTTGC,5
CATCAAGTACACGACC,5
CATCAAGTACAGATTC,5
CATCAAGTAGATGTAC,5
CATCAAGTAGCACCTC,3
CATCAAGTAGCCATGC,3
CATCAAGTAGGCTAAC,3
CATCAAGTATAGCGAC,5
CATCAAGTATCATTCC,5
CATCAAGTATTGGCTC,5
CATCAAGTCAAGGAGC,5
CATCAAGTCACCTTAC,5
CATCAAGTCCATCCTC,5
CATCAAGTCCGACAAC,5
CATCAAGTCCTAATCC,5
CATCAAGTCCTCTATC,5
CATCAAGTCGACACAC,5
CATCAAGTCGGATTGC,5
CATCAAGTCTAAGGTC,5
CATCAAGTGAACAGGC,5
CATCAAGTGACAGTGC,5
CATCAAGTGAGTTAGC,5
CATCAAGTGATGAATC,1
CATCAAGTGCCAAGAC,5
CATCAAGTCGGAAGAA,8
CATCAAGTGTGACAAG,7
CATCAAGTGAACCAGA,5
CAGATCTGTTGCTGGA,4
CAGATCTGAACAACCA,9
CAGATCTGAACCGAGA,9
CAGATCTGAACGCTTA,9
CAGATCTGAAGACGGA,9
CAGATCTGAAGGTACA,4
CAGATCTGACACAGAA,4
CAGATCTGACAGCAGA,4
CAGATCTGACCTCCAA,4
CAGATCTGACGCTCGA,1
CAGATCTGACGTATCA,1
CAGATCTGACTATGCA,1
CAGATCTGAGAGTCAA,1
CAGATCTGAGATCGCA,1
CAGATCTGAGCAGGAA,1
CAGATCTGAGTCACTA,1
CAGATCTGATCCTGTA,1
CAGATCTGATTGAGGA,1
CAGATCTGCAACCACA,2
CAGATCTGGACTAGTA,4
CAGATCTGCAATGGAA,4
CAGATCTGCACTTCGA,1
CAGATCTGCAGCGTTA,1
CAGATCTGCATACCAA,4
CAGATCTGCCAGTTCA,4
CAGATCTGCCGAAGTA,4
CAGATCTGCCGTGAGA,4
CAGATCTGCCTCCTGA,4
CAGATCTGCGAACTTA,1
CAGATCTGCGACTGGA,1
CAGATCTGCGCATACA,4
CAGATCTGCTCAATGA,4
CAGATCTGCTGAGCCA,1
CAGATCTGCTGGCATA,9
CAGATCTGGAATCTGA,4
CAGATCTGCAAGACTA,1
CAGATCTGGAGCTGAA,1
CAGATCTGGATAGACA,3
CAGATCTGGCCACATA,3
CAGATCTGGCGAGTAA,3
CAGATCTGGCTAACGA,3
CAGATCTGGCTCGGTA,3
CAGATCTGGGAGAACA,3
CAGATCTGGGTGCGAA,3
CAGATCTGGTACGCAA,3
CAGATCTGGTCGTAGA,3
CAGATCTGGTCTGTCA,1
CAGATCTGGTGTTCTA,3
CAGATCTGTAGGATGA,5
CAGATCTGTATCAGCA,1
CAGATCTGTCCGTCTA,4
CAGATCTGTCTTCACA,3
CAGATCTGTGAAGAGA,1
CAGATCTGTGGAACAA,3
CAGATCTGTGGCTTCA,3
CAGATCTGTGGTGGTA,5
CAGATCTGTTCACGCA,5
CAGATCTGAACTCACC,5
CAGATCTGAAGAGATC,5
CAGATCTGAAGGACAC,5
CAGATCTGAATCCGTC,5
CAGATCTGAATGTTGC,5
CAGATCTGACACGACC,5
CAGATCTGACAGATTC,4
CAGATCTGAGATGTAC,4
CAGATCTGAGCACCTC,3
CAGATCTGAGCCATGC,1
CAGATCTGAGGCTAAC,3
CAGATCTGATAGCGAC,3
CAGATCTGATCATTCC,5
CAGATCTGATTGGCTC,5
CAGATCTGCAAGGAGC,5
CAGATCTGCACCTTAC,5
CAGATCTGCCATCCTC,3
CAGATCTGCCGACAAC,5
CAGATCTGCCTAATCC,5
CAGATCTGCCTCTATC,5
CAGATCTGCGACACAC,5
CAGATCTGCGGATTGC,5
CAGATCTGCTAAGGTC,5
CAGATCTGGAACAGGC,5
CAGATCTGGACAGTGC,5
CAGATCTGGAGTTAGC,5
CAGATCTGGATGAATC,1
CAGATCTGGCCAAGAC,5
CAGATCTGCGGAAGAA,4
CAGATCTGGTGACAAG,4
CAGATCTGGAACCAGA,4
ACATTGGCTTGCTGGA,4
ACATTGGCAACAACCA,9
ACATTGGCAACCGAGA,9
ACATTGGCAACGCTTA,9
ACATTGGCAAGACGGA,9
ACATTGGCAAGGTACA,9
ACATTGGCACACAGAA,3
ACATTGGCACAGCAGA,4
ACATTGGCACCTCCAA,4
ACATTGGCACGCTCGA,1
ACATTGGCACGTATCA,1
ACATTGGCACTATGCA,1
ACATTGGCAGAGTCAA,1
ACATTGGCAGATCGCA,1
ACATTGGCAGCAGGAA,1
ACATTGGCAGTCACTA,1
ACATTGGCATCCTGTA,1
ACATTGGCATTGAGGA,1
ACATTGGCCAACCACA,4
ACATTGGCGACTAGTA,4
ACATTGGCCAATGGAA,4
ACATTGGCCACTTCGA,4
ACATTGGCCAGCGTTA,4
ACATTGGCCATACCAA,4
ACATTGGCCCAGTTCA,4
ACATTGGCCCGAAGTA,4
ACATTGGCCCGTGAGA,4
ACATTGGCCCTCCTGA,4
ACATTGGCCGAACTTA,4
ACATTGGCCGACTGGA,4
ACATTGGCCGCATACA,4
ACATTGGCCTCAATGA,1
ACATTGGCCTGAGCCA,4
ACATTGGCCTGGCATA,1
ACATTGGCGAATCTGA,5
ACATTGGCCAAGACTA,5
ACATTGGCGAGCTGAA,3
ACATTGGCGATAGACA,3
ACATTGGCGCCACATA,3
ACATTGGCGCGAGTAA,3
ACATTGGCGCTAACGA,3
ACATTGGCGCTCGGTA,3
ACATTGGCGGAGAACA,3
ACATTGGCGGTGCGAA,3
ACATTGGCGTACGCAA,3
ACATTGGCGTCGTAGA,3
ACATTGGCGTCTGTCA,3
ACATTGGCGTGTTCTA,4
ACATTGGCTAGGATGA,5
ACATTGGCTATCAGCA,3
ACATTGGCTCCGTCTA,5
ACATTGGCTCTTCACA,3
ACATTGGCTGAAGAGA,3
ACATTGGCTGGAACAA,1
ACATTGGCTGGCTTCA,5
ACATTGGCTGGTGGTA,5
ACATTGGCTTCACGCA,5
ACATTGGCAACTCACC,5
ACATTGGCAAGAGATC,5
ACATTGGCAAGGACAC,5
ACATTGGCAATCCGTC,5
ACATTGGCAATGTTGC,5
ACATTGGCACACGACC,1
ACATTGGCACAGATTC,5
ACATTGGCAGATGTAC,1
ACATTGGCAGCACCTC,3
ACATTGGCAGCCATGC,3
ACATTGGCAGGCTAAC,3
ACATTGGCATAGCGAC,3
ACATTGGCATCATTCC,5
ACATTGGCATTGGCTC,5
ACATTGGCCAAGGAGC,5
ACATTGGCCACCTTAC,5
ACATTGGCCCATCCTC,5
ACATTGGCCCGACAAC,5
ACATTGGCCCTAATCC,5
ACATTGGCCCTCTATC,5
ACATTGGCCGACACAC,5
ACATTGGCCGGATTGC,5
ACATTGGCCTAAGGTC,5
ACATTGGCGAACAGGC,5
ACATTGGCGACAGTGC,5
ACATTGGCGAGTTAGC,5
ACATTGGCGATGAATC,5
ACATTGGCGCCAAGAC,5
ACATTGGCCGGAAGAA,5
ACATTGGCGTGACAAG,4
ACATTGGCGAACCAGA,4
ACCACTGTTTGCTGGA,4
ACCACTGTAACAACCA,9
ACCACTGTAACCGAGA,9
ACCACTGTAACGCTTA,9
ACCACTGTAAGACGGA,9
ACCACTGTAAGGTACA,9
ACCACTGTACACAGAA,4
ACCACTGTACAGCAGA,4
ACCACTGTACCTCCAA,4
ACCACTGTACGCTCGA,1
ACCACTGTACGTATCA,1
ACCACTGTACTATGCA,1
ACCACTGTAGAGTCAA,1
ACCACTGTAGATCGCA,1
ACCACTGTAGCAGGAA,1
ACCACTGTAGTCACTA,1
ACCACTGTATCCTGTA,1
ACCACTGTATTGAGGA,1
ACCACTGTCAACCACA,1
ACCACTGTGACTAGTA,1
ACCACTGTCAATGGAA,1
ACCACTGTCACTTCGA,4
ACCACTGTCAGCGTTA,4
ACCACTGTCATACCAA,4
ACCACTGTCCAGTTCA,4
ACCACTGTCCGAAGTA,1
ACCACTGTCCGTGAGA,1
ACCACTGTCCTCCTGA,4
ACCACTGTCGAACTTA,4
ACCACTGTCGACTGGA,4
ACCACTGTCGCATACA,4
ACCACTGTCTCAATGA,4
ACCACTGTCTGAGCCA,1
ACCACTGTCTGGCATA,1
ACCACTGTGAATCTGA,4
ACCACTGTCAAGACTA,2
ACCACTGTGAGCTGAA,3
ACCACTGTGATAGACA,3
ACCACTGTGCCACATA,3
ACCACTGTGCGAGTAA,3
ACCACTGTGCTAACGA,3
ACCACTGTGCTCGGTA,3
ACCACTGTGGAGAACA,3
ACCACTGTGGTGCGAA,3
ACCACTGTGTACGCAA,3
ACCACTGTGTCGTAGA,4
ACCACTGTGTCTGTCA,4
ACCACTGTGTGTTCTA,3
ACCACTGTTAGGATGA,3
ACCACTGTTATCAGCA,3
ACCACTGTTCCGTCTA,3
ACCACTGTTCTTCACA,3
ACCACTGTTGAAGAGA,3
ACCACTGTTGGAACAA,5
ACCACTGTTGGCTTCA,5
ACCACTGTTGGTGGTA,5
ACCACTGTTTCACGCA,5
ACCACTGTAACTCACC,5
ACCACTGTAAGAGATC,5
ACCACTGTAAGGACAC,5
ACCACTGTAATCCGTC,5
ACCACTGTAATGTTGC,5
ACCACTGTACACGACC,5
ACCACTGTACAGATTC,5
ACCACTGTAGATGTAC,3
ACCACTGTAGCACCTC,5
ACCACTGTAGCCATGC,3
ACCACTGTAGGCTAAC,5
ACCACTGTATAGCGAC,3
ACCACTGTATCATTCC,5
ACCACTGTATTGGCTC,5
ACCACTGTCAAGGAGC,5
ACCACTGTCACCTTAC,5
ACCACTGTCCATCCTC,5
ACCACTGTCCGACAAC,5
ACCACTGTCCTAATCC,5
ACCACTGTCCTCTATC,5
ACCACTGTCGACACAC,5
ACCACTGTCGGATTGC,5
ACCACTGTCTAAGGTC,5
ACCACTGTGAACAGGC,5
ACCACTGTGACAGTGC,5
ACCACTGTGAGTTAGC,5
ACCACTGTGATGAATC,5
ACCACTGTGCCAAGAC,9
ACCACTGTCGGAAGAA,5
ACCACTGTGTGACAAG,5
ACCACTGTGAACCAGA,4
AGTGGTCATTGCTGGA,5
AGTGGTCAAACCGAGA,9
AGTGGTCAAACGCTTA,9
AGTGGTCAAAGACGGA,9
AGTGGTCAAAGGTACA,9
AGTGGTCAACACAGAA,4
AGTGGTCAACAGCAGA,9
AGTGGTCAACCTCCAA,4
AGTGGTCAACGCTCGA,9
AGTGGTCAACGTATCA,4
AGTGGTCAACTATGCA,1
AGTGGTCAAGAGTCAA,1
AGTGGTCAAGATCGCA,1
AGTGGTCAAGCAGGAA,1
AGTGGTCAAGTCACTA,1
AGTGGTCAATCCTGTA,1
AGTGGTCAATTGAGGA,1
AGTGGTCACAACCACA,1
AGTGGTCAGACTAGTA,1
AGTGGTCACAATGGAA,1
AGTGGTCACACTTCGA,1
AGTGGTCACAGCGTTA,1
AGTGGTCACATACCAA,1
AGTGGTCACCAGTTCA,1
AGTGGTCACCGAAGTA,1
AGTGGTCACCGTGAGA,1
AGTGGTCACCTCCTGA,1
AGTGGTCACGAACTTA,4
AGTGGTCACGACTGGA,4
AGTGGTCACGCATACA,4
AGTGGTCACTCAATGA,4
AGTGGTCACTGAGCCA,1
AGTGGTCACTGGCATA,3
AGTGGTCAGAATCTGA,8
AGTGGTCACAAGACTA,1
AGTGGTCAGAGCTGAA,5
AGTGGTCAGATAGACA,5
AGTGGTCAGCCACATA,5
AGTGGTCAGCGAGTAA,3
AGTGGTCAGCTAACGA,3
AGTGGTCAGCTCGGTA,3
AGTGGTCAGGAGAACA,3
AGTGGTCAGGTGCGAA,3
AGTGGTCAGTACGCAA,3
AGTGGTCAGTCGTAGA,3
AGTGGTCAGTCTGTCA,3
AGTGGTCAGTGTTCTA,4
AGTGGTCATAGGATGA,4
AGTGGTCATATCAGCA,3
AGTGGTCATCCGTCTA,3
AGTGGTCATCTTCACA,3
AGTGGTCATGAAGAGA,1
AGTGGTCATGGAACAA,5
AGTGGTCATGGCTTCA,5
AGTGGTCATGGTGGTA,5
AGTGGTCATTCACGCA,5
AGTGGTCAAACTCACC,5
AGTGGTCAAAGAGATC,5
AGTGGTCAAAGGACAC,5
AGTGGTCAAATCCGTC,3
AGTGGTCAAATGTTGC,5
AGTGGTCAACACGACC,5
AGTGGTCAACAGATTC,5
AGTGGTCAAGATGTAC,5
AGTGGTCAAGCACCTC,5
AGTGGTCAAGCCATGC,5
AGTGGTCAAGGCTAAC,5
AGTGGTCAATAGCGAC,6
AGTGGTCAATCATTCC,5
AGTGGTCAATTGGCTC,5
AGTGGTCACAAGGAGC,5
AGTGGTCACACCTTAC,3
AGTGGTCACCATCCTC,5
AGTGGTCACCGACAAC,5
AGTGGTCACCTAATCC,5
AGTGGTCACCTCTATC,5
AGTGGTCACGACACAC,5
AGTGGTCACGGATTGC,5
AGTGGTCACTAAGGTC,5
AGTGGTCAGAACAGGC,5
AGTGGTCAGACAGTGC,1
AGTGGTCAGAGTTAGC,1
AGTGGTCAGATGAATC,5
AGTGGTCAGCCAAGAC,5
AGTGGTCACGGAAGAA,1
AGTGGTCAGTGACAAG,5
AGTGGTCAGAACCAGA,5
ATGCCTAATTGCTGGA,5
ATGCCTAAAAGGTACA,9
ATGCCTAAACACAGAA,4
ATGCCTAAACAGCAGA,4
ATGCCTAAACCTCCAA,4
ATGCCTAAACGCTCGA,4
ATGCCTAAACGTATCA,4
ATGCCTAAACTATGCA,1
ATGCCTAAAGAGTCAA,1
ATGCCTAAAGATCGCA,4
ATGCCTAAAGCAGGAA,1
ATGCCTAAAGTCACTA,1
ATGCCTAAATCCTGTA,1
ATGCCTAAATTGAGGA,1
ATGCCTAACAACCACA,1
ATGCCTAAGACTAGTA,1
ATGCCTAACAATGGAA,1
ATGCCTAACACTTCGA,1
ATGCCTAACAGCGTTA,1
ATGCCTAACATACCAA,1
ATGCCTAACCAGTTCA,5
ATGCCTAACCGAAGTA,1
ATGCCTAACCGTGAGA,1
ATGCCTAACCTCCTGA,1
ATGCCTAACGAACTTA,1
ATGCCTAACGACTGGA,4
ATGCCTAACGCATACA,4
ATGCCTAACTCAATGA,4
ATGCCTAACTGAGCCA,1
ATGCCTAACTGGCATA,8
ATGCCTAAGAATCTGA,8
ATGCCTAACAAGACTA,4
ATGCCTAAGAGCTGAA,1
ATGCCTAAGATAGACA,5
ATGCCTAAGCCACATA,5
ATGCCTAAGCGAGTAA,5
ATGCCTAAGCTAACGA,5
ATGCCTAAGCTCGGTA,1
ATGCCTAAGGAGAACA,3
ATGCCTAAGGTGCGAA,3
ATGCCTAAGTACGCAA,3
ATGCCTAAGTCGTAGA,3
ATGCCTAAGTCTGTCA,4
ATGCCTAAGTGTTCTA,3
ATGCCTAATAGGATGA,1
ATGCCTAATATCAGCA,3
ATGCCTAATCCGTCTA,3
ATGCCTAATCTTCACA,3
ATGCCTAATGAAGAGA,8
ATGCCTAATGGAACAA,5
ATGCCTAATGGCTTCA,5
ATGCCTAATGGTGGTA,5
ATGCCTAATTCACGCA,5
ATGCCTAAAACTCACC,5
ATGCCTAAAAGAGATC,5
ATGCCTAAAAGGACAC,5
ATGCCTAAAATCCGTC,5
ATGCCTAAAATGTTGC,5
ATGCCTAAACACGACC,5
ATGCCTAAACAGATTC,8
ATGCCTAAAGATGTAC,5
ATGCCTAAAGCACCTC,5
ATGCCTAAAGCCATGC,5
ATGCCTAAAGGCTAAC,5
ATGCCTAAATAGCGAC,5
ATGCCTAAATCATTCC,5
ATGCCTAAATTGGCTC,5
ATGCCTAACAAGGAGC,5
ATGCCTAACACCTTAC,5
ATGCCTAACCATCCTC,5
ATGCCTAACCGACAAC,5
ATGCCTAACCTAATCC,5
ATGCCTAACCTCTATC,5
ATGCCTAACGACACAC,5
ATGCCTAACGGATTGC,5
ATGCCTAACTAAGGTC,5
ATGCCTAAGAACAGGC,5
ATGCCTAAGACAGTGC,1
ATGCCTAAGAGTTAGC,1
ATGCCTAAGATGAATC,1
ATGCCTAAGCCAAGAC,5
ATGCCTAACGGAAGAA,5
ATGCCTAAGTGACAAG,1
ATGCCTAAGAACCAGA,5
AAACATCGTTGCTGGA,5
AAACATCGACACAGAA,4
AAACATCGACAGCAGA,4
AAACATCGACCTCCAA,4
AAACATCGACGCTCGA,4
AAACATCGACGTATCA,4
AAACATCGACTATGCA,4
AAACATCGAGAGTCAA,4
AAACATCGAGATCGCA,4
AAACATCGAGCAGGAA,4
AAACATCGAGTCACTA,4
AAACATCGATCCTGTA,1
AAACATCGATTGAGGA,1
AAACATCGCAACCACA,1
AAACATCGGACTAGTA,1
AAACATCGCAATGGAA,1
AAACATCGCACTTCGA,1
AAACATCGCAGCGTTA,1
AAACATCGCATACCAA,1
AAACATCGCCAGTTCA,1
AAACATCGCCGAAGTA,1
AAACATCGCCGTGAGA,1
AAACATCGCCTCCTGA,4
AAACATCGCGAACTTA,1
AAACATCGCGACTGGA,4
AAACATCGCGCATACA,4
AAACATCGCTCAATGA,3
AAACATCGCTGAGCCA,3
AAACATCGCTGGCATA,4
AAACATCGGAATCTGA,8
AAACATCGCAAGACTA,5
AAACATCGGAGCTGAA,5
AAACATCGGATAGACA,8
AAACATCGGCCACATA,5
AAACATCGGCGAGTAA,5
AAACATCGGCTAACGA,5
AAACATCGGCTCGGTA,5
AAACATCGGGAGAACA,3
AAACATCGGGTGCGAA,3
AAACATCGGTACGCAA,8
AAACATCGGTCGTAGA,3
AAACATCGGTCTGTCA,3
AAACATCGGTGTTCTA,3
AAACATCGTAGGATGA,3
AAACATCGTATCAGCA,3
AAACATCGTCCGTCTA,3
AAACATCGTCTTCACA,3
AAACATCGTGAAGAGA,3
AAACATCGTGGAACAA,5
AAACATCGTGGCTTCA,5
AAACATCGTGGTGGTA,5
AAACATCGTTCACGCA,5
AAACATCGAACTCACC,5
AAACATCGAAGAGATC,5
AAACATCGAAGGACAC,5
AAACATCGAATCCGTC,3
AAACATCGAATGTTGC,5
AAACATCGACACGACC,5
AAACATCGACAGATTC,5
AAACATCGAGATGTAC,5
AAACATCGAGCACCTC,5
AAACATCGAGCCATGC,5
AAACATCGAGGCTAAC,5
AAACATCGATAGCGAC,5
AAACATCGATCATTCC,5
AAACATCGATTGGCTC,5
AAACATCGCAAGGAGC,5
AAACATCGCACCTTAC,5
AAACATCGCCATCCTC,5
AAACATCGCCGACAAC,5
AAACATCGCCTAATCC,5
AAACATCGCCTCTATC,5
AAACATCGCGACACAC,5
AAACATCGCGGATTGC,5
AAACATCGCTAAGGTC,1
AAACATCGGAACAGGC,1
AAACATCGGACAGTGC,1
AAACATCGGAGTTAGC,1
AAACATCGGATGAATC,1
AAACATCGGCCAAGAC,5
AAACATCGCGGAAGAA,5
AAACATCGGTGACAAG,5
AAACATCGGAACCAGA,1
GAACAGGCTTGCTGGA,4
GAACAGGCACAGCAGA,4
GAACAGGCACCTCCAA,4
GAACAGGCACGCTCGA,4
GAACAGGCACGTATCA,4
GAACAGGCACTATGCA,4
GAACAGGCAGAGTCAA,4
GAACAGGCAGATCGCA,4
GAACAGGCAGCAGGAA,4
GAACAGGCAGTCACTA,4
GAACAGGCATCCTGTA,2
GAACAGGCATTGAGGA,2
GAACAGGCCAACCACA,2
GAACAGGCGACTAGTA,2
GAACAGGCCAATGGAA,1
GAACAGGCCACTTCGA,1
GAACAGGCCAGCGTTA,1
GAACAGGCCATACCAA,2
GAACAGGCCCAGTTCA,2
GAACAGGCCCGAAGTA,2
GAACAGGCCCGTGAGA,2
GAACAGGCCCTCCTGA,2
GAACAGGCCGAACTTA,1
GAACAGGCCGACTGGA,2
GAACAGGCCGCATACA,2
GAACAGGCCTCAATGA,2
GAACAGGCCTGAGCCA,1
GAACAGGCCTGGCATA,1
GAACAGGCGAATCTGA,1
GAACAGGCCAAGACTA,1
GAACAGGCGAGCTGAA,1
GAACAGGCGATAGACA,4
GAACAGGCGCCACATA,1
GAACAGGCGCGAGTAA,1
GAACAGGCGCTAACGA,1
GAACAGGCGCTCGGTA,1
GAACAGGCGGAGAACA,4
GAACAGGCGGTGCGAA,4
GAACAGGCGTACGCAA,1
GAACAGGCGTCGTAGA,1
GAACAGGCGTCTGTCA,2
GAACAGGCGTGTTCTA,2
GAACAGGCTAGGATGA,1
GAACAGGCTATCAGCA,2
GAACAGGCTCCGTCTA,1
GAACAGGCTCTTCACA,1
GAACAGGCTGAAGAGA,1
GAACAGGCTGGAACAA,1
GAACAGGCTGGCTTCA,1
GAACAGGCTGGTGGTA,1
GAACAGGCTTCACGCA,1
GAACAGGCAACTCACC,1
GAACAGGCAAGAGATC,1
GAACAGGCAAGGACAC,1
GAACAGGCAATCCGTC,1
GAACAGGCAATGTTGC,1
GAACAGGCACACGACC,1
GAACAGGCACAGATTC,1
GAACAGGCAGATGTAC,1
GAACAGGCAGCACCTC,1
GAACAGGCAGCCATGC,1
GAACAGGCAGGCTAAC,1
GAACAGGCATAGCGAC,1
GAACAGGCATCATTCC,1
GAACAGGCATTGGCTC,1
GAACAGGCCAAGGAGC,1
GAACAGGCCACCTTAC,1
GAACAGGCCCATCCTC,1
GAACAGGCCCGACAAC,1
GAACAGGCCCTAATCC,1
GAACAGGCCCTCTATC,1
GAACAGGCCGACACAC,1
GAACAGGCCGGATTGC,2
GAACAGGCCTAAGGTC,1
GAACAGGCGAACAGGC,1
GAACAGGCGACAGTGC,1
GAACAGGCGAGTTAGC,1
GAACAGGCGATGAATC,9
GAACAGGCGCCAAGAC,9
GAACAGGCCGGAAGAA,9
GAACAGGCGTGACAAG,9
GAACAGGCGAACCAGA,9
