observation_id,cluster
CTAAGGTCTTGCTGGA,4
CTAAGGTCACACAGAA,5
CTAAGGTCACAGCAGA,7
CTAAGGTCACCTCCAA,7
CTAAGGTCACGCTCGA,7
CTAAGGTCACGTATCA,7
CTAAGGTCACTATGCA,7
CTAAGGTCAGAGTCAA,7
CTAAGGTCAGATCGCA,7
CTAAGGTCAGCAGGAA,7
CTAAGGTCAGTCACTA,7
CTAAGGTCATCCTGTA,7
CTAAGGTCATTGAGGA,7
CTAAGGTCCAACCACA,7
CTAAGGTCGACTAGTA,7
CTAAGGTCCAATGGAA,7
CTAAGGTCCACTTCGA,7
CTAAGGTCCAGCGTTA,7
CTAAGGTCCATACCAA,3
CTAAGGTCCCAGTTCA,3
CTAAGGTCCCGAAGTA,3
CTAAGGTCCCGTGAGA,3
CTAAGGTCCCTCCTGA,3
CTAAGGTCCGAACTTA,3
CTAAGGTCCGACTGGA,3
CTAAGGTCCGCATACA,3
CTAAGGTCCTCAATGA,4
CTAAGGTCCTGAGCCA,3
CTAAGGTCCTGGCATA,4
CTAAGGTCGAATCTGA,4
CTAAGGTCCAAGACTA,4
CTAAGGTCGAGCTGAA,4
CTAAGGTCGATAGACA,4
CTAAGGTCGCCACATA,8
CTAAGGTCGCGAGTAA,8
CTAAGGTCGCTAACGA,8
CTAAGGTCGCTCGGTA,4
CTAAGGTCGGAGAACA,4
CTAAGGTCGGTGCGAA,4
CTAAGGTCGTACGCAA,4
CTAAGGTCGTCGTAGA,4
CTAAGGTCGTCTGTCA,8
CTAAGGTCGTGTTCTA,8
CTAAGGTCTAGGATGA,8
CTAAGGTCTATCAGCA,8
CTAAGGTCTCCGTCTA,8
CTAAGGTCTCTTCACA,8
CTAAGGTCTGAAGAGA,4
CTAAGGTCTGGAACAA,4
CTAAGGTCTGGCTTCA,8
CTAAGGTCTGGTGGTA,8
CTAAGGTCTTCACGCA,8
CTAAGGTCAACTCACC,8
CTAAGGTCAAGAGATC,8
CTAAGGTCAAGGACAC,8
CTAAGGTCAATCCGTC,8
CTAAGGTCAATGTTGC,8
CTAAGGTCACACGACC,8
CTAAGGTCACAGATTC,8
CTAAGGTCAGATGTAC,8
CTAAGGTCAGCACCTC,8
CTAAGGTCAGCCATGC,8
CTAAGGTCAGGCTAAC,8
CTAAGGTCATAGCGAC,8
CTAAGGTCATCATTCC,8
CTAAGGTCATTGGCTC,8
CTAAGGTCCAAGGAGC,8
CTAAGGTCCACCTTAC,4
CTAAGGTCCCATCCTC,4
CTAAGGTCCCGACAAC,4
CTAAGGTCCCTAATCC,4
CTAAGGTCCCTCTATC,4
CTAAGGTCCGACACAC,3
CTAAGGTCCGGATTGC,3
CTAAGGTCCTAAGGTC,7
CTAAGGTCGAACAGGC,7
CTAAGGTCGACAGTGC,7
CTAAGGTCGAGTTAGC,7
CTAAGGTCGATGAATC,4
CTAAGGTCGCCAAGAC,5
CTAAGGTCCGGAAGAA,5
CTAAGGTCGTGACAAG,5
CTAAGGTCGAACCAGA,5
CGGATTGCTTGCTGGA,4
CGGATTGCACACAGAA,4
CGGATTGCACAGCAGA,7
CGGATTGCACCTCCAA,7
CGGATTGCACGCTCGA,7
CGGATTGCACGTATCA,7
CGGATTGCACTATGCA,7
CGGATTGCAGAGTCAA,7
CGGATTGCAGATCGCA,7
CGGATTGCAGCAGGAA,7
CGGATTGCAGTCACTA,7
CGGATTGCATCCTGTA,7
CGGATTGCATTGAGGA,7
CGGATTGCCAACCACA,7
CGGATTGCGACTAGTA,7
CGGATTGCCAATGGAA,7
CGGATTGCCACTTCGA,7
CGGATTGCCAGCGTTA,3
CGGATTGCCATACCAA,3
CGGATTGCCCAGTTCA,3
CGGATTGCCCGAAGTA,3
CGGATTGCCCGTGAGA,3
CGGATTGCCCTCCTGA,3
CGGATTGCCGAACTTA,3
CGGATTGCCGACTGGA,3
CGGATTGCCGCATACA,3
CGGATTGCCTCAATGA,4
CGGATTGCCTGAGCCA,4
CGGATTGCCTGGCATA,4
CGGATTGCGAATCTGA,4
CGGATTGCCAAGACTA,8
CGGATTGCGAGCTGAA,8
CGGATTGCGATAGACA,8
CGGATTGCGCCACATA,4
CGGATTGCGCGAGTAA,8
CGGATTGCGCTAACGA,8
CGGATTGCGCTCGGTA,8
CGGATTGCGGAGAACA,4
CGGATTGCGGTGCGAA,8
CGGATTGCGTACGCAA,4
CGGATTGCGTCGTAGA,8
CGGATTGCGTCTGTCA,8
CGGATTGCGTGTTCTA,8
CGGATTGCTAGGATGA,8
CGGATTGCTATCAGCA,8
CGGATTGCTCCGTCTA,8
CGGATTGCTCTTCACA,8
CGGATTGCTGAAGAGA,4
CGGATTGCTGGAACAA,8
CGGATTGCTGGCTTCA,8
CGGATTGCTGGTGGTA,8
CGGATTGCTTCACGCA,8
CGGATTGCAACTCACC,8
CGGATTGCAAGAGATC,8
CGGATTGCAAGGACAC,8
CGGATTGCAATCCGTC,8
CGGATTGCAATGTTGC,8
CGGATTGCACACGACC,8
CGGATTGCACAGATTC,8
CGGATTGCAGATGTAC,8
CGGATTGCAGCACCTC,8
CGGATTGCAGCCATGC,8
CGGATTGCAGGCTAAC,8
CGGATTGCATAGCGAC,8
CGGATTGCATCATTCC,4
CGGATTGCATTGGCTC,8
CGGATTGCCAAGGAGC,4
CGGATTGCCACCTTAC,4
CGGATTGCCCATCCTC,4
CGGATTGCCCGACAAC,4
CGGATTGCCCTAATCC,4
CGGATTGCCCTCTATC,4
CGGATTGCCGACACAC,3
CGGATTGCCGGATTGC,7
CGGATTGCCTAAGGTC,7
CGGATTGCGAACAGGC,7
CGGATTGCGACAGTGC,7
CGGATTGCGAGTTAGC,7
CGGATTGCGATGAATC,4
CGGATTGCGCCAAGAC,5
CGGATTGCCGGAAGAA,5
CGGATTGCGTGACAAG,5
CGGATTGCGAACCAGA,5
CGACACACTTGCTGGA,4
CGACACACAAGACGGA,4
CGACACACAAGGTACA,4
CGACACACACACAGAA,7
CGACACACACAGCAGA,7
CGACACACACCTCCAA,7
CGACACACACGCTCGA,7
CGACACACACGTATCA,7
CGACACACACTATGCA,7
CGACACACAGAGTCAA,7
CGACACACAGATCGCA,7
CGACACACAGCAGGAA,7
CGACACACAGTCACTA,7
CGACACACATCCTGTA,7
CGACACACATTGAGGA,7
CGACACACCAACCACA,7
CGACACACGACTAGTA,7
CGACACACCAATGGAA,3
CGACACACCACTTCGA,3
CGACACACCAGCGTTA,3
CGACACACCATACCAA,3
CGACACACCCAGTTCA,3
CGACACACCCGAAGTA,3
CGACACACCCGTGAGA,3
CGACACACCCTCCTGA,3
CGACACACCGAACTTA,4
CGACACACCGACTGGA,3
CGACACACCGCATACA,4
CGACACACCTCAATGA,4
CGACACACCTGAGCCA,4
CGACACACCTGGCATA,4
CGACACACGAATCTGA,8
CGACACACCAAGACTA,8
CGACACACGAGCTGAA,8
CGACACACGATAGACA,8
CGACACACGCCACATA,8
CGACACACGCGAGTAA,8
CGACACACGCTAACGA,8
CGACACACGCTCGGTA,8
CGACACACGGAGAACA,8
CGACACACGGTGCGAA,8
CGACACACGTACGCAA,8
CGACACACGTCGTAGA,8
CGACACACGTCTGTCA,8
CGACACACGTGTTCTA,4
CGACACACTAGGATGA,8
CGACACACTATCAGCA,8
CGACACACTCCGTCTA,4
CGACACACTCTTCACA,4
CGACACACTGAAGAGA,4
CGACACACTGGAACAA,8
CGACACACTGGCTTCA,8
CGACACACTGGTGGTA,8
CGACACACTTCACGCA,8
CGACACACAACTCACC,8
CGACACACAAGAGATC,8
CGACACACAAGGACAC,8
CGACACACAATCCGTC,8
CGACACACAATGTTGC,8
CGACACACACACGACC,8
CGACACACACAGATTC,8
CGACACACAGATGTAC,8
CGACACACAGCACCTC,8
CGACACACAGCCATGC,8
CGACACACAGGCTAAC,8
CGACACACATAGCGAC,8
CGACACACATCATTCC,4
CGACACACATTGGCTC,4
CGACACACCAAGGAGC,4
CGACACACCACCTTAC,4
CGACACACCCATCCTC,4
CGACACACCCGACAAC,4
CGACACACCCTAATCC,4
CGACACACCCTCTATC,4
CGACACACCGACACAC,3
CGACACACCGGATTGC,7
CGACACACCTAAGGTC,7
CGACACACGAACAGGC,7
CGACACACGACAGTGC,7
CGACACACGAGTTAGC,4
CGACACACGATGAATC,4
CGACACACGCCAAGAC,5
CGACACACCGGAAGAA,5
CGACACACGTGACAAG,5
CGACACACGAACCAGA,5
CCTCTATCTTGCTGGA,5
CCTCTATCAACCGAGA,7
CCTCTATCAACGCTTA,7
CCTCTATCAAGACGGA,7
CCTCTATCAAGGTACA,7
CCTCTATCACACAGAA,7
CCTCTATCACAGCAGA,7
CCTCTATCACCTCCAA,7
CCTCTATCACGCTCGA,7
CCTCTATCACGTATCA,7
CCTCTATCACTATGCA,7
CCTCTATCAGAGTCAA,7
CCTCTATCAGATCGCA,7
CCTCTATCAGCAGGAA,7
CCTCTATCAGTCACTA,7
CCTCTATCATCCTGTA,7
CCTCTATCATTGAGGA,7
CCTCTATCCAACCACA,7
CCTCTATCGACTAGTA,3
CCTCTATCCAATGGAA,3
CCTCTATCCACTTCGA,3
CCTCTATCCAGCGTTA,3
CCTCTATCCATACCAA,3
CCTCTATCCCAGTTCA,3
CCTCTATCCCGAAGTA,3
CCTCTATCCCGTGAGA,3
CCTCTATCCCTCCTGA,3
CCTCTATCCGAACTTA,3
CCTCTATCCGACTGGA,4
CCTCTATCCGCATACA,4
CCTCTATCCTCAATGA,4
CCTCTATCCTGAGCCA,4
CCTCTATCCTGGCATA,8
CCTCTATCGAATCTGA,8
CCTCTATCCAAGACTA,8
CCTCTATCGAGCTGAA,8
CCTCTATCGATAGACA,4
CCTCTATCGCCACATA,4
CCTCTATCGCGAGTAA,8
CCTCTATCGCTAACGA,8
CCTCTATCGCTCGGTA,8
CCTCTATCGGAGAACA,8
CCTCTATCGGTGCGAA,8
CCTCTATCGTACGCAA,4
CCTCTATCGTCGTAGA,4
CCTCTATCGTCTGTCA,8
CCTCTATCGTGTTCTA,8
CCTCTATCTAGGATGA,8
CCTCTATCTATCAGCA,8
CCTCTATCTCCGTCTA,4
CCTCTATCTCTTCACA,4
CCTCTATCTGAAGAGA,8
CCTCTATCTGGAACAA,8
CCTCTATCTGGCTTCA,8
CCTCTATCTGGTGGTA,8
CCTCTATCTTCACGCA,8
CCTCTATCAACTCACC,8
CCTCTATCAAGAGATC,8
CCTCTATCAAGGACAC,8
CCTCTATCAATCCGTC,8
CCTCTATCAATGTTGC,8
CCTCTATCACACGACC,8
CCTCTATCACAGATTC,8
CCTCTATCAGATGTAC,8
CCTCTATCAGCACCTC,8
CCTCTATCAGCCATGC,8
CCTCTATCAGGCTAAC,8
CCTCTATCATAGCGAC,8
CCTCTATCATCATTCC,4
CCTCTATCATTGGCTC,4
CCTCTATCCAAGGAGC,4
CCTCTATCCACCTTAC,4
CCTCTATCCCATCCTC,4
CCTCTATCCCGACAAC,4
CCTCTATCCCTAATCC,4
CCTCTATCCCTCTATC,4
CCTCTATCCGACACAC,3
CCTCTATCCGGATTGC,7
CCTCTATCCTAAGGTC,7
CCTCTATCGAACAGGC,7
CCTCTATCGACAGTGC,7
CCTCTATCGAGTTAGC,7
CCTCTATCGATGAATC,4
CCTCTATCGCCAAGAC,5
CCTCTATCCGGAAGAA,5
CCTCTATCGTGACAAG,5
CCTCTATCGAACCAGA,5
CCTAATCCTTGCTGGA,5
CCTAATCCAACCGAGA,7
CCTAATCCAACGCTTA,7
CCTAATCCAAGACGGA,7
CCTAATCCAAGGTACA,7
CCTAATCCACACAGAA,7
CCTAATCCACAGCAGA,7
CCTAATCCACCTCCAA,7
CCTAATCCACGCTCGA,7
CCTAATCCACGTATCA,7
CCTAATCCACTATGCA,7
CCTAATCCAGAGTCAA,7
CCTAATCCAGATCGCA,7
CCTAATCCAGCAGGAA,7
CCTAATCCAGTCACTA,7
CCTAATCCATCCTGTA,7
CCTAATCCATTGAGGA,7
CCTAATCCCAACCACA,3
CCTAATCCGACTAGTA,3
CCTAATCCCAATGGAA,3
CCTAATCCCACTTCGA,3
CCTAATCCCAGCGTTA,3
CCTAATCCCATACCAA,3
CCTAATCCCCAGTTCA,3
CCTAATCCCCGAAGTA,3
CCTAATCCCCGTGAGA,4
CCTAATCCCCTCCTGA,4
CCTAATCCCGAACTTA,4
CCTAATCCCGACTGGA,4
CCTAATCCCGCATACA,4
CCTAATCCCTCAATGA,4
CCTAATCCCTGAGCCA,8
CCTAATCCCTGGCATA,8
CCTAATCCGAATCTGA,8
CCTAATCCCAAGACTA,8
CCTAATCCGAGCTGAA,8
CCTAATCCGATAGACA,4
CCTAATCCGCCACATA,4
CCTAATCCGCGAGTAA,8
CCTAATCCGCTAACGA,8
CCTAATCCGCTCGGTA,8
CCTAATCCGGAGAACA,8
CCTAATCCGGTGCGAA,8
CCTAATCCGTACGCAA,8
CCTAATCCGTCGTAGA,8
CCTAATCCGTCTGTCA,8
CCTAATCCGTGTTCTA,4
CCTAATCCTAGGATGA,8
CCTAATCCTATCAGCA,8
CCTAATCCTCCGTCTA,8
CCTAATCCTCTTCACA,8
CCTAATCCTGAAGAGA,8
CCTAATCCTGGAACAA,8
CCTAATCCTGGCTTCA,8
CCTAATCCTGGTGGTA,8
CCTAATCCTTCACGCA,8
CCTAATCCAACTCACC,8
CCTAATCCAAGAGATC,8
CCTAATCCAAGGACAC,8
CCTAATCCAATCCGTC,8
CCTAATCCAATGTTGC,8
CCTAATCCACACGACC,8
CCTAATCCACAGATTC,8
CCTAATCCAGATGTAC,8
CCTAATCCAGCACCTC,8
CCTAATCCAGCCATGC,8
CCTAATCCAGGCTAAC,8
CCTAATCCATAGCGAC,8
CCTAATCCATCATTCC,8
CCTAATCCATTGGCTC,8
CCTAATCCCAAGGAGC,4
CCTAATCCCACCTTAC,4
CCTAATCCCCATCCTC,4
CCTAATCCCCGACAAC,4
CCTAATCCCCTAATCC,4
CCTAATCCCCTCTATC,4
CCTAATCCCGACACAC,3
CCTAATCCCGGATTGC,3
CCTAATCCCTAAGGTC,7
CCTAATCCGAACAGGC,7
CCTAATCCGACAGTGC,7
CCTAATCCGAGTTAGC,4
CCTAATCCGATGAATC,4
CCTAATCCGCCAAGAC,5
CCTAATCCCGGAAGAA,5
CCTAATCCGTGACAAG,5
CCTAATCCGAACCAGA,5
CCGACAACTTGCTGGA,5
CCGACAACAACAACCA,5
CCGACAACAACCGAGA,5
CCGACAACAACGCTTA,7
CCGACAACAAGACGGA,7
CCGACAACAAGGTACA,7
CCGACAACACACAGAA,7
CCGACAACACAGCAGA,7
CCGACAACACCTCCAA,7
CCGACAACACGCTCGA,7
CCGACAACACGTATCA,7
CCGACAACACTATGCA,7
CCGACAACAGAGTCAA,7
CCGACAACAGATCGCA,7
CCGACAACAGCAGGAA,7
CCGACAACAGTCACTA,7
CCGACAACATCCTGTA,7
CCGACAACATTGAGGA,3
CCGACAACCAACCACA,3
CCGACAACGACTAGTA,3
CCGACAACCAATGGAA,3
CCGACAACCACTTCGA,3
CCGACAACCAGCGTTA,3
CCGACAACCATACCAA,3
CCGACAACCCAGTTCA,3
CCGACAACCCGAAGTA,3
CCGACAACCCGTGAGA,4
CCGACAACCCTCCTGA,4
CCGACAACCGAACTTA,4
CCGACAACCGACTGGA,4
CCGACAACCGCATACA,4
CCGACAACCTCAATGA,4
CCGACAACCTGAGCCA,4
CCGACAACCTGGCATA,8
CCGACAACGAATCTGA,8
CCGACAACCAAGACTA,8
CCGACAACGAGCTGAA,8
CCGACAACGATAGACA,8
CCGACAACGCCACATA,4
CCGACAACGCGAGTAA,4
CCGACAACGCTAACGA,8
CCGACAACGCTCGGTA,8
CCGACAACGGAGAACA,8
CCGACAACGGTGCGAA,8
CCGACAACGTACGCAA,8
CCGACAACGTCGTAGA,8
CCGACAACGTCTGTCA,8
CCGACAACGTGTTCTA,8
CCGACAACTAGGATGA,8
CCGACAACTATCAGCA,8
CCGACAACTCCGTCTA,8
CCGACAACTCTTCACA,8
CCGACAACTGAAGAGA,8
CCGACAACTGGAACAA,8
CCGACAACTGGCTTCA,8
CCGACAACTGGTGGTA,8
CCGACAACTTCACGCA,8
CCGACAACAACTCACC,8
CCGACAACAAGAGATC,8
CCGACAACAAGGACAC,8
CCGACAACAATCCGTC,8
CCGACAACAATGTTGC,8
CCGACAACACACGACC,8
CCGACAACACAGATTC,8
CCGACAACAGATGTAC,8
CCGACAACAGCACCTC,8
CCGACAACAGCCATGC,8
CCGACAACAGGCTAAC,8
CCGACAACATAGCGAC,8
CCGACAACATCATTCC,8
CCGACAACATTGGCTC,8
CCGACAACCAAGGAGC,4
CCGACAACCACCTTAC,4
CCGACAACCCATCCTC,4
CCGACAACCCGACAAC,4
CCGACAACCCTAATCC,4
CCGACAACCCTCTATC,4
CCGACAACCGACACAC,4
CCGACAACCGGATTGC,7
CCGACAACCTAAGGTC,7
CCGACAACGAACAGGC,7
CCGACAACGACAGTGC,7
CCGACAACGAGTTAGC,4
CCGACAACGATGAATC,4
CCGACAACGCCAAGAC,5
CCGACAACCGGAAGAA,5
CCGACAACGTGACAAG,5
CCGACAACGAACCAGA,5
CCATCCTCTTGCTGGA,5
CCATCCTCAGTACAAG,7
CCATCCTCAACAACCA,5
CCATCCTCAACCGAGA,7
CCATCCTCAACGCTTA,5
CCATCCTCAAGACGGA,7
CCATCCTCAAGGTACA,7
CCATCCTCACACAGAA,7
CCATCCTCACAGCAGA,7
CCATCCTCACCTCCAA,7
CCATCCTCACGCTCGA,7
CCATCCTCACGTATCA,7
CCATCCTCACTATGCA,7
CCATCCTCAGAGTCAA,7
CCATCCTCAGATCGCA,7
CCATCCTCAGCAGGAA,7
CCATCCTCAGTCACTA,3
CCATCCTCATCCTGTA,3
CCATCCTCATTGAGGA,3
CCATCCTCCAACCACA,3
CCATCCTCGACTAGTA,3
CCATCCTCCAATGGAA,3
CCATCCTCCACTTCGA,3
CCATCCTCCAGCGTTA,3
CCATCCTCCATACCAA,3
CCATCCTCCCAGTTCA,3
CCATCCTCCCGAAGTA,4
CCATCCTCCCGTGAGA,4
CCATCCTCCCTCCTGA,4
CCATCCTCCGAACTTA,4
CCATCCTCCGACTGGA,4
CCATCCTCCGCATACA,4
CCATCCTCCTCAATGA,4
CCATCCTCCTGAGCCA,8
CCATCCTCCTGGCATA,8
CCATCCTCGAATCTGA,8
CCATCCTCCAAGACTA,8
CCATCCTCGAGCTGAA,8
CCATCCTCGATAGACA,8
CCATCCTCGCCACATA,8
CCATCCTCGCGAGTAA,8
CCATCCTCGCTAACGA,8
CCATCCTCGCTCGGTA,8
CCATCCTCGGAGAACA,8
CCATCCTCGGTGCGAA,8
CCATCCTCGTACGCAA,8
CCATCCTCGTCGTAGA,8
CCATCCTCGTCTGTCA,8
CCATCCTCGTGTTCTA,8
CCATCCTCTAGGATGA,8
CCATCCTCTATCAGCA,8
CCATCCTCTCCGTCTA,8
CCATCCTCTCTTCACA,8
CCATCCTCTGAAGAGA,8
CCATCCTCTGGAACAA,8
CCATCCTCTGGCTTCA,8
CCATCCTCTGGTGGTA,8
CCATCCTCTTCACGCA,8
CCATCCTCAACTCACC,8
CCATCCTCAAGAGATC,8
CCATCCTCAAGGACAC,8
CCATCCTCAATCCGTC,8
CCATCCTCAATGTTGC,8
CCATCCTCACACGACC,8
CCATCCTCACAGATTC,8
CCATCCTCAGATGTAC,8
CCATCCTCAGCACCTC,8
CCATCCTCAGCCATGC,8
CCATCCTCAGGCTAAC,8
CCATCCTCATAGCGAC,8
CCATCCTCATCATTCC,8
CCATCCTCATTGGCTC,8
CCATCCTCCAAGGAGC,4
CCATCCTCCACCTTAC,8
CCATCCTCCCATCCTC,4
CCATCCTCCCGACAAC,4
CCATCCTCCCTAATCC,4
CCATCCTCCCTCTATC,4
CCATCCTCCGACACAC,3
CCATCCTCCGGATTGC,7
CCATCCTCCTAAGGTC,7
CCATCCTCGAACAGGC,7
CCATCCTCGACAGTGC,7
CCATCCTCGAGTTAGC,7
CCATCCTCGATGAATC,4
CCATCCTCGCCAAGAC,5
CCATCCTCCGGAAGAA,5
CCATCCTCGTGACAAG,5
CCATCCTCGAACCAGA,5
CACCTTACTTGCTGGA,5
CACCTTACAGTACAAG,7
CACCTTACAACAACCA,7
CACCTTACAACCGAGA,7
CACCTTACAACGCTTA,7
CACCTTACAAGACGGA,7
CACCTTACAAGGTACA,7
CACCTTACACACAGAA,7
CACCTTACACAGCAGA,7
CACCTTACACCTCCAA,7
CACCTTACACGCTCGA,7
CACCTTACACGTATCA,7
CACCTTACACTATGCA,7
CACCTTACAGAGTCAA,7
CACCTTACAGATCGCA,7
CACCTTACAGCAGGAA,3
CACCTTACAGTCACTA,3
CACCTTACATCCTGTA,3
CACCTTACATTGAGGA,3
CACCTTACCAACCACA,3
CACCTTACGACTAGTA,3
CACCTTACCAATGGAA,3
CACCTTACCACTTCGA,3
CACCTTACCAGCGTTA,3
CACCTTACCATACCAA,3
CACCTTACCCAGTTCA,4
CACCTTACCCGAAGTA,4
CACCTTACCCGTGAGA,4
CACCTTACCCTCCTGA,4
CACCTTACCGAACTTA,4
CACCTTACCGACTGGA,4
CACCTTACCGCATACA,4
CACCTTACCTCAATGA,8
CACCTTACCTGAGCCA,8
CACCTTACCTGGCATA,8
CACCTTACGAATCTGA,8
CACCTTACCAAGACTA,8
CACCTTACGAGCTGAA,8
CACCTTACGATAGACA,4
CACCTTACGCCACATA,8
CACCTTACGCGAGTAA,8
CACCTTACGCTAACGA,8
CACCTTACGCTCGGTA,8
CACCTTACGGAGAACA,8
CACCTTACGGTGCGAA,8
CACCTTACGTACGCAA,8
CACCTTACGTCGTAGA,8
CACCTTACGTCTGTCA,8
CACCTTACGTGTTCTA,8
CACCTTACTAGGATGA,8
CACCTTACTATCAGCA,8
CACCTTACTCCGTCTA,8
CACCTTACTCTTCACA,8
CACCTTACTGAAGAGA,8
CACCTTACTGGAACAA,8
CACCTTACTGGCTTCA,8
CACCTTACTGGTGGTA,8
CACCTTACTTCACGCA,8
CACCTTACAACTCACC,8
CACCTTACAAGAGATC,8
CACCTTACAAGGACAC,8
CACCTTACAATCCGTC,8
CACCTTACAATGTTGC,8
CACCTTACACACGACC,8
CACCTTACACAGATTC,8
CACCTTACAGATGTAC,8
CACCTTACAGCACCTC,8
CACCTTACAGCCATGC,8
CACCTTACAGGCTAAC,8
CACCTTACATAGCGAC,8
CACCTTACATCATTCC,8
CACCTTACATTGGCTC,4
CACCTTACCAAGGAGC,4
CACCTTACCACCTTAC,4
CACCTTACCCATCCTC,4
CACCTTACCCGACAAC,4
CACCTTACCCTAATCC,4
CACCTTACCCTCTATC,4
CACCTTACCGACACAC,3
CACCTTACCGGATTGC,3
CACCTTACCTAAGGTC,7
CACCTTACGAACAGGC,7
CACCTTACGACAGTGC,7
CACCTTACGAGTTAGC,7
CACCTTACGATGAATC,4
CACCTTACGCCAAGAC,4
CACCTTACCGGAAGAA,5
CACCTTACGTGACAAG,5
CACCTTACGAACCAGA,5
CAAGGAGCTTGCTGGA,5
CAAGGAGCCTGTAGCC,7
CAAGGAGCAGTACAAG,7
CAAGGAGCAACAACCA,7
CAAGGAGCAACCGAGA,7
CAAGGAGCAACGCTTA,7
CAAGGAGCAAGACGGA,7
CAAGGAGCAAGGTACA,7
CAAGGAGCACACAGAA,7
CAAGGAGCACAGCAGA,7
CAAGGAGCACCTCCAA,7
CAAGGAGCACGCTCGA,7
CAAGGAGCACGTATCA,3
CAAGGAGCACTATGCA,3
CAAGGAGCAGAGTCAA,3
CAAGGAGCAGATCGCA,3
CAAGGAGCAGCAGGAA,3
CAAGGAGCAGTCACTA,3
CAAGGAGCATCCTGTA,3
CAAGGAGCATTGAGGA,3
CAAGGAGCCAACCACA,3
CAAGGAGCGACTAGTA,3
CAAGGAGCCAATGGAA,3
CAAGGAGCCACTTCGA,3
CAAGGAGCCAGCGTTA,3
CAAGGAGCCATACCAA,3
CAAGGAGCCCAGTTCA,4
CAAGGAGCCCGAAGTA,8
CAAGGAGCCCGTGAGA,8
CAAGGAGCCCTCCTGA,8
CAAGGAGCCGAACTTA,8
CAAGGAGCCGACTGGA,4
CAAGGAGCCGCATACA,4
CAAGGAGCCTCAATGA,4
CAAGGAGCCTGAGCCA,8
CAAGGAGCCTGGCATA,8
CAAGGAGCGAATCTGA,8
CAAGGAGCCAAGACTA,8
CAAGGAGCGAGCTGAA,8
CAAGGAGCGATAGACA,8
CAAGGAGCGCCACATA,8
CAAGGAGCGCGAGTAA,8
CAAGGAGCGCTAACGA,8
CAAGGAGCGCTCGGTA,8
CAAGGAGCGGAGAACA,8
CAAGGAGCGGTGCGAA,8
CAAGGAGCGTACGCAA,8
CAAGGAGCGTCGTAGA,8
CAAGGAGCGTCTGTCA,8
CAAGGAGCGTGTTCTA,8
CAAGGAGCTAGGATGA,8
CAAGGAGCTATCAGCA,8
CAAGGAGCTCCGTCTA,8
CAAGGAGCTCTTCACA,8
CAAGGAGCTGAAGAGA,8
CAAGGAGCTGGAACAA,8
CAAGGAGCTGGCTTCA,8
CAAGGAGCTGGTGGTA,8
CAAGGAGCTTCACGCA,8
CAAGGAGCAACTCACC,8
CAAGGAGCAAGAGATC,8
CAAGGAGCAAGGACAC,8
CAAGGAGCAATCCGTC,8
CAAGGAGCAATGTTGC,8
CAAGGAGCACACGACC,8
CAAGGAGCACAGATTC,8
CAAGGAGCAGATGTAC,8
CAAGGAGCAGCACCTC,8
CAAGGAGCAGCCATGC,8
CAAGGAGCAGGCTAAC,8
CAAGGAGCATAGCGAC,8
CAAGGAGCATCATTCC,4
CAAGGAGCATTGGCTC,4
CAAGGAGCCAAGGAGC,4
CAAGGAGCCACCTTAC,4
CAAGGAGCCCATCCTC,4
CAAGGAGCCCGACAAC,4
CAAGGAGCCCTAATCC,4
CAAGGAGCCCTCTATC,4
CAAGGAGCCGACACAC,3
CAAGGAGCCGGATTGC,7
CAAGGAGCCTAAGGTC,7
CAAGGAGCGAACAGGC,7
CAAGGAGCGACAGTGC,7
CAAGGAGCGAGTTAGC,7
CAAGGAGCGATGAATC,4
CAAGGAGCGCCAAGAC,4
CAAGGAGCCGGAAGAA,5
CAAGGAGCGTGACAAG,5
CAAGGAGCGAACCAGA,5
ATTGGCTCACAAGCTA,7
ATTGGCTCTTGCTGGA,5
ATTGGCTCCTGTAGCC,7
ATTGGCTCAGTACAAG,7
ATTGGCTCAACAACCA,7
ATTGGCTCAACCGAGA,7
ATTGGCTCAACGCTTA,7
ATTGGCTCAAGACGGA,7
ATTGGCTCAAGGTACA,7
ATTGGCTCACACAGAA,7
ATTGGCTCACAGCAGA,7
ATTGGCTCACCTCCAA,4
ATTGGCTCACGCTCGA,3
ATTGGCTCACGTATCA,3
ATTGGCTCACTATGCA,3
ATTGGCTCAGAGTCAA,3
ATTGGCTCAGATCGCA,3
ATTGGCTCAGCAGGAA,3
ATTGGCTCAGTCACTA,3
ATTGGCTCATCCTGTA,3
ATTGGCTCATTGAGGA,3
ATTGGCTCCAACCACA,3
ATTGGCTCGACTAGTA,3
ATTGGCTCCAATGGAA,4
ATTGGCTCCACTTCGA,4
ATTGGCTCCAGCGTTA,4
ATTGGCTCCATACCAA,4
ATTGGCTCCCAGTTCA,4
ATTGGCTCCCGAAGTA,8
ATTGGCTCCCGTGAGA,8
ATTGGCTCCCTCCTGA,8
ATTGGCTCCGAACTTA,4
ATTGGCTCCGACTGGA,8
ATTGGCTCCGCATACA,4
ATTGGCTCCTCAATGA,4
ATTGGCTCCTGAGCCA,8
ATTGGCTCCTGGCATA,8
ATTGGCTCGAATCTGA,8
ATTGGCTCCAAGACTA,8
ATTGGCTCGAGCTGAA,8
ATTGGCTCGATAGACA,8
ATTGGCTCGCCACATA,8
ATTGGCTCGCGAGTAA,8
ATTGGCTCGCTAACGA,8
ATTGGCTCGCTCGGTA,8
ATTGGCTCGGAGAACA,8
ATTGGCTCGGTGCGAA,8
ATTGGCTCGTACGCAA,8
ATTGGCTCGTCGTAGA,8
ATTGGCTCGTCTGTCA,8
ATTGGCTCGTGTTCTA,8
ATTGGCTCTAGGATGA,8
ATTGGCTCTATCAGCA,8
ATTGGCTCTCCGTCTA,8
ATTGGCTCTCTTCACA,8
ATTGGCTCTGAAGAGA,8
ATTGGCTCTGGAACAA,8
ATTGGCTCTGGCTTCA,8
ATTGGCTCTGGTGGTA,8
ATTGGCTCTTCACGCA,8
ATTGGCTCAACTCACC,8
ATTGGCTCAAGAGATC,8
ATTGGCTCAAGGACAC,8
ATTGGCTCAATCCGTC,8
ATTGGCTCAATGTTGC,8
ATTGGCTCACACGACC,8
ATTGGCTCACAGATTC,8
ATTGGCTCAGATGTAC,8
ATTGGCTCAGCACCTC,8
ATTGGCTCAGCCATGC,8
ATTGGCTCAGGCTAAC,8
ATTGGCTCATAGCGAC,4
ATTGGCTCATCATTCC,4
ATTGGCTCATTGGCTC,4
ATTGGCTCCAAGGAGC,4
ATTGGCTCCACCTTAC,4
ATTGGCTCCCATCCTC,4
ATTGGCTCCCGACAAC,4
ATTGGCTCCCTAATCC,4
ATTGGCTCCCTCTATC,4
ATTGGCTCCGACACAC,3
ATTGGCTCCGGATTGC,3
ATTGGCTCCTAAGGTC,7
ATTGGCTCGAACAGGC,7
ATTGGCTCGACAGTGC,7
ATTGGCTCGAGTTAGC,7
ATTGGCTCGATGAATC,4
ATTGGCTCGCCAAGAC,4
ATTGGCTCCGGAAGAA,5
ATTGGCTCGTGACAAG,5
ATTGGCTCGAACCAGA,5
ATCATTCCACAAGCTA,4
ATCATTCCTTGCTGGA,5
ATCATTCCCTGTAGCC,7
ATCATTCCAGTACAAG,7
ATCATTCCAACAACCA,7
ATCATTCCAACCGAGA,7
ATCATTCCAACGCTTA,7
ATCATTCCAAGACGGA,7
ATCATTCCAAGGTACA,7
ATCATTCCACACAGAA,7
ATCATTCCACAGCAGA,7
ATCATTCCACCTCCAA,7
ATCATTCCACGCTCGA,3
ATCATTCCACGTATCA,3
ATCATTCCACTATGCA,3
ATCATTCCAGAGTCAA,3
ATCATTCCAGATCGCA,3
ATCATTCCAGCAGGAA,3
ATCATTCCAGTCACTA,3
ATCATTCCATCCTGTA,3
ATCATTCCATTGAGGA,3
ATCATTCCCAACCACA,3
ATCATTCCGACTAGTA,3
ATCATTCCCAATGGAA,4
ATCATTCCCACTTCGA,4
ATCATTCCCAGCGTTA,4
ATCATTCCCATACCAA,4
ATCATTCCCCAGTTCA,4
ATCATTCCCCGAAGTA,8
ATCATTCCCCGTGAGA,8
ATCATTCCCCTCCTGA,4
ATCATTCCCGAACTTA,8
ATCATTCCCGACTGGA,4
ATCATTCCCGCATACA,4
ATCATTCCCTCAATGA,4
ATCATTCCCTGAGCCA,4
ATCATTCCCTGGCATA,4
ATCATTCCGAATCTGA,8
ATCATTCCCAAGACTA,8
ATCATTCCGAGCTGAA,8
ATCATTCCGATAGACA,8
ATCATTCCGCCACATA,8
ATCATTCCGCGAGTAA,8
ATCATTCCGCTAACGA,8
ATCATTCCGCTCGGTA,8
ATCATTCCGGAGAACA,8
ATCATTCCGGTGCGAA,8
ATCATTCCGTACGCAA,8
ATCATTCCGTCGTAGA,8
ATCATTCCGTCTGTCA,8
ATCATTCCGTGTTCTA,8
ATCATTCCTAGGATGA,8
ATCATTCCTATCAGCA,8
ATCATTCCTCCGTCTA,8
ATCATTCCTCTTCACA,8
ATCATTCCTGAAGAGA,8
ATCATTCCTGGAACAA,8
ATCATTCCTGGCTTCA,8
ATCATTCCTGGTGGTA,8
ATCATTCCTTCACGCA,8
ATCATTCCAACTCACC,8
ATCATTCCAAGAGATC,8
ATCATTCCAAGGACAC,8
ATCATTCCAATCCGTC,8
ATCATTCCAATGTTGC,8
ATCATTCCACACGACC,8
ATCATTCCACAGATTC,8
ATCATTCCAGATGTAC,8
ATCATTCCAGCACCTC,8
ATCATTCCAGCCATGC,8
ATCATTCCAGGCTAAC,8
ATCATTCCATAGCGAC,8
ATCATTCCATCATTCC,4
ATCATTCCATTGGCTC,4
ATCATTCCCAAGGAGC,4
ATCATTCCCACCTTAC,4
ATCATTCCCCATCCTC,4
ATCATTCCCCGACAAC,4
ATCATTCCCCTAATCC,8
ATCATTCCCCTCTATC,4
ATCATTCCCGACACAC,3
ATCATTCCCGCTGATC,5
ATCATTCCCGGATTGC,3
ATCATTCCCTAAGGTC,7
ATCATTCCGAACAGGC,7
ATCATTCCGACAGTGC,7
ATCATTCCGAGTTAGC,7
ATCATTCCGATGAATC,4
ATCATTCCGCCAAGAC,4
ATCATTCCCGGAAGAA,5
ATCATTCCGTGACAAG,5
ATCATTCCGAACCAGA,5
ATAGCGACACAAGCTA,7
ATAGCGACTTGCTGGA,5
ATAGCGACCTGTAGCC,7
ATAGCGACAGTACAAG,7
ATAGCGACAACAACCA,7
ATAGCGACAACCGAGA,7
ATAGCGACAACGCTTA,7
ATAGCGACAAGACGGA,7
ATAGCGACAAGGTACA,7
ATAGCGACACACAGAA,7
ATAGCGACACAGCAGA,7
ATAGCGACACCTCCAA,7
ATAGCGACACGCTCGA,7
ATAGCGACACGTATCA,3
ATAGCGACACTATGCA,3
ATAGCGACAGAGTCAA,3
ATAGCGACAGATCGCA,3
ATAGCGACAGCAGGAA,3
ATAGCGACAGTCACTA,3
ATAGCGACATCCTGTA,3
ATAGCGACATTGAGGA,3
ATAGCGACCAACCACA,3
ATAGCGACGACTAGTA,4
ATAGCGACCAATGGAA,4
ATAGCGACCACTTCGA,4
ATAGCGACCAGCGTTA,8
ATAGCGACCATACCAA,4
ATAGCGACCCAGTTCA,4
ATAGCGACCCGAAGTA,4
ATAGCGACCCGTGAGA,8
ATAGCGACCCTCCTGA,8
ATAGCGACCGAACTTA,8
ATAGCGACCGACTGGA,4
ATAGCGACCGCATACA,4
ATAGCGACCTCAATGA,4
ATAGCGACCTGAGCCA,4
ATAGCGACCTGGCATA,8
ATAGCGACGAATCTGA,8
ATAGCGACCAAGACTA,8
ATAGCGACGAGCTGAA,8
ATAGCGACGATAGACA,8
ATAGCGACGCCACATA,8
ATAGCGACGCGAGTAA,8
ATAGCGACGCTAACGA,8
ATAGCGACGCTCGGTA,8
ATAGCGACGGAGAACA,8
ATAGCGACGGTGCGAA,8
ATAGCGACGTACGCAA,8
ATAGCGACGTCGTAGA,8
ATAGCGACGTCTGTCA,8
ATAGCGACGTGTTCTA,8
ATAGCGACTAGGATGA,8
ATAGCGACTATCAGCA,8
ATAGCGACTCCGTCTA,8
ATAGCGACTCTTCACA,8
ATAGCGACTGAAGAGA,8
ATAGCGACTGGAACAA,8
ATAGCGACTGGCTTCA,8
ATAGCGACTGGTGGTA,8
ATAGCGACTTCACGCA,8
ATAGCGACAACTCACC,8
ATAGCGACAAGAGATC,4
ATAGCGACAAGGACAC,4
ATAGCGACAATCCGTC,4
ATAGCGACAATGTTGC,1
ATAGCGACACACGACC,1
ATAGCGACACAGATTC,8
ATAGCGACAGATGTAC,8
ATAGCGACAGCACCTC,8
ATAGCGACAGCCATGC,8
ATAGCGACAGGCTAAC,8
ATAGCGACATAGCGAC,8
ATAGCGACATCATTCC,4
ATAGCGACATTGGCTC,4
ATAGCGACCAAGGAGC,4
ATAGCGACCACCTTAC,4
ATAGCGACCCATCCTC,4
ATAGCGACCCGACAAC,4
ATAGCGACCCTAATCC,4
ATAGCGACCCTCTATC,4
ATAGCGACCGACACAC,3
ATAGCGACCGCTGATC,5
ATAGCGACCGGATTGC,3
ATAGCGACCTAAGGTC,7
ATAGCGACGAACAGGC,7
ATAGCGACGACAGTGC,7
ATAGCGACGAGTTAGC,7
ATAGCGACGATGAATC,4
ATAGCGACGCCAAGAC,5
ATAGCGACCGGAAGAA,5
ATAGCGACGTGACAAG,5
ATAGCGACGAACCAGA,5
AGGCTAACACAAGCTA,7
AGGCTAACTTGCTGGA,5
AGGCTAACCTGTAGCC,7
AGGCTAACAGTACAAG,7
AGGCTAACAACAACCA,7
AGGCTAACAACCGAGA,7
AGGCTAACAACGCTTA,7
AGGCTAACAAGACGGA,7
AGGCTAACAAGGTACA,7
AGGCTAACACACAGAA,7
AGGCTAACACAGCAGA,7
AGGCTAACACCTCCAA,7
AGGCTAACACGCTCGA,3
AGGCTAACACGTATCA,3
AGGCTAACACTATGCA,3
AGGCTAACAGAGTCAA,3
AGGCTAACAGATCGCA,3
AGGCTAACAGCAGGAA,3
AGGCTAACAGTCACTA,3
AGGCTAACATCCTGTA,4
AGGCTAACATTGAGGA,4
AGGCTAACCAACCACA,4
AGGCTAACGACTAGTA,4
AGGCTAACCAATGGAA,4
AGGCTAACCACTTCGA,4
AGGCTAACCAGCGTTA,4
AGGCTAACCATACCAA,4
AGGCTAACCCAGTTCA,4
AGGCTAACCCGAAGTA,8
AGGCTAACCCGTGAGA,8
AGGCTAACCCTCCTGA,8
AGGCTAACCGAACTTA,8
AGGCTAACCGACTGGA,8
AGGCTAACCGCATACA,4
AGGCTAACCTCAATGA,4
AGGCTAACCTGAGCCA,4
AGGCTAACCTGGCATA,8
AGGCTAACGAATCTGA,8
AGGCTAACCAAGACTA,8
AGGCTAACGAGCTGAA,8
AGGCTAACGATAGACA,8
AGGCTAACGCCACATA,8
AGGCTAACGCGAGTAA,8
AGGCTAACGCTAACGA,8
AGGCTAACGCTCGGTA,8
AGGCTAACGGAGAACA,8
AGGCTAACGGTGCGAA,8
AGGCTAACGTACGCAA,8
AGGCTAACGTCGTAGA,8
AGGCTAACGTCTGTCA,8
AGGCTAACGTGTTCTA,8
AGGCTAACTAGGATGA,8
AGGCTAACTATCAGCA,8
AGGCTAACTCCGTCTA,8
AGGCTAACTCTTCACA,8
AGGCTAACTGAAGAGA,8
AGGCTAACTGGAACAA,8
AGGCTAACTGGCTTCA,1
AGGCTAACTGGTGGTA,1
AGGCTAACTTCACGCA,1
AGGCTAACAACTCACC,1
AGGCTAACAAGAGATC,4
AGGCTAACAAGGACAC,4
AGGCTAACAATCCGTC,1
AGGCTAACAATGTTGC,1
AGGCTAACACACGACC,1
AGGCTAACACAGATTC,1
AGGCTAACAGATGTAC,8
AGGCTAACAGCACCTC,8
AGGCTAACAGCCATGC,8
AGGCTAACAGGCTAAC,8
AGGCTAACCATCAAGT,7
AGGCTAACATAGCGAC,8
AGGCTAACATCATTCC,8
AGGCTAACATTGGCTC,4
AGGCTAACCAAGGAGC,4
AGGCTAACCACCTTAC,4
AGGCTAACCCATCCTC,4
AGGCTAACCCGACAAC,4
AGGCTAACCCTAATCC,4
AGGCTAACCCTCTATC,4
AGGCTAACCGACACAC,3
AGGCTAACCGCTGATC,7
AGGCTAACCGGATTGC,3
AGGCTAACCTAAGGTC,7
AGGCTAACGAACAGGC,7
AGGCTAACGACAGTGC,7
AGGCTAACGAGTTAGC,7
AGGCTAACGATGAATC,4
AGGCTAACGCCAAGAC,5
AGGCTAACCGGAAGAA,5
AGGCTAACGTGACAAG,5
AGGCTAACGAACCAGA,5
AGCCATGCACAAGCTA,7
AGCCATGCTTGCTGGA,5
AGCCATGCCTGTAGCC,7
AGCCATGCAGTACAAG,7
AGCCATGCAACAACCA,7
AGCCATGCAACCGAGA,7
AGCCATGCAACGCTTA,7
AGCCATGCAAGACGGA,7
AGCCATGCAAGGTACA,7
AGCCATGCACACAGAA,7
AGCCATGCACAGCAGA,7
AGCCATGCACCTCCAA,7
AGCCATGCACGCTCGA,3
AGCCATGCACGTATCA,3
AGCCATGCACTATGCA,3
AGCCATGCAGAGTCAA,3
AGCCATGCAGATCGCA,3
AGCCATGCAGCAGGAA,3
AGCCATGCAGTCACTA,3
AGCCATGCATCCTGTA,4
AGCCATGCATTGAGGA,4
AGCCATGCCAACCACA,4
AGCCATGCGACTAGTA,4
AGCCATGCCAATGGAA,4
AGCCATGCCACTTCGA,4
AGCCATGCCAGCGTTA,4
AGCCATGCCATACCAA,4
AGCCATGCCCAGTTCA,4
AGCCATGCCCGAAGTA,8
AGCCATGCCCGTGAGA,8
AGCCATGCCCTCCTGA,8
AGCCATGCCGAACTTA,8
AGCCATGCCGACTGGA,8
AGCCATGCCGCATACA,8
AGCCATGCCTCAATGA,4
AGCCATGCCTGAGCCA,8
AGCCATGCCTGGCATA,8
AGCCATGCGAATCTGA,8
AGCCATGCCAAGACTA,8
AGCCATGCGAGCTGAA,8
AGCCATGCGATAGACA,8
AGCCATGCGCCACATA,8
AGCCATGCGCGAGTAA,8
AGCCATGCGCTAACGA,8
AGCCATGCGCTCGGTA,8
AGCCATGCGGAGAACA,8
AGCCATGCGGTGCGAA,8
AGCCATGCGTACGCAA,8
AGCCATGCGTCGTAGA,8
AGCCATGCGTCTGTCA,8
AGCCATGCGTGTTCTA,8
AGCCATGCTAGGATGA,8
AGCCATGCTATCAGCA,8
AGCCATGCTCCGTCTA,8
AGCCATGCTCTTCACA,8
AGCCATGCTGAAGAGA,1
AGCCATGCTGGAACAA,1
AGCCATGCTGGCTTCA,1
AGCCATGCTGGTGGTA,1
AGCCATGCTTCACGCA,1
AGCCATGCAACTCACC,1
AGCCATGCCAGATCTG,7
AGCCATGCAAGAGATC,1
AGCCATGCAAGGACAC,1
AGCCATGCAATCCGTC,1
AGCCATGCAATGTTGC,1
AGCCATGCACACGACC,1
AGCCATGCACAGATTC,1
AGCCATGCAGATGTAC,1
AGCCATGCAGCACCTC,8
AGCCATGCAGCCATGC,8
AGCCATGCAGGCTAAC,8
AGCCATGCCATCAAGT,7
AGCCATGCATAGCGAC,8
AGCCATGCATCATTCC,8
AGCCATGCATTGGCTC,4
AGCCATGCCAAGGAGC,4
AGCCATGCCACCTTAC,4
AGCCATGCCCATCCTC,4
AGCCATGCCCGACAAC,4
AGCCATGCCCTAATCC,4
AGCCATGCCCTCTATC,4
AGCCATGCCGACACAC,4
AGCCATGCCGCTGATC,7
AGCCATGCCGGATTGC,4
AGCCATGCCTAAGGTC,7
AGCCATGCGAACAGGC,7
AGCCATGCGACAGTGC,7
AGCCATGCGAGTTAGC,7
AGCCATGCGATGAATC,4
AGCCATGCGCCAAGAC,4
AGCCATGCCGGAAGAA,5
AGCCATGCGTGACAAG,5
AGCCATGCGAACCAGA,5
AGCACCTCACAAGCTA,7
AGCACCTCTTGCTGGA,5
AGCACCTCCTGTAGCC,7
AGCACCTCAGTACAAG,7
AGCACCTCAACAACCA,7
AGCACCTCAACCGAGA,7
AGCACCTCAACGCTTA,7
AGCACCTCAAGACGGA,7
AGCACCTCAAGGTACA,7
AGCACCTCACACAGAA,7
AGCACCTCACAGCAGA,3
AGCACCTCACCTCCAA,3
AGCACCTCACGCTCGA,3
AGCACCTCACGTATCA,3
AGCACCTCACTATGCA,3
AGCACCTCAGAGTCAA,3
AGCACCTCAGATCGCA,3
AGCACCTCAGCAGGAA,3
AGCACCTCAGTCACTA,4
AGCACCTCATCCTGTA,4
AGCACCTCATTGAGGA,4
AGCACCTCCAACCACA,4
AGCACCTCGACTAGTA,4
AGCACCTCCAATGGAA,4
AGCACCTCCACTTCGA,4
AGCACCTCCAGCGTTA,4
AGCACCTCCATACCAA,4
AGCACCTCCCAGTTCA,4
AGCACCTCCCGAAGTA,8
AGCACCTCCCGTGAGA,8
AGCACCTCCCTCCTGA,8
AGCACCTCCGAACTTA,8
AGCACCTCCGACTGGA,8
AGCACCTCCGCATACA,8
AGCACCTCCTCAATGA,8
AGCACCTCCTGAGCCA,8
AGCACCTCCTGGCATA,8
AGCACCTCGAATCTGA,8
AGCACCTCCAAGACTA,8
AGCACCTCGAGCTGAA,8
AGCACCTCGATAGACA,8
AGCACCTCGCCACATA,8
AGCACCTCGCGAGTAA,8
AGCACCTCGCTAACGA,8
AGCACCTCGCTCGGTA,8
AGCACCTCGGAGAACA,8
AGCACCTCGGTGCGAA,8
AGCACCTCGTACGCAA,8
AGCACCTCGTCGTAGA,8
AGCACCTCGTCTGTCA,8
AGCACCTCGTGTTCTA,8
AGCACCTCACATTGGC,7
AGCACCTCTAGGATGA,8
AGCACCTCTATCAGCA,8
AGCACCTCTCCGTCTA,1
AGCACCTCTCTTCACA,1
AGCACCTCTGAAGAGA,1
AGCACCTCTGGAACAA,1
AGCACCTCTGGCTTCA,1
AGCACCTCTGGTGGTA,1
AGCACCTCTTCACGCA,1
AGCACCTCAACTCACC,1
AGCACCTCCAGATCTG,7
AGCACCTCAAGAGATC,1
AGCACCTCAAGGACAC,1
AGCACCTCAATCCGTC,1
AGCACCTCAATGTTGC,1
AGCACCTCACACGACC,1
AGCACCTCACAGATTC,1
AGCACCTCAGATGTAC,8
AGCACCTCAGCACCTC,8
AGCACCTCAGCCATGC,8
AGCACCTCAGGCTAAC,8
AGCACCTCCATCAAGT,7
AGCACCTCATAGCGAC,8
AGCACCTCATCATTCC,8
AGCACCTCATTGGCTC,4
AGCACCTCCAAGGAGC,4
AGCACCTCCACCTTAC,4
AGCACCTCCCATCCTC,4
AGCACCTCCCGACAAC,4
AGCACCTCCCTAATCC,4
AGCACCTCCCTCTATC,4
AGCACCTCCGACACAC,4
AGCACCTCCGCTGATC,7
AGCACCTCCGGATTGC,4
AGCACCTCCTAAGGTC,7
AGCACCTCGAACAGGC,7
AGCACCTCGACAGTGC,7
AGCACCTCGAGTTAGC,7
AGCACCTCGATGAATC,4
AGCACCTCGCCAAGAC,5
AGCACCTCCGGAAGAA,5
AGCACCTCGTGACAAG,5
AGCACCTCGAACCAGA,5
AGATGTACACAAGCTA,7
AGATGTACTTGCTGGA,5
AGATGTACCTGTAGCC,7
AGATGTACAGTACAAG,7
AGATGTACAACAACCA,7
AGATGTACAACCGAGA,7
AGATGTACAACGCTTA,7
AGATGTACAAGACGGA,7
AGATGTACAAGGTACA,7
AGATGTACACACAGAA,7
AGATGTACACAGCAGA,3
AGATGTACACCTCCAA,3
AGATGTACACGCTCGA,3
AGATGTACACGTATCA,3
AGATGTACACTATGCA,3
AGATGTACAGAGTCAA,3
AGATGTACAGATCGCA,3
AGATGTACAGCAGGAA,3
AGATGTACAGTCACTA,4
AGATGTACATCCTGTA,4
AGATGTACATTGAGGA,4
AGATGTACCAACCACA,4
AGATGTACGACTAGTA,4
AGATGTACCAATGGAA,4
AGATGTACCACTTCGA,4
AGATGTACCAGCGTTA,4
AGATGTACCATACCAA,8
AGATGTACCCAGTTCA,4
AGATGTACCCGAAGTA,8
AGATGTACCCGTGAGA,8
AGATGTACCCTCCTGA,8
AGATGTACCGAACTTA,8
AGATGTACCGACTGGA,8
AGATGTACCGCATACA,8
AGATGTACCTCAATGA,8
AGATGTACCTGAGCCA,8
AGATGTACCTGGCATA,8
AGATGTACGAATCTGA,8
AGATGTACCAAGACTA,8
AGATGTACGAGCTGAA,8
AGATGTACGATAGACA,8
AGATGTACGCCACATA,8
AGATGTACGCGAGTAA,8
AGATGTACGCTAACGA,8
AGATGTACGCTCGGTA,8
AGATGTACGGAGAACA,8
AGATGTACGGTGCGAA,8
AGATGTACGTACGCAA,8
AGATGTACGTCGTAGA,8
AGATGTACGTCTGTCA,8
AGATGTACGTGTTCTA,8
AGATGTACACATTGGC,7
AGATGTACTAGGATGA,1
AGATGTACTATCAGCA,1
AGATGTACTCCGTCTA,1
AGATGTACTCTTCACA,1
AGATGTACTGAAGAGA,1
AGATGTACTGGAACAA,1
AGATGTACTGGCTTCA,1
AGATGTACTGGTGGTA,1
AGATGTACTTCACGCA,1
AGATGTACAACTCACC,1
AGATGTACCAGATCTG,7
AGATGTACAAGAGATC,1
AGATGTACAAGGACAC,1
AGATGTACAATCCGTC,1
AGATGTACAATGTTGC,1
AGATGTACACACGACC,1
AGATGTACACAGATTC,1
AGATGTACAGATGTAC,4
AGATGTACAGCACCTC,8
AGATGTACAGCCATGC,8
AGATGTACAGGCTAAC,8
AGATGTACCATCAAGT,7
AGATGTACATAGCGAC,8
AGATGTACATCATTCC,8
AGATGTACATTGGCTC,8
AGATGTACCAAGGAGC,4
AGATGTACCACCTTAC,4
AGATGTACCCATCCTC,4
AGATGTACCCGACAAC,4
AGATGTACCCTAATCC,4
AGATGTACCCTCTATC,4
AGATGTACCGACACAC,4
AGATGTACCGCTGATC,7
AGATGTACCGGATTGC,3
AGATGTACCTAAGGTC,7
AGATGTACGAACAGGC,7
AGATGTACGACAGTGC,7
AGATGTACGAGTTAGC,7
AGATGTACGATGAATC,4
AGATGTACGCCAAGAC,4
AGATGTACCGGAAGAA,5
AGATGTACGTGACAAG,5
AGATGTACGAACCAGA,5
ACAGATTCACAAGCTA,7
ACAGATTCTTGCTGGA,5
ACAGATTCCTGTAGCC,7
ACAGATTCAGTACAAG,7
ACAGATTCAACAACCA,7
ACAGATTCAACCGAGA,7
ACAGATTCAACGCTTA,7
ACAGATTCAAGACGGA,7
ACAGATTCAAGGTACA,7
ACAGATTCACACAGAA,3
ACAGATTCACAGCAGA,3
ACAGATTCACCTCCAA,3
ACAGATTCACGCTCGA,3
ACAGATTCACGTATCA,3
ACAGATTCACTATGCA,3
ACAGATTCAGAGTCAA,3
ACAGATTCAGATCGCA,3
ACAGATTCAGCAGGAA,4
ACAGATTCAGTCACTA,3
ACAGATTCATCCTGTA,4
ACAGATTCATTGAGGA,4
ACAGATTCCAACCACA,4
ACAGATTCGACTAGTA,4
ACAGATTCCAATGGAA,4
ACAGATTCCACTTCGA,3
ACAGATTCCAGCGTTA,8
ACAGATTCCATACCAA,4
ACAGATTCCCAGTTCA,8
ACAGATTCCCGAAGTA,8
ACAGATTCCCGTGAGA,8
ACAGATTCCCTCCTGA,8
ACAGATTCCGAACTTA,8
ACAGATTCCGACTGGA,8
ACAGATTCCGCATACA,8
ACAGATTCCTCAATGA,8
ACAGATTCCTGAGCCA,8
ACAGATTCCTGGCATA,8
ACAGATTCGAATCTGA,8
ACAGATTCCAAGACTA,8
ACAGATTCGAGCTGAA,8
ACAGATTCGATAGACA,8
ACAGATTCACCACTGT,7
ACAGATTCGCCACATA,8
ACAGATTCGCGAGTAA,8
ACAGATTCGCTAACGA,8
ACAGATTCGCTCGGTA,8
ACAGATTCGGAGAACA,8
ACAGATTCGGTGCGAA,8
ACAGATTCGTACGCAA,8
ACAGATTCGTCGTAGA,8
ACAGATTCGTCTGTCA,1
ACAGATTCGTGTTCTA,1
ACAGATTCACATTGGC,7
ACAGATTCTAGGATGA,1
ACAGATTCTATCAGCA,1
ACAGATTCTCCGTCTA,1
ACAGATTCTCTTCACA,1
ACAGATTCTGAAGAGA,1
ACAGATTCTGGAACAA,1
ACAGATTCTGGCTTCA,1
ACAGATTCTGGTGGTA,1
ACAGATTCTTCACGCA,1
ACAGATTCAACTCACC,1
ACAGATTCCAGATCTG,7
ACAGATTCAAGAGATC,1
ACAGATTCAAGGACAC,1
ACAGATTCAATCCGTC,1
ACAGATTCAATGTTGC,1
ACAGATTCACACGACC,1
ACAGATTCACAGATTC,1
ACAGATTCAGATGTAC,4
ACAGATTCAGCACCTC,8
ACAGATTCAGCCATGC,8
ACAGATTCAGGCTAAC,8
ACAGATTCCATCAAGT,7
ACAGATTCATAGCGAC,8
ACAGATTCATCATTCC,8
ACAGATTCATTGGCTC,4
ACAGATTCCAAGGAGC,4
ACAGATTCCACCTTAC,4
ACAGATTCCCATCCTC,4
ACAGATTCCCGACAAC,4
ACAGATTCCCTAATCC,4
ACAGATTCCCTCTATC,4
ACAGATTCCGACACAC,4
ACAGATTCCGCTGATC,7
ACAGATTCCGGATTGC,4
ACAGATTCCTAAGGTC,7
ACAGATTCGAACAGGC,7
ACAGATTCGACAGTGC,7
ACAGATTCGAGTTAGC,7
ACAGATTCGATGAATC,4
ACAGATTCGCCAAGAC,4
ACAGATTCCGGAAGAA,5
ACAGATTCGTGACAAG,5
ACAGATTCGAACCAGA,5
ACACGACCACAAGCTA,7
ACACGACCTTGCTGGA,5
ACACGACCCTGTAGCC,7
ACACGACCAGTACAAG,7
ACACGACCAACAACCA,7
ACACGACCAACCGAGA,7
ACACGACCAACGCTTA,7
ACACGACCAAGACGGA,7
ACACGACCAAGGTACA,3
ACACGACCACACAGAA,3
ACACGACCACAGCAGA,3
ACACGACCACCTCCAA,3
ACACGACCACGCTCGA,3
ACACGACCACGTATCA,3
ACACGACCACTATGCA,3
ACACGACCAGAGTCAA,3
ACACGACCAGATCGCA,3
ACACGACCAGCAGGAA,4
ACACGACCAGTCACTA,4
ACACGACCATCCTGTA,4
ACACGACCATTGAGGA,4
ACACGACCCAACCACA,4
ACACGACCGACTAGTA,8
ACACGACCCAATGGAA,4
ACACGACCCACTTCGA,8
ACACGACCCAGCGTTA,8
ACACGACCCATACCAA,8
ACACGACCCCAGTTCA,8
ACACGACCCCGAAGTA,8
ACACGACCCCGTGAGA,8
ACACGACCCCTCCTGA,8
ACACGACCCGAACTTA,8
ACACGACCCGACTGGA,8
ACACGACCCGCATACA,8
ACACGACCCTCAATGA,8
ACACGACCCTGAGCCA,8
ACACGACCCTGGCATA,8
ACACGACCGAATCTGA,8
ACACGACCCAAGACTA,8
ACACGACCGAGCTGAA,8
ACACGACCGATAGACA,8
ACACGACCACCACTGT,4
ACACGACCGCCACATA,8
ACACGACCGCGAGTAA,8
ACACGACCGCTAACGA,8
ACACGACCGCTCGGTA,8
ACACGACCGGAGAACA,8
ACACGACCGGTGCGAA,4
ACACGACCGTACGCAA,8
ACACGACCGTCGTAGA,1
ACACGACCGTCTGTCA,1
ACACGACCGTGTTCTA,1
ACACGACCACATTGGC,7
ACACGACCTAGGATGA,1
ACACGACCTATCAGCA,1
ACACGACCTCCGTCTA,1
ACACGACCTCTTCACA,1
ACACGACCTGAAGAGA,1
ACACGACCTGGAACAA,1
ACACGACCTGGCTTCA,1
ACACGACCTGGTGGTA,1
ACACGACCTTCACGCA,1
ACACGACCAACTCACC,1
ACACGACCCAGATCTG,7
ACACGACCAAGAGATC,1
ACACGACCAAGGACAC,1
ACACGACCAATCCGTC,1
ACACGACCAATGTTGC,1
ACACGACCACACGACC,1
ACACGACCACAGATTC,1
ACACGACCAGATGTAC,4
ACACGACCAGCACCTC,1
ACACGACCAGCCATGC,8
ACACGACCAGGCTAAC,8
ACACGACCCATCAAGT,7
ACACGACCATAGCGAC,8
ACACGACCATCATTCC,8
ACACGACCATTGGCTC,8
ACACGACCCAAGGAGC,4
ACACGACCCACCTTAC,4
ACACGACCCCATCCTC,4
ACACGACCCCGACAAC,4
ACACGACCCCTAATCC,4
ACACGACCCCTCTATC,4
ACACGACCCGACACAC,4
ACACGACCCGCTGATC,7
ACACGACCCGGATTGC,4
ACACGACCCTAAGGTC,7
ACACGACCGAACAGGC,7
ACACGACCGACAGTGC,7
ACACGACCGAGTTAGC,7
ACACGACCGATGAATC,4
ACACGACCGCCAAGAC,4
ACACGACCCGGAAGAA,5
ACACGACCGTGACAAG,5
ACACGACCGAACCAGA,5
AATGTTGCACAAGCTA,7
AATGTTGCTTGCTGGA,5
AATGTTGCCTGTAGCC,7
AATGTTGCAGTACAAG,7
AATGTTGCAACAACCA,7
AATGTTGCAACCGAGA,7
AATGTTGCAACGCTTA,7
AATGTTGCAAGACGGA,3
AATGTTGCAAGGTACA,3
AATGTTGCACACAGAA,3
AATGTTGCACAGCAGA,3
AATGTTGCACCTCCAA,3
AATGTTGCACGCTCGA,3
AATGTTGCACGTATCA,3
AATGTTGCACTATGCA,3
AATGTTGCAGAGTCAA,3
AATGTTGCAGATCGCA,4
AATGTTGCAGCAGGAA,4
AATGTTGCAGTCACTA,4
AATGTTGCATCCTGTA,4
AATGTTGCATTGAGGA,4
AATGTTGCATGCCTAA,5
AATGTTGCCAACCACA,4
AATGTTGCGACTAGTA,4
AATGTTGCCAATGGAA,4
AATGTTGCCACTTCGA,8
AATGTTGCCAGCGTTA,8
AATGTTGCCATACCAA,8
AATGTTGCCCAGTTCA,8
AATGTTGCCCGAAGTA,8
AATGTTGCCCGTGAGA,8
AATGTTGCCCTCCTGA,8
AATGTTGCCGAACTTA,8
AATGTTGCCGACTGGA,8
AATGTTGCCGCATACA,8
AATGTTGCCTCAATGA,8
AATGTTGCCTGAGCCA,8
AATGTTGCCTGGCATA,8
AATGTTGCGAATCTGA,8
AATGTTGCCAAGACTA,8
AATGTTGCGAGCTGAA,8
AATGTTGCGATAGACA,8
AATGTTGCACCACTGT,7
AATGTTGCGCCACATA,8
AATGTTGCGCGAGTAA,8
AATGTTGCGCTAACGA,1
AATGTTGCGCTCGGTA,1
AATGTTGCGGAGAACA,1
AATGTTGCGGTGCGAA,1
AATGTTGCGTACGCAA,1
AATGTTGCGTCGTAGA,1
AATGTTGCGTCTGTCA,1
AATGTTGCGTGTTCTA,1
AATGTTGCACATTGGC,7
AATGTTGCTAGGATGA,1
AATGTTGCTATCAGCA,1
AATGTTGCTCCGTCTA,1
AATGTTGCTCTTCACA,1
AATGTTGCTGAAGAGA,1
AATGTTGCTGGAACAA,1
AATGTTGCTGGCTTCA,1
AATGTTGCTGGTGGTA,1
AATGTTGCTTCACGCA,1
AATGTTGCAACTCACC,1
AATGTTGCCAGATCTG,7
AATGTTGCAAGAGATC,1
AATGTTGCAAGGACAC,1
AATGTTGCAATCCGTC,1
AATGTTGCAATGTTGC,1
AATGTTGCACACGACC,1
AATGTTGCACAGATTC,1
AATGTTGCAGATGTAC,1
AATGTTGCAGCACCTC,1
AATGTTGCAGCCATGC,8
AATGTTGCAGGCTAAC,8
AATGTTGCCATCAAGT,7
AATGTTGCATAGCGAC,8
AATGTTGCATCATTCC,8
AATGTTGCATTGGCTC,8
AATGTTGCCAAGGAGC,8
AATGTTGCCACCTTAC,8
AATGTTGCCCATCCTC,4
AATGTTGCCCGACAAC,4
AATGTTGCCCTAATCC,4
AATGTTGCCCTCTATC,4
AATGTTGCCGACACAC,4
AATGTTGCCGCTGATC,7
AATGTTGCCGGATTGC,4
AATGTTGCCTAAGGTC,7
AATGTTGCGAACAGGC,7
AATGTTGCGACAGTGC,7
AATGTTGCGAGTTAGC,7
AATGTTGCGATGAATC,4
AATGTTGCGCCAAGAC,9
AATGTTGCCGGAAGAA,5
AATGTTGCGTGACAAG,5
AATGTTGCGAACCAGA,5
AATCCGTCAACGTGAT,5
AATCCGTCACAAGCTA,7
AATCCGTCTTGCTGGA,5
AATCCGTCCTGTAGCC,7
AATCCGTCAGTACAAG,7
AATCCGTCAACAACCA,7
AATCCGTCAACCGAGA,7
AATCCGTCAACGCTTA,3
AATCCGTCAAGACGGA,3
AATCCGTCAAGGTACA,3
AATCCGTCACACAGAA,3
AATCCGTCACAGCAGA,3
AATCCGTCAAACATCG,5
AATCCGTCACCTCCAA,3
AATCCGTCACGCTCGA,3
AATCCGTCACGTATCA,3
AATCCGTCACTATGCA,4
AATCCGTCAGAGTCAA,4
AATCCGTCAGATCGCA,4
AATCCGTCAGCAGGAA,4
AATCCGTCAGTCACTA,4
AATCCGTCATCCTGTA,8
AATCCGTCATTGAGGA,4
AATCCGTCATGCCTAA,4
AATCCGTCCAACCACA,4
AATCCGTCGACTAGTA,4
AATCCGTCCAATGGAA,4
AATCCGTCCACTTCGA,8
AATCCGTCCAGCGTTA,8
AATCCGTCCATACCAA,8
AATCCGTCCCAGTTCA,8
AATCCGTCCCGAAGTA,8
AATCCGTCCCGTGAGA,8
AATCCGTCCCTCCTGA,8
AATCCGTCCGAACTTA,8
AATCCGTCCGACTGGA,8
AATCCGTCCGCATACA,8
AATCCGTCCTCAATGA,8
AATCCGTCCTGAGCCA,8
AATCCGTCCTGGCATA,8
AATCCGTCGAATCTGA,8
AATCCGTCCAAGACTA,8
AATCCGTCGAGCTGAA,8
AATCCGTCGATAGACA,8
AATCCGTCACCACTGT,7
AATCCGTCGCCACATA,8
AATCCGTCGCGAGTAA,1
AATCCGTCGCTAACGA,1
AATCCGTCGCTCGGTA,1
AATCCGTCGGAGAACA,1
AATCCGTCGGTGCGAA,1
AATCCGTCGTACGCAA,1
AATCCGTCGTCGTAGA,1
AATCCGTCGTCTGTCA,1
AATCCGTCGTGTTCTA,1
AATCCGTCACATTGGC,7
AATCCGTCTAGGATGA,1
AATCCGTCTATCAGCA,1
AATCCGTCTCCGTCTA,1
AATCCGTCTCTTCACA,1
AATCCGTCTGAAGAGA,1
AATCCGTCTGGAACAA,1
AATCCGTCTGGCTTCA,1
AATCCGTCTGGTGGTA,1
AATCCGTCTTCACGCA,1
AATCCGTCAACTCACC,1
AATCCGTCCAGATCTG,7
AATCCGTCAAGAGATC,1
AATCCGTCAAGGACAC,1
AATCCGTCAATCCGTC,1
AATCCGTCAATGTTGC,1
AATCCGTCACACGACC,1
AATCCGTCACAGATTC,1
AATCCGTCAGATGTAC,1
AATCCGTCAGCACCTC,1
AATCCGTCAGCCATGC,1
AATCCGTCAGGCTAAC,1
AATCCGTCCATCAAGT,7
AATCCGTCATAGCGAC,8
AATCCGTCATCATTCC,8
AATCCGTCATTGGCTC,8
AATCCGTCCAAGGAGC,8
AATCCGTCCACCTTAC,8
AATCCGTCCCATCCTC,8
AATCCGTCCCGACAAC,4
AATCCGTCCCTAATCC,4
AATCCGTCCCTCTATC,4
AATCCGTCCGACACAC,4
AATCCGTCCGCTGATC,7
AATCCGTCCGGATTGC,4
AATCCGTCCTAAGGTC,7
AATCCGTCGAACAGGC,7
AATCCGTCGACAGTGC,7
AATCCGTCGAGTTAGC,7
AATCCGTCGATGAATC,4
AATCCGTCGCCAAGAC,4
AATCCGTCCGGAAGAA,2
AATCCGTCGTGACAAG,5
AATCCGTCGAACCAGA,5
GAACCAGATTGCTGGA,5
GAACCAGAAGTCACTA,4
GAACCAGAATCCTGTA,4
GAACCAGAATTGAGGA,4
GAACCAGACAACCACA,7
GAACCAGAGACTAGTA,7
GAACCAGACAATGGAA,7
GAACCAGACACTTCGA,7
GAACCAGACAGCGTTA,7
GAACCAGACATACCAA,7
GAACCAGACCAGTTCA,7
GAACCAGACCGAAGTA,7
GAACCAGACCGTGAGA,7
GAACCAGACCTCCTGA,7
GAACCAGACGAACTTA,7
GAACCAGACGACTGGA,7
GAACCAGACGCATACA,7
GAACCAGACTCAATGA,7
GAACCAGACTGAGCCA,7
GAACCAGACTGGCATA,7
GAACCAGAGAATCTGA,7
GAACCAGACAAGACTA,7
GAACCAGAGAGCTGAA,3
GAACCAGAGATAGACA,3
GAACCAGAGCCACATA,3
GAACCAGAGCGAGTAA,3
GAACCAGAGCTAACGA,4
GAACCAGAGCTCGGTA,3
GAACCAGAGGAGAACA,4
GAACCAGAGGTGCGAA,3
GAACCAGAGTACGCAA,4
GAACCAGAGTCGTAGA,4
GAACCAGAGTCTGTCA,4
GAACCAGAGTGTTCTA,4
GAACCAGATAGGATGA,4
GAACCAGATATCAGCA,8
GAACCAGATCCGTCTA,4
GAACCAGATCTTCACA,4
GAACCAGATGAAGAGA,4
GAACCAGATGGAACAA,8
GAACCAGATGGCTTCA,8
GAACCAGATGGTGGTA,4
GAACCAGATTCACGCA,8
GAACCAGAAACTCACC,4
GAACCAGAAAGAGATC,4
GAACCAGAAAGGACAC,4
GAACCAGAAATCCGTC,8
GAACCAGAAATGTTGC,8
GAACCAGAACACGACC,8
GAACCAGAACAGATTC,8
GAACCAGAAGATGTAC,8
GAACCAGAAGCACCTC,4
GAACCAGAAGCCATGC,8
GAACCAGAAGGCTAAC,8
GAACCAGAATAGCGAC,4
GAACCAGAATCATTCC,4
GAACCAGAATTGGCTC,4
GAACCAGACAAGGAGC,4
GAACCAGACACCTTAC,4
GAACCAGACCATCCTC,4
GAACCAGACCGACAAC,4
GAACCAGACCTAATCC,4
GAACCAGACCTCTATC,4
GAACCAGACGACACAC,4
GAACCAGACGGATTGC,7
GAACCAGACTAAGGTC,7
GAACCAGAGAACAGGC,7
GAACCAGAGACAGTGC,7
GAACCAGAGAGTTAGC,7
GAACCAGAGATGAATC,5
GAACCAGAGCCAAGAC,5
GAACCAGACGGAAGAA,5
GAACCAGAGTGACAAG,5
GAACCAGAGAACCAGA,5
AAGGACACACAAGCTA,7
AAGGACACTTGCTGGA,5
AAGGACACCTGTAGCC,7
AAGGACACAGTACAAG,7
AAGGACACAACAACCA,7
AAGGACACAACCGAGA,7
AAGGACACAACGCTTA,3
AAGGACACAAGACGGA,3
AAGGACACAAGGTACA,3
AAGGACACACACAGAA,3
AAGGACACACAGCAGA,3
AAGGACACAAACATCG,5
AAGGACACACCTCCAA,3
AAGGACACACGCTCGA,3
AAGGACACACGTATCA,4
AAGGACACACTATGCA,4
AAGGACACAGAGTCAA,4
AAGGACACAGATCGCA,4
AAGGACACAGCAGGAA,4
AAGGACACAGTCACTA,4
AAGGACACATCCTGTA,4
AAGGACACATTGAGGA,4
AAGGACACATGCCTAA,5
AAGGACACCAACCACA,4
AAGGACACGACTAGTA,4
AAGGACACCAATGGAA,8
AAGGACACCACTTCGA,8
AAGGACACCAGCGTTA,8
AAGGACACCATACCAA,8
AAGGACACCCAGTTCA,8
AAGGACACCCGAAGTA,8
AAGGACACCCGTGAGA,8
AAGGACACCCTCCTGA,8
AAGGACACCGAACTTA,8
AAGGACACCGACTGGA,8
AAGGACACCGCATACA,8
AAGGACACCTCAATGA,8
AAGGACACCTGAGCCA,8
AAGGACACCTGGCATA,8
AAGGACACGAATCTGA,8
AAGGACACCAAGACTA,8
AAGGACACGAGCTGAA,8
AAGGACACGATAGACA,8
AAGGACACACCACTGT,7
AAGGACACGCCACATA,1
AAGGACACGCGAGTAA,1
AAGGACACGCTAACGA,1
AAGGACACGCTCGGTA,1
AAGGACACGGAGAACA,1
AAGGACACGGTGCGAA,1
AAGGACACGTACGCAA,1
AAGGACACGTCGTAGA,1
AAGGACACGTCTGTCA,1
AAGGACACGTGTTCTA,1
AAGGACACACATTGGC,7
AAGGACACTAGGATGA,1
AAGGACACTATCAGCA,1
AAGGACACTCCGTCTA,1
AAGGACACTCTTCACA,1
AAGGACACTGAAGAGA,1
AAGGACACTGGAACAA,1
AAGGACACTGGCTTCA,1
AAGGACACTGGTGGTA,1
AAGGACACTTCACGCA,1
AAGGACACAACTCACC,1
AAGGACACCAGATCTG,7
AAGGACACAAGAGATC,1
AAGGACACAAGGACAC,1
AAGGACACAATCCGTC,1
AAGGACACAATGTTGC,1
AAGGACACACACGACC,1
AAGGACACACAGATTC,1
AAGGACACAGATGTAC,1
AAGGACACAGCACCTC,1
AAGGACACAGCCATGC,1
AAGGACACAGGCTAAC,1
AAGGACACCATCAAGT,7
AAGGACACATAGCGAC,1
AAGGACACATCATTCC,8
AAGGACACATTGGCTC,8
AAGGACACCAAGGAGC,8
AAGGACACCACCTTAC,8
AAGGACACCCATCCTC,8
AAGGACACCCGACAAC,4
AAGGACACCCTAATCC,4
AAGGACACCCTCTATC,4
AAGGACACCGACACAC,4
AAGGACACCGCTGATC,7
AAGGACACCGGATTGC,4
AAGGACACCTAAGGTC,7
AAGGACACGAACAGGC,7
AAGGACACGACAGTGC,7
AAGGACACGAGTTAGC,4
AAGGACACGATGAATC,4
AAGGACACGCCAAGAC,2
AAGGACACCGGAAGAA,5
AAGGACACGTGACAAG,5
AAGGACACGAACCAGA,5
AAGAGATCACAAGCTA,7
AAGAGATCTTGCTGGA,5
AAGAGATCCTGTAGCC,7
AAGAGATCAGTACAAG,7
AAGAGATCAACAACCA,7
AAGAGATCAACCGAGA,3
AAGAGATCAACGCTTA,3
AAGAGATCAAGACGGA,3
AAGAGATCAAGGTACA,3
AAGAGATCACACAGAA,3
AAGAGATCACAGCAGA,3
AAGAGATCAAACATCG,5
AAGAGATCACCTCCAA,3
AAGAGATCACGCTCGA,7
AAGAGATCACGTATCA,4
AAGAGATCACTATGCA,4
AAGAGATCAGAGTCAA,4
AAGAGATCAGATCGCA,4
AAGAGATCAGCAGGAA,4
AAGAGATCAGTCACTA,4
AAGAGATCATCCTGTA,4
AAGAGATCATTGAGGA,8
AAGAGATCCAACCACA,8
AAGAGATCGACTAGTA,8
AAGAGATCCAATGGAA,8
AAGAGATCCACTTCGA,8
AAGAGATCCAGCGTTA,8
AAGAGATCCATACCAA,8
AAGAGATCCCAGTTCA,8
AAGAGATCCCGAAGTA,8
AAGAGATCCCGTGAGA,8
AAGAGATCCCTCCTGA,8
AAGAGATCCGAACTTA,8
AAGAGATCCGACTGGA,8
AAGAGATCCGCATACA,8
AAGAGATCCTCAATGA,8
AAGAGATCCTGAGCCA,8
AAGAGATCCTGGCATA,8
AAGAGATCGAATCTGA,4
AAGAGATCCAAGACTA,4
AAGAGATCGAGCTGAA,4
AAGAGATCGATAGACA,1
AAGAGATCACCACTGT,7
AAGAGATCGCCACATA,1
AAGAGATCGCGAGTAA,1
AAGAGATCGCTAACGA,1
AAGAGATCGCTCGGTA,1
AAGAGATCGGAGAACA,1
AAGAGATCGGTGCGAA,1
AAGAGATCGTACGCAA,1
AAGAGATCGTCGTAGA,1
AAGAGATCGTCTGTCA,1
AAGAGATCGTGTTCTA,1
AAGAGATCACATTGGC,7
AAGAGATCTAGGATGA,1
AAGAGATCTATCAGCA,1
AAGAGATCTCCGTCTA,1
AAGAGATCTCTTCACA,1
AAGAGATCTGAAGAGA,1
AAGAGATCTGGAACAA,1
AAGAGATCTGGCTTCA,1
AAGAGATCTGGTGGTA,1
AAGAGATCTTCACGCA,1
AAGAGATCAACTCACC,1
AAGAGATCCAGATCTG,7
AAGAGATCAAGAGATC,1
AAGAGATCAAGGACAC,1
AAGAGATCAATCCGTC,1
AAGAGATCAATGTTGC,1
AAGAGATCACACGACC,1
AAGAGATCACAGATTC,1
AAGAGATCAGATGTAC,1
AAGAGATCAGCACCTC,1
AAGAGATCAGCCATGC,1
AAGAGATCAGGCTAAC,1
AAGAGATCCATCAAGT,7
AAGAGATCATAGCGAC,1
AAGAGATCATCATTCC,8
AAGAGATCATTGGCTC,8
AAGAGATCCAAGGAGC,8
AAGAGATCCACCTTAC,8
AAGAGATCCCATCCTC,8
AAGAGATCCCGACAAC,4
AAGAGATCCCTAATCC,4
AAGAGATCCCTCTATC,4
AAGAGATCCGACACAC,4
AAGAGATCCGCTGATC,7
AAGAGATCCGGATTGC,4
AAGAGATCCTAAGGTC,4
AAGAGATCGAACAGGC,7
AAGAGATCGACAGTGC,7
AAGAGATCGAGTTAGC,5
AAGAGATCGATGAATC,9
AAGAGATCGCCAAGAC,9
AAGAGATCCGGAAGAA,5
AAGAGATCGTGACAAG,5
AAGAGATCGAACCAGA,5
AACTCACCAACGTGAT,5
AACTCACCACAAGCTA,7
AACTCACCTTGCTGGA,5
AACTCACCCTGTAGCC,7
AACTCACCAGTACAAG,3
AACTCACCAACAACCA,7
AACTCACCAACCGAGA,3
AACTCACCAACGCTTA,3
AACTCACCAAGACGGA,3
AACTCACCAAGGTACA,3
AACTCACCACACAGAA,3
AACTCACCACAGCAGA,3
AACTCACCAAACATCG,5
AACTCACCACCTCCAA,3
AACTCACCACGCTCGA,4
AACTCACCACGTATCA,4
AACTCACCACTATGCA,4
AACTCACCAGAGTCAA,4
AACTCACCAGATCGCA,4
AACTCACCAGCAGGAA,4
AACTCACCAGTCACTA,4
AACTCACCATCCTGTA,8
AACTCACCATTGAGGA,4
AACTCACCATGCCTAA,5
AACTCACCCAACCACA,8
AACTCACCGACTAGTA,8
AACTCACCCAATGGAA,8
AACTCACCCACTTCGA,8
AACTCACCCAGCGTTA,8
AACTCACCCATACCAA,8
AACTCACCCCAGTTCA,8
AACTCACCCCGAAGTA,8
AACTCACCCCGTGAGA,8
AACTCACCCCTCCTGA,8
AACTCACCCGAACTTA,8
AACTCACCCGACTGGA,8
AACTCACCCGCATACA,8
AACTCACCCTCAATGA,8
AACTCACCCTGAGCCA,8
AACTCACCCTGGCATA,8
AACTCACCGAATCTGA,1
AACTCACCCAAGACTA,1
AACTCACCGAGCTGAA,1
AACTCACCGATAGACA,1
AACTCACCACCACTGT,7
AACTCACCGCCACATA,1
AACTCACCGCGAGTAA,1
AACTCACCGCTAACGA,1
AACTCACCGCTCGGTA,1
AACTCACCGGAGAACA,1
AACTCACCGGTGCGAA,1
AACTCACCGTACGCAA,1
AACTCACCGTCGTAGA,6
AACTCACCGTCTGTCA,1
AACTCACCGTGTTCTA,1
AACTCACCACATTGGC,7
AACTCACCTAGGATGA,6
AACTCACCTATCAGCA,6
AACTCACCTCCGTCTA,1
AACTCACCTCTTCACA,1
AACTCACCTGAAGAGA,1
AACTCACCTGGAACAA,1
AACTCACCTGGCTTCA,1
AACTCACCTGGTGGTA,1
AACTCACCTTCACGCA,1
AACTCACCAACTCACC,1
AACTCACCCAGATCTG,7
AACTCACCAAGAGATC,1
AACTCACCAAGGACAC,1
AACTCACCAATCCGTC,1
AACTCACCAATGTTGC,1
AACTCACCACACGACC,1
AACTCACCACAGATTC,1
AACTCACCAGATGTAC,1
AACTCACCAGCACCTC,1
AACTCACCAGCCATGC,1
AACTCACCAGGCTAAC,1
AACTCACCCATCAAGT,7
AACTCACCATAGCGAC,1
AACTCACCATCATTCC,1
AACTCACCATTGGCTC,1
AACTCACCCAAGGAGC,8
AACTCACCCACCTTAC,4
AACTCACCCCATCCTC,8
AACTCACCCCGACAAC,4
AACTCACCCCTAATCC,4
AACTCACCCCTCTATC,8
AACTCACCCGACACAC,4
AACTCACCCGCTGATC,7
AACTCACCCGGATTGC,4
AACTCACCCTAAGGTC,4
AACTCACCGAACAGGC,7
AACTCACCGACAGTGC,7
AACTCACCGAGTTAGC,4
AACTCACCGATGAATC,9
AACTCACCGCCAAGAC,9
AACTCACCCGGAAGAA,5
AACTCACCGTGACAAG,5
AACTCACCGAACCAGA,5
TTCACGCAAACGTGAT,4
TTCACGCAACAAGCTA,7
TTCACGCATTGCTGGA,5
TTCACGCACTGTAGCC,3
TTCACGCAAGTACAAG,3
TTCACGCAAACAACCA,3
TTCACGCAAACCGAGA,3
TTCACGCAAACGCTTA,3
TTCACGCAAAGACGGA,3
TTCACGCAAAGGTACA,3
TTCACGCAACACAGAA,3
TTCACGCAACAGCAGA,3
TTCACGCAAAACATCG,5
TTCACGCAACCTCCAA,4
TTCACGCAACGCTCGA,4
TTCACGCAACGTATCA,4
TTCACGCAACTATGCA,4
TTCACGCAAGAGTCAA,4
TTCACGCAAGATCGCA,4
TTCACGCAAGCAGGAA,4
TTCACGCAAGTCACTA,4
TTCACGCAATCCTGTA,8
TTCACGCAATTGAGGA,8
TTCACGCAATGCCTAA,7
TTCACGCACAACCACA,8
TTCACGCAGACTAGTA,8
TTCACGCACAATGGAA,8
TTCACGCACACTTCGA,8
TTCACGCACAGCGTTA,8
TTCACGCACATACCAA,8
TTCACGCACCAGTTCA,8
TTCACGCACCGAAGTA,8
TTCACGCACCGTGAGA,8
TTCACGCACCTCCTGA,8
TTCACGCACGAACTTA,8
TTCACGCACGACTGGA,8
TTCACGCACGCATACA,8
TTCACGCACTCAATGA,8
TTCACGCACTGAGCCA,8
TTCACGCACTGGCATA,1
TTCACGCAGAATCTGA,1
TTCACGCACAAGACTA,1
TTCACGCAGAGCTGAA,1
TTCACGCAGATAGACA,1
TTCACGCAACCACTGT,7
TTCACGCAGCCACATA,1
TTCACGCAGCGAGTAA,1
TTCACGCAGCTAACGA,1
TTCACGCAGCTCGGTA,1
TTCACGCAGGAGAACA,1
TTCACGCAGGTGCGAA,1
TTCACGCAGTACGCAA,1
TTCACGCAGTCGTAGA,6
TTCACGCAGTCTGTCA,6
TTCACGCAGTGTTCTA,6
TTCACGCAACATTGGC,7
TTCACGCATAGGATGA,6
TTCACGCATATCAGCA,6
TTCACGCATCCGTCTA,6
TTCACGCATCTTCACA,6
TTCACGCATGAAGAGA,6
TTCACGCATGGAACAA,6
TTCACGCATGGCTTCA,1
TTCACGCATGGTGGTA,1
TTCACGCATTCACGCA,1
TTCACGCAAACTCACC,1
TTCACGCACAGATCTG,7
TTCACGCAAAGAGATC,1
TTCACGCAAAGGACAC,1
TTCACGCAAATCCGTC,2
TTCACGCAAATGTTGC,1
TTCACGCAACACGACC,1
TTCACGCAACAGATTC,1
TTCACGCAAGATGTAC,1
TTCACGCAAGCACCTC,1
TTCACGCAAGCCATGC,1
TTCACGCAAGGCTAAC,1
TTCACGCACATCAAGT,7
TTCACGCAATAGCGAC,1
TTCACGCAATCATTCC,1
TTCACGCAATTGGCTC,1
TTCACGCACAAGGAGC,1
TTCACGCACACCTTAC,1
TTCACGCACCATCCTC,1
TTCACGCACCGACAAC,4
TTCACGCACCTAATCC,4
TTCACGCACCTCTATC,4
TTCACGCACGACACAC,4
TTCACGCACGCTGATC,7
TTCACGCACGGATTGC,4
TTCACGCACTAAGGTC,4
TTCACGCAGAACAGGC,7
TTCACGCAGACAGTGC,7
TTCACGCAGAGTTAGC,4
TTCACGCAGATGAATC,4
TTCACGCAGCCAAGAC,4
TTCACGCACGGAAGAA,5
TTCACGCAGTGACAAG,5
TTCACGCAGAACCAGA,5
TGGTGGTAAACGTGAT,7
TGGTGGTAACAAGCTA,7
TGGTGGTATTGCTGGA,5
TGGTGGTACTGTAGCC,3
TGGTGGTAAGTACAAG,3
TGGTGGTAAACAACCA,3
TGGTGGTAAACCGAGA,3
TGGTGGTAAACGCTTA,3
TGGTGGTAAAGACGGA,3
TGGTGGTAAAGGTACA,3
TGGTGGTAACACAGAA,3
TGGTGGTAACAGCAGA,4
TGGTGGTAAAACATCG,7
TGGTGGTAACCTCCAA,4
TGGTGGTAACGCTCGA,4
TGGTGGTAACGTATCA,4
TGGTGGTAACTATGCA,4
TGGTGGTAAGAGTCAA,4
TGGTGGTAAGATCGCA,4
TGGTGGTAAGCAGGAA,4
TGGTGGTAAGTCACTA,8
TGGTGGTAATCCTGTA,8
TGGTGGTAATTGAGGA,8
TGGTGGTAATGCCTAA,7
TGGTGGTACAACCACA,8
TGGTGGTAGACTAGTA,8
TGGTGGTACAATGGAA,8
TGGTGGTACACTTCGA,8
TGGTGGTACAGCGTTA,8
TGGTGGTACATACCAA,8
TGGTGGTACCAGTTCA,8
TGGTGGTACCGAAGTA,8
TGGTGGTACCGTGAGA,8
TGGTGGTACCTCCTGA,8
TGGTGGTACGAACTTA,8
TGGTGGTACGACTGGA,8
TGGTGGTACGCATACA,8
TGGTGGTACTCAATGA,8
TGGTGGTACTGAGCCA,1
TGGTGGTACTGGCATA,1
TGGTGGTAGAATCTGA,1
TGGTGGTACAAGACTA,1
TGGTGGTAGAGCTGAA,1
TGGTGGTAGATAGACA,1
TGGTGGTAACCACTGT,7
TGGTGGTAGCCACATA,1
TGGTGGTAGCGAGTAA,1
TGGTGGTAGCTAACGA,1
TGGTGGTAGCTCGGTA,1
TGGTGGTAGGAGAACA,1
TGGTGGTAGGTGCGAA,6
TGGTGGTAGTACGCAA,6
TGGTGGTAGTCGTAGA,6
TGGTGGTAGTCTGTCA,6
TGGTGGTAGTGTTCTA,6
TGGTGGTAACATTGGC,7
TGGTGGTATAGGATGA,6
TGGTGGTATATCAGCA,6
TGGTGGTATCCGTCTA,6
TGGTGGTATCTTCACA,6
TGGTGGTATGAAGAGA,6
TGGTGGTATGGAACAA,6
TGGTGGTATGGCTTCA,6
TGGTGGTATGGTGGTA,1
TGGTGGTATTCACGCA,1
TGGTGGTAAACTCACC,1
TGGTGGTACAGATCTG,7
TGGTGGTAAAGAGATC,1
TGGTGGTAAAGGACAC,1
TGGTGGTAAATCCGTC,2
TGGTGGTAAATGTTGC,2
TGGTGGTAACACGACC,1
TGGTGGTAACAGATTC,1
TGGTGGTAAGATGTAC,1
TGGTGGTAAGCACCTC,1
TGGTGGTAAGCCATGC,1
TGGTGGTAAGGCTAAC,1
TGGTGGTACATCAAGT,7
TGGTGGTAATAGCGAC,1
TGGTGGTAATCATTCC,1
TGGTGGTAATTGGCTC,1
TGGTGGTACAAGGAGC,1
TGGTGGTACACCTTAC,1
TGGTGGTACCATCCTC,1
TGGTGGTACCGACAAC,1
TGGTGGTACCTAATCC,1
TGGTGGTACCTCTATC,4
TGGTGGTACGACACAC,4
TGGTGGTACGCTGATC,7
TGGTGGTACGGATTGC,4
TGGTGGTACTAAGGTC,4
TGGTGGTAGAACAGGC,4
TGGTGGTAGACAGTGC,4
TGGTGGTAGAGTTAGC,4
TGGTGGTAGATGAATC,4
TGGTGGTAGCCAAGAC,4
TGGTGGTACGGAAGAA,5
TGGTGGTAGTGACAAG,5
TGGTGGTAGAACCAGA,5
TGGCTTCAAACGTGAT,7
TGGCTTCAACAAGCTA,3
TGGCTTCATTGCTGGA,5
TGGCTTCACTGTAGCC,3
TGGCTTCAAGTACAAG,3
TGGCTTCAAACAACCA,3
TGGCTTCAAACCGAGA,3
TGGCTTCAAACGCTTA,3
TGGCTTCAAAGACGGA,3
TGGCTTCAAAGGTACA,3
TGGCTTCAACACAGAA,3
TGGCTTCAACAGCAGA,4
TGGCTTCAAAACATCG,7
TGGCTTCAACCTCCAA,4
TGGCTTCAACGCTCGA,4
TGGCTTCAACGTATCA,4
TGGCTTCAACTATGCA,4
TGGCTTCAAGAGTCAA,4
TGGCTTCAAGATCGCA,4
TGGCTTCAAGCAGGAA,8
TGGCTTCAAGTCACTA,8
TGGCTTCAATCCTGTA,8
TGGCTTCAATTGAGGA,8
TGGCTTCAATGCCTAA,7
TGGCTTCACAACCACA,8
TGGCTTCAGACTAGTA,8
TGGCTTCACAATGGAA,8
TGGCTTCACACTTCGA,8
TGGCTTCACAGCGTTA,8
TGGCTTCACATACCAA,8
TGGCTTCACCAGTTCA,8
TGGCTTCACCGAAGTA,8
TGGCTTCACCGTGAGA,8
TGGCTTCACCTCCTGA,8
TGGCTTCACGAACTTA,8
TGGCTTCACGACTGGA,8
TGGCTTCACGCATACA,1
TGGCTTCACTCAATGA,1
TGGCTTCACTGAGCCA,1
TGGCTTCACTGGCATA,1
TGGCTTCAGAATCTGA,1
TGGCTTCACAAGACTA,1
TGGCTTCAGAGCTGAA,1
TGGCTTCAGATAGACA,1
TGGCTTCAACCACTGT,7
TGGCTTCAGCCACATA,1
TGGCTTCAGCGAGTAA,6
TGGCTTCAGCTAACGA,6
TGGCTTCAGCTCGGTA,6
TGGCTTCAGGAGAACA,6
TGGCTTCAGGTGCGAA,6
TGGCTTCAGTACGCAA,6
TGGCTTCAGTCGTAGA,6
TGGCTTCAGTCTGTCA,6
TGGCTTCAGTGTTCTA,6
TGGCTTCAACATTGGC,7
TGGCTTCATAGGATGA,6
TGGCTTCATATCAGCA,6
TGGCTTCATCCGTCTA,6
TGGCTTCATCTTCACA,6
TGGCTTCATGAAGAGA,6
TGGCTTCATGGAACAA,6
TGGCTTCATGGCTTCA,6
TGGCTTCATGGTGGTA,6
TGGCTTCATTCACGCA,6
TGGCTTCAAACTCACC,1
TGGCTTCACAGATCTG,7
TGGCTTCAAAGAGATC,1
TGGCTTCAAAGGACAC,2
TGGCTTCAAATCCGTC,2
TGGCTTCAAATGTTGC,2
TGGCTTCAACACGACC,2
TGGCTTCAACAGATTC,2
TGGCTTCAAGATGTAC,2
TGGCTTCAAGCACCTC,1
TGGCTTCAAGCCATGC,1
TGGCTTCAAGGCTAAC,1
TGGCTTCACATCAAGT,7
TGGCTTCAATAGCGAC,1
TGGCTTCAATCATTCC,1
TGGCTTCAATTGGCTC,1
TGGCTTCACAAGGAGC,1
TGGCTTCACACCTTAC,1
TGGCTTCACCATCCTC,1
TGGCTTCACCGACAAC,1
TGGCTTCACCTAATCC,1
TGGCTTCACCTCTATC,1
TGGCTTCACGACACAC,1
TGGCTTCACGCTGATC,7
TGGCTTCACGGATTGC,1
TGGCTTCACTAAGGTC,4
TGGCTTCAGAACAGGC,4
TGGCTTCAGACAGTGC,4
TGGCTTCAGAGTTAGC,4
TGGCTTCAGATGAATC,4
TGGCTTCAGCCAAGAC,8
TGGCTTCACGGAAGAA,4
TGGCTTCAGTGACAAG,5
TGGCTTCAGAACCAGA,5
TGGAACAAAACGTGAT,7
TGGAACAAACAAGCTA,3
TGGAACAATTGCTGGA,5
TGGAACAACTGTAGCC,3
TGGAACAAAGTACAAG,3
TGGAACAAAACAACCA,3
TGGAACAAAACCGAGA,3
TGGAACAAAACGCTTA,3
TGGAACAAAAGACGGA,3
TGGAACAAAAGGTACA,4
TGGAACAAACACAGAA,4
TGGAACAAACAGCAGA,4
TGGAACAAAAACATCG,7
TGGAACAAACCTCCAA,4
TGGAACAAACGCTCGA,4
TGGAACAAACGTATCA,4
TGGAACAAACTATGCA,4
TGGAACAAAGAGTCAA,4
TGGAACAAAGATCGCA,8
TGGAACAAAGCAGGAA,8
TGGAACAAAGTCACTA,8
TGGAACAAATCCTGTA,8
TGGAACAAATTGAGGA,8
TGGAACAAATGCCTAA,7
TGGAACAACAACCACA,8
TGGAACAAGACTAGTA,8
TGGAACAACAATGGAA,8
TGGAACAACACTTCGA,8
TGGAACAACAGCGTTA,8
TGGAACAACATACCAA,8
TGGAACAACCAGTTCA,8
TGGAACAACCGAAGTA,8
TGGAACAACCGTGAGA,8
TGGAACAACCTCCTGA,8
TGGAACAAAGTGGTCA,7
TGGAACAACGAACTTA,8
TGGAACAACGACTGGA,1
TGGAACAACGCATACA,1
TGGAACAACTCAATGA,1
TGGAACAACTGAGCCA,1
TGGAACAACTGGCATA,1
TGGAACAAGAATCTGA,1
TGGAACAACAAGACTA,1
TGGAACAAGAGCTGAA,1
TGGAACAAGATAGACA,6
TGGAACAAACCACTGT,7
TGGAACAAGCCACATA,6
TGGAACAAGCGAGTAA,6
TGGAACAAGCTAACGA,6
TGGAACAAGCTCGGTA,6
TGGAACAAGGAGAACA,6
TGGAACAAGGTGCGAA,6
TGGAACAAGTACGCAA,6
TGGAACAAGTCGTAGA,6
TGGAACAAGTCTGTCA,6
TGGAACAAGTGTTCTA,6
TGGAACAAACATTGGC,7
TGGAACAATAGGATGA,6
TGGAACAATATCAGCA,6
TGGAACAATCCGTCTA,6
TGGAACAATCTTCACA,6
TGGAACAATGAAGAGA,6
TGGAACAATGGAACAA,6
TGGAACAATGGCTTCA,6
TGGAACAATGGTGGTA,6
TGGAACAATTCACGCA,1
TGGAACAAAACTCACC,1
TGGAACAACAGATCTG,7
TGGAACAAAAGAGATC,1
TGGAACAAAAGGACAC,6
TGGAACAAAATCCGTC,6
TGGAACAAAATGTTGC,2
TGGAACAAACACGACC,2
TGGAACAAACAGATTC,2
TGGAACAAAGATGTAC,2
TGGAACAAAGCACCTC,2
TGGAACAAAGCCATGC,2
TGGAACAAAGGCTAAC,1
TGGAACAACATCAAGT,7
TGGAACAAATAGCGAC,1
TGGAACAAATCATTCC,1
TGGAACAAATTGGCTC,1
TGGAACAACAAGGAGC,1
TGGAACAACACCTTAC,1
TGGAACAACCATCCTC,1
TGGAACAACCGACAAC,1
TGGAACAACCTAATCC,1
TGGAACAACCTCTATC,1
TGGAACAACGACACAC,1
TGGAACAACGCTGATC,3
TGGAACAACGGATTGC,1
TGGAACAACTAAGGTC,1
TGGAACAAGAACAGGC,1
TGGAACAAGACAGTGC,1
TGGAACAAGAGTTAGC,4
TGGAACAAGATGAATC,4
TGGAACAAGCCAAGAC,4
TGGAACAACGGAAGAA,4
TGGAACAAGTGACAAG,5
TGGAACAAGAACCAGA,5
TGAAGAGAAACGTGAT,7
TGAAGAGAACAAGCTA,3
TGAAGAGATTGCTGGA,5
TGAAGAGACTGTAGCC,3
TGAAGAGAAGTACAAG,3
TGAAGAGAAACAACCA,3
TGAAGAGAAACCGAGA,3
TGAAGAGAAACGCTTA,3
TGAAGAGAAAGACGGA,4
TGAAGAGAAAGGTACA,4
TGAAGAGAACACAGAA,4
TGAAGAGAACAGCAGA,4
TGAAGAGAAAACATCG,7
TGAAGAGAACCTCCAA,4
TGAAGAGAACGCTCGA,4
TGAAGAGAACGTATCA,4
TGAAGAGAACTATGCA,4
TGAAGAGAAGAGTCAA,4
TGAAGAGAAGATCGCA,8
TGAAGAGAAGCAGGAA,8
TGAAGAGAAGTCACTA,8
TGAAGAGAATCCTGTA,8
TGAAGAGAATTGAGGA,8
TGAAGAGAATGCCTAA,7
TGAAGAGACAACCACA,8
TGAAGAGAGACTAGTA,8
TGAAGAGACAATGGAA,8
TGAAGAGACACTTCGA,8
TGAAGAGACAGCGTTA,8
TGAAGAGACATACCAA,8
TGAAGAGACCAGTTCA,8
TGAAGAGACCGAAGTA,8
TGAAGAGACCGTGAGA,8
TGAAGAGACCTCCTGA,8
TGAAGAGACGAACTTA,1
TGAAGAGACGACTGGA,1
TGAAGAGACGCATACA,1
TGAAGAGACTCAATGA,1
TGAAGAGACTGAGCCA,1
TGAAGAGACTGGCATA,1
TGAAGAGAGAATCTGA,1
TGAAGAGACAAGACTA,6
TGAAGAGAGAGCTGAA,6
TGAAGAGAGATAGACA,6
TGAAGAGAACCACTGT,7
TGAAGAGAGCCACATA,6
TGAAGAGAGCGAGTAA,6
TGAAGAGAGCTAACGA,6
TGAAGAGAGCTCGGTA,6
TGAAGAGAGGAGAACA,6
TGAAGAGAGGTGCGAA,6
TGAAGAGAGTACGCAA,6
TGAAGAGAGTCGTAGA,6
TGAAGAGAGTCTGTCA,6
TGAAGAGAGTGTTCTA,6
TGAAGAGAACATTGGC,7
TGAAGAGATAGGATGA,6
TGAAGAGATATCAGCA,6
TGAAGAGATCCGTCTA,6
TGAAGAGATCTTCACA,6
TGAAGAGATGAAGAGA,6
TGAAGAGATGGAACAA,6
TGAAGAGATGGCTTCA,6
TGAAGAGATGGTGGTA,6
TGAAGAGATTCACGCA,1
TGAAGAGAAACTCACC,1
TGAAGAGACAGATCTG,7
TGAAGAGAAAGAGATC,1
TGAAGAGAAAGGACAC,6
TGAAGAGAAATCCGTC,6
TGAAGAGAAATGTTGC,6
TGAAGAGAACACGACC,2
TGAAGAGAACAGATTC,2
TGAAGAGAAGATGTAC,2
TGAAGAGAAGCACCTC,2
TGAAGAGAAGCCATGC,2
TGAAGAGAAGGCTAAC,2
TGAAGAGACATCAAGT,7
TGAAGAGAATAGCGAC,1
TGAAGAGAATCATTCC,1
TGAAGAGAATTGGCTC,1
TGAAGAGACAAGGAGC,1
TGAAGAGACACCTTAC,1
TGAAGAGACCATCCTC,1
TGAAGAGACCGACAAC,1
TGAAGAGACCTAATCC,1
TGAAGAGACCTCTATC,1
TGAAGAGACGACACAC,1
TGAAGAGACGCTGATC,3
TGAAGAGACGGATTGC,1
TGAAGAGACTAAGGTC,1
TGAAGAGAGAACAGGC,1
TGAAGAGAGACAGTGC,1
TGAAGAGAGAGTTAGC,1
TGAAGAGAGATGAATC,4
TGAAGAGAGCCAAGAC,4
TGAAGAGACGGAAGAA,4
TGAAGAGAGTGACAAG,5
TGAAGAGAGAACCAGA,5
TCTTCACAAACGTGAT,7
TCTTCACAACAAGCTA,3
TCTTCACATTGCTGGA,1
TCTTCACACTGTAGCC,3
TCTTCACAAGTACAAG,3
TCTTCACAAACAACCA,3
TCTTCACAAACCGAGA,3
TCTTCACAAACGCTTA,3
TCTTCACAAAGACGGA,7
TCTTCACAAAGGTACA,4
TCTTCACAACACAGAA,4
TCTTCACAACAGCAGA,4
TCTTCACAAAACATCG,7
TCTTCACAACCTCCAA,4
TCTTCACAACGCTCGA,4
TCTTCACAACGTATCA,4
TCTTCACAACTATGCA,4
TCTTCACAAGAGTCAA,8
TCTTCACAAGATCGCA,8
TCTTCACAAGCAGGAA,8
TCTTCACAAGTCACTA,8
TCTTCACAATCCTGTA,8
TCTTCACAATTGAGGA,8
TCTTCACAATGCCTAA,7
TCTTCACACAACCACA,8
TCTTCACAGACTAGTA,8
TCTTCACACAATGGAA,8
TCTTCACACACTTCGA,8
TCTTCACACAGCGTTA,8
TCTTCACACATACCAA,8
TCTTCACACCAGTTCA,8
TCTTCACACCGAAGTA,8
TCTTCACACCGTGAGA,4
TCTTCACACCTCCTGA,1
TCTTCACAAGTGGTCA,7
TCTTCACACGAACTTA,1
TCTTCACACGACTGGA,1
TCTTCACACGCATACA,1
TCTTCACACTCAATGA,1
TCTTCACACTGAGCCA,1
TCTTCACACTGGCATA,6
TCTTCACAGAATCTGA,6
TCTTCACACAAGACTA,6
TCTTCACAGAGCTGAA,6
TCTTCACAGATAGACA,6
TCTTCACAACCACTGT,7
TCTTCACAGCCACATA,6
TCTTCACAGCGAGTAA,6
TCTTCACAGCTAACGA,6
TCTTCACAGCTCGGTA,6
TCTTCACAGGAGAACA,6
TCTTCACAGGTGCGAA,6
TCTTCACAGTACGCAA,6
TCTTCACAGTCGTAGA,6
TCTTCACAGTCTGTCA,6
TCTTCACAGTGTTCTA,6
TCTTCACAACATTGGC,7
TCTTCACATAGGATGA,6
TCTTCACATATCAGCA,6
TCTTCACATCCGTCTA,6
TCTTCACATCTTCACA,6
TCTTCACATGAAGAGA,6
TCTTCACATGGAACAA,6
TCTTCACATGGCTTCA,6
TCTTCACATGGTGGTA,6
TCTTCACATTCACGCA,6
TCTTCACAAACTCACC,1
TCTTCACACAGATCTG,7
TCTTCACAAAGAGATC,6
TCTTCACAAAGGACAC,6
TCTTCACAAATCCGTC,6
TCTTCACAAATGTTGC,6
TCTTCACAACACGACC,6
TCTTCACAACAGATTC,6
TCTTCACAAGATGTAC,2
TCTTCACAAGCACCTC,2
TCTTCACAAGCCATGC,2
TCTTCACAAGGCTAAC,2
TCTTCACACATCAAGT,3
TCTTCACAATAGCGAC,2
TCTTCACAATCATTCC,1
TCTTCACAATTGGCTC,1
TCTTCACACAAGGAGC,1
TCTTCACACACCTTAC,1
TCTTCACACCATCCTC,1
TCTTCACACCGACAAC,1
TCTTCACACCTAATCC,1
TCTTCACACCTCTATC,1
TCTTCACACGACACAC,1
TCTTCACACGCTGATC,3
TCTTCACACGGATTGC,1
TCTTCACACTAAGGTC,1
TCTTCACAGAACAGGC,1
TCTTCACAGACAGTGC,1
TCTTCACAGAGTTAGC,1
TCTTCACAGATGAATC,1
TCTTCACAGCCAAGAC,1
TCTTCACACGGAAGAA,1
TCTTCACAGTGACAAG,1
TCTTCACAGAACCAGA,1
TCCGTCTAAACGTGAT,7
TCCGTCTAACAAGCTA,3
TCCGTCTATTGCTGGA,1
TCCGTCTACTGTAGCC,3
TCCGTCTAAGTACAAG,3
TCCGTCTAAACAACCA,3
TCCGTCTAAACCGAGA,3
TCCGTCTAAACGCTTA,3
TCCGTCTAAAGACGGA,4
TCCGTCTAAAGGTACA,4
TCCGTCTAACACAGAA,4
TCCGTCTAACAGCAGA,4
TCCGTCTAAAACATCG,7
TCCGTCTAACCTCCAA,4
TCCGTCTAACGCTCGA,3
TCCGTCTAACGTATCA,4
TCCGTCTAACTATGCA,3
TCCGTCTAAGAGTCAA,8
TCCGTCTAAGATCGCA,8
TCCGTCTAAGCAGGAA,8
TCCGTCTAAGTCACTA,8
TCCGTCTAATCCTGTA,8
TCCGTCTAATTGAGGA,8
TCCGTCTAATGCCTAA,7
TCCGTCTACAACCACA,8
TCCGTCTAGACTAGTA,8
TCCGTCTACAATGGAA,8
TCCGTCTACACTTCGA,8
TCCGTCTACAGCGTTA,8
TCCGTCTACATACCAA,8
TCCGTCTACCAGTTCA,8
TCCGTCTACCGAAGTA,4
TCCGTCTACCGTGAGA,1
TCCGTCTACCTCCTGA,1
TCCGTCTAAGTGGTCA,7
TCCGTCTACGAACTTA,1
TCCGTCTACGACTGGA,1
TCCGTCTACGCATACA,1
TCCGTCTACTCAATGA,1
TCCGTCTACTGAGCCA,6
TCCGTCTACTGGCATA,6
TCCGTCTAGAATCTGA,6
TCCGTCTACAAGACTA,6
TCCGTCTAGAGCTGAA,6
TCCGTCTAGATAGACA,6
TCCGTCTAACCACTGT,7
TCCGTCTAGCCACATA,6
TCCGTCTAGCGAGTAA,6
TCCGTCTAGCTAACGA,6
TCCGTCTAGCTCGGTA,6
TCCGTCTAGGAGAACA,6
TCCGTCTAGGTGCGAA,6
TCCGTCTAGTACGCAA,6
TCCGTCTAGTCGTAGA,6
TCCGTCTAGTCTGTCA,6
TCCGTCTAGTGTTCTA,6
TCCGTCTAACATTGGC,7
TCCGTCTATAGGATGA,6
TCCGTCTATATCAGCA,6
TCCGTCTATCCGTCTA,6
TCCGTCTATCTTCACA,6
TCCGTCTATGAAGAGA,6
TCCGTCTATGGAACAA,6
TCCGTCTATGGCTTCA,6
TCCGTCTATGGTGGTA,6
TCCGTCTATTCACGCA,6
TCCGTCTAAACTCACC,6
TCCGTCTACAGATCTG,7
TCCGTCTAAAGAGATC,6
TCCGTCTAAAGGACAC,6
TCCGTCTAAATCCGTC,6
TCCGTCTAAATGTTGC,6
TCCGTCTAACACGACC,6
TCCGTCTAACAGATTC,6
TCCGTCTAAGATGTAC,6
TCCGTCTAAGCACCTC,2
TCCGTCTAAGCCATGC,2
TCCGTCTAAGGCTAAC,2
TCCGTCTACATCAAGT,3
TCCGTCTAATAGCGAC,2
TCCGTCTAATCATTCC,2
TCCGTCTAATTGGCTC,1
TCCGTCTACAAGGAGC,1
TCCGTCTACACCTTAC,1
TCCGTCTACCATCCTC,1
TCCGTCTACCGACAAC,1
TCCGTCTACCTAATCC,1
TCCGTCTACCTCTATC,1
TCCGTCTACGACACAC,1
TCCGTCTACGCTGATC,3
TCCGTCTACGGATTGC,1
TCCGTCTACTAAGGTC,1
TCCGTCTAGAACAGGC,1
TCCGTCTAGACAGTGC,1
TCCGTCTAGAGTTAGC,1
TCCGTCTAGATGAATC,1
TCCGTCTAGCCAAGAC,1
TCCGTCTACGGAAGAA,1
TCCGTCTAGTGACAAG,1
TCCGTCTAGAACCAGA,1
GTGACAAGTTGCTGGA,4
GTGACAAGAGATCGCA,4
GTGACAAGAGCAGGAA,4
GTGACAAGAGTCACTA,5
GTGACAAGATCCTGTA,4
GTGACAAGATTGAGGA,5
GTGACAAGCAACCACA,4
GTGACAAGGACTAGTA,7
GTGACAAGCAATGGAA,7
GTGACAAGCACTTCGA,7
GTGACAAGCAGCGTTA,7
GTGACAAGCATACCAA,7
GTGACAAGCCAGTTCA,7
GTGACAAGCCGAAGTA,7
GTGACAAGCCGTGAGA,7
GTGACAAGCCTCCTGA,7
GTGACAAGCGAACTTA,7
GTGACAAGCGACTGGA,7
GTGACAAGCGCATACA,7
GTGACAAGCTCAATGA,7
GTGACAAGCTGAGCCA,7
GTGACAAGCTGGCATA,7
GTGACAAGGAATCTGA,7
GTGACAAGCAAGACTA,3
GTGACAAGGAGCTGAA,3
GTGACAAGGATAGACA,3
GTGACAAGGCCACATA,3
GTGACAAGGCGAGTAA,3
GTGACAAGGCTAACGA,4
GTGACAAGGCTCGGTA,4
GTGACAAGGGAGAACA,4
GTGACAAGGGTGCGAA,4
GTGACAAGGTACGCAA,4
GTGACAAGGTCGTAGA,4
GTGACAAGGTCTGTCA,1
GTGACAAGGTGTTCTA,4
GTGACAAGTAGGATGA,4
GTGACAAGTATCAGCA,4
GTGACAAGTCCGTCTA,4
GTGACAAGTCTTCACA,4
GTGACAAGTGAAGAGA,4
GTGACAAGTGGAACAA,4
GTGACAAGTGGCTTCA,4
GTGACAAGTGGTGGTA,8
GTGACAAGTTCACGCA,8
GTGACAAGAACTCACC,4
GTGACAAGAAGAGATC,4
GTGACAAGAAGGACAC,8
GTGACAAGAATCCGTC,8
GTGACAAGAATGTTGC,8
GTGACAAGACACGACC,8
GTGACAAGACAGATTC,8
GTGACAAGAGATGTAC,4
GTGACAAGAGCACCTC,4
GTGACAAGAGCCATGC,8
GTGACAAGAGGCTAAC,8
GTGACAAGATAGCGAC,4
GTGACAAGATCATTCC,4
GTGACAAGATTGGCTC,4
GTGACAAGCAAGGAGC,4
GTGACAAGCACCTTAC,4
GTGACAAGCCATCCTC,4
GTGACAAGCCGACAAC,8
GTGACAAGCCTAATCC,4
GTGACAAGCCTCTATC,4
GTGACAAGCGACACAC,4
GTGACAAGCGGATTGC,7
GTGACAAGCTAAGGTC,7
GTGACAAGGAACAGGC,7
GTGACAAGGACAGTGC,7
GTGACAAGGAGTTAGC,7
GTGACAAGGATGAATC,5
GTGACAAGGCCAAGAC,5
GTGACAAGCGGAAGAA,5
GTGACAAGGTGACAAG,5
GTGACAAGGAACCAGA,5
TATCAGCAAACGTGAT,7
TATCAGCAACAAGCTA,3
TATCAGCATTGCTGGA,1
TATCAGCACTGTAGCC,3
TATCAGCAAGTACAAG,3
TATCAGCAAACAACCA,3
TATCAGCAAACCGAGA,3
TATCAGCAAACGCTTA,3
TATCAGCAAAGACGGA,4
TATCAGCAAAGGTACA,4
TATCAGCAACACAGAA,4
TATCAGCAACAGCAGA,4
TATCAGCAAAACATCG,7
TATCAGCAACCTCCAA,4
TATCAGCAACGCTCGA,4
TATCAGCAACGTATCA,4
TATCAGCAACTATGCA,8
TATCAGCAAGAGTCAA,8
TATCAGCAAGATCGCA,8
TATCAGCAAGCAGGAA,8
TATCAGCAAGTCACTA,8
TATCAGCAATCCTGTA,8
TATCAGCAATTGAGGA,8
TATCAGCAATGCCTAA,7
TATCAGCACAACCACA,8
TATCAGCAGACTAGTA,8
TATCAGCACAATGGAA,8
TATCAGCACACTTCGA,8
TATCAGCACAGCGTTA,8
TATCAGCACATACCAA,8
TATCAGCACCAGTTCA,8
TATCAGCACCGAAGTA,8
TATCAGCACCGTGAGA,1
TATCAGCACCTCCTGA,1
TATCAGCAAGTGGTCA,7
TATCAGCACGAACTTA,1
TATCAGCACGACTGGA,1
TATCAGCACGCATACA,1
TATCAGCACTCAATGA,6
TATCAGCACTGAGCCA,6
TATCAGCACTGGCATA,6
TATCAGCAGAATCTGA,6
TATCAGCACAAGACTA,6
TATCAGCAGAGCTGAA,6
TATCAGCAGATAGACA,6
TATCAGCAACCACTGT,7
TATCAGCAGCCACATA,6
TATCAGCAGCGAGTAA,6
TATCAGCAGCTAACGA,6
TATCAGCAGCTCGGTA,6
TATCAGCAGGAGAACA,6
TATCAGCAGGTGCGAA,6
TATCAGCAGTACGCAA,6
TATCAGCAGTCGTAGA,6
TATCAGCAGTCTGTCA,6
TATCAGCAGTGTTCTA,6
TATCAGCAACATTGGC,7
TATCAGCATAGGATGA,1
TATCAGCATATCAGCA,6
TATCAGCATCCGTCTA,6
TATCAGCATCTTCACA,6
TATCAGCATGAAGAGA,6
TATCAGCATGGAACAA,6
TATCAGCATGGCTTCA,1
TATCAGCATGGTGGTA,1
TATCAGCATTCACGCA,6
TATCAGCAAACTCACC,6
TATCAGCACAGATCTG,7
TATCAGCAAAGAGATC,6
TATCAGCAAAGGACAC,6
TATCAGCAAATCCGTC,6
TATCAGCAAATGTTGC,6
TATCAGCAACACGACC,6
TATCAGCAACAGATTC,6
TATCAGCAAGATGTAC,6
TATCAGCAAGCACCTC,2
TATCAGCAAGCCATGC,2
TATCAGCAAGGCTAAC,2
TATCAGCACATCAAGT,3
TATCAGCAATAGCGAC,2
TATCAGCAATCATTCC,2
TATCAGCAATTGGCTC,2
TATCAGCACAAGGAGC,2
TATCAGCACACCTTAC,1
TATCAGCACCATCCTC,1
TATCAGCACCGACAAC,1
TATCAGCACCTAATCC,1
TATCAGCACCTCTATC,1
TATCAGCACGACACAC,1
TATCAGCACGCTGATC,3
TATCAGCACGGATTGC,1
TATCAGCACTAAGGTC,1
TATCAGCAGAACAGGC,1
TATCAGCAGACAGTGC,1
TATCAGCAGAGTTAGC,1
TATCAGCAGATGAATC,1
TATCAGCAGCCAAGAC,1
TATCAGCACGGAAGAA,1
TATCAGCAGTGACAAG,1
TATCAGCAGAACCAGA,1
TAGGATGAAACGTGAT,7
TAGGATGAACAAGCTA,3
TAGGATGATTGCTGGA,1
TAGGATGACTGTAGCC,3
TAGGATGAAGTACAAG,3
TAGGATGAAACAACCA,3
TAGGATGAAACCGAGA,4
TAGGATGAAACGCTTA,4
TAGGATGAAAGACGGA,4
TAGGATGAAAGGTACA,4
TAGGATGAACACAGAA,4
TAGGATGAACAGCAGA,4
TAGGATGAAAACATCG,7
TAGGATGAACCTCCAA,4
TAGGATGAACGCTCGA,4
TAGGATGAACGTATCA,8
TAGGATGAACTATGCA,8
TAGGATGAAGAGTCAA,8
TAGGATGAAGATCGCA,8
TAGGATGAAGCAGGAA,8
TAGGATGAAGTCACTA,8
TAGGATGAATCCTGTA,8
TAGGATGAATTGAGGA,8
TAGGATGAATGCCTAA,7
TAGGATGACAACCACA,8
TAGGATGAGACTAGTA,8
TAGGATGACAATGGAA,8
TAGGATGACACTTCGA,8
TAGGATGACAGCGTTA,8
TAGGATGACATACCAA,8
TAGGATGACCAGTTCA,8
TAGGATGACCGAAGTA,1
TAGGATGACCGTGAGA,1
TAGGATGACCTCCTGA,1
TAGGATGAAGTGGTCA,7
TAGGATGACGAACTTA,1
TAGGATGACGACTGGA,1
TAGGATGACGCATACA,1
TAGGATGACTCAATGA,6
TAGGATGACTGAGCCA,6
TAGGATGACTGGCATA,6
TAGGATGAGAATCTGA,6
TAGGATGACAAGACTA,6
TAGGATGAGAGCTGAA,6
TAGGATGAGATAGACA,6
TAGGATGAACCACTGT,7
TAGGATGAGCCACATA,6
TAGGATGAGCGAGTAA,6
TAGGATGAGCTAACGA,6
TAGGATGAGCTCGGTA,6
TAGGATGAGGAGAACA,6
TAGGATGAGGTGCGAA,6
TAGGATGAGTACGCAA,6
TAGGATGAGTCGTAGA,6
TAGGATGAGTCTGTCA,6
TAGGATGAGTGTTCTA,6
TAGGATGAACATTGGC,7
TAGGATGATAGGATGA,6
TAGGATGATATCAGCA,6
TAGGATGATCCGTCTA,6
TAGGATGATCTTCACA,6
TAGGATGATGAAGAGA,6
TAGGATGATGGAACAA,6
TAGGATGATGGCTTCA,6
TAGGATGATGGTGGTA,6
TAGGATGATTCACGCA,6
TAGGATGAAACTCACC,6
TAGGATGACAGATCTG,7
TAGGATGAAAGAGATC,6
TAGGATGAAAGGACAC,6
TAGGATGAAATCCGTC,6
TAGGATGAAATGTTGC,2
TAGGATGAACACGACC,6
TAGGATGAACAGATTC,6
TAGGATGAAGATGTAC,6
TAGGATGAAGCACCTC,6
TAGGATGAAGCCATGC,6
TAGGATGAAGGCTAAC,2
TAGGATGACATCAAGT,3
TAGGATGAATAGCGAC,2
TAGGATGAATCATTCC,2
TAGGATGAATTGGCTC,2
TAGGATGACAAGGAGC,2
TAGGATGACACCTTAC,2
TAGGATGACCATCCTC,1
TAGGATGACCGACAAC,1
TAGGATGACCTAATCC,1
TAGGATGACCTCTATC,1
TAGGATGACGACACAC,1
TAGGATGACGCTGATC,3
TAGGATGACGGATTGC,1
TAGGATGACTAAGGTC,1
TAGGATGAGAACAGGC,1
TAGGATGAGACAGTGC,1
TAGGATGAGAGTTAGC,1
TAGGATGAGATGAATC,1
TAGGATGAGCCAAGAC,1
TAGGATGACGGAAGAA,1
TAGGATGAGTGACAAG,1
TAGGATGAGAACCAGA,1
GTGTTCTAAACGTGAT,7
GTGTTCTAACAAGCTA,3
GTGTTCTATTGCTGGA,1
GTGTTCTACTGTAGCC,3
GTGTTCTAAGTACAAG,3
GTGTTCTAAACAACCA,3
GTGTTCTAAACCGAGA,3
GTGTTCTAAACGCTTA,4
GTGTTCTAAAGACGGA,4
GTGTTCTAAAGGTACA,4
GTGTTCTAACACAGAA,4
GTGTTCTAACAGCAGA,4
GTGTTCTAAAACATCG,7
GTGTTCTAACCTCCAA,4
GTGTTCTAACGCTCGA,8
GTGTTCTAACGTATCA,8
GTGTTCTAACTATGCA,8
GTGTTCTAAGAGTCAA,8
GTGTTCTAAGATCGCA,8
GTGTTCTAAGCAGGAA,8
GTGTTCTAAGTCACTA,8
GTGTTCTAATCCTGTA,8
GTGTTCTAATTGAGGA,8
GTGTTCTAATGCCTAA,7
GTGTTCTACAACCACA,8
GTGTTCTAGACTAGTA,8
GTGTTCTACAATGGAA,8
GTGTTCTACACTTCGA,8
GTGTTCTACAGCGTTA,8
GTGTTCTACATACCAA,8
GTGTTCTACCAGTTCA,8
GTGTTCTACCGAAGTA,1
GTGTTCTACCGTGAGA,1
GTGTTCTACCTCCTGA,1
GTGTTCTAAGTGGTCA,7
GTGTTCTACGAACTTA,1
GTGTTCTACGACTGGA,6
GTGTTCTACGCATACA,6
GTGTTCTACTCAATGA,6
GTGTTCTACTGAGCCA,6
GTGTTCTACTGGCATA,6
GTGTTCTAGAATCTGA,6
GTGTTCTACAAGACTA,6
GTGTTCTAGAGCTGAA,6
GTGTTCTAGATAGACA,6
GTGTTCTAACCACTGT,7
GTGTTCTAGCCACATA,6
GTGTTCTAGCGAGTAA,6
GTGTTCTAGCTAACGA,6
GTGTTCTAGCTCGGTA,6
GTGTTCTAGGAGAACA,6
GTGTTCTAGGTGCGAA,6
GTGTTCTAGTACGCAA,6
GTGTTCTAGTCGTAGA,6
GTGTTCTAGTCTGTCA,6
GTGTTCTAGTGTTCTA,6
GTGTTCTAACATTGGC,7
GTGTTCTATAGGATGA,6
GTGTTCTATATCAGCA,6
GTGTTCTATCCGTCTA,6
GTGTTCTATCTTCACA,6
GTGTTCTATGAAGAGA,6
GTGTTCTATGGAACAA,6
GTGTTCTATGGCTTCA,6
GTGTTCTATGGTGGTA,6
GTGTTCTATTCACGCA,1
GTGTTCTAAACTCACC,6
GTGTTCTACAGATCTG,3
GTGTTCTAAAGAGATC,6
GTGTTCTAAAGGACAC,6
GTGTTCTAAATCCGTC,6
GTGTTCTAAATGTTGC,2
GTGTTCTAACACGACC,6
GTGTTCTAACAGATTC,6
GTGTTCTAAGATGTAC,6
GTGTTCTAAGCACCTC,6
GTGTTCTAAGCCATGC,6
GTGTTCTAAGGCTAAC,6
GTGTTCTACATCAAGT,3
GTGTTCTAATAGCGAC,2
GTGTTCTAATCATTCC,2
GTGTTCTAATTGGCTC,2
GTGTTCTACAAGGAGC,2
GTGTTCTACACCTTAC,2
GTGTTCTACCATCCTC,2
GTGTTCTACCGACAAC,1
GTGTTCTACCTAATCC,1
GTGTTCTACCTCTATC,1
GTGTTCTACGACACAC,1
GTGTTCTACGCTGATC,3
GTGTTCTACGGATTGC,1
GTGTTCTACTAAGGTC,1
GTGTTCTAGAACAGGC,1
GTGTTCTAGACAGTGC,1
GTGTTCTAGAGTTAGC,1
GTGTTCTAGATGAATC,1
GTGTTCTAGCCAAGAC,1
GTGTTCTACGGAAGAA,1
GTGTTCTAGTGACAAG,1
GTGTTCTAGAACCAGA,1
GTCTGTCAAACGTGAT,7
GTCTGTCAACAAGCTA,3
GTCTGTCATTGCTGGA,1
GTCTGTCACTGTAGCC,3
GTCTGTCAAGTACAAG,3
GTCTGTCAAACAACCA,3
GTCTGTCAAACCGAGA,3
GTCTGTCAAACGCTTA,5
GTCTGTCAAAGACGGA,4
GTCTGTCAAAGGTACA,4
GTCTGTCAACACAGAA,4
GTCTGTCAACAGCAGA,4
GTCTGTCAAAACATCG,7
GTCTGTCAACCTCCAA,4
GTCTGTCAACGCTCGA,8
GTCTGTCAACGTATCA,8
GTCTGTCAACTATGCA,8
GTCTGTCAAGAGTCAA,8
GTCTGTCAAGATCGCA,8
GTCTGTCAAGCAGGAA,8
GTCTGTCAAGTCACTA,8
GTCTGTCAATCCTGTA,8
GTCTGTCAATTGAGGA,8
GTCTGTCAATGCCTAA,7
GTCTGTCACAACCACA,8
GTCTGTCAGACTAGTA,8
GTCTGTCACAATGGAA,8
GTCTGTCACACTTCGA,8
GTCTGTCACAGCGTTA,8
GTCTGTCACATACCAA,8
GTCTGTCACCAGTTCA,1
GTCTGTCACCGAAGTA,1
GTCTGTCACCGTGAGA,1
GTCTGTCACCTCCTGA,1
GTCTGTCAAGTGGTCA,7
GTCTGTCACGAACTTA,6
GTCTGTCACGACTGGA,6
GTCTGTCACGCATACA,6
GTCTGTCACTCAATGA,6
GTCTGTCACTGAGCCA,6
GTCTGTCACTGGCATA,6
GTCTGTCAGAATCTGA,6
GTCTGTCACAAGACTA,6
GTCTGTCAGAGCTGAA,6
GTCTGTCAGATAGACA,6
GTCTGTCAACCACTGT,3
GTCTGTCAGCCACATA,6
GTCTGTCAGCGAGTAA,6
GTCTGTCAGCTAACGA,6
GTCTGTCAGCTCGGTA,6
GTCTGTCAGGAGAACA,1
GTCTGTCAGGTGCGAA,6
GTCTGTCAGTACGCAA,6
GTCTGTCAGTCGTAGA,6
GTCTGTCAGTCTGTCA,6
GTCTGTCAGTGTTCTA,6
GTCTGTCAACATTGGC,3
GTCTGTCATAGGATGA,6
GTCTGTCATATCAGCA,6
GTCTGTCATCCGTCTA,6
GTCTGTCATCTTCACA,6
GTCTGTCATGAAGAGA,6
GTCTGTCATGGAACAA,6
GTCTGTCATGGCTTCA,6
GTCTGTCATGGTGGTA,6
GTCTGTCATTCACGCA,6
GTCTGTCAAACTCACC,6
GTCTGTCACAGATCTG,7
GTCTGTCAAAGAGATC,6
GTCTGTCAAAGGACAC,1
GTCTGTCAAATCCGTC,1
GTCTGTCAAATGTTGC,1
GTCTGTCAACACGACC,6
GTCTGTCAACAGATTC,1
GTCTGTCAAGATGTAC,6
GTCTGTCAAGCACCTC,6
GTCTGTCAAGCCATGC,6
GTCTGTCAAGGCTAAC,6
GTCTGTCACATCAAGT,3
GTCTGTCAATAGCGAC,2
GTCTGTCAATCATTCC,2
GTCTGTCAATTGGCTC,2
GTCTGTCACAAGGAGC,2
GTCTGTCACACCTTAC,2
GTCTGTCACCATCCTC,2
GTCTGTCACCGACAAC,1
GTCTGTCACCTAATCC,1
GTCTGTCACCTCTATC,1
GTCTGTCACGACACAC,1
GTCTGTCACGCTGATC,3
GTCTGTCACGGATTGC,1
GTCTGTCACTAAGGTC,1
GTCTGTCAGAACAGGC,1
GTCTGTCAGACAGTGC,1
GTCTGTCAGAGTTAGC,1
GTCTGTCAGATGAATC,1
GTCTGTCAGCCAAGAC,1
GTCTGTCACGGAAGAA,1
GTCTGTCAGTGACAAG,1
GTCTGTCAGAACCAGA,1
GTCGTAGAAACGTGAT,7
GTCGTAGAACAAGCTA,3
GTCGTAGATTGCTGGA,1
GTCGTAGACTGTAGCC,3
GTCGTAGAAGTACAAG,3
GTCGTAGAAACAACCA,3
GTCGTAGAAACCGAGA,3
GTCGTAGAAACGCTTA,4
GTCGTAGAAAGACGGA,4
GTCGTAGAAAGGTACA,4
GTCGTAGAACACAGAA,4
GTCGTAGAACAGCAGA,4
GTCGTAGAAAACATCG,7
GTCGTAGAACCTCCAA,4
GTCGTAGAACGCTCGA,8
GTCGTAGAACGTATCA,8
GTCGTAGAACTATGCA,8
GTCGTAGAAGAGTCAA,8
GTCGTAGAAGATCGCA,8
GTCGTAGAAGCAGGAA,8
GTCGTAGAAGTCACTA,8
GTCGTAGAATCCTGTA,8
GTCGTAGAATTGAGGA,8
GTCGTAGAATGCCTAA,7
GTCGTAGACAACCACA,8
GTCGTAGAGACTAGTA,8
GTCGTAGACAATGGAA,8
GTCGTAGACACTTCGA,8
GTCGTAGACAGCGTTA,8
GTCGTAGACATACCAA,1
GTCGTAGACCAGTTCA,1
GTCGTAGACCGAAGTA,1
GTCGTAGACCGTGAGA,1
GTCGTAGACCTCCTGA,6
GTCGTAGAAGTGGTCA,7
GTCGTAGACGAACTTA,6
GTCGTAGACGACTGGA,6
GTCGTAGACGCATACA,6
GTCGTAGACTCAATGA,6
GTCGTAGACTGAGCCA,6
GTCGTAGACTGGCATA,6
GTCGTAGAGAATCTGA,6
GTCGTAGACAAGACTA,6
GTCGTAGAGAGCTGAA,6
GTCGTAGAGATAGACA,6
GTCGTAGAACCACTGT,3
GTCGTAGAGCCACATA,6
GTCGTAGAGCGAGTAA,6
GTCGTAGAGCTAACGA,6
GTCGTAGAGCTCGGTA,6
GTCGTAGAGGAGAACA,6
GTCGTAGAGGTGCGAA,6
GTCGTAGAGTACGCAA,1
GTCGTAGAGTCGTAGA,6
GTCGTAGAGTCTGTCA,6
GTCGTAGAGTGTTCTA,6
GTCGTAGAACATTGGC,7
GTCGTAGATAGGATGA,6
GTCGTAGATATCAGCA,6
GTCGTAGATCCGTCTA,6
GTCGTAGATCTTCACA,6
GTCGTAGATGAAGAGA,6
GTCGTAGATGGAACAA,6
GTCGTAGATGGCTTCA,6
GTCGTAGATGGTGGTA,6
GTCGTAGATTCACGCA,6
GTCGTAGAAACTCACC,6
GTCGTAGACAGATCTG,3
GTCGTAGAAAGAGATC,6
GTCGTAGAAAGGACAC,6
GTCGTAGAAATCCGTC,1
GTCGTAGAAATGTTGC,1
GTCGTAGAACACGACC,1
GTCGTAGAACAGATTC,1
GTCGTAGAAGATGTAC,6
GTCGTAGAAGCACCTC,6
GTCGTAGAAGCCATGC,6
GTCGTAGAAGGCTAAC,2
GTCGTAGACATCAAGT,3
GTCGTAGAATAGCGAC,2
GTCGTAGAATCATTCC,2
GTCGTAGAATTGGCTC,2
GTCGTAGACAAGGAGC,2
GTCGTAGACACCTTAC,2
GTCGTAGACCATCCTC,2
GTCGTAGACCGACAAC,2
GTCGTAGACCTAATCC,1
GTCGTAGACCTCTATC,1
GTCGTAGACGACACAC,1
GTCGTAGACGCTGATC,3
GTCGTAGACGGATTGC,1
GTCGTAGACTAAGGTC,1
GTCGTAGAGAACAGGC,1
GTCGTAGAGACAGTGC,1
GTCGTAGAGAGTTAGC,1
GTCGTAGAGATGAATC,1
GTCGTAGAGCCAAGAC,1
GTCGTAGACGGAAGAA,1
GTCGTAGAGTGACAAG,1
GTCGTAGAGAACCAGA,1
GTACGCAAAACGTGAT,7
GTACGCAAACAAGCTA,3
GTACGCAATTGCTGGA,1
GTACGCAACTGTAGCC,3
GTACGCAAAGTACAAG,3
GTACGCAAAACAACCA,3
GTACGCAAAACCGAGA,4
GTACGCAAAACGCTTA,4
GTACGCAAAAGACGGA,4
GTACGCAAAAGGTACA,4
GTACGCAAACACAGAA,4
GTACGCAAACAGCAGA,4
GTACGCAAAAACATCG,7
GTACGCAAACCTCCAA,4
GTACGCAAACGCTCGA,8
GTACGCAAACGTATCA,8
GTACGCAAACTATGCA,8
GTACGCAAAGAGTCAA,8
GTACGCAAAGATCGCA,8
GTACGCAAAGCAGGAA,8
GTACGCAAAGTCACTA,8
GTACGCAAATCCTGTA,8
GTACGCAAATTGAGGA,8
GTACGCAAATGCCTAA,7
GTACGCAACAACCACA,8
GTACGCAAGACTAGTA,8
GTACGCAACAATGGAA,8
GTACGCAACACTTCGA,8
GTACGCAACAGCGTTA,1
GTACGCAACATACCAA,1
GTACGCAACCAGTTCA,1
GTACGCAACCGAAGTA,6
GTACGCAACCGTGAGA,6
GTACGCAACCTCCTGA,6
GTACGCAAAGTGGTCA,7
GTACGCAACGAACTTA,6
GTACGCAACGACTGGA,6
GTACGCAACGCATACA,6
GTACGCAACTCAATGA,6
GTACGCAACTGAGCCA,6
GTACGCAACTGGCATA,6
GTACGCAAGAATCTGA,6
GTACGCAACAAGACTA,6
GTACGCAAGAGCTGAA,6
GTACGCAAGATAGACA,6
GTACGCAAACCACTGT,3
GTACGCAAGCCACATA,6
GTACGCAAGCGAGTAA,6
GTACGCAAGCTAACGA,6
GTACGCAAGCTCGGTA,6
GTACGCAAGGAGAACA,6
GTACGCAAGGTGCGAA,6
GTACGCAAGTACGCAA,6
GTACGCAAGTCGTAGA,6
GTACGCAAGTCTGTCA,6
GTACGCAAGTGTTCTA,6
GTACGCAAACATTGGC,3
GTACGCAATAGGATGA,6
GTACGCAATATCAGCA,6
GTACGCAATCCGTCTA,6
GTACGCAATCTTCACA,6
GTACGCAATGAAGAGA,6
GTACGCAATGGAACAA,6
GTACGCAATGGCTTCA,6
GTACGCAATGGTGGTA,6
GTACGCAATTCACGCA,6
GTACGCAAAACTCACC,6
GTACGCAACAGATCTG,3
GTACGCAAAAGAGATC,6
GTACGCAAAAGGACAC,6
GTACGCAAAATCCGTC,6
GTACGCAAAATGTTGC,1
GTACGCAAACACGACC,1
GTACGCAAACAGATTC,1
GTACGCAAAGATGTAC,1
GTACGCAAAGCACCTC,6
GTACGCAAAGCCATGC,6
GTACGCAAAGGCTAAC,2
GTACGCAACATCAAGT,3
GTACGCAAATAGCGAC,2
GTACGCAAATCATTCC,2
GTACGCAAATTGGCTC,2
GTACGCAACAAGGAGC,2
GTACGCAACACCTTAC,2
GTACGCAACCATCCTC,2
GTACGCAACCGACAAC,9
GTACGCAACCTAATCC,9
GTACGCAACCTCTATC,9
GTACGCAACGACACAC,1
GTACGCAACGCTGATC,3
GTACGCAACGGATTGC,1
GTACGCAACTAAGGTC,1
GTACGCAAGAACAGGC,1
GTACGCAAGACAGTGC,1
GTACGCAAGAGTTAGC,1
GTACGCAAGATGAATC,1
GTACGCAAGCCAAGAC,1
GTACGCAACGGAAGAA,1
GTACGCAAGTGACAAG,1
GTACGCAAGAACCAGA,1
GGTGCGAAAACGTGAT,7
GGTGCGAAACAAGCTA,3
GGTGCGAATTGCTGGA,1
GGTGCGAACTGTAGCC,3
GGTGCGAAAGTACAAG,3
GGTGCGAAAACAACCA,3
GGTGCGAAAACCGAGA,3
GGTGCGAAAACGCTTA,4
GGTGCGAAAAGACGGA,4
GGTGCGAAAAGGTACA,4
GGTGCGAAACACAGAA,4
GGTGCGAAACAGCAGA,4
GGTGCGAAAAACATCG,7
GGTGCGAAACCTCCAA,8
GGTGCGAAACGCTCGA,8
GGTGCGAAACGTATCA,8
GGTGCGAAACTATGCA,8
GGTGCGAAAGAGTCAA,8
GGTGCGAAAGATCGCA,8
GGTGCGAAAGCAGGAA,8
GGTGCGAAAGTCACTA,8
GGTGCGAAATCCTGTA,8
GGTGCGAAATTGAGGA,8
GGTGCGAAATGCCTAA,7
GGTGCGAACAACCACA,8
GGTGCGAAGACTAGTA,8
GGTGCGAACAATGGAA,8
GGTGCGAACACTTCGA,8
GGTGCGAACAGCGTTA,1
GGTGCGAACATACCAA,1
GGTGCGAACCAGTTCA,1
GGTGCGAACCGAAGTA,6
GGTGCGAACCGTGAGA,6
GGTGCGAACCTCCTGA,6
GGTGCGAAAGTGGTCA,7
GGTGCGAACGAACTTA,6
GGTGCGAACGACTGGA,6
GGTGCGAACGCATACA,6
GGTGCGAACTCAATGA,6
GGTGCGAACTGAGCCA,6
GGTGCGAACTGGCATA,6
GGTGCGAAGAATCTGA,6
GGTGCGAACAAGACTA,1
GGTGCGAAGAGCTGAA,6
GGTGCGAAGATAGACA,6
GGTGCGAAACCACTGT,7
GGTGCGAAGCCACATA,6
GGTGCGAAGCGAGTAA,6
GGTGCGAAGCTAACGA,6
GGTGCGAAGCTCGGTA,6
GGTGCGAAGGAGAACA,6
GGTGCGAAGGTGCGAA,6
GGTGCGAAGTACGCAA,6
GGTGCGAAGTCGTAGA,6
GGTGCGAAGTCTGTCA,6
GGTGCGAAGTGTTCTA,6
GGTGCGAAACATTGGC,3
GGTGCGAATAGGATGA,6
GGTGCGAATATCAGCA,6
GGTGCGAATCCGTCTA,6
GGTGCGAATCTTCACA,6
GGTGCGAATGAAGAGA,6
GGTGCGAATGGAACAA,6
GGTGCGAATGGCTTCA,6
GGTGCGAATGGTGGTA,6
GGTGCGAATTCACGCA,6
GGTGCGAAAACTCACC,6
GGTGCGAACAGATCTG,3
GGTGCGAAAAGAGATC,6
GGTGCGAAAAGGACAC,6
GGTGCGAAAATCCGTC,6
GGTGCGAAAATGTTGC,6
GGTGCGAAACACGACC,1
GGTGCGAAACAGATTC,1
GGTGCGAAAGATGTAC,1
GGTGCGAAAGCACCTC,6
GGTGCGAAAGCCATGC,6
GGTGCGAAAGGCTAAC,2
GGTGCGAACATCAAGT,3
GGTGCGAAATAGCGAC,2
GGTGCGAAATCATTCC,2
GGTGCGAAATTGGCTC,2
GGTGCGAACAAGGAGC,2
GGTGCGAACACCTTAC,2
GGTGCGAACCATCCTC,9
GGTGCGAACCGACAAC,9
GGTGCGAACCTAATCC,9
GGTGCGAACCTCTATC,9
GGTGCGAACGACACAC,1
GGTGCGAACGCTGATC,3
GGTGCGAACGGATTGC,1
GGTGCGAACTAAGGTC,1
GGTGCGAAGAACAGGC,1
GGTGCGAAGACAGTGC,1
GGTGCGAAGAGTTAGC,1
GGTGCGAAGATGAATC,1
GGTGCGAAGCCAAGAC,1
GGTGCGAACGGAAGAA,1
GGTGCGAAGTGACAAG,1
GGTGCGAAGAACCAGA,1
GGAGAACAAACGTGAT,7
GGAGAACAACAAGCTA,3
GGAGAACATTGCTGGA,1
GGAGAACACTGTAGCC,3
GGAGAACAAGTACAAG,3
GGAGAACAAACAACCA,3
GGAGAACAAACCGAGA,3
GGAGAACAAACGCTTA,4
GGAGAACAAAGACGGA,4
GGAGAACAAAGGTACA,4
GGAGAACAACACAGAA,8
GGAGAACAACAGCAGA,8
GGAGAACAAAACATCG,7
GGAGAACAACCTCCAA,8
GGAGAACAACGCTCGA,8
GGAGAACAACGTATCA,4
GGAGAACAACTATGCA,8
GGAGAACAAGAGTCAA,8
GGAGAACAAGATCGCA,8
GGAGAACAAGCAGGAA,8
GGAGAACAAGTCACTA,8
GGAGAACAATCCTGTA,8
GGAGAACAATTGAGGA,8
GGAGAACAATGCCTAA,7
GGAGAACACAACCACA,8
GGAGAACAGACTAGTA,8
GGAGAACACAATGGAA,8
GGAGAACACACTTCGA,8
GGAGAACACAGCGTTA,1
GGAGAACACATACCAA,1
GGAGAACACCAGTTCA,1
GGAGAACACCGAAGTA,1
GGAGAACACCGTGAGA,6
GGAGAACACCTCCTGA,6
GGAGAACAAGTGGTCA,7
GGAGAACACGAACTTA,6
GGAGAACACGACTGGA,6
GGAGAACACGCATACA,6
GGAGAACACTCAATGA,6
GGAGAACACTGAGCCA,6
GGAGAACACTGGCATA,6
GGAGAACAGAATCTGA,6
GGAGAACACAAGACTA,6
GGAGAACAGAGCTGAA,6
GGAGAACAGATAGACA,6
GGAGAACAACCACTGT,3
GGAGAACAGCCACATA,6
GGAGAACAGCGAGTAA,6
GGAGAACAGCTAACGA,6
GGAGAACAGCTCGGTA,6
GGAGAACAGGAGAACA,6
GGAGAACAGGTGCGAA,6
GGAGAACAGTACGCAA,6
GGAGAACAGTCGTAGA,6
GGAGAACAGTCTGTCA,6
GGAGAACAGTGTTCTA,6
GGAGAACAACATTGGC,3
GGAGAACATAGGATGA,6
GGAGAACATATCAGCA,6
GGAGAACATCCGTCTA,6
GGAGAACATCTTCACA,6
GGAGAACATGAAGAGA,6
GGAGAACATGGAACAA,6
GGAGAACATGGCTTCA,6
GGAGAACATGGTGGTA,6
GGAGAACATTCACGCA,6
GGAGAACAAACTCACC,6
GGAGAACACAGATCTG,3
GGAGAACAAAGAGATC,6
GGAGAACAAAGGACAC,6
GGAGAACAAATCCGTC,6
GGAGAACAAATGTTGC,6
GGAGAACAACACGACC,6
GGAGAACAACAGATTC,6
GGAGAACAAGATGTAC,6
GGAGAACAAGCACCTC,6
GGAGAACAAGCCATGC,6
GGAGAACAAGGCTAAC,6
GGAGAACACATCAAGT,3
GGAGAACAATAGCGAC,2
GGAGAACAATCATTCC,2
GGAGAACAATTGGCTC,2
GGAGAACACAAGGAGC,2
GGAGAACACACCTTAC,2
GGAGAACACCATCCTC,9
GGAGAACACCGACAAC,9
GGAGAACACCTAATCC,9
GGAGAACACCTCTATC,9
GGAGAACACGACACAC,9
GGAGAACACGCTGATC,3
GGAGAACACGGATTGC,9
GGAGAACACTAAGGTC,9
GGAGAACAGAACAGGC,9
GGAGAACAGACAGTGC,9
GGAGAACAGAGTTAGC,9
GGAGAACAGATGAATC,9
GGAGAACAGCCAAGAC,9
GGAGAACACGGAAGAA,9
GGAGAACAGTGACAAG,9
GGAGAACAGAACCAGA,1
GCTCGGTAAACGTGAT,7
GCTCGGTAACAAGCTA,3
GCTCGGTATTGCTGGA,9
GCTCGGTACTGTAGCC,3
GCTCGGTAAGTACAAG,3
GCTCGGTAAACAACCA,3
GCTCGGTAAACCGAGA,3
GCTCGGTAAACGCTTA,3
GCTCGGTAAAGACGGA,4
GCTCGGTAAAGGTACA,4
GCTCGGTAACACAGAA,8
GCTCGGTAACAGCAGA,8
GCTCGGTAAAACATCG,7
GCTCGGTAACCTCCAA,8
GCTCGGTAACGCTCGA,8
GCTCGGTAACGTATCA,8
GCTCGGTAACTATGCA,8
GCTCGGTAAGAGTCAA,8
GCTCGGTAAGATCGCA,8
GCTCGGTAAGCAGGAA,8
GCTCGGTAAGTCACTA,8
GCTCGGTAATCCTGTA,8
GCTCGGTAATTGAGGA,8
GCTCGGTAATGCCTAA,7
GCTCGGTACAACCACA,8
GCTCGGTAGACTAGTA,4
GCTCGGTACAATGGAA,4
GCTCGGTACACTTCGA,1
GCTCGGTACAGCGTTA,1
GCTCGGTACATACCAA,1
GCTCGGTACCAGTTCA,6
GCTCGGTACCGAAGTA,6
GCTCGGTACCGTGAGA,6
GCTCGGTACCTCCTGA,6
GCTCGGTAAGTGGTCA,7
GCTCGGTACGAACTTA,6
GCTCGGTACGACTGGA,6
GCTCGGTACGCATACA,6
GCTCGGTACTCAATGA,6
GCTCGGTACTGAGCCA,6
GCTCGGTACTGGCATA,6
GCTCGGTAGAATCTGA,6
GCTCGGTACAAGACTA,6
GCTCGGTAGAGCTGAA,6
GCTCGGTAGATAGACA,6
GCTCGGTAACCACTGT,7
GCTCGGTAGCCACATA,6
GCTCGGTAGCGAGTAA,6
GCTCGGTAGCTAACGA,6
GCTCGGTAGCTCGGTA,6
GCTCGGTAGGAGAACA,6
GCTCGGTAGGTGCGAA,6
GCTCGGTAGTACGCAA,6
GCTCGGTAGTCGTAGA,6
GCTCGGTAGTCTGTCA,6
GCTCGGTAGTGTTCTA,6
GCTCGGTAACATTGGC,3
GCTCGGTATAGGATGA,6
GCTCGGTATATCAGCA,6
GCTCGGTATCCGTCTA,6
GCTCGGTATCTTCACA,6
GCTCGGTATGAAGAGA,6
GCTCGGTATGGAACAA,6
GCTCGGTATGGCTTCA,6
GCTCGGTATGGTGGTA,6
GCTCGGTATTCACGCA,6
GCTCGGTAAACTCACC,6
GCTCGGTACAGATCTG,3
GCTCGGTAAAGAGATC,6
GCTCGGTAAAGGACAC,6
GCTCGGTAAATCCGTC,6
GCTCGGTAAATGTTGC,6
GCTCGGTAACACGACC,6
GCTCGGTAACAGATTC,6
GCTCGGTAAGATGTAC,6
GCTCGGTAAGCACCTC,6
GCTCGGTAAGCCATGC,6
GCTCGGTAAGGCTAAC,6
GCTCGGTACATCAAGT,3
GCTCGGTAATAGCGAC,2
GCTCGGTAATCATTCC,2
GCTCGGTAATTGGCTC,2
GCTCGGTACAAGGAGC,2
GCTCGGTACACCTTAC,2
GCTCGGTACCATCCTC,9
GCTCGGTACCGACAAC,9
GCTCGGTACCTAATCC,9
GCTCGGTACCTCTATC,9
GCTCGGTACGACACAC,9
GCTCGGTACGCTGATC,3
GCTCGGTACGGATTGC,9
GCTCGGTACTAAGGTC,9
GCTCGGTAGAACAGGC,9
GCTCGGTAGACAGTGC,9
GCTCGGTAGAGTTAGC,9
GCTCGGTAGATGAATC,9
GCTCGGTAGCCAAGAC,9
GCTCGGTACGGAAGAA,9
GCTCGGTAGTGACAAG,9
GCTCGGTAGAACCAGA,9
GCTAACGAAACGTGAT,7
GCTAACGAACAAGCTA,3
GCTAACGATTGCTGGA,9
GCTAACGACTGTAGCC,3
GCTAACGAAGTACAAG,3
GCTAACGAAACAACCA,4
GCTAACGAAACCGAGA,4
GCTAACGAAACGCTTA,4
GCTAACGAAAGACGGA,4
GCTAACGAAAGGTACA,4
GCTAACGAACACAGAA,8
GCTAACGAACAGCAGA,4
GCTAACGAAAACATCG,7
GCTAACGAACCTCCAA,4
GCTAACGAACGCTCGA,4
GCTAACGAACGTATCA,8
GCTAACGAACTATGCA,8
GCTAACGAAGAGTCAA,8
GCTAACGAAGATCGCA,8
GCTAACGAAGCAGGAA,8
GCTAACGAAGTCACTA,8
GCTAACGAATCCTGTA,8
GCTAACGAATTGAGGA,8
GCTAACGAATGCCTAA,7
GCTAACGACAACCACA,8
GCTAACGAGACTAGTA,4
GCTAACGACAATGGAA,1
GCTAACGACACTTCGA,1
GCTAACGACAGCGTTA,1
GCTAACGACATACCAA,1
GCTAACGACCAGTTCA,6
GCTAACGACCGAAGTA,6
GCTAACGACCGTGAGA,6
GCTAACGACCTCCTGA,6
GCTAACGAAGTGGTCA,7
GCTAACGACGAACTTA,6
GCTAACGACGACTGGA,6
GCTAACGACGCATACA,6
GCTAACGACTCAATGA,6
GCTAACGACTGAGCCA,6
GCTAACGACTGGCATA,6
GCTAACGAGAATCTGA,6
GCTAACGACAAGACTA,6
GCTAACGAGAGCTGAA,6
GCTAACGAGATAGACA,6
GCTAACGAACCACTGT,7
GCTAACGAGCCACATA,6
GCTAACGAGCGAGTAA,6
GCTAACGAGCTAACGA,6
GCTAACGAGCTCGGTA,6
GCTAACGAGGAGAACA,6
GCTAACGAGGTGCGAA,6
GCTAACGAGTACGCAA,6
GCTAACGAGTCGTAGA,6
GCTAACGAGTCTGTCA,6
GCTAACGAGTGTTCTA,6
GCTAACGAACATTGGC,3
GCTAACGATAGGATGA,6
GCTAACGATATCAGCA,6
GCTAACGATCCGTCTA,6
GCTAACGATCTTCACA,6
GCTAACGATGAAGAGA,6
GCTAACGATGGAACAA,6
GCTAACGATGGCTTCA,6
GCTAACGATGGTGGTA,6
GCTAACGATTCACGCA,6
GCTAACGAAACTCACC,6
GCTAACGACAGATCTG,3
GCTAACGAAAGAGATC,6
GCTAACGAAAGGACAC,6
GCTAACGAAATCCGTC,6
GCTAACGAAATGTTGC,6
GCTAACGAACACGACC,6
GCTAACGAACAGATTC,6
GCTAACGAAGATGTAC,6
GCTAACGAAGCACCTC,6
GCTAACGAAGCCATGC,6
GCTAACGAAGGCTAAC,2
GCTAACGACATCAAGT,3
GCTAACGAATAGCGAC,2
GCTAACGAATCATTCC,2
GCTAACGAATTGGCTC,2
GCTAACGACAAGGAGC,2
GCTAACGACACCTTAC,2
GCTAACGACCATCCTC,9
GCTAACGACCGACAAC,9
GCTAACGACCTAATCC,9
GCTAACGACCTCTATC,9
GCTAACGACGACACAC,9
GCTAACGACGCTGATC,3
GCTAACGACGGATTGC,9
GCTAACGACTAAGGTC,9
GCTAACGAGAACAGGC,9
GCTAACGAGACAGTGC,9
GCTAACGAGAGTTAGC,9
GCTAACGAGATGAATC,9
GCTAACGAGCCAAGAC,9
GCTAACGACGGAAGAA,9
GCTAACGAGTGACAAG,9
GCTAACGAGAACCAGA,9
CGGAAGAATTGCTGGA,4
CGGAAGAAAGAGTCAA,4
CGGAAGAAAGATCGCA,4
CGGAAGAAAGCAGGAA,4
CGGAAGAAAGTCACTA,4
CGGAAGAAATCCTGTA,4
CGGAAGAAATTGAGGA,7
CGGAAGAACAACCACA,7
CGGAAGAAGACTAGTA,7
CGGAAGAACAATGGAA,7
CGGAAGAACACTTCGA,7
CGGAAGAACAGCGTTA,7
CGGAAGAACATACCAA,7
CGGAAGAACCAGTTCA,7
CGGAAGAACCGAAGTA,7
CGGAAGAACCGTGAGA,7
CGGAAGAACCTCCTGA,7
CGGAAGAACGAACTTA,7
CGGAAGAACGACTGGA,7
CGGAAGAACGCATACA,7
CGGAAGAACTCAATGA,7
CGGAAGAACTGAGCCA,7
CGGAAGAACTGGCATA,7
CGGAAGAAGAATCTGA,7
CGGAAGAACAAGACTA,7
CGGAAGAAGAGCTGAA,3
CGGAAGAAGATAGACA,3
CGGAAGAAGCCACATA,3
CGGAAGAAGCGAGTAA,3
CGGAAGAAGCTAACGA,4
CGGAAGAAGCTCGGTA,4
CGGAAGAAGGAGAACA,4
CGGAAGAAGGTGCGAA,4
CGGAAGAAGTACGCAA,4
CGGAAGAAGTCGTAGA,4
CGGAAGAAGTCTGTCA,4
CGGAAGAAGTGTTCTA,4
CGGAAGAATAGGATGA,4
CGGAAGAATATCAGCA,4
CGGAAGAATCCGTCTA,4
CGGAAGAATCTTCACA,4
CGGAAGAATGAAGAGA,4
CGGAAGAATGGAACAA,8
CGGAAGAATGGCTTCA,8
CGGAAGAATGGTGGTA,8
CGGAAGAATTCACGCA,8
CGGAAGAAAACTCACC,4
CGGAAGAAAAGAGATC,4
CGGAAGAAAAGGACAC,8
CGGAAGAAAATCCGTC,8
CGGAAGAAAATGTTGC,8
CGGAAGAAACACGACC,8
CGGAAGAAACAGATTC,8
CGGAAGAAAGATGTAC,8
CGGAAGAAAGCACCTC,8
CGGAAGAAAGCCATGC,8
CGGAAGAAAGGCTAAC,8
CGGAAGAAATAGCGAC,4
CGGAAGAAATCATTCC,4
CGGAAGAAATTGGCTC,4
CGGAAGAACAAGGAGC,4
CGGAAGAACACCTTAC,4
CGGAAGAACCATCCTC,4
CGGAAGAACCGACAAC,4
CGGAAGAACCTAATCC,4
CGGAAGAACCTCTATC,4
CGGAAGAACGACACAC,4
CGGAAGAACGGATTGC,3
CGGAAGAACTAAGGTC,7
CGGAAGAAGAACAGGC,7
CGGAAGAAGACAGTGC,7
CGGAAGAAGAGTTAGC,7
CGGAAGAAGATGAATC,5
CGGAAGAAGCCAAGAC,5
CGGAAGAACGGAAGAA,5
CGGAAGAAGTGACAAG,5
CGGAAGAAGAACCAGA,5
GCGAGTAAAACGTGAT,7
GCGAGTAAACAAGCTA,3
GCGAGTAATTGCTGGA,9
GCGAGTAACTGTAGCC,3
GCGAGTAAAGTACAAG,4
GCGAGTAAAACAACCA,4
GCGAGTAAAACCGAGA,4
GCGAGTAAAACGCTTA,4
GCGAGTAAAAGACGGA,4
GCGAGTAAAAGGTACA,4
GCGAGTAAACACAGAA,4
GCGAGTAAACAGCAGA,4
GCGAGTAAAAACATCG,7
GCGAGTAAACCTCCAA,4
GCGAGTAAACGCTCGA,4
GCGAGTAAACGTATCA,8
GCGAGTAAACTATGCA,8
GCGAGTAAAGAGTCAA,8
GCGAGTAAAGATCGCA,8
GCGAGTAAAGCAGGAA,8
GCGAGTAAAGTCACTA,8
GCGAGTAAATCCTGTA,8
GCGAGTAAATTGAGGA,8
GCGAGTAAATGCCTAA,7
GCGAGTAACAACCACA,8
GCGAGTAAGACTAGTA,4
GCGAGTAACAATGGAA,1
GCGAGTAACACTTCGA,1
GCGAGTAACAGCGTTA,1
GCGAGTAACATACCAA,1
GCGAGTAACCAGTTCA,6
GCGAGTAACCGAAGTA,6
GCGAGTAACCGTGAGA,6
GCGAGTAACCTCCTGA,6
GCGAGTAAAGTGGTCA,7
GCGAGTAACGAACTTA,6
GCGAGTAACGACTGGA,6
GCGAGTAACGCATACA,6
GCGAGTAACTCAATGA,6
GCGAGTAACTGAGCCA,6
GCGAGTAACTGGCATA,6
GCGAGTAAGAATCTGA,6
GCGAGTAACAAGACTA,1
GCGAGTAAGAGCTGAA,6
GCGAGTAAGATAGACA,6
GCGAGTAAACCACTGT,7
GCGAGTAAGCCACATA,1
GCGAGTAAGCGAGTAA,6
GCGAGTAAGCTAACGA,6
GCGAGTAAGCTCGGTA,6
GCGAGTAAGGAGAACA,6
GCGAGTAAGGTGCGAA,6
GCGAGTAAGTACGCAA,6
GCGAGTAAGTCGTAGA,6
GCGAGTAAGTCTGTCA,6
GCGAGTAAGTGTTCTA,6
GCGAGTAAACATTGGC,3
GCGAGTAATAGGATGA,6
GCGAGTAATATCAGCA,6
GCGAGTAATCCGTCTA,6
GCGAGTAATCTTCACA,6
GCGAGTAATGAAGAGA,6
GCGAGTAATGGAACAA,6
GCGAGTAATGGCTTCA,6
GCGAGTAATGGTGGTA,6
GCGAGTAATTCACGCA,6
GCGAGTAAAACTCACC,6
GCGAGTAACAGATCTG,3
GCGAGTAAAAGAGATC,6
GCGAGTAAAAGGACAC,6
GCGAGTAAAATCCGTC,6
GCGAGTAAAATGTTGC,6
GCGAGTAAACACGACC,6
GCGAGTAAACAGATTC,6
GCGAGTAAAGATGTAC,6
GCGAGTAAAGCACCTC,6
GCGAGTAAAGCCATGC,6
GCGAGTAAAGGCTAAC,2
GCGAGTAACATCAAGT,3
GCGAGTAAATAGCGAC,2
GCGAGTAAATCATTCC,2
GCGAGTAAATTGGCTC,2
GCGAGTAACAAGGAGC,2
GCGAGTAACACCTTAC,9
GCGAGTAACCATCCTC,9
GCGAGTAACCGACAAC,9
GCGAGTAACCTAATCC,9
GCGAGTAACCTCTATC,9
GCGAGTAACGACACAC,9
GCGAGTAACGCTGATC,3
GCGAGTAACGGATTGC,9
GCGAGTAACTAAGGTC,9
GCGAGTAAGAACAGGC,9
GCGAGTAAGACAGTGC,9
GCGAGTAAGAGTTAGC,9
GCGAGTAAGATGAATC,9
GCGAGTAAGCCAAGAC,9
GCGAGTAACGGAAGAA,9
GCGAGTAAGTGACAAG,9
GCGAGTAAGAACCAGA,9
GCCACATAAACGTGAT,7
GCCACATAACAAGCTA,3
GCCACATATTGCTGGA,9
GCCACATACTGTAGCC,3
GCCACATAAGTACAAG,4
GCCACATAAACAACCA,4
GCCACATAAACCGAGA,4
GCCACATAAACGCTTA,4
GCCACATAAAGACGGA,4
GCCACATAAAGGTACA,4
GCCACATAACACAGAA,4
GCCACATAACAGCAGA,4
GCCACATAAAACATCG,7
GCCACATAACCTCCAA,4
GCCACATAACGCTCGA,8
GCCACATAACGTATCA,8
GCCACATAACTATGCA,8
GCCACATAAGAGTCAA,8
GCCACATAAGATCGCA,8
GCCACATAAGCAGGAA,8
GCCACATAAGTCACTA,8
GCCACATAATCCTGTA,8
GCCACATAATTGAGGA,8
GCCACATAATGCCTAA,7
GCCACATACAACCACA,8
GCCACATAGACTAGTA,4
GCCACATACAATGGAA,1
GCCACATACACTTCGA,1
GCCACATACAGCGTTA,1
GCCACATACATACCAA,1
GCCACATACCAGTTCA,6
GCCACATACCGAAGTA,6
GCCACATACCGTGAGA,6
GCCACATACCTCCTGA,6
GCCACATAAGTGGTCA,7
GCCACATACGAACTTA,6
GCCACATACGACTGGA,6
GCCACATACGCATACA,6
GCCACATACTCAATGA,6
GCCACATACTGAGCCA,6
GCCACATACTGGCATA,6
GCCACATAGAATCTGA,6
GCCACATACAAGACTA,6
GCCACATAGAGCTGAA,6
GCCACATAGATAGACA,6
GCCACATAACCACTGT,7
GCCACATAGCCACATA,6
GCCACATAGCGAGTAA,6
GCCACATAGCTAACGA,6
GCCACATAGCTCGGTA,6
GCCACATAGGAGAACA,6
GCCACATAGGTGCGAA,6
GCCACATAGTACGCAA,6
GCCACATAGTCGTAGA,6
GCCACATAGTCTGTCA,6
GCCACATAGTGTTCTA,1
GCCACATAACATTGGC,7
GCCACATATAGGATGA,6
GCCACATATATCAGCA,6
GCCACATATCCGTCTA,6
GCCACATATCTTCACA,6
GCCACATATGAAGAGA,6
GCCACATATGGAACAA,6
GCCACATATGGCTTCA,6
GCCACATATGGTGGTA,6
GCCACATATTCACGCA,6
GCCACATAAACTCACC,1
GCCACATACAGATCTG,3
GCCACATAAAGAGATC,6
GCCACATAAAGGACAC,6
GCCACATAAATCCGTC,2
GCCACATAAATGTTGC,6
GCCACATAACACGACC,6
GCCACATAACAGATTC,6
GCCACATAAGATGTAC,6
GCCACATAAGCACCTC,6
GCCACATAAGCCATGC,6
GCCACATAAGGCTAAC,2
GCCACATACATCAAGT,3
GCCACATAATAGCGAC,2
GCCACATAATCATTCC,2
GCCACATAATTGGCTC,2
GCCACATACAAGGAGC,2
GCCACATACACCTTAC,9
GCCACATACCATCCTC,9
GCCACATACCGACAAC,9
GCCACATACCTAATCC,9
GCCACATACCTCTATC,9
GCCACATACGACACAC,9
GCCACATACGCTGATC,3
GCCACATACGGATTGC,9
GCCACATACTAAGGTC,9
GCCACATAGAACAGGC,9
GCCACATAGACAGTGC,9
GCCACATAGAGTTAGC,9
GCCACATAGATGAATC,9
GCCACATAGCCAAGAC,9
GCCACATACGGAAGAA,9
GCCACATAGTGACAAG,9
GCCACATAGAACCAGA,9
GATAGACAAACGTGAT,7
GATAGACAACAAGCTA,3
GATAGACATTGCTGGA,9
GATAGACACTGTAGCC,3
GATAGACAAGTACAAG,4
GATAGACAAACAACCA,4
GATAGACAAACCGAGA,4
GATAGACAAACGCTTA,4
GATAGACAAAGACGGA,4
GATAGACAAAGGTACA,4
GATAGACAACACAGAA,4
GATAGACAACAGCAGA,4
GATAGACAAAACATCG,7
GATAGACAACCTCCAA,4
GATAGACAACGCTCGA,8
GATAGACAACGTATCA,8
GATAGACAACTATGCA,8
GATAGACAAGAGTCAA,8
GATAGACAAGATCGCA,8
GATAGACAAGCAGGAA,8
GATAGACAAGTCACTA,8
GATAGACAATCCTGTA,8
GATAGACAATTGAGGA,8
GATAGACAATGCCTAA,7
GATAGACACAACCACA,8
GATAGACAGACTAGTA,4
GATAGACACAATGGAA,1
GATAGACACACTTCGA,1
GATAGACACAGCGTTA,1
GATAGACACATACCAA,6
GATAGACACCAGTTCA,6
GATAGACACCGAAGTA,5
GATAGACACCGTGAGA,6
GATAGACACCTCCTGA,6
GATAGACAAGTGGTCA,7
GATAGACACGAACTTA,6
GATAGACACGACTGGA,6
GATAGACACGCATACA,6
GATAGACACTCAATGA,6
GATAGACACTGAGCCA,6
GATAGACACTGGCATA,6
GATAGACAGAATCTGA,6
GATAGACACAAGACTA,6
GATAGACAGAGCTGAA,6
GATAGACAGATAGACA,6
GATAGACAACCACTGT,7
GATAGACAGCCACATA,6
GATAGACAGCGAGTAA,6
GATAGACAGCTAACGA,6
GATAGACAGCTCGGTA,6
GATAGACAGGAGAACA,6
GATAGACAGGTGCGAA,6
GATAGACAGTACGCAA,6
GATAGACAGTCGTAGA,6
GATAGACAGTCTGTCA,6
GATAGACAGTGTTCTA,6
GATAGACAACATTGGC,7
GATAGACATAGGATGA,6
GATAGACATATCAGCA,6
GATAGACATCCGTCTA,6
GATAGACATCTTCACA,6
GATAGACATGAAGAGA,6
GATAGACATGGAACAA,6
GATAGACATGGCTTCA,6
GATAGACATGGTGGTA,6
GATAGACATTCACGCA,6
GATAGACAAACTCACC,1
GATAGACACAGATCTG,3
GATAGACAAAGAGATC,6
GATAGACAAAGGACAC,6
GATAGACAAATCCGTC,6
GATAGACAAATGTTGC,6
GATAGACAACACGACC,6
GATAGACAACAGATTC,6
GATAGACAAGATGTAC,6
GATAGACAAGCACCTC,6
GATAGACAAGCCATGC,6
GATAGACAAGGCTAAC,2
GATAGACACATCAAGT,3
GATAGACAATAGCGAC,2
GATAGACAATCATTCC,2
GATAGACAATTGGCTC,2
GATAGACACAAGGAGC,9
GATAGACACACCTTAC,9
GATAGACACCATCCTC,9
GATAGACACCGACAAC,9
GATAGACACCTAATCC,9
GATAGACACCTCTATC,9
GATAGACACGACACAC,9
GATAGACACGCTGATC,3
GATAGACACGGATTGC,9
GATAGACACTAAGGTC,9
GATAGACAGAACAGGC,9
GATAGACAGACAGTGC,9
GATAGACAGAGTTAGC,9
GATAGACAGATGAATC,9
GATAGACAGCCAAGAC,9
GATAGACACGGAAGAA,9
GATAGACAGTGACAAG,9
GATAGACAGAACCAGA,9
GAGCTGAAAACGTGAT,7
GAGCTGAAACAAGCTA,3
GAGCTGAATTGCTGGA,9
GAGCTGAACTGTAGCC,3
GAGCTGAAAGTACAAG,4
GAGCTGAAAACAACCA,4
GAGCTGAAAACCGAGA,4
GAGCTGAAAACGCTTA,4
GAGCTGAAAAGACGGA,4
GAGCTGAAAAGGTACA,4
GAGCTGAAACACAGAA,4
GAGCTGAAACAGCAGA,8
GAGCTGAAAAACATCG,7
GAGCTGAAACCTCCAA,8
GAGCTGAAACGCTCGA,8
GAGCTGAAACGTATCA,8
GAGCTGAAACTATGCA,8
GAGCTGAAAGAGTCAA,8
GAGCTGAAAGATCGCA,8
GAGCTGAAAGCAGGAA,8
GAGCTGAAAGTCACTA,8
GAGCTGAAATCCTGTA,8
GAGCTGAAATTGAGGA,8
GAGCTGAAATGCCTAA,7
GAGCTGAACAACCACA,8
GAGCTGAAGACTAGTA,8
GAGCTGAACAATGGAA,1
GAGCTGAACACTTCGA,1
GAGCTGAACAGCGTTA,1
GAGCTGAACATACCAA,1
GAGCTGAACCAGTTCA,6
GAGCTGAACCGAAGTA,6
GAGCTGAACCGTGAGA,6
GAGCTGAACCTCCTGA,6
GAGCTGAAAGTGGTCA,7
GAGCTGAACGAACTTA,6
GAGCTGAACGACTGGA,6
GAGCTGAACGCATACA,6
GAGCTGAACTCAATGA,6
GAGCTGAACTGAGCCA,6
GAGCTGAACTGGCATA,6
GAGCTGAAGAATCTGA,6
GAGCTGAACAAGACTA,6
GAGCTGAAGAGCTGAA,6
GAGCTGAAGATAGACA,6
GAGCTGAAACCACTGT,7
GAGCTGAAGCCACATA,6
GAGCTGAAGCGAGTAA,6
GAGCTGAAGCTAACGA,6
GAGCTGAAGCTCGGTA,6
GAGCTGAAGGAGAACA,6
GAGCTGAAGGTGCGAA,1
GAGCTGAAGTACGCAA,6
GAGCTGAAGTCGTAGA,6
GAGCTGAAGTCTGTCA,6
GAGCTGAAGTGTTCTA,6
GAGCTGAAACATTGGC,7
GAGCTGAATAGGATGA,6
GAGCTGAATATCAGCA,6
GAGCTGAATCCGTCTA,6
GAGCTGAATCTTCACA,6
GAGCTGAATGAAGAGA,6
GAGCTGAATGGAACAA,6
GAGCTGAATGGCTTCA,6
GAGCTGAATGGTGGTA,6
GAGCTGAATTCACGCA,6
GAGCTGAAAACTCACC,6
GAGCTGAACAGATCTG,3
GAGCTGAAAAGAGATC,6
GAGCTGAAAAGGACAC,6
GAGCTGAAAATCCGTC,6
GAGCTGAAAATGTTGC,6
GAGCTGAAACACGACC,6
GAGCTGAAACAGATTC,6
GAGCTGAAAGATGTAC,2
GAGCTGAAAGCACCTC,6
GAGCTGAAAGCCATGC,6
GAGCTGAAAGGCTAAC,2
GAGCTGAACATCAAGT,3
GAGCTGAAATAGCGAC,2
GAGCTGAAATCATTCC,2
GAGCTGAAATTGGCTC,2
GAGCTGAACAAGGAGC,9
GAGCTGAACACCTTAC,9
GAGCTGAACCATCCTC,9
GAGCTGAACCGACAAC,9
GAGCTGAACCTAATCC,9
GAGCTGAACCTCTATC,9
GAGCTGAACGACACAC,9
GAGCTGAACGCTGATC,3
GAGCTGAACGGATTGC,9
GAGCTGAACTAAGGTC,9
GAGCTGAAGAACAGGC,9
GAGCTGAAGACAGTGC,9
GAGCTGAAGAGTTAGC,9
GAGCTGAAGATGAATC,9
GAGCTGAAGCCAAGAC,9
GAGCTGAACGGAAGAA,9
GAGCTGAAGTGACAAG,9
GAGCTGAAGAACCAGA,9
CAAGACTAAACGTGAT,7
CAAGACTAACAAGCTA,3
CAAGACTATTGCTGGA,9
CAAGACTACTGTAGCC,3
CAAGACTAAGTACAAG,3
CAAGACTAAACAACCA,4
CAAGACTAAACCGAGA,4
CAAGACTAAACGCTTA,4
CAAGACTAAAGACGGA,4
CAAGACTAAAGGTACA,4
CAAGACTAACACAGAA,4
CAAGACTAACAGCAGA,8
CAAGACTAAAACATCG,7
CAAGACTAACCTCCAA,8
CAAGACTAACGCTCGA,8
CAAGACTAACGTATCA,8
CAAGACTAACTATGCA,8
CAAGACTAAGAGTCAA,8
CAAGACTAAGATCGCA,8
CAAGACTAAGCAGGAA,8
CAAGACTAAGTCACTA,8
CAAGACTAATCCTGTA,8
CAAGACTAATTGAGGA,8
CAAGACTAATGCCTAA,7
CAAGACTACAACCACA,8
CAAGACTAGACTAGTA,4
CAAGACTACAATGGAA,1
CAAGACTACACTTCGA,1
CAAGACTACAGCGTTA,1
CAAGACTACATACCAA,6
CAAGACTACCAGTTCA,6
CAAGACTACCGAAGTA,6
CAAGACTACCGTGAGA,6
CAAGACTACCTCCTGA,6
CAAGACTAAGTGGTCA,7
CAAGACTACGAACTTA,6
CAAGACTACGACTGGA,6
CAAGACTACGCATACA,6
CAAGACTACTCAATGA,6
CAAGACTACTGAGCCA,6
CAAGACTACTGGCATA,6
CAAGACTAGAATCTGA,6
CAAGACTACAAGACTA,6
CAAGACTAGAGCTGAA,6
CAAGACTAGATAGACA,6
CAAGACTAACCACTGT,7
CAAGACTAGCCACATA,6
CAAGACTAGCGAGTAA,6
CAAGACTAGCTAACGA,6
CAAGACTAGCTCGGTA,6
CAAGACTAGGAGAACA,6
CAAGACTAGGTGCGAA,6
CAAGACTAGTACGCAA,6
CAAGACTAGTCGTAGA,6
CAAGACTAGTCTGTCA,5
CAAGACTAGTGTTCTA,6
CAAGACTAACATTGGC,7
CAAGACTATAGGATGA,6
CAAGACTATATCAGCA,6
CAAGACTATCCGTCTA,6
CAAGACTATCTTCACA,6
CAAGACTATGAAGAGA,6
CAAGACTATGGAACAA,6
CAAGACTATGGCTTCA,6
CAAGACTATGGTGGTA,6
CAAGACTATTCACGCA,6
CAAGACTAAACTCACC,6
CAAGACTACAGATCTG,3
CAAGACTAAAGAGATC,6
CAAGACTAAAGGACAC,6
CAAGACTAAATCCGTC,6
CAAGACTAAATGTTGC,6
CAAGACTAACACGACC,6
CAAGACTAACAGATTC,6
CAAGACTAAGATGTAC,6
CAAGACTAAGCACCTC,6
CAAGACTAAGCCATGC,6
CAAGACTAAGGCTAAC,2
CAAGACTACATCAAGT,3
CAAGACTAATAGCGAC,2
CAAGACTAATCATTCC,2
CAAGACTAATTGGCTC,2
CAAGACTACAAGGAGC,9
CAAGACTACACCTTAC,9
CAAGACTACCATCCTC,9
CAAGACTACCGACAAC,9
CAAGACTACCTAATCC,9
CAAGACTACCTCTATC,9
CAAGACTACGACACAC,9
CAAGACTACGCTGATC,3
CAAGACTACGGATTGC,9
CAAGACTACTAAGGTC,9
CAAGACTAGAACAGGC,9
CAAGACTAGACAGTGC,9
CAAGACTAGAGTTAGC,9
CAAGACTAGATGAATC,9
CAAGACTAGCCAAGAC,9
CAAGACTACGGAAGAA,9
CAAGACTAGTGACAAG,9
CAAGACTAGAACCAGA,9
GAATCTGAAACGTGAT,7
GAATCTGAACAAGCTA,3
GAATCTGATTGCTGGA,9
GAATCTGACTGTAGCC,3
GAATCTGAAGTACAAG,3
GAATCTGAAACAACCA,4
GAATCTGAAACCGAGA,4
GAATCTGAAACGCTTA,4
GAATCTGAAAGACGGA,4
GAATCTGAAAGGTACA,4
GAATCTGAACACAGAA,4
GAATCTGAACAGCAGA,4
GAATCTGAAAACATCG,7
GAATCTGAACCTCCAA,8
GAATCTGAACGCTCGA,8
GAATCTGAACGTATCA,8
GAATCTGAACTATGCA,8
GAATCTGAAGAGTCAA,8
GAATCTGAAGATCGCA,8
GAATCTGAAGCAGGAA,8
GAATCTGAAGTCACTA,8
GAATCTGAATCCTGTA,8
GAATCTGAATTGAGGA,8
GAATCTGAATGCCTAA,7
GAATCTGACAACCACA,8
GAATCTGAGACTAGTA,4
GAATCTGACAATGGAA,1
GAATCTGACACTTCGA,1
GAATCTGACAGCGTTA,1
GAATCTGACATACCAA,1
GAATCTGACCAGTTCA,6
GAATCTGACCGAAGTA,6
GAATCTGACCGTGAGA,6
GAATCTGACCTCCTGA,6
GAATCTGAAGTGGTCA,7
GAATCTGACGAACTTA,6
GAATCTGACGACTGGA,6
GAATCTGACGCATACA,6
GAATCTGACTCAATGA,6
GAATCTGACTGAGCCA,6
GAATCTGACTGGCATA,6
GAATCTGAGAATCTGA,6
GAATCTGACAAGACTA,6
GAATCTGAGAGCTGAA,6
GAATCTGAGATAGACA,6
GAATCTGAACCACTGT,7
GAATCTGAGCCACATA,6
GAATCTGAGCGAGTAA,6
GAATCTGAGCTAACGA,6
GAATCTGAGCTCGGTA,6
GAATCTGAGGAGAACA,6
GAATCTGAGGTGCGAA,6
GAATCTGAGTACGCAA,6
GAATCTGAGTCGTAGA,6
GAATCTGAGTCTGTCA,6
GAATCTGAGTGTTCTA,6
GAATCTGAACATTGGC,7
GAATCTGATAGGATGA,6
GAATCTGATATCAGCA,6
GAATCTGATCCGTCTA,6
GAATCTGATCTTCACA,6
GAATCTGATGAAGAGA,6
GAATCTGATGGAACAA,6
GAATCTGATGGCTTCA,6
GAATCTGATGGTGGTA,6
GAATCTGATTCACGCA,6
GAATCTGAAACTCACC,6
GAATCTGACAGATCTG,3
GAATCTGAAAGAGATC,6
GAATCTGAAAGGACAC,6
GAATCTGAAATCCGTC,6
GAATCTGAAATGTTGC,6
GAATCTGAACACGACC,6
GAATCTGAACAGATTC,6
GAATCTGAAGATGTAC,6
GAATCTGAAGCACCTC,6
GAATCTGAAGCCATGC,2
GAATCTGAAGGCTAAC,2
GAATCTGACATCAAGT,3
GAATCTGAATAGCGAC,2
GAATCTGAATCATTCC,2
GAATCTGAATTGGCTC,2
GAATCTGACAAGGAGC,9
GAATCTGACACCTTAC,9
GAATCTGACCATCCTC,9
GAATCTGACCGACAAC,9
GAATCTGACCTAATCC,9
GAATCTGACCTCTATC,9
GAATCTGACGACACAC,9
GAATCTGACGCTGATC,3
GAATCTGACGGATTGC,9
GAATCTGACTAAGGTC,9
GAATCTGAGAACAGGC,9
GAATCTGAGACAGTGC,9
GAATCTGAGAGTTAGC,9
GAATCTGAGATGAATC,9
GAATCTGAGCCAAGAC,9
GAATCTGACGGAAGAA,9
GAATCTGAGTGACAAG,9
GAATCTGAGAACCAGA,9
CTGGCATAAACGTGAT,7
CTGGCATAACAAGCTA,3
CTGGCATATTGCTGGA,9
CTGGCATACTGTAGCC,3
CTGGCATAAGTACAAG,3
CTGGCATAAACAACCA,3
CTGGCATAAACCGAGA,4
CTGGCATAAACGCTTA,4
CTGGCATAAAGACGGA,4
CTGGCATAAAGGTACA,4
CTGGCATAACACAGAA,8
CTGGCATAACAGCAGA,8
CTGGCATAAAACATCG,7
CTGGCATAACCTCCAA,8
CTGGCATAACGCTCGA,8
CTGGCATAACGTATCA,8
CTGGCATAACTATGCA,8
CTGGCATAAGAGTCAA,8
CTGGCATAAGATCGCA,8
CTGGCATAAGCAGGAA,8
CTGGCATAAGTCACTA,8
CTGGCATAATCCTGTA,8
CTGGCATAATTGAGGA,8
CTGGCATAATGCCTAA,7
CTGGCATACAACCACA,8
CTGGCATAGACTAGTA,8
CTGGCATACAATGGAA,1
CTGGCATACACTTCGA,1
CTGGCATACAGCGTTA,6
CTGGCATACATACCAA,6
CTGGCATACCAGTTCA,6
CTGGCATACCGAAGTA,6
CTGGCATACCGTGAGA,6
CTGGCATACCTCCTGA,6
CTGGCATAAGTGGTCA,7
CTGGCATACGAACTTA,6
CTGGCATACGACTGGA,6
CTGGCATACGCATACA,6
CTGGCATACTCAATGA,6
CTGGCATACTGAGCCA,6
CTGGCATACTGGCATA,6
CTGGCATAGAATCTGA,6
CTGGCATACAAGACTA,6
CTGGCATAGAGCTGAA,6
CTGGCATAGATAGACA,6
CTGGCATAACCACTGT,7
CTGGCATAGCCACATA,6
CTGGCATAGCGAGTAA,6
CTGGCATAGCTAACGA,6
CTGGCATAGCTCGGTA,6
CTGGCATAGGAGAACA,6
CTGGCATAGGTGCGAA,6
CTGGCATAGTACGCAA,1
CTGGCATAGTCGTAGA,6
CTGGCATAGTCTGTCA,6
CTGGCATAGTGTTCTA,6
CTGGCATAACATTGGC,3
CTGGCATATAGGATGA,6
CTGGCATATATCAGCA,6
CTGGCATATCCGTCTA,6
CTGGCATATCTTCACA,6
CTGGCATATGAAGAGA,1
CTGGCATATGGAACAA,6
CTGGCATATGGCTTCA,6
CTGGCATATGGTGGTA,6
CTGGCATATTCACGCA,6
CTGGCATAAACTCACC,6
CTGGCATACAGATCTG,3
CTGGCATAAAGAGATC,6
CTGGCATAAAGGACAC,6
CTGGCATAAATCCGTC,6
CTGGCATAAATGTTGC,6
CTGGCATAACACGACC,6
CTGGCATAACAGATTC,6
CTGGCATAAGATGTAC,6
CTGGCATAAGCACCTC,6
CTGGCATAAGCCATGC,2
CTGGCATAAGGCTAAC,2
CTGGCATACATCAAGT,3
CTGGCATAATAGCGAC,2
CTGGCATAATCATTCC,2
CTGGCATAATTGGCTC,2
CTGGCATACAAGGAGC,9
CTGGCATACACCTTAC,9
CTGGCATACCATCCTC,9
CTGGCATACCGACAAC,9
CTGGCATACCTAATCC,9
CTGGCATACCTCTATC,9
CTGGCATACGACACAC,9
CTGGCATACGCTGATC,3
CTGGCATACGGATTGC,9
CTGGCATACTAAGGTC,9
CTGGCATAGAACAGGC,9
CTGGCATAGACAGTGC,9
CTGGCATAGAGTTAGC,9
CTGGCATAGATGAATC,9
CTGGCATAGCCAAGAC,9
CTGGCATACGGAAGAA,9
CTGGCATAGTGACAAG,9
CTGGCATAGAACCAGA,9
CTGAGCCAAACGTGAT,7
CTGAGCCAACAAGCTA,3
CTGAGCCATTGCTGGA,9
CTGAGCCACTGTAGCC,3
CTGAGCCAAGTACAAG,3
CTGAGCCAAACAACCA,4
CTGAGCCAAACCGAGA,4
CTGAGCCAAACGCTTA,4
CTGAGCCAAAGACGGA,4
CTGAGCCAAAGGTACA,4
CTGAGCCAACACAGAA,4
CTGAGCCAACAGCAGA,4
CTGAGCCAAAACATCG,7
CTGAGCCAACCTCCAA,8
CTGAGCCAACGCTCGA,8
CTGAGCCAACGTATCA,8
CTGAGCCAACTATGCA,8
CTGAGCCAAGAGTCAA,8
CTGAGCCAAGATCGCA,8
CTGAGCCAAGCAGGAA,4
CTGAGCCAAGTCACTA,8
CTGAGCCAATCCTGTA,8
CTGAGCCAATTGAGGA,8
CTGAGCCAATGCCTAA,7
CTGAGCCACAACCACA,8
CTGAGCCAGACTAGTA,8
CTGAGCCACAATGGAA,4
CTGAGCCACACTTCGA,1
CTGAGCCACAGCGTTA,6
CTGAGCCACATACCAA,6
CTGAGCCACCAGTTCA,6
CTGAGCCACCGAAGTA,6
CTGAGCCACCGTGAGA,6
CTGAGCCACCTCCTGA,4
CTGAGCCAAGTGGTCA,7
CTGAGCCACGAACTTA,6
CTGAGCCACGACTGGA,6
CTGAGCCACGCATACA,6
CTGAGCCACTCAATGA,6
CTGAGCCACTGAGCCA,6
CTGAGCCACTGGCATA,6
CTGAGCCAGAATCTGA,6
CTGAGCCACAAGACTA,6
CTGAGCCAGAGCTGAA,6
CTGAGCCAGATAGACA,6
CTGAGCCAACCACTGT,7
CTGAGCCAGCCACATA,6
CTGAGCCAGCGAGTAA,6
CTGAGCCAGCTAACGA,6
CTGAGCCAGCTCGGTA,6
CTGAGCCAGGAGAACA,6
CTGAGCCAGGTGCGAA,6
CTGAGCCAGTACGCAA,6
CTGAGCCAGTCGTAGA,6
CTGAGCCAGTCTGTCA,6
CTGAGCCAGTGTTCTA,6
CTGAGCCAACATTGGC,3
CTGAGCCATAGGATGA,6
CTGAGCCATATCAGCA,6
CTGAGCCATCCGTCTA,6
CTGAGCCATCTTCACA,6
CTGAGCCATGAAGAGA,6
CTGAGCCATGGAACAA,6
CTGAGCCATGGCTTCA,6
CTGAGCCATGGTGGTA,6
CTGAGCCATTCACGCA,6
CTGAGCCAAACTCACC,6
CTGAGCCACAGATCTG,3
CTGAGCCAAAGAGATC,6
CTGAGCCAAAGGACAC,6
CTGAGCCAAATCCGTC,6
CTGAGCCAAATGTTGC,6
CTGAGCCAACACGACC,6
CTGAGCCAACAGATTC,6
CTGAGCCAAGATGTAC,6
CTGAGCCAAGCACCTC,6
CTGAGCCAAGCCATGC,6
CTGAGCCAAGGCTAAC,2
CTGAGCCACATCAAGT,3
CTGAGCCAATAGCGAC,2
CTGAGCCAATCATTCC,2
CTGAGCCAATTGGCTC,2
CTGAGCCACAAGGAGC,9
CTGAGCCACACCTTAC,9
CTGAGCCACCATCCTC,9
CTGAGCCACCGACAAC,9
CTGAGCCACCTAATCC,9
CTGAGCCACCTCTATC,9
CTGAGCCACGACACAC,9
CTGAGCCACGCTGATC,3
CTGAGCCACGGATTGC,9
CTGAGCCACTAAGGTC,9
CTGAGCCAGAACAGGC,9
CTGAGCCAGACAGTGC,9
CTGAGCCAGAGTTAGC,9
CTGAGCCAGATGAATC,9
CTGAGCCAGCCAAGAC,9
CTGAGCCACGGAAGAA,9
CTGAGCCAGTGACAAG,9
CTGAGCCAGAACCAGA,9
CTCAATGAAACGTGAT,7
CTCAATGAACAAGCTA,3
CTCAATGATTGCTGGA,9
CTCAATGACTGTAGCC,3
CTCAATGAAGTACAAG,3
CTCAATGAAACAACCA,3
CTCAATGAAACCGAGA,4
CTCAATGAAACGCTTA,4
CTCAATGAAAGACGGA,4
CTCAATGAAAGGTACA,4
CTCAATGAACACAGAA,4
CTCAATGAACAGCAGA,4
CTCAATGAAAACATCG,7
CTCAATGAACCTCCAA,8
CTCAATGAACGCTCGA,8
CTCAATGAACGTATCA,8
CTCAATGAACTATGCA,8
CTCAATGAAGAGTCAA,8
CTCAATGAAGATCGCA,4
CTCAATGAAGCAGGAA,4
CTCAATGAAGTCACTA,4
CTCAATGAATCCTGTA,8
CTCAATGAATTGAGGA,8
CTCAATGAATGCCTAA,7
CTCAATGACAACCACA,4
CTCAATGAGACTAGTA,8
CTCAATGACAATGGAA,4
CTCAATGACACTTCGA,4
CTCAATGACAGCGTTA,6
CTCAATGACATACCAA,6
CTCAATGACCAGTTCA,6
CTCAATGACCGAAGTA,6
CTCAATGACCGTGAGA,6
CTCAATGACCTCCTGA,6
CTCAATGAAGTGGTCA,7
CTCAATGACGAACTTA,6
CTCAATGACGACTGGA,6
CTCAATGACGCATACA,6
CTCAATGACTCAATGA,6
CTCAATGACTGAGCCA,6
CTCAATGACTGGCATA,6
CTCAATGAGAATCTGA,6
CTCAATGACAAGACTA,6
CTCAATGAGAGCTGAA,6
CTCAATGAGATAGACA,6
CTCAATGAACCACTGT,7
CTCAATGAGCCACATA,6
CTCAATGAGCGAGTAA,5
CTCAATGAGCTAACGA,6
CTCAATGAGCTCGGTA,6
CTCAATGAGGAGAACA,6
CTCAATGAGGTGCGAA,6
CTCAATGAGTACGCAA,6
CTCAATGAGTCGTAGA,6
CTCAATGAGTCTGTCA,6
CTCAATGAGTGTTCTA,6
CTCAATGAACATTGGC,3
CTCAATGATAGGATGA,6
CTCAATGATATCAGCA,6
CTCAATGATCCGTCTA,6
CTCAATGATCTTCACA,6
CTCAATGATGAAGAGA,6
CTCAATGATGGAACAA,6
CTCAATGATGGCTTCA,6
CTCAATGATGGTGGTA,6
CTCAATGATTCACGCA,6
CTCAATGAAACTCACC,6
CTCAATGACAGATCTG,3
CTCAATGAAAGAGATC,6
CTCAATGAAAGGACAC,6
CTCAATGAAATCCGTC,6
CTCAATGAAATGTTGC,6
CTCAATGAACACGACC,6
CTCAATGAACAGATTC,6
CTCAATGAAGATGTAC,6
CTCAATGAAGCACCTC,6
CTCAATGAAGCCATGC,6
CTCAATGAAGGCTAAC,2
CTCAATGACATCAAGT,3
CTCAATGAATAGCGAC,2
CTCAATGAATCATTCC,2
CTCAATGAATTGGCTC,9
CTCAATGACAAGGAGC,9
CTCAATGACACCTTAC,9
CTCAATGACCATCCTC,9
CTCAATGACCGACAAC,9
CTCAATGACCTAATCC,9
CTCAATGACCTCTATC,9
CTCAATGACGACACAC,9
CTCAATGACGCTGATC,3
CTCAATGACGGATTGC,9
CTCAATGACTAAGGTC,9
CTCAATGAGAACAGGC,9
CTCAATGAGACAGTGC,9
CTCAATGAGAGTTAGC,9
CTCAATGAGATGAATC,9
CTCAATGAGCCAAGAC,9
CTCAATGACGGAAGAA,9
CTCAATGAGTGACAAG,9
CTCAATGAGAACCAGA,9
CGCATACAAACGTGAT,7
CGCATACAACAAGCTA,3
CGCATACATTGCTGGA,9
CGCATACACTGTAGCC,3
CGCATACAAGTACAAG,3
CGCATACAAACAACCA,4
CGCATACAAACCGAGA,4
CGCATACAAACGCTTA,4
CGCATACAAAGACGGA,4
CGCATACAAAGGTACA,4
CGCATACAACACAGAA,4
CGCATACAACAGCAGA,4
CGCATACAAAACATCG,7
CGCATACAACCTCCAA,4
CGCATACAACGCTCGA,8
CGCATACAACGTATCA,8
CGCATACAACTATGCA,8
CGCATACAAGAGTCAA,8
CGCATACAAGATCGCA,4
CGCATACAAGCAGGAA,4
CGCATACAAGTCACTA,4
CGCATACAATCCTGTA,4
CGCATACAATTGAGGA,4
CGCATACAATGCCTAA,7
CGCATACACAACCACA,4
CGCATACAGACTAGTA,4
CGCATACACAATGGAA,4
CGCATACACACTTCGA,1
CGCATACACAGCGTTA,6
CGCATACACATACCAA,6
CGCATACACCAGTTCA,6
CGCATACACCGAAGTA,6
CGCATACACCGTGAGA,6
CGCATACACCTCCTGA,6
CGCATACAAGTGGTCA,7
CGCATACACGAACTTA,6
CGCATACACGACTGGA,6
CGCATACACGCATACA,6
CGCATACACTCAATGA,6
CGCATACACTGAGCCA,6
CGCATACACTGGCATA,6
CGCATACAGAATCTGA,6
CGCATACACAAGACTA,6
CGCATACAGAGCTGAA,6
CGCATACAGATAGACA,6
CGCATACAACCACTGT,7
CGCATACAGCCACATA,6
CGCATACAGCGAGTAA,6
CGCATACAGCTAACGA,6
CGCATACAGCTCGGTA,6
CGCATACAGGAGAACA,6
CGCATACAGGTGCGAA,6
CGCATACAGTACGCAA,6
CGCATACAGTCGTAGA,6
CGCATACAGTCTGTCA,6
CGCATACAGTGTTCTA,6
CGCATACAACATTGGC,7
CGCATACATAGGATGA,6
CGCATACATATCAGCA,6
CGCATACATCCGTCTA,6
CGCATACATCTTCACA,6
CGCATACATGAAGAGA,6
CGCATACATGGAACAA,6
CGCATACATGGCTTCA,6
CGCATACATGGTGGTA,6
CGCATACATTCACGCA,6
CGCATACAAACTCACC,6
CGCATACACAGATCTG,7
CGCATACAAAGAGATC,6
CGCATACAAAGGACAC,6
CGCATACAAATCCGTC,6
CGCATACAAATGTTGC,6
CGCATACAACACGACC,6
CGCATACAACAGATTC,6
CGCATACAAGATGTAC,6
CGCATACAAGCACCTC,6
CGCATACAAGCCATGC,6
CGCATACAAGGCTAAC,2
CGCATACACATCAAGT,3
CGCATACAATAGCGAC,2
CGCATACAATCATTCC,2
CGCATACAATTGGCTC,9
CGCATACACAAGGAGC,9
CGCATACACACCTTAC,9
CGCATACACCATCCTC,9
CGCATACACCGACAAC,9
CGCATACACCTAATCC,9
CGCATACACCTCTATC,9
CGCATACACGACACAC,9
CGCATACACGCTGATC,3
CGCATACACGGATTGC,9
CGCATACACTAAGGTC,9
CGCATACAGAACAGGC,9
CGCATACAGACAGTGC,9
CGCATACAGAGTTAGC,9
CGCATACAGATGAATC,9
CGCATACAGCCAAGAC,9
CGCATACACGGAAGAA,9
CGCATACAGTGACAAG,9
CGCATACAGAACCAGA,9
GCCAAGACTTGCTGGA,4
GCCAAGACACTATGCA,4
GCCAAGACAGAGTCAA,4
GCCAAGACAGATCGCA,4
GCCAAGACAGCAGGAA,4
GCCAAGACAGTCACTA,5
GCCAAGACATCCTGTA,4
GCCAAGACATTGAGGA,7
GCCAAGACCAACCACA,7
GCCAAGACGACTAGTA,7
GCCAAGACCAATGGAA,7
GCCAAGACCACTTCGA,7
GCCAAGACCAGCGTTA,7
GCCAAGACCATACCAA,7
GCCAAGACCCAGTTCA,7
GCCAAGACCCGAAGTA,7
GCCAAGACCCGTGAGA,7
GCCAAGACCCTCCTGA,7
GCCAAGACCGAACTTA,7
GCCAAGACCGACTGGA,7
GCCAAGACCGCATACA,7
GCCAAGACCTCAATGA,3
GCCAAGACCTGAGCCA,7
GCCAAGACCTGGCATA,7
GCCAAGACGAATCTGA,3
GCCAAGACCAAGACTA,3
GCCAAGACGAGCTGAA,3
GCCAAGACGATAGACA,4
GCCAAGACGCCACATA,4
GCCAAGACGCGAGTAA,4
GCCAAGACGCTAACGA,4
GCCAAGACGCTCGGTA,4
GCCAAGACGGAGAACA,4
GCCAAGACGGTGCGAA,4
GCCAAGACGTACGCAA,4
GCCAAGACGTCGTAGA,8
GCCAAGACGTCTGTCA,4
GCCAAGACGTGTTCTA,4
GCCAAGACTAGGATGA,4
GCCAAGACTATCAGCA,4
GCCAAGACTCCGTCTA,4
GCCAAGACTCTTCACA,4
GCCAAGACTGAAGAGA,4
GCCAAGACTGGAACAA,8
GCCAAGACTGGCTTCA,8
GCCAAGACTGGTGGTA,8
GCCAAGACTTCACGCA,4
GCCAAGACAACTCACC,4
GCCAAGACAAGAGATC,4
GCCAAGACAAGGACAC,4
GCCAAGACAATCCGTC,8
GCCAAGACAATGTTGC,8
GCCAAGACACACGACC,8
GCCAAGACACAGATTC,8
GCCAAGACAGATGTAC,8
GCCAAGACAGCACCTC,8
GCCAAGACAGCCATGC,8
GCCAAGACAGGCTAAC,8
GCCAAGACATAGCGAC,4
GCCAAGACATCATTCC,4
GCCAAGACATTGGCTC,4
GCCAAGACCAAGGAGC,4
GCCAAGACCACCTTAC,4
GCCAAGACCCATCCTC,4
GCCAAGACCCGACAAC,4
GCCAAGACCCTAATCC,4
GCCAAGACCCTCTATC,4
GCCAAGACCGACACAC,3
GCCAAGACCGGATTGC,3
GCCAAGACCTAAGGTC,7
GCCAAGACGAACAGGC,7
GCCAAGACGACAGTGC,7
GCCAAGACGAGTTAGC,7
GCCAAGACGATGAATC,4
GCCAAGACGCCAAGAC,5
GCCAAGACCGGAAGAA,5
GCCAAGACGTGACAAG,4
GCCAAGACGAACCAGA,7
CGACTGGAAACGTGAT,4
CGACTGGAACAAGCTA,3
CGACTGGATTGCTGGA,9
CGACTGGACTGTAGCC,3
CGACTGGAAGTACAAG,3
CGACTGGAAACAACCA,4
CGACTGGAAACCGAGA,4
CGACTGGAAACGCTTA,4
CGACTGGAAAGACGGA,4
CGACTGGAAAGGTACA,4
CGACTGGAACACAGAA,4
CGACTGGAACAGCAGA,4
CGACTGGAAAACATCG,4
CGACTGGAACCTCCAA,4
CGACTGGAACGCTCGA,8
CGACTGGAACGTATCA,8
CGACTGGAACTATGCA,8
CGACTGGAAGAGTCAA,4
CGACTGGAAGATCGCA,4
CGACTGGAAGCAGGAA,4
CGACTGGAAGTCACTA,4
CGACTGGAATCCTGTA,4
CGACTGGAATTGAGGA,4
CGACTGGAATGCCTAA,7
CGACTGGACAACCACA,8
CGACTGGAGACTAGTA,8
CGACTGGACAATGGAA,4
CGACTGGACACTTCGA,4
CGACTGGACAGCGTTA,1
CGACTGGACATACCAA,6
CGACTGGACCAGTTCA,6
CGACTGGACCGAAGTA,6
CGACTGGACCGTGAGA,6
CGACTGGACCTCCTGA,6
CGACTGGAAGTGGTCA,7
CGACTGGACGAACTTA,6
CGACTGGACGACTGGA,8
CGACTGGACGCATACA,6
CGACTGGACTCAATGA,6
CGACTGGACTGAGCCA,6
CGACTGGACTGGCATA,6
CGACTGGAGAATCTGA,6
CGACTGGACAAGACTA,6
CGACTGGAGAGCTGAA,6
CGACTGGAGATAGACA,6
CGACTGGAACCACTGT,7
CGACTGGAGCCACATA,6
CGACTGGAGCGAGTAA,6
CGACTGGAGCTAACGA,6
CGACTGGAGCTCGGTA,6
CGACTGGAGGAGAACA,6
CGACTGGAGGTGCGAA,6
CGACTGGAGTACGCAA,6
CGACTGGAGTCGTAGA,6
CGACTGGAGTCTGTCA,6
CGACTGGAGTGTTCTA,6
CGACTGGAACATTGGC,7
CGACTGGATAGGATGA,6
CGACTGGATATCAGCA,6
CGACTGGATCCGTCTA,6
CGACTGGATCTTCACA,6
CGACTGGATGAAGAGA,6
CGACTGGATGGAACAA,6
CGACTGGATGGCTTCA,6
CGACTGGATGGTGGTA,6
CGACTGGATTCACGCA,6
CGACTGGAAACTCACC,6
CGACTGGACAGATCTG,7
CGACTGGAAAGAGATC,6
CGACTGGAAAGGACAC,6
CGACTGGAAATCCGTC,6
CGACTGGAAATGTTGC,6
CGACTGGAACACGACC,6
CGACTGGAACAGATTC,6
CGACTGGAAGATGTAC,6
CGACTGGAAGCACCTC,6
CGACTGGAAGCCATGC,6
CGACTGGAAGGCTAAC,2
CGACTGGACATCAAGT,3
CGACTGGAATAGCGAC,2
CGACTGGAATCATTCC,2
CGACTGGAATTGGCTC,9
CGACTGGACAAGGAGC,9
CGACTGGACACCTTAC,9
CGACTGGACCATCCTC,9
CGACTGGACCGACAAC,9
CGACTGGACCTAATCC,9
CGACTGGACCTCTATC,9
CGACTGGACGACACAC,9
CGACTGGACGCTGATC,3
CGACTGGACGGATTGC,9
CGACTGGACTAAGGTC,9
CGACTGGAGAACAGGC,9
CGACTGGAGACAGTGC,9
CGACTGGAGAGTTAGC,9
CGACTGGAGATGAATC,9
CGACTGGAGCCAAGAC,9
CGACTGGACGGAAGAA,9
CGACTGGAGTGACAAG,9
CGACTGGAGAACCAGA,9
CGAACTTAAACGTGAT,4
CGAACTTAACAAGCTA,3
CGAACTTATTGCTGGA,9
CGAACTTACTGTAGCC,3
CGAACTTAAGTACAAG,3
CGAACTTAAACAACCA,3
CGAACTTAAACCGAGA,4
CGAACTTAAACGCTTA,4
CGAACTTAAAGACGGA,4
CGAACTTAAAGGTACA,4
CGAACTTAACACAGAA,4
CGAACTTAACAGCAGA,4
CGAACTTAAAACATCG,4
CGAACTTAACCTCCAA,8
CGAACTTAACGCTCGA,8
CGAACTTAACGTATCA,8
CGAACTTAACTATGCA,8
CGAACTTAAGAGTCAA,8
CGAACTTAAGATCGCA,4
CGAACTTAAGCAGGAA,4
CGAACTTAAGTCACTA,4
CGAACTTAATCCTGTA,4
CGAACTTAATTGAGGA,4
CGAACTTAATGCCTAA,4
CGAACTTACAACCACA,4
CGAACTTAGACTAGTA,4
CGAACTTACAATGGAA,4
CGAACTTACACTTCGA,1
CGAACTTACAGCGTTA,1
CGAACTTACATACCAA,6
CGAACTTACCAGTTCA,6
CGAACTTACCGAAGTA,6
CGAACTTACCGTGAGA,6
CGAACTTACCTCCTGA,6
CGAACTTAAGTGGTCA,7
CGAACTTACGAACTTA,6
CGAACTTACGACTGGA,6
CGAACTTACGCATACA,6
CGAACTTACTCAATGA,6
CGAACTTACTGAGCCA,6
CGAACTTACTGGCATA,6
CGAACTTAGAATCTGA,6
CGAACTTACAAGACTA,6
CGAACTTAGAGCTGAA,6
CGAACTTAGATAGACA,6
CGAACTTAACCACTGT,7
CGAACTTAGCCACATA,6
CGAACTTAGCGAGTAA,6
CGAACTTAGCTAACGA,6
CGAACTTAGCTCGGTA,6
CGAACTTAGGAGAACA,6
CGAACTTAGGTGCGAA,6
CGAACTTAGTACGCAA,6
CGAACTTAGTCGTAGA,6
CGAACTTAGTCTGTCA,6
CGAACTTAGTGTTCTA,6
CGAACTTAACATTGGC,7
CGAACTTATAGGATGA,6
CGAACTTATATCAGCA,6
CGAACTTATCCGTCTA,6
CGAACTTATCTTCACA,6
CGAACTTATGAAGAGA,6
CGAACTTATGGAACAA,6
CGAACTTATGGCTTCA,6
CGAACTTATGGTGGTA,6
CGAACTTATTCACGCA,6
CGAACTTAAACTCACC,6
CGAACTTACAGATCTG,7
CGAACTTAAAGAGATC,6
CGAACTTAAAGGACAC,6
CGAACTTAAATCCGTC,6
CGAACTTAAATGTTGC,6
CGAACTTAACACGACC,6
CGAACTTAACAGATTC,6
CGAACTTAAGATGTAC,6
CGAACTTAAGCACCTC,6
CGAACTTAAGCCATGC,2
CGAACTTAAGGCTAAC,2
CGAACTTACATCAAGT,3
CGAACTTAATAGCGAC,2
CGAACTTAATCATTCC,2
CGAACTTAATTGGCTC,9
CGAACTTACAAGGAGC,9
CGAACTTACACCTTAC,9
CGAACTTACCATCCTC,9
CGAACTTACCGACAAC,9
CGAACTTACCTAATCC,9
CGAACTTACCTCTATC,9
CGAACTTACGACACAC,9
CGAACTTACGCTGATC,3
CGAACTTACGGATTGC,9
CGAACTTACTAAGGTC,9
CGAACTTAGAACAGGC,9
CGAACTTAGACAGTGC,9
CGAACTTAGAGTTAGC,9
CGAACTTAGATGAATC,9
CGAACTTAGCCAAGAC,9
CGAACTTACGGAAGAA,9
CGAACTTAGTGACAAG,9
CGAACTTAGAACCAGA,9
CCTCCTGAAACGTGAT,4
CCTCCTGAACAAGCTA,3
CCTCCTGATTGCTGGA,9
CCTCCTGACTGTAGCC,3
CCTCCTGAAGTACAAG,3
CCTCCTGAAACAACCA,4
CCTCCTGAAACCGAGA,4
CCTCCTGAAACGCTTA,4
CCTCCTGAAAGACGGA,4
CCTCCTGAAAGGTACA,4
CCTCCTGAACACAGAA,4
CCTCCTGAACAGCAGA,4
CCTCCTGAAAACATCG,4
CCTCCTGAACCTCCAA,4
CCTCCTGAACGCTCGA,8
CCTCCTGAACGTATCA,8
CCTCCTGAACTATGCA,8
CCTCCTGAAGAGTCAA,8
CCTCCTGAAGATCGCA,4
CCTCCTGAAGCAGGAA,4
CCTCCTGAAGTCACTA,4
CCTCCTGAATCCTGTA,4
CCTCCTGAATTGAGGA,4
CCTCCTGAATGCCTAA,7
CCTCCTGACAACCACA,4
CCTCCTGAGACTAGTA,4
CCTCCTGACAATGGAA,4
CCTCCTGACACTTCGA,1
CCTCCTGACAGCGTTA,1
CCTCCTGACATACCAA,6
CCTCCTGACCAGTTCA,6
CCTCCTGACCGAAGTA,6
CCTCCTGACCGTGAGA,6
CCTCCTGACCTCCTGA,6
CCTCCTGAAGTGGTCA,7
CCTCCTGACGAACTTA,6
CCTCCTGACGACTGGA,6
CCTCCTGACGCATACA,4
CCTCCTGACTCAATGA,6
CCTCCTGACTGAGCCA,6
CCTCCTGACTGGCATA,6
CCTCCTGAGAATCTGA,6
CCTCCTGACAAGACTA,6
CCTCCTGAGAGCTGAA,6
CCTCCTGAGATAGACA,6
CCTCCTGAACCACTGT,7
CCTCCTGAGCCACATA,6
CCTCCTGAGCGAGTAA,6
CCTCCTGAGCTAACGA,6
CCTCCTGAGCTCGGTA,6
CCTCCTGAGGAGAACA,6
CCTCCTGAGGTGCGAA,6
CCTCCTGAGTACGCAA,6
CCTCCTGAGTCGTAGA,6
CCTCCTGAGTCTGTCA,6
CCTCCTGAGTGTTCTA,6
CCTCCTGAACATTGGC,7
CCTCCTGATAGGATGA,6
CCTCCTGATATCAGCA,6
CCTCCTGATCCGTCTA,6
CCTCCTGATCTTCACA,6
CCTCCTGATGAAGAGA,6
CCTCCTGATGGAACAA,6
CCTCCTGATGGCTTCA,6
CCTCCTGATGGTGGTA,6
CCTCCTGATTCACGCA,6
CCTCCTGAAACTCACC,6
CCTCCTGACAGATCTG,7
CCTCCTGAAAGAGATC,6
CCTCCTGAAAGGACAC,6
CCTCCTGAAATCCGTC,6
CCTCCTGAAATGTTGC,6
CCTCCTGAACACGACC,6
CCTCCTGAACAGATTC,6
CCTCCTGAAGATGTAC,6
CCTCCTGAAGCACCTC,6
CCTCCTGAAGCCATGC,2
CCTCCTGAAGGCTAAC,2
CCTCCTGACATCAAGT,3
CCTCCTGAATAGCGAC,2
CCTCCTGAATCATTCC,2
CCTCCTGAATTGGCTC,9
CCTCCTGACAAGGAGC,9
CCTCCTGACACCTTAC,9
CCTCCTGACCATCCTC,9
CCTCCTGACCGACAAC,9
CCTCCTGACCTAATCC,9
CCTCCTGACCTCTATC,9
CCTCCTGACGACACAC,9
CCTCCTGACGCTGATC,3
CCTCCTGACGGATTGC,9
CCTCCTGACTAAGGTC,9
CCTCCTGAGAACAGGC,9
CCTCCTGAGACAGTGC,9
CCTCCTGAGAGTTAGC,9
CCTCCTGAGATGAATC,9
CCTCCTGAGCCAAGAC,9
CCTCCTGACGGAAGAA,9
CCTCCTGAGTGACAAG,9
CCTCCTGAGAACCAGA,9
CCGTGAGAAACGTGAT,4
CCGTGAGAACAAGCTA,3
CCGTGAGATTGCTGGA,9
CCGTGAGACTGTAGCC,3
CCGTGAGAAGTACAAG,3
CCGTGAGAAACAACCA,3
CCGTGAGAAACCGAGA,4
CCGTGAGAAACGCTTA,4
CCGTGAGAAAGACGGA,4
CCGTGAGAAAGGTACA,4
CCGTGAGAACACAGAA,4
CCGTGAGAACAGCAGA,4
CCGTGAGAAAACATCG,4
CCGTGAGAACCTCCAA,8
CCGTGAGAACGCTCGA,8
CCGTGAGAACGTATCA,8
CCGTGAGAACTATGCA,8
CCGTGAGAAGAGTCAA,8
CCGTGAGAAGATCGCA,4
CCGTGAGAAGCAGGAA,4
CCGTGAGAAGTCACTA,4
CCGTGAGAATCCTGTA,4
CCGTGAGAATTGAGGA,4
CCGTGAGAATGCCTAA,7
CCGTGAGACAACCACA,8
CCGTGAGAGACTAGTA,4
CCGTGAGACAATGGAA,4
CCGTGAGACACTTCGA,4
CCGTGAGACAGCGTTA,1
CCGTGAGACATACCAA,6
CCGTGAGACCAGTTCA,6
CCGTGAGACCGAAGTA,6
CCGTGAGACCGTGAGA,6
CCGTGAGACCTCCTGA,6
CCGTGAGAAGTGGTCA,7
CCGTGAGACGAACTTA,6
CCGTGAGACGACTGGA,6
CCGTGAGACGCATACA,6
CCGTGAGACTCAATGA,6
CCGTGAGACTGAGCCA,6
CCGTGAGACTGGCATA,6
CCGTGAGAGAATCTGA,6
CCGTGAGACAAGACTA,6
CCGTGAGAGAGCTGAA,6
CCGTGAGAGATAGACA,6
CCGTGAGAACCACTGT,7
CCGTGAGAGCCACATA,6
CCGTGAGAGCGAGTAA,6
CCGTGAGAGCTAACGA,6
CCGTGAGAGCTCGGTA,6
CCGTGAGAGGAGAACA,6
CCGTGAGAGGTGCGAA,2
CCGTGAGAGTACGCAA,6
CCGTGAGAGTCGTAGA,6
CCGTGAGAGTCTGTCA,6
CCGTGAGAGTGTTCTA,6
CCGTGAGAACATTGGC,7
CCGTGAGATAGGATGA,6
CCGTGAGATATCAGCA,6
CCGTGAGATCCGTCTA,6
CCGTGAGATCTTCACA,6
CCGTGAGATGAAGAGA,6
CCGTGAGATGGAACAA,6
CCGTGAGATGGCTTCA,6
CCGTGAGATGGTGGTA,6
CCGTGAGATTCACGCA,6
CCGTGAGAAACTCACC,6
CCGTGAGACAGATCTG,7
CCGTGAGAAAGAGATC,6
CCGTGAGAAAGGACAC,2
CCGTGAGAAATCCGTC,6
CCGTGAGAAATGTTGC,6
CCGTGAGAACACGACC,6
CCGTGAGAACAGATTC,6
CCGTGAGAAGATGTAC,6
CCGTGAGAAGCACCTC,6
CCGTGAGAAGCCATGC,2
CCGTGAGAAGGCTAAC,2
CCGTGAGACATCAAGT,3
CCGTGAGAATAGCGAC,2
CCGTGAGAATCATTCC,2
CCGTGAGAATTGGCTC,9
CCGTGAGACAAGGAGC,9
CCGTGAGACACCTTAC,9
CCGTGAGACCATCCTC,9
CCGTGAGACCGACAAC,9
CCGTGAGACCTAATCC,9
CCGTGAGACCTCTATC,9
CCGTGAGACGACACAC,9
CCGTGAGACGCTGATC,3
CCGTGAGACGGATTGC,9
CCGTGAGACTAAGGTC,9
CCGTGAGAGAACAGGC,9
CCGTGAGAGACAGTGC,9
CCGTGAGAGAGTTAGC,9
CCGTGAGAGATGAATC,9
CCGTGAGAGCCAAGAC,9
CCGTGAGACGGAAGAA,9
CCGTGAGAGTGACAAG,9
CCGTGAGAGAACCAGA,9
CCGAAGTAAACGTGAT,5
CCGAAGTAACAAGCTA,3
CCGAAGTATTGCTGGA,9
CCGAAGTACTGTAGCC,3
CCGAAGTAAGTACAAG,3
CCGAAGTAAACAACCA,3
CCGAAGTAAACCGAGA,4
CCGAAGTAAACGCTTA,4
CCGAAGTAAAGACGGA,4
CCGAAGTAAAGGTACA,4
CCGAAGTAACACAGAA,4
CCGAAGTAACAGCAGA,4
CCGAAGTAAAACATCG,4
CCGAAGTAACCTCCAA,4
CCGAAGTAACGCTCGA,8
CCGAAGTAACGTATCA,8
CCGAAGTAACTATGCA,8
CCGAAGTAAGAGTCAA,8
CCGAAGTAAGATCGCA,4
CCGAAGTAAGCAGGAA,4
CCGAAGTAAGTCACTA,4
CCGAAGTAATCCTGTA,4
CCGAAGTAATTGAGGA,4
CCGAAGTAATGCCTAA,4
CCGAAGTACAACCACA,4
CCGAAGTAGACTAGTA,4
CCGAAGTACAATGGAA,4
CCGAAGTACACTTCGA,1
CCGAAGTACAGCGTTA,1
CCGAAGTACATACCAA,6
CCGAAGTACCAGTTCA,6
CCGAAGTACCGAAGTA,5
CCGAAGTACCGTGAGA,6
CCGAAGTACCTCCTGA,6
CCGAAGTAAGTGGTCA,7
CCGAAGTACGAACTTA,6
CCGAAGTACGACTGGA,6
CCGAAGTACGCATACA,6
CCGAAGTACTCAATGA,6
CCGAAGTACTGAGCCA,6
CCGAAGTACTGGCATA,6
CCGAAGTAGAATCTGA,6
CCGAAGTACAAGACTA,6
CCGAAGTAGAGCTGAA,6
CCGAAGTAGATAGACA,6
CCGAAGTAACCACTGT,7
CCGAAGTAGCCACATA,6
CCGAAGTAGCGAGTAA,6
CCGAAGTAGCTAACGA,6
CCGAAGTAGCTCGGTA,6
CCGAAGTAGGAGAACA,6
CCGAAGTAGGTGCGAA,6
CCGAAGTAGTACGCAA,6
CCGAAGTAGTCGTAGA,6
CCGAAGTAGTCTGTCA,4
CCGAAGTAGTGTTCTA,6
CCGAAGTAACATTGGC,7
CCGAAGTATAGGATGA,6
CCGAAGTATATCAGCA,6
CCGAAGTATCCGTCTA,6
CCGAAGTATCTTCACA,2
CCGAAGTATGAAGAGA,6
CCGAAGTATGGAACAA,6
CCGAAGTATGGCTTCA,6
CCGAAGTATGGTGGTA,6
CCGAAGTATTCACGCA,6
CCGAAGTAAACTCACC,6
CCGAAGTACAGATCTG,7
CCGAAGTAAAGAGATC,6
CCGAAGTAAAGGACAC,6
CCGAAGTAAATCCGTC,6
CCGAAGTAAATGTTGC,6
CCGAAGTAACACGACC,6
CCGAAGTAACAGATTC,6
CCGAAGTAAGATGTAC,6
CCGAAGTAAGCACCTC,6
CCGAAGTAAGCCATGC,2
CCGAAGTAAGGCTAAC,2
CCGAAGTACATCAAGT,7
CCGAAGTAATAGCGAC,2
CCGAAGTAATCATTCC,2
CCGAAGTAATTGGCTC,9
CCGAAGTACAAGGAGC,9
CCGAAGTACACCTTAC,9
CCGAAGTACCATCCTC,9
CCGAAGTACCGACAAC,9
CCGAAGTACCTAATCC,9
CCGAAGTACCTCTATC,9
CCGAAGTACGACACAC,9
CCGAAGTACGCTGATC,3
CCGAAGTACGGATTGC,9
CCGAAGTACTAAGGTC,9
CCGAAGTAGAACAGGC,9
CCGAAGTAGACAGTGC,9
CCGAAGTAGAGTTAGC,9
CCGAAGTAGATGAATC,9
CCGAAGTAGCCAAGAC,9
CCGAAGTACGGAAGAA,9
CCGAAGTAGTGACAAG,9
CCGAAGTAGAACCAGA,9
CCAGTTCAAACGTGAT,5
CCAGTTCAACAAGCTA,3
CCAGTTCATTGCTGGA,9
CCAGTTCACTGTAGCC,3
CCAGTTCAAGTACAAG,3
CCAGTTCAAACAACCA,4
CCAGTTCAAACCGAGA,4
CCAGTTCAAACGCTTA,4
CCAGTTCAAAGACGGA,4
CCAGTTCAAAGGTACA,4
CCAGTTCAACACAGAA,4
CCAGTTCAACAGCAGA,4
CCAGTTCAAAACATCG,5
CCAGTTCAACCTCCAA,8
CCAGTTCAACGCTCGA,8
CCAGTTCAACGTATCA,8
CCAGTTCAACTATGCA,8
CCAGTTCAAGAGTCAA,4
CCAGTTCAAGATCGCA,4
CCAGTTCAAGCAGGAA,4
CCAGTTCAAGTCACTA,4
CCAGTTCAATCCTGTA,4
CCAGTTCAATTGAGGA,4
CCAGTTCAATGCCTAA,5
CCAGTTCACAACCACA,4
CCAGTTCAGACTAGTA,4
CCAGTTCACAATGGAA,4
CCAGTTCACACTTCGA,8
CCAGTTCACAGCGTTA,8
CCAGTTCACATACCAA,6
CCAGTTCACCAGTTCA,6
CCAGTTCACCGAAGTA,6
CCAGTTCACCGTGAGA,6
CCAGTTCACCTCCTGA,6
CCAGTTCAAGTGGTCA,7
CCAGTTCACGAACTTA,6
CCAGTTCACGACTGGA,6
CCAGTTCACGCATACA,6
CCAGTTCACTCAATGA,6
CCAGTTCACTGAGCCA,6
CCAGTTCACTGGCATA,6
CCAGTTCAGAATCTGA,6
CCAGTTCACAAGACTA,6
CCAGTTCAGAGCTGAA,6
CCAGTTCAGATAGACA,6
CCAGTTCAACCACTGT,7
CCAGTTCAGCCACATA,6
CCAGTTCAGCGAGTAA,6
CCAGTTCAGCTAACGA,6
CCAGTTCAGCTCGGTA,6
CCAGTTCAGGAGAACA,6
CCAGTTCAGGTGCGAA,6
CCAGTTCAGTACGCAA,9
CCAGTTCAGTCGTAGA,6
CCAGTTCAGTCTGTCA,6
CCAGTTCAGTGTTCTA,6
CCAGTTCAACATTGGC,7
CCAGTTCATAGGATGA,6
CCAGTTCATATCAGCA,6
CCAGTTCATCCGTCTA,6
CCAGTTCATCTTCACA,6
CCAGTTCATGAAGAGA,6
CCAGTTCATGGAACAA,6
CCAGTTCATGGCTTCA,6
CCAGTTCATGGTGGTA,5
CCAGTTCATTCACGCA,6
CCAGTTCAAACTCACC,6
CCAGTTCACAGATCTG,7
CCAGTTCAAAGAGATC,6
CCAGTTCAAAGGACAC,6
CCAGTTCAAATCCGTC,6
CCAGTTCAAATGTTGC,6
CCAGTTCAACACGACC,6
CCAGTTCAACAGATTC,6
CCAGTTCAAGATGTAC,6
CCAGTTCAAGCACCTC,6
CCAGTTCAAGCCATGC,2
CCAGTTCAAGGCTAAC,2
CCAGTTCACATCAAGT,7
CCAGTTCAATAGCGAC,2
CCAGTTCAATCATTCC,2
CCAGTTCAATTGGCTC,9
CCAGTTCACAAGGAGC,9
CCAGTTCACACCTTAC,9
CCAGTTCACCATCCTC,9
CCAGTTCACCGACAAC,9
CCAGTTCACCTAATCC,9
CCAGTTCACCTCTATC,9
CCAGTTCACGACACAC,9
CCAGTTCACGCTGATC,3
CCAGTTCACGGATTGC,9
CCAGTTCACTAAGGTC,9
CCAGTTCAGAACAGGC,9
CCAGTTCAGACAGTGC,9
CCAGTTCAGAGTTAGC,9
CCAGTTCAGATGAATC,9
CCAGTTCAGCCAAGAC,9
CCAGTTCACGGAAGAA,9
CCAGTTCAGTGACAAG,9
CCAGTTCAGAACCAGA,9
CATACCAAAACGTGAT,5
CATACCAAACAAGCTA,3
CATACCAATTGCTGGA,9
CATACCAACTGTAGCC,3
CATACCAAAGTACAAG,4
CATACCAAAACAACCA,4
CATACCAAAACCGAGA,4
CATACCAAAACGCTTA,4
CATACCAAAAGACGGA,4
CATACCAAAAGGTACA,4
CATACCAAACACAGAA,4
CATACCAAACAGCAGA,4
CATACCAAAAACATCG,5
CATACCAAACCTCCAA,4
CATACCAAACGCTCGA,8
CATACCAAACGTATCA,8
CATACCAAACTATGCA,8
CATACCAAAGAGTCAA,4
CATACCAAAGATCGCA,4
CATACCAAAGCAGGAA,4
CATACCAAAGTCACTA,4
CATACCAAATCCTGTA,4
CATACCAAATTGAGGA,4
CATACCAAATGCCTAA,5
CATACCAACAACCACA,4
CATACCAAGACTAGTA,4
CATACCAACAATGGAA,4
CATACCAACACTTCGA,1
CATACCAACAGCGTTA,1
CATACCAACATACCAA,6
CATACCAACCAGTTCA,6
CATACCAACCGAAGTA,6
CATACCAACCGTGAGA,6
CATACCAACCTCCTGA,6
CATACCAAAGTGGTCA,5
CATACCAACGAACTTA,6
CATACCAACGACTGGA,6
CATACCAACGCATACA,6
CATACCAACTCAATGA,6
CATACCAACTGAGCCA,6
CATACCAACTGGCATA,6
CATACCAAGAATCTGA,6
CATACCAACAAGACTA,6
CATACCAAGAGCTGAA,1
CATACCAAGATAGACA,6
CATACCAAACCACTGT,7
CATACCAAGCCACATA,6
CATACCAAGCGAGTAA,6
CATACCAAGCTAACGA,6
CATACCAAGCTCGGTA,6
CATACCAAGGAGAACA,6
CATACCAAGGTGCGAA,6
CATACCAAGTACGCAA,1
CATACCAAGTCGTAGA,6
CATACCAAGTCTGTCA,6
CATACCAAGTGTTCTA,6
CATACCAAACATTGGC,7
CATACCAATAGGATGA,6
CATACCAATATCAGCA,6
CATACCAATCCGTCTA,6
CATACCAATCTTCACA,6
CATACCAATGAAGAGA,6
CATACCAATGGAACAA,6
CATACCAATGGCTTCA,6
CATACCAATGGTGGTA,6
CATACCAATTCACGCA,2
CATACCAAAACTCACC,6
CATACCAACAGATCTG,7
CATACCAAAAGAGATC,2
CATACCAAAAGGACAC,6
CATACCAAAATCCGTC,6
CATACCAAAATGTTGC,6
CATACCAAACACGACC,6
CATACCAAACAGATTC,2
CATACCAAAGATGTAC,6
CATACCAAAGCACCTC,6
CATACCAAAGCCATGC,2
CATACCAAAGGCTAAC,2
CATACCAACATCAAGT,7
CATACCAAATAGCGAC,2
CATACCAAATCATTCC,2
CATACCAAATTGGCTC,2
CATACCAACAAGGAGC,9
CATACCAACACCTTAC,9
CATACCAACCATCCTC,9
CATACCAACCGACAAC,9
CATACCAACCTAATCC,9
CATACCAACCTCTATC,9
CATACCAACGACACAC,9
CATACCAACGCTGATC,3
CATACCAACGGATTGC,9
CATACCAACTAAGGTC,9
CATACCAAGAACAGGC,9
CATACCAAGACAGTGC,9
CATACCAAGAGTTAGC,9
CATACCAAGATGAATC,9
CATACCAAGCCAAGAC,9
CATACCAACGGAAGAA,9
CATACCAAGTGACAAG,9
CATACCAAGAACCAGA,9
CAGCGTTAACAAGCTA,3
CAGCGTTATTGCTGGA,4
CAGCGTTACTGTAGCC,3
CAGCGTTAAGTACAAG,3
CAGCGTTAAACAACCA,4
CAGCGTTAAACCGAGA,4
CAGCGTTAAACGCTTA,4
CAGCGTTAAAGACGGA,4
CAGCGTTAAAGGTACA,4
CAGCGTTAACACAGAA,4
CAGCGTTAACAGCAGA,4
CAGCGTTAAAACATCG,5
CAGCGTTAACCTCCAA,8
CAGCGTTAACGCTCGA,8
CAGCGTTAACGTATCA,8
CAGCGTTAACTATGCA,8
CAGCGTTAAGAGTCAA,4
CAGCGTTAAGATCGCA,4
CAGCGTTAAGCAGGAA,4
CAGCGTTAAGTCACTA,4
CAGCGTTAATCCTGTA,4
CAGCGTTAATTGAGGA,4
CAGCGTTAATGCCTAA,5
CAGCGTTACAACCACA,4
CAGCGTTAGACTAGTA,4
CAGCGTTACAATGGAA,4
CAGCGTTACACTTCGA,4
CAGCGTTACAGCGTTA,8
CAGCGTTACATACCAA,6
CAGCGTTACCAGTTCA,6
CAGCGTTACCGAAGTA,6
CAGCGTTACCGTGAGA,6
CAGCGTTACCTCCTGA,6
CAGCGTTAAGTGGTCA,5
CAGCGTTACGAACTTA,6
CAGCGTTACGACTGGA,6
CAGCGTTACGCATACA,6
CAGCGTTACTCAATGA,6
CAGCGTTACTGAGCCA,6
CAGCGTTACTGGCATA,6
CAGCGTTAGAATCTGA,6
CAGCGTTACAAGACTA,6
CAGCGTTAGAGCTGAA,6
CAGCGTTAGATAGACA,6
CAGCGTTAACCACTGT,7
CAGCGTTAGCCACATA,6
CAGCGTTAGCGAGTAA,6
CAGCGTTAGCTAACGA,6
CAGCGTTAGCTCGGTA,6
CAGCGTTAGGAGAACA,6
CAGCGTTAGGTGCGAA,6
CAGCGTTAGTACGCAA,6
CAGCGTTAGTCGTAGA,6
CAGCGTTAGTCTGTCA,2
CAGCGTTAGTGTTCTA,6
CAGCGTTAACATTGGC,7
CAGCGTTATAGGATGA,6
CAGCGTTATATCAGCA,6
CAGCGTTATCCGTCTA,6
CAGCGTTATCTTCACA,6
CAGCGTTATGAAGAGA,6
CAGCGTTATGGAACAA,6
CAGCGTTATGGCTTCA,6
CAGCGTTATGGTGGTA,6
CAGCGTTATTCACGCA,2
CAGCGTTAAACTCACC,2
CAGCGTTACAGATCTG,7
CAGCGTTAAAGAGATC,6
CAGCGTTAAAGGACAC,6
CAGCGTTAAATCCGTC,6
CAGCGTTAAATGTTGC,6
CAGCGTTAACACGACC,6
CAGCGTTAACAGATTC,6
CAGCGTTAAGATGTAC,6
CAGCGTTAAGCACCTC,6
CAGCGTTAAGCCATGC,2
CAGCGTTAAGGCTAAC,2
CAGCGTTACATCAAGT,7
CAGCGTTAATAGCGAC,2
CAGCGTTAATCATTCC,2
CAGCGTTAATTGGCTC,2
CAGCGTTACAAGGAGC,9
CAGCGTTACACCTTAC,9
CAGCGTTACCATCCTC,9
CAGCGTTACCGACAAC,9
CAGCGTTACCTAATCC,9
CAGCGTTACCTCTATC,9
CAGCGTTACGACACAC,9
CAGCGTTACGCTGATC,3
CAGCGTTACGGATTGC,9
CAGCGTTACTAAGGTC,9
CAGCGTTAGAACAGGC,9
CAGCGTTAGACAGTGC,9
CAGCGTTAGAGTTAGC,9
CAGCGTTAGATGAATC,9
CAGCGTTAGCCAAGAC,9
CAGCGTTACGGAAGAA,9
CAGCGTTAGTGACAAG,9
CAGCGTTAGAACCAGA,9
CACTTCGAACAAGCTA,3
CACTTCGATTGCTGGA,9
CACTTCGACTGTAGCC,3
CACTTCGAAGTACAAG,3
CACTTCGAAACAACCA,3
CACTTCGAAACCGAGA,4
CACTTCGAAACGCTTA,4
CACTTCGAAAGACGGA,4
CACTTCGAAAGGTACA,4
CACTTCGAACACAGAA,4
CACTTCGAACAGCAGA,4
CACTTCGAAAACATCG,5
CACTTCGAACCTCCAA,8
CACTTCGAACGCTCGA,8
CACTTCGAACGTATCA,8
CACTTCGAACTATGCA,8
CACTTCGAAGAGTCAA,8
CACTTCGAAGATCGCA,4
CACTTCGAAGCAGGAA,4
CACTTCGAAGTCACTA,4
CACTTCGAATCCTGTA,4
CACTTCGAATTGAGGA,4
CACTTCGAATGCCTAA,5
CACTTCGACAACCACA,4
CACTTCGAGACTAGTA,4
CACTTCGACAATGGAA,4
CACTTCGACACTTCGA,1
CACTTCGACAGCGTTA,1
CACTTCGACATACCAA,6
CACTTCGACCAGTTCA,6
CACTTCGACCGAAGTA,6
CACTTCGACCGTGAGA,6
CACTTCGACCTCCTGA,6
CACTTCGAAGTGGTCA,5
CACTTCGACGAACTTA,6
CACTTCGACGACTGGA,6
CACTTCGACGCATACA,6
CACTTCGACTCAATGA,5
CACTTCGACTGAGCCA,6
CACTTCGACTGGCATA,6
CACTTCGAGAATCTGA,6
CACTTCGACAAGACTA,6
CACTTCGAGAGCTGAA,6
CACTTCGAGATAGACA,6
CACTTCGAACCACTGT,7
CACTTCGAGCCACATA,6
CACTTCGAGCGAGTAA,6
CACTTCGAGCTAACGA,6
CACTTCGAGCTCGGTA,6
CACTTCGAGGAGAACA,6
CACTTCGAGGTGCGAA,6
CACTTCGAGTACGCAA,6
CACTTCGAGTCGTAGA,6
CACTTCGAGTCTGTCA,6
CACTTCGAGTGTTCTA,6
CACTTCGAACATTGGC,7
CACTTCGATAGGATGA,6
CACTTCGATATCAGCA,6
CACTTCGATCCGTCTA,6
CACTTCGATCTTCACA,6
CACTTCGATGAAGAGA,6
CACTTCGATGGAACAA,6
CACTTCGATGGCTTCA,6
CACTTCGATGGTGGTA,6
CACTTCGATTCACGCA,6
CACTTCGAAACTCACC,6
CACTTCGACAGATCTG,7
CACTTCGAAAGAGATC,6
CACTTCGAAAGGACAC,6
CACTTCGAAATCCGTC,6
CACTTCGAAATGTTGC,6
CACTTCGAACACGACC,6
CACTTCGAACAGATTC,6
CACTTCGAAGATGTAC,6
CACTTCGAAGCACCTC,2
CACTTCGAAGCCATGC,2
CACTTCGAAGGCTAAC,2
CACTTCGACATCAAGT,7
CACTTCGAATAGCGAC,2
CACTTCGAATCATTCC,2
CACTTCGAATTGGCTC,2
CACTTCGACAAGGAGC,9
CACTTCGACACCTTAC,9
CACTTCGACCATCCTC,9
CACTTCGACCGACAAC,9
CACTTCGACCTAATCC,9
CACTTCGACCTCTATC,9
CACTTCGACGACACAC,9
CACTTCGACGCTGATC,7
CACTTCGACGGATTGC,9
CACTTCGACTAAGGTC,9
CACTTCGAGAACAGGC,9
CACTTCGAGACAGTGC,9
CACTTCGAGAGTTAGC,9
CACTTCGAGATGAATC,9
CACTTCGAGCCAAGAC,9
CACTTCGACGGAAGAA,9
CACTTCGAGTGACAAG,9
CACTTCGAGAACCAGA,9
CAATGGAAACAAGCTA,3
CAATGGAATTGCTGGA,9
CAATGGAACTGTAGCC,3
CAATGGAAAGTACAAG,3
CAATGGAAAACAACCA,4
CAATGGAAAACCGAGA,4
CAATGGAAAACGCTTA,4
CAATGGAAAAGACGGA,4
CAATGGAAAAGGTACA,4
CAATGGAAACACAGAA,4
CAATGGAAACAGCAGA,4
CAATGGAAAAACATCG,5
CAATGGAAACCTCCAA,4
CAATGGAAACGCTCGA,8
CAATGGAAACGTATCA,8
CAATGGAAACTATGCA,8
CAATGGAAAGAGTCAA,8
CAATGGAAAGATCGCA,8
CAATGGAAAGCAGGAA,4
CAATGGAAAGTCACTA,4
CAATGGAAATCCTGTA,4
CAATGGAAATTGAGGA,4
CAATGGAAATGCCTAA,5
CAATGGAACAACCACA,4
CAATGGAAGACTAGTA,4
CAATGGAACAATGGAA,4
CAATGGAACACTTCGA,4
CAATGGAACAGCGTTA,1
CAATGGAACATACCAA,6
CAATGGAACCAGTTCA,6
CAATGGAACCGAAGTA,6
CAATGGAACCGTGAGA,6
CAATGGAACCTCCTGA,6
CAATGGAACGAACTTA,6
CAATGGAACGACTGGA,6
CAATGGAACGCATACA,6
CAATGGAACTCAATGA,6
CAATGGAACTGAGCCA,6
CAATGGAACTGGCATA,6
CAATGGAAGAATCTGA,6
CAATGGAACAAGACTA,6
CAATGGAAGAGCTGAA,6
CAATGGAAGATAGACA,6
CAATGGAAACCACTGT,7
CAATGGAAGCCACATA,6
CAATGGAAGCGAGTAA,6
CAATGGAAGCTAACGA,6
CAATGGAAGCTCGGTA,6
CAATGGAAGGAGAACA,6
CAATGGAAGGTGCGAA,6
CAATGGAAGTACGCAA,6
CAATGGAAGTCGTAGA,6
CAATGGAAGTCTGTCA,6
CAATGGAAGTGTTCTA,6
CAATGGAAACATTGGC,7
CAATGGAATAGGATGA,6
CAATGGAATATCAGCA,6
CAATGGAATCCGTCTA,6
CAATGGAATCTTCACA,6
CAATGGAATGAAGAGA,6
CAATGGAATGGAACAA,6
CAATGGAATGGCTTCA,6
CAATGGAATGGTGGTA,6
CAATGGAATTCACGCA,6
CAATGGAAAACTCACC,6
CAATGGAACAGATCTG,7
CAATGGAAAAGAGATC,6
CAATGGAAAAGGACAC,6
CAATGGAAAATCCGTC,6
CAATGGAAAATGTTGC,6
CAATGGAAACACGACC,6
CAATGGAAACAGATTC,6
CAATGGAAAGATGTAC,6
CAATGGAAAGCACCTC,2
CAATGGAAAGCCATGC,2
CAATGGAAAGGCTAAC,2
CAATGGAACATCAAGT,7
CAATGGAAATAGCGAC,2
CAATGGAAATCATTCC,2
CAATGGAAATTGGCTC,2
CAATGGAACAAGGAGC,2
CAATGGAACACCTTAC,9
CAATGGAACCATCCTC,9
CAATGGAACCGACAAC,9
CAATGGAACCTAATCC,9
CAATGGAACCTCTATC,9
CAATGGAACGACACAC,9
CAATGGAACGCTGATC,3
CAATGGAACGGATTGC,9
CAATGGAACTAAGGTC,9
CAATGGAAGAACAGGC,9
CAATGGAAGACAGTGC,9
CAATGGAAGAGTTAGC,9
CAATGGAAGATGAATC,9
CAATGGAAGCCAAGAC,9
CAATGGAACGGAAGAA,9
CAATGGAAGTGACAAG,9
CAATGGAAGAACCAGA,9
GATGAATCTTGCTGGA,4
GATGAATCACGTATCA,7
GATGAATCACTATGCA,7
GATGAATCAGAGTCAA,4
GATGAATCAGATCGCA,7
GATGAATCAGCAGGAA,4
GATGAATCAGTCACTA,4
GATGAATCATCCTGTA,7
GATGAATCATTGAGGA,7
GATGAATCCAACCACA,7
GATGAATCGACTAGTA,7
GATGAATCCAATGGAA,7
GATGAATCCACTTCGA,7
GATGAATCCAGCGTTA,7
GATGAATCCATACCAA,7
GATGAATCCCAGTTCA,7
GATGAATCCCGAAGTA,7
GATGAATCCCGTGAGA,7
GATGAATCCCTCCTGA,7
GATGAATCCGAACTTA,7
GATGAATCCGACTGGA,7
GATGAATCCGCATACA,4
GATGAATCCTCAATGA,3
GATGAATCCTGAGCCA,3
GATGAATCCTGGCATA,3
GATGAATCGAATCTGA,4
GATGAATCCAAGACTA,4
GATGAATCGAGCTGAA,4
GATGAATCGATAGACA,4
GATGAATCGCCACATA,4
GATGAATCGCGAGTAA,4
GATGAATCGCTAACGA,4
GATGAATCGCTCGGTA,4
GATGAATCGGAGAACA,4
GATGAATCGGTGCGAA,4
GATGAATCGTACGCAA,4
GATGAATCGTCGTAGA,4
GATGAATCGTCTGTCA,8
GATGAATCGTGTTCTA,4
GATGAATCTAGGATGA,4
GATGAATCTATCAGCA,4
GATGAATCTCCGTCTA,4
GATGAATCTCTTCACA,4
GATGAATCTGAAGAGA,8
GATGAATCTGGAACAA,8
GATGAATCTGGCTTCA,8
GATGAATCTGGTGGTA,8
GATGAATCTTCACGCA,4
GATGAATCAACTCACC,4
GATGAATCAAGAGATC,8
GATGAATCAAGGACAC,8
GATGAATCAATCCGTC,8
GATGAATCAATGTTGC,8
GATGAATCACACGACC,8
GATGAATCACAGATTC,8
GATGAATCAGATGTAC,8
GATGAATCAGCACCTC,8
GATGAATCAGCCATGC,8
GATGAATCAGGCTAAC,8
GATGAATCATAGCGAC,8
GATGAATCATCATTCC,4
GATGAATCATTGGCTC,4
GATGAATCCAAGGAGC,4
GATGAATCCACCTTAC,4
GATGAATCCCATCCTC,4
GATGAATCCCGACAAC,4
GATGAATCCCTAATCC,4
GATGAATCCCTCTATC,4
GATGAATCCGACACAC,3
GATGAATCCGGATTGC,3
GATGAATCCTAAGGTC,7
GATGAATCGAACAGGC,7
GATGAATCGACAGTGC,7
GATGAATCGAGTTAGC,7
GATGAATCGATGAATC,5
GATGAATCGCCAAGAC,5
GATGAATCCGGAAGAA,5
GATGAATCGTGACAAG,5
GATGAATCGAACCAGA,4
GACTAGTAACAAGCTA,3
GACTAGTATTGCTGGA,9
GACTAGTACTGTAGCC,3
GACTAGTAAGTACAAG,3
GACTAGTAAACAACCA,4
GACTAGTAAACCGAGA,4
GACTAGTAAACGCTTA,4
GACTAGTAAAGACGGA,4
GACTAGTAAAGGTACA,4
GACTAGTAACACAGAA,4
GACTAGTAACAGCAGA,4
GACTAGTAACCTCCAA,4
GACTAGTAACGCTCGA,8
GACTAGTAACGTATCA,8
GACTAGTAACTATGCA,8
GACTAGTAAGAGTCAA,8
GACTAGTAAGATCGCA,8
GACTAGTAAGCAGGAA,4
GACTAGTAAGTCACTA,4
GACTAGTAATCCTGTA,4
GACTAGTAATTGAGGA,4
GACTAGTAATGCCTAA,5
GACTAGTACAACCACA,4
GACTAGTAGACTAGTA,4
GACTAGTACAATGGAA,4
GACTAGTACACTTCGA,4
GACTAGTACAGCGTTA,1
GACTAGTACATACCAA,1
GACTAGTACCAGTTCA,6
GACTAGTACCGAAGTA,6
GACTAGTACCGTGAGA,6
GACTAGTACCTCCTGA,6
GACTAGTAAGTGGTCA,5
GACTAGTACGAACTTA,6
GACTAGTACGACTGGA,6
GACTAGTACGCATACA,6
GACTAGTACTCAATGA,6
GACTAGTACTGAGCCA,1
GACTAGTACTGGCATA,4
GACTAGTAGAATCTGA,6
GACTAGTACAAGACTA,6
GACTAGTAGAGCTGAA,6
GACTAGTAGATAGACA,6
GACTAGTAACCACTGT,7
GACTAGTAGCCACATA,6
GACTAGTAGCGAGTAA,6
GACTAGTAGCTAACGA,6
GACTAGTAGCTCGGTA,6
GACTAGTAGGAGAACA,6
GACTAGTAGGTGCGAA,6
GACTAGTAGTACGCAA,5
GACTAGTAGTCGTAGA,6
GACTAGTAGTCTGTCA,6
GACTAGTAGTGTTCTA,6
GACTAGTAACATTGGC,7
GACTAGTATAGGATGA,6
GACTAGTATATCAGCA,6
GACTAGTATCCGTCTA,6
GACTAGTATCTTCACA,4
GACTAGTATGAAGAGA,6
GACTAGTATGGAACAA,6
GACTAGTATGGCTTCA,6
GACTAGTATGGTGGTA,6
GACTAGTATTCACGCA,6
GACTAGTAAACTCACC,6
GACTAGTACAGATCTG,7
GACTAGTAAAGAGATC,6
GACTAGTAAAGGACAC,6
GACTAGTAAATCCGTC,6
GACTAGTAAATGTTGC,6
GACTAGTAACACGACC,2
GACTAGTAACAGATTC,6
GACTAGTAAGATGTAC,6
GACTAGTAAGCACCTC,2
GACTAGTAAGCCATGC,2
GACTAGTAAGGCTAAC,2
GACTAGTACATCAAGT,7
GACTAGTAATAGCGAC,2
GACTAGTAATCATTCC,2
GACTAGTAATTGGCTC,2
GACTAGTACAAGGAGC,2
GACTAGTACACCTTAC,2
GACTAGTACCATCCTC,2
GACTAGTACCGACAAC,9
GACTAGTACCTAATCC,9
GACTAGTACCTCTATC,9
GACTAGTACGACACAC,9
GACTAGTACGCTGATC,7
GACTAGTACGGATTGC,9
GACTAGTACTAAGGTC,9
GACTAGTAGAACAGGC,9
GACTAGTAGACAGTGC,9
GACTAGTAGAGTTAGC,9
GACTAGTAGATGAATC,9
GACTAGTAGCCAAGAC,9
GACTAGTACGGAAGAA,9
GACTAGTAGTGACAAG,9
GACTAGTAGAACCAGA,9
CAACCACAACAAGCTA,3
CAACCACATTGCTGGA,9
CAACCACACTGTAGCC,3
CAACCACAAGTACAAG,3
CAACCACAAACAACCA,4
CAACCACAAACCGAGA,4
CAACCACAAACGCTTA,4
CAACCACAAAGACGGA,4
CAACCACAAAGGTACA,4
CAACCACAACACAGAA,4
CAACCACAACAGCAGA,4
CAACCACAACCTCCAA,4
CAACCACAACGCTCGA,4
CAACCACAACGTATCA,8
CAACCACAACTATGCA,8
CAACCACAAGAGTCAA,8
CAACCACAAGATCGCA,4
CAACCACAAGCAGGAA,4
CAACCACAAGTCACTA,4
CAACCACAATCCTGTA,4
CAACCACAATTGAGGA,4
CAACCACAATGCCTAA,5
CAACCACACAACCACA,4
CAACCACAGACTAGTA,4
CAACCACACAATGGAA,4
CAACCACACACTTCGA,4
CAACCACACAGCGTTA,1
CAACCACACATACCAA,1
CAACCACACCAGTTCA,6
CAACCACACCGAAGTA,6
CAACCACACCGTGAGA,6
CAACCACACCTCCTGA,6
CAACCACAAGTGGTCA,5
CAACCACACGAACTTA,1
CAACCACACGACTGGA,6
CAACCACACGCATACA,6
CAACCACACTCAATGA,6
CAACCACACTGAGCCA,6
CAACCACACTGGCATA,6
CAACCACAGAATCTGA,6
CAACCACACAAGACTA,6
CAACCACAGAGCTGAA,6
CAACCACAGATAGACA,6
CAACCACAACCACTGT,5
CAACCACAGCCACATA,6
CAACCACAGCGAGTAA,6
CAACCACAGCTAACGA,6
CAACCACAGCTCGGTA,6
CAACCACAGGAGAACA,6
CAACCACAGGTGCGAA,6
CAACCACAGTACGCAA,6
CAACCACAGTCGTAGA,6
CAACCACAGTCTGTCA,6
CAACCACAGTGTTCTA,6
CAACCACAACATTGGC,4
CAACCACATAGGATGA,6
CAACCACATATCAGCA,6
CAACCACATCCGTCTA,6
CAACCACATCTTCACA,6
CAACCACATGAAGAGA,6
CAACCACATGGAACAA,6
CAACCACATGGCTTCA,6
CAACCACATGGTGGTA,6
CAACCACATTCACGCA,6
CAACCACAAACTCACC,6
CAACCACACAGATCTG,7
CAACCACAAAGAGATC,6
CAACCACAAAGGACAC,6
CAACCACAAATCCGTC,6
CAACCACAAATGTTGC,6
CAACCACAACACGACC,6
CAACCACAACAGATTC,6
CAACCACAAGATGTAC,6
CAACCACAAGCACCTC,2
CAACCACAAGCCATGC,2
CAACCACAAGGCTAAC,2
CAACCACACATCAAGT,7
CAACCACAATAGCGAC,2
CAACCACAATCATTCC,2
CAACCACAATTGGCTC,2
CAACCACACAAGGAGC,2
CAACCACACACCTTAC,2
CAACCACACCATCCTC,2
CAACCACACCGACAAC,9
CAACCACACCTAATCC,9
CAACCACACCTCTATC,9
CAACCACACGACACAC,9
CAACCACACGCTGATC,7
CAACCACACGGATTGC,9
CAACCACACTAAGGTC,9
CAACCACAGAACAGGC,9
CAACCACAGACAGTGC,9
CAACCACAGAGTTAGC,9
CAACCACAGATGAATC,9
CAACCACAGCCAAGAC,9
CAACCACACGGAAGAA,9
CAACCACAGTGACAAG,9
CAACCACAGAACCAGA,9
ATTGAGGAACAAGCTA,3
ATTGAGGATTGCTGGA,9
ATTGAGGACTGTAGCC,3
ATTGAGGAAGTACAAG,3
ATTGAGGAAACAACCA,4
ATTGAGGAAACCGAGA,4
ATTGAGGAAACGCTTA,4
ATTGAGGAAAGACGGA,4
ATTGAGGAAAGGTACA,5
ATTGAGGAACACAGAA,4
ATTGAGGAACAGCAGA,4
ATTGAGGAACCTCCAA,4
ATTGAGGAACGCTCGA,4
ATTGAGGAACGTATCA,4
ATTGAGGAACTATGCA,8
ATTGAGGAAGAGTCAA,8
ATTGAGGAAGATCGCA,4
ATTGAGGAAGCAGGAA,4
ATTGAGGAAGTCACTA,4
ATTGAGGAATCCTGTA,4
ATTGAGGAATTGAGGA,4
ATTGAGGACAACCACA,4
ATTGAGGAGACTAGTA,4
ATTGAGGACAATGGAA,4
ATTGAGGACACTTCGA,4
ATTGAGGACAGCGTTA,4
ATTGAGGACATACCAA,1
ATTGAGGACCAGTTCA,6
ATTGAGGACCGAAGTA,6
ATTGAGGACCGTGAGA,6
ATTGAGGACCTCCTGA,6
ATTGAGGAAGTGGTCA,5
ATTGAGGACGAACTTA,6
ATTGAGGACGACTGGA,6
ATTGAGGACGCATACA,6
ATTGAGGACTCAATGA,6
ATTGAGGACTGAGCCA,6
ATTGAGGACTGGCATA,6
ATTGAGGAGAATCTGA,6
ATTGAGGACAAGACTA,6
ATTGAGGAGAGCTGAA,6
ATTGAGGAGATAGACA,6
ATTGAGGAACCACTGT,5
ATTGAGGAGCCACATA,6
ATTGAGGAGCGAGTAA,6
ATTGAGGAGCTAACGA,6
ATTGAGGAGCTCGGTA,6
ATTGAGGAGGAGAACA,6
ATTGAGGAGGTGCGAA,6
ATTGAGGAGTACGCAA,6
ATTGAGGAGTCGTAGA,6
ATTGAGGAGTCTGTCA,6
ATTGAGGAGTGTTCTA,6
ATTGAGGAACATTGGC,4
ATTGAGGATAGGATGA,6
ATTGAGGATATCAGCA,6
ATTGAGGATCCGTCTA,6
ATTGAGGATCTTCACA,6
ATTGAGGATGAAGAGA,6
ATTGAGGATGGAACAA,6
ATTGAGGATGGCTTCA,6
ATTGAGGATGGTGGTA,6
ATTGAGGATTCACGCA,6
ATTGAGGAAACTCACC,6
ATTGAGGACAGATCTG,7
ATTGAGGAAAGAGATC,6
ATTGAGGAAAGGACAC,6
ATTGAGGAAATCCGTC,6
ATTGAGGAAATGTTGC,2
ATTGAGGAACACGACC,2
ATTGAGGAACAGATTC,2
ATTGAGGAAGATGTAC,2
ATTGAGGAAGCACCTC,2
ATTGAGGAAGCCATGC,2
ATTGAGGAAGGCTAAC,2
ATTGAGGACATCAAGT,7
ATTGAGGAATAGCGAC,2
ATTGAGGAATCATTCC,2
ATTGAGGAATTGGCTC,2
ATTGAGGACAAGGAGC,2
ATTGAGGACACCTTAC,2
ATTGAGGACCATCCTC,2
ATTGAGGACCGACAAC,2
ATTGAGGACCTAATCC,9
ATTGAGGACCTCTATC,9
ATTGAGGACGACACAC,9
ATTGAGGACGCTGATC,7
ATTGAGGACGGATTGC,9
ATTGAGGACTAAGGTC,9
ATTGAGGAGAACAGGC,9
ATTGAGGAGACAGTGC,9
ATTGAGGAGAGTTAGC,9
ATTGAGGAGATGAATC,9
ATTGAGGAGCCAAGAC,9
ATTGAGGACGGAAGAA,9
ATTGAGGAGTGACAAG,9
ATTGAGGAGAACCAGA,9
ATCCTGTAACAAGCTA,3
ATCCTGTATTGCTGGA,9
ATCCTGTACTGTAGCC,3
ATCCTGTAAGTACAAG,4
ATCCTGTAAACAACCA,4
ATCCTGTAAACCGAGA,4
ATCCTGTAAACGCTTA,4
ATCCTGTAAAGACGGA,4
ATCCTGTAAAGGTACA,4
ATCCTGTAACACAGAA,4
ATCCTGTAACAGCAGA,4
ATCCTGTAACCTCCAA,4
ATCCTGTAACGCTCGA,4
ATCCTGTAACGTATCA,4
ATCCTGTAACTATGCA,4
ATCCTGTAAGAGTCAA,4
ATCCTGTAAGATCGCA,4
ATCCTGTAAGCAGGAA,4
ATCCTGTAAGTCACTA,4
ATCCTGTAATCCTGTA,4
ATCCTGTAATTGAGGA,4
ATCCTGTACAACCACA,4
ATCCTGTAGACTAGTA,4
ATCCTGTACAATGGAA,4
ATCCTGTACACTTCGA,8
ATCCTGTACAGCGTTA,8
ATCCTGTACATACCAA,8
ATCCTGTACCAGTTCA,6
ATCCTGTACCGAAGTA,6
ATCCTGTACCGTGAGA,6
ATCCTGTACCTCCTGA,6
ATCCTGTAAGTGGTCA,5
ATCCTGTACGAACTTA,6
ATCCTGTACGACTGGA,6
ATCCTGTACGCATACA,6
ATCCTGTACTCAATGA,6
ATCCTGTACTGAGCCA,6
ATCCTGTACTGGCATA,6
ATCCTGTAGAATCTGA,6
ATCCTGTACAAGACTA,6
ATCCTGTAGAGCTGAA,6
ATCCTGTAGATAGACA,6
ATCCTGTAACCACTGT,5
ATCCTGTAGCCACATA,6
ATCCTGTAGCGAGTAA,6
ATCCTGTAGCTAACGA,6
ATCCTGTAGCTCGGTA,6
ATCCTGTAGGAGAACA,6
ATCCTGTAGGTGCGAA,6
ATCCTGTAGTACGCAA,6
ATCCTGTAGTCGTAGA,6
ATCCTGTAGTCTGTCA,6
ATCCTGTAGTGTTCTA,6
ATCCTGTAACATTGGC,5
ATCCTGTATAGGATGA,6
ATCCTGTATATCAGCA,6
ATCCTGTATCCGTCTA,6
ATCCTGTATCTTCACA,6
ATCCTGTATGAAGAGA,6
ATCCTGTATGGAACAA,6
ATCCTGTATGGCTTCA,6
ATCCTGTATGGTGGTA,6
ATCCTGTATTCACGCA,6
ATCCTGTAAACTCACC,6
ATCCTGTACAGATCTG,7
ATCCTGTAAAGAGATC,6
ATCCTGTAAAGGACAC,6
ATCCTGTAAATCCGTC,6
ATCCTGTAAATGTTGC,2
ATCCTGTAACACGACC,2
ATCCTGTAACAGATTC,2
ATCCTGTAAGATGTAC,2
ATCCTGTAAGCACCTC,2
ATCCTGTAAGCCATGC,2
ATCCTGTAAGGCTAAC,2
ATCCTGTACATCAAGT,7
ATCCTGTAATAGCGAC,2
ATCCTGTAATCATTCC,2
ATCCTGTAATTGGCTC,2
ATCCTGTACAAGGAGC,2
ATCCTGTACACCTTAC,2
ATCCTGTACCATCCTC,2
ATCCTGTACCGACAAC,2
ATCCTGTACCTAATCC,2
ATCCTGTACCTCTATC,9
ATCCTGTACGACACAC,9
ATCCTGTACGCTGATC,7
ATCCTGTACGGATTGC,9
ATCCTGTACTAAGGTC,9
ATCCTGTAGAACAGGC,9
ATCCTGTAGACAGTGC,9
ATCCTGTAGAGTTAGC,9
ATCCTGTAGATGAATC,9
ATCCTGTAGCCAAGAC,9
ATCCTGTACGGAAGAA,9
ATCCTGTAGTGACAAG,9
ATCCTGTAGAACCAGA,9
AGTCACTAACAAGCTA,4
AGTCACTATTGCTGGA,9
AGTCACTACTGTAGCC,4
AGTCACTAAGTACAAG,4
AGTCACTAAACAACCA,4
AGTCACTAAACCGAGA,4
AGTCACTAAACGCTTA,4
AGTCACTAAAGACGGA,4
AGTCACTAAAGGTACA,4
AGTCACTAACACAGAA,4
AGTCACTAACAGCAGA,4
AGTCACTAACCTCCAA,4
AGTCACTAACGCTCGA,4
AGTCACTAACGTATCA,4
AGTCACTAACTATGCA,8
AGTCACTAAGAGTCAA,8
AGTCACTAAGATCGCA,4
AGTCACTAAGCAGGAA,4
AGTCACTAAGTCACTA,4
AGTCACTAATCCTGTA,4
AGTCACTAATTGAGGA,4
AGTCACTACAACCACA,4
AGTCACTAGACTAGTA,4
AGTCACTACAATGGAA,4
AGTCACTACACTTCGA,4
AGTCACTACAGCGTTA,8
AGTCACTACATACCAA,8
AGTCACTACCAGTTCA,4
AGTCACTACCGAAGTA,6
AGTCACTACCGTGAGA,6
AGTCACTACCTCCTGA,6
AGTCACTACGAACTTA,6
AGTCACTACGACTGGA,6
AGTCACTACGCATACA,6
AGTCACTACTCAATGA,6
AGTCACTACTGAGCCA,6
AGTCACTACTGGCATA,6
AGTCACTAGAATCTGA,6
AGTCACTACAAGACTA,6
AGTCACTAGAGCTGAA,6
AGTCACTAGATAGACA,6
AGTCACTAACCACTGT,5
AGTCACTAGCCACATA,6
AGTCACTAGCGAGTAA,6
AGTCACTAGCTAACGA,6
AGTCACTAGCTCGGTA,6
AGTCACTAGGAGAACA,6
AGTCACTAGGTGCGAA,6
AGTCACTAGTACGCAA,6
AGTCACTAGTCGTAGA,6
AGTCACTAGTCTGTCA,6
AGTCACTAGTGTTCTA,6
AGTCACTAACATTGGC,5
AGTCACTATAGGATGA,6
AGTCACTATATCAGCA,6
AGTCACTATCCGTCTA,6
AGTCACTATCTTCACA,6
AGTCACTATGAAGAGA,6
AGTCACTATGGAACAA,6
AGTCACTATGGCTTCA,6
AGTCACTATGGTGGTA,6
AGTCACTATTCACGCA,6
AGTCACTAAACTCACC,6
AGTCACTACAGATCTG,7
AGTCACTAAAGAGATC,6
AGTCACTAAAGGACAC,6
AGTCACTAAATCCGTC,2
AGTCACTAAATGTTGC,2
AGTCACTAACACGACC,2
AGTCACTAACAGATTC,2
AGTCACTAAGATGTAC,2
AGTCACTAAGCACCTC,2
AGTCACTAAGCCATGC,2
AGTCACTAAGGCTAAC,2
AGTCACTACATCAAGT,7
AGTCACTAATAGCGAC,2
AGTCACTAATCATTCC,2
AGTCACTAATTGGCTC,2
AGTCACTACAAGGAGC,2
AGTCACTACACCTTAC,2
AGTCACTACCATCCTC,2
AGTCACTACCGACAAC,2
AGTCACTACCTAATCC,2
AGTCACTACCTCTATC,2
AGTCACTACGACACAC,9
AGTCACTACGCTGATC,7
AGTCACTACGGATTGC,9
AGTCACTACTAAGGTC,9
AGTCACTAGAACAGGC,9
AGTCACTAGACAGTGC,9
AGTCACTAGAGTTAGC,9
AGTCACTAGATGAATC,9
AGTCACTAGCCAAGAC,9
AGTCACTACGGAAGAA,9
AGTCACTAGTGACAAG,9
AGTCACTAGAACCAGA,9
AGCAGGAAACAAGCTA,4
AGCAGGAATTGCTGGA,9
AGCAGGAACTGTAGCC,4
AGCAGGAAAGTACAAG,4
AGCAGGAAAACAACCA,4
AGCAGGAAAACCGAGA,4
AGCAGGAAAACGCTTA,4
AGCAGGAAAAGACGGA,4
AGCAGGAAAAGGTACA,4
AGCAGGAAACACAGAA,4
AGCAGGAAACAGCAGA,4
AGCAGGAAACCTCCAA,4
AGCAGGAAACGCTCGA,4
AGCAGGAAACGTATCA,4
AGCAGGAAACTATGCA,4
AGCAGGAAAGAGTCAA,8
AGCAGGAAAGATCGCA,4
AGCAGGAAAGCAGGAA,4
AGCAGGAAAGTCACTA,4
AGCAGGAAATCCTGTA,4
AGCAGGAAATTGAGGA,4
AGCAGGAACAACCACA,4
AGCAGGAAGACTAGTA,4
AGCAGGAACAATGGAA,4
AGCAGGAACACTTCGA,4
AGCAGGAACAGCGTTA,4
AGCAGGAACATACCAA,4
AGCAGGAACCAGTTCA,1
AGCAGGAACCGAAGTA,6
AGCAGGAACCGTGAGA,6
AGCAGGAACCTCCTGA,6
AGCAGGAACGAACTTA,6
AGCAGGAACGACTGGA,6
AGCAGGAACGCATACA,6
AGCAGGAACTCAATGA,6
AGCAGGAACTGAGCCA,6
AGCAGGAACTGGCATA,6
AGCAGGAAGAATCTGA,6
AGCAGGAACAAGACTA,6
AGCAGGAAGAGCTGAA,6
AGCAGGAAGATAGACA,6
AGCAGGAAACCACTGT,5
AGCAGGAAGCCACATA,6
AGCAGGAAGCGAGTAA,6
AGCAGGAAGCTAACGA,6
AGCAGGAAGCTCGGTA,6
AGCAGGAAGGAGAACA,6
AGCAGGAAGGTGCGAA,2
AGCAGGAAGTACGCAA,6
AGCAGGAAGTCGTAGA,6
AGCAGGAAGTCTGTCA,6
AGCAGGAAGTGTTCTA,6
AGCAGGAAACATTGGC,5
AGCAGGAATAGGATGA,6
AGCAGGAATATCAGCA,6
AGCAGGAATCCGTCTA,6
AGCAGGAATCTTCACA,6
AGCAGGAATGAAGAGA,6
AGCAGGAATGGAACAA,6
AGCAGGAATGGCTTCA,6
AGCAGGAATGGTGGTA,6
AGCAGGAATTCACGCA,6
AGCAGGAAAACTCACC,6
AGCAGGAACAGATCTG,7
AGCAGGAAAAGAGATC,6
AGCAGGAAAAGGACAC,6
AGCAGGAAAATCCGTC,6
AGCAGGAAAATGTTGC,2
AGCAGGAAACACGACC,2
AGCAGGAAACAGATTC,2
AGCAGGAAAGATGTAC,2
AGCAGGAAAGCACCTC,2
AGCAGGAAAGCCATGC,2
AGCAGGAAAGGCTAAC,2
AGCAGGAACATCAAGT,7
AGCAGGAAATAGCGAC,2
AGCAGGAAATCATTCC,2
AGCAGGAAATTGGCTC,2
AGCAGGAACAAGGAGC,2
AGCAGGAACACCTTAC,2
AGCAGGAACCATCCTC,2
AGCAGGAACCGACAAC,2
AGCAGGAACCTAATCC,2
AGCAGGAACCTCTATC,2
AGCAGGAACGACACAC,9
AGCAGGAACGCTGATC,4
AGCAGGAACGGATTGC,9
AGCAGGAACTAAGGTC,9
AGCAGGAAGAACAGGC,9
AGCAGGAAGACAGTGC,9
AGCAGGAAGAGTTAGC,9
AGCAGGAAGATGAATC,9
AGCAGGAAGCCAAGAC,9
AGCAGGAACGGAAGAA,9
AGCAGGAAGTGACAAG,9
AGCAGGAAGAACCAGA,9
AGATCGCAACAAGCTA,7
AGATCGCATTGCTGGA,9
AGATCGCACTGTAGCC,4
AGATCGCAAGTACAAG,4
AGATCGCAAACAACCA,4
AGATCGCAAACCGAGA,4
AGATCGCAAACGCTTA,4
AGATCGCAAAGACGGA,4
AGATCGCAAAGGTACA,4
AGATCGCAACACAGAA,4
AGATCGCAACAGCAGA,4
AGATCGCAACCTCCAA,4
AGATCGCAACGCTCGA,4
AGATCGCAACGTATCA,4
AGATCGCAACTATGCA,4
AGATCGCAAGAGTCAA,4
AGATCGCAAGATCGCA,4
AGATCGCAAGCAGGAA,4
AGATCGCAAGTCACTA,4
AGATCGCAATCCTGTA,4
AGATCGCAATTGAGGA,4
AGATCGCACAACCACA,4
AGATCGCAGACTAGTA,4
AGATCGCACAATGGAA,4
AGATCGCACACTTCGA,4
AGATCGCACAGCGTTA,4
AGATCGCACATACCAA,4
AGATCGCACCAGTTCA,9
AGATCGCACCGAAGTA,6
AGATCGCACCGTGAGA,6
AGATCGCACCTCCTGA,6
AGATCGCACGAACTTA,6
AGATCGCACGACTGGA,6
AGATCGCACGCATACA,6
AGATCGCACTCAATGA,6
AGATCGCACTGAGCCA,6
AGATCGCACTGGCATA,6
AGATCGCAGAATCTGA,6
AGATCGCACAAGACTA,6
AGATCGCAGAGCTGAA,6
AGATCGCAGATAGACA,6
AGATCGCAACCACTGT,5
AGATCGCAGCCACATA,6
AGATCGCAGCGAGTAA,6
AGATCGCAGCTAACGA,6
AGATCGCAGCTCGGTA,6
AGATCGCAGGAGAACA,6
AGATCGCAGGTGCGAA,6
AGATCGCAGTACGCAA,6
AGATCGCAGTCGTAGA,6
AGATCGCAGTCTGTCA,6
AGATCGCAGTGTTCTA,6
AGATCGCAACATTGGC,5
AGATCGCATAGGATGA,6
AGATCGCATATCAGCA,6
AGATCGCATCCGTCTA,6
AGATCGCATCTTCACA,6
AGATCGCATGAAGAGA,6
AGATCGCATGGAACAA,6
AGATCGCATGGCTTCA,6
AGATCGCATGGTGGTA,6
AGATCGCATTCACGCA,6
AGATCGCAAACTCACC,6
AGATCGCACAGATCTG,5
AGATCGCAAAGAGATC,6
AGATCGCAAAGGACAC,6
AGATCGCAAATCCGTC,2
AGATCGCAAATGTTGC,2
AGATCGCAACACGACC,2
AGATCGCAACAGATTC,2
AGATCGCAAGATGTAC,2
AGATCGCAAGCACCTC,2
AGATCGCAAGCCATGC,2
AGATCGCAAGGCTAAC,2
AGATCGCACATCAAGT,4
AGATCGCAATAGCGAC,2
AGATCGCAATCATTCC,2
AGATCGCAATTGGCTC,2
AGATCGCACAAGGAGC,2
AGATCGCACACCTTAC,2
AGATCGCACCATCCTC,2
AGATCGCACCGACAAC,2
AGATCGCACCTAATCC,2
AGATCGCACCTCTATC,2
AGATCGCACGACACAC,9
AGATCGCACGCTGATC,4
AGATCGCACGGATTGC,9
AGATCGCACTAAGGTC,9
AGATCGCAGAACAGGC,9
AGATCGCAGACAGTGC,9
AGATCGCAGAGTTAGC,9
AGATCGCAGATGAATC,9
AGATCGCAGCCAAGAC,9
AGATCGCACGGAAGAA,9
AGATCGCAGTGACAAG,9
AGATCGCAGAACCAGA,9
AGAGTCAAACAAGCTA,4
AGAGTCAATTGCTGGA,9
AGAGTCAACTGTAGCC,4
AGAGTCAAAGTACAAG,4
AGAGTCAAAACAACCA,4
AGAGTCAAAACCGAGA,4
AGAGTCAAAACGCTTA,4
AGAGTCAAAAGACGGA,4
AGAGTCAAAAGGTACA,4
AGAGTCAAACACAGAA,4
AGAGTCAAACAGCAGA,4
AGAGTCAAACCTCCAA,4
AGAGTCAAACGCTCGA,4
AGAGTCAAACGTATCA,4
AGAGTCAAACTATGCA,4
AGAGTCAAAGAGTCAA,4
AGAGTCAAAGATCGCA,4
AGAGTCAAAGCAGGAA,4
AGAGTCAAAGTCACTA,4
AGAGTCAAATCCTGTA,4
AGAGTCAAATTGAGGA,4
AGAGTCAACAACCACA,4
AGAGTCAAGACTAGTA,4
AGAGTCAACAATGGAA,4
AGAGTCAACACTTCGA,4
AGAGTCAACAGCGTTA,4
AGAGTCAACATACCAA,4
AGAGTCAACCAGTTCA,1
AGAGTCAACCGAAGTA,6
AGAGTCAACCGTGAGA,6
AGAGTCAACCTCCTGA,6
AGAGTCAACGAACTTA,6
AGAGTCAACGACTGGA,6
AGAGTCAACGCATACA,6
AGAGTCAACTCAATGA,6
AGAGTCAACTGAGCCA,6
AGAGTCAACTGGCATA,6
AGAGTCAAGAATCTGA,6
AGAGTCAACAAGACTA,6
AGAGTCAAGAGCTGAA,6
AGAGTCAAGATAGACA,6
AGAGTCAAGCCACATA,6
AGAGTCAAGCGAGTAA,6
AGAGTCAAGCTAACGA,6
AGAGTCAAGCTCGGTA,6
AGAGTCAAGGAGAACA,6
AGAGTCAAGGTGCGAA,6
AGAGTCAAGTACGCAA,6
AGAGTCAAGTCGTAGA,6
AGAGTCAAGTCTGTCA,6
AGAGTCAAGTGTTCTA,6
AGAGTCAAACATTGGC,5
AGAGTCAATAGGATGA,6
AGAGTCAATATCAGCA,6
AGAGTCAATCCGTCTA,6
AGAGTCAATCTTCACA,6
AGAGTCAATGAAGAGA,6
AGAGTCAATGGAACAA,6
AGAGTCAATGGCTTCA,6
AGAGTCAATGGTGGTA,6
AGAGTCAATTCACGCA,6
AGAGTCAAAACTCACC,6
AGAGTCAACAGATCTG,5
AGAGTCAAAAGAGATC,6
AGAGTCAAAAGGACAC,2
AGAGTCAAAATCCGTC,2
AGAGTCAAAATGTTGC,2
AGAGTCAAACACGACC,1
AGAGTCAAACAGATTC,1
AGAGTCAAAGATGTAC,6
AGAGTCAAAGCACCTC,2
AGAGTCAAAGCCATGC,2
AGAGTCAAAGGCTAAC,2
AGAGTCAACATCAAGT,5
AGAGTCAAATAGCGAC,2
AGAGTCAAATCATTCC,2
AGAGTCAAATTGGCTC,2
AGAGTCAACAAGGAGC,2
AGAGTCAACACCTTAC,2
AGAGTCAACCATCCTC,2
AGAGTCAACCGACAAC,2
AGAGTCAACCTAATCC,2
AGAGTCAACCTCTATC,2
AGAGTCAACGACACAC,9
AGAGTCAACGCTGATC,4
AGAGTCAACGGATTGC,9
AGAGTCAACTAAGGTC,9
AGAGTCAAGAACAGGC,9
AGAGTCAAGACAGTGC,9
AGAGTCAAGAGTTAGC,9
AGAGTCAAGATGAATC,9
AGAGTCAAGCCAAGAC,9
AGAGTCAACGGAAGAA,9
AGAGTCAAGTGACAAG,9
AGAGTCAAGAACCAGA,9
ACTATGCAACAAGCTA,4
ACTATGCATTGCTGGA,9
ACTATGCACTGTAGCC,4
ACTATGCAAGTACAAG,7
ACTATGCAAACAACCA,7
ACTATGCAAACCGAGA,4
ACTATGCAAACGCTTA,4
ACTATGCAAAGACGGA,4
ACTATGCAAAGGTACA,4
ACTATGCAACACAGAA,4
ACTATGCAACAGCAGA,4
ACTATGCAACCTCCAA,4
ACTATGCAACGCTCGA,4
ACTATGCAACGTATCA,4
ACTATGCAACTATGCA,4
ACTATGCAAGAGTCAA,4
ACTATGCAAGATCGCA,4
ACTATGCAAGCAGGAA,4
ACTATGCAAGTCACTA,4
ACTATGCAATCCTGTA,4
ACTATGCAATTGAGGA,4
ACTATGCACAACCACA,4
ACTATGCAGACTAGTA,4
ACTATGCACAATGGAA,4
ACTATGCACACTTCGA,4
ACTATGCACAGCGTTA,4
ACTATGCACATACCAA,4
ACTATGCACCAGTTCA,1
ACTATGCACCGAAGTA,6
ACTATGCACCGTGAGA,6
ACTATGCACCTCCTGA,6
ACTATGCACGAACTTA,6
ACTATGCACGACTGGA,6
ACTATGCACGCATACA,6
ACTATGCACTCAATGA,6
ACTATGCACTGAGCCA,6
ACTATGCACTGGCATA,6
ACTATGCAGAATCTGA,6
ACTATGCACAAGACTA,6
ACTATGCAGAGCTGAA,6
ACTATGCAGATAGACA,6
ACTATGCAGCCACATA,6
ACTATGCAGCGAGTAA,6
ACTATGCAGCTAACGA,6
ACTATGCAGCTCGGTA,6
ACTATGCAGGAGAACA,6
ACTATGCAGGTGCGAA,6
ACTATGCAGTACGCAA,6
ACTATGCAGTCGTAGA,6
ACTATGCAGTCTGTCA,6
ACTATGCAGTGTTCTA,6
ACTATGCAACATTGGC,5
ACTATGCATAGGATGA,6
ACTATGCATATCAGCA,6
ACTATGCATCCGTCTA,6
ACTATGCATCTTCACA,6
ACTATGCATGAAGAGA,6
ACTATGCATGGAACAA,6
ACTATGCATGGCTTCA,6
ACTATGCATGGTGGTA,6
ACTATGCATTCACGCA,6
ACTATGCAAACTCACC,6
ACTATGCACAGATCTG,5
ACTATGCAAAGAGATC,6
ACTATGCAAAGGACAC,2
ACTATGCAAATCCGTC,1
ACTATGCAAATGTTGC,1
ACTATGCAACACGACC,1
ACTATGCAACAGATTC,1
ACTATGCAAGATGTAC,1
ACTATGCAAGCACCTC,1
ACTATGCAAGCCATGC,2
ACTATGCAAGGCTAAC,2
ACTATGCACATCAAGT,5
ACTATGCAATAGCGAC,2
ACTATGCAATCATTCC,2
ACTATGCAATTGGCTC,2
ACTATGCACAAGGAGC,2
ACTATGCACACCTTAC,2
ACTATGCACCATCCTC,2
ACTATGCACCGACAAC,2
ACTATGCACCTAATCC,2
ACTATGCACCTCTATC,2
ACTATGCACGACACAC,2
ACTATGCACGCTGATC,5
ACTATGCACGGATTGC,2
ACTATGCACTAAGGTC,2
ACTATGCAGAACAGGC,2
ACTATGCAGACAGTGC,2
ACTATGCAGAGTTAGC,9
ACTATGCAGATGAATC,9
ACTATGCAGCCAAGAC,9
ACTATGCACGGAAGAA,9
ACTATGCAGTGACAAG,9
ACTATGCAGAACCAGA,9
ACGTATCAACAAGCTA,4
ACGTATCATTGCTGGA,9
ACGTATCACTGTAGCC,4
ACGTATCAAGTACAAG,7
ACGTATCAAACAACCA,7
ACGTATCAAACCGAGA,7
ACGTATCAAACGCTTA,4
ACGTATCAAAGACGGA,4
ACGTATCAAAGGTACA,4
ACGTATCAACACAGAA,4
ACGTATCAACAGCAGA,4
ACGTATCAACCTCCAA,4
ACGTATCAACGCTCGA,4
ACGTATCAACGTATCA,4
ACGTATCAACTATGCA,4
ACGTATCAAGAGTCAA,4
ACGTATCAAGATCGCA,4
ACGTATCAAGCAGGAA,4
ACGTATCAAGTCACTA,4
ACGTATCAATCCTGTA,4
ACGTATCAATTGAGGA,4
ACGTATCACAACCACA,4
ACGTATCAGACTAGTA,4
ACGTATCACAATGGAA,4
ACGTATCACACTTCGA,4
ACGTATCACAGCGTTA,4
ACGTATCACATACCAA,4
ACGTATCACCAGTTCA,4
ACGTATCACCGAAGTA,4
ACGTATCACCGTGAGA,6
ACGTATCACCTCCTGA,6
ACGTATCACGAACTTA,6
ACGTATCACGACTGGA,6
ACGTATCACGCATACA,6
ACGTATCACTCAATGA,6
ACGTATCACTGAGCCA,6
ACGTATCACTGGCATA,5
ACGTATCAGAATCTGA,6
ACGTATCACAAGACTA,6
ACGTATCAGAGCTGAA,6
ACGTATCAGATAGACA,6
ACGTATCAGCCACATA,6
ACGTATCAGCGAGTAA,6
ACGTATCAGCTAACGA,6
ACGTATCAGCTCGGTA,6
ACGTATCAGGAGAACA,6
ACGTATCAGGTGCGAA,6
ACGTATCAGTACGCAA,6
ACGTATCAGTCGTAGA,4
ACGTATCAGTCTGTCA,6
ACGTATCAGTGTTCTA,6
ACGTATCAACATTGGC,5
ACGTATCATAGGATGA,6
ACGTATCATATCAGCA,6
ACGTATCATCCGTCTA,6
ACGTATCATCTTCACA,6
ACGTATCATGAAGAGA,5
ACGTATCATGGAACAA,6
ACGTATCATGGCTTCA,6
ACGTATCATGGTGGTA,2
ACGTATCATTCACGCA,6
ACGTATCAAACTCACC,2
ACGTATCACAGATCTG,5
ACGTATCAAAGAGATC,2
ACGTATCAAAGGACAC,2
ACGTATCAAATCCGTC,1
ACGTATCAAATGTTGC,1
ACGTATCAACACGACC,1
ACGTATCAACAGATTC,1
ACGTATCAAGATGTAC,1
ACGTATCAAGCACCTC,2
ACGTATCAAGCCATGC,2
ACGTATCAAGGCTAAC,2
ACGTATCACATCAAGT,5
ACGTATCAATAGCGAC,2
ACGTATCAATCATTCC,2
ACGTATCAATTGGCTC,2
ACGTATCACAAGGAGC,2
ACGTATCACACCTTAC,2
ACGTATCACCATCCTC,2
ACGTATCACCGACAAC,2
ACGTATCACCTAATCC,2
ACGTATCACCTCTATC,2
ACGTATCACGACACAC,2
ACGTATCACGCTGATC,5
ACGTATCACGGATTGC,2
ACGTATCACTAAGGTC,2
ACGTATCAGAACAGGC,2
ACGTATCAGACAGTGC,2
ACGTATCAGAGTTAGC,9
ACGTATCAGATGAATC,9
ACGTATCAGCCAAGAC,9
ACGTATCACGGAAGAA,9
ACGTATCAGTGACAAG,9
ACGTATCAGAACCAGA,9
GAGTTAGCTTGCTGGA,4
GAGTTAGCACGCTCGA,7
GAGTTAGCACGTATCA,7
GAGTTAGCACTATGCA,7
GAGTTAGCAGAGTCAA,7
GAGTTAGCAGATCGCA,7
GAGTTAGCAGCAGGAA,7
GAGTTAGCAGTCACTA,7
GAGTTAGCATCCTGTA,7
GAGTTAGCATTGAGGA,7
GAGTTAGCCAACCACA,7
GAGTTAGCGACTAGTA,7
GAGTTAGCCAATGGAA,7
GAGTTAGCCACTTCGA,7
GAGTTAGCCAGCGTTA,7
GAGTTAGCCATACCAA,7
GAGTTAGCCCAGTTCA,7
GAGTTAGCCCGAAGTA,7
GAGTTAGCCCGTGAGA,7
GAGTTAGCCCTCCTGA,7
GAGTTAGCCGAACTTA,7
GAGTTAGCCGACTGGA,3
GAGTTAGCCGCATACA,3
GAGTTAGCCTCAATGA,3
GAGTTAGCCTGAGCCA,3
GAGTTAGCCTGGCATA,3
GAGTTAGCGAATCTGA,4
GAGTTAGCCAAGACTA,4
GAGTTAGCGAGCTGAA,4
GAGTTAGCGATAGACA,4
GAGTTAGCGCCACATA,4
GAGTTAGCGCGAGTAA,4
GAGTTAGCGCTAACGA,4
GAGTTAGCGCTCGGTA,4
GAGTTAGCGGAGAACA,4
GAGTTAGCGGTGCGAA,4
GAGTTAGCGTACGCAA,4
GAGTTAGCGTCGTAGA,4
GAGTTAGCGTCTGTCA,8
GAGTTAGCGTGTTCTA,8
GAGTTAGCTAGGATGA,4
GAGTTAGCTATCAGCA,4
GAGTTAGCTCCGTCTA,8
GAGTTAGCTCTTCACA,4
GAGTTAGCTGAAGAGA,4
GAGTTAGCTGGAACAA,8
GAGTTAGCTGGCTTCA,8
GAGTTAGCTGGTGGTA,4
GAGTTAGCTTCACGCA,4
GAGTTAGCAACTCACC,4
GAGTTAGCAAGAGATC,8
GAGTTAGCAAGGACAC,8
GAGTTAGCAATCCGTC,8
GAGTTAGCAATGTTGC,8
GAGTTAGCACACGACC,8
GAGTTAGCACAGATTC,8
GAGTTAGCAGATGTAC,8
GAGTTAGCAGCACCTC,8
GAGTTAGCAGCCATGC,8
GAGTTAGCAGGCTAAC,8
GAGTTAGCATAGCGAC,8
GAGTTAGCATCATTCC,8
GAGTTAGCATTGGCTC,4
GAGTTAGCCAAGGAGC,4
GAGTTAGCCACCTTAC,4
GAGTTAGCCCATCCTC,4
GAGTTAGCCCGACAAC,4
GAGTTAGCCCTAATCC,4
GAGTTAGCCCTCTATC,4
GAGTTAGCCGACACAC,3
GAGTTAGCCGGATTGC,3
GAGTTAGCCTAAGGTC,7
GAGTTAGCGAACAGGC,7
GAGTTAGCGACAGTGC,7
GAGTTAGCGAGTTAGC,7
GAGTTAGCGATGAATC,5
GAGTTAGCGCCAAGAC,5
GAGTTAGCCGGAAGAA,5
GAGTTAGCGTGACAAG,5
GAGTTAGCGAACCAGA,5
ACGCTCGAACAAGCTA,5
ACGCTCGATTGCTGGA,9
ACGCTCGACTGTAGCC,4
ACGCTCGAAGTACAAG,4
ACGCTCGAAACAACCA,7
ACGCTCGAAACCGAGA,4
ACGCTCGAAACGCTTA,4
ACGCTCGAAAGACGGA,5
ACGCTCGAAAGGTACA,4
ACGCTCGAACACAGAA,4
ACGCTCGAACAGCAGA,4
ACGCTCGAACCTCCAA,4
ACGCTCGAACGCTCGA,4
ACGCTCGAACGTATCA,4
ACGCTCGAACTATGCA,4
ACGCTCGAAGAGTCAA,4
ACGCTCGAAGATCGCA,4
ACGCTCGAAGCAGGAA,4
ACGCTCGAAGTCACTA,4
ACGCTCGAATCCTGTA,4
ACGCTCGAATTGAGGA,4
ACGCTCGACAACCACA,4
ACGCTCGAGACTAGTA,4
ACGCTCGACAATGGAA,4
ACGCTCGACACTTCGA,4
ACGCTCGACAGCGTTA,4
ACGCTCGACATACCAA,4
ACGCTCGACCAGTTCA,4
ACGCTCGACCGAAGTA,4
ACGCTCGACCGTGAGA,6
ACGCTCGACCTCCTGA,6
ACGCTCGACGAACTTA,6
ACGCTCGACGACTGGA,6
ACGCTCGACGCATACA,6
ACGCTCGACTCAATGA,4
ACGCTCGACTGAGCCA,6
ACGCTCGACTGGCATA,6
ACGCTCGAGAATCTGA,6
ACGCTCGACAAGACTA,6
ACGCTCGAGAGCTGAA,6
ACGCTCGAGATAGACA,6
ACGCTCGAGCCACATA,6
ACGCTCGAGCGAGTAA,6
ACGCTCGAGCTAACGA,2
ACGCTCGAGCTCGGTA,6
ACGCTCGAGGAGAACA,6
ACGCTCGAGGTGCGAA,6
ACGCTCGAGTACGCAA,6
ACGCTCGAGTCGTAGA,6
ACGCTCGAGTCTGTCA,6
ACGCTCGAGTGTTCTA,6
ACGCTCGATAGGATGA,6
ACGCTCGATATCAGCA,6
ACGCTCGATCCGTCTA,6
ACGCTCGATCTTCACA,6
ACGCTCGATGAAGAGA,2
ACGCTCGATGGAACAA,6
ACGCTCGATGGCTTCA,6
ACGCTCGATGGTGGTA,6
ACGCTCGATTCACGCA,2
ACGCTCGAAACTCACC,6
ACGCTCGAAAGAGATC,2
ACGCTCGAAAGGACAC,1
ACGCTCGAAATCCGTC,1
ACGCTCGAAATGTTGC,1
ACGCTCGAACACGACC,1
ACGCTCGAACAGATTC,1
ACGCTCGAAGATGTAC,1
ACGCTCGAAGCACCTC,2
ACGCTCGAAGCCATGC,2
ACGCTCGAAGGCTAAC,2
ACGCTCGACATCAAGT,5
ACGCTCGAATAGCGAC,2
ACGCTCGAATCATTCC,2
ACGCTCGAATTGGCTC,2
ACGCTCGACAAGGAGC,2
ACGCTCGACACCTTAC,2
ACGCTCGACCATCCTC,2
ACGCTCGACCGACAAC,2
ACGCTCGACCTAATCC,2
ACGCTCGACCTCTATC,2
ACGCTCGACGACACAC,2
ACGCTCGACGCTGATC,5
ACGCTCGACGGATTGC,2
ACGCTCGACTAAGGTC,2
ACGCTCGAGAACAGGC,2
ACGCTCGAGACAGTGC,2
ACGCTCGAGAGTTAGC,2
ACGCTCGAGATGAATC,9
ACGCTCGAGCCAAGAC,9
ACGCTCGACGGAAGAA,9
ACGCTCGAGTGACAAG,9
ACGCTCGAGAACCAGA,9
ACCTCCAAACAAGCTA,5
ACCTCCAATTGCTGGA,9
ACCTCCAACTGTAGCC,5
ACCTCCAAAGTACAAG,4
ACCTCCAAAACAACCA,4
ACCTCCAAAACCGAGA,4
ACCTCCAAAACGCTTA,4
ACCTCCAAAAGACGGA,4
ACCTCCAAAAGGTACA,4
ACCTCCAAACACAGAA,4
ACCTCCAAACAGCAGA,4
ACCTCCAAACCTCCAA,4
ACCTCCAAACGCTCGA,4
ACCTCCAAACGTATCA,4
ACCTCCAAACTATGCA,4
ACCTCCAAAGAGTCAA,4
ACCTCCAAAGATCGCA,4
ACCTCCAAAGCAGGAA,4
ACCTCCAAAGTCACTA,4
ACCTCCAAATCCTGTA,4
ACCTCCAAATTGAGGA,4
ACCTCCAACAACCACA,4
ACCTCCAAGACTAGTA,4
ACCTCCAACAATGGAA,4
ACCTCCAACACTTCGA,4
ACCTCCAACAGCGTTA,4
ACCTCCAACATACCAA,4
ACCTCCAACCAGTTCA,4
ACCTCCAACCGAAGTA,4
ACCTCCAACCGTGAGA,6
ACCTCCAACCTCCTGA,6
ACCTCCAACGAACTTA,6
ACCTCCAACGACTGGA,6
ACCTCCAACGCATACA,6
ACCTCCAACTCAATGA,6
ACCTCCAACTGAGCCA,6
ACCTCCAACTGGCATA,6
ACCTCCAAGAATCTGA,6
ACCTCCAACAAGACTA,6
ACCTCCAAGAGCTGAA,6
ACCTCCAAGATAGACA,6
ACCTCCAAGCCACATA,6
ACCTCCAAGCGAGTAA,6
ACCTCCAAGCTAACGA,6
ACCTCCAAGCTCGGTA,6
ACCTCCAAGGAGAACA,6
ACCTCCAAGGTGCGAA,6
ACCTCCAAGTACGCAA,6
ACCTCCAAGTCGTAGA,6
ACCTCCAAGTCTGTCA,6
ACCTCCAAGTGTTCTA,6
ACCTCCAAACATTGGC,5
ACCTCCAATAGGATGA,6
ACCTCCAATATCAGCA,2
ACCTCCAATCCGTCTA,2
ACCTCCAATCTTCACA,2
ACCTCCAATGAAGAGA,2
ACCTCCAATGGAACAA,2
ACCTCCAATGGCTTCA,2
ACCTCCAATGGTGGTA,2
ACCTCCAATTCACGCA,2
ACCTCCAAAACTCACC,6
ACCTCCAACAGATCTG,5
ACCTCCAAAAGAGATC,1
ACCTCCAAAAGGACAC,1
ACCTCCAAAATCCGTC,1
ACCTCCAAAATGTTGC,1
ACCTCCAAACACGACC,1
ACCTCCAAACAGATTC,1
ACCTCCAAAGATGTAC,1
ACCTCCAAAGCACCTC,2
ACCTCCAAAGCCATGC,2
ACCTCCAAAGGCTAAC,2
ACCTCCAACATCAAGT,5
ACCTCCAAATAGCGAC,2
ACCTCCAAATCATTCC,2
ACCTCCAAATTGGCTC,2
ACCTCCAACAAGGAGC,2
ACCTCCAACACCTTAC,2
ACCTCCAACCATCCTC,2
ACCTCCAACCGACAAC,2
ACCTCCAACCTAATCC,2
ACCTCCAACCTCTATC,2
ACCTCCAACGACACAC,2
ACCTCCAACGCTGATC,5
ACCTCCAACGGATTGC,2
ACCTCCAACTAAGGTC,2
ACCTCCAAGAACAGGC,2
ACCTCCAAGACAGTGC,2
ACCTCCAAGAGTTAGC,2
ACCTCCAAGATGAATC,9
ACCTCCAAGCCAAGAC,9
ACCTCCAACGGAAGAA,9
ACCTCCAAGTGACAAG,9
ACCTCCAAGAACCAGA,9
ACAGCAGAACAAGCTA,5
ACAGCAGATTGCTGGA,9
ACAGCAGACTGTAGCC,5
ACAGCAGAAGTACAAG,5
ACAGCAGAAACAACCA,4
ACAGCAGAAACCGAGA,4
ACAGCAGAAACGCTTA,4
ACAGCAGAAAGACGGA,4
ACAGCAGAAAGGTACA,4
ACAGCAGAACACAGAA,4
ACAGCAGAACAGCAGA,4
ACAGCAGAACCTCCAA,4
ACAGCAGAACGCTCGA,4
ACAGCAGAACGTATCA,4
ACAGCAGAACTATGCA,4
ACAGCAGAAGAGTCAA,4
ACAGCAGAAGATCGCA,4
ACAGCAGAAGCAGGAA,4
ACAGCAGAAGTCACTA,4
ACAGCAGAATCCTGTA,4
ACAGCAGAATTGAGGA,4
ACAGCAGACAACCACA,4
ACAGCAGAGACTAGTA,4
ACAGCAGACAATGGAA,4
ACAGCAGACACTTCGA,4
ACAGCAGACAGCGTTA,4
ACAGCAGACATACCAA,4
ACAGCAGACCAGTTCA,4
ACAGCAGACCGAAGTA,4
ACAGCAGACCGTGAGA,6
ACAGCAGACCTCCTGA,6
ACAGCAGACGAACTTA,6
ACAGCAGACGACTGGA,6
ACAGCAGACGCATACA,6
ACAGCAGACTCAATGA,6
ACAGCAGACTGAGCCA,6
ACAGCAGACTGGCATA,6
ACAGCAGAGAATCTGA,6
ACAGCAGACAAGACTA,6
ACAGCAGAGAGCTGAA,6
ACAGCAGAGATAGACA,6
ACAGCAGAGCCACATA,6
ACAGCAGAGCGAGTAA,6
ACAGCAGAGCTAACGA,6
ACAGCAGAGCTCGGTA,6
ACAGCAGAGGAGAACA,6
ACAGCAGAGGTGCGAA,6
ACAGCAGAGTACGCAA,6
ACAGCAGAGTCGTAGA,6
ACAGCAGAGTCTGTCA,6
ACAGCAGAGTGTTCTA,6
ACAGCAGATAGGATGA,6
ACAGCAGATATCAGCA,6
ACAGCAGATCCGTCTA,2
ACAGCAGATCTTCACA,2
ACAGCAGATGAAGAGA,2
ACAGCAGATGGAACAA,2
ACAGCAGATGGCTTCA,2
ACAGCAGATGGTGGTA,6
ACAGCAGATTCACGCA,2
ACAGCAGAAACTCACC,6
ACAGCAGACAGATCTG,5
ACAGCAGAAAGAGATC,1
ACAGCAGAAAGGACAC,1
ACAGCAGAAATCCGTC,1
ACAGCAGAAATGTTGC,1
ACAGCAGAACACGACC,1
ACAGCAGAACAGATTC,1
ACAGCAGAAGATGTAC,1
ACAGCAGAAGCACCTC,2
ACAGCAGAAGCCATGC,2
ACAGCAGAAGGCTAAC,2
ACAGCAGACATCAAGT,5
ACAGCAGAATAGCGAC,2
ACAGCAGAATCATTCC,2
ACAGCAGAATTGGCTC,2
ACAGCAGACAAGGAGC,2
ACAGCAGACACCTTAC,2
ACAGCAGACCATCCTC,2
ACAGCAGACCGACAAC,2
ACAGCAGACCTAATCC,2
ACAGCAGACCTCTATC,2
ACAGCAGACGACACAC,2
ACAGCAGACGCTGATC,5
ACAGCAGACGGATTGC,2
ACAGCAGACTAAGGTC,2
ACAGCAGAGAACAGGC,2
ACAGCAGAGACAGTGC,2
ACAGCAGAGAGTTAGC,2
ACAGCAGAGATGAATC,9
ACAGCAGAGCCAAGAC,9
ACAGCAGACGGAAGAA,9
ACAGCAGAGTGACAAG,9
ACAGCAGAGAACCAGA,9
ACACAGAAACAAGCTA,5
ACACAGAATTGCTGGA,9
ACACAGAACTGTAGCC,5
ACACAGAAAGTACAAG,5
ACACAGAAAACAACCA,5
ACACAGAAAACCGAGA,4
ACACAGAAAACGCTTA,4
ACACAGAAAAGACGGA,4
ACACAGAAAAGGTACA,4
ACACAGAAACACAGAA,4
ACACAGAAACAGCAGA,4
ACACAGAAACCTCCAA,4
ACACAGAAACGCTCGA,4
ACACAGAAACGTATCA,4
ACACAGAAACTATGCA,4
ACACAGAAAGAGTCAA,4
ACACAGAAAGATCGCA,4
ACACAGAAAGCAGGAA,4
ACACAGAAAGTCACTA,4
ACACAGAAATCCTGTA,4
ACACAGAAATTGAGGA,4
ACACAGAACAACCACA,4
ACACAGAAGACTAGTA,4
ACACAGAACAATGGAA,4
ACACAGAACACTTCGA,4
ACACAGAACAGCGTTA,4
ACACAGAACATACCAA,4
ACACAGAACCAGTTCA,4
ACACAGAACCGAAGTA,4
ACACAGAACCGTGAGA,2
ACACAGAACCTCCTGA,6
ACACAGAACGAACTTA,6
ACACAGAACGACTGGA,6
ACACAGAACGCATACA,6
ACACAGAACTCAATGA,6
ACACAGAACTGAGCCA,6
ACACAGAACTGGCATA,6
ACACAGAAGAATCTGA,6
ACACAGAACAAGACTA,6
ACACAGAAGAGCTGAA,6
ACACAGAAGATAGACA,6
ACACAGAAGCCACATA,1
ACACAGAAGCGAGTAA,6
ACACAGAAGCTAACGA,6
ACACAGAAGCTCGGTA,6
ACACAGAAGGAGAACA,6
ACACAGAAGGTGCGAA,6
ACACAGAAGTACGCAA,6
ACACAGAAGTCGTAGA,6
ACACAGAAGTCTGTCA,6
ACACAGAAGTGTTCTA,6
ACACAGAATAGGATGA,6
ACACAGAATATCAGCA,6
ACACAGAATCCGTCTA,6
ACACAGAATCTTCACA,2
ACACAGAATGAAGAGA,2
ACACAGAATGGAACAA,2
ACACAGAATGGCTTCA,2
ACACAGAATGGTGGTA,6
ACACAGAATTCACGCA,6
ACACAGAAAACTCACC,6
ACACAGAACAGATCTG,5
ACACAGAAAAGAGATC,1
ACACAGAAAAGGACAC,1
ACACAGAAAATCCGTC,1
ACACAGAAAATGTTGC,1
ACACAGAAACACGACC,1
ACACAGAAACAGATTC,1
ACACAGAAAGATGTAC,1
ACACAGAAAGCACCTC,2
ACACAGAAAGCCATGC,2
ACACAGAAAGGCTAAC,2
ACACAGAACATCAAGT,5
ACACAGAAATAGCGAC,2
ACACAGAAATCATTCC,2
ACACAGAAATTGGCTC,2
ACACAGAACAAGGAGC,2
ACACAGAACACCTTAC,2
ACACAGAACCATCCTC,2
ACACAGAACCGACAAC,2
ACACAGAACCTAATCC,2
ACACAGAACCTCTATC,2
ACACAGAACGACACAC,2
ACACAGAACGCTGATC,5
ACACAGAACGGATTGC,2
ACACAGAACTAAGGTC,2
ACACAGAAGAACAGGC,2
ACACAGAAGACAGTGC,2
ACACAGAAGAGTTAGC,2
ACACAGAAGATGAATC,9
ACACAGAAGCCAAGAC,9
ACACAGAACGGAAGAA,9
ACACAGAAGTGACAAG,9
ACACAGAAGAACCAGA,9
AAGGTACAACAAGCTA,5
AAGGTACATTGCTGGA,9
AAGGTACACTGTAGCC,5
AAGGTACAAGTACAAG,5
AAGGTACAAACAACCA,4
AAGGTACAAACCGAGA,4
AAGGTACAAACGCTTA,4
AAGGTACAAAGACGGA,4
AAGGTACAAAGGTACA,4
AAGGTACAACACAGAA,4
AAGGTACAACAGCAGA,4
AAGGTACAACCTCCAA,4
AAGGTACAACGCTCGA,4
AAGGTACAACGTATCA,4
AAGGTACAACTATGCA,4
AAGGTACAAGAGTCAA,4
AAGGTACAAGATCGCA,4
AAGGTACAAGCAGGAA,4
AAGGTACAAGTCACTA,4
AAGGTACAATCCTGTA,4
AAGGTACAATTGAGGA,4
AAGGTACACAACCACA,4
AAGGTACAGACTAGTA,4
AAGGTACACAATGGAA,4
AAGGTACACACTTCGA,4
AAGGTACACAGCGTTA,4
AAGGTACACATACCAA,4
AAGGTACACCAGTTCA,4
AAGGTACACCGAAGTA,4
AAGGTACACCGTGAGA,4
AAGGTACACCTCCTGA,6
AAGGTACACGAACTTA,6
AAGGTACACGACTGGA,6
AAGGTACACGCATACA,6
AAGGTACACTCAATGA,6
AAGGTACACTGAGCCA,6
AAGGTACACTGGCATA,6
AAGGTACAGAATCTGA,6
AAGGTACACAAGACTA,6
AAGGTACAGAGCTGAA,6
AAGGTACAGATAGACA,6
AAGGTACAGCCACATA,2
AAGGTACAGCGAGTAA,6
AAGGTACAGCTAACGA,6
AAGGTACAGCTCGGTA,2
AAGGTACAGGAGAACA,6
AAGGTACAGGTGCGAA,6
AAGGTACAGTACGCAA,6
AAGGTACAGTCGTAGA,6
AAGGTACAGTCTGTCA,6
AAGGTACAGTGTTCTA,2
AAGGTACATAGGATGA,2
AAGGTACATATCAGCA,6
AAGGTACATCCGTCTA,6
AAGGTACATCTTCACA,6
AAGGTACATGAAGAGA,2
AAGGTACATGGAACAA,2
AAGGTACATGGCTTCA,6
AAGGTACATGGTGGTA,6
AAGGTACATTCACGCA,6
AAGGTACAAACTCACC,6
AAGGTACAAAGAGATC,9
AAGGTACAAAGGACAC,2
AAGGTACAAATCCGTC,1
AAGGTACAAATGTTGC,1
AAGGTACAACACGACC,1
AAGGTACAACAGATTC,6
AAGGTACAAGATGTAC,2
AAGGTACAAGCACCTC,2
AAGGTACAAGCCATGC,2
AAGGTACAAGGCTAAC,2
AAGGTACACATCAAGT,5
AAGGTACAATAGCGAC,2
AAGGTACAATCATTCC,2
AAGGTACAATTGGCTC,2
AAGGTACACAAGGAGC,2
AAGGTACACACCTTAC,2
AAGGTACACCATCCTC,2
AAGGTACACCGACAAC,2
AAGGTACACCTAATCC,2
AAGGTACACCTCTATC,2
AAGGTACACGACACAC,2
AAGGTACACGCTGATC,5
AAGGTACACGGATTGC,2
AAGGTACACTAAGGTC,2
AAGGTACAGAACAGGC,2
AAGGTACAGACAGTGC,2
AAGGTACAGAGTTAGC,2
AAGGTACAGATGAATC,9
AAGGTACAGCCAAGAC,9
AAGGTACACGGAAGAA,9
AAGGTACAGTGACAAG,9
AAGGTACAGAACCAGA,9
AAGACGGAACAAGCTA,5
AAGACGGATTGCTGGA,9
AAGACGGACTGTAGCC,5
AAGACGGAAGTACAAG,5
AAGACGGAAACAACCA,4
AAGACGGAAACCGAGA,4
AAGACGGAAACGCTTA,4
AAGACGGAAAGACGGA,4
AAGACGGAAAGGTACA,4
AAGACGGAACACAGAA,7
AAGACGGAACAGCAGA,4
AAGACGGAACCTCCAA,4
AAGACGGAACGCTCGA,4
AAGACGGAACGTATCA,4
AAGACGGAACTATGCA,4
AAGACGGAAGAGTCAA,4
AAGACGGAAGATCGCA,4
AAGACGGAAGCAGGAA,4
AAGACGGAAGTCACTA,4
AAGACGGAATCCTGTA,4
AAGACGGAATTGAGGA,4
AAGACGGACAACCACA,4
AAGACGGAGACTAGTA,4
AAGACGGACAATGGAA,4
AAGACGGACACTTCGA,4
AAGACGGACAGCGTTA,4
AAGACGGACATACCAA,4
AAGACGGACCAGTTCA,4
AAGACGGACCGAAGTA,4
AAGACGGACCGTGAGA,4
AAGACGGACCTCCTGA,4
AAGACGGACGAACTTA,6
AAGACGGACGACTGGA,6
AAGACGGACGCATACA,6
AAGACGGACTCAATGA,6
AAGACGGACTGAGCCA,6
AAGACGGACTGGCATA,6
AAGACGGAGAATCTGA,6
AAGACGGACAAGACTA,6
AAGACGGAGAGCTGAA,6
AAGACGGAGATAGACA,6
AAGACGGAGCCACATA,6
AAGACGGAGCGAGTAA,6
AAGACGGAGCTAACGA,6
AAGACGGAGCTCGGTA,6
AAGACGGAGGAGAACA,4
AAGACGGAGGTGCGAA,5
AAGACGGAGTACGCAA,6
AAGACGGAGTCGTAGA,6
AAGACGGAGTCTGTCA,6
AAGACGGAGTGTTCTA,6
AAGACGGATAGGATGA,6
AAGACGGATATCAGCA,6
AAGACGGATCCGTCTA,6
AAGACGGATCTTCACA,6
AAGACGGATGAAGAGA,2
AAGACGGATGGAACAA,6
AAGACGGATGGCTTCA,6
AAGACGGATGGTGGTA,6
AAGACGGATTCACGCA,6
AAGACGGAAACTCACC,6
AAGACGGAAAGAGATC,2
AAGACGGAAAGGACAC,2
AAGACGGAAATCCGTC,2
AAGACGGAAATGTTGC,2
AAGACGGAACACGACC,2
AAGACGGAACAGATTC,2
AAGACGGAAGATGTAC,2
AAGACGGAAGCACCTC,2
AAGACGGAAGCCATGC,2
AAGACGGAAGGCTAAC,2
AAGACGGACATCAAGT,5
AAGACGGAATAGCGAC,2
AAGACGGAATCATTCC,2
AAGACGGAATTGGCTC,2
AAGACGGACAAGGAGC,2
AAGACGGACACCTTAC,2
AAGACGGACCATCCTC,2
AAGACGGACCGACAAC,2
AAGACGGACCTAATCC,2
AAGACGGACCTCTATC,2
AAGACGGACGACACAC,2
AAGACGGACGCTGATC,5
AAGACGGACGGATTGC,2
AAGACGGACTAAGGTC,2
AAGACGGAGAACAGGC,2
AAGACGGAGACAGTGC,2
AAGACGGAGAGTTAGC,2
AAGACGGAGATGAATC,9
AAGACGGAGCCAAGAC,9
AAGACGGACGGAAGAA,9
AAGACGGAGTGACAAG,9
AAGACGGAGAACCAGA,9
AACGCTTAACAAGCTA,5
AACGCTTATTGCTGGA,9
AACGCTTACTGTAGCC,5
AACGCTTAAGTACAAG,5
AACGCTTAAACAACCA,5
AACGCTTAAACCGAGA,4
AACGCTTAAACGCTTA,4
AACGCTTAAAGACGGA,4
AACGCTTAAAGGTACA,4
AACGCTTAACACAGAA,7
AACGCTTAACAGCAGA,7
AACGCTTAACCTCCAA,7
AACGCTTAACGCTCGA,4
AACGCTTAACGTATCA,4
AACGCTTAACTATGCA,4
AACGCTTAAGAGTCAA,4
AACGCTTAAGATCGCA,4
AACGCTTAAGCAGGAA,4
AACGCTTAAGTCACTA,4
AACGCTTAATCCTGTA,4
AACGCTTAATTGAGGA,4
AACGCTTACAACCACA,4
AACGCTTAGACTAGTA,4
AACGCTTACAATGGAA,4
AACGCTTACACTTCGA,4
AACGCTTACAGCGTTA,4
AACGCTTACATACCAA,4
AACGCTTACCAGTTCA,4
AACGCTTACCGAAGTA,4
AACGCTTACCGTGAGA,4
AACGCTTACCTCCTGA,4
AACGCTTACGAACTTA,4
AACGCTTACGACTGGA,4
AACGCTTACGCATACA,6
AACGCTTACTCAATGA,6
AACGCTTACTGAGCCA,6
AACGCTTACTGGCATA,6
AACGCTTAGAATCTGA,6
AACGCTTACAAGACTA,6
AACGCTTAGAGCTGAA,6
AACGCTTAGATAGACA,6
AACGCTTAGCCACATA,6
AACGCTTAGCGAGTAA,6
AACGCTTAGCTAACGA,6
AACGCTTAGCTCGGTA,1
AACGCTTAGGAGAACA,6
AACGCTTAGGTGCGAA,6
AACGCTTAGTACGCAA,6
AACGCTTAGTCGTAGA,6
AACGCTTAGTCTGTCA,6
AACGCTTAGTGTTCTA,6
AACGCTTATAGGATGA,2
AACGCTTATATCAGCA,6
AACGCTTATCCGTCTA,6
AACGCTTATCTTCACA,6
AACGCTTATGAAGAGA,6
AACGCTTATGGAACAA,6
AACGCTTATGGCTTCA,6
AACGCTTATGGTGGTA,6
AACGCTTATTCACGCA,6
AACGCTTAAACTCACC,6
AACGCTTAAAGAGATC,6
AACGCTTAAAGGACAC,2
AACGCTTAAATCCGTC,2
AACGCTTAAATGTTGC,2
AACGCTTAACACGACC,2
AACGCTTAACAGATTC,2
AACGCTTAAGATGTAC,2
AACGCTTAAGCACCTC,2
AACGCTTAAGCCATGC,2
AACGCTTAAGGCTAAC,2
AACGCTTAATAGCGAC,2
AACGCTTAATCATTCC,2
AACGCTTAATTGGCTC,2
AACGCTTACAAGGAGC,2
AACGCTTACACCTTAC,2
AACGCTTACCATCCTC,2
AACGCTTACCGACAAC,2
AACGCTTACCTAATCC,2
AACGCTTACCTCTATC,2
AACGCTTACGACACAC,2
AACGCTTACGCTGATC,5
AACGCTTACGGATTGC,2
AACGCTTACTAAGGTC,2
AACGCTTAGAACAGGC,2
AACGCTTAGACAGTGC,2
AACGCTTAGAGTTAGC,2
AACGCTTAGATGAATC,9
AACGCTTAGCCAAGAC,9
AACGCTTACGGAAGAA,9
AACGCTTAGTGACAAG,9
AACGCTTAGAACCAGA,2
AACCGAGAACAAGCTA,5
AACCGAGATTGCTGGA,9
AACCGAGACTGTAGCC,5
AACCGAGAAGTACAAG,5
AACCGAGAAACAACCA,5
AACCGAGAAACCGAGA,4
AACCGAGAAACGCTTA,4
AACCGAGAAAGACGGA,4
AACCGAGAAAGGTACA,4
AACCGAGAACACAGAA,4
AACCGAGAACAGCAGA,7
AACCGAGAACCTCCAA,4
AACCGAGAACGCTCGA,4
AACCGAGAACGTATCA,4
AACCGAGAACTATGCA,4
AACCGAGAAGAGTCAA,4
AACCGAGAAGATCGCA,4
AACCGAGAAGCAGGAA,4
AACCGAGAAGTCACTA,4
AACCGAGAATCCTGTA,4
AACCGAGAATTGAGGA,4
AACCGAGACAACCACA,4
AACCGAGAGACTAGTA,4
AACCGAGACAATGGAA,4
AACCGAGACACTTCGA,4
AACCGAGACAGCGTTA,4
AACCGAGACATACCAA,4
AACCGAGACCAGTTCA,4
AACCGAGACCGAAGTA,4
AACCGAGACCGTGAGA,4
AACCGAGACCTCCTGA,4
AACCGAGACGAACTTA,4
AACCGAGACGACTGGA,4
AACCGAGACGCATACA,6
AACCGAGACTCAATGA,6
AACCGAGACTGAGCCA,6
AACCGAGACTGGCATA,6
AACCGAGAGAATCTGA,6
AACCGAGACAAGACTA,6
AACCGAGAGAGCTGAA,1
AACCGAGAGATAGACA,6
AACCGAGAGCCACATA,6
AACCGAGAGCGAGTAA,6
AACCGAGAGCTAACGA,6
AACCGAGAGCTCGGTA,6
AACCGAGAGGAGAACA,6
AACCGAGAGGTGCGAA,6
AACCGAGAGTACGCAA,6
AACCGAGAGTCGTAGA,6
AACCGAGAGTCTGTCA,6
AACCGAGAGTGTTCTA,6
AACCGAGATAGGATGA,6
AACCGAGATATCAGCA,6
AACCGAGATCCGTCTA,6
AACCGAGATCTTCACA,6
AACCGAGATGAAGAGA,6
AACCGAGATGGAACAA,6
AACCGAGATGGCTTCA,6
AACCGAGATGGTGGTA,6
AACCGAGATTCACGCA,6
AACCGAGAAACTCACC,6
AACCGAGAAAGAGATC,6
AACCGAGAAAGGACAC,6
AACCGAGAAATCCGTC,2
AACCGAGAAATGTTGC,2
AACCGAGAACACGACC,2
AACCGAGAACAGATTC,2
AACCGAGAAGATGTAC,2
AACCGAGAAGCACCTC,2
AACCGAGAAGCCATGC,2
AACCGAGAAGGCTAAC,2
AACCGAGAATAGCGAC,2
AACCGAGAATCATTCC,2
AACCGAGAATTGGCTC,2
AACCGAGACAAGGAGC,2
AACCGAGACACCTTAC,2
AACCGAGACCATCCTC,2
AACCGAGACCGACAAC,2
AACCGAGACCTAATCC,2
AACCGAGACCTCTATC,2
AACCGAGACGACACAC,2
AACCGAGACGCTGATC,5
AACCGAGACGGATTGC,2
AACCGAGACTAAGGTC,2
AACCGAGAGAACAGGC,2
AACCGAGAGACAGTGC,2
AACCGAGAGAGTTAGC,2
AACCGAGAGATGAATC,9
AACCGAGAGCCAAGAC,9
AACCGAGACGGAAGAA,9
AACCGAGAGTGACAAG,9
AACCGAGAGAACCAGA,9
AACAACCAACAAGCTA,5
AACAACCATTGCTGGA,9
AACAACCACTGTAGCC,5
AACAACCAAGTACAAG,5
AACAACCAAACAACCA,5
AACAACCAAACCGAGA,5
AACAACCAAACGCTTA,4
AACAACCAAAGACGGA,4
AACAACCAAAGGTACA,4
AACAACCAACACAGAA,4
AACAACCAACAGCAGA,4
AACAACCAACCTCCAA,4
AACAACCAACGCTCGA,4
AACAACCAACGTATCA,4
AACAACCAACTATGCA,4
AACAACCAAGAGTCAA,4
AACAACCAAGATCGCA,4
AACAACCAAGCAGGAA,4
AACAACCAAGTCACTA,4
AACAACCAATCCTGTA,4
AACAACCAATTGAGGA,4
AACAACCACAACCACA,4
AACAACCAGACTAGTA,4
AACAACCACAATGGAA,4
AACAACCACACTTCGA,4
AACAACCACAGCGTTA,4
AACAACCACATACCAA,4
AACAACCACCAGTTCA,4
AACAACCACCGAAGTA,4
AACAACCACCGTGAGA,4
AACAACCACCTCCTGA,4
AACAACCACGAACTTA,4
AACAACCACGACTGGA,4
AACAACCACGCATACA,4
AACAACCACTCAATGA,6
AACAACCACTGAGCCA,6
AACAACCACTGGCATA,6
AACAACCAGAATCTGA,6
AACAACCACAAGACTA,6
AACAACCAGAGCTGAA,6
AACAACCAGATAGACA,6
AACAACCAGCCACATA,6
AACAACCAGCGAGTAA,6
AACAACCAGCTAACGA,6
AACAACCAGCTCGGTA,6
AACAACCAGGAGAACA,6
AACAACCAGGTGCGAA,6
AACAACCAGTACGCAA,6
AACAACCAGTCGTAGA,6
AACAACCAGTCTGTCA,6
AACAACCAGTGTTCTA,6
AACAACCATAGGATGA,2
AACAACCATATCAGCA,6
AACAACCATCCGTCTA,6
AACAACCATCTTCACA,6
AACAACCATGAAGAGA,6
AACAACCATGGAACAA,6
AACAACCATGGCTTCA,6
AACAACCATGGTGGTA,6
AACAACCATTCACGCA,6
AACAACCAAACTCACC,6
AACAACCAAAGAGATC,6
AACAACCAAAGGACAC,6
AACAACCAAATCCGTC,2
AACAACCAAATGTTGC,2
AACAACCAACACGACC,2
AACAACCAACAGATTC,2
AACAACCAAGATGTAC,2
AACAACCAAGCACCTC,2
AACAACCAAGCCATGC,2
AACAACCAAGGCTAAC,2
AACAACCAATAGCGAC,2
AACAACCAATCATTCC,2
AACAACCAATTGGCTC,2
AACAACCACAAGGAGC,2
AACAACCACACCTTAC,2
AACAACCACCATCCTC,2
AACAACCACCGACAAC,2
AACAACCACCTAATCC,2
AACAACCACCTCTATC,2
AACAACCACGACACAC,2
AACAACCACGGATTGC,2
AACAACCACTAAGGTC,2
AACAACCAGAACAGGC,2
AACAACCAGACAGTGC,2
AACAACCAGAGTTAGC,2
AACAACCAGATGAATC,9
AACAACCAGCCAAGAC,9
AACAACCACGGAAGAA,9
AACAACCAGTGACAAG,9
AACAACCAGAACCAGA,9
AGTACAAGTTGCTGGA,9
AGTACAAGCTGTAGCC,5
AGTACAAGAGTACAAG,5
AGTACAAGAACAACCA,5
AGTACAAGAACCGAGA,5
AGTACAAGAACGCTTA,4
AGTACAAGAAGACGGA,4
AGTACAAGAAGGTACA,4
AGTACAAGACACAGAA,4
AGTACAAGACAGCAGA,4
AGTACAAGACCTCCAA,4
AGTACAAGACGCTCGA,4
AGTACAAGACGTATCA,4
AGTACAAGACTATGCA,4
AGTACAAGAGAGTCAA,4
AGTACAAGAGATCGCA,4
AGTACAAGAGCAGGAA,4
AGTACAAGAGTCACTA,4
AGTACAAGATCCTGTA,4
AGTACAAGATTGAGGA,4
AGTACAAGCAACCACA,4
AGTACAAGGACTAGTA,4
AGTACAAGCAATGGAA,4
AGTACAAGCACTTCGA,4
AGTACAAGCAGCGTTA,4
AGTACAAGCATACCAA,4
AGTACAAGCCAGTTCA,4
AGTACAAGCCGAAGTA,4
AGTACAAGCCGTGAGA,4
AGTACAAGCCTCCTGA,4
AGTACAAGCGAACTTA,4
AGTACAAGCGACTGGA,4
AGTACAAGCGCATACA,4
AGTACAAGCTCAATGA,4
AGTACAAGCTGAGCCA,6
AGTACAAGCTGGCATA,6
AGTACAAGGAATCTGA,6
AGTACAAGCAAGACTA,6
AGTACAAGGAGCTGAA,6
AGTACAAGGATAGACA,6
AGTACAAGGCCACATA,6
AGTACAAGGCGAGTAA,6
AGTACAAGGCTAACGA,6
AGTACAAGGCTCGGTA,1
AGTACAAGGGAGAACA,5
AGTACAAGGGTGCGAA,6
AGTACAAGGTACGCAA,6
AGTACAAGGTCGTAGA,4
AGTACAAGGTCTGTCA,6
AGTACAAGGTGTTCTA,5
AGTACAAGTAGGATGA,6
AGTACAAGTATCAGCA,6
AGTACAAGTCCGTCTA,6
AGTACAAGTCTTCACA,6
AGTACAAGTGAAGAGA,6
AGTACAAGTGGAACAA,6
AGTACAAGTGGCTTCA,6
AGTACAAGTGGTGGTA,2
AGTACAAGTTCACGCA,2
AGTACAAGAACTCACC,2
AGTACAAGAAGAGATC,2
AGTACAAGAAGGACAC,6
AGTACAAGAATCCGTC,2
AGTACAAGAATGTTGC,2
AGTACAAGACACGACC,2
AGTACAAGACAGATTC,2
AGTACAAGAGATGTAC,2
AGTACAAGAGCACCTC,2
AGTACAAGAGCCATGC,2
AGTACAAGAGGCTAAC,2
AGTACAAGATAGCGAC,2
AGTACAAGATCATTCC,2
AGTACAAGATTGGCTC,2
AGTACAAGCAAGGAGC,2
AGTACAAGCACCTTAC,2
AGTACAAGCCATCCTC,2
AGTACAAGCCGACAAC,2
AGTACAAGCCTAATCC,2
AGTACAAGCCTCTATC,2
AGTACAAGCGACACAC,2
AGTACAAGCGGATTGC,2
AGTACAAGCTAAGGTC,2
AGTACAAGGAACAGGC,2
AGTACAAGGACAGTGC,2
AGTACAAGGAGTTAGC,2
AGTACAAGGATGAATC,9
AGTACAAGGCCAAGAC,9
AGTACAAGCGGAAGAA,9
AGTACAAGGTGACAAG,9
AGTACAAGGAACCAGA,9
GACAGTGCTTGCTGGA,4
GACAGTGCACGCTCGA,7
GACAGTGCACGTATCA,7
GACAGTGCACTATGCA,7
GACAGTGCAGAGTCAA,7
GACAGTGCAGATCGCA,7
GACAGTGCAGCAGGAA,7
GACAGTGCAGTCACTA,7
GACAGTGCATCCTGTA,7
GACAGTGCATTGAGGA,7
GACAGTGCCAACCACA,7
GACAGTGCGACTAGTA,7
GACAGTGCCAATGGAA,7
GACAGTGCCACTTCGA,7
GACAGTGCCAGCGTTA,7
GACAGTGCCATACCAA,7
GACAGTGCCCAGTTCA,7
GACAGTGCCCGAAGTA,3
GACAGTGCCCGTGAGA,3
GACAGTGCCCTCCTGA,4
GACAGTGCCGAACTTA,3
GACAGTGCCGACTGGA,3
GACAGTGCCGCATACA,3
GACAGTGCCTCAATGA,3
GACAGTGCCTGAGCCA,3
GACAGTGCCTGGCATA,3
GACAGTGCGAATCTGA,4
GACAGTGCCAAGACTA,4
GACAGTGCGAGCTGAA,4
GACAGTGCGATAGACA,4
GACAGTGCGCCACATA,4
GACAGTGCGCGAGTAA,4
GACAGTGCGCTAACGA,8
GACAGTGCGCTCGGTA,4
GACAGTGCGGAGAACA,4
GACAGTGCGGTGCGAA,4
GACAGTGCGTACGCAA,4
GACAGTGCGTCGTAGA,4
GACAGTGCGTCTGTCA,4
GACAGTGCGTGTTCTA,4
GACAGTGCTAGGATGA,8
GACAGTGCTATCAGCA,4
GACAGTGCTCCGTCTA,4
GACAGTGCTCTTCACA,8
GACAGTGCTGAAGAGA,8
GACAGTGCTGGAACAA,8
GACAGTGCTGGCTTCA,4
GACAGTGCTGGTGGTA,4
GACAGTGCTTCACGCA,4
GACAGTGCAACTCACC,8
GACAGTGCAAGAGATC,8
GACAGTGCAAGGACAC,8
GACAGTGCAATCCGTC,8
GACAGTGCAATGTTGC,8
GACAGTGCACACGACC,8
GACAGTGCACAGATTC,8
GACAGTGCAGATGTAC,8
GACAGTGCAGCACCTC,8
GACAGTGCAGCCATGC,8
GACAGTGCAGGCTAAC,8
GACAGTGCATAGCGAC,8
GACAGTGCATCATTCC,8
GACAGTGCATTGGCTC,4
GACAGTGCCAAGGAGC,4
GACAGTGCCACCTTAC,4
GACAGTGCCCATCCTC,4
GACAGTGCCCGACAAC,4
GACAGTGCCCTAATCC,4
GACAGTGCCCTCTATC,4
GACAGTGCCGACACAC,3
GACAGTGCCGGATTGC,3
GACAGTGCCTAAGGTC,7
GACAGTGCGAACAGGC,7
GACAGTGCGACAGTGC,7
GACAGTGCGAGTTAGC,7
GACAGTGCGATGAATC,5
GACAGTGCGCCAAGAC,5
GACAGTGCCGGAAGAA,5
GACAGTGCGTGACAAG,5
GACAGTGCGAACCAGA,5
CTGTAGCCTTGCTGGA,9
CTGTAGCCAGTACAAG,5
CTGTAGCCAACAACCA,5
CTGTAGCCAACCGAGA,5
CTGTAGCCAACGCTTA,4
CTGTAGCCAAGACGGA,4
CTGTAGCCAAGGTACA,4
CTGTAGCCACACAGAA,4
CTGTAGCCACAGCAGA,4
CTGTAGCCACCTCCAA,4
CTGTAGCCACGCTCGA,4
CTGTAGCCACGTATCA,4
CTGTAGCCACTATGCA,4
CTGTAGCCAGAGTCAA,4
CTGTAGCCAGATCGCA,4
CTGTAGCCAGCAGGAA,4
CTGTAGCCAGTCACTA,4
CTGTAGCCATCCTGTA,4
CTGTAGCCATTGAGGA,4
CTGTAGCCCAACCACA,4
CTGTAGCCGACTAGTA,4
CTGTAGCCCAATGGAA,4
CTGTAGCCCACTTCGA,4
CTGTAGCCCAGCGTTA,4
CTGTAGCCCATACCAA,4
CTGTAGCCCCAGTTCA,4
CTGTAGCCCCGAAGTA,4
CTGTAGCCCCGTGAGA,4
CTGTAGCCCCTCCTGA,4
CTGTAGCCCGAACTTA,4
CTGTAGCCCGACTGGA,4
CTGTAGCCCGCATACA,4
CTGTAGCCCTCAATGA,4
CTGTAGCCCTGAGCCA,4
CTGTAGCCCTGGCATA,6
CTGTAGCCGAATCTGA,6
CTGTAGCCCAAGACTA,6
CTGTAGCCGAGCTGAA,6
CTGTAGCCGATAGACA,6
CTGTAGCCGCCACATA,6
CTGTAGCCGCGAGTAA,6
CTGTAGCCGCTAACGA,6
CTGTAGCCGCTCGGTA,5
CTGTAGCCGGAGAACA,6
CTGTAGCCGGTGCGAA,6
CTGTAGCCGTACGCAA,6
CTGTAGCCGTCGTAGA,6
CTGTAGCCGTCTGTCA,6
CTGTAGCCGTGTTCTA,6
CTGTAGCCTAGGATGA,6
CTGTAGCCTATCAGCA,6
CTGTAGCCTCCGTCTA,6
CTGTAGCCTCTTCACA,6
CTGTAGCCTGAAGAGA,6
CTGTAGCCTGGAACAA,6
CTGTAGCCTGGCTTCA,2
CTGTAGCCTGGTGGTA,2
CTGTAGCCTTCACGCA,2
CTGTAGCCAACTCACC,2
CTGTAGCCAAGAGATC,2
CTGTAGCCAAGGACAC,2
CTGTAGCCAATCCGTC,2
CTGTAGCCAATGTTGC,2
CTGTAGCCACACGACC,2
CTGTAGCCACAGATTC,2
CTGTAGCCAGATGTAC,2
CTGTAGCCAGCACCTC,2
CTGTAGCCAGCCATGC,2
CTGTAGCCAGGCTAAC,2
CTGTAGCCATAGCGAC,2
CTGTAGCCATCATTCC,2
CTGTAGCCATTGGCTC,2
CTGTAGCCCAAGGAGC,2
CTGTAGCCCACCTTAC,2
CTGTAGCCCCATCCTC,2
CTGTAGCCCCGACAAC,2
CTGTAGCCCCTAATCC,2
CTGTAGCCCCTCTATC,2
CTGTAGCCCGACACAC,2
CTGTAGCCCGGATTGC,2
CTGTAGCCCTAAGGTC,2
CTGTAGCCGAACAGGC,2
CTGTAGCCGACAGTGC,2
CTGTAGCCGAGTTAGC,9
CTGTAGCCGATGAATC,9
CTGTAGCCGCCAAGAC,9
CTGTAGCCCGGAAGAA,9
CTGTAGCCGTGACAAG,9
CTGTAGCCGAACCAGA,9
ACAAGCTATTGCTGGA,9
ACAAGCTAAGTACAAG,5
ACAAGCTAAACAACCA,5
ACAAGCTAAACCGAGA,5
ACAAGCTAAACGCTTA,5
ACAAGCTAAAGACGGA,4
ACAAGCTAAAGGTACA,4
ACAAGCTAACACAGAA,4
ACAAGCTAACAGCAGA,4
ACAAGCTAACCTCCAA,4
ACAAGCTAACGCTCGA,4
ACAAGCTAACGTATCA,4
ACAAGCTAACTATGCA,4
ACAAGCTAAGAGTCAA,4
ACAAGCTAAGATCGCA,4
ACAAGCTAAGCAGGAA,4
ACAAGCTAAGTCACTA,4
ACAAGCTAATCCTGTA,4
ACAAGCTAATTGAGGA,4
ACAAGCTACAACCACA,4
ACAAGCTAGACTAGTA,4
ACAAGCTACAATGGAA,4
ACAAGCTACACTTCGA,4
ACAAGCTACAGCGTTA,4
ACAAGCTACATACCAA,4
ACAAGCTACCAGTTCA,4
ACAAGCTACCGAAGTA,4
ACAAGCTACCGTGAGA,4
ACAAGCTACCTCCTGA,4
ACAAGCTACGAACTTA,4
ACAAGCTACGACTGGA,4
ACAAGCTACGCATACA,4
ACAAGCTACTCAATGA,4
ACAAGCTACTGAGCCA,4
ACAAGCTACTGGCATA,2
ACAAGCTAGAATCTGA,2
ACAAGCTACAAGACTA,2
ACAAGCTAGAGCTGAA,2
ACAAGCTAGATAGACA,6
ACAAGCTAGCCACATA,6
ACAAGCTAGCGAGTAA,6
ACAAGCTAGCTAACGA,6
ACAAGCTAGCTCGGTA,6
ACAAGCTAGGAGAACA,6
ACAAGCTAGGTGCGAA,6
ACAAGCTAGTACGCAA,6
ACAAGCTAGTCGTAGA,6
ACAAGCTAGTCTGTCA,6
ACAAGCTAGTGTTCTA,6
ACAAGCTATAGGATGA,6
ACAAGCTATATCAGCA,6
ACAAGCTATCCGTCTA,6
ACAAGCTATCTTCACA,6
ACAAGCTATGAAGAGA,6
ACAAGCTATGGAACAA,6
ACAAGCTATGGCTTCA,6
ACAAGCTATGGTGGTA,2
ACAAGCTATTCACGCA,2
ACAAGCTAAACTCACC,2
ACAAGCTAAAGAGATC,2
ACAAGCTAAAGGACAC,2
ACAAGCTAAATCCGTC,2
ACAAGCTAAATGTTGC,2
ACAAGCTAACACGACC,2
ACAAGCTAACAGATTC,2
ACAAGCTAAGATGTAC,2
ACAAGCTAAGCACCTC,2
ACAAGCTAAGCCATGC,2
ACAAGCTAAGGCTAAC,2
ACAAGCTAATAGCGAC,2
ACAAGCTAATCATTCC,2
ACAAGCTAATTGGCTC,2
ACAAGCTACAAGGAGC,2
ACAAGCTACACCTTAC,2
ACAAGCTACCATCCTC,2
ACAAGCTACCGACAAC,2
ACAAGCTACCTAATCC,2
ACAAGCTACCTCTATC,2
ACAAGCTACGACACAC,2
ACAAGCTACGGATTGC,2
ACAAGCTACTAAGGTC,2
ACAAGCTAGAACAGGC,2
ACAAGCTAGACAGTGC,2
ACAAGCTAGAGTTAGC,9
ACAAGCTAGATGAATC,9
ACAAGCTAGCCAAGAC,9
ACAAGCTACGGAAGAA,9
ACAAGCTAGTGACAAG,9
ACAAGCTAGAACCAGA,9
CGCTGATCTTGCTGGA,9
CGCTGATCAGTACAAG,5
CGCTGATCAACAACCA,5
CGCTGATCAACCGAGA,5
CGCTGATCAACGCTTA,5
CGCTGATCAAGACGGA,4
CGCTGATCAAGGTACA,4
CGCTGATCACACAGAA,4
CGCTGATCACAGCAGA,4
CGCTGATCACCTCCAA,4
CGCTGATCACGCTCGA,4
CGCTGATCACGTATCA,4
CGCTGATCACTATGCA,4
CGCTGATCAGAGTCAA,4
CGCTGATCAGATCGCA,4
CGCTGATCAGCAGGAA,4
CGCTGATCAGTCACTA,4
CGCTGATCATCCTGTA,4
CGCTGATCATTGAGGA,4
CGCTGATCCAACCACA,4
CGCTGATCGACTAGTA,4
CGCTGATCCAATGGAA,4
CGCTGATCCACTTCGA,4
CGCTGATCCAGCGTTA,4
CGCTGATCCATACCAA,4
CGCTGATCCCAGTTCA,4
CGCTGATCCCGAAGTA,4
CGCTGATCCCGTGAGA,4
CGCTGATCCCTCCTGA,4
CGCTGATCCGAACTTA,4
CGCTGATCCGACTGGA,4
CGCTGATCCGCATACA,4
CGCTGATCCTCAATGA,4
CGCTGATCCTGAGCCA,4
CGCTGATCCTGGCATA,4
CGCTGATCGAATCTGA,2
CGCTGATCCAAGACTA,2
CGCTGATCGAGCTGAA,2
CGCTGATCGATAGACA,6
CGCTGATCGCCACATA,6
CGCTGATCGCGAGTAA,6
CGCTGATCGCTAACGA,6
CGCTGATCGCTCGGTA,6
CGCTGATCGGAGAACA,6
CGCTGATCGGTGCGAA,6
CGCTGATCGTACGCAA,6
CGCTGATCGTCGTAGA,6
CGCTGATCGTCTGTCA,6
CGCTGATCGTGTTCTA,6
CGCTGATCTAGGATGA,6
CGCTGATCTATCAGCA,6
CGCTGATCTCCGTCTA,6
CGCTGATCTCTTCACA,6
CGCTGATCTGAAGAGA,6
CGCTGATCTGGAACAA,6
CGCTGATCTGGCTTCA,6
CGCTGATCTGGTGGTA,2
CGCTGATCTTCACGCA,2
CGCTGATCAACTCACC,2
CGCTGATCAAGAGATC,2
CGCTGATCAAGGACAC,2
CGCTGATCAATCCGTC,2
CGCTGATCAATGTTGC,2
CGCTGATCACACGACC,2
CGCTGATCACAGATTC,2
CGCTGATCAGATGTAC,2
CGCTGATCAGCACCTC,2
CGCTGATCAGCCATGC,2
CGCTGATCAGGCTAAC,2
CGCTGATCATAGCGAC,2
CGCTGATCATCATTCC,2
CGCTGATCATTGGCTC,2
CGCTGATCCAAGGAGC,2
CGCTGATCCACCTTAC,2
CGCTGATCCCATCCTC,2
CGCTGATCCCGACAAC,2
CGCTGATCCCTAATCC,2
CGCTGATCCCTCTATC,2
CGCTGATCCGACACAC,2
CGCTGATCCGGATTGC,2
CGCTGATCCTAAGGTC,2
CGCTGATCGAACAGGC,2
CGCTGATCGACAGTGC,2
CGCTGATCGAGTTAGC,9
CGCTGATCGATGAATC,9
CGCTGATCGCCAAGAC,9
CGCTGATCCGGAAGAA,9
CGCTGATCGTGACAAG,9
CGCTGATCGAACCAGA,9
CATCAAGTTTGCTGGA,9
CATCAAGTAACAACCA,5
CATCAAGTAACCGAGA,5
CATCAAGTAACGCTTA,5
CATCAAGTAAGACGGA,4
CATCAAGTAAGGTACA,4
CATCAAGTACACAGAA,4
CATCAAGTACAGCAGA,4
CATCAAGTACCTCCAA,4
CATCAAGTACGCTCGA,4
CATCAAGTACGTATCA,4
CATCAAGTACTATGCA,4
CATCAAGTAGAGTCAA,4
CATCAAGTAGATCGCA,4
CATCAAGTAGCAGGAA,4
CATCAAGTAGTCACTA,4
CATCAAGTATCCTGTA,4
CATCAAGTATTGAGGA,4
CATCAAGTCAACCACA,4
CATCAAGTGACTAGTA,4
CATCAAGTCAATGGAA,4
CATCAAGTCACTTCGA,4
CATCAAGTCAGCGTTA,4
CATCAAGTCATACCAA,4
CATCAAGTCCAGTTCA,4
CATCAAGTCCGAAGTA,4
CATCAAGTCCGTGAGA,4
CATCAAGTCCTCCTGA,4
CATCAAGTCGAACTTA,4
CATCAAGTCGACTGGA,4
CATCAAGTCGCATACA,4
CATCAAGTCTCAATGA,4
CATCAAGTCTGAGCCA,4
CATCAAGTCTGGCATA,4
CATCAAGTGAATCTGA,2
CATCAAGTCAAGACTA,2
CATCAAGTGAGCTGAA,2
CATCAAGTGATAGACA,2
CATCAAGTGCCACATA,6
CATCAAGTGCGAGTAA,6
CATCAAGTGCTAACGA,6
CATCAAGTGCTCGGTA,6
CATCAAGTGGAGAACA,6
CATCAAGTGGTGCGAA,6
CATCAAGTGTACGCAA,6
CATCAAGTGTCGTAGA,6
CATCAAGTGTCTGTCA,6
CATCAAGTGTGTTCTA,6
CATCAAGTTAGGATGA,6
CATCAAGTTATCAGCA,1
CATCAAGTTCCGTCTA,6
CATCAAGTTCTTCACA,6
CATCAAGTTGAAGAGA,6
CATCAAGTTGGAACAA,6
CATCAAGTTGGCTTCA,6
CATCAAGTTGGTGGTA,2
CATCAAGTTTCACGCA,2
CATCAAGTAACTCACC,2
CATCAAGTAAGAGATC,2
CATCAAGTAAGGACAC,2
CATCAAGTAATCCGTC,2
CATCAAGTAATGTTGC,2
CATCAAGTACACGACC,2
CATCAAGTACAGATTC,2
CATCAAGTAGATGTAC,2
CATCAAGTAGCACCTC,2
CATCAAGTAGCCATGC,2
CATCAAGTAGGCTAAC,2
CATCAAGTATAGCGAC,2
CATCAAGTATCATTCC,2
CATCAAGTATTGGCTC,2
CATCAAGTCAAGGAGC,2
CATCAAGTCACCTTAC,2
CATCAAGTCCATCCTC,2
CATCAAGTCCGACAAC,2
CATCAAGTCCTAATCC,2
CATCAAGTCCTCTATC,2
CATCAAGTCGACACAC,9
CATCAAGTCGGATTGC,2
CATCAAGTCTAAGGTC,9
CATCAAGTGAACAGGC,9
CATCAAGTGACAGTGC,9
CATCAAGTGAGTTAGC,9
CATCAAGTGATGAATC,9
CATCAAGTGCCAAGAC,9
CATCAAGTCGGAAGAA,9
CATCAAGTGTGACAAG,9
CATCAAGTGAACCAGA,9
CAGATCTGTTGCTGGA,9
CAGATCTGAACAACCA,5
CAGATCTGAACCGAGA,5
CAGATCTGAACGCTTA,5
CAGATCTGAAGACGGA,5
CAGATCTGAAGGTACA,4
CAGATCTGACACAGAA,4
CAGATCTGACAGCAGA,4
CAGATCTGACCTCCAA,4
CAGATCTGACGCTCGA,4
CAGATCTGACGTATCA,4
CAGATCTGACTATGCA,4
CAGATCTGAGAGTCAA,4
CAGATCTGAGATCGCA,4
CAGATCTGAGCAGGAA,4
CAGATCTGAGTCACTA,4
CAGATCTGATCCTGTA,4
CAGATCTGATTGAGGA,4
CAGATCTGCAACCACA,4
CAGATCTGGACTAGTA,4
CAGATCTGCAATGGAA,4
CAGATCTGCACTTCGA,4
CAGATCTGCAGCGTTA,4
CAGATCTGCATACCAA,4
CAGATCTGCCAGTTCA,4
CAGATCTGCCGAAGTA,4
CAGATCTGCCGTGAGA,4
CAGATCTGCCTCCTGA,4
CAGATCTGCGAACTTA,4
CAGATCTGCGACTGGA,4
CAGATCTGCGCATACA,4
CAGATCTGCTCAATGA,4
CAGATCTGCTGAGCCA,4
CAGATCTGCTGGCATA,4
CAGATCTGGAATCTGA,4
CAGATCTGCAAGACTA,4
CAGATCTGGAGCTGAA,4
CAGATCTGGATAGACA,6
CAGATCTGGCCACATA,6
CAGATCTGGCGAGTAA,6
CAGATCTGGCTAACGA,6
CAGATCTGGCTCGGTA,6
CAGATCTGGGAGAACA,6
CAGATCTGGGTGCGAA,6
CAGATCTGGTACGCAA,6
CAGATCTGGTCGTAGA,6
CAGATCTGGTCTGTCA,6
CAGATCTGGTGTTCTA,6
CAGATCTGTAGGATGA,2
CAGATCTGTATCAGCA,1
CAGATCTGTCCGTCTA,2
CAGATCTGTCTTCACA,6
CAGATCTGTGAAGAGA,6
CAGATCTGTGGAACAA,6
CAGATCTGTGGCTTCA,6
CAGATCTGTGGTGGTA,2
CAGATCTGTTCACGCA,2
CAGATCTGAACTCACC,2
CAGATCTGAAGAGATC,2
CAGATCTGAAGGACAC,2
CAGATCTGAATCCGTC,2
CAGATCTGAATGTTGC,2
CAGATCTGACACGACC,2
CAGATCTGACAGATTC,2
CAGATCTGAGATGTAC,2
CAGATCTGAGCACCTC,2
CAGATCTGAGCCATGC,2
CAGATCTGAGGCTAAC,2
CAGATCTGATAGCGAC,2
CAGATCTGATCATTCC,2
CAGATCTGATTGGCTC,2
CAGATCTGCAAGGAGC,2
CAGATCTGCACCTTAC,2
CAGATCTGCCATCCTC,2
CAGATCTGCCGACAAC,2
CAGATCTGCCTAATCC,2
CAGATCTGCCTCTATC,9
CAGATCTGCGACACAC,9
CAGATCTGCGGATTGC,9
CAGATCTGCTAAGGTC,9
CAGATCTGGAACAGGC,9
CAGATCTGGACAGTGC,9
CAGATCTGGAGTTAGC,9
CAGATCTGGATGAATC,9
CAGATCTGGCCAAGAC,9
CAGATCTGCGGAAGAA,9
CAGATCTGGTGACAAG,9
CAGATCTGGAACCAGA,9
ACATTGGCTTGCTGGA,9
ACATTGGCAACAACCA,5
ACATTGGCAACCGAGA,5
ACATTGGCAACGCTTA,5
ACATTGGCAAGACGGA,5
ACATTGGCAAGGTACA,5
ACATTGGCACACAGAA,4
ACATTGGCACAGCAGA,4
ACATTGGCACCTCCAA,4
ACATTGGCACGCTCGA,4
ACATTGGCACGTATCA,4
ACATTGGCACTATGCA,4
ACATTGGCAGAGTCAA,4
ACATTGGCAGATCGCA,4
ACATTGGCAGCAGGAA,4
ACATTGGCAGTCACTA,4
ACATTGGCATCCTGTA,4
ACATTGGCATTGAGGA,4
ACATTGGCCAACCACA,4
ACATTGGCGACTAGTA,4
ACATTGGCCAATGGAA,4
ACATTGGCCACTTCGA,4
ACATTGGCCAGCGTTA,4
ACATTGGCCATACCAA,4
ACATTGGCCCAGTTCA,4
ACATTGGCCCGAAGTA,4
ACATTGGCCCGTGAGA,4
ACATTGGCCCTCCTGA,4
ACATTGGCCGAACTTA,4
ACATTGGCCGACTGGA,4
ACATTGGCCGCATACA,4
ACATTGGCCTCAATGA,4
ACATTGGCCTGAGCCA,4
ACATTGGCCTGGCATA,4
ACATTGGCGAATCTGA,4
ACATTGGCCAAGACTA,4
ACATTGGCGAGCTGAA,4
ACATTGGCGATAGACA,6
ACATTGGCGCCACATA,6
ACATTGGCGCGAGTAA,6
ACATTGGCGCTAACGA,6
ACATTGGCGCTCGGTA,6
ACATTGGCGGAGAACA,6
ACATTGGCGGTGCGAA,6
ACATTGGCGTACGCAA,6
ACATTGGCGTCGTAGA,6
ACATTGGCGTCTGTCA,6
ACATTGGCGTGTTCTA,6
ACATTGGCTAGGATGA,6
ACATTGGCTATCAGCA,6
ACATTGGCTCCGTCTA,6
ACATTGGCTCTTCACA,6
ACATTGGCTGAAGAGA,6
ACATTGGCTGGAACAA,2
ACATTGGCTGGCTTCA,2
ACATTGGCTGGTGGTA,2
ACATTGGCTTCACGCA,2
ACATTGGCAACTCACC,2
ACATTGGCAAGAGATC,2
ACATTGGCAAGGACAC,2
ACATTGGCAATCCGTC,2
ACATTGGCAATGTTGC,2
ACATTGGCACACGACC,2
ACATTGGCACAGATTC,2
ACATTGGCAGATGTAC,2
ACATTGGCAGCACCTC,2
ACATTGGCAGCCATGC,2
ACATTGGCAGGCTAAC,2
ACATTGGCATAGCGAC,2
ACATTGGCATCATTCC,2
ACATTGGCATTGGCTC,2
ACATTGGCCAAGGAGC,2
ACATTGGCCACCTTAC,2
ACATTGGCCCATCCTC,2
ACATTGGCCCGACAAC,2
ACATTGGCCCTAATCC,2
ACATTGGCCCTCTATC,9
ACATTGGCCGACACAC,9
ACATTGGCCGGATTGC,9
ACATTGGCCTAAGGTC,9
ACATTGGCGAACAGGC,9
ACATTGGCGACAGTGC,9
ACATTGGCGAGTTAGC,9
ACATTGGCGATGAATC,9
ACATTGGCGCCAAGAC,9
ACATTGGCCGGAAGAA,9
ACATTGGCGTGACAAG,9
ACATTGGCGAACCAGA,9
ACCACTGTTTGCTGGA,9
ACCACTGTAACAACCA,5
ACCACTGTAACCGAGA,5
ACCACTGTAACGCTTA,5
ACCACTGTAAGACGGA,5
ACCACTGTAAGGTACA,5
ACCACTGTACACAGAA,4
ACCACTGTACAGCAGA,4
ACCACTGTACCTCCAA,5
ACCACTGTACGCTCGA,4
ACCACTGTACGTATCA,4
ACCACTGTACTATGCA,4
ACCACTGTAGAGTCAA,4
ACCACTGTAGATCGCA,4
ACCACTGTAGCAGGAA,4
ACCACTGTAGTCACTA,4
ACCACTGTATCCTGTA,4
ACCACTGTATTGAGGA,4
ACCACTGTCAACCACA,4
ACCACTGTGACTAGTA,4
ACCACTGTCAATGGAA,4
ACCACTGTCACTTCGA,4
ACCACTGTCAGCGTTA,4
ACCACTGTCATACCAA,4
ACCACTGTCCAGTTCA,4
ACCACTGTCCGAAGTA,4
ACCACTGTCCGTGAGA,4
ACCACTGTCCTCCTGA,4
ACCACTGTCGAACTTA,4
ACCACTGTCGACTGGA,4
ACCACTGTCGCATACA,4
ACCACTGTCTCAATGA,4
ACCACTGTCTGAGCCA,4
ACCACTGTCTGGCATA,4
ACCACTGTGAATCTGA,4
ACCACTGTCAAGACTA,4
ACCACTGTGAGCTGAA,4
ACCACTGTGATAGACA,6
ACCACTGTGCCACATA,6
ACCACTGTGCGAGTAA,6
ACCACTGTGCTAACGA,6
ACCACTGTGCTCGGTA,6
ACCACTGTGGAGAACA,6
ACCACTGTGGTGCGAA,6
ACCACTGTGTACGCAA,6
ACCACTGTGTCGTAGA,6
ACCACTGTGTCTGTCA,4
ACCACTGTGTGTTCTA,6
ACCACTGTTAGGATGA,6
ACCACTGTTATCAGCA,6
ACCACTGTTCCGTCTA,6
ACCACTGTTCTTCACA,6
ACCACTGTTGAAGAGA,6
ACCACTGTTGGAACAA,2
ACCACTGTTGGCTTCA,2
ACCACTGTTGGTGGTA,2
ACCACTGTTTCACGCA,2
ACCACTGTAACTCACC,2
ACCACTGTAAGAGATC,2
ACCACTGTAAGGACAC,2
ACCACTGTAATCCGTC,2
ACCACTGTAATGTTGC,2
ACCACTGTACACGACC,2
ACCACTGTACAGATTC,2
ACCACTGTAGATGTAC,2
ACCACTGTAGCACCTC,2
ACCACTGTAGCCATGC,2
ACCACTGTAGGCTAAC,2
ACCACTGTATAGCGAC,2
ACCACTGTATCATTCC,2
ACCACTGTATTGGCTC,2
ACCACTGTCAAGGAGC,2
ACCACTGTCACCTTAC,2
ACCACTGTCCATCCTC,2
ACCACTGTCCGACAAC,2
ACCACTGTCCTAATCC,2
ACCACTGTCCTCTATC,2
ACCACTGTCGACACAC,9
ACCACTGTCGGATTGC,9
ACCACTGTCTAAGGTC,9
ACCACTGTGAACAGGC,9
ACCACTGTGACAGTGC,2
ACCACTGTGAGTTAGC,2
ACCACTGTGATGAATC,2
ACCACTGTGCCAAGAC,9
ACCACTGTCGGAAGAA,9
ACCACTGTGTGACAAG,9
ACCACTGTGAACCAGA,9
AGTGGTCATTGCTGGA,9
AGTGGTCAAACCGAGA,5
AGTGGTCAAACGCTTA,5
AGTGGTCAAAGACGGA,5
AGTGGTCAAAGGTACA,5
AGTGGTCAACACAGAA,5
AGTGGTCAACAGCAGA,5
AGTGGTCAACCTCCAA,5
AGTGGTCAACGCTCGA,5
AGTGGTCAACGTATCA,4
AGTGGTCAACTATGCA,4
AGTGGTCAAGAGTCAA,4
AGTGGTCAAGATCGCA,4
AGTGGTCAAGCAGGAA,4
AGTGGTCAAGTCACTA,4
AGTGGTCAATCCTGTA,4
AGTGGTCAATTGAGGA,4
AGTGGTCACAACCACA,4
AGTGGTCAGACTAGTA,4
AGTGGTCACAATGGAA,4
AGTGGTCACACTTCGA,4
AGTGGTCACAGCGTTA,4
AGTGGTCACATACCAA,4
AGTGGTCACCAGTTCA,4
AGTGGTCACCGAAGTA,4
AGTGGTCACCGTGAGA,4
AGTGGTCACCTCCTGA,4
AGTGGTCACGAACTTA,4
AGTGGTCACGACTGGA,4
AGTGGTCACGCATACA,4
AGTGGTCACTCAATGA,4
AGTGGTCACTGAGCCA,4
AGTGGTCACTGGCATA,4
AGTGGTCAGAATCTGA,4
AGTGGTCACAAGACTA,9
AGTGGTCAGAGCTGAA,2
AGTGGTCAGATAGACA,2
AGTGGTCAGCCACATA,2
AGTGGTCAGCGAGTAA,2
AGTGGTCAGCTAACGA,6
AGTGGTCAGCTCGGTA,6
AGTGGTCAGGAGAACA,6
AGTGGTCAGGTGCGAA,6
AGTGGTCAGTACGCAA,6
AGTGGTCAGTCGTAGA,6
AGTGGTCAGTCTGTCA,6
AGTGGTCAGTGTTCTA,6
AGTGGTCATAGGATGA,6
AGTGGTCATATCAGCA,6
AGTGGTCATCCGTCTA,6
AGTGGTCATCTTCACA,6
AGTGGTCATGAAGAGA,6
AGTGGTCATGGAACAA,2
AGTGGTCATGGCTTCA,2
AGTGGTCATGGTGGTA,2
AGTGGTCATTCACGCA,2
AGTGGTCAAACTCACC,2
AGTGGTCAAAGAGATC,2
AGTGGTCAAAGGACAC,2
AGTGGTCAAATCCGTC,2
AGTGGTCAAATGTTGC,2
AGTGGTCAACACGACC,2
AGTGGTCAACAGATTC,2
AGTGGTCAAGATGTAC,2
AGTGGTCAAGCACCTC,2
AGTGGTCAAGCCATGC,2
AGTGGTCAAGGCTAAC,2
AGTGGTCAATAGCGAC,2
AGTGGTCAATCATTCC,2
AGTGGTCAATTGGCTC,2
AGTGGTCACAAGGAGC,2
AGTGGTCACACCTTAC,2
AGTGGTCACCATCCTC,2
AGTGGTCACCGACAAC,2
AGTGGTCACCTAATCC,2
AGTGGTCACCTCTATC,2
AGTGGTCACGACACAC,9
AGTGGTCACGGATTGC,9
AGTGGTCACTAAGGTC,9
AGTGGTCAGAACAGGC,9
AGTGGTCAGACAGTGC,2
AGTGGTCAGAGTTAGC,1
AGTGGTCAGATGAATC,4
AGTGGTCAGCCAAGAC,4
AGTGGTCACGGAAGAA,9
AGTGGTCAGTGACAAG,9
AGTGGTCAGAACCAGA,9
ATGCCTAATTGCTGGA,9
ATGCCTAAAAGGTACA,5
ATGCCTAAACACAGAA,5
ATGCCTAAACAGCAGA,5
ATGCCTAAACCTCCAA,5
ATGCCTAAACGCTCGA,5
ATGCCTAAACGTATCA,5
ATGCCTAAACTATGCA,4
ATGCCTAAAGAGTCAA,4
ATGCCTAAAGATCGCA,4
ATGCCTAAAGCAGGAA,4
ATGCCTAAAGTCACTA,4
ATGCCTAAATCCTGTA,4
ATGCCTAAATTGAGGA,4
ATGCCTAACAACCACA,4
ATGCCTAAGACTAGTA,4
ATGCCTAACAATGGAA,4
ATGCCTAACACTTCGA,4
ATGCCTAACAGCGTTA,4
ATGCCTAACATACCAA,4
ATGCCTAACCAGTTCA,4
ATGCCTAACCGAAGTA,4
ATGCCTAACCGTGAGA,4
ATGCCTAACCTCCTGA,4
ATGCCTAACGAACTTA,4
ATGCCTAACGACTGGA,4
ATGCCTAACGCATACA,4
ATGCCTAACTCAATGA,4
ATGCCTAACTGAGCCA,4
ATGCCTAACTGGCATA,4
ATGCCTAAGAATCTGA,4
ATGCCTAACAAGACTA,1
ATGCCTAAGAGCTGAA,2
ATGCCTAAGATAGACA,2
ATGCCTAAGCCACATA,2
ATGCCTAAGCGAGTAA,2
ATGCCTAAGCTAACGA,2
ATGCCTAAGCTCGGTA,2
ATGCCTAAGGAGAACA,6
ATGCCTAAGGTGCGAA,6
ATGCCTAAGTACGCAA,6
ATGCCTAAGTCGTAGA,6
ATGCCTAAGTCTGTCA,6
ATGCCTAAGTGTTCTA,6
ATGCCTAATAGGATGA,6
ATGCCTAATATCAGCA,6
ATGCCTAATCCGTCTA,6
ATGCCTAATCTTCACA,6
ATGCCTAATGAAGAGA,6
ATGCCTAATGGAACAA,2
ATGCCTAATGGCTTCA,2
ATGCCTAATGGTGGTA,2
ATGCCTAATTCACGCA,2
ATGCCTAAAACTCACC,2
ATGCCTAAAAGAGATC,2
ATGCCTAAAAGGACAC,2
ATGCCTAAAATCCGTC,2
ATGCCTAAAATGTTGC,2
ATGCCTAAACACGACC,2
ATGCCTAAACAGATTC,2
ATGCCTAAAGATGTAC,2
ATGCCTAAAGCACCTC,2
ATGCCTAAAGCCATGC,2
ATGCCTAAAGGCTAAC,2
ATGCCTAAATAGCGAC,2
ATGCCTAAATCATTCC,2
ATGCCTAAATTGGCTC,2
ATGCCTAACAAGGAGC,2
ATGCCTAACACCTTAC,2
ATGCCTAACCATCCTC,2
ATGCCTAACCGACAAC,2
ATGCCTAACCTAATCC,2
ATGCCTAACCTCTATC,2
ATGCCTAACGACACAC,2
ATGCCTAACGGATTGC,9
ATGCCTAACTAAGGTC,9
ATGCCTAAGAACAGGC,2
ATGCCTAAGACAGTGC,2
ATGCCTAAGAGTTAGC,2
ATGCCTAAGATGAATC,4
ATGCCTAAGCCAAGAC,9
ATGCCTAACGGAAGAA,9
ATGCCTAAGTGACAAG,9
ATGCCTAAGAACCAGA,9
AAACATCGTTGCTGGA,9
AAACATCGACACAGAA,5
AAACATCGACAGCAGA,5
AAACATCGACCTCCAA,5
AAACATCGACGCTCGA,5
AAACATCGACGTATCA,5
AAACATCGACTATGCA,4
AAACATCGAGAGTCAA,4
AAACATCGAGATCGCA,4
AAACATCGAGCAGGAA,4
AAACATCGAGTCACTA,4
AAACATCGATCCTGTA,4
AAACATCGATTGAGGA,4
AAACATCGCAACCACA,4
AAACATCGGACTAGTA,4
AAACATCGCAATGGAA,4
AAACATCGCACTTCGA,4
AAACATCGCAGCGTTA,4
AAACATCGCATACCAA,4
AAACATCGCCAGTTCA,4
AAACATCGCCGAAGTA,4
AAACATCGCCGTGAGA,4
AAACATCGCCTCCTGA,4
AAACATCGCGAACTTA,4
AAACATCGCGACTGGA,4
AAACATCGCGCATACA,4
AAACATCGCTCAATGA,4
AAACATCGCTGAGCCA,4
AAACATCGCTGGCATA,4
AAACATCGGAATCTGA,4
AAACATCGCAAGACTA,2
AAACATCGGAGCTGAA,2
AAACATCGGATAGACA,2
AAACATCGGCCACATA,2
AAACATCGGCGAGTAA,2
AAACATCGGCTAACGA,2
AAACATCGGCTCGGTA,6
AAACATCGGGAGAACA,6
AAACATCGGGTGCGAA,6
AAACATCGGTACGCAA,6
AAACATCGGTCGTAGA,6
AAACATCGGTCTGTCA,6
AAACATCGGTGTTCTA,6
AAACATCGTAGGATGA,6
AAACATCGTATCAGCA,6
AAACATCGTCCGTCTA,6
AAACATCGTCTTCACA,6
AAACATCGTGAAGAGA,6
AAACATCGTGGAACAA,2
AAACATCGTGGCTTCA,2
AAACATCGTGGTGGTA,2
AAACATCGTTCACGCA,2
AAACATCGAACTCACC,2
AAACATCGAAGAGATC,2
AAACATCGAAGGACAC,2
AAACATCGAATCCGTC,2
AAACATCGAATGTTGC,2
AAACATCGACACGACC,2
AAACATCGACAGATTC,2
AAACATCGAGATGTAC,2
AAACATCGAGCACCTC,2
AAACATCGAGCCATGC,2
AAACATCGAGGCTAAC,2
AAACATCGATAGCGAC,2
AAACATCGATCATTCC,2
AAACATCGATTGGCTC,2
AAACATCGCAAGGAGC,2
AAACATCGCACCTTAC,2
AAACATCGCCATCCTC,2
AAACATCGCCGACAAC,2
AAACATCGCCTAATCC,2
AAACATCGCCTCTATC,2
AAACATCGCGACACAC,2
AAACATCGCGGATTGC,2
AAACATCGCTAAGGTC,9
AAACATCGGAACAGGC,9
AAACATCGGACAGTGC,2
AAACATCGGAGTTAGC,4
AAACATCGGATGAATC,4
AAACATCGGCCAAGAC,4
AAACATCGCGGAAGAA,9
AAACATCGGTGACAAG,9
AAACATCGGAACCAGA,9
GAACAGGCTTGCTGGA,5
GAACAGGCACAGCAGA,7
GAACAGGCACCTCCAA,7
GAACAGGCACGCTCGA,7
GAACAGGCACGTATCA,7
GAACAGGCACTATGCA,7
GAACAGGCAGAGTCAA,7
GAACAGGCAGATCGCA,7
GAACAGGCAGCAGGAA,7
GAACAGGCAGTCACTA,7
GAACAGGCATCCTGTA,7
GAACAGGCATTGAGGA,7
GAACAGGCCAACCACA,7
GAACAGGCGACTAGTA,7
GAACAGGCCAATGGAA,7
GAACAGGCCACTTCGA,7
GAACAGGCCAGCGTTA,7
GAACAGGCCATACCAA,7
GAACAGGCCCAGTTCA,7
GAACAGGCCCGAAGTA,3
GAACAGGCCCGTGAGA,3
GAACAGGCCCTCCTGA,3
GAACAGGCCGAACTTA,3
GAACAGGCCGACTGGA,3
GAACAGGCCGCATACA,3
GAACAGGCCTCAATGA,3
GAACAGGCCTGAGCCA,4
GAACAGGCCTGGCATA,4
GAACAGGCGAATCTGA,4
GAACAGGCCAAGACTA,4
GAACAGGCGAGCTGAA,4
GAACAGGCGATAGACA,8
GAACAGGCGCCACATA,4
GAACAGGCGCGAGTAA,8
GAACAGGCGCTAACGA,8
GAACAGGCGCTCGGTA,4
GAACAGGCGGAGAACA,4
GAACAGGCGGTGCGAA,4
GAACAGGCGTACGCAA,4
GAACAGGCGTCGTAGA,8
GAACAGGCGTCTGTCA,8
GAACAGGCGTGTTCTA,8
GAACAGGCTAGGATGA,8
GAACAGGCTATCAGCA,8
GAACAGGCTCCGTCTA,8
GAACAGGCTCTTCACA,8
GAACAGGCTGAAGAGA,8
GAACAGGCTGGAACAA,4
GAACAGGCTGGCTTCA,4
GAACAGGCTGGTGGTA,4
GAACAGGCTTCACGCA,4
GAACAGGCAACTCACC,8
GAACAGGCAAGAGATC,8
GAACAGGCAAGGACAC,8
GAACAGGCAATCCGTC,8
GAACAGGCAATGTTGC,8
GAACAGGCACACGACC,8
GAACAGGCACAGATTC,8
GAACAGGCAGATGTAC,8
GAACAGGCAGCACCTC,8
GAACAGGCAGCCATGC,8
GAACAGGCAGGCTAAC,8
GAACAGGCATAGCGAC,8
GAACAGGCATCATTCC,8
GAACAGGCATTGGCTC,8
GAACAGGCCAAGGAGC,8
GAACAGGCCACCTTAC,4
GAACAGGCCCATCCTC,4
GAACAGGCCCGACAAC,4
GAACAGGCCCTAATCC,4
GAACAGGCCCTCTATC,4
GAACAGGCCGACACAC,4
GAACAGGCCGGATTGC,3
GAACAGGCCTAAGGTC,7
GAACAGGCGAACAGGC,7
GAACAGGCGACAGTGC,7
GAACAGGCGAGTTAGC,4
GAACAGGCGATGAATC,5
GAACAGGCGCCAAGAC,5
GAACAGGCCGGAAGAA,5
GAACAGGCGTGACAAG,5
GAACAGGCGAACCAGA,5
