dataset,variant,seed,epoch,raw_rna_reconstruction,weighted_rna_before_global_scale,global_scale_multiplier,final_rna_loss,final_rna_contribution,raw_modality2_reconstruction,final_modality2_contribution,raw_corr1,final_corr1_contribution,raw_corr2,final_corr2_contribution,total_loss,m_bad,gene_weight_mean,gene_weight_min,gene_weight_max,cross_omics_rna_attention,rna_spatial_attention,modality2_spatial_attention
a1,locked_asr_hvg_legacy_scale_diagnostic,0,0,1.0024996995925903,1.0025008916854858,2.28993821144104,2.2956650257110596,4.3617634773254395,1.1005702018737793,2.7514255046844482,0.1522110104560852,0.2283165156841278,0.21836510300636292,2.1836509704589844,9.525156021118164,2.28993821144104,1.187049150466919,1.0001107454299927,1.6158567667007446,0.5134401917457581,0.4999057352542877,0.49350428581237793
a1,locked_asr_hvg_legacy_scale_diagnostic,0,20,1.0015647411346436,1.001587152481079,2.28993821144104,2.2935726642608643,4.3577880859375,0.9678882956504822,2.4197206497192383,0.11195104569196701,0.16792656481266022,0.0878443568944931,0.8784435987472534,7.823879241943359,2.28993821144104,1.187049150466919,1.0001107454299927,1.6158567667007446,0.5051979422569275,0.49965864419937134,0.4922312796115875
a1,locked_asr_hvg_legacy_scale_diagnostic,0,100,1.0006083250045776,1.0007059574127197,2.28993821144104,2.2915549278259277,4.353954315185547,0.844025194644928,2.110063076019287,0.11510995775461197,0.17266494035720825,0.04816240444779396,0.481624037027359,7.118306636810303,2.28993821144104,1.187049150466919,1.0001107454299927,1.6158567667007446,0.5060458779335022,0.4981933832168579,0.4965565800666809
a1,locked_asr_hvg_legacy_scale_diagnostic,0,199,0.9966617822647095,0.9969080686569214,2.28993821144104,2.282857894897461,4.337430000305176,0.7806304097175598,1.9515759944915771,0.11194313317537308,0.16791470348834991,0.038951575756073,0.38951575756073,6.846436977386475,2.28993821144104,1.187049150466919,1.0001107454299927,1.6158567667007446,0.5317659974098206,0.4991218149662018,0.5024961829185486
a1,locked_asr_hvg_legacy_scale_diagnostic,1,0,1.0018177032470703,1.0018259286880493,2.28993821144104,2.294119358062744,4.358826637268066,1.1145015954971313,2.7862539291381836,0.12712815403938293,0.1906922310590744,0.24371123313903809,2.437112331390381,9.7728853225708,2.28993821144104,1.187049150466919,1.0001107454299927,1.6158567667007446,0.4981207847595215,0.5001968741416931,0.5003342032432556
a1,locked_asr_hvg_legacy_scale_diagnostic,1,20,1.0015116930007935,1.0015265941619873,2.28993821144104,2.293433904647827,4.357524394989014,0.9794635772705078,2.4486589431762695,0.11231893301010132,0.16847839951515198,0.08625701814889908,0.8625701665878296,7.8372321128845215,2.28993821144104,1.187049150466919,1.0001107454299927,1.6158567667007446,0.491994708776474,0.498942494392395,0.4989718496799469
a1,locked_asr_hvg_legacy_scale_diagnostic,1,100,1.001189112663269,1.001253604888916,2.28993821144104,2.292808771133423,4.35633659362793,0.8547846674919128,2.1369616985321045,0.11702913790941238,0.17554371058940887,0.045764997601509094,0.45764997601509094,7.126492500305176,2.28993821144104,1.187049150466919,1.0001107454299927,1.6158567667007446,0.48827046155929565,0.49754735827445984,0.5019137263298035
a1,locked_asr_hvg_legacy_scale_diagnostic,1,199,0.998210608959198,0.9984000325202942,2.28993821144104,2.2862744331359863,4.343921184539795,0.7916672825813293,1.979168176651001,0.11247934401035309,0.16871902346611023,0.03758173808455467,0.3758173882961273,6.867625713348389,2.28993821144104,1.187049150466919,1.0001107454299927,1.6158567667007446,0.5081060528755188,0.4988342821598053,0.5070409178733826
a1,locked_asr_hvg_legacy_scale_diagnostic,2,0,1.0022382736206055,1.0022281408309937,2.28993821144104,2.2950406074523926,4.36057710647583,1.1568686962127686,2.892171859741211,0.136939138174057,0.2054087072610855,0.1959286630153656,1.9592866897583008,9.417444229125977,2.28993821144104,1.187049150466919,1.0001107454299927,1.6158567667007446,0.5006076693534851,0.4997550845146179,0.4980756640434265
a1,locked_asr_hvg_legacy_scale_diagnostic,2,20,1.0014910697937012,1.0014824867248535,2.28993821144104,2.293333053588867,4.357332706451416,0.9613935947418213,2.4034838676452637,0.13289842009544373,0.1993476301431656,0.07468560338020325,0.7468560338020325,7.707020282745361,2.28993821144104,1.187049150466919,1.0001107454299927,1.6158567667007446,0.49065446853637695,0.5005497932434082,0.4960257411003113
a1,locked_asr_hvg_legacy_scale_diagnostic,2,100,1.0007522106170654,1.0007926225662231,2.28993821144104,2.2917532920837402,4.354331016540527,0.8446403741836548,2.111600875854492,0.11936055123806,0.1790408194065094,0.040043484419584274,0.40043485164642334,7.045407772064209,2.28993821144104,1.187049150466919,1.0001107454299927,1.6158567667007446,0.4850568175315857,0.4998369514942169,0.4999304711818695
a1,locked_asr_hvg_legacy_scale_diagnostic,2,199,0.9974648952484131,0.9976415038108826,2.28993821144104,2.2845373153686523,4.340620994567871,0.7837066054344177,1.9592665433883667,0.11458760499954224,0.17188140749931335,0.03270300105214119,0.3270300030708313,6.79879903793335,2.28993821144104,1.187049150466919,1.0001107454299927,1.6158567667007446,0.5012304782867432,0.5003398060798645,0.5058078169822693
a1,locked_asr_hvg_legacy_scale_diagnostic,3,0,1.001896619796753,1.0019010305404663,2.28993821144104,2.2942914962768555,4.359153747558594,1.1018378734588623,2.7545948028564453,0.13628514111042023,0.20442771911621094,0.2118832916021347,2.11883282661438,9.43700885772705,2.28993821144104,1.187049150466919,1.0001107454299927,1.6158567667007446,0.49836114048957825,0.49929341673851013,0.5041368007659912
a1,locked_asr_hvg_legacy_scale_diagnostic,3,20,1.0012969970703125,1.0013067722320557,2.28993821144104,2.2929306030273438,4.356567859649658,0.9571175575256348,2.392793893814087,0.10871129482984543,0.16306693851947784,0.08619437366724014,0.8619437217712402,7.774372577667236,2.28993821144104,1.187049150466919,1.0001107454299927,1.6158567667007446,0.4973318576812744,0.4991936981678009,0.5019912123680115
a1,locked_asr_hvg_legacy_scale_diagnostic,3,100,1.000451683998108,1.0005452632904053,2.28993821144104,2.291186809539795,4.353254795074463,0.8409592509269714,2.102398157119751,0.11555232107639313,0.1733284890651703,0.04255565255880356,0.4255565404891968,7.054538249969482,2.28993821144104,1.187049150466919,1.0001107454299927,1.6158567667007446,0.49401286244392395,0.49648308753967285,0.49990978837013245
a1,locked_asr_hvg_legacy_scale_diagnostic,3,199,0.9964263439178467,0.9966855049133301,2.28993821144104,2.282348155975342,4.336461544036865,0.7816163301467896,1.954040765762329,0.11055552959442139,0.16583329439163208,0.034752193838357925,0.34752193093299866,6.803857803344727,2.28993821144104,1.187049150466919,1.0001107454299927,1.6158567667007446,0.5162675976753235,0.4979621469974518,0.5021220445632935
a1,locked_asr_hvg_legacy_scale_diagnostic,4,0,1.0019522905349731,1.0019593238830566,2.28993821144104,2.2944250106811523,4.359407424926758,1.0681930780410767,2.670482635498047,0.12121021002531052,0.18181531131267548,0.20882032811641693,2.088203191757202,9.299908638000488,2.28993821144104,1.187049150466919,1.0001107454299927,1.6158567667007446,0.48270219564437866,0.5005794167518616,0.5032573342323303
a1,locked_asr_hvg_legacy_scale_diagnostic,4,20,1.0015486478805542,1.0015690326690674,2.28993821144104,2.2935311794281006,4.3577094078063965,0.9604886174201965,2.401221513748169,0.10294738411903381,0.15442107617855072,0.0769689679145813,0.769689679145813,7.683041572570801,2.28993821144104,1.187049150466919,1.0001107454299927,1.6158567667007446,0.4779627323150635,0.5014899373054504,0.5008848905563354
a1,locked_asr_hvg_legacy_scale_diagnostic,4,100,1.0007587671279907,1.0008612871170044,2.28993821144104,2.291910409927368,4.3546295166015625,0.8321533799171448,2.080383539199829,0.11431112140417099,0.1714666783809662,0.03943023085594177,0.3943023085594177,7.000782012939453,2.28993821144104,1.187049150466919,1.0001107454299927,1.6158567667007446,0.4867875874042511,0.5013447999954224,0.5007022619247437
a1,locked_asr_hvg_legacy_scale_diagnostic,4,199,0.9964267611503601,0.9966946244239807,2.28993821144104,2.2823691368103027,4.336501121520996,0.7680018544197083,1.9200046062469482,0.11078450083732605,0.16617675125598907,0.031888507306575775,0.31888508796691895,6.741567611694336,2.28993821144104,1.187049150466919,1.0001107454299927,1.6158567667007446,0.5189763307571411,0.5023179054260254,0.5052879452705383
a1,locked_legacy_loss_replay,0,0,1.0024996995925903,1.0027148723602295,2.28993821144104,2.2961552143096924,4.36269474029541,1.1005702018737793,2.7514255046844482,0.1522110104560852,0.2283165156841278,0.21836510300636292,2.1836509704589844,9.526087760925293,2.28993821144104,2.28993821144104,1.0027731657028198,5.62070894241333,0.5134401917457581,0.4999057352542877,0.49350428581237793
a1,locked_legacy_loss_replay,0,20,1.001559853553772,1.0017492771148682,2.28993821144104,2.2939438819885254,4.358493328094482,0.967941164970398,2.4198529720306396,0.11198347061872482,0.16797520220279694,0.08784940093755722,0.8784940242767334,7.82481575012207,2.28993821144104,2.28993821144104,1.0027731657028198,5.62070894241333,0.5052309036254883,0.49966320395469666,0.49223029613494873
a1,locked_legacy_loss_replay,0,100,1.0006521940231323,1.0002180337905884,2.28993821144104,2.2904374599456787,4.351830959320068,0.843851625919342,2.1096291542053223,0.11537634581327438,0.17306451499462128,0.04817293584346771,0.4817293584346771,7.1162543296813965,2.28993821144104,2.28993821144104,1.0027731657028198,5.62070894241333,0.5059431791305542,0.4982016682624817,0.49655264616012573
a1,locked_legacy_loss_replay,0,199,0.9970414638519287,0.9953327178955078,2.28993821144104,2.279250144958496,4.330574989318848,0.7802563905715942,1.9506409168243408,0.11251744627952576,0.16877616941928864,0.038961004465818405,0.38961005210876465,6.839601516723633,2.28993821144104,2.28993821144104,1.0027731657028198,5.62070894241333,0.5317287445068359,0.4992499351501465,0.5024899840354919
a1,locked_legacy_loss_replay,1,0,1.0018177032470703,1.001871109008789,2.28993821144104,2.2942230701446533,4.359023571014404,1.1145015954971313,2.7862539291381836,0.12712815403938293,0.1906922310590744,0.24371123313903809,2.437112331390381,9.773082733154297,2.28993821144104,2.28993821144104,1.0027731657028198,5.62070894241333,0.4981207847595215,0.5001968741416931,0.5003342032432556
a1,locked_legacy_loss_replay,1,20,1.0015076398849487,1.0015426874160767,2.28993821144104,2.293471097946167,4.357594966888428,0.9794945120811462,2.4487361907958984,0.11227306723594666,0.16840960085391998,0.0862630158662796,0.8626301288604736,7.837370872497559,2.28993821144104,2.28993821144104,1.0027731657028198,5.62070894241333,0.4920448660850525,0.49894458055496216,0.49897149205207825
a1,locked_legacy_loss_replay,1,100,1.0012178421020508,1.0006572008132935,2.28993821144104,2.291443347930908,4.3537421226501465,0.8545434474945068,2.1363587379455566,0.1173892617225647,0.17608389258384705,0.04577051103115082,0.4577051103115082,7.123889923095703,2.28993821144104,2.28993821144104,1.0027731657028198,5.62070894241333,0.48822498321533203,0.49758031964302063,0.5019147396087646
a1,locked_legacy_loss_replay,1,199,0.9984579086303711,0.9966984391212463,2.28993821144104,2.2823777198791504,4.336517810821533,0.791183352470398,1.9779584407806396,0.11318645626306534,0.1697796881198883,0.037588931620121,0.37588930130004883,6.860145092010498,2.28993821144104,2.28993821144104,1.0027731657028198,5.62070894241333,0.507876455783844,0.4989505410194397,0.5070491433143616
a1,locked_legacy_loss_replay,2,0,1.0022382736206055,1.0024046897888184,2.28993821144104,2.2954447269439697,4.361344814300537,1.1568686962127686,2.892171859741211,0.136939138174057,0.2054087072610855,0.1959286630153656,1.9592866897583008,9.418211936950684,2.28993821144104,2.28993821144104,1.0027731657028198,5.62070894241333,0.5006076693534851,0.4997550845146179,0.4980756640434265
a1,locked_legacy_loss_replay,2,20,1.0014914274215698,1.0014690160751343,2.28993821144104,2.293302297592163,4.357274532318115,0.9613886475563049,2.4034717082977295,0.13293257355690002,0.19939886033535004,0.07469569146633148,0.7469569444656372,7.707101821899414,2.28993821144104,2.28993821144104,1.0027731657028198,5.62070894241333,0.4906786382198334,0.5005486011505127,0.4960261881351471
a1,locked_legacy_loss_replay,2,100,1.0007803440093994,1.0001404285430908,2.28993821144104,2.290259838104248,4.351493835449219,0.8443207740783691,2.110801935195923,0.11991041153669357,0.17986561357975006,0.040056876838207245,0.40056878328323364,7.042730331420898,2.28993821144104,2.28993821144104,1.0027731657028198,5.62070894241333,0.485007107257843,0.4998723566532135,0.4999338984489441
a1,locked_legacy_loss_replay,2,199,0.9977326393127441,0.995923638343811,2.28993821144104,2.2806034088134766,4.333146572113037,0.7831768989562988,1.957942247390747,0.11544347554445267,0.1731652170419693,0.032719653099775314,0.32719653844833374,6.7914509773254395,2.28993821144104,2.28993821144104,1.0027731657028198,5.62070894241333,0.5012394189834595,0.5004613995552063,0.5058148503303528
a1,locked_legacy_loss_replay,3,0,1.001896619796753,1.0020313262939453,2.28993821144104,2.2945897579193115,4.359720706939697,1.1018378734588623,2.7545948028564453,0.13628514111042023,0.20442771911621094,0.2118832767009735,2.11883282661438,9.437576293945312,2.28993821144104,2.28993821144104,1.0027731657028198,5.62070894241333,0.49836114048957825,0.49929341673851013,0.5041368007659912
a1,locked_legacy_loss_replay,3,20,1.0012941360473633,1.001421332359314,2.28993821144104,2.2931933403015137,4.357067108154297,0.957129180431366,2.3928229808807373,0.10874022543430328,0.16311034560203552,0.08619584888219833,0.8619585037231445,7.774959087371826,2.28993821144104,2.28993821144104,1.0027731657028198,5.62070894241333,0.49734020233154297,0.4991963803768158,0.5019915103912354
a1,locked_legacy_loss_replay,3,100,1.0005043745040894,0.9999090433120728,2.28993821144104,2.2897298336029053,4.350486755371094,0.8406983017921448,2.101745843887329,0.11591450124979019,0.17387175559997559,0.042564667761325836,0.42564666271209717,7.051751136779785,2.28993821144104,2.28993821144104,1.0027731657028198,5.62070894241333,0.49412548542022705,0.49649009108543396,0.49991247057914734
a1,locked_legacy_loss_replay,3,199,0.9968389272689819,0.9949972033500671,2.28993821144104,2.27848219871521,4.329116344451904,0.7812380194664001,1.9530950784683228,0.1111278384923935,0.16669175028800964,0.03476032614707947,0.3476032614707947,6.796506404876709,2.28993821144104,2.28993821144104,1.0027731657028198,5.62070894241333,0.5165897011756897,0.4980503022670746,0.5021308660507202
a1,locked_legacy_loss_replay,4,0,1.0019522905349731,1.001922845840454,2.28993821144104,2.2943413257598877,4.359248638153076,1.0681930780410767,2.670482635498047,0.12121021002531052,0.18181531131267548,0.20882032811641693,2.088203191757202,9.299749374389648,2.28993821144104,2.28993821144104,1.0027731657028198,5.62070894241333,0.48270219564437866,0.5005794167518616,0.5032573342323303
a1,locked_legacy_loss_replay,4,20,1.0015491247177124,1.0015491247177124,2.28993821144104,2.293485403060913,4.357622146606445,0.9605103135108948,2.401275873184204,0.10294023156166077,0.15441034734249115,0.07697014510631561,0.7697014808654785,7.683009624481201,2.28993821144104,2.28993821144104,1.0027731657028198,5.62070894241333,0.47796833515167236,0.5014899969100952,0.5008848309516907
a1,locked_legacy_loss_replay,4,100,1.0008248090744019,1.0000429153442383,2.28993821144104,2.29003643989563,4.35106897354126,0.831828236579895,2.0795705318450928,0.11477364599704742,0.17216047644615173,0.03944200277328491,0.3944200277328491,6.997220039367676,2.28993821144104,2.28993821144104,1.0027731657028198,5.62070894241333,0.4867653250694275,0.5013519525527954,0.5006993412971497
a1,locked_legacy_loss_replay,4,199,0.9968816637992859,0.9947272539138794,2.28993821144104,2.2778642177581787,4.32794189453125,0.7675362825393677,1.9188406467437744,0.11145370453596115,0.16718055307865143,0.031904298812150955,0.31904298067092896,6.733006000518799,2.28993821144104,2.28993821144104,1.0027731657028198,5.62070894241333,0.5189944505691528,0.5024621486663818,0.5052828192710876
a1,locked_legacy_shape_normalized,0,0,1.0024996995925903,1.0027148723602295,1.0,1.0027148723602295,1.905158281326294,1.1005702018737793,2.7514255046844482,0.1522110104560852,0.2283165156841278,0.21836510300636292,2.1836509704589844,7.068551063537598,2.28993821144104,2.28993821144104,1.0027731657028198,5.62070894241333,0.5134401917457581,0.4999057352542877,0.49350428581237793
a1,locked_legacy_shape_normalized,0,20,1.0016266107559204,1.0018404722213745,1.0,1.0018404722213745,1.9034968614578247,0.967745840549469,2.4193646907806396,0.11213956028223038,0.16820934414863586,0.08781041204929352,0.8781040906906128,5.369175434112549,2.28993821144104,2.28993821144104,1.0027731657028198,5.62070894241333,0.5051465034484863,0.4996791183948517,0.49222978949546814
a1,locked_legacy_shape_normalized,0,100,1.001800775527954,1.0017637014389038,1.0,1.0017637014389038,1.9033509492874146,0.8433399200439453,2.1083498001098633,0.11564863473176956,0.17347295582294464,0.0481489859521389,0.4814898669719696,4.66666316986084,2.28993821144104,2.28993821144104,1.0027731657028198,5.62070894241333,0.5054295659065247,0.49834179878234863,0.4965590238571167
a1,locked_legacy_shape_normalized,0,199,1.0002449750900269,0.9993264675140381,1.0,0.9993264675140381,1.8987202644348145,0.7804450392723083,1.9511126279830933,0.11147760599851608,0.16721640527248383,0.038926802575588226,0.38926804065704346,4.406317234039307,2.28993821144104,2.28993821144104,1.0027731657028198,5.62070894241333,0.5312529802322388,0.49941420555114746,0.502507209777832
a1,locked_legacy_shape_normalized,1,0,1.0018177032470703,1.001871109008789,1.0,1.001871109008789,1.9035550355911255,1.1145015954971313,2.7862539291381836,0.12712815403938293,0.1906922310590744,0.24371123313903809,2.437112331390381,7.31761360168457,2.28993821144104,2.28993821144104,1.0027731657028198,5.62070894241333,0.4981207847595215,0.5001968741416931,0.5003342032432556
a1,locked_legacy_shape_normalized,1,20,1.0015634298324585,1.001617431640625,1.0,1.001617431640625,1.9030730724334717,0.9793047904968262,2.4482619762420654,0.11258885264396667,0.16888327896595,0.08624868094921112,0.8624868392944336,5.382705211639404,2.28993821144104,2.28993821144104,1.0027731657028198,5.62070894241333,0.4919961392879486,0.4989609122276306,0.49897390604019165
a1,locked_legacy_shape_normalized,1,100,1.0020740032196045,1.0018196105957031,1.0,1.0018196105957031,1.9034572839736938,0.8539905548095703,2.134976387023926,0.11779919266700745,0.17669878900051117,0.045760881155729294,0.45760881900787354,4.672740936279297,2.28993821144104,2.28993821144104,1.0027731657028198,5.62070894241333,0.48780396580696106,0.4975736141204834,0.5019246339797974
a1,locked_legacy_shape_normalized,1,199,1.0011149644851685,1.000135064125061,1.0,1.000135064125061,1.900256633758545,0.7913311719894409,1.978327989578247,0.11249164491891861,0.1687374711036682,0.03757369890809059,0.3757369816303253,4.423059463500977,2.28993821144104,2.28993821144104,1.0027731657028198,5.62070894241333,0.5075505971908569,0.498985230922699,0.5070618391036987
a1,locked_legacy_shape_normalized,2,0,1.0022382736206055,1.0024046897888184,1.0,1.0024046897888184,1.9045689105987549,1.1568686962127686,2.892171859741211,0.136939138174057,0.2054087072610855,0.1959286630153656,1.9592866897583008,6.961435794830322,2.28993821144104,2.28993821144104,1.0027731657028198,5.62070894241333,0.5006076693534851,0.4997550845146179,0.4980756640434265
a1,locked_legacy_shape_normalized,2,20,1.0015512704849243,1.0015480518341064,1.0,1.0015480518341064,1.9029412269592285,0.9611389636993408,2.4028472900390625,0.1332545429468155,0.19988182187080383,0.07465967535972595,0.7465967535972595,5.252267360687256,2.28993821144104,2.28993821144104,1.0027731657028198,5.62070894241333,0.4905887246131897,0.5005571246147156,0.4960254728794098
a1,locked_legacy_shape_normalized,2,100,1.001673936843872,1.0013543367385864,1.0,1.0013543367385864,1.9025732278823853,0.8438754677772522,2.1096887588500977,0.12006494402885437,0.18009741604328156,0.040031805634498596,0.40031805634498596,4.592677593231201,2.28993821144104,2.28993821144104,1.0027731657028198,5.62070894241333,0.4847990870475769,0.49987083673477173,0.4999369978904724
a1,locked_legacy_shape_normalized,2,199,1.0004664659500122,0.9994206428527832,1.0,0.9994206428527832,1.8988991975784302,0.7836358547210693,1.9590896368026733,0.11418697237968445,0.17128045856952667,0.032688677310943604,0.32688677310943604,4.356155872344971,2.28993821144104,2.28993821144104,1.0027731657028198,5.62070894241333,0.5009351372718811,0.5004228353500366,0.5058292150497437
a1,locked_legacy_shape_normalized,3,0,1.001896619796753,1.0020313262939453,1.0,1.0020313262939453,1.9038594961166382,1.1018378734588623,2.7545948028564453,0.13628514111042023,0.20442771911621094,0.2118832916021347,2.11883282661438,6.981715202331543,2.28993821144104,2.28993821144104,1.0027731657028198,5.62070894241333,0.49836114048957825,0.49929341673851013,0.5041368007659912
a1,locked_legacy_shape_normalized,3,20,1.0013543367385864,1.0015032291412354,1.0,1.0015032291412354,1.9028561115264893,0.9569418430328369,2.3923544883728027,0.10892820358276367,0.1633923053741455,0.0861644372344017,0.8616443872451782,5.320247173309326,2.28993821144104,2.28993821144104,1.0027731657028198,5.62070894241333,0.49728235602378845,0.49919581413269043,0.5019915699958801
a1,locked_legacy_shape_normalized,3,100,1.0015791654586792,1.0013575553894043,1.0,1.0013575553894043,1.9025793075561523,0.8403907418251038,2.1009769439697266,0.11600033938884735,0.17400050163269043,0.04254733771085739,0.4254733920097351,4.603030204772949,2.28993821144104,2.28993821144104,1.0027731657028198,5.62070894241333,0.49387139081954956,0.49654075503349304,0.49991077184677124
a1,locked_legacy_shape_normalized,3,199,0.9999226927757263,0.9988437294960022,1.0,0.9988437294960022,1.8978030681610107,0.7816175222396851,1.9540438652038574,0.1100449487566948,0.1650674194097519,0.034736160188913345,0.34736159443855286,4.364275932312012,2.28993821144104,2.28993821144104,1.0027731657028198,5.62070894241333,0.515857994556427,0.49814021587371826,0.5021253824234009
a1,locked_legacy_shape_normalized,4,0,1.0019522905349731,1.001922845840454,1.0,1.001922845840454,1.9036533832550049,1.0681930780410767,2.670482635498047,0.12121021002531052,0.18181531131267548,0.20882032811641693,2.088203191757202,6.844154357910156,2.28993821144104,2.28993821144104,1.0027731657028198,5.62070894241333,0.48270219564437866,0.5005794167518616,0.5032573342323303
a1,locked_legacy_shape_normalized,4,20,1.0016121864318848,1.0016285181045532,1.0,1.0016285181045532,1.9030941724777222,0.96015864610672,2.4003965854644775,0.10335595905780792,0.15503394603729248,0.0769428014755249,0.769428014755249,5.22795295715332,2.28993821144104,2.28993821144104,1.0027731657028198,5.62070894241333,0.4778432548046112,0.5014940500259399,0.500884473323822
a1,locked_legacy_shape_normalized,4,100,1.0020376443862915,1.0016666650772095,1.0,1.0016666650772095,1.903166651725769,0.8312948346138,2.0782370567321777,0.1150965690612793,0.17264485359191895,0.03942370414733887,0.39423704147338867,4.548285961151123,2.28993821144104,2.28993821144104,1.0027731657028198,5.62070894241333,0.48645642399787903,0.5013761520385742,0.5007092356681824
a1,locked_legacy_shape_normalized,4,199,1.000328779220581,0.9990007877349854,1.0,0.9990007877349854,1.8981014490127563,0.7679311037063599,1.9198276996612549,0.11024471372365952,0.16536706686019897,0.031872376799583435,0.31872376799583435,4.302020072937012,2.28993821144104,2.28993821144104,1.0027731657028198,5.62070894241333,0.518887460231781,0.502439022064209,0.5053106546401978
a1,locked_uniform_legacy_scale,0,0,1.0024996995925903,1.0024996995925903,2.28993821144104,2.2956624031066895,4.361758708953857,1.1005702018737793,2.7514255046844482,0.1522110104560852,0.2283165156841278,0.21836510300636292,2.1836509704589844,9.525151252746582,2.28993821144104,1.0,1.0,1.0,0.5134401917457581,0.4999057352542877,0.49350428581237793
a1,locked_uniform_legacy_scale,0,20,1.0015606880187988,1.0015606880187988,2.28993821144104,2.2935121059417725,4.357673168182373,0.9678800106048584,2.4197001457214355,0.11195792257785797,0.16793689131736755,0.08784569799900055,0.8784569501876831,7.823767185211182,2.28993821144104,1.0,1.0,1.0,0.5051988363265991,0.4996580183506012,0.49223119020462036
a1,locked_uniform_legacy_scale,0,100,1.0005226135253906,1.0005226135253906,2.28993821144104,2.29113507270813,4.353156566619873,0.8439666032791138,2.1099164485931396,0.11519744247198105,0.17279615998268127,0.048164937645196915,0.48164936900138855,7.117518424987793,2.28993821144104,1.0,1.0,1.0,0.5060818195343018,0.49818742275238037,0.49655595421791077
a1,locked_uniform_legacy_scale,0,199,0.9964168071746826,0.9964168071746826,2.28993821144104,2.2817330360412598,4.335292816162109,0.7805380821228027,1.9513452053070068,0.11210674792528152,0.16816012561321259,0.03895551711320877,0.3895551562309265,6.844353199005127,2.28993821144104,1.0,1.0,1.0,0.5318246483802795,0.4991368055343628,0.5024951696395874
a1,locked_uniform_legacy_scale,1,0,1.0018177032470703,1.0018177032470703,2.28993821144104,2.294100522994995,4.358790874481201,1.1145015954971313,2.7862539291381836,0.12712816894054413,0.1906922459602356,0.24371123313903809,2.437112331390381,9.772850036621094,2.28993821144104,1.0,1.0,1.0,0.4981207847595215,0.5001968741416931,0.5003342032432556
a1,locked_uniform_legacy_scale,1,20,1.0015087127685547,1.0015087127685547,2.28993821144104,2.293393135070801,4.357446670532227,0.9794671535491943,2.4486680030822754,0.11231491714715958,0.16847237944602966,0.08625795692205429,0.8625795841217041,7.837166786193848,2.28993821144104,1.0,1.0,1.0,0.49199989438056946,0.4989430010318756,0.4989717900753021
a1,locked_uniform_legacy_scale,1,100,1.0011279582977295,1.0011279582977295,2.28993821144104,2.2925212383270264,4.355790138244629,0.8547349572181702,2.1368374824523926,0.1170886904001236,0.175633043050766,0.045766640454530716,0.45766639709472656,7.125926971435547,2.28993821144104,1.0,1.0,1.0,0.4882674217224121,0.49755415320396423,0.5019134283065796
a1,locked_uniform_legacy_scale,1,199,0.9980050325393677,0.9980050325393677,2.28993821144104,2.285369873046875,4.342202663421631,0.7915574312210083,1.978893518447876,0.11263544112443924,0.16895316541194916,0.03758562356233597,0.3758562207221985,6.86590576171875,2.28993821144104,1.0,1.0,1.0,0.5080772638320923,0.49886205792427063,0.5070413947105408
a1,locked_uniform_legacy_scale,2,0,1.0022382736206055,1.0022382736206055,2.28993821144104,2.2950637340545654,4.360620975494385,1.1568686962127686,2.892171859741211,0.136939138174057,0.2054087072610855,0.1959286630153656,1.9592866897583008,9.417488098144531,2.28993821144104,1.0,1.0,1.0,0.5006076693534851,0.4997550845146179,0.4980756640434265
a1,locked_uniform_legacy_scale,2,20,1.0014867782592773,1.0014867782592773,2.28993821144104,2.2933428287506104,4.357351303100586,0.9614010453224182,2.4035027027130127,0.1328829526901245,0.19932442903518677,0.07468697428703308,0.7468697428703308,7.707047939300537,2.28993821144104,1.0,1.0,1.0,0.4906565248966217,0.5005506277084351,0.49602583050727844
a1,locked_uniform_legacy_scale,2,100,1.000683307647705,1.000683307647705,2.28993821144104,2.2915029525756836,4.353855609893799,0.8445976376533508,2.1114940643310547,0.11941908299922943,0.17912861704826355,0.04004569351673126,0.4004569351673126,7.04493522644043,2.28993821144104,1.0,1.0,1.0,0.4850386083126068,0.49984169006347656,0.49993088841438293
a1,locked_uniform_legacy_scale,2,199,0.997249960899353,0.997249960899353,2.28993821144104,2.2836408615112305,4.3389177322387695,0.7835747599601746,1.9589369297027588,0.11477408558130264,0.17216113209724426,0.03270648792386055,0.3270648717880249,6.7970805168151855,2.28993821144104,1.0,1.0,1.0,0.5012244582176208,0.5003629326820374,0.505809485912323
a1,locked_uniform_legacy_scale,3,0,1.001896619796753,1.001896619796753,2.28993821144104,2.294281244277954,4.359134197235107,1.1018378734588623,2.7545948028564453,0.13628514111042023,0.20442771911621094,0.2118832916021347,2.11883282661438,9.436989784240723,2.28993821144104,1.0,1.0,1.0,0.49836114048957825,0.49929341673851013,0.5041368007659912
a1,locked_uniform_legacy_scale,3,20,1.0012929439544678,1.0012929439544678,2.28993821144104,2.2928988933563232,4.356507778167725,0.9571195244789124,2.392798900604248,0.10870151221752167,0.1630522608757019,0.08619533479213715,0.8619533777236938,7.7743120193481445,2.28993821144104,1.0,1.0,1.0,0.4973367154598236,0.4991948902606964,0.5019912719726562
a1,locked_uniform_legacy_scale,3,100,1.0003678798675537,1.0003678798675537,2.28993821144104,2.290780544281006,4.352482795715332,0.8408951759338379,2.1022379398345947,0.11563093215227127,0.1734464019536972,0.04255750775337219,0.4255750775337219,7.053741931915283,2.28993821144104,1.0,1.0,1.0,0.4940260350704193,0.49648600816726685,0.49991050362586975
a1,locked_uniform_legacy_scale,3,199,0.9961864948272705,0.9961864948272705,2.28993821144104,2.281205415725708,4.334290027618408,0.7815036177635193,1.9537590742111206,0.11071896553039551,0.16607844829559326,0.03475508838891983,0.3475508689880371,6.801678657531738,2.28993821144104,1.0,1.0,1.0,0.516331136226654,0.497993528842926,0.5021239519119263
a1,locked_uniform_legacy_scale,4,0,1.0019522905349731,1.0019522905349731,2.28993821144104,2.2944087982177734,4.359376430511475,1.0681930780410767,2.670482635498047,0.12121021002531052,0.18181531131267548,0.20882032811641693,2.088203191757202,9.299877166748047,2.28993821144104,1.0,1.0,1.0,0.4827021658420563,0.5005794167518616,0.5032573342323303
a1,locked_uniform_legacy_scale,4,20,1.0015454292297363,1.0015454292297363,2.28993821144104,2.2934770584106445,4.357606410980225,0.9604834914207458,2.4012086391448975,0.1029464602470398,0.1544196903705597,0.07696954905986786,0.769695520401001,7.682929992675781,2.28993821144104,1.0,1.0,1.0,0.47796517610549927,0.50149005651474,0.5008848905563354
a1,locked_uniform_legacy_scale,4,100,1.000672459602356,1.000672459602356,2.28993821144104,2.291478157043457,4.353808403015137,0.8320708870887756,2.0801773071289062,0.11442329734563828,0.17163494229316711,0.03943224623799324,0.3943224549293518,6.999943256378174,2.28993821144104,1.0,1.0,1.0,0.4867897033691406,0.5013461112976074,0.5007022619247437
a1,locked_uniform_legacy_scale,4,199,0.9961692690849304,0.9961692690849304,2.28993821144104,2.2811660766601562,4.3342156410217285,0.7678727507591248,1.9196819067001343,0.1109868660569191,0.16648030281066895,0.031892385333776474,0.31892386078834534,6.739301681518555,2.28993821144104,1.0,1.0,1.0,0.5189551711082458,0.5023380517959595,0.5052881240844727
a1,locked_unweighted,0,0,1.0024996995925903,1.0024996995925903,1.0,1.0024996995925903,1.9047493934631348,1.1005702018737793,2.7514255046844482,0.1522110104560852,0.2283165156841278,0.21836510300636292,2.1836509704589844,7.068141937255859,2.28993821144104,1.0,1.0,1.0,0.5134401917457581,0.4999057352542877,0.49350428581237793
a1,locked_unweighted,0,20,1.0016274452209473,1.0016274452209473,1.0,1.0016274452209473,1.9030921459197998,0.9677193760871887,2.4192984104156494,0.11213096976280212,0.16819645464420319,0.08780912309885025,0.8780912160873413,5.368678569793701,2.28993821144104,1.0,1.0,1.0,0.5051314830780029,0.4996771216392517,0.49223020672798157
a1,locked_unweighted,0,100,1.0017693042755127,1.0017693042755127,1.0,1.0017693042755127,1.9033616781234741,0.8433412909507751,2.1083531379699707,0.11563900113105774,0.1734585016965866,0.04814579710364342,0.48145797848701477,4.666631698608398,2.28993821144104,1.0,1.0,1.0,0.5054888129234314,0.498337984085083,0.4965604245662689
a1,locked_unweighted,0,199,1.000032663345337,1.000032663345337,1.0,1.000032663345337,1.900062084197998,0.7805571556091309,1.9513928890228271,0.1113201230764389,0.16698017716407776,0.038923174142837524,0.38923174142837524,4.4076666831970215,2.28993821144104,1.0,1.0,1.0,0.5312889218330383,0.49938586354255676,0.5025097131729126
a1,locked_unweighted,1,0,1.0018177032470703,1.0018177032470703,1.0,1.0018177032470703,1.9034535884857178,1.1145015954971313,2.7862539291381836,0.12712816894054413,0.1906922459602356,0.24371123313903809,2.437112331390381,7.317512512207031,2.28993821144104,1.0,1.0,1.0,0.4981207847595215,0.5001968741416931,0.5003342032432556
a1,locked_unweighted,1,20,1.0015639066696167,1.0015639066696167,1.0,1.0015639066696167,1.9029713869094849,0.979292094707489,2.448230266571045,0.11261040717363358,0.16891561448574066,0.08624691516160965,0.8624691367149353,5.382586479187012,2.28993821144104,1.0,1.0,1.0,0.49197468161582947,0.498960018157959,0.498974084854126
a1,locked_unweighted,1,100,1.0020414590835571,1.0020414590835571,1.0,1.0020414590835571,1.9038786888122559,0.8540369272232056,2.135092258453369,0.11772296577692032,0.17658445239067078,0.045759815722703934,0.45759814977645874,4.673153400421143,2.28993821144104,1.0,1.0,1.0,0.487815797328949,0.4975622296333313,0.5019240975379944
a1,locked_unweighted,1,199,1.0009452104568481,1.0009452104568481,1.0,1.0009452104568481,1.9017958641052246,0.79146409034729,1.978660225868225,0.11231197416782379,0.16846796870231628,0.03757208585739136,0.3757208585739136,4.424644947052002,2.28993821144104,1.0,1.0,1.0,0.5076305866241455,0.4989544153213501,0.5070586800575256
a1,locked_unweighted,2,0,1.0022382736206055,1.0022382736206055,1.0,1.0022382736206055,1.9042526483535767,1.1568686962127686,2.892171859741211,0.136939138174057,0.2054087072610855,0.1959286630153656,1.9592866897583008,6.961119651794434,2.28993821144104,1.0,1.0,1.0,0.5006076693534851,0.4997550845146179,0.4980756640434265
a1,locked_unweighted,2,20,1.0015496015548706,1.0015496015548706,1.0,1.0015496015548706,1.9029442071914673,0.9611449241638184,2.402862310409546,0.13323335349559784,0.19985002279281616,0.0746561586856842,0.746561586856842,5.252218246459961,2.28993821144104,1.0,1.0,1.0,0.49057868123054504,0.5005578994750977,0.4960253834724426
a1,locked_unweighted,2,100,1.0016452074050903,1.0016452074050903,1.0,1.0016452074050903,1.9031258821487427,0.843958854675293,2.1098971366882324,0.11990316212177277,0.17985475063323975,0.040027644485235214,0.40027645230293274,4.593154430389404,2.28993821144104,1.0,1.0,1.0,0.4848039746284485,0.49985742568969727,0.4999357759952545
a1,locked_unweighted,2,199,1.0003026723861694,1.0003026723861694,1.0,1.0003026723861694,1.900575041770935,0.7837949395179749,1.9594873189926147,0.11393149942159653,0.1708972454071045,0.0326823927462101,0.3268239200115204,4.357783317565918,2.28993821144104,1.0,1.0,1.0,0.5009374022483826,0.5003877282142639,0.5058268904685974
a1,locked_unweighted,3,0,1.001896619796753,1.001896619796753,1.0,1.001896619796753,1.9036035537719727,1.1018378734588623,2.7545948028564453,0.13628514111042023,0.20442771911621094,0.2118832767009735,2.11883282661438,6.98145866394043,2.28993821144104,1.0,1.0,1.0,0.49836114048957825,0.49929341673851013,0.5041368007659912
a1,locked_unweighted,3,20,1.0013548135757446,1.0013548135757446,1.0,1.0013548135757446,1.902574062347412,0.9569377899169922,2.3923444747924805,0.10891375690698624,0.16337063908576965,0.08616525679826736,0.8616525530815125,5.319941520690918,2.28993821144104,1.0,1.0,1.0,0.49728065729141235,0.49919530749320984,0.5019914507865906
a1,locked_unweighted,3,100,1.0015380382537842,1.0015380382537842,1.0,1.0015380382537842,1.90292227268219,0.8404357433319092,2.1010894775390625,0.11593266576528549,0.17389899492263794,0.04254451021552086,0.4254451096057892,4.603355884552002,2.28993821144104,1.0,1.0,1.0,0.49382951855659485,0.4965361952781677,0.49991026520729065
a1,locked_unweighted,3,199,0.9996935129165649,0.9996935129165649,1.0,0.9996935129165649,1.8994176387786865,0.7817319631576538,1.9543299674987793,0.10987578332424164,0.16481366753578186,0.03473254665732384,0.34732547402381897,4.365886688232422,2.28993821144104,1.0,1.0,1.0,0.5157308578491211,0.4981235861778259,0.5021228790283203
a1,locked_unweighted,4,0,1.0019522905349731,1.0019522905349731,1.0,1.0019522905349731,1.9037092924118042,1.0681930780410767,2.670482635498047,0.12121021002531052,0.18181531131267548,0.20882032811641693,2.088203191757202,6.844210624694824,2.28993821144104,1.0,1.0,1.0,0.48270219564437866,0.5005794167518616,0.5032573342323303
a1,locked_unweighted,4,20,1.0016101598739624,1.0016101598739624,1.0,1.0016101598739624,1.9030592441558838,0.9601453542709351,2.4003634452819824,0.10336009413003922,0.15504014492034912,0.07694301754236221,0.7694301605224609,5.227893352508545,2.28993821144104,1.0,1.0,1.0,0.47784170508384705,0.5014937520027161,0.5008845329284668
a1,locked_unweighted,4,100,1.0019888877868652,1.0019888877868652,1.0,1.0019888877868652,1.9037789106369019,0.831341564655304,2.0783538818359375,0.11501997709274292,0.17252996563911438,0.03942029923200607,0.3942030072212219,4.548866271972656,2.28993821144104,1.0,1.0,1.0,0.48646414279937744,0.5013740658760071,0.5007107257843018
a1,locked_unweighted,4,199,1.0000700950622559,1.0000700950622559,1.0,1.0000700950622559,1.9001331329345703,0.7680807113647461,1.9202017784118652,0.1100451871752739,0.16506777703762054,0.03186621516942978,0.318662166595459,4.304064750671387,2.28993821144104,1.0,1.0,1.0,0.5188693404197693,0.502396285533905,0.5053137540817261
p22,locked_asr_hvg_legacy_scale_diagnostic,0,0,1.0025255680084229,1.002535104751587,2.290322780609131,2.296128988265991,3.4441933631896973,1.0422450304031372,5.2112250328063965,0.08939982950687408,0.13409975171089172,0.1078769788146019,0.1078769788146019,8.897395133972168,2.290322780609131,1.1724190711975098,1.0001224279403687,1.563356637954712,0.4961727559566498,0.5000008344650269,0.49960628151893616
p22,locked_asr_hvg_legacy_scale_diagnostic,0,160,0.9970481395721436,0.9969584941864014,2.290322780609131,2.2833566665649414,3.425034999847412,0.8731085062026978,4.365542411804199,0.09389783442020416,0.14084675908088684,0.033519670367240906,0.033519670367240906,7.964943885803223,2.290322780609131,1.1724190711975098,1.0001224279403687,1.563356637954712,0.5457653999328613,0.4971310794353485,0.5005516409873962
p22,locked_asr_hvg_legacy_scale_diagnostic,0,800,0.9869545102119446,0.9868642091751099,2.290322780609131,2.260237693786621,3.3903565406799316,0.7793741226196289,3.8968706130981445,0.0589740052819252,0.0884610116481781,0.019561005756258965,0.019561005756258965,7.395248889923096,2.290322780609131,1.1724190711975098,1.0001224279403687,1.563356637954712,0.6510582566261292,0.5915712714195251,0.5615427494049072
p22,locked_asr_hvg_legacy_scale_diagnostic,0,1599,0.982622504234314,0.9824855327606201,2.290322780609131,2.250209093093872,3.3753137588500977,0.7357878088951111,3.6789391040802,0.05163779482245445,0.07745669037103653,0.012075015343725681,0.012075015343725681,7.143784046173096,2.290322780609131,1.1724190711975098,1.0001224279403687,1.563356637954712,0.6406987905502319,0.7472929954528809,0.7858362793922424
p22,locked_asr_hvg_legacy_scale_diagnostic,1,0,1.0024077892303467,1.0024034976959229,2.290322780609131,2.295827627182007,3.4437413215637207,1.0317832231521606,5.158915996551514,0.08358776569366455,0.12538164854049683,0.11229388415813446,0.11229388415813446,8.840332984924316,2.290322780609131,1.1724190711975098,1.0001224279403687,1.563356637954712,0.5009194016456604,0.5003657341003418,0.5002002120018005
p22,locked_asr_hvg_legacy_scale_diagnostic,1,160,0.9971532821655273,0.9970689415931702,2.290322780609131,2.283609628677368,3.425414562225342,0.8717341423034668,4.358670711517334,0.093661829829216,0.1404927372932434,0.03431565314531326,0.03431565314531326,7.958893775939941,2.290322780609131,1.1724190711975098,1.0001224279403687,1.563356637954712,0.5204246640205383,0.49632325768470764,0.5003665089607239
p22,locked_asr_hvg_legacy_scale_diagnostic,1,800,0.9871554374694824,0.9870653748512268,2.290322780609131,2.2606983184814453,3.391047477722168,0.777770459651947,3.88885235786438,0.05564264580607414,0.08346396684646606,0.020629841834306717,0.020629841834306717,7.383993625640869,2.290322780609131,1.1724190711975098,1.0001224279403687,1.563356637954712,0.586199939250946,0.6154806017875671,0.5772719383239746
p22,locked_asr_hvg_legacy_scale_diagnostic,1,1599,0.9831081032752991,0.9829636216163635,2.290322780609131,2.2513039112091064,3.376955986022949,0.7350611090660095,3.6753056049346924,0.04980652034282684,0.07470978051424026,0.01289896946400404,0.01289896946400404,7.1398701667785645,2.290322780609131,1.1724190711975098,1.0001224279403687,1.563356637954712,0.5812891721725464,0.7532743811607361,0.8026074767112732
p22,locked_asr_hvg_legacy_scale_diagnostic,2,0,1.0025173425674438,1.0025322437286377,2.290322780609131,2.2961225509643555,3.444183826446533,1.029787540435791,5.148937702178955,0.0835193619132042,0.125279039144516,0.11075494438409805,0.11075494438409805,8.829155921936035,2.290322780609131,1.1724190711975098,1.0001224279403687,1.563356637954712,0.503917396068573,0.501480758190155,0.5002117156982422
p22,locked_asr_hvg_legacy_scale_diagnostic,2,160,0.9972447752952576,0.9971835017204285,2.290322780609131,2.283872127532959,3.4258081912994385,0.8730852603912354,4.365426063537598,0.09030283987522125,0.13545426726341248,0.03393185883760452,0.03393185883760452,7.960619926452637,2.290322780609131,1.1724190711975098,1.0001224279403687,1.563356637954712,0.5191804766654968,0.4988204538822174,0.5011466145515442
p22,locked_asr_hvg_legacy_scale_diagnostic,2,800,0.987088680267334,0.9870039224624634,2.290322780609131,2.2605576515197754,3.390836477279663,0.7790474891662598,3.895237445831299,0.05325540527701378,0.07988310605287552,0.019980618730187416,0.019980618730187416,7.385937213897705,2.290322780609131,1.1724190711975098,1.0001224279403687,1.563356637954712,0.6252269744873047,0.6297172904014587,0.5919591784477234
p22,locked_asr_hvg_legacy_scale_diagnostic,2,1599,0.982997477054596,0.9828596115112305,2.290322780609131,2.251065731048584,3.376598596572876,0.7346755266189575,3.673377513885498,0.04891349375247955,0.07337024062871933,0.013113453052937984,0.013113453052937984,7.136460304260254,2.290322780609131,1.1724190711975098,1.0001224279403687,1.563356637954712,0.6003357172012329,0.7697467803955078,0.8224597573280334
p22,locked_asr_hvg_legacy_scale_diagnostic,3,0,1.002363920211792,1.0023820400238037,2.290322780609131,2.295778512954712,3.4436678886413574,1.03486168384552,5.1743083000183105,0.08703014254570007,0.1305452138185501,0.11209534108638763,0.11209534108638763,8.860616683959961,2.290322780609131,1.1724190711975098,1.0001224279403687,1.563356637954712,0.5033033490180969,0.49937814474105835,0.5015715956687927
p22,locked_asr_hvg_legacy_scale_diagnostic,3,160,0.9970596432685852,0.9969743490219116,2.290322780609131,2.283393144607544,3.4250898361206055,0.8713510036468506,4.356755256652832,0.09618686139583588,0.14428028464317322,0.03391406312584877,0.03391406312584877,7.9600396156311035,2.290322780609131,1.1724190711975098,1.0001224279403687,1.563356637954712,0.549995481967926,0.49476420879364014,0.5025165677070618
p22,locked_asr_hvg_legacy_scale_diagnostic,3,800,0.9868350028991699,0.9867469668388367,2.290322780609131,2.2599689960479736,3.38995361328125,0.7770377993583679,3.8851890563964844,0.06005231663584709,0.09007847309112549,0.019234973937273026,0.019234973937273026,7.384456157684326,2.290322780609131,1.1724190711975098,1.0001224279403687,1.563356637954712,0.6742730736732483,0.6041622757911682,0.5635088086128235
p22,locked_asr_hvg_legacy_scale_diagnostic,3,1599,0.9824120402336121,0.9822674989700317,2.290322780609131,2.2497096061706543,3.3745644092559814,0.7336603999137878,3.668302059173584,0.05283984914422035,0.07925977557897568,0.011854654178023338,0.011854654178023338,7.133981227874756,2.290322780609131,1.1724190711975098,1.0001224279403687,1.563356637954712,0.660138726234436,0.7574241757392883,0.7819643020629883
p22,locked_asr_hvg_legacy_scale_diagnostic,4,0,1.002403736114502,1.0024117231369019,2.290322780609131,2.295846462249756,3.443769693374634,1.0305736064910889,5.152868270874023,0.08389130979776382,0.12583696842193604,0.11399556696414948,0.11399556696414948,8.836470603942871,2.290322780609131,1.1724190711975098,1.0001224279403687,1.563356637954712,0.49832892417907715,0.49936115741729736,0.49898669123649597
p22,locked_asr_hvg_legacy_scale_diagnostic,4,160,0.9973282217979431,0.9972253441810608,2.290322780609131,2.283967971801758,3.4259519577026367,0.8704668879508972,4.352334499359131,0.09711949527263641,0.14567923545837402,0.03525586053729057,0.03525586053729057,7.959221363067627,2.290322780609131,1.1724190711975098,1.0001224279403687,1.563356637954712,0.5423709750175476,0.4947248101234436,0.5026964545249939
p22,locked_asr_hvg_legacy_scale_diagnostic,4,800,0.9871328473091125,0.9870390295982361,2.290322780609131,2.2606379985809326,3.3909568786621094,0.7775205969810486,3.8876030445098877,0.055568307638168335,0.0833524614572525,0.019776076078414917,0.019776076078414917,7.381688117980957,2.290322780609131,1.1724190711975098,1.0001224279403687,1.563356637954712,0.618696391582489,0.6173882484436035,0.5908856391906738
p22,locked_asr_hvg_legacy_scale_diagnostic,4,1599,0.9831716418266296,0.983032763004303,2.290322780609131,2.25146222114563,3.3771934509277344,0.7353129982948303,3.676564931869507,0.04969894513487816,0.07454841583967209,0.012879581190645695,0.012879581190645695,7.141186237335205,2.290322780609131,1.1724190711975098,1.0001224279403687,1.563356637954712,0.5965129137039185,0.7561930418014526,0.8067569732666016
p22,locked_legacy_loss_replay,0,0,1.0025255680084229,1.0025604963302612,2.290322780609131,2.296186923980713,3.4442803859710693,1.0422450304031372,5.2112250328063965,0.08939982950687408,0.13409975171089172,0.1078769788146019,0.1078769788146019,8.897481918334961,2.290322780609131,2.290322780609131,1.0027776956558228,5.62070894241333,0.4961727559566498,0.5000008344650269,0.49960628151893616
p22,locked_legacy_loss_replay,0,160,0.9976985454559326,0.996730387210846,2.290322780609131,2.28283429145813,3.4242515563964844,0.87309330701828,4.365466594696045,0.09392839670181274,0.14089259505271912,0.03346050903201103,0.03346050903201103,7.964071273803711,2.290322780609131,2.290322780609131,1.0027776956558228,5.62070894241333,0.5459296703338623,0.4971093535423279,0.5005531907081604
p22,locked_legacy_loss_replay,0,800,0.9874879717826843,0.9865382313728333,2.290322780609131,2.259490966796875,3.3892364501953125,0.7793779969215393,3.8968899250030518,0.059222884476184845,0.08883433043956757,0.019526945427060127,0.019526945427060127,7.394487380981445,2.290322780609131,2.290322780609131,1.0027776956558228,5.62070894241333,0.6531508564949036,0.5914013981819153,0.561859667301178
p22,locked_legacy_loss_replay,0,1599,0.9829375743865967,0.9812982678413391,2.290322780609131,2.2474896907806396,3.37123441696167,0.7358292937278748,3.6791465282440186,0.052533138543367386,0.07879970967769623,0.012015028856694698,0.012015028856694698,7.141195297241211,2.290322780609131,2.290322780609131,1.0027776956558228,5.62070894241333,0.6482386589050293,0.747951328754425,0.785429060459137
p22,locked_legacy_loss_replay,1,0,1.0024077892303467,1.002346158027649,2.290322780609131,2.295696258544922,3.443544387817383,1.0317832231521606,5.158915996551514,0.08358776569366455,0.12538164854049683,0.11229388415813446,0.11229388415813446,8.840136528015137,2.290322780609131,2.290322780609131,1.0027776956558228,5.62070894241333,0.5009194016456604,0.5003657341003418,0.5002002120018005
p22,locked_legacy_loss_replay,1,160,0.9978141188621521,0.9968170523643494,2.290322780609131,2.2830326557159424,3.424549102783203,0.8717375993728638,4.358687877655029,0.09366925805807114,0.1405038833618164,0.03427588567137718,0.03427588567137718,7.958016872406006,2.290322780609131,2.290322780609131,1.0027776956558228,5.62070894241333,0.5203497409820557,0.49633392691612244,0.5003798007965088
p22,locked_legacy_loss_replay,1,800,0.9876699447631836,0.9867355227470398,2.290322780609131,2.2599427700042725,3.389914035797119,0.7777868509292603,3.8889341354370117,0.05587131530046463,0.08380697667598724,0.02060035429894924,0.02060035429894924,7.383255481719971,2.290322780609131,2.290322780609131,1.0027776956558228,5.62070894241333,0.5872162580490112,0.6154655814170837,0.5776414275169373
p22,locked_legacy_loss_replay,1,1599,0.9833880662918091,0.9818776249885559,2.290322780609131,2.248816728591919,3.373225212097168,0.7351177930831909,3.675589084625244,0.05067124590277672,0.07600686699151993,0.01284436509013176,0.01284436509013176,7.137665748596191,2.290322780609131,2.290322780609131,1.0027776956558228,5.62070894241333,0.5869136452674866,0.7535340785980225,0.8025635480880737
p22,locked_legacy_loss_replay,2,0,1.0025173425674438,1.002521276473999,2.290322780609131,2.2960968017578125,3.4441452026367188,1.029787540435791,5.148937702178955,0.0835193619132042,0.125279039144516,0.11075494438409805,0.11075494438409805,8.829116821289062,2.290322780609131,2.290322780609131,1.0027776956558228,5.62070894241333,0.503917396068573,0.501480758190155,0.500211775302887
p22,locked_legacy_loss_replay,2,160,0.9979193806648254,0.9969018697738647,2.290322780609131,2.2832272052764893,3.4248409271240234,0.8730741739273071,4.365370750427246,0.09032365679740906,0.1354854851961136,0.03388574719429016,0.03388574719429016,7.959583282470703,2.290322780609131,2.290322780609131,1.0027776956558228,5.62070894241333,0.519238293170929,0.4988250732421875,0.5011345744132996
p22,locked_legacy_loss_replay,2,800,0.9876305460929871,0.9866523146629333,2.290322780609131,2.259752035140991,3.3896279335021973,0.7790501117706299,3.8952505588531494,0.0534932017326355,0.08023980259895325,0.01996653340756893,0.01996653340756893,7.385085105895996,2.290322780609131,2.290322780609131,1.0027776956558228,5.62070894241333,0.627885103225708,0.630127489566803,0.5917400121688843
p22,locked_legacy_loss_replay,2,1599,0.9832996129989624,0.9817566275596619,2.290322780609131,2.248539686203003,3.372809410095215,0.7347716093063354,3.673858165740967,0.04980475455522537,0.07470713555812836,0.013076867908239365,0.013076867908239365,7.134451389312744,2.290322780609131,2.290322780609131,1.0027776956558228,5.62070894241333,0.6084584593772888,0.7698672413825989,0.8208553791046143
p22,locked_legacy_loss_replay,3,0,1.002363920211792,1.0022995471954346,2.290322780609131,2.2955894470214844,3.4433841705322266,1.03486168384552,5.1743083000183105,0.08703014999628067,0.1305452287197113,0.11209534108638763,0.11209534108638763,8.860333442687988,2.290322780609131,2.290322780609131,1.0027776956558228,5.62070894241333,0.5033033490180969,0.49937814474105835,0.5015715956687927
p22,locked_legacy_loss_replay,3,160,0.9977414608001709,0.9967044591903687,2.290322780609131,2.2827746868133545,3.424161911010742,0.8713405132293701,4.35670280456543,0.09616881608963013,0.1442532241344452,0.0338461734354496,0.0338461734354496,7.9589643478393555,2.290322780609131,2.290322780609131,1.0027776956558228,5.62070894241333,0.5500426292419434,0.4948158264160156,0.5025336742401123
p22,locked_legacy_loss_replay,3,800,0.987373411655426,0.9863123297691345,2.290322780609131,2.2589733600616455,3.388460159301758,0.7770289778709412,3.8851449489593506,0.06035444512963295,0.09053166955709457,0.019209982827305794,0.019209982827305794,7.383347034454346,2.290322780609131,2.290322780609131,1.0027776956558228,5.62070894241333,0.6767880320549011,0.6040424704551697,0.5636616945266724
p22,locked_legacy_loss_replay,3,1599,0.982669472694397,0.9808876514434814,2.290322780609131,2.246549367904663,3.369823932647705,0.7337144613265991,3.668572425842285,0.053881991654634476,0.08082298934459686,0.011792394332587719,0.011792394332587719,7.131011486053467,2.290322780609131,2.290322780609131,1.0027776956558228,5.62070894241333,0.6683554649353027,0.7576932907104492,0.7810492515563965
p22,locked_legacy_loss_replay,4,0,1.002403736114502,1.002359390258789,2.290322780609131,2.2957262992858887,3.443589448928833,1.0305736064910889,5.152868270874023,0.08389130979776382,0.12583696842193604,0.11399556696414948,0.11399556696414948,8.83629035949707,2.290322780609131,2.290322780609131,1.0027776956558228,5.62070894241333,0.49832892417907715,0.49936115741729736,0.49898669123649597
p22,locked_legacy_loss_replay,4,160,0.9979658722877502,0.9969808459281921,2.290322780609131,2.2834079265594482,3.425111770629883,0.8704329133033752,4.3521647453308105,0.09716761112213135,0.14575141668319702,0.03521231561899185,0.03521231561899185,7.958240509033203,2.290322780609131,2.290322780609131,1.0027776956558228,5.62070894241333,0.5424824357032776,0.4947756230831146,0.5027308464050293
p22,locked_legacy_loss_replay,4,800,0.9876289367675781,0.9867066740989685,2.290322780609131,2.2598764896392822,3.389814853668213,0.7775259017944336,3.887629508972168,0.055823180824518204,0.08373477309942245,0.019755257293581963,0.019755257293581963,7.380934715270996,2.290322780609131,2.290322780609131,1.0027776956558228,5.62070894241333,0.6204842925071716,0.6176243424415588,0.5910579562187195
p22,locked_legacy_loss_replay,4,1599,0.9834469556808472,0.9819441437721252,2.290322780609131,2.248969078063965,3.3734536170959473,0.7354185581207275,3.6770927906036377,0.050505734980106354,0.07575860619544983,0.012822519987821579,0.012822519987821579,7.139127731323242,2.290322780609131,2.290322780609131,1.0027776956558228,5.62070894241333,0.6033764481544495,0.7567803859710693,0.8065400719642639
p22,locked_legacy_shape_normalized,0,0,1.0025255680084229,1.0025604963302612,1.0,1.0025604963302612,1.503840684890747,1.0422450304031372,5.2112250328063965,0.08939982950687408,0.13409975171089172,0.1078769788146019,0.1078769788146019,6.957042694091797,2.290322780609131,2.290322780609131,1.0027776956558228,5.62070894241333,0.4961727559566498,0.5000008344650269,0.49960628151893616
p22,locked_legacy_shape_normalized,0,160,0.9997413754463196,0.9987648725509644,1.0,0.9987648725509644,1.4981472492218018,0.8728320598602295,4.364160537719727,0.09388716518878937,0.14083075523376465,0.0331401489675045,0.0331401489675045,6.03627872467041,2.290322780609131,2.290322780609131,1.0027776956558228,5.62070894241333,0.5460819005966187,0.4970380365848541,0.5006160140037537
p22,locked_legacy_shape_normalized,0,800,0.9898540377616882,0.9889122247695923,1.0,0.9889122247695923,1.4833683967590332,0.7794273495674133,3.897136688232422,0.058025360107421875,0.08703804016113281,0.019424600526690483,0.019424600526690483,5.48696756362915,2.290322780609131,2.290322780609131,1.0027776956558228,5.62070894241333,0.6456659436225891,0.587567925453186,0.5627347230911255
p22,locked_legacy_shape_normalized,0,1599,0.9864523410797119,0.9854453802108765,1.0,0.9854453802108765,1.47816801071167,0.7356881499290466,3.678440809249878,0.049486950039863586,0.07423042505979538,0.011950710788369179,0.011950710788369179,5.242789268493652,2.290322780609131,2.290322780609131,1.0027776956558228,5.62070894241333,0.6261515021324158,0.7410721778869629,0.7885847687721252
p22,locked_legacy_shape_normalized,1,0,1.0024077892303467,1.002346158027649,1.0,1.002346158027649,1.5035192966461182,1.0317832231521606,5.158915996551514,0.08358776569366455,0.12538164854049683,0.11229388415813446,0.11229388415813446,6.900110721588135,2.290322780609131,2.290322780609131,1.0027776956558228,5.62070894241333,0.5009194016456604,0.5003657341003418,0.5002002120018005
p22,locked_legacy_shape_normalized,1,160,0.9997888803482056,0.9987834095954895,1.0,0.9987834095954895,1.4981751441955566,0.8715952634811401,4.35797643661499,0.09356795996427536,0.14035193622112274,0.03401993587613106,0.03401993587613106,6.030523300170898,2.290322780609131,2.290322780609131,1.0027776956558228,5.62070894241333,0.5200574994087219,0.4962262511253357,0.5005128979682922
p22,locked_legacy_shape_normalized,1,800,0.9899703860282898,0.9890304803848267,1.0,0.9890304803848267,1.4835457801818848,0.7777882218360901,3.8889410495758057,0.054682355374097824,0.08202353119850159,0.0204967949539423,0.0204967949539423,5.4750075340271,2.290322780609131,2.290322780609131,1.0027776956558228,5.62070894241333,0.5805290937423706,0.6127477288246155,0.5787901878356934
p22,locked_legacy_shape_normalized,1,1599,0.9866285920143127,0.9857137203216553,1.0,0.9857137203216553,1.478570580482483,0.7349978089332581,3.6749889850616455,0.04771747067570686,0.07157620787620544,0.012817103415727615,0.012817103415727615,5.237952709197998,2.290322780609131,2.290322780609131,1.0027776956558228,5.62070894241333,0.5670880079269409,0.7479019165039062,0.8055210113525391
p22,locked_legacy_shape_normalized,2,0,1.0025173425674438,1.002521276473999,1.0,1.002521276473999,1.5037819147109985,1.029787540435791,5.148937702178955,0.0835193619132042,0.125279039144516,0.11075494438409805,0.11075494438409805,6.888753414154053,2.290322780609131,2.290322780609131,1.0027776956558228,5.62070894241333,0.503917396068573,0.501480758190155,0.500211775302887
p22,locked_legacy_shape_normalized,2,160,1.0000420808792114,0.999026894569397,1.0,0.999026894569397,1.4985404014587402,0.8728482723236084,4.364241600036621,0.09022478014230728,0.13533717393875122,0.03356721252202988,0.03356721252202988,6.031686782836914,2.290322780609131,2.290322780609131,1.0027776956558228,5.62070894241333,0.5192780494689941,0.49876639246940613,0.5012983679771423
p22,locked_legacy_shape_normalized,2,800,0.9899522066116333,0.9889670610427856,1.0,0.9889670610427856,1.4834506511688232,0.7790528535842896,3.895264148712158,0.052235689014196396,0.07835353165864944,0.01981831155717373,0.01981831155717373,5.47688627243042,2.290322780609131,2.290322780609131,1.0027776956558228,5.62070894241333,0.6240898966789246,0.6258441209793091,0.593601644039154
p22,locked_legacy_shape_normalized,2,1599,0.9865905046463013,0.9856312274932861,1.0,0.9856312274932861,1.4784468412399292,0.7345522046089172,3.6727609634399414,0.046824805438518524,0.07023720443248749,0.013039969839155674,0.013039969839155674,5.234485149383545,2.290322780609131,2.290322780609131,1.0027776956558228,5.62070894241333,0.5866094827651978,0.7642849683761597,0.8247530460357666
p22,locked_legacy_shape_normalized,3,0,1.002363920211792,1.0022995471954346,1.0,1.0022995471954346,1.5034493207931519,1.03486168384552,5.1743083000183105,0.08703014254570007,0.1305452138185501,0.11209534108638763,0.11209534108638763,6.920398235321045,2.290322780609131,2.290322780609131,1.0027776956558228,5.62070894241333,0.5033033490180969,0.49937814474105835,0.5015715956687927
p22,locked_legacy_shape_normalized,3,160,0.9997872710227966,0.9987158179283142,1.0,0.9987158179283142,1.498073697090149,0.871127188205719,4.355636119842529,0.09614454954862595,0.14421682059764862,0.033535562455654144,0.033535562455654144,6.0314621925354,2.290322780609131,2.290322780609131,1.0027776956558228,5.62070894241333,0.5508947968482971,0.49477419257164,0.5026565790176392
p22,locked_legacy_shape_normalized,3,800,0.9898099899291992,0.988775372505188,1.0,0.988775372505188,1.4831631183624268,0.777052640914917,3.885263204574585,0.05910291150212288,0.08865436911582947,0.019125597551465034,0.019125597551465034,5.476206302642822,2.290322780609131,2.290322780609131,1.0027776956558228,5.62070894241333,0.6717596650123596,0.6005383133888245,0.5640880465507507
p22,locked_legacy_shape_normalized,3,1599,0.9863284826278687,0.9852877259254456,1.0,0.9852877259254456,1.4779316186904907,0.733556866645813,3.6677842140197754,0.050643034279346466,0.07596455514431,0.01172962598502636,0.01172962598502636,5.233409881591797,2.290322780609131,2.290322780609131,1.0027776956558228,5.62070894241333,0.64597487449646,0.7507711052894592,0.7838276028633118
p22,locked_legacy_shape_normalized,4,0,1.002403736114502,1.002359390258789,1.0,1.002359390258789,1.5035390853881836,1.0305736064910889,5.152868270874023,0.08389130979776382,0.12583696842193604,0.11399556696414948,0.11399556696414948,6.896239757537842,2.290322780609131,2.290322780609131,1.0027776956558228,5.62070894241333,0.49832892417907715,0.49936115741729736,0.49898669123649597
p22,locked_legacy_shape_normalized,4,160,1.0000066757202148,0.9990229606628418,1.0,0.9990229606628418,1.4985344409942627,0.8703118562698364,4.351559162139893,0.09710465371608734,0.14565697312355042,0.03495805338025093,0.03495805338025093,6.0307087898254395,2.290322780609131,2.290322780609131,1.0027776956558228,5.62070894241333,0.5419607758522034,0.49465057253837585,0.5028920769691467
p22,locked_legacy_shape_normalized,4,800,0.9899712800979614,0.9890587329864502,1.0,0.9890587329864502,1.4835880994796753,0.7775576114654541,3.8877880573272705,0.05458963289856911,0.08188445121049881,0.019626816734671593,0.019626816734671593,5.47288703918457,2.290322780609131,2.290322780609131,1.0027776956558228,5.62070894241333,0.6114176511764526,0.614129900932312,0.5928311347961426
p22,locked_legacy_shape_normalized,4,1599,0.9866733551025391,0.9857717156410217,1.0,0.9857717156410217,1.478657603263855,0.7352635860443115,3.6763179302215576,0.047529544681310654,0.07129431515932083,0.01277307141572237,0.01277307141572237,5.23904275894165,2.290322780609131,2.290322780609131,1.0027776956558228,5.62070894241333,0.5769712328910828,0.7528102993965149,0.8099772930145264
p22,locked_uniform_legacy_scale,0,0,1.0025255680084229,1.0025255680084229,2.290322780609131,2.296107053756714,3.4441604614257812,1.0422450304031372,5.2112250328063965,0.08939982950687408,0.13409975171089172,0.1078769788146019,0.1078769788146019,8.89736270904541,2.290322780609131,1.0,1.0,1.0,0.4961727559566498,0.5000008344650269,0.49960628151893616
p22,locked_uniform_legacy_scale,0,160,0.9970414638519287,0.9970414638519287,2.290322780609131,2.2835466861724854,3.4253201484680176,0.8731131553649902,4.365565776824951,0.09388629347085953,0.1408294439315796,0.03352266922593117,0.03352266922593117,7.965238094329834,2.290322780609131,1.0,1.0,1.0,0.5457857847213745,0.497124046087265,0.5005508661270142
p22,locked_uniform_legacy_scale,0,800,0.9869469404220581,0.9869469404220581,2.290322780609131,2.2604269981384277,3.3906404972076416,0.7793735861778259,3.8968679904937744,0.05894935503602028,0.08842403441667557,0.019559040665626526,0.019559040665626526,7.395491600036621,2.290322780609131,1.0,1.0,1.0,0.6512833833694458,0.5917304158210754,0.5616359114646912
p22,locked_uniform_legacy_scale,0,1599,0.9826862215995789,0.9826862215995789,2.290322780609131,2.250668525695801,3.376002788543701,0.7357819676399231,3.6789097785949707,0.05152267962694168,0.07728402316570282,0.012075616046786308,0.012075616046786308,7.1442718505859375,2.290322780609131,1.0,1.0,1.0,0.6407118439674377,0.7474268078804016,0.7859846949577332
p22,locked_uniform_legacy_scale,1,0,1.0024077892303467,1.0024077892303467,2.290322780609131,2.29583740234375,3.443756103515625,1.0317832231521606,5.158915996551514,0.08358776569366455,0.12538164854049683,0.11229388415813446,0.11229388415813446,8.840348243713379,2.290322780609131,1.0,1.0,1.0,0.5009194016456604,0.5003657341003418,0.5002002120018005
p22,locked_uniform_legacy_scale,1,160,0.9971498250961304,0.9971498250961304,2.290322780609131,2.28379487991333,3.425692319869995,0.8717401623725891,4.358700752258301,0.09364385902881622,0.14046579599380493,0.034315600991249084,0.034315600991249084,7.959174633026123,2.290322780609131,1.0,1.0,1.0,0.5204327702522278,0.496310830116272,0.500369131565094
p22,locked_uniform_legacy_scale,1,800,0.9871557950973511,0.9871557950973511,2.290322780609131,2.2609055042266846,3.3913583755493164,0.7777743935585022,3.888871908187866,0.0556061752140522,0.08340926468372345,0.020625079050660133,0.020625079050660133,7.384264945983887,2.290322780609131,1.0,1.0,1.0,0.5863785743713379,0.6157196164131165,0.5773497819900513
p22,locked_uniform_legacy_scale,1,1599,0.9831799864768982,0.9831799864768982,2.290322780609131,2.2517995834350586,3.377699375152588,0.7350139021873474,3.675069570541382,0.04973321780562401,0.07459982484579086,0.0128870140761137,0.0128870140761137,7.140255451202393,2.290322780609131,1.0,1.0,1.0,0.5813807249069214,0.7534766793251038,0.8026624917984009
p22,locked_uniform_legacy_scale,2,0,1.0025173425674438,1.0025173425674438,2.290322780609131,2.296088218688965,3.4441323280334473,1.029787540435791,5.148937702178955,0.0835193619132042,0.125279039144516,0.11075495183467865,0.11075495183467865,8.82910442352295,2.290322780609131,1.0,1.0,1.0,0.503917396068573,0.501480758190155,0.5002117156982422
p22,locked_uniform_legacy_scale,2,160,0.9972426891326904,0.9972426891326904,2.290322780609131,2.2840075492858887,3.426011323928833,0.8730866312980652,4.365433216094971,0.09027573466300964,0.13541360199451447,0.0339357815682888,0.0339357815682888,7.960793972015381,2.290322780609131,1.0,1.0,1.0,0.5192186832427979,0.4988093078136444,0.5011477470397949
p22,locked_uniform_legacy_scale,2,800,0.9870871901512146,0.9870871901512146,2.290322780609131,2.2607483863830566,3.391122579574585,0.7790470123291016,3.895235061645508,0.05322639271616936,0.07983958721160889,0.019978675991296768,0.019978675991296768,7.386176109313965,2.290322780609131,1.0,1.0,1.0,0.6253799200057983,0.6300687789916992,0.5920708179473877
p22,locked_uniform_legacy_scale,2,1599,0.9830633997917175,0.9830633997917175,2.290322780609131,2.251532554626465,3.3772988319396973,0.7346726655960083,3.673363208770752,0.048798419535160065,0.0731976330280304,0.013116709887981415,0.013116709887981415,7.136976718902588,2.290322780609131,1.0,1.0,1.0,0.600388765335083,0.7700482606887817,0.8225997090339661
p22,locked_uniform_legacy_scale,3,0,1.002363920211792,1.002363920211792,2.290322780609131,2.2957370281219482,3.443605422973633,1.03486168384552,5.1743083000183105,0.08703014254570007,0.1305452138185501,0.11209534108638763,0.11209534108638763,8.860554695129395,2.290322780609131,1.0,1.0,1.0,0.5033033490180969,0.49937814474105835,0.5015715956687927
p22,locked_uniform_legacy_scale,3,160,0.9970541596412659,0.9970541596412659,2.290322780609131,2.2835757732391357,3.425363540649414,0.8713567852973938,4.356783866882324,0.0961536094546318,0.1442304104566574,0.03391357883810997,0.03391357883810997,7.960291385650635,2.290322780609131,1.0,1.0,1.0,0.5500340461730957,0.4947716295719147,0.5025179982185364
p22,locked_uniform_legacy_scale,3,800,0.9868301153182983,0.9868301153182983,2.290322780609131,2.260159492492676,3.3902392387390137,0.777035653591156,3.885178327560425,0.06001629680395126,0.0900244414806366,0.019235074520111084,0.019235074520111084,7.384676933288574,2.290322780609131,1.0,1.0,1.0,0.6743345856666565,0.604431688785553,0.5635827779769897
p22,locked_uniform_legacy_scale,3,1599,0.9824836850166321,0.9824836850166321,2.290322780609131,2.2502048015594482,3.375307083129883,0.7336531281471252,3.6682655811309814,0.052714791148900986,0.07907218486070633,0.011857216246426105,0.011857216246426105,7.1345014572143555,2.290322780609131,1.0,1.0,1.0,0.6601330637931824,0.757682204246521,0.782073974609375
p22,locked_uniform_legacy_scale,4,0,1.002403736114502,1.002403736114502,2.290322780609131,2.295828104019165,3.443742275238037,1.0305736064910889,5.152868270874023,0.08389130979776382,0.12583696842193604,0.11399556696414948,0.11399556696414948,8.836443901062012,2.290322780609131,1.0,1.0,1.0,0.49832892417907715,0.49936115741729736,0.49898669123649597
p22,locked_uniform_legacy_scale,4,160,0.9973281621932983,0.9973281621932983,2.290322780609131,2.284203290939331,3.426304817199707,0.8704695105552673,4.352347373962402,0.09710577875375748,0.1456586718559265,0.03525647148489952,0.03525647148489952,7.959567070007324,2.290322780609131,1.0,1.0,1.0,0.5423913598060608,0.49471768736839294,0.5027021169662476
p22,locked_uniform_legacy_scale,4,800,0.9871283173561096,0.9871283173561096,2.290322780609131,2.2608425617218018,3.391263961791992,0.7775218486785889,3.8876092433929443,0.05553697049617767,0.08330545574426651,0.019776342436671257,0.019776342436671257,7.381955146789551,2.290322780609131,1.0,1.0,1.0,0.6189681887626648,0.6175798177719116,0.5909286141395569
p22,locked_uniform_legacy_scale,4,1599,0.9832372665405273,0.9832372665405273,2.290322780609131,2.2519307136535645,3.3778960704803467,0.73530513048172,3.676525592803955,0.0495755560696125,0.0743633359670639,0.012881375849246979,0.012881375849246979,7.141665935516357,2.290322780609131,1.0,1.0,1.0,0.5968055725097656,0.7564719915390015,0.806929349899292
p22,locked_unweighted,0,0,1.0025255680084229,1.0025255680084229,1.0,1.0025255680084229,1.5037883520126343,1.0422450304031372,5.2112250328063965,0.08939982950687408,0.13409975171089172,0.1078769788146019,0.1078769788146019,6.9569902420043945,2.290322780609131,1.0,1.0,1.0,0.4961727559566498,0.5000008344650269,0.49960628151893616
p22,locked_unweighted,0,160,0.9992687702178955,0.9992687702178955,1.0,0.9992687702178955,1.4989031553268433,0.8728467226028442,4.364233493804932,0.09384701400995255,0.14077052474021912,0.03313969448208809,0.03313969448208809,6.037046909332275,2.290322780609131,1.0,1.0,1.0,0.5460348129272461,0.49704253673553467,0.5006169080734253
p22,locked_unweighted,0,800,0.9892132878303528,0.9892132878303528,1.0,0.9892132878303528,1.4838199615478516,0.7794296741485596,3.897148370742798,0.057947758585214615,0.08692163974046707,0.019430967047810555,0.019430967047810555,5.487320899963379,2.290322780609131,1.0,1.0,1.0,0.6451266407966614,0.5877522230148315,0.5626412034034729
p22,locked_unweighted,0,1599,0.9859310388565063,0.9859310388565063,1.0,0.9859310388565063,1.4788966178894043,0.7356919646263123,3.678459882736206,0.04931570962071419,0.07397356629371643,0.011956303380429745,0.011956303380429745,5.2432861328125,2.290322780609131,1.0,1.0,1.0,0.6246041059494019,0.7411030530929565,0.7885679602622986
p22,locked_unweighted,1,0,1.0024077892303467,1.0024077892303467,1.0,1.0024077892303467,1.50361168384552,1.0317832231521606,5.158915996551514,0.08358776569366455,0.12538164854049683,0.11229388415813446,0.11229388415813446,6.900202751159668,2.290322780609131,1.0,1.0,1.0,0.5009194016456604,0.5003657341003418,0.5002002120018005
p22,locked_unweighted,1,160,0.9993149638175964,0.9993149638175964,1.0,0.9993149638175964,1.4989724159240723,0.8716050982475281,4.358025550842285,0.0935366153717041,0.14030492305755615,0.03401235491037369,0.03401235491037369,6.031315326690674,2.290322780609131,1.0,1.0,1.0,0.5201072692871094,0.49621057510375977,0.5005079507827759
p22,locked_unweighted,1,800,0.9893369674682617,0.9893369674682617,1.0,0.9893369674682617,1.4840054512023926,0.7777872085571289,3.8889360427856445,0.05461609363555908,0.08192414045333862,0.020500196143984795,0.020500196143984795,5.47536563873291,2.290322780609131,1.0,1.0,1.0,0.5804435610771179,0.6128118634223938,0.5786375403404236
p22,locked_unweighted,1,1599,0.9861477613449097,0.9861477613449097,1.0,0.9861477613449097,1.4792215824127197,0.7349748015403748,3.6748740673065186,0.047599662095308304,0.0713994950056076,0.012820543721318245,0.012820543721318245,5.238316059112549,2.290322780609131,1.0,1.0,1.0,0.5663486123085022,0.7480770945549011,0.8053823709487915
p22,locked_unweighted,2,0,1.0025173425674438,1.0025173425674438,1.0,1.0025173425674438,1.5037760734558105,1.029787540435791,5.148937702178955,0.0835193619132042,0.125279039144516,0.11075494438409805,0.11075494438409805,6.888747692108154,2.290322780609131,1.0,1.0,1.0,0.503917396068573,0.501480758190155,0.500211775302887
p22,locked_unweighted,2,160,0.9995565414428711,0.9995565414428711,1.0,0.9995565414428711,1.4993348121643066,0.8728613257408142,4.364306449890137,0.09018369764089584,0.13527554273605347,0.03355947136878967,0.03355947136878967,6.03247594833374,2.290322780609131,1.0,1.0,1.0,0.5192826390266418,0.49875375628471375,0.5013073682785034
p22,locked_unweighted,2,800,0.98929762840271,0.98929762840271,1.0,0.98929762840271,1.483946442604065,0.7790601253509521,3.8953006267547607,0.0521630123257637,0.07824452221393585,0.019827134907245636,0.019827134907245636,5.477319240570068,2.290322780609131,1.0,1.0,1.0,0.6231707334518433,0.6258772015571594,0.593624472618103
p22,locked_unweighted,2,1599,0.9860661029815674,0.9860661029815674,1.0,0.9860661029815674,1.479099154472351,0.7345452904701233,3.6727263927459717,0.046676069498062134,0.0700141042470932,0.013037899509072304,0.013037899509072304,5.234877109527588,2.290322780609131,1.0,1.0,1.0,0.5849916338920593,0.7641118764877319,0.8249251842498779
p22,locked_unweighted,3,0,1.002363920211792,1.002363920211792,1.0,1.002363920211792,1.503545880317688,1.03486168384552,5.1743083000183105,0.08703014254570007,0.1305452138185501,0.11209534108638763,0.11209534108638763,6.920494556427002,2.290322780609131,1.0,1.0,1.0,0.5033033490180969,0.49937814474105835,0.5015715956687927
p22,locked_unweighted,3,160,0.9992804527282715,0.9992804527282715,1.0,0.9992804527282715,1.4989206790924072,0.8711448311805725,4.355724334716797,0.09611154347658157,0.14416731894016266,0.033532287925481796,0.033532287925481796,6.032344341278076,2.290322780609131,1.0,1.0,1.0,0.5509040355682373,0.4947492480278015,0.5026506185531616
p22,locked_unweighted,3,800,0.9891625642776489,0.9891625642776489,1.0,0.9891625642776489,1.4837439060211182,0.7770625352859497,3.885312557220459,0.05900600925087929,0.08850901573896408,0.019126925617456436,0.019126925617456436,5.4766926765441895,2.290322780609131,1.0,1.0,1.0,0.6708712577819824,0.6006689667701721,0.5640565156936646
p22,locked_unweighted,3,1599,0.9858165979385376,0.9858165979385376,1.0,0.9858165979385376,1.4787249565124512,0.7335556149482727,3.6677780151367188,0.050463639199733734,0.0756954550743103,0.011738399043679237,0.011738399043679237,5.233936786651611,2.290322780609131,1.0,1.0,1.0,0.6438218951225281,0.7509409189224243,0.7840377688407898
p22,locked_unweighted,4,0,1.002403736114502,1.002403736114502,1.0,1.002403736114502,1.503605604171753,1.0305736064910889,5.152868270874023,0.08389130979776382,0.12583696842193604,0.11399556696414948,0.11399556696414948,6.89630651473999,2.290322780609131,1.0,1.0,1.0,0.49832892417907715,0.49936115741729736,0.49898669123649597
p22,locked_unweighted,4,160,0.9995400905609131,0.9995400905609131,1.0,0.9995400905609131,1.4993101358413696,0.8703354597091675,4.351677417755127,0.09705961495637894,0.1455894261598587,0.034952737390995026,0.034952737390995026,6.031529426574707,2.290322780609131,1.0,1.0,1.0,0.5419225096702576,0.4946252107620239,0.5028822422027588
p22,locked_unweighted,4,800,0.9893513917922974,0.9893513917922974,1.0,0.9893513917922974,1.4840271472930908,0.7775607705116272,3.887803792953491,0.05451779067516327,0.0817766860127449,0.019628725945949554,0.019628725945949554,5.473236083984375,2.290322780609131,1.0,1.0,1.0,0.6111040711402893,0.6140460968017578,0.5927588939666748
p22,locked_unweighted,4,1599,0.9862034320831299,0.9862034320831299,1.0,0.9862034320831299,1.4793051481246948,0.7352507710456848,3.6762537956237793,0.047391489148139954,0.07108723372220993,0.012780063785612583,0.012780063785612583,5.239426612854004,2.290322780609131,1.0,1.0,1.0,0.5753069519996643,0.7527919411659241,0.8100889325141907
placenta,locked_asr_hvg_legacy_scale_diagnostic,0,0,1.0120545625686646,1.011992335319519,2.28993821144104,2.3173999786376953,11.586999893188477,1.1983046531677246,7.189827919006348,0.8302627801895142,0.8302627801895142,0.190260648727417,1.90260648727417,21.50969886779785,2.28993821144104,1.177351713180542,1.0003081560134888,1.4779735803604126,0.502865731716156,0.5132500529289246,0.4989098310470581
placenta,locked_asr_hvg_legacy_scale_diagnostic,0,20,1.0045257806777954,1.0045208930969238,2.28993821144104,2.300290822982788,11.50145435333252,1.0509284734725952,6.305570602416992,0.4149923622608185,0.4149923622608185,0.1121114119887352,1.1211141347885132,19.3431339263916,2.28993821144104,1.177351713180542,1.0003081560134888,1.4779735803604126,0.48855552077293396,0.45855000615119934,0.4994620680809021
placenta,locked_asr_hvg_legacy_scale_diagnostic,0,100,0.9851293563842773,0.9853722453117371,2.28993821144104,2.256441593170166,11.282207489013672,0.9111565947532654,5.466939449310303,0.26195192337036133,0.26195192337036133,0.036201104521751404,0.36201104521751404,17.373109817504883,2.28993821144104,1.177351713180542,1.0003081560134888,1.4779735803604126,0.5256199240684509,0.4028288722038269,0.4976928234100342
placenta,locked_asr_hvg_legacy_scale_diagnostic,0,199,0.9277001619338989,0.9288257956504822,2.28993821144104,2.126953601837158,10.634767532348633,0.7806644439697266,4.683986663818359,0.38833513855934143,0.38833513855934143,0.02658751793205738,0.2658751904964447,15.9729642868042,2.28993821144104,1.177351713180542,1.0003081560134888,1.4779735803604126,0.677513837814331,0.43445464968681335,0.4994514584541321
placenta,locked_asr_hvg_legacy_scale_diagnostic,1,0,1.0124549865722656,1.0124831199645996,2.28993821144104,2.31852388381958,11.592618942260742,1.2201069593429565,7.32064151763916,0.8946846127510071,0.8946846127510071,0.1845354288816452,1.8453543186187744,21.65329933166504,2.28993821144104,1.177351713180542,1.0003081560134888,1.4779735803604126,0.5090487599372864,0.49899640679359436,0.4984109699726105
placenta,locked_asr_hvg_legacy_scale_diagnostic,1,20,1.0036355257034302,1.0036914348602295,2.28993821144104,2.298391342163086,11.49195671081543,1.0477451086044312,6.286470413208008,0.430172860622406,0.430172860622406,0.1111665591597557,1.1116656064987183,19.32026481628418,2.28993821144104,1.177351713180542,1.0003081560134888,1.4779735803604126,0.4868623912334442,0.4533749222755432,0.49865275621414185
placenta,locked_asr_hvg_legacy_scale_diagnostic,1,100,0.982971727848053,0.9832989573478699,2.28993821144104,2.2516939640045166,11.258469581604004,0.9138203263282776,5.482922077178955,0.27183008193969727,0.27183008193969727,0.036573100835084915,0.36573100090026855,17.378952026367188,2.28993821144104,1.177351713180542,1.0003081560134888,1.4779735803604126,0.5227553248405457,0.3923433721065521,0.4963921904563904
placenta,locked_asr_hvg_legacy_scale_diagnostic,1,199,0.9280418753623962,0.9292207360267639,2.28993821144104,2.1278581619262695,10.639290809631348,0.795647919178009,4.773887634277344,0.379652202129364,0.379652202129364,0.026809463277459145,0.26809462904930115,16.060924530029297,2.28993821144104,1.177351713180542,1.0003081560134888,1.4779735803604126,0.6530815958976746,0.4239921569824219,0.4976072907447815
placenta,locked_asr_hvg_legacy_scale_diagnostic,2,0,1.0117278099060059,1.0117690563201904,2.28993821144104,2.3168885707855225,11.584443092346191,1.208604097366333,7.251624584197998,0.8303635120391846,0.8303635120391846,0.18961501121520996,1.8961501121520996,21.56258201599121,2.28993821144104,1.177351713180542,1.0003081560134888,1.4779735803604126,0.5020222663879395,0.505096435546875,0.5000132918357849
placenta,locked_asr_hvg_legacy_scale_diagnostic,2,20,1.0040862560272217,1.0041247606277466,2.28993821144104,2.2993836402893066,11.496917724609375,1.0525262355804443,6.315157413482666,0.40353846549987793,0.40353846549987793,0.11182066798210144,1.1182067394256592,19.333818435668945,2.28993821144104,1.177351713180542,1.0003081560134888,1.4779735803604126,0.491441935300827,0.4574620723724365,0.4999764859676361
placenta,locked_asr_hvg_legacy_scale_diagnostic,2,100,0.9845873713493347,0.9848582744598389,2.28993821144104,2.2552645206451416,11.276322364807129,0.9147164821624756,5.4882988929748535,0.2589341700077057,0.2589341700077057,0.03656630590558052,0.3656630516052246,17.389219284057617,2.28993821144104,1.177351713180542,1.0003081560134888,1.4779735803604126,0.5256291031837463,0.3982870876789093,0.49689051508903503
placenta,locked_asr_hvg_legacy_scale_diagnostic,2,199,0.9280678629875183,0.9292581677436829,2.28993821144104,2.127943754196167,10.639719009399414,0.7870703339576721,4.722422122955322,0.3844356834888458,0.3844356834888458,0.02704254724085331,0.2704254686832428,16.01700210571289,2.28993821144104,1.177351713180542,1.0003081560134888,1.4779735803604126,0.6672605276107788,0.432841420173645,0.4983447194099426
placenta,locked_asr_hvg_legacy_scale_diagnostic,3,0,1.0116480588912964,1.011657476425171,2.28993821144104,2.3166332244873047,11.583166122436523,1.2156325578689575,7.293795585632324,0.8437287211418152,0.8437287211418152,0.18707653880119324,1.8707654476165771,21.591455459594727,2.28993821144104,1.177351713180542,1.0003081560134888,1.4779735803604126,0.5140016078948975,0.4994947612285614,0.5023044943809509
placenta,locked_asr_hvg_legacy_scale_diagnostic,3,20,1.002858281135559,1.0028963088989258,2.28993821144104,2.2965705394744873,11.482852935791016,1.0578813552856445,6.347288131713867,0.414102166891098,0.414102166891098,0.1120249480009079,1.1202495098114014,19.364492416381836,2.28993821144104,1.177351713180542,1.0003081560134888,1.4779735803604126,0.49851277470588684,0.44163739681243896,0.5016236305236816
placenta,locked_asr_hvg_legacy_scale_diagnostic,3,100,0.9798292517662048,0.9801386594772339,2.28993821144104,2.2444570064544678,11.222285270690918,0.9182607531547546,5.509564399719238,0.2744865119457245,0.2744865119457245,0.0362224206328392,0.3622242212295532,17.368560791015625,2.28993821144104,1.177351713180542,1.0003081560134888,1.4779735803604126,0.5475308299064636,0.3797900676727295,0.498483806848526
placenta,locked_asr_hvg_legacy_scale_diagnostic,3,199,0.9194376468658447,0.9206535220146179,2.28993821144104,2.1082396507263184,10.54119873046875,0.7919089198112488,4.751453399658203,0.40898799896240234,0.40898799896240234,0.026284068822860718,0.2628406882286072,15.96448040008545,2.28993821144104,1.177351713180542,1.0003081560134888,1.4779735803604126,0.7043229341506958,0.4235902726650238,0.4996735453605652
placenta,locked_asr_hvg_legacy_scale_diagnostic,4,0,1.011824369430542,1.0118192434310913,2.28993821144104,2.3170034885406494,11.585017204284668,1.221459984779358,7.328760147094727,0.8166122436523438,0.8166122436523438,0.1917041540145874,1.917041540145874,21.647430419921875,2.28993821144104,1.177351713180542,1.0003081560134888,1.4779735803604126,0.4945782423019409,0.49573853611946106,0.49506932497024536
placenta,locked_asr_hvg_legacy_scale_diagnostic,4,20,1.0036847591400146,1.0037038326263428,2.28993821144104,2.298419713973999,11.492098808288574,1.0588631629943848,6.353178977966309,0.40933749079704285,0.40933749079704285,0.11256803572177887,1.1256803274154663,19.38029670715332,2.28993821144104,1.177351713180542,1.0003081560134888,1.4779735803604126,0.48829948902130127,0.45196864008903503,0.4961295425891876
placenta,locked_asr_hvg_legacy_scale_diagnostic,4,100,0.9819664359092712,0.9822852611541748,2.28993821144104,2.2493724822998047,11.246862411499023,0.9186134934425354,5.511681079864502,0.27211451530456543,0.27211451530456543,0.03651772439479828,0.3651772439479828,17.39583396911621,2.28993821144104,1.177351713180542,1.0003081560134888,1.4779735803604126,0.5357249975204468,0.3978712260723114,0.4961065351963043
placenta,locked_asr_hvg_legacy_scale_diagnostic,4,199,0.9238194227218628,0.9251132011413574,2.28993821144104,2.1184520721435547,10.592260360717773,0.784375011920929,4.706250190734863,0.40322133898735046,0.40322133898735046,0.02656395547091961,0.2656395435333252,15.967370986938477,2.28993821144104,1.177351713180542,1.0003081560134888,1.4779735803604126,0.7038761973381042,0.43607619404792786,0.4977593421936035
placenta,locked_legacy_loss_replay,0,0,1.0120545625686646,1.0121880769729614,2.28993821144104,2.317847967147827,11.589240074157715,1.1983046531677246,7.189827919006348,0.8302627801895142,0.8302627801895142,0.190260648727417,1.90260648727417,21.511938095092773,2.28993821144104,2.28993821144104,1.0027731657028198,5.62070894241333,0.502865731716156,0.5132500529289246,0.4989098310470581
placenta,locked_legacy_loss_replay,0,20,1.0046088695526123,1.0037513971328735,2.28993821144104,2.2985281944274902,11.49264144897461,1.0510432720184326,6.306259632110596,0.4157131016254425,0.4157131016254425,0.11233729124069214,1.1233729124069214,19.33798599243164,2.28993821144104,2.28993821144104,1.0027731657028198,5.62070894241333,0.4884684681892395,0.45853322744369507,0.4994615316390991
placenta,locked_legacy_loss_replay,0,100,0.9850346446037292,0.9790735840797424,2.28993821144104,2.2420177459716797,11.210088729858398,0.9116871356964111,5.470122814178467,0.2770272195339203,0.2770272195339203,0.03631403669714928,0.36314037442207336,17.32037925720215,2.28993821144104,2.28993821144104,1.0027731657028198,5.62070894241333,0.5311220288276672,0.39519456028938293,0.4976891279220581
placenta,locked_legacy_loss_replay,0,199,0.9304274916648865,0.9197481870651245,2.28993821144104,2.106166362762451,10.530832290649414,0.7811111211776733,4.686666488647461,0.4061073362827301,0.4061073362827301,0.026499183848500252,0.2649918496608734,15.88859748840332,2.28993821144104,2.28993821144104,1.0027731657028198,5.62070894241333,0.6922999620437622,0.4348433315753937,0.49953487515449524
placenta,locked_legacy_loss_replay,1,0,1.0124549865722656,1.0125229358673096,2.28993821144104,2.318614959716797,11.593074798583984,1.2201069593429565,7.32064151763916,0.8946847319602966,0.8946847319602966,0.1845354288816452,1.8453543186187744,21.65375328063965,2.28993821144104,2.28993821144104,1.0027731657028198,5.62070894241333,0.5090487599372864,0.49899640679359436,0.4984109699726105
placenta,locked_legacy_loss_replay,1,20,1.0037555694580078,1.0028071403503418,2.28993821144104,2.2963662147521973,11.481830596923828,1.0477601289749146,6.286561012268066,0.4310591518878937,0.4310591518878937,0.11139551550149918,1.1139551401138306,19.313404083251953,2.28993821144104,2.28993821144104,1.0027731657028198,5.62070894241333,0.4870636761188507,0.4528680145740509,0.49865350127220154
placenta,locked_legacy_loss_replay,1,100,0.9826340079307556,0.9763584733009338,2.28993821144104,2.235800266265869,11.179000854492188,0.9144213199615479,5.486527919769287,0.28939980268478394,0.28939980268478394,0.03664334863424301,0.3664335012435913,17.32136344909668,2.28993821144104,2.28993821144104,1.0027731657028198,5.62070894241333,0.5317461490631104,0.38445010781288147,0.49638253450393677
placenta,locked_legacy_loss_replay,1,199,0.930243968963623,0.9199368953704834,2.28993821144104,2.106598377227783,10.532991409301758,0.7959722280502319,4.7758331298828125,0.39668241143226624,0.39668241143226624,0.026674482971429825,0.26674482226371765,15.972251892089844,2.28993821144104,2.28993821144104,1.0027731657028198,5.62070894241333,0.6729379296302795,0.42377910017967224,0.4976542294025421
placenta,locked_legacy_loss_replay,2,0,1.0117278099060059,1.01197350025177,2.28993821144104,2.317356586456299,11.586782455444336,1.208604097366333,7.251624584197998,0.8303635716438293,0.8303635716438293,0.18961501121520996,1.8961501121520996,21.564922332763672,2.28993821144104,2.28993821144104,1.0027731657028198,5.62070894241333,0.5020222663879395,0.505096435546875,0.5000132918357849
placenta,locked_legacy_loss_replay,2,20,1.0041873455047607,1.0034832954406738,2.28993821144104,2.297914743423462,11.48957347869873,1.0525785684585571,6.315471649169922,0.40438348054885864,0.40438348054885864,0.1120482087135315,1.120482087135315,19.329910278320312,2.28993821144104,2.28993821144104,1.0027731657028198,5.62070894241333,0.49139583110809326,0.45745018124580383,0.4999765455722809
placenta,locked_legacy_loss_replay,2,100,0.9845403432846069,0.9786675572395325,2.28993821144104,2.2410881519317627,11.205440521240234,0.9147509336471558,5.4885053634643555,0.2746012210845947,0.2746012210845947,0.03667239472270012,0.3667239546775818,17.33527183532715,2.28993821144104,2.28993821144104,1.0027731657028198,5.62070894241333,0.5331597328186035,0.3930281102657318,0.4968934655189514
placenta,locked_legacy_loss_replay,2,199,0.9307389259338379,0.9201502203941345,2.28993821144104,2.1070871353149414,10.535435676574707,0.7866338491439819,4.7198028564453125,0.4022808074951172,0.4022808074951172,0.02692127600312233,0.2692127525806427,15.926732063293457,2.28993821144104,2.28993821144104,1.0027731657028198,5.62070894241333,0.6848544478416443,0.4333438575267792,0.4984169900417328
placenta,locked_legacy_loss_replay,3,0,1.0116480588912964,1.0117555856704712,2.28993821144104,2.3168575763702393,11.584287643432617,1.2156325578689575,7.293795585632324,0.8437287211418152,0.8437287211418152,0.18707653880119324,1.8707654476165771,21.59257698059082,2.28993821144104,2.28993821144104,1.0027731657028198,5.62070894241333,0.5140016078948975,0.4994947612285614,0.5023044943809509
placenta,locked_legacy_loss_replay,3,20,1.0030016899108887,1.0018255710601807,2.28993821144104,2.2941184043884277,11.470592498779297,1.0578869581222534,6.347321510314941,0.4157786965370178,0.4157786965370178,0.11227795481681824,1.1227796077728271,19.35647201538086,2.28993821144104,2.28993821144104,1.0027731657028198,5.62070894241333,0.4990762174129486,0.44141843914985657,0.5016219019889832
placenta,locked_legacy_loss_replay,3,100,0.979633629322052,0.9727963805198669,2.28993821144104,2.2276434898376465,11.13821792602539,0.9185242056846619,5.511145114898682,0.29410916566848755,0.29410916566848755,0.03630904480814934,0.363090455532074,17.306562423706055,2.28993821144104,2.28993821144104,1.0027731657028198,5.62070894241333,0.5590746998786926,0.373392790555954,0.49847647547721863
placenta,locked_legacy_loss_replay,3,199,0.9238728880882263,0.9136318564414978,2.28993821144104,2.092160701751709,10.460803985595703,0.7917558550834656,4.750535011291504,0.41995206475257874,0.41995206475257874,0.02616725116968155,0.2616724967956543,15.892963409423828,2.28993821144104,2.28993821144104,1.0027731657028198,5.62070894241333,0.712982177734375,0.42353391647338867,0.49968528747558594
placenta,locked_legacy_loss_replay,4,0,1.011824369430542,1.0119482278823853,2.28993821144104,2.3172988891601562,11.586494445800781,1.221459984779358,7.328760147094727,0.8166122436523438,0.8166122436523438,0.1917041540145874,1.917041540145874,21.648908615112305,2.28993821144104,2.28993821144104,1.0027731657028198,5.62070894241333,0.4945782423019409,0.49573853611946106,0.49506932497024536
placenta,locked_legacy_loss_replay,4,20,1.0037885904312134,1.002998948097229,2.28993821144104,2.2968053817749023,11.484026908874512,1.0587937831878662,6.352762699127197,0.4103965163230896,0.4103965163230896,0.11282811313867569,1.1282811164855957,19.37546730041504,2.28993821144104,2.28993821144104,1.0027731657028198,5.62070894241333,0.4884689152240753,0.4522508978843689,0.49613067507743835
placenta,locked_legacy_loss_replay,4,100,0.9826351404190063,0.9767298102378845,2.28993821144104,2.2366509437561035,11.18325424194336,0.9186853170394897,5.512111663818359,0.2855393588542938,0.2855393588542938,0.036593880504369736,0.36593881249427795,17.346843719482422,2.28993821144104,2.28993821144104,1.0027731657028198,5.62070894241333,0.5395005345344543,0.39739492535591125,0.4960878789424896
placenta,locked_legacy_loss_replay,4,199,0.9279384016990662,0.9175556898117065,2.28993821144104,2.1011457443237305,10.505728721618652,0.7832253575325012,4.699352264404297,0.4173920452594757,0.4173920452594757,0.026467710733413696,0.26467710733413696,15.887149810791016,2.28993821144104,2.28993821144104,1.0027731657028198,5.62070894241333,0.7109661102294922,0.4424205720424652,0.4977550506591797
placenta,locked_legacy_shape_normalized,0,0,1.0120545625686646,1.0121880769729614,1.0,1.0121880769729614,5.060940265655518,1.1983046531677246,7.189827919006348,0.8302627801895142,0.8302627801895142,0.190260648727417,1.90260648727417,14.983638763427734,2.28993821144104,2.28993821144104,1.0027731657028198,5.62070894241333,0.502865731716156,0.5132500529289246,0.4989098310470581
placenta,locked_legacy_shape_normalized,0,20,1.0057438611984253,1.00527822971344,1.0,1.00527822971344,5.02639102935791,1.0503103733062744,6.3018622398376465,0.41659465432167053,0.41659465432167053,0.11133463680744171,1.1133463382720947,12.858193397521973,2.28993821144104,2.28993821144104,1.0027731657028198,5.62070894241333,0.4887525737285614,0.4583355486392975,0.49945715069770813
placenta,locked_legacy_shape_normalized,0,100,0.997175931930542,0.9943116307258606,1.0,0.9943116307258606,4.971558094024658,0.9086617231369019,5.451970100402832,0.23830045759677887,0.23830045759677887,0.03525295481085777,0.3525295555591583,11.014358520507812,2.28993821144104,2.28993821144104,1.0027731657028198,5.62070894241333,0.5165911316871643,0.416972279548645,0.49779605865478516
placenta,locked_legacy_shape_normalized,0,199,0.9799192547798157,0.9722040295600891,1.0,0.9722040295600891,4.861020088195801,0.7715434432029724,4.629260540008545,0.26330938935279846,0.26330938935279846,0.02598983235657215,0.2598983347415924,10.013487815856934,2.28993821144104,2.28993821144104,1.0027731657028198,5.62070894241333,0.5702608227729797,0.45344167947769165,0.49954327940940857
placenta,locked_legacy_shape_normalized,1,0,1.0124549865722656,1.0125229358673096,1.0,1.0125229358673096,5.062614440917969,1.2201069593429565,7.32064151763916,0.8946847319602966,0.8946847319602966,0.1845354288816452,1.8453543186187744,15.123294830322266,2.28993821144104,2.28993821144104,1.0027731657028198,5.62070894241333,0.5090487599372864,0.49899640679359436,0.4984109699726105
placenta,locked_legacy_shape_normalized,1,20,1.004907488822937,1.0043635368347168,1.0,1.0043635368347168,5.021817684173584,1.0471844673156738,6.283106803894043,0.43166399002075195,0.43166399002075195,0.1102629154920578,1.1026291847229004,12.839216232299805,2.28993821144104,2.28993821144104,1.0027731657028198,5.62070894241333,0.48739317059516907,0.4535844326019287,0.4986474812030792
placenta,locked_legacy_shape_normalized,1,100,0.996209442615509,0.9930432438850403,1.0,0.9930432438850403,4.965216159820557,0.9113675951957703,5.468205451965332,0.24304482340812683,0.24304482340812683,0.035456929355859756,0.35456928610801697,11.031036376953125,2.28993821144104,2.28993821144104,1.0027731657028198,5.62070894241333,0.5129508376121521,0.4120677411556244,0.49645012617111206
placenta,locked_legacy_shape_normalized,1,199,0.9787785410881042,0.9708719253540039,1.0,0.9708719253540039,4.8543596267700195,0.7858380079269409,4.715027809143066,0.25611165165901184,0.25611165165901184,0.0261127557605505,0.2611275613307953,10.086627006530762,2.28993821144104,2.28993821144104,1.0027731657028198,5.62070894241333,0.5543376207351685,0.44649943709373474,0.49779045581817627
placenta,locked_legacy_shape_normalized,2,0,1.0117278099060059,1.01197350025177,1.0,1.01197350025177,5.0598673820495605,1.208604097366333,7.251624584197998,0.8303635716438293,0.8303635716438293,0.18961501121520996,1.8961501121520996,15.038005828857422,2.28993821144104,2.28993821144104,1.0027731657028198,5.62070894241333,0.5020222663879395,0.505096435546875,0.5000132918357849
placenta,locked_legacy_shape_normalized,2,20,1.0052108764648438,1.004889726638794,1.0,1.004889726638794,5.024448394775391,1.0519723892211914,6.311834335327148,0.4052674472332001,0.4052674472332001,0.11106958985328674,1.1106958389282227,12.852246284484863,2.28993821144104,2.28993821144104,1.0027731657028198,5.62070894241333,0.4916456639766693,0.4573937952518463,0.4999789297580719
placenta,locked_legacy_shape_normalized,2,100,0.9968662858009338,0.9940811991691589,1.0,0.9940811991691589,4.9704060554504395,0.9121026396751404,5.472615718841553,0.23458026349544525,0.23458026349544525,0.03563500568270683,0.3563500642776489,11.033951759338379,2.28993821144104,2.28993821144104,1.0027731657028198,5.62070894241333,0.5168967843055725,0.41509461402893066,0.49698153138160706
placenta,locked_legacy_shape_normalized,2,199,0.9795169234275818,0.9717493057250977,1.0,0.9717493057250977,4.858746528625488,0.7780987620353699,4.66859245300293,0.2575250267982483,0.2575250267982483,0.026406539604067802,0.26406538486480713,10.048930168151855,2.28993821144104,2.28993821144104,1.0027731657028198,5.62070894241333,0.5678027868270874,0.4477701485157013,0.49858328700065613
placenta,locked_legacy_shape_normalized,3,0,1.0116480588912964,1.0117555856704712,1.0,1.0117555856704712,5.058777809143066,1.2156325578689575,7.293795585632324,0.8437287211418152,0.8437287211418152,0.18707653880119324,1.8707654476165771,15.067068099975586,2.28993821144104,2.28993821144104,1.0027731657028198,5.62070894241333,0.5140016078948975,0.4994947612285614,0.5023044943809509
placenta,locked_legacy_shape_normalized,3,20,1.00431227684021,1.003566026687622,1.0,1.003566026687622,5.017829895019531,1.0573018789291382,6.34381103515625,0.41524603962898254,0.41524603962898254,0.11106009781360626,1.1106009483337402,12.887487411499023,2.28993821144104,2.28993821144104,1.0027731657028198,5.62070894241333,0.4996432662010193,0.4418509900569916,0.5016201138496399
placenta,locked_legacy_shape_normalized,3,100,0.9948641061782837,0.9913367629051208,1.0,0.9913367629051208,4.95668363571167,0.9154986143112183,5.4929914474487305,0.24196022748947144,0.24196022748947144,0.035045184195041656,0.35045182704925537,11.042086601257324,2.28993821144104,2.28993821144104,1.0027731657028198,5.62070894241333,0.527847945690155,0.4019530117511749,0.49852922558784485
placenta,locked_legacy_shape_normalized,3,199,0.975784957408905,0.9673230648040771,1.0,0.9673230648040771,4.836615562438965,0.7835028171539307,4.701016902923584,0.268157035112381,0.268157035112381,0.02563689649105072,0.2563689649105072,10.06215763092041,2.28993821144104,2.28993821144104,1.0027731657028198,5.62070894241333,0.5785434246063232,0.4432445764541626,0.4997025430202484
placenta,locked_legacy_shape_normalized,4,0,1.011824369430542,1.0119482278823853,1.0,1.0119482278823853,5.059741020202637,1.221459984779358,7.328760147094727,0.8166122436523438,0.8166122436523438,0.1917041540145874,1.917041540145874,15.12215518951416,2.28993821144104,2.28993821144104,1.0027731657028198,5.62070894241333,0.4945782423019409,0.49573850631713867,0.49506932497024536
placenta,locked_legacy_shape_normalized,4,20,1.0050379037857056,1.0046608448028564,1.0,1.0046608448028564,5.023303985595703,1.058253526687622,6.349521160125732,0.41099706292152405,0.41099706292152405,0.1117277666926384,1.1172776222229004,12.901100158691406,2.28993821144104,2.28993821144104,1.0027731657028198,5.62070894241333,0.48873451352119446,0.4515811800956726,0.4961317479610443
placenta,locked_legacy_shape_normalized,4,100,0.9961663484573364,0.9933450222015381,1.0,0.9933450222015381,4.9667253494262695,0.9156225919723511,5.493735313415527,0.2428378462791443,0.2428378462791443,0.035480353981256485,0.35480353236198425,11.058101654052734,2.28993821144104,2.28993821144104,1.0027731657028198,5.62070894241333,0.5199751257896423,0.42173680663108826,0.496187299489975
placenta,locked_legacy_shape_normalized,4,199,0.9781347513198853,0.9702545404434204,1.0,0.9702545404434204,4.8512725830078125,0.7760893106460571,4.656536102294922,0.27030545473098755,0.27030545473098755,0.025931445881724358,0.2593144476413727,10.037428855895996,2.28993821144104,2.28993821144104,1.0027731657028198,5.62070894241333,0.5885997414588928,0.45490846037864685,0.4977995455265045
placenta,locked_uniform_legacy_scale,0,0,1.0120545625686646,1.0120545625686646,2.28993821144104,2.317542314529419,11.587711334228516,1.1983046531677246,7.189827919006348,0.8302627801895142,0.8302627801895142,0.190260648727417,1.90260648727417,21.510408401489258,2.28993821144104,1.0,1.0,1.0,0.502865731716156,0.5132500529289246,0.4989098310470581
placenta,locked_uniform_legacy_scale,0,20,1.0044890642166138,1.0044890642166138,2.28993821144104,2.300217866897583,11.501089096069336,1.0509364604949951,6.305618762969971,0.4150397479534149,0.4150397479534149,0.11214254796504974,1.1214255094528198,19.343172073364258,2.28993821144104,1.0,1.0,1.0,0.488579124212265,0.45854243636131287,0.49946263432502747
placenta,locked_uniform_legacy_scale,0,100,0.9845997095108032,0.9845997095108032,2.28993821144104,2.2546725273132324,11.27336311340332,0.911223828792572,5.467342853546143,0.26381903886795044,0.26381903886795044,0.0362340547144413,0.3623405396938324,17.366865158081055,2.28993821144104,1.0,1.0,1.0,0.5264732837677002,0.4020322561264038,0.4976966977119446
placenta,locked_uniform_legacy_scale,0,199,0.9263376593589783,0.9263376593589783,2.28993821144104,2.121256113052368,10.606280326843262,0.780852735042572,4.685116291046143,0.39303362369537354,0.39303362369537354,0.026596909388899803,0.26596909761428833,15.950400352478027,2.28993821144104,1.0,1.0,1.0,0.6843586564064026,0.43401968479156494,0.49946314096450806
placenta,locked_uniform_legacy_scale,1,0,1.0124549865722656,1.0124549865722656,2.28993821144104,2.3184592723846436,11.592296600341797,1.2201069593429565,7.32064151763916,0.8946846127510071,0.8946846127510071,0.1845354288816452,1.8453543186187744,21.65297508239746,2.28993821144104,1.0,1.0,1.0,0.5090487599372864,0.49899640679359436,0.4984109699726105
placenta,locked_uniform_legacy_scale,1,20,1.0036005973815918,1.0036005973815918,2.28993821144104,2.2981834411621094,11.490917205810547,1.0477532148361206,6.2865190505981445,0.43025079369544983,0.43025079369544983,0.11119235306978226,1.1119235754013062,19.319608688354492,2.28993821144104,1.0,1.0,1.0,0.4868951439857483,0.4533281624317169,0.4986534118652344
placenta,locked_uniform_legacy_scale,1,100,0.9822592735290527,0.9822592735290527,2.28993821144104,2.2493131160736084,11.246565818786621,0.9139019250869751,5.48341178894043,0.2745472192764282,0.2745472192764282,0.03661390766501427,0.36613908410072327,17.370662689208984,2.28993821144104,1.0,1.0,1.0,0.523616373538971,0.39110520482063293,0.49639081954956055
placenta,locked_uniform_legacy_scale,1,199,0.9269591569900513,0.9269591569900513,2.28993821144104,2.1226792335510254,10.613395690917969,0.7957583665847778,4.774550437927246,0.3837790787220001,0.3837790787220001,0.026820935308933258,0.2682093381881714,16.039934158325195,2.28993821144104,1.0,1.0,1.0,0.658287525177002,0.42389771342277527,0.4976031184196472
placenta,locked_uniform_legacy_scale,2,0,1.0117278099060059,1.0117278099060059,2.28993821144104,2.3167941570281982,11.58397102355957,1.208604097366333,7.251624584197998,0.8303635716438293,0.8303635716438293,0.18961501121520996,1.8961501121520996,21.562110900878906,2.28993821144104,1.0,1.0,1.0,0.5020222663879395,0.505096435546875,0.5000132918357849
placenta,locked_uniform_legacy_scale,2,20,1.0040521621704102,1.0040521621704102,2.28993821144104,2.299217462539673,11.496087074279785,1.0525217056274414,6.315130233764648,0.40368521213531494,0.40368521213531494,0.11184573918581009,1.1184574365615845,19.33336067199707,2.28993821144104,1.0,1.0,1.0,0.4914395213127136,0.45741745829582214,0.49997642636299133
placenta,locked_uniform_legacy_scale,2,100,0.983940601348877,0.983940601348877,2.28993821144104,2.2531630992889404,11.265815734863281,0.9148125052452087,5.488874912261963,0.26124516129493713,0.26124516129493713,0.03660401329398155,0.3660401403903961,17.381975173950195,2.28993821144104,1.0,1.0,1.0,0.5261920690536499,0.3972994387149811,0.4968900978565216
placenta,locked_uniform_legacy_scale,2,199,0.9265986084938049,0.9265986084938049,2.28993821144104,2.1218535900115967,10.609268188476562,0.7871317267417908,4.722790241241455,0.3901979923248291,0.3901979923248291,0.027055496349930763,0.27055495977401733,15.992810249328613,2.28993821144104,1.0,1.0,1.0,0.673187255859375,0.43318936228752136,0.4983437955379486
placenta,locked_uniform_legacy_scale,3,0,1.0116480588912964,1.0116480588912964,2.28993821144104,2.3166115283966064,11.583057403564453,1.2156325578689575,7.293795585632324,0.8437287211418152,0.8437287211418152,0.18707653880119324,1.8707654476165771,21.59134864807129,2.28993821144104,1.0,1.0,1.0,0.5140016078948975,0.4994947612285614,0.5023044943809509
placenta,locked_uniform_legacy_scale,3,20,1.002819299697876,1.002819299697876,2.28993821144104,2.2963943481445312,11.481971740722656,1.0578715801239014,6.347229480743408,0.41427484154701233,0.41427484154701233,0.11205180734395981,1.1205180883407593,19.36399269104004,2.28993821144104,1.0,1.0,1.0,0.4985383152961731,0.4416922330856323,0.5016235113143921
placenta,locked_uniform_legacy_scale,3,100,0.9791017174720764,0.9791017174720764,2.28993821144104,2.242082357406616,11.21041202545166,0.9183107018470764,5.509864330291748,0.2774694561958313,0.2774694561958313,0.036255840212106705,0.36255839467048645,17.36030387878418,2.28993821144104,1.0,1.0,1.0,0.5491448044776917,0.3787969946861267,0.498484343290329
placenta,locked_uniform_legacy_scale,3,199,0.9184369444847107,0.9184369444847107,2.28993821144104,2.103163957595825,10.515819549560547,0.7918548583984375,4.751129150390625,0.4129207730293274,0.4129207730293274,0.026287853717803955,0.26287853717803955,15.942748069763184,2.28993821144104,1.0,1.0,1.0,0.7100640535354614,0.423473596572876,0.49968641996383667
placenta,locked_uniform_legacy_scale,4,0,1.011824369430542,1.011824369430542,2.28993821144104,2.3170151710510254,11.585075378417969,1.221459984779358,7.328760147094727,0.8166122436523438,0.8166122436523438,0.1917041540145874,1.917041540145874,21.647489547729492,2.28993821144104,1.0,1.0,1.0,0.4945782423019409,0.49573853611946106,0.49506932497024536
placenta,locked_uniform_legacy_scale,4,20,1.0036448240280151,1.0036448240280151,2.28993821144104,2.2982845306396484,11.491422653198242,1.0588505268096924,6.353103160858154,0.40941140055656433,0.40941140055656433,0.11259633302688599,1.1259633302688599,19.379899978637695,2.28993821144104,1.0,1.0,1.0,0.48829561471939087,0.4519686996936798,0.4961299002170563
placenta,locked_uniform_legacy_scale,4,100,0.9812839031219482,0.9812839031219482,2.28993821144104,2.247079610824585,11.235398292541504,0.918690025806427,5.512140274047852,0.27463555335998535,0.27463555335998535,0.0365527868270874,0.365527868270874,17.38770294189453,2.28993821144104,1.0,1.0,1.0,0.5371122360229492,0.39645031094551086,0.4961065351963043
placenta,locked_uniform_legacy_scale,4,199,0.9226308465003967,0.9226308465003967,2.28993821144104,2.1127676963806152,10.563838958740234,0.784518837928772,4.707113265991211,0.4074249267578125,0.4074249267578125,0.026574518531560898,0.2657451927661896,15.944122314453125,2.28993821144104,1.0,1.0,1.0,0.7094408869743347,0.43550875782966614,0.4977746307849884
placenta,locked_unweighted,0,0,1.0120545625686646,1.0120545625686646,1.0,1.0120545625686646,5.060272693634033,1.1983046531677246,7.189827919006348,0.8302627801895142,0.8302627801895142,0.190260648727417,1.90260648727417,14.98297119140625,2.28993821144104,1.0,1.0,1.0,0.502865731716156,0.5132500529289246,0.4989098310470581
placenta,locked_unweighted,0,20,1.0057166814804077,1.0057166814804077,1.0,1.0057166814804077,5.028583526611328,1.0502678155899048,6.301607131958008,0.41646769642829895,0.41646769642829895,0.11126714944839478,1.1126714944839478,12.859330177307129,2.28993821144104,1.0,1.0,1.0,0.48880207538604736,0.45831751823425293,0.4994577169418335
placenta,locked_unweighted,0,100,0.9969591498374939,0.9969591498374939,1.0,0.9969591498374939,4.984795570373535,0.9086624383926392,5.451974868774414,0.2363080382347107,0.2363080382347107,0.035176098346710205,0.35176098346710205,11.024839401245117,2.28993821144104,1.0,1.0,1.0,0.5158764123916626,0.41881829500198364,0.4977993965148926
placenta,locked_unweighted,0,199,0.9788067936897278,0.9788067936897278,1.0,0.9788067936897278,4.894033908843994,0.7713447213172913,4.628068447113037,0.2575223445892334,0.2575223445892334,0.025967305526137352,0.2596730589866638,10.039298057556152,2.28993821144104,1.0,1.0,1.0,0.5668109059333801,0.45525923371315,0.49953320622444153
placenta,locked_unweighted,1,0,1.0124549865722656,1.0124549865722656,1.0,1.0124549865722656,5.062274932861328,1.2201069593429565,7.32064151763916,0.8946847319602966,0.8946847319602966,0.1845354288816452,1.8453543186187744,15.122955322265625,2.28993821144104,1.0,1.0,1.0,0.5090487599372864,0.49899640679359436,0.4984109699726105
placenta,locked_unweighted,1,20,1.0048671960830688,1.0048671960830688,1.0,1.0048671960830688,5.024335861206055,1.0471892356872559,6.283135414123535,0.4314422607421875,0.4314422607421875,0.11017944663763046,1.1017944812774658,12.840707778930664,2.28993821144104,1.0,1.0,1.0,0.48730742931365967,0.4537493884563446,0.4986472725868225
placenta,locked_unweighted,1,100,0.996101975440979,0.996101975440979,1.0,0.996101975440979,4.9805097579956055,0.9113302230834961,5.467981338500977,0.24025806784629822,0.24025806784629822,0.03537986800074577,0.35379868745803833,11.042548179626465,2.28993821144104,1.0,1.0,1.0,0.5119479894638062,0.41436684131622314,0.4964563846588135
placenta,locked_unweighted,1,199,0.977874755859375,0.977874755859375,1.0,0.977874755859375,4.889373779296875,0.7854829430580139,4.712897777557373,0.24963681399822235,0.24963681399822235,0.02609342709183693,0.2609342634677887,10.112842559814453,2.28993821144104,1.0,1.0,1.0,0.5505281090736389,0.4485307037830353,0.49779051542282104
placenta,locked_unweighted,2,0,1.0117278099060059,1.0117278099060059,1.0,1.0117278099060059,5.058639049530029,1.208604097366333,7.251624584197998,0.8303635716438293,0.8303635716438293,0.18961501121520996,1.8961501121520996,15.03677749633789,2.28993821144104,1.0,1.0,1.0,0.5020222663879395,0.505096435546875,0.5000132918357849
placenta,locked_unweighted,2,20,1.005167841911316,1.005167841911316,1.0,1.005167841911316,5.025839328765869,1.0519537925720215,6.311722755432129,0.40509849786758423,0.40509849786758423,0.11100470274686813,1.1100469827651978,12.85270881652832,2.28993821144104,1.0,1.0,1.0,0.4916597902774811,0.4573513865470886,0.49997925758361816
placenta,locked_unweighted,2,100,0.9966526031494141,0.9966526031494141,1.0,0.9966526031494141,4.98326301574707,0.9123005270957947,5.4738030433654785,0.23223352432250977,0.23223352432250977,0.035564664751291275,0.35564664006233215,11.04494571685791,2.28993821144104,1.0,1.0,1.0,0.5158188939094543,0.41603612899780273,0.49698197841644287
placenta,locked_unweighted,2,199,0.9785667061805725,0.9785667061805725,1.0,0.9785667061805725,4.892833709716797,0.7781022787094116,4.668613433837891,0.25087183713912964,0.25087183713912964,0.026391513645648956,0.26391512155532837,10.076233863830566,2.28993821144104,1.0,1.0,1.0,0.5628045201301575,0.449479341506958,0.49857085943222046
placenta,locked_unweighted,3,0,1.0116480588912964,1.0116480588912964,1.0,1.0116480588912964,5.0582404136657715,1.2156325578689575,7.293795585632324,0.8437287211418152,0.8437287211418152,0.18707653880119324,1.8707654476165771,15.066530227661133,2.28993821144104,1.0,1.0,1.0,0.5140016078948975,0.4994947612285614,0.5023044943809509
placenta,locked_unweighted,3,20,1.004260778427124,1.004260778427124,1.0,1.004260778427124,5.021304130554199,1.0573043823242188,6.3438262939453125,0.41473081707954407,0.41473081707954407,0.11096770316362381,1.1096770763397217,12.889538764953613,2.28993821144104,1.0,1.0,1.0,0.4994068145751953,0.4419487416744232,0.5016209483146667
placenta,locked_unweighted,3,100,0.9947229623794556,0.9947229623794556,1.0,0.9947229623794556,4.973614692687988,0.9155251383781433,5.49315071105957,0.23880887031555176,0.23880887031555176,0.034951094537973404,0.34951093792915344,11.055085182189941,2.28993821144104,1.0,1.0,1.0,0.5260329842567444,0.404453307390213,0.49853748083114624
placenta,locked_unweighted,3,199,0.9748662114143372,0.9748662114143372,1.0,0.9748662114143372,4.874330997467041,0.7833564281463623,4.700138568878174,0.26011988520622253,0.26011988520622253,0.025620218366384506,0.25620219111442566,10.090790748596191,2.28993821144104,1.0,1.0,1.0,0.5717818140983582,0.44511398673057556,0.4996982216835022
placenta,locked_unweighted,4,0,1.011824369430542,1.011824369430542,1.0,1.011824369430542,5.059122085571289,1.221459984779358,7.328760147094727,0.8166122436523438,0.8166122436523438,0.1917041540145874,1.917041540145874,15.121536254882812,2.28993821144104,1.0,1.0,1.0,0.4945782423019409,0.49573853611946106,0.49506932497024536
placenta,locked_unweighted,4,20,1.0049985647201538,1.0049985647201538,1.0,1.0049985647201538,5.024992942810059,1.0582853555679321,6.349712371826172,0.410697340965271,0.410697340965271,0.11164622008800507,1.116462230682373,12.901865005493164,2.28993821144104,1.0,1.0,1.0,0.4886518716812134,0.4514194130897522,0.4961317479610443
placenta,locked_unweighted,4,100,0.9958734512329102,0.9958734512329102,1.0,0.9958734512329102,4.979367256164551,0.915805995464325,5.49483585357666,0.2404119223356247,0.2404119223356247,0.03540799766778946,0.3540799617767334,11.068695068359375,2.28993821144104,1.0,1.0,1.0,0.519424557685852,0.42158982157707214,0.4961956739425659
placenta,locked_unweighted,4,199,0.9769362807273865,0.9769362807273865,1.0,0.9769362807273865,4.884681224822998,0.7763369083404541,4.658021450042725,0.2630693018436432,0.2630693018436432,0.025914719328284264,0.25914719700813293,10.064919471740723,2.28993821144104,1.0,1.0,1.0,0.5837462544441223,0.454365998506546,0.4978034198284149
