absolute_ari,absolute_nmi,ami,arm,candidate_id,changed_from_initial,cluster_sizes_eval,cluster_sizes_full,evaluator_label_reads,failure,fmi,gearys_c_macro,homogeneity,initial_partition_sha256,k,lane,min_cluster_size_eval,min_cluster_size_full,morans_i_macro,n_evaluated,n_total,neighbor_agreement,partition_sha256,start_id,start_index,start_role,status,study_role,v_measure,wall_seconds
0.5959576919633218,0.718005775236186,0.7175184665866664,INPUT_START,AUTHORITY_STRONG_START__INPUT_START,0,"[1153, 624, 1481, 803, 1018, 1524, 610, 1820, 163]","[1153, 624, 1481, 803, 1018, 1524, 610, 1820, 163]",1,,0.6558322730162267,0.06998154999377741,0.7298003565931803,ce444fc82e04a3c0aa7c9b8b5a74a1e7f5ac0bd4a55d3a2d92bd39008b547e3d,9,P22_K9,163,163,0.9324487284752886,9196,9196,0.9583966742158657,ce444fc82e04a3c0aa7c9b8b5a74a1e7f5ac0bd4a55d3a2d92bd39008b547e3d,AUTHORITY_STRONG_START,0,PRIMARY_AUTHORITY_OR_MEDOID,PASS,DEVELOPMENT_HISTORICAL_LABEL_ASSISTED_START,0.7180057752361859,0.000661555677652359
0.5948372492388294,0.7157421095103025,0.7152509213253695,DIRECT_BASE,AUTHORITY_STRONG_START__DIRECT_BASE,58,"[1146, 624, 1483, 791, 1034, 1521, 613, 1820, 164]","[1146, 624, 1483, 791, 1034, 1521, 613, 1820, 164]",1,,0.6548714601024409,0.07174076202088119,0.7275307229399212,ce444fc82e04a3c0aa7c9b8b5a74a1e7f5ac0bd4a55d3a2d92bd39008b547e3d,9,P22_K9,164,164,0.9308865572688286,9196,9196,0.9566903484007073,719495be0baf552f0423d71d966c96201144ce21dee837a23ca4f71fbb1f7f22,AUTHORITY_STRONG_START,0,PRIMARY_AUTHORITY_OR_MEDOID,PASS,DEVELOPMENT_HISTORICAL_LABEL_ASSISTED_START,0.7157421095103025,0.5863751657307148
0.5957914366194071,0.7173355189450162,0.7168472033000133,BIMODAL_SUPPORT,AUTHORITY_STRONG_START__BIMODAL_SUPPORT,47,"[1148, 624, 1481, 801, 1024, 1524, 612, 1816, 166]","[1148, 624, 1481, 801, 1024, 1524, 612, 1816, 166]",1,,0.6556760189776841,0.07086653838514488,0.7292933454948753,ce444fc82e04a3c0aa7c9b8b5a74a1e7f5ac0bd4a55d3a2d92bd39008b547e3d,9,P22_K9,166,166,0.931661995910766,9196,9196,0.9571867340923897,9030cb8df111eb83554de64edb233f5c7cd88cc52778ab942b8d901a36cd7aa2,AUTHORITY_STRONG_START,0,PRIMARY_AUTHORITY_OR_MEDOID,PASS,DEVELOPMENT_HISTORICAL_LABEL_ASSISTED_START,0.7173355189450161,0.5940908752381802
0.5955221247417235,0.7172607539603376,0.7167722801643972,UNIFORM_MASS_MATCHED,AUTHORITY_STRONG_START__UNIFORM_MASS_MATCHED,37,"[1149, 624, 1482, 801, 1021, 1524, 611, 1818, 166]","[1149, 624, 1482, 801, 1021, 1524, 611, 1818, 166]",1,,0.6554507387034311,0.07055678660325061,0.7291753459927294,ce444fc82e04a3c0aa7c9b8b5a74a1e7f5ac0bd4a55d3a2d92bd39008b547e3d,9,P22_K9,166,166,0.9319549283892565,9196,9196,0.9574659510439611,9dd6f2541db86d6f09cfbda83f76b56e55c6cd6db342debf085455b925bad9e0,AUTHORITY_STRONG_START,0,PRIMARY_AUTHORITY_OR_MEDOID,PASS,DEVELOPMENT_HISTORICAL_LABEL_ASSISTED_START,0.7172607539603376,0.5413293801248074
0.5955061787297278,0.7174544110590007,0.7169662799813722,PERMUTED_SUPPORT,AUTHORITY_STRONG_START__PERMUTED_SUPPORT,40,"[1150, 624, 1482, 804, 1017, 1524, 611, 1818, 166]","[1150, 624, 1482, 804, 1017, 1524, 611, 1818, 166]",1,,0.6554360215446474,0.07065244288226327,0.7293838579366113,ce444fc82e04a3c0aa7c9b8b5a74a1e7f5ac0bd4a55d3a2d92bd39008b547e3d,9,P22_K9,166,166,0.9318785374390772,9196,9196,0.9573728787267707,807cfb046f296270647b66ef37035edf332a614c22513d2d3f0cb775c54ec950,AUTHORITY_STRONG_START,0,PRIMARY_AUTHORITY_OR_MEDOID,PASS,DEVELOPMENT_HISTORICAL_LABEL_ASSISTED_START,0.7174544110590005,0.9575022775679827
0.5963767957010206,0.7179263082340664,0.7174390144250637,RNA_ONLY_SUPPORT,AUTHORITY_STRONG_START__RNA_ONLY_SUPPORT,46,"[1147, 625, 1481, 801, 1025, 1524, 611, 1816, 166]","[1147, 625, 1481, 801, 1025, 1524, 611, 1816, 166]",1,,0.656176958139301,0.07088525824818757,0.7298957874020204,ce444fc82e04a3c0aa7c9b8b5a74a1e7f5ac0bd4a55d3a2d92bd39008b547e3d,9,P22_K9,166,166,0.9316500398832319,9196,9196,0.9572177581981199,17fe715097d237122b064d5efb81e8860f885f3a3225770afe9f65947c246b12,AUTHORITY_STRONG_START,0,PRIMARY_AUTHORITY_OR_MEDOID,PASS,DEVELOPMENT_HISTORICAL_LABEL_ASSISTED_START,0.7179263082340663,0.5486510880291462
0.5953597600862288,0.7170389003768891,0.7165500614061944,ATAC_ONLY_SUPPORT,AUTHORITY_STRONG_START__ATAC_ONLY_SUPPORT,41,"[1149, 624, 1482, 802, 1020, 1524, 612, 1817, 166]","[1149, 624, 1482, 802, 1020, 1524, 612, 1817, 166]",1,,0.6553088093551868,0.07073770477528053,0.7289757783268084,ce444fc82e04a3c0aa7c9b8b5a74a1e7f5ac0bd4a55d3a2d92bd39008b547e3d,9,P22_K9,166,166,0.931778181354649,9196,9196,0.9573108305153104,d9144aafca1f49e290096d84d3881c82e40a667a1694c986396cc3f2617d58fd,AUTHORITY_STRONG_START,0,PRIMARY_AUTHORITY_OR_MEDOID,PASS,DEVELOPMENT_HISTORICAL_LABEL_ASSISTED_START,0.7170389003768892,0.5559500455856323
0.5961810503110561,0.7180634697788532,0.7175763037850492,FULL_TSRE,AUTHORITY_STRONG_START__FULL_TSRE,31,"[1149, 623, 1484, 804, 1017, 1524, 609, 1821, 165]","[1149, 623, 1484, 804, 1017, 1524, 609, 1821, 165]",1,,0.6560246012818878,0.07061814790245055,0.7298915685381901,ce444fc82e04a3c0aa7c9b8b5a74a1e7f5ac0bd4a55d3a2d92bd39008b547e3d,9,P22_K9,165,165,0.9319133036307977,9196,9196,0.9575279992554214,9e89d2462281b39c5ec9f94dd0d930734dff97e2b34a6737978c52af29670744,AUTHORITY_STRONG_START,0,PRIMARY_AUTHORITY_OR_MEDOID,PASS,DEVELOPMENT_HISTORICAL_LABEL_ASSISTED_START,0.7180634697788532,0.7062067110091448
0.5957914366194071,0.7173355189450162,0.7168472033000133,RELATION_STAY_OFF_BASE_STAY_ON,AUTHORITY_STRONG_START__RELATION_STAY_OFF_BASE_STAY_ON,47,"[1148, 624, 1481, 801, 1024, 1524, 612, 1816, 166]","[1148, 624, 1481, 801, 1024, 1524, 612, 1816, 166]",1,,0.6556760189776841,0.07086653838514488,0.7292933454948753,ce444fc82e04a3c0aa7c9b8b5a74a1e7f5ac0bd4a55d3a2d92bd39008b547e3d,9,P22_K9,166,166,0.931661995910766,9196,9196,0.9571867340923897,9030cb8df111eb83554de64edb233f5c7cd88cc52778ab942b8d901a36cd7aa2,AUTHORITY_STRONG_START,0,PRIMARY_AUTHORITY_OR_MEDOID,PASS,DEVELOPMENT_HISTORICAL_LABEL_ASSISTED_START,0.7173355189450161,0.6916659772396088
0.5961810503110561,0.7180634697788532,0.7175763037850492,BOUNDARY_OFF,AUTHORITY_STRONG_START__BOUNDARY_OFF,31,"[1149, 623, 1484, 804, 1017, 1524, 609, 1821, 165]","[1149, 623, 1484, 804, 1017, 1524, 609, 1821, 165]",1,,0.6560246012818878,0.07061814790245055,0.7298915685381901,ce444fc82e04a3c0aa7c9b8b5a74a1e7f5ac0bd4a55d3a2d92bd39008b547e3d,9,P22_K9,165,165,0.9319133036307977,9196,9196,0.9575279992554214,9e89d2462281b39c5ec9f94dd0d930734dff97e2b34a6737978c52af29670744,AUTHORITY_STRONG_START,0,PRIMARY_AUTHORITY_OR_MEDOID,PASS,DEVELOPMENT_HISTORICAL_LABEL_ASSISTED_START,0.7180634697788532,0.6928535364568233
0.5961810503110561,0.7180634697788532,0.7175763037850492,PRIVATE_CONFLICT_OFF,AUTHORITY_STRONG_START__PRIVATE_CONFLICT_OFF,31,"[1149, 623, 1484, 804, 1017, 1524, 609, 1821, 165]","[1149, 623, 1484, 804, 1017, 1524, 609, 1821, 165]",1,,0.6560246012818878,0.07061814790245055,0.7298915685381901,ce444fc82e04a3c0aa7c9b8b5a74a1e7f5ac0bd4a55d3a2d92bd39008b547e3d,9,P22_K9,165,165,0.9319133036307977,9196,9196,0.9575279992554214,9e89d2462281b39c5ec9f94dd0d930734dff97e2b34a6737978c52af29670744,AUTHORITY_STRONG_START,0,PRIMARY_AUTHORITY_OR_MEDOID,PASS,DEVELOPMENT_HISTORICAL_LABEL_ASSISTED_START,0.7180634697788532,0.6926477756351233
0.5949447434617394,0.71686677540482,0.7163774951657567,PURE_SUPPORT,AUTHORITY_STRONG_START__PURE_SUPPORT,21,"[1154, 623, 1483, 802, 1018, 1523, 608, 1821, 164]","[1154, 623, 1483, 802, 1018, 1523, 608, 1821, 164]",1,,0.6549691830678622,0.0705777627790947,0.7286235065029735,ce444fc82e04a3c0aa7c9b8b5a74a1e7f5ac0bd4a55d3a2d92bd39008b547e3d,9,P22_K9,164,164,0.9319307814390458,9196,9196,0.9577451679955326,987dc5b3d2d283b0ce3815396421bc37e63981d5d8d55c6687de8b993d32cd24,AUTHORITY_STRONG_START,0,PRIMARY_AUTHORITY_OR_MEDOID,PASS,DEVELOPMENT_HISTORICAL_LABEL_ASSISTED_START,0.71686677540482,0.6432972252368927
0.4783709631885838,0.6071249240502686,0.6064567142460551,INPUT_START,KMEANS_RETAINED_S0__INPUT_START,0,"[920, 2260, 930, 823, 1080, 749, 709, 714, 1011]","[920, 2260, 930, 823, 1080, 749, 709, 714, 1011]",1,,0.5544711927858604,0.17513783885296888,0.6253052535966026,b358fa4db94439aecf33b74e85f7f1777eb18b41744e2291646d2510165f0c90,9,P22_K9,709,709,0.8264983390458281,9196,9196,0.8574752582756802,b358fa4db94439aecf33b74e85f7f1777eb18b41744e2291646d2510165f0c90,KMEANS_RETAINED_S0,1,ROBUSTNESS_KMEANS_SEED,PASS,DEVELOPMENT_HISTORICAL_LABEL_ASSISTED_START,0.6071249240502686,0.0005603935569524765
0.5110431447558779,0.6391867421937667,0.6385711652068337,DIRECT_BASE,KMEANS_RETAINED_S0__DIRECT_BASE,743,"[1073, 2347, 746, 958, 1047, 709, 701, 691, 924]","[1073, 2347, 746, 958, 1047, 709, 701, 691, 924]",1,,0.5830172714763593,0.09128245898944055,0.6563536355120727,b358fa4db94439aecf33b74e85f7f1777eb18b41744e2291646d2510165f0c90,9,P22_K9,691,691,0.9104304816718426,9196,9196,0.9268451586883009,8fccaac65284ab59507597b980f8a29a0ce91b14072fc10903b8f67294d78c6e,KMEANS_RETAINED_S0,1,ROBUSTNESS_KMEANS_SEED,PASS,DEVELOPMENT_HISTORICAL_LABEL_ASSISTED_START,0.6391867421937667,0.5384603906422853
0.5136399608152017,0.6438190886107,0.6432122792325033,BIMODAL_SUPPORT,KMEANS_RETAINED_S0__BIMODAL_SUPPORT,614,"[1043, 2318, 825, 892, 1046, 713, 705, 713, 941]","[1043, 2318, 825, 892, 1046, 713, 705, 713, 941]",1,,0.5850384186078418,0.09993507601405649,0.6620213770350257,b358fa4db94439aecf33b74e85f7f1777eb18b41744e2291646d2510165f0c90,9,P22_K9,705,705,0.9015453024765249,9196,9196,0.9194924456302547,dd7b535257745ffc90daf4d0ad00dc1805d0e801457a0ab7b7095349fff84e3a,KMEANS_RETAINED_S0,1,ROBUSTNESS_KMEANS_SEED,PASS,DEVELOPMENT_HISTORICAL_LABEL_ASSISTED_START,0.6438190886107,0.5632920376956463
0.5113669334264829,0.6419118476404166,0.6413018336781049,UNIFORM_MASS_MATCHED,KMEANS_RETAINED_S0__UNIFORM_MASS_MATCHED,625,"[1024, 2317, 823, 906, 1052, 714, 705, 713, 942]","[1024, 2317, 823, 906, 1052, 714, 705, 713, 942]",1,,0.5830788584237542,0.09851183264484037,0.6601070456267305,b358fa4db94439aecf33b74e85f7f1777eb18b41744e2291646d2510165f0c90,9,P22_K9,705,705,0.9029838078694657,9196,9196,0.9207023857537306,0134b162caced77616b76e803bfd621d16263e9fce47f492497bcb5dc567bc5c,KMEANS_RETAINED_S0,1,ROBUSTNESS_KMEANS_SEED,PASS,DEVELOPMENT_HISTORICAL_LABEL_ASSISTED_START,0.6419118476404166,0.5681910533457994
0.5113508113285818,0.6413404052831974,0.6407294732765763,PERMUTED_SUPPORT,KMEANS_RETAINED_S0__PERMUTED_SUPPORT,612,"[1025, 2314, 827, 902, 1054, 714, 708, 712, 940]","[1025, 2314, 827, 902, 1054, 714, 708, 712, 940]",1,,0.5830504837605134,0.09856494217802789,0.6595776833071332,b358fa4db94439aecf33b74e85f7f1777eb18b41744e2291646d2510165f0c90,9,P22_K9,708,708,0.902913121848536,9196,9196,0.9206403375422704,dc149935667212dd85396033e7b96fa4661cc59c9161fd40945676cb96edf32a,KMEANS_RETAINED_S0,1,ROBUSTNESS_KMEANS_SEED,PASS,DEVELOPMENT_HISTORICAL_LABEL_ASSISTED_START,0.6413404052831972,1.0898449905216694
0.5106018309319136,0.6409089937798131,0.6402973430630935,RNA_ONLY_SUPPORT,KMEANS_RETAINED_S0__RNA_ONLY_SUPPORT,626,"[1032, 2313, 823, 904, 1046, 714, 707, 714, 943]","[1032, 2313, 823, 904, 1046, 714, 707, 714, 943]",1,,0.582403264091617,0.09902485795468498,0.6591510684795723,b358fa4db94439aecf33b74e85f7f1777eb18b41744e2291646d2510165f0c90,9,P22_K9,707,707,0.9024111717146562,9196,9196,0.920143951850588,9d08ff767bffbc04bd3092a8a4526330e82bca2c1fefe411d6e5c54912dd5b74,KMEANS_RETAINED_S0,1,ROBUSTNESS_KMEANS_SEED,PASS,DEVELOPMENT_HISTORICAL_LABEL_ASSISTED_START,0.6409089937798133,0.68430620059371
0.5132000829799473,0.6437337842967442,0.6431266906861949,ATAC_ONLY_SUPPORT,KMEANS_RETAINED_S0__ATAC_ONLY_SUPPORT,608,"[1034, 2326, 831, 891, 1051, 713, 705, 705, 940]","[1034, 2326, 831, 891, 1051, 713, 705, 705, 940]",1,,0.5846988888271745,0.10064356478842622,0.6617859503030417,b358fa4db94439aecf33b74e85f7f1777eb18b41744e2291646d2510165f0c90,9,P22_K9,705,705,0.9008613386022079,9196,9196,0.9189029876213818,cf1ec89a1548f16dbddf8dcbbb18f8998d89bbaf6525e512ecc1ca0529bc62ba,KMEANS_RETAINED_S0,1,ROBUSTNESS_KMEANS_SEED,PASS,DEVELOPMENT_HISTORICAL_LABEL_ASSISTED_START,0.6437337842967442,0.6879015080630779
0.44904474559018387,0.5869323958022975,0.5862153689779289,INPUT_START,KMEANS_RETAINED_S1__INPUT_START,0,"[1399, 1032, 628, 1047, 713, 1259, 2256, 164, 698]","[1399, 1032, 628, 1047, 713, 1259, 2256, 164, 698]",1,,0.5315492038226087,0.18308357661655628,0.5939110881873062,090a371f48de634db387dbdda66b2412d61b02a38e718148d69f94d033b4c27e,9,P22_K9,164,164,0.8191858537515819,9196,9196,0.8575062823814104,090a371f48de634db387dbdda66b2412d61b02a38e718148d69f94d033b4c27e,KMEANS_RETAINED_S1,2,ROBUSTNESS_KMEANS_SEED,PASS,DEVELOPMENT_HISTORICAL_LABEL_ASSISTED_START,0.5869323958022974,0.0007619708776473999
0.4868014830182351,0.6285089352168076,0.6278614384828597,DIRECT_BASE,KMEANS_RETAINED_S1__DIRECT_BASE,760,"[1382, 1174, 602, 816, 698, 1361, 2335, 165, 663]","[1382, 1174, 602, 816, 698, 1361, 2335, 165, 663]",1,,0.5646382912856628,0.10217944529669859,0.6334519798243927,090a371f48de634db387dbdda66b2412d61b02a38e718148d69f94d033b4c27e,9,P22_K9,165,165,0.9005276978655083,9196,9196,0.931560822759284,abc3b8157486b4b4fbad4eb7291eb559695efa7167b09c9cd776ec28236ffd60,KMEANS_RETAINED_S1,2,ROBUSTNESS_KMEANS_SEED,PASS,DEVELOPMENT_HISTORICAL_LABEL_ASSISTED_START,0.6285089352168077,0.7496339809149504
0.47399860702412017,0.616041145647901,0.615373156676547,BIMODAL_SUPPORT,KMEANS_RETAINED_S1__BIMODAL_SUPPORT,601,"[1371, 1127, 609, 911, 706, 1321, 2315, 167, 669]","[1371, 1127, 609, 911, 706, 1321, 2315, 167, 669]",1,,0.5533689606554233,0.11204439530448572,0.6219771466154486,090a371f48de634db387dbdda66b2412d61b02a38e718148d69f94d033b4c27e,9,P22_K9,167,167,0.8906226850419334,9196,9196,0.9218192535600161,e077e2e4fd1395467abf144fdfd491cca595eab1b832e8a27a19fcbd059737d8,KMEANS_RETAINED_S1,2,ROBUSTNESS_KMEANS_SEED,PASS,DEVELOPMENT_HISTORICAL_LABEL_ASSISTED_START,0.6160411456479009,0.6691777687519789
0.47458779804760154,0.6168251926435501,0.6161585274099995,UNIFORM_MASS_MATCHED,KMEANS_RETAINED_S1__UNIFORM_MASS_MATCHED,595,"[1365, 1123, 604, 913, 706, 1330, 2316, 167, 672]","[1365, 1123, 604, 913, 706, 1330, 2316, 167, 672]",1,,0.5538822718191884,0.11115711205037579,0.6227328016323854,090a371f48de634db387dbdda66b2412d61b02a38e718148d69f94d033b4c27e,9,P22_K9,167,167,0.891453332628669,9196,9196,0.9226569044147303,55e1accac2888581a8e62e9f79e136cc036de9d5325e994075e336dd6c7fabd3,KMEANS_RETAINED_S1,2,ROBUSTNESS_KMEANS_SEED,PASS,DEVELOPMENT_HISTORICAL_LABEL_ASSISTED_START,0.6168251926435502,0.5554075539112091
0.47636962953893774,0.6189859164376322,0.6183230228894467,PERMUTED_SUPPORT,KMEANS_RETAINED_S1__PERMUTED_SUPPORT,608,"[1365, 1132, 604, 908, 706, 1328, 2314, 167, 672]","[1365, 1132, 604, 908, 706, 1328, 2314, 167, 672]",1,,0.5553871163328932,0.1103171522088014,0.6249259925729247,090a371f48de634db387dbdda66b2412d61b02a38e718148d69f94d033b4c27e,9,P22_K9,167,167,0.8922775376740201,9196,9196,0.9235566034809046,20a866b66f9568e50f2cda492231c1bd794410c058a387ddd31f7a01ed192ec6,KMEANS_RETAINED_S1,2,ROBUSTNESS_KMEANS_SEED,PASS,DEVELOPMENT_HISTORICAL_LABEL_ASSISTED_START,0.6189859164376323,1.0746927503496408
0.4756431741227532,0.6177445742188244,0.6170795803312243,RNA_ONLY_SUPPORT,KMEANS_RETAINED_S1__RNA_ONLY_SUPPORT,608,"[1355, 1137, 608, 911, 707, 1329, 2314, 167, 668]","[1355, 1137, 608, 911, 707, 1329, 2314, 167, 668]",1,,0.5547514005360811,0.11113297578841874,0.6237264262563663,090a371f48de634db387dbdda66b2412d61b02a38e718148d69f94d033b4c27e,9,P22_K9,167,167,0.8915690133759987,9196,9196,0.9227499767319207,da17ddc458e8b58c222c5385badf4b1f1cc21c5938e917245886e023da030749,KMEANS_RETAINED_S1,2,ROBUSTNESS_KMEANS_SEED,PASS,DEVELOPMENT_HISTORICAL_LABEL_ASSISTED_START,0.6177445742188243,0.6515378840267658
0.47535597060353396,0.6169450996072021,0.6162787771520513,ATAC_ONLY_SUPPORT,KMEANS_RETAINED_S1__ATAC_ONLY_SUPPORT,612,"[1368, 1129, 610, 905, 707, 1327, 2310, 167, 673]","[1368, 1129, 610, 905, 707, 1327, 2310, 167, 673]",1,,0.5544850107622018,0.1122717051150848,0.622974931040233,090a371f48de634db387dbdda66b2412d61b02a38e718148d69f94d033b4c27e,9,P22_K9,167,167,0.8903798634574422,9196,9196,0.9220364223001272,c6ca43d4523d2402cee542e981a67c46d764e9adb2d47a7aaf5d2591603efc88,KMEANS_RETAINED_S1,2,ROBUSTNESS_KMEANS_SEED,PASS,DEVELOPMENT_HISTORICAL_LABEL_ASSISTED_START,0.616945099607202,0.6360392309725285
0.44887555821212555,0.5872471151925552,0.5865302349193446,INPUT_START,KMEANS_RETAINED_S2__INPUT_START,0,"[1003, 1264, 2257, 1446, 698, 705, 164, 1031, 628]","[1003, 1264, 2257, 1446, 698, 705, 164, 1031, 628]",1,,0.5315356379804187,0.18430643244996137,0.5939071275986839,dc751ea96a75ddc3c3866a143243826bef0b9444abee3f928089f6b158b9b386,9,P22_K9,164,164,0.8180352861218713,9196,9196,0.8567927279496168,dc751ea96a75ddc3c3866a143243826bef0b9444abee3f928089f6b158b9b386,KMEANS_RETAINED_S2,3,ROBUSTNESS_KMEANS_SEED,PASS,DEVELOPMENT_HISTORICAL_LABEL_ASSISTED_START,0.5872471151925552,0.0005128160119056702
0.4827377859459223,0.6262824691142592,0.6256303838956963,DIRECT_BASE,KMEANS_RETAINED_S2__DIRECT_BASE,785,"[756, 1316, 2335, 1460, 654, 698, 165, 1210, 602]","[756, 1316, 2335, 1460, 654, 698, 165, 1210, 602]",1,,0.561413888373674,0.1009427595450716,0.6305462864526751,dc751ea96a75ddc3c3866a143243826bef0b9444abee3f928089f6b158b9b386,9,P22_K9,165,165,0.9016835832768572,9196,9196,0.9331430521515217,6adb92a3452261e122812e8f57bd248aa8c72a96bcbb035992e0d37389be74f4,KMEANS_RETAINED_S2,3,ROBUSTNESS_KMEANS_SEED,PASS,DEVELOPMENT_HISTORICAL_LABEL_ASSISTED_START,0.6262824691142592,0.5540763307362795
0.47617310817430897,0.6185365570484825,0.6178724808473006,BIMODAL_SUPPORT,KMEANS_RETAINED_S2__BIMODAL_SUPPORT,638,"[855, 1327, 2313, 1409, 669, 702, 167, 1145, 609]","[855, 1327, 2313, 1409, 669, 702, 167, 1145, 609]",1,,0.5553485354421228,0.11091183172917513,0.6241061485583433,dc751ea96a75ddc3c3866a143243826bef0b9444abee3f928089f6b158b9b386,9,P22_K9,167,167,0.8917028988834441,9196,9196,0.9233084106350634,70b0e64e98ea5f4dd3aff51b8d060309db60bea06504632dfc93a6f79185e188,KMEANS_RETAINED_S2,3,ROBUSTNESS_KMEANS_SEED,PASS,DEVELOPMENT_HISTORICAL_LABEL_ASSISTED_START,0.6185365570484825,0.7016489636152983
0.4730375028564582,0.6167236659904833,0.6160560633606608,UNIFORM_MASS_MATCHED,KMEANS_RETAINED_S2__UNIFORM_MASS_MATCHED,632,"[846, 1350, 2319, 1430, 666, 704, 167, 1111, 603]","[846, 1350, 2319, 1430, 666, 704, 167, 1111, 603]",1,,0.5528194325722722,0.1089772226841207,0.6219416270149034,dc751ea96a75ddc3c3866a143243826bef0b9444abee3f928089f6b158b9b386,9,P22_K9,167,167,0.8936435933989598,9196,9196,0.9254800980361741,d1facf059043fbf0a12597e5164190ff17886306fefa9d51ad51fc680918969c,KMEANS_RETAINED_S2,3,ROBUSTNESS_KMEANS_SEED,PASS,DEVELOPMENT_HISTORICAL_LABEL_ASSISTED_START,0.6167236659904833,0.6251287367194891
0.47599625203926765,0.6194777078555556,0.6188149334845102,PERMUTED_SUPPORT,KMEANS_RETAINED_S2__PERMUTED_SUPPORT,652,"[839, 1333, 2317, 1433, 666, 704, 167, 1134, 603]","[839, 1333, 2317, 1433, 666, 704, 167, 1134, 603]",1,,0.5553136796633322,0.1084288380424015,0.6247483459140539,dc751ea96a75ddc3c3866a143243826bef0b9444abee3f928089f6b158b9b386,9,P22_K9,167,167,0.8941713849412332,9196,9196,0.9259764837278566,8322a9e3e2e81656e200052cb81664677917373b1c9057b91f35f066cd6b4b53,KMEANS_RETAINED_S2,3,ROBUSTNESS_KMEANS_SEED,PASS,DEVELOPMENT_HISTORICAL_LABEL_ASSISTED_START,0.6194777078555556,1.0689369104802608
0.4720519253748116,0.6148347348039397,0.6141641130977736,RNA_ONLY_SUPPORT,KMEANS_RETAINED_S2__RNA_ONLY_SUPPORT,614,"[864, 1355, 2315, 1403, 663, 705, 167, 1117, 607]","[864, 1355, 2315, 1403, 663, 705, 167, 1117, 607]",1,,0.5518851886155015,0.11125140060698985,0.6202803227462683,dc751ea96a75ddc3c3866a143243826bef0b9444abee3f928089f6b158b9b386,9,P22_K9,167,167,0.8914259382223793,9196,9196,0.9231843142121429,3f3e9d207f2bf8322f689a91d291e764d6dd223be883fa500e481f90338757fe,KMEANS_RETAINED_S2,3,ROBUSTNESS_KMEANS_SEED,PASS,DEVELOPMENT_HISTORICAL_LABEL_ASSISTED_START,0.6148347348039397,0.5646007563918829
0.47479972596157083,0.6182032362643496,0.6175387208243551,ATAC_ONLY_SUPPORT,KMEANS_RETAINED_S2__ATAC_ONLY_SUPPORT,628,"[873, 1327, 2313, 1409, 672, 703, 167, 1122, 610]","[873, 1327, 2313, 1409, 672, 703, 167, 1122, 610]",1,,0.5541427105046879,0.11215911802324764,0.6238970338033728,dc751ea96a75ddc3c3866a143243826bef0b9444abee3f928089f6b158b9b386,9,P22_K9,167,167,0.8904324444985359,9196,9196,0.92259485620327,d842ea529d0bff895252c06d42022f927e4c0b213c100506308728e0a5487ce9,KMEANS_RETAINED_S2,3,ROBUSTNESS_KMEANS_SEED,PASS,DEVELOPMENT_HISTORICAL_LABEL_ASSISTED_START,0.6182032362643496,0.6002670209854841
0.47839577911802705,0.6070917438611041,0.606423486352987,INPUT_START,KMEANS_RETAINED_S3__INPUT_START,0,"[930, 2260, 1007, 709, 749, 923, 1080, 714, 824]","[930, 2260, 1007, 709, 749, 923, 1080, 714, 824]",1,,0.5544909659940059,0.17486699633495723,0.6252789326380358,32cac3239878c5fc732dc9bd6d1d528bd2e33006cbee18728219959e3155f944,9,P22_K9,709,709,0.826766930646562,9196,9196,0.8576924270157913,32cac3239878c5fc732dc9bd6d1d528bd2e33006cbee18728219959e3155f944,KMEANS_RETAINED_S3,4,ROBUSTNESS_KMEANS_SEED,PASS,DEVELOPMENT_HISTORICAL_LABEL_ASSISTED_START,0.607091743861104,0.0005221683531999588
0.512815518766906,0.6413822708014195,0.640770493279288,DIRECT_BASE,KMEANS_RETAINED_S3__DIRECT_BASE,747,"[749, 2343, 916, 701, 710, 1082, 1047, 691, 957]","[749, 2343, 916, 701, 710, 1082, 1047, 691, 957]",1,,0.5845185456553318,0.09053619896484093,0.6586647406559665,32cac3239878c5fc732dc9bd6d1d528bd2e33006cbee18728219959e3155f944,9,P22_K9,691,691,0.9111126633080472,9196,9196,0.9275276890143641,12148449262a444268245253ac6defb450e9b41695b4ce23292e49a527fcd0dd,KMEANS_RETAINED_S3,4,ROBUSTNESS_KMEANS_SEED,PASS,DEVELOPMENT_HISTORICAL_LABEL_ASSISTED_START,0.6413822708014196,0.557053392753005
0.5134819611297666,0.6436974199809109,0.6430904067704434,BIMODAL_SUPPORT,KMEANS_RETAINED_S3__BIMODAL_SUPPORT,611,"[825, 2318, 940, 705, 713, 1042, 1046, 713, 894]","[825, 2318, 940, 705, 713, 1042, 1046, 713, 894]",1,,0.5849022661968788,0.10039864667646174,0.6618998881412516,32cac3239878c5fc732dc9bd6d1d528bd2e33006cbee18728219959e3155f944,9,P22_K9,705,705,0.9010718604224832,9196,9196,0.9190891322557627,56f895628b94e748529428872e2af67fd1954d3e9fea843cacba462b4e1b7cd4,KMEANS_RETAINED_S3,4,ROBUSTNESS_KMEANS_SEED,PASS,DEVELOPMENT_HISTORICAL_LABEL_ASSISTED_START,0.6436974199809109,0.5609114915132523
0.5144519726101757,0.6449194896266399,0.6443145500622561,UNIFORM_MASS_MATCHED,KMEANS_RETAINED_S3__UNIFORM_MASS_MATCHED,618,"[821, 2317, 941, 705, 714, 1044, 1052, 713, 889]","[821, 2317, 941, 705, 714, 1044, 1052, 713, 889]",1,,0.5857342553256527,0.09883181895075227,0.6631479981526993,32cac3239878c5fc732dc9bd6d1d528bd2e33006cbee18728219959e3155f944,9,P22_K9,705,705,0.902679093242219,9196,9196,0.9204541929078894,06fe5537ec5ca21f2a0bda31272af6486d7c2c359b5f95232d3e3f6f601342a1,KMEANS_RETAINED_S3,4,ROBUSTNESS_KMEANS_SEED,PASS,DEVELOPMENT_HISTORICAL_LABEL_ASSISTED_START,0.64491948962664,0.5951351393014193
0.5138901163683108,0.6437781142261135,0.6431712892342637,PERMUTED_SUPPORT,KMEANS_RETAINED_S3__PERMUTED_SUPPORT,604,"[825, 2314, 936, 708, 714, 1044, 1054, 712, 889]","[825, 2314, 936, 708, 714, 1044, 1054, 712, 889]",1,,0.5852372006312425,0.09918981530208665,0.66203709914245,32cac3239878c5fc732dc9bd6d1d528bd2e33006cbee18728219959e3155f944,9,P22_K9,708,708,0.9023033700799634,9196,9196,0.920143951850588,4a96e5545dabf6dd656caafbd6c8d295c44b5058deb4364ec1b7ab71754fb82d,KMEANS_RETAINED_S3,4,ROBUSTNESS_KMEANS_SEED,PASS,DEVELOPMENT_HISTORICAL_LABEL_ASSISTED_START,0.6437781142261135,1.0515407249331474
0.5129118951340941,0.6429682791145573,0.6423601467246053,RNA_ONLY_SUPPORT,KMEANS_RETAINED_S3__RNA_ONLY_SUPPORT,613,"[823, 2311, 942, 707, 714, 1045, 1045, 716, 893]","[823, 2311, 942, 707, 714, 1045, 1045, 716, 893]",1,,0.5843803920790024,0.100177922921021,0.6612805867417396,32cac3239878c5fc732dc9bd6d1d528bd2e33006cbee18728219959e3155f944,9,P22_K9,707,707,0.901286777622788,9196,9196,0.9192442527844135,66d8a631a665e0bff6a6f557d08fa1dc7022ecbcac6af5860a10d2c39975159a,KMEANS_RETAINED_S3,4,ROBUSTNESS_KMEANS_SEED,PASS,DEVELOPMENT_HISTORICAL_LABEL_ASSISTED_START,0.6429682791145572,0.5970088355243206
0.5126447894496106,0.6430396585212239,0.6424314102041724,ATAC_ONLY_SUPPORT,KMEANS_RETAINED_S3__ATAC_ONLY_SUPPORT,604,"[832, 2325, 937, 705, 714, 1032, 1051, 705, 895]","[832, 2325, 937, 705, 714, 1032, 1051, 705, 895]",1,,0.5842159920869073,0.1011170101848231,0.6611019916667229,32cac3239878c5fc732dc9bd6d1d528bd2e33006cbee18728219959e3155f944,9,P22_K9,705,705,0.9003737702669192,9196,9196,0.9184686501411596,5714808f54f7cfe5300bd0f4e6e61dd3c4ca6767fdc3479f258bd54c5e636bf6,KMEANS_RETAINED_S3,4,ROBUSTNESS_KMEANS_SEED,PASS,DEVELOPMENT_HISTORICAL_LABEL_ASSISTED_START,0.6430396585212239,0.5711430534720421
0.47839577911802705,0.6070917438611042,0.6064234863529872,INPUT_START,KMEANS_RETAINED_S4__INPUT_START,0,"[749, 2260, 824, 930, 1080, 923, 709, 714, 1007]","[749, 2260, 824, 930, 1080, 923, 709, 714, 1007]",1,,0.5544909659940059,0.17486699633495723,0.6252789326380359,c050139fe5174fffbb944cc530eb2c7f0f17574f563debe2aa9c5a417f150b63,9,P22_K9,709,709,0.826766930646562,9196,9196,0.8576924270157913,c050139fe5174fffbb944cc530eb2c7f0f17574f563debe2aa9c5a417f150b63,KMEANS_RETAINED_S4,5,ROBUSTNESS_KMEANS_SEED,PASS,DEVELOPMENT_HISTORICAL_LABEL_ASSISTED_START,0.6070917438611042,0.000520775094628334
0.5128320733573716,0.641325522445847,0.6407136552540712,DIRECT_BASE,KMEANS_RETAINED_S4__DIRECT_BASE,748,"[711, 2343, 957, 749, 1047, 1081, 701, 691, 916]","[711, 2343, 957, 749, 1047, 1081, 701, 691, 916]",1,,0.5845314780801203,0.09049148095362264,0.658613796193763,c050139fe5174fffbb944cc530eb2c7f0f17574f563debe2aa9c5a417f150b63,9,P22_K9,691,691,0.9111535524509805,9196,9196,0.9275587131200943,7233971a4f99b91e9d4d661d0b9182f8a4515b836ad7da77965982aa9a0d7708,KMEANS_RETAINED_S4,5,ROBUSTNESS_KMEANS_SEED,PASS,DEVELOPMENT_HISTORICAL_LABEL_ASSISTED_START,0.641325522445847,0.5396247040480375
0.5134819611297666,0.6436974199809109,0.6430904067704434,BIMODAL_SUPPORT,KMEANS_RETAINED_S4__BIMODAL_SUPPORT,611,"[713, 2318, 894, 825, 1046, 1042, 705, 713, 940]","[713, 2318, 894, 825, 1046, 1042, 705, 713, 940]",1,,0.5849022661968788,0.10039864667646173,0.6618998881412516,c050139fe5174fffbb944cc530eb2c7f0f17574f563debe2aa9c5a417f150b63,9,P22_K9,705,705,0.9010718604224832,9196,9196,0.9190891322557627,9c4a6602fa8b16a4e9649b6abd413b3ee538366c52d48a360902840d283ba778,KMEANS_RETAINED_S4,5,ROBUSTNESS_KMEANS_SEED,PASS,DEVELOPMENT_HISTORICAL_LABEL_ASSISTED_START,0.6436974199809109,0.5280608423054218
0.5144519726101757,0.64491948962664,0.6443145500622561,UNIFORM_MASS_MATCHED,KMEANS_RETAINED_S4__UNIFORM_MASS_MATCHED,618,"[714, 2317, 889, 821, 1052, 1044, 705, 713, 941]","[714, 2317, 889, 821, 1052, 1044, 705, 713, 941]",1,,0.5857342553256527,0.09883181895075227,0.6631479981526994,c050139fe5174fffbb944cc530eb2c7f0f17574f563debe2aa9c5a417f150b63,9,P22_K9,705,705,0.902679093242219,9196,9196,0.9204541929078894,72e224f0773faa9b5d12423c00e40c8d8ab9336a8477c2f17a53d2ddbdfa1a3b,KMEANS_RETAINED_S4,5,ROBUSTNESS_KMEANS_SEED,PASS,DEVELOPMENT_HISTORICAL_LABEL_ASSISTED_START,0.6449194896266401,0.5787030719220638
0.5138901163683108,0.6437781142261135,0.6431712892342637,PERMUTED_SUPPORT,KMEANS_RETAINED_S4__PERMUTED_SUPPORT,604,"[714, 2314, 889, 825, 1054, 1044, 708, 712, 936]","[714, 2314, 889, 825, 1054, 1044, 708, 712, 936]",1,,0.5852372006312425,0.09918981530208666,0.66203709914245,c050139fe5174fffbb944cc530eb2c7f0f17574f563debe2aa9c5a417f150b63,9,P22_K9,708,708,0.9023033700799634,9196,9196,0.920143951850588,2403c6af236af779247a5fcfcc378f3c43cbdedcf4c4f1d90067a11d50f64fad,KMEANS_RETAINED_S4,5,ROBUSTNESS_KMEANS_SEED,PASS,DEVELOPMENT_HISTORICAL_LABEL_ASSISTED_START,0.6437781142261135,1.066152423620224
0.5129118951340941,0.6429682791145573,0.6423601467246053,RNA_ONLY_SUPPORT,KMEANS_RETAINED_S4__RNA_ONLY_SUPPORT,613,"[714, 2311, 893, 823, 1045, 1045, 707, 716, 942]","[714, 2311, 893, 823, 1045, 1045, 707, 716, 942]",1,,0.5843803920790024,0.100177922921021,0.6612805867417396,c050139fe5174fffbb944cc530eb2c7f0f17574f563debe2aa9c5a417f150b63,9,P22_K9,707,707,0.901286777622788,9196,9196,0.9192442527844135,f51eab347489a5db99df3013a63fb204d7075b146d03c0225cc589908c024a59,KMEANS_RETAINED_S4,5,ROBUSTNESS_KMEANS_SEED,PASS,DEVELOPMENT_HISTORICAL_LABEL_ASSISTED_START,0.6429682791145572,0.5753637347370386
0.5131362998330584,0.6438476542266445,0.6432407752262304,ATAC_ONLY_SUPPORT,KMEANS_RETAINED_S4__ATAC_ONLY_SUPPORT,603,"[713, 2325, 894, 831, 1051, 1032, 705, 705, 940]","[713, 2325, 894, 831, 1051, 1032, 705, 705, 940]",1,,0.5846387240391888,0.10131308227013427,0.6619249176935614,c050139fe5174fffbb944cc530eb2c7f0f17574f563debe2aa9c5a417f150b63,9,P22_K9,705,705,0.9001739867217684,9196,9196,0.9183445537182391,f303d79f7976204a1afceb36b287d389ee4c0f249c1adab0ea9478908128bfc1,KMEANS_RETAINED_S4,5,ROBUSTNESS_KMEANS_SEED,PASS,DEVELOPMENT_HISTORICAL_LABEL_ASSISTED_START,0.6438476542266444,0.5975139923393726
0.5416365903694235,0.6669488935833198,0.6651935851132982,INPUT_START,AUTHORITY_STRONG_START__INPUT_START,0,"[295, 437, 178, 267, 355, 292, 125]","[295, 437, 178, 267, 355, 292, 125]",1,,0.6332069965196186,0.07977257691193333,0.70517948377323,1e7f48d5c56302ba7e728af2f70df32fe0f52f3dc49d1118ad2509ce58675829,7,MISAR_K7,125,125,0.9221019057409858,1949,1949,0.936631055173423,1e7f48d5c56302ba7e728af2f70df32fe0f52f3dc49d1118ad2509ce58675829,AUTHORITY_STRONG_START,0,PRIMARY_AUTHORITY_OR_MEDOID,PASS,DEVELOPMENT_HISTORICAL_LABEL_ASSISTED_START,0.6669488935833197,0.000257149338722229
0.5353060549066526,0.658264645807069,0.6564633311016784,DIRECT_BASE,AUTHORITY_STRONG_START__DIRECT_BASE,18,"[293, 446, 182, 267, 351, 285, 125]","[293, 446, 182, 267, 351, 285, 125]",1,,0.6279846928894429,0.07943000491844185,0.6958877117624496,1e7f48d5c56302ba7e728af2f70df32fe0f52f3dc49d1118ad2509ce58675829,7,MISAR_K7,125,125,0.9225167185254016,1949,1949,0.9373627981852773,c93cabc50ce7b0988180a9d16eefcced1ea8f54f413b346bc8976dc7bc1e4363,AUTHORITY_STRONG_START,0,PRIMARY_AUTHORITY_OR_MEDOID,PASS,DEVELOPMENT_HISTORICAL_LABEL_ASSISTED_START,0.6582646458070689,0.09457798860967159
0.5383196317857889,0.6612012533725864,0.6594162018850945,BIMODAL_SUPPORT,AUTHORITY_STRONG_START__BIMODAL_SUPPORT,10,"[293, 441, 183, 267, 350, 290, 125]","[293, 441, 183, 267, 350, 290, 125]",1,,0.630466604618717,0.08005549104216113,0.6992753695834513,1e7f48d5c56302ba7e728af2f70df32fe0f52f3dc49d1118ad2509ce58675829,7,MISAR_K7,125,125,0.9218881923976934,1949,1949,0.936631055173423,ead4425e10d3b31479e8ef2c41d6ad83671f90ea8f5c08c23ac1b6b0a4081b6f,AUTHORITY_STRONG_START,0,PRIMARY_AUTHORITY_OR_MEDOID,PASS,DEVELOPMENT_HISTORICAL_LABEL_ASSISTED_START,0.6612012533725864,0.09365358389914036
0.540415624523866,0.6637920276332995,0.6620204950961247,UNIFORM_MASS_MATCHED,AUTHORITY_STRONG_START__UNIFORM_MASS_MATCHED,9,"[293, 440, 182, 267, 352, 290, 125]","[293, 440, 182, 267, 352, 290, 125]",1,,0.6321979954797832,0.07955146783222343,0.7019722873604884,1e7f48d5c56302ba7e728af2f70df32fe0f52f3dc49d1118ad2509ce58675829,7,MISAR_K7,125,125,0.9224643115139773,1949,1949,0.9370701009805357,bbfcd6c0a66fe2b1285de93cd38084d9a7ccea813bb542252eeaa5a9a9811cea,AUTHORITY_STRONG_START,0,PRIMARY_AUTHORITY_OR_MEDOID,PASS,DEVELOPMENT_HISTORICAL_LABEL_ASSISTED_START,0.6637920276332994,0.09150015562772751
0.5358217247954974,0.6603770907410952,0.6585890941829917,PERMUTED_SUPPORT,AUTHORITY_STRONG_START__PERMUTED_SUPPORT,17,"[293, 442, 182, 267, 350, 284, 131]","[293, 442, 182, 267, 350, 284, 131]",1,,0.628399594277277,0.08058739227058799,0.6988011201828777,1e7f48d5c56302ba7e728af2f70df32fe0f52f3dc49d1118ad2509ce58675829,7,MISAR_K7,131,131,0.921293561767855,1949,1949,0.9361920093663105,333adc1dd2b566977317f7f46dd2b23b4175a28821bebf10a5ac8b7ce063ee74,AUTHORITY_STRONG_START,0,PRIMARY_AUTHORITY_OR_MEDOID,PASS,DEVELOPMENT_HISTORICAL_LABEL_ASSISTED_START,0.6603770907410952,0.1829442773014307
0.5406800193511586,0.6636737906577838,0.661901887189327,RNA_ONLY_SUPPORT,AUTHORITY_STRONG_START__RNA_ONLY_SUPPORT,8,"[293, 439, 183, 267, 352, 290, 125]","[293, 439, 183, 267, 352, 290, 125]",1,,0.6324154490590038,0.07962843484641303,0.7019358444915482,1e7f48d5c56302ba7e728af2f70df32fe0f52f3dc49d1118ad2509ce58675829,7,MISAR_K7,125,125,0.9223147605252755,1949,1949,0.9370701009805357,fe3347e454bdff1c5f22e18fd2c1d7d272b517fb11abe6dc2afaa07bf69792d9,AUTHORITY_STRONG_START,0,PRIMARY_AUTHORITY_OR_MEDOID,PASS,DEVELOPMENT_HISTORICAL_LABEL_ASSISTED_START,0.6636737906577839,0.08750292658805847
0.5383196317857889,0.6612012533725864,0.6594162018850945,ATAC_ONLY_SUPPORT,AUTHORITY_STRONG_START__ATAC_ONLY_SUPPORT,10,"[293, 441, 183, 267, 350, 290, 125]","[293, 441, 183, 267, 350, 290, 125]",1,,0.630466604618717,0.08005549104216113,0.6992753695834513,1e7f48d5c56302ba7e728af2f70df32fe0f52f3dc49d1118ad2509ce58675829,7,MISAR_K7,125,125,0.9218881923976934,1949,1949,0.936631055173423,ead4425e10d3b31479e8ef2c41d6ad83671f90ea8f5c08c23ac1b6b0a4081b6f,AUTHORITY_STRONG_START,0,PRIMARY_AUTHORITY_OR_MEDOID,PASS,DEVELOPMENT_HISTORICAL_LABEL_ASSISTED_START,0.6612012533725864,0.08876060508191586
0.5419324739739171,0.6658671894979475,0.66410661292332,FULL_TSRE,AUTHORITY_STRONG_START__FULL_TSRE,5,"[295, 438, 181, 267, 353, 290, 125]","[295, 438, 181, 267, 353, 290, 125]",1,,0.6334503545200084,0.07893728117036,0.7041807706688896,1e7f48d5c56302ba7e728af2f70df32fe0f52f3dc49d1118ad2509ce58675829,7,MISAR_K7,125,125,0.9229553769534274,1949,1949,0.937655495390019,dc9f9b78913a8dde5e01c88552b335f8c511f07dd4b46972bc4a282e374ac926,AUTHORITY_STRONG_START,0,PRIMARY_AUTHORITY_OR_MEDOID,PASS,DEVELOPMENT_HISTORICAL_LABEL_ASSISTED_START,0.6658671894979475,0.13579176366329193
0.5383196317857889,0.6612012533725864,0.6594162018850945,RELATION_STAY_OFF_BASE_STAY_ON,AUTHORITY_STRONG_START__RELATION_STAY_OFF_BASE_STAY_ON,10,"[293, 441, 183, 267, 350, 290, 125]","[293, 441, 183, 267, 350, 290, 125]",1,,0.630466604618717,0.08005549104216113,0.6992753695834513,1e7f48d5c56302ba7e728af2f70df32fe0f52f3dc49d1118ad2509ce58675829,7,MISAR_K7,125,125,0.9218881923976934,1949,1949,0.936631055173423,ead4425e10d3b31479e8ef2c41d6ad83671f90ea8f5c08c23ac1b6b0a4081b6f,AUTHORITY_STRONG_START,0,PRIMARY_AUTHORITY_OR_MEDOID,PASS,DEVELOPMENT_HISTORICAL_LABEL_ASSISTED_START,0.6612012533725864,0.1284432802349329
0.5419324739739171,0.6658671894979475,0.66410661292332,BOUNDARY_OFF,AUTHORITY_STRONG_START__BOUNDARY_OFF,5,"[295, 438, 181, 267, 353, 290, 125]","[295, 438, 181, 267, 353, 290, 125]",1,,0.6334503545200084,0.07893728117036,0.7041807706688896,1e7f48d5c56302ba7e728af2f70df32fe0f52f3dc49d1118ad2509ce58675829,7,MISAR_K7,125,125,0.9229553769534274,1949,1949,0.937655495390019,dc9f9b78913a8dde5e01c88552b335f8c511f07dd4b46972bc4a282e374ac926,AUTHORITY_STRONG_START,0,PRIMARY_AUTHORITY_OR_MEDOID,PASS,DEVELOPMENT_HISTORICAL_LABEL_ASSISTED_START,0.6658671894979475,0.12987121008336544
0.5419324739739171,0.6658671894979475,0.66410661292332,PRIVATE_CONFLICT_OFF,AUTHORITY_STRONG_START__PRIVATE_CONFLICT_OFF,5,"[295, 438, 181, 267, 353, 290, 125]","[295, 438, 181, 267, 353, 290, 125]",1,,0.6334503545200084,0.07893728117036,0.7041807706688896,1e7f48d5c56302ba7e728af2f70df32fe0f52f3dc49d1118ad2509ce58675829,7,MISAR_K7,125,125,0.9229553769534274,1949,1949,0.937655495390019,dc9f9b78913a8dde5e01c88552b335f8c511f07dd4b46972bc4a282e374ac926,AUTHORITY_STRONG_START,0,PRIMARY_AUTHORITY_OR_MEDOID,PASS,DEVELOPMENT_HISTORICAL_LABEL_ASSISTED_START,0.6658671894979475,0.13892786763608456
0.5415539396067717,0.666821510626298,0.6650653670659002,PURE_SUPPORT,AUTHORITY_STRONG_START__PURE_SUPPORT,2,"[295, 438, 178, 267, 356, 290, 125]","[295, 438, 178, 267, 356, 290, 125]",1,,0.6331395378682895,0.07895423414304088,0.7049832240735393,1e7f48d5c56302ba7e728af2f70df32fe0f52f3dc49d1118ad2509ce58675829,7,MISAR_K7,125,125,0.9229111598953672,1949,1949,0.9375091467876482,a1c8eec45e4e2b01924278b229782f23ec140a2ff456fd4b3568efe0dfcee761,AUTHORITY_STRONG_START,0,PRIMARY_AUTHORITY_OR_MEDOID,PASS,DEVELOPMENT_HISTORICAL_LABEL_ASSISTED_START,0.6668215106262978,0.12369885481894016
0.3556349784747265,0.5354096019683647,0.5329784468474222,INPUT_START,KMEANS_RETAINED_S0__INPUT_START,0,"[149, 230, 250, 369, 407, 279, 265]","[149, 230, 250, 369, 407, 279, 265]",1,,0.47856859088716314,0.10706574130941296,0.569464885405559,f40749fcd6e55dbc533a6aace2a770ff12012064b00620b654bc30d215a845e6,7,MISAR_K7,149,149,0.8940381808208301,1949,1949,0.9126298843846041,f40749fcd6e55dbc533a6aace2a770ff12012064b00620b654bc30d215a845e6,KMEANS_RETAINED_S0,1,ROBUSTNESS_KMEANS_SEED,PASS,DEVELOPMENT_HISTORICAL_LABEL_ASSISTED_START,0.5354096019683647,0.00017283298075199127
0.36185820674032193,0.5487716788267133,0.5464060275167727,DIRECT_BASE,KMEANS_RETAINED_S0__DIRECT_BASE,72,"[145, 219, 242, 380, 413, 284, 266]","[145, 219, 242, 380, 413, 284, 266]",1,,0.4840522685952837,0.0826834958262814,0.58271793392723,f40749fcd6e55dbc533a6aace2a770ff12012064b00620b654bc30d215a845e6,7,MISAR_K7,145,145,0.9193090892049482,1949,1949,0.9326796429094102,e930da2f00087c2fd31b7cb2462bb1d3f0c74d39dfdf63d147edfe0bc172144b,KMEANS_RETAINED_S0,1,ROBUSTNESS_KMEANS_SEED,PASS,DEVELOPMENT_HISTORICAL_LABEL_ASSISTED_START,0.5487716788267133,0.09862674959003925
0.3641240710933213,0.5521275133600332,0.5497793993066676,BIMODAL_SUPPORT,KMEANS_RETAINED_S0__BIMODAL_SUPPORT,63,"[143, 227, 241, 382, 411, 286, 259]","[143, 227, 241, 382, 411, 286, 259]",1,,0.48592520918847953,0.08708383616016713,0.586282408884149,f40749fcd6e55dbc533a6aace2a770ff12012064b00620b654bc30d215a845e6,7,MISAR_K7,143,143,0.9147982150760053,1949,1949,0.9293136250548807,4fac4ca154cbc6dfc72b1dd202bf3fcd4b78a8223f310786ce8ecdd569dd691e,KMEANS_RETAINED_S0,1,ROBUSTNESS_KMEANS_SEED,PASS,DEVELOPMENT_HISTORICAL_LABEL_ASSISTED_START,0.5521275133600333,0.0970131866633892
0.3633630280274187,0.5507969649323917,0.5484416880250305,UNIFORM_MASS_MATCHED,KMEANS_RETAINED_S0__UNIFORM_MASS_MATCHED,63,"[143, 224, 243, 382, 411, 288, 258]","[143, 224, 243, 382, 411, 288, 258]",1,,0.4853055296770349,0.08623597225712623,0.5848288104590192,f40749fcd6e55dbc533a6aace2a770ff12012064b00620b654bc30d215a845e6,7,MISAR_K7,143,143,0.9156923116159413,1949,1949,0.930045368066735,a7a516bded197b34a3708b73a3fd24b6126dfd4459935d5508bea481aad26286,KMEANS_RETAINED_S0,1,ROBUSTNESS_KMEANS_SEED,PASS,DEVELOPMENT_HISTORICAL_LABEL_ASSISTED_START,0.5507969649323918,0.0986555851995945
0.3640209832572682,0.5496667629970995,0.5473057088761983,PERMUTED_SUPPORT,KMEANS_RETAINED_S0__PERMUTED_SUPPORT,64,"[143, 224, 244, 382, 410, 289, 257]","[143, 224, 244, 382, 410, 289, 257]",1,,0.48583842143455497,0.08625464042289264,0.5836628887613973,f40749fcd6e55dbc533a6aace2a770ff12012064b00620b654bc30d215a845e6,7,MISAR_K7,143,143,0.9155406794542275,1949,1949,0.9298990194643642,ffbd0249b5446ef5aa2afbe8b0d9eed2bde77d5e3ab675e67d18b300ef761265,KMEANS_RETAINED_S0,1,ROBUSTNESS_KMEANS_SEED,PASS,DEVELOPMENT_HISTORICAL_LABEL_ASSISTED_START,0.5496667629970996,0.20130308903753757
0.36360050288671963,0.5512771191081002,0.5489243900607416,RNA_ONLY_SUPPORT,KMEANS_RETAINED_S0__RNA_ONLY_SUPPORT,62,"[143, 225, 242, 382, 411, 288, 258]","[143, 225, 242, 382, 411, 288, 258]",1,,0.4855008392831414,0.08678432074222807,0.5853450896121216,f40749fcd6e55dbc533a6aace2a770ff12012064b00620b654bc30d215a845e6,7,MISAR_K7,143,143,0.9151285495548588,1949,1949,0.9296063222596225,eeb173295ecec60dad1079c55818ed80297921c003facb60b1af215b3d41e3cd,KMEANS_RETAINED_S0,1,ROBUSTNESS_KMEANS_SEED,PASS,DEVELOPMENT_HISTORICAL_LABEL_ASSISTED_START,0.5512771191081001,0.09944743476808071
0.3640446316229161,0.5518577105181629,0.5495088795262333,ATAC_ONLY_SUPPORT,KMEANS_RETAINED_S0__ATAC_ONLY_SUPPORT,64,"[145, 226, 244, 382, 410, 286, 256]","[145, 226, 244, 382, 410, 286, 256]",1,,0.4858216401189486,0.08642883008595559,0.5861367808113496,f40749fcd6e55dbc533a6aace2a770ff12012064b00620b654bc30d215a845e6,7,MISAR_K7,145,145,0.915470844880087,1949,1949,0.9297526708619933,2fded0a5a04c6e38f76437e768719b658eece69318f3ae4f5b256a21c810b649,KMEANS_RETAINED_S0,1,ROBUSTNESS_KMEANS_SEED,PASS,DEVELOPMENT_HISTORICAL_LABEL_ASSISTED_START,0.5518577105181629,0.10112060979008675
0.3554082764180854,0.5350465324440232,0.5326134194242168,INPUT_START,KMEANS_RETAINED_S1__INPUT_START,0,"[149, 369, 279, 407, 266, 250, 229]","[149, 369, 279, 407, 266, 250, 229]",1,,0.4783835594709806,0.10651588256319851,0.5690668809546068,d54f7ebe247d79f3e39dd323414919bfa0f68272b8d80d1d8a5f35a0e0b413e5,7,MISAR_K7,149,149,0.8945922213019905,1949,1949,0.9130689301917166,d54f7ebe247d79f3e39dd323414919bfa0f68272b8d80d1d8a5f35a0e0b413e5,KMEANS_RETAINED_S1,2,ROBUSTNESS_KMEANS_SEED,PASS,DEVELOPMENT_HISTORICAL_LABEL_ASSISTED_START,0.5350465324440232,0.00018451176583766937
0.36185820674032193,0.5487716788267134,0.5464060275167728,DIRECT_BASE,KMEANS_RETAINED_S1__DIRECT_BASE,71,"[145, 380, 284, 413, 266, 242, 219]","[145, 380, 284, 413, 266, 242, 219]",1,,0.4840522685952837,0.08268349582628136,0.58271793392723,d54f7ebe247d79f3e39dd323414919bfa0f68272b8d80d1d8a5f35a0e0b413e5,7,MISAR_K7,145,145,0.9193090892049481,1949,1949,0.9326796429094102,7b7839966e1355d6c25cee0f85afb86cd87fc2e33a6d668718769110682a5bbc,KMEANS_RETAINED_S1,2,ROBUSTNESS_KMEANS_SEED,PASS,DEVELOPMENT_HISTORICAL_LABEL_ASSISTED_START,0.5487716788267133,0.09978590160608292
0.3637509467624163,0.5516919098081515,0.5493419732379828,BIMODAL_SUPPORT,KMEANS_RETAINED_S1__BIMODAL_SUPPORT,61,"[145, 382, 286, 411, 258, 241, 226]","[145, 382, 286, 411, 258, 241, 226]",1,,0.4855967094138099,0.08662227173199637,0.5859068400401738,d54f7ebe247d79f3e39dd323414919bfa0f68272b8d80d1d8a5f35a0e0b413e5,7,MISAR_K7,145,145,0.9152637729432186,1949,1949,0.9296063222596225,bbf92066ddfd921c071e2ee2a817794e86179221422a03d111a6871d12e3dd9f,KMEANS_RETAINED_S1,2,ROBUSTNESS_KMEANS_SEED,PASS,DEVELOPMENT_HISTORICAL_LABEL_ASSISTED_START,0.5516919098081514,0.10496781580150127
0.3631067993193522,0.5502872044695606,0.5479291980632047,UNIFORM_MASS_MATCHED,KMEANS_RETAINED_S1__UNIFORM_MASS_MATCHED,63,"[143, 382, 288, 411, 259, 243, 223]","[143, 382, 288, 411, 259, 243, 223]",1,,0.48509630514598384,0.0858816755989708,0.5842753938558188,d54f7ebe247d79f3e39dd323414919bfa0f68272b8d80d1d8a5f35a0e0b413e5,7,MISAR_K7,143,143,0.9160564460201827,1949,1949,0.9303380652714767,5ecd77df04747c5434b6572e74db49081878f528ba00158545e833e617bdd1c9,KMEANS_RETAINED_S1,2,ROBUSTNESS_KMEANS_SEED,PASS,DEVELOPMENT_HISTORICAL_LABEL_ASSISTED_START,0.5502872044695606,0.10788028128445148
0.36376580233617267,0.5491578132001231,0.5467940353422642,PERMUTED_SUPPORT,KMEANS_RETAINED_S1__PERMUTED_SUPPORT,64,"[143, 382, 289, 410, 258, 244, 223]","[143, 382, 289, 410, 258, 244, 223]",1,,0.48562993122179543,0.0859002265011543,0.5831106495788657,d54f7ebe247d79f3e39dd323414919bfa0f68272b8d80d1d8a5f35a0e0b413e5,7,MISAR_K7,143,143,0.9159049238954949,1949,1949,0.9301917166691058,41c8d3f7878799e6cd35e007784551f505c6e5cf2ad3fd13b487051d2a43db23,KMEANS_RETAINED_S1,2,ROBUSTNESS_KMEANS_SEED,PASS,DEVELOPMENT_HISTORICAL_LABEL_ASSISTED_START,0.5491578132001232,0.19123958609998226
0.3633419115119692,0.5507646317245257,0.5484091607603234,RNA_ONLY_SUPPORT,KMEANS_RETAINED_S1__RNA_ONLY_SUPPORT,62,"[143, 382, 288, 411, 259, 242, 224]","[143, 382, 288, 411, 259, 242, 224]",1,,0.48528954978362476,0.08643174626466887,0.5847891345041035,d54f7ebe247d79f3e39dd323414919bfa0f68272b8d80d1d8a5f35a0e0b413e5,7,MISAR_K7,143,143,0.9154915839329018,1949,1949,0.9298990194643642,e4181a21968085b8a07edfc9a4211f8e92d1336d1aaf674a4640b3a7b8e9e73c,KMEANS_RETAINED_S1,2,ROBUSTNESS_KMEANS_SEED,PASS,DEVELOPMENT_HISTORICAL_LABEL_ASSISTED_START,0.5507646317245257,0.09296420402824879
0.36353160216279407,0.550851840455154,0.5484976340003345,ATAC_ONLY_SUPPORT,KMEANS_RETAINED_S1__ATAC_ONLY_SUPPORT,65,"[145, 382, 286, 410, 258, 244, 224]","[145, 382, 286, 410, 258, 244, 224]",1,,0.4854019307836222,0.08549034965906789,0.585046178821233,d54f7ebe247d79f3e39dd323414919bfa0f68272b8d80d1d8a5f35a0e0b413e5,7,MISAR_K7,145,145,0.916431589095046,1949,1949,0.9304844138738475,7b8eb24374b9909fd39cc2d5a3f2288ecbc2ad31afa96f0dac25cd13161a5584,KMEANS_RETAINED_S1,2,ROBUSTNESS_KMEANS_SEED,PASS,DEVELOPMENT_HISTORICAL_LABEL_ASSISTED_START,0.550851840455154,0.09425307996571064
0.3556349784747265,0.5354096019683646,0.5329784468474221,INPUT_START,KMEANS_RETAINED_S2__INPUT_START,0,"[369, 250, 230, 149, 407, 265, 279]","[369, 250, 230, 149, 407, 265, 279]",1,,0.47856859088716314,0.10706574130941297,0.5694648854055588,8baeae82ba88524b57fa12d598d1b6b60bcda5f3558b8783d52010451cc938a1,7,MISAR_K7,149,149,0.8940381808208301,1949,1949,0.9126298843846041,8baeae82ba88524b57fa12d598d1b6b60bcda5f3558b8783d52010451cc938a1,KMEANS_RETAINED_S2,3,ROBUSTNESS_KMEANS_SEED,PASS,DEVELOPMENT_HISTORICAL_LABEL_ASSISTED_START,0.5354096019683646,0.00018726475536823273
0.36185820674032193,0.5487716788267133,0.5464060275167727,DIRECT_BASE,KMEANS_RETAINED_S2__DIRECT_BASE,72,"[380, 242, 219, 145, 413, 266, 284]","[380, 242, 219, 145, 413, 266, 284]",1,,0.4840522685952837,0.08268349582628139,0.58271793392723,8baeae82ba88524b57fa12d598d1b6b60bcda5f3558b8783d52010451cc938a1,7,MISAR_K7,145,145,0.9193090892049482,1949,1949,0.9326796429094102,8fbfd50043fc6c43c193877520fb88d695093d469659b19f93b40e7d01c5daa5,KMEANS_RETAINED_S2,3,ROBUSTNESS_KMEANS_SEED,PASS,DEVELOPMENT_HISTORICAL_LABEL_ASSISTED_START,0.5487716788267133,0.09172421507537365
0.3641240710933213,0.5521275133600332,0.5497793993066676,BIMODAL_SUPPORT,KMEANS_RETAINED_S2__BIMODAL_SUPPORT,63,"[382, 241, 227, 143, 411, 259, 286]","[382, 241, 227, 143, 411, 259, 286]",1,,0.48592520918847953,0.08708383616016714,0.586282408884149,8baeae82ba88524b57fa12d598d1b6b60bcda5f3558b8783d52010451cc938a1,7,MISAR_K7,143,143,0.9147982150760053,1949,1949,0.9293136250548807,ed13603462d7481b86d2448fde07bae48b7f79e7ad3d13a557fc247303eb59c2,KMEANS_RETAINED_S2,3,ROBUSTNESS_KMEANS_SEED,PASS,DEVELOPMENT_HISTORICAL_LABEL_ASSISTED_START,0.5521275133600333,0.08861858397722244
0.3633630280274187,0.5507969649323917,0.5484416880250305,UNIFORM_MASS_MATCHED,KMEANS_RETAINED_S2__UNIFORM_MASS_MATCHED,63,"[382, 243, 224, 143, 411, 258, 288]","[382, 243, 224, 143, 411, 258, 288]",1,,0.4853055296770349,0.08623597225712623,0.5848288104590191,8baeae82ba88524b57fa12d598d1b6b60bcda5f3558b8783d52010451cc938a1,7,MISAR_K7,143,143,0.9156923116159413,1949,1949,0.930045368066735,3e647c9d333fefd4655da6b0b427f5bc3abea8e33d8d04795b8f9389b2bf5b21,KMEANS_RETAINED_S2,3,ROBUSTNESS_KMEANS_SEED,PASS,DEVELOPMENT_HISTORICAL_LABEL_ASSISTED_START,0.5507969649323916,0.08877847157418728
0.3640209832572682,0.5496667629970994,0.5473057088761982,PERMUTED_SUPPORT,KMEANS_RETAINED_S2__PERMUTED_SUPPORT,64,"[382, 244, 224, 143, 410, 257, 289]","[382, 244, 224, 143, 410, 257, 289]",1,,0.48583842143455497,0.08625464042289264,0.583662888761397,8baeae82ba88524b57fa12d598d1b6b60bcda5f3558b8783d52010451cc938a1,7,MISAR_K7,143,143,0.9155406794542273,1949,1949,0.9298990194643642,1f433f2b8c4fd487280e8f34b104a51e5eb10e0b327901f68038b7f2e5931887,KMEANS_RETAINED_S2,3,ROBUSTNESS_KMEANS_SEED,PASS,DEVELOPMENT_HISTORICAL_LABEL_ASSISTED_START,0.5496667629970994,0.18108289688825607
0.36360050288671963,0.5512771191081001,0.5489243900607415,RNA_ONLY_SUPPORT,KMEANS_RETAINED_S2__RNA_ONLY_SUPPORT,62,"[382, 242, 225, 143, 411, 258, 288]","[382, 242, 225, 143, 411, 258, 288]",1,,0.4855008392831414,0.08678432074222807,0.5853450896121215,8baeae82ba88524b57fa12d598d1b6b60bcda5f3558b8783d52010451cc938a1,7,MISAR_K7,143,143,0.9151285495548588,1949,1949,0.9296063222596225,cbebc13471b11d094d0aa21ae5f67a12dd1914ed5cc7c442fbf014c4fc0a23c8,KMEANS_RETAINED_S2,3,ROBUSTNESS_KMEANS_SEED,PASS,DEVELOPMENT_HISTORICAL_LABEL_ASSISTED_START,0.5512771191081001,0.09097165614366531
0.364272569284333,0.5523322961317524,0.5499859593634127,ATAC_ONLY_SUPPORT,KMEANS_RETAINED_S2__ATAC_ONLY_SUPPORT,62,"[382, 242, 227, 145, 410, 257, 286]","[382, 242, 227, 145, 410, 257, 286]",1,,0.4860105510795355,0.08713170721787022,0.5866422085114933,8baeae82ba88524b57fa12d598d1b6b60bcda5f3558b8783d52010451cc938a1,7,MISAR_K7,145,145,0.9147419850495849,1949,1949,0.9291672764525098,4bceebb0d7b350980017da286478980df88757dfe0404498b93ff6b713344292,KMEANS_RETAINED_S2,3,ROBUSTNESS_KMEANS_SEED,PASS,DEVELOPMENT_HISTORICAL_LABEL_ASSISTED_START,0.5523322961317525,0.09759545885026455
0.35569313389591267,0.5352512893740758,0.5328188869990194,INPUT_START,KMEANS_RETAINED_S3__INPUT_START,0,"[250, 369, 279, 265, 148, 230, 408]","[250, 369, 279, 265, 148, 230, 408]",1,,0.4786422202107025,0.10717068027724228,0.5692144366411187,40ec38b659b2a93fb4029733236ef62efd5da1a9f3f3d418032a694bae0d2915,7,MISAR_K7,148,148,0.8939995634313039,1949,1949,0.9126298843846041,40ec38b659b2a93fb4029733236ef62efd5da1a9f3f3d418032a694bae0d2915,KMEANS_RETAINED_S3,4,ROBUSTNESS_KMEANS_SEED,PASS,DEVELOPMENT_HISTORICAL_LABEL_ASSISTED_START,0.5352512893740758,0.00021052174270153046
0.3619600110024949,0.5486975336541353,0.5463309529636438,DIRECT_BASE,KMEANS_RETAINED_S3__DIRECT_BASE,72,"[242, 380, 284, 268, 143, 219, 413]","[242, 380, 284, 268, 143, 219, 413]",1,,0.4841606543679079,0.08280013284435708,0.5825362872111793,40ec38b659b2a93fb4029733236ef62efd5da1a9f3f3d418032a694bae0d2915,7,MISAR_K7,143,143,0.9191999802862966,1949,1949,0.9326796429094102,3823557e1980daab6cc48259aa0e6401f73a5bd50f5ee7c6ce8a61eead1adf6e,KMEANS_RETAINED_S3,4,ROBUSTNESS_KMEANS_SEED,PASS,DEVELOPMENT_HISTORICAL_LABEL_ASSISTED_START,0.5486975336541353,0.08594278432428837
0.36319376170155776,0.5507673471685475,0.5484117215315895,BIMODAL_SUPPORT,KMEANS_RETAINED_S3__BIMODAL_SUPPORT,62,"[242, 382, 288, 258, 143, 224, 412]","[242, 382, 288, 258, 143, 224, 412]",1,,0.48518139083226014,0.08688673630806755,0.5847531256519377,40ec38b659b2a93fb4029733236ef62efd5da1a9f3f3d418032a694bae0d2915,7,MISAR_K7,143,143,0.9150071219483911,1949,1949,0.9294599736572515,64b7971c3de195520706f1dab9bf50a60a7d9aa6e60fb8d03d131a71b033349c,KMEANS_RETAINED_S3,4,ROBUSTNESS_KMEANS_SEED,PASS,DEVELOPMENT_HISTORICAL_LABEL_ASSISTED_START,0.5507673471685475,0.09659620374441147
0.3630871130524473,0.5506470495562893,0.5482907263029,UNIFORM_MASS_MATCHED,KMEANS_RETAINED_S3__UNIFORM_MASS_MATCHED,61,"[243, 382, 286, 258, 143, 224, 413]","[243, 382, 286, 258, 143, 224, 413]",1,,0.4851007431575619,0.08614278663237784,0.5846091563985056,40ec38b659b2a93fb4029733236ef62efd5da1a9f3f3d418032a694bae0d2915,7,MISAR_K7,143,143,0.9157988519971484,1949,1949,0.9301917166691058,afed78675cb21106dcda7be6dfe9976f7739d8525488cc6ce0f9d068fba9fc54,KMEANS_RETAINED_S3,4,ROBUSTNESS_KMEANS_SEED,PASS,DEVELOPMENT_HISTORICAL_LABEL_ASSISTED_START,0.5506470495562894,0.09796839393675327
0.36374928734027595,0.5495191914482562,0.5471571069967999,PERMUTED_SUPPORT,KMEANS_RETAINED_S3__PERMUTED_SUPPORT,62,"[244, 382, 287, 257, 143, 224, 412]","[244, 382, 287, 257, 143, 224, 412]",1,,0.48563659552695965,0.08615959048997021,0.5834468243457525,40ec38b659b2a93fb4029733236ef62efd5da1a9f3f3d418032a694bae0d2915,7,MISAR_K7,143,143,0.9156492825032044,1949,1949,0.930045368066735,830ac9e533c36a4e4f1b3d067cd6398a0e69e0080dde262f1e21e09555fe7031,KMEANS_RETAINED_S3,4,ROBUSTNESS_KMEANS_SEED,PASS,DEVELOPMENT_HISTORICAL_LABEL_ASSISTED_START,0.5495191914482561,0.19150297529995441
0.36305583085388227,0.5506924957525564,0.5483363476853894,RNA_ONLY_SUPPORT,KMEANS_RETAINED_S3__RNA_ONLY_SUPPORT,59,"[242, 382, 287, 258, 143, 224, 413]","[242, 382, 287, 258, 143, 224, 413]",1,,0.4850790497652082,0.08668297989308317,0.5846434591874987,40ec38b659b2a93fb4029733236ef62efd5da1a9f3f3d418032a694bae0d2915,7,MISAR_K7,143,143,0.9152513919854706,1949,1949,0.9297526708619933,e00fb8ece602d6f31011b20035255759fdafda5828fd2bf127f9598b4f80dba1,KMEANS_RETAINED_S3,4,ROBUSTNESS_KMEANS_SEED,PASS,DEVELOPMENT_HISTORICAL_LABEL_ASSISTED_START,0.5506924957525564,0.10648770444095135
0.3633241897007129,0.5509588956943816,0.5486049552220164,ATAC_ONLY_SUPPORT,KMEANS_RETAINED_S3__ATAC_ONLY_SUPPORT,60,"[242, 382, 288, 257, 145, 224, 411]","[242, 382, 288, 257, 145, 224, 411]",1,,0.4852529075907378,0.08709084399448346,0.5850929997796394,40ec38b659b2a93fb4029733236ef62efd5da1a9f3f3d418032a694bae0d2915,7,MISAR_K7,145,145,0.9147831495885839,1949,1949,0.9291672764525098,74437c8ad767ecd65caa194ce39ef8f863eb5616634629564358ce52009fa74b,KMEANS_RETAINED_S3,4,ROBUSTNESS_KMEANS_SEED,PASS,DEVELOPMENT_HISTORICAL_LABEL_ASSISTED_START,0.5509588956943816,0.09877504408359528
0.35563148088399565,0.5350680939577477,0.5326348151309673,INPUT_START,KMEANS_RETAINED_S4__INPUT_START,0,"[148, 250, 407, 369, 280, 229, 266]","[148, 250, 407, 369, 280, 229, 266]",1,,0.4785819688887841,0.10674189925835036,0.569038416876303,4fe8b5aff52486d9bff272889b165948d2f173e7f90797b4f3c1e5329361001a,7,MISAR_K7,148,148,0.8944387327754608,1949,1949,0.9129225815893458,4fe8b5aff52486d9bff272889b165948d2f173e7f90797b4f3c1e5329361001a,KMEANS_RETAINED_S4,5,ROBUSTNESS_KMEANS_SEED,PASS,DEVELOPMENT_HISTORICAL_LABEL_ASSISTED_START,0.5350680939577477,0.00015664473176002502
0.36185820674032193,0.5487716788267134,0.5464060275167728,DIRECT_BASE,KMEANS_RETAINED_S4__DIRECT_BASE,70,"[145, 242, 413, 380, 284, 219, 266]","[145, 242, 413, 380, 284, 219, 266]",1,,0.4840522685952837,0.08268349582628139,0.58271793392723,4fe8b5aff52486d9bff272889b165948d2f173e7f90797b4f3c1e5329361001a,7,MISAR_K7,145,145,0.9193090892049481,1949,1949,0.9326796429094102,dc9bc9582894c03898cacce89f599da0f8a3d65152c104035009b4ad868eb461,KMEANS_RETAINED_S4,5,ROBUSTNESS_KMEANS_SEED,PASS,DEVELOPMENT_HISTORICAL_LABEL_ASSISTED_START,0.5487716788267133,0.0939385611563921
0.3638630859678428,0.55162799957708,0.5492772139790159,BIMODAL_SUPPORT,KMEANS_RETAINED_S4__BIMODAL_SUPPORT,62,"[143, 241, 411, 382, 286, 226, 260]","[143, 241, 411, 382, 286, 226, 260]",1,,0.4857118071897197,0.08673230958553169,0.5857405991490774,4fe8b5aff52486d9bff272889b165948d2f173e7f90797b4f3c1e5329361001a,7,MISAR_K7,143,143,0.9151604988506497,1949,1949,0.9296063222596225,87aaeb06a6056eeee1d562fea28d45bac1db87c9f387fd33886d70f7cecc2d6b,KMEANS_RETAINED_S4,5,ROBUSTNESS_KMEANS_SEED,PASS,DEVELOPMENT_HISTORICAL_LABEL_ASSISTED_START,0.55162799957708,0.09598769247531891
0.3631067993193522,0.5502872044695606,0.5479291980632047,UNIFORM_MASS_MATCHED,KMEANS_RETAINED_S4__UNIFORM_MASS_MATCHED,62,"[143, 243, 411, 382, 288, 223, 259]","[143, 243, 411, 382, 288, 223, 259]",1,,0.48509630514598384,0.0858816755989708,0.5842753938558188,4fe8b5aff52486d9bff272889b165948d2f173e7f90797b4f3c1e5329361001a,7,MISAR_K7,143,143,0.9160564460201827,1949,1949,0.9303380652714767,bce5a3bd92efd3f8bb1ff86c86a4ff97e11e63eca640e6b02c3745f8e7e1cecb,KMEANS_RETAINED_S4,5,ROBUSTNESS_KMEANS_SEED,PASS,DEVELOPMENT_HISTORICAL_LABEL_ASSISTED_START,0.5502872044695606,0.09729860350489616
0.36376580233617267,0.5491578132001231,0.5467940353422643,PERMUTED_SUPPORT,KMEANS_RETAINED_S4__PERMUTED_SUPPORT,63,"[143, 244, 410, 382, 289, 223, 258]","[143, 244, 410, 382, 289, 223, 258]",1,,0.48562993122179543,0.0859002265011543,0.5831106495788657,4fe8b5aff52486d9bff272889b165948d2f173e7f90797b4f3c1e5329361001a,7,MISAR_K7,143,143,0.9159049238954952,1949,1949,0.9301917166691058,eb2d1e7531b5ccdf57fc411374a9adda27907be37b5c80915f6a126a5603e87b,KMEANS_RETAINED_S4,5,ROBUSTNESS_KMEANS_SEED,PASS,DEVELOPMENT_HISTORICAL_LABEL_ASSISTED_START,0.5491578132001232,0.1976468339562416
0.3633419115119692,0.5507646317245257,0.5484091607603234,RNA_ONLY_SUPPORT,KMEANS_RETAINED_S4__RNA_ONLY_SUPPORT,61,"[143, 242, 411, 382, 288, 224, 259]","[143, 242, 411, 382, 288, 224, 259]",1,,0.48528954978362476,0.08643174626466887,0.5847891345041035,4fe8b5aff52486d9bff272889b165948d2f173e7f90797b4f3c1e5329361001a,7,MISAR_K7,143,143,0.9154915839329018,1949,1949,0.9298990194643642,57dc26a7bb6a1a72feb9a5204d228124eb32c4610ea3798fc4534a703dfb2920,KMEANS_RETAINED_S4,5,ROBUSTNESS_KMEANS_SEED,PASS,DEVELOPMENT_HISTORICAL_LABEL_ASSISTED_START,0.5507646317245257,0.09978001937270164
0.3640136880986874,0.5518345098502144,0.5494855143598687,ATAC_ONLY_SUPPORT,KMEANS_RETAINED_S4__ATAC_ONLY_SUPPORT,61,"[145, 242, 410, 382, 286, 226, 258]","[145, 242, 410, 382, 286, 226, 258]",1,,0.4857986265372855,0.08677833706635128,0.5861027490717111,4fe8b5aff52486d9bff272889b165948d2f173e7f90797b4f3c1e5329361001a,7,MISAR_K7,145,145,0.9151067158697935,1949,1949,0.9294599736572515,454f5cbb1b99ab956857ce84f73e9459cf30278d9a8b6c4d78dfbc7eeafdeda6,KMEANS_RETAINED_S4,5,ROBUSTNESS_KMEANS_SEED,PASS,DEVELOPMENT_HISTORICAL_LABEL_ASSISTED_START,0.5518345098502144,0.09841597825288773
0.16573368689474696,0.26318984026636744,0.26000364390714903,INPUT_START,NIGHT16E_BYTE_EXACT_UNLABELED_START__INPUT_START,0,"[48, 502, 176, 852, 427, 395, 100]","[48, 502, 176, 852, 427, 395, 100]",1,,0.34343134659468666,0.6122018206336931,0.25832867046946617,88f57f0f5a8c8801cf03b0debdcf38697479b6d05777b501f02be23b4468c9ed,7,HUMAN_HIPPOCAMPUS_K7,48,48,0.3803900082456308,2500,2500,0.4724133508531583,88f57f0f5a8c8801cf03b0debdcf38697479b6d05777b501f02be23b4468c9ed,NIGHT16E_BYTE_EXACT_UNLABELED_START,0,PRIMARY_AUTHORITY_OR_MEDOID,PASS,DEVELOPMENT_ATTRIBUTION_BYTE_EXACT_PARENT_START_AND_PARENT_NUMERICAL_BOUNDARY,0.2631898402663674,0.00032100826501846313
0.16750951288907545,0.2667558803103532,0.26359330990718594,DIRECT_BASE,NIGHT16E_BYTE_EXACT_UNLABELED_START__DIRECT_BASE,5,"[53, 502, 176, 847, 427, 395, 100]","[53, 502, 176, 847, 427, 395, 100]",1,,0.3442976017310758,0.6061614170053469,0.2622620722424041,88f57f0f5a8c8801cf03b0debdcf38697479b6d05777b501f02be23b4468c9ed,7,HUMAN_HIPPOCAMPUS_K7,53,53,0.3872501491470867,2500,2500,0.4742985200196438,6c6c334d93ecde6865c4b5b45757ddf0a971e60dfa6f1f0ca85877dd10902159,NIGHT16E_BYTE_EXACT_UNLABELED_START,0,PRIMARY_AUTHORITY_OR_MEDOID,PASS,DEVELOPMENT_ATTRIBUTION_BYTE_EXACT_PARENT_START_AND_PARENT_NUMERICAL_BOUNDARY,0.26675588031035313,0.11547335423529148
0.5448772370426253,0.5577946770986344,0.5557660205904953,BIMODAL_SUPPORT,NIGHT16E_BYTE_EXACT_UNLABELED_START__BIMODAL_SUPPORT,956,"[51, 857, 212, 823, 113, 411, 33]","[51, 857, 212, 823, 113, 411, 33]",1,,0.6549801608897293,0.2425347517313035,0.5220218191262374,88f57f0f5a8c8801cf03b0debdcf38697479b6d05777b501f02be23b4468c9ed,7,HUMAN_HIPPOCAMPUS_K7,33,33,0.749023832084566,2500,2500,0.8931927223709496,38304677a026b0b4064c51e8f4e717eb495f6b0ba8de84bd65ddea829f2d1558,NIGHT16E_BYTE_EXACT_UNLABELED_START,0,PRIMARY_AUTHORITY_OR_MEDOID,PASS,DEVELOPMENT_ATTRIBUTION_BYTE_EXACT_PARENT_START_AND_PARENT_NUMERICAL_BOUNDARY,0.5577946770986343,0.17682011798024178
0.5124444651278955,0.5462274080711581,0.5441557981068713,UNIFORM_MASS_MATCHED,NIGHT16E_BYTE_EXACT_UNLABELED_START__UNIFORM_MASS_MATCHED,989,"[51, 820, 250, 824, 113, 411, 31]","[51, 820, 250, 824, 113, 411, 31]",1,,0.6276870805872751,0.2193534353130288,0.5138683366353416,88f57f0f5a8c8801cf03b0debdcf38697479b6d05777b501f02be23b4468c9ed,7,HUMAN_HIPPOCAMPUS_K7,31,31,0.7724145027875944,2500,2500,0.9031517566188474,749629d1c238fedef18f76454a433fd8c9702eef6ba06abdda9fdba895ed6e70,NIGHT16E_BYTE_EXACT_UNLABELED_START,0,PRIMARY_AUTHORITY_OR_MEDOID,PASS,DEVELOPMENT_ATTRIBUTION_BYTE_EXACT_PARENT_START_AND_PARENT_NUMERICAL_BOUNDARY,0.5462274080711581,0.17243830300867558
0.5116688518683492,0.5450528459768947,0.5429769651904505,PERMUTED_SUPPORT,NIGHT16E_BYTE_EXACT_UNLABELED_START__PERMUTED_SUPPORT,987,"[51, 820, 249, 824, 116, 409, 31]","[51, 820, 249, 824, 116, 409, 31]",1,,0.6270118489126855,0.22285215858319374,0.512972194210552,88f57f0f5a8c8801cf03b0debdcf38697479b6d05777b501f02be23b4468c9ed,7,HUMAN_HIPPOCAMPUS_K7,31,31,0.7689752309950598,2500,2500,0.9014768531595724,4436fae004243bbb248a41630256b4f9ec6f7b24415d49b5ff7e6a742ff324eb,NIGHT16E_BYTE_EXACT_UNLABELED_START,0,PRIMARY_AUTHORITY_OR_MEDOID,PASS,DEVELOPMENT_ATTRIBUTION_BYTE_EXACT_PARENT_START_AND_PARENT_NUMERICAL_BOUNDARY,0.5450528459768947,0.30562516674399376
0.4966339344442906,0.5361287503727978,0.5340309298098213,RNA_ONLY_SUPPORT,NIGHT16E_BYTE_EXACT_UNLABELED_START__RNA_ONLY_SUPPORT,968,"[51, 795, 246, 822, 141, 410, 35]","[51, 795, 246, 822, 141, 410, 35]",1,,0.6134305388777218,0.23249965357368158,0.5080246411023125,88f57f0f5a8c8801cf03b0debdcf38697479b6d05777b501f02be23b4468c9ed,7,HUMAN_HIPPOCAMPUS_K7,35,35,0.759829180336415,2500,2500,0.8940073595922784,8dd3ec303a719bda2d92d65ce9a78c78f127e729e8575d9b2b098679331aefa6,NIGHT16E_BYTE_EXACT_UNLABELED_START,0,PRIMARY_AUTHORITY_OR_MEDOID,PASS,DEVELOPMENT_ATTRIBUTION_BYTE_EXACT_PARENT_START_AND_PARENT_NUMERICAL_BOUNDARY,0.5361287503727978,0.19422760047018528
0.537151828352722,0.5533337171679058,0.5512863180559774,ATAC_ONLY_SUPPORT,NIGHT16E_BYTE_EXACT_UNLABELED_START__ATAC_ONLY_SUPPORT,954,"[51, 849, 209, 827, 120, 412, 32]","[51, 849, 209, 827, 120, 412, 32]",1,,0.6487062520597716,0.2411197612364347,0.5183138756586547,88f57f0f5a8c8801cf03b0debdcf38697479b6d05777b501f02be23b4468c9ed,7,HUMAN_HIPPOCAMPUS_K7,32,32,0.7504674101231972,2500,2500,0.8930757057673435,6517705bba88aefc7d96fadf59c13a702ee6f05aa14027a921385fa97b39f8e5,NIGHT16E_BYTE_EXACT_UNLABELED_START,0,PRIMARY_AUTHORITY_OR_MEDOID,PASS,DEVELOPMENT_ATTRIBUTION_BYTE_EXACT_PARENT_START_AND_PARENT_NUMERICAL_BOUNDARY,0.5533337171679058,0.18228713609278202
0.5155650158912327,0.5096793712429872,0.5074898351109987,FULL_TSRE,NIGHT16E_BYTE_EXACT_UNLABELED_START__FULL_TSRE,831,"[51, 829, 231, 736, 151, 450, 52]","[51, 829, 231, 736, 151, 450, 52]",1,,0.625789803281767,0.2812367176189493,0.4870947583208362,88f57f0f5a8c8801cf03b0debdcf38697479b6d05777b501f02be23b4468c9ed,7,HUMAN_HIPPOCAMPUS_K7,51,51,0.7057918413004254,2500,2500,0.8500436717457507,a5ae9d4b652b12ea1f3427dfcc66cf320425cbc954ecb8642aa26a83bc08dc2b,NIGHT16E_BYTE_EXACT_UNLABELED_START,0,PRIMARY_AUTHORITY_OR_MEDOID,PASS,DEVELOPMENT_ATTRIBUTION_BYTE_EXACT_PARENT_START_AND_PARENT_NUMERICAL_BOUNDARY,0.5096793712429871,0.21051870100200176
0.5448772370426253,0.5577946770986344,0.5557660205904953,RELATION_STAY_OFF_BASE_STAY_ON,NIGHT16E_BYTE_EXACT_UNLABELED_START__RELATION_STAY_OFF_BASE_STAY_ON,956,"[51, 857, 212, 823, 113, 411, 33]","[51, 857, 212, 823, 113, 411, 33]",1,,0.6549801608897293,0.2425347517313035,0.5220218191262374,88f57f0f5a8c8801cf03b0debdcf38697479b6d05777b501f02be23b4468c9ed,7,HUMAN_HIPPOCAMPUS_K7,33,33,0.749023832084566,2500,2500,0.8931927223709496,38304677a026b0b4064c51e8f4e717eb495f6b0ba8de84bd65ddea829f2d1558,NIGHT16E_BYTE_EXACT_UNLABELED_START,0,PRIMARY_AUTHORITY_OR_MEDOID,PASS,DEVELOPMENT_ATTRIBUTION_BYTE_EXACT_PARENT_START_AND_PARENT_NUMERICAL_BOUNDARY,0.5577946770986343,0.24318320490419865
0.5155650158912327,0.5096793712429872,0.5074898351109987,BOUNDARY_OFF,NIGHT16E_BYTE_EXACT_UNLABELED_START__BOUNDARY_OFF,831,"[51, 829, 231, 736, 151, 450, 52]","[51, 829, 231, 736, 151, 450, 52]",1,,0.625789803281767,0.2812367176189493,0.4870947583208362,88f57f0f5a8c8801cf03b0debdcf38697479b6d05777b501f02be23b4468c9ed,7,HUMAN_HIPPOCAMPUS_K7,51,51,0.7057918413004254,2500,2500,0.8500436717457507,a5ae9d4b652b12ea1f3427dfcc66cf320425cbc954ecb8642aa26a83bc08dc2b,NIGHT16E_BYTE_EXACT_UNLABELED_START,0,PRIMARY_AUTHORITY_OR_MEDOID,PASS,DEVELOPMENT_ATTRIBUTION_BYTE_EXACT_PARENT_START_AND_PARENT_NUMERICAL_BOUNDARY,0.5096793712429871,0.20945343002676964
0.5155650158912327,0.5096793712429872,0.5074898351109987,PRIVATE_CONFLICT_OFF,NIGHT16E_BYTE_EXACT_UNLABELED_START__PRIVATE_CONFLICT_OFF,831,"[51, 829, 231, 736, 151, 450, 52]","[51, 829, 231, 736, 151, 450, 52]",1,,0.625789803281767,0.2812367176189493,0.4870947583208362,88f57f0f5a8c8801cf03b0debdcf38697479b6d05777b501f02be23b4468c9ed,7,HUMAN_HIPPOCAMPUS_K7,51,51,0.7057918413004254,2500,2500,0.8500436717457507,a5ae9d4b652b12ea1f3427dfcc66cf320425cbc954ecb8642aa26a83bc08dc2b,NIGHT16E_BYTE_EXACT_UNLABELED_START,0,PRIMARY_AUTHORITY_OR_MEDOID,PASS,DEVELOPMENT_ATTRIBUTION_BYTE_EXACT_PARENT_START_AND_PARENT_NUMERICAL_BOUNDARY,0.5096793712429871,0.2195752076804638
0.24168287168248687,0.3253195953108135,0.32241117808235664,PURE_SUPPORT,NIGHT16E_BYTE_EXACT_UNLABELED_START__PURE_SUPPORT,237,"[51, 562, 186, 806, 376, 424, 95]","[51, 562, 186, 806, 376, 424, 95]",1,,0.4015898525558806,0.5100909341866082,0.3201740524467994,88f57f0f5a8c8801cf03b0debdcf38697479b6d05777b501f02be23b4468c9ed,7,HUMAN_HIPPOCAMPUS_K7,51,51,0.4830792315795846,2500,2500,0.5881795676257027,972ac6a6733c83351f06471c67464615c0dc4948c28374d795b010bc1b0f90ef,NIGHT16E_BYTE_EXACT_UNLABELED_START,0,PRIMARY_AUTHORITY_OR_MEDOID,PASS,DEVELOPMENT_ATTRIBUTION_BYTE_EXACT_PARENT_START_AND_PARENT_NUMERICAL_BOUNDARY,0.32531959531081345,0.18986468948423862
0.1355350794449897,0.23737836542863225,0.23405255814737672,INPUT_START,KMEANS_RETAINED_S0__INPUT_START,0,"[491, 58, 482, 163, 325, 80, 901]","[491, 58, 482, 163, 325, 80, 901]",1,,0.3242942247341744,0.6639475172156063,0.2310453505370321,28678354c300dc08f6c2af7ccc912e5bf19d0b19693ef23f2da96e309c0aee5d,7,HUMAN_HIPPOCAMPUS_K7,58,58,0.33065010133545847,2500,2500,0.4407391766607228,28678354c300dc08f6c2af7ccc912e5bf19d0b19693ef23f2da96e309c0aee5d,KMEANS_RETAINED_S0,1,ROBUSTNESS_KMEANS_SEED,PASS,DEVELOPMENT_ATTRIBUTION_BYTE_EXACT_PARENT_START_AND_PARENT_NUMERICAL_BOUNDARY,0.23737836542863225,0.0001729242503643036
0.40268697411303417,0.4540624215109914,0.45135610926626246,DIRECT_BASE,KMEANS_RETAINED_S0__DIRECT_BASE,1152,"[982, 59, 89, 207, 2, 21, 1140]","[982, 59, 89, 207, 2, 21, 1140]",1,,0.5855757176386005,0.3161884382371884,0.38172463394917727,28678354c300dc08f6c2af7ccc912e5bf19d0b19693ef23f2da96e309c0aee5d,7,HUMAN_HIPPOCAMPUS_K7,2,2,0.6787830450336203,2500,2500,0.916796555563118,c3cec2ede0c310e03c80bbc923be5bcf0ea366e26290da754d883f127a04ef46,KMEANS_RETAINED_S0,1,ROBUSTNESS_KMEANS_SEED,PASS,DEVELOPMENT_ATTRIBUTION_BYTE_EXACT_PARENT_START_AND_PARENT_NUMERICAL_BOUNDARY,0.4540624215109914,0.2418788131326437
0.5674188550759431,0.5505456409907387,0.5484698028313201,BIMODAL_SUPPORT,KMEANS_RETAINED_S0__BIMODAL_SUPPORT,998,"[875, 59, 476, 210, 56, 42, 782]","[875, 59, 476, 210, 56, 42, 782]",1,,0.6731110159219967,0.2787591274331728,0.5123350156904067,28678354c300dc08f6c2af7ccc912e5bf19d0b19693ef23f2da96e309c0aee5d,7,HUMAN_HIPPOCAMPUS_K7,42,42,0.7139779271612517,2500,2500,0.8833151787589564,e2919638eab0c53cb7a3e66dacdeee0787ba725388d1e8f0fb5cc519f6273eff,KMEANS_RETAINED_S0,1,ROBUSTNESS_KMEANS_SEED,PASS,DEVELOPMENT_ATTRIBUTION_BYTE_EXACT_PARENT_START_AND_PARENT_NUMERICAL_BOUNDARY,0.5505456409907387,0.17339541018009186
0.5727354282776732,0.5600655047653899,0.5580121088436922,UNIFORM_MASS_MATCHED,KMEANS_RETAINED_S0__UNIFORM_MASS_MATCHED,1003,"[883, 59, 471, 204, 46, 36, 801]","[883, 59, 471, 204, 46, 36, 801]",1,,0.679039950572211,0.26605216737391346,0.5175237229282452,28678354c300dc08f6c2af7ccc912e5bf19d0b19693ef23f2da96e309c0aee5d,7,HUMAN_HIPPOCAMPUS_K7,36,36,0.7270054840032671,2500,2500,0.8909521967363383,6012b0273c4478abd614bc6851ba6f5bb3138fde694205369e1e32da0e551551,KMEANS_RETAINED_S0,1,ROBUSTNESS_KMEANS_SEED,PASS,DEVELOPMENT_ATTRIBUTION_BYTE_EXACT_PARENT_START_AND_PARENT_NUMERICAL_BOUNDARY,0.56006550476539,0.16857042349874973
0.5704433319568343,0.5596164027339946,0.557557957305447,PERMUTED_SUPPORT,KMEANS_RETAINED_S0__PERMUTED_SUPPORT,1009,"[880, 59, 470, 207, 45, 34, 805]","[880, 59, 470, 207, 45, 34, 805]",1,,0.6773355973908577,0.265407720144901,0.5167672932242074,28678354c300dc08f6c2af7ccc912e5bf19d0b19693ef23f2da96e309c0aee5d,7,HUMAN_HIPPOCAMPUS_K7,34,34,0.7284435908062832,2500,2500,0.8916983202670928,686425649741e601923443be153bca80d13519a62bcc624c183d7df146bb3d56,KMEANS_RETAINED_S0,1,ROBUSTNESS_KMEANS_SEED,PASS,DEVELOPMENT_ATTRIBUTION_BYTE_EXACT_PARENT_START_AND_PARENT_NUMERICAL_BOUNDARY,0.5596164027339945,0.2918694503605366
0.5689838859767165,0.5545901158119996,0.5525327662321333,RNA_ONLY_SUPPORT,KMEANS_RETAINED_S0__RNA_ONLY_SUPPORT,994,"[878, 60, 472, 212, 56, 41, 781]","[878, 60, 472, 212, 56, 41, 781]",1,,0.6743592192508584,0.2766403706067685,0.5160933101678603,28678354c300dc08f6c2af7ccc912e5bf19d0b19693ef23f2da96e309c0aee5d,7,HUMAN_HIPPOCAMPUS_K7,41,41,0.7161077877404206,2500,2500,0.8830102293167017,f9167f0a6f973b38e42d7f1affda1b05ba9379958f8c55bb2e1d7c5ac22a9fc1,KMEANS_RETAINED_S0,1,ROBUSTNESS_KMEANS_SEED,PASS,DEVELOPMENT_ATTRIBUTION_BYTE_EXACT_PARENT_START_AND_PARENT_NUMERICAL_BOUNDARY,0.5545901158119997,0.1732819862663746
0.567758523855675,0.553088128544968,0.5510293004223538,ATAC_ONLY_SUPPORT,KMEANS_RETAINED_S0__ATAC_ONLY_SUPPORT,992,"[871, 59, 475, 207, 64, 41, 783]","[871, 59, 475, 207, 64, 41, 783]",1,,0.6730290646577088,0.27882327447695315,0.5155656158530866,28678354c300dc08f6c2af7ccc912e5bf19d0b19693ef23f2da96e309c0aee5d,7,HUMAN_HIPPOCAMPUS_K7,41,41,0.7141549409325975,2500,2500,0.8811008872609806,f71cc5586f645601fb54709857c066948da0fbead996324a753858847e80df85,KMEANS_RETAINED_S0,1,ROBUSTNESS_KMEANS_SEED,PASS,DEVELOPMENT_ATTRIBUTION_BYTE_EXACT_PARENT_START_AND_PARENT_NUMERICAL_BOUNDARY,0.5530881285449679,0.1865389347076416
0.12161142408795511,0.22654651497716655,0.22284115708790989,INPUT_START,KMEANS_RETAINED_S1__INPUT_START,0,"[43, 167, 934, 45, 19, 733, 559]","[43, 167, 934, 45, 19, 733, 559]",1,,0.3354672702144449,0.6218277807933893,0.205970892154885,821dc5f5f17409454fed6d653d2f9e2ce30f8e7d8fe56a620a2050f33ca29f4a,7,HUMAN_HIPPOCAMPUS_K7,19,19,0.3687490695484647,2500,2500,0.4927239959526694,821dc5f5f17409454fed6d653d2f9e2ce30f8e7d8fe56a620a2050f33ca29f4a,KMEANS_RETAINED_S1,2,ROBUSTNESS_KMEANS_SEED,PASS,DEVELOPMENT_ATTRIBUTION_BYTE_EXACT_PARENT_START_AND_PARENT_NUMERICAL_BOUNDARY,0.22654651497716655,0.0002023540437221527
0.05408658077605216,0.1698609672132596,0.16372028449774864,DIRECT_BASE,KMEANS_RETAINED_S1__DIRECT_BASE,1743,"[48, 12, 6, 20, 17, 101, 2296]","[48, 12, 6, 20, 17, 101, 2296]",1,,0.4653002807290715,0.40396622368105334,0.1042971421061976,821dc5f5f17409454fed6d653d2f9e2ce30f8e7d8fe56a620a2050f33ca29f4a,7,HUMAN_HIPPOCAMPUS_K7,6,6,0.559716969809039,2500,2500,0.9624826957335543,b46b9718e78549334d93f032ee4922cadfd9e01b1c10dbef75043286d1cd348d,KMEANS_RETAINED_S1,2,ROBUSTNESS_KMEANS_SEED,PASS,DEVELOPMENT_ATTRIBUTION_BYTE_EXACT_PARENT_START_AND_PARENT_NUMERICAL_BOUNDARY,0.16986096721325963,0.13373496383428574
0.5643888240467454,0.5656654668633557,0.5635807731767438,BIMODAL_SUPPORT,KMEANS_RETAINED_S1__BIMODAL_SUPPORT,912,"[48, 213, 813, 30, 18, 486, 892]","[48, 213, 813, 30, 18, 486, 892]",1,,0.6752592873365139,0.29617880139283104,0.5148092933851908,821dc5f5f17409454fed6d653d2f9e2ce30f8e7d8fe56a620a2050f33ca29f4a,7,HUMAN_HIPPOCAMPUS_K7,18,18,0.6928785239551015,2500,2500,0.9002480617121007,e92c27380f28e13f837ecb6a15cd19e0971812bb1317c747870c547b54494200,KMEANS_RETAINED_S1,2,ROBUSTNESS_KMEANS_SEED,PASS,DEVELOPMENT_ATTRIBUTION_BYTE_EXACT_PARENT_START_AND_PARENT_NUMERICAL_BOUNDARY,0.5656654668633557,0.16441856510937214
0.3717507105559086,0.4279486179089102,0.4250318254116942,UNIFORM_MASS_MATCHED,KMEANS_RETAINED_S1__UNIFORM_MASS_MATCHED,1520,"[48, 791, 41, 113, 25, 193, 1289]","[48, 791, 41, 113, 25, 193, 1289]",1,,0.5633807204371707,0.28233276062232465,0.36571409431223384,821dc5f5f17409454fed6d653d2f9e2ce30f8e7d8fe56a620a2050f33ca29f4a,7,HUMAN_HIPPOCAMPUS_K7,25,25,0.7019474454058213,2500,2500,0.9162772661373428,d210474e2bb237a02c879fabb188934c648ef47b6ec11513e6545cb3f0207416,KMEANS_RETAINED_S1,2,ROBUSTNESS_KMEANS_SEED,PASS,DEVELOPMENT_ATTRIBUTION_BYTE_EXACT_PARENT_START_AND_PARENT_NUMERICAL_BOUNDARY,0.42794861790891026,0.19844455644488335
0.45857042910576734,0.49688259191348794,0.4943885625754928,PERMUTED_SUPPORT,KMEANS_RETAINED_S1__PERMUTED_SUPPORT,944,"[48, 273, 1033, 29, 19, 179, 919]","[48, 273, 1033, 29, 19, 179, 919]",1,,0.610207366949814,0.30713852417047216,0.43829581544228985,821dc5f5f17409454fed6d653d2f9e2ce30f8e7d8fe56a620a2050f33ca29f4a,7,HUMAN_HIPPOCAMPUS_K7,19,19,0.6832336253938532,2500,2500,0.8884385630172384,9028098d44649e1651e74db0244fb81f3678eaf6d9a3f284bfd77a647db2a7c8,KMEANS_RETAINED_S1,2,ROBUSTNESS_KMEANS_SEED,PASS,DEVELOPMENT_ATTRIBUTION_BYTE_EXACT_PARENT_START_AND_PARENT_NUMERICAL_BOUNDARY,0.49688259191348794,0.3015446588397026
0.45651984017014136,0.49435299032237723,0.491849501056863,RNA_ONLY_SUPPORT,KMEANS_RETAINED_S1__RNA_ONLY_SUPPORT,943,"[48, 275, 1026, 30, 19, 179, 923]","[48, 275, 1026, 30, 19, 179, 923]",1,,0.6082879225183202,0.30801411442020626,0.43644245131958487,821dc5f5f17409454fed6d653d2f9e2ce30f8e7d8fe56a620a2050f33ca29f4a,7,HUMAN_HIPPOCAMPUS_K7,19,19,0.6824097408609161,2500,2500,0.8872419139076767,7ac4e9d0cd51f7e0aa7d6f94081a5d0d1da63c5b3d3774829dc656ccdb66f9c2,KMEANS_RETAINED_S1,2,ROBUSTNESS_KMEANS_SEED,PASS,DEVELOPMENT_ATTRIBUTION_BYTE_EXACT_PARENT_START_AND_PARENT_NUMERICAL_BOUNDARY,0.4943529903223772,0.17383965477347374
0.5656397052970038,0.569713694533118,0.5676408481840446,ATAC_ONLY_SUPPORT,KMEANS_RETAINED_S1__ATAC_ONLY_SUPPORT,917,"[48, 204, 821, 30, 18, 462, 917]","[48, 204, 821, 30, 18, 462, 917]",1,,0.6779372518773156,0.2972535228121793,0.5166645117084548,821dc5f5f17409454fed6d653d2f9e2ce30f8e7d8fe56a620a2050f33ca29f4a,7,HUMAN_HIPPOCAMPUS_K7,18,18,0.6919095286139061,2500,2500,0.9009602961205366,2509a645cde0e70577f9cc419c71a2b2d4394d227e89536e7a6a94a3761336b7,KMEANS_RETAINED_S1,2,ROBUSTNESS_KMEANS_SEED,PASS,DEVELOPMENT_ATTRIBUTION_BYTE_EXACT_PARENT_START_AND_PARENT_NUMERICAL_BOUNDARY,0.569713694533118,0.1753510721027851
0.1071998555028884,0.20172159367165102,0.19830510148604602,INPUT_START,KMEANS_RETAINED_S2__INPUT_START,0,"[468, 831, 381, 168, 447, 46, 159]","[468, 831, 381, 168, 447, 46, 159]",1,,0.2938402531731581,0.6830770815112458,0.19975941190952234,1903d51074e39d0b578b8b3124ffea3391849f0ba47d9c839cd594d504f82ac9,7,HUMAN_HIPPOCAMPUS_K7,46,46,0.3101358944663411,2500,2500,0.3892190335071366,1903d51074e39d0b578b8b3124ffea3391849f0ba47d9c839cd594d504f82ac9,KMEANS_RETAINED_S2,3,ROBUSTNESS_KMEANS_SEED,PASS,DEVELOPMENT_ATTRIBUTION_BYTE_EXACT_PARENT_START_AND_PARENT_NUMERICAL_BOUNDARY,0.201721593671651,0.00017952919006347656
0.10842758470468158,0.20394159000448053,0.20054335718681418,DIRECT_BASE,KMEANS_RETAINED_S2__DIRECT_BASE,5,"[467, 827, 381, 168, 447, 51, 159]","[467, 827, 381, 168, 447, 51, 159]",1,,0.29430597220923754,0.6741315866404756,0.20227746516701273,1903d51074e39d0b578b8b3124ffea3391849f0ba47d9c839cd594d504f82ac9,7,HUMAN_HIPPOCAMPUS_K7,51,51,0.31906467637161917,2500,2500,0.39127970203292906,30db4026de1bded65b40a1e58da5ecc3942d91532ba4cf6090941a1654b224fa,KMEANS_RETAINED_S2,3,ROBUSTNESS_KMEANS_SEED,PASS,DEVELOPMENT_ATTRIBUTION_BYTE_EXACT_PARENT_START_AND_PARENT_NUMERICAL_BOUNDARY,0.20394159000448053,0.10526680015027523
0.5173954052993526,0.5159472580726874,0.5137575821371886,BIMODAL_SUPPORT,KMEANS_RETAINED_S2__BIMODAL_SUPPORT,1281,"[412, 641, 2, 74, 1095, 51, 225]","[412, 641, 2, 74, 1095, 51, 225]",1,,0.6445073282548099,0.2990643802805105,0.4677762447336307,1903d51074e39d0b578b8b3124ffea3391849f0ba47d9c839cd594d504f82ac9,7,HUMAN_HIPPOCAMPUS_K7,2,2,0.6922156352757217,2500,2500,0.909595939629862,c59dfa8c3f3f1eb7593d04fc1648f69cb8fb89621573809651914d2ed762dfec,KMEANS_RETAINED_S2,3,ROBUSTNESS_KMEANS_SEED,PASS,DEVELOPMENT_ATTRIBUTION_BYTE_EXACT_PARENT_START_AND_PARENT_NUMERICAL_BOUNDARY,0.5159472580726874,0.21145709976553917
0.5114336459272468,0.5298200841317616,0.5276210741379799,UNIFORM_MASS_MATCHED,KMEANS_RETAINED_S2__UNIFORM_MASS_MATCHED,1320,"[406, 613, 2, 74, 1240, 51, 114]","[406, 613, 2, 74, 1240, 51, 114]",1,,0.6552348485774081,0.2926076845407888,0.4657320019076492,1903d51074e39d0b578b8b3124ffea3391849f0ba47d9c839cd594d504f82ac9,7,HUMAN_HIPPOCAMPUS_K7,2,2,0.6788178007151561,2500,2500,0.9201458570723224,029f6ab95ec670ec87cc8ab2526a7dca60a50fc269e005012363b737708fdc1c,KMEANS_RETAINED_S2,3,ROBUSTNESS_KMEANS_SEED,PASS,DEVELOPMENT_ATTRIBUTION_BYTE_EXACT_PARENT_START_AND_PARENT_NUMERICAL_BOUNDARY,0.5298200841317616,0.21949393674731255
0.510390224123675,0.5210246653825367,0.5188433499131345,PERMUTED_SUPPORT,KMEANS_RETAINED_S2__PERMUTED_SUPPORT,1307,"[398, 614, 2, 74, 1149, 51, 212]","[398, 614, 2, 74, 1149, 51, 212]",1,,0.6431713754944557,0.29552576051782087,0.4693088465891378,1903d51074e39d0b578b8b3124ffea3391849f0ba47d9c839cd594d504f82ac9,7,HUMAN_HIPPOCAMPUS_K7,2,2,0.6952430276255673,2500,2500,0.9143834253018778,27d30f79bbd6357e4b109bcd6cf0d458d429e81adfa4c8ccae0d20f45a6b9bf5,KMEANS_RETAINED_S2,3,ROBUSTNESS_KMEANS_SEED,PASS,DEVELOPMENT_ATTRIBUTION_BYTE_EXACT_PARENT_START_AND_PARENT_NUMERICAL_BOUNDARY,0.5210246653825367,0.33426704071462154
0.5107363824186582,0.510487608095678,0.5083454640555549,RNA_ONLY_SUPPORT,KMEANS_RETAINED_S2__RNA_ONLY_SUPPORT,1285,"[406, 630, 1, 78, 1124, 51, 210]","[406, 630, 1, 78, 1124, 51, 210]",1,,0.6416623177183886,0.2993439234798364,0.4609196326411162,1903d51074e39d0b578b8b3124ffea3391849f0ba47d9c839cd594d504f82ac9,7,HUMAN_HIPPOCAMPUS_K7,1,1,0.6897499537376309,2500,2500,0.9100981245676172,01d08290972894c1e13f730bbb76d3ca319023d214f3982c1abb54a91dfbe080,KMEANS_RETAINED_S2,3,ROBUSTNESS_KMEANS_SEED,PASS,DEVELOPMENT_ATTRIBUTION_BYTE_EXACT_PARENT_START_AND_PARENT_NUMERICAL_BOUNDARY,0.5104876080956781,0.2114951629191637
0.5357904474551011,0.5222561334319229,0.5200602089071628,ATAC_ONLY_SUPPORT,KMEANS_RETAINED_S2__ATAC_ONLY_SUPPORT,1302,"[454, 596, 3, 75, 1090, 51, 231]","[454, 596, 3, 75, 1090, 51, 231]",1,,0.6570815604544192,0.3055818313594731,0.4753858109608781,1903d51074e39d0b578b8b3124ffea3391849f0ba47d9c839cd594d504f82ac9,7,HUMAN_HIPPOCAMPUS_K7,3,3,0.6885422230850125,2500,2500,0.909312027504814,51689e766d9228303dd92076b38f684cc0bd7756f4a660ca44660321537b7483,KMEANS_RETAINED_S2,3,ROBUSTNESS_KMEANS_SEED,PASS,DEVELOPMENT_ATTRIBUTION_BYTE_EXACT_PARENT_START_AND_PARENT_NUMERICAL_BOUNDARY,0.522256133431923,0.22798027098178864
0.1327168023891217,0.22154661909387421,0.21816983523821878,INPUT_START,KMEANS_RETAINED_S3__INPUT_START,0,"[832, 431, 156, 473, 469, 93, 46]","[832, 431, 156, 473, 469, 93, 46]",1,,0.3172483417296022,0.6630028210515441,0.21701859022548858,b5704159e83658e60f6dcfca8d3f7c8c7e65c01fce74f60fd0271ab2e55a4e82,7,HUMAN_HIPPOCAMPUS_K7,46,46,0.33041643843284696,2500,2500,0.41617196262886313,b5704159e83658e60f6dcfca8d3f7c8c7e65c01fce74f60fd0271ab2e55a4e82,KMEANS_RETAINED_S3,4,ROBUSTNESS_KMEANS_SEED,PASS,DEVELOPMENT_ATTRIBUTION_BYTE_EXACT_PARENT_START_AND_PARENT_NUMERICAL_BOUNDARY,0.22154661909387421,0.00018375366926193237
0.23103877965540923,0.42618244242236925,0.4234740253061733,DIRECT_BASE,KMEANS_RETAINED_S3__DIRECT_BASE,1429,"[1343, 1, 665, 424, 2, 19, 46]","[1343, 1, 665, 424, 2, 19, 46]",1,,0.46117817338436445,0.36026654078974735,0.3487236176354284,b5704159e83658e60f6dcfca8d3f7c8c7e65c01fce74f60fd0271ab2e55a4e82,7,HUMAN_HIPPOCAMPUS_K7,1,1,0.5828823610271271,2500,2500,0.9446524544596279,6aa74b614eb670c5b1b0cbc69c0ca85d6e344819efeeae6ae00999713394d87b,KMEANS_RETAINED_S3,4,ROBUSTNESS_KMEANS_SEED,PASS,DEVELOPMENT_ATTRIBUTION_BYTE_EXACT_PARENT_START_AND_PARENT_NUMERICAL_BOUNDARY,0.4261824424223693,0.2727304957807064
0.5654545922485111,0.5694911981127403,0.5674326885767381,BIMODAL_SUPPORT,KMEANS_RETAINED_S3__BIMODAL_SUPPORT,1083,"[818, 9, 227, 437, 917, 41, 51]","[818, 9, 227, 437, 917, 41, 51]",1,,0.6768936587025953,0.30388860831003445,0.5178770360984314,b5704159e83658e60f6dcfca8d3f7c8c7e65c01fce74f60fd0271ab2e55a4e82,7,HUMAN_HIPPOCAMPUS_K7,9,9,0.6883031413877233,2500,2500,0.8973400391549816,2afe2129c36fe70795a95d6f124ef34914849fc198e69351d33a7a4952e111fe,KMEANS_RETAINED_S3,4,ROBUSTNESS_KMEANS_SEED,PASS,DEVELOPMENT_ATTRIBUTION_BYTE_EXACT_PARENT_START_AND_PARENT_NUMERICAL_BOUNDARY,0.5694911981127403,0.21435219794511795
0.2152955837367012,0.4172325557456868,0.4145042302979876,UNIFORM_MASS_MATCHED,KMEANS_RETAINED_S3__UNIFORM_MASS_MATCHED,1386,"[1384, 1, 605, 429, 2, 33, 46]","[1384, 1, 605, 429, 2, 33, 46]",1,,0.45158692537509043,0.37665396255047334,0.3421467603752138,b5704159e83658e60f6dcfca8d3f7c8c7e65c01fce74f60fd0271ab2e55a4e82,7,HUMAN_HIPPOCAMPUS_K7,1,1,0.5678285029560228,2500,2500,0.9335705894842342,4ff4b7d834a380971ae61ca586fac252b79968548f9eb66e2c0022cc26715a10,KMEANS_RETAINED_S3,4,ROBUSTNESS_KMEANS_SEED,PASS,DEVELOPMENT_ATTRIBUTION_BYTE_EXACT_PARENT_START_AND_PARENT_NUMERICAL_BOUNDARY,0.4172325557456868,0.2079111635684967
0.21830026909336586,0.41885451990405836,0.41613755478032605,PERMUTED_SUPPORT,KMEANS_RETAINED_S3__PERMUTED_SUPPORT,1389,"[1372, 1, 617, 429, 2, 33, 46]","[1372, 1, 617, 429, 2, 33, 46]",1,,0.45278031514875827,0.3762597576148749,0.34394716683369386,b5704159e83658e60f6dcfca8d3f7c8c7e65c01fce74f60fd0271ab2e55a4e82,7,HUMAN_HIPPOCAMPUS_K7,1,1,0.5681717826558002,2500,2500,0.9338570229383811,2bd21ead6148e926179d8e9c2abf4337f4a4ad3cb395d956d982945be8b8c3dd,KMEANS_RETAINED_S3,4,ROBUSTNESS_KMEANS_SEED,PASS,DEVELOPMENT_ATTRIBUTION_BYTE_EXACT_PARENT_START_AND_PARENT_NUMERICAL_BOUNDARY,0.4188545199040583,0.35990598797798157
0.5646589266511058,0.5700996792567753,0.5680443201729125,RNA_ONLY_SUPPORT,KMEANS_RETAINED_S3__RNA_ONLY_SUPPORT,1087,"[822, 9, 226, 433, 917, 42, 51]","[822, 9, 226, 433, 917, 42, 51]",1,,0.6764282673017067,0.3038185036087936,0.5183753518057552,b5704159e83658e60f6dcfca8d3f7c8c7e65c01fce74f60fd0271ab2e55a4e82,7,HUMAN_HIPPOCAMPUS_K7,9,9,0.6884739160718067,2500,2500,0.8979724853433356,fbcff3b176984632e537e1a63d33daab4d1655fdc3e2660073f9b8120c74985e,KMEANS_RETAINED_S3,4,ROBUSTNESS_KMEANS_SEED,PASS,DEVELOPMENT_ATTRIBUTION_BYTE_EXACT_PARENT_START_AND_PARENT_NUMERICAL_BOUNDARY,0.5700996792567753,0.20217529870569706
0.6345914320663634,0.5899949334220079,0.5881700005405646,ATAC_ONLY_SUPPORT,KMEANS_RETAINED_S3__ATAC_ONLY_SUPPORT,1123,"[660, 259, 205, 422, 865, 38, 51]","[660, 259, 205, 422, 865, 38, 51]",1,,0.7168197960092418,0.21295467149948535,0.5668861950710218,b5704159e83658e60f6dcfca8d3f7c8c7e65c01fce74f60fd0271ab2e55a4e82,7,HUMAN_HIPPOCAMPUS_K7,38,38,0.7768130352716162,2500,2500,0.8986424258334083,0f8e7fe77957b762bf4fe0caebd08fe529da1f07eb1350e7518910bb065aa27f,KMEANS_RETAINED_S3,4,ROBUSTNESS_KMEANS_SEED,PASS,DEVELOPMENT_ATTRIBUTION_BYTE_EXACT_PARENT_START_AND_PARENT_NUMERICAL_BOUNDARY,0.5899949334220079,0.201033316552639
0.12692392876534922,0.2233433996647415,0.21997228299293195,INPUT_START,KMEANS_RETAINED_S4__INPUT_START,0,"[89, 58, 350, 864, 153, 516, 470]","[89, 58, 350, 864, 153, 516, 470]",1,,0.3150480740286854,0.6749917276487931,0.21827320236519393,e23e97ae837ea3384aabe70be0dd82e9f1960a54ef77ca8ec69fca09ef652c6e,7,HUMAN_HIPPOCAMPUS_K7,58,58,0.31966516984873755,2500,2500,0.42355670793273964,e23e97ae837ea3384aabe70be0dd82e9f1960a54ef77ca8ec69fca09ef652c6e,KMEANS_RETAINED_S4,5,ROBUSTNESS_KMEANS_SEED,PASS,DEVELOPMENT_ATTRIBUTION_BYTE_EXACT_PARENT_START_AND_PARENT_NUMERICAL_BOUNDARY,0.22334339966474148,0.00017999671399593353
0.3987121995209813,0.42929191577721115,0.42659763972736064,DIRECT_BASE,KMEANS_RETAINED_S4__DIRECT_BASE,1244,"[21, 60, 1, 961, 275, 1097, 85]","[21, 60, 1, 961, 275, 1097, 85]",1,,0.5761380472023333,0.33150807310794,0.36523338061159355,e23e97ae837ea3384aabe70be0dd82e9f1960a54ef77ca8ec69fca09ef652c6e,7,HUMAN_HIPPOCAMPUS_K7,1,1,0.6643812073920777,2500,2500,0.9224658096697541,42f4bf68b1b5633d1cddb09ea76df3e5a915566e7df606d98af096cbc613e10e,KMEANS_RETAINED_S4,5,ROBUSTNESS_KMEANS_SEED,PASS,DEVELOPMENT_ATTRIBUTION_BYTE_EXACT_PARENT_START_AND_PARENT_NUMERICAL_BOUNDARY,0.42929191577721115,0.17481729201972485
0.5984432096122873,0.5764504186308125,0.5745610532816875,BIMODAL_SUPPORT,KMEANS_RETAINED_S4__BIMODAL_SUPPORT,1107,"[36, 59, 284, 649, 161, 880, 431]","[36, 59, 284, 649, 161, 880, 431]",1,,0.6893836418217091,0.22483053827637361,0.5525087386564628,e23e97ae837ea3384aabe70be0dd82e9f1960a54ef77ca8ec69fca09ef652c6e,7,HUMAN_HIPPOCAMPUS_K7,36,36,0.7673490696439316,2500,2500,0.8959874773052859,fd72b211b7732ccd0c6ecbf47581baf8dbd99340ea1028d032cbbdc824c2e6df,KMEANS_RETAINED_S4,5,ROBUSTNESS_KMEANS_SEED,PASS,DEVELOPMENT_ATTRIBUTION_BYTE_EXACT_PARENT_START_AND_PARENT_NUMERICAL_BOUNDARY,0.5764504186308126,0.18937194906175137
0.5961783620969016,0.5854895180308324,0.5836405779005621,UNIFORM_MASS_MATCHED,KMEANS_RETAINED_S4__UNIFORM_MASS_MATCHED,1115,"[34, 59, 299, 655, 160, 869, 424]","[34, 59, 299, 655, 160, 869, 424]",1,,0.6872240781271102,0.2177857175066828,0.5615159891783248,e23e97ae837ea3384aabe70be0dd82e9f1960a54ef77ca8ec69fca09ef652c6e,7,HUMAN_HIPPOCAMPUS_K7,34,34,0.7741071663682941,2500,2500,0.9012346431055147,b12f6fe847dbeb1edf7bafe44279a9ea637f493a0099d74ffb68d5fcb08e2609,KMEANS_RETAINED_S4,5,ROBUSTNESS_KMEANS_SEED,PASS,DEVELOPMENT_ATTRIBUTION_BYTE_EXACT_PARENT_START_AND_PARENT_NUMERICAL_BOUNDARY,0.5854895180308322,0.16649799048900604
0.6026051773609798,0.5792644222492686,0.5773828323555097,PERMUTED_SUPPORT,KMEANS_RETAINED_S4__PERMUTED_SUPPORT,1116,"[33, 59, 281, 654, 162, 885, 426]","[33, 59, 281, 654, 162, 885, 426]",1,,0.6930378456406926,0.21915945384951235,0.5543034396337527,e23e97ae837ea3384aabe70be0dd82e9f1960a54ef77ca8ec69fca09ef652c6e,7,HUMAN_HIPPOCAMPUS_K7,33,33,0.7724590195142407,2500,2500,0.9001827795945412,2d56d10d686d2c9d02681e694610e43caedc63e2a2470190e63afe1fe777fb3d,KMEANS_RETAINED_S4,5,ROBUSTNESS_KMEANS_SEED,PASS,DEVELOPMENT_ATTRIBUTION_BYTE_EXACT_PARENT_START_AND_PARENT_NUMERICAL_BOUNDARY,0.5792644222492687,0.2921836394816637
0.6100534719290149,0.58380457123228,0.5819443128886832,RNA_ONLY_SUPPORT,KMEANS_RETAINED_S4__RNA_ONLY_SUPPORT,1111,"[35, 59, 277, 648, 161, 892, 428]","[35, 59, 277, 648, 161, 892, 428]",1,,0.6990067471306057,0.22246169657830486,0.5586336849250845,e23e97ae837ea3384aabe70be0dd82e9f1960a54ef77ca8ec69fca09ef652c6e,7,HUMAN_HIPPOCAMPUS_K7,35,35,0.7695330262234423,2500,2500,0.8988403505219413,730e2fbbe2ae18ec8c8ce26c14c1206a664d29486daefd6560fb3fc99ba0959c,KMEANS_RETAINED_S4,5,ROBUSTNESS_KMEANS_SEED,PASS,DEVELOPMENT_ATTRIBUTION_BYTE_EXACT_PARENT_START_AND_PARENT_NUMERICAL_BOUNDARY,0.58380457123228,0.17797109112143517
0.6018125339289517,0.5845849680891216,0.5827389095651175,ATAC_ONLY_SUPPORT,KMEANS_RETAINED_S4__ATAC_ONLY_SUPPORT,1098,"[38, 59, 296, 654, 166, 861, 426]","[38, 59, 296, 654, 166, 861, 426]",1,,0.6910641499627366,0.22986075190737187,0.5620389771573843,e23e97ae837ea3384aabe70be0dd82e9f1960a54ef77ca8ec69fca09ef652c6e,7,HUMAN_HIPPOCAMPUS_K7,38,38,0.7625637518944168,2500,2500,0.8933952579060294,afb15d7bee42d137e785d36452210ac0d039a0f55a87883b8673a74c6fd21b10,KMEANS_RETAINED_S4,5,ROBUSTNESS_KMEANS_SEED,PASS,DEVELOPMENT_ATTRIBUTION_BYTE_EXACT_PARENT_START_AND_PARENT_NUMERICAL_BOUNDARY,0.5845849680891216,0.1910158358514309
0.11909360892192913,0.056992064443579515,0.056081435240089204,INPUT_START,UNLABELED_PARTITION_MEDOID__INPUT_START,0,"[578, 255]","[578, 255]",1,,0.618675610694735,0.7188535291136073,0.056282410652932865,ffbcac1c668827cf45cd4c1ff7807d2447b32ab3b9d1c60e6d7e7e5303fc9305,2,MELANOMA_TUMOR_K2,255,255,0.27467870156234275,833,833,0.6942474442005996,ffbcac1c668827cf45cd4c1ff7807d2447b32ab3b9d1c60e6d7e7e5303fc9305,UNLABELED_PARTITION_MEDOID,0,PRIMARY_AUTHORITY_OR_MEDOID,PASS,FROZEN_INDEPENDENT_TRANSFER,0.05699206444357952,0.00018264912068843842
0.29364293621537724,0.19575653284452937,0.19500280831624295,DIRECT_BASE,UNLABELED_PARTITION_MEDOID__DIRECT_BASE,225,"[533, 300]","[533, 300]",1,,0.6814933190299829,0.04363989913020608,0.1991353752458922,ffbcac1c668827cf45cd4c1ff7807d2447b32ab3b9d1c60e6d7e7e5303fc9305,2,MELANOMA_TUMOR_K2,300,300,0.9251986322688023,833,833,0.9798630417428895,85ab4ff2107f294ac87bbabae5c76ac623fc771ac76e02acca95db33185bf45b,UNLABELED_PARTITION_MEDOID,0,PRIMARY_AUTHORITY_OR_MEDOID,PASS,FROZEN_INDEPENDENT_TRANSFER,0.1957565328445294,0.024706006050109863
0.2940923271060083,0.1975802176155368,0.19682979935811015,BIMODAL_SUPPORT,UNLABELED_PARTITION_MEDOID__BIMODAL_SUPPORT,209,"[529, 304]","[529, 304]",1,,0.6807586121496962,0.10639831439633031,0.2014143388441509,ffbcac1c668827cf45cd4c1ff7807d2447b32ab3b9d1c60e6d7e7e5303fc9305,2,MELANOMA_TUMOR_K2,304,304,0.8642855586007087,833,833,0.9506228895559369,0d1c9c8157ab5c3e2d2f325678fc22b5d680a511b655d3a7b32dbaba02d08735,UNLABELED_PARTITION_MEDOID,0,PRIMARY_AUTHORITY_OR_MEDOID,PASS,FROZEN_INDEPENDENT_TRANSFER,0.1975802176155368,0.035003144294023514
0.3043845033077312,0.2044941268168907,0.2037485910264233,UNIFORM_MASS_MATCHED,UNLABELED_PARTITION_MEDOID__UNIFORM_MASS_MATCHED,213,"[533, 300]","[533, 300]",1,,0.6863396526009703,0.08887404718910681,0.20802378386832274,ffbcac1c668827cf45cd4c1ff7807d2447b32ab3b9d1c60e6d7e7e5303fc9305,2,MELANOMA_TUMOR_K2,300,300,0.8800765921603085,833,833,0.9589904419107886,e8a47e7002be5d2efa7484144714c2f363690a02e82b08aac0ae31ff8ba4bbf3,UNLABELED_PARTITION_MEDOID,0,PRIMARY_AUTHORITY_OR_MEDOID,PASS,FROZEN_INDEPENDENT_TRANSFER,0.20449412681689072,0.026099884882569313
0.2992154320701891,0.2010081703665467,0.20026017092432397,PERMUTED_SUPPORT,UNLABELED_PARTITION_MEDOID__PERMUTED_SUPPORT,211,"[531, 302]","[531, 302]",1,,0.6835383398080069,0.099170751812779,0.20469521963049087,ffbcac1c668827cf45cd4c1ff7807d2447b32ab3b9d1c60e6d7e7e5303fc9305,2,MELANOMA_TUMOR_K2,302,302,0.8710938676528304,833,833,0.954106969416033,fc916e09ac0570ef6f2021a9451ea2707a1760298482be916a66650ad751af6d,UNLABELED_PARTITION_MEDOID,0,PRIMARY_AUTHORITY_OR_MEDOID,PASS,FROZEN_INDEPENDENT_TRANSFER,0.20100817036654667,0.07406414672732353
0.2992154320701891,0.2010081703665467,0.20026017092432397,RNA_ONLY_SUPPORT,UNLABELED_PARTITION_MEDOID__RNA_ONLY_SUPPORT,207,"[531, 302]","[531, 302]",1,,0.6835383398080069,0.10917549588483608,0.20469521963049087,ffbcac1c668827cf45cd4c1ff7807d2447b32ab3b9d1c60e6d7e7e5303fc9305,2,MELANOMA_TUMOR_K2,302,302,0.8614136081615819,833,833,0.9494770960179723,e4b8c6bda37f2120b71e9695d1da312873d5c1f47865f54e97993dc20a8d2f66,UNLABELED_PARTITION_MEDOID,0,PRIMARY_AUTHORITY_OR_MEDOID,PASS,FROZEN_INDEPENDENT_TRANSFER,0.20100817036654667,0.034558024257421494
0.30179421378598464,0.20274380440819753,0.20199703108422815,ATAC_ONLY_SUPPORT,UNLABELED_PARTITION_MEDOID__ATAC_ONLY_SUPPORT,212,"[532, 301]","[532, 301]",1,,0.6849363103443363,0.08715525286326122,0.2063534711598,ffbcac1c668827cf45cd4c1ff7807d2447b32ab3b9d1c60e6d7e7e5303fc9305,2,MELANOMA_TUMOR_K2,301,301,0.8806846333018203,833,833,0.9597252027209929,5422ed322b415e0e8eef265048ee8f50acf0cd7270acdfcc97141ebc52cd8bb8,UNLABELED_PARTITION_MEDOID,0,PRIMARY_AUTHORITY_OR_MEDOID,PASS,FROZEN_INDEPENDENT_TRANSFER,0.2027438044081975,0.032327158376574516
0.3453566467490316,0.2290097915169699,0.22827255828724868,FULL_TSRE,UNLABELED_PARTITION_MEDOID__FULL_TSRE,181,"[565, 268]","[565, 268]",1,,0.7128377725874474,0.12042569541304778,0.2283701459234246,ffbcac1c668827cf45cd4c1ff7807d2447b32ab3b9d1c60e6d7e7e5303fc9305,2,MELANOMA_TUMOR_K2,268,268,0.8828222386622804,833,833,0.9473783971296872,affe3df1510298bfcb661f62d37cfab5cdc767fd71fbb426650aac6ddbc9773f,UNLABELED_PARTITION_MEDOID,0,PRIMARY_AUTHORITY_OR_MEDOID,PASS,FROZEN_INDEPENDENT_TRANSFER,0.22900979151696987,0.05361979827284813
0.2940923271060083,0.1975802176155368,0.19682979935811015,RELATION_STAY_OFF_BASE_STAY_ON,UNLABELED_PARTITION_MEDOID__RELATION_STAY_OFF_BASE_STAY_ON,209,"[529, 304]","[529, 304]",1,,0.6807586121496962,0.10639831439633031,0.2014143388441509,ffbcac1c668827cf45cd4c1ff7807d2447b32ab3b9d1c60e6d7e7e5303fc9305,2,MELANOMA_TUMOR_K2,304,304,0.8642855586007087,833,833,0.9506228895559369,0d1c9c8157ab5c3e2d2f325678fc22b5d680a511b655d3a7b32dbaba02d08735,UNLABELED_PARTITION_MEDOID,0,PRIMARY_AUTHORITY_OR_MEDOID,PASS,FROZEN_INDEPENDENT_TRANSFER,0.1975802176155368,0.053234925493597984
0.3453566467490316,0.2290097915169699,0.22827255828724868,BOUNDARY_OFF,UNLABELED_PARTITION_MEDOID__BOUNDARY_OFF,181,"[565, 268]","[565, 268]",1,,0.7128377725874474,0.12042569541304778,0.2283701459234246,ffbcac1c668827cf45cd4c1ff7807d2447b32ab3b9d1c60e6d7e7e5303fc9305,2,MELANOMA_TUMOR_K2,268,268,0.8828222386622804,833,833,0.9473783971296872,affe3df1510298bfcb661f62d37cfab5cdc767fd71fbb426650aac6ddbc9773f,UNLABELED_PARTITION_MEDOID,0,PRIMARY_AUTHORITY_OR_MEDOID,PASS,FROZEN_INDEPENDENT_TRANSFER,0.22900979151696987,0.050413843244314194
0.3453566467490316,0.2290097915169699,0.22827255828724868,PRIVATE_CONFLICT_OFF,UNLABELED_PARTITION_MEDOID__PRIVATE_CONFLICT_OFF,181,"[565, 268]","[565, 268]",1,,0.7128377725874474,0.12042569541304778,0.2283701459234246,ffbcac1c668827cf45cd4c1ff7807d2447b32ab3b9d1c60e6d7e7e5303fc9305,2,MELANOMA_TUMOR_K2,268,268,0.8828222386622804,833,833,0.9473783971296872,affe3df1510298bfcb661f62d37cfab5cdc767fd71fbb426650aac6ddbc9773f,UNLABELED_PARTITION_MEDOID,0,PRIMARY_AUTHORITY_OR_MEDOID,PASS,FROZEN_INDEPENDENT_TRANSFER,0.22900979151696987,0.049050748348236084
0.2306924192810841,0.14100571042556403,0.14019208361204946,PURE_SUPPORT,UNLABELED_PARTITION_MEDOID__PURE_SUPPORT,91,"[551, 282]","[551, 282]",1,,0.658136843376721,0.4192388360141819,0.1419393034455317,ffbcac1c668827cf45cd4c1ff7807d2447b32ab3b9d1c60e6d7e7e5303fc9305,2,MELANOMA_TUMOR_K2,282,282,0.5712804540912421,833,833,0.8120147035230757,8f9fd7f24aa96b596a5f8cf42184a6c2ad25b1331da276c0ad421ef243ce3c93,UNLABELED_PARTITION_MEDOID,0,PRIMARY_AUTHORITY_OR_MEDOID,PASS,FROZEN_INDEPENDENT_TRANSFER,0.14100571042556403,0.049487924203276634
0.0031486269600264115,0.0009307868551310922,1.6083638868885852e-05,INPUT_START,KMEANS_RETAINED_S0__INPUT_START,0,"[359, 474]","[359, 474]",1,,0.5351670890222535,0.9618490504679271,0.0009690181595334125,b93c52e8375f5f3784e4140add15fdcd72e7d0ce09cea9bb0ca3d07695384587,2,MELANOMA_TUMOR_K2,359,359,0.038532248930898044,833,833,0.5276745154159971,b93c52e8375f5f3784e4140add15fdcd72e7d0ce09cea9bb0ca3d07695384587,KMEANS_RETAINED_S0,1,ROBUSTNESS_KMEANS_SEED,PASS,FROZEN_INDEPENDENT_TRANSFER,0.0009307868551310921,0.00012354739010334015
0.004183555737150254,0.02060311793198593,0.019703370626891602,DIRECT_BASE,KMEANS_RETAINED_S0__DIRECT_BASE,306,"[347, 486]","[347, 486]",1,,0.5379413612536512,0.10978723588805522,0.02137717167781162,b93c52e8375f5f3784e4140add15fdcd72e7d0ce09cea9bb0ca3d07695384587,2,MELANOMA_TUMOR_K2,347,347,0.9247770908641609,833,833,0.9465707272294491,b296d48cdf2c0aec25c7ee8ca18c843a17d150b2846c05e48251e02d0fbb8e37,KMEANS_RETAINED_S0,1,ROBUSTNESS_KMEANS_SEED,PASS,FROZEN_INDEPENDENT_TRANSFER,0.020603117931985934,0.027111439034342766
-0.004794501153800072,0.007644672505793567,0.0067299642960784905,BIMODAL_SUPPORT,KMEANS_RETAINED_S0__BIMODAL_SUPPORT,274,"[337, 496]","[337, 496]",1,,0.536018807537901,0.2110731477244309,0.007905610406121406,b93c52e8375f5f3784e4140add15fdcd72e7d0ce09cea9bb0ca3d07695384587,2,MELANOMA_TUMOR_K2,337,337,0.8271937567213594,833,833,0.8981862972445687,95aeeb7f03e04bd32f80a23e869387544bdfacb3ca4d401d053f289dd4f4a2d3,KMEANS_RETAINED_S0,1,ROBUSTNESS_KMEANS_SEED,PASS,FROZEN_INDEPENDENT_TRANSFER,0.007644672505793567,0.029384324327111244
-0.004794501153800072,0.007644672505793567,0.0067299642960784905,UNIFORM_MASS_MATCHED,KMEANS_RETAINED_S0__UNIFORM_MASS_MATCHED,274,"[337, 496]","[337, 496]",1,,0.536018807537901,0.2110731477244309,0.007905610406121406,b93c52e8375f5f3784e4140add15fdcd72e7d0ce09cea9bb0ca3d07695384587,2,MELANOMA_TUMOR_K2,337,337,0.8271937567213594,833,833,0.8981862972445687,95aeeb7f03e04bd32f80a23e869387544bdfacb3ca4d401d053f289dd4f4a2d3,KMEANS_RETAINED_S0,1,ROBUSTNESS_KMEANS_SEED,PASS,FROZEN_INDEPENDENT_TRANSFER,0.007644672505793567,0.0289821308106184
-0.0051483549391564505,0.005628537910679434,0.004712297481096424,PERMUTED_SUPPORT,KMEANS_RETAINED_S0__PERMUTED_SUPPORT,271,"[338, 495]","[338, 495]",1,,0.5356167316181255,0.2182312622754389,0.005822712231721265,b93c52e8375f5f3784e4140add15fdcd72e7d0ce09cea9bb0ca3d07695384587,2,MELANOMA_TUMOR_K2,338,338,0.8196508939020931,833,833,0.8946339906405723,f594a0450996fb9e0b4ecb013be8978ef546b2aad23a1259db2a67331a6d605c,KMEANS_RETAINED_S0,1,ROBUSTNESS_KMEANS_SEED,PASS,FROZEN_INDEPENDENT_TRANSFER,0.005628537910679433,0.0707672219723463
-0.004800636962562837,0.0070993269838231406,0.00618444177858393,RNA_ONLY_SUPPORT,KMEANS_RETAINED_S0__RNA_ONLY_SUPPORT,273,"[338, 495]","[338, 495]",1,,0.535777648357716,0.2133026483951612,0.007344240852897784,b93c52e8375f5f3784e4140add15fdcd72e7d0ce09cea9bb0ca3d07695384587,2,MELANOMA_TUMOR_K2,338,338,0.8239698735853583,833,833,0.8970136147641908,339ff9a0d4a7da9d0f0a7de7502c9a7d921e2b640df77b301addb8d8f3203086,KMEANS_RETAINED_S0,1,ROBUSTNESS_KMEANS_SEED,PASS,FROZEN_INDEPENDENT_TRANSFER,0.00709932698382314,0.028259165585041046
-0.005252670332134534,0.004957995089895778,0.004041136804244294,ATAC_ONLY_SUPPORT,KMEANS_RETAINED_S0__ATAC_ONLY_SUPPORT,269,"[338, 495]","[338, 495]",1,,0.5355684565962484,0.22293735689783087,0.005129036903167146,b93c52e8375f5f3784e4140add15fdcd72e7d0ce09cea9bb0ca3d07695384587,2,MELANOMA_TUMOR_K2,338,338,0.8156275305816724,833,833,0.8923618028483236,7f94998c8801c617105371d3377a9cb19be108b6c68476e1310e5220b1aa6e39,KMEANS_RETAINED_S0,1,ROBUSTNESS_KMEANS_SEED,PASS,FROZEN_INDEPENDENT_TRANSFER,0.004957995089895778,0.030165856704115868
0.361761950690509,0.33961685448885237,0.3388574148483079,INPUT_START,KMEANS_RETAINED_S1__INPUT_START,0,"[123, 710]","[123, 710]",1,,0.7785156526748116,0.3529657850245643,0.2823412881829284,6ce387b3e97e9b640015d16b5f9c7a4b3b8381c56cc174864317164acdc20f52,2,MELANOMA_TUMOR_K2,123,123,0.46305804596379335,833,833,0.9110475863243511,6ce387b3e97e9b640015d16b5f9c7a4b3b8381c56cc174864317164acdc20f52,KMEANS_RETAINED_S1,2,ROBUSTNESS_KMEANS_SEED,PASS,FROZEN_INDEPENDENT_TRANSFER,0.3396168544888523,0.0001113545149564743
0.4677966285960522,0.41233006264999195,0.4116935203063379,DIRECT_BASE,KMEANS_RETAINED_S1__DIRECT_BASE,83,"[156, 677]","[156, 677]",1,,0.8025227126296183,0.027621488652735313,0.363555279529332,6ce387b3e97e9b640015d16b5f9c7a4b3b8381c56cc174864317164acdc20f52,2,MELANOMA_TUMOR_K2,156,156,0.7370956497659262,833,833,0.9915817461804162,dffed06fe3ee09a84b40b6a1f4efb6c293b5f6669537e386a0cc97e5e4ac911b,KMEANS_RETAINED_S1,2,ROBUSTNESS_KMEANS_SEED,PASS,FROZEN_INDEPENDENT_TRANSFER,0.412330062649992,0.023421768099069595
0.5210171476443745,0.4555889861818732,0.4550118024307031,BIMODAL_SUPPORT,KMEANS_RETAINED_S1__BIMODAL_SUPPORT,73,"[170, 663]","[170, 663]",1,,0.8176369633011998,0.05150676828063198,0.4102657273885317,6ce387b3e97e9b640015d16b5f9c7a4b3b8381c56cc174864317164acdc20f52,2,MELANOMA_TUMOR_K2,170,170,0.800722818146463,833,833,0.9832471608270903,de23ba284b6d20d2acf7b3a6634854d565202acea9ffa811c1ce3c1e856ca095,KMEANS_RETAINED_S1,2,ROBUSTNESS_KMEANS_SEED,PASS,FROZEN_INDEPENDENT_TRANSFER,0.4555889861818731,0.024552688002586365
0.5210171476443745,0.4555889861818732,0.4550118024307031,UNIFORM_MASS_MATCHED,KMEANS_RETAINED_S1__UNIFORM_MASS_MATCHED,73,"[170, 663]","[170, 663]",1,,0.8176369633011998,0.05150676828063198,0.4102657273885317,6ce387b3e97e9b640015d16b5f9c7a4b3b8381c56cc174864317164acdc20f52,2,MELANOMA_TUMOR_K2,170,170,0.800722818146463,833,833,0.9832471608270903,de23ba284b6d20d2acf7b3a6634854d565202acea9ffa811c1ce3c1e856ca095,KMEANS_RETAINED_S1,2,ROBUSTNESS_KMEANS_SEED,PASS,FROZEN_INDEPENDENT_TRANSFER,0.4555889861818731,0.03277251124382019
0.524883035171978,0.45875924757608905,0.45818625754360387,PERMUTED_SUPPORT,KMEANS_RETAINED_S1__PERMUTED_SUPPORT,74,"[171, 662]","[171, 662]",1,,0.8187853197206684,0.05119716609433318,0.4137122653106511,6ce387b3e97e9b640015d16b5f9c7a4b3b8381c56cc174864317164acdc20f52,2,MELANOMA_TUMOR_K2,171,171,0.7979939429868127,833,833,0.9832751708485007,22a8b4a63d6d0ed12e78214ed9456ec0d36bef327cf50fa716974d842cc307ed,KMEANS_RETAINED_S1,2,ROBUSTNESS_KMEANS_SEED,PASS,FROZEN_INDEPENDENT_TRANSFER,0.458759247576089,0.07882903888821602
0.5210171476443745,0.4555889861818732,0.4550118024307031,RNA_ONLY_SUPPORT,KMEANS_RETAINED_S1__RNA_ONLY_SUPPORT,73,"[170, 663]","[170, 663]",1,,0.8176369633011998,0.05150676828063198,0.4102657273885317,6ce387b3e97e9b640015d16b5f9c7a4b3b8381c56cc174864317164acdc20f52,2,MELANOMA_TUMOR_K2,170,170,0.800722818146463,833,833,0.9832471608270903,de23ba284b6d20d2acf7b3a6634854d565202acea9ffa811c1ce3c1e856ca095,KMEANS_RETAINED_S1,2,ROBUSTNESS_KMEANS_SEED,PASS,FROZEN_INDEPENDENT_TRANSFER,0.4555889861818731,0.02992735430598259
0.5210171476443745,0.4555889861818732,0.4550118024307031,ATAC_ONLY_SUPPORT,KMEANS_RETAINED_S1__ATAC_ONLY_SUPPORT,73,"[170, 663]","[170, 663]",1,,0.8176369633011998,0.05150676828063198,0.4102657273885317,6ce387b3e97e9b640015d16b5f9c7a4b3b8381c56cc174864317164acdc20f52,2,MELANOMA_TUMOR_K2,170,170,0.800722818146463,833,833,0.9832471608270903,de23ba284b6d20d2acf7b3a6634854d565202acea9ffa811c1ce3c1e856ca095,KMEANS_RETAINED_S1,2,ROBUSTNESS_KMEANS_SEED,PASS,FROZEN_INDEPENDENT_TRANSFER,0.4555889861818731,0.03004632703959942
0.0019464405048428056,0.0001039993936173322,-0.0008646899956297934,INPUT_START,KMEANS_RETAINED_S2__INPUT_START,0,"[251, 582]","[251, 582]",1,,0.5698095192331495,0.9831345961894076,0.00010237646810667155,f1bfe6e611bbc85aa46a4b6e45ded4b88f230b3367537032f0d88cda8598b305,2,MELANOMA_TUMOR_K2,251,251,-0.02212745401170377,833,833,0.5855507546849283,f1bfe6e611bbc85aa46a4b6e45ded4b88f230b3367537032f0d88cda8598b305,KMEANS_RETAINED_S2,3,ROBUSTNESS_KMEANS_SEED,PASS,FROZEN_INDEPENDENT_TRANSFER,0.00010399939361733219,9.311921894550323e-05
-0.05487031909643847,0.05592897732694567,0.05474327852526835,DIRECT_BASE,KMEANS_RETAINED_S2__DIRECT_BASE,241,"[86, 747]","[86, 747]",1,,0.6564138606424368,0.10706845855022497,0.042668309762947984,f1bfe6e611bbc85aa46a4b6e45ded4b88f230b3367537032f0d88cda8598b305,2,MELANOMA_TUMOR_K2,86,86,0.8122816784964098,833,833,0.9801508336579334,3233e7d08b74a023dbea295e8c8f358be67db1cd0cb2bf143f3fcc1d5e828fa8,KMEANS_RETAINED_S2,3,ROBUSTNESS_KMEANS_SEED,PASS,FROZEN_INDEPENDENT_TRANSFER,0.05592897732694567,0.023753568530082703
0.01984517477058835,0.0027654341969016883,0.0016727368304441498,BIMODAL_SUPPORT,KMEANS_RETAINED_S2__BIMODAL_SUPPORT,194,"[149, 684]","[149, 684]",1,,0.6360410457769848,0.2955271512352245,0.002410796278118582,f1bfe6e611bbc85aa46a4b6e45ded4b88f230b3367537032f0d88cda8598b305,2,MELANOMA_TUMOR_K2,149,149,0.586186292543605,833,833,0.9130836609298839,ec5a98059ac2be6a82e12368c7fc4dd6b3640e1948c361c3a49da33efb3be6e4,KMEANS_RETAINED_S2,3,ROBUSTNESS_KMEANS_SEED,PASS,FROZEN_INDEPENDENT_TRANSFER,0.0027654341969016883,0.030261047184467316
0.014895240138626902,0.0016531672021921746,0.000547865204553803,UNIFORM_MASS_MATCHED,KMEANS_RETAINED_S2__UNIFORM_MASS_MATCHED,200,"[143, 690]","[143, 690]",1,,0.6382753591991004,0.2591833953835307,0.0014265683068301668,f1bfe6e611bbc85aa46a4b6e45ded4b88f230b3367537032f0d88cda8598b305,2,MELANOMA_TUMOR_K2,143,143,0.6168595796087751,833,833,0.926200406251463,0ac124b8d833499416447c257196b7740f35d32824823653f88b0835f23a42c0,KMEANS_RETAINED_S2,3,ROBUSTNESS_KMEANS_SEED,PASS,FROZEN_INDEPENDENT_TRANSFER,0.0016531672021921748,0.025968121364712715
0.016752048929607483,0.0020392512450766475,0.0009304449746148063,PERMUTED_SUPPORT,KMEANS_RETAINED_S2__PERMUTED_SUPPORT,200,"[141, 692]","[141, 692]",1,,0.6403523605433065,0.2646984624579674,0.0017535998248820273,f1bfe6e611bbc85aa46a4b6e45ded4b88f230b3367537032f0d88cda8598b305,2,MELANOMA_TUMOR_K2,141,141,0.6041193644647372,833,833,0.9254687691068288,666844518007a2bc9e4f9258026d3ad002504d302455e84dfb6b3b12f9138275,KMEANS_RETAINED_S2,3,ROBUSTNESS_KMEANS_SEED,PASS,FROZEN_INDEPENDENT_TRANSFER,0.0020392512450766475,0.08486077934503555
0.023735121422143988,0.0037906569688871735,0.0026915763498382345,RNA_ONLY_SUPPORT,KMEANS_RETAINED_S2__RNA_ONLY_SUPPORT,194,"[145, 688]","[145, 688]",1,,0.6402228671987132,0.30202793102785414,0.003282350405457912,f1bfe6e611bbc85aa46a4b6e45ded4b88f230b3367537032f0d88cda8598b305,2,MELANOMA_TUMOR_K2,145,145,0.5928767844176412,833,833,0.9130508749672788,b745f39edc8ae600bb67d4969f8f3c537f817f5e4295ec4b223a71a9b0f59241,KMEANS_RETAINED_S2,3,ROBUSTNESS_KMEANS_SEED,PASS,FROZEN_INDEPENDENT_TRANSFER,0.003790656968887174,0.02951837331056595
0.01644592973051777,0.0019774942264920376,0.0008802067402967572,ATAC_ONLY_SUPPORT,KMEANS_RETAINED_S2__ATAC_ONLY_SUPPORT,196,"[147, 686]","[147, 686]",1,,0.6361153060726191,0.2840098121949101,0.0017181431966027513,f1bfe6e611bbc85aa46a4b6e45ded4b88f230b3367537032f0d88cda8598b305,2,MELANOMA_TUMOR_K2,147,147,0.5965157392537239,833,833,0.9173512169828726,bac141b3e8645347e9bc7dfe195fbc2bdd6c7edaa0c0bc3dd99cc752ee6b7f86,KMEANS_RETAINED_S2,3,ROBUSTNESS_KMEANS_SEED,PASS,FROZEN_INDEPENDENT_TRANSFER,0.0019774942264920376,0.03099730797111988
0.9757656645125035,0.9427557787068623,0.942701233028676,INPUT_START,KMEANS_RETAINED_S3__INPUT_START,0,"[273, 560]","[273, 560]",1,,0.9893187176416578,0.06338796998770595,0.9434018307628337,17f84437c815da480f1994d996149c9e4cbc35153c9404b550dd1059be7d4183,2,MELANOMA_TUMOR_K2,273,273,0.87365732802251,833,833,0.9720347191230708,17f84437c815da480f1994d996149c9e4cbc35153c9404b550dd1059be7d4183,KMEANS_RETAINED_S3,4,ROBUSTNESS_KMEANS_SEED,PASS,FROZEN_INDEPENDENT_TRANSFER,0.9427557787068622,0.00016533583402633667
0.9141772268245202,0.8384393166674208,0.8382856860385629,DIRECT_BASE,KMEANS_RETAINED_S3__DIRECT_BASE,19,"[276, 557]","[276, 557]",1,,0.9620709341538081,1.9188465665562544e-05,0.8407115674276644,17f84437c815da480f1994d996149c9e4cbc35153c9404b550dd1059be7d4183,2,MELANOMA_TUMOR_K2,276,276,0.9342954819344362,833,833,0.9999914873222259,8a4a5a5cc80ac381e70b3719c416dcae57b3178dd350cd285666b3309d3fd69e,KMEANS_RETAINED_S3,4,ROBUSTNESS_KMEANS_SEED,PASS,FROZEN_INDEPENDENT_TRANSFER,0.8384393166674207,0.03101895935833454
0.9188297279678376,0.8451729029040616,0.845025575968487,BIMODAL_SUPPORT,KMEANS_RETAINED_S3__BIMODAL_SUPPORT,18,"[275, 558]","[275, 558]",1,,0.9641587048401185,0.0006071704061752415,0.8468973249123861,17f84437c815da480f1994d996149c9e4cbc35153c9404b550dd1059be7d4183,2,MELANOMA_TUMOR_K2,275,275,0.9347619733166393,833,833,0.9997311319754028,230b47ca8835c9950816ff1ea47b960dfd787fb4c3f64f24d6d4469ec239376c,KMEANS_RETAINED_S3,4,ROBUSTNESS_KMEANS_SEED,PASS,FROZEN_INDEPENDENT_TRANSFER,0.8451729029040616,0.025545217096805573
0.9188297279678376,0.8451729029040616,0.845025575968487,UNIFORM_MASS_MATCHED,KMEANS_RETAINED_S3__UNIFORM_MASS_MATCHED,18,"[275, 558]","[275, 558]",1,,0.9641587048401185,0.0006071704061752415,0.8468973249123861,17f84437c815da480f1994d996149c9e4cbc35153c9404b550dd1059be7d4183,2,MELANOMA_TUMOR_K2,275,275,0.9347619733166393,833,833,0.9997311319754028,230b47ca8835c9950816ff1ea47b960dfd787fb4c3f64f24d6d4469ec239376c,KMEANS_RETAINED_S3,4,ROBUSTNESS_KMEANS_SEED,PASS,FROZEN_INDEPENDENT_TRANSFER,0.8451729029040616,0.025794552639126778
0.9188297279678376,0.8451729029040616,0.845025575968487,PERMUTED_SUPPORT,KMEANS_RETAINED_S3__PERMUTED_SUPPORT,18,"[275, 558]","[275, 558]",1,,0.9641587048401185,0.0006071704061752415,0.8468973249123861,17f84437c815da480f1994d996149c9e4cbc35153c9404b550dd1059be7d4183,2,MELANOMA_TUMOR_K2,275,275,0.9347619733166393,833,833,0.9997311319754028,230b47ca8835c9950816ff1ea47b960dfd787fb4c3f64f24d6d4469ec239376c,KMEANS_RETAINED_S3,4,ROBUSTNESS_KMEANS_SEED,PASS,FROZEN_INDEPENDENT_TRANSFER,0.8451729029040616,0.08192681334912777
0.9188297279678376,0.8451729029040616,0.845025575968487,RNA_ONLY_SUPPORT,KMEANS_RETAINED_S3__RNA_ONLY_SUPPORT,18,"[275, 558]","[275, 558]",1,,0.9641587048401185,0.0006071704061752415,0.8468973249123861,17f84437c815da480f1994d996149c9e4cbc35153c9404b550dd1059be7d4183,2,MELANOMA_TUMOR_K2,275,275,0.9347619733166393,833,833,0.9997311319754028,230b47ca8835c9950816ff1ea47b960dfd787fb4c3f64f24d6d4469ec239376c,KMEANS_RETAINED_S3,4,ROBUSTNESS_KMEANS_SEED,PASS,FROZEN_INDEPENDENT_TRANSFER,0.8451729029040616,0.02810649760067463
0.9188297279678376,0.8451729029040616,0.845025575968487,ATAC_ONLY_SUPPORT,KMEANS_RETAINED_S3__ATAC_ONLY_SUPPORT,18,"[275, 558]","[275, 558]",1,,0.9641587048401185,0.0006071704061752415,0.8468973249123861,17f84437c815da480f1994d996149c9e4cbc35153c9404b550dd1059be7d4183,2,MELANOMA_TUMOR_K2,275,275,0.9347619733166393,833,833,0.9997311319754028,230b47ca8835c9950816ff1ea47b960dfd787fb4c3f64f24d6d4469ec239376c,KMEANS_RETAINED_S3,4,ROBUSTNESS_KMEANS_SEED,PASS,FROZEN_INDEPENDENT_TRANSFER,0.8451729029040616,0.03750680387020111
0.003566974531985211,0.005017721424814813,0.004113210852952807,INPUT_START,KMEANS_RETAINED_S4__INPUT_START,0,"[426, 407]","[426, 407]",1,,0.5304933721014079,0.9791377116657732,0.005260756331339665,0545685ffcad23d484df54b9d7a6e9ab8a617919712c1104f919b13995789428,2,MELANOMA_TUMOR_K2,407,407,0.022585936446025433,833,833,0.5100977273870073,0545685ffcad23d484df54b9d7a6e9ab8a617919712c1104f919b13995789428,KMEANS_RETAINED_S4,5,ROBUSTNESS_KMEANS_SEED,PASS,FROZEN_INDEPENDENT_TRANSFER,0.005017721424814813,0.000102262943983078
0.0809854397240851,0.11961590866847464,0.11880686827645345,DIRECT_BASE,KMEANS_RETAINED_S4__DIRECT_BASE,321,"[487, 346]","[487, 346]",1,,0.5738418042767504,0.07887442566405978,0.12407127609639533,0545685ffcad23d484df54b9d7a6e9ab8a617919712c1104f919b13995789428,2,MELANOMA_TUMOR_K2,346,346,0.9790356928724868,833,833,0.961646682307792,b70fa67c94a7b6445e4be9429bf9794dd4672a4aff857f7413915e32c22b54c2,KMEANS_RETAINED_S4,5,ROBUSTNESS_KMEANS_SEED,PASS,FROZEN_INDEPENDENT_TRANSFER,0.11961590866847464,0.025098728016018867
0.05100614472022365,0.08754521443267739,0.08670474941828421,BIMODAL_SUPPORT,KMEANS_RETAINED_S4__BIMODAL_SUPPORT,292,"[494, 339]","[494, 339]",1,,0.5613825069279067,0.16856046072391412,0.09059689454701342,0545685ffcad23d484df54b9d7a6e9ab8a617919712c1104f919b13995789428,2,MELANOMA_TUMOR_K2,339,339,0.8877921879095239,833,833,0.9185400714643809,9022fb14f47abaccf5ac60ba337d4d22410dcbe70e11780b794667671a3a1131,KMEANS_RETAINED_S4,5,ROBUSTNESS_KMEANS_SEED,PASS,FROZEN_INDEPENDENT_TRANSFER,0.08754521443267738,0.030964775010943413
0.051409795217756474,0.09406079852177678,0.09322419764296974,UNIFORM_MASS_MATCHED,KMEANS_RETAINED_S4__UNIFORM_MASS_MATCHED,297,"[501, 332]","[501, 332]",1,,0.5631759316928286,0.16073832848146022,0.09709310909893162,0545685ffcad23d484df54b9d7a6e9ab8a617919712c1104f919b13995789428,2,MELANOMA_TUMOR_K2,332,332,0.9037708351098478,833,833,0.9228462702783662,0624e0da2dbdf8fe1ea3b14f092c7ef6555a1f920ad30c8dbe163f3b8046ca80,KMEANS_RETAINED_S4,5,ROBUSTNESS_KMEANS_SEED,PASS,FROZEN_INDEPENDENT_TRANSFER,0.09406079852177679,0.03402399271726608
0.051409795217756474,0.09406079852177678,0.09322419764296974,PERMUTED_SUPPORT,KMEANS_RETAINED_S4__PERMUTED_SUPPORT,295,"[501, 332]","[501, 332]",1,,0.5631759316928286,0.16284586205767013,0.09709310909893162,0545685ffcad23d484df54b9d7a6e9ab8a617919712c1104f919b13995789428,2,MELANOMA_TUMOR_K2,332,332,0.9006900333249023,833,833,0.921834662919659,287e22c674df9b03301fbaa89460d0798686fac16bf5d4d83c24dabb48b37a6d,KMEANS_RETAINED_S4,5,ROBUSTNESS_KMEANS_SEED,PASS,FROZEN_INDEPENDENT_TRANSFER,0.09406079852177679,0.07212143205106258
0.04874622163565925,0.08460845223901867,0.08376528216359846,RNA_ONLY_SUPPORT,KMEANS_RETAINED_S4__RNA_ONLY_SUPPORT,290,"[494, 339]","[494, 339]",1,,0.5603360925966419,0.1733781294457684,0.08755776172298958,0545685ffcad23d484df54b9d7a6e9ab8a617919712c1104f919b13995789428,2,MELANOMA_TUMOR_K2,339,339,0.8843486253207926,833,833,0.9162118448559278,860b5e9a2dad0307b2de28e9bb0dfc090d0fc2a16bb53c43448f4291185c3f1f,KMEANS_RETAINED_S4,5,ROBUSTNESS_KMEANS_SEED,PASS,FROZEN_INDEPENDENT_TRANSFER,0.08460845223901868,0.03271237201988697
0.054172998309183915,0.09422854509203869,0.09339334480201804,ATAC_ONLY_SUPPORT,KMEANS_RETAINED_S4__ATAC_ONLY_SUPPORT,293,"[497, 336]","[497, 336]",1,,0.5635188107914403,0.1817377754530402,0.09741004786255764,0545685ffcad23d484df54b9d7a6e9ab8a617919712c1104f919b13995789428,2,MELANOMA_TUMOR_K2,336,336,0.8789040095775671,833,833,0.9124204837748923,bd5ef3b43043e65fcd73413c6fc6aa5ef24573141302c712e86c6a4c262b811a,KMEANS_RETAINED_S4,5,ROBUSTNESS_KMEANS_SEED,PASS,FROZEN_INDEPENDENT_TRANSFER,0.0942285450920387,0.03569327853620052
