observation_id,cluster
CTAAGGTCTTGCTGGA,4
CTAAGGTCACACAGAA,2
CTAAGGTCACAGCAGA,2
CTAAGGTCACCTCCAA,2
CTAAGGTCACGCTCGA,2
CTAAGGTCACGTATCA,2
CTAAGGTCACTATGCA,2
CTAAGGTCAGAGTCAA,2
CTAAGGTCAGATCGCA,2
CTAAGGTCAGCAGGAA,2
CTAAGGTCAGTCACTA,2
CTAAGGTCATCCTGTA,2
CTAAGGTCATTGAGGA,2
CTAAGGTCCAACCACA,2
CTAAGGTCGACTAGTA,2
CTAAGGTCCAATGGAA,2
CTAAGGTCCACTTCGA,2
CTAAGGTCCAGCGTTA,2
CTAAGGTCCATACCAA,2
CTAAGGTCCCAGTTCA,2
CTAAGGTCCCGAAGTA,2
CTAAGGTCCCGTGAGA,2
CTAAGGTCCCTCCTGA,2
CTAAGGTCCGAACTTA,2
CTAAGGTCCGACTGGA,2
CTAAGGTCCGCATACA,2
CTAAGGTCCTCAATGA,2
CTAAGGTCCTGAGCCA,2
CTAAGGTCCTGGCATA,2
CTAAGGTCGAATCTGA,2
CTAAGGTCCAAGACTA,2
CTAAGGTCGAGCTGAA,2
CTAAGGTCGATAGACA,2
CTAAGGTCGCCACATA,4
CTAAGGTCGCGAGTAA,4
CTAAGGTCGCTAACGA,4
CTAAGGTCGCTCGGTA,4
CTAAGGTCGGAGAACA,4
CTAAGGTCGGTGCGAA,4
CTAAGGTCGTACGCAA,4
CTAAGGTCGTCGTAGA,4
CTAAGGTCGTCTGTCA,4
CTAAGGTCGTGTTCTA,4
CTAAGGTCTAGGATGA,4
CTAAGGTCTATCAGCA,4
CTAAGGTCTCCGTCTA,4
CTAAGGTCTCTTCACA,4
CTAAGGTCTGAAGAGA,4
CTAAGGTCTGGAACAA,4
CTAAGGTCTGGCTTCA,4
CTAAGGTCTGGTGGTA,4
CTAAGGTCTTCACGCA,4
CTAAGGTCAACTCACC,4
CTAAGGTCAAGAGATC,4
CTAAGGTCAAGGACAC,4
CTAAGGTCAATCCGTC,4
CTAAGGTCAATGTTGC,4
CTAAGGTCACACGACC,4
CTAAGGTCACAGATTC,4
CTAAGGTCAGATGTAC,4
CTAAGGTCAGCACCTC,4
CTAAGGTCAGCCATGC,4
CTAAGGTCAGGCTAAC,4
CTAAGGTCATAGCGAC,4
CTAAGGTCATCATTCC,4
CTAAGGTCATTGGCTC,4
CTAAGGTCCAAGGAGC,4
CTAAGGTCCACCTTAC,4
CTAAGGTCCCATCCTC,4
CTAAGGTCCCGACAAC,4
CTAAGGTCCCTAATCC,4
CTAAGGTCCCTCTATC,2
CTAAGGTCCGACACAC,2
CTAAGGTCCGGATTGC,2
CTAAGGTCCTAAGGTC,4
CTAAGGTCGAACAGGC,2
CTAAGGTCGACAGTGC,2
CTAAGGTCGAGTTAGC,2
CTAAGGTCGATGAATC,4
CTAAGGTCGCCAAGAC,9
CTAAGGTCCGGAAGAA,9
CTAAGGTCGTGACAAG,9
CTAAGGTCGAACCAGA,1
CGGATTGCTTGCTGGA,1
CGGATTGCACACAGAA,2
CGGATTGCACAGCAGA,2
CGGATTGCACCTCCAA,2
CGGATTGCACGCTCGA,2
CGGATTGCACGTATCA,2
CGGATTGCACTATGCA,2
CGGATTGCAGAGTCAA,2
CGGATTGCAGATCGCA,2
CGGATTGCAGCAGGAA,2
CGGATTGCAGTCACTA,2
CGGATTGCATCCTGTA,2
CGGATTGCATTGAGGA,2
CGGATTGCCAACCACA,2
CGGATTGCGACTAGTA,2
CGGATTGCCAATGGAA,2
CGGATTGCCACTTCGA,2
CGGATTGCCAGCGTTA,2
CGGATTGCCATACCAA,2
CGGATTGCCCAGTTCA,2
CGGATTGCCCGAAGTA,2
CGGATTGCCCGTGAGA,2
CGGATTGCCCTCCTGA,2
CGGATTGCCGAACTTA,2
CGGATTGCCGACTGGA,2
CGGATTGCCGCATACA,2
CGGATTGCCTCAATGA,2
CGGATTGCCTGAGCCA,2
CGGATTGCCTGGCATA,2
CGGATTGCGAATCTGA,2
CGGATTGCCAAGACTA,2
CGGATTGCGAGCTGAA,4
CGGATTGCGATAGACA,4
CGGATTGCGCCACATA,4
CGGATTGCGCGAGTAA,4
CGGATTGCGCTAACGA,4
CGGATTGCGCTCGGTA,4
CGGATTGCGGAGAACA,4
CGGATTGCGGTGCGAA,4
CGGATTGCGTACGCAA,4
CGGATTGCGTCGTAGA,4
CGGATTGCGTCTGTCA,4
CGGATTGCGTGTTCTA,4
CGGATTGCTAGGATGA,4
CGGATTGCTATCAGCA,4
CGGATTGCTCCGTCTA,4
CGGATTGCTCTTCACA,4
CGGATTGCTGAAGAGA,4
CGGATTGCTGGAACAA,4
CGGATTGCTGGCTTCA,4
CGGATTGCTGGTGGTA,4
CGGATTGCTTCACGCA,4
CGGATTGCAACTCACC,4
CGGATTGCAAGAGATC,4
CGGATTGCAAGGACAC,4
CGGATTGCAATCCGTC,4
CGGATTGCAATGTTGC,4
CGGATTGCACACGACC,4
CGGATTGCACAGATTC,4
CGGATTGCAGATGTAC,4
CGGATTGCAGCACCTC,4
CGGATTGCAGCCATGC,4
CGGATTGCAGGCTAAC,4
CGGATTGCATAGCGAC,4
CGGATTGCATCATTCC,2
CGGATTGCATTGGCTC,2
CGGATTGCCAAGGAGC,4
CGGATTGCCACCTTAC,4
CGGATTGCCCATCCTC,4
CGGATTGCCCGACAAC,4
CGGATTGCCCTAATCC,4
CGGATTGCCCTCTATC,2
CGGATTGCCGACACAC,2
CGGATTGCCGGATTGC,2
CGGATTGCCTAAGGTC,2
CGGATTGCGAACAGGC,2
CGGATTGCGACAGTGC,2
CGGATTGCGAGTTAGC,2
CGGATTGCGATGAATC,2
CGGATTGCGCCAAGAC,4
CGGATTGCCGGAAGAA,9
CGGATTGCGTGACAAG,9
CGGATTGCGAACCAGA,1
CGACACACTTGCTGGA,1
CGACACACAAGACGGA,2
CGACACACAAGGTACA,2
CGACACACACACAGAA,2
CGACACACACAGCAGA,2
CGACACACACCTCCAA,2
CGACACACACGCTCGA,2
CGACACACACGTATCA,2
CGACACACACTATGCA,2
CGACACACAGAGTCAA,2
CGACACACAGATCGCA,2
CGACACACAGCAGGAA,2
CGACACACAGTCACTA,2
CGACACACATCCTGTA,2
CGACACACATTGAGGA,2
CGACACACCAACCACA,2
CGACACACGACTAGTA,2
CGACACACCAATGGAA,2
CGACACACCACTTCGA,2
CGACACACCAGCGTTA,2
CGACACACCATACCAA,2
CGACACACCCAGTTCA,2
CGACACACCCGAAGTA,2
CGACACACCCGTGAGA,4
CGACACACCCTCCTGA,2
CGACACACCGAACTTA,2
CGACACACCGACTGGA,2
CGACACACCGCATACA,2
CGACACACCTCAATGA,2
CGACACACCTGAGCCA,2
CGACACACCTGGCATA,2
CGACACACGAATCTGA,2
CGACACACCAAGACTA,2
CGACACACGAGCTGAA,4
CGACACACGATAGACA,4
CGACACACGCCACATA,4
CGACACACGCGAGTAA,4
CGACACACGCTAACGA,4
CGACACACGCTCGGTA,4
CGACACACGGAGAACA,4
CGACACACGGTGCGAA,4
CGACACACGTACGCAA,4
CGACACACGTCGTAGA,4
CGACACACGTCTGTCA,4
CGACACACGTGTTCTA,4
CGACACACTAGGATGA,4
CGACACACTATCAGCA,4
CGACACACTCCGTCTA,4
CGACACACTCTTCACA,4
CGACACACTGAAGAGA,4
CGACACACTGGAACAA,4
CGACACACTGGCTTCA,4
CGACACACTGGTGGTA,4
CGACACACTTCACGCA,4
CGACACACAACTCACC,4
CGACACACAAGAGATC,4
CGACACACAAGGACAC,4
CGACACACAATCCGTC,4
CGACACACAATGTTGC,4
CGACACACACACGACC,4
CGACACACACAGATTC,4
CGACACACAGATGTAC,4
CGACACACAGCACCTC,4
CGACACACAGCCATGC,4
CGACACACAGGCTAAC,4
CGACACACATAGCGAC,4
CGACACACATCATTCC,4
CGACACACATTGGCTC,4
CGACACACCAAGGAGC,4
CGACACACCACCTTAC,4
CGACACACCCATCCTC,4
CGACACACCCGACAAC,4
CGACACACCCTAATCC,4
CGACACACCCTCTATC,2
CGACACACCGACACAC,2
CGACACACCGGATTGC,2
CGACACACCTAAGGTC,2
CGACACACGAACAGGC,2
CGACACACGACAGTGC,2
CGACACACGAGTTAGC,2
CGACACACGATGAATC,4
CGACACACGCCAAGAC,9
CGACACACCGGAAGAA,9
CGACACACGTGACAAG,9
CGACACACGAACCAGA,9
CCTCTATCTTGCTGGA,9
CCTCTATCAACCGAGA,2
CCTCTATCAACGCTTA,2
CCTCTATCAAGACGGA,2
CCTCTATCAAGGTACA,2
CCTCTATCACACAGAA,2
CCTCTATCACAGCAGA,2
CCTCTATCACCTCCAA,2
CCTCTATCACGCTCGA,2
CCTCTATCACGTATCA,2
CCTCTATCACTATGCA,2
CCTCTATCAGAGTCAA,2
CCTCTATCAGATCGCA,2
CCTCTATCAGCAGGAA,2
CCTCTATCAGTCACTA,2
CCTCTATCATCCTGTA,2
CCTCTATCATTGAGGA,2
CCTCTATCCAACCACA,2
CCTCTATCGACTAGTA,2
CCTCTATCCAATGGAA,2
CCTCTATCCACTTCGA,2
CCTCTATCCAGCGTTA,2
CCTCTATCCATACCAA,2
CCTCTATCCCAGTTCA,2
CCTCTATCCCGAAGTA,4
CCTCTATCCCGTGAGA,4
CCTCTATCCCTCCTGA,4
CCTCTATCCGAACTTA,2
CCTCTATCCGACTGGA,4
CCTCTATCCGCATACA,4
CCTCTATCCTCAATGA,2
CCTCTATCCTGAGCCA,2
CCTCTATCCTGGCATA,2
CCTCTATCGAATCTGA,2
CCTCTATCCAAGACTA,4
CCTCTATCGAGCTGAA,4
CCTCTATCGATAGACA,4
CCTCTATCGCCACATA,4
CCTCTATCGCGAGTAA,4
CCTCTATCGCTAACGA,4
CCTCTATCGCTCGGTA,4
CCTCTATCGGAGAACA,4
CCTCTATCGGTGCGAA,4
CCTCTATCGTACGCAA,4
CCTCTATCGTCGTAGA,4
CCTCTATCGTCTGTCA,4
CCTCTATCGTGTTCTA,4
CCTCTATCTAGGATGA,4
CCTCTATCTATCAGCA,4
CCTCTATCTCCGTCTA,4
CCTCTATCTCTTCACA,4
CCTCTATCTGAAGAGA,4
CCTCTATCTGGAACAA,4
CCTCTATCTGGCTTCA,4
CCTCTATCTGGTGGTA,4
CCTCTATCTTCACGCA,4
CCTCTATCAACTCACC,4
CCTCTATCAAGAGATC,4
CCTCTATCAAGGACAC,4
CCTCTATCAATCCGTC,4
CCTCTATCAATGTTGC,4
CCTCTATCACACGACC,4
CCTCTATCACAGATTC,4
CCTCTATCAGATGTAC,4
CCTCTATCAGCACCTC,4
CCTCTATCAGCCATGC,4
CCTCTATCAGGCTAAC,4
CCTCTATCATAGCGAC,4
CCTCTATCATCATTCC,4
CCTCTATCATTGGCTC,4
CCTCTATCCAAGGAGC,4
CCTCTATCCACCTTAC,4
CCTCTATCCCATCCTC,4
CCTCTATCCCGACAAC,4
CCTCTATCCCTAATCC,4
CCTCTATCCCTCTATC,2
CCTCTATCCGACACAC,2
CCTCTATCCGGATTGC,2
CCTCTATCCTAAGGTC,2
CCTCTATCGAACAGGC,2
CCTCTATCGACAGTGC,2
CCTCTATCGAGTTAGC,2
CCTCTATCGATGAATC,4
CCTCTATCGCCAAGAC,1
CCTCTATCCGGAAGAA,1
CCTCTATCGTGACAAG,9
CCTCTATCGAACCAGA,9
CCTAATCCTTGCTGGA,9
CCTAATCCAACCGAGA,2
CCTAATCCAACGCTTA,2
CCTAATCCAAGACGGA,2
CCTAATCCAAGGTACA,2
CCTAATCCACACAGAA,2
CCTAATCCACAGCAGA,2
CCTAATCCACCTCCAA,2
CCTAATCCACGCTCGA,2
CCTAATCCACGTATCA,2
CCTAATCCACTATGCA,2
CCTAATCCAGAGTCAA,2
CCTAATCCAGATCGCA,2
CCTAATCCAGCAGGAA,4
CCTAATCCAGTCACTA,2
CCTAATCCATCCTGTA,2
CCTAATCCATTGAGGA,2
CCTAATCCCAACCACA,2
CCTAATCCGACTAGTA,2
CCTAATCCCAATGGAA,2
CCTAATCCCACTTCGA,2
CCTAATCCCAGCGTTA,2
CCTAATCCCATACCAA,2
CCTAATCCCCAGTTCA,2
CCTAATCCCCGAAGTA,4
CCTAATCCCCGTGAGA,4
CCTAATCCCCTCCTGA,4
CCTAATCCCGAACTTA,4
CCTAATCCCGACTGGA,4
CCTAATCCCGCATACA,4
CCTAATCCCTCAATGA,4
CCTAATCCCTGAGCCA,4
CCTAATCCCTGGCATA,4
CCTAATCCGAATCTGA,4
CCTAATCCCAAGACTA,4
CCTAATCCGAGCTGAA,4
CCTAATCCGATAGACA,4
CCTAATCCGCCACATA,4
CCTAATCCGCGAGTAA,4
CCTAATCCGCTAACGA,4
CCTAATCCGCTCGGTA,4
CCTAATCCGGAGAACA,4
CCTAATCCGGTGCGAA,4
CCTAATCCGTACGCAA,4
CCTAATCCGTCGTAGA,4
CCTAATCCGTCTGTCA,4
CCTAATCCGTGTTCTA,4
CCTAATCCTAGGATGA,4
CCTAATCCTATCAGCA,4
CCTAATCCTCCGTCTA,4
CCTAATCCTCTTCACA,4
CCTAATCCTGAAGAGA,4
CCTAATCCTGGAACAA,4
CCTAATCCTGGCTTCA,4
CCTAATCCTGGTGGTA,4
CCTAATCCTTCACGCA,4
CCTAATCCAACTCACC,4
CCTAATCCAAGAGATC,4
CCTAATCCAAGGACAC,4
CCTAATCCAATCCGTC,4
CCTAATCCAATGTTGC,4
CCTAATCCACACGACC,4
CCTAATCCACAGATTC,4
CCTAATCCAGATGTAC,4
CCTAATCCAGCACCTC,4
CCTAATCCAGCCATGC,4
CCTAATCCAGGCTAAC,4
CCTAATCCATAGCGAC,4
CCTAATCCATCATTCC,4
CCTAATCCATTGGCTC,4
CCTAATCCCAAGGAGC,4
CCTAATCCCACCTTAC,4
CCTAATCCCCATCCTC,4
CCTAATCCCCGACAAC,4
CCTAATCCCCTAATCC,4
CCTAATCCCCTCTATC,2
CCTAATCCCGACACAC,2
CCTAATCCCGGATTGC,2
CCTAATCCCTAAGGTC,2
CCTAATCCGAACAGGC,2
CCTAATCCGACAGTGC,2
CCTAATCCGAGTTAGC,4
CCTAATCCGATGAATC,4
CCTAATCCGCCAAGAC,1
CCTAATCCCGGAAGAA,9
CCTAATCCGTGACAAG,9
CCTAATCCGAACCAGA,9
CCGACAACTTGCTGGA,1
CCGACAACAACAACCA,2
CCGACAACAACCGAGA,9
CCGACAACAACGCTTA,2
CCGACAACAAGACGGA,2
CCGACAACAAGGTACA,2
CCGACAACACACAGAA,2
CCGACAACACAGCAGA,2
CCGACAACACCTCCAA,2
CCGACAACACGCTCGA,2
CCGACAACACGTATCA,2
CCGACAACACTATGCA,2
CCGACAACAGAGTCAA,2
CCGACAACAGATCGCA,2
CCGACAACAGCAGGAA,2
CCGACAACAGTCACTA,7
CCGACAACATCCTGTA,2
CCGACAACATTGAGGA,2
CCGACAACCAACCACA,2
CCGACAACGACTAGTA,2
CCGACAACCAATGGAA,2
CCGACAACCACTTCGA,2
CCGACAACCAGCGTTA,2
CCGACAACCATACCAA,2
CCGACAACCCAGTTCA,2
CCGACAACCCGAAGTA,2
CCGACAACCCGTGAGA,4
CCGACAACCCTCCTGA,4
CCGACAACCGAACTTA,4
CCGACAACCGACTGGA,4
CCGACAACCGCATACA,4
CCGACAACCTCAATGA,4
CCGACAACCTGAGCCA,4
CCGACAACCTGGCATA,4
CCGACAACGAATCTGA,4
CCGACAACCAAGACTA,4
CCGACAACGAGCTGAA,4
CCGACAACGATAGACA,4
CCGACAACGCCACATA,4
CCGACAACGCGAGTAA,4
CCGACAACGCTAACGA,4
CCGACAACGCTCGGTA,4
CCGACAACGGAGAACA,4
CCGACAACGGTGCGAA,4
CCGACAACGTACGCAA,4
CCGACAACGTCGTAGA,4
CCGACAACGTCTGTCA,4
CCGACAACGTGTTCTA,4
CCGACAACTAGGATGA,4
CCGACAACTATCAGCA,4
CCGACAACTCCGTCTA,4
CCGACAACTCTTCACA,4
CCGACAACTGAAGAGA,4
CCGACAACTGGAACAA,4
CCGACAACTGGCTTCA,4
CCGACAACTGGTGGTA,4
CCGACAACTTCACGCA,4
CCGACAACAACTCACC,4
CCGACAACAAGAGATC,4
CCGACAACAAGGACAC,4
CCGACAACAATCCGTC,4
CCGACAACAATGTTGC,4
CCGACAACACACGACC,4
CCGACAACACAGATTC,4
CCGACAACAGATGTAC,4
CCGACAACAGCACCTC,4
CCGACAACAGCCATGC,4
CCGACAACAGGCTAAC,4
CCGACAACATAGCGAC,4
CCGACAACATCATTCC,4
CCGACAACATTGGCTC,4
CCGACAACCAAGGAGC,4
CCGACAACCACCTTAC,4
CCGACAACCCATCCTC,4
CCGACAACCCGACAAC,4
CCGACAACCCTAATCC,4
CCGACAACCCTCTATC,2
CCGACAACCGACACAC,2
CCGACAACCGGATTGC,2
CCGACAACCTAAGGTC,2
CCGACAACGAACAGGC,2
CCGACAACGACAGTGC,2
CCGACAACGAGTTAGC,4
CCGACAACGATGAATC,4
CCGACAACGCCAAGAC,4
CCGACAACCGGAAGAA,9
CCGACAACGTGACAAG,9
CCGACAACGAACCAGA,9
CCATCCTCTTGCTGGA,1
CCATCCTCAGTACAAG,2
CCATCCTCAACAACCA,2
CCATCCTCAACCGAGA,2
CCATCCTCAACGCTTA,2
CCATCCTCAAGACGGA,2
CCATCCTCAAGGTACA,2
CCATCCTCACACAGAA,2
CCATCCTCACAGCAGA,2
CCATCCTCACCTCCAA,2
CCATCCTCACGCTCGA,2
CCATCCTCACGTATCA,2
CCATCCTCACTATGCA,2
CCATCCTCAGAGTCAA,2
CCATCCTCAGATCGCA,2
CCATCCTCAGCAGGAA,2
CCATCCTCAGTCACTA,2
CCATCCTCATCCTGTA,2
CCATCCTCATTGAGGA,2
CCATCCTCCAACCACA,2
CCATCCTCGACTAGTA,2
CCATCCTCCAATGGAA,2
CCATCCTCCACTTCGA,2
CCATCCTCCAGCGTTA,2
CCATCCTCCATACCAA,2
CCATCCTCCCAGTTCA,2
CCATCCTCCCGAAGTA,2
CCATCCTCCCGTGAGA,4
CCATCCTCCCTCCTGA,4
CCATCCTCCGAACTTA,4
CCATCCTCCGACTGGA,2
CCATCCTCCGCATACA,4
CCATCCTCCTCAATGA,4
CCATCCTCCTGAGCCA,4
CCATCCTCCTGGCATA,4
CCATCCTCGAATCTGA,4
CCATCCTCCAAGACTA,4
CCATCCTCGAGCTGAA,4
CCATCCTCGATAGACA,2
CCATCCTCGCCACATA,4
CCATCCTCGCGAGTAA,2
CCATCCTCGCTAACGA,4
CCATCCTCGCTCGGTA,4
CCATCCTCGGAGAACA,4
CCATCCTCGGTGCGAA,4
CCATCCTCGTACGCAA,4
CCATCCTCGTCGTAGA,4
CCATCCTCGTCTGTCA,4
CCATCCTCGTGTTCTA,4
CCATCCTCTAGGATGA,4
CCATCCTCTATCAGCA,4
CCATCCTCTCCGTCTA,4
CCATCCTCTCTTCACA,4
CCATCCTCTGAAGAGA,4
CCATCCTCTGGAACAA,8
CCATCCTCTGGCTTCA,4
CCATCCTCTGGTGGTA,4
CCATCCTCTTCACGCA,4
CCATCCTCAACTCACC,4
CCATCCTCAAGAGATC,4
CCATCCTCAAGGACAC,4
CCATCCTCAATCCGTC,4
CCATCCTCAATGTTGC,4
CCATCCTCACACGACC,4
CCATCCTCACAGATTC,4
CCATCCTCAGATGTAC,4
CCATCCTCAGCACCTC,4
CCATCCTCAGCCATGC,4
CCATCCTCAGGCTAAC,4
CCATCCTCATAGCGAC,4
CCATCCTCATCATTCC,4
CCATCCTCATTGGCTC,4
CCATCCTCCAAGGAGC,4
CCATCCTCCACCTTAC,4
CCATCCTCCCATCCTC,4
CCATCCTCCCGACAAC,4
CCATCCTCCCTAATCC,4
CCATCCTCCCTCTATC,4
CCATCCTCCGACACAC,2
CCATCCTCCGGATTGC,2
CCATCCTCCTAAGGTC,2
CCATCCTCGAACAGGC,2
CCATCCTCGACAGTGC,2
CCATCCTCGAGTTAGC,4
CCATCCTCGATGAATC,4
CCATCCTCGCCAAGAC,4
CCATCCTCCGGAAGAA,9
CCATCCTCGTGACAAG,1
CCATCCTCGAACCAGA,1
CACCTTACTTGCTGGA,1
CACCTTACAGTACAAG,2
CACCTTACAACAACCA,2
CACCTTACAACCGAGA,2
CACCTTACAACGCTTA,2
CACCTTACAAGACGGA,2
CACCTTACAAGGTACA,2
CACCTTACACACAGAA,2
CACCTTACACAGCAGA,2
CACCTTACACCTCCAA,2
CACCTTACACGCTCGA,2
CACCTTACACGTATCA,2
CACCTTACACTATGCA,2
CACCTTACAGAGTCAA,2
CACCTTACAGATCGCA,2
CACCTTACAGCAGGAA,2
CACCTTACAGTCACTA,2
CACCTTACATCCTGTA,2
CACCTTACATTGAGGA,2
CACCTTACCAACCACA,2
CACCTTACGACTAGTA,2
CACCTTACCAATGGAA,2
CACCTTACCACTTCGA,2
CACCTTACCAGCGTTA,2
CACCTTACCATACCAA,2
CACCTTACCCAGTTCA,2
CACCTTACCCGAAGTA,4
CACCTTACCCGTGAGA,4
CACCTTACCCTCCTGA,4
CACCTTACCGAACTTA,4
CACCTTACCGACTGGA,2
CACCTTACCGCATACA,4
CACCTTACCTCAATGA,4
CACCTTACCTGAGCCA,4
CACCTTACCTGGCATA,4
CACCTTACGAATCTGA,4
CACCTTACCAAGACTA,4
CACCTTACGAGCTGAA,2
CACCTTACGATAGACA,2
CACCTTACGCCACATA,2
CACCTTACGCGAGTAA,2
CACCTTACGCTAACGA,2
CACCTTACGCTCGGTA,4
CACCTTACGGAGAACA,4
CACCTTACGGTGCGAA,4
CACCTTACGTACGCAA,4
CACCTTACGTCGTAGA,4
CACCTTACGTCTGTCA,4
CACCTTACGTGTTCTA,4
CACCTTACTAGGATGA,4
CACCTTACTATCAGCA,4
CACCTTACTCCGTCTA,4
CACCTTACTCTTCACA,4
CACCTTACTGAAGAGA,4
CACCTTACTGGAACAA,4
CACCTTACTGGCTTCA,4
CACCTTACTGGTGGTA,4
CACCTTACTTCACGCA,4
CACCTTACAACTCACC,4
CACCTTACAAGAGATC,4
CACCTTACAAGGACAC,4
CACCTTACAATCCGTC,4
CACCTTACAATGTTGC,4
CACCTTACACACGACC,4
CACCTTACACAGATTC,4
CACCTTACAGATGTAC,4
CACCTTACAGCACCTC,4
CACCTTACAGCCATGC,4
CACCTTACAGGCTAAC,4
CACCTTACATAGCGAC,4
CACCTTACATCATTCC,4
CACCTTACATTGGCTC,4
CACCTTACCAAGGAGC,4
CACCTTACCACCTTAC,4
CACCTTACCCATCCTC,4
CACCTTACCCGACAAC,4
CACCTTACCCTAATCC,4
CACCTTACCCTCTATC,4
CACCTTACCGACACAC,2
CACCTTACCGGATTGC,2
CACCTTACCTAAGGTC,2
CACCTTACGAACAGGC,2
CACCTTACGACAGTGC,2
CACCTTACGAGTTAGC,2
CACCTTACGATGAATC,4
CACCTTACGCCAAGAC,4
CACCTTACCGGAAGAA,4
CACCTTACGTGACAAG,1
CACCTTACGAACCAGA,1
CAAGGAGCTTGCTGGA,1
CAAGGAGCCTGTAGCC,2
CAAGGAGCAGTACAAG,2
CAAGGAGCAACAACCA,2
CAAGGAGCAACCGAGA,2
CAAGGAGCAACGCTTA,2
CAAGGAGCAAGACGGA,2
CAAGGAGCAAGGTACA,2
CAAGGAGCACACAGAA,2
CAAGGAGCACAGCAGA,2
CAAGGAGCACCTCCAA,2
CAAGGAGCACGCTCGA,2
CAAGGAGCACGTATCA,2
CAAGGAGCACTATGCA,2
CAAGGAGCAGAGTCAA,2
CAAGGAGCAGATCGCA,2
CAAGGAGCAGCAGGAA,2
CAAGGAGCAGTCACTA,2
CAAGGAGCATCCTGTA,2
CAAGGAGCATTGAGGA,2
CAAGGAGCCAACCACA,2
CAAGGAGCGACTAGTA,2
CAAGGAGCCAATGGAA,2
CAAGGAGCCACTTCGA,2
CAAGGAGCCAGCGTTA,2
CAAGGAGCCATACCAA,2
CAAGGAGCCCAGTTCA,4
CAAGGAGCCCGAAGTA,4
CAAGGAGCCCGTGAGA,4
CAAGGAGCCCTCCTGA,4
CAAGGAGCCGAACTTA,4
CAAGGAGCCGACTGGA,4
CAAGGAGCCGCATACA,4
CAAGGAGCCTCAATGA,4
CAAGGAGCCTGAGCCA,4
CAAGGAGCCTGGCATA,4
CAAGGAGCGAATCTGA,4
CAAGGAGCCAAGACTA,4
CAAGGAGCGAGCTGAA,2
CAAGGAGCGATAGACA,2
CAAGGAGCGCCACATA,2
CAAGGAGCGCGAGTAA,4
CAAGGAGCGCTAACGA,4
CAAGGAGCGCTCGGTA,4
CAAGGAGCGGAGAACA,4
CAAGGAGCGGTGCGAA,4
CAAGGAGCGTACGCAA,4
CAAGGAGCGTCGTAGA,4
CAAGGAGCGTCTGTCA,4
CAAGGAGCGTGTTCTA,4
CAAGGAGCTAGGATGA,4
CAAGGAGCTATCAGCA,4
CAAGGAGCTCCGTCTA,4
CAAGGAGCTCTTCACA,4
CAAGGAGCTGAAGAGA,4
CAAGGAGCTGGAACAA,4
CAAGGAGCTGGCTTCA,4
CAAGGAGCTGGTGGTA,4
CAAGGAGCTTCACGCA,4
CAAGGAGCAACTCACC,4
CAAGGAGCAAGAGATC,4
CAAGGAGCAAGGACAC,4
CAAGGAGCAATCCGTC,4
CAAGGAGCAATGTTGC,4
CAAGGAGCACACGACC,4
CAAGGAGCACAGATTC,4
CAAGGAGCAGATGTAC,4
CAAGGAGCAGCACCTC,4
CAAGGAGCAGCCATGC,4
CAAGGAGCAGGCTAAC,4
CAAGGAGCATAGCGAC,4
CAAGGAGCATCATTCC,4
CAAGGAGCATTGGCTC,4
CAAGGAGCCAAGGAGC,4
CAAGGAGCCACCTTAC,4
CAAGGAGCCCATCCTC,4
CAAGGAGCCCGACAAC,4
CAAGGAGCCCTAATCC,4
CAAGGAGCCCTCTATC,4
CAAGGAGCCGACACAC,2
CAAGGAGCCGGATTGC,2
CAAGGAGCCTAAGGTC,2
CAAGGAGCGAACAGGC,2
CAAGGAGCGACAGTGC,2
CAAGGAGCGAGTTAGC,2
CAAGGAGCGATGAATC,4
CAAGGAGCGCCAAGAC,4
CAAGGAGCCGGAAGAA,4
CAAGGAGCGTGACAAG,1
CAAGGAGCGAACCAGA,1
ATTGGCTCACAAGCTA,2
ATTGGCTCTTGCTGGA,1
ATTGGCTCCTGTAGCC,2
ATTGGCTCAGTACAAG,2
ATTGGCTCAACAACCA,2
ATTGGCTCAACCGAGA,2
ATTGGCTCAACGCTTA,2
ATTGGCTCAAGACGGA,2
ATTGGCTCAAGGTACA,2
ATTGGCTCACACAGAA,2
ATTGGCTCACAGCAGA,2
ATTGGCTCACCTCCAA,2
ATTGGCTCACGCTCGA,2
ATTGGCTCACGTATCA,2
ATTGGCTCACTATGCA,2
ATTGGCTCAGAGTCAA,2
ATTGGCTCAGATCGCA,2
ATTGGCTCAGCAGGAA,2
ATTGGCTCAGTCACTA,2
ATTGGCTCATCCTGTA,2
ATTGGCTCATTGAGGA,2
ATTGGCTCCAACCACA,2
ATTGGCTCGACTAGTA,2
ATTGGCTCCAATGGAA,2
ATTGGCTCCACTTCGA,2
ATTGGCTCCAGCGTTA,2
ATTGGCTCCATACCAA,4
ATTGGCTCCCAGTTCA,4
ATTGGCTCCCGAAGTA,4
ATTGGCTCCCGTGAGA,4
ATTGGCTCCCTCCTGA,4
ATTGGCTCCGAACTTA,4
ATTGGCTCCGACTGGA,4
ATTGGCTCCGCATACA,4
ATTGGCTCCTCAATGA,4
ATTGGCTCCTGAGCCA,4
ATTGGCTCCTGGCATA,4
ATTGGCTCGAATCTGA,4
ATTGGCTCCAAGACTA,4
ATTGGCTCGAGCTGAA,4
ATTGGCTCGATAGACA,4
ATTGGCTCGCCACATA,4
ATTGGCTCGCGAGTAA,4
ATTGGCTCGCTAACGA,4
ATTGGCTCGCTCGGTA,4
ATTGGCTCGGAGAACA,4
ATTGGCTCGGTGCGAA,4
ATTGGCTCGTACGCAA,4
ATTGGCTCGTCGTAGA,4
ATTGGCTCGTCTGTCA,4
ATTGGCTCGTGTTCTA,4
ATTGGCTCTAGGATGA,4
ATTGGCTCTATCAGCA,4
ATTGGCTCTCCGTCTA,6
ATTGGCTCTCTTCACA,4
ATTGGCTCTGAAGAGA,4
ATTGGCTCTGGAACAA,4
ATTGGCTCTGGCTTCA,4
ATTGGCTCTGGTGGTA,4
ATTGGCTCTTCACGCA,4
ATTGGCTCAACTCACC,4
ATTGGCTCAAGAGATC,4
ATTGGCTCAAGGACAC,4
ATTGGCTCAATCCGTC,4
ATTGGCTCAATGTTGC,4
ATTGGCTCACACGACC,4
ATTGGCTCACAGATTC,4
ATTGGCTCAGATGTAC,4
ATTGGCTCAGCACCTC,4
ATTGGCTCAGCCATGC,4
ATTGGCTCAGGCTAAC,4
ATTGGCTCATAGCGAC,4
ATTGGCTCATCATTCC,4
ATTGGCTCATTGGCTC,4
ATTGGCTCCAAGGAGC,4
ATTGGCTCCACCTTAC,4
ATTGGCTCCCATCCTC,4
ATTGGCTCCCGACAAC,4
ATTGGCTCCCTAATCC,4
ATTGGCTCCCTCTATC,4
ATTGGCTCCGACACAC,2
ATTGGCTCCGGATTGC,2
ATTGGCTCCTAAGGTC,2
ATTGGCTCGAACAGGC,2
ATTGGCTCGACAGTGC,2
ATTGGCTCGAGTTAGC,4
ATTGGCTCGATGAATC,4
ATTGGCTCGCCAAGAC,4
ATTGGCTCCGGAAGAA,9
ATTGGCTCGTGACAAG,9
ATTGGCTCGAACCAGA,1
ATCATTCCACAAGCTA,2
ATCATTCCTTGCTGGA,1
ATCATTCCCTGTAGCC,2
ATCATTCCAGTACAAG,2
ATCATTCCAACAACCA,2
ATCATTCCAACCGAGA,2
ATCATTCCAACGCTTA,2
ATCATTCCAAGACGGA,2
ATCATTCCAAGGTACA,2
ATCATTCCACACAGAA,2
ATCATTCCACAGCAGA,2
ATCATTCCACCTCCAA,2
ATCATTCCACGCTCGA,2
ATCATTCCACGTATCA,4
ATCATTCCACTATGCA,4
ATCATTCCAGAGTCAA,2
ATCATTCCAGATCGCA,2
ATCATTCCAGCAGGAA,2
ATCATTCCAGTCACTA,2
ATCATTCCATCCTGTA,2
ATCATTCCATTGAGGA,2
ATCATTCCCAACCACA,2
ATCATTCCGACTAGTA,2
ATCATTCCCAATGGAA,2
ATCATTCCCACTTCGA,2
ATCATTCCCAGCGTTA,2
ATCATTCCCATACCAA,4
ATCATTCCCCAGTTCA,4
ATCATTCCCCGAAGTA,4
ATCATTCCCCGTGAGA,4
ATCATTCCCCTCCTGA,4
ATCATTCCCGAACTTA,4
ATCATTCCCGACTGGA,4
ATCATTCCCGCATACA,4
ATCATTCCCTCAATGA,4
ATCATTCCCTGAGCCA,4
ATCATTCCCTGGCATA,4
ATCATTCCGAATCTGA,4
ATCATTCCCAAGACTA,4
ATCATTCCGAGCTGAA,4
ATCATTCCGATAGACA,4
ATCATTCCGCCACATA,4
ATCATTCCGCGAGTAA,4
ATCATTCCGCTAACGA,4
ATCATTCCGCTCGGTA,4
ATCATTCCGGAGAACA,4
ATCATTCCGGTGCGAA,4
ATCATTCCGTACGCAA,4
ATCATTCCGTCGTAGA,4
ATCATTCCGTCTGTCA,4
ATCATTCCGTGTTCTA,4
ATCATTCCTAGGATGA,4
ATCATTCCTATCAGCA,4
ATCATTCCTCCGTCTA,6
ATCATTCCTCTTCACA,4
ATCATTCCTGAAGAGA,4
ATCATTCCTGGAACAA,4
ATCATTCCTGGCTTCA,4
ATCATTCCTGGTGGTA,4
ATCATTCCTTCACGCA,4
ATCATTCCAACTCACC,4
ATCATTCCAAGAGATC,4
ATCATTCCAAGGACAC,4
ATCATTCCAATCCGTC,4
ATCATTCCAATGTTGC,6
ATCATTCCACACGACC,6
ATCATTCCACAGATTC,4
ATCATTCCAGATGTAC,4
ATCATTCCAGCACCTC,4
ATCATTCCAGCCATGC,4
ATCATTCCAGGCTAAC,4
ATCATTCCATAGCGAC,4
ATCATTCCATCATTCC,4
ATCATTCCATTGGCTC,4
ATCATTCCCAAGGAGC,4
ATCATTCCCACCTTAC,4
ATCATTCCCCATCCTC,4
ATCATTCCCCGACAAC,4
ATCATTCCCCTAATCC,4
ATCATTCCCCTCTATC,4
ATCATTCCCGACACAC,4
ATCATTCCCGCTGATC,2
ATCATTCCCGGATTGC,2
ATCATTCCCTAAGGTC,2
ATCATTCCGAACAGGC,4
ATCATTCCGACAGTGC,4
ATCATTCCGAGTTAGC,4
ATCATTCCGATGAATC,4
ATCATTCCGCCAAGAC,4
ATCATTCCCGGAAGAA,9
ATCATTCCGTGACAAG,9
ATCATTCCGAACCAGA,9
ATAGCGACACAAGCTA,2
ATAGCGACTTGCTGGA,4
ATAGCGACCTGTAGCC,2
ATAGCGACAGTACAAG,2
ATAGCGACAACAACCA,2
ATAGCGACAACCGAGA,2
ATAGCGACAACGCTTA,2
ATAGCGACAAGACGGA,2
ATAGCGACAAGGTACA,2
ATAGCGACACACAGAA,2
ATAGCGACACAGCAGA,2
ATAGCGACACCTCCAA,2
ATAGCGACACGCTCGA,2
ATAGCGACACGTATCA,2
ATAGCGACACTATGCA,2
ATAGCGACAGAGTCAA,2
ATAGCGACAGATCGCA,2
ATAGCGACAGCAGGAA,2
ATAGCGACAGTCACTA,2
ATAGCGACATCCTGTA,2
ATAGCGACATTGAGGA,2
ATAGCGACCAACCACA,2
ATAGCGACGACTAGTA,2
ATAGCGACCAATGGAA,2
ATAGCGACCACTTCGA,2
ATAGCGACCAGCGTTA,4
ATAGCGACCATACCAA,4
ATAGCGACCCAGTTCA,4
ATAGCGACCCGAAGTA,4
ATAGCGACCCGTGAGA,4
ATAGCGACCCTCCTGA,2
ATAGCGACCGAACTTA,2
ATAGCGACCGACTGGA,2
ATAGCGACCGCATACA,4
ATAGCGACCTCAATGA,4
ATAGCGACCTGAGCCA,4
ATAGCGACCTGGCATA,4
ATAGCGACGAATCTGA,4
ATAGCGACCAAGACTA,4
ATAGCGACGAGCTGAA,4
ATAGCGACGATAGACA,4
ATAGCGACGCCACATA,4
ATAGCGACGCGAGTAA,4
ATAGCGACGCTAACGA,4
ATAGCGACGCTCGGTA,4
ATAGCGACGGAGAACA,4
ATAGCGACGGTGCGAA,4
ATAGCGACGTACGCAA,4
ATAGCGACGTCGTAGA,4
ATAGCGACGTCTGTCA,4
ATAGCGACGTGTTCTA,4
ATAGCGACTAGGATGA,4
ATAGCGACTATCAGCA,4
ATAGCGACTCCGTCTA,6
ATAGCGACTCTTCACA,6
ATAGCGACTGAAGAGA,6
ATAGCGACTGGAACAA,4
ATAGCGACTGGCTTCA,6
ATAGCGACTGGTGGTA,4
ATAGCGACTTCACGCA,6
ATAGCGACAACTCACC,6
ATAGCGACAAGAGATC,6
ATAGCGACAAGGACAC,6
ATAGCGACAATCCGTC,6
ATAGCGACAATGTTGC,6
ATAGCGACACACGACC,6
ATAGCGACACAGATTC,6
ATAGCGACAGATGTAC,6
ATAGCGACAGCACCTC,4
ATAGCGACAGCCATGC,4
ATAGCGACAGGCTAAC,4
ATAGCGACATAGCGAC,4
ATAGCGACATCATTCC,4
ATAGCGACATTGGCTC,4
ATAGCGACCAAGGAGC,4
ATAGCGACCACCTTAC,4
ATAGCGACCCATCCTC,4
ATAGCGACCCGACAAC,4
ATAGCGACCCTAATCC,4
ATAGCGACCCTCTATC,4
ATAGCGACCGACACAC,4
ATAGCGACCGCTGATC,2
ATAGCGACCGGATTGC,2
ATAGCGACCTAAGGTC,2
ATAGCGACGAACAGGC,4
ATAGCGACGACAGTGC,4
ATAGCGACGAGTTAGC,4
ATAGCGACGATGAATC,4
ATAGCGACGCCAAGAC,1
ATAGCGACCGGAAGAA,9
ATAGCGACGTGACAAG,9
ATAGCGACGAACCAGA,9
AGGCTAACACAAGCTA,2
AGGCTAACTTGCTGGA,4
AGGCTAACCTGTAGCC,2
AGGCTAACAGTACAAG,2
AGGCTAACAACAACCA,2
AGGCTAACAACCGAGA,2
AGGCTAACAACGCTTA,2
AGGCTAACAAGACGGA,2
AGGCTAACAAGGTACA,2
AGGCTAACACACAGAA,2
AGGCTAACACAGCAGA,2
AGGCTAACACCTCCAA,2
AGGCTAACACGCTCGA,2
AGGCTAACACGTATCA,2
AGGCTAACACTATGCA,2
AGGCTAACAGAGTCAA,2
AGGCTAACAGATCGCA,2
AGGCTAACAGCAGGAA,2
AGGCTAACAGTCACTA,2
AGGCTAACATCCTGTA,2
AGGCTAACATTGAGGA,2
AGGCTAACCAACCACA,2
AGGCTAACGACTAGTA,2
AGGCTAACCAATGGAA,4
AGGCTAACCACTTCGA,2
AGGCTAACCAGCGTTA,4
AGGCTAACCATACCAA,4
AGGCTAACCCAGTTCA,4
AGGCTAACCCGAAGTA,4
AGGCTAACCCGTGAGA,2
AGGCTAACCCTCCTGA,2
AGGCTAACCGAACTTA,4
AGGCTAACCGACTGGA,4
AGGCTAACCGCATACA,4
AGGCTAACCTCAATGA,4
AGGCTAACCTGAGCCA,4
AGGCTAACCTGGCATA,4
AGGCTAACGAATCTGA,4
AGGCTAACCAAGACTA,4
AGGCTAACGAGCTGAA,4
AGGCTAACGATAGACA,4
AGGCTAACGCCACATA,4
AGGCTAACGCGAGTAA,4
AGGCTAACGCTAACGA,4
AGGCTAACGCTCGGTA,4
AGGCTAACGGAGAACA,4
AGGCTAACGGTGCGAA,4
AGGCTAACGTACGCAA,4
AGGCTAACGTCGTAGA,4
AGGCTAACGTCTGTCA,4
AGGCTAACGTGTTCTA,4
AGGCTAACTAGGATGA,4
AGGCTAACTATCAGCA,6
AGGCTAACTCCGTCTA,6
AGGCTAACTCTTCACA,6
AGGCTAACTGAAGAGA,6
AGGCTAACTGGAACAA,6
AGGCTAACTGGCTTCA,6
AGGCTAACTGGTGGTA,6
AGGCTAACTTCACGCA,6
AGGCTAACAACTCACC,6
AGGCTAACAAGAGATC,6
AGGCTAACAAGGACAC,6
AGGCTAACAATCCGTC,6
AGGCTAACAATGTTGC,6
AGGCTAACACACGACC,6
AGGCTAACACAGATTC,6
AGGCTAACAGATGTAC,6
AGGCTAACAGCACCTC,4
AGGCTAACAGCCATGC,4
AGGCTAACAGGCTAAC,4
AGGCTAACCATCAAGT,2
AGGCTAACATAGCGAC,4
AGGCTAACATCATTCC,4
AGGCTAACATTGGCTC,4
AGGCTAACCAAGGAGC,4
AGGCTAACCACCTTAC,4
AGGCTAACCCATCCTC,4
AGGCTAACCCGACAAC,4
AGGCTAACCCTAATCC,4
AGGCTAACCCTCTATC,4
AGGCTAACCGACACAC,2
AGGCTAACCGCTGATC,2
AGGCTAACCGGATTGC,2
AGGCTAACCTAAGGTC,2
AGGCTAACGAACAGGC,2
AGGCTAACGACAGTGC,4
AGGCTAACGAGTTAGC,4
AGGCTAACGATGAATC,4
AGGCTAACGCCAAGAC,1
AGGCTAACCGGAAGAA,9
AGGCTAACGTGACAAG,9
AGGCTAACGAACCAGA,9
AGCCATGCACAAGCTA,2
AGCCATGCTTGCTGGA,9
AGCCATGCCTGTAGCC,2
AGCCATGCAGTACAAG,2
AGCCATGCAACAACCA,2
AGCCATGCAACCGAGA,2
AGCCATGCAACGCTTA,2
AGCCATGCAAGACGGA,2
AGCCATGCAAGGTACA,2
AGCCATGCACACAGAA,2
AGCCATGCACAGCAGA,2
AGCCATGCACCTCCAA,2
AGCCATGCACGCTCGA,2
AGCCATGCACGTATCA,2
AGCCATGCACTATGCA,2
AGCCATGCAGAGTCAA,2
AGCCATGCAGATCGCA,2
AGCCATGCAGCAGGAA,2
AGCCATGCAGTCACTA,2
AGCCATGCATCCTGTA,2
AGCCATGCATTGAGGA,7
AGCCATGCCAACCACA,2
AGCCATGCGACTAGTA,2
AGCCATGCCAATGGAA,2
AGCCATGCCACTTCGA,2
AGCCATGCCAGCGTTA,4
AGCCATGCCATACCAA,4
AGCCATGCCCAGTTCA,4
AGCCATGCCCGAAGTA,2
AGCCATGCCCGTGAGA,2
AGCCATGCCCTCCTGA,2
AGCCATGCCGAACTTA,2
AGCCATGCCGACTGGA,2
AGCCATGCCGCATACA,4
AGCCATGCCTCAATGA,2
AGCCATGCCTGAGCCA,4
AGCCATGCCTGGCATA,4
AGCCATGCGAATCTGA,4
AGCCATGCCAAGACTA,4
AGCCATGCGAGCTGAA,4
AGCCATGCGATAGACA,4
AGCCATGCGCCACATA,4
AGCCATGCGCGAGTAA,4
AGCCATGCGCTAACGA,4
AGCCATGCGCTCGGTA,4
AGCCATGCGGAGAACA,4
AGCCATGCGGTGCGAA,4
AGCCATGCGTACGCAA,4
AGCCATGCGTCGTAGA,4
AGCCATGCGTCTGTCA,4
AGCCATGCGTGTTCTA,4
AGCCATGCTAGGATGA,4
AGCCATGCTATCAGCA,6
AGCCATGCTCCGTCTA,6
AGCCATGCTCTTCACA,6
AGCCATGCTGAAGAGA,6
AGCCATGCTGGAACAA,6
AGCCATGCTGGCTTCA,6
AGCCATGCTGGTGGTA,6
AGCCATGCTTCACGCA,6
AGCCATGCAACTCACC,6
AGCCATGCCAGATCTG,2
AGCCATGCAAGAGATC,6
AGCCATGCAAGGACAC,6
AGCCATGCAATCCGTC,6
AGCCATGCAATGTTGC,6
AGCCATGCACACGACC,6
AGCCATGCACAGATTC,6
AGCCATGCAGATGTAC,6
AGCCATGCAGCACCTC,4
AGCCATGCAGCCATGC,4
AGCCATGCAGGCTAAC,4
AGCCATGCCATCAAGT,2
AGCCATGCATAGCGAC,4
AGCCATGCATCATTCC,4
AGCCATGCATTGGCTC,4
AGCCATGCCAAGGAGC,4
AGCCATGCCACCTTAC,4
AGCCATGCCCATCCTC,4
AGCCATGCCCGACAAC,4
AGCCATGCCCTAATCC,4
AGCCATGCCCTCTATC,4
AGCCATGCCGACACAC,2
AGCCATGCCGCTGATC,2
AGCCATGCCGGATTGC,2
AGCCATGCCTAAGGTC,2
AGCCATGCGAACAGGC,2
AGCCATGCGACAGTGC,4
AGCCATGCGAGTTAGC,4
AGCCATGCGATGAATC,4
AGCCATGCGCCAAGAC,4
AGCCATGCCGGAAGAA,9
AGCCATGCGTGACAAG,9
AGCCATGCGAACCAGA,9
AGCACCTCACAAGCTA,2
AGCACCTCTTGCTGGA,9
AGCACCTCCTGTAGCC,2
AGCACCTCAGTACAAG,2
AGCACCTCAACAACCA,2
AGCACCTCAACCGAGA,2
AGCACCTCAACGCTTA,2
AGCACCTCAAGACGGA,2
AGCACCTCAAGGTACA,2
AGCACCTCACACAGAA,2
AGCACCTCACAGCAGA,2
AGCACCTCACCTCCAA,2
AGCACCTCACGCTCGA,2
AGCACCTCACGTATCA,2
AGCACCTCACTATGCA,2
AGCACCTCAGAGTCAA,2
AGCACCTCAGATCGCA,2
AGCACCTCAGCAGGAA,2
AGCACCTCAGTCACTA,2
AGCACCTCATCCTGTA,2
AGCACCTCATTGAGGA,2
AGCACCTCCAACCACA,2
AGCACCTCGACTAGTA,7
AGCACCTCCAATGGAA,2
AGCACCTCCACTTCGA,4
AGCACCTCCAGCGTTA,2
AGCACCTCCATACCAA,4
AGCACCTCCCAGTTCA,4
AGCACCTCCCGAAGTA,4
AGCACCTCCCGTGAGA,2
AGCACCTCCCTCCTGA,2
AGCACCTCCGAACTTA,4
AGCACCTCCGACTGGA,4
AGCACCTCCGCATACA,4
AGCACCTCCTCAATGA,4
AGCACCTCCTGAGCCA,4
AGCACCTCCTGGCATA,4
AGCACCTCGAATCTGA,4
AGCACCTCCAAGACTA,4
AGCACCTCGAGCTGAA,4
AGCACCTCGATAGACA,4
AGCACCTCGCCACATA,4
AGCACCTCGCGAGTAA,4
AGCACCTCGCTAACGA,4
AGCACCTCGCTCGGTA,4
AGCACCTCGGAGAACA,4
AGCACCTCGGTGCGAA,4
AGCACCTCGTACGCAA,4
AGCACCTCGTCGTAGA,4
AGCACCTCGTCTGTCA,4
AGCACCTCGTGTTCTA,6
AGCACCTCACATTGGC,2
AGCACCTCTAGGATGA,6
AGCACCTCTATCAGCA,6
AGCACCTCTCCGTCTA,6
AGCACCTCTCTTCACA,6
AGCACCTCTGAAGAGA,6
AGCACCTCTGGAACAA,6
AGCACCTCTGGCTTCA,6
AGCACCTCTGGTGGTA,6
AGCACCTCTTCACGCA,6
AGCACCTCAACTCACC,6
AGCACCTCCAGATCTG,2
AGCACCTCAAGAGATC,6
AGCACCTCAAGGACAC,6
AGCACCTCAATCCGTC,6
AGCACCTCAATGTTGC,6
AGCACCTCACACGACC,6
AGCACCTCACAGATTC,6
AGCACCTCAGATGTAC,6
AGCACCTCAGCACCTC,4
AGCACCTCAGCCATGC,4
AGCACCTCAGGCTAAC,4
AGCACCTCCATCAAGT,2
AGCACCTCATAGCGAC,4
AGCACCTCATCATTCC,4
AGCACCTCATTGGCTC,4
AGCACCTCCAAGGAGC,4
AGCACCTCCACCTTAC,4
AGCACCTCCCATCCTC,4
AGCACCTCCCGACAAC,4
AGCACCTCCCTAATCC,4
AGCACCTCCCTCTATC,4
AGCACCTCCGACACAC,2
AGCACCTCCGCTGATC,2
AGCACCTCCGGATTGC,2
AGCACCTCCTAAGGTC,2
AGCACCTCGAACAGGC,2
AGCACCTCGACAGTGC,4
AGCACCTCGAGTTAGC,4
AGCACCTCGATGAATC,4
AGCACCTCGCCAAGAC,4
AGCACCTCCGGAAGAA,9
AGCACCTCGTGACAAG,9
AGCACCTCGAACCAGA,9
AGATGTACACAAGCTA,2
AGATGTACTTGCTGGA,9
AGATGTACCTGTAGCC,2
AGATGTACAGTACAAG,2
AGATGTACAACAACCA,2
AGATGTACAACCGAGA,2
AGATGTACAACGCTTA,2
AGATGTACAAGACGGA,2
AGATGTACAAGGTACA,2
AGATGTACACACAGAA,2
AGATGTACACAGCAGA,2
AGATGTACACCTCCAA,2
AGATGTACACGCTCGA,2
AGATGTACACGTATCA,2
AGATGTACACTATGCA,2
AGATGTACAGAGTCAA,2
AGATGTACAGATCGCA,2
AGATGTACAGCAGGAA,2
AGATGTACAGTCACTA,2
AGATGTACATCCTGTA,2
AGATGTACATTGAGGA,2
AGATGTACCAACCACA,2
AGATGTACGACTAGTA,2
AGATGTACCAATGGAA,4
AGATGTACCACTTCGA,4
AGATGTACCAGCGTTA,2
AGATGTACCATACCAA,2
AGATGTACCCAGTTCA,2
AGATGTACCCGAAGTA,4
AGATGTACCCGTGAGA,4
AGATGTACCCTCCTGA,4
AGATGTACCGAACTTA,4
AGATGTACCGACTGGA,4
AGATGTACCGCATACA,4
AGATGTACCTCAATGA,4
AGATGTACCTGAGCCA,4
AGATGTACCTGGCATA,4
AGATGTACGAATCTGA,4
AGATGTACCAAGACTA,4
AGATGTACGAGCTGAA,4
AGATGTACGATAGACA,4
AGATGTACGCCACATA,4
AGATGTACGCGAGTAA,4
AGATGTACGCTAACGA,4
AGATGTACGCTCGGTA,4
AGATGTACGGAGAACA,4
AGATGTACGGTGCGAA,4
AGATGTACGTACGCAA,4
AGATGTACGTCGTAGA,6
AGATGTACGTCTGTCA,6
AGATGTACGTGTTCTA,6
AGATGTACACATTGGC,2
AGATGTACTAGGATGA,6
AGATGTACTATCAGCA,6
AGATGTACTCCGTCTA,6
AGATGTACTCTTCACA,6
AGATGTACTGAAGAGA,6
AGATGTACTGGAACAA,6
AGATGTACTGGCTTCA,6
AGATGTACTGGTGGTA,6
AGATGTACTTCACGCA,6
AGATGTACAACTCACC,6
AGATGTACCAGATCTG,2
AGATGTACAAGAGATC,6
AGATGTACAAGGACAC,6
AGATGTACAATCCGTC,6
AGATGTACAATGTTGC,6
AGATGTACACACGACC,6
AGATGTACACAGATTC,6
AGATGTACAGATGTAC,6
AGATGTACAGCACCTC,4
AGATGTACAGCCATGC,4
AGATGTACAGGCTAAC,4
AGATGTACCATCAAGT,2
AGATGTACATAGCGAC,4
AGATGTACATCATTCC,4
AGATGTACATTGGCTC,4
AGATGTACCAAGGAGC,4
AGATGTACCACCTTAC,4
AGATGTACCCATCCTC,4
AGATGTACCCGACAAC,4
AGATGTACCCTAATCC,4
AGATGTACCCTCTATC,2
AGATGTACCGACACAC,2
AGATGTACCGCTGATC,2
AGATGTACCGGATTGC,2
AGATGTACCTAAGGTC,2
AGATGTACGAACAGGC,2
AGATGTACGACAGTGC,4
AGATGTACGAGTTAGC,4
AGATGTACGATGAATC,4
AGATGTACGCCAAGAC,4
AGATGTACCGGAAGAA,9
AGATGTACGTGACAAG,9
AGATGTACGAACCAGA,9
ACAGATTCACAAGCTA,2
ACAGATTCTTGCTGGA,9
ACAGATTCCTGTAGCC,2
ACAGATTCAGTACAAG,2
ACAGATTCAACAACCA,2
ACAGATTCAACCGAGA,2
ACAGATTCAACGCTTA,2
ACAGATTCAAGACGGA,2
ACAGATTCAAGGTACA,2
ACAGATTCACACAGAA,2
ACAGATTCACAGCAGA,2
ACAGATTCACCTCCAA,2
ACAGATTCACGCTCGA,2
ACAGATTCACGTATCA,2
ACAGATTCACTATGCA,2
ACAGATTCAGAGTCAA,2
ACAGATTCAGATCGCA,2
ACAGATTCAGCAGGAA,2
ACAGATTCAGTCACTA,2
ACAGATTCATCCTGTA,7
ACAGATTCATTGAGGA,7
ACAGATTCCAACCACA,7
ACAGATTCGACTAGTA,7
ACAGATTCCAATGGAA,4
ACAGATTCCACTTCGA,4
ACAGATTCCAGCGTTA,4
ACAGATTCCATACCAA,2
ACAGATTCCCAGTTCA,4
ACAGATTCCCGAAGTA,4
ACAGATTCCCGTGAGA,4
ACAGATTCCCTCCTGA,4
ACAGATTCCGAACTTA,4
ACAGATTCCGACTGGA,4
ACAGATTCCGCATACA,4
ACAGATTCCTCAATGA,4
ACAGATTCCTGAGCCA,4
ACAGATTCCTGGCATA,4
ACAGATTCGAATCTGA,4
ACAGATTCCAAGACTA,4
ACAGATTCGAGCTGAA,4
ACAGATTCGATAGACA,4
ACAGATTCACCACTGT,2
ACAGATTCGCCACATA,4
ACAGATTCGCGAGTAA,4
ACAGATTCGCTAACGA,4
ACAGATTCGCTCGGTA,4
ACAGATTCGGAGAACA,4
ACAGATTCGGTGCGAA,4
ACAGATTCGTACGCAA,6
ACAGATTCGTCGTAGA,6
ACAGATTCGTCTGTCA,6
ACAGATTCGTGTTCTA,6
ACAGATTCACATTGGC,2
ACAGATTCTAGGATGA,6
ACAGATTCTATCAGCA,6
ACAGATTCTCCGTCTA,6
ACAGATTCTCTTCACA,6
ACAGATTCTGAAGAGA,6
ACAGATTCTGGAACAA,6
ACAGATTCTGGCTTCA,6
ACAGATTCTGGTGGTA,6
ACAGATTCTTCACGCA,6
ACAGATTCAACTCACC,6
ACAGATTCCAGATCTG,2
ACAGATTCAAGAGATC,6
ACAGATTCAAGGACAC,6
ACAGATTCAATCCGTC,6
ACAGATTCAATGTTGC,6
ACAGATTCACACGACC,6
ACAGATTCACAGATTC,6
ACAGATTCAGATGTAC,6
ACAGATTCAGCACCTC,4
ACAGATTCAGCCATGC,4
ACAGATTCAGGCTAAC,4
ACAGATTCCATCAAGT,2
ACAGATTCATAGCGAC,4
ACAGATTCATCATTCC,4
ACAGATTCATTGGCTC,4
ACAGATTCCAAGGAGC,4
ACAGATTCCACCTTAC,4
ACAGATTCCCATCCTC,4
ACAGATTCCCGACAAC,4
ACAGATTCCCTAATCC,4
ACAGATTCCCTCTATC,2
ACAGATTCCGACACAC,2
ACAGATTCCGCTGATC,2
ACAGATTCCGGATTGC,2
ACAGATTCCTAAGGTC,2
ACAGATTCGAACAGGC,2
ACAGATTCGACAGTGC,2
ACAGATTCGAGTTAGC,4
ACAGATTCGATGAATC,4
ACAGATTCGCCAAGAC,4
ACAGATTCCGGAAGAA,9
ACAGATTCGTGACAAG,9
ACAGATTCGAACCAGA,9
ACACGACCACAAGCTA,2
ACACGACCTTGCTGGA,9
ACACGACCCTGTAGCC,2
ACACGACCAGTACAAG,2
ACACGACCAACAACCA,2
ACACGACCAACCGAGA,2
ACACGACCAACGCTTA,2
ACACGACCAAGACGGA,2
ACACGACCAAGGTACA,2
ACACGACCACACAGAA,2
ACACGACCACAGCAGA,2
ACACGACCACCTCCAA,2
ACACGACCACGCTCGA,2
ACACGACCACGTATCA,2
ACACGACCACTATGCA,2
ACACGACCAGAGTCAA,2
ACACGACCAGATCGCA,2
ACACGACCAGCAGGAA,2
ACACGACCAGTCACTA,2
ACACGACCATCCTGTA,2
ACACGACCATTGAGGA,7
ACACGACCCAACCACA,7
ACACGACCGACTAGTA,2
ACACGACCCAATGGAA,4
ACACGACCCACTTCGA,4
ACACGACCCAGCGTTA,2
ACACGACCCATACCAA,4
ACACGACCCCAGTTCA,4
ACACGACCCCGAAGTA,4
ACACGACCCCGTGAGA,4
ACACGACCCCTCCTGA,4
ACACGACCCGAACTTA,4
ACACGACCCGACTGGA,4
ACACGACCCGCATACA,4
ACACGACCCTCAATGA,4
ACACGACCCTGAGCCA,4
ACACGACCCTGGCATA,4
ACACGACCGAATCTGA,4
ACACGACCCAAGACTA,4
ACACGACCGAGCTGAA,4
ACACGACCGATAGACA,4
ACACGACCACCACTGT,2
ACACGACCGCCACATA,4
ACACGACCGCGAGTAA,4
ACACGACCGCTAACGA,4
ACACGACCGCTCGGTA,6
ACACGACCGGAGAACA,6
ACACGACCGGTGCGAA,6
ACACGACCGTACGCAA,6
ACACGACCGTCGTAGA,6
ACACGACCGTCTGTCA,6
ACACGACCGTGTTCTA,6
ACACGACCACATTGGC,2
ACACGACCTAGGATGA,6
ACACGACCTATCAGCA,6
ACACGACCTCCGTCTA,6
ACACGACCTCTTCACA,6
ACACGACCTGAAGAGA,6
ACACGACCTGGAACAA,6
ACACGACCTGGCTTCA,6
ACACGACCTGGTGGTA,6
ACACGACCTTCACGCA,6
ACACGACCAACTCACC,6
ACACGACCCAGATCTG,2
ACACGACCAAGAGATC,6
ACACGACCAAGGACAC,6
ACACGACCAATCCGTC,6
ACACGACCAATGTTGC,6
ACACGACCACACGACC,6
ACACGACCACAGATTC,6
ACACGACCAGATGTAC,6
ACACGACCAGCACCTC,6
ACACGACCAGCCATGC,1
ACACGACCAGGCTAAC,4
ACACGACCCATCAAGT,2
ACACGACCATAGCGAC,4
ACACGACCATCATTCC,4
ACACGACCATTGGCTC,4
ACACGACCCAAGGAGC,4
ACACGACCCACCTTAC,4
ACACGACCCCATCCTC,4
ACACGACCCCGACAAC,4
ACACGACCCCTAATCC,4
ACACGACCCCTCTATC,4
ACACGACCCGACACAC,2
ACACGACCCGCTGATC,2
ACACGACCCGGATTGC,2
ACACGACCCTAAGGTC,2
ACACGACCGAACAGGC,2
ACACGACCGACAGTGC,4
ACACGACCGAGTTAGC,4
ACACGACCGATGAATC,4
ACACGACCGCCAAGAC,4
ACACGACCCGGAAGAA,1
ACACGACCGTGACAAG,9
ACACGACCGAACCAGA,9
AATGTTGCACAAGCTA,2
AATGTTGCTTGCTGGA,1
AATGTTGCCTGTAGCC,2
AATGTTGCAGTACAAG,2
AATGTTGCAACAACCA,2
AATGTTGCAACCGAGA,2
AATGTTGCAACGCTTA,2
AATGTTGCAAGACGGA,2
AATGTTGCAAGGTACA,2
AATGTTGCACACAGAA,2
AATGTTGCACAGCAGA,2
AATGTTGCACCTCCAA,2
AATGTTGCACGCTCGA,2
AATGTTGCACGTATCA,2
AATGTTGCACTATGCA,2
AATGTTGCAGAGTCAA,4
AATGTTGCAGATCGCA,4
AATGTTGCAGCAGGAA,4
AATGTTGCAGTCACTA,2
AATGTTGCATCCTGTA,2
AATGTTGCATTGAGGA,2
AATGTTGCATGCCTAA,2
AATGTTGCCAACCACA,2
AATGTTGCGACTAGTA,2
AATGTTGCCAATGGAA,4
AATGTTGCCACTTCGA,2
AATGTTGCCAGCGTTA,2
AATGTTGCCATACCAA,2
AATGTTGCCCAGTTCA,4
AATGTTGCCCGAAGTA,4
AATGTTGCCCGTGAGA,4
AATGTTGCCCTCCTGA,4
AATGTTGCCGAACTTA,4
AATGTTGCCGACTGGA,4
AATGTTGCCGCATACA,4
AATGTTGCCTCAATGA,4
AATGTTGCCTGAGCCA,4
AATGTTGCCTGGCATA,4
AATGTTGCGAATCTGA,4
AATGTTGCCAAGACTA,4
AATGTTGCGAGCTGAA,4
AATGTTGCGATAGACA,4
AATGTTGCACCACTGT,2
AATGTTGCGCCACATA,4
AATGTTGCGCGAGTAA,6
AATGTTGCGCTAACGA,6
AATGTTGCGCTCGGTA,6
AATGTTGCGGAGAACA,6
AATGTTGCGGTGCGAA,6
AATGTTGCGTACGCAA,6
AATGTTGCGTCGTAGA,6
AATGTTGCGTCTGTCA,6
AATGTTGCGTGTTCTA,6
AATGTTGCACATTGGC,2
AATGTTGCTAGGATGA,6
AATGTTGCTATCAGCA,6
AATGTTGCTCCGTCTA,6
AATGTTGCTCTTCACA,6
AATGTTGCTGAAGAGA,6
AATGTTGCTGGAACAA,6
AATGTTGCTGGCTTCA,6
AATGTTGCTGGTGGTA,6
AATGTTGCTTCACGCA,6
AATGTTGCAACTCACC,6
AATGTTGCCAGATCTG,2
AATGTTGCAAGAGATC,6
AATGTTGCAAGGACAC,6
AATGTTGCAATCCGTC,6
AATGTTGCAATGTTGC,6
AATGTTGCACACGACC,6
AATGTTGCACAGATTC,6
AATGTTGCAGATGTAC,6
AATGTTGCAGCACCTC,6
AATGTTGCAGCCATGC,6
AATGTTGCAGGCTAAC,6
AATGTTGCCATCAAGT,2
AATGTTGCATAGCGAC,4
AATGTTGCATCATTCC,4
AATGTTGCATTGGCTC,4
AATGTTGCCAAGGAGC,4
AATGTTGCCACCTTAC,4
AATGTTGCCCATCCTC,4
AATGTTGCCCGACAAC,4
AATGTTGCCCTAATCC,4
AATGTTGCCCTCTATC,2
AATGTTGCCGACACAC,4
AATGTTGCCGCTGATC,4
AATGTTGCCGGATTGC,2
AATGTTGCCTAAGGTC,2
AATGTTGCGAACAGGC,2
AATGTTGCGACAGTGC,4
AATGTTGCGAGTTAGC,4
AATGTTGCGATGAATC,4
AATGTTGCGCCAAGAC,1
AATGTTGCCGGAAGAA,1
AATGTTGCGTGACAAG,1
AATGTTGCGAACCAGA,1
AATCCGTCAACGTGAT,2
AATCCGTCACAAGCTA,2
AATCCGTCTTGCTGGA,4
AATCCGTCCTGTAGCC,2
AATCCGTCAGTACAAG,2
AATCCGTCAACAACCA,2
AATCCGTCAACCGAGA,2
AATCCGTCAACGCTTA,2
AATCCGTCAAGACGGA,2
AATCCGTCAAGGTACA,2
AATCCGTCACACAGAA,2
AATCCGTCACAGCAGA,2
AATCCGTCAAACATCG,2
AATCCGTCACCTCCAA,2
AATCCGTCACGCTCGA,2
AATCCGTCACGTATCA,2
AATCCGTCACTATGCA,2
AATCCGTCAGAGTCAA,2
AATCCGTCAGATCGCA,2
AATCCGTCAGCAGGAA,2
AATCCGTCAGTCACTA,2
AATCCGTCATCCTGTA,2
AATCCGTCATTGAGGA,2
AATCCGTCATGCCTAA,2
AATCCGTCCAACCACA,2
AATCCGTCGACTAGTA,2
AATCCGTCCAATGGAA,2
AATCCGTCCACTTCGA,2
AATCCGTCCAGCGTTA,2
AATCCGTCCATACCAA,2
AATCCGTCCCAGTTCA,4
AATCCGTCCCGAAGTA,4
AATCCGTCCCGTGAGA,4
AATCCGTCCCTCCTGA,4
AATCCGTCCGAACTTA,4
AATCCGTCCGACTGGA,4
AATCCGTCCGCATACA,4
AATCCGTCCTCAATGA,4
AATCCGTCCTGAGCCA,4
AATCCGTCCTGGCATA,4
AATCCGTCGAATCTGA,4
AATCCGTCCAAGACTA,4
AATCCGTCGAGCTGAA,4
AATCCGTCGATAGACA,6
AATCCGTCACCACTGT,2
AATCCGTCGCCACATA,6
AATCCGTCGCGAGTAA,6
AATCCGTCGCTAACGA,6
AATCCGTCGCTCGGTA,6
AATCCGTCGGAGAACA,6
AATCCGTCGGTGCGAA,6
AATCCGTCGTACGCAA,6
AATCCGTCGTCGTAGA,6
AATCCGTCGTCTGTCA,6
AATCCGTCGTGTTCTA,6
AATCCGTCACATTGGC,2
AATCCGTCTAGGATGA,6
AATCCGTCTATCAGCA,6
AATCCGTCTCCGTCTA,6
AATCCGTCTCTTCACA,6
AATCCGTCTGAAGAGA,6
AATCCGTCTGGAACAA,6
AATCCGTCTGGCTTCA,6
AATCCGTCTGGTGGTA,6
AATCCGTCTTCACGCA,6
AATCCGTCAACTCACC,6
AATCCGTCCAGATCTG,2
AATCCGTCAAGAGATC,6
AATCCGTCAAGGACAC,6
AATCCGTCAATCCGTC,6
AATCCGTCAATGTTGC,6
AATCCGTCACACGACC,6
AATCCGTCACAGATTC,6
AATCCGTCAGATGTAC,6
AATCCGTCAGCACCTC,6
AATCCGTCAGCCATGC,6
AATCCGTCAGGCTAAC,6
AATCCGTCCATCAAGT,2
AATCCGTCATAGCGAC,6
AATCCGTCATCATTCC,4
AATCCGTCATTGGCTC,4
AATCCGTCCAAGGAGC,4
AATCCGTCCACCTTAC,4
AATCCGTCCCATCCTC,4
AATCCGTCCCGACAAC,4
AATCCGTCCCTAATCC,4
AATCCGTCCCTCTATC,4
AATCCGTCCGACACAC,4
AATCCGTCCGCTGATC,4
AATCCGTCCGGATTGC,4
AATCCGTCCTAAGGTC,2
AATCCGTCGAACAGGC,2
AATCCGTCGACAGTGC,4
AATCCGTCGAGTTAGC,4
AATCCGTCGATGAATC,4
AATCCGTCGCCAAGAC,1
AATCCGTCCGGAAGAA,1
AATCCGTCGTGACAAG,9
AATCCGTCGAACCAGA,9
GAACCAGATTGCTGGA,9
GAACCAGAAGTCACTA,2
GAACCAGAATCCTGTA,2
GAACCAGAATTGAGGA,2
GAACCAGACAACCACA,2
GAACCAGAGACTAGTA,2
GAACCAGACAATGGAA,2
GAACCAGACACTTCGA,2
GAACCAGACAGCGTTA,2
GAACCAGACATACCAA,2
GAACCAGACCAGTTCA,2
GAACCAGACCGAAGTA,2
GAACCAGACCGTGAGA,2
GAACCAGACCTCCTGA,2
GAACCAGACGAACTTA,2
GAACCAGACGACTGGA,2
GAACCAGACGCATACA,2
GAACCAGACTCAATGA,2
GAACCAGACTGAGCCA,2
GAACCAGACTGGCATA,2
GAACCAGAGAATCTGA,2
GAACCAGACAAGACTA,2
GAACCAGAGAGCTGAA,2
GAACCAGAGATAGACA,2
GAACCAGAGCCACATA,2
GAACCAGAGCGAGTAA,2
GAACCAGAGCTAACGA,2
GAACCAGAGCTCGGTA,2
GAACCAGAGGAGAACA,2
GAACCAGAGGTGCGAA,2
GAACCAGAGTACGCAA,2
GAACCAGAGTCGTAGA,4
GAACCAGAGTCTGTCA,4
GAACCAGAGTGTTCTA,4
GAACCAGATAGGATGA,2
GAACCAGATATCAGCA,2
GAACCAGATCCGTCTA,2
GAACCAGATCTTCACA,2
GAACCAGATGAAGAGA,2
GAACCAGATGGAACAA,4
GAACCAGATGGCTTCA,4
GAACCAGATGGTGGTA,4
GAACCAGATTCACGCA,4
GAACCAGAAACTCACC,4
GAACCAGAAAGAGATC,4
GAACCAGAAAGGACAC,4
GAACCAGAAATCCGTC,4
GAACCAGAAATGTTGC,4
GAACCAGAACACGACC,4
GAACCAGAACAGATTC,4
GAACCAGAAGATGTAC,4
GAACCAGAAGCACCTC,4
GAACCAGAAGCCATGC,4
GAACCAGAAGGCTAAC,4
GAACCAGAATAGCGAC,2
GAACCAGAATCATTCC,4
GAACCAGAATTGGCTC,4
GAACCAGACAAGGAGC,4
GAACCAGACACCTTAC,4
GAACCAGACCATCCTC,4
GAACCAGACCGACAAC,4
GAACCAGACCTAATCC,4
GAACCAGACCTCTATC,2
GAACCAGACGACACAC,2
GAACCAGACGGATTGC,2
GAACCAGACTAAGGTC,2
GAACCAGAGAACAGGC,2
GAACCAGAGACAGTGC,2
GAACCAGAGAGTTAGC,2
GAACCAGAGATGAATC,9
GAACCAGAGCCAAGAC,9
GAACCAGACGGAAGAA,2
GAACCAGAGTGACAAG,2
GAACCAGAGAACCAGA,2
AAGGACACACAAGCTA,2
AAGGACACTTGCTGGA,9
AAGGACACCTGTAGCC,2
AAGGACACAGTACAAG,2
AAGGACACAACAACCA,2
AAGGACACAACCGAGA,2
AAGGACACAACGCTTA,2
AAGGACACAAGACGGA,2
AAGGACACAAGGTACA,2
AAGGACACACACAGAA,2
AAGGACACACAGCAGA,2
AAGGACACAAACATCG,2
AAGGACACACCTCCAA,2
AAGGACACACGCTCGA,2
AAGGACACACGTATCA,2
AAGGACACACTATGCA,2
AAGGACACAGAGTCAA,2
AAGGACACAGATCGCA,2
AAGGACACAGCAGGAA,4
AAGGACACAGTCACTA,2
AAGGACACATCCTGTA,2
AAGGACACATTGAGGA,2
AAGGACACATGCCTAA,2
AAGGACACCAACCACA,2
AAGGACACGACTAGTA,2
AAGGACACCAATGGAA,2
AAGGACACCACTTCGA,2
AAGGACACCAGCGTTA,2
AAGGACACCATACCAA,2
AAGGACACCCAGTTCA,4
AAGGACACCCGAAGTA,4
AAGGACACCCGTGAGA,4
AAGGACACCCTCCTGA,4
AAGGACACCGAACTTA,2
AAGGACACCGACTGGA,4
AAGGACACCGCATACA,4
AAGGACACCTCAATGA,4
AAGGACACCTGAGCCA,4
AAGGACACCTGGCATA,4
AAGGACACGAATCTGA,6
AAGGACACCAAGACTA,6
AAGGACACGAGCTGAA,6
AAGGACACGATAGACA,6
AAGGACACACCACTGT,2
AAGGACACGCCACATA,6
AAGGACACGCGAGTAA,6
AAGGACACGCTAACGA,6
AAGGACACGCTCGGTA,6
AAGGACACGGAGAACA,6
AAGGACACGGTGCGAA,6
AAGGACACGTACGCAA,6
AAGGACACGTCGTAGA,6
AAGGACACGTCTGTCA,6
AAGGACACGTGTTCTA,6
AAGGACACACATTGGC,2
AAGGACACTAGGATGA,6
AAGGACACTATCAGCA,6
AAGGACACTCCGTCTA,6
AAGGACACTCTTCACA,6
AAGGACACTGAAGAGA,6
AAGGACACTGGAACAA,6
AAGGACACTGGCTTCA,6
AAGGACACTGGTGGTA,6
AAGGACACTTCACGCA,6
AAGGACACAACTCACC,6
AAGGACACCAGATCTG,2
AAGGACACAAGAGATC,6
AAGGACACAAGGACAC,6
AAGGACACAATCCGTC,6
AAGGACACAATGTTGC,6
AAGGACACACACGACC,6
AAGGACACACAGATTC,6
AAGGACACAGATGTAC,6
AAGGACACAGCACCTC,6
AAGGACACAGCCATGC,6
AAGGACACAGGCTAAC,6
AAGGACACCATCAAGT,2
AAGGACACATAGCGAC,6
AAGGACACATCATTCC,6
AAGGACACATTGGCTC,4
AAGGACACCAAGGAGC,4
AAGGACACCACCTTAC,4
AAGGACACCCATCCTC,4
AAGGACACCCGACAAC,4
AAGGACACCCTAATCC,4
AAGGACACCCTCTATC,4
AAGGACACCGACACAC,4
AAGGACACCGCTGATC,4
AAGGACACCGGATTGC,4
AAGGACACCTAAGGTC,2
AAGGACACGAACAGGC,2
AAGGACACGACAGTGC,2
AAGGACACGAGTTAGC,4
AAGGACACGATGAATC,1
AAGGACACGCCAAGAC,1
AAGGACACCGGAAGAA,1
AAGGACACGTGACAAG,9
AAGGACACGAACCAGA,9
AAGAGATCACAAGCTA,2
AAGAGATCTTGCTGGA,9
AAGAGATCCTGTAGCC,2
AAGAGATCAGTACAAG,2
AAGAGATCAACAACCA,2
AAGAGATCAACCGAGA,2
AAGAGATCAACGCTTA,2
AAGAGATCAAGACGGA,2
AAGAGATCAAGGTACA,2
AAGAGATCACACAGAA,2
AAGAGATCACAGCAGA,2
AAGAGATCAAACATCG,2
AAGAGATCACCTCCAA,2
AAGAGATCACGCTCGA,2
AAGAGATCACGTATCA,2
AAGAGATCACTATGCA,2
AAGAGATCAGAGTCAA,2
AAGAGATCAGATCGCA,2
AAGAGATCAGCAGGAA,2
AAGAGATCAGTCACTA,2
AAGAGATCATCCTGTA,2
AAGAGATCATTGAGGA,2
AAGAGATCCAACCACA,2
AAGAGATCGACTAGTA,2
AAGAGATCCAATGGAA,2
AAGAGATCCACTTCGA,2
AAGAGATCCAGCGTTA,2
AAGAGATCCATACCAA,4
AAGAGATCCCAGTTCA,4
AAGAGATCCCGAAGTA,4
AAGAGATCCCGTGAGA,4
AAGAGATCCCTCCTGA,4
AAGAGATCCGAACTTA,4
AAGAGATCCGACTGGA,2
AAGAGATCCGCATACA,4
AAGAGATCCTCAATGA,4
AAGAGATCCTGAGCCA,4
AAGAGATCCTGGCATA,6
AAGAGATCGAATCTGA,6
AAGAGATCCAAGACTA,6
AAGAGATCGAGCTGAA,6
AAGAGATCGATAGACA,6
AAGAGATCACCACTGT,2
AAGAGATCGCCACATA,6
AAGAGATCGCGAGTAA,6
AAGAGATCGCTAACGA,6
AAGAGATCGCTCGGTA,6
AAGAGATCGGAGAACA,6
AAGAGATCGGTGCGAA,6
AAGAGATCGTACGCAA,6
AAGAGATCGTCGTAGA,6
AAGAGATCGTCTGTCA,6
AAGAGATCGTGTTCTA,6
AAGAGATCACATTGGC,2
AAGAGATCTAGGATGA,6
AAGAGATCTATCAGCA,6
AAGAGATCTCCGTCTA,6
AAGAGATCTCTTCACA,6
AAGAGATCTGAAGAGA,6
AAGAGATCTGGAACAA,6
AAGAGATCTGGCTTCA,6
AAGAGATCTGGTGGTA,6
AAGAGATCTTCACGCA,6
AAGAGATCAACTCACC,6
AAGAGATCCAGATCTG,2
AAGAGATCAAGAGATC,6
AAGAGATCAAGGACAC,6
AAGAGATCAATCCGTC,6
AAGAGATCAATGTTGC,6
AAGAGATCACACGACC,6
AAGAGATCACAGATTC,6
AAGAGATCAGATGTAC,6
AAGAGATCAGCACCTC,6
AAGAGATCAGCCATGC,6
AAGAGATCAGGCTAAC,6
AAGAGATCCATCAAGT,2
AAGAGATCATAGCGAC,6
AAGAGATCATCATTCC,6
AAGAGATCATTGGCTC,6
AAGAGATCCAAGGAGC,4
AAGAGATCCACCTTAC,4
AAGAGATCCCATCCTC,4
AAGAGATCCCGACAAC,4
AAGAGATCCCTAATCC,4
AAGAGATCCCTCTATC,4
AAGAGATCCGACACAC,4
AAGAGATCCGCTGATC,2
AAGAGATCCGGATTGC,4
AAGAGATCCTAAGGTC,4
AAGAGATCGAACAGGC,2
AAGAGATCGACAGTGC,2
AAGAGATCGAGTTAGC,2
AAGAGATCGATGAATC,1
AAGAGATCGCCAAGAC,1
AAGAGATCCGGAAGAA,9
AAGAGATCGTGACAAG,9
AAGAGATCGAACCAGA,9
AACTCACCAACGTGAT,9
AACTCACCACAAGCTA,2
AACTCACCTTGCTGGA,9
AACTCACCCTGTAGCC,2
AACTCACCAGTACAAG,2
AACTCACCAACAACCA,2
AACTCACCAACCGAGA,2
AACTCACCAACGCTTA,2
AACTCACCAAGACGGA,2
AACTCACCAAGGTACA,2
AACTCACCACACAGAA,2
AACTCACCACAGCAGA,2
AACTCACCAAACATCG,2
AACTCACCACCTCCAA,2
AACTCACCACGCTCGA,2
AACTCACCACGTATCA,2
AACTCACCACTATGCA,2
AACTCACCAGAGTCAA,2
AACTCACCAGATCGCA,2
AACTCACCAGCAGGAA,4
AACTCACCAGTCACTA,4
AACTCACCATCCTGTA,4
AACTCACCATTGAGGA,7
AACTCACCATGCCTAA,2
AACTCACCCAACCACA,7
AACTCACCGACTAGTA,7
AACTCACCCAATGGAA,2
AACTCACCCACTTCGA,2
AACTCACCCAGCGTTA,2
AACTCACCCATACCAA,4
AACTCACCCCAGTTCA,4
AACTCACCCCGAAGTA,4
AACTCACCCCGTGAGA,4
AACTCACCCCTCCTGA,4
AACTCACCCGAACTTA,4
AACTCACCCGACTGGA,2
AACTCACCCGCATACA,4
AACTCACCCTCAATGA,4
AACTCACCCTGAGCCA,4
AACTCACCCTGGCATA,6
AACTCACCGAATCTGA,6
AACTCACCCAAGACTA,6
AACTCACCGAGCTGAA,6
AACTCACCGATAGACA,6
AACTCACCACCACTGT,2
AACTCACCGCCACATA,6
AACTCACCGCGAGTAA,6
AACTCACCGCTAACGA,6
AACTCACCGCTCGGTA,6
AACTCACCGGAGAACA,6
AACTCACCGGTGCGAA,6
AACTCACCGTACGCAA,6
AACTCACCGTCGTAGA,8
AACTCACCGTCTGTCA,6
AACTCACCGTGTTCTA,6
AACTCACCACATTGGC,2
AACTCACCTAGGATGA,6
AACTCACCTATCAGCA,6
AACTCACCTCCGTCTA,8
AACTCACCTCTTCACA,6
AACTCACCTGAAGAGA,6
AACTCACCTGGAACAA,6
AACTCACCTGGCTTCA,6
AACTCACCTGGTGGTA,6
AACTCACCTTCACGCA,6
AACTCACCAACTCACC,6
AACTCACCCAGATCTG,2
AACTCACCAAGAGATC,6
AACTCACCAAGGACAC,6
AACTCACCAATCCGTC,6
AACTCACCAATGTTGC,6
AACTCACCACACGACC,6
AACTCACCACAGATTC,6
AACTCACCAGATGTAC,6
AACTCACCAGCACCTC,6
AACTCACCAGCCATGC,6
AACTCACCAGGCTAAC,6
AACTCACCCATCAAGT,2
AACTCACCATAGCGAC,6
AACTCACCATCATTCC,6
AACTCACCATTGGCTC,6
AACTCACCCAAGGAGC,6
AACTCACCCACCTTAC,6
AACTCACCCCATCCTC,4
AACTCACCCCGACAAC,4
AACTCACCCCTAATCC,1
AACTCACCCCTCTATC,4
AACTCACCCGACACAC,4
AACTCACCCGCTGATC,2
AACTCACCCGGATTGC,4
AACTCACCCTAAGGTC,4
AACTCACCGAACAGGC,2
AACTCACCGACAGTGC,2
AACTCACCGAGTTAGC,2
AACTCACCGATGAATC,1
AACTCACCGCCAAGAC,4
AACTCACCCGGAAGAA,9
AACTCACCGTGACAAG,9
AACTCACCGAACCAGA,9
TTCACGCAAACGTGAT,2
TTCACGCAACAAGCTA,2
TTCACGCATTGCTGGA,9
TTCACGCACTGTAGCC,2
TTCACGCAAGTACAAG,2
TTCACGCAAACAACCA,2
TTCACGCAAACCGAGA,2
TTCACGCAAACGCTTA,2
TTCACGCAAAGACGGA,2
TTCACGCAAAGGTACA,2
TTCACGCAACACAGAA,2
TTCACGCAACAGCAGA,2
TTCACGCAAAACATCG,2
TTCACGCAACCTCCAA,2
TTCACGCAACGCTCGA,2
TTCACGCAACGTATCA,2
TTCACGCAACTATGCA,2
TTCACGCAAGAGTCAA,2
TTCACGCAAGATCGCA,2
TTCACGCAAGCAGGAA,4
TTCACGCAAGTCACTA,4
TTCACGCAATCCTGTA,7
TTCACGCAATTGAGGA,7
TTCACGCAATGCCTAA,2
TTCACGCACAACCACA,7
TTCACGCAGACTAGTA,7
TTCACGCACAATGGAA,4
TTCACGCACACTTCGA,4
TTCACGCACAGCGTTA,4
TTCACGCACATACCAA,4
TTCACGCACCAGTTCA,4
TTCACGCACCGAAGTA,4
TTCACGCACCGTGAGA,4
TTCACGCACCTCCTGA,4
TTCACGCACGAACTTA,4
TTCACGCACGACTGGA,4
TTCACGCACGCATACA,4
TTCACGCACTCAATGA,4
TTCACGCACTGAGCCA,6
TTCACGCACTGGCATA,6
TTCACGCAGAATCTGA,6
TTCACGCACAAGACTA,6
TTCACGCAGAGCTGAA,6
TTCACGCAGATAGACA,6
TTCACGCAACCACTGT,2
TTCACGCAGCCACATA,6
TTCACGCAGCGAGTAA,6
TTCACGCAGCTAACGA,6
TTCACGCAGCTCGGTA,6
TTCACGCAGGAGAACA,6
TTCACGCAGGTGCGAA,6
TTCACGCAGTACGCAA,8
TTCACGCAGTCGTAGA,8
TTCACGCAGTCTGTCA,8
TTCACGCAGTGTTCTA,8
TTCACGCAACATTGGC,2
TTCACGCATAGGATGA,8
TTCACGCATATCAGCA,8
TTCACGCATCCGTCTA,8
TTCACGCATCTTCACA,8
TTCACGCATGAAGAGA,8
TTCACGCATGGAACAA,8
TTCACGCATGGCTTCA,8
TTCACGCATGGTGGTA,6
TTCACGCATTCACGCA,6
TTCACGCAAACTCACC,6
TTCACGCACAGATCTG,2
TTCACGCAAAGAGATC,6
TTCACGCAAAGGACAC,6
TTCACGCAAATCCGTC,6
TTCACGCAAATGTTGC,6
TTCACGCAACACGACC,6
TTCACGCAACAGATTC,6
TTCACGCAAGATGTAC,6
TTCACGCAAGCACCTC,6
TTCACGCAAGCCATGC,6
TTCACGCAAGGCTAAC,6
TTCACGCACATCAAGT,2
TTCACGCAATAGCGAC,6
TTCACGCAATCATTCC,6
TTCACGCAATTGGCTC,6
TTCACGCACAAGGAGC,6
TTCACGCACACCTTAC,6
TTCACGCACCATCCTC,6
TTCACGCACCGACAAC,6
TTCACGCACCTAATCC,6
TTCACGCACCTCTATC,6
TTCACGCACGACACAC,4
TTCACGCACGCTGATC,2
TTCACGCACGGATTGC,4
TTCACGCACTAAGGTC,4
TTCACGCAGAACAGGC,2
TTCACGCAGACAGTGC,2
TTCACGCAGAGTTAGC,4
TTCACGCAGATGAATC,4
TTCACGCAGCCAAGAC,4
TTCACGCACGGAAGAA,9
TTCACGCAGTGACAAG,9
TTCACGCAGAACCAGA,9
TGGTGGTAAACGTGAT,2
TGGTGGTAACAAGCTA,2
TGGTGGTATTGCTGGA,9
TGGTGGTACTGTAGCC,2
TGGTGGTAAGTACAAG,2
TGGTGGTAAACAACCA,2
TGGTGGTAAACCGAGA,2
TGGTGGTAAACGCTTA,2
TGGTGGTAAAGACGGA,2
TGGTGGTAAAGGTACA,2
TGGTGGTAACACAGAA,2
TGGTGGTAACAGCAGA,2
TGGTGGTAAAACATCG,2
TGGTGGTAACCTCCAA,2
TGGTGGTAACGCTCGA,2
TGGTGGTAACGTATCA,2
TGGTGGTAACTATGCA,2
TGGTGGTAAGAGTCAA,2
TGGTGGTAAGATCGCA,2
TGGTGGTAAGCAGGAA,4
TGGTGGTAAGTCACTA,4
TGGTGGTAATCCTGTA,4
TGGTGGTAATTGAGGA,7
TGGTGGTAATGCCTAA,2
TGGTGGTACAACCACA,4
TGGTGGTAGACTAGTA,4
TGGTGGTACAATGGAA,4
TGGTGGTACACTTCGA,4
TGGTGGTACAGCGTTA,4
TGGTGGTACATACCAA,4
TGGTGGTACCAGTTCA,4
TGGTGGTACCGAAGTA,4
TGGTGGTACCGTGAGA,4
TGGTGGTACCTCCTGA,4
TGGTGGTACGAACTTA,4
TGGTGGTACGACTGGA,4
TGGTGGTACGCATACA,4
TGGTGGTACTCAATGA,6
TGGTGGTACTGAGCCA,6
TGGTGGTACTGGCATA,6
TGGTGGTAGAATCTGA,6
TGGTGGTACAAGACTA,6
TGGTGGTAGAGCTGAA,6
TGGTGGTAGATAGACA,6
TGGTGGTAACCACTGT,2
TGGTGGTAGCCACATA,6
TGGTGGTAGCGAGTAA,6
TGGTGGTAGCTAACGA,6
TGGTGGTAGCTCGGTA,6
TGGTGGTAGGAGAACA,8
TGGTGGTAGGTGCGAA,8
TGGTGGTAGTACGCAA,8
TGGTGGTAGTCGTAGA,8
TGGTGGTAGTCTGTCA,8
TGGTGGTAGTGTTCTA,8
TGGTGGTAACATTGGC,2
TGGTGGTATAGGATGA,8
TGGTGGTATATCAGCA,8
TGGTGGTATCCGTCTA,8
TGGTGGTATCTTCACA,8
TGGTGGTATGAAGAGA,8
TGGTGGTATGGAACAA,8
TGGTGGTATGGCTTCA,8
TGGTGGTATGGTGGTA,6
TGGTGGTATTCACGCA,6
TGGTGGTAAACTCACC,6
TGGTGGTACAGATCTG,2
TGGTGGTAAAGAGATC,6
TGGTGGTAAAGGACAC,6
TGGTGGTAAATCCGTC,6
TGGTGGTAAATGTTGC,6
TGGTGGTAACACGACC,6
TGGTGGTAACAGATTC,6
TGGTGGTAAGATGTAC,6
TGGTGGTAAGCACCTC,6
TGGTGGTAAGCCATGC,6
TGGTGGTAAGGCTAAC,6
TGGTGGTACATCAAGT,2
TGGTGGTAATAGCGAC,6
TGGTGGTAATCATTCC,6
TGGTGGTAATTGGCTC,6
TGGTGGTACAAGGAGC,6
TGGTGGTACACCTTAC,6
TGGTGGTACCATCCTC,6
TGGTGGTACCGACAAC,6
TGGTGGTACCTAATCC,6
TGGTGGTACCTCTATC,6
TGGTGGTACGACACAC,6
TGGTGGTACGCTGATC,2
TGGTGGTACGGATTGC,4
TGGTGGTACTAAGGTC,4
TGGTGGTAGAACAGGC,4
TGGTGGTAGACAGTGC,4
TGGTGGTAGAGTTAGC,4
TGGTGGTAGATGAATC,4
TGGTGGTAGCCAAGAC,4
TGGTGGTACGGAAGAA,9
TGGTGGTAGTGACAAG,9
TGGTGGTAGAACCAGA,9
TGGCTTCAAACGTGAT,2
TGGCTTCAACAAGCTA,2
TGGCTTCATTGCTGGA,9
TGGCTTCACTGTAGCC,2
TGGCTTCAAGTACAAG,2
TGGCTTCAAACAACCA,2
TGGCTTCAAACCGAGA,2
TGGCTTCAAACGCTTA,2
TGGCTTCAAAGACGGA,2
TGGCTTCAAAGGTACA,2
TGGCTTCAACACAGAA,2
TGGCTTCAACAGCAGA,2
TGGCTTCAAAACATCG,2
TGGCTTCAACCTCCAA,2
TGGCTTCAACGCTCGA,2
TGGCTTCAACGTATCA,2
TGGCTTCAACTATGCA,2
TGGCTTCAAGAGTCAA,2
TGGCTTCAAGATCGCA,4
TGGCTTCAAGCAGGAA,4
TGGCTTCAAGTCACTA,4
TGGCTTCAATCCTGTA,4
TGGCTTCAATTGAGGA,4
TGGCTTCAATGCCTAA,2
TGGCTTCACAACCACA,4
TGGCTTCAGACTAGTA,4
TGGCTTCACAATGGAA,4
TGGCTTCACACTTCGA,4
TGGCTTCACAGCGTTA,4
TGGCTTCACATACCAA,4
TGGCTTCACCAGTTCA,4
TGGCTTCACCGAAGTA,4
TGGCTTCACCGTGAGA,4
TGGCTTCACCTCCTGA,4
TGGCTTCACGAACTTA,4
TGGCTTCACGACTGGA,4
TGGCTTCACGCATACA,6
TGGCTTCACTCAATGA,6
TGGCTTCACTGAGCCA,6
TGGCTTCACTGGCATA,6
TGGCTTCAGAATCTGA,6
TGGCTTCACAAGACTA,6
TGGCTTCAGAGCTGAA,6
TGGCTTCAGATAGACA,6
TGGCTTCAACCACTGT,2
TGGCTTCAGCCACATA,6
TGGCTTCAGCGAGTAA,8
TGGCTTCAGCTAACGA,8
TGGCTTCAGCTCGGTA,8
TGGCTTCAGGAGAACA,8
TGGCTTCAGGTGCGAA,8
TGGCTTCAGTACGCAA,8
TGGCTTCAGTCGTAGA,8
TGGCTTCAGTCTGTCA,8
TGGCTTCAGTGTTCTA,8
TGGCTTCAACATTGGC,2
TGGCTTCATAGGATGA,8
TGGCTTCATATCAGCA,8
TGGCTTCATCCGTCTA,8
TGGCTTCATCTTCACA,8
TGGCTTCATGAAGAGA,8
TGGCTTCATGGAACAA,8
TGGCTTCATGGCTTCA,8
TGGCTTCATGGTGGTA,8
TGGCTTCATTCACGCA,6
TGGCTTCAAACTCACC,6
TGGCTTCACAGATCTG,2
TGGCTTCAAAGAGATC,6
TGGCTTCAAAGGACAC,6
TGGCTTCAAATCCGTC,5
TGGCTTCAAATGTTGC,5
TGGCTTCAACACGACC,6
TGGCTTCAACAGATTC,5
TGGCTTCAAGATGTAC,6
TGGCTTCAAGCACCTC,6
TGGCTTCAAGCCATGC,6
TGGCTTCAAGGCTAAC,6
TGGCTTCACATCAAGT,2
TGGCTTCAATAGCGAC,6
TGGCTTCAATCATTCC,6
TGGCTTCAATTGGCTC,6
TGGCTTCACAAGGAGC,6
TGGCTTCACACCTTAC,6
TGGCTTCACCATCCTC,6
TGGCTTCACCGACAAC,6
TGGCTTCACCTAATCC,6
TGGCTTCACCTCTATC,6
TGGCTTCACGACACAC,6
TGGCTTCACGCTGATC,2
TGGCTTCACGGATTGC,6
TGGCTTCACTAAGGTC,6
TGGCTTCAGAACAGGC,4
TGGCTTCAGACAGTGC,4
TGGCTTCAGAGTTAGC,4
TGGCTTCAGATGAATC,4
TGGCTTCAGCCAAGAC,4
TGGCTTCACGGAAGAA,4
TGGCTTCAGTGACAAG,9
TGGCTTCAGAACCAGA,9
TGGAACAAAACGTGAT,2
TGGAACAAACAAGCTA,2
TGGAACAATTGCTGGA,9
TGGAACAACTGTAGCC,2
TGGAACAAAGTACAAG,2
TGGAACAAAACAACCA,2
TGGAACAAAACCGAGA,9
TGGAACAAAACGCTTA,2
TGGAACAAAAGACGGA,2
TGGAACAAAAGGTACA,2
TGGAACAAACACAGAA,2
TGGAACAAACAGCAGA,2
TGGAACAAAAACATCG,2
TGGAACAAACCTCCAA,2
TGGAACAAACGCTCGA,2
TGGAACAAACGTATCA,2
TGGAACAAACTATGCA,2
TGGAACAAAGAGTCAA,2
TGGAACAAAGATCGCA,2
TGGAACAAAGCAGGAA,4
TGGAACAAAGTCACTA,4
TGGAACAAATCCTGTA,4
TGGAACAAATTGAGGA,2
TGGAACAAATGCCTAA,2
TGGAACAACAACCACA,7
TGGAACAAGACTAGTA,2
TGGAACAACAATGGAA,4
TGGAACAACACTTCGA,2
TGGAACAACAGCGTTA,4
TGGAACAACATACCAA,4
TGGAACAACCAGTTCA,4
TGGAACAACCGAAGTA,4
TGGAACAACCGTGAGA,4
TGGAACAACCTCCTGA,4
TGGAACAAAGTGGTCA,2
TGGAACAACGAACTTA,6
TGGAACAACGACTGGA,6
TGGAACAACGCATACA,6
TGGAACAACTCAATGA,6
TGGAACAACTGAGCCA,6
TGGAACAACTGGCATA,6
TGGAACAAGAATCTGA,6
TGGAACAACAAGACTA,6
TGGAACAAGAGCTGAA,6
TGGAACAAGATAGACA,8
TGGAACAAACCACTGT,2
TGGAACAAGCCACATA,8
TGGAACAAGCGAGTAA,8
TGGAACAAGCTAACGA,8
TGGAACAAGCTCGGTA,8
TGGAACAAGGAGAACA,8
TGGAACAAGGTGCGAA,8
TGGAACAAGTACGCAA,8
TGGAACAAGTCGTAGA,8
TGGAACAAGTCTGTCA,8
TGGAACAAGTGTTCTA,8
TGGAACAAACATTGGC,2
TGGAACAATAGGATGA,8
TGGAACAATATCAGCA,8
TGGAACAATCCGTCTA,8
TGGAACAATCTTCACA,8
TGGAACAATGAAGAGA,8
TGGAACAATGGAACAA,8
TGGAACAATGGCTTCA,8
TGGAACAATGGTGGTA,8
TGGAACAATTCACGCA,8
TGGAACAAAACTCACC,6
TGGAACAACAGATCTG,2
TGGAACAAAAGAGATC,6
TGGAACAAAAGGACAC,8
TGGAACAAAATCCGTC,5
TGGAACAAAATGTTGC,8
TGGAACAAACACGACC,8
TGGAACAAACAGATTC,5
TGGAACAAAGATGTAC,5
TGGAACAAAGCACCTC,6
TGGAACAAAGCCATGC,6
TGGAACAAAGGCTAAC,6
TGGAACAACATCAAGT,2
TGGAACAAATAGCGAC,6
TGGAACAAATCATTCC,6
TGGAACAAATTGGCTC,6
TGGAACAACAAGGAGC,6
TGGAACAACACCTTAC,6
TGGAACAACCATCCTC,6
TGGAACAACCGACAAC,6
TGGAACAACCTAATCC,6
TGGAACAACCTCTATC,6
TGGAACAACGACACAC,6
TGGAACAACGCTGATC,2
TGGAACAACGGATTGC,6
TGGAACAACTAAGGTC,6
TGGAACAAGAACAGGC,6
TGGAACAAGACAGTGC,6
TGGAACAAGAGTTAGC,4
TGGAACAAGATGAATC,4
TGGAACAAGCCAAGAC,4
TGGAACAACGGAAGAA,6
TGGAACAAGTGACAAG,9
TGGAACAAGAACCAGA,9
TGAAGAGAAACGTGAT,2
TGAAGAGAACAAGCTA,2
TGAAGAGATTGCTGGA,9
TGAAGAGACTGTAGCC,2
TGAAGAGAAGTACAAG,2
TGAAGAGAAACAACCA,2
TGAAGAGAAACCGAGA,4
TGAAGAGAAACGCTTA,4
TGAAGAGAAAGACGGA,2
TGAAGAGAAAGGTACA,2
TGAAGAGAACACAGAA,2
TGAAGAGAACAGCAGA,2
TGAAGAGAAAACATCG,2
TGAAGAGAACCTCCAA,2
TGAAGAGAACGCTCGA,2
TGAAGAGAACGTATCA,2
TGAAGAGAACTATGCA,2
TGAAGAGAAGAGTCAA,2
TGAAGAGAAGATCGCA,4
TGAAGAGAAGCAGGAA,2
TGAAGAGAAGTCACTA,4
TGAAGAGAATCCTGTA,4
TGAAGAGAATTGAGGA,7
TGAAGAGAATGCCTAA,2
TGAAGAGACAACCACA,2
TGAAGAGAGACTAGTA,2
TGAAGAGACAATGGAA,2
TGAAGAGACACTTCGA,2
TGAAGAGACAGCGTTA,4
TGAAGAGACATACCAA,4
TGAAGAGACCAGTTCA,4
TGAAGAGACCGAAGTA,4
TGAAGAGACCGTGAGA,4
TGAAGAGACCTCCTGA,6
TGAAGAGACGAACTTA,6
TGAAGAGACGACTGGA,6
TGAAGAGACGCATACA,6
TGAAGAGACTCAATGA,6
TGAAGAGACTGAGCCA,6
TGAAGAGACTGGCATA,6
TGAAGAGAGAATCTGA,6
TGAAGAGACAAGACTA,6
TGAAGAGAGAGCTGAA,8
TGAAGAGAGATAGACA,8
TGAAGAGAACCACTGT,2
TGAAGAGAGCCACATA,8
TGAAGAGAGCGAGTAA,8
TGAAGAGAGCTAACGA,8
TGAAGAGAGCTCGGTA,8
TGAAGAGAGGAGAACA,8
TGAAGAGAGGTGCGAA,8
TGAAGAGAGTACGCAA,8
TGAAGAGAGTCGTAGA,8
TGAAGAGAGTCTGTCA,8
TGAAGAGAGTGTTCTA,8
TGAAGAGAACATTGGC,2
TGAAGAGATAGGATGA,8
TGAAGAGATATCAGCA,8
TGAAGAGATCCGTCTA,8
TGAAGAGATCTTCACA,8
TGAAGAGATGAAGAGA,8
TGAAGAGATGGAACAA,8
TGAAGAGATGGCTTCA,8
TGAAGAGATGGTGGTA,8
TGAAGAGATTCACGCA,8
TGAAGAGAAACTCACC,6
TGAAGAGACAGATCTG,2
TGAAGAGAAAGAGATC,8
TGAAGAGAAAGGACAC,8
TGAAGAGAAATCCGTC,8
TGAAGAGAAATGTTGC,8
TGAAGAGAACACGACC,8
TGAAGAGAACAGATTC,8
TGAAGAGAAGATGTAC,5
TGAAGAGAAGCACCTC,5
TGAAGAGAAGCCATGC,6
TGAAGAGAAGGCTAAC,6
TGAAGAGACATCAAGT,2
TGAAGAGAATAGCGAC,6
TGAAGAGAATCATTCC,6
TGAAGAGAATTGGCTC,6
TGAAGAGACAAGGAGC,6
TGAAGAGACACCTTAC,6
TGAAGAGACCATCCTC,6
TGAAGAGACCGACAAC,6
TGAAGAGACCTAATCC,6
TGAAGAGACCTCTATC,6
TGAAGAGACGACACAC,6
TGAAGAGACGCTGATC,2
TGAAGAGACGGATTGC,6
TGAAGAGACTAAGGTC,6
TGAAGAGAGAACAGGC,6
TGAAGAGAGACAGTGC,6
TGAAGAGAGAGTTAGC,6
TGAAGAGAGATGAATC,6
TGAAGAGAGCCAAGAC,6
TGAAGAGACGGAAGAA,6
TGAAGAGAGTGACAAG,6
TGAAGAGAGAACCAGA,6
TCTTCACAAACGTGAT,2
TCTTCACAACAAGCTA,2
TCTTCACATTGCTGGA,6
TCTTCACACTGTAGCC,2
TCTTCACAAGTACAAG,2
TCTTCACAAACAACCA,2
TCTTCACAAACCGAGA,2
TCTTCACAAACGCTTA,2
TCTTCACAAAGACGGA,2
TCTTCACAAAGGTACA,2
TCTTCACAACACAGAA,2
TCTTCACAACAGCAGA,2
TCTTCACAAAACATCG,2
TCTTCACAACCTCCAA,2
TCTTCACAACGCTCGA,2
TCTTCACAACGTATCA,2
TCTTCACAACTATGCA,2
TCTTCACAAGAGTCAA,2
TCTTCACAAGATCGCA,4
TCTTCACAAGCAGGAA,4
TCTTCACAAGTCACTA,4
TCTTCACAATCCTGTA,4
TCTTCACAATTGAGGA,7
TCTTCACAATGCCTAA,2
TCTTCACACAACCACA,2
TCTTCACAGACTAGTA,2
TCTTCACACAATGGAA,2
TCTTCACACACTTCGA,4
TCTTCACACAGCGTTA,4
TCTTCACACATACCAA,4
TCTTCACACCAGTTCA,4
TCTTCACACCGAAGTA,6
TCTTCACACCGTGAGA,6
TCTTCACACCTCCTGA,6
TCTTCACAAGTGGTCA,2
TCTTCACACGAACTTA,6
TCTTCACACGACTGGA,6
TCTTCACACGCATACA,6
TCTTCACACTCAATGA,6
TCTTCACACTGAGCCA,6
TCTTCACACTGGCATA,6
TCTTCACAGAATCTGA,8
TCTTCACACAAGACTA,8
TCTTCACAGAGCTGAA,8
TCTTCACAGATAGACA,8
TCTTCACAACCACTGT,2
TCTTCACAGCCACATA,8
TCTTCACAGCGAGTAA,8
TCTTCACAGCTAACGA,8
TCTTCACAGCTCGGTA,8
TCTTCACAGGAGAACA,8
TCTTCACAGGTGCGAA,8
TCTTCACAGTACGCAA,8
TCTTCACAGTCGTAGA,8
TCTTCACAGTCTGTCA,8
TCTTCACAGTGTTCTA,8
TCTTCACAACATTGGC,2
TCTTCACATAGGATGA,8
TCTTCACATATCAGCA,8
TCTTCACATCCGTCTA,8
TCTTCACATCTTCACA,8
TCTTCACATGAAGAGA,8
TCTTCACATGGAACAA,8
TCTTCACATGGCTTCA,8
TCTTCACATGGTGGTA,8
TCTTCACATTCACGCA,8
TCTTCACAAACTCACC,8
TCTTCACACAGATCTG,2
TCTTCACAAAGAGATC,8
TCTTCACAAAGGACAC,8
TCTTCACAAATCCGTC,8
TCTTCACAAATGTTGC,8
TCTTCACAACACGACC,8
TCTTCACAACAGATTC,8
TCTTCACAAGATGTAC,8
TCTTCACAAGCACCTC,5
TCTTCACAAGCCATGC,5
TCTTCACAAGGCTAAC,5
TCTTCACACATCAAGT,2
TCTTCACAATAGCGAC,5
TCTTCACAATCATTCC,6
TCTTCACAATTGGCTC,6
TCTTCACACAAGGAGC,6
TCTTCACACACCTTAC,6
TCTTCACACCATCCTC,6
TCTTCACACCGACAAC,6
TCTTCACACCTAATCC,6
TCTTCACACCTCTATC,6
TCTTCACACGACACAC,6
TCTTCACACGCTGATC,2
TCTTCACACGGATTGC,6
TCTTCACACTAAGGTC,6
TCTTCACAGAACAGGC,6
TCTTCACAGACAGTGC,6
TCTTCACAGAGTTAGC,6
TCTTCACAGATGAATC,6
TCTTCACAGCCAAGAC,6
TCTTCACACGGAAGAA,6
TCTTCACAGTGACAAG,6
TCTTCACAGAACCAGA,6
TCCGTCTAAACGTGAT,2
TCCGTCTAACAAGCTA,2
TCCGTCTATTGCTGGA,6
TCCGTCTACTGTAGCC,2
TCCGTCTAAGTACAAG,2
TCCGTCTAAACAACCA,2
TCCGTCTAAACCGAGA,2
TCCGTCTAAACGCTTA,2
TCCGTCTAAAGACGGA,2
TCCGTCTAAAGGTACA,2
TCCGTCTAACACAGAA,2
TCCGTCTAACAGCAGA,2
TCCGTCTAAAACATCG,2
TCCGTCTAACCTCCAA,2
TCCGTCTAACGCTCGA,2
TCCGTCTAACGTATCA,2
TCCGTCTAACTATGCA,2
TCCGTCTAAGAGTCAA,2
TCCGTCTAAGATCGCA,2
TCCGTCTAAGCAGGAA,2
TCCGTCTAAGTCACTA,4
TCCGTCTAATCCTGTA,7
TCCGTCTAATTGAGGA,7
TCCGTCTAATGCCTAA,2
TCCGTCTACAACCACA,7
TCCGTCTAGACTAGTA,2
TCCGTCTACAATGGAA,4
TCCGTCTACACTTCGA,4
TCCGTCTACAGCGTTA,4
TCCGTCTACATACCAA,4
TCCGTCTACCAGTTCA,4
TCCGTCTACCGAAGTA,6
TCCGTCTACCGTGAGA,6
TCCGTCTACCTCCTGA,6
TCCGTCTAAGTGGTCA,2
TCCGTCTACGAACTTA,6
TCCGTCTACGACTGGA,6
TCCGTCTACGCATACA,6
TCCGTCTACTCAATGA,6
TCCGTCTACTGAGCCA,3
TCCGTCTACTGGCATA,6
TCCGTCTAGAATCTGA,3
TCCGTCTACAAGACTA,3
TCCGTCTAGAGCTGAA,8
TCCGTCTAGATAGACA,3
TCCGTCTAACCACTGT,2
TCCGTCTAGCCACATA,8
TCCGTCTAGCGAGTAA,8
TCCGTCTAGCTAACGA,3
TCCGTCTAGCTCGGTA,3
TCCGTCTAGGAGAACA,8
TCCGTCTAGGTGCGAA,8
TCCGTCTAGTACGCAA,8
TCCGTCTAGTCGTAGA,8
TCCGTCTAGTCTGTCA,8
TCCGTCTAGTGTTCTA,8
TCCGTCTAACATTGGC,2
TCCGTCTATAGGATGA,8
TCCGTCTATATCAGCA,8
TCCGTCTATCCGTCTA,8
TCCGTCTATCTTCACA,8
TCCGTCTATGAAGAGA,8
TCCGTCTATGGAACAA,8
TCCGTCTATGGCTTCA,8
TCCGTCTATGGTGGTA,8
TCCGTCTATTCACGCA,8
TCCGTCTAAACTCACC,8
TCCGTCTACAGATCTG,2
TCCGTCTAAAGAGATC,8
TCCGTCTAAAGGACAC,8
TCCGTCTAAATCCGTC,8
TCCGTCTAAATGTTGC,8
TCCGTCTAACACGACC,8
TCCGTCTAACAGATTC,8
TCCGTCTAAGATGTAC,8
TCCGTCTAAGCACCTC,5
TCCGTCTAAGCCATGC,5
TCCGTCTAAGGCTAAC,5
TCCGTCTACATCAAGT,2
TCCGTCTAATAGCGAC,5
TCCGTCTAATCATTCC,5
TCCGTCTAATTGGCTC,6
TCCGTCTACAAGGAGC,6
TCCGTCTACACCTTAC,6
TCCGTCTACCATCCTC,6
TCCGTCTACCGACAAC,6
TCCGTCTACCTAATCC,6
TCCGTCTACCTCTATC,6
TCCGTCTACGACACAC,6
TCCGTCTACGCTGATC,2
TCCGTCTACGGATTGC,6
TCCGTCTACTAAGGTC,6
TCCGTCTAGAACAGGC,6
TCCGTCTAGACAGTGC,6
TCCGTCTAGAGTTAGC,6
TCCGTCTAGATGAATC,6
TCCGTCTAGCCAAGAC,6
TCCGTCTACGGAAGAA,6
TCCGTCTAGTGACAAG,6
TCCGTCTAGAACCAGA,6
GTGACAAGTTGCTGGA,2
GTGACAAGAGATCGCA,2
GTGACAAGAGCAGGAA,2
GTGACAAGAGTCACTA,2
GTGACAAGATCCTGTA,2
GTGACAAGATTGAGGA,2
GTGACAAGCAACCACA,2
GTGACAAGGACTAGTA,2
GTGACAAGCAATGGAA,2
GTGACAAGCACTTCGA,2
GTGACAAGCAGCGTTA,2
GTGACAAGCATACCAA,2
GTGACAAGCCAGTTCA,2
GTGACAAGCCGAAGTA,2
GTGACAAGCCGTGAGA,2
GTGACAAGCCTCCTGA,2
GTGACAAGCGAACTTA,2
GTGACAAGCGACTGGA,2
GTGACAAGCGCATACA,2
GTGACAAGCTCAATGA,2
GTGACAAGCTGAGCCA,2
GTGACAAGCTGGCATA,2
GTGACAAGGAATCTGA,2
GTGACAAGCAAGACTA,2
GTGACAAGGAGCTGAA,2
GTGACAAGGATAGACA,2
GTGACAAGGCCACATA,2
GTGACAAGGCGAGTAA,2
GTGACAAGGCTAACGA,2
GTGACAAGGCTCGGTA,2
GTGACAAGGGAGAACA,2
GTGACAAGGGTGCGAA,2
GTGACAAGGTACGCAA,2
GTGACAAGGTCGTAGA,4
GTGACAAGGTCTGTCA,4
GTGACAAGGTGTTCTA,4
GTGACAAGTAGGATGA,2
GTGACAAGTATCAGCA,2
GTGACAAGTCCGTCTA,2
GTGACAAGTCTTCACA,2
GTGACAAGTGAAGAGA,2
GTGACAAGTGGAACAA,4
GTGACAAGTGGCTTCA,4
GTGACAAGTGGTGGTA,4
GTGACAAGTTCACGCA,4
GTGACAAGAACTCACC,4
GTGACAAGAAGAGATC,4
GTGACAAGAAGGACAC,4
GTGACAAGAATCCGTC,4
GTGACAAGAATGTTGC,4
GTGACAAGACACGACC,4
GTGACAAGACAGATTC,4
GTGACAAGAGATGTAC,4
GTGACAAGAGCACCTC,4
GTGACAAGAGCCATGC,4
GTGACAAGAGGCTAAC,4
GTGACAAGATAGCGAC,4
GTGACAAGATCATTCC,4
GTGACAAGATTGGCTC,4
GTGACAAGCAAGGAGC,4
GTGACAAGCACCTTAC,4
GTGACAAGCCATCCTC,4
GTGACAAGCCGACAAC,4
GTGACAAGCCTAATCC,4
GTGACAAGCCTCTATC,2
GTGACAAGCGACACAC,2
GTGACAAGCGGATTGC,2
GTGACAAGCTAAGGTC,2
GTGACAAGGAACAGGC,2
GTGACAAGGACAGTGC,2
GTGACAAGGAGTTAGC,2
GTGACAAGGATGAATC,9
GTGACAAGGCCAAGAC,9
GTGACAAGCGGAAGAA,9
GTGACAAGGTGACAAG,2
GTGACAAGGAACCAGA,9
TATCAGCAAACGTGAT,2
TATCAGCAACAAGCTA,2
TATCAGCATTGCTGGA,6
TATCAGCACTGTAGCC,2
TATCAGCAAGTACAAG,2
TATCAGCAAACAACCA,2
TATCAGCAAACCGAGA,2
TATCAGCAAACGCTTA,2
TATCAGCAAAGACGGA,2
TATCAGCAAAGGTACA,2
TATCAGCAACACAGAA,2
TATCAGCAACAGCAGA,2
TATCAGCAAAACATCG,2
TATCAGCAACCTCCAA,2
TATCAGCAACGCTCGA,2
TATCAGCAACGTATCA,2
TATCAGCAACTATGCA,2
TATCAGCAAGAGTCAA,2
TATCAGCAAGATCGCA,2
TATCAGCAAGCAGGAA,7
TATCAGCAAGTCACTA,7
TATCAGCAATCCTGTA,7
TATCAGCAATTGAGGA,7
TATCAGCAATGCCTAA,2
TATCAGCACAACCACA,7
TATCAGCAGACTAGTA,2
TATCAGCACAATGGAA,7
TATCAGCACACTTCGA,4
TATCAGCACAGCGTTA,4
TATCAGCACATACCAA,4
TATCAGCACCAGTTCA,4
TATCAGCACCGAAGTA,6
TATCAGCACCGTGAGA,6
TATCAGCACCTCCTGA,6
TATCAGCAAGTGGTCA,2
TATCAGCACGAACTTA,6
TATCAGCACGACTGGA,6
TATCAGCACGCATACA,6
TATCAGCACTCAATGA,3
TATCAGCACTGAGCCA,3
TATCAGCACTGGCATA,3
TATCAGCAGAATCTGA,3
TATCAGCACAAGACTA,3
TATCAGCAGAGCTGAA,3
TATCAGCAGATAGACA,3
TATCAGCAACCACTGT,2
TATCAGCAGCCACATA,8
TATCAGCAGCGAGTAA,3
TATCAGCAGCTAACGA,3
TATCAGCAGCTCGGTA,3
TATCAGCAGGAGAACA,8
TATCAGCAGGTGCGAA,8
TATCAGCAGTACGCAA,8
TATCAGCAGTCGTAGA,8
TATCAGCAGTCTGTCA,8
TATCAGCAGTGTTCTA,8
TATCAGCAACATTGGC,2
TATCAGCATAGGATGA,8
TATCAGCATATCAGCA,8
TATCAGCATCCGTCTA,8
TATCAGCATCTTCACA,8
TATCAGCATGAAGAGA,8
TATCAGCATGGAACAA,8
TATCAGCATGGCTTCA,8
TATCAGCATGGTGGTA,8
TATCAGCATTCACGCA,8
TATCAGCAAACTCACC,8
TATCAGCACAGATCTG,2
TATCAGCAAAGAGATC,8
TATCAGCAAAGGACAC,8
TATCAGCAAATCCGTC,8
TATCAGCAAATGTTGC,8
TATCAGCAACACGACC,8
TATCAGCAACAGATTC,8
TATCAGCAAGATGTAC,8
TATCAGCAAGCACCTC,8
TATCAGCAAGCCATGC,5
TATCAGCAAGGCTAAC,5
TATCAGCACATCAAGT,2
TATCAGCAATAGCGAC,5
TATCAGCAATCATTCC,5
TATCAGCAATTGGCTC,5
TATCAGCACAAGGAGC,5
TATCAGCACACCTTAC,6
TATCAGCACCATCCTC,6
TATCAGCACCGACAAC,6
TATCAGCACCTAATCC,6
TATCAGCACCTCTATC,6
TATCAGCACGACACAC,6
TATCAGCACGCTGATC,2
TATCAGCACGGATTGC,6
TATCAGCACTAAGGTC,6
TATCAGCAGAACAGGC,6
TATCAGCAGACAGTGC,6
TATCAGCAGAGTTAGC,6
TATCAGCAGATGAATC,6
TATCAGCAGCCAAGAC,6
TATCAGCACGGAAGAA,6
TATCAGCAGTGACAAG,6
TATCAGCAGAACCAGA,6
TAGGATGAAACGTGAT,2
TAGGATGAACAAGCTA,2
TAGGATGATTGCTGGA,6
TAGGATGACTGTAGCC,2
TAGGATGAAGTACAAG,2
TAGGATGAAACAACCA,2
TAGGATGAAACCGAGA,2
TAGGATGAAACGCTTA,2
TAGGATGAAAGACGGA,2
TAGGATGAAAGGTACA,2
TAGGATGAACACAGAA,2
TAGGATGAACAGCAGA,2
TAGGATGAAAACATCG,2
TAGGATGAACCTCCAA,2
TAGGATGAACGCTCGA,2
TAGGATGAACGTATCA,2
TAGGATGAACTATGCA,2
TAGGATGAAGAGTCAA,2
TAGGATGAAGATCGCA,2
TAGGATGAAGCAGGAA,2
TAGGATGAAGTCACTA,7
TAGGATGAATCCTGTA,7
TAGGATGAATTGAGGA,7
TAGGATGAATGCCTAA,2
TAGGATGACAACCACA,7
TAGGATGAGACTAGTA,4
TAGGATGACAATGGAA,4
TAGGATGACACTTCGA,4
TAGGATGACAGCGTTA,4
TAGGATGACATACCAA,4
TAGGATGACCAGTTCA,4
TAGGATGACCGAAGTA,6
TAGGATGACCGTGAGA,6
TAGGATGACCTCCTGA,6
TAGGATGAAGTGGTCA,2
TAGGATGACGAACTTA,6
TAGGATGACGACTGGA,6
TAGGATGACGCATACA,3
TAGGATGACTCAATGA,3
TAGGATGACTGAGCCA,3
TAGGATGACTGGCATA,3
TAGGATGAGAATCTGA,3
TAGGATGACAAGACTA,3
TAGGATGAGAGCTGAA,3
TAGGATGAGATAGACA,3
TAGGATGAACCACTGT,2
TAGGATGAGCCACATA,3
TAGGATGAGCGAGTAA,3
TAGGATGAGCTAACGA,3
TAGGATGAGCTCGGTA,3
TAGGATGAGGAGAACA,8
TAGGATGAGGTGCGAA,8
TAGGATGAGTACGCAA,8
TAGGATGAGTCGTAGA,8
TAGGATGAGTCTGTCA,8
TAGGATGAGTGTTCTA,8
TAGGATGAACATTGGC,2
TAGGATGATAGGATGA,8
TAGGATGATATCAGCA,8
TAGGATGATCCGTCTA,8
TAGGATGATCTTCACA,8
TAGGATGATGAAGAGA,8
TAGGATGATGGAACAA,8
TAGGATGATGGCTTCA,8
TAGGATGATGGTGGTA,8
TAGGATGATTCACGCA,8
TAGGATGAAACTCACC,8
TAGGATGACAGATCTG,2
TAGGATGAAAGAGATC,8
TAGGATGAAAGGACAC,8
TAGGATGAAATCCGTC,8
TAGGATGAAATGTTGC,8
TAGGATGAACACGACC,8
TAGGATGAACAGATTC,8
TAGGATGAAGATGTAC,8
TAGGATGAAGCACCTC,8
TAGGATGAAGCCATGC,8
TAGGATGAAGGCTAAC,5
TAGGATGACATCAAGT,2
TAGGATGAATAGCGAC,5
TAGGATGAATCATTCC,5
TAGGATGAATTGGCTC,5
TAGGATGACAAGGAGC,5
TAGGATGACACCTTAC,6
TAGGATGACCATCCTC,6
TAGGATGACCGACAAC,6
TAGGATGACCTAATCC,6
TAGGATGACCTCTATC,6
TAGGATGACGACACAC,6
TAGGATGACGCTGATC,2
TAGGATGACGGATTGC,6
TAGGATGACTAAGGTC,6
TAGGATGAGAACAGGC,6
TAGGATGAGACAGTGC,6
TAGGATGAGAGTTAGC,6
TAGGATGAGATGAATC,6
TAGGATGAGCCAAGAC,6
TAGGATGACGGAAGAA,6
TAGGATGAGTGACAAG,6
TAGGATGAGAACCAGA,6
GTGTTCTAAACGTGAT,2
GTGTTCTAACAAGCTA,2
GTGTTCTATTGCTGGA,6
GTGTTCTACTGTAGCC,2
GTGTTCTAAGTACAAG,2
GTGTTCTAAACAACCA,2
GTGTTCTAAACCGAGA,2
GTGTTCTAAACGCTTA,2
GTGTTCTAAAGACGGA,2
GTGTTCTAAAGGTACA,2
GTGTTCTAACACAGAA,2
GTGTTCTAACAGCAGA,2
GTGTTCTAAAACATCG,2
GTGTTCTAACCTCCAA,2
GTGTTCTAACGCTCGA,4
GTGTTCTAACGTATCA,2
GTGTTCTAACTATGCA,2
GTGTTCTAAGAGTCAA,2
GTGTTCTAAGATCGCA,2
GTGTTCTAAGCAGGAA,7
GTGTTCTAAGTCACTA,7
GTGTTCTAATCCTGTA,7
GTGTTCTAATTGAGGA,7
GTGTTCTAATGCCTAA,2
GTGTTCTACAACCACA,7
GTGTTCTAGACTAGTA,4
GTGTTCTACAATGGAA,4
GTGTTCTACACTTCGA,4
GTGTTCTACAGCGTTA,4
GTGTTCTACATACCAA,4
GTGTTCTACCAGTTCA,6
GTGTTCTACCGAAGTA,6
GTGTTCTACCGTGAGA,6
GTGTTCTACCTCCTGA,6
GTGTTCTAAGTGGTCA,2
GTGTTCTACGAACTTA,6
GTGTTCTACGACTGGA,3
GTGTTCTACGCATACA,3
GTGTTCTACTCAATGA,3
GTGTTCTACTGAGCCA,3
GTGTTCTACTGGCATA,3
GTGTTCTAGAATCTGA,3
GTGTTCTACAAGACTA,6
GTGTTCTAGAGCTGAA,3
GTGTTCTAGATAGACA,8
GTGTTCTAACCACTGT,2
GTGTTCTAGCCACATA,3
GTGTTCTAGCGAGTAA,3
GTGTTCTAGCTAACGA,3
GTGTTCTAGCTCGGTA,3
GTGTTCTAGGAGAACA,3
GTGTTCTAGGTGCGAA,8
GTGTTCTAGTACGCAA,8
GTGTTCTAGTCGTAGA,8
GTGTTCTAGTCTGTCA,8
GTGTTCTAGTGTTCTA,8
GTGTTCTAACATTGGC,2
GTGTTCTATAGGATGA,8
GTGTTCTATATCAGCA,8
GTGTTCTATCCGTCTA,8
GTGTTCTATCTTCACA,8
GTGTTCTATGAAGAGA,8
GTGTTCTATGGAACAA,8
GTGTTCTATGGCTTCA,8
GTGTTCTATGGTGGTA,8
GTGTTCTATTCACGCA,8
GTGTTCTAAACTCACC,8
GTGTTCTACAGATCTG,2
GTGTTCTAAAGAGATC,8
GTGTTCTAAAGGACAC,8
GTGTTCTAAATCCGTC,8
GTGTTCTAAATGTTGC,8
GTGTTCTAACACGACC,8
GTGTTCTAACAGATTC,8
GTGTTCTAAGATGTAC,8
GTGTTCTAAGCACCTC,8
GTGTTCTAAGCCATGC,8
GTGTTCTAAGGCTAAC,8
GTGTTCTACATCAAGT,2
GTGTTCTAATAGCGAC,5
GTGTTCTAATCATTCC,5
GTGTTCTAATTGGCTC,5
GTGTTCTACAAGGAGC,5
GTGTTCTACACCTTAC,5
GTGTTCTACCATCCTC,6
GTGTTCTACCGACAAC,6
GTGTTCTACCTAATCC,6
GTGTTCTACCTCTATC,6
GTGTTCTACGACACAC,6
GTGTTCTACGCTGATC,2
GTGTTCTACGGATTGC,6
GTGTTCTACTAAGGTC,6
GTGTTCTAGAACAGGC,6
GTGTTCTAGACAGTGC,6
GTGTTCTAGAGTTAGC,6
GTGTTCTAGATGAATC,6
GTGTTCTAGCCAAGAC,6
GTGTTCTACGGAAGAA,6
GTGTTCTAGTGACAAG,6
GTGTTCTAGAACCAGA,6
GTCTGTCAAACGTGAT,2
GTCTGTCAACAAGCTA,2
GTCTGTCATTGCTGGA,6
GTCTGTCACTGTAGCC,2
GTCTGTCAAGTACAAG,2
GTCTGTCAAACAACCA,2
GTCTGTCAAACCGAGA,2
GTCTGTCAAACGCTTA,2
GTCTGTCAAAGACGGA,2
GTCTGTCAAAGGTACA,2
GTCTGTCAACACAGAA,2
GTCTGTCAACAGCAGA,2
GTCTGTCAAAACATCG,2
GTCTGTCAACCTCCAA,2
GTCTGTCAACGCTCGA,2
GTCTGTCAACGTATCA,4
GTCTGTCAACTATGCA,2
GTCTGTCAAGAGTCAA,2
GTCTGTCAAGATCGCA,2
GTCTGTCAAGCAGGAA,4
GTCTGTCAAGTCACTA,4
GTCTGTCAATCCTGTA,2
GTCTGTCAATTGAGGA,4
GTCTGTCAATGCCTAA,2
GTCTGTCACAACCACA,4
GTCTGTCAGACTAGTA,4
GTCTGTCACAATGGAA,4
GTCTGTCACACTTCGA,4
GTCTGTCACAGCGTTA,4
GTCTGTCACATACCAA,6
GTCTGTCACCAGTTCA,6
GTCTGTCACCGAAGTA,6
GTCTGTCACCGTGAGA,6
GTCTGTCACCTCCTGA,8
GTCTGTCAAGTGGTCA,2
GTCTGTCACGAACTTA,3
GTCTGTCACGACTGGA,3
GTCTGTCACGCATACA,3
GTCTGTCACTCAATGA,3
GTCTGTCACTGAGCCA,4
GTCTGTCACTGGCATA,8
GTCTGTCAGAATCTGA,8
GTCTGTCACAAGACTA,3
GTCTGTCAGAGCTGAA,3
GTCTGTCAGATAGACA,8
GTCTGTCAACCACTGT,2
GTCTGTCAGCCACATA,3
GTCTGTCAGCGAGTAA,3
GTCTGTCAGCTAACGA,3
GTCTGTCAGCTCGGTA,3
GTCTGTCAGGAGAACA,3
GTCTGTCAGGTGCGAA,8
GTCTGTCAGTACGCAA,8
GTCTGTCAGTCGTAGA,8
GTCTGTCAGTCTGTCA,8
GTCTGTCAGTGTTCTA,8
GTCTGTCAACATTGGC,2
GTCTGTCATAGGATGA,8
GTCTGTCATATCAGCA,8
GTCTGTCATCCGTCTA,8
GTCTGTCATCTTCACA,8
GTCTGTCATGAAGAGA,8
GTCTGTCATGGAACAA,8
GTCTGTCATGGCTTCA,8
GTCTGTCATGGTGGTA,8
GTCTGTCATTCACGCA,8
GTCTGTCAAACTCACC,8
GTCTGTCACAGATCTG,2
GTCTGTCAAAGAGATC,8
GTCTGTCAAAGGACAC,8
GTCTGTCAAATCCGTC,8
GTCTGTCAAATGTTGC,8
GTCTGTCAACACGACC,8
GTCTGTCAACAGATTC,8
GTCTGTCAAGATGTAC,8
GTCTGTCAAGCACCTC,8
GTCTGTCAAGCCATGC,8
GTCTGTCAAGGCTAAC,8
GTCTGTCACATCAAGT,2
GTCTGTCAATAGCGAC,5
GTCTGTCAATCATTCC,5
GTCTGTCAATTGGCTC,5
GTCTGTCACAAGGAGC,5
GTCTGTCACACCTTAC,5
GTCTGTCACCATCCTC,5
GTCTGTCACCGACAAC,6
GTCTGTCACCTAATCC,6
GTCTGTCACCTCTATC,6
GTCTGTCACGACACAC,6
GTCTGTCACGCTGATC,2
GTCTGTCACGGATTGC,6
GTCTGTCACTAAGGTC,6
GTCTGTCAGAACAGGC,6
GTCTGTCAGACAGTGC,6
GTCTGTCAGAGTTAGC,6
GTCTGTCAGATGAATC,6
GTCTGTCAGCCAAGAC,6
GTCTGTCACGGAAGAA,6
GTCTGTCAGTGACAAG,6
GTCTGTCAGAACCAGA,6
GTCGTAGAAACGTGAT,2
GTCGTAGAACAAGCTA,2
GTCGTAGATTGCTGGA,6
GTCGTAGACTGTAGCC,2
GTCGTAGAAGTACAAG,2
GTCGTAGAAACAACCA,2
GTCGTAGAAACCGAGA,2
GTCGTAGAAACGCTTA,2
GTCGTAGAAAGACGGA,2
GTCGTAGAAAGGTACA,2
GTCGTAGAACACAGAA,2
GTCGTAGAACAGCAGA,2
GTCGTAGAAAACATCG,2
GTCGTAGAACCTCCAA,2
GTCGTAGAACGCTCGA,2
GTCGTAGAACGTATCA,2
GTCGTAGAACTATGCA,2
GTCGTAGAAGAGTCAA,2
GTCGTAGAAGATCGCA,2
GTCGTAGAAGCAGGAA,4
GTCGTAGAAGTCACTA,2
GTCGTAGAATCCTGTA,2
GTCGTAGAATTGAGGA,2
GTCGTAGAATGCCTAA,2
GTCGTAGACAACCACA,2
GTCGTAGAGACTAGTA,2
GTCGTAGACAATGGAA,2
GTCGTAGACACTTCGA,4
GTCGTAGACAGCGTTA,4
GTCGTAGACATACCAA,6
GTCGTAGACCAGTTCA,6
GTCGTAGACCGAAGTA,6
GTCGTAGACCGTGAGA,6
GTCGTAGACCTCCTGA,3
GTCGTAGAAGTGGTCA,2
GTCGTAGACGAACTTA,3
GTCGTAGACGACTGGA,3
GTCGTAGACGCATACA,3
GTCGTAGACTCAATGA,3
GTCGTAGACTGAGCCA,3
GTCGTAGACTGGCATA,8
GTCGTAGAGAATCTGA,3
GTCGTAGACAAGACTA,4
GTCGTAGAGAGCTGAA,3
GTCGTAGAGATAGACA,3
GTCGTAGAACCACTGT,2
GTCGTAGAGCCACATA,3
GTCGTAGAGCGAGTAA,3
GTCGTAGAGCTAACGA,3
GTCGTAGAGCTCGGTA,3
GTCGTAGAGGAGAACA,6
GTCGTAGAGGTGCGAA,6
GTCGTAGAGTACGCAA,8
GTCGTAGAGTCGTAGA,8
GTCGTAGAGTCTGTCA,8
GTCGTAGAGTGTTCTA,8
GTCGTAGAACATTGGC,2
GTCGTAGATAGGATGA,8
GTCGTAGATATCAGCA,8
GTCGTAGATCCGTCTA,8
GTCGTAGATCTTCACA,8
GTCGTAGATGAAGAGA,8
GTCGTAGATGGAACAA,8
GTCGTAGATGGCTTCA,8
GTCGTAGATGGTGGTA,8
GTCGTAGATTCACGCA,8
GTCGTAGAAACTCACC,8
GTCGTAGACAGATCTG,2
GTCGTAGAAAGAGATC,8
GTCGTAGAAAGGACAC,8
GTCGTAGAAATCCGTC,8
GTCGTAGAAATGTTGC,8
GTCGTAGAACACGACC,8
GTCGTAGAACAGATTC,6
GTCGTAGAAGATGTAC,8
GTCGTAGAAGCACCTC,8
GTCGTAGAAGCCATGC,8
GTCGTAGAAGGCTAAC,8
GTCGTAGACATCAAGT,2
GTCGTAGAATAGCGAC,5
GTCGTAGAATCATTCC,5
GTCGTAGAATTGGCTC,5
GTCGTAGACAAGGAGC,5
GTCGTAGACACCTTAC,5
GTCGTAGACCATCCTC,5
GTCGTAGACCGACAAC,6
GTCGTAGACCTAATCC,6
GTCGTAGACCTCTATC,6
GTCGTAGACGACACAC,6
GTCGTAGACGCTGATC,2
GTCGTAGACGGATTGC,6
GTCGTAGACTAAGGTC,6
GTCGTAGAGAACAGGC,6
GTCGTAGAGACAGTGC,6
GTCGTAGAGAGTTAGC,6
GTCGTAGAGATGAATC,6
GTCGTAGAGCCAAGAC,6
GTCGTAGACGGAAGAA,6
GTCGTAGAGTGACAAG,6
GTCGTAGAGAACCAGA,6
GTACGCAAAACGTGAT,2
GTACGCAAACAAGCTA,2
GTACGCAATTGCTGGA,6
GTACGCAACTGTAGCC,2
GTACGCAAAGTACAAG,2
GTACGCAAAACAACCA,2
GTACGCAAAACCGAGA,2
GTACGCAAAACGCTTA,2
GTACGCAAAAGACGGA,2
GTACGCAAAAGGTACA,2
GTACGCAAACACAGAA,2
GTACGCAAACAGCAGA,2
GTACGCAAAAACATCG,2
GTACGCAAACCTCCAA,2
GTACGCAAACGCTCGA,2
GTACGCAAACGTATCA,2
GTACGCAAACTATGCA,4
GTACGCAAAGAGTCAA,4
GTACGCAAAGATCGCA,2
GTACGCAAAGCAGGAA,2
GTACGCAAAGTCACTA,2
GTACGCAAATCCTGTA,2
GTACGCAAATTGAGGA,2
GTACGCAAATGCCTAA,2
GTACGCAACAACCACA,2
GTACGCAAGACTAGTA,2
GTACGCAACAATGGAA,4
GTACGCAACACTTCGA,4
GTACGCAACAGCGTTA,6
GTACGCAACATACCAA,6
GTACGCAACCAGTTCA,6
GTACGCAACCGAAGTA,8
GTACGCAACCGTGAGA,3
GTACGCAACCTCCTGA,3
GTACGCAAAGTGGTCA,2
GTACGCAACGAACTTA,3
GTACGCAACGACTGGA,8
GTACGCAACGCATACA,3
GTACGCAACTCAATGA,4
GTACGCAACTGAGCCA,3
GTACGCAACTGGCATA,3
GTACGCAAGAATCTGA,3
GTACGCAACAAGACTA,8
GTACGCAAGAGCTGAA,3
GTACGCAAGATAGACA,3
GTACGCAAACCACTGT,2
GTACGCAAGCCACATA,3
GTACGCAAGCGAGTAA,3
GTACGCAAGCTAACGA,3
GTACGCAAGCTCGGTA,3
GTACGCAAGGAGAACA,3
GTACGCAAGGTGCGAA,8
GTACGCAAGTACGCAA,8
GTACGCAAGTCGTAGA,8
GTACGCAAGTCTGTCA,8
GTACGCAAGTGTTCTA,8
GTACGCAAACATTGGC,2
GTACGCAATAGGATGA,8
GTACGCAATATCAGCA,8
GTACGCAATCCGTCTA,8
GTACGCAATCTTCACA,8
GTACGCAATGAAGAGA,8
GTACGCAATGGAACAA,8
GTACGCAATGGCTTCA,8
GTACGCAATGGTGGTA,8
GTACGCAATTCACGCA,8
GTACGCAAAACTCACC,8
GTACGCAACAGATCTG,2
GTACGCAAAAGAGATC,8
GTACGCAAAAGGACAC,8
GTACGCAAAATCCGTC,8
GTACGCAAAATGTTGC,8
GTACGCAAACACGACC,4
GTACGCAAACAGATTC,8
GTACGCAAAGATGTAC,8
GTACGCAAAGCACCTC,8
GTACGCAAAGCCATGC,8
GTACGCAAAGGCTAAC,8
GTACGCAACATCAAGT,2
GTACGCAAATAGCGAC,5
GTACGCAAATCATTCC,5
GTACGCAAATTGGCTC,5
GTACGCAACAAGGAGC,5
GTACGCAACACCTTAC,5
GTACGCAACCATCCTC,5
GTACGCAACCGACAAC,1
GTACGCAACCTAATCC,6
GTACGCAACCTCTATC,6
GTACGCAACGACACAC,6
GTACGCAACGCTGATC,2
GTACGCAACGGATTGC,6
GTACGCAACTAAGGTC,6
GTACGCAAGAACAGGC,6
GTACGCAAGACAGTGC,6
GTACGCAAGAGTTAGC,6
GTACGCAAGATGAATC,6
GTACGCAAGCCAAGAC,6
GTACGCAACGGAAGAA,6
GTACGCAAGTGACAAG,6
GTACGCAAGAACCAGA,6
GGTGCGAAAACGTGAT,2
GGTGCGAAACAAGCTA,2
GGTGCGAATTGCTGGA,6
GGTGCGAACTGTAGCC,2
GGTGCGAAAGTACAAG,2
GGTGCGAAAACAACCA,2
GGTGCGAAAACCGAGA,2
GGTGCGAAAACGCTTA,2
GGTGCGAAAAGACGGA,2
GGTGCGAAAAGGTACA,2
GGTGCGAAACACAGAA,2
GGTGCGAAACAGCAGA,2
GGTGCGAAAAACATCG,2
GGTGCGAAACCTCCAA,2
GGTGCGAAACGCTCGA,4
GGTGCGAAACGTATCA,2
GGTGCGAAACTATGCA,2
GGTGCGAAAGAGTCAA,4
GGTGCGAAAGATCGCA,4
GGTGCGAAAGCAGGAA,4
GGTGCGAAAGTCACTA,4
GGTGCGAAATCCTGTA,2
GGTGCGAAATTGAGGA,2
GGTGCGAAATGCCTAA,2
GGTGCGAACAACCACA,2
GGTGCGAAGACTAGTA,2
GGTGCGAACAATGGAA,2
GGTGCGAACACTTCGA,4
GGTGCGAACAGCGTTA,6
GGTGCGAACATACCAA,6
GGTGCGAACCAGTTCA,6
GGTGCGAACCGAAGTA,8
GGTGCGAACCGTGAGA,3
GGTGCGAACCTCCTGA,8
GGTGCGAAAGTGGTCA,2
GGTGCGAACGAACTTA,3
GGTGCGAACGACTGGA,3
GGTGCGAACGCATACA,3
GGTGCGAACTCAATGA,4
GGTGCGAACTGAGCCA,3
GGTGCGAACTGGCATA,3
GGTGCGAAGAATCTGA,8
GGTGCGAACAAGACTA,8
GGTGCGAAGAGCTGAA,3
GGTGCGAAGATAGACA,3
GGTGCGAAACCACTGT,2
GGTGCGAAGCCACATA,8
GGTGCGAAGCGAGTAA,3
GGTGCGAAGCTAACGA,6
GGTGCGAAGCTCGGTA,3
GGTGCGAAGGAGAACA,8
GGTGCGAAGGTGCGAA,3
GGTGCGAAGTACGCAA,8
GGTGCGAAGTCGTAGA,8
GGTGCGAAGTCTGTCA,8
GGTGCGAAGTGTTCTA,8
GGTGCGAAACATTGGC,2
GGTGCGAATAGGATGA,8
GGTGCGAATATCAGCA,8
GGTGCGAATCCGTCTA,8
GGTGCGAATCTTCACA,8
GGTGCGAATGAAGAGA,8
GGTGCGAATGGAACAA,8
GGTGCGAATGGCTTCA,8
GGTGCGAATGGTGGTA,8
GGTGCGAATTCACGCA,8
GGTGCGAAAACTCACC,8
GGTGCGAACAGATCTG,2
GGTGCGAAAAGAGATC,8
GGTGCGAAAAGGACAC,8
GGTGCGAAAATCCGTC,8
GGTGCGAAAATGTTGC,8
GGTGCGAAACACGACC,8
GGTGCGAAACAGATTC,8
GGTGCGAAAGATGTAC,4
GGTGCGAAAGCACCTC,8
GGTGCGAAAGCCATGC,8
GGTGCGAAAGGCTAAC,8
GGTGCGAACATCAAGT,2
GGTGCGAAATAGCGAC,5
GGTGCGAAATCATTCC,5
GGTGCGAAATTGGCTC,5
GGTGCGAACAAGGAGC,5
GGTGCGAACACCTTAC,5
GGTGCGAACCATCCTC,1
GGTGCGAACCGACAAC,1
GGTGCGAACCTAATCC,1
GGTGCGAACCTCTATC,6
GGTGCGAACGACACAC,6
GGTGCGAACGCTGATC,2
GGTGCGAACGGATTGC,6
GGTGCGAACTAAGGTC,6
GGTGCGAAGAACAGGC,6
GGTGCGAAGACAGTGC,6
GGTGCGAAGAGTTAGC,6
GGTGCGAAGATGAATC,6
GGTGCGAAGCCAAGAC,6
GGTGCGAACGGAAGAA,6
GGTGCGAAGTGACAAG,6
GGTGCGAAGAACCAGA,6
GGAGAACAAACGTGAT,2
GGAGAACAACAAGCTA,2
GGAGAACATTGCTGGA,6
GGAGAACACTGTAGCC,2
GGAGAACAAGTACAAG,2
GGAGAACAAACAACCA,2
GGAGAACAAACCGAGA,2
GGAGAACAAACGCTTA,2
GGAGAACAAAGACGGA,2
GGAGAACAAAGGTACA,2
GGAGAACAACACAGAA,2
GGAGAACAACAGCAGA,2
GGAGAACAAAACATCG,2
GGAGAACAACCTCCAA,2
GGAGAACAACGCTCGA,2
GGAGAACAACGTATCA,2
GGAGAACAACTATGCA,4
GGAGAACAAGAGTCAA,4
GGAGAACAAGATCGCA,4
GGAGAACAAGCAGGAA,4
GGAGAACAAGTCACTA,4
GGAGAACAATCCTGTA,2
GGAGAACAATTGAGGA,2
GGAGAACAATGCCTAA,2
GGAGAACACAACCACA,2
GGAGAACAGACTAGTA,2
GGAGAACACAATGGAA,2
GGAGAACACACTTCGA,6
GGAGAACACAGCGTTA,6
GGAGAACACATACCAA,6
GGAGAACACCAGTTCA,6
GGAGAACACCGAAGTA,8
GGAGAACACCGTGAGA,3
GGAGAACACCTCCTGA,3
GGAGAACAAGTGGTCA,2
GGAGAACACGAACTTA,3
GGAGAACACGACTGGA,8
GGAGAACACGCATACA,3
GGAGAACACTCAATGA,2
GGAGAACACTGAGCCA,3
GGAGAACACTGGCATA,3
GGAGAACAGAATCTGA,3
GGAGAACACAAGACTA,3
GGAGAACAGAGCTGAA,3
GGAGAACAGATAGACA,3
GGAGAACAACCACTGT,2
GGAGAACAGCCACATA,3
GGAGAACAGCGAGTAA,3
GGAGAACAGCTAACGA,3
GGAGAACAGCTCGGTA,3
GGAGAACAGGAGAACA,3
GGAGAACAGGTGCGAA,3
GGAGAACAGTACGCAA,8
GGAGAACAGTCGTAGA,8
GGAGAACAGTCTGTCA,8
GGAGAACAGTGTTCTA,8
GGAGAACAACATTGGC,2
GGAGAACATAGGATGA,8
GGAGAACATATCAGCA,8
GGAGAACATCCGTCTA,8
GGAGAACATCTTCACA,8
GGAGAACATGAAGAGA,8
GGAGAACATGGAACAA,8
GGAGAACATGGCTTCA,8
GGAGAACATGGTGGTA,8
GGAGAACATTCACGCA,8
GGAGAACAAACTCACC,8
GGAGAACACAGATCTG,2
GGAGAACAAAGAGATC,8
GGAGAACAAAGGACAC,8
GGAGAACAAATCCGTC,8
GGAGAACAAATGTTGC,8
GGAGAACAACACGACC,8
GGAGAACAACAGATTC,8
GGAGAACAAGATGTAC,8
GGAGAACAAGCACCTC,8
GGAGAACAAGCCATGC,8
GGAGAACAAGGCTAAC,8
GGAGAACACATCAAGT,2
GGAGAACAATAGCGAC,5
GGAGAACAATCATTCC,5
GGAGAACAATTGGCTC,5
GGAGAACACAAGGAGC,5
GGAGAACACACCTTAC,1
GGAGAACACCATCCTC,1
GGAGAACACCGACAAC,1
GGAGAACACCTAATCC,1
GGAGAACACCTCTATC,1
GGAGAACACGACACAC,1
GGAGAACACGCTGATC,2
GGAGAACACGGATTGC,1
GGAGAACACTAAGGTC,1
GGAGAACAGAACAGGC,1
GGAGAACAGACAGTGC,6
GGAGAACAGAGTTAGC,1
GGAGAACAGATGAATC,6
GGAGAACAGCCAAGAC,6
GGAGAACACGGAAGAA,6
GGAGAACAGTGACAAG,6
GGAGAACAGAACCAGA,6
GCTCGGTAAACGTGAT,2
GCTCGGTAACAAGCTA,2
GCTCGGTATTGCTGGA,6
GCTCGGTACTGTAGCC,2
GCTCGGTAAGTACAAG,2
GCTCGGTAAACAACCA,2
GCTCGGTAAACCGAGA,2
GCTCGGTAAACGCTTA,2
GCTCGGTAAAGACGGA,2
GCTCGGTAAAGGTACA,2
GCTCGGTAACACAGAA,2
GCTCGGTAACAGCAGA,2
GCTCGGTAAAACATCG,2
GCTCGGTAACCTCCAA,2
GCTCGGTAACGCTCGA,2
GCTCGGTAACGTATCA,2
GCTCGGTAACTATGCA,2
GCTCGGTAAGAGTCAA,4
GCTCGGTAAGATCGCA,4
GCTCGGTAAGCAGGAA,4
GCTCGGTAAGTCACTA,4
GCTCGGTAATCCTGTA,2
GCTCGGTAATTGAGGA,2
GCTCGGTAATGCCTAA,2
GCTCGGTACAACCACA,2
GCTCGGTAGACTAGTA,2
GCTCGGTACAATGGAA,4
GCTCGGTACACTTCGA,6
GCTCGGTACAGCGTTA,6
GCTCGGTACATACCAA,6
GCTCGGTACCAGTTCA,8
GCTCGGTACCGAAGTA,3
GCTCGGTACCGTGAGA,3
GCTCGGTACCTCCTGA,3
GCTCGGTAAGTGGTCA,2
GCTCGGTACGAACTTA,8
GCTCGGTACGACTGGA,3
GCTCGGTACGCATACA,3
GCTCGGTACTCAATGA,3
GCTCGGTACTGAGCCA,3
GCTCGGTACTGGCATA,3
GCTCGGTAGAATCTGA,3
GCTCGGTACAAGACTA,3
GCTCGGTAGAGCTGAA,3
GCTCGGTAGATAGACA,3
GCTCGGTAACCACTGT,2
GCTCGGTAGCCACATA,3
GCTCGGTAGCGAGTAA,3
GCTCGGTAGCTAACGA,3
GCTCGGTAGCTCGGTA,3
GCTCGGTAGGAGAACA,3
GCTCGGTAGGTGCGAA,8
GCTCGGTAGTACGCAA,3
GCTCGGTAGTCGTAGA,8
GCTCGGTAGTCTGTCA,3
GCTCGGTAGTGTTCTA,8
GCTCGGTAACATTGGC,2
GCTCGGTATAGGATGA,3
GCTCGGTATATCAGCA,8
GCTCGGTATCCGTCTA,8
GCTCGGTATCTTCACA,8
GCTCGGTATGAAGAGA,8
GCTCGGTATGGAACAA,8
GCTCGGTATGGCTTCA,8
GCTCGGTATGGTGGTA,8
GCTCGGTATTCACGCA,8
GCTCGGTAAACTCACC,8
GCTCGGTACAGATCTG,2
GCTCGGTAAAGAGATC,8
GCTCGGTAAAGGACAC,8
GCTCGGTAAATCCGTC,8
GCTCGGTAAATGTTGC,8
GCTCGGTAACACGACC,8
GCTCGGTAACAGATTC,8
GCTCGGTAAGATGTAC,8
GCTCGGTAAGCACCTC,8
GCTCGGTAAGCCATGC,8
GCTCGGTAAGGCTAAC,8
GCTCGGTACATCAAGT,2
GCTCGGTAATAGCGAC,5
GCTCGGTAATCATTCC,5
GCTCGGTAATTGGCTC,5
GCTCGGTACAAGGAGC,5
GCTCGGTACACCTTAC,1
GCTCGGTACCATCCTC,1
GCTCGGTACCGACAAC,1
GCTCGGTACCTAATCC,1
GCTCGGTACCTCTATC,1
GCTCGGTACGACACAC,1
GCTCGGTACGCTGATC,2
GCTCGGTACGGATTGC,1
GCTCGGTACTAAGGTC,1
GCTCGGTAGAACAGGC,1
GCTCGGTAGACAGTGC,1
GCTCGGTAGAGTTAGC,1
GCTCGGTAGATGAATC,4
GCTCGGTAGCCAAGAC,4
GCTCGGTACGGAAGAA,4
GCTCGGTAGTGACAAG,6
GCTCGGTAGAACCAGA,6
GCTAACGAAACGTGAT,2
GCTAACGAACAAGCTA,2
GCTAACGATTGCTGGA,6
GCTAACGACTGTAGCC,2
GCTAACGAAGTACAAG,2
GCTAACGAAACAACCA,2
GCTAACGAAACCGAGA,2
GCTAACGAAACGCTTA,2
GCTAACGAAAGACGGA,2
GCTAACGAAAGGTACA,2
GCTAACGAACACAGAA,2
GCTAACGAACAGCAGA,2
GCTAACGAAAACATCG,2
GCTAACGAACCTCCAA,2
GCTAACGAACGCTCGA,2
GCTAACGAACGTATCA,2
GCTAACGAACTATGCA,2
GCTAACGAAGAGTCAA,2
GCTAACGAAGATCGCA,4
GCTAACGAAGCAGGAA,4
GCTAACGAAGTCACTA,7
GCTAACGAATCCTGTA,7
GCTAACGAATTGAGGA,4
GCTAACGAATGCCTAA,2
GCTAACGACAACCACA,2
GCTAACGAGACTAGTA,2
GCTAACGACAATGGAA,6
GCTAACGACACTTCGA,6
GCTAACGACAGCGTTA,6
GCTAACGACATACCAA,6
GCTAACGACCAGTTCA,3
GCTAACGACCGAAGTA,3
GCTAACGACCGTGAGA,3
GCTAACGACCTCCTGA,3
GCTAACGAAGTGGTCA,2
GCTAACGACGAACTTA,3
GCTAACGACGACTGGA,3
GCTAACGACGCATACA,3
GCTAACGACTCAATGA,3
GCTAACGACTGAGCCA,3
GCTAACGACTGGCATA,3
GCTAACGAGAATCTGA,3
GCTAACGACAAGACTA,3
GCTAACGAGAGCTGAA,3
GCTAACGAGATAGACA,3
GCTAACGAACCACTGT,2
GCTAACGAGCCACATA,3
GCTAACGAGCGAGTAA,3
GCTAACGAGCTAACGA,3
GCTAACGAGCTCGGTA,3
GCTAACGAGGAGAACA,3
GCTAACGAGGTGCGAA,3
GCTAACGAGTACGCAA,3
GCTAACGAGTCGTAGA,3
GCTAACGAGTCTGTCA,3
GCTAACGAGTGTTCTA,3
GCTAACGAACATTGGC,2
GCTAACGATAGGATGA,3
GCTAACGATATCAGCA,3
GCTAACGATCCGTCTA,3
GCTAACGATCTTCACA,8
GCTAACGATGAAGAGA,8
GCTAACGATGGAACAA,8
GCTAACGATGGCTTCA,8
GCTAACGATGGTGGTA,8
GCTAACGATTCACGCA,8
GCTAACGAAACTCACC,8
GCTAACGACAGATCTG,2
GCTAACGAAAGAGATC,8
GCTAACGAAAGGACAC,8
GCTAACGAAATCCGTC,8
GCTAACGAAATGTTGC,8
GCTAACGAACACGACC,8
GCTAACGAACAGATTC,8
GCTAACGAAGATGTAC,8
GCTAACGAAGCACCTC,8
GCTAACGAAGCCATGC,8
GCTAACGAAGGCTAAC,8
GCTAACGACATCAAGT,2
GCTAACGAATAGCGAC,5
GCTAACGAATCATTCC,5
GCTAACGAATTGGCTC,5
GCTAACGACAAGGAGC,5
GCTAACGACACCTTAC,1
GCTAACGACCATCCTC,1
GCTAACGACCGACAAC,1
GCTAACGACCTAATCC,1
GCTAACGACCTCTATC,1
GCTAACGACGACACAC,1
GCTAACGACGCTGATC,2
GCTAACGACGGATTGC,1
GCTAACGACTAAGGTC,1
GCTAACGAGAACAGGC,1
GCTAACGAGACAGTGC,1
GCTAACGAGAGTTAGC,1
GCTAACGAGATGAATC,1
GCTAACGAGCCAAGAC,4
GCTAACGACGGAAGAA,4
GCTAACGAGTGACAAG,4
GCTAACGAGAACCAGA,4
CGGAAGAATTGCTGGA,2
CGGAAGAAAGAGTCAA,2
CGGAAGAAAGATCGCA,2
CGGAAGAAAGCAGGAA,2
CGGAAGAAAGTCACTA,2
CGGAAGAAATCCTGTA,2
CGGAAGAAATTGAGGA,2
CGGAAGAACAACCACA,2
CGGAAGAAGACTAGTA,2
CGGAAGAACAATGGAA,2
CGGAAGAACACTTCGA,2
CGGAAGAACAGCGTTA,2
CGGAAGAACATACCAA,2
CGGAAGAACCAGTTCA,2
CGGAAGAACCGAAGTA,2
CGGAAGAACCGTGAGA,2
CGGAAGAACCTCCTGA,2
CGGAAGAACGAACTTA,2
CGGAAGAACGACTGGA,2
CGGAAGAACGCATACA,2
CGGAAGAACTCAATGA,2
CGGAAGAACTGAGCCA,2
CGGAAGAACTGGCATA,2
CGGAAGAAGAATCTGA,2
CGGAAGAACAAGACTA,2
CGGAAGAAGAGCTGAA,2
CGGAAGAAGATAGACA,2
CGGAAGAAGCCACATA,2
CGGAAGAAGCGAGTAA,2
CGGAAGAAGCTAACGA,2
CGGAAGAAGCTCGGTA,2
CGGAAGAAGGAGAACA,2
CGGAAGAAGGTGCGAA,2
CGGAAGAAGTACGCAA,2
CGGAAGAAGTCGTAGA,4
CGGAAGAAGTCTGTCA,4
CGGAAGAAGTGTTCTA,4
CGGAAGAATAGGATGA,2
CGGAAGAATATCAGCA,2
CGGAAGAATCCGTCTA,2
CGGAAGAATCTTCACA,2
CGGAAGAATGAAGAGA,2
CGGAAGAATGGAACAA,4
CGGAAGAATGGCTTCA,4
CGGAAGAATGGTGGTA,4
CGGAAGAATTCACGCA,4
CGGAAGAAAACTCACC,4
CGGAAGAAAAGAGATC,4
CGGAAGAAAAGGACAC,4
CGGAAGAAAATCCGTC,4
CGGAAGAAAATGTTGC,4
CGGAAGAAACACGACC,4
CGGAAGAAACAGATTC,4
CGGAAGAAAGATGTAC,4
CGGAAGAAAGCACCTC,4
CGGAAGAAAGCCATGC,4
CGGAAGAAAGGCTAAC,4
CGGAAGAAATAGCGAC,4
CGGAAGAAATCATTCC,4
CGGAAGAAATTGGCTC,4
CGGAAGAACAAGGAGC,4
CGGAAGAACACCTTAC,2
CGGAAGAACCATCCTC,4
CGGAAGAACCGACAAC,4
CGGAAGAACCTAATCC,4
CGGAAGAACCTCTATC,2
CGGAAGAACGACACAC,2
CGGAAGAACGGATTGC,2
CGGAAGAACTAAGGTC,2
CGGAAGAAGAACAGGC,2
CGGAAGAAGACAGTGC,2
CGGAAGAAGAGTTAGC,2
CGGAAGAAGATGAATC,9
CGGAAGAAGCCAAGAC,9
CGGAAGAACGGAAGAA,9
CGGAAGAAGTGACAAG,9
CGGAAGAAGAACCAGA,9
GCGAGTAAAACGTGAT,2
GCGAGTAAACAAGCTA,2
GCGAGTAATTGCTGGA,1
GCGAGTAACTGTAGCC,2
GCGAGTAAAGTACAAG,2
GCGAGTAAAACAACCA,2
GCGAGTAAAACCGAGA,2
GCGAGTAAAACGCTTA,2
GCGAGTAAAAGACGGA,2
GCGAGTAAAAGGTACA,2
GCGAGTAAACACAGAA,2
GCGAGTAAACAGCAGA,2
GCGAGTAAAAACATCG,2
GCGAGTAAACCTCCAA,2
GCGAGTAAACGCTCGA,2
GCGAGTAAACGTATCA,2
GCGAGTAAACTATGCA,2
GCGAGTAAAGAGTCAA,4
GCGAGTAAAGATCGCA,4
GCGAGTAAAGCAGGAA,4
GCGAGTAAAGTCACTA,7
GCGAGTAAATCCTGTA,7
GCGAGTAAATTGAGGA,2
GCGAGTAAATGCCTAA,2
GCGAGTAACAACCACA,2
GCGAGTAAGACTAGTA,2
GCGAGTAACAATGGAA,6
GCGAGTAACACTTCGA,6
GCGAGTAACAGCGTTA,6
GCGAGTAACATACCAA,8
GCGAGTAACCAGTTCA,3
GCGAGTAACCGAAGTA,3
GCGAGTAACCGTGAGA,3
GCGAGTAACCTCCTGA,3
GCGAGTAAAGTGGTCA,2
GCGAGTAACGAACTTA,3
GCGAGTAACGACTGGA,9
GCGAGTAACGCATACA,3
GCGAGTAACTCAATGA,3
GCGAGTAACTGAGCCA,3
GCGAGTAACTGGCATA,3
GCGAGTAAGAATCTGA,3
GCGAGTAACAAGACTA,4
GCGAGTAAGAGCTGAA,3
GCGAGTAAGATAGACA,3
GCGAGTAAACCACTGT,2
GCGAGTAAGCCACATA,8
GCGAGTAAGCGAGTAA,3
GCGAGTAAGCTAACGA,3
GCGAGTAAGCTCGGTA,3
GCGAGTAAGGAGAACA,3
GCGAGTAAGGTGCGAA,3
GCGAGTAAGTACGCAA,3
GCGAGTAAGTCGTAGA,3
GCGAGTAAGTCTGTCA,3
GCGAGTAAGTGTTCTA,3
GCGAGTAAACATTGGC,2
GCGAGTAATAGGATGA,3
GCGAGTAATATCAGCA,8
GCGAGTAATCCGTCTA,3
GCGAGTAATCTTCACA,8
GCGAGTAATGAAGAGA,8
GCGAGTAATGGAACAA,8
GCGAGTAATGGCTTCA,8
GCGAGTAATGGTGGTA,8
GCGAGTAATTCACGCA,8
GCGAGTAAAACTCACC,8
GCGAGTAACAGATCTG,2
GCGAGTAAAAGAGATC,8
GCGAGTAAAAGGACAC,8
GCGAGTAAAATCCGTC,8
GCGAGTAAAATGTTGC,8
GCGAGTAAACACGACC,8
GCGAGTAAACAGATTC,8
GCGAGTAAAGATGTAC,8
GCGAGTAAAGCACCTC,8
GCGAGTAAAGCCATGC,8
GCGAGTAAAGGCTAAC,8
GCGAGTAACATCAAGT,2
GCGAGTAAATAGCGAC,5
GCGAGTAAATCATTCC,5
GCGAGTAAATTGGCTC,5
GCGAGTAACAAGGAGC,5
GCGAGTAACACCTTAC,1
GCGAGTAACCATCCTC,1
GCGAGTAACCGACAAC,1
GCGAGTAACCTAATCC,1
GCGAGTAACCTCTATC,1
GCGAGTAACGACACAC,1
GCGAGTAACGCTGATC,2
GCGAGTAACGGATTGC,1
GCGAGTAACTAAGGTC,1
GCGAGTAAGAACAGGC,1
GCGAGTAAGACAGTGC,1
GCGAGTAAGAGTTAGC,1
GCGAGTAAGATGAATC,1
GCGAGTAAGCCAAGAC,4
GCGAGTAACGGAAGAA,4
GCGAGTAAGTGACAAG,1
GCGAGTAAGAACCAGA,1
GCCACATAAACGTGAT,2
GCCACATAACAAGCTA,2
GCCACATATTGCTGGA,1
GCCACATACTGTAGCC,2
GCCACATAAGTACAAG,2
GCCACATAAACAACCA,2
GCCACATAAACCGAGA,2
GCCACATAAACGCTTA,2
GCCACATAAAGACGGA,2
GCCACATAAAGGTACA,2
GCCACATAACACAGAA,2
GCCACATAACAGCAGA,2
GCCACATAAAACATCG,2
GCCACATAACCTCCAA,2
GCCACATAACGCTCGA,2
GCCACATAACGTATCA,2
GCCACATAACTATGCA,2
GCCACATAAGAGTCAA,4
GCCACATAAGATCGCA,4
GCCACATAAGCAGGAA,7
GCCACATAAGTCACTA,7
GCCACATAATCCTGTA,7
GCCACATAATTGAGGA,2
GCCACATAATGCCTAA,2
GCCACATACAACCACA,4
GCCACATAGACTAGTA,4
GCCACATACAATGGAA,6
GCCACATACACTTCGA,6
GCCACATACAGCGTTA,6
GCCACATACATACCAA,8
GCCACATACCAGTTCA,8
GCCACATACCGAAGTA,3
GCCACATACCGTGAGA,3
GCCACATACCTCCTGA,3
GCCACATAAGTGGTCA,2
GCCACATACGAACTTA,8
GCCACATACGACTGGA,3
GCCACATACGCATACA,9
GCCACATACTCAATGA,4
GCCACATACTGAGCCA,8
GCCACATACTGGCATA,3
GCCACATAGAATCTGA,3
GCCACATACAAGACTA,3
GCCACATAGAGCTGAA,3
GCCACATAGATAGACA,3
GCCACATAACCACTGT,2
GCCACATAGCCACATA,3
GCCACATAGCGAGTAA,8
GCCACATAGCTAACGA,3
GCCACATAGCTCGGTA,3
GCCACATAGGAGAACA,8
GCCACATAGGTGCGAA,3
GCCACATAGTACGCAA,3
GCCACATAGTCGTAGA,3
GCCACATAGTCTGTCA,3
GCCACATAGTGTTCTA,3
GCCACATAACATTGGC,2
GCCACATATAGGATGA,3
GCCACATATATCAGCA,3
GCCACATATCCGTCTA,3
GCCACATATCTTCACA,8
GCCACATATGAAGAGA,8
GCCACATATGGAACAA,8
GCCACATATGGCTTCA,8
GCCACATATGGTGGTA,8
GCCACATATTCACGCA,8
GCCACATAAACTCACC,8
GCCACATACAGATCTG,2
GCCACATAAAGAGATC,8
GCCACATAAAGGACAC,8
GCCACATAAATCCGTC,8
GCCACATAAATGTTGC,8
GCCACATAACACGACC,8
GCCACATAACAGATTC,8
GCCACATAAGATGTAC,8
GCCACATAAGCACCTC,8
GCCACATAAGCCATGC,8
GCCACATAAGGCTAAC,8
GCCACATACATCAAGT,2
GCCACATAATAGCGAC,5
GCCACATAATCATTCC,5
GCCACATAATTGGCTC,5
GCCACATACAAGGAGC,5
GCCACATACACCTTAC,1
GCCACATACCATCCTC,1
GCCACATACCGACAAC,1
GCCACATACCTAATCC,1
GCCACATACCTCTATC,1
GCCACATACGACACAC,1
GCCACATACGCTGATC,2
GCCACATACGGATTGC,1
GCCACATACTAAGGTC,1
GCCACATAGAACAGGC,1
GCCACATAGACAGTGC,1
GCCACATAGAGTTAGC,1
GCCACATAGATGAATC,1
GCCACATAGCCAAGAC,1
GCCACATACGGAAGAA,1
GCCACATAGTGACAAG,1
GCCACATAGAACCAGA,1
GATAGACAAACGTGAT,2
GATAGACAACAAGCTA,2
GATAGACATTGCTGGA,1
GATAGACACTGTAGCC,2
GATAGACAAGTACAAG,2
GATAGACAAACAACCA,2
GATAGACAAACCGAGA,4
GATAGACAAACGCTTA,4
GATAGACAAAGACGGA,2
GATAGACAAAGGTACA,2
GATAGACAACACAGAA,2
GATAGACAACAGCAGA,2
GATAGACAAAACATCG,2
GATAGACAACCTCCAA,2
GATAGACAACGCTCGA,2
GATAGACAACGTATCA,2
GATAGACAACTATGCA,2
GATAGACAAGAGTCAA,4
GATAGACAAGATCGCA,4
GATAGACAAGCAGGAA,4
GATAGACAAGTCACTA,2
GATAGACAATCCTGTA,4
GATAGACAATTGAGGA,4
GATAGACAATGCCTAA,2
GATAGACACAACCACA,4
GATAGACAGACTAGTA,4
GATAGACACAATGGAA,6
GATAGACACACTTCGA,6
GATAGACACAGCGTTA,6
GATAGACACATACCAA,8
GATAGACACCAGTTCA,8
GATAGACACCGAAGTA,8
GATAGACACCGTGAGA,3
GATAGACACCTCCTGA,8
GATAGACAAGTGGTCA,2
GATAGACACGAACTTA,3
GATAGACACGACTGGA,3
GATAGACACGCATACA,3
GATAGACACTCAATGA,3
GATAGACACTGAGCCA,3
GATAGACACTGGCATA,3
GATAGACAGAATCTGA,3
GATAGACACAAGACTA,8
GATAGACAGAGCTGAA,3
GATAGACAGATAGACA,3
GATAGACAACCACTGT,2
GATAGACAGCCACATA,3
GATAGACAGCGAGTAA,3
GATAGACAGCTAACGA,3
GATAGACAGCTCGGTA,3
GATAGACAGGAGAACA,3
GATAGACAGGTGCGAA,3
GATAGACAGTACGCAA,3
GATAGACAGTCGTAGA,3
GATAGACAGTCTGTCA,3
GATAGACAGTGTTCTA,3
GATAGACAACATTGGC,2
GATAGACATAGGATGA,3
GATAGACATATCAGCA,3
GATAGACATCCGTCTA,3
GATAGACATCTTCACA,8
GATAGACATGAAGAGA,3
GATAGACATGGAACAA,3
GATAGACATGGCTTCA,8
GATAGACATGGTGGTA,8
GATAGACATTCACGCA,8
GATAGACAAACTCACC,8
GATAGACACAGATCTG,2
GATAGACAAAGAGATC,8
GATAGACAAAGGACAC,8
GATAGACAAATCCGTC,8
GATAGACAAATGTTGC,8
GATAGACAACACGACC,8
GATAGACAACAGATTC,8
GATAGACAAGATGTAC,8
GATAGACAAGCACCTC,8
GATAGACAAGCCATGC,8
GATAGACAAGGCTAAC,5
GATAGACACATCAAGT,2
GATAGACAATAGCGAC,5
GATAGACAATCATTCC,5
GATAGACAATTGGCTC,5
GATAGACACAAGGAGC,1
GATAGACACACCTTAC,1
GATAGACACCATCCTC,1
GATAGACACCGACAAC,1
GATAGACACCTAATCC,1
GATAGACACCTCTATC,1
GATAGACACGACACAC,1
GATAGACACGCTGATC,2
GATAGACACGGATTGC,1
GATAGACACTAAGGTC,1
GATAGACAGAACAGGC,1
GATAGACAGACAGTGC,1
GATAGACAGAGTTAGC,1
GATAGACAGATGAATC,1
GATAGACAGCCAAGAC,1
GATAGACACGGAAGAA,1
GATAGACAGTGACAAG,1
GATAGACAGAACCAGA,1
GAGCTGAAAACGTGAT,2
GAGCTGAAACAAGCTA,2
GAGCTGAATTGCTGGA,1
GAGCTGAACTGTAGCC,2
GAGCTGAAAGTACAAG,2
GAGCTGAAAACAACCA,2
GAGCTGAAAACCGAGA,2
GAGCTGAAAACGCTTA,2
GAGCTGAAAAGACGGA,2
GAGCTGAAAAGGTACA,2
GAGCTGAAACACAGAA,2
GAGCTGAAACAGCAGA,2
GAGCTGAAAAACATCG,2
GAGCTGAAACCTCCAA,2
GAGCTGAAACGCTCGA,2
GAGCTGAAACGTATCA,2
GAGCTGAAACTATGCA,2
GAGCTGAAAGAGTCAA,4
GAGCTGAAAGATCGCA,4
GAGCTGAAAGCAGGAA,4
GAGCTGAAAGTCACTA,2
GAGCTGAAATCCTGTA,2
GAGCTGAAATTGAGGA,4
GAGCTGAAATGCCTAA,2
GAGCTGAACAACCACA,4
GAGCTGAAGACTAGTA,4
GAGCTGAACAATGGAA,6
GAGCTGAACACTTCGA,6
GAGCTGAACAGCGTTA,6
GAGCTGAACATACCAA,8
GAGCTGAACCAGTTCA,3
GAGCTGAACCGAAGTA,8
GAGCTGAACCGTGAGA,3
GAGCTGAACCTCCTGA,3
GAGCTGAAAGTGGTCA,2
GAGCTGAACGAACTTA,3
GAGCTGAACGACTGGA,3
GAGCTGAACGCATACA,8
GAGCTGAACTCAATGA,3
GAGCTGAACTGAGCCA,3
GAGCTGAACTGGCATA,8
GAGCTGAAGAATCTGA,3
GAGCTGAACAAGACTA,3
GAGCTGAAGAGCTGAA,3
GAGCTGAAGATAGACA,3
GAGCTGAAACCACTGT,2
GAGCTGAAGCCACATA,3
GAGCTGAAGCGAGTAA,3
GAGCTGAAGCTAACGA,3
GAGCTGAAGCTCGGTA,8
GAGCTGAAGGAGAACA,3
GAGCTGAAGGTGCGAA,8
GAGCTGAAGTACGCAA,3
GAGCTGAAGTCGTAGA,3
GAGCTGAAGTCTGTCA,3
GAGCTGAAGTGTTCTA,8
GAGCTGAAACATTGGC,2
GAGCTGAATAGGATGA,3
GAGCTGAATATCAGCA,3
GAGCTGAATCCGTCTA,8
GAGCTGAATCTTCACA,3
GAGCTGAATGAAGAGA,3
GAGCTGAATGGAACAA,3
GAGCTGAATGGCTTCA,3
GAGCTGAATGGTGGTA,8
GAGCTGAATTCACGCA,8
GAGCTGAAAACTCACC,8
GAGCTGAACAGATCTG,2
GAGCTGAAAAGAGATC,8
GAGCTGAAAAGGACAC,8
GAGCTGAAAATCCGTC,8
GAGCTGAAAATGTTGC,8
GAGCTGAAACACGACC,8
GAGCTGAAACAGATTC,8
GAGCTGAAAGATGTAC,8
GAGCTGAAAGCACCTC,8
GAGCTGAAAGCCATGC,8
GAGCTGAAAGGCTAAC,5
GAGCTGAACATCAAGT,2
GAGCTGAAATAGCGAC,5
GAGCTGAAATCATTCC,5
GAGCTGAAATTGGCTC,5
GAGCTGAACAAGGAGC,1
GAGCTGAACACCTTAC,1
GAGCTGAACCATCCTC,1
GAGCTGAACCGACAAC,1
GAGCTGAACCTAATCC,1
GAGCTGAACCTCTATC,1
GAGCTGAACGACACAC,1
GAGCTGAACGCTGATC,2
GAGCTGAACGGATTGC,1
GAGCTGAACTAAGGTC,1
GAGCTGAAGAACAGGC,1
GAGCTGAAGACAGTGC,1
GAGCTGAAGAGTTAGC,1
GAGCTGAAGATGAATC,1
GAGCTGAAGCCAAGAC,1
GAGCTGAACGGAAGAA,1
GAGCTGAAGTGACAAG,1
GAGCTGAAGAACCAGA,1
CAAGACTAAACGTGAT,2
CAAGACTAACAAGCTA,2
CAAGACTATTGCTGGA,1
CAAGACTACTGTAGCC,2
CAAGACTAAGTACAAG,2
CAAGACTAAACAACCA,2
CAAGACTAAACCGAGA,2
CAAGACTAAACGCTTA,2
CAAGACTAAAGACGGA,2
CAAGACTAAAGGTACA,2
CAAGACTAACACAGAA,2
CAAGACTAACAGCAGA,2
CAAGACTAAAACATCG,2
CAAGACTAACCTCCAA,2
CAAGACTAACGCTCGA,2
CAAGACTAACGTATCA,2
CAAGACTAACTATGCA,2
CAAGACTAAGAGTCAA,2
CAAGACTAAGATCGCA,4
CAAGACTAAGCAGGAA,4
CAAGACTAAGTCACTA,4
CAAGACTAATCCTGTA,2
CAAGACTAATTGAGGA,7
CAAGACTAATGCCTAA,2
CAAGACTACAACCACA,7
CAAGACTAGACTAGTA,7
CAAGACTACAATGGAA,4
CAAGACTACACTTCGA,6
CAAGACTACAGCGTTA,6
CAAGACTACATACCAA,8
CAAGACTACCAGTTCA,8
CAAGACTACCGAAGTA,3
CAAGACTACCGTGAGA,3
CAAGACTACCTCCTGA,3
CAAGACTAAGTGGTCA,2
CAAGACTACGAACTTA,3
CAAGACTACGACTGGA,3
CAAGACTACGCATACA,3
CAAGACTACTCAATGA,8
CAAGACTACTGAGCCA,3
CAAGACTACTGGCATA,3
CAAGACTAGAATCTGA,3
CAAGACTACAAGACTA,8
CAAGACTAGAGCTGAA,8
CAAGACTAGATAGACA,3
CAAGACTAACCACTGT,2
CAAGACTAGCCACATA,3
CAAGACTAGCGAGTAA,3
CAAGACTAGCTAACGA,8
CAAGACTAGCTCGGTA,3
CAAGACTAGGAGAACA,3
CAAGACTAGGTGCGAA,3
CAAGACTAGTACGCAA,3
CAAGACTAGTCGTAGA,3
CAAGACTAGTCTGTCA,4
CAAGACTAGTGTTCTA,8
CAAGACTAACATTGGC,2
CAAGACTATAGGATGA,3
CAAGACTATATCAGCA,3
CAAGACTATCCGTCTA,3
CAAGACTATCTTCACA,8
CAAGACTATGAAGAGA,8
CAAGACTATGGAACAA,3
CAAGACTATGGCTTCA,3
CAAGACTATGGTGGTA,8
CAAGACTATTCACGCA,8
CAAGACTAAACTCACC,8
CAAGACTACAGATCTG,2
CAAGACTAAAGAGATC,8
CAAGACTAAAGGACAC,8
CAAGACTAAATCCGTC,8
CAAGACTAAATGTTGC,8
CAAGACTAACACGACC,8
CAAGACTAACAGATTC,8
CAAGACTAAGATGTAC,8
CAAGACTAAGCACCTC,8
CAAGACTAAGCCATGC,8
CAAGACTAAGGCTAAC,5
CAAGACTACATCAAGT,2
CAAGACTAATAGCGAC,5
CAAGACTAATCATTCC,5
CAAGACTAATTGGCTC,5
CAAGACTACAAGGAGC,1
CAAGACTACACCTTAC,1
CAAGACTACCATCCTC,1
CAAGACTACCGACAAC,1
CAAGACTACCTAATCC,1
CAAGACTACCTCTATC,1
CAAGACTACGACACAC,1
CAAGACTACGCTGATC,2
CAAGACTACGGATTGC,1
CAAGACTACTAAGGTC,1
CAAGACTAGAACAGGC,1
CAAGACTAGACAGTGC,1
CAAGACTAGAGTTAGC,1
CAAGACTAGATGAATC,1
CAAGACTAGCCAAGAC,1
CAAGACTACGGAAGAA,1
CAAGACTAGTGACAAG,1
CAAGACTAGAACCAGA,1
GAATCTGAAACGTGAT,2
GAATCTGAACAAGCTA,2
GAATCTGATTGCTGGA,1
GAATCTGACTGTAGCC,2
GAATCTGAAGTACAAG,2
GAATCTGAAACAACCA,2
GAATCTGAAACCGAGA,2
GAATCTGAAACGCTTA,2
GAATCTGAAAGACGGA,2
GAATCTGAAAGGTACA,2
GAATCTGAACACAGAA,2
GAATCTGAACAGCAGA,2
GAATCTGAAAACATCG,2
GAATCTGAACCTCCAA,2
GAATCTGAACGCTCGA,2
GAATCTGAACGTATCA,2
GAATCTGAACTATGCA,2
GAATCTGAAGAGTCAA,2
GAATCTGAAGATCGCA,4
GAATCTGAAGCAGGAA,4
GAATCTGAAGTCACTA,7
GAATCTGAATCCTGTA,7
GAATCTGAATTGAGGA,7
GAATCTGAATGCCTAA,2
GAATCTGACAACCACA,7
GAATCTGAGACTAGTA,7
GAATCTGACAATGGAA,7
GAATCTGACACTTCGA,6
GAATCTGACAGCGTTA,6
GAATCTGACATACCAA,8
GAATCTGACCAGTTCA,3
GAATCTGACCGAAGTA,3
GAATCTGACCGTGAGA,3
GAATCTGACCTCCTGA,3
GAATCTGAAGTGGTCA,2
GAATCTGACGAACTTA,3
GAATCTGACGACTGGA,3
GAATCTGACGCATACA,3
GAATCTGACTCAATGA,3
GAATCTGACTGAGCCA,8
GAATCTGACTGGCATA,3
GAATCTGAGAATCTGA,3
GAATCTGACAAGACTA,3
GAATCTGAGAGCTGAA,8
GAATCTGAGATAGACA,3
GAATCTGAACCACTGT,2
GAATCTGAGCCACATA,3
GAATCTGAGCGAGTAA,3
GAATCTGAGCTAACGA,3
GAATCTGAGCTCGGTA,3
GAATCTGAGGAGAACA,3
GAATCTGAGGTGCGAA,8
GAATCTGAGTACGCAA,3
GAATCTGAGTCGTAGA,3
GAATCTGAGTCTGTCA,3
GAATCTGAGTGTTCTA,3
GAATCTGAACATTGGC,2
GAATCTGATAGGATGA,3
GAATCTGATATCAGCA,3
GAATCTGATCCGTCTA,3
GAATCTGATCTTCACA,3
GAATCTGATGAAGAGA,3
GAATCTGATGGAACAA,3
GAATCTGATGGCTTCA,3
GAATCTGATGGTGGTA,3
GAATCTGATTCACGCA,8
GAATCTGAAACTCACC,8
GAATCTGACAGATCTG,2
GAATCTGAAAGAGATC,8
GAATCTGAAAGGACAC,8
GAATCTGAAATCCGTC,8
GAATCTGAAATGTTGC,8
GAATCTGAACACGACC,8
GAATCTGAACAGATTC,8
GAATCTGAAGATGTAC,8
GAATCTGAAGCACCTC,8
GAATCTGAAGCCATGC,8
GAATCTGAAGGCTAAC,5
GAATCTGACATCAAGT,2
GAATCTGAATAGCGAC,5
GAATCTGAATCATTCC,5
GAATCTGAATTGGCTC,5
GAATCTGACAAGGAGC,1
GAATCTGACACCTTAC,1
GAATCTGACCATCCTC,1
GAATCTGACCGACAAC,1
GAATCTGACCTAATCC,1
GAATCTGACCTCTATC,1
GAATCTGACGACACAC,1
GAATCTGACGCTGATC,2
GAATCTGACGGATTGC,1
GAATCTGACTAAGGTC,1
GAATCTGAGAACAGGC,1
GAATCTGAGACAGTGC,1
GAATCTGAGAGTTAGC,1
GAATCTGAGATGAATC,1
GAATCTGAGCCAAGAC,1
GAATCTGACGGAAGAA,1
GAATCTGAGTGACAAG,1
GAATCTGAGAACCAGA,1
CTGGCATAAACGTGAT,2
CTGGCATAACAAGCTA,2
CTGGCATATTGCTGGA,1
CTGGCATACTGTAGCC,2
CTGGCATAAGTACAAG,2
CTGGCATAAACAACCA,2
CTGGCATAAACCGAGA,2
CTGGCATAAACGCTTA,2
CTGGCATAAAGACGGA,2
CTGGCATAAAGGTACA,2
CTGGCATAACACAGAA,2
CTGGCATAACAGCAGA,2
CTGGCATAAAACATCG,2
CTGGCATAACCTCCAA,2
CTGGCATAACGCTCGA,2
CTGGCATAACGTATCA,2
CTGGCATAACTATGCA,2
CTGGCATAAGAGTCAA,4
CTGGCATAAGATCGCA,7
CTGGCATAAGCAGGAA,7
CTGGCATAAGTCACTA,7
CTGGCATAATCCTGTA,7
CTGGCATAATTGAGGA,7
CTGGCATAATGCCTAA,2
CTGGCATACAACCACA,7
CTGGCATAGACTAGTA,7
CTGGCATACAATGGAA,4
CTGGCATACACTTCGA,6
CTGGCATACAGCGTTA,8
CTGGCATACATACCAA,8
CTGGCATACCAGTTCA,3
CTGGCATACCGAAGTA,3
CTGGCATACCGTGAGA,3
CTGGCATACCTCCTGA,3
CTGGCATAAGTGGTCA,2
CTGGCATACGAACTTA,3
CTGGCATACGACTGGA,3
CTGGCATACGCATACA,3
CTGGCATACTCAATGA,3
CTGGCATACTGAGCCA,3
CTGGCATACTGGCATA,8
CTGGCATAGAATCTGA,3
CTGGCATACAAGACTA,3
CTGGCATAGAGCTGAA,3
CTGGCATAGATAGACA,8
CTGGCATAACCACTGT,2
CTGGCATAGCCACATA,3
CTGGCATAGCGAGTAA,3
CTGGCATAGCTAACGA,3
CTGGCATAGCTCGGTA,3
CTGGCATAGGAGAACA,3
CTGGCATAGGTGCGAA,3
CTGGCATAGTACGCAA,6
CTGGCATAGTCGTAGA,8
CTGGCATAGTCTGTCA,3
CTGGCATAGTGTTCTA,3
CTGGCATAACATTGGC,2
CTGGCATATAGGATGA,3
CTGGCATATATCAGCA,8
CTGGCATATCCGTCTA,3
CTGGCATATCTTCACA,3
CTGGCATATGAAGAGA,6
CTGGCATATGGAACAA,3
CTGGCATATGGCTTCA,8
CTGGCATATGGTGGTA,8
CTGGCATATTCACGCA,8
CTGGCATAAACTCACC,8
CTGGCATACAGATCTG,2
CTGGCATAAAGAGATC,8
CTGGCATAAAGGACAC,8
CTGGCATAAATCCGTC,8
CTGGCATAAATGTTGC,8
CTGGCATAACACGACC,8
CTGGCATAACAGATTC,8
CTGGCATAAGATGTAC,8
CTGGCATAAGCACCTC,8
CTGGCATAAGCCATGC,8
CTGGCATAAGGCTAAC,5
CTGGCATACATCAAGT,2
CTGGCATAATAGCGAC,5
CTGGCATAATCATTCC,5
CTGGCATAATTGGCTC,5
CTGGCATACAAGGAGC,1
CTGGCATACACCTTAC,1
CTGGCATACCATCCTC,1
CTGGCATACCGACAAC,1
CTGGCATACCTAATCC,1
CTGGCATACCTCTATC,1
CTGGCATACGACACAC,1
CTGGCATACGCTGATC,2
CTGGCATACGGATTGC,1
CTGGCATACTAAGGTC,1
CTGGCATAGAACAGGC,1
CTGGCATAGACAGTGC,1
CTGGCATAGAGTTAGC,1
CTGGCATAGATGAATC,1
CTGGCATAGCCAAGAC,1
CTGGCATACGGAAGAA,1
CTGGCATAGTGACAAG,1
CTGGCATAGAACCAGA,1
CTGAGCCAAACGTGAT,2
CTGAGCCAACAAGCTA,2
CTGAGCCATTGCTGGA,1
CTGAGCCACTGTAGCC,2
CTGAGCCAAGTACAAG,2
CTGAGCCAAACAACCA,2
CTGAGCCAAACCGAGA,2
CTGAGCCAAACGCTTA,2
CTGAGCCAAAGACGGA,2
CTGAGCCAAAGGTACA,2
CTGAGCCAACACAGAA,2
CTGAGCCAACAGCAGA,2
CTGAGCCAAAACATCG,2
CTGAGCCAACCTCCAA,2
CTGAGCCAACGCTCGA,2
CTGAGCCAACGTATCA,2
CTGAGCCAACTATGCA,2
CTGAGCCAAGAGTCAA,4
CTGAGCCAAGATCGCA,7
CTGAGCCAAGCAGGAA,7
CTGAGCCAAGTCACTA,7
CTGAGCCAATCCTGTA,7
CTGAGCCAATTGAGGA,7
CTGAGCCAATGCCTAA,2
CTGAGCCACAACCACA,7
CTGAGCCAGACTAGTA,7
CTGAGCCACAATGGAA,4
CTGAGCCACACTTCGA,8
CTGAGCCACAGCGTTA,6
CTGAGCCACATACCAA,3
CTGAGCCACCAGTTCA,3
CTGAGCCACCGAAGTA,3
CTGAGCCACCGTGAGA,3
CTGAGCCACCTCCTGA,4
CTGAGCCAAGTGGTCA,2
CTGAGCCACGAACTTA,3
CTGAGCCACGACTGGA,3
CTGAGCCACGCATACA,3
CTGAGCCACTCAATGA,3
CTGAGCCACTGAGCCA,3
CTGAGCCACTGGCATA,3
CTGAGCCAGAATCTGA,3
CTGAGCCACAAGACTA,3
CTGAGCCAGAGCTGAA,3
CTGAGCCAGATAGACA,8
CTGAGCCAACCACTGT,2
CTGAGCCAGCCACATA,3
CTGAGCCAGCGAGTAA,3
CTGAGCCAGCTAACGA,3
CTGAGCCAGCTCGGTA,3
CTGAGCCAGGAGAACA,8
CTGAGCCAGGTGCGAA,8
CTGAGCCAGTACGCAA,3
CTGAGCCAGTCGTAGA,3
CTGAGCCAGTCTGTCA,3
CTGAGCCAGTGTTCTA,3
CTGAGCCAACATTGGC,2
CTGAGCCATAGGATGA,3
CTGAGCCATATCAGCA,1
CTGAGCCATCCGTCTA,8
CTGAGCCATCTTCACA,3
CTGAGCCATGAAGAGA,8
CTGAGCCATGGAACAA,8
CTGAGCCATGGCTTCA,8
CTGAGCCATGGTGGTA,8
CTGAGCCATTCACGCA,8
CTGAGCCAAACTCACC,8
CTGAGCCACAGATCTG,2
CTGAGCCAAAGAGATC,8
CTGAGCCAAAGGACAC,8
CTGAGCCAAATCCGTC,8
CTGAGCCAAATGTTGC,8
CTGAGCCAACACGACC,8
CTGAGCCAACAGATTC,8
CTGAGCCAAGATGTAC,8
CTGAGCCAAGCACCTC,8
CTGAGCCAAGCCATGC,8
CTGAGCCAAGGCTAAC,8
CTGAGCCACATCAAGT,2
CTGAGCCAATAGCGAC,5
CTGAGCCAATCATTCC,5
CTGAGCCAATTGGCTC,5
CTGAGCCACAAGGAGC,1
CTGAGCCACACCTTAC,1
CTGAGCCACCATCCTC,1
CTGAGCCACCGACAAC,1
CTGAGCCACCTAATCC,1
CTGAGCCACCTCTATC,1
CTGAGCCACGACACAC,1
CTGAGCCACGCTGATC,2
CTGAGCCACGGATTGC,1
CTGAGCCACTAAGGTC,1
CTGAGCCAGAACAGGC,1
CTGAGCCAGACAGTGC,1
CTGAGCCAGAGTTAGC,1
CTGAGCCAGATGAATC,1
CTGAGCCAGCCAAGAC,1
CTGAGCCACGGAAGAA,1
CTGAGCCAGTGACAAG,1
CTGAGCCAGAACCAGA,1
CTCAATGAAACGTGAT,2
CTCAATGAACAAGCTA,2
CTCAATGATTGCTGGA,1
CTCAATGACTGTAGCC,2
CTCAATGAAGTACAAG,2
CTCAATGAAACAACCA,2
CTCAATGAAACCGAGA,2
CTCAATGAAACGCTTA,2
CTCAATGAAAGACGGA,4
CTCAATGAAAGGTACA,2
CTCAATGAACACAGAA,2
CTCAATGAACAGCAGA,2
CTCAATGAAAACATCG,2
CTCAATGAACCTCCAA,2
CTCAATGAACGCTCGA,2
CTCAATGAACGTATCA,2
CTCAATGAACTATGCA,4
CTCAATGAAGAGTCAA,7
CTCAATGAAGATCGCA,7
CTCAATGAAGCAGGAA,7
CTCAATGAAGTCACTA,7
CTCAATGAATCCTGTA,7
CTCAATGAATTGAGGA,7
CTCAATGAATGCCTAA,2
CTCAATGACAACCACA,7
CTCAATGAGACTAGTA,7
CTCAATGACAATGGAA,4
CTCAATGACACTTCGA,1
CTCAATGACAGCGTTA,8
CTCAATGACATACCAA,3
CTCAATGACCAGTTCA,3
CTCAATGACCGAAGTA,3
CTCAATGACCGTGAGA,3
CTCAATGACCTCCTGA,3
CTCAATGAAGTGGTCA,2
CTCAATGACGAACTTA,3
CTCAATGACGACTGGA,3
CTCAATGACGCATACA,3
CTCAATGACTCAATGA,8
CTCAATGACTGAGCCA,3
CTCAATGACTGGCATA,3
CTCAATGAGAATCTGA,8
CTCAATGACAAGACTA,3
CTCAATGAGAGCTGAA,3
CTCAATGAGATAGACA,3
CTCAATGAACCACTGT,2
CTCAATGAGCCACATA,8
CTCAATGAGCGAGTAA,8
CTCAATGAGCTAACGA,3
CTCAATGAGCTCGGTA,3
CTCAATGAGGAGAACA,8
CTCAATGAGGTGCGAA,3
CTCAATGAGTACGCAA,3
CTCAATGAGTCGTAGA,3
CTCAATGAGTCTGTCA,3
CTCAATGAGTGTTCTA,3
CTCAATGAACATTGGC,2
CTCAATGATAGGATGA,3
CTCAATGATATCAGCA,3
CTCAATGATCCGTCTA,3
CTCAATGATCTTCACA,8
CTCAATGATGAAGAGA,8
CTCAATGATGGAACAA,8
CTCAATGATGGCTTCA,8
CTCAATGATGGTGGTA,8
CTCAATGATTCACGCA,8
CTCAATGAAACTCACC,8
CTCAATGACAGATCTG,2
CTCAATGAAAGAGATC,8
CTCAATGAAAGGACAC,8
CTCAATGAAATCCGTC,8
CTCAATGAAATGTTGC,8
CTCAATGAACACGACC,8
CTCAATGAACAGATTC,8
CTCAATGAAGATGTAC,8
CTCAATGAAGCACCTC,8
CTCAATGAAGCCATGC,8
CTCAATGAAGGCTAAC,8
CTCAATGACATCAAGT,2
CTCAATGAATAGCGAC,5
CTCAATGAATCATTCC,5
CTCAATGAATTGGCTC,1
CTCAATGACAAGGAGC,1
CTCAATGACACCTTAC,1
CTCAATGACCATCCTC,1
CTCAATGACCGACAAC,1
CTCAATGACCTAATCC,1
CTCAATGACCTCTATC,1
CTCAATGACGACACAC,1
CTCAATGACGCTGATC,2
CTCAATGACGGATTGC,1
CTCAATGACTAAGGTC,1
CTCAATGAGAACAGGC,1
CTCAATGAGACAGTGC,1
CTCAATGAGAGTTAGC,1
CTCAATGAGATGAATC,1
CTCAATGAGCCAAGAC,1
CTCAATGACGGAAGAA,1
CTCAATGAGTGACAAG,1
CTCAATGAGAACCAGA,1
CGCATACAAACGTGAT,2
CGCATACAACAAGCTA,2
CGCATACATTGCTGGA,1
CGCATACACTGTAGCC,2
CGCATACAAGTACAAG,2
CGCATACAAACAACCA,2
CGCATACAAACCGAGA,2
CGCATACAAACGCTTA,2
CGCATACAAAGACGGA,4
CGCATACAAAGGTACA,4
CGCATACAACACAGAA,2
CGCATACAACAGCAGA,2
CGCATACAAAACATCG,2
CGCATACAACCTCCAA,2
CGCATACAACGCTCGA,2
CGCATACAACGTATCA,4
CGCATACAACTATGCA,4
CGCATACAAGAGTCAA,7
CGCATACAAGATCGCA,7
CGCATACAAGCAGGAA,7
CGCATACAAGTCACTA,7
CGCATACAATCCTGTA,7
CGCATACAATTGAGGA,7
CGCATACAATGCCTAA,2
CGCATACACAACCACA,7
CGCATACAGACTAGTA,7
CGCATACACAATGGAA,4
CGCATACACACTTCGA,1
CGCATACACAGCGTTA,3
CGCATACACATACCAA,3
CGCATACACCAGTTCA,3
CGCATACACCGAAGTA,8
CGCATACACCGTGAGA,3
CGCATACACCTCCTGA,3
CGCATACAAGTGGTCA,2
CGCATACACGAACTTA,3
CGCATACACGACTGGA,3
CGCATACACGCATACA,8
CGCATACACTCAATGA,3
CGCATACACTGAGCCA,3
CGCATACACTGGCATA,3
CGCATACAGAATCTGA,3
CGCATACACAAGACTA,3
CGCATACAGAGCTGAA,3
CGCATACAGATAGACA,3
CGCATACAACCACTGT,2
CGCATACAGCCACATA,3
CGCATACAGCGAGTAA,3
CGCATACAGCTAACGA,3
CGCATACAGCTCGGTA,3
CGCATACAGGAGAACA,8
CGCATACAGGTGCGAA,8
CGCATACAGTACGCAA,3
CGCATACAGTCGTAGA,3
CGCATACAGTCTGTCA,3
CGCATACAGTGTTCTA,3
CGCATACAACATTGGC,2
CGCATACATAGGATGA,3
CGCATACATATCAGCA,3
CGCATACATCCGTCTA,3
CGCATACATCTTCACA,8
CGCATACATGAAGAGA,8
CGCATACATGGAACAA,8
CGCATACATGGCTTCA,8
CGCATACATGGTGGTA,8
CGCATACATTCACGCA,8
CGCATACAAACTCACC,8
CGCATACACAGATCTG,2
CGCATACAAAGAGATC,8
CGCATACAAAGGACAC,8
CGCATACAAATCCGTC,8
CGCATACAAATGTTGC,8
CGCATACAACACGACC,8
CGCATACAACAGATTC,8
CGCATACAAGATGTAC,8
CGCATACAAGCACCTC,8
CGCATACAAGCCATGC,8
CGCATACAAGGCTAAC,5
CGCATACACATCAAGT,2
CGCATACAATAGCGAC,5
CGCATACAATCATTCC,5
CGCATACAATTGGCTC,1
CGCATACACAAGGAGC,1
CGCATACACACCTTAC,1
CGCATACACCATCCTC,1
CGCATACACCGACAAC,1
CGCATACACCTAATCC,1
CGCATACACCTCTATC,1
CGCATACACGACACAC,1
CGCATACACGCTGATC,2
CGCATACACGGATTGC,1
CGCATACACTAAGGTC,1
CGCATACAGAACAGGC,1
CGCATACAGACAGTGC,1
CGCATACAGAGTTAGC,1
CGCATACAGATGAATC,1
CGCATACAGCCAAGAC,1
CGCATACACGGAAGAA,1
CGCATACAGTGACAAG,1
CGCATACAGAACCAGA,1
GCCAAGACTTGCTGGA,2
GCCAAGACACTATGCA,2
GCCAAGACAGAGTCAA,2
GCCAAGACAGATCGCA,2
GCCAAGACAGCAGGAA,2
GCCAAGACAGTCACTA,2
GCCAAGACATCCTGTA,2
GCCAAGACATTGAGGA,2
GCCAAGACCAACCACA,2
GCCAAGACGACTAGTA,2
GCCAAGACCAATGGAA,2
GCCAAGACCACTTCGA,2
GCCAAGACCAGCGTTA,2
GCCAAGACCATACCAA,2
GCCAAGACCCAGTTCA,2
GCCAAGACCCGAAGTA,2
GCCAAGACCCGTGAGA,2
GCCAAGACCCTCCTGA,2
GCCAAGACCGAACTTA,2
GCCAAGACCGACTGGA,2
GCCAAGACCGCATACA,2
GCCAAGACCTCAATGA,2
GCCAAGACCTGAGCCA,2
GCCAAGACCTGGCATA,2
GCCAAGACGAATCTGA,2
GCCAAGACCAAGACTA,2
GCCAAGACGAGCTGAA,2
GCCAAGACGATAGACA,2
GCCAAGACGCCACATA,4
GCCAAGACGCGAGTAA,4
GCCAAGACGCTAACGA,4
GCCAAGACGCTCGGTA,4
GCCAAGACGGAGAACA,2
GCCAAGACGGTGCGAA,2
GCCAAGACGTACGCAA,2
GCCAAGACGTCGTAGA,4
GCCAAGACGTCTGTCA,4
GCCAAGACGTGTTCTA,4
GCCAAGACTAGGATGA,4
GCCAAGACTATCAGCA,2
GCCAAGACTCCGTCTA,4
GCCAAGACTCTTCACA,4
GCCAAGACTGAAGAGA,4
GCCAAGACTGGAACAA,4
GCCAAGACTGGCTTCA,4
GCCAAGACTGGTGGTA,4
GCCAAGACTTCACGCA,4
GCCAAGACAACTCACC,4
GCCAAGACAAGAGATC,4
GCCAAGACAAGGACAC,4
GCCAAGACAATCCGTC,4
GCCAAGACAATGTTGC,4
GCCAAGACACACGACC,4
GCCAAGACACAGATTC,4
GCCAAGACAGATGTAC,4
GCCAAGACAGCACCTC,4
GCCAAGACAGCCATGC,4
GCCAAGACAGGCTAAC,4
GCCAAGACATAGCGAC,4
GCCAAGACATCATTCC,4
GCCAAGACATTGGCTC,4
GCCAAGACCAAGGAGC,4
GCCAAGACCACCTTAC,4
GCCAAGACCCATCCTC,4
GCCAAGACCCGACAAC,4
GCCAAGACCCTAATCC,4
GCCAAGACCCTCTATC,2
GCCAAGACCGACACAC,2
GCCAAGACCGGATTGC,2
GCCAAGACCTAAGGTC,2
GCCAAGACGAACAGGC,2
GCCAAGACGACAGTGC,2
GCCAAGACGAGTTAGC,2
GCCAAGACGATGAATC,2
GCCAAGACGCCAAGAC,2
GCCAAGACCGGAAGAA,9
GCCAAGACGTGACAAG,2
GCCAAGACGAACCAGA,2
CGACTGGAAACGTGAT,2
CGACTGGAACAAGCTA,2
CGACTGGATTGCTGGA,1
CGACTGGACTGTAGCC,2
CGACTGGAAGTACAAG,2
CGACTGGAAACAACCA,2
CGACTGGAAACCGAGA,2
CGACTGGAAACGCTTA,2
CGACTGGAAAGACGGA,4
CGACTGGAAAGGTACA,4
CGACTGGAACACAGAA,2
CGACTGGAACAGCAGA,2
CGACTGGAAAACATCG,2
CGACTGGAACCTCCAA,2
CGACTGGAACGCTCGA,2
CGACTGGAACGTATCA,2
CGACTGGAACTATGCA,7
CGACTGGAAGAGTCAA,7
CGACTGGAAGATCGCA,7
CGACTGGAAGCAGGAA,7
CGACTGGAAGTCACTA,7
CGACTGGAATCCTGTA,7
CGACTGGAATTGAGGA,7
CGACTGGAATGCCTAA,2
CGACTGGACAACCACA,7
CGACTGGAGACTAGTA,7
CGACTGGACAATGGAA,4
CGACTGGACACTTCGA,1
CGACTGGACAGCGTTA,8
CGACTGGACATACCAA,3
CGACTGGACCAGTTCA,3
CGACTGGACCGAAGTA,3
CGACTGGACCGTGAGA,3
CGACTGGACCTCCTGA,3
CGACTGGAAGTGGTCA,2
CGACTGGACGAACTTA,8
CGACTGGACGACTGGA,8
CGACTGGACGCATACA,3
CGACTGGACTCAATGA,3
CGACTGGACTGAGCCA,3
CGACTGGACTGGCATA,3
CGACTGGAGAATCTGA,3
CGACTGGACAAGACTA,3
CGACTGGAGAGCTGAA,8
CGACTGGAGATAGACA,3
CGACTGGAACCACTGT,2
CGACTGGAGCCACATA,3
CGACTGGAGCGAGTAA,3
CGACTGGAGCTAACGA,3
CGACTGGAGCTCGGTA,8
CGACTGGAGGAGAACA,3
CGACTGGAGGTGCGAA,8
CGACTGGAGTACGCAA,3
CGACTGGAGTCGTAGA,3
CGACTGGAGTCTGTCA,8
CGACTGGAGTGTTCTA,3
CGACTGGAACATTGGC,2
CGACTGGATAGGATGA,3
CGACTGGATATCAGCA,3
CGACTGGATCCGTCTA,8
CGACTGGATCTTCACA,8
CGACTGGATGAAGAGA,8
CGACTGGATGGAACAA,8
CGACTGGATGGCTTCA,8
CGACTGGATGGTGGTA,8
CGACTGGATTCACGCA,8
CGACTGGAAACTCACC,8
CGACTGGACAGATCTG,2
CGACTGGAAAGAGATC,8
CGACTGGAAAGGACAC,8
CGACTGGAAATCCGTC,8
CGACTGGAAATGTTGC,8
CGACTGGAACACGACC,8
CGACTGGAACAGATTC,8
CGACTGGAAGATGTAC,8
CGACTGGAAGCACCTC,8
CGACTGGAAGCCATGC,8
CGACTGGAAGGCTAAC,5
CGACTGGACATCAAGT,2
CGACTGGAATAGCGAC,5
CGACTGGAATCATTCC,5
CGACTGGAATTGGCTC,5
CGACTGGACAAGGAGC,1
CGACTGGACACCTTAC,1
CGACTGGACCATCCTC,1
CGACTGGACCGACAAC,1
CGACTGGACCTAATCC,1
CGACTGGACCTCTATC,1
CGACTGGACGACACAC,1
CGACTGGACGCTGATC,2
CGACTGGACGGATTGC,1
CGACTGGACTAAGGTC,1
CGACTGGAGAACAGGC,1
CGACTGGAGACAGTGC,1
CGACTGGAGAGTTAGC,1
CGACTGGAGATGAATC,1
CGACTGGAGCCAAGAC,1
CGACTGGACGGAAGAA,1
CGACTGGAGTGACAAG,1
CGACTGGAGAACCAGA,1
CGAACTTAAACGTGAT,2
CGAACTTAACAAGCTA,2
CGAACTTATTGCTGGA,1
CGAACTTACTGTAGCC,2
CGAACTTAAGTACAAG,2
CGAACTTAAACAACCA,2
CGAACTTAAACCGAGA,2
CGAACTTAAACGCTTA,2
CGAACTTAAAGACGGA,2
CGAACTTAAAGGTACA,2
CGAACTTAACACAGAA,2
CGAACTTAACAGCAGA,2
CGAACTTAAAACATCG,2
CGAACTTAACCTCCAA,2
CGAACTTAACGCTCGA,2
CGAACTTAACGTATCA,2
CGAACTTAACTATGCA,7
CGAACTTAAGAGTCAA,7
CGAACTTAAGATCGCA,7
CGAACTTAAGCAGGAA,7
CGAACTTAAGTCACTA,7
CGAACTTAATCCTGTA,7
CGAACTTAATTGAGGA,7
CGAACTTAATGCCTAA,2
CGAACTTACAACCACA,7
CGAACTTAGACTAGTA,7
CGAACTTACAATGGAA,7
CGAACTTACACTTCGA,6
CGAACTTACAGCGTTA,1
CGAACTTACATACCAA,3
CGAACTTACCAGTTCA,3
CGAACTTACCGAAGTA,8
CGAACTTACCGTGAGA,3
CGAACTTACCTCCTGA,3
CGAACTTAAGTGGTCA,2
CGAACTTACGAACTTA,3
CGAACTTACGACTGGA,8
CGAACTTACGCATACA,3
CGAACTTACTCAATGA,3
CGAACTTACTGAGCCA,8
CGAACTTACTGGCATA,3
CGAACTTAGAATCTGA,3
CGAACTTACAAGACTA,3
CGAACTTAGAGCTGAA,3
CGAACTTAGATAGACA,3
CGAACTTAACCACTGT,2
CGAACTTAGCCACATA,3
CGAACTTAGCGAGTAA,3
CGAACTTAGCTAACGA,8
CGAACTTAGCTCGGTA,3
CGAACTTAGGAGAACA,3
CGAACTTAGGTGCGAA,3
CGAACTTAGTACGCAA,3
CGAACTTAGTCGTAGA,3
CGAACTTAGTCTGTCA,3
CGAACTTAGTGTTCTA,3
CGAACTTAACATTGGC,2
CGAACTTATAGGATGA,3
CGAACTTATATCAGCA,3
CGAACTTATCCGTCTA,3
CGAACTTATCTTCACA,8
CGAACTTATGAAGAGA,3
CGAACTTATGGAACAA,8
CGAACTTATGGCTTCA,8
CGAACTTATGGTGGTA,8
CGAACTTATTCACGCA,8
CGAACTTAAACTCACC,8
CGAACTTACAGATCTG,2
CGAACTTAAAGAGATC,8
CGAACTTAAAGGACAC,8
CGAACTTAAATCCGTC,8
CGAACTTAAATGTTGC,8
CGAACTTAACACGACC,8
CGAACTTAACAGATTC,8
CGAACTTAAGATGTAC,8
CGAACTTAAGCACCTC,8
CGAACTTAAGCCATGC,5
CGAACTTAAGGCTAAC,5
CGAACTTACATCAAGT,2
CGAACTTAATAGCGAC,5
CGAACTTAATCATTCC,5
CGAACTTAATTGGCTC,5
CGAACTTACAAGGAGC,1
CGAACTTACACCTTAC,1
CGAACTTACCATCCTC,1
CGAACTTACCGACAAC,1
CGAACTTACCTAATCC,1
CGAACTTACCTCTATC,1
CGAACTTACGACACAC,1
CGAACTTACGCTGATC,2
CGAACTTACGGATTGC,1
CGAACTTACTAAGGTC,1
CGAACTTAGAACAGGC,1
CGAACTTAGACAGTGC,1
CGAACTTAGAGTTAGC,1
CGAACTTAGATGAATC,1
CGAACTTAGCCAAGAC,1
CGAACTTACGGAAGAA,1
CGAACTTAGTGACAAG,1
CGAACTTAGAACCAGA,1
CCTCCTGAAACGTGAT,2
CCTCCTGAACAAGCTA,2
CCTCCTGATTGCTGGA,1
CCTCCTGACTGTAGCC,2
CCTCCTGAAGTACAAG,2
CCTCCTGAAACAACCA,2
CCTCCTGAAACCGAGA,2
CCTCCTGAAACGCTTA,2
CCTCCTGAAAGACGGA,2
CCTCCTGAAAGGTACA,2
CCTCCTGAACACAGAA,2
CCTCCTGAACAGCAGA,2
CCTCCTGAAAACATCG,2
CCTCCTGAACCTCCAA,2
CCTCCTGAACGCTCGA,2
CCTCCTGAACGTATCA,2
CCTCCTGAACTATGCA,2
CCTCCTGAAGAGTCAA,7
CCTCCTGAAGATCGCA,7
CCTCCTGAAGCAGGAA,7
CCTCCTGAAGTCACTA,7
CCTCCTGAATCCTGTA,7
CCTCCTGAATTGAGGA,7
CCTCCTGAATGCCTAA,2
CCTCCTGACAACCACA,7
CCTCCTGAGACTAGTA,7
CCTCCTGACAATGGAA,7
CCTCCTGACACTTCGA,4
CCTCCTGACAGCGTTA,4
CCTCCTGACATACCAA,3
CCTCCTGACCAGTTCA,3
CCTCCTGACCGAAGTA,8
CCTCCTGACCGTGAGA,3
CCTCCTGACCTCCTGA,8
CCTCCTGAAGTGGTCA,2
CCTCCTGACGAACTTA,3
CCTCCTGACGACTGGA,3
CCTCCTGACGCATACA,8
CCTCCTGACTCAATGA,3
CCTCCTGACTGAGCCA,3
CCTCCTGACTGGCATA,3
CCTCCTGAGAATCTGA,3
CCTCCTGACAAGACTA,3
CCTCCTGAGAGCTGAA,3
CCTCCTGAGATAGACA,3
CCTCCTGAACCACTGT,2
CCTCCTGAGCCACATA,3
CCTCCTGAGCGAGTAA,3
CCTCCTGAGCTAACGA,8
CCTCCTGAGCTCGGTA,3
CCTCCTGAGGAGAACA,3
CCTCCTGAGGTGCGAA,3
CCTCCTGAGTACGCAA,3
CCTCCTGAGTCGTAGA,3
CCTCCTGAGTCTGTCA,8
CCTCCTGAGTGTTCTA,3
CCTCCTGAACATTGGC,2
CCTCCTGATAGGATGA,3
CCTCCTGATATCAGCA,8
CCTCCTGATCCGTCTA,3
CCTCCTGATCTTCACA,3
CCTCCTGATGAAGAGA,8
CCTCCTGATGGAACAA,3
CCTCCTGATGGCTTCA,8
CCTCCTGATGGTGGTA,8
CCTCCTGATTCACGCA,8
CCTCCTGAAACTCACC,8
CCTCCTGACAGATCTG,2
CCTCCTGAAAGAGATC,8
CCTCCTGAAAGGACAC,8
CCTCCTGAAATCCGTC,8
CCTCCTGAAATGTTGC,8
CCTCCTGAACACGACC,8
CCTCCTGAACAGATTC,8
CCTCCTGAAGATGTAC,8
CCTCCTGAAGCACCTC,8
CCTCCTGAAGCCATGC,5
CCTCCTGAAGGCTAAC,5
CCTCCTGACATCAAGT,2
CCTCCTGAATAGCGAC,5
CCTCCTGAATCATTCC,5
CCTCCTGAATTGGCTC,5
CCTCCTGACAAGGAGC,1
CCTCCTGACACCTTAC,1
CCTCCTGACCATCCTC,1
CCTCCTGACCGACAAC,1
CCTCCTGACCTAATCC,1
CCTCCTGACCTCTATC,1
CCTCCTGACGACACAC,1
CCTCCTGACGCTGATC,2
CCTCCTGACGGATTGC,1
CCTCCTGACTAAGGTC,1
CCTCCTGAGAACAGGC,1
CCTCCTGAGACAGTGC,1
CCTCCTGAGAGTTAGC,1
CCTCCTGAGATGAATC,1
CCTCCTGAGCCAAGAC,1
CCTCCTGACGGAAGAA,1
CCTCCTGAGTGACAAG,1
CCTCCTGAGAACCAGA,1
CCGTGAGAAACGTGAT,2
CCGTGAGAACAAGCTA,2
CCGTGAGATTGCTGGA,1
CCGTGAGACTGTAGCC,2
CCGTGAGAAGTACAAG,2
CCGTGAGAAACAACCA,2
CCGTGAGAAACCGAGA,2
CCGTGAGAAACGCTTA,2
CCGTGAGAAAGACGGA,2
CCGTGAGAAAGGTACA,2
CCGTGAGAACACAGAA,2
CCGTGAGAACAGCAGA,2
CCGTGAGAAAACATCG,2
CCGTGAGAACCTCCAA,2
CCGTGAGAACGCTCGA,2
CCGTGAGAACGTATCA,2
CCGTGAGAACTATGCA,2
CCGTGAGAAGAGTCAA,7
CCGTGAGAAGATCGCA,7
CCGTGAGAAGCAGGAA,7
CCGTGAGAAGTCACTA,7
CCGTGAGAATCCTGTA,7
CCGTGAGAATTGAGGA,7
CCGTGAGAATGCCTAA,2
CCGTGAGACAACCACA,7
CCGTGAGAGACTAGTA,7
CCGTGAGACAATGGAA,7
CCGTGAGACACTTCGA,4
CCGTGAGACAGCGTTA,4
CCGTGAGACATACCAA,1
CCGTGAGACCAGTTCA,3
CCGTGAGACCGAAGTA,3
CCGTGAGACCGTGAGA,3
CCGTGAGACCTCCTGA,3
CCGTGAGAAGTGGTCA,2
CCGTGAGACGAACTTA,3
CCGTGAGACGACTGGA,3
CCGTGAGACGCATACA,3
CCGTGAGACTCAATGA,8
CCGTGAGACTGAGCCA,3
CCGTGAGACTGGCATA,8
CCGTGAGAGAATCTGA,3
CCGTGAGACAAGACTA,3
CCGTGAGAGAGCTGAA,3
CCGTGAGAGATAGACA,3
CCGTGAGAACCACTGT,2
CCGTGAGAGCCACATA,3
CCGTGAGAGCGAGTAA,3
CCGTGAGAGCTAACGA,3
CCGTGAGAGCTCGGTA,3
CCGTGAGAGGAGAACA,3
CCGTGAGAGGTGCGAA,8
CCGTGAGAGTACGCAA,3
CCGTGAGAGTCGTAGA,3
CCGTGAGAGTCTGTCA,3
CCGTGAGAGTGTTCTA,3
CCGTGAGAACATTGGC,2
CCGTGAGATAGGATGA,3
CCGTGAGATATCAGCA,3
CCGTGAGATCCGTCTA,8
CCGTGAGATCTTCACA,8
CCGTGAGATGAAGAGA,8
CCGTGAGATGGAACAA,8
CCGTGAGATGGCTTCA,8
CCGTGAGATGGTGGTA,8
CCGTGAGATTCACGCA,8
CCGTGAGAAACTCACC,8
CCGTGAGACAGATCTG,2
CCGTGAGAAAGAGATC,8
CCGTGAGAAAGGACAC,8
CCGTGAGAAATCCGTC,8
CCGTGAGAAATGTTGC,8
CCGTGAGAACACGACC,8
CCGTGAGAACAGATTC,8
CCGTGAGAAGATGTAC,8
CCGTGAGAAGCACCTC,8
CCGTGAGAAGCCATGC,5
CCGTGAGAAGGCTAAC,5
CCGTGAGACATCAAGT,2
CCGTGAGAATAGCGAC,5
CCGTGAGAATCATTCC,5
CCGTGAGAATTGGCTC,5
CCGTGAGACAAGGAGC,1
CCGTGAGACACCTTAC,1
CCGTGAGACCATCCTC,1
CCGTGAGACCGACAAC,1
CCGTGAGACCTAATCC,1
CCGTGAGACCTCTATC,1
CCGTGAGACGACACAC,1
CCGTGAGACGCTGATC,2
CCGTGAGACGGATTGC,1
CCGTGAGACTAAGGTC,1
CCGTGAGAGAACAGGC,1
CCGTGAGAGACAGTGC,1
CCGTGAGAGAGTTAGC,1
CCGTGAGAGATGAATC,1
CCGTGAGAGCCAAGAC,1
CCGTGAGACGGAAGAA,1
CCGTGAGAGTGACAAG,1
CCGTGAGAGAACCAGA,1
CCGAAGTAAACGTGAT,2
CCGAAGTAACAAGCTA,2
CCGAAGTATTGCTGGA,1
CCGAAGTACTGTAGCC,2
CCGAAGTAAGTACAAG,2
CCGAAGTAAACAACCA,2
CCGAAGTAAACCGAGA,2
CCGAAGTAAACGCTTA,2
CCGAAGTAAAGACGGA,2
CCGAAGTAAAGGTACA,2
CCGAAGTAACACAGAA,2
CCGAAGTAACAGCAGA,2
CCGAAGTAAAACATCG,2
CCGAAGTAACCTCCAA,2
CCGAAGTAACGCTCGA,2
CCGAAGTAACGTATCA,2
CCGAAGTAACTATGCA,2
CCGAAGTAAGAGTCAA,7
CCGAAGTAAGATCGCA,7
CCGAAGTAAGCAGGAA,7
CCGAAGTAAGTCACTA,7
CCGAAGTAATCCTGTA,7
CCGAAGTAATTGAGGA,7
CCGAAGTAATGCCTAA,2
CCGAAGTACAACCACA,7
CCGAAGTAGACTAGTA,7
CCGAAGTACAATGGAA,7
CCGAAGTACACTTCGA,4
CCGAAGTACAGCGTTA,4
CCGAAGTACATACCAA,3
CCGAAGTACCAGTTCA,3
CCGAAGTACCGAAGTA,8
CCGAAGTACCGTGAGA,3
CCGAAGTACCTCCTGA,3
CCGAAGTAAGTGGTCA,2
CCGAAGTACGAACTTA,3
CCGAAGTACGACTGGA,3
CCGAAGTACGCATACA,3
CCGAAGTACTCAATGA,3
CCGAAGTACTGAGCCA,3
CCGAAGTACTGGCATA,3
CCGAAGTAGAATCTGA,3
CCGAAGTACAAGACTA,8
CCGAAGTAGAGCTGAA,3
CCGAAGTAGATAGACA,3
CCGAAGTAACCACTGT,2
CCGAAGTAGCCACATA,3
CCGAAGTAGCGAGTAA,3
CCGAAGTAGCTAACGA,3
CCGAAGTAGCTCGGTA,3
CCGAAGTAGGAGAACA,3
CCGAAGTAGGTGCGAA,3
CCGAAGTAGTACGCAA,3
CCGAAGTAGTCGTAGA,3
CCGAAGTAGTCTGTCA,8
CCGAAGTAGTGTTCTA,8
CCGAAGTAACATTGGC,2
CCGAAGTATAGGATGA,3
CCGAAGTATATCAGCA,3
CCGAAGTATCCGTCTA,8
CCGAAGTATCTTCACA,8
CCGAAGTATGAAGAGA,3
CCGAAGTATGGAACAA,3
CCGAAGTATGGCTTCA,8
CCGAAGTATGGTGGTA,8
CCGAAGTATTCACGCA,8
CCGAAGTAAACTCACC,8
CCGAAGTACAGATCTG,2
CCGAAGTAAAGAGATC,3
CCGAAGTAAAGGACAC,8
CCGAAGTAAATCCGTC,3
CCGAAGTAAATGTTGC,8
CCGAAGTAACACGACC,8
CCGAAGTAACAGATTC,8
CCGAAGTAAGATGTAC,8
CCGAAGTAAGCACCTC,8
CCGAAGTAAGCCATGC,5
CCGAAGTAAGGCTAAC,5
CCGAAGTACATCAAGT,2
CCGAAGTAATAGCGAC,5
CCGAAGTAATCATTCC,5
CCGAAGTAATTGGCTC,5
CCGAAGTACAAGGAGC,1
CCGAAGTACACCTTAC,1
CCGAAGTACCATCCTC,1
CCGAAGTACCGACAAC,1
CCGAAGTACCTAATCC,1
CCGAAGTACCTCTATC,1
CCGAAGTACGACACAC,1
CCGAAGTACGCTGATC,2
CCGAAGTACGGATTGC,1
CCGAAGTACTAAGGTC,1
CCGAAGTAGAACAGGC,1
CCGAAGTAGACAGTGC,1
CCGAAGTAGAGTTAGC,1
CCGAAGTAGATGAATC,1
CCGAAGTAGCCAAGAC,1
CCGAAGTACGGAAGAA,1
CCGAAGTAGTGACAAG,1
CCGAAGTAGAACCAGA,1
CCAGTTCAAACGTGAT,9
CCAGTTCAACAAGCTA,2
CCAGTTCATTGCTGGA,1
CCAGTTCACTGTAGCC,2
CCAGTTCAAGTACAAG,2
CCAGTTCAAACAACCA,2
CCAGTTCAAACCGAGA,2
CCAGTTCAAACGCTTA,2
CCAGTTCAAAGACGGA,2
CCAGTTCAAAGGTACA,2
CCAGTTCAACACAGAA,2
CCAGTTCAACAGCAGA,2
CCAGTTCAAAACATCG,9
CCAGTTCAACCTCCAA,2
CCAGTTCAACGCTCGA,2
CCAGTTCAACGTATCA,2
CCAGTTCAACTATGCA,2
CCAGTTCAAGAGTCAA,7
CCAGTTCAAGATCGCA,7
CCAGTTCAAGCAGGAA,7
CCAGTTCAAGTCACTA,7
CCAGTTCAATCCTGTA,7
CCAGTTCAATTGAGGA,7
CCAGTTCAATGCCTAA,9
CCAGTTCACAACCACA,2
CCAGTTCAGACTAGTA,4
CCAGTTCACAATGGAA,7
CCAGTTCACACTTCGA,4
CCAGTTCACAGCGTTA,1
CCAGTTCACATACCAA,3
CCAGTTCACCAGTTCA,3
CCAGTTCACCGAAGTA,3
CCAGTTCACCGTGAGA,8
CCAGTTCACCTCCTGA,3
CCAGTTCAAGTGGTCA,2
CCAGTTCACGAACTTA,8
CCAGTTCACGACTGGA,3
CCAGTTCACGCATACA,3
CCAGTTCACTCAATGA,3
CCAGTTCACTGAGCCA,3
CCAGTTCACTGGCATA,3
CCAGTTCAGAATCTGA,3
CCAGTTCACAAGACTA,3
CCAGTTCAGAGCTGAA,3
CCAGTTCAGATAGACA,3
CCAGTTCAACCACTGT,2
CCAGTTCAGCCACATA,3
CCAGTTCAGCGAGTAA,3
CCAGTTCAGCTAACGA,3
CCAGTTCAGCTCGGTA,3
CCAGTTCAGGAGAACA,3
CCAGTTCAGGTGCGAA,3
CCAGTTCAGTACGCAA,9
CCAGTTCAGTCGTAGA,3
CCAGTTCAGTCTGTCA,3
CCAGTTCAGTGTTCTA,3
CCAGTTCAACATTGGC,2
CCAGTTCATAGGATGA,3
CCAGTTCATATCAGCA,3
CCAGTTCATCCGTCTA,3
CCAGTTCATCTTCACA,3
CCAGTTCATGAAGAGA,3
CCAGTTCATGGAACAA,3
CCAGTTCATGGCTTCA,3
CCAGTTCATGGTGGTA,8
CCAGTTCATTCACGCA,3
CCAGTTCAAACTCACC,8
CCAGTTCACAGATCTG,2
CCAGTTCAAAGAGATC,8
CCAGTTCAAAGGACAC,8
CCAGTTCAAATCCGTC,8
CCAGTTCAAATGTTGC,8
CCAGTTCAACACGACC,8
CCAGTTCAACAGATTC,8
CCAGTTCAAGATGTAC,8
CCAGTTCAAGCACCTC,8
CCAGTTCAAGCCATGC,5
CCAGTTCAAGGCTAAC,5
CCAGTTCACATCAAGT,2
CCAGTTCAATAGCGAC,5
CCAGTTCAATCATTCC,5
CCAGTTCAATTGGCTC,5
CCAGTTCACAAGGAGC,1
CCAGTTCACACCTTAC,1
CCAGTTCACCATCCTC,1
CCAGTTCACCGACAAC,1
CCAGTTCACCTAATCC,1
CCAGTTCACCTCTATC,1
CCAGTTCACGACACAC,1
CCAGTTCACGCTGATC,2
CCAGTTCACGGATTGC,1
CCAGTTCACTAAGGTC,1
CCAGTTCAGAACAGGC,1
CCAGTTCAGACAGTGC,1
CCAGTTCAGAGTTAGC,1
CCAGTTCAGATGAATC,1
CCAGTTCAGCCAAGAC,1
CCAGTTCACGGAAGAA,1
CCAGTTCAGTGACAAG,1
CCAGTTCAGAACCAGA,1
CATACCAAAACGTGAT,9
CATACCAAACAAGCTA,2
CATACCAATTGCTGGA,1
CATACCAACTGTAGCC,2
CATACCAAAGTACAAG,2
CATACCAAAACAACCA,2
CATACCAAAACCGAGA,2
CATACCAAAACGCTTA,2
CATACCAAAAGACGGA,2
CATACCAAAAGGTACA,2
CATACCAAACACAGAA,2
CATACCAAACAGCAGA,2
CATACCAAAAACATCG,9
CATACCAAACCTCCAA,2
CATACCAAACGCTCGA,2
CATACCAAACGTATCA,2
CATACCAAACTATGCA,7
CATACCAAAGAGTCAA,7
CATACCAAAGATCGCA,7
CATACCAAAGCAGGAA,7
CATACCAAAGTCACTA,7
CATACCAAATCCTGTA,7
CATACCAAATTGAGGA,2
CATACCAAATGCCTAA,9
CATACCAACAACCACA,2
CATACCAAGACTAGTA,4
CATACCAACAATGGAA,7
CATACCAACACTTCGA,1
CATACCAACAGCGTTA,1
CATACCAACATACCAA,1
CATACCAACCAGTTCA,3
CATACCAACCGAAGTA,3
CATACCAACCGTGAGA,8
CATACCAACCTCCTGA,8
CATACCAAAGTGGTCA,9
CATACCAACGAACTTA,3
CATACCAACGACTGGA,3
CATACCAACGCATACA,3
CATACCAACTCAATGA,8
CATACCAACTGAGCCA,8
CATACCAACTGGCATA,8
CATACCAAGAATCTGA,3
CATACCAACAAGACTA,8
CATACCAAGAGCTGAA,8
CATACCAAGATAGACA,3
CATACCAAACCACTGT,2
CATACCAAGCCACATA,3
CATACCAAGCGAGTAA,3
CATACCAAGCTAACGA,3
CATACCAAGCTCGGTA,3
CATACCAAGGAGAACA,3
CATACCAAGGTGCGAA,3
CATACCAAGTACGCAA,8
CATACCAAGTCGTAGA,8
CATACCAAGTCTGTCA,3
CATACCAAGTGTTCTA,3
CATACCAAACATTGGC,2
CATACCAATAGGATGA,3
CATACCAATATCAGCA,3
CATACCAATCCGTCTA,3
CATACCAATCTTCACA,3
CATACCAATGAAGAGA,3
CATACCAATGGAACAA,3
CATACCAATGGCTTCA,3
CATACCAATGGTGGTA,8
CATACCAATTCACGCA,1
CATACCAAAACTCACC,8
CATACCAACAGATCTG,2
CATACCAAAAGAGATC,8
CATACCAAAAGGACAC,8
CATACCAAAATCCGTC,8
CATACCAAAATGTTGC,8
CATACCAAACACGACC,8
CATACCAAACAGATTC,8
CATACCAAAGATGTAC,8
CATACCAAAGCACCTC,8
CATACCAAAGCCATGC,8
CATACCAAAGGCTAAC,5
CATACCAACATCAAGT,2
CATACCAAATAGCGAC,5
CATACCAAATCATTCC,5
CATACCAAATTGGCTC,5
CATACCAACAAGGAGC,1
CATACCAACACCTTAC,1
CATACCAACCATCCTC,1
CATACCAACCGACAAC,1
CATACCAACCTAATCC,1
CATACCAACCTCTATC,1
CATACCAACGACACAC,1
CATACCAACGCTGATC,2
CATACCAACGGATTGC,1
CATACCAACTAAGGTC,1
CATACCAAGAACAGGC,1
CATACCAAGACAGTGC,1
CATACCAAGAGTTAGC,1
CATACCAAGATGAATC,1
CATACCAAGCCAAGAC,1
CATACCAACGGAAGAA,1
CATACCAAGTGACAAG,1
CATACCAAGAACCAGA,1
CAGCGTTAACAAGCTA,2
CAGCGTTATTGCTGGA,1
CAGCGTTACTGTAGCC,2
CAGCGTTAAGTACAAG,2
CAGCGTTAAACAACCA,2
CAGCGTTAAACCGAGA,2
CAGCGTTAAACGCTTA,2
CAGCGTTAAAGACGGA,2
CAGCGTTAAAGGTACA,2
CAGCGTTAACACAGAA,2
CAGCGTTAACAGCAGA,2
CAGCGTTAAAACATCG,9
CAGCGTTAACCTCCAA,4
CAGCGTTAACGCTCGA,2
CAGCGTTAACGTATCA,2
CAGCGTTAACTATGCA,2
CAGCGTTAAGAGTCAA,7
CAGCGTTAAGATCGCA,7
CAGCGTTAAGCAGGAA,7
CAGCGTTAAGTCACTA,7
CAGCGTTAATCCTGTA,7
CAGCGTTAATTGAGGA,2
CAGCGTTAATGCCTAA,9
CAGCGTTACAACCACA,2
CAGCGTTAGACTAGTA,4
CAGCGTTACAATGGAA,4
CAGCGTTACACTTCGA,4
CAGCGTTACAGCGTTA,1
CAGCGTTACATACCAA,3
CAGCGTTACCAGTTCA,8
CAGCGTTACCGAAGTA,3
CAGCGTTACCGTGAGA,3
CAGCGTTACCTCCTGA,8
CAGCGTTAAGTGGTCA,9
CAGCGTTACGAACTTA,3
CAGCGTTACGACTGGA,8
CAGCGTTACGCATACA,3
CAGCGTTACTCAATGA,3
CAGCGTTACTGAGCCA,3
CAGCGTTACTGGCATA,3
CAGCGTTAGAATCTGA,3
CAGCGTTACAAGACTA,3
CAGCGTTAGAGCTGAA,3
CAGCGTTAGATAGACA,3
CAGCGTTAACCACTGT,2
CAGCGTTAGCCACATA,3
CAGCGTTAGCGAGTAA,3
CAGCGTTAGCTAACGA,3
CAGCGTTAGCTCGGTA,3
CAGCGTTAGGAGAACA,8
CAGCGTTAGGTGCGAA,8
CAGCGTTAGTACGCAA,3
CAGCGTTAGTCGTAGA,3
CAGCGTTAGTCTGTCA,8
CAGCGTTAGTGTTCTA,3
CAGCGTTAACATTGGC,2
CAGCGTTATAGGATGA,3
CAGCGTTATATCAGCA,8
CAGCGTTATCCGTCTA,3
CAGCGTTATCTTCACA,1
CAGCGTTATGAAGAGA,3
CAGCGTTATGGAACAA,8
CAGCGTTATGGCTTCA,3
CAGCGTTATGGTGGTA,3
CAGCGTTATTCACGCA,8
CAGCGTTAAACTCACC,8
CAGCGTTACAGATCTG,2
CAGCGTTAAAGAGATC,8
CAGCGTTAAAGGACAC,8
CAGCGTTAAATCCGTC,8
CAGCGTTAAATGTTGC,8
CAGCGTTAACACGACC,8
CAGCGTTAACAGATTC,8
CAGCGTTAAGATGTAC,8
CAGCGTTAAGCACCTC,4
CAGCGTTAAGCCATGC,4
CAGCGTTAAGGCTAAC,5
CAGCGTTACATCAAGT,2
CAGCGTTAATAGCGAC,5
CAGCGTTAATCATTCC,5
CAGCGTTAATTGGCTC,5
CAGCGTTACAAGGAGC,1
CAGCGTTACACCTTAC,1
CAGCGTTACCATCCTC,1
CAGCGTTACCGACAAC,1
CAGCGTTACCTAATCC,1
CAGCGTTACCTCTATC,1
CAGCGTTACGACACAC,1
CAGCGTTACGCTGATC,2
CAGCGTTACGGATTGC,1
CAGCGTTACTAAGGTC,1
CAGCGTTAGAACAGGC,1
CAGCGTTAGACAGTGC,1
CAGCGTTAGAGTTAGC,1
CAGCGTTAGATGAATC,1
CAGCGTTAGCCAAGAC,1
CAGCGTTACGGAAGAA,1
CAGCGTTAGTGACAAG,1
CAGCGTTAGAACCAGA,1
CACTTCGAACAAGCTA,2
CACTTCGATTGCTGGA,1
CACTTCGACTGTAGCC,2
CACTTCGAAGTACAAG,2
CACTTCGAAACAACCA,2
CACTTCGAAACCGAGA,2
CACTTCGAAACGCTTA,2
CACTTCGAAAGACGGA,2
CACTTCGAAAGGTACA,2
CACTTCGAACACAGAA,2
CACTTCGAACAGCAGA,2
CACTTCGAAAACATCG,9
CACTTCGAACCTCCAA,4
CACTTCGAACGCTCGA,2
CACTTCGAACGTATCA,2
CACTTCGAACTATGCA,2
CACTTCGAAGAGTCAA,2
CACTTCGAAGATCGCA,7
CACTTCGAAGCAGGAA,7
CACTTCGAAGTCACTA,7
CACTTCGAATCCTGTA,7
CACTTCGAATTGAGGA,7
CACTTCGAATGCCTAA,9
CACTTCGACAACCACA,7
CACTTCGAGACTAGTA,7
CACTTCGACAATGGAA,4
CACTTCGACACTTCGA,4
CACTTCGACAGCGTTA,4
CACTTCGACATACCAA,3
CACTTCGACCAGTTCA,3
CACTTCGACCGAAGTA,3
CACTTCGACCGTGAGA,3
CACTTCGACCTCCTGA,3
CACTTCGAAGTGGTCA,9
CACTTCGACGAACTTA,3
CACTTCGACGACTGGA,3
CACTTCGACGCATACA,3
CACTTCGACTCAATGA,8
CACTTCGACTGAGCCA,3
CACTTCGACTGGCATA,3
CACTTCGAGAATCTGA,8
CACTTCGACAAGACTA,3
CACTTCGAGAGCTGAA,3
CACTTCGAGATAGACA,3
CACTTCGAACCACTGT,2
CACTTCGAGCCACATA,3
CACTTCGAGCGAGTAA,3
CACTTCGAGCTAACGA,3
CACTTCGAGCTCGGTA,3
CACTTCGAGGAGAACA,8
CACTTCGAGGTGCGAA,3
CACTTCGAGTACGCAA,3
CACTTCGAGTCGTAGA,8
CACTTCGAGTCTGTCA,3
CACTTCGAGTGTTCTA,3
CACTTCGAACATTGGC,2
CACTTCGATAGGATGA,3
CACTTCGATATCAGCA,3
CACTTCGATCCGTCTA,3
CACTTCGATCTTCACA,3
CACTTCGATGAAGAGA,3
CACTTCGATGGAACAA,3
CACTTCGATGGCTTCA,3
CACTTCGATGGTGGTA,8
CACTTCGATTCACGCA,8
CACTTCGAAACTCACC,8
CACTTCGACAGATCTG,2
CACTTCGAAAGAGATC,8
CACTTCGAAAGGACAC,8
CACTTCGAAATCCGTC,8
CACTTCGAAATGTTGC,8
CACTTCGAACACGACC,8
CACTTCGAACAGATTC,8
CACTTCGAAGATGTAC,8
CACTTCGAAGCACCTC,4
CACTTCGAAGCCATGC,5
CACTTCGAAGGCTAAC,5
CACTTCGACATCAAGT,2
CACTTCGAATAGCGAC,5
CACTTCGAATCATTCC,5
CACTTCGAATTGGCTC,1
CACTTCGACAAGGAGC,1
CACTTCGACACCTTAC,1
CACTTCGACCATCCTC,1
CACTTCGACCGACAAC,1
CACTTCGACCTAATCC,1
CACTTCGACCTCTATC,1
CACTTCGACGACACAC,1
CACTTCGACGCTGATC,2
CACTTCGACGGATTGC,1
CACTTCGACTAAGGTC,1
CACTTCGAGAACAGGC,1
CACTTCGAGACAGTGC,1
CACTTCGAGAGTTAGC,1
CACTTCGAGATGAATC,1
CACTTCGAGCCAAGAC,1
CACTTCGACGGAAGAA,1
CACTTCGAGTGACAAG,1
CACTTCGAGAACCAGA,1
CAATGGAAACAAGCTA,2
CAATGGAATTGCTGGA,1
CAATGGAACTGTAGCC,2
CAATGGAAAGTACAAG,2
CAATGGAAAACAACCA,2
CAATGGAAAACCGAGA,2
CAATGGAAAACGCTTA,2
CAATGGAAAAGACGGA,2
CAATGGAAAAGGTACA,2
CAATGGAAACACAGAA,2
CAATGGAAACAGCAGA,2
CAATGGAAAAACATCG,9
CAATGGAAACCTCCAA,2
CAATGGAAACGCTCGA,2
CAATGGAAACGTATCA,2
CAATGGAAACTATGCA,2
CAATGGAAAGAGTCAA,2
CAATGGAAAGATCGCA,7
CAATGGAAAGCAGGAA,7
CAATGGAAAGTCACTA,7
CAATGGAAATCCTGTA,7
CAATGGAAATTGAGGA,7
CAATGGAAATGCCTAA,9
CAATGGAACAACCACA,7
CAATGGAAGACTAGTA,7
CAATGGAACAATGGAA,7
CAATGGAACACTTCGA,4
CAATGGAACAGCGTTA,4
CAATGGAACATACCAA,3
CAATGGAACCAGTTCA,3
CAATGGAACCGAAGTA,3
CAATGGAACCGTGAGA,3
CAATGGAACCTCCTGA,8
CAATGGAACGAACTTA,3
CAATGGAACGACTGGA,3
CAATGGAACGCATACA,8
CAATGGAACTCAATGA,3
CAATGGAACTGAGCCA,3
CAATGGAACTGGCATA,3
CAATGGAAGAATCTGA,3
CAATGGAACAAGACTA,3
CAATGGAAGAGCTGAA,3
CAATGGAAGATAGACA,3
CAATGGAAACCACTGT,2
CAATGGAAGCCACATA,3
CAATGGAAGCGAGTAA,3
CAATGGAAGCTAACGA,3
CAATGGAAGCTCGGTA,8
CAATGGAAGGAGAACA,3
CAATGGAAGGTGCGAA,3
CAATGGAAGTACGCAA,3
CAATGGAAGTCGTAGA,3
CAATGGAAGTCTGTCA,3
CAATGGAAGTGTTCTA,8
CAATGGAAACATTGGC,2
CAATGGAATAGGATGA,3
CAATGGAATATCAGCA,8
CAATGGAATCCGTCTA,3
CAATGGAATCTTCACA,3
CAATGGAATGAAGAGA,3
CAATGGAATGGAACAA,3
CAATGGAATGGCTTCA,3
CAATGGAATGGTGGTA,3
CAATGGAATTCACGCA,8
CAATGGAAAACTCACC,8
CAATGGAACAGATCTG,2
CAATGGAAAAGAGATC,8
CAATGGAAAAGGACAC,8
CAATGGAAAATCCGTC,8
CAATGGAAAATGTTGC,8
CAATGGAAACACGACC,8
CAATGGAAACAGATTC,8
CAATGGAAAGATGTAC,8
CAATGGAAAGCACCTC,4
CAATGGAAAGCCATGC,5
CAATGGAAAGGCTAAC,5
CAATGGAACATCAAGT,2
CAATGGAAATAGCGAC,5
CAATGGAAATCATTCC,5
CAATGGAAATTGGCTC,1
CAATGGAACAAGGAGC,1
CAATGGAACACCTTAC,1
CAATGGAACCATCCTC,1
CAATGGAACCGACAAC,1
CAATGGAACCTAATCC,1
CAATGGAACCTCTATC,1
CAATGGAACGACACAC,1
CAATGGAACGCTGATC,2
CAATGGAACGGATTGC,1
CAATGGAACTAAGGTC,1
CAATGGAAGAACAGGC,1
CAATGGAAGACAGTGC,1
CAATGGAAGAGTTAGC,1
CAATGGAAGATGAATC,1
CAATGGAAGCCAAGAC,1
CAATGGAACGGAAGAA,1
CAATGGAAGTGACAAG,1
CAATGGAAGAACCAGA,1
GATGAATCTTGCTGGA,2
GATGAATCACGTATCA,2
GATGAATCACTATGCA,2
GATGAATCAGAGTCAA,2
GATGAATCAGATCGCA,2
GATGAATCAGCAGGAA,2
GATGAATCAGTCACTA,2
GATGAATCATCCTGTA,2
GATGAATCATTGAGGA,2
GATGAATCCAACCACA,2
GATGAATCGACTAGTA,2
GATGAATCCAATGGAA,2
GATGAATCCACTTCGA,2
GATGAATCCAGCGTTA,2
GATGAATCCATACCAA,2
GATGAATCCCAGTTCA,2
GATGAATCCCGAAGTA,2
GATGAATCCCGTGAGA,2
GATGAATCCCTCCTGA,2
GATGAATCCGAACTTA,2
GATGAATCCGACTGGA,2
GATGAATCCGCATACA,4
GATGAATCCTCAATGA,2
GATGAATCCTGAGCCA,2
GATGAATCCTGGCATA,2
GATGAATCGAATCTGA,2
GATGAATCCAAGACTA,2
GATGAATCGAGCTGAA,2
GATGAATCGATAGACA,2
GATGAATCGCCACATA,2
GATGAATCGCGAGTAA,4
GATGAATCGCTAACGA,4
GATGAATCGCTCGGTA,4
GATGAATCGGAGAACA,2
GATGAATCGGTGCGAA,2
GATGAATCGTACGCAA,4
GATGAATCGTCGTAGA,4
GATGAATCGTCTGTCA,4
GATGAATCGTGTTCTA,4
GATGAATCTAGGATGA,4
GATGAATCTATCAGCA,2
GATGAATCTCCGTCTA,4
GATGAATCTCTTCACA,4
GATGAATCTGAAGAGA,4
GATGAATCTGGAACAA,4
GATGAATCTGGCTTCA,4
GATGAATCTGGTGGTA,4
GATGAATCTTCACGCA,4
GATGAATCAACTCACC,2
GATGAATCAAGAGATC,4
GATGAATCAAGGACAC,4
GATGAATCAATCCGTC,4
GATGAATCAATGTTGC,4
GATGAATCACACGACC,4
GATGAATCACAGATTC,4
GATGAATCAGATGTAC,4
GATGAATCAGCACCTC,4
GATGAATCAGCCATGC,4
GATGAATCAGGCTAAC,4
GATGAATCATAGCGAC,4
GATGAATCATCATTCC,4
GATGAATCATTGGCTC,4
GATGAATCCAAGGAGC,2
GATGAATCCACCTTAC,4
GATGAATCCCATCCTC,4
GATGAATCCCGACAAC,4
GATGAATCCCTAATCC,2
GATGAATCCCTCTATC,4
GATGAATCCGACACAC,2
GATGAATCCGGATTGC,2
GATGAATCCTAAGGTC,2
GATGAATCGAACAGGC,2
GATGAATCGACAGTGC,2
GATGAATCGAGTTAGC,2
GATGAATCGATGAATC,2
GATGAATCGCCAAGAC,9
GATGAATCCGGAAGAA,9
GATGAATCGTGACAAG,9
GATGAATCGAACCAGA,2
GACTAGTAACAAGCTA,2
GACTAGTATTGCTGGA,1
GACTAGTACTGTAGCC,2
GACTAGTAAGTACAAG,2
GACTAGTAAACAACCA,2
GACTAGTAAACCGAGA,2
GACTAGTAAACGCTTA,2
GACTAGTAAAGACGGA,2
GACTAGTAAAGGTACA,2
GACTAGTAACACAGAA,2
GACTAGTAACAGCAGA,2
GACTAGTAACCTCCAA,4
GACTAGTAACGCTCGA,2
GACTAGTAACGTATCA,2
GACTAGTAACTATGCA,2
GACTAGTAAGAGTCAA,7
GACTAGTAAGATCGCA,7
GACTAGTAAGCAGGAA,7
GACTAGTAAGTCACTA,7
GACTAGTAATCCTGTA,7
GACTAGTAATTGAGGA,7
GACTAGTAATGCCTAA,9
GACTAGTACAACCACA,7
GACTAGTAGACTAGTA,7
GACTAGTACAATGGAA,7
GACTAGTACACTTCGA,7
GACTAGTACAGCGTTA,4
GACTAGTACATACCAA,4
GACTAGTACCAGTTCA,3
GACTAGTACCGAAGTA,3
GACTAGTACCGTGAGA,3
GACTAGTACCTCCTGA,3
GACTAGTAAGTGGTCA,9
GACTAGTACGAACTTA,3
GACTAGTACGACTGGA,3
GACTAGTACGCATACA,3
GACTAGTACTCAATGA,3
GACTAGTACTGAGCCA,8
GACTAGTACTGGCATA,8
GACTAGTAGAATCTGA,3
GACTAGTACAAGACTA,3
GACTAGTAGAGCTGAA,8
GACTAGTAGATAGACA,3
GACTAGTAACCACTGT,2
GACTAGTAGCCACATA,8
GACTAGTAGCGAGTAA,3
GACTAGTAGCTAACGA,3
GACTAGTAGCTCGGTA,3
GACTAGTAGGAGAACA,3
GACTAGTAGGTGCGAA,3
GACTAGTAGTACGCAA,8
GACTAGTAGTCGTAGA,3
GACTAGTAGTCTGTCA,3
GACTAGTAGTGTTCTA,3
GACTAGTAACATTGGC,2
GACTAGTATAGGATGA,3
GACTAGTATATCAGCA,3
GACTAGTATCCGTCTA,8
GACTAGTATCTTCACA,8
GACTAGTATGAAGAGA,3
GACTAGTATGGAACAA,8
GACTAGTATGGCTTCA,3
GACTAGTATGGTGGTA,8
GACTAGTATTCACGCA,8
GACTAGTAAACTCACC,8
GACTAGTACAGATCTG,2
GACTAGTAAAGAGATC,8
GACTAGTAAAGGACAC,8
GACTAGTAAATCCGTC,8
GACTAGTAAATGTTGC,8
GACTAGTAACACGACC,1
GACTAGTAACAGATTC,8
GACTAGTAAGATGTAC,8
GACTAGTAAGCACCTC,8
GACTAGTAAGCCATGC,5
GACTAGTAAGGCTAAC,5
GACTAGTACATCAAGT,2
GACTAGTAATAGCGAC,5
GACTAGTAATCATTCC,5
GACTAGTAATTGGCTC,1
GACTAGTACAAGGAGC,1
GACTAGTACACCTTAC,1
GACTAGTACCATCCTC,1
GACTAGTACCGACAAC,1
GACTAGTACCTAATCC,1
GACTAGTACCTCTATC,1
GACTAGTACGACACAC,1
GACTAGTACGCTGATC,2
GACTAGTACGGATTGC,1
GACTAGTACTAAGGTC,1
GACTAGTAGAACAGGC,1
GACTAGTAGACAGTGC,1
GACTAGTAGAGTTAGC,1
GACTAGTAGATGAATC,1
GACTAGTAGCCAAGAC,1
GACTAGTACGGAAGAA,1
GACTAGTAGTGACAAG,1
GACTAGTAGAACCAGA,1
CAACCACAACAAGCTA,2
CAACCACATTGCTGGA,1
CAACCACACTGTAGCC,2
CAACCACAAGTACAAG,2
CAACCACAAACAACCA,2
CAACCACAAACCGAGA,2
CAACCACAAACGCTTA,2
CAACCACAAAGACGGA,2
CAACCACAAAGGTACA,2
CAACCACAACACAGAA,2
CAACCACAACAGCAGA,2
CAACCACAACCTCCAA,7
CAACCACAACGCTCGA,2
CAACCACAACGTATCA,2
CAACCACAACTATGCA,4
CAACCACAAGAGTCAA,7
CAACCACAAGATCGCA,7
CAACCACAAGCAGGAA,7
CAACCACAAGTCACTA,7
CAACCACAATCCTGTA,7
CAACCACAATTGAGGA,7
CAACCACAATGCCTAA,9
CAACCACACAACCACA,7
CAACCACAGACTAGTA,7
CAACCACACAATGGAA,7
CAACCACACACTTCGA,7
CAACCACACAGCGTTA,4
CAACCACACATACCAA,6
CAACCACACCAGTTCA,3
CAACCACACCGAAGTA,3
CAACCACACCGTGAGA,3
CAACCACACCTCCTGA,3
CAACCACAAGTGGTCA,9
CAACCACACGAACTTA,8
CAACCACACGACTGGA,3
CAACCACACGCATACA,3
CAACCACACTCAATGA,3
CAACCACACTGAGCCA,3
CAACCACACTGGCATA,3
CAACCACAGAATCTGA,3
CAACCACACAAGACTA,3
CAACCACAGAGCTGAA,3
CAACCACAGATAGACA,3
CAACCACAACCACTGT,9
CAACCACAGCCACATA,3
CAACCACAGCGAGTAA,3
CAACCACAGCTAACGA,3
CAACCACAGCTCGGTA,3
CAACCACAGGAGAACA,8
CAACCACAGGTGCGAA,3
CAACCACAGTACGCAA,3
CAACCACAGTCGTAGA,3
CAACCACAGTCTGTCA,8
CAACCACAGTGTTCTA,3
CAACCACAACATTGGC,2
CAACCACATAGGATGA,3
CAACCACATATCAGCA,3
CAACCACATCCGTCTA,3
CAACCACATCTTCACA,8
CAACCACATGAAGAGA,3
CAACCACATGGAACAA,3
CAACCACATGGCTTCA,8
CAACCACATGGTGGTA,8
CAACCACATTCACGCA,8
CAACCACAAACTCACC,8
CAACCACACAGATCTG,2
CAACCACAAAGAGATC,8
CAACCACAAAGGACAC,8
CAACCACAAATCCGTC,8
CAACCACAAATGTTGC,8
CAACCACAACACGACC,1
CAACCACAACAGATTC,1
CAACCACAAGATGTAC,8
CAACCACAAGCACCTC,8
CAACCACAAGCCATGC,5
CAACCACAAGGCTAAC,5
CAACCACACATCAAGT,2
CAACCACAATAGCGAC,5
CAACCACAATCATTCC,5
CAACCACAATTGGCTC,1
CAACCACACAAGGAGC,1
CAACCACACACCTTAC,1
CAACCACACCATCCTC,1
CAACCACACCGACAAC,1
CAACCACACCTAATCC,1
CAACCACACCTCTATC,1
CAACCACACGACACAC,1
CAACCACACGCTGATC,2
CAACCACACGGATTGC,1
CAACCACACTAAGGTC,1
CAACCACAGAACAGGC,1
CAACCACAGACAGTGC,1
CAACCACAGAGTTAGC,1
CAACCACAGATGAATC,1
CAACCACAGCCAAGAC,1
CAACCACACGGAAGAA,1
CAACCACAGTGACAAG,1
CAACCACAGAACCAGA,1
ATTGAGGAACAAGCTA,2
ATTGAGGATTGCTGGA,1
ATTGAGGACTGTAGCC,2
ATTGAGGAAGTACAAG,2
ATTGAGGAAACAACCA,2
ATTGAGGAAACCGAGA,2
ATTGAGGAAACGCTTA,2
ATTGAGGAAAGACGGA,2
ATTGAGGAAAGGTACA,2
ATTGAGGAACACAGAA,2
ATTGAGGAACAGCAGA,7
ATTGAGGAACCTCCAA,2
ATTGAGGAACGCTCGA,4
ATTGAGGAACGTATCA,4
ATTGAGGAACTATGCA,4
ATTGAGGAAGAGTCAA,4
ATTGAGGAAGATCGCA,7
ATTGAGGAAGCAGGAA,7
ATTGAGGAAGTCACTA,7
ATTGAGGAATCCTGTA,7
ATTGAGGAATTGAGGA,7
ATTGAGGACAACCACA,7
ATTGAGGAGACTAGTA,7
ATTGAGGACAATGGAA,7
ATTGAGGACACTTCGA,7
ATTGAGGACAGCGTTA,4
ATTGAGGACATACCAA,6
ATTGAGGACCAGTTCA,8
ATTGAGGACCGAAGTA,3
ATTGAGGACCGTGAGA,3
ATTGAGGACCTCCTGA,8
ATTGAGGAAGTGGTCA,9
ATTGAGGACGAACTTA,3
ATTGAGGACGACTGGA,3
ATTGAGGACGCATACA,3
ATTGAGGACTCAATGA,3
ATTGAGGACTGAGCCA,3
ATTGAGGACTGGCATA,3
ATTGAGGAGAATCTGA,2
ATTGAGGACAAGACTA,3
ATTGAGGAGAGCTGAA,3
ATTGAGGAGATAGACA,8
ATTGAGGAACCACTGT,9
ATTGAGGAGCCACATA,3
ATTGAGGAGCGAGTAA,3
ATTGAGGAGCTAACGA,3
ATTGAGGAGCTCGGTA,3
ATTGAGGAGGAGAACA,3
ATTGAGGAGGTGCGAA,3
ATTGAGGAGTACGCAA,3
ATTGAGGAGTCGTAGA,3
ATTGAGGAGTCTGTCA,3
ATTGAGGAGTGTTCTA,3
ATTGAGGAACATTGGC,2
ATTGAGGATAGGATGA,3
ATTGAGGATATCAGCA,3
ATTGAGGATCCGTCTA,8
ATTGAGGATCTTCACA,3
ATTGAGGATGAAGAGA,8
ATTGAGGATGGAACAA,8
ATTGAGGATGGCTTCA,8
ATTGAGGATGGTGGTA,8
ATTGAGGATTCACGCA,8
ATTGAGGAAACTCACC,8
ATTGAGGACAGATCTG,2
ATTGAGGAAAGAGATC,8
ATTGAGGAAAGGACAC,8
ATTGAGGAAATCCGTC,1
ATTGAGGAAATGTTGC,1
ATTGAGGAACACGACC,8
ATTGAGGAACAGATTC,8
ATTGAGGAAGATGTAC,8
ATTGAGGAAGCACCTC,1
ATTGAGGAAGCCATGC,5
ATTGAGGAAGGCTAAC,5
ATTGAGGACATCAAGT,2
ATTGAGGAATAGCGAC,5
ATTGAGGAATCATTCC,5
ATTGAGGAATTGGCTC,1
ATTGAGGACAAGGAGC,1
ATTGAGGACACCTTAC,1
ATTGAGGACCATCCTC,1
ATTGAGGACCGACAAC,1
ATTGAGGACCTAATCC,1
ATTGAGGACCTCTATC,1
ATTGAGGACGACACAC,1
ATTGAGGACGCTGATC,2
ATTGAGGACGGATTGC,1
ATTGAGGACTAAGGTC,1
ATTGAGGAGAACAGGC,1
ATTGAGGAGACAGTGC,1
ATTGAGGAGAGTTAGC,1
ATTGAGGAGATGAATC,1
ATTGAGGAGCCAAGAC,1
ATTGAGGACGGAAGAA,1
ATTGAGGAGTGACAAG,1
ATTGAGGAGAACCAGA,1
ATCCTGTAACAAGCTA,2
ATCCTGTATTGCTGGA,1
ATCCTGTACTGTAGCC,2
ATCCTGTAAGTACAAG,2
ATCCTGTAAACAACCA,2
ATCCTGTAAACCGAGA,2
ATCCTGTAAACGCTTA,2
ATCCTGTAAAGACGGA,2
ATCCTGTAAAGGTACA,2
ATCCTGTAACACAGAA,2
ATCCTGTAACAGCAGA,2
ATCCTGTAACCTCCAA,2
ATCCTGTAACGCTCGA,2
ATCCTGTAACGTATCA,2
ATCCTGTAACTATGCA,4
ATCCTGTAAGAGTCAA,4
ATCCTGTAAGATCGCA,7
ATCCTGTAAGCAGGAA,7
ATCCTGTAAGTCACTA,7
ATCCTGTAATCCTGTA,7
ATCCTGTAATTGAGGA,7
ATCCTGTACAACCACA,7
ATCCTGTAGACTAGTA,7
ATCCTGTACAATGGAA,7
ATCCTGTACACTTCGA,7
ATCCTGTACAGCGTTA,7
ATCCTGTACATACCAA,4
ATCCTGTACCAGTTCA,8
ATCCTGTACCGAAGTA,3
ATCCTGTACCGTGAGA,3
ATCCTGTACCTCCTGA,3
ATCCTGTAAGTGGTCA,9
ATCCTGTACGAACTTA,3
ATCCTGTACGACTGGA,3
ATCCTGTACGCATACA,3
ATCCTGTACTCAATGA,3
ATCCTGTACTGAGCCA,3
ATCCTGTACTGGCATA,3
ATCCTGTAGAATCTGA,3
ATCCTGTACAAGACTA,3
ATCCTGTAGAGCTGAA,8
ATCCTGTAGATAGACA,3
ATCCTGTAACCACTGT,9
ATCCTGTAGCCACATA,3
ATCCTGTAGCGAGTAA,3
ATCCTGTAGCTAACGA,3
ATCCTGTAGCTCGGTA,3
ATCCTGTAGGAGAACA,3
ATCCTGTAGGTGCGAA,3
ATCCTGTAGTACGCAA,3
ATCCTGTAGTCGTAGA,3
ATCCTGTAGTCTGTCA,8
ATCCTGTAGTGTTCTA,8
ATCCTGTAACATTGGC,2
ATCCTGTATAGGATGA,3
ATCCTGTATATCAGCA,3
ATCCTGTATCCGTCTA,3
ATCCTGTATCTTCACA,3
ATCCTGTATGAAGAGA,8
ATCCTGTATGGAACAA,8
ATCCTGTATGGCTTCA,8
ATCCTGTATGGTGGTA,8
ATCCTGTATTCACGCA,8
ATCCTGTAAACTCACC,8
ATCCTGTACAGATCTG,2
ATCCTGTAAAGAGATC,8
ATCCTGTAAAGGACAC,8
ATCCTGTAAATCCGTC,8
ATCCTGTAAATGTTGC,8
ATCCTGTAACACGACC,1
ATCCTGTAACAGATTC,8
ATCCTGTAAGATGTAC,8
ATCCTGTAAGCACCTC,1
ATCCTGTAAGCCATGC,5
ATCCTGTAAGGCTAAC,5
ATCCTGTACATCAAGT,2
ATCCTGTAATAGCGAC,5
ATCCTGTAATCATTCC,5
ATCCTGTAATTGGCTC,1
ATCCTGTACAAGGAGC,1
ATCCTGTACACCTTAC,1
ATCCTGTACCATCCTC,1
ATCCTGTACCGACAAC,1
ATCCTGTACCTAATCC,1
ATCCTGTACCTCTATC,1
ATCCTGTACGACACAC,1
ATCCTGTACGCTGATC,2
ATCCTGTACGGATTGC,1
ATCCTGTACTAAGGTC,1
ATCCTGTAGAACAGGC,1
ATCCTGTAGACAGTGC,1
ATCCTGTAGAGTTAGC,1
ATCCTGTAGATGAATC,1
ATCCTGTAGCCAAGAC,1
ATCCTGTACGGAAGAA,1
ATCCTGTAGTGACAAG,1
ATCCTGTAGAACCAGA,1
AGTCACTAACAAGCTA,2
AGTCACTATTGCTGGA,1
AGTCACTACTGTAGCC,2
AGTCACTAAGTACAAG,2
AGTCACTAAACAACCA,2
AGTCACTAAACCGAGA,2
AGTCACTAAACGCTTA,2
AGTCACTAAAGACGGA,2
AGTCACTAAAGGTACA,2
AGTCACTAACACAGAA,4
AGTCACTAACAGCAGA,2
AGTCACTAACCTCCAA,2
AGTCACTAACGCTCGA,2
AGTCACTAACGTATCA,2
AGTCACTAACTATGCA,4
AGTCACTAAGAGTCAA,4
AGTCACTAAGATCGCA,4
AGTCACTAAGCAGGAA,7
AGTCACTAAGTCACTA,7
AGTCACTAATCCTGTA,7
AGTCACTAATTGAGGA,7
AGTCACTACAACCACA,7
AGTCACTAGACTAGTA,7
AGTCACTACAATGGAA,7
AGTCACTACACTTCGA,7
AGTCACTACAGCGTTA,7
AGTCACTACATACCAA,7
AGTCACTACCAGTTCA,4
AGTCACTACCGAAGTA,3
AGTCACTACCGTGAGA,3
AGTCACTACCTCCTGA,3
AGTCACTACGAACTTA,3
AGTCACTACGACTGGA,3
AGTCACTACGCATACA,8
AGTCACTACTCAATGA,3
AGTCACTACTGAGCCA,3
AGTCACTACTGGCATA,3
AGTCACTAGAATCTGA,3
AGTCACTACAAGACTA,3
AGTCACTAGAGCTGAA,8
AGTCACTAGATAGACA,3
AGTCACTAACCACTGT,9
AGTCACTAGCCACATA,3
AGTCACTAGCGAGTAA,3
AGTCACTAGCTAACGA,3
AGTCACTAGCTCGGTA,3
AGTCACTAGGAGAACA,1
AGTCACTAGGTGCGAA,8
AGTCACTAGTACGCAA,3
AGTCACTAGTCGTAGA,3
AGTCACTAGTCTGTCA,3
AGTCACTAGTGTTCTA,3
AGTCACTAACATTGGC,9
AGTCACTATAGGATGA,3
AGTCACTATATCAGCA,8
AGTCACTATCCGTCTA,3
AGTCACTATCTTCACA,8
AGTCACTATGAAGAGA,8
AGTCACTATGGAACAA,8
AGTCACTATGGCTTCA,8
AGTCACTATGGTGGTA,8
AGTCACTATTCACGCA,8
AGTCACTAAACTCACC,8
AGTCACTACAGATCTG,2
AGTCACTAAAGAGATC,8
AGTCACTAAAGGACAC,8
AGTCACTAAATCCGTC,8
AGTCACTAAATGTTGC,8
AGTCACTAACACGACC,8
AGTCACTAACAGATTC,8
AGTCACTAAGATGTAC,8
AGTCACTAAGCACCTC,1
AGTCACTAAGCCATGC,1
AGTCACTAAGGCTAAC,1
AGTCACTACATCAAGT,2
AGTCACTAATAGCGAC,5
AGTCACTAATCATTCC,1
AGTCACTAATTGGCTC,1
AGTCACTACAAGGAGC,1
AGTCACTACACCTTAC,1
AGTCACTACCATCCTC,1
AGTCACTACCGACAAC,1
AGTCACTACCTAATCC,1
AGTCACTACCTCTATC,1
AGTCACTACGACACAC,1
AGTCACTACGCTGATC,2
AGTCACTACGGATTGC,1
AGTCACTACTAAGGTC,1
AGTCACTAGAACAGGC,1
AGTCACTAGACAGTGC,1
AGTCACTAGAGTTAGC,1
AGTCACTAGATGAATC,1
AGTCACTAGCCAAGAC,1
AGTCACTACGGAAGAA,1
AGTCACTAGTGACAAG,1
AGTCACTAGAACCAGA,1
AGCAGGAAACAAGCTA,2
AGCAGGAATTGCTGGA,1
AGCAGGAACTGTAGCC,2
AGCAGGAAAGTACAAG,2
AGCAGGAAAACAACCA,2
AGCAGGAAAACCGAGA,2
AGCAGGAAAACGCTTA,2
AGCAGGAAAAGACGGA,2
AGCAGGAAAAGGTACA,2
AGCAGGAAACACAGAA,4
AGCAGGAAACAGCAGA,2
AGCAGGAAACCTCCAA,2
AGCAGGAAACGCTCGA,2
AGCAGGAAACGTATCA,2
AGCAGGAAACTATGCA,4
AGCAGGAAAGAGTCAA,4
AGCAGGAAAGATCGCA,4
AGCAGGAAAGCAGGAA,7
AGCAGGAAAGTCACTA,7
AGCAGGAAATCCTGTA,7
AGCAGGAAATTGAGGA,7
AGCAGGAACAACCACA,7
AGCAGGAAGACTAGTA,7
AGCAGGAACAATGGAA,7
AGCAGGAACACTTCGA,7
AGCAGGAACAGCGTTA,7
AGCAGGAACATACCAA,7
AGCAGGAACCAGTTCA,4
AGCAGGAACCGAAGTA,3
AGCAGGAACCGTGAGA,3
AGCAGGAACCTCCTGA,3
AGCAGGAACGAACTTA,3
AGCAGGAACGACTGGA,3
AGCAGGAACGCATACA,3
AGCAGGAACTCAATGA,8
AGCAGGAACTGAGCCA,3
AGCAGGAACTGGCATA,3
AGCAGGAAGAATCTGA,3
AGCAGGAACAAGACTA,3
AGCAGGAAGAGCTGAA,3
AGCAGGAAGATAGACA,8
AGCAGGAAACCACTGT,9
AGCAGGAAGCCACATA,3
AGCAGGAAGCGAGTAA,3
AGCAGGAAGCTAACGA,3
AGCAGGAAGCTCGGTA,3
AGCAGGAAGGAGAACA,3
AGCAGGAAGGTGCGAA,8
AGCAGGAAGTACGCAA,8
AGCAGGAAGTCGTAGA,3
AGCAGGAAGTCTGTCA,8
AGCAGGAAGTGTTCTA,8
AGCAGGAAACATTGGC,9
AGCAGGAATAGGATGA,8
AGCAGGAATATCAGCA,8
AGCAGGAATCCGTCTA,8
AGCAGGAATCTTCACA,8
AGCAGGAATGAAGAGA,8
AGCAGGAATGGAACAA,8
AGCAGGAATGGCTTCA,8
AGCAGGAATGGTGGTA,8
AGCAGGAATTCACGCA,8
AGCAGGAAAACTCACC,8
AGCAGGAACAGATCTG,2
AGCAGGAAAAGAGATC,8
AGCAGGAAAAGGACAC,8
AGCAGGAAAATCCGTC,8
AGCAGGAAAATGTTGC,8
AGCAGGAAACACGACC,8
AGCAGGAAACAGATTC,8
AGCAGGAAAGATGTAC,1
AGCAGGAAAGCACCTC,1
AGCAGGAAAGCCATGC,1
AGCAGGAAAGGCTAAC,1
AGCAGGAACATCAAGT,2
AGCAGGAAATAGCGAC,1
AGCAGGAAATCATTCC,1
AGCAGGAAATTGGCTC,1
AGCAGGAACAAGGAGC,1
AGCAGGAACACCTTAC,1
AGCAGGAACCATCCTC,1
AGCAGGAACCGACAAC,1
AGCAGGAACCTAATCC,1
AGCAGGAACCTCTATC,1
AGCAGGAACGACACAC,1
AGCAGGAACGCTGATC,2
AGCAGGAACGGATTGC,1
AGCAGGAACTAAGGTC,1
AGCAGGAAGAACAGGC,1
AGCAGGAAGACAGTGC,1
AGCAGGAAGAGTTAGC,1
AGCAGGAAGATGAATC,1
AGCAGGAAGCCAAGAC,1
AGCAGGAACGGAAGAA,1
AGCAGGAAGTGACAAG,1
AGCAGGAAGAACCAGA,1
AGATCGCAACAAGCTA,2
AGATCGCATTGCTGGA,1
AGATCGCACTGTAGCC,2
AGATCGCAAGTACAAG,2
AGATCGCAAACAACCA,2
AGATCGCAAACCGAGA,2
AGATCGCAAACGCTTA,2
AGATCGCAAAGACGGA,2
AGATCGCAAAGGTACA,2
AGATCGCAACACAGAA,4
AGATCGCAACAGCAGA,4
AGATCGCAACCTCCAA,4
AGATCGCAACGCTCGA,2
AGATCGCAACGTATCA,4
AGATCGCAACTATGCA,4
AGATCGCAAGAGTCAA,4
AGATCGCAAGATCGCA,4
AGATCGCAAGCAGGAA,4
AGATCGCAAGTCACTA,7
AGATCGCAATCCTGTA,7
AGATCGCAATTGAGGA,7
AGATCGCACAACCACA,7
AGATCGCAGACTAGTA,7
AGATCGCACAATGGAA,7
AGATCGCACACTTCGA,7
AGATCGCACAGCGTTA,7
AGATCGCACATACCAA,7
AGATCGCACCAGTTCA,7
AGATCGCACCGAAGTA,3
AGATCGCACCGTGAGA,8
AGATCGCACCTCCTGA,3
AGATCGCACGAACTTA,8
AGATCGCACGACTGGA,3
AGATCGCACGCATACA,3
AGATCGCACTCAATGA,3
AGATCGCACTGAGCCA,3
AGATCGCACTGGCATA,8
AGATCGCAGAATCTGA,8
AGATCGCACAAGACTA,3
AGATCGCAGAGCTGAA,4
AGATCGCAGATAGACA,8
AGATCGCAACCACTGT,9
AGATCGCAGCCACATA,3
AGATCGCAGCGAGTAA,3
AGATCGCAGCTAACGA,3
AGATCGCAGCTCGGTA,3
AGATCGCAGGAGAACA,8
AGATCGCAGGTGCGAA,3
AGATCGCAGTACGCAA,3
AGATCGCAGTCGTAGA,3
AGATCGCAGTCTGTCA,3
AGATCGCAGTGTTCTA,3
AGATCGCAACATTGGC,9
AGATCGCATAGGATGA,8
AGATCGCATATCAGCA,8
AGATCGCATCCGTCTA,8
AGATCGCATCTTCACA,8
AGATCGCATGAAGAGA,8
AGATCGCATGGAACAA,8
AGATCGCATGGCTTCA,8
AGATCGCATGGTGGTA,8
AGATCGCATTCACGCA,8
AGATCGCAAACTCACC,8
AGATCGCACAGATCTG,2
AGATCGCAAAGAGATC,8
AGATCGCAAAGGACAC,8
AGATCGCAAATCCGTC,8
AGATCGCAAATGTTGC,1
AGATCGCAACACGACC,1
AGATCGCAACAGATTC,8
AGATCGCAAGATGTAC,1
AGATCGCAAGCACCTC,1
AGATCGCAAGCCATGC,1
AGATCGCAAGGCTAAC,1
AGATCGCACATCAAGT,2
AGATCGCAATAGCGAC,1
AGATCGCAATCATTCC,1
AGATCGCAATTGGCTC,1
AGATCGCACAAGGAGC,1
AGATCGCACACCTTAC,1
AGATCGCACCATCCTC,1
AGATCGCACCGACAAC,1
AGATCGCACCTAATCC,1
AGATCGCACCTCTATC,1
AGATCGCACGACACAC,1
AGATCGCACGCTGATC,2
AGATCGCACGGATTGC,1
AGATCGCACTAAGGTC,1
AGATCGCAGAACAGGC,1
AGATCGCAGACAGTGC,1
AGATCGCAGAGTTAGC,1
AGATCGCAGATGAATC,1
AGATCGCAGCCAAGAC,1
AGATCGCACGGAAGAA,1
AGATCGCAGTGACAAG,1
AGATCGCAGAACCAGA,1
AGAGTCAAACAAGCTA,2
AGAGTCAATTGCTGGA,1
AGAGTCAACTGTAGCC,2
AGAGTCAAAGTACAAG,2
AGAGTCAAAACAACCA,2
AGAGTCAAAACCGAGA,2
AGAGTCAAAACGCTTA,2
AGAGTCAAAAGACGGA,2
AGAGTCAAAAGGTACA,4
AGAGTCAAACACAGAA,4
AGAGTCAAACAGCAGA,4
AGAGTCAAACCTCCAA,4
AGAGTCAAACGCTCGA,4
AGAGTCAAACGTATCA,4
AGAGTCAAACTATGCA,4
AGAGTCAAAGAGTCAA,4
AGAGTCAAAGATCGCA,4
AGAGTCAAAGCAGGAA,4
AGAGTCAAAGTCACTA,7
AGAGTCAAATCCTGTA,7
AGAGTCAAATTGAGGA,7
AGAGTCAACAACCACA,7
AGAGTCAAGACTAGTA,7
AGAGTCAACAATGGAA,7
AGAGTCAACACTTCGA,7
AGAGTCAACAGCGTTA,7
AGAGTCAACATACCAA,7
AGAGTCAACCAGTTCA,7
AGAGTCAACCGAAGTA,8
AGAGTCAACCGTGAGA,8
AGAGTCAACCTCCTGA,8
AGAGTCAACGAACTTA,8
AGAGTCAACGACTGGA,3
AGAGTCAACGCATACA,3
AGAGTCAACTCAATGA,3
AGAGTCAACTGAGCCA,3
AGAGTCAACTGGCATA,3
AGAGTCAAGAATCTGA,3
AGAGTCAACAAGACTA,3
AGAGTCAAGAGCTGAA,3
AGAGTCAAGATAGACA,3
AGAGTCAAGCCACATA,3
AGAGTCAAGCGAGTAA,3
AGAGTCAAGCTAACGA,3
AGAGTCAAGCTCGGTA,3
AGAGTCAAGGAGAACA,3
AGAGTCAAGGTGCGAA,8
AGAGTCAAGTACGCAA,3
AGAGTCAAGTCGTAGA,3
AGAGTCAAGTCTGTCA,3
AGAGTCAAGTGTTCTA,8
AGAGTCAAACATTGGC,9
AGAGTCAATAGGATGA,8
AGAGTCAATATCAGCA,8
AGAGTCAATCCGTCTA,8
AGAGTCAATCTTCACA,8
AGAGTCAATGAAGAGA,8
AGAGTCAATGGAACAA,8
AGAGTCAATGGCTTCA,8
AGAGTCAATGGTGGTA,8
AGAGTCAATTCACGCA,8
AGAGTCAAAACTCACC,8
AGAGTCAACAGATCTG,9
AGAGTCAAAAGAGATC,8
AGAGTCAAAAGGACAC,8
AGAGTCAAAATCCGTC,4
AGAGTCAAAATGTTGC,1
AGAGTCAAACACGACC,1
AGAGTCAAACAGATTC,1
AGAGTCAAAGATGTAC,1
AGAGTCAAAGCACCTC,1
AGAGTCAAAGCCATGC,1
AGAGTCAAAGGCTAAC,1
AGAGTCAACATCAAGT,9
AGAGTCAAATAGCGAC,1
AGAGTCAAATCATTCC,1
AGAGTCAAATTGGCTC,1
AGAGTCAACAAGGAGC,1
AGAGTCAACACCTTAC,1
AGAGTCAACCATCCTC,1
AGAGTCAACCGACAAC,1
AGAGTCAACCTAATCC,1
AGAGTCAACCTCTATC,1
AGAGTCAACGACACAC,1
AGAGTCAACGCTGATC,2
AGAGTCAACGGATTGC,1
AGAGTCAACTAAGGTC,1
AGAGTCAAGAACAGGC,1
AGAGTCAAGACAGTGC,1
AGAGTCAAGAGTTAGC,1
AGAGTCAAGATGAATC,1
AGAGTCAAGCCAAGAC,1
AGAGTCAACGGAAGAA,1
AGAGTCAAGTGACAAG,1
AGAGTCAAGAACCAGA,1
ACTATGCAACAAGCTA,2
ACTATGCATTGCTGGA,1
ACTATGCACTGTAGCC,2
ACTATGCAAGTACAAG,2
ACTATGCAAACAACCA,2
ACTATGCAAACCGAGA,2
ACTATGCAAACGCTTA,2
ACTATGCAAAGACGGA,2
ACTATGCAAAGGTACA,2
ACTATGCAACACAGAA,2
ACTATGCAACAGCAGA,4
ACTATGCAACCTCCAA,2
ACTATGCAACGCTCGA,2
ACTATGCAACGTATCA,2
ACTATGCAACTATGCA,4
ACTATGCAAGAGTCAA,4
ACTATGCAAGATCGCA,4
ACTATGCAAGCAGGAA,4
ACTATGCAAGTCACTA,7
ACTATGCAATCCTGTA,7
ACTATGCAATTGAGGA,7
ACTATGCACAACCACA,7
ACTATGCAGACTAGTA,7
ACTATGCACAATGGAA,7
ACTATGCACACTTCGA,7
ACTATGCACAGCGTTA,7
ACTATGCACATACCAA,7
ACTATGCACCAGTTCA,4
ACTATGCACCGAAGTA,8
ACTATGCACCGTGAGA,8
ACTATGCACCTCCTGA,8
ACTATGCACGAACTTA,3
ACTATGCACGACTGGA,3
ACTATGCACGCATACA,3
ACTATGCACTCAATGA,3
ACTATGCACTGAGCCA,3
ACTATGCACTGGCATA,3
ACTATGCAGAATCTGA,3
ACTATGCACAAGACTA,3
ACTATGCAGAGCTGAA,3
ACTATGCAGATAGACA,3
ACTATGCAGCCACATA,3
ACTATGCAGCGAGTAA,3
ACTATGCAGCTAACGA,3
ACTATGCAGCTCGGTA,3
ACTATGCAGGAGAACA,3
ACTATGCAGGTGCGAA,3
ACTATGCAGTACGCAA,3
ACTATGCAGTCGTAGA,3
ACTATGCAGTCTGTCA,3
ACTATGCAGTGTTCTA,3
ACTATGCAACATTGGC,9
ACTATGCATAGGATGA,8
ACTATGCATATCAGCA,8
ACTATGCATCCGTCTA,8
ACTATGCATCTTCACA,8
ACTATGCATGAAGAGA,8
ACTATGCATGGAACAA,8
ACTATGCATGGCTTCA,8
ACTATGCATGGTGGTA,8
ACTATGCATTCACGCA,8
ACTATGCAAACTCACC,8
ACTATGCACAGATCTG,9
ACTATGCAAAGAGATC,8
ACTATGCAAAGGACAC,8
ACTATGCAAATCCGTC,8
ACTATGCAAATGTTGC,6
ACTATGCAACACGACC,6
ACTATGCAACAGATTC,6
ACTATGCAAGATGTAC,6
ACTATGCAAGCACCTC,1
ACTATGCAAGCCATGC,1
ACTATGCAAGGCTAAC,1
ACTATGCACATCAAGT,9
ACTATGCAATAGCGAC,1
ACTATGCAATCATTCC,1
ACTATGCAATTGGCTC,1
ACTATGCACAAGGAGC,1
ACTATGCACACCTTAC,1
ACTATGCACCATCCTC,1
ACTATGCACCGACAAC,1
ACTATGCACCTAATCC,1
ACTATGCACCTCTATC,1
ACTATGCACGACACAC,1
ACTATGCACGCTGATC,9
ACTATGCACGGATTGC,1
ACTATGCACTAAGGTC,1
ACTATGCAGAACAGGC,1
ACTATGCAGACAGTGC,1
ACTATGCAGAGTTAGC,1
ACTATGCAGATGAATC,1
ACTATGCAGCCAAGAC,1
ACTATGCACGGAAGAA,1
ACTATGCAGTGACAAG,1
ACTATGCAGAACCAGA,1
ACGTATCAACAAGCTA,2
ACGTATCATTGCTGGA,1
ACGTATCACTGTAGCC,2
ACGTATCAAGTACAAG,2
ACGTATCAAACAACCA,2
ACGTATCAAACCGAGA,2
ACGTATCAAACGCTTA,2
ACGTATCAAAGACGGA,2
ACGTATCAAAGGTACA,2
ACGTATCAACACAGAA,2
ACGTATCAACAGCAGA,2
ACGTATCAACCTCCAA,2
ACGTATCAACGCTCGA,2
ACGTATCAACGTATCA,2
ACGTATCAACTATGCA,2
ACGTATCAAGAGTCAA,4
ACGTATCAAGATCGCA,4
ACGTATCAAGCAGGAA,7
ACGTATCAAGTCACTA,7
ACGTATCAATCCTGTA,7
ACGTATCAATTGAGGA,7
ACGTATCACAACCACA,7
ACGTATCAGACTAGTA,7
ACGTATCACAATGGAA,7
ACGTATCACACTTCGA,7
ACGTATCACAGCGTTA,7
ACGTATCACATACCAA,7
ACGTATCACCAGTTCA,4
ACGTATCACCGAAGTA,4
ACGTATCACCGTGAGA,8
ACGTATCACCTCCTGA,8
ACGTATCACGAACTTA,3
ACGTATCACGACTGGA,3
ACGTATCACGCATACA,8
ACGTATCACTCAATGA,3
ACGTATCACTGAGCCA,3
ACGTATCACTGGCATA,3
ACGTATCAGAATCTGA,3
ACGTATCACAAGACTA,8
ACGTATCAGAGCTGAA,3
ACGTATCAGATAGACA,3
ACGTATCAGCCACATA,3
ACGTATCAGCGAGTAA,8
ACGTATCAGCTAACGA,3
ACGTATCAGCTCGGTA,8
ACGTATCAGGAGAACA,3
ACGTATCAGGTGCGAA,3
ACGTATCAGTACGCAA,3
ACGTATCAGTCGTAGA,8
ACGTATCAGTCTGTCA,3
ACGTATCAGTGTTCTA,3
ACGTATCAACATTGGC,9
ACGTATCATAGGATGA,3
ACGTATCATATCAGCA,3
ACGTATCATCCGTCTA,8
ACGTATCATCTTCACA,8
ACGTATCATGAAGAGA,1
ACGTATCATGGAACAA,8
ACGTATCATGGCTTCA,8
ACGTATCATGGTGGTA,8
ACGTATCATTCACGCA,8
ACGTATCAAACTCACC,8
ACGTATCACAGATCTG,9
ACGTATCAAAGAGATC,8
ACGTATCAAAGGACAC,8
ACGTATCAAATCCGTC,6
ACGTATCAAATGTTGC,6
ACGTATCAACACGACC,6
ACGTATCAACAGATTC,6
ACGTATCAAGATGTAC,6
ACGTATCAAGCACCTC,1
ACGTATCAAGCCATGC,1
ACGTATCAAGGCTAAC,1
ACGTATCACATCAAGT,9
ACGTATCAATAGCGAC,1
ACGTATCAATCATTCC,1
ACGTATCAATTGGCTC,1
ACGTATCACAAGGAGC,1
ACGTATCACACCTTAC,1
ACGTATCACCATCCTC,1
ACGTATCACCGACAAC,1
ACGTATCACCTAATCC,1
ACGTATCACCTCTATC,1
ACGTATCACGACACAC,1
ACGTATCACGCTGATC,9
ACGTATCACGGATTGC,1
ACGTATCACTAAGGTC,1
ACGTATCAGAACAGGC,1
ACGTATCAGACAGTGC,1
ACGTATCAGAGTTAGC,1
ACGTATCAGATGAATC,1
ACGTATCAGCCAAGAC,1
ACGTATCACGGAAGAA,1
ACGTATCAGTGACAAG,1
ACGTATCAGAACCAGA,1
GAGTTAGCTTGCTGGA,2
GAGTTAGCACGCTCGA,2
GAGTTAGCACGTATCA,2
GAGTTAGCACTATGCA,2
GAGTTAGCAGAGTCAA,2
GAGTTAGCAGATCGCA,2
GAGTTAGCAGCAGGAA,2
GAGTTAGCAGTCACTA,2
GAGTTAGCATCCTGTA,2
GAGTTAGCATTGAGGA,2
GAGTTAGCCAACCACA,2
GAGTTAGCGACTAGTA,2
GAGTTAGCCAATGGAA,2
GAGTTAGCCACTTCGA,2
GAGTTAGCCAGCGTTA,2
GAGTTAGCCATACCAA,2
GAGTTAGCCCAGTTCA,2
GAGTTAGCCCGAAGTA,2
GAGTTAGCCCGTGAGA,2
GAGTTAGCCCTCCTGA,2
GAGTTAGCCGAACTTA,2
GAGTTAGCCGACTGGA,4
GAGTTAGCCGCATACA,4
GAGTTAGCCTCAATGA,4
GAGTTAGCCTGAGCCA,2
GAGTTAGCCTGGCATA,2
GAGTTAGCGAATCTGA,2
GAGTTAGCCAAGACTA,2
GAGTTAGCGAGCTGAA,2
GAGTTAGCGATAGACA,2
GAGTTAGCGCCACATA,2
GAGTTAGCGCGAGTAA,4
GAGTTAGCGCTAACGA,4
GAGTTAGCGCTCGGTA,4
GAGTTAGCGGAGAACA,2
GAGTTAGCGGTGCGAA,2
GAGTTAGCGTACGCAA,4
GAGTTAGCGTCGTAGA,4
GAGTTAGCGTCTGTCA,4
GAGTTAGCGTGTTCTA,4
GAGTTAGCTAGGATGA,4
GAGTTAGCTATCAGCA,4
GAGTTAGCTCCGTCTA,4
GAGTTAGCTCTTCACA,4
GAGTTAGCTGAAGAGA,4
GAGTTAGCTGGAACAA,4
GAGTTAGCTGGCTTCA,4
GAGTTAGCTGGTGGTA,4
GAGTTAGCTTCACGCA,4
GAGTTAGCAACTCACC,4
GAGTTAGCAAGAGATC,4
GAGTTAGCAAGGACAC,4
GAGTTAGCAATCCGTC,4
GAGTTAGCAATGTTGC,4
GAGTTAGCACACGACC,4
GAGTTAGCACAGATTC,4
GAGTTAGCAGATGTAC,4
GAGTTAGCAGCACCTC,4
GAGTTAGCAGCCATGC,4
GAGTTAGCAGGCTAAC,4
GAGTTAGCATAGCGAC,4
GAGTTAGCATCATTCC,4
GAGTTAGCATTGGCTC,4
GAGTTAGCCAAGGAGC,4
GAGTTAGCCACCTTAC,4
GAGTTAGCCCATCCTC,2
GAGTTAGCCCGACAAC,4
GAGTTAGCCCTAATCC,2
GAGTTAGCCCTCTATC,2
GAGTTAGCCGACACAC,2
GAGTTAGCCGGATTGC,2
GAGTTAGCCTAAGGTC,2
GAGTTAGCGAACAGGC,2
GAGTTAGCGACAGTGC,2
GAGTTAGCGAGTTAGC,2
GAGTTAGCGATGAATC,2
GAGTTAGCGCCAAGAC,9
GAGTTAGCCGGAAGAA,9
GAGTTAGCGTGACAAG,9
GAGTTAGCGAACCAGA,9
ACGCTCGAACAAGCTA,9
ACGCTCGATTGCTGGA,1
ACGCTCGACTGTAGCC,2
ACGCTCGAAGTACAAG,2
ACGCTCGAAACAACCA,2
ACGCTCGAAACCGAGA,2
ACGCTCGAAACGCTTA,2
ACGCTCGAAAGACGGA,2
ACGCTCGAAAGGTACA,2
ACGCTCGAACACAGAA,2
ACGCTCGAACAGCAGA,2
ACGCTCGAACCTCCAA,2
ACGCTCGAACGCTCGA,2
ACGCTCGAACGTATCA,2
ACGCTCGAACTATGCA,4
ACGCTCGAAGAGTCAA,4
ACGCTCGAAGATCGCA,4
ACGCTCGAAGCAGGAA,7
ACGCTCGAAGTCACTA,7
ACGCTCGAATCCTGTA,7
ACGCTCGAATTGAGGA,7
ACGCTCGACAACCACA,7
ACGCTCGAGACTAGTA,7
ACGCTCGACAATGGAA,7
ACGCTCGACACTTCGA,7
ACGCTCGACAGCGTTA,4
ACGCTCGACATACCAA,4
ACGCTCGACCAGTTCA,4
ACGCTCGACCGAAGTA,4
ACGCTCGACCGTGAGA,8
ACGCTCGACCTCCTGA,3
ACGCTCGACGAACTTA,3
ACGCTCGACGACTGGA,3
ACGCTCGACGCATACA,3
ACGCTCGACTCAATGA,8
ACGCTCGACTGAGCCA,3
ACGCTCGACTGGCATA,3
ACGCTCGAGAATCTGA,3
ACGCTCGACAAGACTA,3
ACGCTCGAGAGCTGAA,3
ACGCTCGAGATAGACA,3
ACGCTCGAGCCACATA,3
ACGCTCGAGCGAGTAA,3
ACGCTCGAGCTAACGA,1
ACGCTCGAGCTCGGTA,3
ACGCTCGAGGAGAACA,3
ACGCTCGAGGTGCGAA,3
ACGCTCGAGTACGCAA,3
ACGCTCGAGTCGTAGA,8
ACGCTCGAGTCTGTCA,3
ACGCTCGAGTGTTCTA,3
ACGCTCGATAGGATGA,3
ACGCTCGATATCAGCA,3
ACGCTCGATCCGTCTA,8
ACGCTCGATCTTCACA,8
ACGCTCGATGAAGAGA,8
ACGCTCGATGGAACAA,8
ACGCTCGATGGCTTCA,8
ACGCTCGATGGTGGTA,8
ACGCTCGATTCACGCA,8
ACGCTCGAAACTCACC,8
ACGCTCGAAAGAGATC,8
ACGCTCGAAAGGACAC,6
ACGCTCGAAATCCGTC,6
ACGCTCGAAATGTTGC,6
ACGCTCGAACACGACC,6
ACGCTCGAACAGATTC,6
ACGCTCGAAGATGTAC,6
ACGCTCGAAGCACCTC,4
ACGCTCGAAGCCATGC,1
ACGCTCGAAGGCTAAC,1
ACGCTCGACATCAAGT,9
ACGCTCGAATAGCGAC,1
ACGCTCGAATCATTCC,1
ACGCTCGAATTGGCTC,1
ACGCTCGACAAGGAGC,1
ACGCTCGACACCTTAC,1
ACGCTCGACCATCCTC,1
ACGCTCGACCGACAAC,1
ACGCTCGACCTAATCC,1
ACGCTCGACCTCTATC,1
ACGCTCGACGACACAC,1
ACGCTCGACGCTGATC,9
ACGCTCGACGGATTGC,1
ACGCTCGACTAAGGTC,1
ACGCTCGAGAACAGGC,1
ACGCTCGAGACAGTGC,1
ACGCTCGAGAGTTAGC,1
ACGCTCGAGATGAATC,1
ACGCTCGAGCCAAGAC,1
ACGCTCGACGGAAGAA,1
ACGCTCGAGTGACAAG,1
ACGCTCGAGAACCAGA,1
ACCTCCAAACAAGCTA,9
ACCTCCAATTGCTGGA,1
ACCTCCAACTGTAGCC,9
ACCTCCAAAGTACAAG,2
ACCTCCAAAACAACCA,2
ACCTCCAAAACCGAGA,2
ACCTCCAAAACGCTTA,2
ACCTCCAAAAGACGGA,2
ACCTCCAAAAGGTACA,2
ACCTCCAAACACAGAA,2
ACCTCCAAACAGCAGA,2
ACCTCCAAACCTCCAA,2
ACCTCCAAACGCTCGA,2
ACCTCCAAACGTATCA,2
ACCTCCAAACTATGCA,4
ACCTCCAAAGAGTCAA,4
ACCTCCAAAGATCGCA,4
ACCTCCAAAGCAGGAA,7
ACCTCCAAAGTCACTA,7
ACCTCCAAATCCTGTA,7
ACCTCCAAATTGAGGA,7
ACCTCCAACAACCACA,7
ACCTCCAAGACTAGTA,7
ACCTCCAACAATGGAA,7
ACCTCCAACACTTCGA,7
ACCTCCAACAGCGTTA,4
ACCTCCAACATACCAA,4
ACCTCCAACCAGTTCA,4
ACCTCCAACCGAAGTA,4
ACCTCCAACCGTGAGA,4
ACCTCCAACCTCCTGA,8
ACCTCCAACGAACTTA,3
ACCTCCAACGACTGGA,3
ACCTCCAACGCATACA,3
ACCTCCAACTCAATGA,3
ACCTCCAACTGAGCCA,3
ACCTCCAACTGGCATA,3
ACCTCCAAGAATCTGA,3
ACCTCCAACAAGACTA,3
ACCTCCAAGAGCTGAA,1
ACCTCCAAGATAGACA,3
ACCTCCAAGCCACATA,3
ACCTCCAAGCGAGTAA,3
ACCTCCAAGCTAACGA,8
ACCTCCAAGCTCGGTA,8
ACCTCCAAGGAGAACA,3
ACCTCCAAGGTGCGAA,8
ACCTCCAAGTACGCAA,3
ACCTCCAAGTCGTAGA,3
ACCTCCAAGTCTGTCA,3
ACCTCCAAGTGTTCTA,3
ACCTCCAAACATTGGC,9
ACCTCCAATAGGATGA,3
ACCTCCAATATCAGCA,3
ACCTCCAATCCGTCTA,3
ACCTCCAATCTTCACA,8
ACCTCCAATGAAGAGA,8
ACCTCCAATGGAACAA,8
ACCTCCAATGGCTTCA,8
ACCTCCAATGGTGGTA,8
ACCTCCAATTCACGCA,8
ACCTCCAAAACTCACC,8
ACCTCCAACAGATCTG,9
ACCTCCAAAAGAGATC,8
ACCTCCAAAAGGACAC,6
ACCTCCAAAATCCGTC,6
ACCTCCAAAATGTTGC,6
ACCTCCAAACACGACC,6
ACCTCCAAACAGATTC,6
ACCTCCAAAGATGTAC,6
ACCTCCAAAGCACCTC,4
ACCTCCAAAGCCATGC,1
ACCTCCAAAGGCTAAC,1
ACCTCCAACATCAAGT,9
ACCTCCAAATAGCGAC,1
ACCTCCAAATCATTCC,1
ACCTCCAAATTGGCTC,1
ACCTCCAACAAGGAGC,1
ACCTCCAACACCTTAC,1
ACCTCCAACCATCCTC,1
ACCTCCAACCGACAAC,1
ACCTCCAACCTAATCC,1
ACCTCCAACCTCTATC,1
ACCTCCAACGACACAC,1
ACCTCCAACGCTGATC,9
ACCTCCAACGGATTGC,1
ACCTCCAACTAAGGTC,1
ACCTCCAAGAACAGGC,1
ACCTCCAAGACAGTGC,1
ACCTCCAAGAGTTAGC,1
ACCTCCAAGATGAATC,1
ACCTCCAAGCCAAGAC,1
ACCTCCAACGGAAGAA,1
ACCTCCAAGTGACAAG,1
ACCTCCAAGAACCAGA,1
ACAGCAGAACAAGCTA,9
ACAGCAGATTGCTGGA,1
ACAGCAGACTGTAGCC,9
ACAGCAGAAGTACAAG,9
ACAGCAGAAACAACCA,2
ACAGCAGAAACCGAGA,2
ACAGCAGAAACGCTTA,2
ACAGCAGAAAGACGGA,2
ACAGCAGAAAGGTACA,2
ACAGCAGAACACAGAA,2
ACAGCAGAACAGCAGA,2
ACAGCAGAACCTCCAA,2
ACAGCAGAACGCTCGA,2
ACAGCAGAACGTATCA,4
ACAGCAGAACTATGCA,4
ACAGCAGAAGAGTCAA,4
ACAGCAGAAGATCGCA,4
ACAGCAGAAGCAGGAA,4
ACAGCAGAAGTCACTA,7
ACAGCAGAATCCTGTA,7
ACAGCAGAATTGAGGA,7
ACAGCAGACAACCACA,7
ACAGCAGAGACTAGTA,7
ACAGCAGACAATGGAA,7
ACAGCAGACACTTCGA,7
ACAGCAGACAGCGTTA,4
ACAGCAGACATACCAA,4
ACAGCAGACCAGTTCA,4
ACAGCAGACCGAAGTA,4
ACAGCAGACCGTGAGA,4
ACAGCAGACCTCCTGA,3
ACAGCAGACGAACTTA,8
ACAGCAGACGACTGGA,3
ACAGCAGACGCATACA,3
ACAGCAGACTCAATGA,3
ACAGCAGACTGAGCCA,3
ACAGCAGACTGGCATA,3
ACAGCAGAGAATCTGA,3
ACAGCAGACAAGACTA,8
ACAGCAGAGAGCTGAA,3
ACAGCAGAGATAGACA,3
ACAGCAGAGCCACATA,3
ACAGCAGAGCGAGTAA,3
ACAGCAGAGCTAACGA,3
ACAGCAGAGCTCGGTA,8
ACAGCAGAGGAGAACA,8
ACAGCAGAGGTGCGAA,8
ACAGCAGAGTACGCAA,3
ACAGCAGAGTCGTAGA,3
ACAGCAGAGTCTGTCA,3
ACAGCAGAGTGTTCTA,3
ACAGCAGATAGGATGA,3
ACAGCAGATATCAGCA,3
ACAGCAGATCCGTCTA,3
ACAGCAGATCTTCACA,8
ACAGCAGATGAAGAGA,1
ACAGCAGATGGAACAA,8
ACAGCAGATGGCTTCA,8
ACAGCAGATGGTGGTA,8
ACAGCAGATTCACGCA,8
ACAGCAGAAACTCACC,8
ACAGCAGACAGATCTG,9
ACAGCAGAAAGAGATC,6
ACAGCAGAAAGGACAC,6
ACAGCAGAAATCCGTC,6
ACAGCAGAAATGTTGC,6
ACAGCAGAACACGACC,6
ACAGCAGAACAGATTC,6
ACAGCAGAAGATGTAC,6
ACAGCAGAAGCACCTC,8
ACAGCAGAAGCCATGC,1
ACAGCAGAAGGCTAAC,1
ACAGCAGACATCAAGT,2
ACAGCAGAATAGCGAC,1
ACAGCAGAATCATTCC,1
ACAGCAGAATTGGCTC,1
ACAGCAGACAAGGAGC,1
ACAGCAGACACCTTAC,1
ACAGCAGACCATCCTC,1
ACAGCAGACCGACAAC,1
ACAGCAGACCTAATCC,1
ACAGCAGACCTCTATC,1
ACAGCAGACGACACAC,1
ACAGCAGACGCTGATC,9
ACAGCAGACGGATTGC,1
ACAGCAGACTAAGGTC,1
ACAGCAGAGAACAGGC,1
ACAGCAGAGACAGTGC,1
ACAGCAGAGAGTTAGC,1
ACAGCAGAGATGAATC,1
ACAGCAGAGCCAAGAC,1
ACAGCAGACGGAAGAA,1
ACAGCAGAGTGACAAG,1
ACAGCAGAGAACCAGA,1
ACACAGAAACAAGCTA,9
ACACAGAATTGCTGGA,1
ACACAGAACTGTAGCC,9
ACACAGAAAGTACAAG,9
ACACAGAAAACAACCA,2
ACACAGAAAACCGAGA,2
ACACAGAAAACGCTTA,2
ACACAGAAAAGACGGA,2
ACACAGAAAAGGTACA,2
ACACAGAAACACAGAA,2
ACACAGAAACAGCAGA,2
ACACAGAAACCTCCAA,2
ACACAGAAACGCTCGA,2
ACACAGAAACGTATCA,4
ACACAGAAACTATGCA,4
ACACAGAAAGAGTCAA,4
ACACAGAAAGATCGCA,4
ACACAGAAAGCAGGAA,7
ACACAGAAAGTCACTA,7
ACACAGAAATCCTGTA,7
ACACAGAAATTGAGGA,7
ACACAGAACAACCACA,7
ACACAGAAGACTAGTA,7
ACACAGAACAATGGAA,7
ACACAGAACACTTCGA,7
ACACAGAACAGCGTTA,7
ACACAGAACATACCAA,4
ACACAGAACCAGTTCA,4
ACACAGAACCGAAGTA,4
ACACAGAACCGTGAGA,4
ACACAGAACCTCCTGA,8
ACACAGAACGAACTTA,8
ACACAGAACGACTGGA,3
ACACAGAACGCATACA,8
ACACAGAACTCAATGA,3
ACACAGAACTGAGCCA,3
ACACAGAACTGGCATA,3
ACACAGAAGAATCTGA,3
ACACAGAACAAGACTA,8
ACACAGAAGAGCTGAA,3
ACACAGAAGATAGACA,3
ACACAGAAGCCACATA,8
ACACAGAAGCGAGTAA,3
ACACAGAAGCTAACGA,3
ACACAGAAGCTCGGTA,3
ACACAGAAGGAGAACA,3
ACACAGAAGGTGCGAA,8
ACACAGAAGTACGCAA,3
ACACAGAAGTCGTAGA,3
ACACAGAAGTCTGTCA,3
ACACAGAAGTGTTCTA,3
ACACAGAATAGGATGA,8
ACACAGAATATCAGCA,8
ACACAGAATCCGTCTA,8
ACACAGAATCTTCACA,8
ACACAGAATGAAGAGA,8
ACACAGAATGGAACAA,8
ACACAGAATGGCTTCA,8
ACACAGAATGGTGGTA,8
ACACAGAATTCACGCA,8
ACACAGAAAACTCACC,8
ACACAGAACAGATCTG,2
ACACAGAAAAGAGATC,6
ACACAGAAAAGGACAC,6
ACACAGAAAATCCGTC,6
ACACAGAAAATGTTGC,6
ACACAGAAACACGACC,6
ACACAGAAACAGATTC,6
ACACAGAAAGATGTAC,8
ACACAGAAAGCACCTC,8
ACACAGAAAGCCATGC,1
ACACAGAAAGGCTAAC,1
ACACAGAACATCAAGT,9
ACACAGAAATAGCGAC,1
ACACAGAAATCATTCC,1
ACACAGAAATTGGCTC,1
ACACAGAACAAGGAGC,1
ACACAGAACACCTTAC,1
ACACAGAACCATCCTC,1
ACACAGAACCGACAAC,1
ACACAGAACCTAATCC,1
ACACAGAACCTCTATC,1
ACACAGAACGACACAC,1
ACACAGAACGCTGATC,9
ACACAGAACGGATTGC,1
ACACAGAACTAAGGTC,1
ACACAGAAGAACAGGC,1
ACACAGAAGACAGTGC,1
ACACAGAAGAGTTAGC,1
ACACAGAAGATGAATC,1
ACACAGAAGCCAAGAC,1
ACACAGAACGGAAGAA,1
ACACAGAAGTGACAAG,1
ACACAGAAGAACCAGA,1
AAGGTACAACAAGCTA,9
AAGGTACATTGCTGGA,1
AAGGTACACTGTAGCC,9
AAGGTACAAGTACAAG,9
AAGGTACAAACAACCA,2
AAGGTACAAACCGAGA,2
AAGGTACAAACGCTTA,2
AAGGTACAAAGACGGA,2
AAGGTACAAAGGTACA,2
AAGGTACAACACAGAA,2
AAGGTACAACAGCAGA,2
AAGGTACAACCTCCAA,2
AAGGTACAACGCTCGA,2
AAGGTACAACGTATCA,7
AAGGTACAACTATGCA,7
AAGGTACAAGAGTCAA,7
AAGGTACAAGATCGCA,7
AAGGTACAAGCAGGAA,7
AAGGTACAAGTCACTA,7
AAGGTACAATCCTGTA,7
AAGGTACAATTGAGGA,7
AAGGTACACAACCACA,7
AAGGTACAGACTAGTA,7
AAGGTACACAATGGAA,7
AAGGTACACACTTCGA,7
AAGGTACACAGCGTTA,7
AAGGTACACATACCAA,4
AAGGTACACCAGTTCA,4
AAGGTACACCGAAGTA,4
AAGGTACACCGTGAGA,4
AAGGTACACCTCCTGA,8
AAGGTACACGAACTTA,8
AAGGTACACGACTGGA,8
AAGGTACACGCATACA,3
AAGGTACACTCAATGA,3
AAGGTACACTGAGCCA,3
AAGGTACACTGGCATA,3
AAGGTACAGAATCTGA,3
AAGGTACACAAGACTA,3
AAGGTACAGAGCTGAA,6
AAGGTACAGATAGACA,3
AAGGTACAGCCACATA,8
AAGGTACAGCGAGTAA,3
AAGGTACAGCTAACGA,3
AAGGTACAGCTCGGTA,8
AAGGTACAGGAGAACA,8
AAGGTACAGGTGCGAA,3
AAGGTACAGTACGCAA,3
AAGGTACAGTCGTAGA,3
AAGGTACAGTCTGTCA,3
AAGGTACAGTGTTCTA,8
AAGGTACATAGGATGA,1
AAGGTACATATCAGCA,8
AAGGTACATCCGTCTA,8
AAGGTACATCTTCACA,8
AAGGTACATGAAGAGA,8
AAGGTACATGGAACAA,8
AAGGTACATGGCTTCA,8
AAGGTACATGGTGGTA,8
AAGGTACATTCACGCA,8
AAGGTACAAACTCACC,8
AAGGTACAAAGAGATC,8
AAGGTACAAAGGACAC,8
AAGGTACAAATCCGTC,8
AAGGTACAAATGTTGC,8
AAGGTACAACACGACC,8
AAGGTACAACAGATTC,8
AAGGTACAAGATGTAC,8
AAGGTACAAGCACCTC,8
AAGGTACAAGCCATGC,1
AAGGTACAAGGCTAAC,1
AAGGTACACATCAAGT,2
AAGGTACAATAGCGAC,1
AAGGTACAATCATTCC,1
AAGGTACAATTGGCTC,1
AAGGTACACAAGGAGC,1
AAGGTACACACCTTAC,1
AAGGTACACCATCCTC,1
AAGGTACACCGACAAC,1
AAGGTACACCTAATCC,1
AAGGTACACCTCTATC,1
AAGGTACACGACACAC,1
AAGGTACACGCTGATC,2
AAGGTACACGGATTGC,1
AAGGTACACTAAGGTC,1
AAGGTACAGAACAGGC,1
AAGGTACAGACAGTGC,1
AAGGTACAGAGTTAGC,1
AAGGTACAGATGAATC,1
AAGGTACAGCCAAGAC,1
AAGGTACACGGAAGAA,1
AAGGTACAGTGACAAG,1
AAGGTACAGAACCAGA,1
AAGACGGAACAAGCTA,9
AAGACGGATTGCTGGA,1
AAGACGGACTGTAGCC,9
AAGACGGAAGTACAAG,9
AAGACGGAAACAACCA,2
AAGACGGAAACCGAGA,9
AAGACGGAAACGCTTA,2
AAGACGGAAAGACGGA,2
AAGACGGAAAGGTACA,2
AAGACGGAACACAGAA,2
AAGACGGAACAGCAGA,2
AAGACGGAACCTCCAA,2
AAGACGGAACGCTCGA,2
AAGACGGAACGTATCA,2
AAGACGGAACTATGCA,2
AAGACGGAAGAGTCAA,2
AAGACGGAAGATCGCA,7
AAGACGGAAGCAGGAA,7
AAGACGGAAGTCACTA,7
AAGACGGAATCCTGTA,7
AAGACGGAATTGAGGA,7
AAGACGGACAACCACA,7
AAGACGGAGACTAGTA,7
AAGACGGACAATGGAA,7
AAGACGGACACTTCGA,7
AAGACGGACAGCGTTA,7
AAGACGGACATACCAA,4
AAGACGGACCAGTTCA,4
AAGACGGACCGAAGTA,4
AAGACGGACCGTGAGA,4
AAGACGGACCTCCTGA,4
AAGACGGACGAACTTA,8
AAGACGGACGACTGGA,8
AAGACGGACGCATACA,8
AAGACGGACTCAATGA,3
AAGACGGACTGAGCCA,8
AAGACGGACTGGCATA,3
AAGACGGAGAATCTGA,3
AAGACGGACAAGACTA,8
AAGACGGAGAGCTGAA,3
AAGACGGAGATAGACA,3
AAGACGGAGCCACATA,3
AAGACGGAGCGAGTAA,3
AAGACGGAGCTAACGA,3
AAGACGGAGCTCGGTA,8
AAGACGGAGGAGAACA,3
AAGACGGAGGTGCGAA,8
AAGACGGAGTACGCAA,3
AAGACGGAGTCGTAGA,3
AAGACGGAGTCTGTCA,3
AAGACGGAGTGTTCTA,8
AAGACGGATAGGATGA,8
AAGACGGATATCAGCA,8
AAGACGGATCCGTCTA,8
AAGACGGATCTTCACA,8
AAGACGGATGAAGAGA,8
AAGACGGATGGAACAA,8
AAGACGGATGGCTTCA,8
AAGACGGATGGTGGTA,8
AAGACGGATTCACGCA,8
AAGACGGAAACTCACC,8
AAGACGGAAAGAGATC,8
AAGACGGAAAGGACAC,8
AAGACGGAAATCCGTC,8
AAGACGGAAATGTTGC,8
AAGACGGAACACGACC,8
AAGACGGAACAGATTC,8
AAGACGGAAGATGTAC,8
AAGACGGAAGCACCTC,1
AAGACGGAAGCCATGC,1
AAGACGGAAGGCTAAC,1
AAGACGGACATCAAGT,2
AAGACGGAATAGCGAC,1
AAGACGGAATCATTCC,1
AAGACGGAATTGGCTC,1
AAGACGGACAAGGAGC,1
AAGACGGACACCTTAC,1
AAGACGGACCATCCTC,1
AAGACGGACCGACAAC,1
AAGACGGACCTAATCC,1
AAGACGGACCTCTATC,1
AAGACGGACGACACAC,1
AAGACGGACGCTGATC,2
AAGACGGACGGATTGC,1
AAGACGGACTAAGGTC,1
AAGACGGAGAACAGGC,1
AAGACGGAGACAGTGC,1
AAGACGGAGAGTTAGC,1
AAGACGGAGATGAATC,1
AAGACGGAGCCAAGAC,1
AAGACGGACGGAAGAA,1
AAGACGGAGTGACAAG,1
AAGACGGAGAACCAGA,1
AACGCTTAACAAGCTA,2
AACGCTTATTGCTGGA,1
AACGCTTACTGTAGCC,9
AACGCTTAAGTACAAG,9
AACGCTTAAACAACCA,2
AACGCTTAAACCGAGA,2
AACGCTTAAACGCTTA,2
AACGCTTAAAGACGGA,2
AACGCTTAAAGGTACA,2
AACGCTTAACACAGAA,2
AACGCTTAACAGCAGA,2
AACGCTTAACCTCCAA,2
AACGCTTAACGCTCGA,2
AACGCTTAACGTATCA,2
AACGCTTAACTATGCA,2
AACGCTTAAGAGTCAA,2
AACGCTTAAGATCGCA,2
AACGCTTAAGCAGGAA,7
AACGCTTAAGTCACTA,7
AACGCTTAATCCTGTA,7
AACGCTTAATTGAGGA,7
AACGCTTACAACCACA,7
AACGCTTAGACTAGTA,7
AACGCTTACAATGGAA,7
AACGCTTACACTTCGA,7
AACGCTTACAGCGTTA,7
AACGCTTACATACCAA,4
AACGCTTACCAGTTCA,4
AACGCTTACCGAAGTA,2
AACGCTTACCGTGAGA,4
AACGCTTACCTCCTGA,4
AACGCTTACGAACTTA,4
AACGCTTACGACTGGA,8
AACGCTTACGCATACA,8
AACGCTTACTCAATGA,8
AACGCTTACTGAGCCA,8
AACGCTTACTGGCATA,3
AACGCTTAGAATCTGA,3
AACGCTTACAAGACTA,3
AACGCTTAGAGCTGAA,3
AACGCTTAGATAGACA,8
AACGCTTAGCCACATA,3
AACGCTTAGCGAGTAA,8
AACGCTTAGCTAACGA,3
AACGCTTAGCTCGGTA,8
AACGCTTAGGAGAACA,3
AACGCTTAGGTGCGAA,3
AACGCTTAGTACGCAA,3
AACGCTTAGTCGTAGA,3
AACGCTTAGTCTGTCA,8
AACGCTTAGTGTTCTA,8
AACGCTTATAGGATGA,8
AACGCTTATATCAGCA,8
AACGCTTATCCGTCTA,8
AACGCTTATCTTCACA,8
AACGCTTATGAAGAGA,8
AACGCTTATGGAACAA,8
AACGCTTATGGCTTCA,8
AACGCTTATGGTGGTA,8
AACGCTTATTCACGCA,8
AACGCTTAAACTCACC,8
AACGCTTAAAGAGATC,8
AACGCTTAAAGGACAC,8
AACGCTTAAATCCGTC,8
AACGCTTAAATGTTGC,8
AACGCTTAACACGACC,8
AACGCTTAACAGATTC,1
AACGCTTAAGATGTAC,1
AACGCTTAAGCACCTC,1
AACGCTTAAGCCATGC,1
AACGCTTAAGGCTAAC,1
AACGCTTAATAGCGAC,1
AACGCTTAATCATTCC,1
AACGCTTAATTGGCTC,1
AACGCTTACAAGGAGC,1
AACGCTTACACCTTAC,1
AACGCTTACCATCCTC,1
AACGCTTACCGACAAC,1
AACGCTTACCTAATCC,1
AACGCTTACCTCTATC,1
AACGCTTACGACACAC,1
AACGCTTACGCTGATC,2
AACGCTTACGGATTGC,1
AACGCTTACTAAGGTC,1
AACGCTTAGAACAGGC,1
AACGCTTAGACAGTGC,1
AACGCTTAGAGTTAGC,1
AACGCTTAGATGAATC,1
AACGCTTAGCCAAGAC,1
AACGCTTACGGAAGAA,1
AACGCTTAGTGACAAG,1
AACGCTTAGAACCAGA,1
AACCGAGAACAAGCTA,2
AACCGAGATTGCTGGA,4
AACCGAGACTGTAGCC,9
AACCGAGAAGTACAAG,9
AACCGAGAAACAACCA,9
AACCGAGAAACCGAGA,2
AACCGAGAAACGCTTA,2
AACCGAGAAAGACGGA,2
AACCGAGAAAGGTACA,2
AACCGAGAACACAGAA,2
AACCGAGAACAGCAGA,2
AACCGAGAACCTCCAA,2
AACCGAGAACGCTCGA,2
AACCGAGAACGTATCA,2
AACCGAGAACTATGCA,2
AACCGAGAAGAGTCAA,2
AACCGAGAAGATCGCA,2
AACCGAGAAGCAGGAA,7
AACCGAGAAGTCACTA,7
AACCGAGAATCCTGTA,7
AACCGAGAATTGAGGA,7
AACCGAGACAACCACA,7
AACCGAGAGACTAGTA,7
AACCGAGACAATGGAA,7
AACCGAGACACTTCGA,7
AACCGAGACAGCGTTA,7
AACCGAGACATACCAA,4
AACCGAGACCAGTTCA,4
AACCGAGACCGAAGTA,2
AACCGAGACCGTGAGA,4
AACCGAGACCTCCTGA,4
AACCGAGACGAACTTA,4
AACCGAGACGACTGGA,4
AACCGAGACGCATACA,8
AACCGAGACTCAATGA,8
AACCGAGACTGAGCCA,3
AACCGAGACTGGCATA,3
AACCGAGAGAATCTGA,8
AACCGAGACAAGACTA,3
AACCGAGAGAGCTGAA,8
AACCGAGAGATAGACA,3
AACCGAGAGCCACATA,3
AACCGAGAGCGAGTAA,3
AACCGAGAGCTAACGA,8
AACCGAGAGCTCGGTA,3
AACCGAGAGGAGAACA,3
AACCGAGAGGTGCGAA,3
AACCGAGAGTACGCAA,3
AACCGAGAGTCGTAGA,3
AACCGAGAGTCTGTCA,3
AACCGAGAGTGTTCTA,8
AACCGAGATAGGATGA,8
AACCGAGATATCAGCA,8
AACCGAGATCCGTCTA,8
AACCGAGATCTTCACA,8
AACCGAGATGAAGAGA,8
AACCGAGATGGAACAA,8
AACCGAGATGGCTTCA,8
AACCGAGATGGTGGTA,8
AACCGAGATTCACGCA,8
AACCGAGAAACTCACC,8
AACCGAGAAAGAGATC,8
AACCGAGAAAGGACAC,8
AACCGAGAAATCCGTC,8
AACCGAGAAATGTTGC,8
AACCGAGAACACGACC,1
AACCGAGAACAGATTC,1
AACCGAGAAGATGTAC,1
AACCGAGAAGCACCTC,1
AACCGAGAAGCCATGC,1
AACCGAGAAGGCTAAC,1
AACCGAGAATAGCGAC,1
AACCGAGAATCATTCC,1
AACCGAGAATTGGCTC,1
AACCGAGACAAGGAGC,1
AACCGAGACACCTTAC,1
AACCGAGACCATCCTC,1
AACCGAGACCGACAAC,1
AACCGAGACCTAATCC,1
AACCGAGACCTCTATC,1
AACCGAGACGACACAC,1
AACCGAGACGCTGATC,2
AACCGAGACGGATTGC,1
AACCGAGACTAAGGTC,1
AACCGAGAGAACAGGC,1
AACCGAGAGACAGTGC,1
AACCGAGAGAGTTAGC,1
AACCGAGAGATGAATC,1
AACCGAGAGCCAAGAC,1
AACCGAGACGGAAGAA,1
AACCGAGAGTGACAAG,1
AACCGAGAGAACCAGA,1
AACAACCAACAAGCTA,9
AACAACCATTGCTGGA,1
AACAACCACTGTAGCC,9
AACAACCAAGTACAAG,9
AACAACCAAACAACCA,9
AACAACCAAACCGAGA,9
AACAACCAAACGCTTA,2
AACAACCAAAGACGGA,2
AACAACCAAAGGTACA,2
AACAACCAACACAGAA,2
AACAACCAACAGCAGA,2
AACAACCAACCTCCAA,2
AACAACCAACGCTCGA,2
AACAACCAACGTATCA,2
AACAACCAACTATGCA,2
AACAACCAAGAGTCAA,2
AACAACCAAGATCGCA,2
AACAACCAAGCAGGAA,7
AACAACCAAGTCACTA,7
AACAACCAATCCTGTA,7
AACAACCAATTGAGGA,7
AACAACCACAACCACA,7
AACAACCAGACTAGTA,7
AACAACCACAATGGAA,7
AACAACCACACTTCGA,7
AACAACCACAGCGTTA,7
AACAACCACATACCAA,7
AACAACCACCAGTTCA,7
AACAACCACCGAAGTA,4
AACAACCACCGTGAGA,4
AACAACCACCTCCTGA,4
AACAACCACGAACTTA,4
AACAACCACGACTGGA,4
AACAACCACGCATACA,8
AACAACCACTCAATGA,8
AACAACCACTGAGCCA,8
AACAACCACTGGCATA,8
AACAACCAGAATCTGA,8
AACAACCACAAGACTA,3
AACAACCAGAGCTGAA,8
AACAACCAGATAGACA,8
AACAACCAGCCACATA,8
AACAACCAGCGAGTAA,8
AACAACCAGCTAACGA,3
AACAACCAGCTCGGTA,3
AACAACCAGGAGAACA,3
AACAACCAGGTGCGAA,3
AACAACCAGTACGCAA,3
AACAACCAGTCGTAGA,3
AACAACCAGTCTGTCA,3
AACAACCAGTGTTCTA,3
AACAACCATAGGATGA,8
AACAACCATATCAGCA,8
AACAACCATCCGTCTA,8
AACAACCATCTTCACA,8
AACAACCATGAAGAGA,8
AACAACCATGGAACAA,8
AACAACCATGGCTTCA,8
AACAACCATGGTGGTA,8
AACAACCATTCACGCA,8
AACAACCAAACTCACC,8
AACAACCAAAGAGATC,8
AACAACCAAAGGACAC,1
AACAACCAAATCCGTC,8
AACAACCAAATGTTGC,1
AACAACCAACACGACC,1
AACAACCAACAGATTC,1
AACAACCAAGATGTAC,1
AACAACCAAGCACCTC,1
AACAACCAAGCCATGC,1
AACAACCAAGGCTAAC,1
AACAACCAATAGCGAC,1
AACAACCAATCATTCC,1
AACAACCAATTGGCTC,1
AACAACCACAAGGAGC,1
AACAACCACACCTTAC,1
AACAACCACCATCCTC,1
AACAACCACCGACAAC,1
AACAACCACCTAATCC,1
AACAACCACCTCTATC,1
AACAACCACGACACAC,1
AACAACCACGGATTGC,1
AACAACCACTAAGGTC,1
AACAACCAGAACAGGC,1
AACAACCAGACAGTGC,1
AACAACCAGAGTTAGC,1
AACAACCAGATGAATC,1
AACAACCAGCCAAGAC,1
AACAACCACGGAAGAA,1
AACAACCAGTGACAAG,1
AACAACCAGAACCAGA,1
AGTACAAGTTGCTGGA,1
AGTACAAGCTGTAGCC,9
AGTACAAGAGTACAAG,9
AGTACAAGAACAACCA,9
AGTACAAGAACCGAGA,9
AGTACAAGAACGCTTA,2
AGTACAAGAAGACGGA,2
AGTACAAGAAGGTACA,2
AGTACAAGACACAGAA,2
AGTACAAGACAGCAGA,2
AGTACAAGACCTCCAA,2
AGTACAAGACGCTCGA,2
AGTACAAGACGTATCA,2
AGTACAAGACTATGCA,2
AGTACAAGAGAGTCAA,2
AGTACAAGAGATCGCA,2
AGTACAAGAGCAGGAA,7
AGTACAAGAGTCACTA,7
AGTACAAGATCCTGTA,7
AGTACAAGATTGAGGA,7
AGTACAAGCAACCACA,7
AGTACAAGGACTAGTA,7
AGTACAAGCAATGGAA,7
AGTACAAGCACTTCGA,7
AGTACAAGCAGCGTTA,2
AGTACAAGCATACCAA,7
AGTACAAGCCAGTTCA,7
AGTACAAGCCGAAGTA,7
AGTACAAGCCGTGAGA,4
AGTACAAGCCTCCTGA,4
AGTACAAGCGAACTTA,4
AGTACAAGCGACTGGA,4
AGTACAAGCGCATACA,2
AGTACAAGCTCAATGA,2
AGTACAAGCTGAGCCA,8
AGTACAAGCTGGCATA,8
AGTACAAGGAATCTGA,8
AGTACAAGCAAGACTA,8
AGTACAAGGAGCTGAA,8
AGTACAAGGATAGACA,8
AGTACAAGGCCACATA,8
AGTACAAGGCGAGTAA,8
AGTACAAGGCTAACGA,3
AGTACAAGGCTCGGTA,8
AGTACAAGGGAGAACA,8
AGTACAAGGGTGCGAA,3
AGTACAAGGTACGCAA,8
AGTACAAGGTCGTAGA,8
AGTACAAGGTCTGTCA,3
AGTACAAGGTGTTCTA,8
AGTACAAGTAGGATGA,8
AGTACAAGTATCAGCA,8
AGTACAAGTCCGTCTA,8
AGTACAAGTCTTCACA,8
AGTACAAGTGAAGAGA,8
AGTACAAGTGGAACAA,8
AGTACAAGTGGCTTCA,8
AGTACAAGTGGTGGTA,8
AGTACAAGTTCACGCA,8
AGTACAAGAACTCACC,8
AGTACAAGAAGAGATC,8
AGTACAAGAAGGACAC,8
AGTACAAGAATCCGTC,1
AGTACAAGAATGTTGC,1
AGTACAAGACACGACC,1
AGTACAAGACAGATTC,1
AGTACAAGAGATGTAC,1
AGTACAAGAGCACCTC,1
AGTACAAGAGCCATGC,1
AGTACAAGAGGCTAAC,1
AGTACAAGATAGCGAC,1
AGTACAAGATCATTCC,1
AGTACAAGATTGGCTC,1
AGTACAAGCAAGGAGC,1
AGTACAAGCACCTTAC,1
AGTACAAGCCATCCTC,1
AGTACAAGCCGACAAC,1
AGTACAAGCCTAATCC,1
AGTACAAGCCTCTATC,1
AGTACAAGCGACACAC,1
AGTACAAGCGGATTGC,1
AGTACAAGCTAAGGTC,1
AGTACAAGGAACAGGC,1
AGTACAAGGACAGTGC,1
AGTACAAGGAGTTAGC,1
AGTACAAGGATGAATC,1
AGTACAAGGCCAAGAC,1
AGTACAAGCGGAAGAA,1
AGTACAAGGTGACAAG,1
AGTACAAGGAACCAGA,1
GACAGTGCTTGCTGGA,2
GACAGTGCACGCTCGA,2
GACAGTGCACGTATCA,2
GACAGTGCACTATGCA,2
GACAGTGCAGAGTCAA,2
GACAGTGCAGATCGCA,2
GACAGTGCAGCAGGAA,2
GACAGTGCAGTCACTA,2
GACAGTGCATCCTGTA,2
GACAGTGCATTGAGGA,2
GACAGTGCCAACCACA,2
GACAGTGCGACTAGTA,2
GACAGTGCCAATGGAA,2
GACAGTGCCACTTCGA,2
GACAGTGCCAGCGTTA,2
GACAGTGCCATACCAA,2
GACAGTGCCCAGTTCA,2
GACAGTGCCCGAAGTA,2
GACAGTGCCCGTGAGA,2
GACAGTGCCCTCCTGA,2
GACAGTGCCGAACTTA,2
GACAGTGCCGACTGGA,2
GACAGTGCCGCATACA,2
GACAGTGCCTCAATGA,4
GACAGTGCCTGAGCCA,4
GACAGTGCCTGGCATA,2
GACAGTGCGAATCTGA,2
GACAGTGCCAAGACTA,2
GACAGTGCGAGCTGAA,2
GACAGTGCGATAGACA,2
GACAGTGCGCCACATA,4
GACAGTGCGCGAGTAA,4
GACAGTGCGCTAACGA,4
GACAGTGCGCTCGGTA,4
GACAGTGCGGAGAACA,2
GACAGTGCGGTGCGAA,2
GACAGTGCGTACGCAA,4
GACAGTGCGTCGTAGA,4
GACAGTGCGTCTGTCA,4
GACAGTGCGTGTTCTA,4
GACAGTGCTAGGATGA,4
GACAGTGCTATCAGCA,4
GACAGTGCTCCGTCTA,4
GACAGTGCTCTTCACA,4
GACAGTGCTGAAGAGA,4
GACAGTGCTGGAACAA,4
GACAGTGCTGGCTTCA,4
GACAGTGCTGGTGGTA,4
GACAGTGCTTCACGCA,4
GACAGTGCAACTCACC,4
GACAGTGCAAGAGATC,4
GACAGTGCAAGGACAC,4
GACAGTGCAATCCGTC,4
GACAGTGCAATGTTGC,4
GACAGTGCACACGACC,4
GACAGTGCACAGATTC,4
GACAGTGCAGATGTAC,4
GACAGTGCAGCACCTC,4
GACAGTGCAGCCATGC,4
GACAGTGCAGGCTAAC,2
GACAGTGCATAGCGAC,2
GACAGTGCATCATTCC,4
GACAGTGCATTGGCTC,4
GACAGTGCCAAGGAGC,4
GACAGTGCCACCTTAC,4
GACAGTGCCCATCCTC,4
GACAGTGCCCGACAAC,9
GACAGTGCCCTAATCC,4
GACAGTGCCCTCTATC,2
GACAGTGCCGACACAC,2
GACAGTGCCGGATTGC,2
GACAGTGCCTAAGGTC,2
GACAGTGCGAACAGGC,2
GACAGTGCGACAGTGC,2
GACAGTGCGAGTTAGC,2
GACAGTGCGATGAATC,2
GACAGTGCGCCAAGAC,9
GACAGTGCCGGAAGAA,9
GACAGTGCGTGACAAG,9
GACAGTGCGAACCAGA,9
CTGTAGCCTTGCTGGA,1
CTGTAGCCAGTACAAG,9
CTGTAGCCAACAACCA,9
CTGTAGCCAACCGAGA,9
CTGTAGCCAACGCTTA,2
CTGTAGCCAAGACGGA,2
CTGTAGCCAAGGTACA,2
CTGTAGCCACACAGAA,2
CTGTAGCCACAGCAGA,2
CTGTAGCCACCTCCAA,2
CTGTAGCCACGCTCGA,2
CTGTAGCCACGTATCA,2
CTGTAGCCACTATGCA,2
CTGTAGCCAGAGTCAA,2
CTGTAGCCAGATCGCA,2
CTGTAGCCAGCAGGAA,2
CTGTAGCCAGTCACTA,7
CTGTAGCCATCCTGTA,7
CTGTAGCCATTGAGGA,7
CTGTAGCCCAACCACA,7
CTGTAGCCGACTAGTA,7
CTGTAGCCCAATGGAA,7
CTGTAGCCCACTTCGA,7
CTGTAGCCCAGCGTTA,7
CTGTAGCCCATACCAA,7
CTGTAGCCCCAGTTCA,7
CTGTAGCCCCGAAGTA,2
CTGTAGCCCCGTGAGA,2
CTGTAGCCCCTCCTGA,4
CTGTAGCCCGAACTTA,4
CTGTAGCCCGACTGGA,7
CTGTAGCCCGCATACA,4
CTGTAGCCCTCAATGA,2
CTGTAGCCCTGAGCCA,4
CTGTAGCCCTGGCATA,8
CTGTAGCCGAATCTGA,8
CTGTAGCCCAAGACTA,8
CTGTAGCCGAGCTGAA,8
CTGTAGCCGATAGACA,8
CTGTAGCCGCCACATA,8
CTGTAGCCGCGAGTAA,8
CTGTAGCCGCTAACGA,8
CTGTAGCCGCTCGGTA,8
CTGTAGCCGGAGAACA,3
CTGTAGCCGGTGCGAA,3
CTGTAGCCGTACGCAA,3
CTGTAGCCGTCGTAGA,3
CTGTAGCCGTCTGTCA,8
CTGTAGCCGTGTTCTA,8
CTGTAGCCTAGGATGA,8
CTGTAGCCTATCAGCA,8
CTGTAGCCTCCGTCTA,8
CTGTAGCCTCTTCACA,8
CTGTAGCCTGAAGAGA,8
CTGTAGCCTGGAACAA,8
CTGTAGCCTGGCTTCA,8
CTGTAGCCTGGTGGTA,8
CTGTAGCCTTCACGCA,8
CTGTAGCCAACTCACC,1
CTGTAGCCAAGAGATC,1
CTGTAGCCAAGGACAC,1
CTGTAGCCAATCCGTC,1
CTGTAGCCAATGTTGC,1
CTGTAGCCACACGACC,1
CTGTAGCCACAGATTC,1
CTGTAGCCAGATGTAC,1
CTGTAGCCAGCACCTC,1
CTGTAGCCAGCCATGC,1
CTGTAGCCAGGCTAAC,1
CTGTAGCCATAGCGAC,1
CTGTAGCCATCATTCC,1
CTGTAGCCATTGGCTC,1
CTGTAGCCCAAGGAGC,1
CTGTAGCCCACCTTAC,1
CTGTAGCCCCATCCTC,1
CTGTAGCCCCGACAAC,1
CTGTAGCCCCTAATCC,1
CTGTAGCCCCTCTATC,1
CTGTAGCCCGACACAC,1
CTGTAGCCCGGATTGC,1
CTGTAGCCCTAAGGTC,1
CTGTAGCCGAACAGGC,1
CTGTAGCCGACAGTGC,1
CTGTAGCCGAGTTAGC,1
CTGTAGCCGATGAATC,1
CTGTAGCCGCCAAGAC,1
CTGTAGCCCGGAAGAA,1
CTGTAGCCGTGACAAG,1
CTGTAGCCGAACCAGA,1
ACAAGCTATTGCTGGA,1
ACAAGCTAAGTACAAG,9
ACAAGCTAAACAACCA,9
ACAAGCTAAACCGAGA,9
ACAAGCTAAACGCTTA,9
ACAAGCTAAAGACGGA,2
ACAAGCTAAAGGTACA,2
ACAAGCTAACACAGAA,2
ACAAGCTAACAGCAGA,2
ACAAGCTAACCTCCAA,2
ACAAGCTAACGCTCGA,2
ACAAGCTAACGTATCA,2
ACAAGCTAACTATGCA,2
ACAAGCTAAGAGTCAA,2
ACAAGCTAAGATCGCA,2
ACAAGCTAAGCAGGAA,2
ACAAGCTAAGTCACTA,7
ACAAGCTAATCCTGTA,7
ACAAGCTAATTGAGGA,7
ACAAGCTACAACCACA,7
ACAAGCTAGACTAGTA,7
ACAAGCTACAATGGAA,7
ACAAGCTACACTTCGA,7
ACAAGCTACAGCGTTA,7
ACAAGCTACATACCAA,7
ACAAGCTACCAGTTCA,7
ACAAGCTACCGAAGTA,2
ACAAGCTACCGTGAGA,4
ACAAGCTACCTCCTGA,4
ACAAGCTACGAACTTA,4
ACAAGCTACGACTGGA,7
ACAAGCTACGCATACA,7
ACAAGCTACTCAATGA,4
ACAAGCTACTGAGCCA,4
ACAAGCTACTGGCATA,4
ACAAGCTAGAATCTGA,8
ACAAGCTACAAGACTA,8
ACAAGCTAGAGCTGAA,8
ACAAGCTAGATAGACA,8
ACAAGCTAGCCACATA,8
ACAAGCTAGCGAGTAA,8
ACAAGCTAGCTAACGA,8
ACAAGCTAGCTCGGTA,8
ACAAGCTAGGAGAACA,3
ACAAGCTAGGTGCGAA,3
ACAAGCTAGTACGCAA,3
ACAAGCTAGTCGTAGA,3
ACAAGCTAGTCTGTCA,8
ACAAGCTAGTGTTCTA,3
ACAAGCTATAGGATGA,8
ACAAGCTATATCAGCA,8
ACAAGCTATCCGTCTA,8
ACAAGCTATCTTCACA,8
ACAAGCTATGAAGAGA,8
ACAAGCTATGGAACAA,8
ACAAGCTATGGCTTCA,8
ACAAGCTATGGTGGTA,1
ACAAGCTATTCACGCA,1
ACAAGCTAAACTCACC,1
ACAAGCTAAAGAGATC,1
ACAAGCTAAAGGACAC,1
ACAAGCTAAATCCGTC,1
ACAAGCTAAATGTTGC,1
ACAAGCTAACACGACC,1
ACAAGCTAACAGATTC,1
ACAAGCTAAGATGTAC,1
ACAAGCTAAGCACCTC,1
ACAAGCTAAGCCATGC,1
ACAAGCTAAGGCTAAC,1
ACAAGCTAATAGCGAC,1
ACAAGCTAATCATTCC,1
ACAAGCTAATTGGCTC,1
ACAAGCTACAAGGAGC,1
ACAAGCTACACCTTAC,1
ACAAGCTACCATCCTC,1
ACAAGCTACCGACAAC,1
ACAAGCTACCTAATCC,1
ACAAGCTACCTCTATC,1
ACAAGCTACGACACAC,1
ACAAGCTACGGATTGC,1
ACAAGCTACTAAGGTC,1
ACAAGCTAGAACAGGC,1
ACAAGCTAGACAGTGC,1
ACAAGCTAGAGTTAGC,1
ACAAGCTAGATGAATC,1
ACAAGCTAGCCAAGAC,1
ACAAGCTACGGAAGAA,1
ACAAGCTAGTGACAAG,1
ACAAGCTAGAACCAGA,1
CGCTGATCTTGCTGGA,1
CGCTGATCAGTACAAG,9
CGCTGATCAACAACCA,9
CGCTGATCAACCGAGA,9
CGCTGATCAACGCTTA,9
CGCTGATCAAGACGGA,2
CGCTGATCAAGGTACA,2
CGCTGATCACACAGAA,2
CGCTGATCACAGCAGA,2
CGCTGATCACCTCCAA,2
CGCTGATCACGCTCGA,2
CGCTGATCACGTATCA,2
CGCTGATCACTATGCA,2
CGCTGATCAGAGTCAA,2
CGCTGATCAGATCGCA,2
CGCTGATCAGCAGGAA,2
CGCTGATCAGTCACTA,2
CGCTGATCATCCTGTA,2
CGCTGATCATTGAGGA,7
CGCTGATCCAACCACA,7
CGCTGATCGACTAGTA,7
CGCTGATCCAATGGAA,7
CGCTGATCCACTTCGA,7
CGCTGATCCAGCGTTA,7
CGCTGATCCATACCAA,7
CGCTGATCCCAGTTCA,2
CGCTGATCCCGAAGTA,2
CGCTGATCCCGTGAGA,2
CGCTGATCCCTCCTGA,4
CGCTGATCCGAACTTA,4
CGCTGATCCGACTGGA,4
CGCTGATCCGCATACA,4
CGCTGATCCTCAATGA,4
CGCTGATCCTGAGCCA,4
CGCTGATCCTGGCATA,4
CGCTGATCGAATCTGA,4
CGCTGATCCAAGACTA,8
CGCTGATCGAGCTGAA,8
CGCTGATCGATAGACA,8
CGCTGATCGCCACATA,8
CGCTGATCGCGAGTAA,8
CGCTGATCGCTAACGA,3
CGCTGATCGCTCGGTA,8
CGCTGATCGGAGAACA,3
CGCTGATCGGTGCGAA,3
CGCTGATCGTACGCAA,3
CGCTGATCGTCGTAGA,8
CGCTGATCGTCTGTCA,8
CGCTGATCGTGTTCTA,8
CGCTGATCTAGGATGA,8
CGCTGATCTATCAGCA,8
CGCTGATCTCCGTCTA,8
CGCTGATCTCTTCACA,8
CGCTGATCTGAAGAGA,8
CGCTGATCTGGAACAA,8
CGCTGATCTGGCTTCA,8
CGCTGATCTGGTGGTA,1
CGCTGATCTTCACGCA,1
CGCTGATCAACTCACC,1
CGCTGATCAAGAGATC,1
CGCTGATCAAGGACAC,1
CGCTGATCAATCCGTC,1
CGCTGATCAATGTTGC,1
CGCTGATCACACGACC,1
CGCTGATCACAGATTC,1
CGCTGATCAGATGTAC,1
CGCTGATCAGCACCTC,1
CGCTGATCAGCCATGC,1
CGCTGATCAGGCTAAC,1
CGCTGATCATAGCGAC,1
CGCTGATCATCATTCC,1
CGCTGATCATTGGCTC,1
CGCTGATCCAAGGAGC,1
CGCTGATCCACCTTAC,1
CGCTGATCCCATCCTC,1
CGCTGATCCCGACAAC,1
CGCTGATCCCTAATCC,1
CGCTGATCCCTCTATC,1
CGCTGATCCGACACAC,1
CGCTGATCCGGATTGC,1
CGCTGATCCTAAGGTC,1
CGCTGATCGAACAGGC,1
CGCTGATCGACAGTGC,1
CGCTGATCGAGTTAGC,1
CGCTGATCGATGAATC,1
CGCTGATCGCCAAGAC,1
CGCTGATCCGGAAGAA,1
CGCTGATCGTGACAAG,1
CGCTGATCGAACCAGA,1
CATCAAGTTTGCTGGA,1
CATCAAGTAACAACCA,9
CATCAAGTAACCGAGA,9
CATCAAGTAACGCTTA,9
CATCAAGTAAGACGGA,2
CATCAAGTAAGGTACA,2
CATCAAGTACACAGAA,2
CATCAAGTACAGCAGA,2
CATCAAGTACCTCCAA,2
CATCAAGTACGCTCGA,2
CATCAAGTACGTATCA,2
CATCAAGTACTATGCA,2
CATCAAGTAGAGTCAA,2
CATCAAGTAGATCGCA,2
CATCAAGTAGCAGGAA,2
CATCAAGTAGTCACTA,2
CATCAAGTATCCTGTA,2
CATCAAGTATTGAGGA,2
CATCAAGTCAACCACA,2
CATCAAGTGACTAGTA,7
CATCAAGTCAATGGAA,7
CATCAAGTCACTTCGA,7
CATCAAGTCAGCGTTA,7
CATCAAGTCATACCAA,7
CATCAAGTCCAGTTCA,2
CATCAAGTCCGAAGTA,2
CATCAAGTCCGTGAGA,2
CATCAAGTCCTCCTGA,2
CATCAAGTCGAACTTA,4
CATCAAGTCGACTGGA,4
CATCAAGTCGCATACA,4
CATCAAGTCTCAATGA,4
CATCAAGTCTGAGCCA,4
CATCAAGTCTGGCATA,4
CATCAAGTGAATCTGA,4
CATCAAGTCAAGACTA,4
CATCAAGTGAGCTGAA,4
CATCAAGTGATAGACA,8
CATCAAGTGCCACATA,8
CATCAAGTGCGAGTAA,8
CATCAAGTGCTAACGA,3
CATCAAGTGCTCGGTA,3
CATCAAGTGGAGAACA,3
CATCAAGTGGTGCGAA,3
CATCAAGTGTACGCAA,3
CATCAAGTGTCGTAGA,8
CATCAAGTGTCTGTCA,8
CATCAAGTGTGTTCTA,8
CATCAAGTTAGGATGA,8
CATCAAGTTATCAGCA,8
CATCAAGTTCCGTCTA,8
CATCAAGTTCTTCACA,8
CATCAAGTTGAAGAGA,8
CATCAAGTTGGAACAA,8
CATCAAGTTGGCTTCA,1
CATCAAGTTGGTGGTA,1
CATCAAGTTTCACGCA,1
CATCAAGTAACTCACC,1
CATCAAGTAAGAGATC,1
CATCAAGTAAGGACAC,1
CATCAAGTAATCCGTC,1
CATCAAGTAATGTTGC,1
CATCAAGTACACGACC,1
CATCAAGTACAGATTC,1
CATCAAGTAGATGTAC,1
CATCAAGTAGCACCTC,1
CATCAAGTAGCCATGC,1
CATCAAGTAGGCTAAC,1
CATCAAGTATAGCGAC,1
CATCAAGTATCATTCC,1
CATCAAGTATTGGCTC,1
CATCAAGTCAAGGAGC,1
CATCAAGTCACCTTAC,1
CATCAAGTCCATCCTC,1
CATCAAGTCCGACAAC,1
CATCAAGTCCTAATCC,1
CATCAAGTCCTCTATC,1
CATCAAGTCGACACAC,1
CATCAAGTCGGATTGC,1
CATCAAGTCTAAGGTC,1
CATCAAGTGAACAGGC,1
CATCAAGTGACAGTGC,1
CATCAAGTGAGTTAGC,1
CATCAAGTGATGAATC,1
CATCAAGTGCCAAGAC,1
CATCAAGTCGGAAGAA,1
CATCAAGTGTGACAAG,1
CATCAAGTGAACCAGA,1
CAGATCTGTTGCTGGA,1
CAGATCTGAACAACCA,9
CAGATCTGAACCGAGA,9
CAGATCTGAACGCTTA,9
CAGATCTGAAGACGGA,9
CAGATCTGAAGGTACA,2
CAGATCTGACACAGAA,2
CAGATCTGACAGCAGA,2
CAGATCTGACCTCCAA,2
CAGATCTGACGCTCGA,2
CAGATCTGACGTATCA,2
CAGATCTGACTATGCA,2
CAGATCTGAGAGTCAA,2
CAGATCTGAGATCGCA,2
CAGATCTGAGCAGGAA,2
CAGATCTGAGTCACTA,2
CAGATCTGATCCTGTA,2
CAGATCTGATTGAGGA,2
CAGATCTGCAACCACA,2
CAGATCTGGACTAGTA,2
CAGATCTGCAATGGAA,2
CAGATCTGCACTTCGA,2
CAGATCTGCAGCGTTA,2
CAGATCTGCATACCAA,2
CAGATCTGCCAGTTCA,2
CAGATCTGCCGAAGTA,2
CAGATCTGCCGTGAGA,9
CAGATCTGCCTCCTGA,2
CAGATCTGCGAACTTA,4
CAGATCTGCGACTGGA,4
CAGATCTGCGCATACA,4
CAGATCTGCTCAATGA,4
CAGATCTGCTGAGCCA,4
CAGATCTGCTGGCATA,4
CAGATCTGGAATCTGA,4
CAGATCTGCAAGACTA,4
CAGATCTGGAGCTGAA,4
CAGATCTGGATAGACA,8
CAGATCTGGCCACATA,8
CAGATCTGGCGAGTAA,8
CAGATCTGGCTAACGA,3
CAGATCTGGCTCGGTA,3
CAGATCTGGGAGAACA,3
CAGATCTGGGTGCGAA,8
CAGATCTGGTACGCAA,3
CAGATCTGGTCGTAGA,8
CAGATCTGGTCTGTCA,8
CAGATCTGGTGTTCTA,8
CAGATCTGTAGGATGA,8
CAGATCTGTATCAGCA,8
CAGATCTGTCCGTCTA,8
CAGATCTGTCTTCACA,8
CAGATCTGTGAAGAGA,4
CAGATCTGTGGAACAA,8
CAGATCTGTGGCTTCA,1
CAGATCTGTGGTGGTA,1
CAGATCTGTTCACGCA,1
CAGATCTGAACTCACC,1
CAGATCTGAAGAGATC,1
CAGATCTGAAGGACAC,1
CAGATCTGAATCCGTC,1
CAGATCTGAATGTTGC,1
CAGATCTGACACGACC,1
CAGATCTGACAGATTC,1
CAGATCTGAGATGTAC,1
CAGATCTGAGCACCTC,8
CAGATCTGAGCCATGC,1
CAGATCTGAGGCTAAC,1
CAGATCTGATAGCGAC,1
CAGATCTGATCATTCC,1
CAGATCTGATTGGCTC,1
CAGATCTGCAAGGAGC,1
CAGATCTGCACCTTAC,1
CAGATCTGCCATCCTC,1
CAGATCTGCCGACAAC,1
CAGATCTGCCTAATCC,1
CAGATCTGCCTCTATC,1
CAGATCTGCGACACAC,1
CAGATCTGCGGATTGC,1
CAGATCTGCTAAGGTC,1
CAGATCTGGAACAGGC,1
CAGATCTGGACAGTGC,1
CAGATCTGGAGTTAGC,1
CAGATCTGGATGAATC,1
CAGATCTGGCCAAGAC,1
CAGATCTGCGGAAGAA,1
CAGATCTGGTGACAAG,1
CAGATCTGGAACCAGA,1
ACATTGGCTTGCTGGA,1
ACATTGGCAACAACCA,9
ACATTGGCAACCGAGA,9
ACATTGGCAACGCTTA,9
ACATTGGCAAGACGGA,9
ACATTGGCAAGGTACA,2
ACATTGGCACACAGAA,2
ACATTGGCACAGCAGA,2
ACATTGGCACCTCCAA,2
ACATTGGCACGCTCGA,2
ACATTGGCACGTATCA,2
ACATTGGCACTATGCA,2
ACATTGGCAGAGTCAA,2
ACATTGGCAGATCGCA,2
ACATTGGCAGCAGGAA,2
ACATTGGCAGTCACTA,2
ACATTGGCATCCTGTA,2
ACATTGGCATTGAGGA,2
ACATTGGCCAACCACA,2
ACATTGGCGACTAGTA,2
ACATTGGCCAATGGAA,2
ACATTGGCCACTTCGA,2
ACATTGGCCAGCGTTA,2
ACATTGGCCATACCAA,2
ACATTGGCCCAGTTCA,2
ACATTGGCCCGAAGTA,2
ACATTGGCCCGTGAGA,2
ACATTGGCCCTCCTGA,2
ACATTGGCCGAACTTA,2
ACATTGGCCGACTGGA,2
ACATTGGCCGCATACA,4
ACATTGGCCTCAATGA,4
ACATTGGCCTGAGCCA,4
ACATTGGCCTGGCATA,4
ACATTGGCGAATCTGA,7
ACATTGGCCAAGACTA,7
ACATTGGCGAGCTGAA,4
ACATTGGCGATAGACA,8
ACATTGGCGCCACATA,8
ACATTGGCGCGAGTAA,8
ACATTGGCGCTAACGA,3
ACATTGGCGCTCGGTA,3
ACATTGGCGGAGAACA,4
ACATTGGCGGTGCGAA,8
ACATTGGCGTACGCAA,8
ACATTGGCGTCGTAGA,8
ACATTGGCGTCTGTCA,8
ACATTGGCGTGTTCTA,8
ACATTGGCTAGGATGA,8
ACATTGGCTATCAGCA,8
ACATTGGCTCCGTCTA,8
ACATTGGCTCTTCACA,8
ACATTGGCTGAAGAGA,8
ACATTGGCTGGAACAA,4
ACATTGGCTGGCTTCA,1
ACATTGGCTGGTGGTA,1
ACATTGGCTTCACGCA,1
ACATTGGCAACTCACC,1
ACATTGGCAAGAGATC,1
ACATTGGCAAGGACAC,1
ACATTGGCAATCCGTC,1
ACATTGGCAATGTTGC,1
ACATTGGCACACGACC,1
ACATTGGCACAGATTC,1
ACATTGGCAGATGTAC,1
ACATTGGCAGCACCTC,1
ACATTGGCAGCCATGC,1
ACATTGGCAGGCTAAC,1
ACATTGGCATAGCGAC,8
ACATTGGCATCATTCC,1
ACATTGGCATTGGCTC,1
ACATTGGCCAAGGAGC,1
ACATTGGCCACCTTAC,1
ACATTGGCCCATCCTC,1
ACATTGGCCCGACAAC,1
ACATTGGCCCTAATCC,1
ACATTGGCCCTCTATC,1
ACATTGGCCGACACAC,1
ACATTGGCCGGATTGC,1
ACATTGGCCTAAGGTC,1
ACATTGGCGAACAGGC,1
ACATTGGCGACAGTGC,1
ACATTGGCGAGTTAGC,1
ACATTGGCGATGAATC,1
ACATTGGCGCCAAGAC,1
ACATTGGCCGGAAGAA,1
ACATTGGCGTGACAAG,1
ACATTGGCGAACCAGA,1
ACCACTGTTTGCTGGA,1
ACCACTGTAACAACCA,9
ACCACTGTAACCGAGA,9
ACCACTGTAACGCTTA,9
ACCACTGTAAGACGGA,9
ACCACTGTAAGGTACA,9
ACCACTGTACACAGAA,2
ACCACTGTACAGCAGA,2
ACCACTGTACCTCCAA,2
ACCACTGTACGCTCGA,2
ACCACTGTACGTATCA,2
ACCACTGTACTATGCA,2
ACCACTGTAGAGTCAA,2
ACCACTGTAGATCGCA,2
ACCACTGTAGCAGGAA,2
ACCACTGTAGTCACTA,2
ACCACTGTATCCTGTA,2
ACCACTGTATTGAGGA,2
ACCACTGTCAACCACA,2
ACCACTGTGACTAGTA,2
ACCACTGTCAATGGAA,2
ACCACTGTCACTTCGA,2
ACCACTGTCAGCGTTA,2
ACCACTGTCATACCAA,2
ACCACTGTCCAGTTCA,2
ACCACTGTCCGAAGTA,2
ACCACTGTCCGTGAGA,2
ACCACTGTCCTCCTGA,2
ACCACTGTCGAACTTA,2
ACCACTGTCGACTGGA,2
ACCACTGTCGCATACA,4
ACCACTGTCTCAATGA,4
ACCACTGTCTGAGCCA,4
ACCACTGTCTGGCATA,7
ACCACTGTGAATCTGA,7
ACCACTGTCAAGACTA,7
ACCACTGTGAGCTGAA,4
ACCACTGTGATAGACA,8
ACCACTGTGCCACATA,8
ACCACTGTGCGAGTAA,8
ACCACTGTGCTAACGA,8
ACCACTGTGCTCGGTA,8
ACCACTGTGGAGAACA,3
ACCACTGTGGTGCGAA,8
ACCACTGTGTACGCAA,8
ACCACTGTGTCGTAGA,8
ACCACTGTGTCTGTCA,8
ACCACTGTGTGTTCTA,8
ACCACTGTTAGGATGA,8
ACCACTGTTATCAGCA,8
ACCACTGTTCCGTCTA,8
ACCACTGTTCTTCACA,8
ACCACTGTTGAAGAGA,8
ACCACTGTTGGAACAA,8
ACCACTGTTGGCTTCA,1
ACCACTGTTGGTGGTA,1
ACCACTGTTTCACGCA,1
ACCACTGTAACTCACC,1
ACCACTGTAAGAGATC,1
ACCACTGTAAGGACAC,8
ACCACTGTAATCCGTC,8
ACCACTGTAATGTTGC,8
ACCACTGTACACGACC,8
ACCACTGTACAGATTC,1
ACCACTGTAGATGTAC,1
ACCACTGTAGCACCTC,1
ACCACTGTAGCCATGC,1
ACCACTGTAGGCTAAC,8
ACCACTGTATAGCGAC,8
ACCACTGTATCATTCC,1
ACCACTGTATTGGCTC,1
ACCACTGTCAAGGAGC,1
ACCACTGTCACCTTAC,1
ACCACTGTCCATCCTC,1
ACCACTGTCCGACAAC,1
ACCACTGTCCTAATCC,1
ACCACTGTCCTCTATC,1
ACCACTGTCGACACAC,1
ACCACTGTCGGATTGC,1
ACCACTGTCTAAGGTC,1
ACCACTGTGAACAGGC,1
ACCACTGTGACAGTGC,1
ACCACTGTGAGTTAGC,1
ACCACTGTGATGAATC,1
ACCACTGTGCCAAGAC,1
ACCACTGTCGGAAGAA,1
ACCACTGTGTGACAAG,1
ACCACTGTGAACCAGA,1
AGTGGTCATTGCTGGA,1
AGTGGTCAAACCGAGA,9
AGTGGTCAAACGCTTA,9
AGTGGTCAAAGACGGA,9
AGTGGTCAAAGGTACA,9
AGTGGTCAACACAGAA,2
AGTGGTCAACAGCAGA,2
AGTGGTCAACCTCCAA,2
AGTGGTCAACGCTCGA,2
AGTGGTCAACGTATCA,2
AGTGGTCAACTATGCA,2
AGTGGTCAAGAGTCAA,2
AGTGGTCAAGATCGCA,2
AGTGGTCAAGCAGGAA,2
AGTGGTCAAGTCACTA,2
AGTGGTCAATCCTGTA,2
AGTGGTCAATTGAGGA,2
AGTGGTCACAACCACA,2
AGTGGTCAGACTAGTA,2
AGTGGTCACAATGGAA,2
AGTGGTCACACTTCGA,2
AGTGGTCACAGCGTTA,2
AGTGGTCACATACCAA,2
AGTGGTCACCAGTTCA,2
AGTGGTCACCGAAGTA,2
AGTGGTCACCGTGAGA,2
AGTGGTCACCTCCTGA,2
AGTGGTCACGAACTTA,2
AGTGGTCACGACTGGA,2
AGTGGTCACGCATACA,2
AGTGGTCACTCAATGA,4
AGTGGTCACTGAGCCA,4
AGTGGTCACTGGCATA,7
AGTGGTCAGAATCTGA,7
AGTGGTCACAAGACTA,7
AGTGGTCAGAGCTGAA,1
AGTGGTCAGATAGACA,8
AGTGGTCAGCCACATA,8
AGTGGTCAGCGAGTAA,8
AGTGGTCAGCTAACGA,8
AGTGGTCAGCTCGGTA,8
AGTGGTCAGGAGAACA,8
AGTGGTCAGGTGCGAA,8
AGTGGTCAGTACGCAA,8
AGTGGTCAGTCGTAGA,8
AGTGGTCAGTCTGTCA,8
AGTGGTCAGTGTTCTA,8
AGTGGTCATAGGATGA,8
AGTGGTCATATCAGCA,8
AGTGGTCATCCGTCTA,8
AGTGGTCATCTTCACA,8
AGTGGTCATGAAGAGA,8
AGTGGTCATGGAACAA,8
AGTGGTCATGGCTTCA,1
AGTGGTCATGGTGGTA,1
AGTGGTCATTCACGCA,1
AGTGGTCAAACTCACC,1
AGTGGTCAAAGAGATC,1
AGTGGTCAAAGGACAC,1
AGTGGTCAAATCCGTC,8
AGTGGTCAAATGTTGC,8
AGTGGTCAACACGACC,1
AGTGGTCAACAGATTC,1
AGTGGTCAAGATGTAC,1
AGTGGTCAAGCACCTC,1
AGTGGTCAAGCCATGC,1
AGTGGTCAAGGCTAAC,1
AGTGGTCAATAGCGAC,1
AGTGGTCAATCATTCC,1
AGTGGTCAATTGGCTC,1
AGTGGTCACAAGGAGC,1
AGTGGTCACACCTTAC,1
AGTGGTCACCATCCTC,1
AGTGGTCACCGACAAC,1
AGTGGTCACCTAATCC,1
AGTGGTCACCTCTATC,1
AGTGGTCACGACACAC,1
AGTGGTCACGGATTGC,1
AGTGGTCACTAAGGTC,1
AGTGGTCAGAACAGGC,1
AGTGGTCAGACAGTGC,1
AGTGGTCAGAGTTAGC,1
AGTGGTCAGATGAATC,1
AGTGGTCAGCCAAGAC,1
AGTGGTCACGGAAGAA,1
AGTGGTCAGTGACAAG,1
AGTGGTCAGAACCAGA,1
ATGCCTAATTGCTGGA,1
ATGCCTAAAAGGTACA,9
ATGCCTAAACACAGAA,2
ATGCCTAAACAGCAGA,2
ATGCCTAAACCTCCAA,2
ATGCCTAAACGCTCGA,2
ATGCCTAAACGTATCA,2
ATGCCTAAACTATGCA,2
ATGCCTAAAGAGTCAA,2
ATGCCTAAAGATCGCA,2
ATGCCTAAAGCAGGAA,2
ATGCCTAAAGTCACTA,2
ATGCCTAAATCCTGTA,2
ATGCCTAAATTGAGGA,2
ATGCCTAACAACCACA,2
ATGCCTAAGACTAGTA,2
ATGCCTAACAATGGAA,2
ATGCCTAACACTTCGA,2
ATGCCTAACAGCGTTA,2
ATGCCTAACATACCAA,2
ATGCCTAACCAGTTCA,2
ATGCCTAACCGAAGTA,2
ATGCCTAACCGTGAGA,2
ATGCCTAACCTCCTGA,2
ATGCCTAACGAACTTA,2
ATGCCTAACGACTGGA,2
ATGCCTAACGCATACA,2
ATGCCTAACTCAATGA,4
ATGCCTAACTGAGCCA,4
ATGCCTAACTGGCATA,4
ATGCCTAAGAATCTGA,7
ATGCCTAACAAGACTA,7
ATGCCTAAGAGCTGAA,1
ATGCCTAAGATAGACA,1
ATGCCTAAGCCACATA,1
ATGCCTAAGCGAGTAA,1
ATGCCTAAGCTAACGA,1
ATGCCTAAGCTCGGTA,1
ATGCCTAAGGAGAACA,8
ATGCCTAAGGTGCGAA,8
ATGCCTAAGTACGCAA,8
ATGCCTAAGTCGTAGA,8
ATGCCTAAGTCTGTCA,8
ATGCCTAAGTGTTCTA,8
ATGCCTAATAGGATGA,8
ATGCCTAATATCAGCA,8
ATGCCTAATCCGTCTA,8
ATGCCTAATCTTCACA,8
ATGCCTAATGAAGAGA,8
ATGCCTAATGGAACAA,8
ATGCCTAATGGCTTCA,1
ATGCCTAATGGTGGTA,1
ATGCCTAATTCACGCA,1
ATGCCTAAAACTCACC,1
ATGCCTAAAAGAGATC,1
ATGCCTAAAAGGACAC,1
ATGCCTAAAATCCGTC,8
ATGCCTAAAATGTTGC,8
ATGCCTAAACACGACC,1
ATGCCTAAACAGATTC,1
ATGCCTAAAGATGTAC,1
ATGCCTAAAGCACCTC,1
ATGCCTAAAGCCATGC,1
ATGCCTAAAGGCTAAC,1
ATGCCTAAATAGCGAC,1
ATGCCTAAATCATTCC,1
ATGCCTAAATTGGCTC,1
ATGCCTAACAAGGAGC,1
ATGCCTAACACCTTAC,1
ATGCCTAACCATCCTC,1
ATGCCTAACCGACAAC,1
ATGCCTAACCTAATCC,1
ATGCCTAACCTCTATC,1
ATGCCTAACGACACAC,1
ATGCCTAACGGATTGC,1
ATGCCTAACTAAGGTC,1
ATGCCTAAGAACAGGC,1
ATGCCTAAGACAGTGC,1
ATGCCTAAGAGTTAGC,1
ATGCCTAAGATGAATC,1
ATGCCTAAGCCAAGAC,1
ATGCCTAACGGAAGAA,1
ATGCCTAAGTGACAAG,1
ATGCCTAAGAACCAGA,1
AAACATCGTTGCTGGA,1
AAACATCGACACAGAA,2
AAACATCGACAGCAGA,2
AAACATCGACCTCCAA,2
AAACATCGACGCTCGA,2
AAACATCGACGTATCA,2
AAACATCGACTATGCA,2
AAACATCGAGAGTCAA,2
AAACATCGAGATCGCA,2
AAACATCGAGCAGGAA,2
AAACATCGAGTCACTA,2
AAACATCGATCCTGTA,2
AAACATCGATTGAGGA,2
AAACATCGCAACCACA,2
AAACATCGGACTAGTA,2
AAACATCGCAATGGAA,2
AAACATCGCACTTCGA,2
AAACATCGCAGCGTTA,2
AAACATCGCATACCAA,2
AAACATCGCCAGTTCA,2
AAACATCGCCGAAGTA,2
AAACATCGCCGTGAGA,2
AAACATCGCCTCCTGA,2
AAACATCGCGAACTTA,2
AAACATCGCGACTGGA,2
AAACATCGCGCATACA,2
AAACATCGCTCAATGA,4
AAACATCGCTGAGCCA,4
AAACATCGCTGGCATA,4
AAACATCGGAATCTGA,7
AAACATCGCAAGACTA,1
AAACATCGGAGCTGAA,1
AAACATCGGATAGACA,1
AAACATCGGCCACATA,1
AAACATCGGCGAGTAA,8
AAACATCGGCTAACGA,1
AAACATCGGCTCGGTA,8
AAACATCGGGAGAACA,8
AAACATCGGGTGCGAA,8
AAACATCGGTACGCAA,8
AAACATCGGTCGTAGA,3
AAACATCGGTCTGTCA,8
AAACATCGGTGTTCTA,8
AAACATCGTAGGATGA,8
AAACATCGTATCAGCA,8
AAACATCGTCCGTCTA,8
AAACATCGTCTTCACA,8
AAACATCGTGAAGAGA,8
AAACATCGTGGAACAA,1
AAACATCGTGGCTTCA,1
AAACATCGTGGTGGTA,1
AAACATCGTTCACGCA,1
AAACATCGAACTCACC,1
AAACATCGAAGAGATC,1
AAACATCGAAGGACAC,1
AAACATCGAATCCGTC,8
AAACATCGAATGTTGC,8
AAACATCGACACGACC,1
AAACATCGACAGATTC,1
AAACATCGAGATGTAC,1
AAACATCGAGCACCTC,1
AAACATCGAGCCATGC,1
AAACATCGAGGCTAAC,1
AAACATCGATAGCGAC,1
AAACATCGATCATTCC,1
AAACATCGATTGGCTC,1
AAACATCGCAAGGAGC,1
AAACATCGCACCTTAC,1
AAACATCGCCATCCTC,1
AAACATCGCCGACAAC,1
AAACATCGCCTAATCC,1
AAACATCGCCTCTATC,1
AAACATCGCGACACAC,1
AAACATCGCGGATTGC,1
AAACATCGCTAAGGTC,1
AAACATCGGAACAGGC,1
AAACATCGGACAGTGC,1
AAACATCGGAGTTAGC,1
AAACATCGGATGAATC,1
AAACATCGGCCAAGAC,1
AAACATCGCGGAAGAA,1
AAACATCGGTGACAAG,1
AAACATCGGAACCAGA,1
GAACAGGCTTGCTGGA,4
GAACAGGCACAGCAGA,2
GAACAGGCACCTCCAA,2
GAACAGGCACGCTCGA,2
GAACAGGCACGTATCA,2
GAACAGGCACTATGCA,2
GAACAGGCAGAGTCAA,2
GAACAGGCAGATCGCA,2
GAACAGGCAGCAGGAA,2
GAACAGGCAGTCACTA,2
GAACAGGCATCCTGTA,2
GAACAGGCATTGAGGA,2
GAACAGGCCAACCACA,2
GAACAGGCGACTAGTA,2
GAACAGGCCAATGGAA,2
GAACAGGCCACTTCGA,2
GAACAGGCCAGCGTTA,2
GAACAGGCCATACCAA,2
GAACAGGCCCAGTTCA,2
GAACAGGCCCGAAGTA,2
GAACAGGCCCGTGAGA,2
GAACAGGCCCTCCTGA,2
GAACAGGCCGAACTTA,2
GAACAGGCCGACTGGA,2
GAACAGGCCGCATACA,2
GAACAGGCCTCAATGA,2
GAACAGGCCTGAGCCA,4
GAACAGGCCTGGCATA,2
GAACAGGCGAATCTGA,2
GAACAGGCCAAGACTA,2
GAACAGGCGAGCTGAA,2
GAACAGGCGATAGACA,2
GAACAGGCGCCACATA,4
GAACAGGCGCGAGTAA,4
GAACAGGCGCTAACGA,4
GAACAGGCGCTCGGTA,4
GAACAGGCGGAGAACA,4
GAACAGGCGGTGCGAA,4
GAACAGGCGTACGCAA,4
GAACAGGCGTCGTAGA,4
GAACAGGCGTCTGTCA,4
GAACAGGCGTGTTCTA,4
GAACAGGCTAGGATGA,4
GAACAGGCTATCAGCA,4
GAACAGGCTCCGTCTA,4
GAACAGGCTCTTCACA,4
GAACAGGCTGAAGAGA,4
GAACAGGCTGGAACAA,4
GAACAGGCTGGCTTCA,4
GAACAGGCTGGTGGTA,4
GAACAGGCTTCACGCA,4
GAACAGGCAACTCACC,4
GAACAGGCAAGAGATC,4
GAACAGGCAAGGACAC,4
GAACAGGCAATCCGTC,4
GAACAGGCAATGTTGC,4
GAACAGGCACACGACC,4
GAACAGGCACAGATTC,4
GAACAGGCAGATGTAC,4
GAACAGGCAGCACCTC,4
GAACAGGCAGCCATGC,4
GAACAGGCAGGCTAAC,2
GAACAGGCATAGCGAC,2
GAACAGGCATCATTCC,4
GAACAGGCATTGGCTC,4
GAACAGGCCAAGGAGC,4
GAACAGGCCACCTTAC,4
GAACAGGCCCATCCTC,4
GAACAGGCCCGACAAC,4
GAACAGGCCCTAATCC,4
GAACAGGCCCTCTATC,2
GAACAGGCCGACACAC,2
GAACAGGCCGGATTGC,2
GAACAGGCCTAAGGTC,2
GAACAGGCGAACAGGC,2
GAACAGGCGACAGTGC,2
GAACAGGCGAGTTAGC,2
GAACAGGCGATGAATC,9
GAACAGGCGCCAAGAC,9
GAACAGGCCGGAAGAA,9
GAACAGGCGTGACAAG,9
GAACAGGCGAACCAGA,9
