lane,family,board,absolute_ari,absolute_nmi,ami,base_id,candidate_id,changed_from_strong_start,cluster_sizes_eval,cluster_sizes_full,config_sha256,evaluator_label_reads,failure,fmi,gearys_c_macro,homogeneity,k,min_cluster_size_eval,min_cluster_size_full,morans_i_macro,n_evaluated,n_total,neighbor_agreement,partition_sha256,profile_id,status,v_measure,variant,wall_seconds,evaluator_label_key,evaluator_mask_key
A1,RNA_PROTEIN,PER_LANE_LABEL_ASSISTED_SCORE_FRONTIER,0.2760037787216815,0.4216898282359678,0.4179192924996925,NONE,INPUT_STRONG_START,0,"[274, 773, 569, 182, 307, 790, 168, 114, 121, 186]","[274, 773, 569, 182, 307, 790, 168, 114, 121, 186]",74234e98afe7498fb5daf1f36ac2d78acc339464f950703b8c019892f982b90b,1,,0.416280232893237,0.4418453748137206,0.4690502049532751,10,114,114,0.5613222025437378,3484,3484,0.6077425758954421,8c3430f4db406f6d537ef7eb5e6691f8c5fd509adcd6aab968fd08b2481ebc2b,INPUT_STRONG_START,PASS,0.4216898282359678,INPUT_STRONG_START,0.0002770703285932,,
A1,RNA_PROTEIN,PER_LANE_LABEL_ASSISTED_SCORE_FRONTIER,0.2760037787216815,0.4216898282359678,0.4179192924996925,P_A1,NIGHT15F_DIRECT_177199d44d3d6a,0,"[274, 773, 569, 182, 307, 790, 168, 114, 121, 186]","[274, 773, 569, 182, 307, 790, 168, 114, 121, 186]",622ff84e66ccdf5f911512d6ef1e8f8a6406668f5a0a2a9624ea986afd9921de,1,,0.416280232893237,0.4418453748137206,0.4690502049532751,10,114,114,0.5613222025437378,3484,3484,0.6077425758954421,8c3430f4db406f6d537ef7eb5e6691f8c5fd509adcd6aab968fd08b2481ebc2b,PROFILE_177199d44d3d6a,PASS,0.4216898282359678,NIGHT15F_DIRECT,0.490272244438529,,
A1,RNA_PROTEIN,PER_LANE_LABEL_ASSISTED_SCORE_FRONTIER,0.2760037787216815,0.4216898282359678,0.4179192924996925,P_A1,TSRE_SUPPORT_ONLY_0bc413d447f895,0,"[274, 773, 569, 182, 307, 790, 168, 114, 121, 186]","[274, 773, 569, 182, 307, 790, 168, 114, 121, 186]",a6c9d2fdcec718a40757afa48277317ee7f6955edc0334be429f67a7571aa3f4,1,,0.416280232893237,0.4418453748137206,0.4690502049532751,10,114,114,0.5613222025437378,3484,3484,0.6077425758954421,8c3430f4db406f6d537ef7eb5e6691f8c5fd509adcd6aab968fd08b2481ebc2b,PROFILE_0bc413d447f895,PASS,0.4216898282359678,TSRE_SUPPORT_ONLY,0.7718460280448198,,
A1,RNA_PROTEIN,PER_LANE_LABEL_ASSISTED_SCORE_FRONTIER,0.2760037787216815,0.4216898282359678,0.4179192924996925,P_A1,TSRE_SUPPORT_ONLY_2243d5fb6f1aa3,0,"[274, 773, 569, 182, 307, 790, 168, 114, 121, 186]","[274, 773, 569, 182, 307, 790, 168, 114, 121, 186]",777554d714d70c046803b5ce538fae0a158e4bd2d2530ff299a34b90e39dd413,1,,0.416280232893237,0.4418453748137206,0.4690502049532751,10,114,114,0.5613222025437378,3484,3484,0.6077425758954421,8c3430f4db406f6d537ef7eb5e6691f8c5fd509adcd6aab968fd08b2481ebc2b,PROFILE_2243d5fb6f1aa3,PASS,0.4216898282359678,TSRE_SUPPORT_ONLY,0.6953963246196508,,
A1,RNA_PROTEIN,PER_LANE_LABEL_ASSISTED_SCORE_FRONTIER,0.2760037787216815,0.4216898282359678,0.4179192924996925,P_A1,TSRE_SUPPORT_ONLY_9a558768f506ce,0,"[274, 773, 569, 182, 307, 790, 168, 114, 121, 186]","[274, 773, 569, 182, 307, 790, 168, 114, 121, 186]",e22f8e7c20579d849f4be7ccd5fe16c890c1bae8110b6160818ded85a4aded3d,1,,0.416280232893237,0.4418453748137206,0.4690502049532751,10,114,114,0.5613222025437378,3484,3484,0.6077425758954421,8c3430f4db406f6d537ef7eb5e6691f8c5fd509adcd6aab968fd08b2481ebc2b,PROFILE_9a558768f506ce,PASS,0.4216898282359678,TSRE_SUPPORT_ONLY,0.6269512884318829,,
A1,RNA_PROTEIN,PER_LANE_LABEL_ASSISTED_SCORE_FRONTIER,0.2760037787216815,0.4216898282359678,0.4179192924996925,P_A1,TSRE_FULL_99e7f2c98f050e,0,"[274, 773, 569, 182, 307, 790, 168, 114, 121, 186]","[274, 773, 569, 182, 307, 790, 168, 114, 121, 186]",fe65cb4f64929d589a404257956928de219d3500f5c3715aebe8822d7171fb5c,1,,0.416280232893237,0.4418453748137206,0.4690502049532751,10,114,114,0.5613222025437378,3484,3484,0.6077425758954421,8c3430f4db406f6d537ef7eb5e6691f8c5fd509adcd6aab968fd08b2481ebc2b,PROFILE_99e7f2c98f050e,PASS,0.4216898282359678,TSRE_FULL,0.7064642161130905,,
A1,RNA_PROTEIN,PER_LANE_LABEL_ASSISTED_SCORE_FRONTIER,0.2760037787216815,0.4216898282359678,0.4179192924996925,P_A1,TSRE_FULL_e3860eadfb62e6,0,"[274, 773, 569, 182, 307, 790, 168, 114, 121, 186]","[274, 773, 569, 182, 307, 790, 168, 114, 121, 186]",2fbb9b3e6b317148021ce3fc03931d66238988d5f5194b8faccc0acf33bbee01,1,,0.416280232893237,0.4418453748137206,0.4690502049532751,10,114,114,0.5613222025437378,3484,3484,0.6077425758954421,8c3430f4db406f6d537ef7eb5e6691f8c5fd509adcd6aab968fd08b2481ebc2b,PROFILE_e3860eadfb62e6,PASS,0.4216898282359678,TSRE_FULL,0.7797797862440348,,
A1,RNA_PROTEIN,PER_LANE_LABEL_ASSISTED_SCORE_FRONTIER,0.2761717672503009,0.4219373620021054,0.4181686488115255,P_A1,TSRE_FULL_27b41a87f90acc,3,"[275, 773, 568, 182, 307, 790, 168, 114, 121, 186]","[275, 773, 568, 182, 307, 790, 168, 114, 121, 186]",126c82b8769608416e742f5f0334dd593a0ec1ddebe161583ff5ca1ab724f775,1,,0.4164082071659262,0.4414597002728641,0.469351672223301,10,114,114,0.5617143164603114,3484,3484,0.6080734552072131,c8bfd5b1ab7e7645fd7be1d042ce79286908a31ada5db10eff76b729ccde3b5f,PROFILE_27b41a87f90acc,PASS,0.4219373620021054,TSRE_FULL,1.2129839956760406,,
A1,RNA_PROTEIN,PER_LANE_LABEL_ASSISTED_SCORE_FRONTIER,0.2727727650469418,0.4194911763241958,0.4157061214186413,P_S1,NIGHT15F_DIRECT_96e54ebba64151,23,"[274, 776, 566, 182, 307, 790, 166, 116, 121, 186]","[274, 776, 566, 182, 307, 790, 166, 116, 121, 186]",a8033b9347693699319e99e30211faf93dbc44f91621faa4468058b37bc73976,1,,0.4136029140940152,0.4346401430584223,0.4665979543976848,10,116,116,0.5685269525988486,3484,3484,0.6170899164529737,e89e42714fcaea9df6e89709ff9914a1c6704eaf6cc2b7f6aaeb7b1ff6acafb2,PROFILE_96e54ebba64151,PASS,0.4194911763241958,NIGHT15F_DIRECT,0.3580189757049083,,
A1,RNA_PROTEIN,PER_LANE_LABEL_ASSISTED_SCORE_FRONTIER,0.2759294135586039,0.4216726245663355,0.4179020021713327,P_S1,TSRE_SUPPORT_ONLY_77616f71fc251e,6,"[274, 779, 569, 182, 307, 784, 168, 114, 121, 186]","[274, 779, 569, 182, 307, 784, 168, 114, 121, 186]",f04d8c0a6579b6abc7bc591ceb289bc238dc2c9576c2ca45ac4101baa4a5cb4b,1,,0.416215318742657,0.4405166848142908,0.4690340986545829,10,114,114,0.562655307041876,3484,3484,0.6098932914219538,f1182961c84f597ef3468f857cadcd373c82da620f3427790c88c4a1e465a03f,PROFILE_77616f71fc251e,PASS,0.4216726245663355,TSRE_SUPPORT_ONLY,0.644613903015852,,
A1,RNA_PROTEIN,PER_LANE_LABEL_ASSISTED_SCORE_FRONTIER,0.2760037787216815,0.4216898282359678,0.4179192924996925,P_S1,TSRE_SUPPORT_ONLY_2ace2160ac2ee1,0,"[274, 773, 569, 182, 307, 790, 168, 114, 121, 186]","[274, 773, 569, 182, 307, 790, 168, 114, 121, 186]",c0c90afcd7cd42bdb230bffc6ca4ff96ea48206fdd859dfc11ea685f8253e730,1,,0.416280232893237,0.4418453748137206,0.4690502049532751,10,114,114,0.5613222025437378,3484,3484,0.6077425758954421,8c3430f4db406f6d537ef7eb5e6691f8c5fd509adcd6aab968fd08b2481ebc2b,PROFILE_2ace2160ac2ee1,PASS,0.4216898282359678,TSRE_SUPPORT_ONLY,0.68517180159688,,
A1,RNA_PROTEIN,PER_LANE_LABEL_ASSISTED_SCORE_FRONTIER,0.2760037787216815,0.4216898282359678,0.4179192924996925,P_S1,TSRE_SUPPORT_ONLY_57f1dca5e9a927,0,"[274, 773, 569, 182, 307, 790, 168, 114, 121, 186]","[274, 773, 569, 182, 307, 790, 168, 114, 121, 186]",e48dfb2b9c9dde90650196c330774f50a72da913a43d78b03a296b3ce1979aa8,1,,0.416280232893237,0.4418453748137206,0.4690502049532751,10,114,114,0.5613222025437378,3484,3484,0.6077425758954421,8c3430f4db406f6d537ef7eb5e6691f8c5fd509adcd6aab968fd08b2481ebc2b,PROFILE_57f1dca5e9a927,PASS,0.4216898282359678,TSRE_SUPPORT_ONLY,0.5967810712754726,,
A1,RNA_PROTEIN,PER_LANE_LABEL_ASSISTED_SCORE_FRONTIER,0.2760037787216815,0.4216898282359678,0.4179192924996925,P_S1,TSRE_FULL_44953966a00c7d,0,"[274, 773, 569, 182, 307, 790, 168, 114, 121, 186]","[274, 773, 569, 182, 307, 790, 168, 114, 121, 186]",3d828263ec9fba5d53037b6ac95b3c76f99251d217698e4cdc60f091bf490f81,1,,0.416280232893237,0.4418453748137206,0.4690502049532751,10,114,114,0.5613222025437378,3484,3484,0.6077425758954421,8c3430f4db406f6d537ef7eb5e6691f8c5fd509adcd6aab968fd08b2481ebc2b,PROFILE_44953966a00c7d,PASS,0.4216898282359678,TSRE_FULL,0.6218126472085714,,
A1,RNA_PROTEIN,PER_LANE_LABEL_ASSISTED_SCORE_FRONTIER,0.2760037787216815,0.4216898282359678,0.4179192924996925,P_S1,TSRE_FULL_1784633509c87e,0,"[274, 773, 569, 182, 307, 790, 168, 114, 121, 186]","[274, 773, 569, 182, 307, 790, 168, 114, 121, 186]",c621b89675beda1c1657f246b06d2954052cfd56c2f727d55127f89c47634e96,1,,0.416280232893237,0.4418453748137206,0.4690502049532751,10,114,114,0.5613222025437378,3484,3484,0.6077425758954421,8c3430f4db406f6d537ef7eb5e6691f8c5fd509adcd6aab968fd08b2481ebc2b,PROFILE_1784633509c87e,PASS,0.4216898282359678,TSRE_FULL,0.5840708129107952,,
A1,RNA_PROTEIN,PER_LANE_LABEL_ASSISTED_SCORE_FRONTIER,0.2760037787216815,0.4216898282359678,0.4179192924996925,P_S1,TSRE_FULL_22f6b42b5f8970,0,"[274, 773, 569, 182, 307, 790, 168, 114, 121, 186]","[274, 773, 569, 182, 307, 790, 168, 114, 121, 186]",eb7aef246532cf28187f623c156318dac0302270a3ab46ee698adea9fa6dfcf0,1,,0.416280232893237,0.4418453748137206,0.4690502049532751,10,114,114,0.5613222025437378,3484,3484,0.6077425758954421,8c3430f4db406f6d537ef7eb5e6691f8c5fd509adcd6aab968fd08b2481ebc2b,PROFILE_22f6b42b5f8970,PASS,0.4216898282359678,TSRE_FULL,0.7988181486725807,,
A1,RNA_PROTEIN,PER_LANE_LABEL_ASSISTED_SCORE_FRONTIER,0.2753034434607801,0.421087036563266,0.4173123665164239,P_GEO,NIGHT15F_DIRECT_be17291ce154d3,6,"[275, 773, 568, 182, 307, 791, 168, 114, 121, 185]","[275, 773, 568, 182, 307, 791, 168, 114, 121, 185]",811c5b43350399eeb27bbfe3726b38df740cd43f5d1d20d7ed05c48ac3a37cf2,1,,0.4157082692976771,0.4396433304633166,0.4683538655448863,10,114,114,0.563543574840162,3484,3484,0.6105550500454959,9d532332dad2e6654d9ae91be11d332c1f04a7336eec5b945930a940177e456c,PROFILE_be17291ce154d3,PASS,0.421087036563266,NIGHT15F_DIRECT,0.2957110367715359,,
A1,RNA_PROTEIN,PER_LANE_LABEL_ASSISTED_SCORE_FRONTIER,0.2760037787216815,0.4216898282359678,0.4179192924996925,P_GEO,TSRE_SUPPORT_ONLY_8e58c732935411,0,"[274, 773, 569, 182, 307, 790, 168, 114, 121, 186]","[274, 773, 569, 182, 307, 790, 168, 114, 121, 186]",8a68d46cf93b96c667ad8aae0255cc6b2ecffff09faa91675553ac897d45d509,1,,0.416280232893237,0.4418453748137206,0.4690502049532751,10,114,114,0.5613222025437378,3484,3484,0.6077425758954421,8c3430f4db406f6d537ef7eb5e6691f8c5fd509adcd6aab968fd08b2481ebc2b,PROFILE_8e58c732935411,PASS,0.4216898282359678,TSRE_SUPPORT_ONLY,0.6315920986235142,,
A1,RNA_PROTEIN,PER_LANE_LABEL_ASSISTED_SCORE_FRONTIER,0.2760037787216815,0.4216898282359678,0.4179192924996925,P_GEO,TSRE_SUPPORT_ONLY_6aba48418df5f8,0,"[274, 773, 569, 182, 307, 790, 168, 114, 121, 186]","[274, 773, 569, 182, 307, 790, 168, 114, 121, 186]",9425737fcc2b7f54daf432a51d07bc1085bb7de8a1db562b9ae3cd63b65228b9,1,,0.416280232893237,0.4418453748137206,0.4690502049532751,10,114,114,0.5613222025437378,3484,3484,0.6077425758954421,8c3430f4db406f6d537ef7eb5e6691f8c5fd509adcd6aab968fd08b2481ebc2b,PROFILE_6aba48418df5f8,PASS,0.4216898282359678,TSRE_SUPPORT_ONLY,0.6680543757975101,,
A1,RNA_PROTEIN,PER_LANE_LABEL_ASSISTED_SCORE_FRONTIER,0.2760037787216815,0.4216898282359678,0.4179192924996925,P_GEO,TSRE_SUPPORT_ONLY_192a40cdf0990d,0,"[274, 773, 569, 182, 307, 790, 168, 114, 121, 186]","[274, 773, 569, 182, 307, 790, 168, 114, 121, 186]",5a7e1faf1f459fdec39023a37c9e3e3e056c14d5d740230f37759ec8ed50045e,1,,0.416280232893237,0.4418453748137206,0.4690502049532751,10,114,114,0.5613222025437378,3484,3484,0.6077425758954421,8c3430f4db406f6d537ef7eb5e6691f8c5fd509adcd6aab968fd08b2481ebc2b,PROFILE_192a40cdf0990d,PASS,0.4216898282359678,TSRE_SUPPORT_ONLY,0.6059254743158817,,
A1,RNA_PROTEIN,PER_LANE_LABEL_ASSISTED_SCORE_FRONTIER,0.2760037787216815,0.4216898282359678,0.4179192924996925,P_GEO,TSRE_FULL_0f7fe82267a674,0,"[274, 773, 569, 182, 307, 790, 168, 114, 121, 186]","[274, 773, 569, 182, 307, 790, 168, 114, 121, 186]",d0aa242d697cd1ddaa497cf74989cbc8cb247d9cfe47cec7cee83fd779cce860,1,,0.416280232893237,0.4418453748137206,0.4690502049532751,10,114,114,0.5613222025437378,3484,3484,0.6077425758954421,8c3430f4db406f6d537ef7eb5e6691f8c5fd509adcd6aab968fd08b2481ebc2b,PROFILE_0f7fe82267a674,PASS,0.4216898282359678,TSRE_FULL,0.6002897657454014,,
A1,RNA_PROTEIN,PER_LANE_LABEL_ASSISTED_SCORE_FRONTIER,0.2760037787216815,0.4216898282359678,0.4179192924996925,P_GEO,TSRE_FULL_9d34d379cefac0,0,"[274, 773, 569, 182, 307, 790, 168, 114, 121, 186]","[274, 773, 569, 182, 307, 790, 168, 114, 121, 186]",93d4a7d91a0c8d243a0926ed9a95e470c0546270f417bef2552e3b378bdd5287,1,,0.416280232893237,0.4418453748137206,0.4690502049532751,10,114,114,0.5613222025437378,3484,3484,0.6077425758954421,8c3430f4db406f6d537ef7eb5e6691f8c5fd509adcd6aab968fd08b2481ebc2b,PROFILE_9d34d379cefac0,PASS,0.4216898282359678,TSRE_FULL,0.8031778782606125,,
A1,RNA_PROTEIN,PER_LANE_LABEL_ASSISTED_SCORE_FRONTIER,0.2760037787216815,0.4216898282359678,0.4179192924996925,P_GEO,TSRE_FULL_72ef28512c4dd0,0,"[274, 773, 569, 182, 307, 790, 168, 114, 121, 186]","[274, 773, 569, 182, 307, 790, 168, 114, 121, 186]",0c9a5fd4235d297a0cee15cb106dd2310453047438c5caa591a00923befb9070,1,,0.416280232893237,0.4418453748137206,0.4690502049532751,10,114,114,0.5613222025437378,3484,3484,0.6077425758954421,8c3430f4db406f6d537ef7eb5e6691f8c5fd509adcd6aab968fd08b2481ebc2b,PROFILE_72ef28512c4dd0,PASS,0.4216898282359678,TSRE_FULL,0.7928125876933336,,
A1,RNA_PROTEIN,PER_LANE_LABEL_ASSISTED_SCORE_FRONTIER,0.2760037787216815,0.4216898282359678,0.4179192924996925,P_CONSERVATIVE,NIGHT15F_DIRECT_0b614136d31c2c,0,"[274, 773, 569, 182, 307, 790, 168, 114, 121, 186]","[274, 773, 569, 182, 307, 790, 168, 114, 121, 186]",3b9c3483b1f68a99faa2ae177bef6dce26ce0b3fcfe8bfc2ebe0313c8934b447,1,,0.416280232893237,0.4418453748137206,0.4690502049532751,10,114,114,0.5613222025437378,3484,3484,0.6077425758954421,8c3430f4db406f6d537ef7eb5e6691f8c5fd509adcd6aab968fd08b2481ebc2b,PROFILE_0b614136d31c2c,PASS,0.4216898282359678,NIGHT15F_DIRECT,0.3902360741049051,,
A1,RNA_PROTEIN,PER_LANE_LABEL_ASSISTED_SCORE_FRONTIER,0.2760037787216815,0.4216898282359678,0.4179192924996925,P_CONSERVATIVE,TSRE_SUPPORT_ONLY_31a54461f11a8b,0,"[274, 773, 569, 182, 307, 790, 168, 114, 121, 186]","[274, 773, 569, 182, 307, 790, 168, 114, 121, 186]",7b4e72f8bd30ae9cf7de38adc46a817c6fb660d026886591b7e54ff1e8ab67fc,1,,0.416280232893237,0.4418453748137206,0.4690502049532751,10,114,114,0.5613222025437378,3484,3484,0.6077425758954421,8c3430f4db406f6d537ef7eb5e6691f8c5fd509adcd6aab968fd08b2481ebc2b,PROFILE_31a54461f11a8b,PASS,0.4216898282359678,TSRE_SUPPORT_ONLY,0.7149871438741684,,
A1,RNA_PROTEIN,PER_LANE_LABEL_ASSISTED_SCORE_FRONTIER,0.2760037787216815,0.4216898282359678,0.4179192924996925,P_CONSERVATIVE,TSRE_SUPPORT_ONLY_795046c5150f4e,0,"[274, 773, 569, 182, 307, 790, 168, 114, 121, 186]","[274, 773, 569, 182, 307, 790, 168, 114, 121, 186]",c33b01aef080f88bfe632981a96e6d5a0f85cbf30f0038e1eaf16acdab858b48,1,,0.416280232893237,0.4418453748137206,0.4690502049532751,10,114,114,0.5613222025437378,3484,3484,0.6077425758954421,8c3430f4db406f6d537ef7eb5e6691f8c5fd509adcd6aab968fd08b2481ebc2b,PROFILE_795046c5150f4e,PASS,0.4216898282359678,TSRE_SUPPORT_ONLY,0.7964677829295397,,
A1,RNA_PROTEIN,PER_LANE_LABEL_ASSISTED_SCORE_FRONTIER,0.2760037787216815,0.4216898282359678,0.4179192924996925,P_CONSERVATIVE,TSRE_SUPPORT_ONLY_8e642aff264f3d,0,"[274, 773, 569, 182, 307, 790, 168, 114, 121, 186]","[274, 773, 569, 182, 307, 790, 168, 114, 121, 186]",37787f92514cd45da9cd0db3c41cce1ede8c86f14181bf6d6c2e1caab01bf673,1,,0.416280232893237,0.4418453748137206,0.4690502049532751,10,114,114,0.5613222025437378,3484,3484,0.6077425758954421,8c3430f4db406f6d537ef7eb5e6691f8c5fd509adcd6aab968fd08b2481ebc2b,PROFILE_8e642aff264f3d,PASS,0.4216898282359678,TSRE_SUPPORT_ONLY,0.6321772765368223,,
A1,RNA_PROTEIN,PER_LANE_LABEL_ASSISTED_SCORE_FRONTIER,0.2760037787216815,0.4216898282359678,0.4179192924996925,P_CONSERVATIVE,TSRE_FULL_326b53183ac0a4,0,"[274, 773, 569, 182, 307, 790, 168, 114, 121, 186]","[274, 773, 569, 182, 307, 790, 168, 114, 121, 186]",fee9d7647857377105612afec20850da85e04b4be1da83ddee874e7eba710e24,1,,0.416280232893237,0.4418453748137206,0.4690502049532751,10,114,114,0.5613222025437378,3484,3484,0.6077425758954421,8c3430f4db406f6d537ef7eb5e6691f8c5fd509adcd6aab968fd08b2481ebc2b,PROFILE_326b53183ac0a4,PASS,0.4216898282359678,TSRE_FULL,0.6697990745306015,,
A1,RNA_PROTEIN,PER_LANE_LABEL_ASSISTED_SCORE_FRONTIER,0.2760037787216815,0.4216898282359678,0.4179192924996925,P_CONSERVATIVE,TSRE_FULL_a2136040df85f7,0,"[274, 773, 569, 182, 307, 790, 168, 114, 121, 186]","[274, 773, 569, 182, 307, 790, 168, 114, 121, 186]",e2fdc25475874fa835dde85c4c7a1955b208d82460075ca06e4bebf602281bdc,1,,0.416280232893237,0.4418453748137206,0.4690502049532751,10,114,114,0.5613222025437378,3484,3484,0.6077425758954421,8c3430f4db406f6d537ef7eb5e6691f8c5fd509adcd6aab968fd08b2481ebc2b,PROFILE_a2136040df85f7,PASS,0.4216898282359678,TSRE_FULL,0.7057377304881811,,
A1,RNA_PROTEIN,PER_LANE_LABEL_ASSISTED_SCORE_FRONTIER,0.2760037787216815,0.4216898282359678,0.4179192924996925,P_CONSERVATIVE,TSRE_FULL_0b43e23768b86d,0,"[274, 773, 569, 182, 307, 790, 168, 114, 121, 186]","[274, 773, 569, 182, 307, 790, 168, 114, 121, 186]",7876c7c835ee82750010f54331195b8ac27304d3e071800699d7bd290ce210f3,1,,0.416280232893237,0.4418453748137206,0.4690502049532751,10,114,114,0.5613222025437378,3484,3484,0.6077425758954421,8c3430f4db406f6d537ef7eb5e6691f8c5fd509adcd6aab968fd08b2481ebc2b,PROFILE_0b43e23768b86d,PASS,0.4216898282359678,TSRE_FULL,0.6947058476507664,,
A1,RNA_PROTEIN,PER_LANE_LABEL_ASSISTED_SCORE_FRONTIER,0.2743480687158213,0.4205431459978477,0.4167688715288402,P_A1,TSRE_FULL_c52aba15f7f709,24,"[272, 774, 562, 182, 307, 787, 172, 118, 123, 187]","[272, 774, 562, 182, 307, 787, 172, 118, 123, 187]",448558cd38dc1f15490bace5dbcab548357a958c871c5fef0e87f848fb0e3a2a,1,,0.4147054877034027,0.4376742668247432,0.46829522272426,10,118,118,0.5652738026709281,3484,3484,0.6098105715940111,ea59b04feddd4d83bb03ea596db76d8cfd00866a523bfb7f8b46c8765881de7b,PROFILE_c52aba15f7f709,PASS,0.4205431459978477,TSRE_FULL,1.2980108223855495,,
A1,RNA_PROTEIN,PER_LANE_LABEL_ASSISTED_SCORE_FRONTIER,0.2760037787216815,0.4216898282359678,0.4179192924996925,P_A1,TSRE_FULL_aad09fdd2b1768,0,"[274, 773, 569, 182, 307, 790, 168, 114, 121, 186]","[274, 773, 569, 182, 307, 790, 168, 114, 121, 186]",d8469602b5626acaa053fae859d95c1a936513beb2b8450e0c9127f12cd6ec80,1,,0.416280232893237,0.4418453748137206,0.4690502049532751,10,114,114,0.5613222025437378,3484,3484,0.6077425758954421,8c3430f4db406f6d537ef7eb5e6691f8c5fd509adcd6aab968fd08b2481ebc2b,PROFILE_aad09fdd2b1768,PASS,0.4216898282359678,TSRE_FULL,0.609327943995595,,
A1,RNA_PROTEIN,PER_LANE_LABEL_ASSISTED_SCORE_FRONTIER,0.2746749964916028,0.420873907728713,0.417098499077326,P_S1,TSRE_FULL_5de93e05f8e4c4,12,"[274, 775, 568, 182, 307, 788, 167, 116, 121, 186]","[274, 775, 568, 182, 307, 788, 167, 116, 121, 186]",ee0553605a6cb3a2e1e1c6b71b85aa63107a0a6b1772c30de5f507895dd601f9,1,,0.4151473150692173,0.4384264249466224,0.4682147037533404,10,116,116,0.5648458654082543,3484,3484,0.6123748862602366,67bbc4bc2268a5665829683d3bf1348de3d1ccf7ef23b62710233db039b050d5,PROFILE_5de93e05f8e4c4,PASS,0.4208739077287131,TSRE_FULL,0.7059918735176325,,
A1,RNA_PROTEIN,PER_LANE_LABEL_ASSISTED_SCORE_FRONTIER,0.2748272899762026,0.4206030018814916,0.4168293111884371,P_S1,TSRE_FULL_28e09bcf8f7254,13,"[269, 770, 568, 183, 306, 787, 169, 120, 122, 190]","[269, 770, 568, 183, 306, 787, 169, 120, 122, 190]",0d6c34ef6770b3041e226ec552b1af032969a80061f9364617acc89d89e0f6f2,1,,0.4150868350177237,0.4368280437788307,0.4683920406173972,10,120,120,0.5661334630654364,3484,3484,0.6105550500454959,1da62636d0010854581119b783523550f6f7e9b0d8624ad59feff5450fd58563,PROFILE_28e09bcf8f7254,PASS,0.4206030018814916,TSRE_FULL,0.7692132852971554,,
A1,RNA_PROTEIN,PER_LANE_LABEL_ASSISTED_SCORE_FRONTIER,0.2760037787216815,0.4216898282359678,0.4179192924996925,P_S1,TSRE_FULL_850712cf8e11ac,0,"[274, 773, 569, 182, 307, 790, 168, 114, 121, 186]","[274, 773, 569, 182, 307, 790, 168, 114, 121, 186]",3be3cf07c272870abecf41b19b3557d75888ca2624b531efd2c078e2956b9bff,1,,0.416280232893237,0.4418453748137206,0.4690502049532751,10,114,114,0.5613222025437378,3484,3484,0.6077425758954421,8c3430f4db406f6d537ef7eb5e6691f8c5fd509adcd6aab968fd08b2481ebc2b,PROFILE_850712cf8e11ac,PASS,0.4216898282359678,TSRE_FULL,0.6221584789454937,,
A1,RNA_PROTEIN,PER_LANE_LABEL_ASSISTED_SCORE_FRONTIER,0.2762858911644195,0.4218302703612856,0.4180607414473253,P_A1,TSRE_FULL_62039e4d5cf164,1,"[274, 772, 570, 182, 307, 790, 168, 114, 121, 186]","[274, 772, 570, 182, 307, 790, 168, 114, 121, 186]",09619023fd98dce171a322fa90dd6885e406547184d9fbffb4d83ca0087adb85,1,,0.4165073921543699,0.4420960986456929,0.4692173606556458,10,114,114,0.5610684684472885,3484,3484,0.6073289767557284,6fd30b01f2fbe7ea2cf8c55027fba4c747138bf30ef1a7418bb2afa9c0611bf9,PROFILE_62039e4d5cf164,PASS,0.4218302703612856,TSRE_FULL,1.201260907575488,,
A1,RNA_PROTEIN,PER_LANE_LABEL_ASSISTED_SCORE_FRONTIER,0.2759730673684576,0.4216828936055337,0.417912324250422,P_S1,TSRE_FULL_4e32ae930ea43b,2,"[274, 775, 569, 182, 307, 788, 168, 114, 121, 186]","[274, 775, 569, 182, 307, 788, 168, 114, 121, 186]",99f3cba499b8ca2cbee6ed764cae47a3237c1542c7ea97166577454b60a98924,1,,0.4162533091923962,0.4416237533167571,0.4690438685946927,10,114,114,0.561545274674611,3484,3484,0.6080734552072131,e536aaa9a5290f5bb7a313e888c3e27db341e9735907e4333053c4e7b980b4c7,PROFILE_4e32ae930ea43b,PASS,0.4216828936055337,TSRE_FULL,0.6827586181461811,,
A1,RNA_PROTEIN,PER_LANE_LABEL_ASSISTED_SCORE_FRONTIER,0.2760037787216815,0.4216898282359678,0.4179192924996925,P_A1,TSRE_FULL_68de4c62e30418,0,"[274, 773, 569, 182, 307, 790, 168, 114, 121, 186]","[274, 773, 569, 182, 307, 790, 168, 114, 121, 186]",e10d93225c3162e511c7970ed7c285031b9c89fb5e3e948c2806a3e241427203,1,,0.416280232893237,0.4418453748137206,0.4690502049532751,10,114,114,0.5613222025437378,3484,3484,0.6077425758954421,8c3430f4db406f6d537ef7eb5e6691f8c5fd509adcd6aab968fd08b2481ebc2b,PROFILE_68de4c62e30418,PASS,0.4216898282359678,TSRE_FULL,0.7132552172988653,,
A1,RNA_PROTEIN,PER_LANE_LABEL_ASSISTED_SCORE_FRONTIER,0.2760037787216815,0.4216898282359678,0.4179192924996925,P_CONSERVATIVE,TSRE_FULL_3500dfd682e71f,0,"[274, 773, 569, 182, 307, 790, 168, 114, 121, 186]","[274, 773, 569, 182, 307, 790, 168, 114, 121, 186]",d6a324a7c65cc8059352506fc48d0bc9ecfd6f0450e24f96e25c38185b8ab361,1,,0.416280232893237,0.4418453748137206,0.4690502049532751,10,114,114,0.5613222025437378,3484,3484,0.6077425758954421,8c3430f4db406f6d537ef7eb5e6691f8c5fd509adcd6aab968fd08b2481ebc2b,PROFILE_3500dfd682e71f,PASS,0.4216898282359678,TSRE_FULL,0.7107405550777912,,
A1,RNA_PROTEIN,PER_LANE_LABEL_ASSISTED_SCORE_FRONTIER,0.2757578764767296,0.4216319726925339,0.4178615442531259,P_CONSERVATIVE,TSRE_FULL_72fb37477fc984,1,"[274, 773, 569, 182, 307, 789, 168, 115, 121, 186]","[274, 773, 569, 182, 307, 789, 168, 115, 121, 186]",061397e054ef95187cec89840f9501cc3207fb02a9def3f08580bd7bc6742f9f,1,,0.4160463145442974,0.4414877857009559,0.4690551068815133,10,115,115,0.5616947182905446,3484,3484,0.6079080155513277,17d6cc6669421e648183bdeacbcd05e4f4488fbfe37e6d3134a6f267ec002611,PROFILE_72fb37477fc984,PASS,0.4216319726925338,TSRE_FULL,0.5843645557761192,,
A1,RNA_PROTEIN,PER_LANE_LABEL_ASSISTED_SCORE_FRONTIER,0.2760037787216815,0.4216898282359678,0.4179192924996925,P_GEO,TSRE_FULL_8eca84b2aaf9c9,0,"[274, 773, 569, 182, 307, 790, 168, 114, 121, 186]","[274, 773, 569, 182, 307, 790, 168, 114, 121, 186]",70f1ba0bd5cb41bb01b2f5665e64c4f75045dc8d0e0590fd4c0b139425cd7d13,1,,0.416280232893237,0.4418453748137206,0.4690502049532751,10,114,114,0.5613222025437378,3484,3484,0.6077425758954421,8c3430f4db406f6d537ef7eb5e6691f8c5fd509adcd6aab968fd08b2481ebc2b,PROFILE_8eca84b2aaf9c9,PASS,0.4216898282359678,TSRE_FULL,0.6891009397804737,,
A1,RNA_PROTEIN,PER_LANE_LABEL_ASSISTED_SCORE_FRONTIER,0.2760037787216815,0.4216898282359678,0.4179192924996925,P_GEO,TSRE_FULL_53a950fec6bedf,0,"[274, 773, 569, 182, 307, 790, 168, 114, 121, 186]","[274, 773, 569, 182, 307, 790, 168, 114, 121, 186]",5289220f01f315ec22278c9c42fd9ecd1cb145cd6dce120931c936b888dba176,1,,0.416280232893237,0.4418453748137206,0.4690502049532751,10,114,114,0.5613222025437378,3484,3484,0.6077425758954421,8c3430f4db406f6d537ef7eb5e6691f8c5fd509adcd6aab968fd08b2481ebc2b,PROFILE_53a950fec6bedf,PASS,0.4216898282359678,TSRE_FULL,0.7166621331125498,,
A1,RNA_PROTEIN,PER_LANE_LABEL_ASSISTED_SCORE_FRONTIER,0.2747569435983888,0.4215186047284115,0.417751089050803,P_A1,TSRE_FULL_a2648ab9e8844a,22,"[271, 774, 561, 182, 307, 787, 172, 118, 123, 189]","[271, 774, 561, 182, 307, 787, 172, 118, 123, 189]",7616ec9e20909186a3b91ad03e19c427fbfba7719d0bc17c2901f4d222d5bf57,1,,0.4150282800970124,0.4375533837842374,0.4694338577768323,10,118,118,0.5653786851232921,3484,3484,0.6100587310778394,403fe9331a2f2ac0cd8de5218180971a9ef40f6cb53e4b67f05456d7de34f0d6,PROFILE_a2648ab9e8844a,PASS,0.4215186047284115,TSRE_FULL,1.092057604342699,,
A1,RNA_PROTEIN,PER_LANE_LABEL_ASSISTED_SCORE_FRONTIER,0.2760037787216815,0.4216898282359678,0.4179192924996925,P_GEO,TSRE_FULL_06b87f48145089,0,"[274, 773, 569, 182, 307, 790, 168, 114, 121, 186]","[274, 773, 569, 182, 307, 790, 168, 114, 121, 186]",9e88bd7413c835c26d12b3e6d4a5998e81c5ed3f7af5379fb8e5c7658f29aa39,1,,0.416280232893237,0.4418453748137206,0.4690502049532751,10,114,114,0.5613222025437378,3484,3484,0.6077425758954421,8c3430f4db406f6d537ef7eb5e6691f8c5fd509adcd6aab968fd08b2481ebc2b,PROFILE_06b87f48145089,PASS,0.4216898282359678,TSRE_FULL,0.6895116362720728,,
A1,RNA_PROTEIN,PER_LANE_LABEL_ASSISTED_SCORE_FRONTIER,0.2760037787216815,0.4216898282359678,0.4179192924996925,P_A1,TSRE_FULL_be7f41c244f84a,0,"[274, 773, 569, 182, 307, 790, 168, 114, 121, 186]","[274, 773, 569, 182, 307, 790, 168, 114, 121, 186]",16a6ab3b810cfb36c43b4fcd62440b2c992cbf2daadbf2fd4eb9fc978868d69e,1,,0.416280232893237,0.4418453748137206,0.4690502049532751,10,114,114,0.5613222025437378,3484,3484,0.6077425758954421,8c3430f4db406f6d537ef7eb5e6691f8c5fd509adcd6aab968fd08b2481ebc2b,PROFILE_be7f41c244f84a,PASS,0.4216898282359678,TSRE_FULL,0.6984327435493469,,
A1,RNA_PROTEIN,PER_LANE_LABEL_ASSISTED_SCORE_FRONTIER,0.2760037787216815,0.4216898282359678,0.4179192924996925,P_GEO,TSRE_FULL_dcc22db39be812,0,"[274, 773, 569, 182, 307, 790, 168, 114, 121, 186]","[274, 773, 569, 182, 307, 790, 168, 114, 121, 186]",d5aa4b23854829f3f7d68d7a51782f86d1c9858961fee3d8ff5be3226e619d78,1,,0.416280232893237,0.4418453748137206,0.4690502049532751,10,114,114,0.5613222025437378,3484,3484,0.6077425758954421,8c3430f4db406f6d537ef7eb5e6691f8c5fd509adcd6aab968fd08b2481ebc2b,PROFILE_dcc22db39be812,PASS,0.4216898282359678,TSRE_FULL,0.5935121644288301,,
A1,RNA_PROTEIN,PER_LANE_LABEL_ASSISTED_SCORE_FRONTIER,0.2760037787216815,0.4216898282359678,0.4179192924996925,P_GEO,TSRE_FULL_a55cd3f2c74e6d,0,"[274, 773, 569, 182, 307, 790, 168, 114, 121, 186]","[274, 773, 569, 182, 307, 790, 168, 114, 121, 186]",e33a5de79648001c0134a86ccc2982ca9be4ae48382e743b684808d6feac5b32,1,,0.416280232893237,0.4418453748137206,0.4690502049532751,10,114,114,0.5613222025437378,3484,3484,0.6077425758954421,8c3430f4db406f6d537ef7eb5e6691f8c5fd509adcd6aab968fd08b2481ebc2b,PROFILE_a55cd3f2c74e6d,PASS,0.4216898282359678,TSRE_FULL,0.6105252653360367,,
A1,RNA_PROTEIN,PER_LANE_LABEL_ASSISTED_SCORE_FRONTIER,0.2760037787216815,0.4216898282359678,0.4179192924996925,P_A1,TSRE_FULL_f5273d5f0e5130,0,"[274, 773, 569, 182, 307, 790, 168, 114, 121, 186]","[274, 773, 569, 182, 307, 790, 168, 114, 121, 186]",775982f048e30348fe375b6b60c29833fdaa24dbfd4f4d4e2ce5f425c1d1ed3f,1,,0.416280232893237,0.4418453748137206,0.4690502049532751,10,114,114,0.5613222025437378,3484,3484,0.6077425758954421,8c3430f4db406f6d537ef7eb5e6691f8c5fd509adcd6aab968fd08b2481ebc2b,PROFILE_f5273d5f0e5130,PASS,0.4216898282359678,TSRE_FULL,0.5995533540844917,,
A1,RNA_PROTEIN,PER_LANE_LABEL_ASSISTED_SCORE_FRONTIER,0.2760037787216815,0.4216898282359678,0.4179192924996925,P_S1,TSRE_FULL_8b67ffa6cfadbe,0,"[274, 773, 569, 182, 307, 790, 168, 114, 121, 186]","[274, 773, 569, 182, 307, 790, 168, 114, 121, 186]",d99b3780613feca7033c968526ad2f055755378e4e93b18fb420d96c7e144e16,1,,0.416280232893237,0.4418453748137206,0.4690502049532751,10,114,114,0.5613222025437378,3484,3484,0.6077425758954421,8c3430f4db406f6d537ef7eb5e6691f8c5fd509adcd6aab968fd08b2481ebc2b,PROFILE_8b67ffa6cfadbe,PASS,0.4216898282359678,TSRE_FULL,0.6483027469366789,,
A1,RNA_PROTEIN,PER_LANE_LABEL_ASSISTED_SCORE_FRONTIER,0.2760037787216815,0.4216898282359678,0.4179192924996925,P_CONSERVATIVE,TSRE_FULL_2fc7daffbccc58,0,"[274, 773, 569, 182, 307, 790, 168, 114, 121, 186]","[274, 773, 569, 182, 307, 790, 168, 114, 121, 186]",0654dc0a58c20ca994f3ae667ee2c5d22f3fe241446c1f4f054bad07b07f85b2,1,,0.416280232893237,0.4418453748137206,0.4690502049532751,10,114,114,0.5613222025437378,3484,3484,0.6077425758954421,8c3430f4db406f6d537ef7eb5e6691f8c5fd509adcd6aab968fd08b2481ebc2b,PROFILE_2fc7daffbccc58,PASS,0.4216898282359678,TSRE_FULL,0.7354056295007467,,
A1,RNA_PROTEIN,PER_LANE_LABEL_ASSISTED_SCORE_FRONTIER,0.2760037787216815,0.4216898282359678,0.4179192924996925,P_A1,TSRE_FULL_f2fa0483e7aa16,0,"[274, 773, 569, 182, 307, 790, 168, 114, 121, 186]","[274, 773, 569, 182, 307, 790, 168, 114, 121, 186]",4c53ce3912babf658550b664bbe92529afd0319c71d75c859f0940918815936a,1,,0.416280232893237,0.4418453748137206,0.4690502049532751,10,114,114,0.5613222025437378,3484,3484,0.6077425758954421,8c3430f4db406f6d537ef7eb5e6691f8c5fd509adcd6aab968fd08b2481ebc2b,PROFILE_f2fa0483e7aa16,PASS,0.4216898282359678,TSRE_FULL,0.6253381036221981,,
A1,RNA_PROTEIN,PER_LANE_LABEL_ASSISTED_SCORE_FRONTIER,0.2760037787216815,0.4216898282359678,0.4179192924996925,P_GEO,TSRE_FULL_189785977d6cfa,0,"[274, 773, 569, 182, 307, 790, 168, 114, 121, 186]","[274, 773, 569, 182, 307, 790, 168, 114, 121, 186]",055dd682db2f6f53e58c5ce23f9d34282507691b2be040607813211be4f9ccca,1,,0.416280232893237,0.4418453748137206,0.4690502049532751,10,114,114,0.5613222025437378,3484,3484,0.6077425758954421,8c3430f4db406f6d537ef7eb5e6691f8c5fd509adcd6aab968fd08b2481ebc2b,PROFILE_189785977d6cfa,PASS,0.4216898282359678,TSRE_FULL,0.6026687920093536,,
A1,RNA_PROTEIN,PER_LANE_LABEL_ASSISTED_SCORE_FRONTIER,0.2760037787216815,0.4216898282359678,0.4179192924996925,P_GEO,TSRE_FULL_98525e1d3651db,0,"[274, 773, 569, 182, 307, 790, 168, 114, 121, 186]","[274, 773, 569, 182, 307, 790, 168, 114, 121, 186]",e504e2942646816fdddbdd40f37ae61fefff160402d13a2034e3cf920fd82e1a,1,,0.416280232893237,0.4418453748137206,0.4690502049532751,10,114,114,0.5613222025437378,3484,3484,0.6077425758954421,8c3430f4db406f6d537ef7eb5e6691f8c5fd509adcd6aab968fd08b2481ebc2b,PROFILE_98525e1d3651db,PASS,0.4216898282359678,TSRE_FULL,0.7092809397727251,,
A1,RNA_PROTEIN,PER_LANE_LABEL_ASSISTED_SCORE_FRONTIER,0.2756090246342279,0.4212368226507134,0.4174652424798357,P_GEO,TSRE_FULL_c5513f48f1fa80,7,"[273, 773, 567, 183, 306, 788, 168, 117, 121, 188]","[273, 773, 567, 183, 306, 788, 168, 117, 121, 188]",aa10e8f0b932d37fa7d2ff82cb9bfcd84f359d7396561ab2b8c6d44db8ce5885,1,,0.4158496578075922,0.4401954722920843,0.4688131319903291,10,117,117,0.562884159324627,3484,3484,0.6089006534866408,ff3a678550e73b06e643b3d029db361ab0f25fa0dfcf416e7363d631820c5e2e,PROFILE_c5513f48f1fa80,PASS,0.4212368226507134,TSRE_FULL,0.7029680144041777,,
A1,RNA_PROTEIN,PER_LANE_LABEL_ASSISTED_SCORE_FRONTIER,0.2754730237675641,0.4214298967550249,0.4176588099402579,P_CONSERVATIVE,TSRE_FULL_c90be8482766c7,3,"[273, 773, 569, 182, 307, 788, 168, 116, 122, 186]","[273, 773, 569, 182, 307, 788, 168, 116, 122, 186]",b5067978360a4b4394d46e369b50a0747a51bc8ab8f1a8c77661894645a527c9,1,,0.4157734834854957,0.4402085094577947,0.4689282564319239,10,116,116,0.5628581323733377,3484,3484,0.6084043345189842,474a0eb6ffcd1eb428bc2e8cd63d66b20bae5ead0e6f8d72f2c4a7461360883e,PROFILE_c90be8482766c7,PASS,0.4214298967550248,TSRE_FULL,0.6928422283381224,,
A1,RNA_PROTEIN,PER_LANE_LABEL_ASSISTED_SCORE_FRONTIER,0.2760037787216815,0.4216898282359678,0.4179192924996925,P_A1,TSRE_FULL_72deeb47f08cc0,0,"[274, 773, 569, 182, 307, 790, 168, 114, 121, 186]","[274, 773, 569, 182, 307, 790, 168, 114, 121, 186]",d238551487c6e4e07bf8b4c74d6aa16b4645e5ee8bfc2e87e5aca1792378e59a,1,,0.416280232893237,0.4418453748137206,0.4690502049532751,10,114,114,0.5613222025437378,3484,3484,0.6077425758954421,8c3430f4db406f6d537ef7eb5e6691f8c5fd509adcd6aab968fd08b2481ebc2b,PROFILE_72deeb47f08cc0,PASS,0.4216898282359678,TSRE_FULL,0.7872389983385801,,
A1,RNA_PROTEIN,PER_LANE_LABEL_ASSISTED_SCORE_FRONTIER,0.2760037787216815,0.4216898282359678,0.4179192924996925,P_S1,TSRE_FULL_0f294a707e33b9,0,"[274, 773, 569, 182, 307, 790, 168, 114, 121, 186]","[274, 773, 569, 182, 307, 790, 168, 114, 121, 186]",97e79274be969107b99ea0de02ef8c0b08feaf2ea7566dd6e983968bf99f4159,1,,0.416280232893237,0.4418453748137206,0.4690502049532751,10,114,114,0.5613222025437378,3484,3484,0.6077425758954421,8c3430f4db406f6d537ef7eb5e6691f8c5fd509adcd6aab968fd08b2481ebc2b,PROFILE_0f294a707e33b9,PASS,0.4216898282359678,TSRE_FULL,0.6143377125263214,,
A1,RNA_PROTEIN,PER_LANE_LABEL_ASSISTED_SCORE_FRONTIER,0.2756448824659981,0.421739570947852,0.4179699600441414,P_A1,TSRE_FULL_3ef388de2a77a3,5,"[275, 774, 567, 182, 307, 789, 168, 115, 121, 186]","[275, 774, 567, 182, 307, 789, 168, 115, 121, 186]",8f9c9650fbc2625f88cdcd6624431848d04dd4455915f286023425548dda6555,1,,0.4159481817833603,0.4411896655802116,0.4691898171069183,10,115,115,0.5620022337756874,3484,3484,0.608156175035156,c0ac736d2fc1f7392f133e15f659be118c46d45d450fba2530a1e5e6cc7d5df3,PROFILE_3ef388de2a77a3,PASS,0.421739570947852,TSRE_FULL,1.4136835914105177,,
A1,RNA_PROTEIN,PER_LANE_LABEL_ASSISTED_SCORE_FRONTIER,0.2760037787216815,0.4216898282359678,0.4179192924996925,P_S1,TSRE_FULL_7f591f2d9a7625,0,"[274, 773, 569, 182, 307, 790, 168, 114, 121, 186]","[274, 773, 569, 182, 307, 790, 168, 114, 121, 186]",5186faa3cf5ab44cae02e566530cec1e7e92b107f86d4f6fb0806b843062c049,1,,0.416280232893237,0.4418453748137206,0.4690502049532751,10,114,114,0.5613222025437378,3484,3484,0.6077425758954421,8c3430f4db406f6d537ef7eb5e6691f8c5fd509adcd6aab968fd08b2481ebc2b,PROFILE_7f591f2d9a7625,PASS,0.4216898282359678,TSRE_FULL,0.6818377487361431,,
A1,RNA_PROTEIN,PER_LANE_LABEL_ASSISTED_SCORE_FRONTIER,0.2745880282957126,0.419628747939188,0.415851311594953,P_A1,TSRE_FULL_3b890e3458250f,42,"[274, 768, 562, 185, 304, 787, 178, 119, 123, 184]","[274, 768, 562, 185, 304, 787, 178, 119, 123, 184]",5f8c12fe0fda9624c5b3942372100ac2db86a7b475d99c50034b91b98358ef92,1,,0.4147453629540948,0.4363482088045949,0.4676376220848671,10,119,119,0.5666031983687927,3484,3484,0.6094796922822401,bcaec0547b7f1c852ccdced3bd134d2c8d338fb63c45334c8f4aa755e5961a70,PROFILE_3b890e3458250f,PASS,0.419628747939188,TSRE_FULL,1.2105892561376097,,
A1,RNA_PROTEIN,PER_LANE_LABEL_ASSISTED_SCORE_FRONTIER,0.2760037787216815,0.4216898282359678,0.4179192924996925,P_GEO,TSRE_FULL_4e3ecf1fc4d6c8,0,"[274, 773, 569, 182, 307, 790, 168, 114, 121, 186]","[274, 773, 569, 182, 307, 790, 168, 114, 121, 186]",db52a39b3325ba6c58ffd6b47195217b08bd9d6797cd56aaa575cb0b4e349a3b,1,,0.416280232893237,0.4418453748137206,0.4690502049532751,10,114,114,0.5613222025437378,3484,3484,0.6077425758954421,8c3430f4db406f6d537ef7eb5e6691f8c5fd509adcd6aab968fd08b2481ebc2b,PROFILE_4e3ecf1fc4d6c8,PASS,0.4216898282359678,TSRE_FULL,0.6809720527380705,,
A1,RNA_PROTEIN,PER_LANE_LABEL_ASSISTED_SCORE_FRONTIER,0.2696578795179695,0.4140338535423136,0.4102214533044177,P_A1,TSRE_FULL_c92790e00025c1,65,"[273, 771, 556, 184, 301, 787, 186, 120, 126, 180]","[273, 771, 556, 184, 301, 787, 186, 120, 126, 180]",42a54926b16f562ad2a814d7e758db749e1f022cdf225bc878b91ab0d814b359,1,,0.4105664116894835,0.4379837827860268,0.461610900977333,10,120,120,0.5646051111406111,3484,3484,0.6062536189924725,542b0ee35208070632425cf68e27f850ced50ff8884d70180ecd82a5b5d970c9,PROFILE_c92790e00025c1,PASS,0.4140338535423136,TSRE_FULL,1.4209665283560753,,
A1,RNA_PROTEIN,PER_LANE_LABEL_ASSISTED_SCORE_FRONTIER,0.2760037787216815,0.4216898282359678,0.4179192924996925,P_GEO,TSRE_FULL_ff7e8345ae9cfd,0,"[274, 773, 569, 182, 307, 790, 168, 114, 121, 186]","[274, 773, 569, 182, 307, 790, 168, 114, 121, 186]",9feb11287c2b34e12172b32c887bb532b60d41ee1fb7811dfbc6d130b244e158,1,,0.416280232893237,0.4418453748137206,0.4690502049532751,10,114,114,0.5613222025437378,3484,3484,0.6077425758954421,8c3430f4db406f6d537ef7eb5e6691f8c5fd509adcd6aab968fd08b2481ebc2b,PROFILE_ff7e8345ae9cfd,PASS,0.4216898282359678,TSRE_FULL,0.7777594979852438,,
A1,RNA_PROTEIN,PER_LANE_LABEL_ASSISTED_SCORE_FRONTIER,0.2760037787216815,0.4216898282359678,0.4179192924996925,P_GEO,TSRE_FULL_4edf8c631a8c8b,0,"[274, 773, 569, 182, 307, 790, 168, 114, 121, 186]","[274, 773, 569, 182, 307, 790, 168, 114, 121, 186]",135c54b5e967f848c2eef2b048bfe495c5be04250b778816cd189eb640987119,1,,0.416280232893237,0.4418453748137206,0.4690502049532751,10,114,114,0.5613222025437378,3484,3484,0.6077425758954421,8c3430f4db406f6d537ef7eb5e6691f8c5fd509adcd6aab968fd08b2481ebc2b,PROFILE_4edf8c631a8c8b,PASS,0.4216898282359678,TSRE_FULL,0.6158281527459621,,
A1,RNA_PROTEIN,PER_LANE_LABEL_ASSISTED_SCORE_FRONTIER,0.2760037787216815,0.4216898282359678,0.4179192924996925,P_GEO,TSRE_FULL_174e49933789aa,0,"[274, 773, 569, 182, 307, 790, 168, 114, 121, 186]","[274, 773, 569, 182, 307, 790, 168, 114, 121, 186]",659978d81197c4b3c58c5104f5447119227a8f250236eef61c583d458825fb45,1,,0.416280232893237,0.4418453748137206,0.4690502049532751,10,114,114,0.5613222025437378,3484,3484,0.6077425758954421,8c3430f4db406f6d537ef7eb5e6691f8c5fd509adcd6aab968fd08b2481ebc2b,PROFILE_174e49933789aa,PASS,0.4216898282359678,TSRE_FULL,0.6904864478856325,,
A1,RNA_PROTEIN,PER_LANE_LABEL_ASSISTED_SCORE_FRONTIER,0.2760037787216815,0.4216898282359678,0.4179192924996925,P_A1,TSRE_FULL_9aa783fa264f38,0,"[274, 773, 569, 182, 307, 790, 168, 114, 121, 186]","[274, 773, 569, 182, 307, 790, 168, 114, 121, 186]",c152ab1c07b716bb2df43fbf2552c98a85c4d71028b2b4dd78904691de44d7c0,1,,0.416280232893237,0.4418453748137206,0.4690502049532751,10,114,114,0.5613222025437378,3484,3484,0.6077425758954421,8c3430f4db406f6d537ef7eb5e6691f8c5fd509adcd6aab968fd08b2481ebc2b,PROFILE_9aa783fa264f38,PASS,0.4216898282359678,TSRE_FULL,0.7003555279225111,,
A1,RNA_PROTEIN,PER_LANE_LABEL_ASSISTED_SCORE_FRONTIER,0.2753723973262483,0.4208925236278539,0.4171200047476835,P_GEO,TSRE_FULL_ac686af1d0ebbc,13,"[271, 772, 567, 183, 306, 787, 168, 118, 124, 188]","[271, 772, 567, 183, 306, 787, 168, 118, 124, 188]",2f1ec11e5cc91cad004bb58a8c6d56a7f3b929ee1964408d99eac85263c5bc31,1,,0.4155837795590507,0.4378404552241516,0.4686211250586737,10,118,118,0.5652539857724767,3484,3484,0.6099760112498966,22ec75b1ce7a435b73baa00016b2c1628514be8e37ac9b0d57ea9a769b814407,PROFILE_ac686af1d0ebbc,PASS,0.4208925236278539,TSRE_FULL,0.6896255891770124,,
A1,RNA_PROTEIN,PER_LANE_LABEL_ASSISTED_SCORE_FRONTIER,0.2755270443849162,0.420949514286459,0.4171764081333883,P_CONSERVATIVE,TSRE_FULL_4ae471a38560c3,11,"[271, 773, 567, 183, 306, 788, 168, 117, 123, 188]","[271, 773, 567, 183, 306, 788, 168, 117, 123, 188]",fd36db833027fe4378a232d20ed9f05c1ce432ba67b7847984d9d24d25cba87b,1,,0.4157685056321908,0.4384999475854464,0.4685507981639903,10,117,117,0.5644913463295704,3484,3484,0.6094796922822401,5ab94a513f0c38baabb6c1a7a1aa74e83ca32d5624ad5a13847378a4ad468a07,PROFILE_4ae471a38560c3,PASS,0.420949514286459,TSRE_FULL,0.6182347144931555,,
A1,RNA_PROTEIN,PER_LANE_LABEL_ASSISTED_SCORE_FRONTIER,0.2757175589044103,0.421486628102426,0.4177154270635737,P_CONSERVATIVE,TSRE_FULL_26027affbafe32,2,"[273, 773, 569, 182, 307, 789, 168, 115, 122, 186]","[273, 773, 569, 182, 307, 789, 168, 115, 122, 186]",880f1f819c5337c583333434fd1b6fcce12db6e263981c877f015396c5dcbb00,1,,0.4160062164497232,0.4407127864483269,0.4689225076646316,10,115,115,0.5624461777854229,3484,3484,0.608156175035156,b7f37ae48cfa7687be3831b7df4216cbe74b42dc84da54ce13d92dccac0c5e65,PROFILE_26027affbafe32,PASS,0.421486628102426,TSRE_FULL,0.698255343362689,,
A1,RNA_PROTEIN,PER_LANE_LABEL_ASSISTED_SCORE_FRONTIER,0.2757578764767296,0.4216319726925339,0.4178615442531259,P_S1,TSRE_FULL_f74d383977e972,1,"[274, 773, 569, 182, 307, 789, 168, 115, 121, 186]","[274, 773, 569, 182, 307, 789, 168, 115, 121, 186]",af4f24b660aeb03db1c4877f3f8129dd22a7561363c58691c8d55dad21420a41,1,,0.4160463145442974,0.4414877857009559,0.4690551068815133,10,115,115,0.5616947182905446,3484,3484,0.6079080155513277,17d6cc6669421e648183bdeacbcd05e4f4488fbfe37e6d3134a6f267ec002611,PROFILE_f74d383977e972,PASS,0.4216319726925338,TSRE_FULL,0.6892750672996044,,
A1,RNA_PROTEIN,PER_LANE_LABEL_ASSISTED_SCORE_FRONTIER,0.2760037787216815,0.4216898282359678,0.4179192924996925,P_GEO,TSRE_FULL_3706dcae9dc751,0,"[274, 773, 569, 182, 307, 790, 168, 114, 121, 186]","[274, 773, 569, 182, 307, 790, 168, 114, 121, 186]",dad31acc8acb884201f741a8ba1f21e908b34977912158f3f66290bb6eedff91,1,,0.416280232893237,0.4418453748137206,0.4690502049532751,10,114,114,0.5613222025437378,3484,3484,0.6077425758954421,8c3430f4db406f6d537ef7eb5e6691f8c5fd509adcd6aab968fd08b2481ebc2b,PROFILE_3706dcae9dc751,PASS,0.4216898282359678,TSRE_FULL,0.7099549639970064,,
A1,RNA_PROTEIN,PER_LANE_LABEL_ASSISTED_SCORE_FRONTIER,0.2722593020696388,0.416104166718576,0.4123054229136435,P_A1,TSRE_FULL_2179eccb7b4e82,56,"[270, 765, 561, 185, 304, 788, 185, 119, 124, 183]","[270, 765, 561, 185, 304, 788, 185, 119, 124, 183]",94c903915eec83918b5c141ddda188601ed26026ebc3936535e8893954c3bfc7,1,,0.4127131415038956,0.434424927350872,0.4639221189202296,10,119,119,0.5683173371448118,3484,3484,0.6098105715940111,cfd23d65159608b5e6c3780f07ccb30c38ac2e0e6ca570e521dde49308183b4f,PROFILE_2179eccb7b4e82,PASS,0.4161041667185759,TSRE_FULL,1.5864514205604792,,
A1,RNA_PROTEIN,PER_LANE_LABEL_ASSISTED_SCORE_FRONTIER,0.2750724994977235,0.4207480276123578,0.4169738709423756,P_A1,TSRE_FULL_59522032fbdfac,13,"[272, 774, 564, 182, 307, 788, 170, 117, 122, 188]","[272, 774, 564, 182, 307, 788, 170, 117, 122, 188]",69f50828c55ce643fe98f0bec48c37e11147eda81615353402eabb7fcf4a5c20,1,,0.4153753314229074,0.4387821947889431,0.468354735469129,10,117,117,0.5642146765099378,3484,3484,0.6095624121101828,6c56a11f455c3d3c3d656a013f5897ddfdd67a5a0cc3333576117f2da1a70527,PROFILE_59522032fbdfac,PASS,0.4207480276123578,TSRE_FULL,1.2196289040148258,,
tonsil_s1,RNA_PROTEIN,PER_LANE_LABEL_ASSISTED_SCORE_FRONTIER,0.2366828671825159,0.3173652406079106,0.316766729734924,NONE,INPUT_STRONG_START,0,"[478, 1304, 1141, 1403]","[478, 1304, 1141, 1403]",74234e98afe7498fb5daf1f36ac2d78acc339464f950703b8c019892f982b90b,1,,0.5033588064073908,0.2742395844372606,0.3565111604652228,4,478,478,0.7257346262282802,4326,4326,0.7997187625552431,61d64ed233b9bd5e8d800da195123f337eb1b1fcdaee08cec1068601738d5e0b,INPUT_STRONG_START,PASS,0.3173652406079106,INPUT_STRONG_START,0.0003745015710592,,
tonsil_s1,RNA_PROTEIN,PER_LANE_LABEL_ASSISTED_SCORE_FRONTIER,0.235126420007987,0.3158483389591953,0.3152486385393925,P_A1,NIGHT15F_DIRECT_177199d44d3d6a,5,"[480, 1304, 1142, 1400]","[480, 1304, 1142, 1400]",622ff84e66ccdf5f911512d6ef1e8f8a6406668f5a0a2a9624ea986afd9921de,1,,0.5022150330239104,0.2728303900636593,0.3548881639257033,4,480,480,0.7272686144982918,4326,4326,0.8004553368153208,075f0191c69a30964556e0072fd1f451f499bf1c939417aee52e91b2cbbe0a74,PROFILE_177199d44d3d6a,PASS,0.3158483389591953,NIGHT15F_DIRECT,2.1247818898409605,,
tonsil_s1,RNA_PROTEIN,PER_LANE_LABEL_ASSISTED_SCORE_FRONTIER,0.235126420007987,0.3158483389591953,0.3152486385393925,P_A1,TSRE_SUPPORT_ONLY_0bc413d447f895,5,"[480, 1304, 1142, 1400]","[480, 1304, 1142, 1400]",a6c9d2fdcec718a40757afa48277317ee7f6955edc0334be429f67a7571aa3f4,1,,0.5022150330239104,0.2728303900636593,0.3548881639257033,4,480,480,0.7272686144982918,4326,4326,0.8004553368153208,075f0191c69a30964556e0072fd1f451f499bf1c939417aee52e91b2cbbe0a74,PROFILE_0bc413d447f895,PASS,0.3158483389591953,TSRE_SUPPORT_ONLY,1.2279043104499578,,
tonsil_s1,RNA_PROTEIN,PER_LANE_LABEL_ASSISTED_SCORE_FRONTIER,0.2357877544227325,0.3163282810998022,0.3157287966208562,P_A1,TSRE_SUPPORT_ONLY_2243d5fb6f1aa3,3,"[477, 1304, 1141, 1404]","[477, 1304, 1141, 1404]",777554d714d70c046803b5ce538fae0a158e4bd2d2530ff299a34b90e39dd413,1,,0.5027882517721542,0.2743267594089079,0.3553091103828343,4,477,477,0.725695008163313,4326,4326,0.7997187625552431,47929f58915b630694e3dd48aa2547f63e4c9fa89b32e1310a7461c3ab7bb5a2,PROFILE_2243d5fb6f1aa3,PASS,0.3163282810998023,TSRE_SUPPORT_ONLY,1.752956984564662,,
tonsil_s1,RNA_PROTEIN,PER_LANE_LABEL_ASSISTED_SCORE_FRONTIER,0.2361031001350326,0.3165621582040409,0.3159628709062739,P_A1,TSRE_SUPPORT_ONLY_9a558768f506ce,4,"[477, 1305, 1140, 1404]","[477, 1305, 1140, 1404]",e22f8e7c20579d849f4be7ccd5fe16c890c1bae8110b6160818ded85a4aded3d,1,,0.5030092161076033,0.2748459028552301,0.3555671707481733,4,477,477,0.7251808959183804,4326,4326,0.7993169947770189,0aaea959e0fc6899a5169227cc88a4b4731d952b74143a79efaa819cf93fdb9f,PROFILE_9a558768f506ce,PASS,0.3165621582040408,TSRE_SUPPORT_ONLY,1.5107726771384478,,
tonsil_s1,RNA_PROTEIN,PER_LANE_LABEL_ASSISTED_SCORE_FRONTIER,0.2357877544227325,0.3163282810998022,0.3157287966208562,P_A1,TSRE_FULL_99e7f2c98f050e,3,"[477, 1304, 1141, 1404]","[477, 1304, 1141, 1404]",fe65cb4f64929d589a404257956928de219d3500f5c3715aebe8822d7171fb5c,1,,0.5027882517721542,0.2743267594089079,0.3553091103828343,4,477,477,0.725695008163313,4326,4326,0.7997187625552431,47929f58915b630694e3dd48aa2547f63e4c9fa89b32e1310a7461c3ab7bb5a2,PROFILE_99e7f2c98f050e,PASS,0.3163282810998023,TSRE_FULL,1.5437101516872644,,
tonsil_s1,RNA_PROTEIN,PER_LANE_LABEL_ASSISTED_SCORE_FRONTIER,0.2360835733322882,0.316694097241709,0.3160949979331109,P_A1,TSRE_FULL_e3860eadfb62e6,2,"[478, 1304, 1141, 1403]","[478, 1304, 1141, 1403]",2fbb9b3e6b317148021ce3fc03931d66238988d5f5194b8faccc0acf33bbee01,1,,0.5029515218215052,0.2741162551063176,0.3557572338541523,4,478,478,0.7259109051140518,4326,4326,0.7997857238516137,52d1b797448c2a57d285e31bf95aa11a376f6b2cd5d279541f501588ace1236e,PROFILE_e3860eadfb62e6,PASS,0.316694097241709,TSRE_FULL,1.1849820390343666,,
tonsil_s1,RNA_PROTEIN,PER_LANE_LABEL_ASSISTED_SCORE_FRONTIER,0.2360835733322882,0.316694097241709,0.3160949979331109,P_A1,TSRE_FULL_27b41a87f90acc,2,"[478, 1304, 1141, 1403]","[478, 1304, 1141, 1403]",126c82b8769608416e742f5f0334dd593a0ec1ddebe161583ff5ca1ab724f775,1,,0.5029515218215052,0.2741162551063176,0.3557572338541523,4,478,478,0.7259109051140518,4326,4326,0.7997857238516137,52d1b797448c2a57d285e31bf95aa11a376f6b2cd5d279541f501588ace1236e,PROFILE_27b41a87f90acc,PASS,0.316694097241709,TSRE_FULL,1.8255338221788409,,
tonsil_s1,RNA_PROTEIN,PER_LANE_LABEL_ASSISTED_SCORE_FRONTIER,0.2364081980181545,0.3171431105937294,0.3165444083792516,P_S1,NIGHT15F_DIRECT_96e54ebba64151,2,"[478, 1302, 1142, 1404]","[478, 1302, 1142, 1404]",a8033b9347693699319e99e30211faf93dbc44f91621faa4468058b37bc73976,1,,0.5031696551773036,0.2734924494578948,0.3562636379164384,4,478,478,0.7264817042062234,4326,4326,0.8003214142225793,35727188b2c96a90d345a13c2e4407ee8468cfb96f402b869ae70d5359325b18,PROFILE_96e54ebba64151,PASS,0.3171431105937294,NIGHT15F_DIRECT,0.3741165604442358,,
tonsil_s1,RNA_PROTEIN,PER_LANE_LABEL_ASSISTED_SCORE_FRONTIER,0.2366828671825159,0.3173652406079106,0.316766729734924,P_S1,TSRE_SUPPORT_ONLY_77616f71fc251e,0,"[478, 1304, 1141, 1403]","[478, 1304, 1141, 1403]",f04d8c0a6579b6abc7bc591ceb289bc238dc2c9576c2ca45ac4101baa4a5cb4b,1,,0.5033588064073908,0.2742395844372606,0.3565111604652228,4,478,478,0.7257346262282802,4326,4326,0.7997187625552431,61d64ed233b9bd5e8d800da195123f337eb1b1fcdaee08cec1068601738d5e0b,PROFILE_77616f71fc251e,PASS,0.3173652406079106,TSRE_SUPPORT_ONLY,0.6186441630125046,,
tonsil_s1,RNA_PROTEIN,PER_LANE_LABEL_ASSISTED_SCORE_FRONTIER,0.2366828671825159,0.3173652406079106,0.316766729734924,P_S1,TSRE_SUPPORT_ONLY_2ace2160ac2ee1,0,"[478, 1304, 1141, 1403]","[478, 1304, 1141, 1403]",c0c90afcd7cd42bdb230bffc6ca4ff96ea48206fdd859dfc11ea685f8253e730,1,,0.5033588064073908,0.2742395844372606,0.3565111604652228,4,478,478,0.7257346262282802,4326,4326,0.7997187625552431,61d64ed233b9bd5e8d800da195123f337eb1b1fcdaee08cec1068601738d5e0b,PROFILE_2ace2160ac2ee1,PASS,0.3173652406079106,TSRE_SUPPORT_ONLY,0.5677184369415045,,
tonsil_s1,RNA_PROTEIN,PER_LANE_LABEL_ASSISTED_SCORE_FRONTIER,0.2366828671825159,0.3173652406079106,0.316766729734924,P_S1,TSRE_SUPPORT_ONLY_57f1dca5e9a927,0,"[478, 1304, 1141, 1403]","[478, 1304, 1141, 1403]",e48dfb2b9c9dde90650196c330774f50a72da913a43d78b03a296b3ce1979aa8,1,,0.5033588064073908,0.2742395844372606,0.3565111604652228,4,478,478,0.7257346262282802,4326,4326,0.7997187625552431,61d64ed233b9bd5e8d800da195123f337eb1b1fcdaee08cec1068601738d5e0b,PROFILE_57f1dca5e9a927,PASS,0.3173652406079106,TSRE_SUPPORT_ONLY,1.164950905367732,,
tonsil_s1,RNA_PROTEIN,PER_LANE_LABEL_ASSISTED_SCORE_FRONTIER,0.2366828671825159,0.3173652406079106,0.316766729734924,P_S1,TSRE_FULL_44953966a00c7d,0,"[478, 1304, 1141, 1403]","[478, 1304, 1141, 1403]",3d828263ec9fba5d53037b6ac95b3c76f99251d217698e4cdc60f091bf490f81,1,,0.5033588064073908,0.2742395844372606,0.3565111604652228,4,478,478,0.7257346262282802,4326,4326,0.7997187625552431,61d64ed233b9bd5e8d800da195123f337eb1b1fcdaee08cec1068601738d5e0b,PROFILE_44953966a00c7d,PASS,0.3173652406079106,TSRE_FULL,0.8808792568743229,,
tonsil_s1,RNA_PROTEIN,PER_LANE_LABEL_ASSISTED_SCORE_FRONTIER,0.2366828671825159,0.3173652406079106,0.316766729734924,P_S1,TSRE_FULL_1784633509c87e,0,"[478, 1304, 1141, 1403]","[478, 1304, 1141, 1403]",c621b89675beda1c1657f246b06d2954052cfd56c2f727d55127f89c47634e96,1,,0.5033588064073908,0.2742395844372606,0.3565111604652228,4,478,478,0.7257346262282802,4326,4326,0.7997187625552431,61d64ed233b9bd5e8d800da195123f337eb1b1fcdaee08cec1068601738d5e0b,PROFILE_1784633509c87e,PASS,0.3173652406079106,TSRE_FULL,0.546323724091053,,
tonsil_s1,RNA_PROTEIN,PER_LANE_LABEL_ASSISTED_SCORE_FRONTIER,0.2366828671825159,0.3173652406079106,0.316766729734924,P_S1,TSRE_FULL_22f6b42b5f8970,0,"[478, 1304, 1141, 1403]","[478, 1304, 1141, 1403]",eb7aef246532cf28187f623c156318dac0302270a3ab46ee698adea9fa6dfcf0,1,,0.5033588064073908,0.2742395844372606,0.3565111604652228,4,478,478,0.7257346262282802,4326,4326,0.7997187625552431,61d64ed233b9bd5e8d800da195123f337eb1b1fcdaee08cec1068601738d5e0b,PROFILE_22f6b42b5f8970,PASS,0.3173652406079106,TSRE_FULL,0.9986268039792776,,
tonsil_s1,RNA_PROTEIN,PER_LANE_LABEL_ASSISTED_SCORE_FRONTIER,0.2366828671825159,0.3173652406079106,0.316766729734924,P_GEO,NIGHT15F_DIRECT_be17291ce154d3,0,"[478, 1304, 1141, 1403]","[478, 1304, 1141, 1403]",811c5b43350399eeb27bbfe3726b38df740cd43f5d1d20d7ed05c48ac3a37cf2,1,,0.5033588064073908,0.2742395844372606,0.3565111604652228,4,478,478,0.7257346262282802,4326,4326,0.7997187625552431,61d64ed233b9bd5e8d800da195123f337eb1b1fcdaee08cec1068601738d5e0b,PROFILE_be17291ce154d3,PASS,0.3173652406079106,NIGHT15F_DIRECT,0.6743998173624277,,
tonsil_s1,RNA_PROTEIN,PER_LANE_LABEL_ASSISTED_SCORE_FRONTIER,0.2366828671825159,0.3173652406079106,0.316766729734924,P_GEO,TSRE_SUPPORT_ONLY_8e58c732935411,0,"[478, 1304, 1141, 1403]","[478, 1304, 1141, 1403]",8a68d46cf93b96c667ad8aae0255cc6b2ecffff09faa91675553ac897d45d509,1,,0.5033588064073908,0.2742395844372606,0.3565111604652228,4,478,478,0.7257346262282802,4326,4326,0.7997187625552431,61d64ed233b9bd5e8d800da195123f337eb1b1fcdaee08cec1068601738d5e0b,PROFILE_8e58c732935411,PASS,0.3173652406079106,TSRE_SUPPORT_ONLY,0.6737391073256731,,
tonsil_s1,RNA_PROTEIN,PER_LANE_LABEL_ASSISTED_SCORE_FRONTIER,0.2366828671825159,0.3173652406079106,0.316766729734924,P_GEO,TSRE_SUPPORT_ONLY_6aba48418df5f8,0,"[478, 1304, 1141, 1403]","[478, 1304, 1141, 1403]",9425737fcc2b7f54daf432a51d07bc1085bb7de8a1db562b9ae3cd63b65228b9,1,,0.5033588064073908,0.2742395844372606,0.3565111604652228,4,478,478,0.7257346262282802,4326,4326,0.7997187625552431,61d64ed233b9bd5e8d800da195123f337eb1b1fcdaee08cec1068601738d5e0b,PROFILE_6aba48418df5f8,PASS,0.3173652406079106,TSRE_SUPPORT_ONLY,0.5914485771209002,,
tonsil_s1,RNA_PROTEIN,PER_LANE_LABEL_ASSISTED_SCORE_FRONTIER,0.2366828671825159,0.3173652406079106,0.316766729734924,P_GEO,TSRE_SUPPORT_ONLY_192a40cdf0990d,0,"[478, 1304, 1141, 1403]","[478, 1304, 1141, 1403]",5a7e1faf1f459fdec39023a37c9e3e3e056c14d5d740230f37759ec8ed50045e,1,,0.5033588064073908,0.2742395844372606,0.3565111604652228,4,478,478,0.7257346262282802,4326,4326,0.7997187625552431,61d64ed233b9bd5e8d800da195123f337eb1b1fcdaee08cec1068601738d5e0b,PROFILE_192a40cdf0990d,PASS,0.3173652406079106,TSRE_SUPPORT_ONLY,0.6059310287237167,,
tonsil_s1,RNA_PROTEIN,PER_LANE_LABEL_ASSISTED_SCORE_FRONTIER,0.2366828671825159,0.3173652406079106,0.316766729734924,P_GEO,TSRE_FULL_0f7fe82267a674,0,"[478, 1304, 1141, 1403]","[478, 1304, 1141, 1403]",d0aa242d697cd1ddaa497cf74989cbc8cb247d9cfe47cec7cee83fd779cce860,1,,0.5033588064073908,0.2742395844372606,0.3565111604652228,4,478,478,0.7257346262282802,4326,4326,0.7997187625552431,61d64ed233b9bd5e8d800da195123f337eb1b1fcdaee08cec1068601738d5e0b,PROFILE_0f7fe82267a674,PASS,0.3173652406079106,TSRE_FULL,1.5206866431981323,,
tonsil_s1,RNA_PROTEIN,PER_LANE_LABEL_ASSISTED_SCORE_FRONTIER,0.2366828671825159,0.3173652406079106,0.316766729734924,P_GEO,TSRE_FULL_9d34d379cefac0,0,"[478, 1304, 1141, 1403]","[478, 1304, 1141, 1403]",93d4a7d91a0c8d243a0926ed9a95e470c0546270f417bef2552e3b378bdd5287,1,,0.5033588064073908,0.2742395844372606,0.3565111604652228,4,478,478,0.7257346262282802,4326,4326,0.7997187625552431,61d64ed233b9bd5e8d800da195123f337eb1b1fcdaee08cec1068601738d5e0b,PROFILE_9d34d379cefac0,PASS,0.3173652406079106,TSRE_FULL,0.5748047437518835,,
tonsil_s1,RNA_PROTEIN,PER_LANE_LABEL_ASSISTED_SCORE_FRONTIER,0.2366828671825159,0.3173652406079106,0.316766729734924,P_GEO,TSRE_FULL_72ef28512c4dd0,0,"[478, 1304, 1141, 1403]","[478, 1304, 1141, 1403]",0c9a5fd4235d297a0cee15cb106dd2310453047438c5caa591a00923befb9070,1,,0.5033588064073908,0.2742395844372606,0.3565111604652228,4,478,478,0.7257346262282802,4326,4326,0.7997187625552431,61d64ed233b9bd5e8d800da195123f337eb1b1fcdaee08cec1068601738d5e0b,PROFILE_72ef28512c4dd0,PASS,0.3173652406079106,TSRE_FULL,0.7036020755767822,,
tonsil_s1,RNA_PROTEIN,PER_LANE_LABEL_ASSISTED_SCORE_FRONTIER,0.2366828671825159,0.3173652406079106,0.316766729734924,P_CONSERVATIVE,NIGHT15F_DIRECT_0b614136d31c2c,0,"[478, 1304, 1141, 1403]","[478, 1304, 1141, 1403]",3b9c3483b1f68a99faa2ae177bef6dce26ce0b3fcfe8bfc2ebe0313c8934b447,1,,0.5033588064073908,0.2742395844372606,0.3565111604652228,4,478,478,0.7257346262282802,4326,4326,0.7997187625552431,61d64ed233b9bd5e8d800da195123f337eb1b1fcdaee08cec1068601738d5e0b,PROFILE_0b614136d31c2c,PASS,0.3173652406079106,NIGHT15F_DIRECT,0.3915935028344393,,
tonsil_s1,RNA_PROTEIN,PER_LANE_LABEL_ASSISTED_SCORE_FRONTIER,0.2366828671825159,0.3173652406079106,0.316766729734924,P_CONSERVATIVE,TSRE_SUPPORT_ONLY_31a54461f11a8b,0,"[478, 1304, 1141, 1403]","[478, 1304, 1141, 1403]",7b4e72f8bd30ae9cf7de38adc46a817c6fb660d026886591b7e54ff1e8ab67fc,1,,0.5033588064073908,0.2742395844372606,0.3565111604652228,4,478,478,0.7257346262282802,4326,4326,0.7997187625552431,61d64ed233b9bd5e8d800da195123f337eb1b1fcdaee08cec1068601738d5e0b,PROFILE_31a54461f11a8b,PASS,0.3173652406079106,TSRE_SUPPORT_ONLY,1.0314773842692375,,
tonsil_s1,RNA_PROTEIN,PER_LANE_LABEL_ASSISTED_SCORE_FRONTIER,0.2366828671825159,0.3173652406079106,0.316766729734924,P_CONSERVATIVE,TSRE_SUPPORT_ONLY_795046c5150f4e,0,"[478, 1304, 1141, 1403]","[478, 1304, 1141, 1403]",c33b01aef080f88bfe632981a96e6d5a0f85cbf30f0038e1eaf16acdab858b48,1,,0.5033588064073908,0.2742395844372606,0.3565111604652228,4,478,478,0.7257346262282802,4326,4326,0.7997187625552431,61d64ed233b9bd5e8d800da195123f337eb1b1fcdaee08cec1068601738d5e0b,PROFILE_795046c5150f4e,PASS,0.3173652406079106,TSRE_SUPPORT_ONLY,0.8740296866744757,,
tonsil_s1,RNA_PROTEIN,PER_LANE_LABEL_ASSISTED_SCORE_FRONTIER,0.2366828671825159,0.3173652406079106,0.316766729734924,P_CONSERVATIVE,TSRE_SUPPORT_ONLY_8e642aff264f3d,0,"[478, 1304, 1141, 1403]","[478, 1304, 1141, 1403]",37787f92514cd45da9cd0db3c41cce1ede8c86f14181bf6d6c2e1caab01bf673,1,,0.5033588064073908,0.2742395844372606,0.3565111604652228,4,478,478,0.7257346262282802,4326,4326,0.7997187625552431,61d64ed233b9bd5e8d800da195123f337eb1b1fcdaee08cec1068601738d5e0b,PROFILE_8e642aff264f3d,PASS,0.3173652406079106,TSRE_SUPPORT_ONLY,0.59916833601892,,
tonsil_s1,RNA_PROTEIN,PER_LANE_LABEL_ASSISTED_SCORE_FRONTIER,0.2366828671825159,0.3173652406079106,0.316766729734924,P_CONSERVATIVE,TSRE_FULL_326b53183ac0a4,0,"[478, 1304, 1141, 1403]","[478, 1304, 1141, 1403]",fee9d7647857377105612afec20850da85e04b4be1da83ddee874e7eba710e24,1,,0.5033588064073908,0.2742395844372606,0.3565111604652228,4,478,478,0.7257346262282802,4326,4326,0.7997187625552431,61d64ed233b9bd5e8d800da195123f337eb1b1fcdaee08cec1068601738d5e0b,PROFILE_326b53183ac0a4,PASS,0.3173652406079106,TSRE_FULL,0.7274609860032797,,
tonsil_s1,RNA_PROTEIN,PER_LANE_LABEL_ASSISTED_SCORE_FRONTIER,0.2366828671825159,0.3173652406079106,0.316766729734924,P_CONSERVATIVE,TSRE_FULL_a2136040df85f7,0,"[478, 1304, 1141, 1403]","[478, 1304, 1141, 1403]",e2fdc25475874fa835dde85c4c7a1955b208d82460075ca06e4bebf602281bdc,1,,0.5033588064073908,0.2742395844372606,0.3565111604652228,4,478,478,0.7257346262282802,4326,4326,0.7997187625552431,61d64ed233b9bd5e8d800da195123f337eb1b1fcdaee08cec1068601738d5e0b,PROFILE_a2136040df85f7,PASS,0.3173652406079106,TSRE_FULL,0.889553127810359,,
tonsil_s1,RNA_PROTEIN,PER_LANE_LABEL_ASSISTED_SCORE_FRONTIER,0.2366828671825159,0.3173652406079106,0.316766729734924,P_CONSERVATIVE,TSRE_FULL_0b43e23768b86d,0,"[478, 1304, 1141, 1403]","[478, 1304, 1141, 1403]",7876c7c835ee82750010f54331195b8ac27304d3e071800699d7bd290ce210f3,1,,0.5033588064073908,0.2742395844372606,0.3565111604652228,4,478,478,0.7257346262282802,4326,4326,0.7997187625552431,61d64ed233b9bd5e8d800da195123f337eb1b1fcdaee08cec1068601738d5e0b,PROFILE_0b43e23768b86d,PASS,0.3173652406079106,TSRE_FULL,0.5885719209909439,,
tonsil_s1,RNA_PROTEIN,PER_LANE_LABEL_ASSISTED_SCORE_FRONTIER,0.2330542324467548,0.3139198785878517,0.3133188771256584,P_A1,TSRE_FULL_c52aba15f7f709,14,"[486, 1303, 1143, 1394]","[486, 1303, 1143, 1394]",448558cd38dc1f15490bace5dbcab548357a958c871c5fef0e87f848fb0e3a2a,1,,0.5005744780681275,0.272348604874072,0.3529439603897459,4,486,486,0.7277282866626774,4326,4326,0.8004553368153208,ed23d98f51718793e853cc2574a88dc27563ece8655f525be5a37b0308db88dd,PROFILE_c52aba15f7f709,PASS,0.3139198785878516,TSRE_FULL,1.7745232079178097,,
tonsil_s1,RNA_PROTEIN,PER_LANE_LABEL_ASSISTED_SCORE_FRONTIER,0.2366828671825159,0.3173652406079106,0.316766729734924,P_A1,TSRE_FULL_aad09fdd2b1768,0,"[478, 1304, 1141, 1403]","[478, 1304, 1141, 1403]",d8469602b5626acaa053fae859d95c1a936513beb2b8450e0c9127f12cd6ec80,1,,0.5033588064073908,0.2742395844372606,0.3565111604652228,4,478,478,0.7257346262282802,4326,4326,0.7997187625552431,61d64ed233b9bd5e8d800da195123f337eb1b1fcdaee08cec1068601738d5e0b,PROFILE_aad09fdd2b1768,PASS,0.3173652406079106,TSRE_FULL,0.622222488746047,,
tonsil_s1,RNA_PROTEIN,PER_LANE_LABEL_ASSISTED_SCORE_FRONTIER,0.2366828671825159,0.3173652406079106,0.316766729734924,P_S1,TSRE_FULL_5de93e05f8e4c4,0,"[478, 1304, 1141, 1403]","[478, 1304, 1141, 1403]",ee0553605a6cb3a2e1e1c6b71b85aa63107a0a6b1772c30de5f507895dd601f9,1,,0.5033588064073908,0.2742395844372606,0.3565111604652228,4,478,478,0.7257346262282802,4326,4326,0.7997187625552431,61d64ed233b9bd5e8d800da195123f337eb1b1fcdaee08cec1068601738d5e0b,PROFILE_5de93e05f8e4c4,PASS,0.3173652406079106,TSRE_FULL,0.602371696382761,,
tonsil_s1,RNA_PROTEIN,PER_LANE_LABEL_ASSISTED_SCORE_FRONTIER,0.2366828671825159,0.3173652406079106,0.316766729734924,P_S1,TSRE_FULL_28e09bcf8f7254,0,"[478, 1304, 1141, 1403]","[478, 1304, 1141, 1403]",0d6c34ef6770b3041e226ec552b1af032969a80061f9364617acc89d89e0f6f2,1,,0.5033588064073908,0.2742395844372606,0.3565111604652228,4,478,478,0.7257346262282802,4326,4326,0.7997187625552431,61d64ed233b9bd5e8d800da195123f337eb1b1fcdaee08cec1068601738d5e0b,PROFILE_28e09bcf8f7254,PASS,0.3173652406079106,TSRE_FULL,1.124605381861329,,
tonsil_s1,RNA_PROTEIN,PER_LANE_LABEL_ASSISTED_SCORE_FRONTIER,0.2366828671825159,0.3173652406079106,0.316766729734924,P_S1,TSRE_FULL_850712cf8e11ac,0,"[478, 1304, 1141, 1403]","[478, 1304, 1141, 1403]",3be3cf07c272870abecf41b19b3557d75888ca2624b531efd2c078e2956b9bff,1,,0.5033588064073908,0.2742395844372606,0.3565111604652228,4,478,478,0.7257346262282802,4326,4326,0.7997187625552431,61d64ed233b9bd5e8d800da195123f337eb1b1fcdaee08cec1068601738d5e0b,PROFILE_850712cf8e11ac,PASS,0.3173652406079106,TSRE_FULL,0.9643626566976308,,
tonsil_s1,RNA_PROTEIN,PER_LANE_LABEL_ASSISTED_SCORE_FRONTIER,0.2366828671825159,0.3173652406079106,0.316766729734924,P_A1,TSRE_FULL_62039e4d5cf164,0,"[478, 1304, 1141, 1403]","[478, 1304, 1141, 1403]",09619023fd98dce171a322fa90dd6885e406547184d9fbffb4d83ca0087adb85,1,,0.5033588064073908,0.2742395844372606,0.3565111604652228,4,478,478,0.7257346262282802,4326,4326,0.7997187625552431,61d64ed233b9bd5e8d800da195123f337eb1b1fcdaee08cec1068601738d5e0b,PROFILE_62039e4d5cf164,PASS,0.3173652406079106,TSRE_FULL,0.6053365878760815,,
tonsil_s1,RNA_PROTEIN,PER_LANE_LABEL_ASSISTED_SCORE_FRONTIER,0.2366828671825159,0.3173652406079106,0.316766729734924,P_S1,TSRE_FULL_4e32ae930ea43b,0,"[478, 1304, 1141, 1403]","[478, 1304, 1141, 1403]",99f3cba499b8ca2cbee6ed764cae47a3237c1542c7ea97166577454b60a98924,1,,0.5033588064073908,0.2742395844372606,0.3565111604652228,4,478,478,0.7257346262282802,4326,4326,0.7997187625552431,61d64ed233b9bd5e8d800da195123f337eb1b1fcdaee08cec1068601738d5e0b,PROFILE_4e32ae930ea43b,PASS,0.3173652406079106,TSRE_FULL,0.6953357383608818,,
tonsil_s1,RNA_PROTEIN,PER_LANE_LABEL_ASSISTED_SCORE_FRONTIER,0.2366828671825159,0.3173652406079106,0.316766729734924,P_A1,TSRE_FULL_68de4c62e30418,0,"[478, 1304, 1141, 1403]","[478, 1304, 1141, 1403]",e10d93225c3162e511c7970ed7c285031b9c89fb5e3e948c2806a3e241427203,1,,0.5033588064073908,0.2742395844372606,0.3565111604652228,4,478,478,0.7257346262282802,4326,4326,0.7997187625552431,61d64ed233b9bd5e8d800da195123f337eb1b1fcdaee08cec1068601738d5e0b,PROFILE_68de4c62e30418,PASS,0.3173652406079106,TSRE_FULL,1.086419401690364,,
tonsil_s1,RNA_PROTEIN,PER_LANE_LABEL_ASSISTED_SCORE_FRONTIER,0.2366828671825159,0.3173652406079106,0.316766729734924,P_CONSERVATIVE,TSRE_FULL_3500dfd682e71f,0,"[478, 1304, 1141, 1403]","[478, 1304, 1141, 1403]",d6a324a7c65cc8059352506fc48d0bc9ecfd6f0450e24f96e25c38185b8ab361,1,,0.5033588064073908,0.2742395844372606,0.3565111604652228,4,478,478,0.7257346262282802,4326,4326,0.7997187625552431,61d64ed233b9bd5e8d800da195123f337eb1b1fcdaee08cec1068601738d5e0b,PROFILE_3500dfd682e71f,PASS,0.3173652406079106,TSRE_FULL,1.1104974653571844,,
tonsil_s1,RNA_PROTEIN,PER_LANE_LABEL_ASSISTED_SCORE_FRONTIER,0.2366828671825159,0.3173652406079106,0.316766729734924,P_CONSERVATIVE,TSRE_FULL_72fb37477fc984,0,"[478, 1304, 1141, 1403]","[478, 1304, 1141, 1403]",061397e054ef95187cec89840f9501cc3207fb02a9def3f08580bd7bc6742f9f,1,,0.5033588064073908,0.2742395844372606,0.3565111604652228,4,478,478,0.7257346262282802,4326,4326,0.7997187625552431,61d64ed233b9bd5e8d800da195123f337eb1b1fcdaee08cec1068601738d5e0b,PROFILE_72fb37477fc984,PASS,0.3173652406079106,TSRE_FULL,0.6650626696646214,,
tonsil_s1,RNA_PROTEIN,PER_LANE_LABEL_ASSISTED_SCORE_FRONTIER,0.2366828671825159,0.3173652406079106,0.316766729734924,P_GEO,TSRE_FULL_8eca84b2aaf9c9,0,"[478, 1304, 1141, 1403]","[478, 1304, 1141, 1403]",70f1ba0bd5cb41bb01b2f5665e64c4f75045dc8d0e0590fd4c0b139425cd7d13,1,,0.5033588064073908,0.2742395844372606,0.3565111604652228,4,478,478,0.7257346262282802,4326,4326,0.7997187625552431,61d64ed233b9bd5e8d800da195123f337eb1b1fcdaee08cec1068601738d5e0b,PROFILE_8eca84b2aaf9c9,PASS,0.3173652406079106,TSRE_FULL,0.6395236290991306,,
tonsil_s1,RNA_PROTEIN,PER_LANE_LABEL_ASSISTED_SCORE_FRONTIER,0.2366828671825159,0.3173652406079106,0.316766729734924,P_GEO,TSRE_FULL_53a950fec6bedf,0,"[478, 1304, 1141, 1403]","[478, 1304, 1141, 1403]",5289220f01f315ec22278c9c42fd9ecd1cb145cd6dce120931c936b888dba176,1,,0.5033588064073908,0.2742395844372606,0.3565111604652228,4,478,478,0.7257346262282802,4326,4326,0.7997187625552431,61d64ed233b9bd5e8d800da195123f337eb1b1fcdaee08cec1068601738d5e0b,PROFILE_53a950fec6bedf,PASS,0.3173652406079106,TSRE_FULL,1.4571058358997109,,
tonsil_s1,RNA_PROTEIN,PER_LANE_LABEL_ASSISTED_SCORE_FRONTIER,0.2330542324467548,0.3139198785878517,0.3133188771256584,P_A1,TSRE_FULL_a2648ab9e8844a,14,"[486, 1303, 1143, 1394]","[486, 1303, 1143, 1394]",7616ec9e20909186a3b91ad03e19c427fbfba7719d0bc17c2901f4d222d5bf57,1,,0.5005744780681275,0.272348604874072,0.3529439603897459,4,486,486,0.7277282866626774,4326,4326,0.8004553368153208,ed23d98f51718793e853cc2574a88dc27563ece8655f525be5a37b0308db88dd,PROFILE_a2648ab9e8844a,PASS,0.3139198785878516,TSRE_FULL,1.3509197607636452,,
tonsil_s1,RNA_PROTEIN,PER_LANE_LABEL_ASSISTED_SCORE_FRONTIER,0.2366828671825159,0.3173652406079106,0.316766729734924,P_GEO,TSRE_FULL_06b87f48145089,0,"[478, 1304, 1141, 1403]","[478, 1304, 1141, 1403]",9e88bd7413c835c26d12b3e6d4a5998e81c5ed3f7af5379fb8e5c7658f29aa39,1,,0.5033588064073908,0.2742395844372606,0.3565111604652228,4,478,478,0.7257346262282802,4326,4326,0.7997187625552431,61d64ed233b9bd5e8d800da195123f337eb1b1fcdaee08cec1068601738d5e0b,PROFILE_06b87f48145089,PASS,0.3173652406079106,TSRE_FULL,1.0567990187555552,,
tonsil_s1,RNA_PROTEIN,PER_LANE_LABEL_ASSISTED_SCORE_FRONTIER,0.2366828671825159,0.3173652406079106,0.316766729734924,P_A1,TSRE_FULL_be7f41c244f84a,0,"[478, 1304, 1141, 1403]","[478, 1304, 1141, 1403]",16a6ab3b810cfb36c43b4fcd62440b2c992cbf2daadbf2fd4eb9fc978868d69e,1,,0.5033588064073908,0.2742395844372606,0.3565111604652228,4,478,478,0.7257346262282802,4326,4326,0.7997187625552431,61d64ed233b9bd5e8d800da195123f337eb1b1fcdaee08cec1068601738d5e0b,PROFILE_be7f41c244f84a,PASS,0.3173652406079106,TSRE_FULL,1.0297363474965096,,
tonsil_s1,RNA_PROTEIN,PER_LANE_LABEL_ASSISTED_SCORE_FRONTIER,0.2366828671825159,0.3173652406079106,0.316766729734924,P_GEO,TSRE_FULL_dcc22db39be812,0,"[478, 1304, 1141, 1403]","[478, 1304, 1141, 1403]",d5aa4b23854829f3f7d68d7a51782f86d1c9858961fee3d8ff5be3226e619d78,1,,0.5033588064073908,0.2742395844372606,0.3565111604652228,4,478,478,0.7257346262282802,4326,4326,0.7997187625552431,61d64ed233b9bd5e8d800da195123f337eb1b1fcdaee08cec1068601738d5e0b,PROFILE_dcc22db39be812,PASS,0.3173652406079106,TSRE_FULL,0.6102561037987471,,
tonsil_s1,RNA_PROTEIN,PER_LANE_LABEL_ASSISTED_SCORE_FRONTIER,0.2366828671825159,0.3173652406079106,0.316766729734924,P_GEO,TSRE_FULL_a55cd3f2c74e6d,0,"[478, 1304, 1141, 1403]","[478, 1304, 1141, 1403]",e33a5de79648001c0134a86ccc2982ca9be4ae48382e743b684808d6feac5b32,1,,0.5033588064073908,0.2742395844372606,0.3565111604652228,4,478,478,0.7257346262282802,4326,4326,0.7997187625552431,61d64ed233b9bd5e8d800da195123f337eb1b1fcdaee08cec1068601738d5e0b,PROFILE_a55cd3f2c74e6d,PASS,0.3173652406079106,TSRE_FULL,0.6930468417704105,,
tonsil_s1,RNA_PROTEIN,PER_LANE_LABEL_ASSISTED_SCORE_FRONTIER,0.2366828671825159,0.3173652406079106,0.316766729734924,P_A1,TSRE_FULL_f5273d5f0e5130,0,"[478, 1304, 1141, 1403]","[478, 1304, 1141, 1403]",775982f048e30348fe375b6b60c29833fdaa24dbfd4f4d4e2ce5f425c1d1ed3f,1,,0.5033588064073908,0.2742395844372606,0.3565111604652228,4,478,478,0.7257346262282802,4326,4326,0.7997187625552431,61d64ed233b9bd5e8d800da195123f337eb1b1fcdaee08cec1068601738d5e0b,PROFILE_f5273d5f0e5130,PASS,0.3173652406079106,TSRE_FULL,1.4532994199544191,,
tonsil_s1,RNA_PROTEIN,PER_LANE_LABEL_ASSISTED_SCORE_FRONTIER,0.2366828671825159,0.3173652406079106,0.316766729734924,P_S1,TSRE_FULL_8b67ffa6cfadbe,0,"[478, 1304, 1141, 1403]","[478, 1304, 1141, 1403]",d99b3780613feca7033c968526ad2f055755378e4e93b18fb420d96c7e144e16,1,,0.5033588064073908,0.2742395844372606,0.3565111604652228,4,478,478,0.7257346262282802,4326,4326,0.7997187625552431,61d64ed233b9bd5e8d800da195123f337eb1b1fcdaee08cec1068601738d5e0b,PROFILE_8b67ffa6cfadbe,PASS,0.3173652406079106,TSRE_FULL,0.5533430837094784,,
tonsil_s1,RNA_PROTEIN,PER_LANE_LABEL_ASSISTED_SCORE_FRONTIER,0.2366828671825159,0.3173652406079106,0.316766729734924,P_CONSERVATIVE,TSRE_FULL_2fc7daffbccc58,0,"[478, 1304, 1141, 1403]","[478, 1304, 1141, 1403]",0654dc0a58c20ca994f3ae667ee2c5d22f3fe241446c1f4f054bad07b07f85b2,1,,0.5033588064073908,0.2742395844372606,0.3565111604652228,4,478,478,0.7257346262282802,4326,4326,0.7997187625552431,61d64ed233b9bd5e8d800da195123f337eb1b1fcdaee08cec1068601738d5e0b,PROFILE_2fc7daffbccc58,PASS,0.3173652406079106,TSRE_FULL,0.5902693551033735,,
tonsil_s1,RNA_PROTEIN,PER_LANE_LABEL_ASSISTED_SCORE_FRONTIER,0.2354861163980765,0.3160269605337578,0.3154272763024496,P_A1,TSRE_FULL_f2fa0483e7aa16,4,"[478, 1304, 1141, 1403]","[478, 1304, 1141, 1403]",4c53ce3912babf658550b664bbe92529afd0319c71d75c859f0940918815936a,1,,0.5025454856174918,0.2737462671134886,0.3550078081089602,4,478,478,0.7263338996926139,4326,4326,0.7999866077407258,afb09334eb00586b441f76570c79d9166d68246567c25384ec25bbb596412397,PROFILE_f2fa0483e7aa16,PASS,0.3160269605337578,TSRE_FULL,1.6198279410600662,,
tonsil_s1,RNA_PROTEIN,PER_LANE_LABEL_ASSISTED_SCORE_FRONTIER,0.2366828671825159,0.3173652406079106,0.316766729734924,P_GEO,TSRE_FULL_189785977d6cfa,0,"[478, 1304, 1141, 1403]","[478, 1304, 1141, 1403]",055dd682db2f6f53e58c5ce23f9d34282507691b2be040607813211be4f9ccca,1,,0.5033588064073908,0.2742395844372606,0.3565111604652228,4,478,478,0.7257346262282802,4326,4326,0.7997187625552431,61d64ed233b9bd5e8d800da195123f337eb1b1fcdaee08cec1068601738d5e0b,PROFILE_189785977d6cfa,PASS,0.3173652406079106,TSRE_FULL,0.5858488567173481,,
tonsil_s1,RNA_PROTEIN,PER_LANE_LABEL_ASSISTED_SCORE_FRONTIER,0.2366828671825159,0.3173652406079106,0.316766729734924,P_GEO,TSRE_FULL_98525e1d3651db,0,"[478, 1304, 1141, 1403]","[478, 1304, 1141, 1403]",e504e2942646816fdddbdd40f37ae61fefff160402d13a2034e3cf920fd82e1a,1,,0.5033588064073908,0.2742395844372606,0.3565111604652228,4,478,478,0.7257346262282802,4326,4326,0.7997187625552431,61d64ed233b9bd5e8d800da195123f337eb1b1fcdaee08cec1068601738d5e0b,PROFILE_98525e1d3651db,PASS,0.3173652406079106,TSRE_FULL,1.0290967989712954,,
tonsil_s1,RNA_PROTEIN,PER_LANE_LABEL_ASSISTED_SCORE_FRONTIER,0.2363799253309202,0.317061257751768,0.3164625445381948,P_GEO,TSRE_FULL_c5513f48f1fa80,1,"[479, 1304, 1141, 1402]","[479, 1304, 1141, 1402]",aa10e8f0b932d37fa7d2ff82cb9bfcd84f359d7396561ab2b8c6d44db8ce5885,1,,0.5031152966076683,0.2737833754612144,0.3562068567195264,4,479,479,0.7261964361374516,4326,4326,0.7999196464443552,b1b5c5db60c05917134b8822b77d3c67fb981d7cdeb7bfe258557537ec58999f,PROFILE_c5513f48f1fa80,PASS,0.317061257751768,TSRE_FULL,0.7751196436583996,,
tonsil_s1,RNA_PROTEIN,PER_LANE_LABEL_ASSISTED_SCORE_FRONTIER,0.2366828671825159,0.3173652406079106,0.316766729734924,P_CONSERVATIVE,TSRE_FULL_c90be8482766c7,0,"[478, 1304, 1141, 1403]","[478, 1304, 1141, 1403]",b5067978360a4b4394d46e369b50a0747a51bc8ab8f1a8c77661894645a527c9,1,,0.5033588064073908,0.2742395844372606,0.3565111604652228,4,478,478,0.7257346262282802,4326,4326,0.7997187625552431,61d64ed233b9bd5e8d800da195123f337eb1b1fcdaee08cec1068601738d5e0b,PROFILE_c90be8482766c7,PASS,0.3173652406079106,TSRE_FULL,0.6955705601722002,,
tonsil_s1,RNA_PROTEIN,PER_LANE_LABEL_ASSISTED_SCORE_FRONTIER,0.2366828671825159,0.3173652406079106,0.316766729734924,P_A1,TSRE_FULL_72deeb47f08cc0,0,"[478, 1304, 1141, 1403]","[478, 1304, 1141, 1403]",d238551487c6e4e07bf8b4c74d6aa16b4645e5ee8bfc2e87e5aca1792378e59a,1,,0.5033588064073908,0.2742395844372606,0.3565111604652228,4,478,478,0.7257346262282802,4326,4326,0.7997187625552431,61d64ed233b9bd5e8d800da195123f337eb1b1fcdaee08cec1068601738d5e0b,PROFILE_72deeb47f08cc0,PASS,0.3173652406079106,TSRE_FULL,1.0214452892541883,,
tonsil_s1,RNA_PROTEIN,PER_LANE_LABEL_ASSISTED_SCORE_FRONTIER,0.2366828671825159,0.3173652406079106,0.316766729734924,P_S1,TSRE_FULL_0f294a707e33b9,0,"[478, 1304, 1141, 1403]","[478, 1304, 1141, 1403]",97e79274be969107b99ea0de02ef8c0b08feaf2ea7566dd6e983968bf99f4159,1,,0.5033588064073908,0.2742395844372606,0.3565111604652228,4,478,478,0.7257346262282802,4326,4326,0.7997187625552431,61d64ed233b9bd5e8d800da195123f337eb1b1fcdaee08cec1068601738d5e0b,PROFILE_0f294a707e33b9,PASS,0.3173652406079106,TSRE_FULL,0.8681491483002901,,
tonsil_s1,RNA_PROTEIN,PER_LANE_LABEL_ASSISTED_SCORE_FRONTIER,0.2351325242483324,0.3157830774277487,0.315183191473293,P_A1,TSRE_FULL_3ef388de2a77a3,5,"[478, 1304, 1142, 1402]","[478, 1304, 1142, 1402]",8f9c9650fbc2625f88cdcd6624431848d04dd4455915f286023425548dda6555,1,,0.5022945180088505,0.2734943368162419,0.3547409324453016,4,478,478,0.7265943395329728,4326,4326,0.8001874916298379,e5ab1fccd72155281788eb7b08d71556d49620e477004a83f8fef80d9b437d47,PROFILE_3ef388de2a77a3,PASS,0.3157830774277487,TSRE_FULL,1.204751644283533,,
tonsil_s1,RNA_PROTEIN,PER_LANE_LABEL_ASSISTED_SCORE_FRONTIER,0.2366828671825159,0.3173652406079106,0.316766729734924,P_S1,TSRE_FULL_7f591f2d9a7625,0,"[478, 1304, 1141, 1403]","[478, 1304, 1141, 1403]",5186faa3cf5ab44cae02e566530cec1e7e92b107f86d4f6fb0806b843062c049,1,,0.5033588064073908,0.2742395844372606,0.3565111604652228,4,478,478,0.7257346262282802,4326,4326,0.7997187625552431,61d64ed233b9bd5e8d800da195123f337eb1b1fcdaee08cec1068601738d5e0b,PROFILE_7f591f2d9a7625,PASS,0.3173652406079106,TSRE_FULL,0.6935694608837366,,
tonsil_s1,RNA_PROTEIN,PER_LANE_LABEL_ASSISTED_SCORE_FRONTIER,0.2324172607299989,0.3126241633368033,0.3120220423843105,P_A1,TSRE_FULL_3b890e3458250f,18,"[486, 1304, 1144, 1392]","[486, 1304, 1144, 1392]",5f8c12fe0fda9624c5b3942372100ac2db86a7b475d99c50034b91b98358ef92,1,,0.5001271180771151,0.2725789812358328,0.3514961627225117,4,486,486,0.7273985859408127,4326,4326,0.80038837551895,36cda218bbbc0e20b9086769af924c8a7109a75668213df917d5310fff90f6aa,PROFILE_3b890e3458250f,PASS,0.3126241633368034,TSRE_FULL,1.78655518963933,,
tonsil_s1,RNA_PROTEIN,PER_LANE_LABEL_ASSISTED_SCORE_FRONTIER,0.2366828671825159,0.3173652406079106,0.316766729734924,P_GEO,TSRE_FULL_4e3ecf1fc4d6c8,0,"[478, 1304, 1141, 1403]","[478, 1304, 1141, 1403]",db52a39b3325ba6c58ffd6b47195217b08bd9d6797cd56aaa575cb0b4e349a3b,1,,0.5033588064073908,0.2742395844372606,0.3565111604652228,4,478,478,0.7257346262282802,4326,4326,0.7997187625552431,61d64ed233b9bd5e8d800da195123f337eb1b1fcdaee08cec1068601738d5e0b,PROFILE_4e3ecf1fc4d6c8,PASS,0.3173652406079106,TSRE_FULL,0.6161620561033487,,
tonsil_s1,RNA_PROTEIN,PER_LANE_LABEL_ASSISTED_SCORE_FRONTIER,0.2329300226965722,0.3132864668444281,0.3126848188614443,P_A1,TSRE_FULL_c92790e00025c1,22,"[484, 1303, 1146, 1393]","[484, 1303, 1146, 1393]",42a54926b16f562ad2a814d7e758db749e1f022cdf225bc878b91ab0d814b359,1,,0.5005339088966273,0.2723750824202391,0.3521798777742572,4,484,484,0.7276916857823671,4326,4326,0.80038837551895,1b326502c230657a887e0f106066de5b374c293562f691fbc008dbb596d86500,PROFILE_c92790e00025c1,PASS,0.313286466844428,TSRE_FULL,1.6532207671552896,,
tonsil_s1,RNA_PROTEIN,PER_LANE_LABEL_ASSISTED_SCORE_FRONTIER,0.2366828671825159,0.3173652406079106,0.316766729734924,P_GEO,TSRE_FULL_ff7e8345ae9cfd,0,"[478, 1304, 1141, 1403]","[478, 1304, 1141, 1403]",9feb11287c2b34e12172b32c887bb532b60d41ee1fb7811dfbc6d130b244e158,1,,0.5033588064073908,0.2742395844372606,0.3565111604652228,4,478,478,0.7257346262282802,4326,4326,0.7997187625552431,61d64ed233b9bd5e8d800da195123f337eb1b1fcdaee08cec1068601738d5e0b,PROFILE_ff7e8345ae9cfd,PASS,0.3173652406079106,TSRE_FULL,1.1062734574079514,,
tonsil_s1,RNA_PROTEIN,PER_LANE_LABEL_ASSISTED_SCORE_FRONTIER,0.2366828671825159,0.3173652406079106,0.316766729734924,P_GEO,TSRE_FULL_4edf8c631a8c8b,0,"[478, 1304, 1141, 1403]","[478, 1304, 1141, 1403]",135c54b5e967f848c2eef2b048bfe495c5be04250b778816cd189eb640987119,1,,0.5033588064073908,0.2742395844372606,0.3565111604652228,4,478,478,0.7257346262282802,4326,4326,0.7997187625552431,61d64ed233b9bd5e8d800da195123f337eb1b1fcdaee08cec1068601738d5e0b,PROFILE_4edf8c631a8c8b,PASS,0.3173652406079106,TSRE_FULL,0.6429374553263187,,
tonsil_s1,RNA_PROTEIN,PER_LANE_LABEL_ASSISTED_SCORE_FRONTIER,0.2366828671825159,0.3173652406079106,0.316766729734924,P_GEO,TSRE_FULL_174e49933789aa,0,"[478, 1304, 1141, 1403]","[478, 1304, 1141, 1403]",659978d81197c4b3c58c5104f5447119227a8f250236eef61c583d458825fb45,1,,0.5033588064073908,0.2742395844372606,0.3565111604652228,4,478,478,0.7257346262282802,4326,4326,0.7997187625552431,61d64ed233b9bd5e8d800da195123f337eb1b1fcdaee08cec1068601738d5e0b,PROFILE_174e49933789aa,PASS,0.3173652406079106,TSRE_FULL,0.6916910987347364,,
tonsil_s1,RNA_PROTEIN,PER_LANE_LABEL_ASSISTED_SCORE_FRONTIER,0.2366828671825159,0.3173652406079106,0.316766729734924,P_A1,TSRE_FULL_9aa783fa264f38,0,"[478, 1304, 1141, 1403]","[478, 1304, 1141, 1403]",c152ab1c07b716bb2df43fbf2552c98a85c4d71028b2b4dd78904691de44d7c0,1,,0.5033588064073908,0.2742395844372606,0.3565111604652228,4,478,478,0.7257346262282802,4326,4326,0.7997187625552431,61d64ed233b9bd5e8d800da195123f337eb1b1fcdaee08cec1068601738d5e0b,PROFILE_9aa783fa264f38,PASS,0.3173652406079106,TSRE_FULL,1.2910506874322891,,
tonsil_s1,RNA_PROTEIN,PER_LANE_LABEL_ASSISTED_SCORE_FRONTIER,0.2360835733322882,0.316694097241709,0.3160949979331109,P_GEO,TSRE_FULL_ac686af1d0ebbc,2,"[478, 1304, 1141, 1403]","[478, 1304, 1141, 1403]",2f1ec11e5cc91cad004bb58a8c6d56a7f3b929ee1964408d99eac85263c5bc31,1,,0.5029515218215052,0.2741162551063176,0.3557572338541523,4,478,478,0.7259109051140518,4326,4326,0.7997857238516137,52d1b797448c2a57d285e31bf95aa11a376f6b2cd5d279541f501588ace1236e,PROFILE_ac686af1d0ebbc,PASS,0.316694097241709,TSRE_FULL,1.0368888713419435,,
tonsil_s1,RNA_PROTEIN,PER_LANE_LABEL_ASSISTED_SCORE_FRONTIER,0.2360835733322882,0.316694097241709,0.3160949979331109,P_CONSERVATIVE,TSRE_FULL_4ae471a38560c3,2,"[478, 1304, 1141, 1403]","[478, 1304, 1141, 1403]",fd36db833027fe4378a232d20ed9f05c1ce432ba67b7847984d9d24d25cba87b,1,,0.5029515218215052,0.2741162551063176,0.3557572338541523,4,478,478,0.7259109051140518,4326,4326,0.7997857238516137,52d1b797448c2a57d285e31bf95aa11a376f6b2cd5d279541f501588ace1236e,PROFILE_4ae471a38560c3,PASS,0.316694097241709,TSRE_FULL,0.6317385751754045,,
tonsil_s1,RNA_PROTEIN,PER_LANE_LABEL_ASSISTED_SCORE_FRONTIER,0.2366828671825159,0.3173652406079106,0.316766729734924,P_CONSERVATIVE,TSRE_FULL_26027affbafe32,0,"[478, 1304, 1141, 1403]","[478, 1304, 1141, 1403]",880f1f819c5337c583333434fd1b6fcce12db6e263981c877f015396c5dcbb00,1,,0.5033588064073908,0.2742395844372606,0.3565111604652228,4,478,478,0.7257346262282802,4326,4326,0.7997187625552431,61d64ed233b9bd5e8d800da195123f337eb1b1fcdaee08cec1068601738d5e0b,PROFILE_26027affbafe32,PASS,0.3173652406079106,TSRE_FULL,1.0066619478166103,,
tonsil_s1,RNA_PROTEIN,PER_LANE_LABEL_ASSISTED_SCORE_FRONTIER,0.2366828671825159,0.3173652406079106,0.316766729734924,P_S1,TSRE_FULL_f74d383977e972,0,"[478, 1304, 1141, 1403]","[478, 1304, 1141, 1403]",af4f24b660aeb03db1c4877f3f8129dd22a7561363c58691c8d55dad21420a41,1,,0.5033588064073908,0.2742395844372606,0.3565111604652228,4,478,478,0.7257346262282802,4326,4326,0.7997187625552431,61d64ed233b9bd5e8d800da195123f337eb1b1fcdaee08cec1068601738d5e0b,PROFILE_f74d383977e972,PASS,0.3173652406079106,TSRE_FULL,0.9484821315854788,,
tonsil_s1,RNA_PROTEIN,PER_LANE_LABEL_ASSISTED_SCORE_FRONTIER,0.2366828671825159,0.3173652406079106,0.316766729734924,P_GEO,TSRE_FULL_3706dcae9dc751,0,"[478, 1304, 1141, 1403]","[478, 1304, 1141, 1403]",dad31acc8acb884201f741a8ba1f21e908b34977912158f3f66290bb6eedff91,1,,0.5033588064073908,0.2742395844372606,0.3565111604652228,4,478,478,0.7257346262282802,4326,4326,0.7997187625552431,61d64ed233b9bd5e8d800da195123f337eb1b1fcdaee08cec1068601738d5e0b,PROFILE_3706dcae9dc751,PASS,0.3173652406079106,TSRE_FULL,0.6150062587112188,,
tonsil_s1,RNA_PROTEIN,PER_LANE_LABEL_ASSISTED_SCORE_FRONTIER,0.2332013701808938,0.3135242806182063,0.3129228294469222,P_A1,TSRE_FULL_2179eccb7b4e82,20,"[484, 1303, 1145, 1394]","[484, 1303, 1145, 1394]",94c903915eec83918b5c141ddda188601ed26026ebc3936535e8893954c3bfc7,1,,0.5007286916115571,0.2717723807273085,0.3524405160539413,4,484,484,0.7283514004395591,4326,4326,0.8007901432971742,dec39d64cb0c17e541751e3618b14624c009b9b4b46c43e902b704a1db093275,PROFILE_2179eccb7b4e82,PASS,0.3135242806182063,TSRE_FULL,1.5514006279408932,,
tonsil_s1,RNA_PROTEIN,PER_LANE_LABEL_ASSISTED_SCORE_FRONTIER,0.2336495932750002,0.3144976726834277,0.3138970510072473,P_A1,TSRE_FULL_59522032fbdfac,12,"[484, 1303, 1143, 1396]","[484, 1303, 1143, 1396]",69f50828c55ce643fe98f0bec48c37e11147eda81615353402eabb7fcf4a5c20,1,,0.5010541966220255,0.2725132998379507,0.3535211267994457,4,484,484,0.7275533865221697,4326,4326,0.8004553368153208,d28def285c432e1fafd3784504e519ecf9bfac99734688bfeacad0eca2ef3a24,PROFILE_59522032fbdfac,PASS,0.3144976726834277,TSRE_FULL,1.5281865131109953,,
D1,RNA_PROTEIN,PER_LANE_LABEL_ASSISTED_SCORE_FRONTIER,0.3664778624945835,0.4481582291179584,0.4442269058163194,NONE,INPUT_STRONG_START,0,"[996, 92, 1081, 133, 212, 369, 92, 209, 58, 117]","[996, 92, 1081, 133, 212, 369, 92, 209, 58, 117]",74234e98afe7498fb5daf1f36ac2d78acc339464f950703b8c019892f982b90b,1,,0.505082035057397,0.395129987175455,0.4595172107892752,10,58,58,0.6088644557435977,3359,3359,0.6655512655512655,47f5ba48cd016d19087cc0c813ba5d1f3b6ad0b1348c66778b136659e3a45334,INPUT_STRONG_START,PASS,0.4481582291179585,INPUT_STRONG_START,0.0002811402082443,,
D1,RNA_PROTEIN,PER_LANE_LABEL_ASSISTED_SCORE_FRONTIER,0.3664670263244355,0.4477052666489846,0.4437708231905846,P_A1,NIGHT15F_DIRECT_177199d44d3d6a,14,"[995, 87, 1081, 133, 216, 368, 95, 210, 56, 118]","[995, 87, 1081, 133, 216, 368, 95, 210, 56, 118]",622ff84e66ccdf5f911512d6ef1e8f8a6406668f5a0a2a9624ea986afd9921de,1,,0.5050482171124512,0.3795475375010469,0.4589830354548536,10,56,56,0.6244897604952974,3359,3359,0.6698412698412698,9769ac2fb172fbb6fa3a2214f77bfc7b8aceae1461c516ba134ae24e39328538,PROFILE_177199d44d3d6a,PASS,0.4477052666489846,NIGHT15F_DIRECT,0.6671176627278328,,
D1,RNA_PROTEIN,PER_LANE_LABEL_ASSISTED_SCORE_FRONTIER,0.3662118008689697,0.4474009264045142,0.4434635115182492,P_A1,TSRE_SUPPORT_ONLY_0bc413d447f895,10,"[996, 88, 1081, 133, 216, 369, 95, 209, 55, 117]","[996, 88, 1081, 133, 216, 369, 95, 209, 55, 117]",a6c9d2fdcec718a40757afa48277317ee7f6955edc0334be429f67a7571aa3f4,1,,0.5049074793303564,0.384175909339658,0.4585501295163547,10,55,55,0.6197829018652123,3359,3359,0.6683826683826684,07b19a38526e41333f5409d9b74f7d9e7d6a2b44fa45150dc5278c9b5178fa2e,PROFILE_0bc413d447f895,PASS,0.4474009264045142,TSRE_SUPPORT_ONLY,1.1561135612428188,,
D1,RNA_PROTEIN,PER_LANE_LABEL_ASSISTED_SCORE_FRONTIER,0.3662426957321945,0.4475174085841357,0.4435809699366733,P_A1,TSRE_SUPPORT_ONLY_2243d5fb6f1aa3,7,"[996, 88, 1081, 133, 215, 369, 95, 209, 56, 117]","[996, 88, 1081, 133, 215, 369, 95, 209, 56, 117]",777554d714d70c046803b5ce538fae0a158e4bd2d2530ff299a34b90e39dd413,1,,0.5049228298288442,0.3905049076982564,0.4587214828795519,10,56,56,0.6134759384794093,3359,3359,0.6665808665808666,0f4a4edcd41db45a6ecccd422f596da990e841df7942eefb874709aefb69127c,PROFILE_2243d5fb6f1aa3,PASS,0.4475174085841357,TSRE_SUPPORT_ONLY,1.288053661584854,,
D1,RNA_PROTEIN,PER_LANE_LABEL_ASSISTED_SCORE_FRONTIER,0.3662681264457788,0.4475864773306031,0.443650746296669,P_A1,TSRE_SUPPORT_ONLY_9a558768f506ce,6,"[996, 88, 1081, 133, 214, 369, 96, 209, 56, 117]","[996, 88, 1081, 133, 214, 369, 96, 209, 56, 117]",e22f8e7c20579d849f4be7ccd5fe16c890c1bae8110b6160818ded85a4aded3d,1,,0.5049361643814073,0.3910894848351628,0.4588232840718193,10,56,56,0.6127877811445754,3359,3359,0.6662376662376662,20496b2fc95750b5124b7d60e84303038a3802f57155441fb436adc7e5ffdc17,PROFILE_9a558768f506ce,PASS,0.4475864773306031,TSRE_SUPPORT_ONLY,1.205068051815033,,
D1,RNA_PROTEIN,PER_LANE_LABEL_ASSISTED_SCORE_FRONTIER,0.3662186699454079,0.4474515307207958,0.4435144041175045,P_A1,TSRE_FULL_99e7f2c98f050e,8,"[996, 88, 1081, 133, 216, 369, 94, 209, 56, 117]","[996, 88, 1081, 133, 216, 369, 94, 209, 56, 117]",fe65cb4f64929d589a404257956928de219d3500f5c3715aebe8822d7171fb5c,1,,0.5049107039602357,0.3890053961604788,0.4586223804615693,10,56,56,0.6149096633461649,3359,3359,0.6672672672672673,262f2b87d54faa467e0f4654446c95daa414f5203f6ff28727e930f08cc08dcd,PROFILE_99e7f2c98f050e,PASS,0.4474515307207958,TSRE_FULL,1.0992396362125874,,
D1,RNA_PROTEIN,PER_LANE_LABEL_ASSISTED_SCORE_FRONTIER,0.3661852007660436,0.4473714205112819,0.4434337139047765,P_A1,TSRE_FULL_e3860eadfb62e6,9,"[996, 87, 1081, 133, 216, 369, 95, 209, 56, 117]","[996, 87, 1081, 133, 216, 369, 95, 209, 56, 117]",2fbb9b3e6b317148021ce3fc03931d66238988d5f5194b8faccc0acf33bbee01,1,,0.5048849386832472,0.3872445988165724,0.4585373229588338,10,56,56,0.6166758250432591,3359,3359,0.6676962676962677,d3749e20682a29b8fb8b4b54e1ba1e8faa0740b05a9791572d57e5df79f5f8ee,PROFILE_e3860eadfb62e6,PASS,0.447371420511282,TSRE_FULL,1.2031150702387094,,
D1,RNA_PROTEIN,PER_LANE_LABEL_ASSISTED_SCORE_FRONTIER,0.3659085611209163,0.4470187421377216,0.4430783687195088,P_A1,TSRE_FULL_27b41a87f90acc,11,"[997, 85, 1081, 133, 213, 369, 99, 209, 57, 116]","[997, 85, 1081, 133, 213, 369, 99, 209, 57, 116]",126c82b8769608416e742f5f0334dd593a0ec1ddebe161583ff5ca1ab724f775,1,,0.50469677632265,0.3931580792141845,0.4581962913789252,10,57,57,0.6103369777355623,3359,3359,0.6658086658086658,96c9879a81af189f3a79961a17cdf0457287c5fbba7eab0f36f89830af92dd23,PROFILE_27b41a87f90acc,PASS,0.4470187421377215,TSRE_FULL,1.2050949968397615,,
D1,RNA_PROTEIN,PER_LANE_LABEL_ASSISTED_SCORE_FRONTIER,0.3583829716131473,0.448021360716362,0.4440933477500356,P_S1,NIGHT15F_DIRECT_96e54ebba64151,61,"[1011, 92, 1054, 133, 214, 381, 89, 209, 58, 118]","[1011, 92, 1054, 133, 214, 381, 89, 209, 58, 118]",a8033b9347693699319e99e30211faf93dbc44f91621faa4468058b37bc73976,1,,0.4982577820257079,0.3759344948168681,0.4598182198176283,10,58,58,0.6281645259869045,3359,3359,0.6943800943800944,65a75215da6cdf60c1c3a9933a0d7e17e8a0a2127817aa9f34c992592ed2555c,PROFILE_96e54ebba64151,PASS,0.448021360716362,NIGHT15F_DIRECT,0.3102567754685879,,
D1,RNA_PROTEIN,PER_LANE_LABEL_ASSISTED_SCORE_FRONTIER,0.3636798907797554,0.4483962769851095,0.4444680479989259,P_S1,TSRE_SUPPORT_ONLY_77616f71fc251e,18,"[1007, 92, 1067, 133, 212, 372, 92, 209, 58, 117]","[1007, 92, 1067, 133, 212, 372, 92, 209, 58, 117]",f04d8c0a6579b6abc7bc591ceb289bc238dc2c9576c2ca45ac4101baa4a5cb4b,1,,0.5027355994299579,0.3903426997779533,0.4599133533717581,10,58,58,0.6137064824035658,3359,3359,0.6743028743028743,0ec499e4a9f522ec2dd78d2209a264a8516e157e5622b5be3e7a3680995305b5,PROFILE_77616f71fc251e,PASS,0.4483962769851095,TSRE_SUPPORT_ONLY,0.6918875928968191,,
D1,RNA_PROTEIN,PER_LANE_LABEL_ASSISTED_SCORE_FRONTIER,0.3669159358577359,0.4485357771862232,0.4446075240227062,P_S1,TSRE_SUPPORT_ONLY_2ace2160ac2ee1,1,"[996, 92, 1080, 133, 212, 370, 92, 209, 58, 117]","[996, 92, 1080, 133, 212, 370, 92, 209, 58, 117]",c0c90afcd7cd42bdb230bffc6ca4ff96ea48206fdd859dfc11ea685f8253e730,1,,0.5053853497272123,0.3946600294243474,0.4599455274301224,10,58,58,0.6093619097233418,3359,3359,0.6660660660660661,9dd4007cbb0ce88347f0cb38635047c47db3a0cc7b525194fddc0cc34bf413ec,PROFILE_2ace2160ac2ee1,PASS,0.4485357771862232,TSRE_SUPPORT_ONLY,0.8397757038474083,,
D1,RNA_PROTEIN,PER_LANE_LABEL_ASSISTED_SCORE_FRONTIER,0.3664778624945835,0.4481582291179584,0.4442269058163194,P_S1,TSRE_SUPPORT_ONLY_57f1dca5e9a927,0,"[996, 92, 1081, 133, 212, 369, 92, 209, 58, 117]","[996, 92, 1081, 133, 212, 369, 92, 209, 58, 117]",e48dfb2b9c9dde90650196c330774f50a72da913a43d78b03a296b3ce1979aa8,1,,0.505082035057397,0.395129987175455,0.4595172107892752,10,58,58,0.6088644557435977,3359,3359,0.6655512655512655,47f5ba48cd016d19087cc0c813ba5d1f3b6ad0b1348c66778b136659e3a45334,PROFILE_57f1dca5e9a927,PASS,0.4481582291179585,TSRE_SUPPORT_ONLY,0.8302547428756952,,
D1,RNA_PROTEIN,PER_LANE_LABEL_ASSISTED_SCORE_FRONTIER,0.3669159358577359,0.4485357771862232,0.4446075240227062,P_S1,TSRE_FULL_44953966a00c7d,1,"[996, 92, 1080, 133, 212, 370, 92, 209, 58, 117]","[996, 92, 1080, 133, 212, 370, 92, 209, 58, 117]",3d828263ec9fba5d53037b6ac95b3c76f99251d217698e4cdc60f091bf490f81,1,,0.5053853497272123,0.3946600294243474,0.4599455274301224,10,58,58,0.6093619097233418,3359,3359,0.6660660660660661,9dd4007cbb0ce88347f0cb38635047c47db3a0cc7b525194fddc0cc34bf413ec,PROFILE_44953966a00c7d,PASS,0.4485357771862232,TSRE_FULL,0.6015243027359247,,
D1,RNA_PROTEIN,PER_LANE_LABEL_ASSISTED_SCORE_FRONTIER,0.3669159358577359,0.4485357771862232,0.4446075240227062,P_S1,TSRE_FULL_1784633509c87e,1,"[996, 92, 1080, 133, 212, 370, 92, 209, 58, 117]","[996, 92, 1080, 133, 212, 370, 92, 209, 58, 117]",c621b89675beda1c1657f246b06d2954052cfd56c2f727d55127f89c47634e96,1,,0.5053853497272123,0.3946600294243474,0.4599455274301224,10,58,58,0.6093619097233418,3359,3359,0.6660660660660661,9dd4007cbb0ce88347f0cb38635047c47db3a0cc7b525194fddc0cc34bf413ec,PROFILE_1784633509c87e,PASS,0.4485357771862232,TSRE_FULL,0.6369962245225906,,
D1,RNA_PROTEIN,PER_LANE_LABEL_ASSISTED_SCORE_FRONTIER,0.3669159358577359,0.4485357771862232,0.4446075240227062,P_S1,TSRE_FULL_22f6b42b5f8970,1,"[996, 92, 1080, 133, 212, 370, 92, 209, 58, 117]","[996, 92, 1080, 133, 212, 370, 92, 209, 58, 117]",eb7aef246532cf28187f623c156318dac0302270a3ab46ee698adea9fa6dfcf0,1,,0.5053853497272123,0.3946600294243474,0.4599455274301224,10,58,58,0.6093619097233418,3359,3359,0.6660660660660661,9dd4007cbb0ce88347f0cb38635047c47db3a0cc7b525194fddc0cc34bf413ec,PROFILE_22f6b42b5f8970,PASS,0.4485357771862232,TSRE_FULL,0.5902249589562416,,
D1,RNA_PROTEIN,PER_LANE_LABEL_ASSISTED_SCORE_FRONTIER,0.3669418050807728,0.451629595042274,0.447729695930412,P_GEO,NIGHT15F_DIRECT_be17291ce154d3,40,"[998, 93, 1064, 134, 213, 379, 91, 212, 56, 119]","[998, 93, 1064, 134, 213, 379, 91, 212, 56, 119]",811c5b43350399eeb27bbfe3726b38df740cd43f5d1d20d7ed05c48ac3a37cf2,1,,0.5048221685597291,0.3689695961678794,0.4637647928262301,10,56,56,0.6352542686547861,3359,3359,0.6846846846846847,7cffcc07460da954adca4d712a942442ec08214f19462c187e89d5579628ec1f,PROFILE_be17291ce154d3,PASS,0.451629595042274,NIGHT15F_DIRECT,0.2889559883624315,,
D1,RNA_PROTEIN,PER_LANE_LABEL_ASSISTED_SCORE_FRONTIER,0.3690831418801453,0.4503394380864375,0.4464254723683349,P_GEO,TSRE_SUPPORT_ONLY_8e58c732935411,8,"[996, 92, 1075, 133, 214, 375, 90, 209, 58, 117]","[996, 92, 1075, 133, 214, 375, 90, 209, 58, 117]",8a68d46cf93b96c667ad8aae0255cc6b2ecffff09faa91675553ac897d45d509,1,,0.5068999427418878,0.3902423301137492,0.4619342317143184,10,58,58,0.6138404004311722,3359,3359,0.6696696696696697,9cf88d19ef0a72e480ff1e13f4aeab383789786e59012f25365d958592372dcd,PROFILE_8e58c732935411,PASS,0.4503394380864375,TSRE_SUPPORT_ONLY,0.6316668037325144,,
D1,RNA_PROTEIN,PER_LANE_LABEL_ASSISTED_SCORE_FRONTIER,0.3669159358577359,0.4485357771862232,0.4446075240227062,P_GEO,TSRE_SUPPORT_ONLY_6aba48418df5f8,1,"[996, 92, 1080, 133, 212, 370, 92, 209, 58, 117]","[996, 92, 1080, 133, 212, 370, 92, 209, 58, 117]",9425737fcc2b7f54daf432a51d07bc1085bb7de8a1db562b9ae3cd63b65228b9,1,,0.5053853497272123,0.3946600294243474,0.4599455274301224,10,58,58,0.6093619097233418,3359,3359,0.6660660660660661,f9dae659452a21d0edb6899a56c8b4daed1007f157cd97b6b1ce5e803da3d759,PROFILE_6aba48418df5f8,PASS,0.4485357771862232,TSRE_SUPPORT_ONLY,0.6672572549432516,,
D1,RNA_PROTEIN,PER_LANE_LABEL_ASSISTED_SCORE_FRONTIER,0.3664778624945835,0.4481582291179584,0.4442269058163194,P_GEO,TSRE_SUPPORT_ONLY_192a40cdf0990d,0,"[996, 92, 1081, 133, 212, 369, 92, 209, 58, 117]","[996, 92, 1081, 133, 212, 369, 92, 209, 58, 117]",5a7e1faf1f459fdec39023a37c9e3e3e056c14d5d740230f37759ec8ed50045e,1,,0.505082035057397,0.395129987175455,0.4595172107892752,10,58,58,0.6088644557435977,3359,3359,0.6655512655512655,47f5ba48cd016d19087cc0c813ba5d1f3b6ad0b1348c66778b136659e3a45334,PROFILE_192a40cdf0990d,PASS,0.4481582291179585,TSRE_SUPPORT_ONLY,0.5996402073651552,,
D1,RNA_PROTEIN,PER_LANE_LABEL_ASSISTED_SCORE_FRONTIER,0.3669159358577359,0.4485357771862232,0.4446075240227062,P_GEO,TSRE_FULL_0f7fe82267a674,1,"[996, 92, 1080, 133, 212, 370, 92, 209, 58, 117]","[996, 92, 1080, 133, 212, 370, 92, 209, 58, 117]",d0aa242d697cd1ddaa497cf74989cbc8cb247d9cfe47cec7cee83fd779cce860,1,,0.5053853497272123,0.3946600294243474,0.4599455274301224,10,58,58,0.6093619097233418,3359,3359,0.6660660660660661,f9dae659452a21d0edb6899a56c8b4daed1007f157cd97b6b1ce5e803da3d759,PROFILE_0f7fe82267a674,PASS,0.4485357771862232,TSRE_FULL,0.6033098604530096,,
D1,RNA_PROTEIN,PER_LANE_LABEL_ASSISTED_SCORE_FRONTIER,0.3669159358577359,0.4485357771862232,0.4446075240227062,P_GEO,TSRE_FULL_9d34d379cefac0,1,"[996, 92, 1080, 133, 212, 370, 92, 209, 58, 117]","[996, 92, 1080, 133, 212, 370, 92, 209, 58, 117]",93d4a7d91a0c8d243a0926ed9a95e470c0546270f417bef2552e3b378bdd5287,1,,0.5053853497272123,0.3946600294243474,0.4599455274301224,10,58,58,0.6093619097233418,3359,3359,0.6660660660660661,f9dae659452a21d0edb6899a56c8b4daed1007f157cd97b6b1ce5e803da3d759,PROFILE_9d34d379cefac0,PASS,0.4485357771862232,TSRE_FULL,0.6174479331821203,,
D1,RNA_PROTEIN,PER_LANE_LABEL_ASSISTED_SCORE_FRONTIER,0.3664401774683157,0.4480733412913161,0.4441414118571273,P_GEO,TSRE_FULL_72ef28512c4dd0,1,"[996, 91, 1081, 133, 212, 369, 93, 209, 58, 117]","[996, 91, 1081, 133, 212, 369, 93, 209, 58, 117]",0c9a5fd4235d297a0cee15cb106dd2310453047438c5caa591a00923befb9070,1,,0.505052644220398,0.3933738287609895,0.4594297544844829,10,58,58,0.6106332690443388,3359,3359,0.6659802659802659,37a8cf3069893ee36938876920c6a7cb292c10bccced61bb33190321f8cd7ebf,PROFILE_72ef28512c4dd0,PASS,0.4480733412913161,TSRE_FULL,0.6646935809403658,,
D1,RNA_PROTEIN,PER_LANE_LABEL_ASSISTED_SCORE_FRONTIER,0.3664311931591392,0.4480292554352882,0.4440965738436999,P_CONSERVATIVE,NIGHT15F_DIRECT_0b614136d31c2c,2,"[996, 92, 1081, 133, 214, 369, 90, 209, 58, 117]","[996, 92, 1081, 133, 214, 369, 90, 209, 58, 117]",3b9c3483b1f68a99faa2ae177bef6dce26ce0b3fcfe8bfc2ebe0313c8934b447,1,,0.5050589624314284,0.3929883294517259,0.4593197353840665,10,58,58,0.6110392014207208,3359,3359,0.6665808665808666,b7836ec6a8ddd087f7f0f328711ac71da8ff1405620aa855234ff22b44e20b94,PROFILE_0b614136d31c2c,PASS,0.4480292554352882,NIGHT15F_DIRECT,0.3073290400207042,,
D1,RNA_PROTEIN,PER_LANE_LABEL_ASSISTED_SCORE_FRONTIER,0.3664778624945835,0.4481582291179584,0.4442269058163194,P_CONSERVATIVE,TSRE_SUPPORT_ONLY_31a54461f11a8b,0,"[996, 92, 1081, 133, 212, 369, 92, 209, 58, 117]","[996, 92, 1081, 133, 212, 369, 92, 209, 58, 117]",7b4e72f8bd30ae9cf7de38adc46a817c6fb660d026886591b7e54ff1e8ab67fc,1,,0.505082035057397,0.395129987175455,0.4595172107892752,10,58,58,0.6088644557435977,3359,3359,0.6655512655512655,47f5ba48cd016d19087cc0c813ba5d1f3b6ad0b1348c66778b136659e3a45334,PROFILE_31a54461f11a8b,PASS,0.4481582291179585,TSRE_SUPPORT_ONLY,0.6025314796715975,,
D1,RNA_PROTEIN,PER_LANE_LABEL_ASSISTED_SCORE_FRONTIER,0.3664778624945835,0.4481582291179584,0.4442269058163194,P_CONSERVATIVE,TSRE_SUPPORT_ONLY_795046c5150f4e,0,"[996, 92, 1081, 133, 212, 369, 92, 209, 58, 117]","[996, 92, 1081, 133, 212, 369, 92, 209, 58, 117]",c33b01aef080f88bfe632981a96e6d5a0f85cbf30f0038e1eaf16acdab858b48,1,,0.505082035057397,0.395129987175455,0.4595172107892752,10,58,58,0.6088644557435977,3359,3359,0.6655512655512655,47f5ba48cd016d19087cc0c813ba5d1f3b6ad0b1348c66778b136659e3a45334,PROFILE_795046c5150f4e,PASS,0.4481582291179585,TSRE_SUPPORT_ONLY,0.5995433088392019,,
D1,RNA_PROTEIN,PER_LANE_LABEL_ASSISTED_SCORE_FRONTIER,0.3664778624945835,0.4481582291179584,0.4442269058163194,P_CONSERVATIVE,TSRE_SUPPORT_ONLY_8e642aff264f3d,0,"[996, 92, 1081, 133, 212, 369, 92, 209, 58, 117]","[996, 92, 1081, 133, 212, 369, 92, 209, 58, 117]",37787f92514cd45da9cd0db3c41cce1ede8c86f14181bf6d6c2e1caab01bf673,1,,0.505082035057397,0.395129987175455,0.4595172107892752,10,58,58,0.6088644557435977,3359,3359,0.6655512655512655,47f5ba48cd016d19087cc0c813ba5d1f3b6ad0b1348c66778b136659e3a45334,PROFILE_8e642aff264f3d,PASS,0.4481582291179585,TSRE_SUPPORT_ONLY,0.6106831692159176,,
D1,RNA_PROTEIN,PER_LANE_LABEL_ASSISTED_SCORE_FRONTIER,0.3664778624945835,0.4481582291179584,0.4442269058163194,P_CONSERVATIVE,TSRE_FULL_326b53183ac0a4,0,"[996, 92, 1081, 133, 212, 369, 92, 209, 58, 117]","[996, 92, 1081, 133, 212, 369, 92, 209, 58, 117]",fee9d7647857377105612afec20850da85e04b4be1da83ddee874e7eba710e24,1,,0.505082035057397,0.395129987175455,0.4595172107892752,10,58,58,0.6088644557435977,3359,3359,0.6655512655512655,47f5ba48cd016d19087cc0c813ba5d1f3b6ad0b1348c66778b136659e3a45334,PROFILE_326b53183ac0a4,PASS,0.4481582291179585,TSRE_FULL,0.5959971155971289,,
D1,RNA_PROTEIN,PER_LANE_LABEL_ASSISTED_SCORE_FRONTIER,0.3664778624945835,0.4481582291179584,0.4442269058163194,P_CONSERVATIVE,TSRE_FULL_a2136040df85f7,0,"[996, 92, 1081, 133, 212, 369, 92, 209, 58, 117]","[996, 92, 1081, 133, 212, 369, 92, 209, 58, 117]",e2fdc25475874fa835dde85c4c7a1955b208d82460075ca06e4bebf602281bdc,1,,0.505082035057397,0.395129987175455,0.4595172107892752,10,58,58,0.6088644557435977,3359,3359,0.6655512655512655,47f5ba48cd016d19087cc0c813ba5d1f3b6ad0b1348c66778b136659e3a45334,PROFILE_a2136040df85f7,PASS,0.4481582291179585,TSRE_FULL,0.6087765078991652,,
D1,RNA_PROTEIN,PER_LANE_LABEL_ASSISTED_SCORE_FRONTIER,0.3664401774683157,0.4480733412913161,0.4441414118571273,P_CONSERVATIVE,TSRE_FULL_0b43e23768b86d,1,"[996, 91, 1081, 133, 212, 369, 93, 209, 58, 117]","[996, 91, 1081, 133, 212, 369, 93, 209, 58, 117]",7876c7c835ee82750010f54331195b8ac27304d3e071800699d7bd290ce210f3,1,,0.505052644220398,0.3933738287609895,0.4594297544844829,10,58,58,0.6106332690443388,3359,3359,0.6659802659802659,37a8cf3069893ee36938876920c6a7cb292c10bccced61bb33190321f8cd7ebf,PROFILE_0b43e23768b86d,PASS,0.4480733412913161,TSRE_FULL,0.681190975010395,,
D1,RNA_PROTEIN,PER_LANE_LABEL_ASSISTED_SCORE_FRONTIER,0.3648050939810813,0.4444225046576548,0.4404721345892766,P_A1,TSRE_FULL_c52aba15f7f709,39,"[988, 83, 1078, 134, 213, 369, 104, 209, 57, 124]","[988, 83, 1078, 134, 213, 369, 104, 209, 57, 124]",448558cd38dc1f15490bace5dbcab548357a958c871c5fef0e87f848fb0e3a2a,1,,0.5032455110713376,0.3878722757519767,0.4565099557322358,10,57,57,0.6151969999584546,3359,3359,0.6648648648648648,769d9a31812191f14dc1290bbb101881282dc2862ae711a08255589f8e7605f9,PROFILE_c52aba15f7f709,PASS,0.4444225046576548,TSRE_FULL,1.2135224975645542,,
D1,RNA_PROTEIN,PER_LANE_LABEL_ASSISTED_SCORE_FRONTIER,0.3664401774683157,0.4480733412913161,0.4441414118571273,P_A1,TSRE_FULL_aad09fdd2b1768,1,"[996, 91, 1081, 133, 212, 369, 93, 209, 58, 117]","[996, 91, 1081, 133, 212, 369, 93, 209, 58, 117]",d8469602b5626acaa053fae859d95c1a936513beb2b8450e0c9127f12cd6ec80,1,,0.505052644220398,0.3949703534359918,0.4594297544844829,10,58,58,0.6090328607887682,3359,3359,0.6655512655512655,5eaea073abfb7c0774e673ed5927438544308eafb37b786f0aab1198a853c91f,PROFILE_aad09fdd2b1768,PASS,0.4480733412913161,TSRE_FULL,1.2399602327495811,,
D1,RNA_PROTEIN,PER_LANE_LABEL_ASSISTED_SCORE_FRONTIER,0.3626716312126488,0.447684491515403,0.4437511658852396,P_S1,TSRE_FULL_5de93e05f8e4c4,27,"[1009, 92, 1064, 133, 214, 373, 90, 209, 58, 117]","[1009, 92, 1064, 133, 214, 373, 90, 209, 58, 117]",ee0553605a6cb3a2e1e1c6b71b85aa63107a0a6b1772c30de5f507895dd601f9,1,,0.501916414507961,0.3864450963338253,0.4591626304756627,10,58,58,0.6176121155118937,3359,3359,0.6785928785928786,66979c00f5afed641831b14603cde46890c41a399b3d51407e6ac46a0049460c,PROFILE_5de93e05f8e4c4,PASS,0.447684491515403,TSRE_FULL,0.6354235783219337,,
D1,RNA_PROTEIN,PER_LANE_LABEL_ASSISTED_SCORE_FRONTIER,0.3664458248913948,0.448493485583537,0.4445649254990229,P_S1,TSRE_FULL_28e09bcf8f7254,6,"[998, 92, 1077, 133, 214, 371, 90, 209, 58, 117]","[998, 92, 1077, 133, 214, 371, 90, 209, 58, 117]",0d6c34ef6770b3041e226ec552b1af032969a80061f9364617acc89d89e0f6f2,1,,0.5049836039136866,0.3916416682912127,0.4598839134457556,10,58,58,0.6124389025161138,3359,3359,0.6684684684684684,96c26eb5d5003b8e874706f02a72399574086e840c1fd88ed8b2ff74e1516636,PROFILE_28e09bcf8f7254,PASS,0.448493485583537,TSRE_FULL,0.6278294939547777,,
D1,RNA_PROTEIN,PER_LANE_LABEL_ASSISTED_SCORE_FRONTIER,0.3669159358577359,0.4485357771862232,0.4446075240227062,P_S1,TSRE_FULL_850712cf8e11ac,1,"[996, 92, 1080, 133, 212, 370, 92, 209, 58, 117]","[996, 92, 1080, 133, 212, 370, 92, 209, 58, 117]",3be3cf07c272870abecf41b19b3557d75888ca2624b531efd2c078e2956b9bff,1,,0.5053853497272123,0.3946600294243474,0.4599455274301224,10,58,58,0.6093619097233418,3359,3359,0.6660660660660661,9dd4007cbb0ce88347f0cb38635047c47db3a0cc7b525194fddc0cc34bf413ec,PROFILE_850712cf8e11ac,PASS,0.4485357771862232,TSRE_FULL,0.574438901618123,,
D1,RNA_PROTEIN,PER_LANE_LABEL_ASSISTED_SCORE_FRONTIER,0.3661129314104913,0.4475825938554101,0.4436464117254577,P_A1,TSRE_FULL_62039e4d5cf164,3,"[997, 90, 1081, 133, 212, 369, 93, 209, 59, 116]","[997, 90, 1081, 133, 212, 369, 93, 209, 59, 116]",09619023fd98dce171a322fa90dd6885e406547184d9fbffb4d83ca0087adb85,1,,0.5048435285830588,0.3963319063386089,0.4588610514290265,10,59,59,0.607446147131074,3359,3359,0.6650364650364651,517f7908a21f09c5572949a5f689490f60a2b1a78b10bb057fc242a7ba514d2e,PROFILE_62039e4d5cf164,PASS,0.4475825938554101,TSRE_FULL,1.2136340755969286,,
D1,RNA_PROTEIN,PER_LANE_LABEL_ASSISTED_SCORE_FRONTIER,0.3664925165818865,0.4486223686122537,0.4446951654109813,P_S1,TSRE_FULL_4e32ae930ea43b,4,"[998, 92, 1077, 133, 212, 371, 92, 209, 58, 117]","[998, 92, 1077, 133, 212, 371, 92, 209, 58, 117]",99f3cba499b8ca2cbee6ed764cae47a3237c1542c7ea97166577454b60a98924,1,,0.5050067169527707,0.3937833260149418,0.4600813888509644,10,58,58,0.6102641568389908,3359,3359,0.6674388674388675,fc9780de24d58603a15d9c02656f608eb72f2b2c793fd5f1127adde36756448f,PROFILE_4e32ae930ea43b,PASS,0.4486223686122537,TSRE_FULL,0.610201632604003,,
D1,RNA_PROTEIN,PER_LANE_LABEL_ASSISTED_SCORE_FRONTIER,0.3664778624945835,0.4481582291179584,0.4442269058163194,P_A1,TSRE_FULL_68de4c62e30418,0,"[996, 92, 1081, 133, 212, 369, 92, 209, 58, 117]","[996, 92, 1081, 133, 212, 369, 92, 209, 58, 117]",e10d93225c3162e511c7970ed7c285031b9c89fb5e3e948c2806a3e241427203,1,,0.505082035057397,0.395129987175455,0.4595172107892752,10,58,58,0.6088644557435977,3359,3359,0.6655512655512655,47f5ba48cd016d19087cc0c813ba5d1f3b6ad0b1348c66778b136659e3a45334,PROFILE_68de4c62e30418,PASS,0.4481582291179585,TSRE_FULL,0.6045939568430185,,
D1,RNA_PROTEIN,PER_LANE_LABEL_ASSISTED_SCORE_FRONTIER,0.3664778624945835,0.4481582291179584,0.4442269058163194,P_CONSERVATIVE,TSRE_FULL_3500dfd682e71f,0,"[996, 92, 1081, 133, 212, 369, 92, 209, 58, 117]","[996, 92, 1081, 133, 212, 369, 92, 209, 58, 117]",d6a324a7c65cc8059352506fc48d0bc9ecfd6f0450e24f96e25c38185b8ab361,1,,0.505082035057397,0.395129987175455,0.4595172107892752,10,58,58,0.6088644557435977,3359,3359,0.6655512655512655,47f5ba48cd016d19087cc0c813ba5d1f3b6ad0b1348c66778b136659e3a45334,PROFILE_3500dfd682e71f,PASS,0.4481582291179585,TSRE_FULL,0.599959122017026,,
D1,RNA_PROTEIN,PER_LANE_LABEL_ASSISTED_SCORE_FRONTIER,0.3664038957651169,0.4479904528452804,0.4440579287437511,P_CONSERVATIVE,TSRE_FULL_72fb37477fc984,2,"[996, 90, 1081, 133, 212, 369, 94, 209, 58, 117]","[996, 90, 1081, 133, 212, 369, 94, 209, 58, 117]",061397e054ef95187cec89840f9501cc3207fb02a9def3f08580bd7bc6742f9f,1,,0.5050244596716772,0.3932174292498223,0.4593435146098813,10,58,58,0.6107954439111112,3359,3359,0.6659802659802659,47813dddeeb1fceabac77260083dfe745a2e8ce94aeac0c5a0a23f1d5a117bf7,PROFILE_72fb37477fc984,PASS,0.4479904528452804,TSRE_FULL,0.7729415353387594,,
D1,RNA_PROTEIN,PER_LANE_LABEL_ASSISTED_SCORE_FRONTIER,0.3664778624945835,0.4481582291179584,0.4442269058163194,P_GEO,TSRE_FULL_8eca84b2aaf9c9,0,"[996, 92, 1081, 133, 212, 369, 92, 209, 58, 117]","[996, 92, 1081, 133, 212, 369, 92, 209, 58, 117]",70f1ba0bd5cb41bb01b2f5665e64c4f75045dc8d0e0590fd4c0b139425cd7d13,1,,0.505082035057397,0.395129987175455,0.4595172107892752,10,58,58,0.6088644557435977,3359,3359,0.6655512655512655,47f5ba48cd016d19087cc0c813ba5d1f3b6ad0b1348c66778b136659e3a45334,PROFILE_8eca84b2aaf9c9,PASS,0.4481582291179585,TSRE_FULL,0.6929251793771982,,
D1,RNA_PROTEIN,PER_LANE_LABEL_ASSISTED_SCORE_FRONTIER,0.3664778624945835,0.4481582291179584,0.4442269058163194,P_GEO,TSRE_FULL_53a950fec6bedf,0,"[996, 92, 1081, 133, 212, 369, 92, 209, 58, 117]","[996, 92, 1081, 133, 212, 369, 92, 209, 58, 117]",5289220f01f315ec22278c9c42fd9ecd1cb145cd6dce120931c936b888dba176,1,,0.505082035057397,0.395129987175455,0.4595172107892752,10,58,58,0.6088644557435977,3359,3359,0.6655512655512655,47f5ba48cd016d19087cc0c813ba5d1f3b6ad0b1348c66778b136659e3a45334,PROFILE_53a950fec6bedf,PASS,0.4481582291179585,TSRE_FULL,0.6257947161793709,,
D1,RNA_PROTEIN,PER_LANE_LABEL_ASSISTED_SCORE_FRONTIER,0.3651944271660266,0.446512164010703,0.4425715278271898,P_A1,TSRE_FULL_a2648ab9e8844a,31,"[993, 83, 1080, 134, 215, 368, 101, 210, 55, 120]","[993, 83, 1080, 134, 215, 368, 101, 210, 55, 120]",7616ec9e20909186a3b91ad03e19c427fbfba7719d0bc17c2901f4d222d5bf57,1,,0.5039043881252657,0.3797922770331088,0.4579887150862891,10,55,55,0.6238214597691882,3359,3359,0.6693264693264693,9ab01392289edf44a06baa412e653910fb38fdc9bc9670c120288fd161101a1b,PROFILE_a2648ab9e8844a,PASS,0.446512164010703,TSRE_FULL,1.192346379160881,,
D1,RNA_PROTEIN,PER_LANE_LABEL_ASSISTED_SCORE_FRONTIER,0.3664778624945835,0.4481582291179584,0.4442269058163194,P_GEO,TSRE_FULL_06b87f48145089,0,"[996, 92, 1081, 133, 212, 369, 92, 209, 58, 117]","[996, 92, 1081, 133, 212, 369, 92, 209, 58, 117]",9e88bd7413c835c26d12b3e6d4a5998e81c5ed3f7af5379fb8e5c7658f29aa39,1,,0.505082035057397,0.395129987175455,0.4595172107892752,10,58,58,0.6088644557435977,3359,3359,0.6655512655512655,47f5ba48cd016d19087cc0c813ba5d1f3b6ad0b1348c66778b136659e3a45334,PROFILE_06b87f48145089,PASS,0.4481582291179585,TSRE_FULL,0.6481656096875668,,
D1,RNA_PROTEIN,PER_LANE_LABEL_ASSISTED_SCORE_FRONTIER,0.3664778624945835,0.4481582291179584,0.4442269058163194,P_A1,TSRE_FULL_be7f41c244f84a,0,"[996, 92, 1081, 133, 212, 369, 92, 209, 58, 117]","[996, 92, 1081, 133, 212, 369, 92, 209, 58, 117]",16a6ab3b810cfb36c43b4fcd62440b2c992cbf2daadbf2fd4eb9fc978868d69e,1,,0.505082035057397,0.395129987175455,0.4595172107892752,10,58,58,0.6088644557435977,3359,3359,0.6655512655512655,47f5ba48cd016d19087cc0c813ba5d1f3b6ad0b1348c66778b136659e3a45334,PROFILE_be7f41c244f84a,PASS,0.4481582291179585,TSRE_FULL,0.6429641731083393,,
D1,RNA_PROTEIN,PER_LANE_LABEL_ASSISTED_SCORE_FRONTIER,0.3664778624945835,0.4481582291179584,0.4442269058163194,P_GEO,TSRE_FULL_dcc22db39be812,0,"[996, 92, 1081, 133, 212, 369, 92, 209, 58, 117]","[996, 92, 1081, 133, 212, 369, 92, 209, 58, 117]",d5aa4b23854829f3f7d68d7a51782f86d1c9858961fee3d8ff5be3226e619d78,1,,0.505082035057397,0.395129987175455,0.4595172107892752,10,58,58,0.6088644557435977,3359,3359,0.6655512655512655,47f5ba48cd016d19087cc0c813ba5d1f3b6ad0b1348c66778b136659e3a45334,PROFILE_dcc22db39be812,PASS,0.4481582291179585,TSRE_FULL,0.7077131848782301,,
D1,RNA_PROTEIN,PER_LANE_LABEL_ASSISTED_SCORE_FRONTIER,0.3668692260796312,0.4484068686726318,0.4444772581670188,P_GEO,TSRE_FULL_a55cd3f2c74e6d,3,"[996, 92, 1080, 133, 214, 370, 90, 209, 58, 117]","[996, 92, 1080, 133, 214, 370, 90, 209, 58, 117]",e33a5de79648001c0134a86ccc2982ca9be4ae48382e743b684808d6feac5b32,1,,0.5053622251339691,0.3925183717006182,0.4597480520249137,10,58,58,0.611536655400465,3359,3359,0.6670956670956671,5c941dd343d822f3dcd22c81ade98ddeede2be3aed0831c28e148176e9a641fa,PROFILE_a55cd3f2c74e6d,PASS,0.4484068686726318,TSRE_FULL,0.5872931610792875,,
D1,RNA_PROTEIN,PER_LANE_LABEL_ASSISTED_SCORE_FRONTIER,0.3660386543700308,0.4474167947101628,0.44347961654325,P_A1,TSRE_FULL_f5273d5f0e5130,8,"[997, 87, 1081, 133, 211, 369, 97, 209, 59, 116]","[997, 87, 1081, 133, 211, 369, 97, 209, 59, 116]",775982f048e30348fe375b6b60c29833fdaa24dbfd4f4d4e2ce5f425c1d1ed3f,1,,0.5047801666177645,0.3944412481890021,0.4587135897481731,10,59,59,0.6090378665921153,3359,3359,0.6652080652080652,c3d6683bdf8d6aa3f80b5488999cdb9825392665f5b4e4ebe2527d1bdd7fdd16,PROFILE_f5273d5f0e5130,PASS,0.4474167947101628,TSRE_FULL,1.2125807534903288,,
D1,RNA_PROTEIN,PER_LANE_LABEL_ASSISTED_SCORE_FRONTIER,0.3673555924595751,0.4489162301508392,0.4449910659742652,P_S1,TSRE_FULL_8b67ffa6cfadbe,2,"[996, 92, 1079, 133, 212, 371, 92, 209, 58, 117]","[996, 92, 1079, 133, 212, 371, 92, 209, 58, 117]",d99b3780613feca7033c968526ad2f055755378e4e93b18fb420d96c7e144e16,1,,0.5056900911582275,0.3941918705433005,0.4603767530453019,10,58,58,0.6098573123048665,3359,3359,0.6665808665808666,349bf36bdad76320e2a3d37d40d73b3c18709de67c82003d3936e3c596ac7ac7,PROFILE_8b67ffa6cfadbe,PASS,0.4489162301508393,TSRE_FULL,0.5998635534197092,,
D1,RNA_PROTEIN,PER_LANE_LABEL_ASSISTED_SCORE_FRONTIER,0.3664778624945835,0.4481582291179584,0.4442269058163194,P_CONSERVATIVE,TSRE_FULL_2fc7daffbccc58,0,"[996, 92, 1081, 133, 212, 369, 92, 209, 58, 117]","[996, 92, 1081, 133, 212, 369, 92, 209, 58, 117]",0654dc0a58c20ca994f3ae667ee2c5d22f3fe241446c1f4f054bad07b07f85b2,1,,0.505082035057397,0.395129987175455,0.4595172107892752,10,58,58,0.6088644557435977,3359,3359,0.6655512655512655,47f5ba48cd016d19087cc0c813ba5d1f3b6ad0b1348c66778b136659e3a45334,PROFILE_2fc7daffbccc58,PASS,0.4481582291179585,TSRE_FULL,0.5917678270488977,,
D1,RNA_PROTEIN,PER_LANE_LABEL_ASSISTED_SCORE_FRONTIER,0.3662150994683909,0.447708138698055,0.4437731884531974,P_A1,TSRE_FULL_f2fa0483e7aa16,11,"[996, 84, 1081, 133, 214, 369, 100, 209, 57, 116]","[996, 84, 1081, 133, 214, 369, 100, 209, 57, 116]",4c53ce3912babf658550b664bbe92529afd0319c71d75c859f0940918815936a,1,,0.5048940736517239,0.3903054083662324,0.4589557067216942,10,57,57,0.6134135485835674,3359,3359,0.6664092664092665,e87b1804ca3c6c72cd5c54d8bf735a6a64dab142b495e600ac5857b72b3dbc7e,PROFILE_f2fa0483e7aa16,PASS,0.447708138698055,TSRE_FULL,1.19601134583354,,
D1,RNA_PROTEIN,PER_LANE_LABEL_ASSISTED_SCORE_FRONTIER,0.3664778624945835,0.4481582291179584,0.4442269058163194,P_GEO,TSRE_FULL_189785977d6cfa,0,"[996, 92, 1081, 133, 212, 369, 92, 209, 58, 117]","[996, 92, 1081, 133, 212, 369, 92, 209, 58, 117]",055dd682db2f6f53e58c5ce23f9d34282507691b2be040607813211be4f9ccca,1,,0.505082035057397,0.395129987175455,0.4595172107892752,10,58,58,0.6088644557435977,3359,3359,0.6655512655512655,47f5ba48cd016d19087cc0c813ba5d1f3b6ad0b1348c66778b136659e3a45334,PROFILE_189785977d6cfa,PASS,0.4481582291179585,TSRE_FULL,0.7075193077325821,,
D1,RNA_PROTEIN,PER_LANE_LABEL_ASSISTED_SCORE_FRONTIER,0.3677109323435123,0.4490826821281343,0.4451586439507814,P_GEO,TSRE_FULL_98525e1d3651db,8,"[996, 91, 1078, 133, 214, 372, 91, 209, 58, 117]","[996, 91, 1078, 133, 214, 372, 91, 209, 58, 117]",e504e2942646816fdddbdd40f37ae61fefff160402d13a2034e3cf920fd82e1a,1,,0.5059424103812616,0.3861853472794373,0.4605234614996496,10,58,58,0.6179106431303453,3359,3359,0.6693264693264693,4990e475dfdfb4d7b88d0828feb88937a9b9465b97168900824b5803feed0da6,PROFILE_98525e1d3651db,PASS,0.4490826821281343,TSRE_FULL,0.6039757169783115,,
D1,RNA_PROTEIN,PER_LANE_LABEL_ASSISTED_SCORE_FRONTIER,0.3672815943819127,0.4487484866327618,0.4448221221321103,P_GEO,TSRE_FULL_c5513f48f1fa80,6,"[996, 90, 1079, 133, 212, 371, 94, 209, 58, 117]","[996, 90, 1079, 133, 212, 371, 94, 209, 58, 117]",aa10e8f0b932d37fa7d2ff82cb9bfcd84f359d7396561ab2b8c6d44db8ce5885,1,,0.5056324806634499,0.3906686256863506,0.460203056865908,10,58,58,0.6133926483622782,3359,3359,0.6674388674388675,ad17025d63c6bfd076dbb59c97e1a1570063aac3f8dcd3782dca10cf8182e526,PROFILE_c5513f48f1fa80,PASS,0.4487484866327618,TSRE_FULL,0.5951327551156282,,
D1,RNA_PROTEIN,PER_LANE_LABEL_ASSISTED_SCORE_FRONTIER,0.3664038906873599,0.4480006947526218,0.4440677587356911,P_CONSERVATIVE,TSRE_FULL_c90be8482766c7,6,"[996, 91, 1081, 133, 214, 369, 90, 209, 59, 117]","[996, 91, 1081, 133, 214, 369, 90, 209, 59, 117]",b5067978360a4b4394d46e369b50a0747a51bc8ab8f1a8c77661894645a527c9,1,,0.505035818311094,0.3880882453883053,0.4593076094420318,10,59,59,0.6159075446551114,3359,3359,0.6677820677820678,0b2291457e9cb28d8093602e78b0d5f094f9c9c7c4ccb215f726bf82beefd8c1,PROFILE_c90be8482766c7,PASS,0.4480006947526219,TSRE_FULL,0.6046386286616325,,
D1,RNA_PROTEIN,PER_LANE_LABEL_ASSISTED_SCORE_FRONTIER,0.3664778624945835,0.4481582291179584,0.4442269058163194,P_A1,TSRE_FULL_72deeb47f08cc0,0,"[996, 92, 1081, 133, 212, 369, 92, 209, 58, 117]","[996, 92, 1081, 133, 212, 369, 92, 209, 58, 117]",d238551487c6e4e07bf8b4c74d6aa16b4645e5ee8bfc2e87e5aca1792378e59a,1,,0.505082035057397,0.395129987175455,0.4595172107892752,10,58,58,0.6088644557435977,3359,3359,0.6655512655512655,47f5ba48cd016d19087cc0c813ba5d1f3b6ad0b1348c66778b136659e3a45334,PROFILE_72deeb47f08cc0,PASS,0.4481582291179585,TSRE_FULL,0.5851423908025026,,
D1,RNA_PROTEIN,PER_LANE_LABEL_ASSISTED_SCORE_FRONTIER,0.3652217417004122,0.4484242183482829,0.4444960798847352,P_S1,TSRE_FULL_0f294a707e33b9,9,"[1002, 92, 1072, 133, 212, 372, 92, 209, 58, 117]","[1002, 92, 1072, 133, 212, 372, 92, 209, 58, 117]",97e79274be969107b99ea0de02ef8c0b08feaf2ea7566dd6e983968bf99f4159,1,,0.5039586150502389,0.3924044886881488,0.4599299781925847,10,58,58,0.6116416720910095,3359,3359,0.66992706992707,afffc99006d591a6c47d868072d031228bc46e771c37ba24f09d4ea152e5433b,PROFILE_0f294a707e33b9,PASS,0.4484242183482829,TSRE_FULL,0.6027603317052126,,
D1,RNA_PROTEIN,PER_LANE_LABEL_ASSISTED_SCORE_FRONTIER,0.3664398612570453,0.4478686521988735,0.4439351644368586,P_A1,TSRE_FULL_3ef388de2a77a3,17,"[995, 83, 1081, 133, 216, 369, 100, 209, 56, 117]","[995, 83, 1081, 133, 216, 369, 100, 209, 56, 117]",8f9c9650fbc2625f88cdcd6624431848d04dd4455915f286023425548dda6555,1,,0.5050373604064818,0.3880757885590035,0.45911500638761,10,56,56,0.6155787359036411,3359,3359,0.6674388674388675,2276813a4471536b59af941a013a03fa7e9d210b70eb5798f4c7f3ef0636b87e,PROFILE_3ef388de2a77a3,PASS,0.4478686521988734,TSRE_FULL,1.3077451288700104,,
D1,RNA_PROTEIN,PER_LANE_LABEL_ASSISTED_SCORE_FRONTIER,0.3664778624945835,0.4481582291179584,0.4442269058163194,P_S1,TSRE_FULL_7f591f2d9a7625,0,"[996, 92, 1081, 133, 212, 369, 92, 209, 58, 117]","[996, 92, 1081, 133, 212, 369, 92, 209, 58, 117]",5186faa3cf5ab44cae02e566530cec1e7e92b107f86d4f6fb0806b843062c049,1,,0.505082035057397,0.395129987175455,0.4595172107892752,10,58,58,0.6088644557435977,3359,3359,0.6655512655512655,47f5ba48cd016d19087cc0c813ba5d1f3b6ad0b1348c66778b136659e3a45334,PROFILE_7f591f2d9a7625,PASS,0.4481582291179585,TSRE_FULL,0.5970949474722147,,
D1,RNA_PROTEIN,PER_LANE_LABEL_ASSISTED_SCORE_FRONTIER,0.3645638042358585,0.4430972633177915,0.4391377694088074,P_A1,TSRE_FULL_3b890e3458250f,41,"[988, 81, 1078, 135, 212, 367, 106, 212, 55, 125]","[988, 81, 1078, 135, 212, 367, 106, 212, 55, 125]",5f8c12fe0fda9624c5b3942372100ac2db86a7b475d99c50034b91b98358ef92,1,,0.5030499719644285,0.3875186962777955,0.4551091059306778,10,55,55,0.6158644077354353,3359,3359,0.6650364650364651,238519951b93484e18a920efd9287e4d41054c1656d86295faa804264524b9a3,PROFILE_3b890e3458250f,PASS,0.4430972633177915,TSRE_FULL,1.2026344425976276,,
D1,RNA_PROTEIN,PER_LANE_LABEL_ASSISTED_SCORE_FRONTIER,0.3664778624945835,0.4481582291179584,0.4442269058163194,P_GEO,TSRE_FULL_4e3ecf1fc4d6c8,0,"[996, 92, 1081, 133, 212, 369, 92, 209, 58, 117]","[996, 92, 1081, 133, 212, 369, 92, 209, 58, 117]",db52a39b3325ba6c58ffd6b47195217b08bd9d6797cd56aaa575cb0b4e349a3b,1,,0.505082035057397,0.395129987175455,0.4595172107892752,10,58,58,0.6088644557435977,3359,3359,0.6655512655512655,47f5ba48cd016d19087cc0c813ba5d1f3b6ad0b1348c66778b136659e3a45334,PROFILE_4e3ecf1fc4d6c8,PASS,0.4481582291179585,TSRE_FULL,0.593527453020215,,
D1,RNA_PROTEIN,PER_LANE_LABEL_ASSISTED_SCORE_FRONTIER,0.3650569907384879,0.4432774912273598,0.4393215701586873,P_A1,TSRE_FULL_c92790e00025c1,50,"[986, 86, 1078, 134, 207, 367, 105, 213, 57, 126]","[986, 86, 1078, 134, 207, 367, 105, 213, 57, 126]",42a54926b16f562ad2a814d7e758db749e1f022cdf225bc878b91ab0d814b359,1,,0.5033051532720806,0.3889030452080299,0.4556625832598991,10,57,57,0.6138626991197683,3359,3359,0.6630630630630631,5ec8d8f45729324eb1ddb4081b5fc9c5bdaa2f179bc514fc9c109a4c916230d3,PROFILE_c92790e00025c1,PASS,0.4432774912273599,TSRE_FULL,1.3075202517211435,,
D1,RNA_PROTEIN,PER_LANE_LABEL_ASSISTED_SCORE_FRONTIER,0.3664778624945835,0.4481582291179584,0.4442269058163194,P_GEO,TSRE_FULL_ff7e8345ae9cfd,0,"[996, 92, 1081, 133, 212, 369, 92, 209, 58, 117]","[996, 92, 1081, 133, 212, 369, 92, 209, 58, 117]",9feb11287c2b34e12172b32c887bb532b60d41ee1fb7811dfbc6d130b244e158,1,,0.505082035057397,0.395129987175455,0.4595172107892752,10,58,58,0.6088644557435977,3359,3359,0.6655512655512655,47f5ba48cd016d19087cc0c813ba5d1f3b6ad0b1348c66778b136659e3a45334,PROFILE_ff7e8345ae9cfd,PASS,0.4481582291179585,TSRE_FULL,0.5948358699679375,,
D1,RNA_PROTEIN,PER_LANE_LABEL_ASSISTED_SCORE_FRONTIER,0.3677500415439257,0.4491708558910805,0.445247444435377,P_GEO,TSRE_FULL_4edf8c631a8c8b,5,"[996, 92, 1078, 133, 214, 372, 90, 209, 58, 117]","[996, 92, 1078, 133, 214, 372, 90, 209, 58, 117]",135c54b5e967f848c2eef2b048bfe495c5be04250b778816cd189eb640987119,1,,0.5059730306338702,0.391607706519093,0.4606134590349642,10,58,58,0.6124746874150025,3359,3359,0.6681252681252682,b272e7d74c13bab5111d3dd99ff113487cb3052f7ab0492368b5fc96c8f4286c,PROFILE_4edf8c631a8c8b,PASS,0.4491708558910804,TSRE_FULL,0.6142509523779154,,
D1,RNA_PROTEIN,PER_LANE_LABEL_ASSISTED_SCORE_FRONTIER,0.3664778624945835,0.4481582291179584,0.4442269058163194,P_GEO,TSRE_FULL_174e49933789aa,0,"[996, 92, 1081, 133, 212, 369, 92, 209, 58, 117]","[996, 92, 1081, 133, 212, 369, 92, 209, 58, 117]",659978d81197c4b3c58c5104f5447119227a8f250236eef61c583d458825fb45,1,,0.505082035057397,0.395129987175455,0.4595172107892752,10,58,58,0.6088644557435977,3359,3359,0.6655512655512655,47f5ba48cd016d19087cc0c813ba5d1f3b6ad0b1348c66778b136659e3a45334,PROFILE_174e49933789aa,PASS,0.4481582291179585,TSRE_FULL,0.5969156716018915,,
D1,RNA_PROTEIN,PER_LANE_LABEL_ASSISTED_SCORE_FRONTIER,0.3664038957651169,0.4479904528452804,0.4440579287437511,P_A1,TSRE_FULL_9aa783fa264f38,2,"[996, 90, 1081, 133, 212, 369, 94, 209, 58, 117]","[996, 90, 1081, 133, 212, 369, 94, 209, 58, 117]",c152ab1c07b716bb2df43fbf2552c98a85c4d71028b2b4dd78904691de44d7c0,1,,0.5050244596716772,0.3938412864111956,0.4593435146098813,10,58,58,0.6101645822693398,3359,3359,0.6658086658086658,a51cfcc0c6bba2427d63218e15587b20d3ce09b0bdf72bf781ca236961e51f1a,PROFILE_9aa783fa264f38,PASS,0.4479904528452804,TSRE_FULL,1.2463783100247383,,
D1,RNA_PROTEIN,PER_LANE_LABEL_ASSISTED_SCORE_FRONTIER,0.3668685927734694,0.4466987999167041,0.4427584738658696,P_GEO,TSRE_FULL_ac686af1d0ebbc,17,"[995, 92, 1080, 135, 211, 369, 92, 210, 56, 119]","[995, 92, 1080, 135, 211, 369, 92, 210, 56, 119]",2f1ec11e5cc91cad004bb58a8c6d56a7f3b929ee1964408d99eac85263c5bc31,1,,0.5052948198682571,0.3779761499571085,0.4581220040728322,10,56,56,0.6259469501416156,3359,3359,0.6705276705276705,b5f672fbd51c2b7e7e104d07c083ee9552172147f1f886da3d71ae9fd0efa453,PROFILE_ac686af1d0ebbc,PASS,0.4466987999167041,TSRE_FULL,0.6695430520921946,,
D1,RNA_PROTEIN,PER_LANE_LABEL_ASSISTED_SCORE_FRONTIER,0.3667262051493649,0.4481188628299251,0.4441877440977366,P_CONSERVATIVE,TSRE_FULL_4ae471a38560c3,12,"[996, 93, 1080, 134, 213, 369, 90, 209, 57, 118]","[996, 93, 1080, 134, 213, 369, 90, 209, 57, 118]",fd36db833027fe4378a232d20ed9f05c1ce432ba67b7847984d9d24d25cba87b,1,,0.5052341822670365,0.3801241806391458,0.4594964849713833,10,57,57,0.6239154561788013,3359,3359,0.67001287001287,abf56da25888bf70682d426413108a907578050886a08b39039cea2c1e538cb7,PROFILE_4ae471a38560c3,PASS,0.4481188628299251,TSRE_FULL,0.6943027935922146,,
D1,RNA_PROTEIN,PER_LANE_LABEL_ASSISTED_SCORE_FRONTIER,0.3664038906873599,0.4480006947526218,0.4440677587356911,P_CONSERVATIVE,TSRE_FULL_26027affbafe32,6,"[996, 91, 1081, 133, 214, 369, 90, 209, 59, 117]","[996, 91, 1081, 133, 214, 369, 90, 209, 59, 117]",880f1f819c5337c583333434fd1b6fcce12db6e263981c877f015396c5dcbb00,1,,0.505035818311094,0.3880882453883053,0.4593076094420318,10,59,59,0.6159075446551114,3359,3359,0.6677820677820678,0b2291457e9cb28d8093602e78b0d5f094f9c9c7c4ccb215f726bf82beefd8c1,PROFILE_26027affbafe32,PASS,0.4480006947526219,TSRE_FULL,0.6152041610330343,,
D1,RNA_PROTEIN,PER_LANE_LABEL_ASSISTED_SCORE_FRONTIER,0.3660536877324946,0.448242134591066,0.4443118444472304,P_S1,TSRE_FULL_f74d383977e972,3,"[998, 92, 1078, 133, 212, 370, 92, 209, 58, 117]","[998, 92, 1078, 133, 212, 370, 92, 209, 58, 117]",af4f24b660aeb03db1c4877f3f8129dd22a7561363c58691c8d55dad21420a41,1,,0.5047025597210528,0.3942515774707202,0.4596504807192348,10,58,58,0.6097686658260477,3359,3359,0.6669240669240669,ffa2b920e3aeaaf70db96c2899c71db546d5088edba6cc8e3822948eb1529028,PROFILE_f74d383977e972,PASS,0.448242134591066,TSRE_FULL,0.6821872219443321,,
D1,RNA_PROTEIN,PER_LANE_LABEL_ASSISTED_SCORE_FRONTIER,0.3664778624945835,0.4481582291179584,0.4442269058163194,P_GEO,TSRE_FULL_3706dcae9dc751,0,"[996, 92, 1081, 133, 212, 369, 92, 209, 58, 117]","[996, 92, 1081, 133, 212, 369, 92, 209, 58, 117]",dad31acc8acb884201f741a8ba1f21e908b34977912158f3f66290bb6eedff91,1,,0.505082035057397,0.395129987175455,0.4595172107892752,10,58,58,0.6088644557435977,3359,3359,0.6655512655512655,47f5ba48cd016d19087cc0c813ba5d1f3b6ad0b1348c66778b136659e3a45334,PROFILE_3706dcae9dc751,PASS,0.4481582291179585,TSRE_FULL,0.5819531455636024,,
D1,RNA_PROTEIN,PER_LANE_LABEL_ASSISTED_SCORE_FRONTIER,0.3650794011498915,0.4436734295033627,0.4397203983427679,P_A1,TSRE_FULL_2179eccb7b4e82,50,"[988, 84, 1075, 135, 210, 367, 103, 213, 57, 127]","[988, 84, 1075, 135, 210, 367, 103, 213, 57, 127]",94c903915eec83918b5c141ddda188601ed26026ebc3936535e8893954c3bfc7,1,,0.5032819762015163,0.3805045291007393,0.4560531574449163,10,57,57,0.6224398583381557,3359,3359,0.6674388674388675,a70b0a7c4fbc48184227922f01934e845b07fc191f284678196bf9ef3d80104b,PROFILE_2179eccb7b4e82,PASS,0.4436734295033627,TSRE_FULL,1.3036383371800184,,
D1,RNA_PROTEIN,PER_LANE_LABEL_ASSISTED_SCORE_FRONTIER,0.3664437729894474,0.4477915664923718,0.4438580508792868,P_A1,TSRE_FULL_59522032fbdfac,23,"[995, 86, 1081, 134, 215, 368, 99, 210, 54, 117]","[995, 86, 1081, 134, 215, 368, 99, 210, 54, 117]",69f50828c55ce643fe98f0bec48c37e11147eda81615353402eabb7fcf4a5c20,1,,0.5050296078486196,0.3811067140790029,0.4590493317170369,10,54,54,0.6225109376916254,3359,3359,0.6694980694980694,d77bbf59550dd3a186969da84cc59466e8cf8e7fb08246b4bcaaaa911faa44be,PROFILE_59522032fbdfac,PASS,0.4477915664923718,TSRE_FULL,1.3024585973471403,,
tonsil_s2,RNA_PROTEIN,PER_LANE_LABEL_ASSISTED_SCORE_FRONTIER,0.2587853670379758,0.3165462386288244,0.315973348592331,NONE,INPUT_STRONG_START,0,"[1001, 1402, 445, 1670]","[1001, 1403, 445, 1670]",74234e98afe7498fb5daf1f36ac2d78acc339464f950703b8c019892f982b90b,1,,0.5158460787106333,0.2336902568072018,0.3457625160955204,4,445,445,0.7654990380365636,4518,4519,0.8332800613693025,cd8233e38ed63e2a28b5833aa9da4d2402d0358c9613deaa6a353e4313339c0d,INPUT_STRONG_START,PASS,0.3165462386288244,INPUT_STRONG_START,0.0002715941518545,,
tonsil_s2,RNA_PROTEIN,PER_LANE_LABEL_ASSISTED_SCORE_FRONTIER,0.256714850713133,0.3126449210709021,0.3120689353766923,P_A1,NIGHT15F_DIRECT_177199d44d3d6a,15,"[1000, 1393, 449, 1676]","[1000, 1394, 449, 1676]",622ff84e66ccdf5f911512d6ef1e8f8a6406668f5a0a2a9624ea986afd9921de,1,,0.514394862691741,0.2345232870966916,0.341600821174684,4,449,449,0.7645042224206732,4518,4519,0.8324490187304225,f8c7cdf39c61b120b39d4083e22869a4c14f860d819df3f25c37888c71ead8b3,PROFILE_177199d44d3d6a,PASS,0.3126449210709022,NIGHT15F_DIRECT,0.7981913015246391,,
tonsil_s2,RNA_PROTEIN,PER_LANE_LABEL_ASSISTED_SCORE_FRONTIER,0.256013699829152,0.3113819320694265,0.3108051434693773,P_A1,TSRE_SUPPORT_ONLY_0bc413d447f895,19,"[1001, 1387, 453, 1677]","[1001, 1388, 453, 1677]",a6c9d2fdcec718a40757afa48277317ee7f6955edc0334be429f67a7571aa3f4,1,,0.5137861914744731,0.2361976713416636,0.3403674467537471,4,453,453,0.7627328187784541,4518,4519,0.8313622706641949,7ae7cd160f860e3e06445cdeb456611032bb404ebf44ff1584cc2f8328d53020,PROFILE_0bc413d447f895,PASS,0.3113819320694265,TSRE_SUPPORT_ONLY,1.405518967658281,,
tonsil_s2,RNA_PROTEIN,PER_LANE_LABEL_ASSISTED_SCORE_FRONTIER,0.2557587161641699,0.3109606413072181,0.3103836226361908,P_A1,TSRE_SUPPORT_ONLY_2243d5fb6f1aa3,21,"[1001, 1385, 455, 1677]","[1001, 1386, 455, 1677]",777554d714d70c046803b5ce538fae0a158e4bd2d2530ff299a34b90e39dd413,1,,0.5135482118999682,0.2375376223041738,0.3399773055078663,4,455,455,0.7613557277595543,4518,4519,0.8304673016684779,19897fcff7b8426c20b8aa2412c38443793fcc79407805f81850190a27b4f277,PROFILE_2243d5fb6f1aa3,PASS,0.3109606413072181,TSRE_SUPPORT_ONLY,1.4222026597708464,,
tonsil_s2,RNA_PROTEIN,PER_LANE_LABEL_ASSISTED_SCORE_FRONTIER,0.2574635354765618,0.3121787922510969,0.3116037768013403,P_A1,TSRE_SUPPORT_ONLY_9a558768f506ce,40,"[1002, 1369, 471, 1676]","[1002, 1370, 471, 1676]",e22f8e7c20579d849f4be7ccd5fe16c890c1bae8110b6160818ded85a4aded3d,1,,0.5141462803465731,0.2468520998604914,0.3418773480981412,4,471,471,0.7521482630541061,4518,4519,0.8246500031963179,7907238c7cee43e1f5d2f1f5099e9c07404e77dfb7684fd759eda8446820ff5a,PROFILE_9a558768f506ce,PASS,0.3121787922510969,TSRE_SUPPORT_ONLY,1.2287339065223932,,
tonsil_s2,RNA_PROTEIN,PER_LANE_LABEL_ASSISTED_SCORE_FRONTIER,0.2558993296783177,0.3112911506018829,0.3107144189703539,P_A1,TSRE_FULL_99e7f2c98f050e,20,"[1001, 1386, 455, 1676]","[1001, 1387, 455, 1676]",fe65cb4f64929d589a404257956928de219d3500f5c3715aebe8822d7171fb5c,1,,0.5136321614722068,0.2370282183250666,0.3403446719110115,4,455,455,0.7618655107681946,4518,4519,0.8309147861663364,0e7cf699ed29afca095cefb65bafc02412e3cb61813b9244680c6bbc7d902d7f,PROFILE_99e7f2c98f050e,PASS,0.3112911506018829,TSRE_FULL,1.220520418137312,,
tonsil_s2,RNA_PROTEIN,PER_LANE_LABEL_ASSISTED_SCORE_FRONTIER,0.2570949920737272,0.3129918884422912,0.3124162588400938,P_A1,TSRE_FULL_e3860eadfb62e6,12,"[1002, 1394, 449, 1673]","[1002, 1395, 449, 1673]",2fbb9b3e6b317148021ce3fc03931d66238988d5f5194b8faccc0acf33bbee01,1,,0.5145916086585731,0.23502830356555,0.3420184026432531,4,449,449,0.7639925247347905,4518,4519,0.8320015342325641,fc20ebdc8aba21279e1384e2e32debdcceab2e35f73512eaa57f8493bccf7073,PROFILE_e3860eadfb62e6,PASS,0.3129918884422911,TSRE_FULL,1.4477301724255085,,
tonsil_s2,RNA_PROTEIN,PER_LANE_LABEL_ASSISTED_SCORE_FRONTIER,0.2580697591496053,0.315252944257598,0.3146791323918542,P_A1,TSRE_FULL_27b41a87f90acc,3,"[1002, 1401, 447, 1668]","[1002, 1402, 447, 1668]",126c82b8769608416e742f5f0334dd593a0ec1ddebe161583ff5ca1ab724f775,1,,0.5152646206101682,0.2339887500516026,0.3444449439038758,4,447,447,0.7650779310571383,4518,4519,0.832896503228281,dc68b1c0139de118d25514f0f08f7b3f014b61a7d9a8e2497bc2e3ddb4b82259,PROFILE_27b41a87f90acc,PASS,0.3152529442575981,TSRE_FULL,1.28740606456995,,
tonsil_s2,RNA_PROTEIN,PER_LANE_LABEL_ASSISTED_SCORE_FRONTIER,0.2580457470980646,0.3152174114037174,0.3146433433678425,P_S1,NIGHT15F_DIRECT_96e54ebba64151,3,"[998, 1404, 445, 1671]","[998, 1405, 445, 1671]",a8033b9347693699319e99e30211faf93dbc44f91621faa4468058b37bc73976,1,,0.5154028515260382,0.2324054745314279,0.3442729561752308,4,445,445,0.7668058006312564,4518,4519,0.8343668094355303,11d3c8f4f9f784f6753b0ba8f0aa71bea658b8f421c7010625d2b38f14800702,PROFILE_96e54ebba64151,PASS,0.3152174114037174,NIGHT15F_DIRECT,0.4004087224602699,,
tonsil_s2,RNA_PROTEIN,PER_LANE_LABEL_ASSISTED_SCORE_FRONTIER,0.2587853670379758,0.3165462386288244,0.315973348592331,P_S1,TSRE_SUPPORT_ONLY_77616f71fc251e,0,"[1001, 1402, 445, 1670]","[1001, 1403, 445, 1670]",f04d8c0a6579b6abc7bc591ceb289bc238dc2c9576c2ca45ac4101baa4a5cb4b,1,,0.5158460787106333,0.2336902568072018,0.3457625160955204,4,445,445,0.7654990380365636,4518,4519,0.8332800613693025,cd8233e38ed63e2a28b5833aa9da4d2402d0358c9613deaa6a353e4313339c0d,PROFILE_77616f71fc251e,PASS,0.3165462386288244,TSRE_SUPPORT_ONLY,0.7116603124886751,,
tonsil_s2,RNA_PROTEIN,PER_LANE_LABEL_ASSISTED_SCORE_FRONTIER,0.2587853670379758,0.3165462386288244,0.315973348592331,P_S1,TSRE_SUPPORT_ONLY_2ace2160ac2ee1,0,"[1001, 1402, 445, 1670]","[1001, 1403, 445, 1670]",c0c90afcd7cd42bdb230bffc6ca4ff96ea48206fdd859dfc11ea685f8253e730,1,,0.5158460787106333,0.2336902568072018,0.3457625160955204,4,445,445,0.7654990380365636,4518,4519,0.8332800613693025,cd8233e38ed63e2a28b5833aa9da4d2402d0358c9613deaa6a353e4313339c0d,PROFILE_2ace2160ac2ee1,PASS,0.3165462386288244,TSRE_SUPPORT_ONLY,0.6098371464759111,,
tonsil_s2,RNA_PROTEIN,PER_LANE_LABEL_ASSISTED_SCORE_FRONTIER,0.2587853670379758,0.3165462386288244,0.315973348592331,P_S1,TSRE_SUPPORT_ONLY_57f1dca5e9a927,0,"[1001, 1402, 445, 1670]","[1001, 1403, 445, 1670]",e48dfb2b9c9dde90650196c330774f50a72da913a43d78b03a296b3ce1979aa8,1,,0.5158460787106333,0.2336902568072018,0.3457625160955204,4,445,445,0.7654990380365636,4518,4519,0.8332800613693025,cd8233e38ed63e2a28b5833aa9da4d2402d0358c9613deaa6a353e4313339c0d,PROFILE_57f1dca5e9a927,PASS,0.3165462386288244,TSRE_SUPPORT_ONLY,0.5666277445852757,,
tonsil_s2,RNA_PROTEIN,PER_LANE_LABEL_ASSISTED_SCORE_FRONTIER,0.2587853670379758,0.3165462386288244,0.315973348592331,P_S1,TSRE_FULL_44953966a00c7d,0,"[1001, 1402, 445, 1670]","[1001, 1403, 445, 1670]",3d828263ec9fba5d53037b6ac95b3c76f99251d217698e4cdc60f091bf490f81,1,,0.5158460787106333,0.2336902568072018,0.3457625160955204,4,445,445,0.7654990380365636,4518,4519,0.8332800613693025,cd8233e38ed63e2a28b5833aa9da4d2402d0358c9613deaa6a353e4313339c0d,PROFILE_44953966a00c7d,PASS,0.3165462386288244,TSRE_FULL,0.6204493083059788,,
tonsil_s2,RNA_PROTEIN,PER_LANE_LABEL_ASSISTED_SCORE_FRONTIER,0.2587853670379758,0.3165462386288244,0.315973348592331,P_S1,TSRE_FULL_1784633509c87e,0,"[1001, 1402, 445, 1670]","[1001, 1403, 445, 1670]",c621b89675beda1c1657f246b06d2954052cfd56c2f727d55127f89c47634e96,1,,0.5158460787106333,0.2336902568072018,0.3457625160955204,4,445,445,0.7654990380365636,4518,4519,0.8332800613693025,cd8233e38ed63e2a28b5833aa9da4d2402d0358c9613deaa6a353e4313339c0d,PROFILE_1784633509c87e,PASS,0.3165462386288244,TSRE_FULL,0.6436324156820774,,
tonsil_s2,RNA_PROTEIN,PER_LANE_LABEL_ASSISTED_SCORE_FRONTIER,0.2587853670379758,0.3165462386288244,0.315973348592331,P_S1,TSRE_FULL_22f6b42b5f8970,0,"[1001, 1402, 445, 1670]","[1001, 1403, 445, 1670]",eb7aef246532cf28187f623c156318dac0302270a3ab46ee698adea9fa6dfcf0,1,,0.5158460787106333,0.2336902568072018,0.3457625160955204,4,445,445,0.7654990380365636,4518,4519,0.8332800613693025,cd8233e38ed63e2a28b5833aa9da4d2402d0358c9613deaa6a353e4313339c0d,PROFILE_22f6b42b5f8970,PASS,0.3165462386288244,TSRE_FULL,0.6608857605606318,,
tonsil_s2,RNA_PROTEIN,PER_LANE_LABEL_ASSISTED_SCORE_FRONTIER,0.2585764855291226,0.3157910950294007,0.3152175444703534,P_GEO,NIGHT15F_DIRECT_be17291ce154d3,1,"[1000, 1402, 445, 1671]","[1000, 1403, 445, 1671]",811c5b43350399eeb27bbfe3726b38df740cd43f5d1d20d7ed05c48ac3a37cf2,1,,0.5157298895514514,0.2332500699286282,0.3449212641597791,4,445,445,0.7659537310279689,4518,4519,0.8336636195103241,073c179bdb96344fdf9b438e139327ea299e5591ceba23386718f0d7bf16f19e,PROFILE_be17291ce154d3,PASS,0.3157910950294006,NIGHT15F_DIRECT,0.3833654839545488,,
tonsil_s2,RNA_PROTEIN,PER_LANE_LABEL_ASSISTED_SCORE_FRONTIER,0.2587853670379758,0.3165462386288244,0.315973348592331,P_GEO,TSRE_SUPPORT_ONLY_8e58c732935411,0,"[1001, 1402, 445, 1670]","[1001, 1403, 445, 1670]",8a68d46cf93b96c667ad8aae0255cc6b2ecffff09faa91675553ac897d45d509,1,,0.5158460787106333,0.2336902568072018,0.3457625160955204,4,445,445,0.7654990380365636,4518,4519,0.8332800613693025,cd8233e38ed63e2a28b5833aa9da4d2402d0358c9613deaa6a353e4313339c0d,PROFILE_8e58c732935411,PASS,0.3165462386288244,TSRE_SUPPORT_ONLY,0.5943159144371748,,
tonsil_s2,RNA_PROTEIN,PER_LANE_LABEL_ASSISTED_SCORE_FRONTIER,0.2587853670379758,0.3165462386288244,0.315973348592331,P_GEO,TSRE_SUPPORT_ONLY_6aba48418df5f8,0,"[1001, 1402, 445, 1670]","[1001, 1403, 445, 1670]",9425737fcc2b7f54daf432a51d07bc1085bb7de8a1db562b9ae3cd63b65228b9,1,,0.5158460787106333,0.2336902568072018,0.3457625160955204,4,445,445,0.7654990380365636,4518,4519,0.8332800613693025,cd8233e38ed63e2a28b5833aa9da4d2402d0358c9613deaa6a353e4313339c0d,PROFILE_6aba48418df5f8,PASS,0.3165462386288244,TSRE_SUPPORT_ONLY,0.599665803834796,,
tonsil_s2,RNA_PROTEIN,PER_LANE_LABEL_ASSISTED_SCORE_FRONTIER,0.2587853670379758,0.3165462386288244,0.315973348592331,P_GEO,TSRE_SUPPORT_ONLY_192a40cdf0990d,0,"[1001, 1402, 445, 1670]","[1001, 1403, 445, 1670]",5a7e1faf1f459fdec39023a37c9e3e3e056c14d5d740230f37759ec8ed50045e,1,,0.5158460787106333,0.2336902568072018,0.3457625160955204,4,445,445,0.7654990380365636,4518,4519,0.8332800613693025,cd8233e38ed63e2a28b5833aa9da4d2402d0358c9613deaa6a353e4313339c0d,PROFILE_192a40cdf0990d,PASS,0.3165462386288244,TSRE_SUPPORT_ONLY,0.6087220888584852,,
tonsil_s2,RNA_PROTEIN,PER_LANE_LABEL_ASSISTED_SCORE_FRONTIER,0.2587853670379758,0.3165462386288244,0.315973348592331,P_GEO,TSRE_FULL_0f7fe82267a674,0,"[1001, 1402, 445, 1670]","[1001, 1403, 445, 1670]",d0aa242d697cd1ddaa497cf74989cbc8cb247d9cfe47cec7cee83fd779cce860,1,,0.5158460787106333,0.2336902568072018,0.3457625160955204,4,445,445,0.7654990380365636,4518,4519,0.8332800613693025,cd8233e38ed63e2a28b5833aa9da4d2402d0358c9613deaa6a353e4313339c0d,PROFILE_0f7fe82267a674,PASS,0.3165462386288244,TSRE_FULL,0.6993136759847403,,
tonsil_s2,RNA_PROTEIN,PER_LANE_LABEL_ASSISTED_SCORE_FRONTIER,0.2587853670379758,0.3165462386288244,0.315973348592331,P_GEO,TSRE_FULL_9d34d379cefac0,0,"[1001, 1402, 445, 1670]","[1001, 1403, 445, 1670]",93d4a7d91a0c8d243a0926ed9a95e470c0546270f417bef2552e3b378bdd5287,1,,0.5158460787106333,0.2336902568072018,0.3457625160955204,4,445,445,0.7654990380365636,4518,4519,0.8332800613693025,cd8233e38ed63e2a28b5833aa9da4d2402d0358c9613deaa6a353e4313339c0d,PROFILE_9d34d379cefac0,PASS,0.3165462386288244,TSRE_FULL,0.6021627299487591,,
tonsil_s2,RNA_PROTEIN,PER_LANE_LABEL_ASSISTED_SCORE_FRONTIER,0.2587853670379758,0.3165462386288244,0.315973348592331,P_GEO,TSRE_FULL_72ef28512c4dd0,0,"[1001, 1402, 445, 1670]","[1001, 1403, 445, 1670]",0c9a5fd4235d297a0cee15cb106dd2310453047438c5caa591a00923befb9070,1,,0.5158460787106333,0.2336902568072018,0.3457625160955204,4,445,445,0.7654990380365636,4518,4519,0.8332800613693025,cd8233e38ed63e2a28b5833aa9da4d2402d0358c9613deaa6a353e4313339c0d,PROFILE_72ef28512c4dd0,PASS,0.3165462386288244,TSRE_FULL,0.5980051960796118,,
tonsil_s2,RNA_PROTEIN,PER_LANE_LABEL_ASSISTED_SCORE_FRONTIER,0.2587853670379758,0.3165462386288244,0.315973348592331,P_CONSERVATIVE,NIGHT15F_DIRECT_0b614136d31c2c,0,"[1001, 1402, 445, 1670]","[1001, 1403, 445, 1670]",3b9c3483b1f68a99faa2ae177bef6dce26ce0b3fcfe8bfc2ebe0313c8934b447,1,,0.5158460787106333,0.2336902568072018,0.3457625160955204,4,445,445,0.7654990380365636,4518,4519,0.8332800613693025,cd8233e38ed63e2a28b5833aa9da4d2402d0358c9613deaa6a353e4313339c0d,PROFILE_0b614136d31c2c,PASS,0.3165462386288244,NIGHT15F_DIRECT,0.3917443733662367,,
tonsil_s2,RNA_PROTEIN,PER_LANE_LABEL_ASSISTED_SCORE_FRONTIER,0.2587853670379758,0.3165462386288244,0.315973348592331,P_CONSERVATIVE,TSRE_SUPPORT_ONLY_31a54461f11a8b,0,"[1001, 1402, 445, 1670]","[1001, 1403, 445, 1670]",7b4e72f8bd30ae9cf7de38adc46a817c6fb660d026886591b7e54ff1e8ab67fc,1,,0.5158460787106333,0.2336902568072018,0.3457625160955204,4,445,445,0.7654990380365636,4518,4519,0.8332800613693025,cd8233e38ed63e2a28b5833aa9da4d2402d0358c9613deaa6a353e4313339c0d,PROFILE_31a54461f11a8b,PASS,0.3165462386288244,TSRE_SUPPORT_ONLY,0.5941318515688181,,
tonsil_s2,RNA_PROTEIN,PER_LANE_LABEL_ASSISTED_SCORE_FRONTIER,0.2587853670379758,0.3165462386288244,0.315973348592331,P_CONSERVATIVE,TSRE_SUPPORT_ONLY_795046c5150f4e,0,"[1001, 1402, 445, 1670]","[1001, 1403, 445, 1670]",c33b01aef080f88bfe632981a96e6d5a0f85cbf30f0038e1eaf16acdab858b48,1,,0.5158460787106333,0.2336902568072018,0.3457625160955204,4,445,445,0.7654990380365636,4518,4519,0.8332800613693025,cd8233e38ed63e2a28b5833aa9da4d2402d0358c9613deaa6a353e4313339c0d,PROFILE_795046c5150f4e,PASS,0.3165462386288244,TSRE_SUPPORT_ONLY,0.703161932528019,,
tonsil_s2,RNA_PROTEIN,PER_LANE_LABEL_ASSISTED_SCORE_FRONTIER,0.2587853670379758,0.3165462386288244,0.315973348592331,P_CONSERVATIVE,TSRE_SUPPORT_ONLY_8e642aff264f3d,0,"[1001, 1402, 445, 1670]","[1001, 1403, 445, 1670]",37787f92514cd45da9cd0db3c41cce1ede8c86f14181bf6d6c2e1caab01bf673,1,,0.5158460787106333,0.2336902568072018,0.3457625160955204,4,445,445,0.7654990380365636,4518,4519,0.8332800613693025,cd8233e38ed63e2a28b5833aa9da4d2402d0358c9613deaa6a353e4313339c0d,PROFILE_8e642aff264f3d,PASS,0.3165462386288244,TSRE_SUPPORT_ONLY,0.6122678276151419,,
tonsil_s2,RNA_PROTEIN,PER_LANE_LABEL_ASSISTED_SCORE_FRONTIER,0.2587853670379758,0.3165462386288244,0.315973348592331,P_CONSERVATIVE,TSRE_FULL_326b53183ac0a4,0,"[1001, 1402, 445, 1670]","[1001, 1403, 445, 1670]",fee9d7647857377105612afec20850da85e04b4be1da83ddee874e7eba710e24,1,,0.5158460787106333,0.2336902568072018,0.3457625160955204,4,445,445,0.7654990380365636,4518,4519,0.8332800613693025,cd8233e38ed63e2a28b5833aa9da4d2402d0358c9613deaa6a353e4313339c0d,PROFILE_326b53183ac0a4,PASS,0.3165462386288244,TSRE_FULL,0.6022738628089428,,
tonsil_s2,RNA_PROTEIN,PER_LANE_LABEL_ASSISTED_SCORE_FRONTIER,0.2587853670379758,0.3165462386288244,0.315973348592331,P_CONSERVATIVE,TSRE_FULL_a2136040df85f7,0,"[1001, 1402, 445, 1670]","[1001, 1403, 445, 1670]",e2fdc25475874fa835dde85c4c7a1955b208d82460075ca06e4bebf602281bdc,1,,0.5158460787106333,0.2336902568072018,0.3457625160955204,4,445,445,0.7654990380365636,4518,4519,0.8332800613693025,cd8233e38ed63e2a28b5833aa9da4d2402d0358c9613deaa6a353e4313339c0d,PROFILE_a2136040df85f7,PASS,0.3165462386288244,TSRE_FULL,0.8602820001542568,,
tonsil_s2,RNA_PROTEIN,PER_LANE_LABEL_ASSISTED_SCORE_FRONTIER,0.2587853670379758,0.3165462386288244,0.315973348592331,P_CONSERVATIVE,TSRE_FULL_0b43e23768b86d,0,"[1001, 1402, 445, 1670]","[1001, 1403, 445, 1670]",7876c7c835ee82750010f54331195b8ac27304d3e071800699d7bd290ce210f3,1,,0.5158460787106333,0.2336902568072018,0.3457625160955204,4,445,445,0.7654990380365636,4518,4519,0.8332800613693025,cd8233e38ed63e2a28b5833aa9da4d2402d0358c9613deaa6a353e4313339c0d,PROFILE_0b43e23768b86d,PASS,0.3165462386288244,TSRE_FULL,0.7469195704907179,,
tonsil_s2,RNA_PROTEIN,PER_LANE_LABEL_ASSISTED_SCORE_FRONTIER,0.2536137220607441,0.3105659409760677,0.3099890392452781,P_A1,TSRE_FULL_c52aba15f7f709,22,"[1001, 1402, 459, 1656]","[1001, 1403, 459, 1656]",448558cd38dc1f15490bace5dbcab548357a958c871c5fef0e87f848fb0e3a2a,1,,0.5117667882331064,0.2352920624862925,0.339804463380491,4,459,459,0.7638006058249924,4518,4519,0.8317458288052164,5901d5fe8c4ce8b5db3e4779aec10d087c4379b5a84207b625147000b7a90ea7,PROFILE_c52aba15f7f709,PASS,0.3105659409760677,TSRE_FULL,1.2661777269095182,,
tonsil_s2,RNA_PROTEIN,PER_LANE_LABEL_ASSISTED_SCORE_FRONTIER,0.2587481854950169,0.3159591401080297,0.3153857760216502,P_A1,TSRE_FULL_aad09fdd2b1768,1,"[1002, 1401, 445, 1670]","[1002, 1402, 445, 1670]",d8469602b5626acaa053fae859d95c1a936513beb2b8450e0c9127f12cd6ec80,1,,0.5158068906781047,0.2341540564930306,0.3451319937790473,4,445,445,0.7650258186699501,4518,4519,0.832896503228281,593b17dce8dc326f4f7ec1b5f4c44c3701b72e6c48ddb728692620fa6cd9bdd7,PROFILE_aad09fdd2b1768,PASS,0.3159591401080298,TSRE_FULL,1.4105089884251356,,
tonsil_s2,RNA_PROTEIN,PER_LANE_LABEL_ASSISTED_SCORE_FRONTIER,0.2587853670379758,0.3165462386288244,0.315973348592331,P_S1,TSRE_FULL_5de93e05f8e4c4,0,"[1001, 1402, 445, 1670]","[1001, 1403, 445, 1670]",ee0553605a6cb3a2e1e1c6b71b85aa63107a0a6b1772c30de5f507895dd601f9,1,,0.5158460787106333,0.2336902568072018,0.3457625160955204,4,445,445,0.7654990380365636,4518,4519,0.8332800613693025,cd8233e38ed63e2a28b5833aa9da4d2402d0358c9613deaa6a353e4313339c0d,PROFILE_5de93e05f8e4c4,PASS,0.3165462386288244,TSRE_FULL,0.6487793903797865,,
tonsil_s2,RNA_PROTEIN,PER_LANE_LABEL_ASSISTED_SCORE_FRONTIER,0.2587853670379758,0.3165462386288244,0.315973348592331,P_S1,TSRE_FULL_28e09bcf8f7254,0,"[1001, 1402, 445, 1670]","[1001, 1403, 445, 1670]",0d6c34ef6770b3041e226ec552b1af032969a80061f9364617acc89d89e0f6f2,1,,0.5158460787106333,0.2336902568072018,0.3457625160955204,4,445,445,0.7654990380365636,4518,4519,0.8332800613693025,cd8233e38ed63e2a28b5833aa9da4d2402d0358c9613deaa6a353e4313339c0d,PROFILE_28e09bcf8f7254,PASS,0.3165462386288244,TSRE_FULL,0.6650858521461487,,
tonsil_s2,RNA_PROTEIN,PER_LANE_LABEL_ASSISTED_SCORE_FRONTIER,0.2587853670379758,0.3165462386288244,0.315973348592331,P_S1,TSRE_FULL_850712cf8e11ac,0,"[1001, 1402, 445, 1670]","[1001, 1403, 445, 1670]",3be3cf07c272870abecf41b19b3557d75888ca2624b531efd2c078e2956b9bff,1,,0.5158460787106333,0.2336902568072018,0.3457625160955204,4,445,445,0.7654990380365636,4518,4519,0.8332800613693025,cd8233e38ed63e2a28b5833aa9da4d2402d0358c9613deaa6a353e4313339c0d,PROFILE_850712cf8e11ac,PASS,0.3165462386288244,TSRE_FULL,0.6935854982584715,,
tonsil_s2,RNA_PROTEIN,PER_LANE_LABEL_ASSISTED_SCORE_FRONTIER,0.2568887927680222,0.3131931874457913,0.3126178178190249,P_A1,TSRE_FULL_62039e4d5cf164,12,"[1002, 1396, 450, 1670]","[1002, 1397, 450, 1670]",09619023fd98dce171a322fa90dd6885e406547184d9fbffb4d83ca0087adb85,1,,0.5143897587969274,0.240553464356807,0.3422915510881801,4,450,450,0.7586659894245855,4518,4519,0.8284216582496964,9ffa01954e35718a5ab25b42a988a99fd159acf24cc63507df84fb743d5a3c64,PROFILE_62039e4d5cf164,PASS,0.3131931874457913,TSRE_FULL,1.2079805620014668,,
tonsil_s2,RNA_PROTEIN,PER_LANE_LABEL_ASSISTED_SCORE_FRONTIER,0.2587853670379758,0.3165462386288244,0.315973348592331,P_S1,TSRE_FULL_4e32ae930ea43b,0,"[1001, 1402, 445, 1670]","[1001, 1403, 445, 1670]",99f3cba499b8ca2cbee6ed764cae47a3237c1542c7ea97166577454b60a98924,1,,0.5158460787106333,0.2336902568072018,0.3457625160955204,4,445,445,0.7654990380365636,4518,4519,0.8332800613693025,cd8233e38ed63e2a28b5833aa9da4d2402d0358c9613deaa6a353e4313339c0d,PROFILE_4e32ae930ea43b,PASS,0.3165462386288244,TSRE_FULL,0.6946143005043268,,
tonsil_s2,RNA_PROTEIN,PER_LANE_LABEL_ASSISTED_SCORE_FRONTIER,0.2587853670379758,0.3165462386288244,0.315973348592331,P_A1,TSRE_FULL_68de4c62e30418,0,"[1001, 1402, 445, 1670]","[1001, 1403, 445, 1670]",e10d93225c3162e511c7970ed7c285031b9c89fb5e3e948c2806a3e241427203,1,,0.5158460787106333,0.2336902568072018,0.3457625160955204,4,445,445,0.7654990380365636,4518,4519,0.8332800613693025,cd8233e38ed63e2a28b5833aa9da4d2402d0358c9613deaa6a353e4313339c0d,PROFILE_68de4c62e30418,PASS,0.3165462386288244,TSRE_FULL,0.7063310164958239,,
tonsil_s2,RNA_PROTEIN,PER_LANE_LABEL_ASSISTED_SCORE_FRONTIER,0.2587853670379758,0.3165462386288244,0.315973348592331,P_CONSERVATIVE,TSRE_FULL_3500dfd682e71f,0,"[1001, 1402, 445, 1670]","[1001, 1403, 445, 1670]",d6a324a7c65cc8059352506fc48d0bc9ecfd6f0450e24f96e25c38185b8ab361,1,,0.5158460787106333,0.2336902568072018,0.3457625160955204,4,445,445,0.7654990380365636,4518,4519,0.8332800613693025,cd8233e38ed63e2a28b5833aa9da4d2402d0358c9613deaa6a353e4313339c0d,PROFILE_3500dfd682e71f,PASS,0.3165462386288244,TSRE_FULL,0.7931944373995066,,
tonsil_s2,RNA_PROTEIN,PER_LANE_LABEL_ASSISTED_SCORE_FRONTIER,0.2587853670379758,0.3165462386288244,0.315973348592331,P_CONSERVATIVE,TSRE_FULL_72fb37477fc984,0,"[1001, 1402, 445, 1670]","[1001, 1403, 445, 1670]",061397e054ef95187cec89840f9501cc3207fb02a9def3f08580bd7bc6742f9f,1,,0.5158460787106333,0.2336902568072018,0.3457625160955204,4,445,445,0.7654990380365636,4518,4519,0.8332800613693025,cd8233e38ed63e2a28b5833aa9da4d2402d0358c9613deaa6a353e4313339c0d,PROFILE_72fb37477fc984,PASS,0.3165462386288244,TSRE_FULL,0.6962523870170116,,
tonsil_s2,RNA_PROTEIN,PER_LANE_LABEL_ASSISTED_SCORE_FRONTIER,0.2587853670379758,0.3165462386288244,0.315973348592331,P_GEO,TSRE_FULL_8eca84b2aaf9c9,0,"[1001, 1402, 445, 1670]","[1001, 1403, 445, 1670]",70f1ba0bd5cb41bb01b2f5665e64c4f75045dc8d0e0590fd4c0b139425cd7d13,1,,0.5158460787106333,0.2336902568072018,0.3457625160955204,4,445,445,0.7654990380365636,4518,4519,0.8332800613693025,cd8233e38ed63e2a28b5833aa9da4d2402d0358c9613deaa6a353e4313339c0d,PROFILE_8eca84b2aaf9c9,PASS,0.3165462386288244,TSRE_FULL,0.700532166287303,,
tonsil_s2,RNA_PROTEIN,PER_LANE_LABEL_ASSISTED_SCORE_FRONTIER,0.2587853670379758,0.3165462386288244,0.315973348592331,P_GEO,TSRE_FULL_53a950fec6bedf,0,"[1001, 1402, 445, 1670]","[1001, 1403, 445, 1670]",5289220f01f315ec22278c9c42fd9ecd1cb145cd6dce120931c936b888dba176,1,,0.5158460787106333,0.2336902568072018,0.3457625160955204,4,445,445,0.7654990380365636,4518,4519,0.8332800613693025,cd8233e38ed63e2a28b5833aa9da4d2402d0358c9613deaa6a353e4313339c0d,PROFILE_53a950fec6bedf,PASS,0.3165462386288244,TSRE_FULL,0.7041331380605698,,
tonsil_s2,RNA_PROTEIN,PER_LANE_LABEL_ASSISTED_SCORE_FRONTIER,0.2543444682863939,0.3120829373598936,0.3115072868084014,P_A1,TSRE_FULL_a2648ab9e8844a,19,"[1000, 1403, 459, 1656]","[1000, 1404, 459, 1656]",7616ec9e20909186a3b91ad03e19c427fbfba7719d0bc17c2901f4d222d5bf57,1,,0.5122723376434434,0.233958890532793,0.3414535930380875,4,459,459,0.7651435012294371,4518,4519,0.8326407978009334,f82397039722c9789f37ced0fc246339fbaf4f7414f9a8a3735ff6ddb479d823,PROFILE_a2648ab9e8844a,PASS,0.3120829373598935,TSRE_FULL,1.286895088851452,,
tonsil_s2,RNA_PROTEIN,PER_LANE_LABEL_ASSISTED_SCORE_FRONTIER,0.2587853670379758,0.3165462386288244,0.315973348592331,P_GEO,TSRE_FULL_06b87f48145089,0,"[1001, 1402, 445, 1670]","[1001, 1403, 445, 1670]",9e88bd7413c835c26d12b3e6d4a5998e81c5ed3f7af5379fb8e5c7658f29aa39,1,,0.5158460787106333,0.2336902568072018,0.3457625160955204,4,445,445,0.7654990380365636,4518,4519,0.8332800613693025,cd8233e38ed63e2a28b5833aa9da4d2402d0358c9613deaa6a353e4313339c0d,PROFILE_06b87f48145089,PASS,0.3165462386288244,TSRE_FULL,0.7831741217523813,,
tonsil_s2,RNA_PROTEIN,PER_LANE_LABEL_ASSISTED_SCORE_FRONTIER,0.258325896983256,0.3150040893357449,0.3144300309584933,P_A1,TSRE_FULL_be7f41c244f84a,5,"[1002, 1397, 447, 1672]","[1002, 1398, 447, 1672]",16a6ab3b810cfb36c43b4fcd62440b2c992cbf2daadbf2fd4eb9fc978868d69e,1,,0.5154751095155227,0.2361941787929055,0.3441504278926919,4,447,447,0.7629501047255904,4518,4519,0.8314901233778687,f8a9cf27bcb0b02885391f4620df557bacc8c415e04705fe3d1e6ca0461ac6ca,PROFILE_be7f41c244f84a,PASS,0.315004089335745,TSRE_FULL,1.4124381691217422,,
tonsil_s2,RNA_PROTEIN,PER_LANE_LABEL_ASSISTED_SCORE_FRONTIER,0.2587853670379758,0.3165462386288244,0.315973348592331,P_GEO,TSRE_FULL_dcc22db39be812,0,"[1001, 1402, 445, 1670]","[1001, 1403, 445, 1670]",d5aa4b23854829f3f7d68d7a51782f86d1c9858961fee3d8ff5be3226e619d78,1,,0.5158460787106333,0.2336902568072018,0.3457625160955204,4,445,445,0.7654990380365636,4518,4519,0.8332800613693025,cd8233e38ed63e2a28b5833aa9da4d2402d0358c9613deaa6a353e4313339c0d,PROFILE_dcc22db39be812,PASS,0.3165462386288244,TSRE_FULL,0.6260056905448437,,
tonsil_s2,RNA_PROTEIN,PER_LANE_LABEL_ASSISTED_SCORE_FRONTIER,0.2587853670379758,0.3165462386288244,0.315973348592331,P_GEO,TSRE_FULL_a55cd3f2c74e6d,0,"[1001, 1402, 445, 1670]","[1001, 1403, 445, 1670]",e33a5de79648001c0134a86ccc2982ca9be4ae48382e743b684808d6feac5b32,1,,0.5158460787106333,0.2336902568072018,0.3457625160955204,4,445,445,0.7654990380365636,4518,4519,0.8332800613693025,cd8233e38ed63e2a28b5833aa9da4d2402d0358c9613deaa6a353e4313339c0d,PROFILE_a55cd3f2c74e6d,PASS,0.3165462386288244,TSRE_FULL,0.6795771159231663,,
tonsil_s2,RNA_PROTEIN,PER_LANE_LABEL_ASSISTED_SCORE_FRONTIER,0.2587481854950169,0.3159591401080297,0.3153857760216502,P_A1,TSRE_FULL_f5273d5f0e5130,1,"[1002, 1401, 445, 1670]","[1002, 1402, 445, 1670]",775982f048e30348fe375b6b60c29833fdaa24dbfd4f4d4e2ce5f425c1d1ed3f,1,,0.5158068906781047,0.2341540564930306,0.3451319937790473,4,445,445,0.7650258186699501,4518,4519,0.832896503228281,593b17dce8dc326f4f7ec1b5f4c44c3701b72e6c48ddb728692620fa6cd9bdd7,PROFILE_f5273d5f0e5130,PASS,0.3159591401080298,TSRE_FULL,1.3107995018363,,
tonsil_s2,RNA_PROTEIN,PER_LANE_LABEL_ASSISTED_SCORE_FRONTIER,0.2587853670379758,0.3165462386288244,0.315973348592331,P_S1,TSRE_FULL_8b67ffa6cfadbe,0,"[1001, 1402, 445, 1670]","[1001, 1403, 445, 1670]",d99b3780613feca7033c968526ad2f055755378e4e93b18fb420d96c7e144e16,1,,0.5158460787106333,0.2336902568072018,0.3457625160955204,4,445,445,0.7654990380365636,4518,4519,0.8332800613693025,cd8233e38ed63e2a28b5833aa9da4d2402d0358c9613deaa6a353e4313339c0d,PROFILE_8b67ffa6cfadbe,PASS,0.3165462386288244,TSRE_FULL,0.795300081372261,,
tonsil_s2,RNA_PROTEIN,PER_LANE_LABEL_ASSISTED_SCORE_FRONTIER,0.2587853670379758,0.3165462386288244,0.315973348592331,P_CONSERVATIVE,TSRE_FULL_2fc7daffbccc58,0,"[1001, 1402, 445, 1670]","[1001, 1403, 445, 1670]",0654dc0a58c20ca994f3ae667ee2c5d22f3fe241446c1f4f054bad07b07f85b2,1,,0.5158460787106333,0.2336902568072018,0.3457625160955204,4,445,445,0.7654990380365636,4518,4519,0.8332800613693025,cd8233e38ed63e2a28b5833aa9da4d2402d0358c9613deaa6a353e4313339c0d,PROFILE_2fc7daffbccc58,PASS,0.3165462386288244,TSRE_FULL,0.7972633987665176,,
tonsil_s2,RNA_PROTEIN,PER_LANE_LABEL_ASSISTED_SCORE_FRONTIER,0.256073938010049,0.3116561613592721,0.3110796086849062,P_A1,TSRE_FULL_f2fa0483e7aa16,16,"[1002, 1392, 452, 1672]","[1002, 1393, 452, 1672]",4c53ce3912babf658550b664bbe92529afd0319c71d75c859f0940918815936a,1,,0.5137952135872208,0.2365483957080949,0.3406715753910546,4,452,452,0.762435233073608,4518,4519,0.8309147861663364,648eda6c1a81f42ac52fafb7a91a3656f67f11538fad8e7e71611f69dcfa2db4,PROFILE_f2fa0483e7aa16,PASS,0.3116561613592721,TSRE_FULL,1.3843741100281477,,
tonsil_s2,RNA_PROTEIN,PER_LANE_LABEL_ASSISTED_SCORE_FRONTIER,0.2587853670379758,0.3165462386288244,0.315973348592331,P_GEO,TSRE_FULL_189785977d6cfa,0,"[1001, 1402, 445, 1670]","[1001, 1403, 445, 1670]",055dd682db2f6f53e58c5ce23f9d34282507691b2be040607813211be4f9ccca,1,,0.5158460787106333,0.2336902568072018,0.3457625160955204,4,445,445,0.7654990380365636,4518,4519,0.8332800613693025,cd8233e38ed63e2a28b5833aa9da4d2402d0358c9613deaa6a353e4313339c0d,PROFILE_189785977d6cfa,PASS,0.3165462386288244,TSRE_FULL,0.6668241135776043,,
tonsil_s2,RNA_PROTEIN,PER_LANE_LABEL_ASSISTED_SCORE_FRONTIER,0.2587853670379758,0.3165462386288244,0.315973348592331,P_GEO,TSRE_FULL_98525e1d3651db,0,"[1001, 1402, 445, 1670]","[1001, 1403, 445, 1670]",e504e2942646816fdddbdd40f37ae61fefff160402d13a2034e3cf920fd82e1a,1,,0.5158460787106333,0.2336902568072018,0.3457625160955204,4,445,445,0.7654990380365636,4518,4519,0.8332800613693025,cd8233e38ed63e2a28b5833aa9da4d2402d0358c9613deaa6a353e4313339c0d,PROFILE_98525e1d3651db,PASS,0.3165462386288244,TSRE_FULL,0.6439549587666988,,
tonsil_s2,RNA_PROTEIN,PER_LANE_LABEL_ASSISTED_SCORE_FRONTIER,0.2574303626187518,0.3151433807512266,0.3145696024638837,P_GEO,TSRE_FULL_c5513f48f1fa80,4,"[1001, 1402, 449, 1666]","[1001, 1403, 449, 1666]",aa10e8f0b932d37fa7d2ff82cb9bfcd84f359d7396561ab2b8c6d44db8ce5885,1,,0.5147628551677471,0.2336087091141747,0.3443984570968568,4,449,449,0.7654806623855928,4518,4519,0.8331522086556287,577bbfa527ff03aa73e7310d1fcb6c51fd026cea30f8c9c28186981065238b82,PROFILE_c5513f48f1fa80,PASS,0.3151433807512266,TSRE_FULL,0.907424170523882,,
tonsil_s2,RNA_PROTEIN,PER_LANE_LABEL_ASSISTED_SCORE_FRONTIER,0.2587853670379758,0.3165462386288244,0.315973348592331,P_CONSERVATIVE,TSRE_FULL_c90be8482766c7,0,"[1001, 1402, 445, 1670]","[1001, 1403, 445, 1670]",b5067978360a4b4394d46e369b50a0747a51bc8ab8f1a8c77661894645a527c9,1,,0.5158460787106333,0.2336902568072018,0.3457625160955204,4,445,445,0.7654990380365636,4518,4519,0.8332800613693025,cd8233e38ed63e2a28b5833aa9da4d2402d0358c9613deaa6a353e4313339c0d,PROFILE_c90be8482766c7,PASS,0.3165462386288244,TSRE_FULL,0.8105897344648838,,
tonsil_s2,RNA_PROTEIN,PER_LANE_LABEL_ASSISTED_SCORE_FRONTIER,0.2587853670379758,0.3165462386288244,0.315973348592331,P_A1,TSRE_FULL_72deeb47f08cc0,0,"[1001, 1402, 445, 1670]","[1001, 1403, 445, 1670]",d238551487c6e4e07bf8b4c74d6aa16b4645e5ee8bfc2e87e5aca1792378e59a,1,,0.5158460787106333,0.2336902568072018,0.3457625160955204,4,445,445,0.7654990380365636,4518,4519,0.8332800613693025,cd8233e38ed63e2a28b5833aa9da4d2402d0358c9613deaa6a353e4313339c0d,PROFILE_72deeb47f08cc0,PASS,0.3165462386288244,TSRE_FULL,0.5959353670477867,,
tonsil_s2,RNA_PROTEIN,PER_LANE_LABEL_ASSISTED_SCORE_FRONTIER,0.2587853670379758,0.3165462386288244,0.315973348592331,P_S1,TSRE_FULL_0f294a707e33b9,0,"[1001, 1402, 445, 1670]","[1001, 1403, 445, 1670]",97e79274be969107b99ea0de02ef8c0b08feaf2ea7566dd6e983968bf99f4159,1,,0.5158460787106333,0.2336902568072018,0.3457625160955204,4,445,445,0.7654990380365636,4518,4519,0.8332800613693025,cd8233e38ed63e2a28b5833aa9da4d2402d0358c9613deaa6a353e4313339c0d,PROFILE_0f294a707e33b9,PASS,0.3165462386288244,TSRE_FULL,0.5887988526374102,,
tonsil_s2,RNA_PROTEIN,PER_LANE_LABEL_ASSISTED_SCORE_FRONTIER,0.2556356625343466,0.3115285203122216,0.3109520848064971,P_A1,TSRE_FULL_3ef388de2a77a3,19,"[1002, 1393, 455, 1668]","[1002, 1394, 455, 1668]",8f9c9650fbc2625f88cdcd6624431848d04dd4455915f286023425548dda6555,1,,0.5133601712716087,0.2356661097458513,0.3406612967029719,4,455,455,0.7633330189668922,4518,4519,0.831234417950521,e6f292d18e0cca0c2568adf1366e971b6489d2df6981c3b7873e4bae6e77b582,PROFILE_3ef388de2a77a3,PASS,0.3115285203122217,TSRE_FULL,1.2058642357587814,,
tonsil_s2,RNA_PROTEIN,PER_LANE_LABEL_ASSISTED_SCORE_FRONTIER,0.2587853670379758,0.3165462386288244,0.315973348592331,P_S1,TSRE_FULL_7f591f2d9a7625,0,"[1001, 1402, 445, 1670]","[1001, 1403, 445, 1670]",5186faa3cf5ab44cae02e566530cec1e7e92b107f86d4f6fb0806b843062c049,1,,0.5158460787106333,0.2336902568072018,0.3457625160955204,4,445,445,0.7654990380365636,4518,4519,0.8332800613693025,cd8233e38ed63e2a28b5833aa9da4d2402d0358c9613deaa6a353e4313339c0d,PROFILE_7f591f2d9a7625,PASS,0.3165462386288244,TSRE_FULL,0.7363233827054501,,
tonsil_s2,RNA_PROTEIN,PER_LANE_LABEL_ASSISTED_SCORE_FRONTIER,0.2503186565131501,0.3054048354401608,0.3048235016606752,P_A1,TSRE_FULL_3b890e3458250f,48,"[1006, 1398, 456, 1658]","[1006, 1399, 456, 1658]",5f8c12fe0fda9624c5b3942372100ac2db86a7b475d99c50034b91b98358ef92,1,,0.50960172311005,0.2448460095769791,0.3340946871866894,4,456,456,0.7546034909143151,4518,4519,0.8261203094035671,f62ac83431010b31c11cd26b545304aec4c19c052bd045db87ecb9c86d523ae7,PROFILE_3b890e3458250f,PASS,0.3054048354401608,TSRE_FULL,1.1611469704657793,,
tonsil_s2,RNA_PROTEIN,PER_LANE_LABEL_ASSISTED_SCORE_FRONTIER,0.2587853670379758,0.3165462386288244,0.315973348592331,P_GEO,TSRE_FULL_4e3ecf1fc4d6c8,0,"[1001, 1402, 445, 1670]","[1001, 1403, 445, 1670]",db52a39b3325ba6c58ffd6b47195217b08bd9d6797cd56aaa575cb0b4e349a3b,1,,0.5158460787106333,0.2336902568072018,0.3457625160955204,4,445,445,0.7654990380365636,4518,4519,0.8332800613693025,cd8233e38ed63e2a28b5833aa9da4d2402d0358c9613deaa6a353e4313339c0d,PROFILE_4e3ecf1fc4d6c8,PASS,0.3165462386288244,TSRE_FULL,0.670224979519844,,
tonsil_s2,RNA_PROTEIN,PER_LANE_LABEL_ASSISTED_SCORE_FRONTIER,0.2520966758911958,0.3082384044409238,0.3076598217516914,P_A1,TSRE_FULL_c92790e00025c1,54,"[1007, 1398, 461, 1652]","[1007, 1399, 461, 1652]",42a54926b16f562ad2a814d7e758db749e1f022cdf225bc878b91ab0d814b359,1,,0.5105566741153637,0.2451737110866853,0.3374105312574979,4,461,461,0.7542946557451415,4518,4519,0.825353193121524,140159f045d3a22b8fa598f47515e279ef1499bde59537c5970e4c1597227a9f,PROFILE_c92790e00025c1,PASS,0.3082384044409238,TSRE_FULL,1.2262733578681946,,
tonsil_s2,RNA_PROTEIN,PER_LANE_LABEL_ASSISTED_SCORE_FRONTIER,0.2587853670379758,0.3165462386288244,0.315973348592331,P_GEO,TSRE_FULL_ff7e8345ae9cfd,0,"[1001, 1402, 445, 1670]","[1001, 1403, 445, 1670]",9feb11287c2b34e12172b32c887bb532b60d41ee1fb7811dfbc6d130b244e158,1,,0.5158460787106333,0.2336902568072018,0.3457625160955204,4,445,445,0.7654990380365636,4518,4519,0.8332800613693025,cd8233e38ed63e2a28b5833aa9da4d2402d0358c9613deaa6a353e4313339c0d,PROFILE_ff7e8345ae9cfd,PASS,0.3165462386288244,TSRE_FULL,0.6115903966128826,,
tonsil_s2,RNA_PROTEIN,PER_LANE_LABEL_ASSISTED_SCORE_FRONTIER,0.2587853670379758,0.3165462386288244,0.315973348592331,P_GEO,TSRE_FULL_4edf8c631a8c8b,0,"[1001, 1402, 445, 1670]","[1001, 1403, 445, 1670]",135c54b5e967f848c2eef2b048bfe495c5be04250b778816cd189eb640987119,1,,0.5158460787106333,0.2336902568072018,0.3457625160955204,4,445,445,0.7654990380365636,4518,4519,0.8332800613693025,cd8233e38ed63e2a28b5833aa9da4d2402d0358c9613deaa6a353e4313339c0d,PROFILE_4edf8c631a8c8b,PASS,0.3165462386288244,TSRE_FULL,0.7650433722883463,,
tonsil_s2,RNA_PROTEIN,PER_LANE_LABEL_ASSISTED_SCORE_FRONTIER,0.2587853670379758,0.3165462386288244,0.315973348592331,P_GEO,TSRE_FULL_174e49933789aa,0,"[1001, 1402, 445, 1670]","[1001, 1403, 445, 1670]",659978d81197c4b3c58c5104f5447119227a8f250236eef61c583d458825fb45,1,,0.5158460787106333,0.2336902568072018,0.3457625160955204,4,445,445,0.7654990380365636,4518,4519,0.8332800613693025,cd8233e38ed63e2a28b5833aa9da4d2402d0358c9613deaa6a353e4313339c0d,PROFILE_174e49933789aa,PASS,0.3165462386288244,TSRE_FULL,0.9225925579667092,,
tonsil_s2,RNA_PROTEIN,PER_LANE_LABEL_ASSISTED_SCORE_FRONTIER,0.2587853670379758,0.3165462386288244,0.315973348592331,P_A1,TSRE_FULL_9aa783fa264f38,0,"[1001, 1402, 445, 1670]","[1001, 1403, 445, 1670]",c152ab1c07b716bb2df43fbf2552c98a85c4d71028b2b4dd78904691de44d7c0,1,,0.5158460787106333,0.2336902568072018,0.3457625160955204,4,445,445,0.7654990380365636,4518,4519,0.8332800613693025,cd8233e38ed63e2a28b5833aa9da4d2402d0358c9613deaa6a353e4313339c0d,PROFILE_9aa783fa264f38,PASS,0.3165462386288244,TSRE_FULL,0.7306706011295319,,
tonsil_s2,RNA_PROTEIN,PER_LANE_LABEL_ASSISTED_SCORE_FRONTIER,0.257795656610202,0.3157616716490303,0.315188482779237,P_GEO,TSRE_FULL_ac686af1d0ebbc,5,"[1001, 1402, 450, 1665]","[1001, 1403, 450, 1665]",2f1ec11e5cc91cad004bb58a8c6d56a7f3b929ee1964408d99eac85263c5bc31,1,,0.5149645576103,0.233650776327278,0.3451160700836929,4,450,450,0.765445174683008,4518,4519,0.8330882822987918,0759510a0cee19a8796b485650d89fec5b545c110e8dc8e2063604778975b9ae,PROFILE_ac686af1d0ebbc,PASS,0.3157616716490303,TSRE_FULL,0.736566461622715,,
tonsil_s2,RNA_PROTEIN,PER_LANE_LABEL_ASSISTED_SCORE_FRONTIER,0.2581069558704766,0.3158398769821178,0.3152665388939894,P_CONSERVATIVE,TSRE_FULL_4ae471a38560c3,2,"[1001, 1402, 447, 1668]","[1001, 1403, 447, 1668]",fd36db833027fe4378a232d20ed9f05c1ce432ba67b7847984d9d24d25cba87b,1,,0.5153038469776653,0.2335249503657737,0.3450754662203489,4,447,447,0.7655511504237518,4518,4519,0.8332800613693025,1d3ebdbd011d14694cd5737391dee5e6718b0382eb55b84a0edcbbd4cca2e17b,PROFILE_4ae471a38560c3,PASS,0.3158398769821178,TSRE_FULL,0.6411538422107697,,
tonsil_s2,RNA_PROTEIN,PER_LANE_LABEL_ASSISTED_SCORE_FRONTIER,0.2587853670379758,0.3165462386288244,0.315973348592331,P_CONSERVATIVE,TSRE_FULL_26027affbafe32,0,"[1001, 1402, 445, 1670]","[1001, 1403, 445, 1670]",880f1f819c5337c583333434fd1b6fcce12db6e263981c877f015396c5dcbb00,1,,0.5158460787106333,0.2336902568072018,0.3457625160955204,4,445,445,0.7654990380365636,4518,4519,0.8332800613693025,cd8233e38ed63e2a28b5833aa9da4d2402d0358c9613deaa6a353e4313339c0d,PROFILE_26027affbafe32,PASS,0.3165462386288244,TSRE_FULL,0.6937397252768278,,
tonsil_s2,RNA_PROTEIN,PER_LANE_LABEL_ASSISTED_SCORE_FRONTIER,0.2587853670379758,0.3165462386288244,0.315973348592331,P_S1,TSRE_FULL_f74d383977e972,0,"[1001, 1402, 445, 1670]","[1001, 1403, 445, 1670]",af4f24b660aeb03db1c4877f3f8129dd22a7561363c58691c8d55dad21420a41,1,,0.5158460787106333,0.2336902568072018,0.3457625160955204,4,445,445,0.7654990380365636,4518,4519,0.8332800613693025,cd8233e38ed63e2a28b5833aa9da4d2402d0358c9613deaa6a353e4313339c0d,PROFILE_f74d383977e972,PASS,0.3165462386288244,TSRE_FULL,0.7047386318445206,,
tonsil_s2,RNA_PROTEIN,PER_LANE_LABEL_ASSISTED_SCORE_FRONTIER,0.2587853670379758,0.3165462386288244,0.315973348592331,P_GEO,TSRE_FULL_3706dcae9dc751,0,"[1001, 1402, 445, 1670]","[1001, 1403, 445, 1670]",dad31acc8acb884201f741a8ba1f21e908b34977912158f3f66290bb6eedff91,1,,0.5158460787106333,0.2336902568072018,0.3457625160955204,4,445,445,0.7654990380365636,4518,4519,0.8332800613693025,cd8233e38ed63e2a28b5833aa9da4d2402d0358c9613deaa6a353e4313339c0d,PROFILE_3706dcae9dc751,PASS,0.3165462386288244,TSRE_FULL,0.7080245595425367,,
tonsil_s2,RNA_PROTEIN,PER_LANE_LABEL_ASSISTED_SCORE_FRONTIER,0.2500200807042399,0.3054397692028339,0.304858508677231,P_A1,TSRE_FULL_2179eccb7b4e82,54,"[1005, 1398, 457, 1658]","[1005, 1399, 457, 1658]",94c903915eec83918b5c141ddda188601ed26026ebc3936535e8893954c3bfc7,1,,0.509381152786397,0.2435342004769823,0.3341573534640149,4,457,457,0.755857604057231,4518,4519,0.827015278399284,f1e5648518dd2ad537f64251206c82b340f7a50ffc931c9dadbcd33affa416a5,PROFILE_2179eccb7b4e82,PASS,0.3054397692028339,TSRE_FULL,1.1989645399153233,,
tonsil_s2,RNA_PROTEIN,PER_LANE_LABEL_ASSISTED_SCORE_FRONTIER,0.2553463225702583,0.3130633967966119,0.3124883558207506,P_A1,TSRE_FULL_59522032fbdfac,16,"[1000, 1403, 456, 1659]","[1000, 1404, 456, 1659]",69f50828c55ce643fe98f0bec48c37e11147eda81615353402eabb7fcf4a5c20,1,,0.513074783229383,0.2338302642099834,0.3424037613124065,4,456,456,0.7653750027180728,4518,4519,0.8328325768714441,a68c6a6daee34e6c4eb69d8ff9add5761f0095812ea9a7fc5c9a4be6c33dfc18,PROFILE_59522032fbdfac,PASS,0.3130633967966119,TSRE_FULL,1.3947599213570356,,
tonsil_s3,RNA_PROTEIN,PER_LANE_LABEL_ASSISTED_SCORE_FRONTIER,0.3512833622509198,0.310249228825364,0.3096072420293139,NONE,INPUT_STRONG_START,0,"[2469, 517, 1180, 294]","[2471, 574, 1182, 294]",74234e98afe7498fb5daf1f36ac2d78acc339464f950703b8c019892f982b90b,1,,0.615016726276322,0.306232030236825,0.3157600416355237,4,294,294,0.700635345151646,4460,4521,0.7935857586888951,ce4f0a38251311fb40664663bc0b1b5576eac6c75b92ab92eb872be5069a60fd,INPUT_STRONG_START,PASS,0.310249228825364,INPUT_STRONG_START,0.0001669190824031,,
tonsil_s3,RNA_PROTEIN,PER_LANE_LABEL_ASSISTED_SCORE_FRONTIER,0.351412991792226,0.3087630021925072,0.3081215810287313,P_A1,NIGHT15F_DIRECT_177199d44d3d6a,23,"[2455, 521, 1179, 305]","[2457, 578, 1181, 305]",622ff84e66ccdf5f911512d6ef1e8f8a6406668f5a0a2a9624ea986afd9921de,1,,0.6141179600824512,0.300459306246703,0.3151745790344828,4,305,305,0.7060030723544916,4460,4521,0.795422435716304,b71b0fdf54c5e45539deab4ac14e114d67b43c375e3070ec4c73d724154800f8,PROFILE_177199d44d3d6a,PASS,0.3087630021925073,NIGHT15F_DIRECT,0.7915941160172224,,
tonsil_s3,RNA_PROTEIN,PER_LANE_LABEL_ASSISTED_SCORE_FRONTIER,0.3512614008354409,0.3100839393748595,0.3094433181134371,P_A1,TSRE_SUPPORT_ONLY_0bc413d447f895,20,"[2458, 521, 1179, 302]","[2460, 578, 1181, 302]",a6c9d2fdcec718a40757afa48277317ee7f6955edc0334be429f67a7571aa3f4,1,,0.6142357111128618,0.3012534768358038,0.3163191663945645,4,302,302,0.7053234920539853,4460,4521,0.7952811528680418,85f181ca4368afab555b4d867c63d577e77dd710c9632114137ed0749881c7e5,PROFILE_0bc413d447f895,PASS,0.3100839393748595,TSRE_SUPPORT_ONLY,1.318694308400154,,
tonsil_s3,RNA_PROTEIN,PER_LANE_LABEL_ASSISTED_SCORE_FRONTIER,0.3509799983899894,0.3094144283781075,0.3087725969031288,P_A1,TSRE_SUPPORT_ONLY_2243d5fb6f1aa3,11,"[2462, 519, 1180, 299]","[2464, 576, 1182, 299]",777554d714d70c046803b5ce538fae0a158e4bd2d2530ff299a34b90e39dd413,1,,0.6143608600558712,0.3034580433202459,0.3153548286460915,4,299,299,0.7033773694023591,4460,4521,0.7945040972025996,fac8976b746555fb559faaa3469c6d1c98628df8c0e491e04c92780f4cc34223,PROFILE_2243d5fb6f1aa3,PASS,0.3094144283781075,TSRE_SUPPORT_ONLY,1.1888230368494987,,
tonsil_s3,RNA_PROTEIN,PER_LANE_LABEL_ASSISTED_SCORE_FRONTIER,0.3505657356989609,0.3090346385495637,0.3083925977094635,P_A1,TSRE_SUPPORT_ONLY_9a558768f506ce,12,"[2461, 519, 1180, 300]","[2463, 576, 1182, 300]",e22f8e7c20579d849f4be7ccd5fe16c890c1bae8110b6160818ded85a4aded3d,1,,0.6140445979330224,0.3036605677482371,0.3150359391713912,4,300,300,0.7031349969630534,4460,4521,0.7943628143543374,e2c7aba5ab331da7d6c680442356dc79f797d6c65541604795a182b9c3825b81,PROFILE_9a558768f506ce,PASS,0.3090346385495637,TSRE_SUPPORT_ONLY,1.3227827474474907,,
tonsil_s3,RNA_PROTEIN,PER_LANE_LABEL_ASSISTED_SCORE_FRONTIER,0.3509799983899894,0.3094144283781075,0.3087725969031288,P_A1,TSRE_FULL_99e7f2c98f050e,11,"[2462, 519, 1180, 299]","[2464, 576, 1182, 299]",fe65cb4f64929d589a404257956928de219d3500f5c3715aebe8822d7171fb5c,1,,0.6143608600558712,0.3034580433202459,0.3153548286460915,4,299,299,0.7033773694023591,4460,4521,0.7945040972025996,fac8976b746555fb559faaa3469c6d1c98628df8c0e491e04c92780f4cc34223,PROFILE_99e7f2c98f050e,PASS,0.3094144283781075,TSRE_FULL,1.2750425525009632,,
tonsil_s3,RNA_PROTEIN,PER_LANE_LABEL_ASSISTED_SCORE_FRONTIER,0.3511454660470689,0.3104477481226727,0.3098068770169271,P_A1,TSRE_FULL_e3860eadfb62e6,11,"[2462, 519, 1180, 299]","[2464, 576, 1182, 299]",2fbb9b3e6b317148021ce3fc03931d66238988d5f5194b8faccc0acf33bbee01,1,,0.6144593121425451,0.3028862843657944,0.3164079869383279,4,299,299,0.7039492548521545,4460,4521,0.7946453800508618,0184a264444b98a3cebab9e0ce47754cd78ff0fa1b893c1048d2103cf0c682d3,PROFILE_e3860eadfb62e6,PASS,0.3104477481226727,TSRE_FULL,1.314084688201547,,
tonsil_s3,RNA_PROTEIN,PER_LANE_LABEL_ASSISTED_SCORE_FRONTIER,0.3517285941245632,0.3106593489823021,0.3100180827152171,P_A1,TSRE_FULL_27b41a87f90acc,6,"[2466, 517, 1181, 296]","[2468, 574, 1183, 296]",126c82b8769608416e742f5f0334dd593a0ec1ddebe161583ff5ca1ab724f775,1,,0.6150997302697845,0.3034805728228893,0.3163396846483025,4,296,296,0.7033616549052999,4460,4521,0.7946453800508618,2ad23aa83847105c78e123a1e277465494850c38e444c19d4dcd21f7e159ffc6,PROFILE_27b41a87f90acc,PASS,0.3106593489823021,TSRE_FULL,1.3814067877829077,,
tonsil_s3,RNA_PROTEIN,PER_LANE_LABEL_ASSISTED_SCORE_FRONTIER,0.3494992741570362,0.3103746123381112,0.3097330145949261,P_S1,NIGHT15F_DIRECT_96e54ebba64151,10,"[2466, 521, 1180, 293]","[2468, 578, 1182, 293]",a8033b9347693699319e99e30211faf93dbc44f91621faa4468058b37bc73976,1,,0.6137748253389897,0.3006832377722874,0.3160211916335793,4,293,293,0.7063831632564579,4460,4521,0.796693981350664,21c69eed3d57f52ec4a5cb91edee33f579ddafe83274677ba05fb543f4624bab,PROFILE_96e54ebba64151,PASS,0.3103746123381111,NIGHT15F_DIRECT,0.3003172688186168,,
tonsil_s3,RNA_PROTEIN,PER_LANE_LABEL_ASSISTED_SCORE_FRONTIER,0.3511383722631553,0.310067979994442,0.3094257686182937,P_S1,TSRE_SUPPORT_ONLY_77616f71fc251e,2,"[2469, 516, 1181, 294]","[2471, 573, 1183, 294]",f04d8c0a6579b6abc7bc591ceb289bc238dc2c9576c2ca45ac4101baa4a5cb4b,1,,0.6149520063482756,0.3054244697910663,0.3155487233827156,4,294,294,0.7014653729708612,4460,4521,0.7941508900819441,9216b3c961d6b046fb0d8897ddcb6d1c03c8d86713543e6e65a24e498f62f19f,PROFILE_77616f71fc251e,PASS,0.3100679799944419,TSRE_SUPPORT_ONLY,0.7073872219771147,,
tonsil_s3,RNA_PROTEIN,PER_LANE_LABEL_ASSISTED_SCORE_FRONTIER,0.3512833622509198,0.310249228825364,0.3096072420293139,P_S1,TSRE_SUPPORT_ONLY_2ace2160ac2ee1,0,"[2469, 517, 1180, 294]","[2471, 574, 1182, 294]",c0c90afcd7cd42bdb230bffc6ca4ff96ea48206fdd859dfc11ea685f8253e730,1,,0.615016726276322,0.306232030236825,0.3157600416355237,4,294,294,0.700635345151646,4460,4521,0.7935857586888951,ce4f0a38251311fb40664663bc0b1b5576eac6c75b92ab92eb872be5069a60fd,PROFILE_2ace2160ac2ee1,PASS,0.310249228825364,TSRE_SUPPORT_ONLY,0.6155275125056505,,
tonsil_s3,RNA_PROTEIN,PER_LANE_LABEL_ASSISTED_SCORE_FRONTIER,0.3512833622509198,0.310249228825364,0.3096072420293139,P_S1,TSRE_SUPPORT_ONLY_57f1dca5e9a927,0,"[2469, 517, 1180, 294]","[2471, 574, 1182, 294]",e48dfb2b9c9dde90650196c330774f50a72da913a43d78b03a296b3ce1979aa8,1,,0.615016726276322,0.306232030236825,0.3157600416355237,4,294,294,0.700635345151646,4460,4521,0.7935857586888951,ce4f0a38251311fb40664663bc0b1b5576eac6c75b92ab92eb872be5069a60fd,PROFILE_57f1dca5e9a927,PASS,0.310249228825364,TSRE_SUPPORT_ONLY,0.6897993423044682,,
tonsil_s3,RNA_PROTEIN,PER_LANE_LABEL_ASSISTED_SCORE_FRONTIER,0.3512833622509198,0.310249228825364,0.3096072420293139,P_S1,TSRE_FULL_44953966a00c7d,0,"[2469, 517, 1180, 294]","[2471, 574, 1182, 294]",3d828263ec9fba5d53037b6ac95b3c76f99251d217698e4cdc60f091bf490f81,1,,0.615016726276322,0.306232030236825,0.3157600416355237,4,294,294,0.700635345151646,4460,4521,0.7935857586888951,ce4f0a38251311fb40664663bc0b1b5576eac6c75b92ab92eb872be5069a60fd,PROFILE_44953966a00c7d,PASS,0.310249228825364,TSRE_FULL,0.5953351221978664,,
tonsil_s3,RNA_PROTEIN,PER_LANE_LABEL_ASSISTED_SCORE_FRONTIER,0.3512833622509198,0.310249228825364,0.3096072420293139,P_S1,TSRE_FULL_1784633509c87e,0,"[2469, 517, 1180, 294]","[2471, 574, 1182, 294]",c621b89675beda1c1657f246b06d2954052cfd56c2f727d55127f89c47634e96,1,,0.615016726276322,0.306232030236825,0.3157600416355237,4,294,294,0.700635345151646,4460,4521,0.7935857586888951,ce4f0a38251311fb40664663bc0b1b5576eac6c75b92ab92eb872be5069a60fd,PROFILE_1784633509c87e,PASS,0.310249228825364,TSRE_FULL,0.6233815867453814,,
tonsil_s3,RNA_PROTEIN,PER_LANE_LABEL_ASSISTED_SCORE_FRONTIER,0.3512833622509198,0.310249228825364,0.3096072420293139,P_S1,TSRE_FULL_22f6b42b5f8970,0,"[2469, 517, 1180, 294]","[2471, 574, 1182, 294]",eb7aef246532cf28187f623c156318dac0302270a3ab46ee698adea9fa6dfcf0,1,,0.615016726276322,0.306232030236825,0.3157600416355237,4,294,294,0.700635345151646,4460,4521,0.7935857586888951,ce4f0a38251311fb40664663bc0b1b5576eac6c75b92ab92eb872be5069a60fd,PROFILE_22f6b42b5f8970,PASS,0.310249228825364,TSRE_FULL,0.6773308999836445,,
tonsil_s3,RNA_PROTEIN,PER_LANE_LABEL_ASSISTED_SCORE_FRONTIER,0.3500498006691873,0.310422040875314,0.3097802231312129,P_GEO,NIGHT15F_DIRECT_be17291ce154d3,4,"[2468, 518, 1181, 293]","[2470, 575, 1183, 293]",811c5b43350399eeb27bbfe3726b38df740cd43f5d1d20d7ed05c48ac3a37cf2,1,,0.6142493819687522,0.3038807758946625,0.3159414690373212,4,293,293,0.7030791233487419,4460,4521,0.794786662899124,7786ca3224ec26a242c7a84e3de47cca7e5fb4f3b24d6badd530f6f33b8403d3,PROFILE_be17291ce154d3,PASS,0.310422040875314,NIGHT15F_DIRECT,0.3988975938409567,,
tonsil_s3,RNA_PROTEIN,PER_LANE_LABEL_ASSISTED_SCORE_FRONTIER,0.3512833622509198,0.310249228825364,0.3096072420293139,P_GEO,TSRE_SUPPORT_ONLY_8e58c732935411,0,"[2469, 517, 1180, 294]","[2471, 574, 1182, 294]",8a68d46cf93b96c667ad8aae0255cc6b2ecffff09faa91675553ac897d45d509,1,,0.615016726276322,0.306232030236825,0.3157600416355237,4,294,294,0.700635345151646,4460,4521,0.7935857586888951,ce4f0a38251311fb40664663bc0b1b5576eac6c75b92ab92eb872be5069a60fd,PROFILE_8e58c732935411,PASS,0.310249228825364,TSRE_SUPPORT_ONLY,0.7184796165674925,,
tonsil_s3,RNA_PROTEIN,PER_LANE_LABEL_ASSISTED_SCORE_FRONTIER,0.3512833622509198,0.310249228825364,0.3096072420293139,P_GEO,TSRE_SUPPORT_ONLY_6aba48418df5f8,0,"[2469, 517, 1180, 294]","[2471, 574, 1182, 294]",9425737fcc2b7f54daf432a51d07bc1085bb7de8a1db562b9ae3cd63b65228b9,1,,0.615016726276322,0.306232030236825,0.3157600416355237,4,294,294,0.700635345151646,4460,4521,0.7935857586888951,ce4f0a38251311fb40664663bc0b1b5576eac6c75b92ab92eb872be5069a60fd,PROFILE_6aba48418df5f8,PASS,0.310249228825364,TSRE_SUPPORT_ONLY,0.7036977950483561,,
tonsil_s3,RNA_PROTEIN,PER_LANE_LABEL_ASSISTED_SCORE_FRONTIER,0.3512833622509198,0.310249228825364,0.3096072420293139,P_GEO,TSRE_SUPPORT_ONLY_192a40cdf0990d,0,"[2469, 517, 1180, 294]","[2471, 574, 1182, 294]",5a7e1faf1f459fdec39023a37c9e3e3e056c14d5d740230f37759ec8ed50045e,1,,0.615016726276322,0.306232030236825,0.3157600416355237,4,294,294,0.700635345151646,4460,4521,0.7935857586888951,ce4f0a38251311fb40664663bc0b1b5576eac6c75b92ab92eb872be5069a60fd,PROFILE_192a40cdf0990d,PASS,0.310249228825364,TSRE_SUPPORT_ONLY,0.7741428967565298,,
tonsil_s3,RNA_PROTEIN,PER_LANE_LABEL_ASSISTED_SCORE_FRONTIER,0.3512833622509198,0.310249228825364,0.3096072420293139,P_GEO,TSRE_FULL_0f7fe82267a674,0,"[2469, 517, 1180, 294]","[2471, 574, 1182, 294]",d0aa242d697cd1ddaa497cf74989cbc8cb247d9cfe47cec7cee83fd779cce860,1,,0.615016726276322,0.306232030236825,0.3157600416355237,4,294,294,0.700635345151646,4460,4521,0.7935857586888951,ce4f0a38251311fb40664663bc0b1b5576eac6c75b92ab92eb872be5069a60fd,PROFILE_0f7fe82267a674,PASS,0.310249228825364,TSRE_FULL,0.6736551616340876,,
tonsil_s3,RNA_PROTEIN,PER_LANE_LABEL_ASSISTED_SCORE_FRONTIER,0.3512833622509198,0.310249228825364,0.3096072420293139,P_GEO,TSRE_FULL_9d34d379cefac0,0,"[2469, 517, 1180, 294]","[2471, 574, 1182, 294]",93d4a7d91a0c8d243a0926ed9a95e470c0546270f417bef2552e3b378bdd5287,1,,0.615016726276322,0.306232030236825,0.3157600416355237,4,294,294,0.700635345151646,4460,4521,0.7935857586888951,ce4f0a38251311fb40664663bc0b1b5576eac6c75b92ab92eb872be5069a60fd,PROFILE_9d34d379cefac0,PASS,0.310249228825364,TSRE_FULL,0.8214171677827835,,
tonsil_s3,RNA_PROTEIN,PER_LANE_LABEL_ASSISTED_SCORE_FRONTIER,0.3512833622509198,0.310249228825364,0.3096072420293139,P_GEO,TSRE_FULL_72ef28512c4dd0,0,"[2469, 517, 1180, 294]","[2471, 574, 1182, 294]",0c9a5fd4235d297a0cee15cb106dd2310453047438c5caa591a00923befb9070,1,,0.615016726276322,0.306232030236825,0.3157600416355237,4,294,294,0.700635345151646,4460,4521,0.7935857586888951,ce4f0a38251311fb40664663bc0b1b5576eac6c75b92ab92eb872be5069a60fd,PROFILE_72ef28512c4dd0,PASS,0.310249228825364,TSRE_FULL,0.7226877901703119,,
tonsil_s3,RNA_PROTEIN,PER_LANE_LABEL_ASSISTED_SCORE_FRONTIER,0.3512833622509198,0.310249228825364,0.3096072420293139,P_CONSERVATIVE,NIGHT15F_DIRECT_0b614136d31c2c,0,"[2469, 517, 1180, 294]","[2471, 574, 1182, 294]",3b9c3483b1f68a99faa2ae177bef6dce26ce0b3fcfe8bfc2ebe0313c8934b447,1,,0.615016726276322,0.306232030236825,0.3157600416355237,4,294,294,0.700635345151646,4460,4521,0.7935857586888951,ce4f0a38251311fb40664663bc0b1b5576eac6c75b92ab92eb872be5069a60fd,PROFILE_0b614136d31c2c,PASS,0.310249228825364,NIGHT15F_DIRECT,0.3985780887305736,,
tonsil_s3,RNA_PROTEIN,PER_LANE_LABEL_ASSISTED_SCORE_FRONTIER,0.3512833622509198,0.310249228825364,0.3096072420293139,P_CONSERVATIVE,TSRE_SUPPORT_ONLY_31a54461f11a8b,0,"[2469, 517, 1180, 294]","[2471, 574, 1182, 294]",7b4e72f8bd30ae9cf7de38adc46a817c6fb660d026886591b7e54ff1e8ab67fc,1,,0.615016726276322,0.306232030236825,0.3157600416355237,4,294,294,0.700635345151646,4460,4521,0.7935857586888951,ce4f0a38251311fb40664663bc0b1b5576eac6c75b92ab92eb872be5069a60fd,PROFILE_31a54461f11a8b,PASS,0.310249228825364,TSRE_SUPPORT_ONLY,0.693588187918067,,
tonsil_s3,RNA_PROTEIN,PER_LANE_LABEL_ASSISTED_SCORE_FRONTIER,0.3512833622509198,0.310249228825364,0.3096072420293139,P_CONSERVATIVE,TSRE_SUPPORT_ONLY_795046c5150f4e,0,"[2469, 517, 1180, 294]","[2471, 574, 1182, 294]",c33b01aef080f88bfe632981a96e6d5a0f85cbf30f0038e1eaf16acdab858b48,1,,0.615016726276322,0.306232030236825,0.3157600416355237,4,294,294,0.700635345151646,4460,4521,0.7935857586888951,ce4f0a38251311fb40664663bc0b1b5576eac6c75b92ab92eb872be5069a60fd,PROFILE_795046c5150f4e,PASS,0.310249228825364,TSRE_SUPPORT_ONLY,0.5979425702244043,,
tonsil_s3,RNA_PROTEIN,PER_LANE_LABEL_ASSISTED_SCORE_FRONTIER,0.3512833622509198,0.310249228825364,0.3096072420293139,P_CONSERVATIVE,TSRE_SUPPORT_ONLY_8e642aff264f3d,0,"[2469, 517, 1180, 294]","[2471, 574, 1182, 294]",37787f92514cd45da9cd0db3c41cce1ede8c86f14181bf6d6c2e1caab01bf673,1,,0.615016726276322,0.306232030236825,0.3157600416355237,4,294,294,0.700635345151646,4460,4521,0.7935857586888951,ce4f0a38251311fb40664663bc0b1b5576eac6c75b92ab92eb872be5069a60fd,PROFILE_8e642aff264f3d,PASS,0.310249228825364,TSRE_SUPPORT_ONLY,0.6026627570390701,,
tonsil_s3,RNA_PROTEIN,PER_LANE_LABEL_ASSISTED_SCORE_FRONTIER,0.3512833622509198,0.310249228825364,0.3096072420293139,P_CONSERVATIVE,TSRE_FULL_326b53183ac0a4,0,"[2469, 517, 1180, 294]","[2471, 574, 1182, 294]",fee9d7647857377105612afec20850da85e04b4be1da83ddee874e7eba710e24,1,,0.615016726276322,0.306232030236825,0.3157600416355237,4,294,294,0.700635345151646,4460,4521,0.7935857586888951,ce4f0a38251311fb40664663bc0b1b5576eac6c75b92ab92eb872be5069a60fd,PROFILE_326b53183ac0a4,PASS,0.310249228825364,TSRE_FULL,0.6186921037733555,,
tonsil_s3,RNA_PROTEIN,PER_LANE_LABEL_ASSISTED_SCORE_FRONTIER,0.3512833622509198,0.310249228825364,0.3096072420293139,P_CONSERVATIVE,TSRE_FULL_a2136040df85f7,0,"[2469, 517, 1180, 294]","[2471, 574, 1182, 294]",e2fdc25475874fa835dde85c4c7a1955b208d82460075ca06e4bebf602281bdc,1,,0.615016726276322,0.306232030236825,0.3157600416355237,4,294,294,0.700635345151646,4460,4521,0.7935857586888951,ce4f0a38251311fb40664663bc0b1b5576eac6c75b92ab92eb872be5069a60fd,PROFILE_a2136040df85f7,PASS,0.310249228825364,TSRE_FULL,0.5873520560562611,,
tonsil_s3,RNA_PROTEIN,PER_LANE_LABEL_ASSISTED_SCORE_FRONTIER,0.3512833622509198,0.310249228825364,0.3096072420293139,P_CONSERVATIVE,TSRE_FULL_0b43e23768b86d,0,"[2469, 517, 1180, 294]","[2471, 574, 1182, 294]",7876c7c835ee82750010f54331195b8ac27304d3e071800699d7bd290ce210f3,1,,0.615016726276322,0.306232030236825,0.3157600416355237,4,294,294,0.700635345151646,4460,4521,0.7935857586888951,ce4f0a38251311fb40664663bc0b1b5576eac6c75b92ab92eb872be5069a60fd,PROFILE_0b43e23768b86d,PASS,0.310249228825364,TSRE_FULL,0.676933441311121,,
tonsil_s3,RNA_PROTEIN,PER_LANE_LABEL_ASSISTED_SCORE_FRONTIER,0.351268852044963,0.3094702162311141,0.3088296236584613,P_A1,TSRE_FULL_c52aba15f7f709,28,"[2453, 519, 1181, 307]","[2455, 576, 1183, 307]",448558cd38dc1f15490bace5dbcab548357a958c871c5fef0e87f848fb0e3a2a,1,,0.6139362264256414,0.3007172355811441,0.3159783336169446,4,307,307,0.7055535512902691,4460,4521,0.795351794292173,fdd7cb00e743a39287d5a5888ede8c7452ed59e1f54451ef1486647a0723d6ea,PROFILE_c52aba15f7f709,PASS,0.309470216231114,TSRE_FULL,1.223962502554059,,
tonsil_s3,RNA_PROTEIN,PER_LANE_LABEL_ASSISTED_SCORE_FRONTIER,0.3512833622509198,0.310249228825364,0.3096072420293139,P_A1,TSRE_FULL_aad09fdd2b1768,0,"[2469, 517, 1180, 294]","[2471, 574, 1182, 294]",d8469602b5626acaa053fae859d95c1a936513beb2b8450e0c9127f12cd6ec80,1,,0.615016726276322,0.306232030236825,0.3157600416355237,4,294,294,0.700635345151646,4460,4521,0.7935857586888951,ce4f0a38251311fb40664663bc0b1b5576eac6c75b92ab92eb872be5069a60fd,PROFILE_aad09fdd2b1768,PASS,0.310249228825364,TSRE_FULL,0.6888761594891548,,
tonsil_s3,RNA_PROTEIN,PER_LANE_LABEL_ASSISTED_SCORE_FRONTIER,0.3511383722631553,0.310067979994442,0.3094257686182937,P_S1,TSRE_FULL_5de93e05f8e4c4,2,"[2469, 516, 1181, 294]","[2471, 573, 1183, 294]",ee0553605a6cb3a2e1e1c6b71b85aa63107a0a6b1772c30de5f507895dd601f9,1,,0.6149520063482756,0.3054244697910663,0.3155487233827156,4,294,294,0.7014653729708612,4460,4521,0.7941508900819441,9216b3c961d6b046fb0d8897ddcb6d1c03c8d86713543e6e65a24e498f62f19f,PROFILE_5de93e05f8e4c4,PASS,0.3100679799944419,TSRE_FULL,0.6885563097894192,,
tonsil_s3,RNA_PROTEIN,PER_LANE_LABEL_ASSISTED_SCORE_FRONTIER,0.3516329799108108,0.3103652304200769,0.3097232467035942,P_S1,TSRE_FULL_28e09bcf8f7254,1,"[2470, 516, 1180, 294]","[2472, 573, 1182, 294]",0d6c34ef6770b3041e226ec552b1af032969a80061f9364617acc89d89e0f6f2,1,,0.6152874338923925,0.3058045076702868,0.3158272309727757,4,294,294,0.7010925305013483,4460,4521,0.7938683243854197,743b927a4b59fa4f67f2760e8d17e650acf0d6165f7331b7501994ca9d4810a2,PROFILE_28e09bcf8f7254,PASS,0.3103652304200769,TSRE_FULL,0.8225061036646366,,
tonsil_s3,RNA_PROTEIN,PER_LANE_LABEL_ASSISTED_SCORE_FRONTIER,0.3512833622509198,0.310249228825364,0.3096072420293139,P_S1,TSRE_FULL_850712cf8e11ac,0,"[2469, 517, 1180, 294]","[2471, 574, 1182, 294]",3be3cf07c272870abecf41b19b3557d75888ca2624b531efd2c078e2956b9bff,1,,0.615016726276322,0.306232030236825,0.3157600416355237,4,294,294,0.700635345151646,4460,4521,0.7935857586888951,ce4f0a38251311fb40664663bc0b1b5576eac6c75b92ab92eb872be5069a60fd,PROFILE_850712cf8e11ac,PASS,0.310249228825364,TSRE_FULL,0.5875523444265127,,
tonsil_s3,RNA_PROTEIN,PER_LANE_LABEL_ASSISTED_SCORE_FRONTIER,0.3512833622509198,0.310249228825364,0.3096072420293139,P_A1,TSRE_FULL_62039e4d5cf164,0,"[2469, 517, 1180, 294]","[2471, 574, 1182, 294]",09619023fd98dce171a322fa90dd6885e406547184d9fbffb4d83ca0087adb85,1,,0.615016726276322,0.306232030236825,0.3157600416355237,4,294,294,0.700635345151646,4460,4521,0.7935857586888951,ce4f0a38251311fb40664663bc0b1b5576eac6c75b92ab92eb872be5069a60fd,PROFILE_62039e4d5cf164,PASS,0.310249228825364,TSRE_FULL,0.799667228013277,,
tonsil_s3,RNA_PROTEIN,PER_LANE_LABEL_ASSISTED_SCORE_FRONTIER,0.3512833622509198,0.310249228825364,0.3096072420293139,P_S1,TSRE_FULL_4e32ae930ea43b,0,"[2469, 517, 1180, 294]","[2471, 574, 1182, 294]",99f3cba499b8ca2cbee6ed764cae47a3237c1542c7ea97166577454b60a98924,1,,0.615016726276322,0.306232030236825,0.3157600416355237,4,294,294,0.700635345151646,4460,4521,0.7935857586888951,ce4f0a38251311fb40664663bc0b1b5576eac6c75b92ab92eb872be5069a60fd,PROFILE_4e32ae930ea43b,PASS,0.310249228825364,TSRE_FULL,0.6124105732887983,,
tonsil_s3,RNA_PROTEIN,PER_LANE_LABEL_ASSISTED_SCORE_FRONTIER,0.3512833622509198,0.310249228825364,0.3096072420293139,P_A1,TSRE_FULL_68de4c62e30418,0,"[2469, 517, 1180, 294]","[2471, 574, 1182, 294]",e10d93225c3162e511c7970ed7c285031b9c89fb5e3e948c2806a3e241427203,1,,0.615016726276322,0.306232030236825,0.3157600416355237,4,294,294,0.700635345151646,4460,4521,0.7935857586888951,ce4f0a38251311fb40664663bc0b1b5576eac6c75b92ab92eb872be5069a60fd,PROFILE_68de4c62e30418,PASS,0.310249228825364,TSRE_FULL,0.6898409817367792,,
tonsil_s3,RNA_PROTEIN,PER_LANE_LABEL_ASSISTED_SCORE_FRONTIER,0.3512833622509198,0.310249228825364,0.3096072420293139,P_CONSERVATIVE,TSRE_FULL_3500dfd682e71f,0,"[2469, 517, 1180, 294]","[2471, 574, 1182, 294]",d6a324a7c65cc8059352506fc48d0bc9ecfd6f0450e24f96e25c38185b8ab361,1,,0.615016726276322,0.306232030236825,0.3157600416355237,4,294,294,0.700635345151646,4460,4521,0.7935857586888951,ce4f0a38251311fb40664663bc0b1b5576eac6c75b92ab92eb872be5069a60fd,PROFILE_3500dfd682e71f,PASS,0.310249228825364,TSRE_FULL,0.6929074004292488,,
tonsil_s3,RNA_PROTEIN,PER_LANE_LABEL_ASSISTED_SCORE_FRONTIER,0.3512833622509198,0.310249228825364,0.3096072420293139,P_CONSERVATIVE,TSRE_FULL_72fb37477fc984,0,"[2469, 517, 1180, 294]","[2471, 574, 1182, 294]",061397e054ef95187cec89840f9501cc3207fb02a9def3f08580bd7bc6742f9f,1,,0.615016726276322,0.306232030236825,0.3157600416355237,4,294,294,0.700635345151646,4460,4521,0.7935857586888951,ce4f0a38251311fb40664663bc0b1b5576eac6c75b92ab92eb872be5069a60fd,PROFILE_72fb37477fc984,PASS,0.310249228825364,TSRE_FULL,0.6958060748875141,,
tonsil_s3,RNA_PROTEIN,PER_LANE_LABEL_ASSISTED_SCORE_FRONTIER,0.3512833622509198,0.310249228825364,0.3096072420293139,P_GEO,TSRE_FULL_8eca84b2aaf9c9,0,"[2469, 517, 1180, 294]","[2471, 574, 1182, 294]",70f1ba0bd5cb41bb01b2f5665e64c4f75045dc8d0e0590fd4c0b139425cd7d13,1,,0.615016726276322,0.306232030236825,0.3157600416355237,4,294,294,0.700635345151646,4460,4521,0.7935857586888951,ce4f0a38251311fb40664663bc0b1b5576eac6c75b92ab92eb872be5069a60fd,PROFILE_8eca84b2aaf9c9,PASS,0.310249228825364,TSRE_FULL,0.6993812248110771,,
tonsil_s3,RNA_PROTEIN,PER_LANE_LABEL_ASSISTED_SCORE_FRONTIER,0.3512833622509198,0.310249228825364,0.3096072420293139,P_GEO,TSRE_FULL_53a950fec6bedf,0,"[2469, 517, 1180, 294]","[2471, 574, 1182, 294]",5289220f01f315ec22278c9c42fd9ecd1cb145cd6dce120931c936b888dba176,1,,0.615016726276322,0.306232030236825,0.3157600416355237,4,294,294,0.700635345151646,4460,4521,0.7935857586888951,ce4f0a38251311fb40664663bc0b1b5576eac6c75b92ab92eb872be5069a60fd,PROFILE_53a950fec6bedf,PASS,0.310249228825364,TSRE_FULL,0.7133385390043259,,
tonsil_s3,RNA_PROTEIN,PER_LANE_LABEL_ASSISTED_SCORE_FRONTIER,0.3507220132924806,0.3082815871534862,0.3076403140120883,P_A1,TSRE_FULL_a2648ab9e8844a,31,"[2450, 519, 1181, 310]","[2452, 576, 1183, 310]",7616ec9e20909186a3b91ad03e19c427fbfba7719d0bc17c2901f4d222d5bf57,1,,0.6134030957419009,0.2994188388770598,0.3149655224176866,4,310,310,0.7068649627339791,4460,4521,0.7957050014128285,eab53eae68761011b45f3775c59046b2da6759f15742531f24a8a4d55546f522,PROFILE_a2648ab9e8844a,PASS,0.3082815871534862,TSRE_FULL,1.397217644378543,,
tonsil_s3,RNA_PROTEIN,PER_LANE_LABEL_ASSISTED_SCORE_FRONTIER,0.3512833622509198,0.310249228825364,0.3096072420293139,P_GEO,TSRE_FULL_06b87f48145089,0,"[2469, 517, 1180, 294]","[2471, 574, 1182, 294]",9e88bd7413c835c26d12b3e6d4a5998e81c5ed3f7af5379fb8e5c7658f29aa39,1,,0.615016726276322,0.306232030236825,0.3157600416355237,4,294,294,0.700635345151646,4460,4521,0.7935857586888951,ce4f0a38251311fb40664663bc0b1b5576eac6c75b92ab92eb872be5069a60fd,PROFILE_06b87f48145089,PASS,0.310249228825364,TSRE_FULL,0.6361880842596292,,
tonsil_s3,RNA_PROTEIN,PER_LANE_LABEL_ASSISTED_SCORE_FRONTIER,0.3512833622509198,0.310249228825364,0.3096072420293139,P_A1,TSRE_FULL_be7f41c244f84a,0,"[2469, 517, 1180, 294]","[2471, 574, 1182, 294]",16a6ab3b810cfb36c43b4fcd62440b2c992cbf2daadbf2fd4eb9fc978868d69e,1,,0.615016726276322,0.306232030236825,0.3157600416355237,4,294,294,0.700635345151646,4460,4521,0.7935857586888951,ce4f0a38251311fb40664663bc0b1b5576eac6c75b92ab92eb872be5069a60fd,PROFILE_be7f41c244f84a,PASS,0.310249228825364,TSRE_FULL,0.65849400870502,,
tonsil_s3,RNA_PROTEIN,PER_LANE_LABEL_ASSISTED_SCORE_FRONTIER,0.3512833622509198,0.310249228825364,0.3096072420293139,P_GEO,TSRE_FULL_dcc22db39be812,0,"[2469, 517, 1180, 294]","[2471, 574, 1182, 294]",d5aa4b23854829f3f7d68d7a51782f86d1c9858961fee3d8ff5be3226e619d78,1,,0.615016726276322,0.306232030236825,0.3157600416355237,4,294,294,0.700635345151646,4460,4521,0.7935857586888951,ce4f0a38251311fb40664663bc0b1b5576eac6c75b92ab92eb872be5069a60fd,PROFILE_dcc22db39be812,PASS,0.310249228825364,TSRE_FULL,0.6129458043724298,,
tonsil_s3,RNA_PROTEIN,PER_LANE_LABEL_ASSISTED_SCORE_FRONTIER,0.3512833622509198,0.310249228825364,0.3096072420293139,P_GEO,TSRE_FULL_a55cd3f2c74e6d,0,"[2469, 517, 1180, 294]","[2471, 574, 1182, 294]",e33a5de79648001c0134a86ccc2982ca9be4ae48382e743b684808d6feac5b32,1,,0.615016726276322,0.306232030236825,0.3157600416355237,4,294,294,0.700635345151646,4460,4521,0.7935857586888951,ce4f0a38251311fb40664663bc0b1b5576eac6c75b92ab92eb872be5069a60fd,PROFILE_a55cd3f2c74e6d,PASS,0.310249228825364,TSRE_FULL,0.6765552181750536,,
tonsil_s3,RNA_PROTEIN,PER_LANE_LABEL_ASSISTED_SCORE_FRONTIER,0.3512833622509198,0.310249228825364,0.3096072420293139,P_A1,TSRE_FULL_f5273d5f0e5130,0,"[2469, 517, 1180, 294]","[2471, 574, 1182, 294]",775982f048e30348fe375b6b60c29833fdaa24dbfd4f4d4e2ce5f425c1d1ed3f,1,,0.615016726276322,0.306232030236825,0.3157600416355237,4,294,294,0.700635345151646,4460,4521,0.7935857586888951,ce4f0a38251311fb40664663bc0b1b5576eac6c75b92ab92eb872be5069a60fd,PROFILE_f5273d5f0e5130,PASS,0.310249228825364,TSRE_FULL,0.6209772154688835,,
tonsil_s3,RNA_PROTEIN,PER_LANE_LABEL_ASSISTED_SCORE_FRONTIER,0.3512833622509198,0.310249228825364,0.3096072420293139,P_S1,TSRE_FULL_8b67ffa6cfadbe,0,"[2469, 517, 1180, 294]","[2471, 574, 1182, 294]",d99b3780613feca7033c968526ad2f055755378e4e93b18fb420d96c7e144e16,1,,0.615016726276322,0.306232030236825,0.3157600416355237,4,294,294,0.700635345151646,4460,4521,0.7935857586888951,ce4f0a38251311fb40664663bc0b1b5576eac6c75b92ab92eb872be5069a60fd,PROFILE_8b67ffa6cfadbe,PASS,0.310249228825364,TSRE_FULL,0.5951186884194613,,
tonsil_s3,RNA_PROTEIN,PER_LANE_LABEL_ASSISTED_SCORE_FRONTIER,0.3512833622509198,0.310249228825364,0.3096072420293139,P_CONSERVATIVE,TSRE_FULL_2fc7daffbccc58,0,"[2469, 517, 1180, 294]","[2471, 574, 1182, 294]",0654dc0a58c20ca994f3ae667ee2c5d22f3fe241446c1f4f054bad07b07f85b2,1,,0.615016726276322,0.306232030236825,0.3157600416355237,4,294,294,0.700635345151646,4460,4521,0.7935857586888951,ce4f0a38251311fb40664663bc0b1b5576eac6c75b92ab92eb872be5069a60fd,PROFILE_2fc7daffbccc58,PASS,0.310249228825364,TSRE_FULL,0.5872254632413387,,
tonsil_s3,RNA_PROTEIN,PER_LANE_LABEL_ASSISTED_SCORE_FRONTIER,0.3515330559532923,0.310247160236753,0.3096070991287409,P_A1,TSRE_FULL_f2fa0483e7aa16,20,"[2455, 519, 1180, 306]","[2457, 576, 1182, 306]",4c53ce3912babf658550b664bbe92529afd0319c71d75c859f0940918815936a,1,,0.614203828900567,0.3017014105498573,0.3166802240111822,4,306,306,0.7048614735648037,4460,4521,0.794786662899124,4490b3814d06f21742ffb68070d07dcb19a9b73d8eb00e0b207f296de9cc2b4f,PROFILE_f2fa0483e7aa16,PASS,0.310247160236753,TSRE_FULL,1.1181790065020325,,
tonsil_s3,RNA_PROTEIN,PER_LANE_LABEL_ASSISTED_SCORE_FRONTIER,0.3512833622509198,0.310249228825364,0.3096072420293139,P_GEO,TSRE_FULL_189785977d6cfa,0,"[2469, 517, 1180, 294]","[2471, 574, 1182, 294]",055dd682db2f6f53e58c5ce23f9d34282507691b2be040607813211be4f9ccca,1,,0.615016726276322,0.306232030236825,0.3157600416355237,4,294,294,0.700635345151646,4460,4521,0.7935857586888951,ce4f0a38251311fb40664663bc0b1b5576eac6c75b92ab92eb872be5069a60fd,PROFILE_189785977d6cfa,PASS,0.310249228825364,TSRE_FULL,0.5971634965389967,,
tonsil_s3,RNA_PROTEIN,PER_LANE_LABEL_ASSISTED_SCORE_FRONTIER,0.3512833622509198,0.310249228825364,0.3096072420293139,P_GEO,TSRE_FULL_98525e1d3651db,0,"[2469, 517, 1180, 294]","[2471, 574, 1182, 294]",e504e2942646816fdddbdd40f37ae61fefff160402d13a2034e3cf920fd82e1a,1,,0.615016726276322,0.306232030236825,0.3157600416355237,4,294,294,0.700635345151646,4460,4521,0.7935857586888951,ce4f0a38251311fb40664663bc0b1b5576eac6c75b92ab92eb872be5069a60fd,PROFILE_98525e1d3651db,PASS,0.310249228825364,TSRE_FULL,0.6225057430565357,,
tonsil_s3,RNA_PROTEIN,PER_LANE_LABEL_ASSISTED_SCORE_FRONTIER,0.3517688045254328,0.3108434090110227,0.3102024095212686,P_GEO,TSRE_FULL_c5513f48f1fa80,3,"[2466, 517, 1180, 297]","[2468, 574, 1182, 297]",aa10e8f0b932d37fa7d2ff82cb9bfcd84f359d7396561ab2b8c6d44db8ce5885,1,,0.6150951474555651,0.3053924742179777,0.3165721006675028,4,297,297,0.7013537024917826,4460,4521,0.7937270415371573,184a10f4c5d8c2d9ef7cbb7b1d7c475000e3a1be59adb67a5725bdd44b17bc6f,PROFILE_c5513f48f1fa80,PASS,0.3108434090110227,TSRE_FULL,0.658605108037591,,
tonsil_s3,RNA_PROTEIN,PER_LANE_LABEL_ASSISTED_SCORE_FRONTIER,0.3517335473054983,0.3107409236321133,0.3100995396079916,P_CONSERVATIVE,TSRE_FULL_c90be8482766c7,1,"[2468, 517, 1180, 295]","[2470, 574, 1182, 295]",b5067978360a4b4394d46e369b50a0747a51bc8ab8f1a8c77661894645a527c9,1,,0.6152141305087016,0.3057100131021354,0.3163296790507306,4,295,295,0.7011167305295992,4460,4521,0.7937270415371573,73541dd7a488f331ef2f056725ed161795047c6b06882e4c3db55feda40a6573,PROFILE_c90be8482766c7,PASS,0.3107409236321133,TSRE_FULL,0.6321003008633852,,
tonsil_s3,RNA_PROTEIN,PER_LANE_LABEL_ASSISTED_SCORE_FRONTIER,0.3512833622509198,0.310249228825364,0.3096072420293139,P_A1,TSRE_FULL_72deeb47f08cc0,0,"[2469, 517, 1180, 294]","[2471, 574, 1182, 294]",d238551487c6e4e07bf8b4c74d6aa16b4645e5ee8bfc2e87e5aca1792378e59a,1,,0.615016726276322,0.306232030236825,0.3157600416355237,4,294,294,0.700635345151646,4460,4521,0.7935857586888951,ce4f0a38251311fb40664663bc0b1b5576eac6c75b92ab92eb872be5069a60fd,PROFILE_72deeb47f08cc0,PASS,0.310249228825364,TSRE_FULL,0.6737620681524277,,
tonsil_s3,RNA_PROTEIN,PER_LANE_LABEL_ASSISTED_SCORE_FRONTIER,0.3516329799108108,0.3103652304200769,0.3097232467035942,P_S1,TSRE_FULL_0f294a707e33b9,1,"[2470, 516, 1180, 294]","[2472, 573, 1182, 294]",97e79274be969107b99ea0de02ef8c0b08feaf2ea7566dd6e983968bf99f4159,1,,0.6152874338923925,0.3058045076702868,0.3158272309727757,4,294,294,0.7010925305013483,4460,4521,0.7938683243854197,743b927a4b59fa4f67f2760e8d17e650acf0d6165f7331b7501994ca9d4810a2,PROFILE_0f294a707e33b9,PASS,0.3103652304200769,TSRE_FULL,0.7173229604959488,,
tonsil_s3,RNA_PROTEIN,PER_LANE_LABEL_ASSISTED_SCORE_FRONTIER,0.3517492419451459,0.3094951980354447,0.3088546175097073,P_A1,TSRE_FULL_3ef388de2a77a3,23,"[2454, 518, 1180, 308]","[2456, 575, 1182, 308]",8f9c9650fbc2625f88cdcd6624431848d04dd4455915f286023425548dda6555,1,,0.6142567279589901,0.301766517568283,0.3159970610049514,4,308,308,0.7046878685836258,4460,4521,0.794716021474993,2ad9f75f8594bd72973930d62d046d28864d57ca35148f05397f3032de9d63c2,PROFILE_3ef388de2a77a3,PASS,0.3094951980354447,TSRE_FULL,1.299552209675312,,
tonsil_s3,RNA_PROTEIN,PER_LANE_LABEL_ASSISTED_SCORE_FRONTIER,0.3512833622509198,0.310249228825364,0.3096072420293139,P_S1,TSRE_FULL_7f591f2d9a7625,0,"[2469, 517, 1180, 294]","[2471, 574, 1182, 294]",5186faa3cf5ab44cae02e566530cec1e7e92b107f86d4f6fb0806b843062c049,1,,0.615016726276322,0.306232030236825,0.3157600416355237,4,294,294,0.700635345151646,4460,4521,0.7935857586888951,ce4f0a38251311fb40664663bc0b1b5576eac6c75b92ab92eb872be5069a60fd,PROFILE_7f591f2d9a7625,PASS,0.310249228825364,TSRE_FULL,0.6847516465932131,,
tonsil_s3,RNA_PROTEIN,PER_LANE_LABEL_ASSISTED_SCORE_FRONTIER,0.3513292359261101,0.3082359810135498,0.3075950005177085,P_A1,TSRE_FULL_3b890e3458250f,40,"[2448, 520, 1180, 312]","[2450, 577, 1182, 312]",5f8c12fe0fda9624c5b3942372100ac2db86a7b475d99c50034b91b98358ef92,1,,0.6136063548804752,0.2996195498272037,0.3150787011443613,4,312,312,0.7067527650840058,4460,4521,0.7952811528680418,d36731d57b7cdfef83eaf6086159d680046cce63c353d33f30c391125a4c17a6,PROFILE_3b890e3458250f,PASS,0.3082359810135498,TSRE_FULL,1.4123488552868366,,
tonsil_s3,RNA_PROTEIN,PER_LANE_LABEL_ASSISTED_SCORE_FRONTIER,0.3512833622509198,0.310249228825364,0.3096072420293139,P_GEO,TSRE_FULL_4e3ecf1fc4d6c8,0,"[2469, 517, 1180, 294]","[2471, 574, 1182, 294]",db52a39b3325ba6c58ffd6b47195217b08bd9d6797cd56aaa575cb0b4e349a3b,1,,0.615016726276322,0.306232030236825,0.3157600416355237,4,294,294,0.700635345151646,4460,4521,0.7935857586888951,ce4f0a38251311fb40664663bc0b1b5576eac6c75b92ab92eb872be5069a60fd,PROFILE_4e3ecf1fc4d6c8,PASS,0.310249228825364,TSRE_FULL,0.8050498683005571,,
tonsil_s3,RNA_PROTEIN,PER_LANE_LABEL_ASSISTED_SCORE_FRONTIER,0.3518384010980104,0.30886579502826,0.3082255731955792,P_A1,TSRE_FULL_c92790e00025c1,35,"[2447, 519, 1180, 314]","[2449, 576, 1182, 314]",42a54926b16f562ad2a814d7e758db749e1f022cdf225bc878b91ab0d814b359,1,,0.6138349066385519,0.3002688363829409,0.3158054339222947,4,314,314,0.7063014414602888,4460,4521,0.7949985871715174,8cd7477d7c5c0cf202f603fb151dc6fe16bfde790805d351c92c45a642d23a9a,PROFILE_c92790e00025c1,PASS,0.30886579502826,TSRE_FULL,1.0981285460293293,,
tonsil_s3,RNA_PROTEIN,PER_LANE_LABEL_ASSISTED_SCORE_FRONTIER,0.3512833622509198,0.310249228825364,0.3096072420293139,P_GEO,TSRE_FULL_ff7e8345ae9cfd,0,"[2469, 517, 1180, 294]","[2471, 574, 1182, 294]",9feb11287c2b34e12172b32c887bb532b60d41ee1fb7811dfbc6d130b244e158,1,,0.615016726276322,0.306232030236825,0.3157600416355237,4,294,294,0.700635345151646,4460,4521,0.7935857586888951,ce4f0a38251311fb40664663bc0b1b5576eac6c75b92ab92eb872be5069a60fd,PROFILE_ff7e8345ae9cfd,PASS,0.310249228825364,TSRE_FULL,0.5867286361753941,,
tonsil_s3,RNA_PROTEIN,PER_LANE_LABEL_ASSISTED_SCORE_FRONTIER,0.3512833622509198,0.310249228825364,0.3096072420293139,P_GEO,TSRE_FULL_4edf8c631a8c8b,0,"[2469, 517, 1180, 294]","[2471, 574, 1182, 294]",135c54b5e967f848c2eef2b048bfe495c5be04250b778816cd189eb640987119,1,,0.615016726276322,0.306232030236825,0.3157600416355237,4,294,294,0.700635345151646,4460,4521,0.7935857586888951,ce4f0a38251311fb40664663bc0b1b5576eac6c75b92ab92eb872be5069a60fd,PROFILE_4edf8c631a8c8b,PASS,0.310249228825364,TSRE_FULL,0.6927021443843842,,
tonsil_s3,RNA_PROTEIN,PER_LANE_LABEL_ASSISTED_SCORE_FRONTIER,0.3512833622509198,0.310249228825364,0.3096072420293139,P_GEO,TSRE_FULL_174e49933789aa,0,"[2469, 517, 1180, 294]","[2471, 574, 1182, 294]",659978d81197c4b3c58c5104f5447119227a8f250236eef61c583d458825fb45,1,,0.615016726276322,0.306232030236825,0.3157600416355237,4,294,294,0.700635345151646,4460,4521,0.7935857586888951,ce4f0a38251311fb40664663bc0b1b5576eac6c75b92ab92eb872be5069a60fd,PROFILE_174e49933789aa,PASS,0.310249228825364,TSRE_FULL,0.6170890759676695,,
tonsil_s3,RNA_PROTEIN,PER_LANE_LABEL_ASSISTED_SCORE_FRONTIER,0.3512833622509198,0.310249228825364,0.3096072420293139,P_A1,TSRE_FULL_9aa783fa264f38,0,"[2469, 517, 1180, 294]","[2471, 574, 1182, 294]",c152ab1c07b716bb2df43fbf2552c98a85c4d71028b2b4dd78904691de44d7c0,1,,0.615016726276322,0.306232030236825,0.3157600416355237,4,294,294,0.700635345151646,4460,4521,0.7935857586888951,ce4f0a38251311fb40664663bc0b1b5576eac6c75b92ab92eb872be5069a60fd,PROFILE_9aa783fa264f38,PASS,0.310249228825364,TSRE_FULL,0.5954547300934792,,
tonsil_s3,RNA_PROTEIN,PER_LANE_LABEL_ASSISTED_SCORE_FRONTIER,0.3519912363762322,0.310604157720016,0.3099635587398358,P_GEO,TSRE_FULL_ac686af1d0ebbc,8,"[2461, 517, 1181, 301]","[2463, 574, 1183, 301]",2f1ec11e5cc91cad004bb58a8c6d56a7f3b929ee1964408d99eac85263c5bc31,1,,0.6149072597989712,0.3042479318148083,0.3166268533332138,4,301,301,0.7023333663529319,4460,4521,0.7941508900819441,f7d440ebc91317865e18c500a7575010612b46f48079dec29e389cd17b0b3fcb,PROFILE_ac686af1d0ebbc,PASS,0.310604157720016,TSRE_FULL,0.7055502366274595,,
tonsil_s3,RNA_PROTEIN,PER_LANE_LABEL_ASSISTED_SCORE_FRONTIER,0.3527884269769521,0.3112754925256839,0.3106349437042293,P_CONSERVATIVE,TSRE_FULL_4ae471a38560c3,4,"[2465, 517, 1181, 297]","[2467, 574, 1183, 297]",fd36db833027fe4378a232d20ed9f05c1ce432ba67b7847984d9d24d25cba87b,1,,0.6156600123567416,0.3048701981415451,0.3170361618060426,4,297,297,0.7018688496109073,4460,4521,0.7941508900819441,d53ced292938c38d855b8ef2e73d12d0d8c5a99727614360f01b9767f12f23e8,PROFILE_4ae471a38560c3,PASS,0.3112754925256839,TSRE_FULL,0.6065497845411301,,
tonsil_s3,RNA_PROTEIN,PER_LANE_LABEL_ASSISTED_SCORE_FRONTIER,0.3512833622509198,0.310249228825364,0.3096072420293139,P_CONSERVATIVE,TSRE_FULL_26027affbafe32,0,"[2469, 517, 1180, 294]","[2471, 574, 1182, 294]",880f1f819c5337c583333434fd1b6fcce12db6e263981c877f015396c5dcbb00,1,,0.615016726276322,0.306232030236825,0.3157600416355237,4,294,294,0.700635345151646,4460,4521,0.7935857586888951,ce4f0a38251311fb40664663bc0b1b5576eac6c75b92ab92eb872be5069a60fd,PROFILE_26027affbafe32,PASS,0.310249228825364,TSRE_FULL,0.5968275517225266,,
tonsil_s3,RNA_PROTEIN,PER_LANE_LABEL_ASSISTED_SCORE_FRONTIER,0.3516329799108108,0.3103652304200769,0.3097232467035942,P_S1,TSRE_FULL_f74d383977e972,1,"[2470, 516, 1180, 294]","[2472, 573, 1182, 294]",af4f24b660aeb03db1c4877f3f8129dd22a7561363c58691c8d55dad21420a41,1,,0.6152874338923925,0.3058045076702868,0.3158272309727757,4,294,294,0.7010925305013483,4460,4521,0.7938683243854197,743b927a4b59fa4f67f2760e8d17e650acf0d6165f7331b7501994ca9d4810a2,PROFILE_f74d383977e972,PASS,0.3103652304200769,TSRE_FULL,0.6795710381120443,,
tonsil_s3,RNA_PROTEIN,PER_LANE_LABEL_ASSISTED_SCORE_FRONTIER,0.3512833622509198,0.310249228825364,0.3096072420293139,P_GEO,TSRE_FULL_3706dcae9dc751,0,"[2469, 517, 1180, 294]","[2471, 574, 1182, 294]",dad31acc8acb884201f741a8ba1f21e908b34977912158f3f66290bb6eedff91,1,,0.615016726276322,0.306232030236825,0.3157600416355237,4,294,294,0.700635345151646,4460,4521,0.7935857586888951,ce4f0a38251311fb40664663bc0b1b5576eac6c75b92ab92eb872be5069a60fd,PROFILE_3706dcae9dc751,PASS,0.310249228825364,TSRE_FULL,0.6204501558095217,,
tonsil_s3,RNA_PROTEIN,PER_LANE_LABEL_ASSISTED_SCORE_FRONTIER,0.3508774936877541,0.3076377685873745,0.3069961664005233,P_A1,TSRE_FULL_2179eccb7b4e82,41,"[2449, 518, 1180, 313]","[2451, 575, 1182, 313]",94c903915eec83918b5c141ddda188601ed26026ebc3936535e8893954c3bfc7,1,,0.6133922999988196,0.2985983526379259,0.3144335625819866,4,313,313,0.707734533983031,4460,4521,0.7959169256852218,635ac12ea0db1e838a366f81d94ac90401500f6c198c2cce57a379893a757287,PROFILE_2179eccb7b4e82,PASS,0.3076377685873745,TSRE_FULL,1.2115204110741615,,
tonsil_s3,RNA_PROTEIN,PER_LANE_LABEL_ASSISTED_SCORE_FRONTIER,0.3511363313262957,0.3086480113155085,0.308006937578726,P_A1,TSRE_FULL_59522032fbdfac,30,"[2451, 519, 1181, 309]","[2453, 576, 1183, 309]",69f50828c55ce643fe98f0bec48c37e11147eda81615353402eabb7fcf4a5c20,1,,0.6137191365321667,0.2997331819481477,0.315272991301117,4,309,309,0.7064645176554155,4460,4521,0.7956343599886974,c7f70bfbd7817a75d811c8f080aa872642ddd502dd0a8d148961ee6228a45d3a,PROFILE_59522032fbdfac,PASS,0.3086480113155085,TSRE_FULL,1.338410895317793,,
P22,RNA_CHROMATIN,PER_LANE_LABEL_ASSISTED_SCORE_FRONTIER,0.5959576919633218,0.718005775236186,0.7175184665866664,NONE,INPUT_STRONG_START,0,"[1153, 624, 1481, 803, 1018, 1524, 610, 1820, 163]","[1153, 624, 1481, 803, 1018, 1524, 610, 1820, 163]",74234e98afe7498fb5daf1f36ac2d78acc339464f950703b8c019892f982b90b,1,,0.6558322730162267,0.0699815499937774,0.7298003565931803,9,163,163,0.9324487284752886,9196,9196,0.9583966742158656,ce444fc82e04a3c0aa7c9b8b5a74a1e7f5ac0bd4a55d3a2d92bd39008b547e3d,INPUT_STRONG_START,PASS,0.7180057752361859,INPUT_STRONG_START,0.0004236027598381,,
P22,RNA_CHROMATIN,PER_LANE_LABEL_ASSISTED_SCORE_FRONTIER,0.5928748557187139,0.7131304490275349,0.7126350267692829,C_P22,NIGHT15F_DIRECT_a0183cdc467db7,85,"[1164, 626, 1488, 792, 1033, 1501, 613, 1811, 168]","[1164, 626, 1488, 792, 1033, 1501, 613, 1811, 168]",35a990babd6d3ff6290bcd12794ca29d3ee23104ba7e7598f8cc1cf8b8100ba3,1,,0.6531568942591708,0.0723814204113485,0.7252145269888407,9,168,168,0.9302321643142912,9196,9196,0.9563180591319456,d4c838a8483b6d323ffb772fde3c49992075aa3b39bec9394160db489f704abf,PROFILE_a0183cdc467db7,PASS,0.7131304490275348,NIGHT15F_DIRECT,2.323595989495516,,
P22,RNA_CHROMATIN,PER_LANE_LABEL_ASSISTED_SCORE_FRONTIER,0.5931527310516169,0.7139807806560126,0.7134868282704064,C_P22,TSRE_SUPPORT_ONLY_ec3c0cd2390f7d,81,"[1161, 625, 1483, 792, 1033, 1508, 615, 1811, 168]","[1161, 625, 1483, 792, 1033, 1508, 615, 1811, 168]",dee5de7b6a7f28d51153d352c48fe071933a26c4f5a331a6f89bfc70ff383d5b,1,,0.6533952989990958,0.0726392069143559,0.7260807749080133,9,168,168,0.929962551839473,9196,9196,0.9560698662861044,be7bc9ccb2cfa005d8ab67b22fcefe0c454452e437a19b5e6c032f9db9d3dbdf,PROFILE_ec3c0cd2390f7d,PASS,0.7139807806560126,TSRE_SUPPORT_ONLY,3.614876119419933,,
P22,RNA_CHROMATIN,PER_LANE_LABEL_ASSISTED_SCORE_FRONTIER,0.590129725322173,0.710433529878479,0.709933438688736,C_P22,TSRE_SUPPORT_ONLY_9e0dc0eb2114bf,100,"[1140, 625, 1482, 791, 1042, 1528, 616, 1804, 168]","[1140, 625, 1482, 791, 1042, 1528, 616, 1804, 168]",3c883fa5753725762b04fded95d8a20d06d6837c270057bbbe0c63ebcccce8a9,1,,0.6508091236300421,0.0737244789006392,0.722455110528985,9,168,168,0.9287996921673592,9196,9196,0.9549219743740888,2ee0d69e7918576a12ec384d76fd811f27f90c672b938c5e07c3cf5dd3591926,PROFILE_9e0dc0eb2114bf,PASS,0.710433529878479,TSRE_SUPPORT_ONLY,3.1235307957977057,,
P22,RNA_CHROMATIN,PER_LANE_LABEL_ASSISTED_SCORE_FRONTIER,0.5788639529796249,0.6987171792871505,0.6981969539241392,C_P22,TSRE_SUPPORT_ONLY_2d96e44c473287,169,"[1098, 628, 1481, 790, 1042, 1565, 628, 1794, 170]","[1098, 628, 1481, 790, 1042, 1565, 628, 1794, 170]",09dbdcebd1e5dbc1399077e84d3fd7ba8291daeb3e232476c464f2e5ba38d5aa,1,,0.6411611372920508,0.0776009113541778,0.7106408239542803,9,170,170,0.9248671392263442,9196,9196,0.951540346849502,54c7c7120ba47259368c8573d0faaae47d0a55e6b5d05bf1e2c4114f2dc13dbd,PROFILE_2d96e44c473287,PASS,0.6987171792871504,TSRE_SUPPORT_ONLY,2.954709531739354,,
P22,RNA_CHROMATIN,PER_LANE_LABEL_ASSISTED_SCORE_FRONTIER,0.5901065017217446,0.7105834095411556,0.7100835709404368,C_P22,TSRE_FULL_8b4c8a8a4c6e70,99,"[1139, 625, 1482, 791, 1042, 1528, 616, 1805, 168]","[1139, 625, 1482, 791, 1042, 1528, 616, 1805, 168]",794325faac6774c56a3feb067bc62e21264f6f0da6626a9996a74a9637a85b8d,1,,0.650790631785469,0.0736987501188581,0.7225986364377865,9,168,168,0.9288251759863017,9196,9196,0.9549529984798188,3c9bccc902aba573a2eb00f26489e6fe8068fde027a7ae704053406e00bafd69,PROFILE_8b4c8a8a4c6e70,PASS,0.7105834095411558,TSRE_FULL,3.423617132008076,,
P22,RNA_CHROMATIN,PER_LANE_LABEL_ASSISTED_SCORE_FRONTIER,0.5920056663815191,0.712625998487818,0.7121295822322591,C_P22,TSRE_FULL_6289be70c5f55e,82,"[1135, 625, 1483, 792, 1032, 1532, 617, 1813, 167]","[1135, 625, 1483, 792, 1032, 1532, 617, 1813, 167]",3d3a04859fcaae20d6a602356c51d7ee1b69e7cf5a9418ac48e015a63beffe75,1,,0.6524344165881131,0.0735393384142062,0.724539432658336,9,167,167,0.9289005905892164,9196,9196,0.9552632395371204,c966a64249d46ca3208771aa290bcc37ae013babb2fdf0ae8b2acf7967516d14,PROFILE_6289be70c5f55e,PASS,0.7126259984878182,TSRE_FULL,3.22617955505848,,
P22,RNA_CHROMATIN,PER_LANE_LABEL_ASSISTED_SCORE_FRONTIER,0.5924351342483148,0.7132517839516691,0.7127564350631522,C_P22,TSRE_FULL_a0f49b6caa6282,62,"[1138, 624, 1482, 801, 1022, 1533, 620, 1811, 165]","[1138, 624, 1482, 801, 1022, 1533, 620, 1811, 165]",c14304ffcab059e961f27cfaf9e8c655a9d03b103808faaf8a1edc1e575ca45f,1,,0.6527971635049148,0.0734669682793853,0.7251847068750276,9,165,165,0.9290719033724556,9196,9196,0.9556975770173424,0045925e469438df87883dc7d669da34a82234a49fb09cdd22f4e79a78bcbd3d,PROFILE_a0f49b6caa6282,PASS,0.713251783951669,TSRE_FULL,3.0037260074168444,,
P22,RNA_CHROMATIN,PER_LANE_LABEL_ASSISTED_SCORE_FRONTIER,0.5948372492388294,0.7157421095103025,0.7152509213253695,C_GEO,NIGHT15F_DIRECT_e76a5df3d9457d,58,"[1146, 624, 1483, 791, 1034, 1521, 613, 1820, 164]","[1146, 624, 1483, 791, 1034, 1521, 613, 1820, 164]",1348224682e31d90b0b7071939ef73de3bb2efe66d1f304a824f924099b293cd,1,,0.6548714601024409,0.0717407620208811,0.7275307229399212,9,164,164,0.9308865572688286,9196,9196,0.9566903484007072,719495be0baf552f0423d71d966c96201144ce21dee837a23ca4f71fbb1f7f22,PROFILE_e76a5df3d9457d,PASS,0.7157421095103025,NIGHT15F_DIRECT,1.7840005327016115,,
P22,RNA_CHROMATIN,PER_LANE_LABEL_ASSISTED_SCORE_FRONTIER,0.5957433971134672,0.7171402994080174,0.7166515831332841,C_GEO,TSRE_SUPPORT_ONLY_c123d1df033110,50,"[1147, 624, 1481, 801, 1024, 1524, 611, 1819, 165]","[1147, 624, 1481, 801, 1024, 1524, 611, 1819, 165]",0e7ea9d4ee17779cc7744c82bc2ddb5de2021f1823a58d6d50f4603f85696657,1,,0.6556421087565054,0.071168644685861,0.7290178677648066,9,165,165,0.9313743927283852,9196,9196,0.9571246858809296,d621a7afcb40f64c876efb85c59880cc6cec0da523103e50d99d2acbac34cdde,PROFILE_c123d1df033110,PASS,0.7171402994080175,TSRE_SUPPORT_ONLY,2.981735164299608,,
P22,RNA_CHROMATIN,PER_LANE_LABEL_ASSISTED_SCORE_FRONTIER,0.5960822645513535,0.7176751628885086,0.7171874103377867,C_GEO,TSRE_SUPPORT_ONLY_cd6dd7a1e57ba8,51,"[1146, 623, 1483, 801, 1024, 1523, 612, 1818, 166]","[1146, 623, 1483, 801, 1024, 1523, 612, 1818, 166]",e7c10eea5ae76c1effc49e1ccedd35ebde001e242ee51db9d3687edd01660468,1,,0.6559294090893814,0.0710434026603022,0.729604309298764,9,166,166,0.9314903488464245,9196,9196,0.957031613563739,d8b6875339978579822be3c510fe71612477b93a37d0ea55904b1558685960c4,PROFILE_cd6dd7a1e57ba8,PASS,0.7176751628885086,TSRE_SUPPORT_ONLY,3.352084157988429,,
P22,RNA_CHROMATIN,PER_LANE_LABEL_ASSISTED_SCORE_FRONTIER,0.591542998540867,0.7125206418766382,0.712023914146093,C_GEO,TSRE_SUPPORT_ONLY_27e93dd7580f57,71,"[1129, 624, 1483, 800, 1025, 1541, 611, 1817, 166]","[1129, 624, 1483, 800, 1025, 1541, 611, 1817, 166]",4e2debb1df924b29bfaa235ae2b16ff09d70ba65807061917dade069de6f5271,1,,0.6520574609172206,0.0726055027538831,0.7242641094904884,9,166,166,0.9298050967912412,9196,9196,0.9556355288058822,b6cd4a6462c9ec783a1ab33d03f90541898757e0dad369e7fab220dcf6fca427,PROFILE_27e93dd7580f57,PASS,0.7125206418766383,TSRE_SUPPORT_ONLY,3.4703697841614485,,
P22,RNA_CHROMATIN,PER_LANE_LABEL_ASSISTED_SCORE_FRONTIER,0.5942701410741502,0.7155003857146212,0.7150088285712506,C_GEO,TSRE_FULL_1f7b34388099a5,59,"[1137, 623, 1484, 801, 1024, 1532, 611, 1818, 166]","[1137, 623, 1484, 801, 1024, 1532, 611, 1818, 166]",573fb2a5a97ca926e132319a41e72d29c939d8fc35d2a40c8946e041f529bb7d,1,,0.6543870631888866,0.0715121874247169,0.7273250758939408,9,166,166,0.9310145656632683,9196,9196,0.9565042037663264,22f2fc0829febffed38396f22e50c371ccb6f4f823cbb265829fc725a650d542,PROFILE_1f7b34388099a5,PASS,0.7155003857146213,TSRE_FULL,2.881192747503519,,
P22,RNA_CHROMATIN,PER_LANE_LABEL_ASSISTED_SCORE_FRONTIER,0.5940932659671219,0.7152726399352973,0.7147806959918681,C_GEO,TSRE_FULL_ef465eab3447be,57,"[1138, 623, 1485, 801, 1024, 1531, 611, 1817, 166]","[1138, 623, 1485, 801, 1024, 1531, 611, 1817, 166]",fb75a5c782d0acea49e987f968a23579f68fa2c4570f79a743f4a5167a887ab8,1,,0.6542341266227477,0.071430749447203,0.7271032955826418,9,166,166,0.9310920687451678,9196,9196,0.9565972760835167,d1bf51dcba91bc60f4c1ee3e665dff44f8d0d0783a0f44ad59e7c5eaec17ac0f,PROFILE_ef465eab3447be,PASS,0.7152726399352973,TSRE_FULL,3.3149599954485893,,
P22,RNA_CHROMATIN,PER_LANE_LABEL_ASSISTED_SCORE_FRONTIER,0.5941019087929141,0.715467990831297,0.7149763163536313,C_GEO,TSRE_FULL_94eba19db898dd,45,"[1139, 623, 1482, 805, 1018, 1534, 612, 1819, 164]","[1139, 623, 1482, 805, 1018, 1534, 612, 1819, 164]",8d5fdef6aec127adfd8a13a8b7c1499089001bdd548cd8580820cdd0e5a68d01,1,,0.6542463286272335,0.0718873236421983,0.7272331000010475,9,164,164,0.9306291666804766,9196,9196,0.956628300189247,a91fe83dabd7adddb30a7c29201cf94acb27573460ddae5e318c7960ee93b7a8,PROFILE_94eba19db898dd,PASS,0.715467990831297,TSRE_FULL,2.672060349956155,,
P22,RNA_CHROMATIN,PER_LANE_LABEL_ASSISTED_SCORE_FRONTIER,0.5947505206174883,0.7160038489364322,0.7155131416367061,C_CONSERVATIVE,NIGHT15F_DIRECT_a74c68ac898d52,46,"[1150, 624, 1486, 794, 1026, 1519, 612, 1820, 165]","[1150, 624, 1486, 794, 1026, 1519, 612, 1820, 165]",21d38c2974b8c7afc602d07dae7548e97bffb08fa53723d02537aa897b0cb57d,1,,0.6547965804617314,0.0715141471240315,0.7278230581481441,9,165,165,0.931043328439023,9196,9196,0.956814444823628,7a1b0d040f9dca8ed53d33cc2bbe744af75c72682751db679c61133a220c6312,PROFILE_a74c68ac898d52,PASS,0.7160038489364322,NIGHT15F_DIRECT,2.1665742713958025,,
P22,RNA_CHROMATIN,PER_LANE_LABEL_ASSISTED_SCORE_FRONTIER,0.5949036731089994,0.7163846816611039,0.7158946022614686,C_CONSERVATIVE,TSRE_SUPPORT_ONLY_35edef640312df,49,"[1150, 625, 1486, 794, 1026, 1519, 609, 1822, 165]","[1150, 625, 1486, 794, 1026, 1519, 609, 1822, 165]",c5cd6241eb1a3efcc32375917cde50701dc819f5979ac18d0d8f325604d9e1ad,1,,0.6549327635143406,0.0718907578385003,0.7281671208063164,9,165,165,0.9307025621520584,9196,9196,0.9565972760835167,fdc26e9e6e09f06c8ec8d778da48972dbb74797535febf0be0a76ebb0376e98b,PROFILE_35edef640312df,PASS,0.7163846816611039,TSRE_SUPPORT_ONLY,2.8629603404551744,,
P22,RNA_CHROMATIN,PER_LANE_LABEL_ASSISTED_SCORE_FRONTIER,0.5951030093257157,0.7168691422485811,0.7163800184274133,C_CONSERVATIVE,TSRE_SUPPORT_ONLY_c6feb191012684,49,"[1149, 624, 1483, 797, 1025, 1521, 614, 1817, 166]","[1149, 624, 1483, 797, 1025, 1521, 614, 1817, 166]",ffad176ddc7170f34e9d66637808df30156389d9c056fcffef190c0f7af738cc,1,,0.655087466821545,0.07244938908485,0.7288152124898009,9,166,166,0.9299946241073366,9196,9196,0.9564731796605964,742541fc14d4eec40030b5014ca0236a3dabc357af702455e0b87699c21b9311,PROFILE_c6feb191012684,PASS,0.7168691422485811,TSRE_SUPPORT_ONLY,3.458056267350912,,
P22,RNA_CHROMATIN,PER_LANE_LABEL_ASSISTED_SCORE_FRONTIER,0.5923981040761215,0.7136582756131689,0.7131635469577438,C_CONSERVATIVE,TSRE_SUPPORT_ONLY_0da61054212ebb,52,"[1138, 624, 1482, 803, 1020, 1534, 611, 1818, 166]","[1138, 624, 1482, 803, 1020, 1534, 611, 1818, 166]",0dbdc21a0c3519b734b12281c8b676bd36d27f60b394e2ff271a3308cb32a5af,1,,0.652783186921694,0.0727834250037033,0.725468168840407,9,166,166,0.9296714611966748,9196,9196,0.9561008903918344,876ee3a3b395805b4d2cad03021e6aabe5545455b9814bc9ebfe6fa97cc13d2c,PROFILE_0da61054212ebb,PASS,0.7136582756131689,TSRE_SUPPORT_ONLY,3.0810132827609777,,
P22,RNA_CHROMATIN,PER_LANE_LABEL_ASSISTED_SCORE_FRONTIER,0.5926979042344086,0.7139303675096154,0.7134361234554586,C_CONSERVATIVE,TSRE_FULL_485370672bfb4c,59,"[1138, 624, 1482, 797, 1025, 1533, 614, 1817, 166]","[1138, 624, 1482, 797, 1025, 1533, 614, 1817, 166]",ba08dd7eda99d4bf31a3cd327f03275ebd51cc0a9a18923312cb7ca48cc7a3be,1,,0.6530372923567423,0.0729514122838631,0.7257650776420285,9,166,166,0.9294770985841893,9196,9196,0.9559457698631836,18586c3858e679550748c540a50e47b6a5d2b305599e97444eba187375b32b21,PROFILE_485370672bfb4c,PASS,0.7139303675096154,TSRE_FULL,3.398526454344392,,
P22,RNA_CHROMATIN,PER_LANE_LABEL_ASSISTED_SCORE_FRONTIER,0.59314480150461,0.7144674283068022,0.7139740830411205,C_CONSERVATIVE,TSRE_FULL_2e53c1c4069f25,52,"[1137, 624, 1482, 800, 1021, 1535, 612, 1819, 166]","[1137, 624, 1482, 800, 1021, 1535, 612, 1819, 166]",afc1174972d1f15fe3308d6a6e98cc87234c59b5ae8757a714d0b165a269a4c4,1,,0.653425453660337,0.0725659788844587,0.7262695240086722,9,166,166,0.9298397643799364,9196,9196,0.9562870350262154,05a43e08b0b2bfe27acc52dcaa277255346149f7e010ac95ce81f9479b47c28b,PROFILE_2e53c1c4069f25,PASS,0.7144674283068022,TSRE_FULL,3.0080778393894434,,
P22,RNA_CHROMATIN,PER_LANE_LABEL_ASSISTED_SCORE_FRONTIER,0.5923835446908361,0.7135394672261869,0.713044371573112,C_CONSERVATIVE,TSRE_FULL_398067aabfab56,31,"[1140, 624, 1483, 804, 1018, 1535, 608, 1821, 163]","[1140, 624, 1483, 804, 1018, 1535, 608, 1821, 163]",f1d1fcc563cb2ff8e81c6418a7575c82f6be05d926437717c71fc18aef717ef0,1,,0.6527861249048159,0.0716686778033993,0.7251624952291985,9,163,163,0.9309403518057716,9196,9196,0.9570626376694692,65b0a313846e3a28ee11d1ff78a4f29013fa64885eb908fca99b875106ac3095,PROFILE_398067aabfab56,PASS,0.7135394672261869,TSRE_FULL,3.064166683703661,,
P22,RNA_CHROMATIN,PER_LANE_LABEL_ASSISTED_SCORE_FRONTIER,0.5958221372705123,0.7178817923652862,0.7173943618377087,C_P22,TSRE_FULL_4718cb0231e69c,3,"[1153, 624, 1481, 803, 1017, 1524, 611, 1818, 165]","[1153, 624, 1481, 803, 1017, 1524, 611, 1818, 165]",70cc4f428036e4e55434a06346fe99ac4a36cb010ce5edd44ef500acf7e8bdfe,1,,0.6557085784351351,0.0697137307967014,0.7297783386002191,9,165,165,0.932682833234224,9196,9196,0.9583346260044054,938e508745ab888e50cc883e3ac03c03d223ccf4577c9753efacfdb5313aecb4,PROFILE_4718cb0231e69c,PASS,0.7178817923652859,TSRE_FULL,2.7343547381460667,,
P22,RNA_CHROMATIN,PER_LANE_LABEL_ASSISTED_SCORE_FRONTIER,0.5948427373360058,0.7165348890508582,0.7160450547544499,C_CONSERVATIVE,TSRE_FULL_b7c3a7c769a735,9,"[1151, 623, 1481, 803, 1018, 1524, 610, 1822, 164]","[1151, 623, 1481, 803, 1018, 1524, 610, 1822, 164]",3dbdc70b4abb8ec3cd457260cbabd8f607d01c078e0d2bbaf6c9809a19e4fedf,1,,0.6548796567733647,0.0700781422696793,0.7283135526077962,9,164,164,0.9323384368600692,9196,9196,0.9581174572642944,a9a04cc3f9861184a8fcd532b766b9f05e22b61c767b4e31e8ad34005fc7dc85,PROFILE_b7c3a7c769a735,PASS,0.7165348890508582,TSRE_FULL,1.4413948189467192,,
P22,RNA_CHROMATIN,PER_LANE_LABEL_ASSISTED_SCORE_FRONTIER,0.5923580168793382,0.7136967875729991,0.7132021232987852,C_CONSERVATIVE,TSRE_FULL_af4b62d4125986,61,"[1139, 625, 1482, 797, 1024, 1533, 612, 1818, 166]","[1139, 625, 1482, 797, 1024, 1533, 612, 1818, 166]",edde2e22bd84bd6511a0b33772c5b8582fd1736eb43ae9883d20bddc783e0321,1,,0.6527491440266315,0.0729126390759419,0.7255041048114907,9,166,166,0.9295357090125084,9196,9196,0.9559457698631836,6ad6b08b47d68ef67b16612ec0856689ce4f7a4ad37008941450dd5702d1a0d5,PROFILE_af4b62d4125986,PASS,0.7136967875729991,TSRE_FULL,1.3340931050479412,,
P22,RNA_CHROMATIN,PER_LANE_LABEL_ASSISTED_SCORE_FRONTIER,0.5865585207171192,0.706290944503868,0.7057837111462247,C_P22,TSRE_FULL_ef89b5815a0e25,112,"[1139, 625, 1478, 791, 1041, 1531, 618, 1805, 168]","[1139, 625, 1478, 791, 1041, 1531, 618, 1805, 168]",7eecc51ff4ddfde47aa0943ed286f4f2c0c6354260227877aa9cd25d1e31eb2f,1,,0.6477499881198975,0.073547525170071,0.7182585746501969,9,168,168,0.9289791562899332,9196,9196,0.9550460707970092,1f044d13051c0142a74377a5a666ea2ac55485eb46fa8298fdaf08d0d576beca,PROFILE_ef89b5815a0e25,PASS,0.706290944503868,TSRE_FULL,1.5398121643811464,,
P22,RNA_CHROMATIN,PER_LANE_LABEL_ASSISTED_SCORE_FRONTIER,0.5823315911334894,0.7027808155396689,0.702266974840452,C_GEO,TSRE_FULL_9c06b6282ccd0f,117,"[1093, 624, 1482, 797, 1030, 1578, 618, 1813, 161]","[1093, 624, 1482, 797, 1030, 1578, 618, 1813, 161]",452f4f63626c59444aa6a59abcdde34967177754d047b19a19294be24669e5fa,1,,0.6442080765591208,0.0760950122857435,0.71405138735046,9,161,161,0.9264826403458366,9196,9196,0.9537120342506128,99104cf535be9f5e99e452ddafb9fce73e1d8bd98ea9ab6e454447b6fd45021b,PROFILE_9c06b6282ccd0f,PASS,0.702780815539669,TSRE_FULL,1.2546062618494034,,
P22,RNA_CHROMATIN,PER_LANE_LABEL_ASSISTED_SCORE_FRONTIER,0.5768108778552499,0.6964767299878829,0.6959524628034981,C_P22,TSRE_FULL_74a5898799bc09,170,"[1101, 625, 1480, 789, 1040, 1566, 626, 1801, 168]","[1101, 625, 1480, 789, 1040, 1566, 626, 1801, 168]",9a38c65f56a8c3fd44afdc5560534739c18fb3c170f7ceb07736cfd126a82dfb,1,,0.6394256524365198,0.0764455638319145,0.7081632414175978,9,168,168,0.9259402467236408,9196,9196,0.9524090218099464,485e5ae77df90bf8765da40826cfb151b34feb7442e83d65b393e688a0e14d7c,PROFILE_74a5898799bc09,PASS,0.696476729987883,TSRE_FULL,1.5236696563661098,,
P22,RNA_CHROMATIN,PER_LANE_LABEL_ASSISTED_SCORE_FRONTIER,0.5852782121169603,0.7060481666761347,0.7055400694675261,C_GEO,TSRE_FULL_5e8165f7d0603f,103,"[1101, 624, 1483, 801, 1027, 1570, 617, 1811, 162]","[1101, 624, 1483, 801, 1027, 1570, 617, 1811, 162]",84d929ed5646d81690ae5a9164b9d679d46dc9d80c830c98ccb047ae02e6980d,1,,0.646715032894024,0.0753882936807876,0.7174865551511604,9,162,162,0.9270785473650454,9196,9196,0.953960227096454,9a6059aeb4de01c627859076eeba926f7197a337230f1e56a05823a76253e769,PROFILE_5e8165f7d0603f,PASS,0.7060481666761348,TSRE_FULL,1.376109255477786,,
P22,RNA_CHROMATIN,PER_LANE_LABEL_ASSISTED_SCORE_FRONTIER,0.585503925605988,0.7067584205134341,0.7062515688961948,C_GEO,TSRE_FULL_864fd94753d0a1,93,"[1104, 623, 1483, 799, 1025, 1567, 612, 1818, 165]","[1104, 623, 1483, 799, 1025, 1567, 612, 1818, 165]",64e28efe7fec5366cfd8367816af35daa467ca1e8d437e42d2ae0a74468c8744,1,,0.6469184650297904,0.0737367453932157,0.7181894215887595,9,165,165,0.9286470845901303,9196,9196,0.954580709211057,db0e6b77a2def889cf2e6a1b7e98d87c426dc28f2fc7e8317f9e4176c6d1ee8f,PROFILE_864fd94753d0a1,PASS,0.7067584205134341,TSRE_FULL,1.2969330120831728,,
P22,RNA_CHROMATIN,PER_LANE_LABEL_ASSISTED_SCORE_FRONTIER,0.5808962346496285,0.7003706439589165,0.6998528093344384,C_CONSERVATIVE,TSRE_FULL_afd733d6805925,128,"[1095, 624, 1483, 787, 1031, 1575, 618, 1816, 167]","[1095, 624, 1483, 787, 1031, 1575, 618, 1816, 167]",90971dbbe31c0656aba19dffbbfb8364c8f4d5185dc8cfc091c479d79b4b6498,1,,0.6429761304177355,0.0799936399587138,0.7117453371330343,9,167,167,0.9227599968233614,9196,9196,0.9520987807526448,bab7f461e043cfffbab6811ee1868e13e6bc2bc337eb7ecacc162cb27dd9038a,PROFILE_afd733d6805925,PASS,0.7003706439589165,TSRE_FULL,1.312349932268262,,
P22,RNA_CHROMATIN,PER_LANE_LABEL_ASSISTED_SCORE_FRONTIER,0.5910204496255677,0.7120963626783946,0.7115989275503909,C_CONSERVATIVE,TSRE_FULL_f2ad443cb4889d,45,"[1141, 623, 1484, 800, 1021, 1532, 609, 1819, 167]","[1141, 623, 1484, 800, 1021, 1532, 609, 1819, 167]",39eb3400a906075ccb439a84024f1638f499e3b1abad1cb2f050f186126ef714,1,,0.6516083030250529,0.0720296622371031,0.7238556836786634,9,167,167,0.9304169629963096,9196,9196,0.9565662519777868,066db26902c1c8414ac7bcc010b21c30c210a2ad0f0d340b9ab448d88f885ae9,PROFILE_f2ad443cb4889d,PASS,0.7120963626783946,TSRE_FULL,1.3829868361353874,,
P22,RNA_CHROMATIN,PER_LANE_LABEL_ASSISTED_SCORE_FRONTIER,0.5929198359412612,0.7143211437954248,0.7138276122789029,C_CONSERVATIVE,TSRE_FULL_2f301bb673967a,53,"[1138, 624, 1482, 803, 1019, 1534, 615, 1815, 166]","[1138, 624, 1482, 803, 1019, 1534, 615, 1815, 166]",dbb95218c852acc453d922bff028b7e06840b83bbc471ca6390781dfb5310cda,1,,0.653221361987072,0.0728303231333509,0.7262152508999193,9,166,166,0.929551471575258,9196,9196,0.956007818074644,9baf067585c73e132f1b423212e16c013911c04b4bdd6a8833c83248da3d1090,PROFILE_2f301bb673967a,PASS,0.7143211437954247,TSRE_FULL,1.386467084288597,,
P22,RNA_CHROMATIN,PER_LANE_LABEL_ASSISTED_SCORE_FRONTIER,0.5959576919633218,0.718005775236186,0.7175184665866664,C_CONSERVATIVE,TSRE_FULL_744f8b5b52b78a,0,"[1153, 624, 1481, 803, 1018, 1524, 610, 1820, 163]","[1153, 624, 1481, 803, 1018, 1524, 610, 1820, 163]",eb1a8526f026d204ab88d0ac407f9905121346b7f7a2b263a19bb0aa51d91d28,1,,0.6558322730162267,0.0699815499937774,0.7298003565931803,9,163,163,0.9324487284752886,9196,9196,0.9583966742158656,ce444fc82e04a3c0aa7c9b8b5a74a1e7f5ac0bd4a55d3a2d92bd39008b547e3d,PROFILE_744f8b5b52b78a,PASS,0.7180057752361859,TSRE_FULL,1.3476387243717909,,
P22,RNA_CHROMATIN,PER_LANE_LABEL_ASSISTED_SCORE_FRONTIER,0.594269494183796,0.7158414835700992,0.7153505807253954,C_P22,TSRE_FULL_358d5495f25472,33,"[1151, 624, 1480, 797, 1025, 1524, 613, 1816, 166]","[1151, 624, 1480, 797, 1025, 1524, 613, 1816, 166]",924d69e1d334ebf0a9653f81448241264acf34b4bce0b01b6a613ae5170a7484,1,,0.6543738345945453,0.0716064178925855,0.7277654981289405,9,166,166,0.9308608808520168,9196,9196,0.95721775819812,49fd2df18151bf507189c16df0fc38ac66fbc5209135dacf8a2252dbcf4c67fc,PROFILE_358d5495f25472,PASS,0.7158414835700991,TSRE_FULL,1.4983497876673937,,
P22,RNA_CHROMATIN,PER_LANE_LABEL_ASSISTED_SCORE_FRONTIER,0.5748010153838249,0.6958468023965958,0.69532111130016,C_GEO,TSRE_FULL_b56e12ce390a31,155,"[1085, 625, 1484, 792, 1048, 1585, 620, 1795, 162]","[1085, 625, 1484, 792, 1048, 1585, 620, 1795, 162]",326222b25bbbb10c43129f2164b12958941201ac4f4e1b1605c14b14f6dee045,1,,0.6377379864876269,0.076512795844223,0.7071713110919555,9,162,162,0.9261918611199166,9196,9196,0.952967455713089,dcfcdda54d5d58406e7f0a144d93960f12d6e6e35d62be1b9bac3c047485636c,PROFILE_b56e12ce390a31,PASS,0.6958468023965957,TSRE_FULL,1.4049254450947046,,
P22,RNA_CHROMATIN,PER_LANE_LABEL_ASSISTED_SCORE_FRONTIER,0.5710555416535421,0.6909552967561322,0.6904216965897851,C_GEO,TSRE_FULL_fe365f0ab04e81,190,"[1084, 624, 1484, 775, 1060, 1586, 620, 1786, 177]","[1084, 624, 1484, 775, 1060, 1586, 620, 1786, 177]",5263deaae60fad8d7a73e35224f5e73c4a7303f7bc974c8798e91cbde4bb6f33,1,,0.6344962151188736,0.0806481237268641,0.7026936547432262,9,177,177,0.9216901138608344,9196,9196,0.9510439611578196,3126d045ab79c07e05c8ef565338e20533ed8c6361bed830d691bcfbdefb1937,PROFILE_fe365f0ab04e81,PASS,0.6909552967561323,TSRE_FULL,1.448401952162385,,
P22,RNA_CHROMATIN,PER_LANE_LABEL_ASSISTED_SCORE_FRONTIER,0.5912293686212052,0.712066828931514,0.7115692963099778,C_GEO,TSRE_FULL_129cf4b48413b0,77,"[1126, 624, 1484, 796, 1030, 1542, 611, 1817, 166]","[1126, 624, 1484, 796, 1030, 1542, 611, 1817, 166]",698ac8c90378b3a035767a39f838ad3ec77addbd521880b2e53396872a0a0745,1,,0.6517924230072443,0.0725344961515517,0.723773643908603,9,166,166,0.9299054114847616,9196,9196,0.9556975770173424,1bcfab9d3af689fb19cc5678081bc947c05e88633d85e7631bed9d2f23d6b0d2,PROFILE_129cf4b48413b0,PASS,0.7120668289315141,TSRE_FULL,1.444673715159297,,
P22,RNA_CHROMATIN,PER_LANE_LABEL_ASSISTED_SCORE_FRONTIER,0.5905912261206212,0.7104321909901704,0.7099320044880523,C_P22,TSRE_FULL_b66c5743185a60,93,"[1152, 625, 1482, 793, 1033, 1519, 615, 1811, 166]","[1152, 625, 1482, 793, 1033, 1519, 615, 1811, 166]",2f9abb4a392129abac3a187a485bab2b34eec450c6c95fdfaaec12e07d164277,1,,0.6512126845450624,0.0736169121400202,0.7223521069461036,9,166,166,0.929137275726067,9196,9196,0.9555114323829615,13cd1797b51b09290d288cf8ccd7b46b8a6e82e652abcca32dc5e3f6a833d5fe,PROFILE_b66c5743185a60,PASS,0.7104321909901705,TSRE_FULL,1.433507377281785,,
P22,RNA_CHROMATIN,PER_LANE_LABEL_ASSISTED_SCORE_FRONTIER,0.5947916662409142,0.7164999514110314,0.7160101309107523,C_CONSERVATIVE,TSRE_FULL_f84a8228d314d3,43,"[1150, 625, 1483, 797, 1024, 1522, 609, 1820, 166]","[1150, 625, 1483, 797, 1024, 1522, 609, 1820, 166]",1410d4ee72df95dadf7eea93fa4519a8177d87c91a4f200f9367a19837fd24a4,1,,0.654830562276039,0.0722163700103498,0.7283556833785647,9,166,166,0.930250784402721,9196,9196,0.9567213725064376,2457ee51a97201b8efbd9680ba1e6a2916b6f1b71b15839b7ab047367fbc2d1a,PROFILE_f84a8228d314d3,PASS,0.7164999514110313,TSRE_FULL,1.3552605099976065,,
P22,RNA_CHROMATIN,PER_LANE_LABEL_ASSISTED_SCORE_FRONTIER,0.5919518097550289,0.7123029912892387,0.7118059591604348,C_P22,TSRE_FULL_ca6596a8427217,78,"[1145, 625, 1486, 792, 1031, 1524, 613, 1814, 166]","[1145, 625, 1486, 792, 1031, 1524, 613, 1814, 166]",d7032ec947714abdc3202b71049aebc8b9e91674732cac7a373ee062abca8cc2,1,,0.6523920699735049,0.0731077469491558,0.7241450105158362,9,166,166,0.9295763513312002,9196,9196,0.9557596252288028,c4174283263d1d8ca8d6b13b35c2269ee4060ad16eb9810ad3fe3d2db1480d50,PROFILE_ca6596a8427217,PASS,0.7123029912892387,TSRE_FULL,1.4302799589931965,,
P22,RNA_CHROMATIN,PER_LANE_LABEL_ASSISTED_SCORE_FRONTIER,0.5917848547841478,0.7133373660266965,0.7128420462296139,C_CONSERVATIVE,TSRE_FULL_c23b5bade66abc,31,"[1140, 624, 1482, 803, 1017, 1537, 606, 1820, 167]","[1140, 624, 1482, 803, 1017, 1537, 606, 1820, 167]",81cc1ed1f448a051a41017694c08589e4b8207ba892bef208067f7cf7508c25c,1,,0.6522680561276052,0.071749983587697,0.7250763399843211,9,167,167,0.9307012211442076,9196,9196,0.9568764930350884,14d0c39b513361d7b6431f09b154139239639ee1d34f0db536e8b543580864b0,PROFILE_c23b5bade66abc,PASS,0.7133373660266965,TSRE_FULL,1.3192937672138214,,
P22,RNA_CHROMATIN,PER_LANE_LABEL_ASSISTED_SCORE_FRONTIER,0.5750192609443368,0.6945534584674776,0.6940260443597243,C_P22,TSRE_FULL_ead2e9b1fd1e1f,179,"[1085, 624, 1487, 779, 1049, 1579, 626, 1792, 175]","[1085, 624, 1487, 779, 1049, 1579, 626, 1792, 175]",2a5fe9aa6163f680bd5e06a9a64253cbebcf7218f91faec5d284e8c0bc6d5bc4,1,,0.6378900742942409,0.0819430485867251,0.7063418369262157,9,175,175,0.9205895533310954,9196,9196,0.9506406477833276,097f3ca08cef84d6cbffb0c19a3d35bedbed20be0550d5d742bef82834c520b8,PROFILE_ead2e9b1fd1e1f,PASS,0.6945534584674777,TSRE_FULL,1.2978799752891064,,
P22,RNA_CHROMATIN,PER_LANE_LABEL_ASSISTED_SCORE_FRONTIER,0.5912851236172141,0.7119990664736109,0.7115012504160111,C_GEO,TSRE_FULL_aa832abad7b6ae,68,"[1130, 625, 1481, 798, 1026, 1541, 613, 1821, 161]","[1130, 625, 1481, 798, 1026, 1541, 613, 1821, 161]",b339cf565d4153e580e1be1dfdad4da140a6e43c0ffef950ac4b5e5735e05d8e,1,,0.6518495180581971,0.0728935891966726,0.7235439590731539,9,161,161,0.9297499493835611,9196,9196,0.9561319144975646,c51fd8ef00e07d636fbd35b275b924f33508b50417cb7ac79098f8112dd8d697,PROFILE_aa832abad7b6ae,PASS,0.7119990664736109,TSRE_FULL,1.3522087708115578,,
P22,RNA_CHROMATIN,PER_LANE_LABEL_ASSISTED_SCORE_FRONTIER,0.5926405533512026,0.7138639373969635,0.7133695282148764,C_GEO,TSRE_FULL_ba4e7260d58d23,59,"[1132, 624, 1481, 802, 1022, 1540, 613, 1817, 165]","[1132, 624, 1481, 802, 1022, 1540, 613, 1817, 165]",fcb2b2739872b75fe5d2504587ef9bd965efbac586bcaa5c425f1045040ea7ae,1,,0.6529937325960896,0.0717203006280877,0.7256401843772399,9,165,165,0.930888289333584,9196,9196,0.9565352278720566,0e12a58e3a45548ff715af8caf64ae3f09265425095735780e6f645beb63bd1d,PROFILE_ba4e7260d58d23,PASS,0.7138639373969636,TSRE_FULL,1.3098798338323832,,
P22,RNA_CHROMATIN,PER_LANE_LABEL_ASSISTED_SCORE_FRONTIER,0.5933589041805698,0.7146819591439512,0.714189000906701,C_P22,TSRE_FULL_0580e400c9dcda,15,"[1146, 624, 1481, 804, 1017, 1531, 615, 1814, 164]","[1146, 624, 1481, 804, 1017, 1531, 615, 1814, 164]",149a479bbf02169fadce0f4d423ada7a5bcbb38c550ae3dc15e952dd5a6103a5,1,,0.6535965928734886,0.0711056967989151,0.7265404145757657,9,164,164,0.931332613974286,9196,9196,0.9573418546210406,96f6cf8df803d05976554da4a4996b3ddcab78aae53221999f264f5fec4cbe6e,PROFILE_0580e400c9dcda,PASS,0.7146819591439512,TSRE_FULL,1.308447016403079,,
P22,RNA_CHROMATIN,PER_LANE_LABEL_ASSISTED_SCORE_FRONTIER,0.583368161595496,0.7036236932925747,0.7031113367181213,C_GEO,TSRE_FULL_2cd55b3d6c1317,119,"[1098, 624, 1484, 799, 1029, 1571, 617, 1813, 161]","[1098, 624, 1484, 799, 1029, 1571, 617, 1813, 161]",986f5fb63c1c518cfed1fe01f3a60794de7288fd2da94c60e40de4f9d685337c,1,,0.6450889190332818,0.0757573112899838,0.7149447726681704,9,161,161,0.9269214669628604,9196,9196,0.9537740824620732,6e0c17c99cb8454930bdad82ebe957bdfb0fcb1c00cdb259bab4ee7b172b8278,PROFILE_2cd55b3d6c1317,PASS,0.7036236932925746,TSRE_FULL,1.3679370526224377,,
P22,RNA_CHROMATIN,PER_LANE_LABEL_ASSISTED_SCORE_FRONTIER,0.5827731969521345,0.7033261840496982,0.7028135223451847,C_GEO,TSRE_FULL_72bbfe200b2743,123,"[1102, 624, 1478, 798, 1033, 1570, 617, 1809, 165]","[1102, 624, 1478, 798, 1033, 1570, 617, 1809, 165]",40135b860b3c116d8ac571c9138afb6129ca721efc72282ea72c1dbebea06c1e,1,,0.6445579379968406,0.0750584202058043,0.7148666396751704,9,165,165,0.9273318834406026,9196,9196,0.9533087208761208,f932f296b28f4edbc02ece7eb15474b2ef7b0bc2c259d0047daf7e4ed92fbff5,PROFILE_72bbfe200b2743,PASS,0.703326184049698,TSRE_FULL,1.3767299689352512,,
P22,RNA_CHROMATIN,PER_LANE_LABEL_ASSISTED_SCORE_FRONTIER,0.5770699829385362,0.6980024549058861,0.6974806065825705,C_GEO,TSRE_FULL_1095d8546872a2,138,"[1093, 624, 1484, 798, 1040, 1580, 619, 1794, 164]","[1093, 624, 1484, 798, 1040, 1580, 619, 1794, 164]",7757ba07fc764ab0bd4d603638d05765010b74c868bb32c6fa76636fb9897ac5,1,,0.6396667784682396,0.0778707289554478,0.7094873653581599,9,164,164,0.9247194808210798,9196,9196,0.9525331182328668,f08aec84941a28913330fcc9dbd658bd3ce9c05841d90b0b158ee49f05a64746,PROFILE_1095d8546872a2,PASS,0.6980024549058861,TSRE_FULL,1.2066702619194984,,
P22,RNA_CHROMATIN,PER_LANE_LABEL_ASSISTED_SCORE_FRONTIER,0.5921231967026502,0.7127541629704347,0.7122577865610528,C_CONSERVATIVE,TSRE_FULL_bc0355100f5c9a,60,"[1138, 624, 1482, 801, 1021, 1533, 618, 1817, 162]","[1138, 624, 1482, 801, 1021, 1533, 618, 1817, 162]",ec7374292faec24d135dcd9fe129b9f650710bebb88e3ac83a968e177e080bc6,1,,0.6525472352228221,0.073345084093652,0.7244858659065885,9,162,162,0.9292137773473008,9196,9196,0.9557596252288028,bb1dabe76281846977fde98467f9f8c7d7eafa28031375ce2c2b3b1ebe25c181,PROFILE_bc0355100f5c9a,PASS,0.7127541629704348,TSRE_FULL,1.3273587580770254,,
P22,RNA_CHROMATIN,PER_LANE_LABEL_ASSISTED_SCORE_FRONTIER,0.5791215713230388,0.6996464586131053,0.6991275414698775,C_P22,TSRE_FULL_18ff03cdd202b9,155,"[1098, 625, 1482, 790, 1043, 1569, 622, 1801, 166]","[1098, 625, 1482, 790, 1043, 1569, 622, 1801, 166]",ec3775fca5e816709ba3f3da2124a41fa9971ee2785c30b32fd8570e2e275430,1,,0.6414167510370051,0.0767679029487038,0.7112490427904852,9,166,166,0.9258000473128956,9196,9196,0.9526261905500574,4b7ed5913ae2588cfb3ad813b659488b3093d238d2d434651d0c6f4cfc2ad5e2,PROFILE_18ff03cdd202b9,PASS,0.6996464586131051,TSRE_FULL,1.4048068393021822,,
P22,RNA_CHROMATIN,PER_LANE_LABEL_ASSISTED_SCORE_FRONTIER,0.5895973778512633,0.7095964289775458,0.7090947961694223,C_P22,TSRE_FULL_7ee9682e6d2e25,99,"[1131, 625, 1483, 793, 1033, 1535, 621, 1809, 166]","[1131, 625, 1483, 793, 1033, 1535, 621, 1809, 166]",6fc2a9cd35f966cde69964dc2cfe022be207e28afbcd8e9318a3b0323ad352a0,1,,0.6503660190894492,0.0747540818587307,0.7214962708168489,9,166,166,0.9277410629827608,9196,9196,0.9544566127881364,647f70439158e5e977cec3e97d88dbd6691d3962cb7c747ab99c66766821aa5c,PROFILE_7ee9682e6d2e25,PASS,0.7095964289775458,TSRE_FULL,1.3601476158946753,,
P22,RNA_CHROMATIN,PER_LANE_LABEL_ASSISTED_SCORE_FRONTIER,0.5899717768889868,0.710414568160464,0.7099140385869342,C_CONSERVATIVE,TSRE_FULL_c036da2612360b,38,"[1134, 624, 1482, 803, 1020, 1542, 613, 1817, 161]","[1134, 624, 1482, 803, 1020, 1542, 613, 1817, 161]",e554f32e725a181cf0e50aa0a08bad05149ee5c8b8d4c382d08c58c1349fb187,1,,0.6507199530410408,0.0729486385837942,0.7219695294689682,9,161,161,0.9295844071301932,9196,9196,0.9563490832376756,8299e41588ed00c840a27f7760d6ec82fe4180c573f6f4c74a24a7963864ded0,PROFILE_c036da2612360b,PASS,0.7104145681604639,TSRE_FULL,1.5051584411412475,,
P22,RNA_CHROMATIN,PER_LANE_LABEL_ASSISTED_SCORE_FRONTIER,0.5917290813744064,0.7118161577171032,0.7113182145751556,C_CONSERVATIVE,TSRE_FULL_0bd84b9f64020c,27,"[1142, 623, 1481, 801, 1019, 1535, 616, 1815, 164]","[1142, 623, 1481, 801, 1019, 1535, 616, 1815, 164]",e997dfde6d6a2469b7b1a2d2502f990c9629db451f02909a7e2d1777f8e5a70e,1,,0.6522075942079267,0.0736942003929084,0.7235796106733721,9,164,164,0.9288095112565746,9196,9196,0.9564731796605964,ec48a49294e6340926642b9c43b036cd57757e6a6995284e981142ab7cd46344,PROFILE_0bd84b9f64020c,PASS,0.711816157717103,TSRE_FULL,1.4184327442198992,,
P22,RNA_CHROMATIN,PER_LANE_LABEL_ASSISTED_SCORE_FRONTIER,0.5953032297788989,0.7170902092446523,0.7166013596863442,C_CONSERVATIVE,TSRE_FULL_cb9876ef4ff534,22,"[1150, 623, 1484, 803, 1018, 1522, 609, 1822, 165]","[1150, 623, 1484, 803, 1018, 1522, 609, 1822, 165]",1b9fe74db711698e37b2d8e37584e0971517c7c3cafe7c529af7f78f3cd6887f,1,,0.655273447156848,0.0704015644275664,0.7288996659891255,9,165,165,0.9320584178009302,9196,9196,0.9577451679955326,f88ecf14322a9b1b322c4eda14914a6dd15cf9600c28b0cd3a8c7efc30367023,PROFILE_cb9876ef4ff534,PASS,0.7170902092446523,TSRE_FULL,1.3622614722698927,,
P22,RNA_CHROMATIN,PER_LANE_LABEL_ASSISTED_SCORE_FRONTIER,0.5961810503110561,0.7180634697788532,0.7175763037850492,C_GEO,TSRE_FULL_ebe6b5fac22d7e,31,"[1149, 623, 1484, 804, 1017, 1524, 609, 1821, 165]","[1149, 623, 1484, 804, 1017, 1524, 609, 1821, 165]",00a11ec1a144b7c8885aeaf48ee73df03406b90958cc31105049a0bb35925155,1,,0.6560246012818878,0.0706181479024505,0.7298915685381901,9,165,165,0.9319133036307976,9196,9196,0.9575279992554214,9e89d2462281b39c5ec9f94dd0d930734dff97e2b34a6737978c52af29670744,PROFILE_ebe6b5fac22d7e,PASS,0.7180634697788532,TSRE_FULL,1.2527654357254503,,
P22,RNA_CHROMATIN,PER_LANE_LABEL_ASSISTED_SCORE_FRONTIER,0.5776569159302567,0.6982017466859765,0.6976802234010648,C_P22,TSRE_FULL_3fc791ed1316e9,158,"[1090, 625, 1484, 792, 1042, 1577, 625, 1798, 163]","[1090, 625, 1484, 792, 1042, 1577, 625, 1798, 163]",6768f953b625f9a035781b2c6ab5318df2e054a3408cd9b5078693ba3e27bc4c,1,,0.6401708298327924,0.0767885278876091,0.7096774283791067,9,163,163,0.9258527568633134,9196,9196,0.9529984798188192,b1a139d97522b4a95a059e7b7171527837e697397ff71f5479d51baa108774b2,PROFILE_3fc791ed1316e9,PASS,0.6982017466859765,TSRE_FULL,1.326587164774537,,
P22,RNA_CHROMATIN,PER_LANE_LABEL_ASSISTED_SCORE_FRONTIER,0.5886048068804934,0.7084498740194192,0.7079459325986923,C_CONSERVATIVE,TSRE_FULL_2fb8f7dfa6c2e1,86,"[1129, 624, 1482, 795, 1030, 1541, 618, 1817, 160]","[1129, 624, 1482, 795, 1030, 1541, 618, 1817, 160]",8927ed056688431dcf6f5afa74a742eb94134e6dd98dd6482b13e43c789ac945,1,,0.649548959082072,0.0753727038528232,0.719965274109813,9,160,160,0.9273283101121436,9196,9196,0.9546737815282474,951e90a9f96c0c816cb3ed341e4f41ffcf8e2c0a776a50d224a18ed3e93097da,PROFILE_2fb8f7dfa6c2e1,PASS,0.7084498740194191,TSRE_FULL,1.4776877406984568,,
P22,RNA_CHROMATIN,PER_LANE_LABEL_ASSISTED_SCORE_FRONTIER,0.5953784358126083,0.716962048026473,0.7164729949993556,C_GEO,TSRE_FULL_1df462cd0829ad,31,"[1149, 623, 1484, 802, 1020, 1524, 610, 1819, 165]","[1149, 623, 1484, 802, 1020, 1524, 610, 1819, 165]",b2b47b2d10924889cd8506bfc02d4ec57ab08bef79ef82a21b34957e0d9e4606,1,,0.6553342575423997,0.0705078488177513,0.7287953992310298,9,165,165,0.9320119255638688,9196,9196,0.9575900474668818,81acf8d9369621e1eaa5b859cedb64080a21cb47e6e994111d281383ed33778e,PROFILE_1df462cd0829ad,PASS,0.7169620480264728,TSRE_FULL,1.2986579164862633,,
P22,RNA_CHROMATIN,PER_LANE_LABEL_ASSISTED_SCORE_FRONTIER,0.5937063491126635,0.714655553414799,0.7141625975798416,C_GEO,TSRE_FULL_b316caf4220d64,65,"[1135, 623, 1482, 800, 1026, 1533, 613, 1817, 167]","[1135, 623, 1482, 800, 1026, 1533, 613, 1817, 167]",1d293dda43f2da2fda2b66c6faeadbe15199ee8f60368e4495dcdd73957d93af,1,,0.6538983848868579,0.0716329754103547,0.7265385685628934,9,167,167,0.9308698804590132,9196,9196,0.9563490832376756,58d80a2e01d7641a525e902dcc20ecdd3679a001bd52497cef0dc5ff738a04f4,PROFILE_b316caf4220d64,PASS,0.7146555534147991,TSRE_FULL,1.3702322747558355,,
P22,RNA_CHROMATIN,PER_LANE_LABEL_ASSISTED_SCORE_FRONTIER,0.5918293816623554,0.7131903063698863,0.7126947579688364,C_CONSERVATIVE,TSRE_FULL_9d75d3f311885d,29,"[1138, 624, 1482, 803, 1018, 1537, 608, 1819, 167]","[1138, 624, 1482, 803, 1018, 1537, 608, 1819, 167]",baafb4c92dacddab86bbeedbe56899028c15123fc18b7de3606acf25aec3a024,1,,0.6523021582298574,0.0715275609100413,0.7249625736025502,9,167,167,0.9308829708690756,9196,9196,0.957031613563739,ce12c02a142099470ae40703dd2b1e2064324b69b949c1451d745067d7b970ff,PROFILE_9d75d3f311885d,PASS,0.7131903063698863,TSRE_FULL,1.3100821264088154,,
P22,RNA_CHROMATIN,PER_LANE_LABEL_ASSISTED_SCORE_FRONTIER,0.5942253066465656,0.7157130558902959,0.715221803162201,C_CONSERVATIVE,TSRE_FULL_c5abfdd808a635,29,"[1150, 623, 1484, 796, 1025, 1522, 609, 1822, 165]","[1150, 623, 1484, 796, 1025, 1522, 609, 1822, 165]",3193ee10485a8beb69f218f33fc837bf8d7f448fe18993dce57f414a9e81fc5a,1,,0.6543539790209736,0.0709125097611024,0.7274664216376259,9,165,165,0.9315867156652372,9196,9196,0.9573418546210406,e5fdeefb4d30aec819b02f8de0021eb67f095142387995fd0c5d4cc9900ffa6d,PROFILE_c5abfdd808a635,PASS,0.7157130558902958,TSRE_FULL,1.4075509794056416,,
P22,RNA_CHROMATIN,PER_LANE_LABEL_ASSISTED_SCORE_FRONTIER,0.5796487202607534,0.7002609964623876,0.6997432261424644,C_P22,TSRE_FULL_96be6fd35722fa,147,"[1101, 625, 1482, 791, 1041, 1566, 621, 1801, 168]","[1101, 625, 1482, 791, 1041, 1566, 621, 1801, 168]",1ddefc23ba643a4f57849f22eeb61be99aa5c69b3e23fb5e4ef4f54b367eadcd,1,,0.6418610413319424,0.0757052501379254,0.7119592496692821,9,168,168,0.9267721357510492,9196,9196,0.9530295039245492,13d5eee28dea371e894e59a3ab806edd9cfac35506fdc5491f11e1defa2ce156,PROFILE_96be6fd35722fa,PASS,0.7002609964623875,TSRE_FULL,1.5474577452987432,,
P22,RNA_CHROMATIN,PER_LANE_LABEL_ASSISTED_SCORE_FRONTIER,0.5730983962426707,0.6927834409351804,0.6922529885239036,C_P22,TSRE_FULL_484a716052b1ab,190,"[1094, 625, 1484, 781, 1056, 1572, 624, 1787, 173]","[1094, 625, 1484, 781, 1056, 1572, 624, 1787, 173]",a61d94da63212fbd78be5002559f06ec64d79b4f2988c7a48103a0b1d9e84234,1,,0.6362293286998042,0.0817280943779734,0.7045923004653364,9,173,173,0.9209469289805416,9196,9196,0.9506406477833276,b89cdc0dc15b5254c717d6c79710a29d45d6842b0647a27392b4e6d59e88d09a,PROFILE_484a716052b1ab,PASS,0.6927834409351803,TSRE_FULL,1.2736807707697153,,
P22,RNA_CHROMATIN,PER_LANE_LABEL_ASSISTED_SCORE_FRONTIER,0.5900453588451453,0.7098734410520744,0.7093719179086836,C_GEO,TSRE_FULL_6b32d4ac6e9034,85,"[1125, 624, 1485, 802, 1026, 1542, 616, 1817, 159]","[1125, 624, 1485, 802, 1026, 1542, 616, 1817, 159]",11fe0d89d38b0dc8be6c8c2dd48f7560fbe8098c972595029e5dff8767dde06b,1,,0.6507854472746334,0.0747072952480828,0.7213684419633976,9,159,159,0.927863872186768,9196,9196,0.9550460707970092,8c14cdb4eb5c60ca4d57d319de35017475fb9517a63ea627654add17de484b32,PROFILE_6b32d4ac6e9034,PASS,0.7098734410520744,TSRE_FULL,1.4003270082175732,,
P22,RNA_CHROMATIN,PER_LANE_LABEL_ASSISTED_SCORE_FRONTIER,0.590509875837286,0.710263780664312,0.7097633155485171,C_P22,TSRE_FULL_a37785cf84782b,94,"[1152, 625, 1481, 793, 1033, 1519, 616, 1811, 166]","[1152, 625, 1481, 793, 1033, 1519, 616, 1811, 166]",5b19f0f26b623d7a75c16a8cf7e79e54ac2950b814782a1c8e3c96dadd6bcde9,1,,0.651141204869377,0.0736682653989309,0.7221978500672676,9,166,166,0.9290847496566036,9196,9196,0.9554804082772316,b2e6c622e8561d626d4ca1dac2fc314548f8fbe83084b88f9166d816bf67ab20,PROFILE_a37785cf84782b,PASS,0.710263780664312,TSRE_FULL,1.4044886082410812,,
P22,RNA_CHROMATIN,PER_LANE_LABEL_ASSISTED_SCORE_FRONTIER,0.5905081362703976,0.7114155574078245,0.7109170997330099,C_P22,TSRE_FULL_a5b18acb72d96f,82,"[1129, 624, 1481, 800, 1024, 1541, 621, 1809, 167]","[1129, 624, 1481, 800, 1024, 1541, 621, 1809, 167]",745ee807009f826599f2e18ec27778684a2419ab6b08ef69f2fe80190230e56d,1,,0.651145541777881,0.0743210005812223,0.7233771917509939,9,167,167,0.928200832197295,9196,9196,0.9546737815282474,0277c224f07ff507e95b6bab833613080d2fa67610d78706a8d1e1c52883b859,PROFILE_a5b18acb72d96f,PASS,0.7114155574078244,TSRE_FULL,1.2870310638099909,,
P22,RNA_CHROMATIN,PER_LANE_LABEL_ASSISTED_SCORE_FRONTIER,0.5569824293016427,0.6677348995755599,0.6671623314225051,C_P22,TSRE_FULL_68038c7fda1e07,416,"[1134, 716, 1433, 784, 1071, 1488, 631, 1776, 163]","[1134, 716, 1433, 784, 1071, 1488, 631, 1776, 163]",51a32d92db1cb72d6f0bb9df1251e4e86340872d05da4cc0c2ddea245b63ce8a,1,,0.62219073030704,0.091008759187903,0.6805465053270497,9,163,163,0.911491483575084,9196,9196,0.9406198616324885,12ad9aff122294d80046be19fcf28be5e6076f0456f0e640a0b5a98a79e6cdb4,PROFILE_68038c7fda1e07,PASS,0.6677348995755599,TSRE_FULL,1.352387499064207,,
P22,RNA_CHROMATIN,PER_LANE_LABEL_ASSISTED_SCORE_FRONTIER,0.5918289999353169,0.7130489078608098,0.712553145891199,C_P22,TSRE_FULL_8307fd26d39e7a,31,"[1141, 623, 1484, 803, 1018, 1533, 610, 1817, 167]","[1141, 623, 1484, 803, 1018, 1533, 610, 1817, 167]",b00ca6eb9feee0d4853ab387b2eb04500c5a515ecfcd31a3c5b81889601c1c53,1,,0.6522958469730931,0.0712701702332492,0.7248624881280668,9,167,167,0.9311399271929154,9196,9196,0.9571557099866596,9615ee26e46bd38de16e548966c4176f14038f7a2d5eae0d84f6221cb87a2c07,PROFILE_8307fd26d39e7a,PASS,0.7130489078608099,TSRE_FULL,1.343836346641183,,
P22,RNA_CHROMATIN,PER_LANE_LABEL_ASSISTED_SCORE_FRONTIER,0.5955863436373132,0.7176401991808253,0.7171522742788891,C_GEO,TSRE_FULL_6775ee4b72532e,8,"[1150, 624, 1480, 802, 1018, 1526, 610, 1822, 164]","[1150, 624, 1480, 802, 1018, 1526, 610, 1822, 164]",66fa7a0ff485197497cf649a2b6b148e0e45c82d16fd941fbb2c22efdef1729a,1,,0.6555167020956775,0.069870162645416,0.7294358793418008,9,164,164,0.932572196576846,9196,9196,0.9583036018986753,6b81968a380f1460ac751aa0501ca146c6060e08d7ab84e8755e483c735d766b,PROFILE_6775ee4b72532e,PASS,0.7176401991808256,TSRE_FULL,1.2784701101481917,,
P22,RNA_CHROMATIN,PER_LANE_LABEL_ASSISTED_SCORE_FRONTIER,0.5815536655995726,0.7008011029874716,0.7002842170459671,C_GEO,TSRE_FULL_6c34d10e09aa57,137,"[1093, 625, 1484, 788, 1029, 1575, 617, 1813, 172]","[1093, 625, 1484, 788, 1029, 1575, 617, 1813, 172]",de8e829990e6c39ba668c107627be94441d03fa7987198bc0fb68b729c81d80e,1,,0.6435231617002484,0.0791711630329864,0.7123875149953883,9,172,172,0.92349884588617,9196,9196,0.9523779977042162,2072407e0830bade5332e43687736191f9c6584a337bf1dddad1197cfa02d3e2,PROFILE_6c34d10e09aa57,PASS,0.7008011029874714,TSRE_FULL,1.44639640301466,,
P22,RNA_CHROMATIN,PER_LANE_LABEL_ASSISTED_SCORE_FRONTIER,0.5957747754152869,0.7178125051538378,0.7173248476703712,C_GEO,TSRE_FULL_8b9b3cafcfe0e0,1,"[1153, 624, 1481, 803, 1018, 1524, 609, 1821, 163]","[1153, 624, 1481, 803, 1018, 1524, 609, 1821, 163]",2286d7e1a877ff90aef72ec25b84ffe0d786b5c6d1ddea4e60556333026406e9,1,,0.6556781968300348,0.0700396506070705,0.7295825353402986,9,163,163,0.9323916118751784,9196,9196,0.9583656501101356,bb380e1a2c332c67247d4d048b23081d6c997dfa4746a39c20e76f4e808fb2d2,PROFILE_8b9b3cafcfe0e0,PASS,0.7178125051538377,TSRE_FULL,1.352143531665206,,
MISAR_E15_5_S1,RNA_CHROMATIN,PER_LANE_LABEL_ASSISTED_SCORE_FRONTIER,0.5416365903694235,0.6669488935833198,0.6651935851132982,NONE,INPUT_STRONG_START,0,"[295, 437, 178, 267, 355, 292, 125]","[295, 437, 178, 267, 355, 292, 125]",74234e98afe7498fb5daf1f36ac2d78acc339464f950703b8c019892f982b90b,1,,0.6332069965196186,0.0797725769119333,0.70517948377323,7,125,125,0.9221019057409858,1949,1949,0.936631055173423,1e7f48d5c56302ba7e728af2f70df32fe0f52f3dc49d1118ad2509ce58675829,INPUT_STRONG_START,PASS,0.6669488935833197,INPUT_STRONG_START,0.000162785872817,,
MISAR_E15_5_S1,RNA_CHROMATIN,PER_LANE_LABEL_ASSISTED_SCORE_FRONTIER,0.5281801264153241,0.650984587454967,0.6491469782137073,C_P22,NIGHT15F_DIRECT_a0183cdc467db7,41,"[294, 451, 181, 268, 351, 268, 136]","[294, 451, 181, 268, 351, 268, 136]",35a990babd6d3ff6290bcd12794ca29d3ee23104ba7e7598f8cc1cf8b8100ba3,1,,0.6220956485442445,0.0812890367393625,0.6887248796179949,7,136,136,0.920373733735355,1949,1949,0.9360456607639396,2e75666a7253ef67c970e5fa78c28f7fcd834943cedaa71337050071c43718eb,PROFILE_a0183cdc467db7,PASS,0.6509845874549669,NIGHT15F_DIRECT,0.2820839192718267,,
MISAR_E15_5_S1,RNA_CHROMATIN,PER_LANE_LABEL_ASSISTED_SCORE_FRONTIER,0.5281801264153241,0.650984587454967,0.6491469782137073,C_P22,TSRE_SUPPORT_ONLY_ec3c0cd2390f7d,41,"[294, 451, 181, 268, 351, 268, 136]","[294, 451, 181, 268, 351, 268, 136]",dee5de7b6a7f28d51153d352c48fe071933a26c4f5a331a6f89bfc70ff383d5b,1,,0.6220956485442445,0.0812890367393625,0.6887248796179949,7,136,136,0.920373733735355,1949,1949,0.9360456607639396,2e75666a7253ef67c970e5fa78c28f7fcd834943cedaa71337050071c43718eb,PROFILE_ec3c0cd2390f7d,PASS,0.6509845874549669,TSRE_SUPPORT_ONLY,0.5027398355305195,,
MISAR_E15_5_S1,RNA_CHROMATIN,PER_LANE_LABEL_ASSISTED_SCORE_FRONTIER,0.535094293653128,0.6570770500760059,0.6552717709667063,C_P22,TSRE_SUPPORT_ONLY_9e0dc0eb2114bf,38,"[290, 444, 180, 271, 357, 272, 135]","[290, 444, 180, 271, 357, 272, 135]",3c883fa5753725762b04fded95d8a20d06d6837c270057bbbe0c63ebcccce8a9,1,,0.627800848536862,0.0840277118846444,0.6952841512920768,7,135,135,0.9179731271205064,1949,1949,0.9332650373188937,0124a9d287e87dad0f2638aae806f3267b0cf423935f5899b855121261cd5e35,PROFILE_9e0dc0eb2114bf,PASS,0.6570770500760059,TSRE_SUPPORT_ONLY,0.6036126911640167,,
MISAR_E15_5_S1,RNA_CHROMATIN,PER_LANE_LABEL_ASSISTED_SCORE_FRONTIER,0.5234889983106701,0.648223287241102,0.6463756365916965,C_P22,TSRE_SUPPORT_ONLY_2d96e44c473287,63,"[290, 447, 182, 270, 347, 261, 152]","[290, 447, 182, 270, 347, 261, 152]",09dbdcebd1e5dbc1399077e84d3fd7ba8291daeb3e232476c464f2e5ba38d5aa,1,,0.618186655682573,0.1044590822741954,0.6871524066122839,7,152,152,0.8970517906587937,1949,1949,0.9187765256841796,4284e11b59287f885fc82f426bade3b53feefd663c215a09522638b325c30d41,PROFILE_2d96e44c473287,PASS,0.6482232872411021,TSRE_SUPPORT_ONLY,0.4985417407006025,,
MISAR_E15_5_S1,RNA_CHROMATIN,PER_LANE_LABEL_ASSISTED_SCORE_FRONTIER,0.5285763570367796,0.6546745240652053,0.6528607174695046,C_P22,TSRE_FULL_8b4c8a8a4c6e70,52,"[290, 444, 180, 271, 350, 262, 152]","[290, 444, 180, 271, 350, 262, 152]",794325faac6774c56a3feb067bc62e21264f6f0da6626a9996a74a9637a85b8d,1,,0.6223959943429418,0.0921584933483462,0.6939877877112711,7,152,152,0.9088880305528448,1949,1949,0.928142836235914,b1f9dbc10bb24b268519301396a949a4f3e290bb877c5e9373e4b17b1b0383cf,PROFILE_8b4c8a8a4c6e70,PASS,0.6546745240652053,TSRE_FULL,0.4654831495136022,,
MISAR_E15_5_S1,RNA_CHROMATIN,PER_LANE_LABEL_ASSISTED_SCORE_FRONTIER,0.528001984388079,0.6544475187659341,0.6526328732678801,C_P22,TSRE_FULL_6289be70c5f55e,54,"[290, 444, 180, 271, 350, 260, 154]","[290, 444, 180, 271, 350, 260, 154]",3d3a04859fcaae20d6a602356c51d7ee1b69e7cf5a9418ac48e015a63beffe75,1,,0.6219194613192006,0.0934279763130278,0.6938533293824498,7,154,154,0.9075979577782464,1949,1949,0.9272647446216888,b89e7d57cb26616af2bb5a5036057949c13000abe25d56fc7203b0d1084cf4da,PROFILE_6289be70c5f55e,PASS,0.6544475187659342,TSRE_FULL,0.4343793392181396,,
MISAR_E15_5_S1,RNA_CHROMATIN,PER_LANE_LABEL_ASSISTED_SCORE_FRONTIER,0.5302063135764964,0.6591115941637115,0.6573221662436531,C_P22,TSRE_FULL_a0f49b6caa6282,45,"[294, 441, 181, 265, 351, 261, 156]","[294, 441, 181, 265, 351, 261, 156]",c14304ffcab059e961f27cfaf9e8c655a9d03b103808faaf8a1edc1e575ca45f,1,,0.6237417802344271,0.0917408475189944,0.6990396658720666,7,156,156,0.9091835990732444,1949,1949,0.9287282306453972,c24a49eb6323246002bf5f2c59130d32282b6ccfe36b094ad1e27324ff76eb51,PROFILE_a0f49b6caa6282,PASS,0.6591115941637116,TSRE_FULL,0.5057142861187458,,
MISAR_E15_5_S1,RNA_CHROMATIN,PER_LANE_LABEL_ASSISTED_SCORE_FRONTIER,0.5353060549066526,0.658264645807069,0.6564633311016784,C_GEO,NIGHT15F_DIRECT_e76a5df3d9457d,18,"[293, 446, 182, 267, 351, 285, 125]","[293, 446, 182, 267, 351, 285, 125]",1348224682e31d90b0b7071939ef73de3bb2efe66d1f304a824f924099b293cd,1,,0.6279846928894429,0.0794300049184418,0.6958877117624496,7,125,125,0.9225167185254016,1949,1949,0.9373627981852772,c93cabc50ce7b0988180a9d16eefcced1ea8f54f413b346bc8976dc7bc1e4363,PROFILE_e76a5df3d9457d,PASS,0.6582646458070689,NIGHT15F_DIRECT,0.1914869304746389,,
MISAR_E15_5_S1,RNA_CHROMATIN,PER_LANE_LABEL_ASSISTED_SCORE_FRONTIER,0.5370428903457034,0.6608542672528803,0.659066537386478,C_GEO,TSRE_SUPPORT_ONLY_c123d1df033110,16,"[293, 447, 182, 267, 350, 285, 125]","[293, 447, 182, 267, 350, 285, 125]",0e7ea9d4ee17779cc7744c82bc2ddb5de2021f1823a58d6d50f4603f85696657,1,,0.6294189346289503,0.0794484841721083,0.6986010441404078,7,125,125,0.9225055418733696,1949,1949,0.9373627981852772,671f9c3261806dfa6d298873785d4eae24edfba3b5f991727147e1b51f95aeea,PROFILE_c123d1df033110,PASS,0.6608542672528803,TSRE_SUPPORT_ONLY,0.6109300013631582,,
MISAR_E15_5_S1,RNA_CHROMATIN,PER_LANE_LABEL_ASSISTED_SCORE_FRONTIER,0.5383858563167049,0.6620566892644083,0.6602758547649674,C_GEO,TSRE_SUPPORT_ONLY_cd6dd7a1e57ba8,8,"[295, 441, 181, 267, 350, 290, 125]","[295, 441, 181, 267, 350, 290, 125]",e7c10eea5ae76c1effc49e1ccedd35ebde001e242ee51db9d3687edd01660468,1,,0.6305224340720508,0.0795120782857326,0.7000836140692738,7,125,125,0.9223749935119008,1949,1949,0.9370701009805356,bd3a99597ddfb3a44f3e18837b9df5b757a15901ac339ed37b0e052a1127206e,PROFILE_cd6dd7a1e57ba8,PASS,0.6620566892644083,TSRE_SUPPORT_ONLY,0.4910395480692386,,
MISAR_E15_5_S1,RNA_CHROMATIN,PER_LANE_LABEL_ASSISTED_SCORE_FRONTIER,0.5378310723873301,0.6617997385518258,0.6600192573711965,C_GEO,TSRE_SUPPORT_ONLY_27e93dd7580f57,16,"[295, 439, 181, 267, 353, 283, 131]","[295, 439, 181, 267, 353, 283, 131]",4e2debb1df924b29bfaa235ae2b16ff09d70ba65807061917dade069de6f5271,1,,0.6300593520500439,0.0844958081794733,0.7003224684845829,7,131,131,0.9172718978719236,1949,1949,0.9337040831260062,802d7afe56e4cd25dfa29f2fb58906741bf3604eaa1f9ebfc22bf91343c8b457,PROFILE_27e93dd7580f57,PASS,0.6617997385518258,TSRE_SUPPORT_ONLY,0.489026615396142,,
MISAR_E15_5_S1,RNA_CHROMATIN,PER_LANE_LABEL_ASSISTED_SCORE_FRONTIER,0.5383858563167049,0.6620566892644083,0.6602758547649674,C_GEO,TSRE_FULL_1f7b34388099a5,8,"[295, 441, 181, 267, 350, 290, 125]","[295, 441, 181, 267, 350, 290, 125]",573fb2a5a97ca926e132319a41e72d29c939d8fc35d2a40c8946e041f529bb7d,1,,0.6305224340720508,0.0795120782857326,0.7000836140692738,7,125,125,0.9223749935119008,1949,1949,0.9370701009805356,bd3a99597ddfb3a44f3e18837b9df5b757a15901ac339ed37b0e052a1127206e,PROFILE_1f7b34388099a5,PASS,0.6620566892644083,TSRE_FULL,0.3332511950284242,,
MISAR_E15_5_S1,RNA_CHROMATIN,PER_LANE_LABEL_ASSISTED_SCORE_FRONTIER,0.5383858563167049,0.6620566892644083,0.6602758547649674,C_GEO,TSRE_FULL_ef465eab3447be,8,"[295, 441, 181, 267, 350, 290, 125]","[295, 441, 181, 267, 350, 290, 125]",fb75a5c782d0acea49e987f968a23579f68fa2c4570f79a743f4a5167a887ab8,1,,0.6305224340720508,0.0795120782857326,0.7000836140692738,7,125,125,0.9223749935119008,1949,1949,0.9370701009805356,bd3a99597ddfb3a44f3e18837b9df5b757a15901ac339ed37b0e052a1127206e,PROFILE_ef465eab3447be,PASS,0.6620566892644083,TSRE_FULL,0.470773546025157,,
MISAR_E15_5_S1,RNA_CHROMATIN,PER_LANE_LABEL_ASSISTED_SCORE_FRONTIER,0.5395822563343928,0.6651256281294516,0.6633626351814055,C_GEO,TSRE_FULL_94eba19db898dd,13,"[295, 438, 181, 266, 355, 283, 131]","[295, 438, 181, 266, 355, 283, 131]",8d5fdef6aec127adfd8a13a8b7c1499089001bdd548cd8580820cdd0e5a68d01,1,,0.6315064987260688,0.0801214973910929,0.7038348975979474,7,131,131,0.9214490526649344,1949,1949,0.936631055173423,a460e8198c29e275bf9761e70dc089680ea867db88c50f59400b7d15ed06e562,PROFILE_94eba19db898dd,PASS,0.6651256281294515,TSRE_FULL,0.4126070365309715,,
MISAR_E15_5_S1,RNA_CHROMATIN,PER_LANE_LABEL_ASSISTED_SCORE_FRONTIER,0.5360367547148214,0.6598734199613188,0.6580819687959389,C_CONSERVATIVE,NIGHT15F_DIRECT_a74c68ac898d52,28,"[294, 445, 180, 266, 356, 276, 132]","[294, 445, 180, 266, 356, 276, 132]",21d38c2974b8c7afc602d07dae7548e97bffb08fa53723d02537aa897b0cb57d,1,,0.6285831660895282,0.0806526660299967,0.6979691384311277,7,132,132,0.9210043847160572,1949,1949,0.936631055173423,7021666e74adde26292744abddaaf8dac06ff5992711332b38b51016162dbee3,PROFILE_a74c68ac898d52,PASS,0.6598734199613188,NIGHT15F_DIRECT,0.203516049310565,,
MISAR_E15_5_S1,RNA_CHROMATIN,PER_LANE_LABEL_ASSISTED_SCORE_FRONTIER,0.536838104912064,0.6605654730840557,0.6587784092684991,C_CONSERVATIVE,TSRE_SUPPORT_ONLY_35edef640312df,20,"[294, 440, 180, 265, 354, 284, 132]","[294, 440, 180, 265, 354, 284, 132]",c5cd6241eb1a3efcc32375917cde50701dc819f5979ac18d0d8f325604d9e1ad,1,,0.6292396875257041,0.0812859051219114,0.6989730405203448,7,132,132,0.9203926136803668,1949,1949,0.935752963559198,a170453e3527cd5c24580f65ccd365343498355f80cf16e61102728d8e7ebde0,PROFILE_35edef640312df,PASS,0.6605654730840557,TSRE_SUPPORT_ONLY,0.4967558700591326,,
MISAR_E15_5_S1,RNA_CHROMATIN,PER_LANE_LABEL_ASSISTED_SCORE_FRONTIER,0.5366187346857084,0.660425880755331,0.6586379615763652,C_CONSERVATIVE,TSRE_SUPPORT_ONLY_c6feb191012684,21,"[294, 441, 180, 265, 354, 283, 132]","[294, 441, 180, 265, 354, 283, 132]",ffad176ddc7170f34e9d66637808df30156389d9c056fcffef190c0f7af738cc,1,,0.6290592011457823,0.0814203027292207,0.6987811253169448,7,132,132,0.920256082220976,1949,1949,0.9356066149568272,2cd585a490fc63487346fcd21d9e6f1a0276e55769693d3f04ef4f961c6ff4fe,PROFILE_c6feb191012684,PASS,0.660425880755331,TSRE_SUPPORT_ONLY,0.4860617630183697,,
MISAR_E15_5_S1,RNA_CHROMATIN,PER_LANE_LABEL_ASSISTED_SCORE_FRONTIER,0.5373518640570238,0.6590329630986094,0.6572386595219959,C_CONSERVATIVE,TSRE_SUPPORT_ONLY_0da61054212ebb,27,"[292, 440, 180, 268, 354, 280, 135]","[292, 440, 180, 268, 354, 280, 135]",0dbdc21a0c3519b734b12281c8b676bd36d27f60b394e2ff271a3308cb32a5af,1,,0.6296621707263684,0.0887928882208083,0.697600629014417,7,135,135,0.912902134169844,1949,1949,0.9297526708619932,65cfe7610ed55a92e3e664a24877acdb2573622255940f528bfee8f4d46a058c,PROFILE_0da61054212ebb,PASS,0.6590329630986094,TSRE_SUPPORT_ONLY,0.4113419353961944,,
MISAR_E15_5_S1,RNA_CHROMATIN,PER_LANE_LABEL_ASSISTED_SCORE_FRONTIER,0.5366187346857084,0.660425880755331,0.6586379615763652,C_CONSERVATIVE,TSRE_FULL_485370672bfb4c,21,"[294, 441, 180, 265, 354, 283, 132]","[294, 441, 180, 265, 354, 283, 132]",ba08dd7eda99d4bf31a3cd327f03275ebd51cc0a9a18923312cb7ca48cc7a3be,1,,0.6290592011457823,0.0814203027292207,0.6987811253169448,7,132,132,0.920256082220976,1949,1949,0.9356066149568272,2cd585a490fc63487346fcd21d9e6f1a0276e55769693d3f04ef4f961c6ff4fe,PROFILE_485370672bfb4c,PASS,0.660425880755331,TSRE_FULL,0.4940610490739345,,
MISAR_E15_5_S1,RNA_CHROMATIN,PER_LANE_LABEL_ASSISTED_SCORE_FRONTIER,0.5372752750356002,0.6607980586806882,0.6590121441101566,C_CONSERVATIVE,TSRE_FULL_2e53c1c4069f25,19,"[293, 441, 180, 267, 354, 282, 132]","[293, 441, 180, 267, 354, 282, 132]",afc1174972d1f15fe3308d6a6e98cc87234c59b5ae8757a714d0b165a269a4c4,1,,0.6296014144109277,0.0810838269795784,0.6991908328974392,7,132,132,0.9206163484208918,1949,1949,0.9358993121615689,7d4c3256e8bbd7424364e027406d6e4f70b302d50304bea6541160999bc993a0,PROFILE_2e53c1c4069f25,PASS,0.6607980586806882,TSRE_FULL,0.5060830395668745,,
MISAR_E15_5_S1,RNA_CHROMATIN,PER_LANE_LABEL_ASSISTED_SCORE_FRONTIER,0.5387032320808778,0.6641211033259928,0.6623523527625877,C_CONSERVATIVE,TSRE_FULL_398067aabfab56,11,"[295, 437, 178, 267, 358, 283, 131]","[295, 437, 178, 267, 358, 283, 131]",f1d1fcc563cb2ff8e81c6418a7575c82f6be05d926437717c71fc18aef717ef0,1,,0.6307813806947155,0.0808192457028191,0.7026142693453317,7,131,131,0.9210047676130324,1949,1949,0.9356066149568272,6b6d03c0fe4e590f6c11880f378f9074e9c088b4b8e60633080510cfa2bdeb9f,PROFILE_398067aabfab56,PASS,0.6641211033259928,TSRE_FULL,0.4861225448548794,,
MISAR_E15_5_S1,RNA_CHROMATIN,PER_LANE_LABEL_ASSISTED_SCORE_FRONTIER,0.5416365903694235,0.6669488935833198,0.6651935851132982,C_P22,TSRE_FULL_4718cb0231e69c,0,"[295, 437, 178, 267, 355, 292, 125]","[295, 437, 178, 267, 355, 292, 125]",70cc4f428036e4e55434a06346fe99ac4a36cb010ce5edd44ef500acf7e8bdfe,1,,0.6332069965196186,0.0797725769119333,0.70517948377323,7,125,125,0.9221019057409858,1949,1949,0.936631055173423,1e7f48d5c56302ba7e728af2f70df32fe0f52f3dc49d1118ad2509ce58675829,PROFILE_4718cb0231e69c,PASS,0.6669488935833197,TSRE_FULL,0.5190552566200495,,
MISAR_E15_5_S1,RNA_CHROMATIN,PER_LANE_LABEL_ASSISTED_SCORE_FRONTIER,0.5417571730402841,0.6665842964655063,0.664827266917494,C_CONSERVATIVE,TSRE_FULL_b7c3a7c769a735,1,"[295, 437, 179, 267, 354, 292, 125]","[295, 437, 179, 267, 354, 292, 125]",3dbdc70b4abb8ec3cd457260cbabd8f607d01c078e0d2bbaf6c9809a19e4fedf,1,,0.6333059869526826,0.0797114886050322,0.704863453934214,7,125,125,0.9222110650667402,1949,1949,0.936777403775794,df83a952ed43b177c4c6098e0cb560e9bf692f883b44a98052cae9144f2c144b,PROFILE_b7c3a7c769a735,PASS,0.6665842964655063,TSRE_FULL,0.4936780426651239,,
MISAR_E15_5_S1,RNA_CHROMATIN,PER_LANE_LABEL_ASSISTED_SCORE_FRONTIER,0.5366187346857084,0.660425880755331,0.6586379615763652,C_CONSERVATIVE,TSRE_FULL_af4b62d4125986,21,"[294, 441, 180, 265, 354, 283, 132]","[294, 441, 180, 265, 354, 283, 132]",edde2e22bd84bd6511a0b33772c5b8582fd1736eb43ae9883d20bddc783e0321,1,,0.6290592011457823,0.0814203027292207,0.6987811253169448,7,132,132,0.920256082220976,1949,1949,0.9356066149568272,2cd585a490fc63487346fcd21d9e6f1a0276e55769693d3f04ef4f961c6ff4fe,PROFILE_af4b62d4125986,PASS,0.660425880755331,TSRE_FULL,0.5082474797964096,,
MISAR_E15_5_S1,RNA_CHROMATIN,PER_LANE_LABEL_ASSISTED_SCORE_FRONTIER,0.5281801264153241,0.650984587454967,0.6491469782137073,C_P22,TSRE_FULL_ef89b5815a0e25,41,"[294, 451, 181, 268, 351, 268, 136]","[294, 451, 181, 268, 351, 268, 136]",7eecc51ff4ddfde47aa0943ed286f4f2c0c6354260227877aa9cd25d1e31eb2f,1,,0.6220956485442445,0.0812890367393625,0.6887248796179949,7,136,136,0.920373733735355,1949,1949,0.9360456607639396,2e75666a7253ef67c970e5fa78c28f7fcd834943cedaa71337050071c43718eb,PROFILE_ef89b5815a0e25,PASS,0.6509845874549669,TSRE_FULL,0.589113213121891,,
MISAR_E15_5_S1,RNA_CHROMATIN,PER_LANE_LABEL_ASSISTED_SCORE_FRONTIER,0.5261741651781326,0.6533419619040065,0.6515233650629896,C_GEO,TSRE_FULL_9c06b6282ccd0f,62,"[284, 440, 181, 280, 350, 253, 161]","[284, 440, 181, 280, 350, 253, 161]",452f4f63626c59444aa6a59abcdde34967177754d047b19a19294be24669e5fa,1,,0.6203988904997471,0.0994877715154432,0.6932739963256283,7,161,161,0.9017201107387648,1949,1949,0.9219961949363384,cf298c1bd1ddd0adf186a86371546c2956d7d6296cba93966826f04671370cbe,PROFILE_9c06b6282ccd0f,PASS,0.6533419619040065,TSRE_FULL,0.4977005999535322,,
MISAR_E15_5_S1,RNA_CHROMATIN,PER_LANE_LABEL_ASSISTED_SCORE_FRONTIER,0.5249968854815129,0.6493822851520433,0.6475418503990623,C_P22,TSRE_FULL_74a5898799bc09,65,"[290, 445, 184, 271, 346, 258, 155]","[290, 445, 184, 271, 346, 258, 155]",9a38c65f56a8c3fd44afdc5560534739c18fb3c170f7ceb07736cfd126a82dfb,1,,0.6194282554634211,0.1036257478079677,0.6887365281139166,7,155,155,0.897831707428552,1949,1949,0.9198009659007756,b7019aa1fb37244644d643a9397a9df3fa78e0240303f3ed80618451ba87e6d0,PROFILE_74a5898799bc09,PASS,0.6493822851520434,TSRE_FULL,0.5148035660386086,,
MISAR_E15_5_S1,RNA_CHROMATIN,PER_LANE_LABEL_ASSISTED_SCORE_FRONTIER,0.5314278741833648,0.6578566307267009,0.6560592775564957,C_GEO,TSRE_FULL_5e8165f7d0603f,37,"[293, 440, 181, 270, 349, 269, 147]","[293, 440, 181, 270, 349, 269, 147]",84d929ed5646d81690ae5a9164b9d679d46dc9d80c830c98ccb047ae02e6980d,1,,0.624755165107918,0.0941221556544541,0.6973176461595324,7,147,147,0.906827902396263,1949,1949,0.9268256988145764,4627a2c44967a86738e5f2edf7c62074c76996bc1a9e6c7b8eecaa7b7d4c6526,PROFILE_5e8165f7d0603f,PASS,0.6578566307267009,TSRE_FULL,0.501479733735323,,
MISAR_E15_5_S1,RNA_CHROMATIN,PER_LANE_LABEL_ASSISTED_SCORE_FRONTIER,0.5363931602562109,0.6612848872317789,0.6595025203534196,C_GEO,TSRE_FULL_864fd94753d0a1,20,"[295, 439, 181, 267, 352, 281, 134]","[295, 439, 181, 267, 352, 281, 134]",64e28efe7fec5366cfd8367816af35daa467ca1e8d437e42d2ae0a74468c8744,1,,0.6288689572178934,0.0872593498426541,0.7000276622876572,7,134,134,0.9141840155417876,1949,1949,0.931947899897556,3ac433b17bc519a0742dc90c2f119de3b931850644ed734df5a407ccbc1269e6,PROFILE_864fd94753d0a1,PASS,0.661284887231779,TSRE_FULL,0.5195306167006493,,
MISAR_E15_5_S1,RNA_CHROMATIN,PER_LANE_LABEL_ASSISTED_SCORE_FRONTIER,0.521656694373017,0.6446038320663378,0.6427386830595658,C_CONSERVATIVE,TSRE_FULL_afd733d6805925,77,"[279, 442, 185, 280, 350, 258, 155]","[279, 442, 185, 280, 350, 258, 155]",90971dbbe31c0656aba19dffbbfb8364c8f4d5185dc8cfc091c479d79b4b6498,1,,0.6166592848049766,0.1046630083819868,0.6837906902718068,7,155,155,0.8969620536239845,1949,1949,0.9189228742865506,4a113369c5386910822da306e1eff67a6c48f41d0a1ce100b3b650c34f586932,PROFILE_afd733d6805925,PASS,0.6446038320663379,TSRE_FULL,0.4662926029413938,,
MISAR_E15_5_S1,RNA_CHROMATIN,PER_LANE_LABEL_ASSISTED_SCORE_FRONTIER,0.5397554884781748,0.6637230325485316,0.6619518216612589,C_CONSERVATIVE,TSRE_FULL_f2ad443cb4889d,14,"[295, 438, 180, 267, 358, 282, 129]","[295, 438, 180, 267, 358, 282, 129]",39eb3400a906075ccb439a84024f1638f499e3b1abad1cb2f050f186126ef714,1,,0.6316516128688616,0.0824899050847488,0.7020845415651572,7,129,129,0.9195678732922944,1949,1949,0.934728523342602,3967d831a8e3d9db7ada66ec64c33c7ef2c00faf2289426eb8a1e8a760d2e01a,PROFILE_f2ad443cb4889d,PASS,0.6637230325485316,TSRE_FULL,0.5064922962337732,,
MISAR_E15_5_S1,RNA_CHROMATIN,PER_LANE_LABEL_ASSISTED_SCORE_FRONTIER,0.5357671729588699,0.6581639211020744,0.6563647671961689,C_CONSERVATIVE,TSRE_FULL_2f301bb673967a,22,"[293, 441, 181, 266, 354, 280, 134]","[293, 441, 181, 266, 354, 280, 134]",dbb95218c852acc453d922bff028b7e06840b83bbc471ca6390781dfb5310cda,1,,0.628353462413136,0.084315037647499,0.6965921540599102,7,134,134,0.9173189296448836,1949,1949,0.9331186887165228,2d1f9521b9b3b32b30f0c9c5faa8c57bcd4e40b365b2f6773392e370bbd5fec3,PROFILE_2f301bb673967a,PASS,0.6581639211020746,TSRE_FULL,0.4878513794392347,,
MISAR_E15_5_S1,RNA_CHROMATIN,PER_LANE_LABEL_ASSISTED_SCORE_FRONTIER,0.5416365903694235,0.6669488935833198,0.6651935851132982,C_CONSERVATIVE,TSRE_FULL_744f8b5b52b78a,0,"[295, 437, 178, 267, 355, 292, 125]","[295, 437, 178, 267, 355, 292, 125]",eb1a8526f026d204ab88d0ac407f9905121346b7f7a2b263a19bb0aa51d91d28,1,,0.6332069965196186,0.0797725769119333,0.70517948377323,7,125,125,0.9221019057409858,1949,1949,0.936631055173423,1e7f48d5c56302ba7e728af2f70df32fe0f52f3dc49d1118ad2509ce58675829,PROFILE_744f8b5b52b78a,PASS,0.6669488935833197,TSRE_FULL,0.5349471550434828,,
MISAR_E15_5_S1,RNA_CHROMATIN,PER_LANE_LABEL_ASSISTED_SCORE_FRONTIER,0.5375638553189065,0.6610700938177387,0.659286109082458,C_P22,TSRE_FULL_358d5495f25472,15,"[293, 438, 181, 267, 354, 284, 132]","[293, 438, 181, 267, 354, 284, 132]",924d69e1d334ebf0a9653f81448241264acf34b4bce0b01b6a613ae5170a7484,1,,0.6298375805703496,0.0805736260328028,0.6996564243245468,7,132,132,0.921194022153524,1949,1949,0.9363383579686814,fe90c94479164326f4ec8c0c228a75f149a0c5b651bcbff5135de4036cd7c1da,PROFILE_358d5495f25472,PASS,0.6610700938177387,TSRE_FULL,0.4827909078449011,,
MISAR_E15_5_S1,RNA_CHROMATIN,PER_LANE_LABEL_ASSISTED_SCORE_FRONTIER,0.5219401128689382,0.6482007269458226,0.64635383425863,C_GEO,TSRE_FULL_b56e12ce390a31,87,"[272, 447, 178, 290, 354, 243, 165]","[272, 447, 178, 290, 354, 243, 165]",326222b25bbbb10c43129f2164b12958941201ac4f4e1b1605c14b14f6dee045,1,,0.6169030616951167,0.097829983199437,0.687347730459236,7,165,165,0.9036697722022636,1949,1949,0.9236060295624176,8800b7a24e8073b13c1a7fa919eb3c0ed7049a0dc0d56a8276890a5de1fbb09c,PROFILE_b56e12ce390a31,PASS,0.6482007269458228,TSRE_FULL,0.4883964266628027,,
MISAR_E15_5_S1,RNA_CHROMATIN,PER_LANE_LABEL_ASSISTED_SCORE_FRONTIER,0.5188828906954451,0.6432878315956085,0.6414162433426961,C_GEO,TSRE_FULL_fe365f0ab04e81,102,"[275, 441, 184, 291, 356, 238, 164]","[275, 441, 184, 291, 356, 238, 164]",5263deaae60fad8d7a73e35224f5e73c4a7303f7bc974c8798e91cbde4bb6f33,1,,0.6143617358522827,0.1062434344375898,0.6824948462224553,7,164,164,0.8952064558882888,1949,1949,0.9170203424557296,cb115afc122c7be06c6e88ab8c1d1e41ea8e93c56f23d2a5d5c639ac01cacf06,PROFILE_fe365f0ab04e81,PASS,0.6432878315956084,TSRE_FULL,0.5012913476675749,,
MISAR_E15_5_S1,RNA_CHROMATIN,PER_LANE_LABEL_ASSISTED_SCORE_FRONTIER,0.535744357657946,0.6611778868626293,0.659394066919594,C_GEO,TSRE_FULL_129cf4b48413b0,19,"[295, 441, 181, 266, 354, 280, 132]","[295, 441, 181, 266, 354, 280, 132]",698ac8c90378b3a035767a39f838ad3ec77addbd521880b2e53396872a0a0745,1,,0.628336245633805,0.0809837889666453,0.6996227756233723,7,132,132,0.9206853003289328,1949,1949,0.935752963559198,3ac947d41bdafa48fe157022774dfd2ed8bb3588b3d6cddf22f9fe36aa68d6f0,PROFILE_129cf4b48413b0,PASS,0.6611778868626293,TSRE_FULL,0.4973495490849018,,
MISAR_E15_5_S1,RNA_CHROMATIN,PER_LANE_LABEL_ASSISTED_SCORE_FRONTIER,0.5281801264153241,0.650984587454967,0.6491469782137073,C_P22,TSRE_FULL_b66c5743185a60,41,"[294, 451, 181, 268, 351, 268, 136]","[294, 451, 181, 268, 351, 268, 136]",2f9abb4a392129abac3a187a485bab2b34eec450c6c95fdfaaec12e07d164277,1,,0.6220956485442445,0.0812890367393625,0.6887248796179949,7,136,136,0.920373733735355,1949,1949,0.9360456607639396,2e75666a7253ef67c970e5fa78c28f7fcd834943cedaa71337050071c43718eb,PROFILE_b66c5743185a60,PASS,0.6509845874549669,TSRE_FULL,0.4015276748687029,,
MISAR_E15_5_S1,RNA_CHROMATIN,PER_LANE_LABEL_ASSISTED_SCORE_FRONTIER,0.536838104912064,0.6605654730840557,0.6587784092684991,C_CONSERVATIVE,TSRE_FULL_f84a8228d314d3,20,"[294, 440, 180, 265, 354, 284, 132]","[294, 440, 180, 265, 354, 284, 132]",1410d4ee72df95dadf7eea93fa4519a8177d87c91a4f200f9367a19837fd24a4,1,,0.6292396875257041,0.0812859051219114,0.6989730405203448,7,132,132,0.9203926136803668,1949,1949,0.935752963559198,a170453e3527cd5c24580f65ccd365343498355f80cf16e61102728d8e7ebde0,PROFILE_f84a8228d314d3,PASS,0.6605654730840557,TSRE_FULL,0.5000719092786312,,
MISAR_E15_5_S1,RNA_CHROMATIN,PER_LANE_LABEL_ASSISTED_SCORE_FRONTIER,0.5305900006554022,0.6534576443113042,0.6516331866395036,C_P22,TSRE_FULL_ca6596a8427217,37,"[294, 449, 181, 266, 353, 270, 136]","[294, 449, 181, 266, 353, 270, 136]",d7032ec947714abdc3202b71049aebc8b9e91674732cac7a373ee062abca8cc2,1,,0.6240837206108663,0.0808253853965435,0.6913885842845885,7,136,136,0.9208301845323345,1949,1949,0.9364847065710522,e23dc3049c7424524bbc84813273d0ee8db3478a65f83103f5b42aa5e6448cd1,PROFILE_ca6596a8427217,PASS,0.6534576443113042,TSRE_FULL,0.4061248786747455,,
MISAR_E15_5_S1,RNA_CHROMATIN,PER_LANE_LABEL_ASSISTED_SCORE_FRONTIER,0.5386531588165546,0.6640210723560822,0.6622518039937143,C_CONSERVATIVE,TSRE_FULL_c23b5bade66abc,10,"[295, 438, 178, 267, 356, 284, 131]","[295, 438, 178, 267, 356, 284, 131]",81cc1ed1f448a051a41017694c08589e4b8207ba892bef208067f7cf7508c25c,1,,0.6307400389512284,0.0803660294917119,0.7025111818287992,7,131,131,0.9214332155508692,1949,1949,0.9360456607639396,6880317706c023587e559d5efb772d7b891b643b4755b3525c2bee97158da353,PROFILE_c23b5bade66abc,PASS,0.6640210723560822,TSRE_FULL,0.4956700690090656,,
MISAR_E15_5_S1,RNA_CHROMATIN,PER_LANE_LABEL_ASSISTED_SCORE_FRONTIER,0.5047513886932676,0.6297671435854254,0.6278286518930141,C_P22,TSRE_FULL_ead2e9b1fd1e1f,122,"[275, 427, 201, 292, 352, 239, 163]","[275, 427, 201, 292, 352, 239, 163]",2a5fe9aa6163f680bd5e06a9a64253cbebcf7218f91faec5d284e8c0bc6d5bc4,1,,0.6026032915687999,0.1072254546774059,0.6693965104906064,7,163,163,0.8938856340007325,1949,1949,0.9152641592272792,6f331854bad95e6aabaec545a82c693296dc6f07ef27ee4a3a1e73cabe2103b2,PROFILE_ead2e9b1fd1e1f,PASS,0.6297671435854255,TSRE_FULL,0.6064540389925241,,
MISAR_E15_5_S1,RNA_CHROMATIN,PER_LANE_LABEL_ASSISTED_SCORE_FRONTIER,0.5345520185609398,0.6598384960165851,0.6580472275489364,C_GEO,TSRE_FULL_aa832abad7b6ae,20,"[295, 442, 179, 266, 354, 281, 132]","[295, 442, 179, 266, 354, 281, 132]",b339cf565d4153e580e1be1dfdad4da140a6e43c0ffef950ac4b5e5735e05d8e,1,,0.6273533901568905,0.0806027128480945,0.6980711236402131,7,132,132,0.9211885316439836,1949,1949,0.9360456607639396,bf047a4c1bfe9171fdf826b0c4ad06713779b2f5630284255d73b29a21de5966,PROFILE_aa832abad7b6ae,PASS,0.6598384960165851,TSRE_FULL,0.5951448865234852,,
MISAR_E15_5_S1,RNA_CHROMATIN,PER_LANE_LABEL_ASSISTED_SCORE_FRONTIER,0.5355358100005472,0.661141758796202,0.6593577530516083,C_GEO,TSRE_FULL_ba4e7260d58d23,16,"[295, 442, 180, 267, 350, 283, 132]","[295, 442, 180, 267, 350, 283, 132]",fcb2b2739872b75fe5d2504587ef9bd965efbac586bcaa5c425f1045040ea7ae,1,,0.6281637403427914,0.0799760231911782,0.6995899993972786,7,132,132,0.9217442649773476,1949,1949,0.936631055173423,0953775563e6164b180440923ec5284b86a5df1a7530b4fde2911436f62254d0,PROFILE_ba4e7260d58d23,PASS,0.6611417587962021,TSRE_FULL,0.5308465342968702,,
MISAR_E15_5_S1,RNA_CHROMATIN,PER_LANE_LABEL_ASSISTED_SCORE_FRONTIER,0.5401306574460445,0.6663099623106893,0.6645523948626354,C_P22,TSRE_FULL_0580e400c9dcda,4,"[295, 437, 178, 267, 355, 288, 129]","[295, 437, 178, 267, 355, 288, 129]",149a479bbf02169fadce0f4d423ada7a5bcbb38c550ae3dc15e952dd5a6103a5,1,,0.631960990014875,0.0810190787575758,0.7048381946851782,7,129,129,0.9207633193593666,1949,1949,0.935752963559198,43a1d0039c8b9c57f10e5a6ecfb609712ad6d379bbe6cfb088ea8e49d200164c,PROFILE_0580e400c9dcda,PASS,0.6663099623106892,TSRE_FULL,0.4348063766956329,,
MISAR_E15_5_S1,RNA_CHROMATIN,PER_LANE_LABEL_ASSISTED_SCORE_FRONTIER,0.5279820939470422,0.6530764519524103,0.6512540200859434,C_GEO,TSRE_FULL_2cd55b3d6c1317,51,"[285, 444, 180, 277, 349, 264, 150]","[285, 444, 180, 277, 349, 264, 150]",986f5fb63c1c518cfed1fe01f3a60794de7288fd2da94c60e40de4f9d685337c,1,,0.621904639451693,0.0950459503807647,0.6922316705759577,7,150,150,0.906084741533143,1949,1949,0.9259476072003512,effa87fb94824dcc694956716c2072ed20ddd2d0b3356f2d6bafac61b0c040f3,PROFILE_2cd55b3d6c1317,PASS,0.6530764519524103,TSRE_FULL,0.4352119509130716,,
MISAR_E15_5_S1,RNA_CHROMATIN,PER_LANE_LABEL_ASSISTED_SCORE_FRONTIER,0.5333872699473905,0.6572848468308229,0.6554821560931517,C_GEO,TSRE_FULL_72bbfe200b2743,26,"[295, 440, 181, 266, 350, 280, 137]","[295, 440, 181, 266, 350, 280, 137]",40135b860b3c116d8ac571c9138afb6129ca721efc72282ea72c1dbebea06c1e,1,,0.6263820477584094,0.0912625312754642,0.6960060176056343,7,137,137,0.909765365130822,1949,1949,0.929020927850139,48b11f070c61bd74f525e63ccea48d60398e8fca2888d6e27df004d493f3066a,PROFILE_72bbfe200b2743,PASS,0.6572848468308229,TSRE_FULL,0.5023152399808168,,
MISAR_E15_5_S1,RNA_CHROMATIN,PER_LANE_LABEL_ASSISTED_SCORE_FRONTIER,0.5241674650961635,0.6519950125604321,0.6501691280567411,C_GEO,TSRE_FULL_1095d8546872a2,79,"[276, 441, 180, 287, 354, 247, 164]","[276, 441, 180, 287, 354, 247, 164]",7757ba07fc764ab0bd4d603638d05765010b74c868bb32c6fa76636fb9897ac5,1,,0.6187381926274318,0.102507118125548,0.6917514048152023,7,164,164,0.8987545639977472,1949,1949,0.9192155714912924,02db33db8f2db9767c120fd588b98d7a29d4ca7290b249cf879649287d02c7e3,PROFILE_1095d8546872a2,PASS,0.6519950125604322,TSRE_FULL,0.4997468423098326,,
MISAR_E15_5_S1,RNA_CHROMATIN,PER_LANE_LABEL_ASSISTED_SCORE_FRONTIER,0.5360212569881038,0.6602347705243891,0.6584457899633865,C_CONSERVATIVE,TSRE_FULL_bc0355100f5c9a,24,"[296, 442, 178, 265, 356, 278, 134]","[296, 442, 178, 265, 356, 278, 134]",ec7374292faec24d135dcd9fe129b9f650710bebb88e3ac83a968e177e080bc6,1,,0.6285669613668291,0.0817122604872256,0.6985356474812443,7,134,134,0.920019069368728,1949,1949,0.9353139177520856,c7c5bb0aeaa73004e17ec3733d445326dbc647003a8f1bdd723ab48e4371dc5e,PROFILE_bc0355100f5c9a,PASS,0.6602347705243892,TSRE_FULL,0.4801191333681345,,
MISAR_E15_5_S1,RNA_CHROMATIN,PER_LANE_LABEL_ASSISTED_SCORE_FRONTIER,0.5251504315998959,0.6513754798404052,0.6495443083799454,C_P22,TSRE_FULL_18ff03cdd202b9,63,"[288, 447, 180, 271, 350, 259, 154]","[288, 447, 180, 271, 350, 259, 154]",ec3775fca5e816709ba3f3da2124a41fa9971ee2785c30b32fd8570e2e275430,1,,0.6195627914286957,0.0984636566536552,0.6904572145884573,7,154,154,0.9028722001823724,1949,1949,0.9236060295624176,4adaf95f17182ff48ffcc2a8816f9ba696fee324b8dc50211e38a5f183a8b1e4,PROFILE_18ff03cdd202b9,PASS,0.6513754798404052,TSRE_FULL,0.4230599962174892,,
MISAR_E15_5_S1,RNA_CHROMATIN,PER_LANE_LABEL_ASSISTED_SCORE_FRONTIER,0.528001984388079,0.6544475187659341,0.6526328732678801,C_P22,TSRE_FULL_7ee9682e6d2e25,54,"[290, 444, 180, 271, 350, 260, 154]","[290, 444, 180, 271, 350, 260, 154]",6fc2a9cd35f966cde69964dc2cfe022be207e28afbcd8e9318a3b0323ad352a0,1,,0.6219194613192006,0.0934279763130278,0.6938533293824498,7,154,154,0.9075979577782464,1949,1949,0.9272647446216888,b89e7d57cb26616af2bb5a5036057949c13000abe25d56fc7203b0d1084cf4da,PROFILE_7ee9682e6d2e25,PASS,0.6544475187659342,TSRE_FULL,0.5794863104820251,,
MISAR_E15_5_S1,RNA_CHROMATIN,PER_LANE_LABEL_ASSISTED_SCORE_FRONTIER,0.530904222155043,0.6577913000811563,0.6559946142675123,C_CONSERVATIVE,TSRE_FULL_c036da2612360b,43,"[284, 437, 178, 278, 353, 266, 153]","[284, 437, 178, 278, 353, 266, 153]",e554f32e725a181cf0e50aa0a08bad05149ee5c8b8d4c382d08c58c1349fb187,1,,0.6243195017175436,0.095839729049104,0.6975639642787088,7,153,153,0.9054945972466996,1949,1949,0.9247768183813844,ca355be111a951fd00d23b72025b0ae40b5550ec55b3c22a3ead7e084b7aa857,PROFILE_c036da2612360b,PASS,0.6577913000811563,TSRE_FULL,0.4135827198624611,,
MISAR_E15_5_S1,RNA_CHROMATIN,PER_LANE_LABEL_ASSISTED_SCORE_FRONTIER,0.5370610164350432,0.6607112206021597,0.6589242236257578,C_CONSERVATIVE,TSRE_FULL_0bd84b9f64020c,18,"[286, 438, 177, 276, 357, 285, 130]","[286, 438, 177, 276, 357, 285, 130]",e997dfde6d6a2469b7b1a2d2502f990c9629db451f02909a7e2d1777f8e5a70e,1,,0.6294254639657625,0.0894630734150185,0.6989223770393157,7,130,130,0.9123701782310792,1949,1949,0.9288745792477682,28b261480eac957a19dc1b249916bdfb88a86af5d9354989e64c020360e80f16,PROFILE_0bd84b9f64020c,PASS,0.6607112206021597,TSRE_FULL,0.48753104172647,,
MISAR_E15_5_S1,RNA_CHROMATIN,PER_LANE_LABEL_ASSISTED_SCORE_FRONTIER,0.5387534744859281,0.6621403029258607,0.6603604859537415,C_CONSERVATIVE,TSRE_FULL_cb9876ef4ff534,9,"[293, 438, 179, 267, 356, 288, 128]","[293, 438, 179, 267, 356, 288, 128]",1b9fe74db711698e37b2d8e37584e0971517c7c3cafe7c529af7f78f3cd6887f,1,,0.6308243563010694,0.0802905349367367,0.7003352986501362,7,128,128,0.9219413865517694,1949,1949,0.9364847065710522,3e086a5c76c04b9b30ba0cdd0b97282443147c6f83fa3958d1f011cdc5e4510f,PROFILE_cb9876ef4ff534,PASS,0.6621403029258606,TSRE_FULL,0.485158147290349,,
MISAR_E15_5_S1,RNA_CHROMATIN,PER_LANE_LABEL_ASSISTED_SCORE_FRONTIER,0.5419324739739171,0.6658671894979475,0.66410661292332,C_GEO,TSRE_FULL_ebe6b5fac22d7e,5,"[295, 438, 181, 267, 353, 290, 125]","[295, 438, 181, 267, 353, 290, 125]",00a11ec1a144b7c8885aeaf48ee73df03406b90958cc31105049a0bb35925155,1,,0.6334503545200084,0.07893728117036,0.7041807706688896,7,125,125,0.9229553769534274,1949,1949,0.937655495390019,dc9f9b78913a8dde5e01c88552b335f8c511f07dd4b46972bc4a282e374ac926,PROFILE_ebe6b5fac22d7e,PASS,0.6658671894979475,TSRE_FULL,0.3185835257172584,,
MISAR_E15_5_S1,RNA_CHROMATIN,PER_LANE_LABEL_ASSISTED_SCORE_FRONTIER,0.5166228224293845,0.642032925419805,0.6401533148852295,C_P22,TSRE_FULL_3fc791ed1316e9,101,"[269, 451, 184, 289, 351, 245, 160]","[269, 451, 184, 289, 351, 245, 160]",6768f953b625f9a035781b2c6ab5318df2e054a3408cd9b5078693ba3e27bc4c,1,,0.6125071134484036,0.0999228017600615,0.6807005739090897,7,160,160,0.9014307039332206,1949,1949,0.9227279379481926,12944bdae93398fd0b239678d105563714469b10186bd2bb8eaab7af929e4d30,PROFILE_3fc791ed1316e9,PASS,0.6420329254198051,TSRE_FULL,0.4101778920739889,,
MISAR_E15_5_S1,RNA_CHROMATIN,PER_LANE_LABEL_ASSISTED_SCORE_FRONTIER,0.5275797455452851,0.6524920874454464,0.6506647946822751,C_CONSERVATIVE,TSRE_FULL_2fb8f7dfa6c2e1,58,"[283, 448, 178, 275, 352, 267, 146]","[283, 448, 178, 275, 352, 267, 146]",8927ed056688431dcf6f5afa74a742eb94134e6dd98dd6482b13e43c789ac945,1,,0.6215831389563613,0.0982223307756738,0.6910352877911531,7,146,146,0.9031847843630778,1949,1949,0.9236060295624176,bbc557aad520d3fac23f208a947c5b13f27e8162bcfb880337f6945ff429d901,PROFILE_2fb8f7dfa6c2e1,PASS,0.6524920874454464,TSRE_FULL,0.5927727296948433,,
MISAR_E15_5_S1,RNA_CHROMATIN,PER_LANE_LABEL_ASSISTED_SCORE_FRONTIER,0.5419324739739171,0.6658671894979475,0.66410661292332,C_GEO,TSRE_FULL_1df462cd0829ad,5,"[295, 438, 181, 267, 353, 290, 125]","[295, 438, 181, 267, 353, 290, 125]",b2b47b2d10924889cd8506bfc02d4ec57ab08bef79ef82a21b34957e0d9e4606,1,,0.6334503545200084,0.07893728117036,0.7041807706688896,7,125,125,0.9229553769534274,1949,1949,0.937655495390019,dc9f9b78913a8dde5e01c88552b335f8c511f07dd4b46972bc4a282e374ac926,PROFILE_1df462cd0829ad,PASS,0.6658671894979475,TSRE_FULL,0.3978310953825712,,
MISAR_E15_5_S1,RNA_CHROMATIN,PER_LANE_LABEL_ASSISTED_SCORE_FRONTIER,0.5376251974939786,0.6617332009486525,0.6599512287108851,C_GEO,TSRE_FULL_b316caf4220d64,10,"[295, 441, 181, 267, 350, 288, 127]","[295, 441, 181, 267, 350, 288, 127]",1d293dda43f2da2fda2b66c6faeadbe15199ee8f60368e4495dcdd73957d93af,1,,0.629892536236602,0.0798936889908165,0.6999084204528043,7,127,127,0.9217652413599268,1949,1949,0.9369237523781648,3f9974cafc888a11e79e0e40ebb183f46e87fdde9a7d04a9e703170a834c308c,PROFILE_b316caf4220d64,PASS,0.6617332009486526,TSRE_FULL,0.3990616537630558,,
MISAR_E15_5_S1,RNA_CHROMATIN,PER_LANE_LABEL_ASSISTED_SCORE_FRONTIER,0.5385808202184701,0.6630435048476961,0.6612693888039101,C_CONSERVATIVE,TSRE_FULL_9d75d3f311885d,12,"[293, 438, 180, 267, 356, 284, 131]","[293, 438, 180, 267, 356, 284, 131]",baafb4c92dacddab86bbeedbe56899028c15123fc18b7de3606acf25aec3a024,1,,0.6306794091497379,0.0809122529756809,0.7015768911097684,7,131,131,0.9209451440482946,1949,1949,0.9356066149568272,7a1be37005c1ad906f66cb9bc55e34a83d785ab266d5d896131cdca63bc1c7fa,PROFILE_9d75d3f311885d,PASS,0.6630435048476961,TSRE_FULL,0.5067750662565231,,
MISAR_E15_5_S1,RNA_CHROMATIN,PER_LANE_LABEL_ASSISTED_SCORE_FRONTIER,0.5377108859755849,0.6610974799620536,0.6593135776050224,C_CONSERVATIVE,TSRE_FULL_c5abfdd808a635,16,"[293, 438, 181, 267, 355, 283, 132]","[293, 438, 181, 267, 355, 283, 132]",3193ee10485a8beb69f218f33fc837bf8d7f448fe18993dce57f414a9e81fc5a,1,,0.6299593487466126,0.0807495763716097,0.6996629672545176,7,132,132,0.921021966863876,1949,1949,0.9361920093663104,58df27d79a2d9f4d75de1d6530a81b180185dec323be8c52257249ed4ce769ac,PROFILE_c5abfdd808a635,PASS,0.6610974799620537,TSRE_FULL,0.506359776481986,,
MISAR_E15_5_S1,RNA_CHROMATIN,PER_LANE_LABEL_ASSISTED_SCORE_FRONTIER,0.52631304599706,0.6524847925610252,0.6506603268211586,C_P22,TSRE_FULL_96be6fd35722fa,59,"[289, 445, 180, 270, 349, 259, 157]","[289, 445, 180, 270, 349, 259, 157]",1ddefc23ba643a4f57849f22eeb61be99aa5c69b3e23fb5e4ef4f54b367eadcd,1,,0.6205199192238852,0.0960512638983781,0.6919158108276531,7,157,157,0.9050950448056386,1949,1949,0.925215864188497,3bed720543085ad631236a23dbdbdbc45ced4214e20fbdc97e999d648670481f,PROFILE_96be6fd35722fa,PASS,0.6524847925610252,TSRE_FULL,0.4929744433611631,,
MISAR_E15_5_S1,RNA_CHROMATIN,PER_LANE_LABEL_ASSISTED_SCORE_FRONTIER,0.5057029120007217,0.6291813647945078,0.6272400923485855,C_P22,TSRE_FULL_484a716052b1ab,123,"[273, 429, 204, 291, 348, 242, 162]","[273, 429, 204, 291, 348, 242, 162]",a61d94da63212fbd78be5002559f06ec64d79b4f2988c7a48103a0b1d9e84234,1,,0.6033914568104806,0.1075964649611429,0.6688622771038214,7,162,162,0.8935903955393716,1949,1949,0.9155568564320212,ee6a1c9c54b2d1b935ccd9de24bcf94bd35b61966d371bf4955514c09505290a,PROFILE_484a716052b1ab,PASS,0.6291813647945078,TSRE_FULL,0.5062889400869608,,
MISAR_E15_5_S1,RNA_CHROMATIN,PER_LANE_LABEL_ASSISTED_SCORE_FRONTIER,0.5328987367237304,0.6576803607794736,0.6558795472753178,C_GEO,TSRE_FULL_6b32d4ac6e9034,28,"[295, 441, 180, 268, 353, 274, 138]","[295, 441, 180, 268, 353, 274, 138]",11fe0d89d38b0dc8be6c8c2dd48f7560fbe8098c972595029e5dff8767dde06b,1,,0.6259797781753099,0.0841555119473644,0.6963416279613938,7,138,138,0.9173586402988716,1949,1949,0.9337040831260062,3572ebada8341b52eff7e8ed592c6258e3cd817fdbd8386122a740e9f598ce6d,PROFILE_6b32d4ac6e9034,PASS,0.6576803607794736,TSRE_FULL,0.5006903428584337,,
MISAR_E15_5_S1,RNA_CHROMATIN,PER_LANE_LABEL_ASSISTED_SCORE_FRONTIER,0.5278963148971679,0.6515153245277412,0.6496801257016716,C_P22,TSRE_FULL_a37785cf84782b,41,"[294, 452, 181, 268, 351, 268, 135]","[294, 452, 181, 268, 351, 268, 135]",5b19f0f26b623d7a75c16a8cf7e79e54ac2950b814782a1c8e3c96dadd6bcde9,1,,0.6218649383703801,0.0814034970488802,0.6891672809547336,7,135,135,0.920279392569936,1949,1949,0.9358993121615689,2e235e221f8f196f78a61a03375fe50ad6d2a0fc23beefd26b14ca77025b41c4,PROFILE_a37785cf84782b,PASS,0.6515153245277412,TSRE_FULL,0.5964319333434105,,
MISAR_E15_5_S1,RNA_CHROMATIN,PER_LANE_LABEL_ASSISTED_SCORE_FRONTIER,0.5298716727070436,0.6568904034211676,0.6550897823414233,C_P22,TSRE_FULL_a5b18acb72d96f,51,"[289, 441, 181, 268, 349, 264, 157]","[289, 441, 181, 268, 349, 264, 157]",745ee807009f826599f2e18ec27778684a2419ab6b08ef69f2fe80190230e56d,1,,0.6234635501981151,0.0956530007278674,0.6968406722954774,7,157,157,0.9054582543353183,1949,1949,0.9253622127908678,1472af12c12998b652dac2d43dddc7587d75b0cd951a2bd38b4114fbdb973c6b,PROFILE_a5b18acb72d96f,PASS,0.6568904034211676,TSRE_FULL,0.5078371558338404,,
MISAR_E15_5_S1,RNA_CHROMATIN,PER_LANE_LABEL_ASSISTED_SCORE_FRONTIER,0.50398813135326,0.6244635958103156,0.6224942071149543,C_P22,TSRE_FULL_68038c7fda1e07,118,"[277, 445, 195, 288, 339, 249, 156]","[277, 445, 195, 288, 339, 249, 156]",51a32d92db1cb72d6f0bb9df1251e4e86340872d05da4cc0c2ddea245b63ce8a,1,,0.6020082161147402,0.1177065871450522,0.6628381292141114,7,156,156,0.8835432236702391,1949,1949,0.9073613346992536,157a94b6c278ef453217ea8c6e5a1bae18210a5b3a4e5b69f781c8c003fc3022,PROFILE_68038c7fda1e07,PASS,0.6244635958103156,TSRE_FULL,0.4951706007122993,,
MISAR_E15_5_S1,RNA_CHROMATIN,PER_LANE_LABEL_ASSISTED_SCORE_FRONTIER,0.538988415640465,0.6635625269957001,0.6617914219402259,C_P22,TSRE_FULL_8307fd26d39e7a,10,"[295, 437, 180, 267, 353, 286, 131]","[295, 437, 180, 267, 353, 286, 131]",b00ca6eb9feee0d4853ab387b2eb04500c5a515ecfcd31a3c5b81889601c1c53,1,,0.6310151608744484,0.0800977406566691,0.7022289859841355,7,131,131,0.9216790897910448,1949,1949,0.9363383579686814,ec5a71e29e59baa829d9a92ea5ea5d8eed5ac316a012b8ac68f1efa849c9b41b,PROFILE_8307fd26d39e7a,PASS,0.6635625269957003,TSRE_FULL,0.4951428696513176,,
MISAR_E15_5_S1,RNA_CHROMATIN,PER_LANE_LABEL_ASSISTED_SCORE_FRONTIER,0.5417984659042879,0.6658418512414895,0.6640811938706853,C_GEO,TSRE_FULL_6775ee4b72532e,4,"[295, 438, 181, 267, 352, 291, 125]","[295, 438, 181, 267, 352, 291, 125]",66fa7a0ff485197497cf649a2b6b148e0e45c82d16fd941fbb2c22efdef1729a,1,,0.6333394977777734,0.0792240500707243,0.70417353829253,7,125,125,0.922651758430902,1949,1949,0.9373627981852772,8022356d937c8f1a8018b2c0bf03eaa105528961be9abe0e5463b690925f8696,PROFILE_6775ee4b72532e,PASS,0.6658418512414895,TSRE_FULL,0.4925462640821934,,
MISAR_E15_5_S1,RNA_CHROMATIN,PER_LANE_LABEL_ASSISTED_SCORE_FRONTIER,0.5230640498195339,0.6508594537136303,0.6490257435709679,C_GEO,TSRE_FULL_6c34d10e09aa57,79,"[276, 447, 178, 286, 354, 249, 159]","[276, 447, 178, 286, 354, 249, 159]",de8e829990e6c39ba668c107627be94441d03fa7987198bc0fb68b729c81d80e,1,,0.6178371960678134,0.0982126222532535,0.6899389365210578,7,159,159,0.902963205756427,1949,1949,0.923313332357676,e5aeb595490991f3ad8539509a29d962ba1bc51363d857c253aa5c75b0a64759,PROFILE_6c34d10e09aa57,PASS,0.6508594537136303,TSRE_FULL,0.4043964967131614,,
MISAR_E15_5_S1,RNA_CHROMATIN,PER_LANE_LABEL_ASSISTED_SCORE_FRONTIER,0.5416365903694235,0.6669488935833198,0.6651935851132982,C_GEO,TSRE_FULL_8b9b3cafcfe0e0,0,"[295, 437, 178, 267, 355, 292, 125]","[295, 437, 178, 267, 355, 292, 125]",2286d7e1a877ff90aef72ec25b84ffe0d786b5c6d1ddea4e60556333026406e9,1,,0.6332069965196186,0.0797725769119333,0.70517948377323,7,125,125,0.9221019057409858,1949,1949,0.936631055173423,1e7f48d5c56302ba7e728af2f70df32fe0f52f3dc49d1118ad2509ce58675829,PROFILE_8b9b3cafcfe0e0,PASS,0.6669488935833197,TSRE_FULL,0.3938497249037027,,
P22_3DOT_K18,,SECONDARY_LABEL_ASSISTED_SENSITIVITY,0.7283067896750458,0.750114378580106,0.7484879896655295,NONE,INPUT_STRONG_START,0,"[626, 2289, 939, 642, 778, 576, 573, 228, 43, 32, 415, 163, 310, 141, 157, 434, 566, 284]","[626, 2289, 939, 642, 778, 576, 573, 228, 43, 32, 415, 163, 310, 141, 157, 434, 566, 284]",74234e98afe7498fb5daf1f36ac2d78acc339464f950703b8c019892f982b90b,1,,0.7575629411458965,0.166091850413569,0.7523802447997215,18,32,32,0.8351995766385234,9196,9196,0.8935252691341172,2fa0bd0aa0099a53444b7d9645cc4020fedb237134db21a8ddef94566d7282c3,INPUT_STRONG_START,PASS,0.750114378580106,INPUT_STRONG_START,0.0005298387259244,labels_k18_author_assignment,label_mask
P22_3DOT_K18,,SECONDARY_LABEL_ASSISTED_SENSITIVITY,0.722755459961552,0.7440591912711032,0.7424046521889437,C_P22,NIGHT15F_DIRECT_a0183cdc467db7,1148,"[738, 2196, 879, 538, 190, 603, 705, 174, 48, 22, 517, 162, 358, 148, 426, 478, 666, 348]","[738, 2196, 879, 538, 190, 603, 705, 174, 48, 22, 517, 162, 358, 148, 426, 478, 666, 348]",35a990babd6d3ff6290bcd12794ca29d3ee23104ba7e7598f8cc1cf8b8100ba3,1,,0.7520171954788575,0.117542103262742,0.7494854085890861,18,22,22,0.8830714553548795,9196,9196,0.92669003815965,1f059b14da0f64234b0fc5ce771d0833ba6b8a7197ac1337e3bde3b9702335ca,PROFILE_a0183cdc467db7,PASS,0.7440591912711032,NIGHT15F_DIRECT,1.968744203448296,labels_k18_author_assignment,label_mask
P22_3DOT_K18,,SECONDARY_LABEL_ASSISTED_SENSITIVITY,0.7312127499916252,0.7520173075390264,0.7504174788000348,C_P22,TSRE_SUPPORT_ONLY_ec3c0cd2390f7d,1013,"[715, 2183, 849, 614, 235, 597, 676, 174, 48, 24, 505, 172, 353, 148, 420, 481, 653, 349]","[715, 2183, 849, 614, 235, 597, 676, 174, 48, 24, 505, 172, 353, 148, 420, 481, 653, 349]",dee5de7b6a7f28d51153d352c48fe071933a26c4f5a331a6f89bfc70ff383d5b,1,,0.7594880531761845,0.1247089671645556,0.7591539331923467,18,24,24,0.876076128126449,9196,9196,0.9216641330313654,d7c410766a14f6046737a836a8eda2ec3a0777975a0fcf36ffffc6b91ce4cb51,PROFILE_ec3c0cd2390f7d,PASS,0.7520173075390264,TSRE_SUPPORT_ONLY,2.432347733527422,labels_k18_author_assignment,label_mask
P22_3DOT_K18,,SECONDARY_LABEL_ASSISTED_SENSITIVITY,0.7242591547117687,0.7444138991448631,0.7427734370885534,C_P22,TSRE_SUPPORT_ONLY_9e0dc0eb2114bf,857,"[648, 2175, 846, 623, 366, 605, 677, 315, 48, 24, 471, 167, 362, 147, 394, 453, 567, 308]","[648, 2175, 846, 623, 366, 605, 677, 315, 48, 24, 471, 167, 362, 147, 394, 453, 567, 308]",3c883fa5753725762b04fded95d8a20d06d6837c270057bbbe0c63ebcccce8a9,1,,0.7531655176153631,0.1336342055269466,0.7545313032805413,18,24,24,0.8669767209263062,9196,9196,0.912822262898272,94f2982bbc5d413ef908ab4340f5549c88b05796834685fa7ffdf000646cf43a,PROFILE_9e0dc0eb2114bf,PASS,0.7444138991448631,TSRE_SUPPORT_ONLY,2.483526922762394,labels_k18_author_assignment,label_mask
P22_3DOT_K18,,SECONDARY_LABEL_ASSISTED_SENSITIVITY,0.7207566543281028,0.742405667343907,0.7407518936007613,C_P22,TSRE_SUPPORT_ONLY_2d96e44c473287,629,"[616, 2171, 820, 627, 558, 577, 669, 362, 48, 32, 464, 179, 351, 147, 283, 455, 537, 300]","[616, 2171, 820, 627, 558, 577, 669, 362, 48, 32, 464, 179, 351, 147, 283, 455, 537, 300]",09dbdcebd1e5dbc1399077e84d3fd7ba8291daeb3e232476c464f2e5ba38d5aa,1,,0.7500081270343326,0.1580248617693148,0.7533775484435259,18,32,32,0.8439087525494233,9196,9196,0.8929047870195141,b724ce5ab7c49aa62382f80702bbbf77b81ccedaf4c6ad71f145b4ecef604b25,PROFILE_2d96e44c473287,PASS,0.7424056673439071,TSRE_SUPPORT_ONLY,2.296369694173336,labels_k18_author_assignment,label_mask
P22_3DOT_K18,,SECONDARY_LABEL_ASSISTED_SENSITIVITY,0.7211100730682815,0.7420790453233106,0.7404233261060514,C_P22,TSRE_FULL_8b4c8a8a4c6e70,726,"[619, 2176, 849, 624, 477, 604, 677, 315, 48, 24, 480, 167, 350, 147, 323, 448, 563, 305]","[619, 2176, 849, 624, 477, 604, 677, 315, 48, 24, 480, 167, 350, 147, 323, 448, 563, 305]",794325faac6774c56a3feb067bc62e21264f6f0da6626a9996a74a9637a85b8d,1,,0.7503426477441575,0.1373697901070165,0.7520712731434436,18,24,24,0.8633562823673103,9196,9196,0.9089132255762729,469b1d77225f3d212947bbe1446fb8b9e5728380e5a9a8eccac8cd45cb68117f,PROFILE_8b4c8a8a4c6e70,PASS,0.7420790453233106,TSRE_FULL,2.4511683341115718,labels_k18_author_assignment,label_mask
P22_3DOT_K18,,SECONDARY_LABEL_ASSISTED_SENSITIVITY,0.7246827621986334,0.7424897371172885,0.7408289996598765,C_P22,TSRE_FULL_6289be70c5f55e,517,"[621, 2214, 894, 624, 564, 605, 637, 278, 48, 31, 475, 169, 350, 145, 242, 456, 547, 296]","[621, 2214, 894, 624, 564, 605, 637, 278, 48, 31, 475, 169, 350, 145, 242, 456, 547, 296]",3d3a04859fcaae20d6a602356c51d7ee1b69e7cf5a9418ac48e015a63beffe75,1,,0.7536669000735147,0.1444221293434652,0.750514964572735,18,31,31,0.8570515182591054,9196,9196,0.9055936462631464,136af28e27c561331342092866834f32ca9fc6f15b11f7cd9f04343400848491,PROFILE_6289be70c5f55e,PASS,0.7424897371172885,TSRE_FULL,2.339592834934592,labels_k18_author_assignment,label_mask
P22_3DOT_K18,,SECONDARY_LABEL_ASSISTED_SENSITIVITY,0.5597692182857785,0.7158344950669396,0.7140435340406419,C_P22,TSRE_FULL_a0f49b6caa6282,1595,"[632, 1133, 914, 530, 615, 575, 511, 232, 48, 1416, 433, 169, 324, 145, 221, 444, 568, 286]","[632, 1133, 914, 530, 615, 575, 511, 232, 48, 1416, 433, 169, 324, 145, 221, 444, 568, 286]",c14304ffcab059e961f27cfaf9e8c655a9d03b103808faaf8a1edc1e575ca45f,1,,0.606191700008223,0.1365490157878854,0.7399283333815707,18,48,48,0.8666076998150367,9196,9196,0.8993267769056557,b9f981f95c47d97088ab3321562bfb58a425df55010c5fc2735faf5eabc64d17,PROFILE_a0f49b6caa6282,PASS,0.7158344950669396,TSRE_FULL,2.219443092122674,labels_k18_author_assignment,label_mask
P22_3DOT_K18,,SECONDARY_LABEL_ASSISTED_SENSITIVITY,0.7168972358735988,0.7416876687557759,0.7400193428974183,C_GEO,NIGHT15F_DIRECT_e76a5df3d9457d,488,"[641, 2220, 934, 616, 614, 604, 556, 228, 48, 119, 475, 161, 329, 142, 198, 430, 592, 289]","[641, 2220, 934, 616, 614, 604, 556, 228, 48, 119, 475, 161, 329, 142, 198, 430, 592, 289]",1348224682e31d90b0b7071939ef73de3bb2efe66d1f304a824f924099b293cd,1,,0.7467447024022846,0.1334783001940531,0.750332231434921,18,48,48,0.8694963363000605,9196,9196,0.9082306952502094,8f2c9d2e5596088a9f56205a11e1357ef327e59a15e9d26ac410a4e153c341e9,PROFILE_e76a5df3d9457d,PASS,0.741687668755776,NIGHT15F_DIRECT,1.717004720121622,labels_k18_author_assignment,label_mask
P22_3DOT_K18,,SECONDARY_LABEL_ASSISTED_SENSITIVITY,0.7070610888991712,0.7388581506966029,0.7371749581324073,C_GEO,TSRE_SUPPORT_ONLY_c123d1df033110,469,"[635, 2184, 929, 621, 647, 604, 557, 227, 48, 152, 474, 162, 308, 142, 196, 435, 588, 287]","[635, 2184, 929, 621, 647, 604, 557, 227, 48, 152, 474, 162, 308, 142, 196, 435, 588, 287]",0e7ea9d4ee17779cc7744c82bc2ddb5de2021f1823a58d6d50f4603f85696657,1,,0.7378152175599064,0.1358807437977436,0.7487762467728853,18,48,48,0.8680146624517066,9196,9196,0.9055936462631464,48b6e4359ff2d790b0e5ce3d0b9312aa55944dc4dfb8687e2a68d16e306df178,PROFILE_c123d1df033110,PASS,0.7388581506966029,TSRE_SUPPORT_ONLY,2.151914305984974,labels_k18_author_assignment,label_mask
P22_3DOT_K18,,SECONDARY_LABEL_ASSISTED_SENSITIVITY,0.7045633307631864,0.7399005299669865,0.7382291092641419,C_GEO,TSRE_SUPPORT_ONLY_cd6dd7a1e57ba8,411,"[634, 2112, 928, 636, 733, 574, 549, 227, 46, 238, 444, 161, 309, 142, 157, 448, 569, 289]","[634, 2112, 928, 636, 733, 574, 549, 227, 46, 238, 444, 161, 309, 142, 157, 448, 569, 289]",e7c10eea5ae76c1effc49e1ccedd35ebde001e242ee51db9d3687edd01660468,1,,0.7354582897976932,0.1463767576338539,0.7517421331913919,18,46,46,0.856850033486418,9196,9196,0.8979306921477989,de1ad534ee016ebfece2947bd574d112d7e1b8d2b66b1e1a6227d052377ec572,PROFILE_cd6dd7a1e57ba8,PASS,0.7399005299669867,TSRE_SUPPORT_ONLY,2.1423269361257558,labels_k18_author_assignment,label_mask
P22_3DOT_K18,,SECONDARY_LABEL_ASSISTED_SENSITIVITY,0.7000297125055764,0.7399387041909092,0.738274125362178,C_GEO,TSRE_SUPPORT_ONLY_27e93dd7580f57,408,"[629, 2033, 928, 645, 743, 572, 560, 228, 46, 306, 422, 161, 319, 143, 167, 438, 570, 286]","[629, 2033, 928, 645, 743, 572, 560, 228, 46, 306, 422, 161, 319, 143, 167, 438, 570, 286]",4e2debb1df924b29bfaa235ae2b16ff09d70ba65807061917dade069de6f5271,1,,0.7314235731568476,0.1543788533343808,0.7543467907130091,18,46,46,0.8487582828393676,9196,9196,0.8891818943318959,5eb4ab003a223d79aac244cb141144d5d0fba1af8054f3cdd984a4399dbac5b7,PROFILE_27e93dd7580f57,PASS,0.7399387041909092,TSRE_SUPPORT_ONLY,2.069165740162134,labels_k18_author_assignment,label_mask
P22_3DOT_K18,,SECONDARY_LABEL_ASSISTED_SENSITIVITY,0.7074604266192023,0.7412967457224843,0.7396310228659558,C_GEO,TSRE_FULL_1f7b34388099a5,364,"[634, 2143, 934, 635, 731, 573, 556, 227, 46, 200, 444, 161, 309, 142, 159, 448, 567, 287]","[634, 2143, 934, 635, 731, 573, 556, 227, 46, 200, 444, 161, 309, 142, 159, 448, 567, 287]",573fb2a5a97ca926e132319a41e72d29c939d8fc35d2a40c8946e041f529bb7d,1,,0.73810278584515,0.1475074139991996,0.7519043115282426,18,46,46,0.8558614501156022,9196,9196,0.8977135234076877,8d1c0897fdeb1f386ddb370a2a849e91669ed779410461430bc63cb97d697bb8,PROFILE_1f7b34388099a5,PASS,0.7412967457224842,TSRE_FULL,2.1214400194585323,labels_k18_author_assignment,label_mask
P22_3DOT_K18,,SECONDARY_LABEL_ASSISTED_SENSITIVITY,0.7229514573255771,0.7447814134415669,0.7431310573731947,C_GEO,TSRE_FULL_ef465eab3447be,257,"[634, 2193, 934, 650, 735, 573, 575, 226, 46, 126, 429, 161, 312, 142, 159, 447, 568, 286]","[634, 2193, 934, 650, 735, 573, 575, 226, 46, 126, 429, 161, 312, 142, 159, 447, 568, 286]",fb75a5c782d0acea49e987f968a23579f68fa2c4570f79a743f4a5167a887ab8,1,,0.7521470223528316,0.1497103415336713,0.7527450591301876,18,46,46,0.8528506203433838,9196,9196,0.8968138243415134,552528a0d740b66d3bf6f0e3ac83bd3b68455bfe18810d71eefd65e3b32f6ce0,PROFILE_ef465eab3447be,PASS,0.7447814134415669,TSRE_FULL,2.029017159715295,labels_k18_author_assignment,label_mask
P22_3DOT_K18,,SECONDARY_LABEL_ASSISTED_SENSITIVITY,0.7256868340698718,0.7460888660713783,0.7444373151775128,C_GEO,TSRE_FULL_94eba19db898dd,85,"[633, 2285, 933, 648, 759, 574, 572, 227, 46, 32, 420, 163, 315, 146, 157, 436, 566, 284]","[633, 2285, 933, 648, 759, 574, 572, 227, 46, 32, 420, 163, 315, 146, 157, 436, 566, 284]",8d5fdef6aec127adfd8a13a8b7c1499089001bdd548cd8580820cdd0e5a68d01,1,,0.7551591451113896,0.159861081494706,0.7488527458604254,18,32,32,0.8412460318080769,9196,9196,0.8951695467378152,8cf8176607ab1581b6c112e4e500accc6e325fc920116e2c3c901bebe6ffd438,PROFILE_94eba19db898dd,PASS,0.7460888660713784,TSRE_FULL,1.8932166881859305,labels_k18_author_assignment,label_mask
P22_3DOT_K18,,SECONDARY_LABEL_ASSISTED_SENSITIVITY,0.7269726564525489,0.7458987203409555,0.7442546804142134,C_CONSERVATIVE,NIGHT15F_DIRECT_a74c68ac898d52,583,"[699, 2237, 935, 606, 548, 597, 564, 203, 48, 102, 488, 162, 335, 142, 199, 441, 597, 293]","[699, 2237, 935, 606, 548, 597, 564, 203, 48, 102, 488, 162, 335, 142, 199, 441, 597, 293]",21d38c2974b8c7afc602d07dae7548e97bffb08fa53723d02537aa897b0cb57d,1,,0.7558550673477861,0.1263138732752093,0.753465595777418,18,48,48,0.8763978154334888,9196,9196,0.9154282877796048,fd49bab9ced35abf1aefb369b1a13e77fc32491a18345ce1cfd50774b2243325,PROFILE_a74c68ac898d52,PASS,0.7458987203409555,NIGHT15F_DIRECT,1.5700298212468624,labels_k18_author_assignment,label_mask
P22_3DOT_K18,,SECONDARY_LABEL_ASSISTED_SENSITIVITY,0.719704267003306,0.7408906606149462,0.7392145538649822,C_CONSERVATIVE,TSRE_SUPPORT_ONLY_35edef640312df,460,"[655, 2237, 938, 613, 600, 608, 562, 219, 48, 98, 470, 164, 335, 143, 193, 435, 585, 293]","[655, 2237, 938, 613, 600, 608, 562, 219, 48, 98, 470, 164, 335, 143, 193, 435, 585, 293]",c5cd6241eb1a3efcc32375917cde50701dc819f5979ac18d0d8f325604d9e1ad,1,,0.7493455599728271,0.1325411634245153,0.7485155405192914,18,48,48,0.8704782711950643,9196,9196,0.9100921415940184,4f04ee01140363eb9110da9a8cf1999f0dc4d48acddaecd209d0ac9726abe024,PROFILE_35edef640312df,PASS,0.7408906606149464,TSRE_SUPPORT_ONLY,2.2566231917589903,labels_k18_author_assignment,label_mask
P22_3DOT_K18,,SECONDARY_LABEL_ASSISTED_SENSITIVITY,0.7259733701378726,0.7461843399487607,0.7445354051241639,C_CONSERVATIVE,TSRE_SUPPORT_ONLY_c6feb191012684,222,"[638, 2269, 936, 643, 721, 583, 556, 225, 48, 67, 430, 167, 312, 143, 159, 444, 569, 286]","[638, 2269, 936, 643, 721, 583, 556, 225, 48, 67, 430, 167, 312, 143, 159, 444, 569, 286]",ffad176ddc7170f34e9d66637808df30156389d9c056fcffef190c0f7af738cc,1,,0.7552284728736932,0.1479735870600176,0.7510171243473004,18,48,48,0.8541618371858423,9196,9196,0.9000403313374492,2ff74ef05c1af6804a37c6f480ac106fea13a5df783ae0ab2086e2958d2d97d3,PROFILE_c6feb191012684,PASS,0.7461843399487607,TSRE_SUPPORT_ONLY,2.022038031369448,labels_k18_author_assignment,label_mask
P22_3DOT_K18,,SECONDARY_LABEL_ASSISTED_SENSITIVITY,0.7267436950221307,0.7463805446940268,0.7447354772451125,C_CONSERVATIVE,TSRE_SUPPORT_ONLY_0da61054212ebb,159,"[628, 2237, 933, 650, 751, 573, 572, 225, 47, 85, 416, 166, 319, 142, 162, 436, 570, 284]","[628, 2237, 933, 650, 751, 573, 572, 225, 47, 85, 416, 166, 319, 142, 162, 436, 570, 284]",0dbdc21a0c3519b734b12281c8b676bd36d27f60b394e2ff271a3308cb32a5af,1,,0.755749425592575,0.1575289621271158,0.7523444108668236,18,47,47,0.8450508770848214,9196,9196,0.8923153290106413,d1d0ae062978cb70dc52dce0b9920de990f43e6a8dace651ed9ba22b31bc628e,PROFILE_0da61054212ebb,PASS,0.7463805446940268,TSRE_SUPPORT_ONLY,1.9191789235919716,labels_k18_author_assignment,label_mask
P22_3DOT_K18,,SECONDARY_LABEL_ASSISTED_SENSITIVITY,0.7259733701378726,0.7461843399487607,0.7445354051241639,C_CONSERVATIVE,TSRE_FULL_485370672bfb4c,222,"[638, 2269, 936, 643, 721, 583, 556, 225, 48, 67, 430, 167, 312, 143, 159, 444, 569, 286]","[638, 2269, 936, 643, 721, 583, 556, 225, 48, 67, 430, 167, 312, 143, 159, 444, 569, 286]",ba08dd7eda99d4bf31a3cd327f03275ebd51cc0a9a18923312cb7ca48cc7a3be,1,,0.7552284728736932,0.1479735870600176,0.7510171243473004,18,48,48,0.8541618371858423,9196,9196,0.9000403313374492,2ff74ef05c1af6804a37c6f480ac106fea13a5df783ae0ab2086e2958d2d97d3,PROFILE_485370672bfb4c,PASS,0.7461843399487607,TSRE_FULL,2.0346028711646795,labels_k18_author_assignment,label_mask
P22_3DOT_K18,,SECONDARY_LABEL_ASSISTED_SENSITIVITY,0.7260905309830031,0.7461727261412839,0.7445231314036204,C_CONSERVATIVE,TSRE_FULL_2e53c1c4069f25,171,"[640, 2262, 938, 646, 733, 577, 570, 225, 47, 58, 425, 167, 314, 143, 156, 441, 568, 286]","[640, 2262, 938, 646, 733, 577, 570, 225, 47, 58, 425, 167, 314, 143, 156, 441, 568, 286]",afc1174972d1f15fe3308d6a6e98cc87234c59b5ae8757a714d0b165a269a4c4,1,,0.755326345061206,0.1506830016121207,0.7506522903312143,18,47,47,0.851343228612187,9196,9196,0.8982409332051003,ba1272b7628ee6cd74e35f885235bb75de0a383e6fa2d703fc5636f38b84db08,PROFILE_2e53c1c4069f25,PASS,0.7461727261412838,TSRE_FULL,1.9576152823865411,labels_k18_author_assignment,label_mask
P22_3DOT_K18,,SECONDARY_LABEL_ASSISTED_SENSITIVITY,0.7267690932258873,0.7470169711962572,0.7453709519498707,C_CONSERVATIVE,TSRE_FULL_398067aabfab56,75,"[631, 2286, 938, 646, 766, 572, 572, 226, 47, 33, 414, 167, 309, 144, 156, 440, 565, 284]","[631, 2286, 938, 646, 766, 572, 572, 226, 47, 33, 414, 167, 309, 144, 156, 440, 565, 284]",f1d1fcc563cb2ff8e81c6418a7575c82f6be05d926437717c71fc18aef717ef0,1,,0.7561452025062184,0.1592930169029013,0.7497113547992028,18,33,33,0.8419207621468305,9196,9196,0.8956969565352279,13deeede2c96d0c4e97f6e5249290c0985a40945a85321b2eba3baf18fb0b445,PROFILE_398067aabfab56,PASS,0.7470169711962572,TSRE_FULL,2.018817324191332,labels_k18_author_assignment,label_mask
P22_3DOT_K18,,SECONDARY_LABEL_ASSISTED_SENSITIVITY,0.7289759196429944,0.7498820934656335,0.7482546194179018,C_P22,TSRE_FULL_4718cb0231e69c,17,"[627, 2284, 939, 643, 775, 573, 572, 228, 46, 34, 415, 163, 310, 142, 161, 435, 565, 284]","[627, 2284, 939, 643, 775, 573, 572, 228, 46, 34, 415, 163, 310, 142, 161, 435, 565, 284]",70cc4f428036e4e55434a06346fe99ac4a36cb010ce5edd44ef500acf7e8bdfe,1,,0.7581085203309591,0.1635513817161833,0.752599411595909,18,34,34,0.8376497057389226,9196,9196,0.893897558402879,179de8476ba0341533b8b4a178fe19053e992c86924db43b79bfbe33742de850,PROFILE_4718cb0231e69c,PASS,0.7498820934656335,TSRE_FULL,1.9283748604357245,labels_k18_author_assignment,label_mask
P22_3DOT_K18,,SECONDARY_LABEL_ASSISTED_SENSITIVITY,0.7280974767932565,0.7488811898963879,0.7472471105053227,C_CONSERVATIVE,TSRE_FULL_b7c3a7c769a735,58,"[630, 2284, 938, 645, 774, 577, 569, 226, 46, 33, 415, 165, 308, 143, 157, 435, 567, 284]","[630, 2284, 938, 645, 774, 577, 569, 226, 46, 33, 415, 165, 308, 143, 157, 435, 567, 284]",3dbdc70b4abb8ec3cd457260cbabd8f607d01c078e0d2bbaf6c9809a19e4fedf,1,,0.7573314368080272,0.1593516736823746,0.7514831402831579,18,33,33,0.8416420398496856,9196,9196,0.895914125275339,def3cf289b0f553385b9b0cf6831c867abf5c57f7d1c46f64617dff38602a98d,PROFILE_b7c3a7c769a735,PASS,0.7488811898963879,TSRE_FULL,1.9439981319010256,labels_k18_author_assignment,label_mask
P22_3DOT_K18,,SECONDARY_LABEL_ASSISTED_SENSITIVITY,0.7239861446898472,0.7444417246395655,0.7427810009231038,C_CONSERVATIVE,TSRE_FULL_af4b62d4125986,280,"[639, 2266, 937, 621, 724, 584, 562, 222, 48, 63, 459, 167, 310, 143, 150, 443, 572, 286]","[639, 2266, 937, 621, 724, 584, 562, 222, 48, 63, 459, 167, 310, 143, 150, 443, 572, 286]",edde2e22bd84bd6511a0b33772c5b8582fd1736eb43ae9883d20bddc783e0321,1,,0.753447607492556,0.1434641854332663,0.7490644998245364,18,48,48,0.858569765360833,9196,9196,0.9026773803245122,32ba4da9edbb671099d76085413286ac93d2903c79a251fe6d9093685f103df7,PROFILE_af4b62d4125986,PASS,0.7444417246395654,TSRE_FULL,2.0513564702123404,labels_k18_author_assignment,label_mask
P22_3DOT_K18,,SECONDARY_LABEL_ASSISTED_SENSITIVITY,0.7228954290846427,0.7485479426035282,0.7469220242809806,C_P22,TSRE_FULL_ef89b5815a0e25,1173,"[723, 2154, 836, 605, 114, 636, 706, 174, 48, 24, 499, 182, 420, 147, 423, 481, 672, 352]","[723, 2154, 836, 605, 114, 636, 706, 174, 48, 24, 499, 182, 420, 147, 423, 481, 672, 352]",7eecc51ff4ddfde47aa0943ed286f4f2c0c6354260227877aa9cd25d1e31eb2f,1,,0.7520227534605747,0.1227348101713823,0.7544048627389579,18,24,24,0.87868841179382,9196,9196,0.9238978686439364,0310922b88509b066015bafceef972d55a1d3f3b2a0283d56dc110b9f7f11c3e,PROFILE_ef89b5815a0e25,PASS,0.7485479426035282,TSRE_FULL,2.782303486019373,labels_k18_author_assignment,label_mask
P22_3DOT_K18,,SECONDARY_LABEL_ASSISTED_SENSITIVITY,0.7079728448558157,0.739527338838415,0.7378530180388432,C_GEO,TSRE_FULL_9c06b6282ccd0f,325,"[634, 2113, 931, 648, 726, 567, 579, 226, 47, 203, 419, 163, 322, 147, 171, 444, 570, 286]","[634, 2113, 931, 648, 726, 567, 579, 226, 47, 203, 419, 163, 322, 147, 171, 444, 570, 286]",452f4f63626c59444aa6a59abcdde34967177754d047b19a19294be24669e5fa,1,,0.7385224650961448,0.1532900440206133,0.7512133575575755,18,47,47,0.8505835089284856,9196,9196,0.8907641237241336,83ba8427f3fa638180c7e9d9f6a64493e6a4221839068cdf5c2d6803c3508d19,PROFILE_9c06b6282ccd0f,PASS,0.739527338838415,TSRE_FULL,2.018598541617393,labels_k18_author_assignment,label_mask
P22_3DOT_K18,,SECONDARY_LABEL_ASSISTED_SENSITIVITY,0.2807733535184644,0.567916877850013,0.5648187295569111,C_P22,TSRE_FULL_74a5898799bc09,5201,"[470, 1, 147, 379, 82, 511, 363, 267, 48, 4912, 360, 176, 302, 147, 265, 404, 58, 304]","[470, 1, 147, 379, 82, 511, 363, 267, 48, 4912, 360, 176, 302, 147, 265, 404, 58, 304]",9a38c65f56a8c3fd44afdc5560534739c18fb3c170f7ceb07736cfd126a82dfb,1,,0.4489642615338676,0.2067774634079488,0.5004202984168228,18,1,1,0.7936936571190147,9196,9196,0.9122948531008592,7eb800b42ef3580084c32e8bbfbfddb0bd45c9ea289d8b6566859b13780875ae,PROFILE_74a5898799bc09,PASS,0.567916877850013,TSRE_FULL,2.349900024011731,labels_k18_author_assignment,label_mask
P22_3DOT_K18,,SECONDARY_LABEL_ASSISTED_SENSITIVITY,0.7043834293566412,0.7400817783690304,0.7384178115186362,C_GEO,TSRE_FULL_5e8165f7d0603f,401,"[630, 2043, 932, 646, 731, 568, 559, 226, 47, 294, 419, 162, 322, 146, 171, 443, 571, 286]","[630, 2043, 932, 646, 731, 568, 559, 226, 47, 294, 419, 162, 322, 146, 171, 443, 571, 286]",84d929ed5646d81690ae5a9164b9d679d46dc9d80c830c98ccb047ae02e6980d,1,,0.7353298410064427,0.1532303869477717,0.754387471754246,18,47,47,0.8504352181600718,9196,9196,0.8899574969751497,352a7ea64365289cca71c98843ae080073e8f9e334b370685f48ea4dde156c9b,PROFILE_5e8165f7d0603f,PASS,0.7400817783690304,TSRE_FULL,2.079186713322997,labels_k18_author_assignment,label_mask
P22_3DOT_K18,,SECONDARY_LABEL_ASSISTED_SENSITIVITY,0.7028571271075056,0.7409113995740826,0.7392542765701765,C_GEO,TSRE_FULL_864fd94753d0a1,422,"[629, 2011, 928, 646, 756, 572, 553, 228, 46, 333, 422, 161, 314, 144, 162, 436, 569, 286]","[629, 2011, 928, 646, 756, 572, 553, 228, 46, 333, 422, 161, 314, 144, 162, 436, 569, 286]",64e28efe7fec5366cfd8367816af35daa467ca1e8d437e42d2ae0a74468c8744,1,,0.7340115898367765,0.1551257792438661,0.7558419669563005,18,46,46,0.8479381097639428,9196,9196,0.8887475568516737,6042b5d1028f723b93f1a0d31ea85d3213d19a2f81d2973c4958a705f37ebdd9,PROFILE_864fd94753d0a1,PASS,0.7409113995740826,TSRE_FULL,2.196368044242263,labels_k18_author_assignment,label_mask
P22_3DOT_K18,,SECONDARY_LABEL_ASSISTED_SENSITIVITY,0.7248649691437321,0.7448604116888148,0.7432041604395864,C_CONSERVATIVE,TSRE_FULL_afd733d6805925,222,"[628, 2255, 933, 650, 727, 566, 579, 226, 47, 57, 423, 171, 316, 150, 165, 442, 572, 289]","[628, 2255, 933, 650, 727, 566, 579, 226, 47, 57, 423, 171, 316, 150, 165, 442, 572, 289]",90971dbbe31c0656aba19dffbbfb8364c8f4d5185dc8cfc091c479d79b4b6498,1,,0.7541568440269532,0.1535006153562799,0.7500047908818465,18,47,47,0.8490554342652403,9196,9196,0.8952936431607359,5fb666a0ca58328e696547112efc192fee95623f6a062b74b4fb694d6d1c63e0,PROFILE_afd733d6805925,PASS,0.7448604116888148,TSRE_FULL,2.049596969038248,labels_k18_author_assignment,label_mask
P22_3DOT_K18,,SECONDARY_LABEL_ASSISTED_SENSITIVITY,0.7262113652345731,0.7472473923934636,0.7456032380760677,C_CONSERVATIVE,TSRE_FULL_f2ad443cb4889d,97,"[634, 2286, 933, 648, 755, 572, 576, 226, 46, 33, 417, 165, 315, 142, 161, 433, 570, 284]","[634, 2286, 933, 648, 755, 572, 576, 226, 46, 33, 417, 165, 315, 142, 161, 433, 570, 284]",39eb3400a906075ccb439a84024f1638f499e3b1abad1cb2f050f186126ef714,1,,0.7556308020056955,0.1629242359004497,0.750046887091977,18,33,33,0.838405055646044,9196,9196,0.8942388235659107,551ebe3bc59fbd1345eb39614dbf203dfd1c88dce5d5e09cd41fe95fa9d13e96,PROFILE_f2ad443cb4889d,PASS,0.7472473923934637,TSRE_FULL,2.019833503291011,labels_k18_author_assignment,label_mask
P22_3DOT_K18,,SECONDARY_LABEL_ASSISTED_SENSITIVITY,0.7268862783154884,0.7458665299896102,0.7442180301689445,C_CONSERVATIVE,TSRE_FULL_2f301bb673967a,168,"[635, 2237, 933, 650, 739, 573, 575, 225, 47, 82, 418, 166, 316, 142, 162, 442, 570, 284]","[635, 2237, 933, 650, 739, 573, 575, 225, 47, 82, 418, 166, 316, 142, 162, 442, 570, 284]",dbb95218c852acc453d922bff028b7e06840b83bbc471ca6390781dfb5310cda,1,,0.7558754612700891,0.1575221873873241,0.7517802040237959,18,47,47,0.8450229724018915,9196,9196,0.8930288834424348,1b701330afb2cb269353e5785827f008d230b938955af0842794711d0d7c2897,PROFILE_2f301bb673967a,PASS,0.7458665299896102,TSRE_FULL,2.113763445988297,labels_k18_author_assignment,label_mask
P22_3DOT_K18,,SECONDARY_LABEL_ASSISTED_SENSITIVITY,0.728215606016778,0.7493924606177311,0.7477617712120032,C_CONSERVATIVE,TSRE_FULL_744f8b5b52b78a,12,"[625, 2288, 938, 642, 778, 573, 571, 228, 46, 32, 415, 163, 310, 142, 161, 434, 566, 284]","[625, 2288, 938, 642, 778, 573, 571, 228, 46, 32, 415, 163, 310, 142, 161, 434, 566, 284]",eb1a8526f026d204ab88d0ac407f9905121346b7f7a2b263a19bb0aa51d91d28,1,,0.7574598420923819,0.1643117472452241,0.7519188633874588,18,32,32,0.8372755609824643,9196,9196,0.8938355101914187,162dd13a91125ffc05b6bf5da25fc8c7fc6216fa3b2346fffe746c3ee22ebcbc,PROFILE_744f8b5b52b78a,PASS,0.7493924606177311,TSRE_FULL,1.862121218815446,labels_k18_author_assignment,label_mask
P22_3DOT_K18,,SECONDARY_LABEL_ASSISTED_SENSITIVITY,0.5710474572782035,0.717974461984634,0.7161973213319618,C_P22,TSRE_FULL_358d5495f25472,1487,"[641, 1224, 925, 541, 586, 613, 515, 222, 48, 1292, 435, 167, 342, 144, 200, 441, 572, 288]","[641, 1224, 925, 541, 586, 613, 515, 222, 48, 1292, 435, 167, 342, 144, 200, 441, 572, 288]",924d69e1d334ebf0a9653f81448241264acf34b4bce0b01b6a613ae5170a7484,1,,0.6167263102052125,0.129368950340941,0.7423404329444149,18,48,48,0.8739823869949448,9196,9196,0.9065864176465114,f729626dc18653acc49197ae17ab70c0322bf69d41ac09835cc2e8b01bb4d9e4,PROFILE_358d5495f25472,PASS,0.717974461984634,TSRE_FULL,2.195597104728222,labels_k18_author_assignment,label_mask
P22_3DOT_K18,,SECONDARY_LABEL_ASSISTED_SENSITIVITY,0.6467748218896573,0.724494259631903,0.7227549924555494,C_GEO,TSRE_FULL_b56e12ce390a31,1050,"[623, 1770, 914, 572, 582, 596, 532, 260, 47, 633, 478, 169, 343, 150, 216, 447, 562, 302]","[623, 1770, 914, 572, 582, 596, 532, 260, 47, 633, 478, 169, 343, 150, 216, 447, 562, 302]",326222b25bbbb10c43129f2164b12958941201ac4f4e1b1605c14b14f6dee045,1,,0.6847095931645673,0.1328281747830746,0.7474452470137088,18,47,47,0.8710244450287464,9196,9196,0.9027394285359724,51ee1716c3293f17235128db7e36094515e2452b147f486697c09c4ce0bb951a,PROFILE_b56e12ce390a31,PASS,0.724494259631903,TSRE_FULL,2.314853828400373,labels_k18_author_assignment,label_mask
P22_3DOT_K18,,SECONDARY_LABEL_ASSISTED_SENSITIVITY,0.691587502592931,0.7377770504304828,0.7361108732772081,C_GEO,TSRE_FULL_fe365f0ab04e81,736,"[615, 1932, 911, 614, 672, 570, 563, 251, 47, 400, 465, 174, 344, 154, 175, 445, 569, 295]","[615, 1932, 911, 614, 672, 570, 563, 251, 47, 400, 465, 174, 344, 154, 175, 445, 569, 295]",5263deaae60fad8d7a73e35224f5e73c4a7303f7bc974c8798e91cbde4bb6f33,1,,0.7242915083164533,0.145955866498036,0.7568479111121219,18,47,47,0.8582658927699836,9196,9196,0.8938044860856886,5400472bda4cf93fb5f7852469bce9fde4f2b367ef8d271559650bde12bb5f7c,PROFILE_fe365f0ab04e81,PASS,0.7377770504304828,TSRE_FULL,2.1418806184083223,labels_k18_author_assignment,label_mask
P22_3DOT_K18,,SECONDARY_LABEL_ASSISTED_SENSITIVITY,0.6413710476546223,0.7289480401014742,0.7272325295417308,C_GEO,TSRE_FULL_129cf4b48413b0,873,"[629, 1723, 925, 598, 709, 569, 540, 233, 46, 673, 453, 163, 317, 142, 174, 450, 565, 287]","[629, 1723, 925, 598, 709, 569, 540, 233, 46, 673, 453, 163, 317, 142, 174, 450, 565, 287]",698ac8c90378b3a035767a39f838ad3ec77addbd521880b2e53396872a0a0745,1,,0.6797565437752066,0.1409726554855871,0.7506039348024427,18,46,46,0.8620982614200935,9196,9196,0.8984270778394813,f555f803dcbcb75a418e78cfda38c4fb128561b3ee81c2b091bf207960fba160,PROFILE_129cf4b48413b0,PASS,0.7289480401014742,TSRE_FULL,2.1494246385991573,labels_k18_author_assignment,label_mask
P22_3DOT_K18,,SECONDARY_LABEL_ASSISTED_SENSITIVITY,0.737786745586997,0.7553476116900917,0.7537661763442235,C_P22,TSRE_FULL_b66c5743185a60,941,"[715, 2203, 901, 614, 235, 601, 658, 174, 48, 24, 507, 171, 348, 145, 420, 481, 646, 305]","[715, 2203, 901, 614, 235, 601, 658, 174, 48, 24, 507, 171, 348, 145, 420, 481, 646, 305]",2f9abb4a392129abac3a187a485bab2b34eec450c6c95fdfaaec12e07d164277,1,,0.7654729429586126,0.1256359514530616,0.7612439415037032,18,24,24,0.8751723025278024,9196,9196,0.9212297955511431,e680f259cffd9a096b4f531115b709f6871a2405d4e87ceab6f43cc07e9ed963,PROFILE_b66c5743185a60,PASS,0.7553476116900917,TSRE_FULL,2.703165959566832,labels_k18_author_assignment,label_mask
P22_3DOT_K18,,SECONDARY_LABEL_ASSISTED_SENSITIVITY,0.7235236240614678,0.7430464210452288,0.7413758149650775,C_CONSERVATIVE,TSRE_FULL_f84a8228d314d3,269,"[643, 2274, 941, 619, 718, 589, 555, 219, 48, 55, 462, 167, 310, 143, 154, 440, 573, 286]","[643, 2274, 941, 619, 718, 589, 555, 219, 48, 55, 462, 167, 310, 143, 154, 440, 573, 286]",1410d4ee72df95dadf7eea93fa4519a8177d87c91a4f200f9367a19837fd24a4,1,,0.7530935232234481,0.1409844944730219,0.7472081142546707,18,48,48,0.8611362385446915,9196,9196,0.904476778456861,29b0d5925f3a68bccaca8e9c148ea3ab4e98661ea6b01a9499da6e44b9e7fdf8,PROFILE_f84a8228d314d3,PASS,0.7430464210452288,TSRE_FULL,2.003727911040187,labels_k18_author_assignment,label_mask
P22_3DOT_K18,,SECONDARY_LABEL_ASSISTED_SENSITIVITY,0.734123247567394,0.7527129091935185,0.751117524179557,C_P22,TSRE_FULL_ca6596a8427217,875,"[718, 2225, 883, 616, 274, 600, 636, 242, 48, 24, 507, 171, 343, 144, 384, 478, 601, 302]","[718, 2225, 883, 616, 274, 600, 636, 242, 48, 24, 507, 171, 343, 144, 384, 478, 601, 302]",d7032ec947714abdc3202b71049aebc8b9e91674732cac7a373ee062abca8cc2,1,,0.7621918564355096,0.1261935658399736,0.7596614306149223,18,24,24,0.8746960075439986,9196,9196,0.9202060000620482,47954306e94c5332fc89dcedaeaa068f16c37e4c6b42ed8a1a8672c345fca96a,PROFILE_ca6596a8427217,PASS,0.7527129091935184,TSRE_FULL,2.3092163242399693,labels_k18_author_assignment,label_mask
P22_3DOT_K18,,SECONDARY_LABEL_ASSISTED_SENSITIVITY,0.7275808674946971,0.7488363777151475,0.7472022908429231,C_CONSERVATIVE,TSRE_FULL_c23b5bade66abc,48,"[630, 2284, 937, 646, 768, 576, 570, 228, 46, 34, 415, 166, 311, 142, 159, 436, 564, 284]","[630, 2284, 937, 646, 768, 576, 570, 228, 46, 34, 415, 166, 311, 142, 159, 436, 564, 284]",81cc1ed1f448a051a41017694c08589e4b8207ba892bef208067f7cf7508c25c,1,,0.7568541497284554,0.1627099430998956,0.7516227923066645,18,34,34,0.838426075277718,9196,9196,0.8941767753544504,de6e4eac25c809856bbc81e429daa9a2d99589ab9684be694cc028633044ae14,PROFILE_c23b5bade66abc,PASS,0.7488363777151475,TSRE_FULL,1.887720232829452,labels_k18_author_assignment,label_mask
P22_3DOT_K18,,SECONDARY_LABEL_ASSISTED_SENSITIVITY,0.599109620030056,0.7179785157099474,0.7162057660964715,C_P22,TSRE_FULL_ead2e9b1fd1e1f,1403,"[614, 1486, 891, 529, 568, 593, 519, 254, 48, 1017, 453, 180, 356, 154, 225, 447, 565, 297]","[614, 1486, 891, 529, 568, 593, 519, 254, 48, 1017, 453, 180, 356, 154, 225, 447, 565, 297]",2a5fe9aa6163f680bd5e06a9a64253cbebcf7218f91faec5d284e8c0bc6d5bc4,1,,0.6425407922738159,0.1356216841643012,0.7436957081164237,18,48,48,0.8674749775106592,9196,9196,0.8977755716191481,a45394c8254fc3ffa1055561a40fdab7e745c45b6cb6cedf97cf6fd53328ed95,PROFILE_ead2e9b1fd1e1f,PASS,0.7179785157099473,TSRE_FULL,2.026666436344385,labels_k18_author_assignment,label_mask
P22_3DOT_K18,,SECONDARY_LABEL_ASSISTED_SENSITIVITY,0.7194149721992643,0.7437766879950626,0.7421199913080688,C_GEO,TSRE_FULL_aa832abad7b6ae,372,"[634, 2224, 931, 618, 683, 577, 560, 220, 47, 108, 473, 166, 309, 148, 185, 448, 575, 290]","[634, 2224, 931, 618, 683, 577, 560, 220, 47, 108, 473, 166, 309, 148, 185, 448, 575, 290]",b339cf565d4153e580e1be1dfdad4da140a6e43c0ffef950ac4b5e5735e05d8e,1,,0.7490423481046755,0.1387118356359472,0.7517226285669573,18,47,47,0.8639878022336563,9196,9196,0.9033909347563056,b9cdf1dd6fa6236fc3a5cfaa1d14923a010acce58af3a42af4363f62194b4f50,PROFILE_aa832abad7b6ae,PASS,0.7437766879950627,TSRE_FULL,2.220892071723938,labels_k18_author_assignment,label_mask
P22_3DOT_K18,,SECONDARY_LABEL_ASSISTED_SENSITIVITY,0.7200577819933996,0.7442927789279106,0.7426389107721758,C_GEO,TSRE_FULL_ba4e7260d58d23,365,"[634, 2228, 931, 619, 684, 575, 558, 221, 47, 107, 473, 166, 308, 145, 185, 444, 581, 290]","[634, 2228, 931, 619, 684, 575, 558, 221, 47, 107, 473, 166, 308, 145, 185, 444, 581, 290]",fcb2b2739872b75fe5d2504587ef9bd965efbac586bcaa5c425f1045040ea7ae,1,,0.7496376035611083,0.1385287336597906,0.7520472281714697,18,47,47,0.8641028998665159,9196,9196,0.9038252722365278,3e0a5250f5eaea65befccf566ecc7361b5c18961327ba4a234f09414cc2401f7,PROFILE_ba4e7260d58d23,PASS,0.7442927789279106,TSRE_FULL,1.990632612258196,labels_k18_author_assignment,label_mask
P22_3DOT_K18,,SECONDARY_LABEL_ASSISTED_SENSITIVITY,0.7282725065737796,0.7495877353661372,0.7479580077427749,C_P22,TSRE_FULL_0580e400c9dcda,5,"[626, 2289, 939, 642, 778, 574, 571, 228, 46, 32, 415, 163, 310, 142, 157, 434, 566, 284]","[626, 2289, 939, 642, 778, 574, 571, 228, 46, 32, 415, 163, 310, 142, 157, 434, 566, 284]",149a479bbf02169fadce0f4d423ada7a5bcbb38c550ae3dc15e952dd5a6103a5,1,,0.757524765272576,0.1650054116826392,0.7519994508792798,18,32,32,0.8366971713653789,9196,9196,0.8935252691341172,ff7120e770f4539d7862479d112fd50ccba91acfc739f1cab5704567c8f22415,PROFILE_0580e400c9dcda,PASS,0.7495877353661372,TSRE_FULL,1.7991877775639296,labels_k18_author_assignment,label_mask
P22_3DOT_K18,,SECONDARY_LABEL_ASSISTED_SENSITIVITY,0.7196032018088115,0.7439423567096003,0.7422852171026437,C_GEO,TSRE_FULL_2cd55b3d6c1317,330,"[632, 2225, 932, 632, 714, 568, 573, 226, 47, 103, 442, 167, 312, 149, 170, 444, 573, 287]","[632, 2225, 932, 632, 714, 568, 573, 226, 47, 103, 442, 167, 312, 149, 170, 444, 573, 287]",986f5fb63c1c518cfed1fe01f3a60794de7288fd2da94c60e40de4f9d685337c,1,,0.7492469704647109,0.1471561561921736,0.7513276690758359,18,47,47,0.8551504310167204,9196,9196,0.8977755716191481,1307a9b5931908a1a86e5156fea7b3c31af6f5c33468662dcb28e6d437f8dc93,PROFILE_2cd55b3d6c1317,PASS,0.7439423567096003,TSRE_FULL,2.11293919198215,labels_k18_author_assignment,label_mask
P22_3DOT_K18,,SECONDARY_LABEL_ASSISTED_SENSITIVITY,0.6649812973695357,0.7342874235292041,0.7326008818161521,C_GEO,TSRE_FULL_72bbfe200b2743,674,"[629, 1825, 915, 649, 738, 573, 560, 233, 46, 514, 417, 161, 329, 145, 172, 434, 568, 288]","[629, 1825, 915, 649, 738, 573, 560, 233, 46, 514, 417, 161, 329, 145, 172, 434, 568, 288]",40135b860b3c116d8ac571c9138afb6129ca721efc72282ea72c1dbebea06c1e,1,,0.7006084037165667,0.154118660811045,0.7541449527222781,18,46,46,0.8488036807312092,9196,9196,0.886141531970341,f43539bbad6364530bcfcc4f314c18904df001c787fd00e8ac14944a460e5dfa,PROFILE_72bbfe200b2743,PASS,0.7342874235292042,TSRE_FULL,2.1641837675124407,labels_k18_author_assignment,label_mask
P22_3DOT_K18,,SECONDARY_LABEL_ASSISTED_SENSITIVITY,0.7092387997637948,0.7408500295297088,0.7391824381452354,C_GEO,TSRE_FULL_1095d8546872a2,326,"[629, 2127, 931, 638, 729, 569, 588, 225, 47, 176, 437, 169, 315, 150, 166, 444, 569, 287]","[629, 2127, 931, 638, 729, 569, 588, 225, 47, 176, 437, 169, 315, 150, 166, 444, 569, 287]",7757ba07fc764ab0bd4d603638d05765010b74c868bb32c6fa76636fb9897ac5,1,,0.7396752035380031,0.1529206692191588,0.7518953094551284,18,47,47,0.8511036098343776,9196,9196,0.8916638227903081,d918032f8d2030e9f3f871ec13487bc2cae2cbe230bd49966eca0ad6d65cf5f2,PROFILE_1095d8546872a2,PASS,0.7408500295297088,TSRE_FULL,2.17036927677691,labels_k18_author_assignment,label_mask
P22_3DOT_K18,,SECONDARY_LABEL_ASSISTED_SENSITIVITY,0.7253968330528676,0.7463555259385151,0.7447064995736159,C_CONSERVATIVE,TSRE_FULL_bc0355100f5c9a,218,"[632, 2282, 940, 641, 721, 576, 566, 225, 47, 52, 425, 167, 317, 146, 161, 443, 569, 286]","[632, 2282, 940, 641, 721, 576, 566, 225, 47, 52, 425, 167, 317, 146, 161, 443, 569, 286]",ec7374292faec24d135dcd9fe129b9f650710bebb88e3ac83a968e177e080bc6,1,,0.7548082070291593,0.1476817370584536,0.750423645509175,18,47,47,0.8541792125195716,9196,9196,0.8995439456457668,51be21b84604d1b1576a03cfa15f187c0006424a49f377e96603905a22974fa4,PROFILE_bc0355100f5c9a,PASS,0.7463555259385148,TSRE_FULL,2.172868760302663,labels_k18_author_assignment,label_mask
P22_3DOT_K18,,SECONDARY_LABEL_ASSISTED_SENSITIVITY,0.3747197233015779,0.6218591124239485,0.61929738986548,C_P22,TSRE_FULL_18ff03cdd202b9,4513,"[608, 1, 349, 420, 160, 527, 376, 273, 48, 4170, 377, 174, 318, 148, 268, 437, 247, 295]","[608, 1, 349, 420, 160, 527, 376, 273, 48, 4170, 377, 174, 318, 148, 268, 437, 247, 295]",ec3775fca5e816709ba3f3da2124a41fa9971ee2785c30b32fd8570e2e275430,1,,0.4995249588560342,0.1859698359677958,0.577021375031494,18,1,1,0.8149291244783846,9196,9196,0.9151180467223032,a0d9a46207079061e01e4424be09e158ce1d76425ad5f38c61287cbf279a4459,PROFILE_18ff03cdd202b9,PASS,0.6218591124239485,TSRE_FULL,2.2756189554929733,labels_k18_author_assignment,label_mask
P22_3DOT_K18,,SECONDARY_LABEL_ASSISTED_SENSITIVITY,0.7236965228076176,0.7427105495731433,0.7410554454950113,C_P22,TSRE_FULL_7ee9682e6d2e25,632,"[612, 2211, 862, 624, 501, 602, 641, 308, 48, 31, 474, 178, 352, 148, 301, 459, 547, 297]","[612, 2211, 862, 624, 501, 602, 641, 308, 48, 31, 474, 178, 352, 148, 301, 459, 547, 297]",6fc2a9cd35f966cde69964dc2cfe022be207e28afbcd8e9318a3b0323ad352a0,1,,0.752717573588355,0.1427916190400254,0.7522640005237156,18,31,31,0.8586081901420437,9196,9196,0.906090031954829,e72a21b39abd32e197886fd38f77d1c1f6571f103d94e38be8d6a779f5518a0c,PROFILE_7ee9682e6d2e25,PASS,0.7427105495731433,TSRE_FULL,2.189696218818426,labels_k18_author_assignment,label_mask
P22_3DOT_K18,,SECONDARY_LABEL_ASSISTED_SENSITIVITY,0.7288474938743844,0.7490614739199934,0.7474290268128279,C_CONSERVATIVE,TSRE_FULL_c036da2612360b,66,"[625, 2282, 940, 644, 774, 566, 579, 226, 47, 33, 414, 168, 308, 146, 157, 436, 567, 284]","[625, 2282, 940, 644, 774, 566, 579, 226, 47, 33, 414, 168, 308, 146, 157, 436, 567, 284]",e554f32e725a181cf0e50aa0a08bad05149ee5c8b8d4c382d08c58c1349fb187,1,,0.7579790075774475,0.1606122013302675,0.7518688383297928,18,33,33,0.8406636243196152,9196,9196,0.8944870164117519,6c453e8daed8d71629a2780cc3e97e0e4eecf02d33eaa64fede44f102a2a1119,PROFILE_c036da2612360b,PASS,0.7490614739199934,TSRE_FULL,1.96604804135859,labels_k18_author_assignment,label_mask
P22_3DOT_K18,,SECONDARY_LABEL_ASSISTED_SENSITIVITY,0.7288304408135552,0.7494414288101772,0.7478117188711737,C_CONSERVATIVE,TSRE_FULL_0bd84b9f64020c,33,"[622, 2285, 940, 642, 774, 566, 579, 227, 44, 32, 414, 169, 311, 145, 161, 435, 566, 284]","[622, 2285, 940, 642, 774, 566, 579, 227, 44, 32, 414, 169, 311, 145, 161, 435, 566, 284]",e997dfde6d6a2469b7b1a2d2502f990c9629db451f02909a7e2d1777f8e5a70e,1,,0.7579795120224087,0.1652278674798516,0.7521419252866921,18,32,32,0.8362937115694524,9196,9196,0.8928737629137841,05d95d964d09c28d6fbe6f2993ebaca403dcc35d34b2afbaaf2b09addacdc0e7,PROFILE_0bd84b9f64020c,PASS,0.7494414288101772,TSRE_FULL,2.033635253086686,labels_k18_author_assignment,label_mask
P22_3DOT_K18,,SECONDARY_LABEL_ASSISTED_SENSITIVITY,0.726293509382567,0.746617857797766,0.7449688722440986,C_CONSERVATIVE,TSRE_FULL_cb9876ef4ff534,126,"[639, 2290, 944, 645, 742, 579, 562, 225, 47, 33, 429, 167, 309, 143, 149, 442, 566, 285]","[639, 2290, 944, 645, 742, 579, 562, 225, 47, 33, 429, 167, 309, 143, 149, 442, 566, 285]",1b9fe74db711698e37b2d8e37584e0971517c7c3cafe7c529af7f78f3cd6887f,1,,0.7557433994323614,0.1548314760779219,0.7491730612994568,18,33,33,0.846015556388544,9196,9196,0.899792138491608,185cd229b750228a9da86b14870403de41ac8412828baaeae168cf3eb82855df,PROFILE_cb9876ef4ff534,PASS,0.746617857797766,TSRE_FULL,1.958448139950633,labels_k18_author_assignment,label_mask
P22_3DOT_K18,,SECONDARY_LABEL_ASSISTED_SENSITIVITY,0.7239061972906521,0.7460680664778304,0.7444174506694807,C_GEO,TSRE_FULL_ebe6b5fac22d7e,138,"[638, 2288, 934, 652, 738, 579, 568, 225, 46, 26, 435, 163, 311, 143, 158, 443, 564, 285]","[638, 2288, 934, 652, 738, 579, 568, 225, 46, 26, 435, 163, 311, 143, 158, 443, 564, 285]",00a11ec1a144b7c8885aeaf48ee73df03406b90958cc31105049a0bb35925155,1,,0.7535879571532408,0.1538969897723926,0.7485371623596944,18,26,26,0.8462168532046954,9196,9196,0.898768343002513,68deb5191461f906b8308ae9a2f958c48f300dde25ce828b724d0223b3f5752a,PROFILE_ebe6b5fac22d7e,PASS,0.7460680664778305,TSRE_FULL,2.047668531537056,labels_k18_author_assignment,label_mask
P22_3DOT_K18,,SECONDARY_LABEL_ASSISTED_SENSITIVITY,0.5315623999097433,0.7033866369510189,0.7015177353000966,C_P22,TSRE_FULL_3fc791ed1316e9,2281,"[666, 1115, 829, 523, 275, 610, 501, 333, 49, 1564, 453, 176, 370, 151, 289, 488, 498, 306]","[666, 1115, 829, 523, 275, 610, 501, 333, 49, 1564, 453, 176, 370, 151, 289, 488, 498, 306]",6768f953b625f9a035781b2c6ab5318df2e054a3408cd9b5078693ba3e27bc4c,1,,0.5800249229985631,0.1197479006926953,0.7270035354838652,18,49,49,0.8832150793061488,9196,9196,0.9122017807836688,44de1b102d166f7cc5af0ca9969eff7cb1736e91e1393ce3f59ddc28d46d14c3,PROFILE_3fc791ed1316e9,PASS,0.7033866369510189,TSRE_FULL,2.2392816841602325,labels_k18_author_assignment,label_mask
P22_3DOT_K18,,SECONDARY_LABEL_ASSISTED_SENSITIVITY,0.724477569064949,0.7453252764874195,0.7436721208437453,C_CONSERVATIVE,TSRE_FULL_2fb8f7dfa6c2e1,280,"[631, 2263, 932, 639, 714, 570, 570, 227, 47, 61, 437, 168, 318, 147, 169, 440, 575, 288]","[631, 2263, 932, 639, 714, 570, 570, 227, 47, 61, 437, 168, 318, 147, 169, 440, 575, 288]",8927ed056688431dcf6f5afa74a742eb94134e6dd98dd6482b13e43c789ac945,1,,0.753831866315233,0.1489087705872117,0.7505504664584316,18,47,47,0.8532175024588171,9196,9196,0.8980237644649893,dbf24ee1c461ca2d737efe1ac2e4be3b0cba08b468c89bc2aa34402b62b245a4,PROFILE_2fb8f7dfa6c2e1,PASS,0.7453252764874194,TSRE_FULL,1.8789619505405424,labels_k18_author_assignment,label_mask
P22_3DOT_K18,,SECONDARY_LABEL_ASSISTED_SENSITIVITY,0.7241715306138443,0.7462928552763267,0.7446434793995712,C_GEO,TSRE_FULL_1df462cd0829ad,213,"[640, 2264, 940, 642, 743, 579, 553, 224, 46, 67, 444, 163, 311, 142, 145, 443, 564, 286]","[640, 2264, 940, 642, 743, 579, 553, 224, 46, 67, 444, 163, 311, 142, 145, 443, 564, 286]",b2b47b2d10924889cd8506bfc02d4ec57ab08bef79ef82a21b34957e0d9e4606,1,,0.75363335273794,0.1455042998654306,0.7506625809317492,18,46,46,0.8563101368253798,9196,9196,0.9015294884124964,2fb3857aa4b4ed86bbdce774be5a4fbff6bbb5ba5cfeea1e89572a08db125a06,PROFILE_1df462cd0829ad,PASS,0.7462928552763267,TSRE_FULL,2.057816823944449,labels_k18_author_assignment,label_mask
P22_3DOT_K18,,SECONDARY_LABEL_ASSISTED_SENSITIVITY,0.7048709727519493,0.7386068931257438,0.7369282044785612,C_GEO,TSRE_FULL_b316caf4220d64,388,"[634, 2097, 920, 648, 733, 572, 569, 230, 47, 233, 432, 161, 310, 142, 164, 444, 572, 288]","[634, 2097, 920, 648, 733, 572, 569, 230, 47, 233, 432, 161, 310, 142, 164, 444, 572, 288]",1d293dda43f2da2fda2b66c6faeadbe15199ee8f60368e4495dcdd73957d93af,1,,0.7357275615206774,0.1499386536245699,0.7508750120743195,18,47,47,0.8533947185142553,9196,9196,0.8933701486054665,269f4f97c1351912614bea702ff461915c078fae9a2795cc55af5447d060d327,PROFILE_b316caf4220d64,PASS,0.7386068931257439,TSRE_FULL,2.015128694474697,labels_k18_author_assignment,label_mask
P22_3DOT_K18,,SECONDARY_LABEL_ASSISTED_SENSITIVITY,0.7280239051470454,0.748469166449013,0.7468327038893627,C_CONSERVATIVE,TSRE_FULL_9d75d3f311885d,66,"[630, 2284, 938, 645, 767, 575, 570, 226, 47, 33, 415, 167, 308, 143, 157, 442, 565, 284]","[630, 2284, 938, 645, 767, 575, 570, 226, 47, 33, 415, 167, 308, 143, 157, 442, 565, 284]",baafb4c92dacddab86bbeedbe56899028c15123fc18b7de3606acf25aec3a024,1,,0.7572524051409976,0.158977279678612,0.7512146040418655,18,33,33,0.8421429758935857,9196,9196,0.8959761734867993,c763a89434ab2cacdfc3e54f026a73f42733b9a5d83125f731471aee615cb879,PROFILE_9d75d3f311885d,PASS,0.748469166449013,TSRE_FULL,2.1664701215922832,labels_k18_author_assignment,label_mask
P22_3DOT_K18,,SECONDARY_LABEL_ASSISTED_SENSITIVITY,0.7261819259365259,0.7463408118964853,0.744689782568156,C_CONSERVATIVE,TSRE_FULL_c5abfdd808a635,147,"[639, 2301, 941, 645, 739, 578, 551, 225, 48, 33, 429, 167, 309, 143, 153, 442, 568, 285]","[639, 2301, 941, 645, 739, 578, 551, 225, 48, 33, 429, 167, 309, 143, 153, 442, 568, 285]",3193ee10485a8beb69f218f33fc837bf8d7f448fe18993dce57f414a9e81fc5a,1,,0.7557018853137961,0.1537851314481589,0.7488065215355874,18,33,33,0.847268667444883,9196,9196,0.9009090062978936,fa11800043651da8ad4eb68d690eb6fb17892032e265a86f7f30fcc42cd0676e,PROFILE_c5abfdd808a635,PASS,0.7463408118964854,TSRE_FULL,2.3123208303004503,labels_k18_author_assignment,label_mask
P22_3DOT_K18,,SECONDARY_LABEL_ASSISTED_SENSITIVITY,0.7252308425201704,0.7452293547501996,0.7435913377931529,C_P22,TSRE_FULL_96be6fd35722fa,639,"[611, 2200, 855, 628, 503, 607, 636, 317, 48, 31, 477, 177, 356, 149, 293, 460, 549, 299]","[611, 2200, 855, 628, 503, 607, 636, 317, 48, 31, 477, 177, 356, 149, 293, 460, 549, 299]",1ddefc23ba643a4f57849f22eeb61be99aa5c69b3e23fb5e4ef4f54b367eadcd,1,,0.7540671333276436,0.1446619643878159,0.7551770505941634,18,31,31,0.856879783692439,9196,9196,0.9041355132938294,fd26209d81ec59a092801d0f842fd0a4b09609a4fa9d56e94be1e7e8a66b7a2b,PROFILE_96be6fd35722fa,PASS,0.7452293547501996,TSRE_FULL,2.360396070405841,labels_k18_author_assignment,label_mask
P22_3DOT_K18,,SECONDARY_LABEL_ASSISTED_SENSITIVITY,0.5500294599399055,0.7114186013947887,0.7096068568460625,C_P22,TSRE_FULL_484a716052b1ab,1962,"[615, 1127, 850, 528, 457, 598, 502, 300, 48, 1445, 432, 178, 372, 153, 265, 457, 565, 304]","[615, 1127, 850, 528, 457, 598, 502, 300, 48, 1445, 432, 178, 372, 153, 265, 457, 565, 304]",a61d94da63212fbd78be5002559f06ec64d79b4f2988c7a48103a0b1d9e84234,1,,0.5975530255430709,0.1318213391955425,0.7375870321596554,18,48,48,0.8709271655314103,9196,9196,0.8988924394254335,2f0989e74d9515b60d0d67d988f08c36eb08e64e14f20eda9be79ccad2b0d2a6,PROFILE_484a716052b1ab,PASS,0.7114186013947887,TSRE_FULL,2.071841299533844,labels_k18_author_assignment,label_mask
P22_3DOT_K18,,SECONDARY_LABEL_ASSISTED_SENSITIVITY,0.7077753883071461,0.739716339945249,0.7380412011457059,C_GEO,TSRE_FULL_6b32d4ac6e9034,366,"[634, 2137, 932, 639, 718, 566, 579, 227, 47, 184, 435, 164, 315, 147, 169, 444, 572, 287]","[634, 2137, 932, 639, 718, 566, 579, 227, 47, 184, 435, 164, 315, 147, 169, 444, 572, 287]",11fe0d89d38b0dc8be6c8c2dd48f7560fbe8098c972595029e5dff8767dde06b,1,,0.7383725024273043,0.1494491813807884,0.7506248825973492,18,47,47,0.8543717406053354,9196,9196,0.8939906307200695,6cc4a72056e66a470744d6ce0879cd889a3bc213a16fe2643fcec330bedf0d6c,PROFILE_6b32d4ac6e9034,PASS,0.7397163399452489,TSRE_FULL,2.087067840620876,labels_k18_author_assignment,label_mask
P22_3DOT_K18,,SECONDARY_LABEL_ASSISTED_SENSITIVITY,0.6720777776431685,0.7231488732835439,0.7213515021179453,C_P22,TSRE_FULL_a37785cf84782b,1811,"[716, 2180, 360, 571, 258, 623, 659, 1262, 48, 24, 509, 171, 292, 146, 387, 407, 278, 305]","[716, 2180, 360, 571, 258, 623, 659, 1262, 48, 24, 509, 171, 292, 146, 387, 407, 278, 305]",5b19f0f26b623d7a75c16a8cf7e79e54ac2950b814782a1c8e3c96dadd6bcde9,1,,0.7071969702529083,0.1266614696804884,0.7259252906380737,18,24,24,0.8741644519431039,9196,9196,0.9243011820184284,ea9b00df61e7bd052ee581783186456e19ffc23a7168c7b183bf3d8ba3b7bb1b,PROFILE_a37785cf84782b,PASS,0.7231488732835439,TSRE_FULL,2.565319284796715,labels_k18_author_assignment,label_mask
P22_3DOT_K18,,SECONDARY_LABEL_ASSISTED_SENSITIVITY,0.5887434820759149,0.7122038968124373,0.7103583114364057,C_P22,TSRE_FULL_a5b18acb72d96f,2441,"[624, 393, 894, 485, 608, 575, 493, 237, 48, 2244, 424, 169, 328, 145, 229, 442, 569, 289]","[624, 393, 894, 485, 608, 575, 493, 237, 48, 2244, 424, 169, 328, 145, 229, 442, 569, 289]",745ee807009f826599f2e18ec27778684a2419ab6b08ef69f2fe80190230e56d,1,,0.6317890081401466,0.1386603107632045,0.724465233787017,18,48,48,0.8633420672728277,9196,9196,0.8999162349145285,fd371b8e00f566bac50587f0fb9eac19aa04f946f8d1e651c6eb69ea3c25d15d,PROFILE_a5b18acb72d96f,PASS,0.7122038968124376,TSRE_FULL,2.002783065661788,labels_k18_author_assignment,label_mask
P22_3DOT_K18,,SECONDARY_LABEL_ASSISTED_SENSITIVITY,0.1934302401415971,0.4994708680320863,0.4957345944112182,C_P22,TSRE_FULL_68038c7fda1e07,6069,"[169, 9, 83, 374, 8, 511, 342, 385, 48, 5686, 278, 192, 203, 145, 253, 232, 1, 277]","[169, 9, 83, 374, 8, 511, 342, 385, 48, 5686, 278, 192, 203, 145, 253, 232, 1, 277]",51a32d92db1cb72d6f0bb9df1251e4e86340872d05da4cc0c2ddea245b63ce8a,1,,0.4019396096332072,0.2863901615167956,0.4125160999811921,18,1,1,0.7213078116180046,9196,9196,0.9042285856110196,e99a1a802bf1b682ee2099296c6ad39d39bfe7f62342dca709ba182f5904316c,PROFILE_68038c7fda1e07,PASS,0.4994708680320863,TSRE_FULL,2.3705492671579123,labels_k18_author_assignment,label_mask
P22_3DOT_K18,,SECONDARY_LABEL_ASSISTED_SENSITIVITY,0.6100049162398447,0.7266272911638235,0.7249022585844956,C_P22,TSRE_FULL_8307fd26d39e7a,1022,"[637, 1468, 933, 588, 712, 583, 531, 227, 48, 960, 425, 167, 317, 142, 168, 440, 565, 285]","[637, 1468, 933, 588, 712, 583, 531, 227, 48, 960, 425, 167, 317, 142, 168, 440, 565, 285]",b00ca6eb9feee0d4853ab387b2eb04500c5a515ecfcd31a3c5b81889601c1c53,1,,0.6522311285403762,0.1432326085436025,0.750435378741624,18,48,48,0.8599865344027345,9196,9196,0.8959761734867993,61b427f87c4e215a8fd668ceafbab3a1c1cf35c29240014a3a749f352cedd55d,PROFILE_8307fd26d39e7a,PASS,0.7266272911638236,TSRE_FULL,2.2226879354566336,labels_k18_author_assignment,label_mask
P22_3DOT_K18,,SECONDARY_LABEL_ASSISTED_SENSITIVITY,0.7268928199118518,0.7478164178416637,0.746175089608597,C_GEO,TSRE_FULL_6775ee4b72532e,54,"[631, 2289, 937, 643, 770, 575, 571, 226, 45, 34, 416, 163, 314, 142, 157, 433, 566, 284]","[631, 2289, 937, 643, 770, 575, 571, 226, 45, 34, 416, 163, 314, 142, 157, 433, 566, 284]",66fa7a0ff485197497cf649a2b6b148e0e45c82d16fd941fbb2c22efdef1729a,1,,0.7562825624736134,0.1609529199560772,0.7503296420842878,18,34,34,0.8400549833640535,9196,9196,0.8953556913721962,59546d4b65647a5e27b81d8f82cf211835887f98a41671766c70c5f631413789,PROFILE_6775ee4b72532e,PASS,0.7478164178416637,TSRE_FULL,1.9908174090087412,labels_k18_author_assignment,label_mask
P22_3DOT_K18,,SECONDARY_LABEL_ASSISTED_SENSITIVITY,0.7208575296895107,0.7454325111126576,0.7437866100670136,C_GEO,TSRE_FULL_6c34d10e09aa57,371,"[630, 2225, 925, 613, 696, 569, 573, 227, 47, 103, 463, 167, 313, 150, 182, 449, 571, 293]","[630, 2225, 925, 613, 696, 569, 573, 227, 47, 103, 463, 167, 313, 150, 182, 449, 571, 293]",de8e829990e6c39ba668c107627be94441d03fa7987198bc0fb68b729c81d80e,1,,0.7503316641669314,0.1440821182627688,0.7534182011223518,18,47,47,0.8582452635667369,9196,9196,0.8994818974343065,818eb7b9c7dfe08b301411b150833c4caf804191b3f9250324472189d76e7d19,PROFILE_6c34d10e09aa57,PASS,0.7454325111126577,TSRE_FULL,2.1893981136381626,labels_k18_author_assignment,label_mask
P22_3DOT_K18,,SECONDARY_LABEL_ASSISTED_SENSITIVITY,0.7277559438707717,0.7494507733031444,0.747820128110226,C_GEO,TSRE_FULL_8b9b3cafcfe0e0,7,"[625, 2289, 937, 643, 781, 574, 572, 228, 44, 32, 415, 163, 310, 141, 158, 434, 566, 284]","[625, 2289, 937, 643, 781, 574, 572, 228, 44, 32, 415, 163, 310, 141, 158, 434, 566, 284]",2286d7e1a877ff90aef72ec25b84ffe0d786b5c6d1ddea4e60556333026406e9,1,,0.7570674355437351,0.1650333029302306,0.7517782132245783,18,32,32,0.8363315816864125,9196,9196,0.8937424378742282,c12db6f2303f0fa9bc252b43102d280d2e1b81ef2eca54d272218476fbcf6ca6,PROFILE_8b9b3cafcfe0e0,PASS,0.7494507733031444,TSRE_FULL,1.885923482477665,labels_k18_author_assignment,label_mask
MISAR_E15_5_S1_K12,,SECONDARY_LABEL_ASSISTED_SENSITIVITY,0.4523670491573373,0.5977075353765586,0.5940944069932953,NONE,INPUT_STRONG_START,0,"[279, 66, 477, 133, 38, 147, 151, 96, 67, 243, 68, 184]","[279, 66, 477, 133, 38, 147, 151, 96, 67, 243, 68, 184]",74234e98afe7498fb5daf1f36ac2d78acc339464f950703b8c019892f982b90b,1,,0.5594222114432833,0.0892581075248118,0.6976908455220245,12,38,38,0.9105400965255654,1949,1949,0.9332650373188937,2f126a0ca360975033a41e0386d0149e685fc3d896441c6bde4185a4ed595485,INPUT_STRONG_START,PASS,0.5977075353765586,INPUT_STRONG_START,0.0001631751656532,labels_primary,label_mask
MISAR_E15_5_S1_K12,,SECONDARY_LABEL_ASSISTED_SENSITIVITY,0.3994214437607491,0.5771219843496829,0.5734096823343228,C_P22,NIGHT15F_DIRECT_a0183cdc467db7,105,"[274, 72, 405, 157, 82, 146, 141, 107, 68, 244, 71, 182]","[274, 72, 405, 157, 82, 146, 141, 107, 68, 244, 71, 182]",35a990babd6d3ff6290bcd12794ca29d3ee23104ba7e7598f8cc1cf8b8100ba3,1,,0.5147491919108117,0.085096361283852,0.6854513655439302,12,68,68,0.915128683860449,1949,1949,0.9285818820430264,31a97c35eb8980d4a2a8e8134edbdbc1a7251f96dc05a005355015a176744703,PROFILE_a0183cdc467db7,PASS,0.5771219843496829,NIGHT15F_DIRECT,0.272016879171133,labels_primary,label_mask
MISAR_E15_5_S1_K12,,SECONDARY_LABEL_ASSISTED_SENSITIVITY,0.4029983631279675,0.5828230830082907,0.5791659739542788,C_P22,TSRE_SUPPORT_ONLY_ec3c0cd2390f7d,116,"[265, 72, 403, 157, 82, 146, 147, 112, 68, 244, 71, 182]","[265, 72, 403, 157, 82, 146, 147, 112, 68, 244, 71, 182]",dee5de7b6a7f28d51153d352c48fe071933a26c4f5a331a6f89bfc70ff383d5b,1,,0.5181349157397424,0.0885513270729475,0.6930258455444572,12,68,68,0.9112319617793928,1949,1949,0.9249231669837552,7c8706da584dc8f515073accad8e36e11ba35eb86c79749600e9aa51a0de5eef,PROFILE_ec3c0cd2390f7d,PASS,0.5828230830082907,TSRE_SUPPORT_ONLY,0.6072865184396505,labels_primary,label_mask
MISAR_E15_5_S1_K12,,SECONDARY_LABEL_ASSISTED_SENSITIVITY,0.4086786574680712,0.5883250845761057,0.5847152838714818,C_P22,TSRE_SUPPORT_ONLY_9e0dc0eb2114bf,113,"[261, 72, 405, 157, 79, 147, 151, 115, 68, 244, 70, 180]","[261, 72, 405, 157, 79, 147, 151, 115, 68, 244, 70, 180]",3c883fa5753725762b04fded95d8a20d06d6837c270057bbbe0c63ebcccce8a9,1,,0.5232253830517177,0.0896643257748537,0.6994703353196426,12,68,68,0.9099712271775569,1949,1949,0.9240450753695302,5af481462a053cec751bbdd9286b53059b7a3ae9ba52d8d118a458f79f4099f4,PROFILE_9e0dc0eb2114bf,PASS,0.5883250845761056,TSRE_SUPPORT_ONLY,0.6037618666887283,labels_primary,label_mask
MISAR_E15_5_S1_K12,,SECONDARY_LABEL_ASSISTED_SENSITIVITY,0.3984634854982133,0.5857257996151819,0.5821055069962413,C_P22,TSRE_SUPPORT_ONLY_2d96e44c473287,148,"[259, 71, 382, 175, 87, 143, 151, 114, 68, 249, 70, 180]","[259, 71, 382, 175, 87, 143, 151, 114, 68, 249, 70, 180]",09dbdcebd1e5dbc1399077e84d3fd7ba8291daeb3e232476c464f2e5ba38d5aa,1,,0.5146048898076068,0.1009232029656311,0.6983879808396388,12,68,68,0.8988982291077742,1949,1949,0.9135079759988292,9a0e1d65450124754831cd8ce50790e5824f17a46bf84ccc208c6f2db4a850e5,PROFILE_2d96e44c473287,PASS,0.5857257996151819,TSRE_SUPPORT_ONLY,0.6435321401804686,labels_primary,label_mask
MISAR_E15_5_S1_K12,,SECONDARY_LABEL_ASSISTED_SENSITIVITY,0.4086786574680712,0.5883250845761057,0.5847152838714818,C_P22,TSRE_FULL_8b4c8a8a4c6e70,113,"[261, 72, 405, 157, 79, 147, 151, 115, 68, 244, 70, 180]","[261, 72, 405, 157, 79, 147, 151, 115, 68, 244, 70, 180]",794325faac6774c56a3feb067bc62e21264f6f0da6626a9996a74a9637a85b8d,1,,0.5232253830517177,0.0896643257748537,0.6994703353196426,12,68,68,0.9099712271775569,1949,1949,0.9240450753695302,5af481462a053cec751bbdd9286b53059b7a3ae9ba52d8d118a458f79f4099f4,PROFILE_8b4c8a8a4c6e70,PASS,0.5883250845761056,TSRE_FULL,0.5981240384280682,labels_primary,label_mask
MISAR_E15_5_S1_K12,,SECONDARY_LABEL_ASSISTED_SENSITIVITY,0.4080065882785139,0.5848727476169261,0.5812255575922987,C_P22,TSRE_FULL_6289be70c5f55e,98,"[270, 72, 409, 154, 76, 147, 145, 112, 68, 244, 70, 182]","[270, 72, 409, 154, 76, 147, 145, 112, 68, 244, 70, 182]",3d3a04859fcaae20d6a602356c51d7ee1b69e7cf5a9418ac48e015a63beffe75,1,,0.5223732272795406,0.0876872073646228,0.6942733381202969,12,68,68,0.912118315625682,1949,1949,0.9263866530074638,6fe67fd4aabb40937e70aaea0da4047e8d36ce31287cd7363a0c8d639680b4b9,PROFILE_6289be70c5f55e,PASS,0.5848727476169262,TSRE_FULL,0.5579579025506973,labels_primary,label_mask
MISAR_E15_5_S1_K12,,SECONDARY_LABEL_ASSISTED_SENSITIVITY,0.4080629495818781,0.5803889843058503,0.5766879863744316,C_P22,TSRE_FULL_a0f49b6caa6282,74,"[273, 65, 420, 153, 77, 147, 151, 97, 68, 243, 70, 185]","[273, 65, 420, 153, 77, 147, 151, 97, 68, 243, 70, 185]",c14304ffcab059e961f27cfaf9e8c655a9d03b103808faaf8a1edc1e575ca45f,1,,0.522023754026556,0.0882933943389466,0.6869032924481242,12,65,65,0.9120731940367104,1949,1949,0.926240304405093,c1377ecef9636f72e89bed841880eb1beb12a38185e9e011c6c0e2aec03f7053,PROFILE_a0f49b6caa6282,PASS,0.5803889843058503,TSRE_FULL,0.4551503490656614,labels_primary,label_mask
MISAR_E15_5_S1_K12,,SECONDARY_LABEL_ASSISTED_SENSITIVITY,0.4178158338697086,0.5861073383001502,0.582445811891733,C_GEO,NIGHT15F_DIRECT_e76a5df3d9457d,70,"[277, 65, 434, 151, 69, 147, 137, 107, 67, 241, 70, 184]","[277, 65, 434, 151, 69, 147, 137, 107, 67, 241, 70, 184]",1348224682e31d90b0b7071939ef73de3bb2efe66d1f304a824f924099b293cd,1,,0.5303305232852598,0.0851811862236572,0.6919654122623693,12,65,65,0.9151311461501492,1949,1949,0.9303380652714768,d6d7aaa2b8b97df200889aee6129ea4158f9328e9eb8558a0e5007b617314979,PROFILE_e76a5df3d9457d,PASS,0.5861073383001502,NIGHT15F_DIRECT,0.2967939395457506,labels_primary,label_mask
MISAR_E15_5_S1_K12,,SECONDARY_LABEL_ASSISTED_SENSITIVITY,0.4147372978530713,0.5813856965661108,0.5776782397606965,C_GEO,TSRE_SUPPORT_ONLY_c123d1df033110,60,"[277, 65, 433, 151, 68, 147, 147, 94, 67, 242, 70, 188]","[277, 65, 433, 151, 68, 147, 147, 94, 67, 242, 70, 188]",0e7ea9d4ee17779cc7744c82bc2ddb5de2021f1823a58d6d50f4603f85696657,1,,0.527555950667421,0.0868076904482842,0.6858855023169075,12,65,65,0.9138594068912322,1949,1949,0.929020927850139,c0965ff5d8f67e3d775f85631660fd82f34d969ffa3a683ad5c496bea0c0061b,PROFILE_c123d1df033110,PASS,0.5813856965661107,TSRE_SUPPORT_ONLY,0.4956843741238117,labels_primary,label_mask
MISAR_E15_5_S1_K12,,SECONDARY_LABEL_ASSISTED_SENSITIVITY,0.4158683632174493,0.5829178657746511,0.5792280751276747,C_GEO,TSRE_SUPPORT_ONLY_cd6dd7a1e57ba8,68,"[274, 65, 430, 153, 68, 147, 144, 98, 68, 243, 70, 189]","[274, 65, 430, 153, 68, 147, 144, 98, 68, 243, 70, 189]",e7c10eea5ae76c1effc49e1ccedd35ebde001e242ee51db9d3687edd01660468,1,,0.5286650482583232,0.0887511232803885,0.6882907807511452,12,65,65,0.9117024730935184,1949,1949,0.9274110932240596,19d83a21bf3d5e6657b0c21456b11a01a4b8877ba2875ae7af0ceb39bb38f6d8,PROFILE_cd6dd7a1e57ba8,PASS,0.582917865774651,TSRE_SUPPORT_ONLY,0.5104465764015913,labels_primary,label_mask
MISAR_E15_5_S1_K12,,SECONDARY_LABEL_ASSISTED_SENSITIVITY,0.4167673759923029,0.5844969871996486,0.5808184812209265,C_GEO,TSRE_SUPPORT_ONLY_27e93dd7580f57,65,"[275, 66, 429, 154, 62, 147, 150, 98, 68, 243, 70, 187]","[275, 66, 429, 154, 62, 147, 150, 98, 68, 243, 70, 187]",4e2debb1df924b29bfaa235ae2b16ff09d70ba65807061917dade069de6f5271,1,,0.5294482809832074,0.0924026509047771,0.689871874469013,12,62,62,0.9075474961124852,1949,1949,0.9250695155861262,966d51c17af0518bec42bc79727c6025efe397f701c31e6fb8f593f2eb6cdd8f,PROFILE_27e93dd7580f57,PASS,0.5844969871996487,TSRE_SUPPORT_ONLY,0.5063120014965534,labels_primary,label_mask
MISAR_E15_5_S1_K12,,SECONDARY_LABEL_ASSISTED_SENSITIVITY,0.4158683632174493,0.5829178657746511,0.5792280751276747,C_GEO,TSRE_FULL_1f7b34388099a5,68,"[274, 65, 430, 153, 68, 147, 144, 98, 68, 243, 70, 189]","[274, 65, 430, 153, 68, 147, 144, 98, 68, 243, 70, 189]",573fb2a5a97ca926e132319a41e72d29c939d8fc35d2a40c8946e041f529bb7d,1,,0.5286650482583232,0.0887511232803885,0.6882907807511452,12,65,65,0.9117024730935184,1949,1949,0.9274110932240596,19d83a21bf3d5e6657b0c21456b11a01a4b8877ba2875ae7af0ceb39bb38f6d8,PROFILE_1f7b34388099a5,PASS,0.582917865774651,TSRE_FULL,0.5074544418603182,labels_primary,label_mask
MISAR_E15_5_S1_K12,,SECONDARY_LABEL_ASSISTED_SENSITIVITY,0.4202056496785914,0.5847488607584675,0.581065991138436,C_GEO,TSRE_FULL_ef465eab3447be,51,"[277, 65, 436, 153, 61, 147, 149, 95, 68, 243, 70, 185]","[277, 65, 436, 153, 61, 147, 149, 95, 68, 243, 70, 185]",fb75a5c782d0acea49e987f968a23579f68fa2c4570f79a743f4a5167a887ab8,1,,0.5322987218840997,0.0890873577854467,0.689172134305073,12,61,61,0.9109709101889316,1949,1949,0.928142836235914,94b7ad5a6f66b20e81205ae642c3b961d1b3208e136b91cc391ce165cca65ca7,PROFILE_ef465eab3447be,PASS,0.5847488607584675,TSRE_FULL,0.5123942196369171,labels_primary,label_mask
MISAR_E15_5_S1_K12,,SECONDARY_LABEL_ASSISTED_SENSITIVITY,0.424580428570045,0.5853549471666947,0.5816682029168498,C_GEO,TSRE_FULL_94eba19db898dd,43,"[277, 66, 441, 153, 53, 147, 149, 95, 68, 243, 69, 188]","[277, 66, 441, 153, 53, 147, 149, 95, 68, 243, 69, 188]",8d5fdef6aec127adfd8a13a8b7c1499089001bdd548cd8580820cdd0e5a68d01,1,,0.5359904200696696,0.0895391932968286,0.6886679808172389,12,53,53,0.9107420781677816,1949,1949,0.9285818820430264,a3be01b9b40d6a54f5762d6966c7857a8d242d7211b017f6c3ba5aa2f7f02af4,PROFILE_94eba19db898dd,PASS,0.5853549471666948,TSRE_FULL,0.4741061292588711,labels_primary,label_mask
MISAR_E15_5_S1_K12,,SECONDARY_LABEL_ASSISTED_SENSITIVITY,0.4243840941686132,0.5824827464798584,0.5787752556702165,C_CONSERVATIVE,NIGHT15F_DIRECT_a74c68ac898d52,42,"[276, 65, 452, 133, 69, 147, 149, 95, 67, 242, 70, 184]","[276, 65, 452, 133, 69, 147, 149, 95, 67, 242, 70, 184]",21d38c2974b8c7afc602d07dae7548e97bffb08fa53723d02537aa897b0cb57d,1,,0.5356950811242733,0.0851951615685925,0.685515873507044,12,65,65,0.9154954333403016,1949,1949,0.9310698082833307,c02ccac66643225af915f1712d17976b540998c13394fea579641ef3f2b239f8,PROFILE_a74c68ac898d52,PASS,0.5824827464798583,NIGHT15F_DIRECT,0.3105814047157764,labels_primary,label_mask
MISAR_E15_5_S1_K12,,SECONDARY_LABEL_ASSISTED_SENSITIVITY,0.4159463352407605,0.5825165176568808,0.578820933560174,C_CONSERVATIVE,TSRE_SUPPORT_ONLY_35edef640312df,58,"[276, 65, 434, 150, 69, 147, 149, 95, 68, 242, 70, 184]","[276, 65, 434, 150, 69, 147, 149, 95, 68, 242, 70, 184]",c5cd6241eb1a3efcc32375917cde50701dc819f5979ac18d0d8f325604d9e1ad,1,,0.5286432280761056,0.0868714032141154,0.6874394659761102,12,65,65,0.9137759732544638,1949,1949,0.9288745792477682,17ad3d40604bb7523dfcb53db393294f79b5d43f1052ab06469be0270dcb6677,PROFILE_35edef640312df,PASS,0.5825165176568808,TSRE_SUPPORT_ONLY,0.4930160138756037,labels_primary,label_mask
MISAR_E15_5_S1_K12,,SECONDARY_LABEL_ASSISTED_SENSITIVITY,0.4147202722019905,0.5834826416926523,0.5798008035259716,C_CONSERVATIVE,TSRE_SUPPORT_ONLY_c6feb191012684,64,"[274, 66, 429, 152, 70, 147, 149, 97, 68, 242, 70, 185]","[274, 66, 429, 152, 70, 147, 149, 97, 68, 242, 70, 185]",ffad176ddc7170f34e9d66637808df30156389d9c056fcffef190c0f7af738cc,1,,0.5277049717180122,0.0886832062459374,0.689356448460535,12,66,66,0.9118743024294466,1949,1949,0.9272647446216888,0e789d8ab6a65d495994b76a640764ecec95edd267489f14e9bc30c8b564ca7b,PROFILE_c6feb191012684,PASS,0.5834826416926523,TSRE_SUPPORT_ONLY,0.4900046959519386,labels_primary,label_mask
MISAR_E15_5_S1_K12,,SECONDARY_LABEL_ASSISTED_SENSITIVITY,0.4180251919077588,0.5832035985641587,0.5795117928012959,C_CONSERVATIVE,TSRE_SUPPORT_ONLY_0da61054212ebb,56,"[275, 68, 433, 152, 60, 147, 151, 98, 68, 242, 70, 185]","[275, 68, 433, 152, 60, 147, 151, 98, 68, 242, 70, 185]",0dbdc21a0c3519b734b12281c8b676bd36d27f60b394e2ff271a3308cb32a5af,1,,0.5304865641170257,0.0917677377037121,0.6880385817189507,12,60,60,0.9081786136705916,1949,1949,0.9256549099956096,bafb5ac3b0d6e8452e7f44e70ee8abf343a28887ba7ca9369005d2956e9e4949,PROFILE_0da61054212ebb,PASS,0.5832035985641587,TSRE_SUPPORT_ONLY,0.5089485961943865,labels_primary,label_mask
MISAR_E15_5_S1_K12,,SECONDARY_LABEL_ASSISTED_SENSITIVITY,0.4142826343624518,0.5831683064657255,0.5794824937435596,C_CONSERVATIVE,TSRE_FULL_485370672bfb4c,63,"[274, 65, 430, 152, 70, 147, 149, 97, 68, 242, 70, 185]","[274, 65, 430, 152, 70, 147, 149, 97, 68, 242, 70, 185]",ba08dd7eda99d4bf31a3cd327f03275ebd51cc0a9a18923312cb7ca48cc7a3be,1,,0.5272871190194008,0.0881499719407706,0.6888185029999075,12,65,65,0.9122720793594964,1949,1949,0.9274110932240596,bee6f2094967e426d73ac897a23655bbc39ed1b9979a03110c5daf4e035c11dd,PROFILE_485370672bfb4c,PASS,0.5831683064657254,TSRE_FULL,0.4973842911422252,labels_primary,label_mask
MISAR_E15_5_S1_K12,,SECONDARY_LABEL_ASSISTED_SENSITIVITY,0.4210504457606612,0.5846489590921431,0.5809662346069443,C_CONSERVATIVE,TSRE_FULL_2e53c1c4069f25,53,"[274, 66, 438, 152, 60, 147, 149, 98, 68, 242, 70, 185]","[274, 66, 438, 152, 60, 147, 149, 98, 68, 242, 70, 185]",afc1174972d1f15fe3308d6a6e98cc87234c59b5ae8757a714d0b165a269a4c4,1,,0.5330501549879609,0.0893105542542105,0.6891810335219005,12,60,60,0.910956726208688,1949,1949,0.9274110932240596,194a6a0ac04237eeb6ae1225d21170874fd41580d03ddb1f8db435b3bf3ba556,PROFILE_2e53c1c4069f25,PASS,0.5846489590921432,TSRE_FULL,0.5996368676424026,labels_primary,label_mask
MISAR_E15_5_S1_K12,,SECONDARY_LABEL_ASSISTED_SENSITIVITY,0.4253004648830729,0.5867127117507511,0.5830406255504619,C_CONSERVATIVE,TSRE_FULL_398067aabfab56,43,"[276, 66, 441, 152, 56, 147, 149, 96, 68, 243, 68, 187]","[276, 66, 441, 152, 56, 147, 149, 96, 68, 243, 68, 187]",f1d1fcc563cb2ff8e81c6418a7575c82f6be05d926437717c71fc18aef717ef0,1,,0.5366579772192589,0.0893531618230484,0.6905823314123455,12,56,56,0.9112156710348396,1949,1949,0.9282891848382848,33285ba37f1f4aa9e307c888335c91b732089caaa589b72de883a092955e9c7b,PROFILE_398067aabfab56,PASS,0.5867127117507511,TSRE_FULL,0.491882424801588,labels_primary,label_mask
MISAR_E15_5_S1_K12,,SECONDARY_LABEL_ASSISTED_SENSITIVITY,0.4510055626031384,0.595397717452589,0.5917667632801358,C_P22,TSRE_FULL_4718cb0231e69c,3,"[277, 66, 476, 133, 39, 147, 152, 96, 68, 243, 68, 184]","[277, 66, 476, 133, 39, 147, 152, 96, 68, 243, 68, 184]",70cc4f428036e4e55434a06346fe99ac4a36cb010ce5edd44ef500acf7e8bdfe,1,,0.5582878988362028,0.090052404747177,0.6954050650863455,12,39,39,0.9094155014411196,1949,1949,0.9323869457046684,42a56b55ebcf72fe7f3812d61c406e886562c47a90eaae4e93d595d0ee8e745c,PROFILE_4718cb0231e69c,PASS,0.5953977174525888,TSRE_FULL,0.610632399097085,labels_primary,label_mask
MISAR_E15_5_S1_K12,,SECONDARY_LABEL_ASSISTED_SENSITIVITY,0.4505621004700846,0.5939055031975199,0.590260917979111,C_CONSERVATIVE,TSRE_FULL_b7c3a7c769a735,5,"[277, 66, 476, 133, 39, 147, 150, 96, 68, 243, 68, 186]","[277, 66, 476, 133, 39, 147, 150, 96, 68, 243, 68, 186]",3dbdc70b4abb8ec3cd457260cbabd8f607d01c078e0d2bbaf6c9809a19e4fedf,1,,0.557897434320914,0.0902518483989829,0.6936255696591279,12,39,39,0.9091929007004576,1949,1949,0.9322405971022976,51d7b059037f6fcb4fbbfbed49116b50653ef1f74af1c0fa97a3869cc661600c,PROFILE_b7c3a7c769a735,PASS,0.59390550319752,TSRE_FULL,0.4905172400176525,labels_primary,label_mask
MISAR_E15_5_S1_K12,,SECONDARY_LABEL_ASSISTED_SENSITIVITY,0.414358672892235,0.5831198197857539,0.5794343394654594,C_CONSERVATIVE,TSRE_FULL_af4b62d4125986,65,"[273, 65, 430, 152, 71, 147, 149, 97, 68, 243, 70, 184]","[273, 65, 430, 152, 71, 147, 149, 97, 68, 243, 70, 184]",edde2e22bd84bd6511a0b33772c5b8582fd1736eb43ae9883d20bddc783e0321,1,,0.5273662034805998,0.0881763879187372,0.6888570935038485,12,65,65,0.9122818854886956,1949,1949,0.9272647446216888,24d2c3e91d1c389d67f7132539355f8139d9658e8ba1255402e69b7f14ecd2f6,PROFILE_af4b62d4125986,PASS,0.583119819785754,TSRE_FULL,0.5050095692276955,labels_primary,label_mask
MISAR_E15_5_S1_K12,,SECONDARY_LABEL_ASSISTED_SENSITIVITY,0.3926707551101238,0.5834344944229995,0.579802791048088,C_P22,TSRE_FULL_ef89b5815a0e25,175,"[261, 67, 361, 190, 102, 135, 145, 114, 68, 255, 71, 180]","[261, 67, 361, 190, 102, 135, 145, 114, 68, 255, 71, 180]",7eecc51ff4ddfde47aa0943ed286f4f2c0c6354260227877aa9cd25d1e31eb2f,1,,0.5097892267889781,0.0895128201704302,0.6970556864627172,12,67,67,0.910147728650404,1949,1949,0.924191423971901,731320657c6fe801264b63f1455955545f8cf0e7af1f94d3cc63aeb03787b064,PROFILE_ef89b5815a0e25,PASS,0.5834344944229994,TSRE_FULL,0.5035035479813814,labels_primary,label_mask
MISAR_E15_5_S1_K12,,SECONDARY_LABEL_ASSISTED_SENSITIVITY,0.4038677652171345,0.5811179205206399,0.5774253332277215,C_GEO,TSRE_FULL_9c06b6282ccd0f,78,"[275, 67, 409, 168, 71, 147, 149, 97, 68, 243, 69, 186]","[275, 67, 409, 168, 71, 147, 149, 97, 68, 243, 69, 186]",452f4f63626c59444aa6a59abcdde34967177754d047b19a19294be24669e5fa,1,,0.5184559506953824,0.0920846810187716,0.6882413351759578,12,67,67,0.9079129172511052,1949,1949,0.9231669837553051,7b68f4f2709f31811a5a69005fdcc67769c1ec396688ac9636babf71cb88a05b,PROFILE_9c06b6282ccd0f,PASS,0.5811179205206399,TSRE_FULL,0.520953169092536,labels_primary,label_mask
MISAR_E15_5_S1_K12,,SECONDARY_LABEL_ASSISTED_SENSITIVITY,0.3977491909910022,0.5858837827378267,0.5822604993564097,C_P22,TSRE_FULL_74a5898799bc09,152,"[259, 66, 388, 178, 94, 143, 145, 109, 68, 247, 70, 182]","[259, 66, 388, 178, 94, 143, 145, 109, 68, 247, 70, 182]",9a38c65f56a8c3fd44afdc5560534739c18fb3c170f7ceb07736cfd126a82dfb,1,,0.5137887306063156,0.0988072745727994,0.6979125417788398,12,66,66,0.900813168861378,1949,1949,0.9148251134201668,312a4f39dd619513d50cdf825ff0af73963af2b633748c31732579aa78b8a31c,PROFILE_74a5898799bc09,PASS,0.5858837827378267,TSRE_FULL,0.4819201529026031,labels_primary,label_mask
MISAR_E15_5_S1_K12,,SECONDARY_LABEL_ASSISTED_SENSITIVITY,0.4066052525745824,0.5831707099374459,0.5794938056092147,C_GEO,TSRE_FULL_5e8165f7d0603f,79,"[275, 67, 411, 166, 67, 147, 150, 100, 68, 243, 69, 186]","[275, 67, 411, 166, 67, 147, 150, 100, 68, 243, 69, 186]",84d929ed5646d81690ae5a9164b9d679d46dc9d80c830c98ccb047ae02e6980d,1,,0.520845328366123,0.0946519862124882,0.690350312874765,12,67,67,0.9054286117055166,1949,1949,0.921264451924484,d7e649bfbe905ee2184f65aa5dca11bc800d8bcded9f89f012e25ef233a83cc9,PROFILE_5e8165f7d0603f,PASS,0.5831707099374459,TSRE_FULL,0.4811171442270279,labels_primary,label_mask
MISAR_E15_5_S1_K12,,SECONDARY_LABEL_ASSISTED_SENSITIVITY,0.4137628623547028,0.5824756924117298,0.5787811523510935,C_GEO,TSRE_FULL_864fd94753d0a1,65,"[275, 67, 428, 153, 64, 147, 153, 95, 68, 242, 70, 187]","[275, 67, 428, 153, 64, 147, 153, 95, 68, 242, 70, 187]",64e28efe7fec5366cfd8367816af35daa467ca1e8d437e42d2ae0a74468c8744,1,,0.5268191287147317,0.0927734113828808,0.6877293277552753,12,64,64,0.9068965402123284,1949,1949,0.924337772574272,54814289d7cf6c5a7fc72e3247bbc26daf053170fccf0da06c09af85cc09d387,PROFILE_864fd94753d0a1,PASS,0.5824756924117298,TSRE_FULL,0.5029741413891315,labels_primary,label_mask
MISAR_E15_5_S1_K12,,SECONDARY_LABEL_ASSISTED_SENSITIVITY,0.4105130257064213,0.5802329914767623,0.576524301868846,C_CONSERVATIVE,TSRE_FULL_afd733d6805925,78,"[273, 66, 419, 166, 65, 147, 149, 97, 68, 243, 70, 186]","[273, 66, 419, 166, 65, 147, 149, 97, 68, 243, 70, 186]",90971dbbe31c0656aba19dffbbfb8364c8f4d5185dc8cfc091c479d79b4b6498,1,,0.5241439581177253,0.0923388724199568,0.6860013037579662,12,65,65,0.907738726941886,1949,1949,0.9227279379481926,df79d61338fd254af587975bf915ed69edaf006c5b2deada5c4c98fc41cb6929,PROFILE_afd733d6805925,PASS,0.5802329914767624,TSRE_FULL,0.5232336223125458,labels_primary,label_mask
MISAR_E15_5_S1_K12,,SECONDARY_LABEL_ASSISTED_SENSITIVITY,0.4241499902431611,0.5866853556310019,0.5830198964742667,C_CONSERVATIVE,TSRE_FULL_f2ad443cb4889d,52,"[274, 68, 438, 152, 58, 147, 149, 97, 68, 243, 70, 185]","[274, 68, 438, 152, 58, 147, 149, 97, 68, 243, 70, 185]",39eb3400a906075ccb439a84024f1638f499e3b1abad1cb2f050f186126ef714,1,,0.5357792408508227,0.0911273923057918,0.6914776706204335,12,58,58,0.909056471975454,1949,1949,0.9268256988145764,bd8c99ae1cd86ad43603aaaee67ae67bc896e3f8695ee909396f42860cddff1f,PROFILE_f2ad443cb4889d,PASS,0.5866853556310019,TSRE_FULL,0.490636708214879,labels_primary,label_mask
MISAR_E15_5_S1_K12,,SECONDARY_LABEL_ASSISTED_SENSITIVITY,0.4179963003139828,0.5832221329926243,0.5795311040125253,C_CONSERVATIVE,TSRE_FULL_2f301bb673967a,59,"[274, 68, 433, 152, 61, 147, 151, 97, 68, 242, 70, 186]","[274, 68, 433, 152, 61, 147, 151, 97, 68, 242, 70, 186]",dbb95218c852acc453d922bff028b7e06840b83bbc471ca6390781dfb5310cda,1,,0.530470926638917,0.0909937215464477,0.6881374371734701,12,61,61,0.9091151964936994,1949,1949,0.9259476072003512,e55a75cd1de0a15ab36346dfe66b07ec2c0d7e795ce999729c6985d4e2873c21,PROFILE_2f301bb673967a,PASS,0.5832221329926243,TSRE_FULL,0.4891228266060352,labels_primary,label_mask
MISAR_E15_5_S1_K12,,SECONDARY_LABEL_ASSISTED_SENSITIVITY,0.4519844712714914,0.5961209105385684,0.5924948103143426,C_CONSERVATIVE,TSRE_FULL_744f8b5b52b78a,2,"[277, 66, 477, 133, 38, 147, 152, 96, 68, 243, 68, 184]","[277, 66, 477, 133, 38, 147, 152, 96, 68, 243, 68, 184]",eb1a8526f026d204ab88d0ac407f9905121346b7f7a2b263a19bb0aa51d91d28,1,,0.5591112535559002,0.0898138174489944,0.6960219396253726,12,38,38,0.90989657341337,1949,1949,0.9326796429094102,a78a11bc6b36ed49ab0b76616f7b9b147c1a7c293a856ff2c209539fe7da7880,PROFILE_744f8b5b52b78a,PASS,0.5961209105385684,TSRE_FULL,0.4874406289309263,labels_primary,label_mask
MISAR_E15_5_S1_K12,,SECONDARY_LABEL_ASSISTED_SENSITIVITY,0.4098817297326797,0.5803917355180434,0.5766883864008749,C_P22,TSRE_FULL_358d5495f25472,66,"[276, 65, 422, 152, 78, 147, 149, 96, 68, 243, 69, 184]","[276, 65, 422, 152, 78, 147, 149, 96, 68, 243, 69, 184]",924d69e1d334ebf0a9653f81448241264acf34b4bce0b01b6a613ae5170a7484,1,,0.5235663794005542,0.0865097113022585,0.6865359980718505,12,65,65,0.9141938373536882,1949,1949,0.9284355334406555,8006ba8720b7c59adb5017e765731adc6991972c4e75cd4b5630d058d327e1bb,PROFILE_358d5495f25472,PASS,0.5803917355180435,TSRE_FULL,0.5253713130950928,labels_primary,label_mask
MISAR_E15_5_S1_K12,,SECONDARY_LABEL_ASSISTED_SENSITIVITY,0.3938182707298379,0.5790684833612718,0.5753753140073221,C_GEO,TSRE_FULL_b56e12ce390a31,118,"[272, 65, 389, 180, 83, 147, 137, 107, 69, 245, 69, 186]","[272, 65, 389, 180, 83, 147, 137, 107, 69, 245, 69, 186]",326222b25bbbb10c43129f2164b12958941201ac4f4e1b1605c14b14f6dee045,1,,0.5099797958804448,0.0883661622560038,0.6883695065483584,12,65,65,0.911655600870178,1949,1949,0.925215864188497,1a640f9debea21d3ab34c901d20c691ef0c9afa861601a212ecaacae0ed22a4f,PROFILE_b56e12ce390a31,PASS,0.5790684833612717,TSRE_FULL,0.5096525847911835,labels_primary,label_mask
MISAR_E15_5_S1_K12,,SECONDARY_LABEL_ASSISTED_SENSITIVITY,0.392320631092167,0.5732415635208747,0.5694979535010536,C_GEO,TSRE_FULL_fe365f0ab04e81,123,"[270, 65, 390, 175, 79, 147, 144, 101, 69, 244, 75, 190]","[270, 65, 390, 175, 79, 147, 144, 101, 69, 244, 75, 190]",5263deaae60fad8d7a73e35224f5e73c4a7303f7bc974c8798e91cbde4bb6f33,1,,0.5086370658851066,0.0994170828059995,0.6815173101719303,12,65,65,0.8997098594247267,1949,1949,0.9152641592272792,d662a32159a9d76ed4b1ee0712b8142c2ef1844c0a39c24d45ed2d87f4b31589,PROFILE_fe365f0ab04e81,PASS,0.5732415635208747,TSRE_FULL,0.4870722126215696,labels_primary,label_mask
MISAR_E15_5_S1_K12,,SECONDARY_LABEL_ASSISTED_SENSITIVITY,0.4128394924307235,0.5808902253370681,0.5771881778218335,C_GEO,TSRE_FULL_129cf4b48413b0,73,"[274, 65, 425, 153, 73, 147, 144, 98, 68, 243, 70, 189]","[274, 65, 425, 153, 73, 147, 144, 98, 68, 243, 70, 189]",698ac8c90378b3a035767a39f838ad3ec77addbd521880b2e53396872a0a0745,1,,0.5261193626273409,0.0883943665104448,0.6866917971694984,12,65,65,0.9118271861756216,1949,1949,0.9272647446216888,266f8f67835ce768dcf811f5610906bb23f6105959f13ce5575f5f47cf38b56c,PROFILE_129cf4b48413b0,PASS,0.5808902253370681,TSRE_FULL,0.5137585867196321,labels_primary,label_mask
MISAR_E15_5_S1_K12,,SECONDARY_LABEL_ASSISTED_SENSITIVITY,0.4035713957849674,0.5800068396289892,0.5763204917147425,C_P22,TSRE_FULL_b66c5743185a60,107,"[269, 72, 408, 154, 81, 146, 141, 112, 68, 244, 71, 183]","[269, 72, 408, 154, 81, 146, 141, 112, 68, 244, 71, 183]",2f9abb4a392129abac3a187a485bab2b34eec450c6c95fdfaaec12e07d164277,1,,0.5184681947675079,0.0872587428389854,0.6889527433257804,12,68,68,0.9127527946294256,1949,1949,0.9266793502122056,db50c801b0ee28d3b82a2303fd5ba29c2136ce5534d7f57bbec2ff1f0f73eb4b,PROFILE_b66c5743185a60,PASS,0.5800068396289892,TSRE_FULL,0.6033023819327354,labels_primary,label_mask
MISAR_E15_5_S1_K12,,SECONDARY_LABEL_ASSISTED_SENSITIVITY,0.4143238223078193,0.5813091526390763,0.5776049233279895,C_CONSERVATIVE,TSRE_FULL_f84a8228d314d3,59,"[276, 65, 432, 150, 70, 147, 149, 96, 68, 242, 70, 184]","[276, 65, 432, 150, 70, 147, 149, 96, 68, 242, 70, 184]",1410d4ee72df95dadf7eea93fa4519a8177d87c91a4f200f9367a19837fd24a4,1,,0.5272587272590027,0.0871285257604212,0.6863096209151713,12,65,65,0.9135353391066656,1949,1949,0.9285818820430264,333f9d744b9d4d072274eef3a9ba4203295ddaa81d9d8f325fe3d1c24dc9d2c3,PROFILE_f84a8228d314d3,PASS,0.5813091526390763,TSRE_FULL,0.5149112194776535,labels_primary,label_mask
MISAR_E15_5_S1_K12,,SECONDARY_LABEL_ASSISTED_SENSITIVITY,0.4062121205315765,0.5807791263484626,0.5770922084983281,C_P22,TSRE_FULL_ca6596a8427217,91,"[275, 72, 414, 154, 78, 146, 139, 107, 68, 243, 71, 182]","[275, 72, 414, 154, 78, 146, 139, 107, 68, 243, 71, 182]",d7032ec947714abdc3202b71049aebc8b9e91674732cac7a373ee062abca8cc2,1,,0.5205942042384544,0.0845332810585732,0.688762601278294,12,68,68,0.9158093213531164,1949,1949,0.9296063222596224,a3506cf28b01b3e1ac53990eac58aaa782a00934426441a012dca7c7cc255048,PROFILE_ca6596a8427217,PASS,0.5807791263484625,TSRE_FULL,0.4976706299930811,labels_primary,label_mask
MISAR_E15_5_S1_K12,,SECONDARY_LABEL_ASSISTED_SENSITIVITY,0.4217981989330548,0.5841624871269291,0.5804714975168996,C_CONSERVATIVE,TSRE_FULL_c23b5bade66abc,45,"[277, 66, 438, 152, 58, 147, 150, 96, 68, 243, 69, 185]","[277, 66, 438, 152, 58, 147, 150, 96, 68, 243, 69, 185]",81cc1ed1f448a051a41017694c08589e4b8207ba892bef208067f7cf7508c25c,1,,0.5336470202512071,0.0888128623694417,0.688092226857668,12,58,58,0.9117193427244112,1949,1949,0.9282891848382848,a57a921f3789210f7655cb7bc6dae3a4bfe35321afd873900667ee57093755ce,PROFILE_c23b5bade66abc,PASS,0.5841624871269292,TSRE_FULL,0.4553438313305378,labels_primary,label_mask
MISAR_E15_5_S1_K12,,SECONDARY_LABEL_ASSISTED_SENSITIVITY,0.389393566318472,0.5746673536769866,0.570945684594197,C_P22,TSRE_FULL_ead2e9b1fd1e1f,133,"[263, 65, 380, 176, 83, 147, 158, 102, 68, 245, 76, 186]","[263, 65, 380, 176, 83, 147, 158, 102, 68, 245, 76, 186]",2a5fe9aa6163f680bd5e06a9a64253cbebcf7218f91faec5d284e8c0bc6d5bc4,1,,0.5063291900746959,0.0998944320322909,0.6846418449587361,12,65,65,0.8994519109779001,1949,1949,0.9143860676130544,df16b4ab2e472b7e770b6daed2e1f8120d00234a8e692dbc7ca47cb29b5c5a3a,PROFILE_ead2e9b1fd1e1f,PASS,0.5746673536769866,TSRE_FULL,0.5135350599884987,labels_primary,label_mask
MISAR_E15_5_S1_K12,,SECONDARY_LABEL_ASSISTED_SENSITIVITY,0.413295668522255,0.5802410038269697,0.576525833441623,C_GEO,TSRE_FULL_aa832abad7b6ae,63,"[275, 65, 430, 154, 68, 147, 147, 95, 68, 243, 69, 188]","[275, 65, 430, 154, 68, 147, 147, 95, 68, 243, 69, 188]",b339cf565d4153e580e1be1dfdad4da140a6e43c0ffef950ac4b5e5735e05d8e,1,,0.5263576774308137,0.087798928428811,0.6849184955866956,12,65,65,0.9127350437103052,1949,1949,0.9278501390311724,06077949d775ee34ed734d790aee103e6a1cdec7a99002d2d52e3b0ef26a1141,PROFILE_aa832abad7b6ae,PASS,0.5802410038269696,TSRE_FULL,0.5439062137156725,labels_primary,label_mask
MISAR_E15_5_S1_K12,,SECONDARY_LABEL_ASSISTED_SENSITIVITY,0.4135912478545654,0.5802241298783409,0.5765081964950964,C_GEO,TSRE_FULL_ba4e7260d58d23,61,"[276, 65, 431, 153, 68, 147, 147, 95, 68, 242, 69, 188]","[276, 65, 431, 153, 68, 147, 147, 95, 68, 242, 69, 188]",fcb2b2739872b75fe5d2504587ef9bd965efbac586bcaa5c425f1045040ea7ae,1,,0.526596216502211,0.0873647620655243,0.6847964512575228,12,65,65,0.9132104043614904,1949,1949,0.9284355334406555,760fa0d88d27b9c2b2f00efa4427867d467439a87252463ef2acc422892601f6,PROFILE_ba4e7260d58d23,PASS,0.5802241298783409,TSRE_FULL,0.4605800081044435,labels_primary,label_mask
MISAR_E15_5_S1_K12,,SECONDARY_LABEL_ASSISTED_SENSITIVITY,0.4512512694175626,0.5959892213881716,0.5923626166844767,C_P22,TSRE_FULL_0580e400c9dcda,3,"[277, 66, 476, 134, 38, 147, 152, 96, 68, 243, 68, 184]","[277, 66, 476, 134, 38, 147, 152, 96, 68, 243, 68, 184]",149a479bbf02169fadce0f4d423ada7a5bcbb38c550ae3dc15e952dd5a6103a5,1,,0.5584955636332943,0.0901802301355366,0.695983359862314,12,38,38,0.9095224153178604,1949,1949,0.9322405971022976,deece7e57ddcda6addddefe589bc3ff8c24fe236745792561d6bf3b6660514c2,PROFILE_0580e400c9dcda,PASS,0.5959892213881717,TSRE_FULL,0.5150230396538973,labels_primary,label_mask
MISAR_E15_5_S1_K12,,SECONDARY_LABEL_ASSISTED_SENSITIVITY,0.4144831194789036,0.5812725606512524,0.5775675597888539,C_GEO,TSRE_FULL_2cd55b3d6c1317,66,"[273, 65, 431, 153, 68, 147, 147, 96, 68, 243, 70, 188]","[273, 65, 431, 153, 68, 147, 147, 96, 68, 243, 70, 188]",986f5fb63c1c518cfed1fe01f3a60794de7288fd2da94c60e40de4f9d685337c,1,,0.5274192674408288,0.0885642612046027,0.686259271633369,12,65,65,0.9118916370039778,1949,1949,0.9272647446216888,2592914e7662b357bcc5651924bf86d67a7a6ca3cefb482bff8fe8b7688587bc,PROFILE_2cd55b3d6c1317,PASS,0.5812725606512524,TSRE_FULL,0.4880364518612623,labels_primary,label_mask
MISAR_E15_5_S1_K12,,SECONDARY_LABEL_ASSISTED_SENSITIVITY,0.4159729757747497,0.5869841708302477,0.5833344072398114,C_GEO,TSRE_FULL_72bbfe200b2743,76,"[270, 66, 426, 155, 66, 147, 152, 100, 68, 242, 70, 187]","[270, 66, 426, 155, 66, 147, 152, 100, 68, 242, 70, 187]",40135b860b3c116d8ac571c9138afb6129ca721efc72282ea72c1dbebea06c1e,1,,0.5289069431968246,0.0938367822638129,0.6937706126480446,12,66,66,0.9054967159303274,1949,1949,0.9227279379481926,f2308f0bcec69e38ada62c456f1cf01e4f07e4ff19c99fc51baff8dfefb2793f,PROFILE_72bbfe200b2743,PASS,0.5869841708302477,TSRE_FULL,0.5029493737965822,labels_primary,label_mask
MISAR_E15_5_S1_K12,,SECONDARY_LABEL_ASSISTED_SENSITIVITY,0.3867989245961606,0.5719369990275875,0.5681857663760786,C_GEO,TSRE_FULL_1095d8546872a2,115,"[273, 67, 381, 179, 77, 147, 148, 101, 69, 244, 75, 188]","[273, 67, 381, 179, 77, 147, 148, 101, 69, 244, 75, 188]",7757ba07fc764ab0bd4d603638d05765010b74c868bb32c6fa76636fb9897ac5,1,,0.5038191883626759,0.0981914427151066,0.6805707396207452,12,67,67,0.9015038961269256,1949,1949,0.9161422508415044,076125662c853ad849014785a9e79e4d1fcdec2c786666fb9e415d8bfa4dc819,PROFILE_1095d8546872a2,PASS,0.5719369990275875,TSRE_FULL,0.4894076231867075,labels_primary,label_mask
MISAR_E15_5_S1_K12,,SECONDARY_LABEL_ASSISTED_SENSITIVITY,0.4194155971604699,0.5841724144487511,0.5804876704391227,C_CONSERVATIVE,TSRE_FULL_bc0355100f5c9a,58,"[273, 65, 436, 152, 63, 147, 149, 97, 68, 243, 70, 186]","[273, 65, 436, 152, 63, 147, 149, 97, 68, 243, 70, 186]",ec7374292faec24d135dcd9fe129b9f650710bebb88e3ac83a968e177e080bc6,1,,0.5316576379489082,0.08895245987987,0.6889264785068671,12,63,63,0.9113596279240244,1949,1949,0.927118396019318,648cb758e90be8bbd9410cf2c60c8457c71a3ad3d2c9787d1e443b0312796269,PROFILE_bc0355100f5c9a,PASS,0.584172414448751,TSRE_FULL,0.5521350223571062,labels_primary,label_mask
MISAR_E15_5_S1_K12,,SECONDARY_LABEL_ASSISTED_SENSITIVITY,0.3997808307587012,0.5891376282475907,0.5855461387769555,C_P22,TSRE_FULL_18ff03cdd202b9,151,"[256, 66, 383, 181, 93, 143, 145, 115, 68, 250, 70, 179]","[256, 66, 383, 181, 93, 143, 145, 115, 68, 250, 70, 179]",ec3775fca5e816709ba3f3da2124a41fa9971ee2785c30b32fd8570e2e275430,1,,0.515778148253363,0.0964387957728223,0.7023365329534755,12,66,66,0.9029922935652458,1949,1949,0.917605736865213,f6381c5bf568b65d146f1a7a3c9a1289848d957ccf2c719afe7bb13439411842,PROFILE_18ff03cdd202b9,PASS,0.5891376282475907,TSRE_FULL,0.5932979360222816,labels_primary,label_mask
MISAR_E15_5_S1_K12,,SECONDARY_LABEL_ASSISTED_SENSITIVITY,0.3977120827168365,0.5863125881791923,0.5826894994792191,C_P22,TSRE_FULL_7ee9682e6d2e25,130,"[264, 65, 383, 182, 81, 147, 151, 112, 68, 244, 70, 182]","[264, 65, 383, 182, 81, 147, 151, 112, 68, 244, 70, 182]",6fc2a9cd35f966cde69964dc2cfe022be207e28afbcd8e9318a3b0323ad352a0,1,,0.5137594584014519,0.0911626518569225,0.6980649411227023,12,65,65,0.9082339574144568,1949,1949,0.9225815893458218,1a45698307fa4839f1bc117b9ee1d8ded53b15bb517200eb4475e7a50153587a,PROFILE_7ee9682e6d2e25,PASS,0.5863125881791923,TSRE_FULL,0.5630285609513521,labels_primary,label_mask
MISAR_E15_5_S1_K12,,SECONDARY_LABEL_ASSISTED_SENSITIVITY,0.4217842727363985,0.5851219163867484,0.5814393945085671,C_CONSERVATIVE,TSRE_FULL_c036da2612360b,43,"[277, 66, 437, 153, 58, 147, 151, 96, 68, 243, 68, 185]","[277, 66, 437, 153, 58, 147, 151, 96, 68, 243, 68, 185]",e554f32e725a181cf0e50aa0a08bad05149ee5c8b8d4c382d08c58c1349fb187,1,,0.5336501992522831,0.0894472009069559,0.6892460595875823,12,58,58,0.9108881821645224,1949,1949,0.9277037904288014,367856edc39e0e7a1e85388b3d0da333395153108650654c584784c37d2715db,PROFILE_c036da2612360b,PASS,0.5851219163867484,TSRE_FULL,0.4694367852061987,labels_primary,label_mask
MISAR_E15_5_S1_K12,,SECONDARY_LABEL_ASSISTED_SENSITIVITY,0.4430931977256351,0.5967541079170146,0.5931436951182584,C_CONSERVATIVE,TSRE_FULL_0bd84b9f64020c,19,"[277, 66, 461, 149, 38, 147, 151, 96, 68, 243, 68, 185]","[277, 66, 461, 149, 38, 147, 151, 96, 68, 243, 68, 185]",e997dfde6d6a2469b7b1a2d2502f990c9629db451f02909a7e2d1777f8e5a70e,1,,0.5517089604484149,0.0917510901964951,0.6984870420096412,12,38,38,0.9080646470949132,1949,1949,0.930045368066735,e1d6757c972e36cf76ea772615ec8592a727fa9dd2116fc87c30df5dd91d56b0,PROFILE_0bd84b9f64020c,PASS,0.5967541079170146,TSRE_FULL,0.5126724932342768,labels_primary,label_mask
MISAR_E15_5_S1_K12,,SECONDARY_LABEL_ASSISTED_SENSITIVITY,0.4333156569386102,0.5845568614463319,0.5808573480813118,C_CONSERVATIVE,TSRE_FULL_cb9876ef4ff534,28,"[276, 66, 458, 133, 58, 147, 149, 96, 68, 243, 69, 186]","[276, 66, 458, 133, 58, 147, 149, 96, 68, 243, 69, 186]",1b9fe74db711698e37b2d8e37584e0971517c7c3cafe7c529af7f78f3cd6887f,1,,0.5433520300202824,0.0868943951607612,0.6865613461324738,12,58,58,0.91347872805926,1949,1949,0.93092345968096,15bf6edd2af77e9fef9b4090efaad080c261312fddc187e860c654f250a7a5c8,PROFILE_cb9876ef4ff534,PASS,0.5845568614463319,TSRE_FULL,0.6247355658560991,labels_primary,label_mask
MISAR_E15_5_S1_K12,,SECONDARY_LABEL_ASSISTED_SENSITIVITY,0.4473639477718206,0.5922869518431932,0.5886286622093041,C_GEO,TSRE_FULL_ebe6b5fac22d7e,12,"[278, 66, 473, 134, 39, 147, 149, 95, 67, 243, 69, 189]","[278, 66, 473, 134, 39, 147, 149, 95, 67, 243, 69, 189]",00a11ec1a144b7c8885aeaf48ee73df03406b90958cc31105049a0bb35925155,1,,0.5551572156522225,0.0895086595618974,0.6918987367905376,12,39,39,0.910041474543509,1949,1949,0.9322405971022976,c39f7c907fbf3aaeb30c1de90a50eb975f90734708d14b7e3ce76a80a0804c2f,PROFILE_ebe6b5fac22d7e,PASS,0.5922869518431932,TSRE_FULL,0.4972320273518562,labels_primary,label_mask
MISAR_E15_5_S1_K12,,SECONDARY_LABEL_ASSISTED_SENSITIVITY,0.3917820047258474,0.5799624128629504,0.576284573682295,C_P22,TSRE_FULL_3fc791ed1316e9,135,"[267, 65, 380, 183, 83, 146, 143, 112, 68, 246, 71, 185]","[267, 65, 380, 183, 83, 146, 143, 112, 68, 246, 71, 185]",6768f953b625f9a035781b2c6ab5318df2e054a3408cd9b5078693ba3e27bc4c,1,,0.5084217435104202,0.0901811363784676,0.6905997330314142,12,65,65,0.9093319349562192,1949,1949,0.9236060295624176,adf65286caa2fcd1adad1f22b9f5037c9596565b41e6ef74f5c44a6f2752ddf9,PROFILE_3fc791ed1316e9,PASS,0.5799624128629504,TSRE_FULL,0.4946660548448562,labels_primary,label_mask
MISAR_E15_5_S1_K12,,SECONDARY_LABEL_ASSISTED_SENSITIVITY,0.4142700817171054,0.5829246413522644,0.5792362963202108,C_CONSERVATIVE,TSRE_FULL_2fb8f7dfa6c2e1,67,"[273, 65, 430, 152, 70, 147, 149, 96, 68, 243, 70, 186]","[273, 65, 430, 152, 70, 147, 149, 96, 68, 243, 70, 186]",8927ed056688431dcf6f5afa74a742eb94134e6dd98dd6482b13e43c789ac945,1,,0.5272713665904979,0.0888335109412586,0.6884834839622297,12,65,65,0.9116108961432238,1949,1949,0.9266793502122056,a59050ab48507a5a3a838e3c915022f8eafcb72d0f19ce141d9bd0269f92f6a7,PROFILE_2fb8f7dfa6c2e1,PASS,0.5829246413522644,TSRE_FULL,0.4822146687656641,labels_primary,label_mask
MISAR_E15_5_S1_K12,,SECONDARY_LABEL_ASSISTED_SENSITIVITY,0.4379462546636078,0.5928215910664842,0.5891787458804,C_GEO,TSRE_FULL_1df462cd0829ad,29,"[278, 66, 456, 151, 39, 147, 149, 95, 67, 243, 69, 189]","[278, 66, 456, 151, 39, 147, 149, 95, 67, 243, 69, 189]",b2b47b2d10924889cd8506bfc02d4ec57ab08bef79ef82a21b34957e0d9e4606,1,,0.5472957873336886,0.0910512375696553,0.6943328338520847,12,39,39,0.9086116599993086,1949,1949,0.930045368066735,40a115b62dfdd461be34fa84565a820f3d39845fa5bf06358ee6f87b99373bbb,PROFILE_1df462cd0829ad,PASS,0.5928215910664844,TSRE_FULL,0.497333075851202,labels_primary,label_mask
MISAR_E15_5_S1_K12,,SECONDARY_LABEL_ASSISTED_SENSITIVITY,0.4219907480544157,0.5869095989699598,0.5832484103641593,C_GEO,TSRE_FULL_b316caf4220d64,59,"[275, 66, 435, 153, 61, 147, 146, 98, 68, 243, 70, 187]","[275, 66, 435, 153, 61, 147, 146, 98, 68, 243, 70, 187]",1d293dda43f2da2fda2b66c6faeadbe15199ee8f60368e4495dcdd73957d93af,1,,0.5339337761915328,0.0913696585426407,0.6920714476714941,12,61,61,0.908675671938449,1949,1949,0.9266793502122056,a7d06414b2fe67242d72166ce1a74c802ddfe0b6abf1a68dd3b08ff3fbdce2be,PROFILE_b316caf4220d64,PASS,0.5869095989699598,TSRE_FULL,0.511030163615942,labels_primary,label_mask
MISAR_E15_5_S1_K12,,SECONDARY_LABEL_ASSISTED_SENSITIVITY,0.4211559458324887,0.5839573162600459,0.5802649466741694,C_CONSERVATIVE,TSRE_FULL_9d75d3f311885d,45,"[277, 66, 437, 152, 58, 147, 150, 96, 68, 243, 69, 186]","[277, 66, 437, 152, 58, 147, 150, 96, 68, 243, 69, 186]",baafb4c92dacddab86bbeedbe56899028c15123fc18b7de3606acf25aec3a024,1,,0.5330984714457463,0.0885464754100058,0.6879266562800662,12,58,58,0.9121210689023136,1949,1949,0.9284355334406555,ba80bb0b65cd7c12f1c32763aaf0c7e8ec22e453b04a1dd6d213c16068f33c4c,PROFILE_9d75d3f311885d,PASS,0.5839573162600459,TSRE_FULL,0.5254179369658232,labels_primary,label_mask
MISAR_E15_5_S1_K12,,SECONDARY_LABEL_ASSISTED_SENSITIVITY,0.4201401660555756,0.5833540836974921,0.5796578671813877,C_CONSERVATIVE,TSRE_FULL_c5abfdd808a635,50,"[276, 66, 438, 152, 60, 147, 149, 96, 68, 242, 69, 186]","[276, 66, 438, 152, 60, 147, 149, 96, 68, 242, 69, 186]",3193ee10485a8beb69f218f33fc837bf8d7f448fe18993dce57f414a9e81fc5a,1,,0.5322089516469297,0.0885645838808462,0.6873829920751531,12,60,60,0.9118446867720856,1949,1949,0.928142836235914,6f0a82841b92b4c729ac1c199a238690a709a1dce76a7c4f16890dc595ca6116,PROFILE_c5abfdd808a635,PASS,0.5833540836974922,TSRE_FULL,0.4852978605777025,labels_primary,label_mask
MISAR_E15_5_S1_K12,,SECONDARY_LABEL_ASSISTED_SENSITIVITY,0.3995912478584936,0.5899162265828299,0.5863290327605266,C_P22,TSRE_FULL_96be6fd35722fa,140,"[261, 66, 382, 182, 86, 147, 145, 115, 68, 245, 70, 182]","[261, 66, 382, 182, 86, 147, 145, 115, 68, 245, 70, 182]",1ddefc23ba643a4f57849f22eeb61be99aa5c69b3e23fb5e4ef4f54b367eadcd,1,,0.5155671087987368,0.0940435751413263,0.7029504116144065,12,66,66,0.9051697496524994,1949,1949,0.920386360310259,3991dd3ab2e9502b8b971d81702b4bcc4d6882ed2519bbea519917ba27df0f08,PROFILE_96be6fd35722fa,PASS,0.5899162265828299,TSRE_FULL,0.5343005936592817,labels_primary,label_mask
MISAR_E15_5_S1_K12,,SECONDARY_LABEL_ASSISTED_SENSITIVITY,0.3930947038776754,0.5796734460061154,0.575997079860194,C_P22,TSRE_FULL_484a716052b1ab,141,"[263, 65, 379, 178, 82, 147, 152, 112, 68, 245, 74, 184]","[263, 65, 379, 178, 82, 147, 152, 112, 68, 245, 74, 184]",a61d94da63212fbd78be5002559f06ec64d79b4f2988c7a48103a0b1d9e84234,1,,0.5097290533719161,0.0968175156370657,0.6908357981197585,12,65,65,0.9020520502389088,1949,1949,0.9170203424557296,8416bfc5762fffd233baaeded5fbb7577d4f87da1a195a226df5606c8a23742a,PROFILE_484a716052b1ab,PASS,0.5796734460061155,TSRE_FULL,0.478375893086195,labels_primary,label_mask
MISAR_E15_5_S1_K12,,SECONDARY_LABEL_ASSISTED_SENSITIVITY,0.4154651374121947,0.5826260806107173,0.5789351899448183,C_GEO,TSRE_FULL_6b32d4ac6e9034,69,"[274, 66, 428, 153, 68, 147, 144, 98, 68, 244, 70, 189]","[274, 66, 428, 153, 68, 147, 144, 98, 68, 244, 70, 189]",11fe0d89d38b0dc8be6c8c2dd48f7560fbe8098c972595029e5dff8767dde06b,1,,0.5283514336509614,0.0894866421336489,0.6881626830248376,12,66,66,0.9110958103499696,1949,1949,0.9269720474169472,84dd9dcbc53e91a041f33d037708ebd7910baad805a578a11ef0742935d55ed3,PROFILE_6b32d4ac6e9034,PASS,0.5826260806107174,TSRE_FULL,0.4831565544009208,labels_primary,label_mask
MISAR_E15_5_S1_K12,,SECONDARY_LABEL_ASSISTED_SENSITIVITY,0.398727562088294,0.5790918290038625,0.575401492786854,C_P22,TSRE_FULL_a37785cf84782b,114,"[270, 72, 400, 160, 81, 146, 143, 112, 68, 243, 71, 183]","[270, 72, 400, 160, 81, 146, 143, 112, 68, 243, 71, 183]",5b19f0f26b623d7a75c16a8cf7e79e54ac2950b814782a1c8e3c96dadd6bcde9,1,,0.5143052552804486,0.0883239966324533,0.6885396946506807,12,68,68,0.9115427104792316,1949,1949,0.925215864188497,ec7c867064a0663081d4e7d2b67fcbc53da27cafcd748e5dfe8916845db0c9e9,PROFILE_a37785cf84782b,PASS,0.5790918290038624,TSRE_FULL,0.5150520149618387,labels_primary,label_mask
MISAR_E15_5_S1_K12,,SECONDARY_LABEL_ASSISTED_SENSITIVITY,0.3988286995966886,0.5832039269221522,0.5795450209682736,C_P22,TSRE_FULL_a5b18acb72d96f,108,"[270, 67, 391, 175, 76, 147, 152, 104, 68, 245, 70, 184]","[270, 67, 391, 175, 76, 147, 152, 104, 68, 245, 70, 184]",745ee807009f826599f2e18ec27778684a2419ab6b08ef69f2fe80190230e56d,1,,0.5144517890070469,0.0949427591433391,0.6930397355177078,12,67,67,0.9050541271547532,1949,1949,0.9190692228889216,6524df71686e1e040731ba4fd6df12cbe2654b9bfefe927e74a378f05c9b5cd9,PROFILE_a5b18acb72d96f,PASS,0.5832039269221522,TSRE_FULL,0.4852490499615669,labels_primary,label_mask
MISAR_E15_5_S1_K12,,SECONDARY_LABEL_ASSISTED_SENSITIVITY,0.3652654580371839,0.5650461758651332,0.56130393290349,C_P22,TSRE_FULL_68038c7fda1e07,284,"[228, 116, 333, 191, 106, 125, 157, 111, 69, 250, 87, 176]","[228, 116, 333, 191, 106, 125, 157, 111, 69, 250, 87, 176]",51a32d92db1cb72d6f0bb9df1251e4e86340872d05da4cc0c2ddea245b63ce8a,1,,0.4862707126802634,0.1203598461788183,0.6817465782580512,12,69,69,0.8793496460853915,1949,1949,0.8944826576906191,12d3a834a63c9653c8d79fa1dc043fc0f2fc3ccc1238d5b389109d6df6b9d692,PROFILE_68038c7fda1e07,PASS,0.5650461758651331,TSRE_FULL,0.5138331968337297,labels_primary,label_mask
MISAR_E15_5_S1_K12,,SECONDARY_LABEL_ASSISTED_SENSITIVITY,0.4108456550027576,0.5804305412355555,0.5767259788426192,C_P22,TSRE_FULL_8307fd26d39e7a,63,"[276, 66, 423, 152, 75, 147, 149, 96, 68, 243, 69, 185]","[276, 66, 423, 152, 75, 147, 149, 96, 68, 243, 69, 185]",b00ca6eb9feee0d4853ab387b2eb04500c5a515ecfcd31a3c5b81889601c1c53,1,,0.5243880565008655,0.0868450967443951,0.6863673023566399,12,66,66,0.9139611771753076,1949,1949,0.9282891848382848,b5fe6e56a6516f74eea16c4c88b06a76e1858b95531ae7924996f6b618c98908,PROFILE_8307fd26d39e7a,PASS,0.5804305412355555,TSRE_FULL,0.4798217061907053,labels_primary,label_mask
MISAR_E15_5_S1_K12,,SECONDARY_LABEL_ASSISTED_SENSITIVITY,0.4520075623891423,0.5973796204747361,0.5937628553270842,C_GEO,TSRE_FULL_6775ee4b72532e,3,"[279, 66, 477, 133, 38, 147, 149, 95, 67, 243, 68, 187]","[279, 66, 477, 133, 38, 147, 149, 95, 67, 243, 68, 187]",66fa7a0ff485197497cf649a2b6b148e0e45c82d16fd941fbb2c22efdef1729a,1,,0.5590992013904953,0.089030289461855,0.69720929048463,12,38,38,0.9107064465472682,1949,1949,0.9334113859212644,b5604e6f7ceceb5bf4a21d765a60495ad9bb00fc3c691862d45b30fe14731a26,PROFILE_6775ee4b72532e,PASS,0.5973796204747361,TSRE_FULL,0.4970134142786264,labels_primary,label_mask
MISAR_E15_5_S1_K12,,SECONDARY_LABEL_ASSISTED_SENSITIVITY,0.3999273949660254,0.57662107603042,0.5728891752988674,C_GEO,TSRE_FULL_6c34d10e09aa57,88,"[275, 65, 406, 173, 72, 147, 147, 95, 69, 242, 69, 189]","[275, 65, 406, 173, 72, 147, 147, 95, 69, 242, 69, 189]",de8e829990e6c39ba668c107627be94441d03fa7987198bc0fb68b729c81d80e,1,,0.514977836297766,0.0897519282438548,0.6830146922721011,12,65,65,0.9104258212702744,1949,1949,0.925215864188497,8bed7c236ef49905d491a8c2b61e37935d5fc6ee69221faffe38247987859984,PROFILE_6c34d10e09aa57,PASS,0.5766210760304199,TSRE_FULL,0.588263738900423,labels_primary,label_mask
MISAR_E15_5_S1_K12,,SECONDARY_LABEL_ASSISTED_SENSITIVITY,0.451613366736013,0.5975897430104476,0.5939761128415934,C_GEO,TSRE_FULL_8b9b3cafcfe0e0,2,"[279, 66, 476, 134, 38, 147, 150, 96, 67, 243, 68, 185]","[279, 66, 476, 134, 38, 147, 150, 96, 67, 243, 68, 185]",2286d7e1a877ff90aef72ec25b84ffe0d786b5c6d1ddea4e60556333026406e9,1,,0.5587865297288358,0.0896451828940422,0.6976503490712997,12,38,38,0.9101404755068936,1949,1949,0.932825991511781,dbd1d0a83764bf76d6c7355ccdfacb40d2fc3310fae24d08fa674b43ba70801d,PROFILE_8b9b3cafcfe0e0,PASS,0.5975897430104476,TSRE_FULL,0.4938496574759483,labels_primary,label_mask
