stage,config_id,dataset,seed,success,status,runtime_seconds,peak_rss_mib,gpu_allocation_mib,ari,nmi,q,neighbor_agreement,moran_i,geary_c,boundary_disagreement
H,H00,a1,0,True,success,2.0373422279953957,628.94140625,0.0,0.2744679880037527,0.41473704796155814,0.3446025179826554,0.6167581623808148,0.5499301490114088,0.46285877900957717,0.3832418376191852
H,H01,a1,0,True,success,2.372722579166293,635.35546875,0.0,0.2727768665728735,0.40860246932196836,0.34068966794742095,0.6375036116729269,0.5770304586007442,0.4353779600837016,0.3624963883270731
H,H02,a1,0,True,success,2.3455666787922382,635.54296875,0.0,0.2744196388095502,0.40959089237247687,0.3420052655910135,0.635336607916787,0.575529631873773,0.43701254257933664,0.36466339208321297
H,H03,a1,0,True,success,2.423532225191593,635.54296875,0.0,0.2767000513631863,0.4136276834056078,0.3451638673843971,0.6318694019069633,0.5708317835872659,0.44175144000438216,0.3681305980930367
H,H04,a1,0,True,success,2.4383165817707777,635.54296875,0.0,0.27883355491756256,0.4168639318589629,0.34784874338826277,0.6311470673215833,0.569058459202161,0.44371201636131874,0.3688529326784167
H,H05,a1,0,True,success,2.3824981823563576,635.54296875,0.0,0.2790627738753487,0.41801990666040406,0.3485413402678764,0.6257151112395262,0.5606637277411568,0.45213163369418885,0.37428488876047383
H,H06,a1,0,True,success,2.3506651502102613,635.54296875,0.0,0.2712679227758345,0.40525089215720833,0.3382594074665214,0.6361745160358278,0.574215256298328,0.4382728807334729,0.36382548396417225
H,H07,a1,0,True,success,2.3440580274909735,635.54296875,0.0,0.2725792148383159,0.4085503183999482,0.34056476661913204,0.6375036116729269,0.5770045570682781,0.43540344149778154,0.3624963883270731
H,H08,a1,0,True,success,4.733726819977164,691.9453125,0.0,0.24464311552075513,0.3951618439269681,0.31990247972386165,0.5577867668303959,0.43990876596333894,0.5637206066707992,0.44221323316960415
H,H09,a1,0,True,success,4.046378944069147,708.703125,0.0,0.2397158395366457,0.39472568094979954,0.3172207602432226,0.5646344986997978,0.46392003655422653,0.5392109461821006,0.43536550130020224
H,H10,a1,0,True,success,4.164945153519511,708.703125,0.0,0.23651140619061026,0.38753518149561494,0.3120232938431126,0.5619474140421843,0.4426729437140559,0.5612292849243588,0.4380525859578157
H,H11,a1,0,True,success,4.0014296639710665,732.1640625,0.0,0.1882727817483789,0.3618415575477295,0.2750571696480542,0.5674082635076567,0.44629536053875984,0.5524618853040227,0.4325917364923433
H,H12,a1,0,True,success,5.866928994655609,732.19921875,0.0,0.18352442231705218,0.35222844144801935,0.26787643188253574,0.5082924010401618,0.45077542374587143,0.5531351861054776,0.4917075989598382
H,H13,a1,0,True,success,5.9870656076818705,732.19921875,0.0,0.147438679891236,0.30620068964004754,0.22681968476564177,0.5356833285177695,0.48387273463278524,0.5175032804623128,0.46431667148223055
H,H14,a1,0,True,success,0.8635587561875582,732.80078125,0.0,0.2704255730316879,0.4101028631144681,0.340264218073078,0.6135221034383126,0.5474311744207261,0.46479086310184936,0.3864778965616874
H,H15,a1,0,True,success,0.9034484382718801,732.8046875,0.0,0.2672603354592689,0.4036631647310617,0.3354617500951653,0.6352788211499567,0.5755170692337493,0.4363749004047598,0.3647211788500433
H,H16,a1,0,False,scientific_numerical_failure,15.905729131773114,739.84375,0.0,,,,,,,
H,H17,a1,0,False,scientific_numerical_failure,24.110096991062164,743.75390625,0.0,,,,,,,
H,H00,a1,1,True,success,1.8807625994086266,756.0,0.0,0.2672471914408437,0.4132690689870539,0.3402581302139488,0.6276220745449292,0.5587973329910844,0.45437093774630793,0.37237792545507076
H,H01,a1,1,True,success,2.092158433049917,756.0,0.0,0.2637857675206587,0.40517149106483163,0.3344786292927452,0.6485408841375325,0.582080820491017,0.43063791399157997,0.3514591158624675
H,H02,a1,1,True,success,2.050667632371187,756.0,0.0,0.2662005089345316,0.4081717877026271,0.33718614831857935,0.6453337185784456,0.5786967855296908,0.43435678172064185,0.35466628142155443
H,H03,a1,1,True,success,2.1654276829212904,756.0,0.0,0.26682187158705767,0.41048512649466146,0.33865349904085956,0.6436001155735337,0.5768680672143811,0.43618566849637624,0.3563998844264663
H,H04,a1,1,True,success,2.2452268190681934,756.0,0.0,0.2677524183781437,0.4127669367598825,0.3402596775690131,0.641173071366657,0.5725479637466523,0.4403743734264573,0.358826928633343
H,H05,a1,1,True,success,2.2114585358649492,756.0,0.0,0.26896258231726194,0.4135462456262525,0.3412544139717572,0.6379081190407396,0.5680609410268567,0.44492935085439694,0.36209188095926037
H,H06,a1,1,True,success,2.1626637503504753,756.0,0.0,0.2636883426474225,0.4068652472392464,0.33527679494333446,0.6492921121063276,0.5823148353442711,0.430794351794482,0.35070788789367235
H,H07,a1,1,True,success,2.129821004346013,756.0,0.0,0.2648629078685353,0.40671801754014275,0.335790462704339,0.6479341230858133,0.581528593194112,0.4312385080316513,0.35206587691418667
H,H08,a1,1,True,success,5.0687792506068945,756.0,0.0,0.1876620834804964,0.3445582768761743,0.2661101801783353,0.5593181161514014,0.430891913649714,0.5691697692482156,0.44068188384859863
H,H09,a1,1,True,success,3.917744316160679,756.0,0.0,0.21152947287696408,0.37765265790907643,0.29459106539302027,0.5659347009534816,0.4803713692839304,0.5231580080347237,0.43406529904651836
H,H10,a1,1,True,success,3.707060867920518,756.0,0.0,0.2128915282130189,0.38072165386157836,0.2968065910372986,0.5634209765963595,0.4788896286120502,0.5246912575336184,0.4365790234036405
H,H11,a1,1,True,success,4.293380098417401,756.0,0.0,0.17168116810277215,0.3499009553692002,0.26079106173598615,0.583790811904074,0.46147820115329663,0.5378057437360614,0.416209188095926
H,H12,a1,1,True,success,4.77804327942431,756.0,0.0,0.15361271382165997,0.3350091487342266,0.2443109312779433,0.5120774342675527,0.4446007801778585,0.5548073035283514,0.4879225657324473
H,H13,a1,1,True,success,6.423968195915222,756.0,0.0,0.18108193841842654,0.35013432469147004,0.2656081315549483,0.5385726668592892,0.49042347940265696,0.5130833406580693,0.4614273331407108
H,H14,a1,1,True,success,0.8355005700141191,756.0,0.0,0.26110741595770487,0.40802105289930585,0.33456423442850536,0.6283444091303092,0.5610305925635724,0.45165326955924145,0.3716555908696908
H,H15,a1,1,True,success,0.8695249054580927,756.0,0.0,0.2609442424343262,0.4036816958226646,0.3323129691284954,0.6475296157180006,0.5823941558178458,0.4298405785650985,0.3524703842819994
H,H16,a1,1,True,success,9.647608472034335,756.0,0.0,0.2571871120847119,0.40466492235266416,0.33092601721868803,0.6491476451892516,0.5585822153654462,0.4452552373233787,0.3508523548107484
H,H17,a1,1,False,scientific_numerical_failure,24.995931884273887,756.0,0.0,,,,,,,
H,H00,a1,2,True,success,2.105263715609908,774.35546875,0.0,0.27526557454695755,0.4095421377720357,0.34240385615949664,0.6193585668881826,0.5343047402051191,0.4775497711581491,0.3806414331118174
H,H01,a1,2,True,success,2.6005378365516663,777.34375,0.0,0.2676255761490585,0.3994109568691854,0.333518266509122,0.644813637676972,0.5752571050268501,0.43626555769905273,0.355186362323028
H,H02,a1,2,True,success,2.5500340554863214,777.359375,0.0,0.27093471150655907,0.4045037261287407,0.3377192188176499,0.6412308581334875,0.5692980147463648,0.44232684329977,0.35876914186651254
H,H03,a1,2,True,success,2.6580566838383675,777.359375,0.0,0.2711236183224483,0.4061384159794848,0.33863101715096655,0.6414908985842243,0.5685210832023885,0.44346849109579295,0.35850910141577574
H,H04,a1,2,True,success,2.5591488070786,777.359375,0.0,0.2721370038342986,0.40962595901893456,0.34088148142661656,0.6362323028026582,0.5573853692347839,0.45445170656166567,0.3637676971973418
H,H05,a1,2,True,success,2.73948978446424,777.359375,0.0,0.2714469518368745,0.4105046388940605,0.3409757953654675,0.630944813637677,0.5489813181332005,0.46298178299458764,0.36905518636232304
H,H06,a1,2,True,success,2.562339087948203,777.359375,0.0,0.2713938971732611,0.40380696829610113,0.3376004327346811,0.6431956082057209,0.5714163799154263,0.4399981245025765,0.35680439179427914
H,H07,a1,2,True,success,2.6371824108064175,777.359375,0.0,0.26717342860546767,0.39981942985814667,0.33349642923180717,0.6457960127130887,0.5759475788637375,0.43567921689685907,0.35420398728691127
H,H08,a1,2,True,success,4.491270063444972,777.359375,0.0,0.22896420778976656,0.3829913164689477,0.3059777621293571,0.5748338630453627,0.45767694296288425,0.5463008177161222,0.42516613695463734
H,H09,a1,2,True,success,3.770796401426196,777.359375,0.0,0.22890178551096557,0.3843609961168919,0.30663139081392876,0.564085524414909,0.4991041136661504,0.5079984494855663,0.435914475585091
H,H10,a1,2,True,success,3.8895761389285326,777.359375,0.0,0.17791934824781883,0.33980074664372417,0.2588600474457715,0.5721756717711644,0.4559742551133851,0.5438166896552523,0.42782432822883565
H,H11,a1,2,True,success,4.80114515684545,777.359375,0.0,0.1819931122031878,0.35082253357520016,0.26640782288919396,0.5554175093903496,0.43683039136700363,0.5631724172680901,0.4445824906096504
H,H12,a1,2,True,success,3.564098659902811,777.359375,0.0,0.1548004707193346,0.32602126036234247,0.24041086554083851,0.5171337763652124,0.43888804090796063,0.5644405443689646,0.4828662236347876
H,H13,a1,2,True,success,7.311586147174239,777.359375,0.0,0.18677682201161916,0.3612539299365239,0.27401537597407155,0.5316960416064721,0.4834783598787945,0.5215372297837841,0.4683039583935279
H,H14,a1,2,True,success,0.9164928961545229,777.359375,0.0,0.2415761148882144,0.3992627389231686,0.3204194269056915,0.5753828373302514,0.5115896207989824,0.49593622096239365,0.4246171626697486
H,H15,a1,2,True,success,0.9105661753565073,777.359375,0.0,0.26245085240099303,0.39588508666719924,0.3291679695340961,0.6453915053452759,0.5781613616739796,0.43276757358307527,0.3546084946547241
H,H16,a1,2,False,scientific_numerical_failure,15.86783559806645,777.359375,0.0,,,,,,,
H,H17,a1,2,False,scientific_numerical_failure,24.36216389760375,777.359375,0.0,,,,,,,
H,H00,a1,3,True,success,2.3000652231276035,777.359375,0.0,0.2640021001278234,0.4042379285292455,0.33412001432853444,0.6338052585957815,0.574343599235682,0.440287300105444,0.3661947414042185
H,H01,a1,3,True,success,2.451875912025571,777.359375,0.0,0.26333180893218333,0.40141246936424,0.3323721391482117,0.655764229991332,0.5890798418909972,0.42315836356199493,0.344235770008668
H,H02,a1,3,True,success,2.4126952718943357,777.359375,0.0,0.2648478186100666,0.40398875590319305,0.3344182872566298,0.6542328806703265,0.5872911856778813,0.4249951516149295,0.3457671193296735
H,H03,a1,3,True,success,2.3552922438830137,777.359375,0.0,0.2656800369485232,0.40758735412626573,0.3366336955373945,0.6512857555619763,0.5829043229461723,0.4296101696058573,0.3487142444380237
H,H04,a1,3,True,success,2.425445783883333,777.359375,0.0,0.26824310287778,0.4119118264421838,0.3400774646599819,0.6493210054897428,0.5814398013513624,0.4314370584982119,0.3506789945102572
H,H05,a1,3,True,success,2.4626125879585743,777.359375,0.0,0.2691639550507304,0.4137900806968063,0.34147701787376833,0.6442935567754984,0.5762742094250455,0.43679773084284956,0.3557064432245016
H,H06,a1,3,True,success,2.467045882716775,777.359375,0.0,0.26404805478817855,0.39907186927921384,0.3315599620336962,0.6526437445824906,0.5873657218787092,0.42470845166505916,0.34735625541750936
H,H07,a1,3,True,success,2.4213841129094362,777.359375,0.0,0.2629939420411543,0.4012210925221583,0.33210751728165633,0.6557931233747472,0.5891745719127821,0.4230742860431473,0.34420687662525284
H,H08,a1,3,True,success,3.7452370449900627,777.359375,0.0,0.22885286093165233,0.3801200062404812,0.30448643358606675,0.5526148511990754,0.47891204601054504,0.5262638576731692,0.4473851488009246
H,H09,a1,3,True,success,4.599879078567028,777.359375,0.0,0.1930404012692357,0.3493684685981171,0.2712044349336764,0.5776943080034672,0.508136295275132,0.49527191054681935,0.4223056919965328
H,H10,a1,3,True,success,4.59234082698822,777.359375,0.0,0.21923690221812314,0.37442385576707066,0.2968303789925969,0.5821438890494077,0.5119077006855624,0.4941956127843599,0.4178561109505923
H,H11,a1,3,True,success,3.738854283466935,777.359375,0.0,0.18314137839914757,0.3463238523714701,0.26473261538530884,0.5765674660502745,0.4985306557266746,0.5031811512919234,0.42343253394972546
H,H12,a1,3,True,success,4.4741249438375235,777.359375,0.0,0.16984480500846227,0.33962923666070616,0.2547370208345842,0.5121641144177983,0.45281822389695614,0.5480540396563538,0.4878358855822017
H,H13,a1,3,True,success,4.857585191726685,777.359375,0.0,0.1611054015270686,0.3428794035573178,0.2519924025421932,0.5480496966194741,0.5098227318574365,0.49055952796196395,0.4519503033805259
H,H14,a1,3,True,success,1.0063766594976187,777.359375,0.0,0.262278144203098,0.40468340480250115,0.33348077450279956,0.6277665414620052,0.55965546255581,0.4524615170982905,0.37223345853799483
H,H15,a1,3,True,success,0.9922608900815248,777.359375,0.0,0.25630301685081147,0.39796192830763455,0.327132472579223,0.6512857555619763,0.5881343550277107,0.42338378181283687,0.3487142444380237
H,H16,a1,3,False,scientific_numerical_failure,17.9090978205204,777.359375,0.0,,,,,,,
H,H17,a1,3,False,scientific_numerical_failure,22.12477884069085,777.359375,0.0,,,,,,,
H,H00,a1,4,True,success,1.9042188711464405,777.359375,0.0,0.2650444081657329,0.40158324045111066,0.33331382430842177,0.6429355677549841,0.5856323521166924,0.4281300037201783,0.35706443224501594
H,H01,a1,4,True,success,2.687219988554716,786.9609375,0.0,0.26602469638937515,0.4092378818675364,0.33763128912845575,0.6605027448714245,0.5986517908231508,0.41457526482194007,0.33949725512857554
H,H02,a1,4,True,success,2.670340660959482,787.06640625,0.0,0.2652567287938333,0.4092058514096567,0.337231290101745,0.6576711932967351,0.5934939021648306,0.4196455726387728,0.34232880670326493
H,H03,a1,4,True,success,2.617490543052554,787.06640625,0.0,0.2642334958224651,0.40905213963744214,0.33664281772995364,0.6540884137532506,0.5890768893413594,0.4245265622923169,0.34591158624674945
H,H04,a1,4,True,success,2.6197658944875,787.06640625,0.0,0.2617858451670382,0.4028733474804637,0.3323295963237509,0.6466050274487143,0.5866807137831977,0.42775862542312837,0.3533949725512857
H,H05,a1,4,True,success,2.6382737513631582,787.06640625,0.0,0.25759375596669076,0.39636406824592474,0.32697891210630775,0.6414908985842243,0.5862604442858255,0.4289108576225537,0.35850910141577574
H,H06,a1,4,True,success,2.6675260085612535,787.06640625,0.0,0.2617407899428512,0.40599092455027785,0.33386585724656453,0.6579312337474719,0.5963375909358515,0.4169365441415883,0.34206876625252813
H,H07,a1,4,True,success,2.731488848105073,787.06640625,0.0,0.2665216416295131,0.41017331790829126,0.33834747976890217,0.6602427044206877,0.5985110538177489,0.4145661083693552,0.33975729557931234
H,H08,a1,4,True,success,3.697110718116164,787.06640625,0.0,0.2151041319653566,0.36947248216994827,0.2922883070676524,0.5543773475874025,0.44346957923558206,0.559913836993577,0.44562265241259746
H,H09,a1,4,True,success,3.503186607733369,787.06640625,0.0,0.17894728941761173,0.3530671073675805,0.2660071983925961,0.5752383704131754,0.4861965824458575,0.5130089715887418,0.4247616295868246
H,H10,a1,4,True,success,4.531199876219034,787.06640625,0.0,0.17936961811720303,0.3488871405025686,0.2641283793098858,0.5500433400751228,0.45377963974538843,0.5453049339441357,0.4499566599248772
H,H11,a1,4,True,success,3.3501361943781376,787.06640625,0.0,0.18154996176855653,0.34360898109761506,0.2625794714330858,0.5665125686217856,0.5076095356706049,0.4930444152782661,0.43348743137821444
H,H12,a1,4,True,success,4.326005792245269,787.06640625,0.0,0.16598096045501046,0.33573512626363766,0.25085804335932405,0.5285755561976307,0.46585724093603176,0.5359379731326434,0.47142444380236925
H,H13,a1,4,True,success,4.183354055508971,787.06640625,0.0,0.14238714802277444,0.3087391120057554,0.22556313001426492,0.5471251083501878,0.4857772763493893,0.5152264337431661,0.4528748916498122
H,H14,a1,4,True,success,0.8049933072179556,787.06640625,0.0,0.2382929293437004,0.3931566159961011,0.31572477266990073,0.5945391505345275,0.5280805620629441,0.47941270183646967,0.40546084946547245
H,H15,a1,4,True,success,0.860066682100296,787.06640625,0.0,0.22726211984884462,0.39671504381272765,0.31198858183078615,0.619705287489165,0.5609593838216611,0.4468414158391275,0.380294712510835
H,H16,a1,4,False,scientific_numerical_failure,16.990854509174824,787.06640625,0.0,,,,,,,
H,H17,a1,4,True,success,11.111650981009007,787.06640625,0.0,0.22182243001941104,0.38893817026330196,0.30538030014135653,0.7167581623808148,0.6247267244198471,0.37462187515739653,0.2832418376191852
H,H00,tonsil,0,True,success,1.6184124145656824,787.06640625,0.0,0.1522327250963723,0.2733283147344344,0.21278051991540337,0.7200811826841025,0.5741961814432108,0.4230170022600032,0.2799188173158975
H,H01,tonsil,0,True,success,1.7320958282798529,787.06640625,0.0,0.15077472169228043,0.2714040964604334,0.21108940907635693,0.7080652229064324,0.5725648993703494,0.4242060469026758,0.29193477709356763
H,H02,tonsil,0,True,success,1.7062240205705166,787.06640625,0.0,0.13887674734087255,0.26634098518235244,0.2026088662616125,0.7204963214096266,0.5840601500445801,0.4129099374674291,0.2795036785903734
H,H03,tonsil,0,True,success,1.7684281282126904,787.06640625,0.0,0.1425662534216683,0.26649956447404793,0.2045329089478581,0.7212343458105583,0.5800294884449543,0.41711482844413866,0.27876565418944166
H,H04,tonsil,0,True,success,1.7648939080536366,787.06640625,0.0,0.14515100836349223,0.26751475973063654,0.2063328840470644,0.7207500172974469,0.5781951988989913,0.41883125236929347,0.2792499827025531
H,H05,tonsil,0,True,success,1.810883454978466,787.06640625,0.0,0.14707801323119118,0.26871069343061926,0.20789435333090522,0.722341382411956,0.5784846019666063,0.4187030408505641,0.277658617588044
H,H06,tonsil,0,True,success,1.7795185837894678,787.06640625,0.0,0.14901094663087164,0.27296393524382956,0.2109874409373506,0.7090569431951844,0.5724686015605915,0.42425851175612733,0.2909430568048156
H,H07,tonsil,0,True,success,1.6922588050365448,787.06640625,0.0,0.1476538094651544,0.27227972982128323,0.2099667696432188,0.7094259553956502,0.5735769190515765,0.4231378997395144,0.29057404460434977
H,H08,tonsil,0,True,success,2.16412609256804,787.06640625,0.0,0.1692652385524025,0.26917158039379147,0.21921840947309698,0.7152609608155169,0.5679074234989082,0.43117343913513206,0.28473903918448307
H,H09,tonsil,0,True,success,2.2870817966759205,787.06640625,0.0,0.15575798776287064,0.21596595736311536,0.185861972562993,0.6696187642703937,0.5507264053263353,0.44927026653293234,0.3303812357296063
H,H10,tonsil,0,True,success,2.2373119480907917,787.06640625,0.0,0.15880201000418565,0.21613289611256253,0.1874674530583741,0.6695034479577481,0.5493264606000775,0.45073784185536186,0.3304965520422519
H,H11,tonsil,0,True,success,2.298186717554927,787.06640625,0.0,0.15522605992439656,0.2148358173758026,0.18503093865009956,0.6693420051200443,0.5497121316554938,0.45031070435609566,0.33065799487995573
H,H12,tonsil,0,True,success,2.2252869848161936,787.06640625,0.0,0.08819672958470125,0.2017067647508374,0.14495174716776932,0.648446689268664,0.5068961246397655,0.4948943481140486,0.351553310731336
H,H13,tonsil,0,True,success,2.3010439686477184,787.06640625,0.0,0.08574627704214575,0.18409515346770192,0.13492071525492383,0.624668465601144,0.496799738768778,0.5040935672990043,0.375331534398856
H,H14,tonsil,0,True,success,0.5241164192557335,787.06640625,0.0,0.15227929732105225,0.2734494105483158,0.212864353934684,0.717820982956249,0.5730850840290063,0.4243716350662384,0.28217901704375103
H,H15,tonsil,0,True,success,0.542599881067872,787.06640625,0.0,0.16500633004599538,0.2716211878682085,0.21831375895710192,0.7026684194746189,0.6028265096677174,0.3960297473905186,0.2973315805253811
H,H16,tonsil,0,False,scientific_numerical_failure,19.35697135142982,787.06640625,0.0,,,,,,,
H,H17,tonsil,0,True,success,5.271707132458687,787.06640625,0.0,0.18711738075913079,0.2773485260292233,0.23223295339417704,0.7162988076293273,0.6147314014065345,0.3838831708144075,0.2837011923706727
H,H00,tonsil,1,True,success,1.6630062479525805,787.06640625,0.0,0.14861514560681205,0.2701300690467604,0.20937260732678623,0.7227565211374801,0.5785466906620067,0.41858951690633706,0.2772434788625199
H,H01,tonsil,1,True,success,1.7515873797237873,787.06640625,0.0,0.14575963467641015,0.26772525461107305,0.20674244464374159,0.7257778085287945,0.5844601342299227,0.41255498344893243,0.2742221914712055
H,H02,tonsil,1,True,success,1.797261269763112,787.06640625,0.0,0.14644393070506,0.26903360904104545,0.20773876987305273,0.7252012269655665,0.5837490892520882,0.41340162939857894,0.27479877303443345
H,H03,tonsil,1,True,success,1.743126556277275,787.06640625,0.0,0.14706385365819752,0.26962394911801174,0.20834390138810463,0.7238174312138195,0.5820314685164812,0.4151354001463108,0.2761825687861805
H,H04,tonsil,1,True,success,1.7558054067194462,787.06640625,0.0,0.14727431001287072,0.26917350816266783,0.20822390908776928,0.7234714822758828,0.5804607272963006,0.4165968036520049,0.27652851772411724
H,H05,tonsil,1,True,success,1.7632089387625456,787.06640625,0.0,0.1471661306185785,0.2691017761724472,0.20813395339551283,0.7229179639751839,0.5797629003003802,0.4172888777210908,0.27708203602481607
H,H06,tonsil,1,True,success,1.7960891723632812,787.06640625,0.0,0.145659456749528,0.26718058660786315,0.20642002167869555,0.7253396065407413,0.5846699779258276,0.41250527690408395,0.27466039345925874
H,H07,tonsil,1,True,success,1.7342139706015587,787.06640625,0.0,0.14584283676394771,0.26786912146057645,0.20685597911226208,0.725870061578911,0.5845483162405869,0.41247138828535357,0.274129938421089
H,H08,tonsil,1,True,success,2.2402317877858877,787.06640625,0.0,0.16623390751209363,0.2713713476555363,0.21880262758381497,0.7156991628035702,0.5713034591019555,0.4275369637620649,0.28430083719642985
H,H09,tonsil,1,True,success,2.629552638158202,787.06640625,0.0,0.13222132146010637,0.24056871625386508,0.18639501885698573,0.7187665767199428,0.5172378500750763,0.48338710353421543,0.2812334232800572
H,H10,tonsil,1,True,success,2.4958002027124166,787.06640625,0.0,0.13170200923976458,0.2389755792858642,0.18533879426281438,0.716852325930026,0.5137344802689878,0.48730154931825487,0.283147674069974
H,H11,tonsil,1,True,success,2.414065171033144,787.06640625,0.0,0.1654586174996041,0.2700377186715368,0.21774816808557046,0.7181208053691275,0.5764790147047438,0.4226453954256016,0.2818791946308725
H,H12,tonsil,1,True,success,2.217246185988188,787.06640625,0.0,0.0931237687073824,0.20259719011056695,0.14786047940897468,0.6478009179178487,0.5164627490455167,0.48454793611198566,0.35219908208215134
H,H13,tonsil,1,True,success,2.4966900069266558,787.06640625,0.0,0.11339076468770189,0.24566983133718737,0.17953029801244463,0.7166678198297931,0.6095206863266571,0.3870139588500945,0.2833321801702069
H,H14,tonsil,1,True,success,0.4522133767604828,787.06640625,0.0,0.15035112412319193,0.2729847814166598,0.2116679527699259,0.7195276643834037,0.5759811687465803,0.4214744784805211,0.28047233561659635
H,H15,tonsil,1,True,success,0.6162540074437857,787.06640625,0.0,0.14695093035947726,0.26849039497321137,0.2077206626663443,0.722733457874951,0.5830412080005962,0.41477771922541434,0.277266542125049
H,H16,tonsil,1,False,scientific_numerical_failure,17.371441558003426,787.06640625,0.0,,,,,,,
H,H17,tonsil,1,False,scientific_numerical_failure,26.437155418097973,787.06640625,0.0,,,,,,,
H,H00,tonsil,2,True,success,1.954344442114234,801.875,0.0,0.1553315607124325,0.2730142678484609,0.2141729142804467,0.7206116377222722,0.5759348312096273,0.42169631325998735,0.2793883622777278
H,H01,tonsil,2,True,success,1.800694739446044,801.875,0.0,0.1520580615530925,0.2716152413578658,0.21183665145547914,0.7242325699393436,0.5823688416242586,0.415074507391891,0.2757674300606564
H,H02,tonsil,2,True,success,1.7064881287515163,801.875,0.0,0.15211197692849446,0.2723698161009793,0.21224089651473688,0.7240711271016398,0.5818570037161888,0.4156005274278825,0.2759288728983602
H,H03,tonsil,2,True,success,1.6967452764511108,801.875,0.0,0.1512919832338164,0.2710574438315514,0.2111747135326839,0.7236559883761157,0.5811740583332707,0.41606419789609767,0.27634401162388433
H,H04,tonsil,2,True,success,1.7209537979215384,801.875,0.0,0.15287385619361635,0.2729793730808885,0.21292661463725243,0.7224797619871307,0.5791605884783174,0.41810767373771524,0.2775202380128693
H,H05,tonsil,2,True,success,1.6886262875050306,801.875,0.0,0.15244130254287871,0.27175905229456065,0.21210017741871967,0.7216494845360825,0.5780953430343718,0.41916146348959965,0.27835051546391754
H,H06,tonsil,2,True,success,1.6714139301329851,801.875,0.0,0.15147776527367252,0.2699008201690874,0.21068929272137996,0.724301759726931,0.5826072600706764,0.4147745414332486,0.275698240273069
H,H07,tonsil,2,True,success,1.694240340963006,801.875,0.0,0.15176710713810082,0.2714644016796479,0.21161575440887437,0.7237251781637031,0.5819299087500996,0.4155056810182739,0.2762748218362969
H,H08,tonsil,2,True,success,2.2728376872837543,801.875,0.0,0.13818951737350071,0.2398254079694734,0.18900746267148705,0.7155838464909247,0.5113926740390966,0.48911451098984315,0.28441615350907534
H,H09,tonsil,2,True,success,2.3491819612681866,801.875,0.0,0.1640423469563254,0.2638711901551002,0.2139567685557128,0.7228949007126548,0.5813184388146766,0.41770710358850865,0.27710509928734517
H,H10,tonsil,2,True,success,2.2267712019383907,801.875,0.0,0.16371923332627233,0.26277860969203165,0.21324892150915198,0.7190894623953504,0.577357425481131,0.42142729579233706,0.28091053760464957
H,H11,tonsil,2,True,success,2.223155163228512,801.875,0.0,0.16410905584256727,0.26205232283569546,0.21308068933913138,0.7237251781637031,0.5815211425581162,0.41758531768864443,0.2762748218362969
H,H12,tonsil,2,True,success,2.443527527153492,801.875,0.0,0.09969857627900473,0.23436834497640952,0.16703346062770713,0.7129546345626052,0.6010307986858138,0.3960662823663445,0.2870453654373948
H,H13,tonsil,2,True,success,2.2510355804115534,801.875,0.0,0.07164935913322781,0.17419573784734643,0.12292254849028712,0.6423118614359187,0.5169171807908142,0.4841380554932587,0.3576881385640813
H,H14,tonsil,2,True,success,0.4352894742041826,801.875,0.0,0.15612511660655537,0.27521393401076705,0.2156695253086612,0.7193200950206416,0.5758027555728641,0.42207849190171987,0.28067990497935835
H,H15,tonsil,2,True,success,0.6269328370690346,801.875,0.0,0.15361023225068368,0.2740645732381798,0.21383740274443175,0.7214880416983787,0.5810196508584089,0.41703657048207227,0.27851195830162134
H,H16,tonsil,2,False,scientific_numerical_failure,17.151046393439174,801.875,0.0,,,,,,,
H,H17,tonsil,2,True,success,6.005210956558585,801.875,0.0,0.15147241484803003,0.25453696123584474,0.2030046880419374,0.7069812495675638,0.6056368172050424,0.39391314674201355,0.2930187504324362
H,H00,tonsil,3,True,success,1.9085198380053043,813.859375,0.0,0.15463883708914133,0.2737419397897429,0.21419038843944213,0.7216033580110243,0.5778897913902157,0.4191514111759904,0.27839664198897573
H,H01,tonsil,3,True,success,1.755458440631628,830.875,0.0,0.152131061040026,0.27200983129566586,0.21207044616784593,0.7232408496505915,0.5819443351559701,0.4152350674050268,0.27675915034940846
H,H02,tonsil,3,True,success,1.696184327825904,830.875,0.0,0.15241819587577768,0.2729614001886405,0.2126897980322091,0.7228718374501257,0.5811569975624045,0.41598270778440855,0.27712816254987427
H,H03,tonsil,3,True,success,1.7473111916333437,830.875,0.0,0.15255864834373337,0.272761033875173,0.21265984110945318,0.7220646232616066,0.579878518969367,0.41728657407555403,0.2779353767383934
H,H04,tonsil,3,True,success,1.7570287864655256,830.875,0.0,0.15143410359165718,0.27052577486662593,0.21097993922914154,0.7230332802878295,0.580695306728888,0.4162889199478589,0.27696671971217046
H,H05,tonsil,3,True,success,1.7329243458807468,830.875,0.0,0.15130698443467155,0.270403100047903,0.2108550422412873,0.7230102170253004,0.579946175193108,0.41705827989847016,0.27698978297469956
H,H06,tonsil,3,True,success,1.7178223859518766,830.875,0.0,0.15009271725532963,0.2688650043999272,0.20947886082762843,0.7247168984524551,0.5839073639011132,0.4132147212920305,0.2752831015475449
H,H07,tonsil,3,True,success,1.7594841606914997,830.875,0.0,0.15167499737713577,0.27058424271728093,0.21112962004720837,0.7238174312138195,0.5835492614271869,0.41360352173712384,0.2761825687861805
H,H08,tonsil,3,True,success,2.2293496653437614,830.875,0.0,0.13279849653063305,0.24250620909998757,0.1876523528153103,0.714476809889527,0.5124577009637161,0.4877300290391016,0.285523190110473
H,H09,tonsil,3,True,success,2.475082717835903,830.875,0.0,0.13149969571884224,0.23926985612310528,0.18538477592097374,0.7192739684955833,0.5162039091707009,0.48408792746262824,0.28072603150441666
H,H10,tonsil,3,True,success,2.2608289513736963,830.875,0.0,0.16480368442518517,0.26923998117001785,0.2170218327976015,0.7197352337461658,0.5810424723623897,0.4182120556528827,0.28026476625383423
H,H11,tonsil,3,True,success,2.302496997639537,830.875,0.0,0.16323741217449297,0.26543188892327263,0.2143346505488828,0.7210498397103254,0.5825445489362778,0.4166624666318752,0.27895016028967456
H,H12,tonsil,3,True,success,2.3851576410233974,830.875,0.0,0.08306287220694165,0.22081582110026315,0.1519393466536024,0.7038446458636038,0.5868509193327782,0.41042424175074466,0.29615535413639615
H,H13,tonsil,3,True,success,2.2904699724167585,830.875,0.0,0.08070362809299061,0.22245022567931166,0.15157692688615115,0.70995641043382,0.597555210482628,0.3998699691295253,0.29004358956618004
H,H14,tonsil,3,True,success,0.44078540429472923,830.875,0.0,0.15474628973905705,0.2735647830050845,0.2141555363720708,0.7192739684955833,0.5776383880577552,0.42041130353748646,0.28072603150441666
H,H15,tonsil,3,True,success,0.5207355935126543,830.875,0.0,0.15360766604128176,0.2740964640055558,0.2138520650234188,0.7203118153093937,0.5816626002576233,0.41643157724601304,0.2796881846906063
H,H16,tonsil,3,True,success,5.129172680899501,830.875,0.0,0.1148093667187648,0.226825331793452,0.1708173492561084,0.7101870430591112,0.5885895461343142,0.41292861160121885,0.2898129569408888
H,H17,tonsil,3,True,success,7.02445612102747,830.875,0.0,0.14962022028126606,0.26587001564104645,0.20774511796115624,0.7326737240250005,0.5841690556338854,0.4119983351681604,0.26732627597499947
H,H00,tonsil,4,True,success,1.739323703572154,830.875,0.0,0.15395375517720053,0.27339873762538486,0.21367624640129268,0.7214419151733205,0.5766686516004614,0.42082110014756136,0.27855808482667954
H,H01,tonsil,4,True,success,1.8682425189763308,830.875,0.0,0.14595136266692144,0.2657042225796957,0.20582779262330858,0.724509329089693,0.58601891645596,0.4116833793497159,0.275490670910307
H,H02,tonsil,4,True,success,1.8234233241528273,830.875,0.0,0.14704285476389603,0.2650056778933333,0.20602426632861465,0.7241633801517563,0.5838420818042561,0.4139191496314769,0.2758366198482437
H,H03,tonsil,4,True,success,1.7662412226200104,830.875,0.0,0.148437718571934,0.2660574948202084,0.2072476066960712,0.7234022924882954,0.5815754881680222,0.415859088346091,0.27659770751170465
H,H04,tonsil,4,True,success,1.717660941183567,830.875,0.0,0.14826651322129833,0.266481486214091,0.20737399971769466,0.7225028252496598,0.580488036748706,0.41692136067638197,0.2774971747503402
H,H05,tonsil,4,True,success,1.8161902707070112,830.875,0.0,0.1502122338714394,0.2684543441602098,0.2093332890158246,0.7222952558868978,0.578563738570097,0.4188611556589399,0.2777047441131022
H,H06,tonsil,4,True,success,1.8006492834538221,830.875,0.0,0.14476697345031717,0.26403310035649324,0.2044000369034052,0.7259853778915566,0.5878581973708549,0.409679505791425,0.2740146221084434
H,H07,tonsil,4,True,success,1.8328422792255878,830.875,0.0,0.14460909393892468,0.2650110704882963,0.2048100822136105,0.7238404944763486,0.5860201371496121,0.41161316000011927,0.2761595055236514
H,H08,tonsil,4,True,success,2.2681510355323553,830.875,0.0,0.168461466467301,0.26984885764733396,0.2191551620573175,0.7183283747318896,0.5713987458859593,0.42764083261608743,0.2816716252681104
H,H09,tonsil,4,True,success,2.3025262467563152,830.875,0.0,0.17257791543807025,0.21697653551754664,0.19477722547780846,0.6818422934108259,0.5569292192889634,0.4432653783278685,0.3181577065891741
H,H10,tonsil,4,True,success,2.3217621110379696,830.875,0.0,0.16861347003275495,0.2672690760867322,0.2179412730597436,0.7231255333379459,0.5763077086143449,0.42271067503260235,0.27687446666205406
H,H11,tonsil,4,True,success,2.7932349033653736,830.875,0.0,0.16745801223350426,0.26515141583078955,0.2163047140321469,0.7247399617149842,0.5786134479237002,0.4205470523483259,0.2752600382850158
H,H12,tonsil,4,True,success,2.383714810013771,830.875,0.0,0.0988394692889177,0.20873174787442683,0.15378560858167226,0.6518831153855025,0.510937520759748,0.4906623790696247,0.3481168846144975
H,H13,tonsil,4,True,success,2.375302603468299,830.875,0.0,0.0921257342263585,0.18355250144358656,0.13783911783497255,0.6406743697963514,0.517395426825216,0.48347829699938405,0.3593256302036486
H,H14,tonsil,4,True,success,0.5032890569418669,830.875,0.0,0.15549036886173814,0.27603460398066726,0.21576248642120271,0.7194815378583455,0.5745296331030323,0.4234999229734905,0.28051846214165455
H,H15,tonsil,4,True,success,0.5607092287391424,830.875,0.0,0.14982113847521045,0.26761090042667257,0.2087160194509415,0.7212574090730874,0.5806072100473499,0.41738558180814045,0.27874259092691256
H,H16,tonsil,4,False,scientific_numerical_failure,19.084511559456587,830.875,0.0,,,,,,,
H,H17,tonsil,4,True,success,5.978486992418766,830.875,0.0,0.17373419963155476,0.27721022367685944,0.2254722116542071,0.7184667543070643,0.6186976452172182,0.3795998628483166,0.2815332456929357
H,H00,d1,0,True,success,2.2183214966207743,830.875,0.0,0.2375418648455073,0.37711150488672485,0.3073266848661161,0.6296551311220213,0.568853916492524,0.44075212547790177,0.3703448688779787
H,H01,d1,0,True,success,2.1408513840287924,830.875,0.0,0.2593428679945315,0.38053089135686596,0.3199368796756987,0.6471680038318764,0.5836048546278121,0.42613141652607267,0.35283199616812355
H,H02,d1,0,True,success,2.20891554094851,830.875,0.0,0.25518926237043515,0.3800776467335436,0.3176334545519894,0.6425577775116752,0.579504350738268,0.43041359630845416,0.3574422224883248
H,H03,d1,0,True,success,2.222282936796546,830.875,0.0,0.24905001259712245,0.3787364012072807,0.31389320690220157,0.6413603161298048,0.5772543133382755,0.43240580388966576,0.3586396838701952
H,H04,d1,0,True,success,2.184697736054659,830.875,0.0,0.24464518363346344,0.3787916480822795,0.31171841585787147,0.6401329182133876,0.5772505734816817,0.43233005763864185,0.3598670817866124
H,H05,d1,0,True,success,2.211749140173197,830.875,0.0,0.23823259411493813,0.37712941745255496,0.3076810057837466,0.6353430726859058,0.5742139603818538,0.4353596896380297,0.36465692731409416
H,H06,d1,0,True,success,2.3905005902051926,830.875,0.0,0.2453617393060945,0.37689797066805336,0.3111298549870739,0.642348221769848,0.579875912555697,0.4294878909899295,0.35765177823015204
H,H07,d1,0,True,success,2.325401958078146,830.875,0.0,0.25889782650461796,0.37970466019587085,0.3193012433502444,0.6478266075919051,0.5839814573547197,0.4257932578911072,0.35217339240809487
H,H08,d1,0,True,success,4.210351716727018,830.875,0.0,0.17767821335306322,0.335160519744514,0.2564193665487886,0.5940905280804694,0.5195480003870456,0.4824654768339074,0.40590947191953064
H,H09,d1,0,True,success,4.140593575313687,830.875,0.0,0.22615558779241257,0.3550571463389227,0.29060636706566767,0.6257035085618489,0.5696222820127258,0.4357365512353474,0.37429649143815114
H,H10,d1,0,True,success,4.0619889833033085,830.875,0.0,0.1832470194632215,0.3324840495394063,0.2578655345013139,0.59427014728775,0.5310986659568449,0.4734325232306175,0.40572985271225004
H,H11,d1,0,True,success,4.384596103802323,830.875,0.0,0.20890446402204688,0.3426522575539599,0.2757783607880034,0.5998682792479942,0.5339319102897072,0.47144666137976843,0.40013172075200576
H,H12,d1,0,True,success,5.0544771403074265,830.875,0.0,0.17060578412145624,0.3528127370446055,0.26170926058303084,0.5394563525326308,0.5094245874144278,0.491476690063941,0.4605436474673692
H,H13,d1,0,True,success,3.698406722396612,830.875,0.0,0.18511343557122262,0.3614364056329532,0.2732749206020879,0.5799305472398515,0.5371337358995877,0.46581629352713855,0.4200694527601485
H,H14,d1,0,True,success,0.8284342717379332,830.875,0.0,0.226113809094856,0.3654470518944033,0.29578043049462965,0.6168422943360077,0.5484549372435851,0.457041739306003,0.3831577056639923
H,H15,d1,0,True,success,0.8474030680954456,830.875,0.0,0.22290779992261497,0.3642028861576873,0.29355534304015113,0.6427373967189558,0.5897829045816024,0.4176063618941178,0.3572626032810442
H,H16,d1,0,True,success,6.621892314404249,830.875,0.0,0.23660963906440655,0.383676818983466,0.31014322902393626,0.6796192072805652,0.6132472428117891,0.3932946734385362,0.32038079271943476
H,H17,d1,0,False,scientific_numerical_failure,22.844770284369588,830.875,0.0,,,,,,,
H,H00,d1,1,True,success,1.6366004031151533,830.875,0.0,0.2520413210974017,0.37951951966063835,0.31578042037902,0.6273200814273739,0.563346914950765,0.44567541454874215,0.37267991857262606
H,H01,d1,1,True,success,2.5255156084895134,830.875,0.0,0.25976760334164845,0.3877723771463264,0.32376999024398745,0.6478266075919051,0.5866439640601332,0.42208731516255515,0.35217339240809487
H,H02,d1,1,True,success,2.5087325405329466,830.875,0.0,0.2585110509114722,0.3878470849032222,0.3231790679073472,0.645341875224524,0.5858367377376661,0.42307947024735065,0.354658124775476
H,H03,d1,1,True,success,2.538472391664982,830.875,0.0,0.25448051928052,0.383236882775858,0.31885870102818903,0.6400730451442941,0.5803633193872044,0.42867159742983973,0.3599269548557059
H,H04,d1,1,True,success,2.56058868765831,830.875,0.0,0.2545677519148094,0.3831368068891058,0.3188522794019576,0.6360316129804814,0.5751702352411011,0.43365545263928584,0.3639683870195186
H,H05,d1,1,True,success,2.4418853484094143,830.875,0.0,0.2557055084714163,0.3841499676654981,0.3199277380684572,0.6336366902167405,0.57213595730164,0.43681116918555424,0.3663633097832595
H,H06,d1,1,True,success,2.5074226409196854,830.875,0.0,0.25369186894226703,0.3819152772606436,0.31780357310145535,0.6455813675008981,0.585116148844972,0.42369576522928754,0.3544186324991019
H,H07,d1,1,True,success,2.4844232499599457,830.875,0.0,0.25976760334164845,0.3877723771463264,0.32376999024398745,0.6478266075919051,0.5866439640601332,0.42208731516255515,0.35217339240809487
H,H08,d1,1,True,success,3.380765939131379,830.875,0.0,0.2030213884600316,0.34905719276988967,0.27603929061496063,0.5726260328104419,0.5242596436803619,0.4802208908433446,0.4273739671895581
H,H09,d1,1,True,success,3.2202249132096767,830.875,0.0,0.2337295963501804,0.3669387504160516,0.300334173383116,0.6330080229912586,0.5834375767464934,0.42481533283932726,0.3669919770087414
H,H10,d1,1,True,success,3.219237172976136,830.875,0.0,0.23212471139798765,0.3666739722253551,0.2993993418116714,0.6295054484492875,0.5791514847198073,0.42925530594566996,0.37049455155071254
H,H11,d1,1,True,success,3.243416739627719,830.875,0.0,0.2353877784079239,0.36483189922433945,0.3001098388161317,0.628816908154712,0.5794637343726711,0.42855902659458245,0.37118309184528797
H,H12,d1,1,True,success,4.698052179068327,830.875,0.0,0.17293686503913047,0.3714903525442046,0.27221360879166756,0.5467608669620405,0.5106727761692762,0.4935513032786646,0.4532391330379595
H,H13,d1,1,True,success,4.0864699352532625,830.875,0.0,0.18691022372610264,0.344708764296374,0.2658094940112383,0.6123518141539935,0.5873354591032169,0.4202874526653158,0.38764818584600647
H,H14,d1,1,True,success,0.8397209197282791,830.875,0.0,0.2179032549134051,0.3578614730465149,0.28788236397996,0.613788767812238,0.557843890101946,0.44858311140372437,0.386211232187762
H,H15,d1,1,True,success,0.9241050090640783,830.875,0.0,0.21791795366944972,0.36144109255352397,0.2896795231114868,0.6340258651658484,0.5817688679464561,0.4243370517031961,0.36597413483415164
H,H16,d1,1,False,scientific_numerical_failure,14.706020575016737,830.875,0.0,,,,,,,
H,H17,d1,1,True,success,10.73291520215571,830.875,0.0,0.23114892307992416,0.3630446402335388,0.2970967816567315,0.7219794036642319,0.6747917315253952,0.3283916698459405,0.27802059633576814
H,H00,d1,2,True,success,2.0496504325419664,830.875,0.0,0.23102745409241648,0.3793379883028962,0.3051827211976563,0.6353430726859058,0.5700139695195519,0.43949800138599615,0.36465692731409416
H,H01,d1,2,True,success,2.4922572392970324,830.875,0.0,0.2291453006461358,0.37836354911933257,0.3037544248827342,0.6561190276613579,0.5969424529738503,0.4126798167884477,0.3438809723386421
H,H02,d1,2,True,success,2.380554411560297,830.875,0.0,0.22920237775981503,0.378685666588681,0.30394402217424804,0.6528260088612142,0.5945022986417852,0.4153533933702839,0.3471739911387858
H,H03,d1,2,True,success,2.4354416728019714,830.875,0.0,0.2300555592558484,0.3801537716325787,0.30510466544421355,0.6510298167884085,0.5917581165388666,0.4181173862400568,0.34897018321159146
H,H04,d1,2,True,success,2.4613744877278805,830.875,0.0,0.2297986921561627,0.37895543901345413,0.3043770655848084,0.6485151478864807,0.5868775667515853,0.42282958618489497,0.3514848521135193
H,H05,d1,2,True,success,2.5924809873104095,830.875,0.0,0.2278775555304987,0.3782664824872522,0.3030720190088755,0.6455214944318046,0.5815938649886159,0.42808041509587574,0.3544785055681954
H,H06,d1,2,True,success,2.5710070617496967,830.875,0.0,0.22885694776946855,0.37960929536935184,0.3042331215694102,0.656987187163214,0.5976897496171634,0.41220842983182876,0.343012812836786
H,H07,d1,2,True,success,2.5116634611040354,830.875,0.0,0.22670143831938827,0.3768860789874582,0.3017937586534232,0.6572566159741349,0.5973820714617677,0.41215556647387486,0.3427433840258651
H,H08,d1,2,True,success,3.8325158786028624,830.875,0.0,0.20329767727595238,0.35610280651193804,0.2797002418939452,0.5801700395162256,0.46608191461728526,0.5366124109229512,0.4198299604837744
H,H09,d1,2,True,success,3.7080228123813868,830.875,0.0,0.2294288558228611,0.3783682215455336,0.30389853868419736,0.6343851035804096,0.5760259069361919,0.4317954685503557,0.36561489641959044
H,H10,d1,2,True,success,3.8837428744882345,830.875,0.0,0.20610694660029677,0.37035840472435944,0.28823267566232813,0.5913663034367141,0.531036994872556,0.47503289559920886,0.40863369656328585
H,H11,d1,2,True,success,4.155338106676936,830.875,0.0,0.21334931227584175,0.37156034749553923,0.2924548298856905,0.6072027302119507,0.5499247492151652,0.455913204236838,0.3927972697880493
H,H12,d1,2,True,success,4.4847596399486065,830.875,0.0,0.1721115617114596,0.3504830667500896,0.2612973142307746,0.5552329062387737,0.5069887120166812,0.4948829764146484,0.44476709376122625
H,H13,d1,2,True,success,3.737014502286911,830.875,0.0,0.18097643515193443,0.3515285838745798,0.26625250951325713,0.5766674649742546,0.5373288066734843,0.46630672579250965,0.4233325350257454
H,H14,d1,2,True,success,0.8097043316811323,830.875,0.0,0.21357419326967383,0.3661074384394582,0.289840815854566,0.6068734283319362,0.5524447072952928,0.4549465515506815,0.39312657166806375
H,H15,d1,2,True,success,0.9663655236363411,830.875,0.0,0.23050904770097896,0.3816818614867365,0.30609545459385773,0.6558196623158903,0.6001265621256983,0.4091808103285417,0.3441803376841097
H,H16,d1,2,True,success,7.467353913933039,830.875,0.0,0.2193511250324726,0.3656128429869743,0.2924819840097234,0.6992276374086935,0.6478611040463984,0.3561684684243479,0.30077236259130646
H,H17,d1,2,False,scientific_numerical_failure,20.760432306677103,830.875,0.0,,,,,,,
H,H00,d1,3,True,success,1.9730254225432873,830.875,0.0,0.24633014423947824,0.3830384319499561,0.31468428809471716,0.6229493473835469,0.5569241627176805,0.4519851370451858,0.3770506526164531
H,H01,d1,3,True,success,2.246123056858778,830.875,0.0,0.2633293566046903,0.3914543060448342,0.32739183132476224,0.6477068614537181,0.5797821925064381,0.42969528207643126,0.35229313854628186
H,H02,d1,3,True,success,2.175476923584938,830.875,0.0,0.2566759184479615,0.3902012662887503,0.3234385923683559,0.6458807328463657,0.5794387902552909,0.4299319720715567,0.3541192671536343
H,H03,d1,3,True,success,2.1781529393047094,830.875,0.0,0.255536922565044,0.38867693886177535,0.3221069307134097,0.6407615854388696,0.573760600949453,0.43553741832888215,0.35923841456113037
H,H04,d1,3,True,success,2.155561527237296,830.875,0.0,0.2511579204338561,0.38561293085978277,0.31838542564681943,0.6382169800023949,0.5706473133435352,0.43857216794755816,0.3617830199976051
H,H05,d1,3,True,success,2.1797751523554325,830.875,0.0,0.249801240259172,0.3833422353253133,0.3165717377922427,0.6329182133876182,0.5650681872112027,0.4441128599862796,0.3670817866123818
H,H06,d1,3,True,success,2.204927207902074,830.875,0.0,0.26268120721388727,0.39273488343005913,0.3277080453219732,0.6446233983954017,0.5770414366766645,0.43227738445406133,0.3553766016045983
H,H07,d1,3,True,success,2.174983650445938,830.875,0.0,0.26278224154154334,0.3910393022051474,0.3269107718733454,0.6480361633337325,0.5797649797930731,0.4296716086119023,0.3519638366662675
H,H08,d1,3,True,success,3.614333603531122,830.875,0.0,0.21782105696365117,0.3631210322597861,0.29047104461171863,0.5723266674649743,0.49060837127124407,0.5125515175899691,0.4276733325350257
H,H09,d1,3,True,success,4.273486644029617,830.875,0.0,0.2186341528176012,0.366078557860206,0.2923563553389036,0.5992096754879656,0.5236541531558013,0.47923230191282384,0.40079032451203445
H,H10,d1,3,True,success,4.218770235776901,830.875,0.0,0.20096200865890645,0.3446514950054253,0.27280675183216585,0.5866662675128728,0.5330030226774867,0.47181846773851693,0.41333373248712724
H,H11,d1,3,True,success,3.5315924026072025,830.875,0.0,0.23490718558086335,0.3798121591036047,0.30735967234223405,0.614177942761346,0.563054002357797,0.4420437367015239,0.38582205723865404
H,H12,d1,3,True,success,4.402192143723369,830.875,0.0,0.15967843345945182,0.34878216687610886,0.25423030016778037,0.5557418273260687,0.5054623175827153,0.493440053403047,0.4442581726739313
H,H13,d1,3,True,success,6.441167101264,830.875,0.0,0.1626377434761481,0.33376330813446603,0.24820052580530705,0.5615495150281403,0.5224747268730745,0.48130602837423114,0.4384504849718597
H,H14,d1,3,True,success,0.9711407124996185,830.875,0.0,0.22651164251439376,0.3697421100022084,0.2981268762583011,0.6063645072446414,0.549061433310289,0.4578023830409693,0.3936354927553586
H,H15,d1,3,True,success,0.8904522191733122,830.875,0.0,0.22159986628496978,0.3719789831652731,0.29678942472512143,0.6284277332056041,0.5755295059101162,0.431393851815962,0.3715722667943959
H,H16,d1,3,True,success,9.1895931083709,830.875,0.0,0.25920944090398884,0.3929791295940309,0.32609428524900985,0.6548317566758473,0.5934954379711037,0.4113921967728597,0.34516824332415275
H,H17,d1,3,True,success,8.847192466259003,830.875,0.0,0.23737875835369487,0.3693333829106656,0.30335607063218023,0.7187761944677284,0.6601784505771249,0.34226640989845103,0.28122380553227155
H,H00,d1,4,True,success,1.7025041077286005,830.875,0.0,0.2398593533697784,0.3738572026227335,0.3068582779962559,0.6273200814273739,0.5634393585894928,0.445606379655975,0.37267991857262606
H,H01,d1,4,True,success,2.4229016210883856,830.875,0.0,0.24096341981174665,0.3780374520845754,0.309500435948161,0.6492635612501497,0.5909063069040552,0.41828358936779797,0.3507364387498503
H,H02,d1,4,True,success,2.336826426908374,830.875,0.0,0.23962715478445423,0.3759607890814793,0.30779397193296676,0.6469584480900491,0.5873348059682432,0.4216930622799948,0.3530415519099509
H,H03,d1,4,True,success,2.471816560253501,830.875,0.0,0.23840618973958824,0.37482171188528013,0.3066139508124342,0.6459406059154592,0.5863639133195553,0.42274351785135994,0.3540593940845408
H,H04,d1,4,True,success,2.339270930737257,830.875,0.0,0.23734569354435028,0.37312809605322383,0.3052368947987871,0.6448928272063226,0.5830187764521337,0.4257308625032346,0.35510717279367743
H,H05,d1,4,True,success,2.4879226461052895,830.875,0.0,0.23673920956907815,0.37185261956828225,0.3042959145686802,0.6373787570350856,0.5739692631199328,0.43479088519639514,0.3626212429649144
H,H06,d1,4,True,success,2.357999110594392,830.875,0.0,0.2411167141895939,0.37816704630322395,0.30964188024640893,0.6518081666866243,0.5927508227812732,0.41622110284361946,0.34819183331337566
H,H07,d1,4,True,success,2.4403871092945337,830.875,0.0,0.241587825596772,0.3775946910824151,0.30959125833959356,0.6489641959046821,0.5910507352383327,0.4181910464758249,0.35103580409531787
H,H08,d1,4,True,success,3.7018564213067293,830.875,0.0,0.2146393107601087,0.36475543739230815,0.28969737407620844,0.5785834031852473,0.5098733988352055,0.4950528141615874,0.42141659681475274
H,H09,d1,4,True,success,4.124339714646339,830.875,0.0,0.22252950646179298,0.36133666289763716,0.29193308467971507,0.6152556580050293,0.5535121692481902,0.45187872803011364,0.38474434199497065
H,H10,d1,4,True,success,4.013983927667141,830.875,0.0,0.22291759063937674,0.36091754969472317,0.29191757016704994,0.6102263202011735,0.5490164890817534,0.456421525167385,0.3897736797988265
H,H11,d1,4,True,success,3.976063199341297,830.875,0.0,0.2105720702504631,0.36453173355160157,0.2875519019010323,0.598640881331577,0.5310747054457047,0.47314649752940136,0.401359118668423
H,H12,d1,4,True,success,4.58084886521101,830.875,0.0,0.14579269753322527,0.32615823765107643,0.23597546759215085,0.5407436235181415,0.4927625441613331,0.5102286149390259,0.45925637648185846
H,H13,d1,4,True,success,4.063778487965465,830.875,0.0,0.16594320008479044,0.3386167048065011,0.25227995244564577,0.5774458148724704,0.542640466427601,0.4614552495534481,0.4225541851275296
H,H14,d1,4,True,success,0.8013418614864349,830.875,0.0,0.23034620441158385,0.36492455794653195,0.2976353811790579,0.6103760028739074,0.5411307497967589,0.46449524493175887,0.38962399712609264
H,H15,d1,4,True,success,0.9268112666904926,830.875,0.0,0.22290284974454846,0.3574681821643588,0.29018551595445363,0.6316010058675607,0.5775289898507731,0.4292559208801201,0.36839899413243926
H,H16,d1,4,True,success,7.644174717366695,830.875,0.0,0.23555550831802474,0.3780555105145366,0.3068055094162807,0.6583942042869118,0.583512746482448,0.4213973730140048,0.34160579571308824
H,H17,d1,4,False,scientific_numerical_failure,22.76713633723557,830.875,0.0,,,,,,,
H,H00,d1,5,True,success,2.010436652228236,830.875,0.0,0.24525913546086692,0.3796687724445877,0.3124639539527273,0.6261226200455036,0.5531740193290868,0.45540588995698145,0.37387737995449644
H,H01,d1,5,True,success,2.357761537656188,830.875,0.0,0.2565170146339834,0.3870150458611946,0.321766030247589,0.6515088013411567,0.586310800176004,0.4229885668300522,0.34849119865884326
H,H02,d1,5,True,success,2.3948591016232967,830.875,0.0,0.254504353789989,0.3856153628808783,0.3200598583354336,0.6495329900610706,0.5819360171236766,0.4273064742040022,0.35046700993892943
H,H03,d1,5,True,success,2.5137271881103516,830.875,0.0,0.25315604868214353,0.3846381250318266,0.31889708685698503,0.643216381271704,0.5759494168932392,0.43338916957434026,0.356783618728296
H,H04,d1,5,True,success,2.386002015322447,830.875,0.0,0.2532373536283813,0.3847961495683048,0.3190167515983431,0.6404322835588552,0.5723418651743548,0.4368846808571175,0.3595677164411448
H,H05,d1,5,True,success,2.4905044864863157,830.875,0.0,0.2505494105292871,0.38155015615876375,0.31604978334402545,0.6349838342713447,0.5635886994296682,0.44543424814887844,0.36501616572865525
H,H06,d1,5,True,success,2.3755041249096394,830.875,0.0,0.256700250146173,0.3882822189438764,0.3224912345450247,0.6521973416357323,0.5870226109088601,0.4223613483961751,0.3478026583642677
H,H07,d1,5,True,success,2.3883311841636896,830.875,0.0,0.2551218026578596,0.3863646556152567,0.32074322913655817,0.6526463896539336,0.5871830926502619,0.42208365126294545,0.3473536103460664
H,H08,d1,5,True,success,3.580895869061351,830.875,0.0,0.19768056305361806,0.35677818726526794,0.277229375159443,0.5731648904322836,0.5252624611379134,0.47952415478310284,0.4268351095677164
H,H09,d1,5,True,success,3.9979599229991436,830.875,0.0,0.19575979758852066,0.3590129394077275,0.2773863684981241,0.6028619327026703,0.5540906235726133,0.45095222795072354,0.3971380672973297
H,H10,d1,5,True,success,4.339139373973012,830.875,0.0,0.2212844919824095,0.3695574142478109,0.2954209531151102,0.6164830559214466,0.5624047794276849,0.4431883096509135,0.3835169440785534
H,H11,d1,5,True,success,3.8756613209843636,830.875,0.0,0.22511737764817874,0.3771817478735695,0.3011495627608741,0.6212729014489283,0.5712053950771135,0.43402164340157146,0.3787270985510717
H,H12,d1,5,True,success,3.8500986844301224,830.875,0.0,0.15167004902844416,0.34279297265219993,0.24723151084032205,0.5623877379954496,0.5255727549025654,0.47781840501650547,0.4376122620045504
H,H13,d1,5,True,success,4.29504693672061,830.875,0.0,0.16839825424055974,0.3506107620208468,0.25950450813070325,0.5687342833193629,0.5365077484592609,0.4688705396027184,0.43126571668063707
H,H14,d1,5,True,success,0.8135184813290834,830.875,0.0,0.209112356542161,0.36252562560955487,0.28581899107585795,0.6136989582085978,0.5582242528568058,0.44818255820048536,0.38630104179140223
H,H15,d1,5,True,success,0.8589329496026039,830.875,0.0,0.21476702213706503,0.3677907956473352,0.2912789088922001,0.6396239971260926,0.587237221903913,0.41957762316350894,0.36037600287390736
H,H16,d1,5,False,scientific_numerical_failure,18.85625217668712,830.875,0.0,,,,,,,
H,H17,d1,5,True,success,10.157837346196175,830.875,0.0,0.22304214986872611,0.36256636598831127,0.2928042579285187,0.7021614177942761,0.6543730748073296,0.34827278249794913,0.2978385822057239
H,H00,d1,6,True,success,2.1793118063360453,830.875,0.0,0.23346023355809783,0.37304334598681405,0.3032517897724559,0.621931505208957,0.5630148921258498,0.44685694062676024,0.378068494791043
H,H01,d1,6,True,success,2.646672608330846,830.875,0.0,0.23200477962026006,0.36812527776008047,0.30006502869017027,0.6615974134834152,0.6126119247184668,0.3973160688925506,0.33840258651658484
H,H02,d1,6,True,success,2.719842966645956,830.875,0.0,0.2484231450279124,0.3791431492935507,0.3137831471607315,0.6414201891988983,0.577450368064485,0.4326822384136787,0.3585798108011017
H,H03,d1,6,True,success,2.654682155698538,830.875,0.0,0.24871960509692764,0.37770061209212136,0.3132101085945245,0.6402826008861214,0.5760601326111832,0.43414702621482765,0.35971739911387857
H,H04,d1,6,True,success,2.6891762986779213,830.875,0.0,0.2454630986707566,0.3757879788227859,0.31062553874677123,0.6377080589151,0.5752691851889266,0.4348818121917672,0.36229194108490004
H,H05,d1,6,True,success,2.7333480324596167,830.875,0.0,0.2425195991006025,0.37578574454310043,0.30915267182185147,0.6318105616093881,0.5714435283007726,0.43881624882332504,0.3681894383906119
H,H06,d1,6,True,success,2.65874657779932,830.875,0.0,0.22991061997367904,0.368632747267304,0.2992716836204915,0.6568674410250269,0.6096503660457059,0.40023710724449746,0.3431325589749731
H,H07,d1,6,True,success,2.7543131448328495,830.875,0.0,0.2370089152464532,0.3688578581860986,0.3029333867162759,0.6608190635851994,0.6107557469992859,0.39891871620389147,0.3391809364148006
H,H08,d1,6,True,success,3.838251193985343,830.875,0.0,0.19626232181882108,0.3558221483736099,0.2760422350962155,0.572985271225003,0.5230963128729109,0.4816550831525367,0.427014728774997
H,H09,d1,6,True,success,3.339551927521825,830.875,0.0,0.21245204145658472,0.358236350859646,0.28534419615811535,0.6193868997724823,0.5816264052427919,0.42407786932011116,0.3806131002275177
H,H10,d1,6,True,success,3.822138302028179,830.875,0.0,0.20282271729584997,0.3623137510607117,0.2825682341782808,0.5848401389055203,0.5419017459878829,0.4628378728350679,0.41515986109447967
H,H11,d1,6,True,success,4.004733605310321,830.875,0.0,0.21172305986627535,0.353886107516548,0.28280458369141165,0.6117830199976051,0.5728872382862892,0.4323107221284035,0.3882169800023949
H,H12,d1,6,True,success,4.058241240680218,830.875,0.0,0.14101515750002552,0.3336799373334242,0.23734754741672487,0.5464315650820261,0.5157931050135002,0.48594906583367736,0.45356843491797394
H,H13,d1,6,True,success,5.014650432392955,830.875,0.0,0.20322466913126147,0.3714805572037221,0.2873526131674918,0.5917854149203688,0.5662830461088474,0.4387105879247173,0.40821458507963115
H,H14,d1,6,True,success,0.9023256357759237,830.875,0.0,0.21750809596162576,0.3627508045939311,0.2901294502777784,0.6084001915938211,0.5429073303536869,0.462697025613382,0.3915998084061789
H,H15,d1,6,True,success,0.8822908997535706,830.875,0.0,0.2239888137990629,0.3685177910402916,0.29625330241967723,0.6559094719195306,0.611609439407394,0.3981756315726203,0.34409052808046936
H,H16,d1,6,False,scientific_numerical_failure,14.256743285804987,830.875,0.0,,,,,,,
H,H17,d1,6,True,success,9.685118172317743,830.875,0.0,0.2276493626824109,0.35735467342502464,0.2925020180537178,0.7177882888276853,0.6693943465091668,0.3330750414534035,0.2822117111723147
H,H00,d1,7,True,success,1.9079212918877602,830.875,0.0,0.23851991147994456,0.37601025785252834,0.3072650846662365,0.6353430726859058,0.5772678459003938,0.4326198582438442,0.36465692731409416
H,H01,d1,7,True,success,2.3098886869847775,830.875,0.0,0.23843975717823065,0.3798516070901182,0.3091456821341744,0.6547120105376601,0.5966228796851099,0.41271427238046315,0.34528798946233985
H,H02,d1,7,True,success,2.315707243978977,830.875,0.0,0.2364618086082998,0.3787982726002207,0.30763004060426025,0.6526763261884804,0.5973743362387001,0.41197959572049275,0.34732367381151963
H,H03,d1,7,True,success,2.241849770769477,830.875,0.0,0.23516961729562494,0.37723636225595636,0.30620298977579063,0.6502814034247395,0.5962577936319144,0.4131697760626031,0.3497185965752605
H,H04,d1,7,True,success,2.2659037206321955,830.875,0.0,0.23361429789364904,0.3757173265468652,0.3046658122202571,0.6457011136390851,0.5892194859348939,0.42012556720025945,0.3542988863609149
H,H05,d1,7,True,success,2.29301524348557,830.875,0.0,0.23473192871859655,0.37365844158591377,0.3041951851522552,0.641210633457071,0.5840911462987691,0.42579096086790774,0.35878936654292903
H,H06,d1,7,True,success,2.4152313861995935,830.875,0.0,0.23848862957442563,0.37977629949545666,0.30913246453494114,0.6530056280684948,0.5976585408767432,0.41174862173059,0.3469943719315052
H,H07,d1,7,True,success,2.3254996798932552,830.875,0.0,0.2381395566535159,0.3791073185636853,0.3086234376086006,0.6552508681595018,0.5963393727085753,0.4129542750086223,0.34474913184049816
H,H08,d1,7,True,success,5.28424009680748,830.875,0.0,0.19393932004818396,0.3533973409425107,0.27366833049534733,0.5687342833193629,0.5119891262868315,0.4936199211885836,0.43126571668063707
H,H09,d1,7,True,success,3.4744319412857294,830.875,0.0,0.21021479433981705,0.3655205471634737,0.2878676707516454,0.5996886600407136,0.5633577279952713,0.4421760658894408,0.40031133995928636
H,H10,d1,7,True,success,3.348717560991645,830.875,0.0,0.20851851464161564,0.3624567335216052,0.28548762408161044,0.5926236378876781,0.5547796430782436,0.45085066681542935,0.40737636211232187
H,H11,d1,7,True,success,3.541894543915987,830.875,0.0,0.21107346675503888,0.3659060718768084,0.2884897693159236,0.5988504370734044,0.5619792054316147,0.44363802185809564,0.40114956292659565
H,H12,d1,7,True,success,6.548720156773925,830.875,0.0,0.18531634729941146,0.3625203351493604,0.2739183412243859,0.5467309304274938,0.507433699548834,0.4977465401384067,0.45326906957250623
H,H13,d1,7,True,success,4.1992027927190065,830.875,0.0,0.17942053480688808,0.3512706736320766,0.26534560421948233,0.5735540653813914,0.5373252931057063,0.46725323071330216,0.4264459346186086
H,H14,d1,7,True,success,0.9780238997191191,830.875,0.0,0.2183769646284368,0.358263574357436,0.28832026949293643,0.6079810801101665,0.5523467562618583,0.45499122628510014,0.3920189198898335
H,H15,d1,7,True,success,1.0630850438028574,830.875,0.0,0.22209462460764176,0.36483339434467393,0.29346400947615786,0.6392348221769848,0.5857771936225289,0.42155060031908914,0.3607651778230152
H,H16,d1,7,False,scientific_numerical_failure,16.72393188625574,830.875,0.0,,,,,,,
H,H17,d1,7,True,success,9.619415067136288,830.875,0.0,0.21561675040240136,0.35107454927969567,0.2833456498410485,0.722697880493354,0.6786505591300855,0.32530234172737205,0.27730211950664596
H,H00,d1,8,True,success,1.913215285167098,830.875,0.0,0.23613413319484772,0.37434535725388773,0.3052397452243677,0.6259729373727697,0.5606046065343,0.4483041558615602,0.3740270626272303
H,H01,d1,8,True,success,2.2412498090416193,830.875,0.0,0.24465342303231122,0.37724218513740276,0.310947804084857,0.6436055562208118,0.5850403968377081,0.42428629317228983,0.35639444377918816
H,H02,d1,8,True,success,2.204559711739421,830.875,0.0,0.23995094999164196,0.3771353659449281,0.308543157968285,0.6408813315770566,0.5824467878795138,0.42690508684086065,0.3591186684229434
H,H03,d1,8,True,success,2.2973178699612617,830.875,0.0,0.23863060927215043,0.37676180712127755,0.307696208196714,0.640462220093402,0.5824401740589712,0.4269921737360036,0.35953777990659797
H,H04,d1,8,True,success,2.251671899110079,830.875,0.0,0.23498117215672132,0.37481007063014404,0.3048956213934327,0.6377080589151,0.5791601857322664,0.430428594050988,0.36229194108490004
H,H05,d1,8,True,success,2.316967947408557,830.875,0.0,0.2364606786911506,0.37529563010256917,0.3058781543968599,0.6334271344749132,0.5729797676094156,0.4365255416124569,0.36657286552508683
H,H06,d1,8,True,success,2.2644680086523294,830.875,0.0,0.25078557798760476,0.37958771641112105,0.3151866471993629,0.6384265357442223,0.5772155034112368,0.43229122728557073,0.36157346425577774
H,H07,d1,8,True,success,2.2470272835344076,830.875,0.0,0.24203854874324052,0.37623169190341116,0.30913512032332585,0.6440246677044665,0.585397122627896,0.4238800608981914,0.35597533229553346
H,H08,d1,8,True,success,3.57333623431623,830.875,0.0,0.2212984326288718,0.36989928103213887,0.29559885683050535,0.5817866123817507,0.5076607495286656,0.49870080508496273,0.41821338761824933
H,H09,d1,8,True,success,3.812646586447954,830.875,0.0,0.22472213189675788,0.3650677503676674,0.29489494113221265,0.6222009340198779,0.5586446063603803,0.4473303018356886,0.37779906598012214
H,H10,d1,8,True,success,3.481474196538329,830.875,0.0,0.21072333792479742,0.3722516610592579,0.2914874994920277,0.5862770925637648,0.5252546251105502,0.48031766206956644,0.4137229074362352
H,H11,d1,8,True,success,5.194821819663048,830.875,0.0,0.22481821959444437,0.3676301559538796,0.296224187774162,0.6208238534307269,0.5570780179727927,0.44880031417285415,0.3791761465692731
H,H12,d1,8,True,success,3.451319620013237,830.875,0.0,0.13687194551339732,0.33421548448170857,0.23554371499755294,0.5373308585798108,0.49201170986478415,0.5114183404070757,0.4626691414201892
H,H13,d1,8,True,success,6.8922742158174515,830.875,0.0,0.15626361907959946,0.3347458764937409,0.24550474778667017,0.554334810202371,0.5231495428138696,0.4833174065295336,0.44566518979762904
H,H14,d1,8,True,success,0.8260602112859488,830.875,0.0,0.228204435712769,0.36753361815225216,0.2978690269325106,0.6103161298048138,0.5505577413626113,0.45631565727891993,0.38968387019518624
H,H15,d1,8,True,success,0.8554972521960735,830.875,0.0,0.22544451055327713,0.36652068789059283,0.295982599221935,0.6378876781223806,0.5863743039783123,0.4208807385014839,0.36211232187761944
H,H16,d1,8,True,success,8.389986511319876,830.875,0.0,0.2575334126921749,0.378126064547243,0.317829738619709,0.6497126092683511,0.5858602793328604,0.41940355609128155,0.35028739073164894
H,H17,d1,8,False,scientific_numerical_failure,20.914094891399145,830.875,0.0,,,,,,,
H,H00,d1,9,True,success,1.8823120705783367,830.875,0.0,0.2518324143016672,0.38062809438702594,0.3162302543443466,0.6342354209076757,0.5709398620355636,0.4394423089802927,0.3657645790923243
H,H01,d1,9,True,success,2.324731668457389,830.875,0.0,0.2582812575995528,0.3867684261317722,0.3225248418656625,0.6467788288827685,0.5835271659068793,0.426734236069339,0.3532211711172315
H,H02,d1,9,True,success,2.4445565808564425,830.875,0.0,0.2570304232095308,0.387181189331775,0.3221058062706529,0.6462998443300204,0.5835366098291523,0.4268120155065425,0.3537001556699796
H,H03,d1,9,True,success,2.24271085485816,830.875,0.0,0.25725051523394626,0.38602123203789074,0.3216358736359185,0.6436654292899054,0.581893571149135,0.42844612743209176,0.35633457071009456
H,H04,d1,9,True,success,2.341619150713086,830.875,0.0,0.2550169293921852,0.3849346654799932,0.31997579743608917,0.64195904682074,0.5803421830733143,0.43020474985817325,0.35804095317926
H,H05,d1,9,True,success,2.2730158250778913,830.875,0.0,0.25327724777205257,0.3834818713246773,0.31837955954836494,0.6402227278170279,0.5775124679297301,0.4328570096488436,0.35977727218297206
H,H06,d1,9,True,success,2.458440324291587,830.875,0.0,0.2543043594074159,0.3841724691773553,0.31923841429238564,0.6414201891988983,0.5806184726698447,0.4295101884362544,0.3585798108011017
H,H07,d1,9,True,success,2.2852538004517555,830.875,0.0,0.2586069688538507,0.38767251094659566,0.32313973990022316,0.6462699077954736,0.5833688403490653,0.4268556474931417,0.35373009220452645
H,H08,d1,9,True,success,4.070216543972492,830.875,0.0,0.2034370493050799,0.36077165628013536,0.2821043527926076,0.5794216261525565,0.5320237020690385,0.4727697160289547,0.42057837384744345
H,H09,d1,9,True,success,3.734095634892583,830.875,0.0,0.18933174460650062,0.34423247040420324,0.2667821075053519,0.6015746617171597,0.540471485906811,0.46320209996729816,0.3984253382828403
H,H10,d1,9,True,success,4.446318309754133,830.875,0.0,0.2061386033756764,0.3645494762538335,0.285344039814755,0.5898994132439229,0.5451699761336222,0.459446825764548,0.4101005867560771
H,H11,d1,9,True,success,4.328612696379423,830.875,0.0,0.21035682764018518,0.36802100119452535,0.2891889144173553,0.5918153514549156,0.5452940967971576,0.4591258384995385,0.4081846485450844
H,H12,d1,9,True,success,4.783892055973411,830.875,0.0,0.16252576815873457,0.3454435291957698,0.2539846486772522,0.5481080110166447,0.5164721811329508,0.4870128326136364,0.45189198898335525
H,H13,d1,9,True,success,4.067291848361492,830.875,0.0,0.1577412413699229,0.333535073160932,0.24563815726542745,0.5725661597413484,0.5384198536243371,0.4643813578641668,0.4274338402586516
H,H14,d1,9,True,success,0.7701399121433496,830.875,0.0,0.21845743289870861,0.3671730301297623,0.2928152315142355,0.6194168363070292,0.5648735110944558,0.4423097552400705,0.38058316369297085
H,H15,d1,9,True,success,0.925546258687973,830.875,0.0,0.22530020904964296,0.3709616369444622,0.29813092299705257,0.6388157106933301,0.5870938524338485,0.4202009498463137,0.3611842893066699
H,H16,d1,9,False,scientific_numerical_failure,16.623287431895733,830.875,0.0,,,,,,,
H,H17,d1,9,True,success,9.529162887483835,830.875,0.0,0.22920831443961645,0.3648406720724033,0.2970244932560099,0.7155430487366783,0.6619024280443446,0.340807273208089,0.2844569512633217
H,H00,p22,0,True,success,47.573048708960414,1398.01953125,0.0,0.3938401158578473,0.5730169350395954,0.48342852544872134,0.8925343595382078,0.8386042893212958,0.16121313135547247,0.10746564046179219
H,H01,p22,0,True,success,44.56853369809687,1398.01953125,0.0,0.47528570946236587,0.629605850179043,0.5524457798207044,0.905387575590984,0.863919102801123,0.1373875895550482,0.09461242440901596
H,H02,p22,0,True,success,44.500514974817634,1398.01953125,0.0,0.47085955933260437,0.6251967466266408,0.5480281529796226,0.9063881253435954,0.8653280201062672,0.13580850629499575,0.09361187465640464
H,H03,p22,0,True,success,44.86729762330651,1398.01953125,0.0,0.4575817387427283,0.6135807228255084,0.5355812307841183,0.9024628916987356,0.8555538126724924,0.14506218095041523,0.09753710830126439
H,H04,p22,0,True,success,44.88167458586395,1398.01953125,0.0,0.45681765154639253,0.6115475361966948,0.5341825938715437,0.900043980208906,0.8507571246446112,0.14997497126154405,0.09995601979109403
H,H05,p22,0,True,success,44.22830342873931,1398.01953125,0.0,0.4554657491946498,0.6092070088495608,0.5323363790221053,0.8984826827927432,0.8489187850794031,0.15187935556344065,0.10151731720725676
H,H06,p22,0,True,success,44.34006637893617,1398.01953125,0.0,0.4793810958790917,0.6323480552727344,0.5558645755759131,0.905607476635514,0.864452581514697,0.13715373258272245,0.094392523364486
H,H07,p22,0,True,success,43.409884721040726,1398.01953125,0.0,0.47216534200988164,0.6271420508864853,0.5496536964481835,0.9062122045079715,0.864756796100385,0.13656305652039566,0.09378779549202854
H,H08,p22,0,True,success,4.783495744690299,1398.01953125,0.0,0.4613377821985625,0.6048608854187256,0.533099333808644,0.8663771302913689,0.8117891791576657,0.1890345272022115,0.13362286970863113
H,H09,p22,0,True,success,4.630064520984888,1398.01953125,0.0,0.4702393174868781,0.6184936508184821,0.5443664841526801,0.8874656404617922,0.8494244250854512,0.15128780761993013,0.11253435953820778
H,H10,p22,0,True,success,4.666408069431782,1398.01953125,0.0,0.4388804264094669,0.5916300769374385,0.5152552516734528,0.8727872457394172,0.8154536521702859,0.18527828398298618,0.12721275426058276
H,H11,p22,0,True,success,5.215214649215341,1398.01953125,0.0,0.4943426686536675,0.6181306517674968,0.5562366602105822,0.8906432105552501,0.8501042992212691,0.15109923893515878,0.10935678944474991
H,H12,p22,0,True,success,7.8111440278589725,1398.01953125,0.0,0.3383748743669556,0.5416411428449109,0.44000800860593325,0.7632765255634965,0.7386993474806746,0.2613803104932513,0.23672347443650354
H,H13,p22,0,True,success,7.107567084953189,1398.01953125,0.0,0.3309747639170168,0.5412792012326262,0.4361269825748215,0.8031995601979109,0.7832269600394226,0.21740602473606463,0.19680043980208906
H,H14,p22,0,True,success,1.3830842841416597,1398.01953125,0.0,0.4398868737320179,0.6041173002736863,0.5220020870028521,0.8822319956019791,0.8374369251943808,0.16270163641267044,0.11776800439802093
H,H15,p22,0,True,success,1.4306530822068453,1398.01953125,0.0,0.5054244644005629,0.6440549650844931,0.5747397147425279,0.893974711379879,0.8650568169186719,0.13642509657661975,0.10602528862012095
H,H16,p22,0,False,scientific_numerical_failure,53.87341250665486,1398.01953125,0.0,,,,,,,
H,H17,p22,0,False,scientific_numerical_failure,70.43011932820082,1398.01953125,0.0,,,,,,,
H,H00,p22,1,True,success,45.75813038833439,1398.01953125,0.0,0.3427756247697922,0.5406958529399833,0.44173573885488776,0.8919406267179769,0.8290853459207845,0.17133130946039976,0.10805937328202309
H,H01,p22,1,True,success,41.1850975882262,1398.01953125,0.0,0.41229139462938086,0.5935637276466401,0.5029275611380105,0.908411214953271,0.8693281299880198,0.1320810391687046,0.09158878504672896
H,H02,p22,1,True,success,40.920419216156006,1398.01953125,0.0,0.4065832402403834,0.5920485429526693,0.49931589159652634,0.9071357888949972,0.8639608816641764,0.13714851858767962,0.09286421110500276
H,H03,p22,1,True,success,41.31864633411169,1398.01953125,0.0,0.4048060867978266,0.5896123782722171,0.49720923253502186,0.9044529961517317,0.859061459946513,0.14204588240231983,0.09554700384826831
H,H04,p22,1,True,success,41.08846736140549,1398.01953125,0.0,0.40112897973018313,0.5870871262002226,0.4941080529652029,0.9016822429906542,0.854186988623818,0.1470381764917263,0.09831775700934575
H,H05,p22,1,True,success,41.44014214165509,1398.01953125,0.0,0.3984169025517892,0.5850272124007903,0.4917220574762897,0.8974051676745465,0.848879657066049,0.15239675879300807,0.10259483232545352
H,H06,p22,1,True,success,41.33332614786923,1398.01953125,0.0,0.40819419096394827,0.5934136279260631,0.5008039094450056,0.9078174821330401,0.8643821608375073,0.13660321089525743,0.09218251786695986
H,H07,p22,1,True,success,41.10521161556244,1398.01953125,0.0,0.4100134760397624,0.5932001546546329,0.5016068153471976,0.9061902144035184,0.8647919841855671,0.13651071361153644,0.09380978559648157
H,H08,p22,1,True,success,4.209928907454014,1398.01953125,0.0,0.43505777344326235,0.5837691363086908,0.5094134548759766,0.8495107201759209,0.805454026935216,0.19591616276868987,0.15048927982407911
H,H09,p22,1,True,success,5.408108862116933,1398.01953125,0.0,0.5651261890488664,0.6560433078028227,0.6105847484258445,0.8824848818031885,0.8463799968777829,0.15461901609278644,0.11751511819681149
H,H10,p22,1,True,success,4.592887783423066,1398.01953125,0.0,0.4881505309611774,0.6161996404139483,0.5521750856875628,0.8593512919186366,0.80188483289524,0.1988929421816578,0.14064870808136343
H,H11,p22,1,True,success,4.976200964301825,1398.01953125,0.0,0.5029029080173086,0.6288797506684646,0.5658913293428867,0.8777240241891149,0.8353404282534961,0.16568049283250652,0.12227597581088512
H,H12,p22,1,True,success,4.516299767419696,1398.01953125,0.0,0.32735253115874674,0.5283561475518801,0.4278543393553134,0.7585046728971963,0.7288134054520887,0.2712969930440099,0.24149532710280375
H,H13,p22,1,True,success,4.402182059362531,1398.01953125,0.0,0.3611274638396617,0.5595579218139661,0.46034269282681395,0.7985156679494227,0.7690726577742902,0.23048350976694343,0.20148433205057725
H,H14,p22,1,True,success,1.2996063604950905,1398.01953125,0.0,0.43865706152968986,0.6008573614309798,0.5197572114803348,0.8744804837822979,0.8318356785724321,0.16958705222952694,0.12551951621770208
H,H15,p22,1,True,success,1.323017442598939,1398.01953125,0.0,0.45032753616417287,0.6188336102387675,0.5345805732014701,0.8969213853765805,0.8616504404539886,0.13926522598163313,0.1030786146234195
H,H16,p22,1,False,scientific_numerical_failure,52.84164937958121,1398.01953125,0.0,,,,,,,
H,H17,p22,1,True,success,19.962001729756594,1398.01953125,0.0,0.4829886855451404,0.6545327006923911,0.5687606931187658,0.9234854315557999,0.8922542489156449,0.10856141191101615,0.07651456844420013
H,H00,p22,2,True,success,45.61591401696205,1408.43359375,0.0,0.3758358297485455,0.5584648599374542,0.4671503448429999,0.8874986256184717,0.8326659706924474,0.16787454004982555,0.1125013743815283
H,H01,p22,2,True,success,49.36104037426412,1408.43359375,0.0,0.4922818203965427,0.6412210492391416,0.5667514348178422,0.9044090159428257,0.8644190824151496,0.13655393450940234,0.09559098405717426
H,H02,p22,2,True,success,48.49600412324071,1408.43359375,0.0,0.49082678902041926,0.639220032572478,0.5650234107964486,0.9017592083562397,0.8591988621321777,0.14137663006361073,0.09824079164376032
H,H03,p22,2,True,success,48.54863126948476,1408.43359375,0.0,0.48917962199445836,0.6383671477893235,0.5637733848918909,0.90021990104453,0.857022543846597,0.1436047780812063,0.09978009895547002
H,H04,p22,2,True,success,49.75168462283909,1408.43359375,0.0,0.4874240177218983,0.6364003616133878,0.561912189667643,0.8974931280923585,0.8538839448919383,0.14685986356628936,0.10250687190764152
H,H05,p22,2,True,success,48.94878248311579,1408.43359375,0.0,0.4798111860713614,0.6299314968774877,0.5548713414744246,0.8927872457394173,0.8491112322273913,0.15198324321341058,0.10721275426058274
H,H06,p22,2,True,success,49.099859377369285,1408.43359375,0.0,0.48926446354319236,0.6393804405023865,0.5643224520227894,0.9045299615173172,0.8647169970526606,0.13624345114456193,0.09547003848268276
H,H07,p22,2,True,success,48.554053511470556,1408.43359375,0.0,0.4922586674255426,0.6413048077985575,0.5667817376120501,0.9044420010995052,0.8642517977841792,0.13674066638970217,0.09555799890049477
H,H08,p22,2,True,success,4.36381009966135,1408.43359375,0.0,0.434899409932384,0.5858961418803267,0.5103977759063554,0.8527982407916438,0.7973183062448346,0.2029364657797228,0.1472017592083562
H,H09,p22,2,True,success,4.3653871063143015,1408.43359375,0.0,0.4473109601032784,0.5997443119898037,0.5235276360465411,0.8791753710830127,0.8497556456599972,0.15108663078702514,0.12082462891698731
H,H10,p22,2,True,success,4.661899421364069,1408.43359375,0.0,0.4864202124041909,0.6277465400975832,0.5570833762508871,0.8859043430456295,0.8486372148765768,0.15226161147694312,0.11409565695437052
H,H11,p22,2,True,success,4.535795867443085,1408.43359375,0.0,0.47063708211816113,0.6154799852129584,0.5430585336655598,0.871610775151182,0.8234704826958512,0.17673132445393105,0.12838922484881798
H,H12,p22,2,True,success,7.692090220749378,1408.43359375,0.0,0.3649998887959911,0.5571877270577823,0.4610938079268867,0.7746454095656954,0.7599601618240008,0.2394414499920011,0.2253545904343046
H,H13,p22,2,True,success,5.733834244310856,1408.43359375,0.0,0.33184653060452557,0.5495080481919727,0.44067728939824913,0.8105772402418912,0.794947242839349,0.20529431750293817,0.18942275975810885
H,H14,p22,2,True,success,1.3317832741886377,1408.43359375,0.0,0.43427518177278324,0.603284056139916,0.5187796189563496,0.8825288620120946,0.8404399940498986,0.15885610211328594,0.11747113798790543
H,H15,p22,2,True,success,1.397564835846424,1408.43359375,0.0,0.45904076745857536,0.6296510200459721,0.5443458937522737,0.8978339747113799,0.8748831492082995,0.12641758525945682,0.10216602528862007
H,H16,p22,2,True,success,15.642815532162786,1408.43359375,0.0,0.4613987068085133,0.6177852838158581,0.5395919953121857,0.9138207806487081,0.8755499572213777,0.12412954957785044,0.08617921935129191
H,H17,p22,2,True,success,22.644097646698356,1408.43359375,0.0,0.4943676707570398,0.64536167800401,0.5698646743805249,0.9247498625618472,0.8951100289453896,0.10609961593428288,0.07525013743815279
H,H00,p22,3,True,success,44.819352217018604,1427.35546875,0.0,0.45530558730704257,0.6128566713657208,0.5340811293363816,0.8987355689939527,0.8471559824337667,0.15343777122992674,0.10126443100604732
H,H01,p22,3,True,success,44.45653925463557,1427.35546875,0.0,0.4916391271904599,0.6439426378413264,0.5677908825158932,0.9087960417811984,0.8676094036715245,0.13378804602882324,0.09120395821880156
H,H02,p22,3,True,success,45.46162408404052,1427.35546875,0.0,0.48953528237498045,0.6405904088164238,0.5650628455957021,0.9073117097306213,0.8657431689170525,0.13566763522415562,0.09268829026937875
H,H03,p22,3,True,success,44.2964303791523,1427.35546875,0.0,0.4879909843275361,0.6377655476656713,0.5628782659966037,0.9059813084112149,0.8631882439487644,0.1381968162107322,0.09401869158878506
H,H04,p22,3,True,success,44.79343630000949,1427.35546875,0.0,0.48051736537484147,0.6302142586691375,0.5553658120219895,0.9046728971962616,0.8607254389117067,0.14059015870985295,0.09532710280373835
H,H05,p22,3,True,success,44.712030505761504,1427.35546875,0.0,0.46147286943689897,0.6183091487607582,0.5398910090988286,0.9041451346893897,0.8546793038460304,0.1460356171609678,0.09585486531061027
H,H06,p22,3,True,success,45.61634471453726,1427.35546875,0.0,0.49143283448990455,0.6433086820404442,0.5673707582651744,0.9099505222649807,0.8699558036832925,0.1313399148945583,0.09004947773501926
H,H07,p22,3,True,success,44.49024672806263,1427.35546875,0.0,0.49168259503375095,0.644047463820326,0.5678650294270384,0.9089059923034635,0.867739462614781,0.13364920356690294,0.09109400769653653
H,H08,p22,3,True,success,5.018222134560347,1427.35546875,0.0,0.4463759328648408,0.5925968559230997,0.5194863943939703,0.8588125343595382,0.7890316270320407,0.21180750212120603,0.1411874656404618
H,H09,p22,3,True,success,4.859043842181563,1427.35546875,0.0,0.4678462949254127,0.6159112734993318,0.5418787842123722,0.882671797691039,0.8358863044465529,0.16553460745969611,0.11732820230896102
H,H10,p22,3,True,success,4.600349642336369,1427.35546875,0.0,0.4767342218767281,0.6226271261743176,0.5496806740255229,0.8802968664101154,0.8353793236907312,0.16548952953096957,0.1197031335898846
H,H11,p22,3,True,success,5.715699948370457,1427.35546875,0.0,0.45420761531905773,0.6078751437599843,0.531041379539521,0.8810225398570644,0.8260474397087287,0.1744850489567348,0.11897746014293564
H,H12,p22,3,True,success,5.138349071145058,1427.35546875,0.0,0.3345797967345017,0.548583109275718,0.44158145300510987,0.7830786146234194,0.7538964695596263,0.24451730996812845,0.21692138537658057
H,H13,p22,3,True,success,7.895657129585743,1427.35546875,0.0,0.3245480582723704,0.5424731309178062,0.43351059459508834,0.8102693787795492,0.8004186030255059,0.20028431254180412,0.1897306212204508
H,H14,p22,3,True,success,1.3148021437227726,1427.35546875,0.0,0.5029391355630497,0.6436658001213074,0.5733024678421785,0.888785046728972,0.8487135765270187,0.15190721388694864,0.11121495327102804
H,H15,p22,3,True,success,1.4623175282031298,1427.35546875,0.0,0.5114927754470376,0.650137221253099,0.5808149983500683,0.8956679494227597,0.8675378070117008,0.1339183237450681,0.10433205057724027
H,H16,p22,3,True,success,14.603320423513651,1427.35546875,0.0,0.43585401966139065,0.6112868750162386,0.5235704473388146,0.9248378229796591,0.8851674374029399,0.11835151270197208,0.07516217702034089
H,H17,p22,3,False,scientific_numerical_failure,74.95258406549692,1427.35546875,0.0,,,,,,,
H,H00,p22,4,True,success,41.155326679348946,1427.35546875,0.0,0.4602328518736244,0.6169391428177579,0.5385859973456911,0.9050467289719626,0.8539488944750628,0.14671777894846985,0.09495327102803741
H,H01,p22,4,True,success,34.58332322910428,1427.35546875,0.0,0.4715943766053382,0.6286262081724509,0.5501102923888945,0.9130401319406267,0.8709386343017159,0.13017178052975112,0.08695986805937328
H,H02,p22,4,True,success,34.560026943683624,1427.35546875,0.0,0.4697787961051167,0.6258060281522343,0.5477924121286755,0.9112919186366135,0.869667149094474,0.1313752959866251,0.08870808136338648
H,H03,p22,4,True,success,35.86619541980326,1427.35546875,0.0,0.4607144483239381,0.6203048387241047,0.5405096435240214,0.9092138537658054,0.8642941831366431,0.13640605026502542,0.09078614623419456
H,H04,p22,4,True,success,35.23916992172599,1427.35546875,0.0,0.46018542534421764,0.6197104156158246,0.5399479204800212,0.9082902693787795,0.8619315369767523,0.13868981693992014,0.09170973062122045
H,H05,p22,4,True,success,35.28543480485678,1427.35546875,0.0,0.46115826849307845,0.6190101600916804,0.5400842142923794,0.9071467839472237,0.8578445621834532,0.14282686908474124,0.0928532160527763
H,H06,p22,4,True,success,35.476262241601944,1427.35546875,0.0,0.4736696594994582,0.6298227495903487,0.5517462045449034,0.9095547003848268,0.8663403184603661,0.13500084572725332,0.09044529961517322
H,H07,p22,4,True,success,35.52421076968312,1427.35546875,0.0,0.4717745472782799,0.6288847595173208,0.5503296533978004,0.9131610775151182,0.8711932365221532,0.12992340020942894,0.08683892248488179
H,H08,p22,4,True,success,4.872288092970848,1427.35546875,0.0,0.4449705619283226,0.5906405043566465,0.5178055331424846,0.8644529961517318,0.7927067584606781,0.20825910203553766,0.13554700384826823
H,H09,p22,4,True,success,4.421146754175425,1427.35546875,0.0,0.4672028759539144,0.6138966900295705,0.5405497829917425,0.8839472237493128,0.8460974173480733,0.15521402565832046,0.11605277625068722
H,H10,p22,4,True,success,4.340113967657089,1427.35546875,0.0,0.44903444538365905,0.5958975410525336,0.5224659932180963,0.8804068169323804,0.8459888882114597,0.15553420970552692,0.11959318306761957
H,H11,p22,4,True,success,4.554524188861251,1427.35546875,0.0,0.46472558830349237,0.6115251641861956,0.538125376244844,0.8836173721825179,0.8442174343353301,0.15693230301976133,0.1163826278174821
H,H12,p22,4,True,success,5.236333047971129,1427.35546875,0.0,0.32812196579995234,0.552442139035343,0.4402820524176477,0.7805057724024189,0.7564952903561702,0.24251037821020635,0.21949422759758108
H,H13,p22,4,True,success,6.543708877637982,1427.35546875,0.0,0.3243815726450872,0.5410835262275376,0.43273254943631245,0.8096866410115447,0.7999824533196735,0.20081080590068967,0.19031335898845525
H,H14,p22,4,True,success,1.454703215509653,1427.35546875,0.0,0.5066775816625062,0.6480190290643489,0.5773483053634276,0.894194612424409,0.8529268022713858,0.14766383247777287,0.10580538757559099
H,H15,p22,4,True,success,1.4720483161509037,1427.35546875,0.0,0.4551911333556191,0.6246549386725383,0.5399230360140788,0.9009125893347993,0.8728169609843075,0.13140481621344563,0.09908741066520066
H,H16,p22,4,False,scientific_numerical_failure,50.34657251648605,1427.35546875,0.0,,,,,,,
H,H17,p22,4,True,success,23.536711616441607,1427.35546875,0.0,0.4992727368731457,0.6535894780387762,0.5764311074559609,0.9235953820780649,0.884440786602715,0.11706198564829833,0.07640461792193509
H,H00,p22,5,True,success,46.16536250151694,1427.35546875,0.0,0.45307040343631905,0.6052176507727846,0.5291440271045518,0.8930291368884002,0.8410479111434799,0.1597478812599993,0.10697086311159976
H,H01,p22,5,True,success,41.027910156175494,1427.35546875,0.0,0.47306917254264297,0.6242509791749318,0.5486600758587874,0.9061352391423859,0.8647892782359694,0.13642779334974417,0.09386476085761408
H,H02,p22,5,True,success,42.38934758678079,1427.35546875,0.0,0.47025893415003517,0.6208717623222013,0.5455653482361182,0.9044200109950522,0.8619266327275616,0.13931447087265222,0.0955799890049478
H,H03,p22,5,True,success,41.954994432628155,1427.35546875,0.0,0.4574248148382422,0.6131453920342996,0.5352851034362709,0.902935678944475,0.8556877688373087,0.1450546092224145,0.09706432105552498
H,H04,p22,5,True,success,40.05217124335468,1427.35546875,0.0,0.4567714914866941,0.6120042664658597,0.5343878789762769,0.9012424409015943,0.8525554868828206,0.14812167566881934,0.09875755909840567
H,H05,p22,5,True,success,39.32183268107474,1427.35546875,0.0,0.45611607452360053,0.6096260725844133,0.5328710735540069,0.8990434304562946,0.8492532732701883,0.15139215059555422,0.10095656954370535
H,H06,p22,5,True,success,40.287069814279675,1427.35546875,0.0,0.47901770302868774,0.6293026843984132,0.5541601937135505,0.9042440901594283,0.8634075547692378,0.1378380472577697,0.0957559098405717
H,H07,p22,5,True,success,42.482760820537806,1427.35546875,0.0,0.47301221343806354,0.6242224060497467,0.5486173097439051,0.9061132490379329,0.8649269594717082,0.13631123638843498,0.09388675096206711
H,H08,p22,5,True,success,5.580085983499885,1427.35546875,0.0,0.44282887061246895,0.5880765713108401,0.5154527209616545,0.8592853216052776,0.790800826895664,0.21015159218730428,0.1407146783947224
H,H09,p22,5,True,success,5.165759166702628,1427.35546875,0.0,0.42724049167040895,0.5783313372415346,0.5027859144559718,0.8837713029136889,0.8497941618501119,0.15234270574169917,0.11622869708631112
H,H10,p22,5,True,success,5.129506835713983,1427.35546875,0.0,0.42836642343129216,0.5785807901441445,0.5034736067877184,0.8802748763056625,0.8388510538999889,0.16328615304196592,0.11972512369433752
H,H11,p22,5,True,success,5.367165457457304,1427.35546875,0.0,0.4568465663383023,0.6081084849002688,0.5324775256192855,0.8805277625068719,0.8292411778259765,0.1713404158377954,0.11947223749312808
H,H12,p22,5,True,success,5.1904057841748,1427.35546875,0.0,0.3379277495494787,0.5468272702154995,0.4423775098824891,0.7800549752611325,0.7518114061805111,0.2463956615606539,0.21994502473886746
H,H13,p22,5,True,success,5.763811234384775,1427.35546875,0.0,0.30206024644623836,0.5226109124483516,0.41233557944729493,0.8061792193512919,0.7894508350340175,0.2099750412395518,0.1938207806487081
H,H14,p22,5,True,success,1.40427858941257,1427.35546875,0.0,0.4503544166283193,0.6058138868129448,0.5280841517206321,0.8760637713029137,0.8449069950356114,0.15685629407901036,0.12393622869708631
H,H15,p22,5,True,success,1.5193535294383764,1427.35546875,0.0,0.4465552601185032,0.612026116414675,0.5292906882665891,0.8909840571742715,0.8631226453540761,0.13893545482555997,0.10901594282572846
H,H16,p22,5,False,scientific_numerical_failure,49.72885436192155,1427.35546875,0.0,,,,,,,
H,H17,p22,5,True,success,27.67403214983642,1427.35546875,0.0,0.48724910988262976,0.6512012210870501,0.5692251654848399,0.92282572842221,0.8839088986617863,0.11725087370133916,0.07717427157779
H,H00,p22,6,True,success,37.65716060809791,1427.35546875,0.0,0.4095243408998225,0.5876923466461129,0.4986083437729677,0.8959208356239692,0.8429703038051719,0.158405472731678,0.10407916437603082
H,H01,p22,6,True,success,43.390727715566754,1427.35546875,0.0,0.47050567950482275,0.6240926194399881,0.5472991494724054,0.9089059923034635,0.8657719784799791,0.135700944663757,0.09109400769653653
H,H02,p22,6,True,success,43.33976661786437,1427.35546875,0.0,0.47067763672088814,0.6229499877119106,0.5468138122163994,0.9072457394172623,0.8632720524704423,0.13810812174961862,0.09275426058273772
H,H03,p22,6,True,success,43.891435420140624,1427.35546875,0.0,0.46650554497452545,0.6202683160763683,0.5433869305254468,0.90587135788895,0.8623308973966046,0.1392202418526291,0.09412864211104999
H,H04,p22,6,True,success,44.07194975018501,1427.35546875,0.0,0.4564348572275227,0.6153341158462335,0.5358844865368781,0.903243540406817,0.8559143688810693,0.14492544160763707,0.09675645959318302
H,H05,p22,6,True,success,43.92137278057635,1427.35546875,0.0,0.45566284066419765,0.6141654016216614,0.5349141211429296,0.9019901044529961,0.8523326758090872,0.14850350511537336,0.0980098955470039
H,H06,p22,6,True,success,43.99435415491462,1427.35546875,0.0,0.46743468041519676,0.6214339090046895,0.5444342947099432,0.909026937877955,0.8678487807786546,0.13346580814668738,0.09097306212204503
H,H07,p22,6,True,success,43.5678379740566,1427.35546875,0.0,0.47050567950482275,0.6240926194399881,0.5472991494724054,0.9089059923034635,0.8657719784799791,0.135700944663757,0.09109400769653653
H,H08,p22,6,True,success,4.368760420009494,1427.35546875,0.0,0.43236279348771345,0.5836583717103162,0.5080105825990149,0.8588785046728972,0.8024131776087428,0.19910342240940868,0.14112149532710283
H,H09,p22,6,True,success,4.802845122292638,1427.35546875,0.0,0.4679520985677841,0.6153667055614555,0.5416594020646197,0.8863661352391424,0.8504703839375555,0.15015246463192203,0.11363386476085757
H,H10,p22,6,True,success,4.490495305508375,1427.35546875,0.0,0.47056378827651746,0.6172030676689969,0.5438834279727571,0.8817262231995602,0.8435084452794526,0.1570728638861126,0.11827377680043982
H,H11,p22,6,True,success,4.9247082732617855,1427.35546875,0.0,0.46901354383540395,0.6173010595190753,0.5431573016772396,0.8866300164925783,0.8510890799348522,0.14974210167039972,0.11336998350742167
H,H12,p22,6,True,success,4.7402555625885725,1427.35546875,0.0,0.35899737388797887,0.5618636860603771,0.460430529974178,0.782913688840022,0.747496790561786,0.2515969732057683,0.217086311159978
H,H13,p22,6,True,success,5.642060352489352,1427.35546875,0.0,0.35242126198011464,0.550186571836503,0.45130391690830884,0.8093128092358439,0.7874797121475345,0.21312229942052108,0.19068719076415608
H,H14,p22,6,True,success,1.3641109205782413,1427.35546875,0.0,0.447792944585574,0.6069758683726025,0.5273844064790882,0.8839582188015394,0.8427001740677784,0.1586007935244133,0.11604178119846065
H,H15,p22,6,True,success,1.4759515225887299,1427.35546875,0.0,0.4535763005578786,0.6199907018329073,0.536783501195393,0.8963936228697086,0.869254629423819,0.13284483133934644,0.10360637713029142
H,H16,p22,6,False,scientific_numerical_failure,55.025075221434236,1427.35546875,0.0,,,,,,,
H,H17,p22,6,True,success,22.308573139831424,1427.35546875,0.0,0.47888873120920006,0.6436679598331331,0.5612783455211665,0.9236833424958768,0.8853856596296388,0.11616187305547683,0.0763166575041232
H,H00,p22,7,True,success,51.846861369907856,1456.12890625,0.0,0.45307708534032387,0.6142439836786321,0.533660534509478,0.9005827377680043,0.8490723250659653,0.15144152311606204,0.09941726223199565
H,H01,p22,7,True,success,46.2826158516109,1456.12890625,0.0,0.4771557091515973,0.6315065879373947,0.5543311485444959,0.911105002748763,0.8723505622162725,0.1287001573861997,0.08889499725123695
H,H02,p22,7,True,success,45.80210312269628,1456.12890625,0.0,0.4785651733926291,0.6327629203162904,0.5556640468544598,0.9095327102803739,0.8697835667855388,0.13114150160064747,0.09046728971962614
H,H03,p22,7,True,success,45.74312987551093,1456.12890625,0.0,0.4795218462643372,0.6320249215261744,0.5557733838952558,0.9074546454095657,0.8670114238744763,0.13390748301385288,0.09254535459043434
H,H04,p22,7,True,success,47.19073353148997,1456.12890625,0.0,0.477370225433567,0.6284332504684729,0.5529017379510199,0.9045519516217702,0.8634131680131446,0.13753085501068016,0.09544804837822984
H,H05,p22,7,True,success,46.08194380439818,1456.12890625,0.0,0.4568081659106558,0.616686265346592,0.5367472156286239,0.9035733919736119,0.8566808338996363,0.14392017288090508,0.09642660802638814
H,H06,p22,7,True,success,46.031694162636995,1456.12890625,0.0,0.4785420122832807,0.6325151457133766,0.5555285789983286,0.9092248488180319,0.8704156066983374,0.13070943367669066,0.0907751511819681
H,H07,p22,7,True,success,46.163288274779916,1456.12890625,0.0,0.4771557091515973,0.6315065879373947,0.5543311485444959,0.911105002748763,0.8723505622162725,0.1287001573861997,0.08889499725123695
H,H08,p22,7,True,success,4.564331918954849,1456.12890625,0.0,0.4384111300709302,0.5869680143369086,0.5126895722039194,0.8562616822429907,0.7946086172498401,0.20617284075885645,0.1437383177570093
H,H09,p22,7,True,success,4.688071699813008,1456.12890625,0.0,0.4732325388885701,0.6194041877249349,0.5463183633067525,0.8878724573941726,0.8549420973694456,0.145975520450284,0.11212754260582736
H,H10,p22,7,True,success,4.935804754495621,1456.12890625,0.0,0.49296741200189176,0.6387858422273782,0.5658766271146349,0.8990874106652007,0.8616138697994647,0.14033051543516453,0.1009125893347993
H,H11,p22,7,True,success,5.547194356098771,1456.12890625,0.0,0.47321251151606725,0.6193196511650593,0.5462660813405633,0.888169323804288,0.8549373292171727,0.14612550083070974,0.11183067619571196
H,H12,p22,7,True,success,5.155088843777776,1456.12890625,0.0,0.3271275062713946,0.5445146383190255,0.43582107229521005,0.7844090159428257,0.7561999109132675,0.24224933715890476,0.21559098405717425
H,H13,p22,7,True,success,9.356043968349695,1456.12890625,0.0,0.3511291327782911,0.561481764699901,0.45630544873909606,0.8157339197361188,0.8017436467213158,0.19873666520243696,0.18426608026388125
H,H14,p22,7,True,success,1.4236305318772793,1456.12890625,0.0,0.44613922504590203,0.6042665880444823,0.5252029065451922,0.8705112699285321,0.8438919727196835,0.15800374805017492,0.12948873007146788
H,H15,p22,7,True,success,1.3939250260591507,1456.12890625,0.0,0.5000225294892777,0.6420824426481325,0.5710524860687052,0.893886750962067,0.8655759751851374,0.13594411781616741,0.10611324903793296
H,H16,p22,7,False,scientific_numerical_failure,57.40265822596848,1456.12890625,0.0,,,,,,,
H,H17,p22,7,True,success,26.41622652299702,1456.12890625,0.0,0.43650546607666124,0.6081056286055466,0.5223055473411039,0.9327872457394173,0.8957713247425401,0.10773746138555497,0.06721275426058271
H,H00,p22,8,True,success,45.75348318181932,1456.12890625,0.0,0.3985024417919459,0.5792151252292157,0.48885878351058076,0.8978889499725123,0.8440455412596529,0.15555053008309855,0.10211105002748766
H,H01,p22,8,True,success,51.06182748451829,1521.328125,0.0,0.4828139873998994,0.6306638963298189,0.5567389418648592,0.908521165475536,0.8698524037515776,0.13099604221490554,0.09147883452446404
H,H02,p22,8,True,success,51.3630854357034,1521.328125,0.0,0.481250861426161,0.6295405290016687,0.5553956952139149,0.9067289719626168,0.8676479778996143,0.13317340648666232,0.09327102803738319
H,H03,p22,8,True,success,52.922319415956736,1521.328125,0.0,0.47714202011706347,0.626242715817853,0.5516923679674582,0.9052336448598131,0.8647216166239919,0.13597587982250992,0.09476635514018694
H,H04,p22,8,True,success,52.22061508707702,1521.328125,0.0,0.47169137815653894,0.6220306029284246,0.5468609905424817,0.9046838922484882,0.8628823518206481,0.1379159552425738,0.09531610775151178
H,H05,p22,8,True,success,51.2356207575649,1521.328125,0.0,0.45773940655698986,0.6138497854818317,0.5357945960194108,0.90282572842221,0.8556474939983302,0.144696034785249,0.09717427157779002
H,H06,p22,8,True,success,52.783433713018894,1521.328125,0.0,0.4828219036455921,0.630784041090338,0.556802972367965,0.9091588785046729,0.8702495187278717,0.13050623650291848,0.09084112149532708
H,H07,p22,8,True,success,51.110441129654646,1521.328125,0.0,0.482445612819006,0.6301759289109052,0.5563107708649556,0.9086860912589335,0.8699966809015088,0.13083000098282901,0.09131390874106649
H,H08,p22,8,True,success,4.281543515622616,1521.328125,0.0,0.43468382746190565,0.5827367627041474,0.5087102950830266,0.8560857614073667,0.7947498440367737,0.20567764711370126,0.1439142385926333
H,H09,p22,8,True,success,5.949998579919338,1521.328125,0.0,0.4543052182709381,0.6032754355239481,0.5287903268974431,0.8814073666849918,0.8396909778473305,0.1614389993366822,0.11859263331500824
H,H10,p22,8,True,success,4.6493337489664555,1521.328125,0.0,0.47051644957868427,0.6170734916108227,0.5437949705947535,0.8801209455744915,0.839689969442669,0.16088011301304234,0.1198790544255085
H,H11,p22,8,True,success,5.1036390252411366,1521.328125,0.0,0.45487935075824343,0.603587073751191,0.5292332122547172,0.8841231445849368,0.84348663707222,0.15757902402350155,0.1158768554150632
H,H12,p22,8,True,success,5.355256197974086,1521.328125,0.0,0.32992040457633093,0.5481020367210623,0.4390112206486966,0.7863331500824629,0.7650863347204347,0.2337464790537695,0.21366684991753715
H,H13,p22,8,True,success,5.465888548642397,1521.328125,0.0,0.32602860114926213,0.5477486231349364,0.4368886121420993,0.8120725673446949,0.7977291199101706,0.20246591234752123,0.1879274326553051
H,H14,p22,8,True,success,1.3139042891561985,1521.328125,0.0,0.4487089899791363,0.6037004547886631,0.5262047223838997,0.8700714678394722,0.8447378662287637,0.15699498330364722,0.1299285321605278
H,H15,p22,8,True,success,1.3674354422837496,1521.328125,0.0,0.5070698796935421,0.6436902526149714,0.5753800661542567,0.8964925783397472,0.8690599660036964,0.13228210287260497,0.10350742166025284
H,H16,p22,8,True,success,15.729170959442854,1521.328125,0.0,0.4324760763244615,0.6004777190625049,0.5164768976934833,0.9206157229246839,0.8824983015637478,0.1210711832179122,0.07938427707531615
H,H17,p22,8,False,scientific_numerical_failure,75.94101231917739,1521.328125,0.0,,,,,,,
H,H00,p22,9,True,success,29.990687692537904,1521.328125,0.0,0.46057249829339975,0.6147209739345132,0.5376467361139565,0.894040681693238,0.8400194534034144,0.16025404305247892,0.10595931830676197
H,H01,p22,9,True,success,60.58638265170157,1626.203125,0.0,0.47590966674767343,0.636876606188152,0.5563931364679127,0.9094667399670149,0.8714705201591233,0.1301809179166242,0.09053326003298512
H,H02,p22,9,True,success,59.73059587739408,1626.203125,0.0,0.4842773187390154,0.6382438814349262,0.5612606000869708,0.9053545904343046,0.8646294147484277,0.13622310165656967,0.09464540956569545
H,H03,p22,9,True,success,59.58695404790342,1626.203125,0.0,0.48055722670810375,0.6346950749765343,0.557626150842319,0.9042880703683343,0.862841749507402,0.13799281522739507,0.09571192963166575
H,H04,p22,9,True,success,60.25436834618449,1626.203125,0.0,0.4745359316047727,0.6286275781817319,0.5515817548932522,0.902627817482133,0.8592002299282986,0.14168573944506857,0.09737218251786695
H,H05,p22,9,True,success,60.552259201183915,1626.203125,0.0,0.4631078504462288,0.6194510712570741,0.5412794608516515,0.9004288070368335,0.8493826422109704,0.1509616343360321,0.09957119296316652
H,H06,p22,9,True,success,60.49065496213734,1626.203125,0.0,0.47617383031337696,0.6366320635081277,0.5564029469107523,0.9105552501374381,0.8715675279060392,0.130183542798215,0.0894447498625619
H,H07,p22,9,True,success,60.15405527688563,1626.20703125,0.0,0.4759572098765288,0.6367361052185794,0.5563466575475541,0.9098625618471687,0.8720382943052211,0.12960015536615804,0.09013743815283126
H,H08,p22,9,True,success,4.412388037890196,1626.20703125,0.0,0.5229483192614254,0.6444126585319057,0.5836804888966656,0.8797471137987906,0.8271882119990615,0.17389317374224375,0.12025288620120944
H,H09,p22,9,True,success,5.3679188676178455,1626.20703125,0.0,0.4665295667807699,0.6225419104807807,0.5445357386307753,0.8777570093457944,0.8177507309043301,0.18255360720659464,0.12224299065420563
H,H10,p22,9,True,success,5.586430383846164,1626.20703125,0.0,0.4612209952814838,0.6202834295916073,0.5407522124365456,0.871500824628917,0.8132784262487318,0.18692312485812243,0.12849917537108302
H,H11,p22,9,True,success,4.51068502292037,1626.20703125,0.0,0.4758762261515483,0.6196715058161102,0.5477738659838293,0.8794172622319956,0.8438466968301124,0.15751190765869805,0.12058273776800443
H,H12,p22,9,True,success,5.713115645572543,1626.20703125,0.0,0.37129046044821146,0.5651969433083374,0.4682437018782744,0.7792743265530512,0.745779249719746,0.25403836993351725,0.22072567344694882
H,H13,p22,9,True,success,7.524229850620031,1626.20703125,0.0,0.34268108675654924,0.5614856593639008,0.45208337306022506,0.8083342495876855,0.7890623941400041,0.21029242195669406,0.19166575041231448
H,H14,p22,9,True,success,1.4092522952705622,1626.20703125,0.0,0.5085368681626252,0.6460307526442457,0.5772838104034355,0.8818581638262781,0.8392509662145922,0.16137734554344033,0.11814183617372187
H,H15,p22,9,True,success,1.571754477918148,1626.20703125,0.0,0.5055257879644406,0.6517701052245704,0.5786479465945055,0.8975810885101704,0.8751669207595053,0.12701922596410073,0.10241891148982962
H,H16,p22,9,False,scientific_numerical_failure,57.6251831240952,1626.20703125,0.0,,,,,,,
H,H17,p22,9,True,success,20.903170831501484,1626.20703125,0.0,0.5094839044683994,0.6564849975405581,0.5829844510044788,0.9245849367784497,0.8888476219976362,0.1127968842110995,0.07541506322155034
