ablation,ablation_config_json,absolute_ari,absolute_nmi,algorithm,ami,changed_observations,cluster_sizes,config_id,config_json,delta_ari,delta_nmi,evaluated_observations,failure,family,fmi,full_config_id,gearys_c,initial_partition_sha256,is_matched_full,k,lane,max_neighbor_mass,max_row_mass,mean_agreement_gate,mean_edge_conflict,mean_edge_weight,mean_neighbor_mass,mean_prototype_margin,mean_retained_weight,mean_self_return,mean_view1_weight,mean_view2_weight,min_cluster_size,min_neighbor_mass,min_row_mass,morans_i,night15d_ari,night15d_nmi,objective,observed_cardinality,partition_sha256,stage,status,study,sweeps_completed,total_moves,total_observations,wall_seconds
FULL,"{""beta"":5.295531993069,""conflict_center"":0.3343122296500229,""conflict_penalty"":0.0474381261805809,""conflict_temperature"":0.23651578270976603,""conflict_union_weight"":0.5219875134145195,""edge_floor"":0.3657063635985952,""high_weight"":0.9800848655496802,""low_weight"":0.16718778407755552,""mass_center"":-0.3161013581382013,""mass_temperature"":0.19072759706386058,""move_fraction"":0.07988448736173517,""move_threshold"":0.22767092605240927,""neighbor_capacity"":0.5579318426747101,""retained_bias"":3.3464221191084587,""sweeps"":5,""trust_center"":0.2997569061966643,""trust_scale"":0.8747771935920972,""trust_temperature"":0.18177008478034862,""twohop_weight"":0.047096604414965285,""unary_temperature"":0.24591676637608756,""view_balance"":1.1749241685413434}",0.2752927992564834,0.4199077568017935,CONTINUOUS_RELIABILITY_ENERGY,0.41611977669809175,11.0,"[274,775,577,181,311,793,158,109,121,185]",A1__CEM_I05_011__FULL,"{""beta"":5.295531993069,""conflict_center"":0.3343122296500229,""conflict_penalty"":0.0474381261805809,""conflict_temperature"":0.23651578270976603,""conflict_union_weight"":0.5219875134145195,""edge_floor"":0.3657063635985952,""high_weight"":0.9800848655496802,""low_weight"":0.16718778407755552,""mass_center"":-0.3161013581382013,""mass_temperature"":0.19072759706386058,""move_fraction"":0.07988448736173517,""move_threshold"":0.22767092605240927,""neighbor_capacity"":0.5579318426747101,""retained_bias"":3.3464221191084587,""sweeps"":5,""trust_center"":0.2997569061966643,""trust_scale"":0.8747771935920972,""trust_temperature"":0.18177008478034862,""twohop_weight"":0.047096604414965285,""unary_temperature"":0.24591676637608756,""view_balance"":1.1749241685413434}",0.0009126435454941961,0.0013587807029885046,3484,,RNA_PROTEIN,0.41599227072287903,A1__CEM_I05_011,0.4545208417448164,e76944ce6c738338495c7415b35f5c6b3fca19daefa1331edf3787f31675500c,True,10,A1,0.5567840933799744,1.0000001192092896,0.6389919519424438,0.19103050231933594,0.5948881506919861,0.55244380235672,0.7343446016311646,0.7436038255691528,0.44755619764328003,0.17539601027965546,0.08100011944770813,109.0,0.5432593822479248,0.9999998211860657,0.5487009975818602,0.2743801557109892,0.418548976098805,0.42226051413711113,10.0,70cd702e61556ecb586fc7cfab0ab88af57e4ed51dbcff7b69efd9df50870696,MATCHED_ABLATION,PASS,LYMPH_NODE,2.0,11.0,3484,0.07656159999896772
UNIFORM_EDGE_EVIDENCE,"{""beta"":5.295531993069,""conflict_center"":0.3343122296500229,""conflict_penalty"":0.0001,""conflict_temperature"":0.23651578270976603,""conflict_union_weight"":0.5219875134145195,""edge_floor"":0.9999,""high_weight"":0.9800848655496802,""low_weight"":0.16718778407755552,""mass_center"":-0.3161013581382013,""mass_temperature"":0.19072759706386058,""move_fraction"":0.07988448736173517,""move_threshold"":0.22767092605240927,""neighbor_capacity"":0.5579318426747101,""retained_bias"":3.3464221191084587,""sweeps"":5,""trust_center"":0.2997569061966643,""trust_scale"":0.8747771935920972,""trust_temperature"":0.18177008478034862,""twohop_weight"":0.047096604414965285,""unary_temperature"":0.24591676637608756,""view_balance"":1.1749241685413434}",0.27497402096943774,0.419686799004457,CONTINUOUS_RELIABILITY_ENERGY,0.41589762462100294,15.0,"[275,775,576,181,311,793,159,109,121,184]",A1__CEM_I05_011__UNIFORM_EDGE_EVIDENCE,"{""beta"":5.295531993069,""conflict_center"":0.3343122296500229,""conflict_penalty"":0.0001,""conflict_temperature"":0.23651578270976603,""conflict_union_weight"":0.5219875134145195,""edge_floor"":0.9999,""high_weight"":0.9800848655496802,""low_weight"":0.16718778407755552,""mass_center"":-0.3161013581382013,""mass_temperature"":0.19072759706386058,""move_fraction"":0.07988448736173517,""move_threshold"":0.22767092605240927,""neighbor_capacity"":0.5579318426747101,""retained_bias"":3.3464221191084587,""sweeps"":5,""trust_center"":0.2997569061966643,""trust_scale"":0.8747771935920972,""trust_temperature"":0.18177008478034862,""twohop_weight"":0.047096604414965285,""unary_temperature"":0.24591676637608756,""view_balance"":1.1749241685413434}",0.0005938652584485116,0.0011378229056520084,3484,,RNA_PROTEIN,0.4157123477974419,A1__CEM_I05_011,0.4521340559089538,e76944ce6c738338495c7415b35f5c6b3fca19daefa1331edf3787f31675500c,False,10,A1,0.5573385953903198,1.0000001192092896,0.6389919519424438,0.19103050231933594,0.9680659174919128,0.5572676062583923,0.7335956692695618,0.7440944910049438,0.44273242354393005,0.1744556576013565,0.08144980669021606,109.0,0.5572060942649841,0.9999998807907104,0.5511569149241978,0.2743801557109892,0.418548976098805,0.42186440062099767,10.0,a97f94df324a4d5667530156936cb5be23f8cfbf1e291c5b6176316d6dce29d8,MATCHED_ABLATION,PASS,LYMPH_NODE,4.0,15.0,3484,0.1361561000085203
NO_REJECTED_MASS_SELF_RETURN,"{""beta"":5.295531993069,""conflict_center"":0.3343122296500229,""conflict_penalty"":0.0474381261805809,""conflict_temperature"":0.23651578270976603,""conflict_union_weight"":0.5219875134145195,""edge_floor"":0.3657063635985952,""high_weight"":0.9800848655496802,""low_weight"":0.16718778407755552,""mass_center"":-2.0,""mass_temperature"":0.005,""move_fraction"":0.07988448736173517,""move_threshold"":0.22767092605240927,""neighbor_capacity"":1.0,""retained_bias"":3.3464221191084587,""sweeps"":5,""trust_center"":0.2997569061966643,""trust_scale"":0.8747771935920972,""trust_temperature"":0.18177008478034862,""twohop_weight"":0.047096604414965285,""unary_temperature"":0.24591676637608756,""view_balance"":1.1749241685413434}",0.21830392395770346,0.37400829566292304,CONTINUOUS_RELIABILITY_ENERGY,0.3698981791531135,819.0,"[268,805,485,200,265,890,121,129,144,177]",A1__CEM_I05_011__NO_REJECTED_MASS_SELF_RETURN,"{""beta"":5.295531993069,""conflict_center"":0.3343122296500229,""conflict_penalty"":0.0474381261805809,""conflict_temperature"":0.23651578270976603,""conflict_union_weight"":0.5219875134145195,""edge_floor"":0.3657063635985952,""high_weight"":0.9800848655496802,""low_weight"":0.16718778407755552,""mass_center"":-2.0,""mass_temperature"":0.005,""move_fraction"":0.07988448736173517,""move_threshold"":0.22767092605240927,""neighbor_capacity"":1.0,""retained_bias"":3.3464221191084587,""sweeps"":5,""trust_center"":0.2997569061966643,""trust_scale"":0.8747771935920972,""trust_temperature"":0.18177008478034862,""twohop_weight"":0.047096604414965285,""unary_temperature"":0.24591676637608756,""view_balance"":1.1749241685413434}",-0.05607623175328577,-0.04454068043588194,3484,,RNA_PROTEIN,0.37092513734548527,A1__CEM_I05_011,0.2493890931490807,e76944ce6c738338495c7415b35f5c6b3fca19daefa1331edf3787f31675500c,False,10,A1,1.0,1.000000238418579,0.6389919519424438,0.19103050231933594,0.5948881506919861,1.0,0.7692874670028687,0.7494467496871948,0.0,0.1583336442708969,0.09221959114074707,121.0,1.0,0.9999998211860657,0.7531681007722882,0.2743801557109892,0.418548976098805,0.34920682743972653,10.0,64183429cbc08c7ac43664ac3a12678634012e51ba0d7c23e8d337632bde2020,MATCHED_ABLATION,PASS,LYMPH_NODE,5.0,852.0,3484,0.1776366000121925
RETAINED_UNARY_DOMINANT,"{""beta"":5.295531993069,""conflict_center"":0.3343122296500229,""conflict_penalty"":0.0474381261805809,""conflict_temperature"":0.23651578270976603,""conflict_union_weight"":0.5219875134145195,""edge_floor"":0.3657063635985952,""high_weight"":0.9800848655496802,""low_weight"":0.16718778407755552,""mass_center"":-0.3161013581382013,""mass_temperature"":0.19072759706386058,""move_fraction"":0.07988448736173517,""move_threshold"":0.22767092605240927,""neighbor_capacity"":0.5579318426747101,""retained_bias"":8.0,""sweeps"":5,""trust_center"":0.2997569061966643,""trust_scale"":0.8747771935920972,""trust_temperature"":0.18177008478034862,""twohop_weight"":0.047096604414965285,""unary_temperature"":0.02,""view_balance"":0.0}",0.2731874719271639,0.41834301025073506,CONTINUOUS_RELIABILITY_ENERGY,0.4145440358218805,20.0,"[274,773,575,181,312,798,156,110,121,184]",A1__CEM_I05_011__RETAINED_UNARY_DOMINANT,"{""beta"":5.295531993069,""conflict_center"":0.3343122296500229,""conflict_penalty"":0.0474381261805809,""conflict_temperature"":0.23651578270976603,""conflict_union_weight"":0.5219875134145195,""edge_floor"":0.3657063635985952,""high_weight"":0.9800848655496802,""low_weight"":0.16718778407755552,""mass_center"":-0.3161013581382013,""mass_temperature"":0.19072759706386058,""move_fraction"":0.07988448736173517,""move_threshold"":0.22767092605240927,""neighbor_capacity"":0.5579318426747101,""retained_bias"":8.0,""sweeps"":5,""trust_center"":0.2997569061966643,""trust_scale"":0.8747771935920972,""trust_temperature"":0.18177008478034862,""twohop_weight"":0.047096604414965285,""unary_temperature"":0.02,""view_balance"":0.0}",-0.0011926837838253102,-0.00020596584806992224,3484,,RNA_PROTEIN,0.41428851036399805,A1__CEM_I05_011,0.45163271585372977,e76944ce6c738338495c7415b35f5c6b3fca19daefa1331edf3787f31675500c,False,10,A1,0.5567840933799744,1.0000001192092896,0.6389919519424438,0.19103050231933594,0.5948881506919861,0.55244380235672,0.7369452118873596,0.5648453831672668,0.44755619764328003,0.20070989429950714,0.23444469273090363,110.0,0.5432593822479248,0.9999998211860657,0.5515125753573576,0.2743801557109892,0.418548976098805,0.4196075255149212,10.0,a2b9056831b45abffaf8fbb3a0a23abb79ad471ad000cb7ef9c7d748812850fc,MATCHED_ABLATION,PASS,LYMPH_NODE,5.0,20.0,3484,0.1657506000046851
SINGLE_SCALE_DOMINANT,"{""beta"":5.295531993069,""conflict_center"":0.3343122296500229,""conflict_penalty"":0.0474381261805809,""conflict_temperature"":0.23651578270976603,""conflict_union_weight"":0.5219875134145195,""edge_floor"":0.3657063635985952,""high_weight"":0.0001,""low_weight"":0.0001,""mass_center"":-0.3161013581382013,""mass_temperature"":0.19072759706386058,""move_fraction"":0.07988448736173517,""move_threshold"":0.22767092605240927,""neighbor_capacity"":0.5579318426747101,""retained_bias"":3.3464221191084587,""sweeps"":5,""trust_center"":0.2997569061966643,""trust_scale"":0.8747771935920972,""trust_temperature"":0.18177008478034862,""twohop_weight"":0.0001,""unary_temperature"":0.24591676637608756,""view_balance"":1.1749241685413434}",0.2734357780718577,0.4173981733801524,CONTINUOUS_RELIABILITY_ENERGY,0.4135932462514189,12.0,"[271,778,577,181,314,791,155,109,122,186]",A1__CEM_I05_011__SINGLE_SCALE_DOMINANT,"{""beta"":5.295531993069,""conflict_center"":0.3343122296500229,""conflict_penalty"":0.0474381261805809,""conflict_temperature"":0.23651578270976603,""conflict_union_weight"":0.5219875134145195,""edge_floor"":0.3657063635985952,""high_weight"":0.0001,""low_weight"":0.0001,""mass_center"":-0.3161013581382013,""mass_temperature"":0.19072759706386058,""move_fraction"":0.07988448736173517,""move_threshold"":0.22767092605240927,""neighbor_capacity"":0.5579318426747101,""retained_bias"":3.3464221191084587,""sweeps"":5,""trust_center"":0.2997569061966643,""trust_scale"":0.8747771935920972,""trust_temperature"":0.18177008478034862,""twohop_weight"":0.0001,""unary_temperature"":0.24591676637608756,""view_balance"":1.1749241685413434}",-0.0009443776391315217,-0.0011508027186525882,3484,,RNA_PROTEIN,0.4144739994992689,A1__CEM_I05_011,0.4556838975010913,e76944ce6c738338495c7415b35f5c6b3fca19daefa1331edf3787f31675500c,False,10,A1,0.5567840933799744,1.0000001192092896,0.6389919519424438,0.19103050231933594,0.5948881506919861,0.55244380235672,0.7010552287101746,0.7499628067016602,0.44755619764328003,0.15652883052825928,0.09350839257240295,109.0,0.5432593822479248,0.9999998211860657,0.5476119914754338,0.2743801557109892,0.418548976098805,0.41952513875491104,10.0,fbfb2d03575954873d2155c7b9d19fcd6c8abc106115cc6fb0fd74213d929e82,MATCHED_ABLATION,PASS,LYMPH_NODE,3.0,12.0,3484,0.10287139999854844
TRUST_TERM_NEAR_ZERO,"{""beta"":5.295531993069,""conflict_center"":0.3343122296500229,""conflict_penalty"":0.0474381261805809,""conflict_temperature"":0.23651578270976603,""conflict_union_weight"":0.5219875134145195,""edge_floor"":0.3657063635985952,""high_weight"":0.9800848655496802,""low_weight"":0.16718778407755552,""mass_center"":-0.3161013581382013,""mass_temperature"":0.19072759706386058,""move_fraction"":0.07988448736173517,""move_threshold"":0.22767092605240927,""neighbor_capacity"":0.5579318426747101,""retained_bias"":3.3464221191084587,""sweeps"":5,""trust_center"":0.2997569061966643,""trust_scale"":0.0001,""trust_temperature"":0.18177008478034862,""twohop_weight"":0.047096604414965285,""unary_temperature"":0.24591676637608756,""view_balance"":1.1749241685413434}",0.2749231782983389,0.41952315640348176,CONTINUOUS_RELIABILITY_ENERGY,0.41573220344942674,13.0,"[274,774,577,181,311,795,157,109,121,185]",A1__CEM_I05_011__TRUST_TERM_NEAR_ZERO,"{""beta"":5.295531993069,""conflict_center"":0.3343122296500229,""conflict_penalty"":0.0474381261805809,""conflict_temperature"":0.23651578270976603,""conflict_union_weight"":0.5219875134145195,""edge_floor"":0.3657063635985952,""high_weight"":0.9800848655496802,""low_weight"":0.16718778407755552,""mass_center"":-0.3161013581382013,""mass_temperature"":0.19072759706386058,""move_fraction"":0.07988448736173517,""move_threshold"":0.22767092605240927,""neighbor_capacity"":0.5579318426747101,""retained_bias"":3.3464221191084587,""sweeps"":5,""trust_center"":0.2997569061966643,""trust_scale"":0.0001,""trust_temperature"":0.18177008478034862,""twohop_weight"":0.047096604414965285,""unary_temperature"":0.24591676637608756,""view_balance"":1.1749241685413434}",0.000543022587349673,0.000974180304676775,3484,,RNA_PROTEIN,0.4157121979044856,A1__CEM_I05_011,0.4540869455669199,e76944ce6c738338495c7415b35f5c6b3fca19daefa1331edf3787f31675500c,False,10,A1,0.5567840933799744,1.0000001192092896,0.6389919519424438,0.19103050231933594,0.5948881506919861,0.55244380235672,0.735329270362854,0.7437870502471924,0.44755619764328003,0.1751459240913391,0.0810670480132103,109.0,0.5432593822479248,0.9999998211860657,0.5492184815813644,0.2743801557109892,0.418548976098805,0.4217562830395575,10.0,ca500cdfdeaccb1e327ac95e06852d00ad474a57405393f419c8f49b25796544,MATCHED_ABLATION,PASS,LYMPH_NODE,4.0,13.0,3484,0.13551340000412893
FULL,"{""beta"":0.13080288291405456,""conflict_center"":0.5806804407204382,""conflict_penalty"":0.004735959884525661,""conflict_temperature"":0.26048111646168104,""conflict_union_weight"":0.15361995378492538,""edge_floor"":0.20335664666256828,""high_weight"":1.3351894123609402,""low_weight"":0.6221123606382639,""mass_center"":0.3418775512451213,""mass_temperature"":0.08121357671397582,""move_fraction"":0.22969658898166767,""move_threshold"":0.09501316416470539,""neighbor_capacity"":0.7425880927111023,""retained_bias"":2.5402601959068383,""sweeps"":3,""trust_center"":0.9803271284800648,""trust_scale"":0.6663559752309198,""trust_temperature"":0.12517391037374992,""twohop_weight"":0.49402212117915084,""unary_temperature"":0.7235791314465172,""view_balance"":-0.48817760842571367}",0.2546579651152784,0.3890444821916162,CONTINUOUS_RELIABILITY_ENERGY,0.3850499187899952,220.0,"[44,246,227,210,1,480,140,822,145,1044]",D1__CEM_I02_000__FULL,"{""beta"":0.13080288291405456,""conflict_center"":0.5806804407204382,""conflict_penalty"":0.004735959884525661,""conflict_temperature"":0.26048111646168104,""conflict_union_weight"":0.15361995378492538,""edge_floor"":0.20335664666256828,""high_weight"":1.3351894123609402,""low_weight"":0.6221123606382639,""mass_center"":0.3418775512451213,""mass_temperature"":0.08121357671397582,""move_fraction"":0.22969658898166767,""move_threshold"":0.09501316416470539,""neighbor_capacity"":0.7425880927111023,""retained_bias"":2.5402601959068383,""sweeps"":3,""trust_center"":0.9803271284800648,""trust_scale"":0.6663559752309198,""trust_temperature"":0.12517391037374992,""twohop_weight"":0.49402212117915084,""unary_temperature"":0.7235791314465172,""view_balance"":-0.48817760842571367}",0.009465294981855388,0.0053790387213752955,3359,,RNA_PROTEIN,0.4099142270841515,D1__CEM_I02_000,0.4884403851944813,89f269bf0e9579b2b148d72be71fb303aeb14eda36e37de1694a31707c2691ca,True,10,D1,0.7330867052078247,1.0000001192092896,0.7946847677230835,0.20454920828342438,0.4661575257778168,0.5734230875968933,0.25736138224601746,0.33614426851272583,0.4265769124031067,0.618897557258606,0.044958170503377914,1.0,0.11805257946252823,0.9999998807907104,0.5172905851406905,0.245192670133423,0.3836654434702409,0.39082353388234403,10.0,7fb5479ad72e345ef46e707f3ab50bd20f6a63e5004165884cd9fe966443cb8e,MATCHED_ABLATION,PASS,LYMPH_NODE,3.0,220.0,3359,0.10313580000365619
UNIFORM_EDGE_EVIDENCE,"{""beta"":0.13080288291405456,""conflict_center"":0.5806804407204382,""conflict_penalty"":0.0001,""conflict_temperature"":0.26048111646168104,""conflict_union_weight"":0.15361995378492538,""edge_floor"":0.9999,""high_weight"":1.3351894123609402,""low_weight"":0.6221123606382639,""mass_center"":0.3418775512451213,""mass_temperature"":0.08121357671397582,""move_fraction"":0.22969658898166767,""move_threshold"":0.09501316416470539,""neighbor_capacity"":0.7425880927111023,""retained_bias"":2.5402601959068383,""sweeps"":3,""trust_center"":0.9803271284800648,""trust_scale"":0.6663559752309198,""trust_temperature"":0.12517391037374992,""twohop_weight"":0.49402212117915084,""unary_temperature"":0.7235791314465172,""view_balance"":-0.48817760842571367}",0.25559785455230327,0.3866548530288871,CONTINUOUS_RELIABILITY_ENERGY,0.38265197183572497,284.0,"[41,246,229,218,1,480,142,804,150,1048]",D1__CEM_I02_000__UNIFORM_EDGE_EVIDENCE,"{""beta"":0.13080288291405456,""conflict_center"":0.5806804407204382,""conflict_penalty"":0.0001,""conflict_temperature"":0.26048111646168104,""conflict_union_weight"":0.15361995378492538,""edge_floor"":0.9999,""high_weight"":1.3351894123609402,""low_weight"":0.6221123606382639,""mass_center"":0.3418775512451213,""mass_temperature"":0.08121357671397582,""move_fraction"":0.22969658898166767,""move_threshold"":0.09501316416470539,""neighbor_capacity"":0.7425880927111023,""retained_bias"":2.5402601959068383,""sweeps"":3,""trust_center"":0.9803271284800648,""trust_scale"":0.6663559752309198,""trust_temperature"":0.12517391037374992,""twohop_weight"":0.49402212117915084,""unary_temperature"":0.7235791314465172,""view_balance"":-0.48817760842571367}",0.010405184418880276,0.0029894095586461833,3359,,RNA_PROTEIN,0.41019785221308963,D1__CEM_I02_000,0.4730622982103796,89f269bf0e9579b2b148d72be71fb303aeb14eda36e37de1694a31707c2691ca,False,10,D1,0.7423039674758911,1.0000001192092896,0.7946847677230835,0.20454920828342438,0.9664942026138306,0.742247998714447,0.26107537746429443,0.3339066505432129,0.25775203108787537,0.622269332408905,0.04382411018013954,1.0,0.7421738505363464,0.9999998211860657,0.5330265361869182,0.245192670133423,0.3836654434702409,0.3909270531124137,10.0,1b371d4339cc7b64d1fa3dd26a7419c3a902ebb12295e1d8bb617a87dd86e032,MATCHED_ABLATION,PASS,LYMPH_NODE,3.0,284.0,3359,0.10373519999848213
NO_REJECTED_MASS_SELF_RETURN,"{""beta"":0.13080288291405456,""conflict_center"":0.5806804407204382,""conflict_penalty"":0.004735959884525661,""conflict_temperature"":0.26048111646168104,""conflict_union_weight"":0.15361995378492538,""edge_floor"":0.20335664666256828,""high_weight"":1.3351894123609402,""low_weight"":0.6221123606382639,""mass_center"":-2.0,""mass_temperature"":0.005,""move_fraction"":0.22969658898166767,""move_threshold"":0.09501316416470539,""neighbor_capacity"":1.0,""retained_bias"":2.5402601959068383,""sweeps"":3,""trust_center"":0.9803271284800648,""trust_scale"":0.6663559752309198,""trust_temperature"":0.12517391037374992,""twohop_weight"":0.49402212117915084,""unary_temperature"":0.7235791314465172,""view_balance"":-0.48817760842571367}",0.2504989875773621,0.3819537420495865,CONTINUOUS_RELIABILITY_ENERGY,0.37792952579868117,435.0,"[43,248,228,228,1,482,146,805,149,1029]",D1__CEM_I02_000__NO_REJECTED_MASS_SELF_RETURN,"{""beta"":0.13080288291405456,""conflict_center"":0.5806804407204382,""conflict_penalty"":0.004735959884525661,""conflict_temperature"":0.26048111646168104,""conflict_union_weight"":0.15361995378492538,""edge_floor"":0.20335664666256828,""high_weight"":1.3351894123609402,""low_weight"":0.6221123606382639,""mass_center"":-2.0,""mass_temperature"":0.005,""move_fraction"":0.22969658898166767,""move_threshold"":0.09501316416470539,""neighbor_capacity"":1.0,""retained_bias"":2.5402601959068383,""sweeps"":3,""trust_center"":0.9803271284800648,""trust_scale"":0.6663559752309198,""trust_temperature"":0.12517391037374992,""twohop_weight"":0.49402212117915084,""unary_temperature"":0.7235791314465172,""view_balance"":-0.48817760842571367}",0.0053063174439391125,-0.0017117014206544101,3359,,RNA_PROTEIN,0.405198754475187,D1__CEM_I02_000,0.4382591985302611,89f269bf0e9579b2b148d72be71fb303aeb14eda36e37de1694a31707c2691ca,False,10,D1,1.0,1.000000238418579,0.7946847677230835,0.20454920828342438,0.4661575257778168,1.0,0.2671249806880951,0.33120498061180115,0.0,0.6262456178665161,0.04254937544465065,1.0,1.0,0.9999997615814209,0.5668521096668953,0.245192670133423,0.3836654434702409,0.3841827972947174,10.0,2df6b330469764cbdb4dcd8d9f00789bc7736a53f787309195fb035841798640,MATCHED_ABLATION,PASS,LYMPH_NODE,3.0,435.0,3359,0.10974729999725241
RETAINED_UNARY_DOMINANT,"{""beta"":0.13080288291405456,""conflict_center"":0.5806804407204382,""conflict_penalty"":0.004735959884525661,""conflict_temperature"":0.26048111646168104,""conflict_union_weight"":0.15361995378492538,""edge_floor"":0.20335664666256828,""high_weight"":1.3351894123609402,""low_weight"":0.6221123606382639,""mass_center"":0.3418775512451213,""mass_temperature"":0.08121357671397582,""move_fraction"":0.22969658898166767,""move_threshold"":0.09501316416470539,""neighbor_capacity"":0.7425880927111023,""retained_bias"":8.0,""sweeps"":3,""trust_center"":0.9803271284800648,""trust_scale"":0.6663559752309198,""trust_temperature"":0.12517391037374992,""twohop_weight"":0.49402212117915084,""unary_temperature"":0.02,""view_balance"":0.0}",0.2537592173843635,0.3813844679998829,CONTINUOUS_RELIABILITY_ENERGY,0.37736341208499086,386.0,"[43,249,229,236,1,495,145,792,149,1020]",D1__CEM_I02_000__RETAINED_UNARY_DOMINANT,"{""beta"":0.13080288291405456,""conflict_center"":0.5806804407204382,""conflict_penalty"":0.004735959884525661,""conflict_temperature"":0.26048111646168104,""conflict_union_weight"":0.15361995378492538,""edge_floor"":0.20335664666256828,""high_weight"":1.3351894123609402,""low_weight"":0.6221123606382639,""mass_center"":0.3418775512451213,""mass_temperature"":0.08121357671397582,""move_fraction"":0.22969658898166767,""move_threshold"":0.09501316416470539,""neighbor_capacity"":0.7425880927111023,""retained_bias"":8.0,""sweeps"":3,""trust_center"":0.9803271284800648,""trust_scale"":0.6663559752309198,""trust_temperature"":0.12517391037374992,""twohop_weight"":0.49402212117915084,""unary_temperature"":0.02,""view_balance"":0.0}",0.008566547250940526,-0.002280975470357993,3359,,RNA_PROTEIN,0.4071106425049489,D1__CEM_I02_000,0.46975816800343173,89f269bf0e9579b2b148d72be71fb303aeb14eda36e37de1694a31707c2691ca,False,10,D1,0.7330867052078247,1.0000001192092896,0.7946847677230835,0.20454920828342438,0.4661575257778168,0.5734230875968933,0.26662421226501465,0.020952297374606133,0.4265769124031067,0.9694982767105103,0.009549397975206375,1.0,0.11805257946252823,0.9999998807907104,0.5359810310790081,0.245192670133423,0.3836654434702409,0.38724378118432257,10.0,44330582decfed21a4d2bf5e8358884403c04d42f42fa0cb02898f407532befa,MATCHED_ABLATION,PASS,LYMPH_NODE,3.0,386.0,3359,0.11255829999572597
SINGLE_SCALE_DOMINANT,"{""beta"":0.13080288291405456,""conflict_center"":0.5806804407204382,""conflict_penalty"":0.004735959884525661,""conflict_temperature"":0.26048111646168104,""conflict_union_weight"":0.15361995378492538,""edge_floor"":0.20335664666256828,""high_weight"":0.0001,""low_weight"":0.0001,""mass_center"":0.3418775512451213,""mass_temperature"":0.08121357671397582,""move_fraction"":0.22969658898166767,""move_threshold"":0.09501316416470539,""neighbor_capacity"":0.7425880927111023,""retained_bias"":2.5402601959068383,""sweeps"":3,""trust_center"":0.9803271284800648,""trust_scale"":0.6663559752309198,""trust_temperature"":0.12517391037374992,""twohop_weight"":0.0001,""unary_temperature"":0.7235791314465172,""view_balance"":-0.48817760842571367}",0.2428978750629581,0.37154737763727874,CONTINUOUS_RELIABILITY_ENERGY,0.3674477873387223,272.0,"[31,247,238,238,1,478,134,796,141,1055]",D1__CEM_I02_000__SINGLE_SCALE_DOMINANT,"{""beta"":0.13080288291405456,""conflict_center"":0.5806804407204382,""conflict_penalty"":0.004735959884525661,""conflict_temperature"":0.26048111646168104,""conflict_union_weight"":0.15361995378492538,""edge_floor"":0.20335664666256828,""high_weight"":0.0001,""low_weight"":0.0001,""mass_center"":0.3418775512451213,""mass_temperature"":0.08121357671397582,""move_fraction"":0.22969658898166767,""move_threshold"":0.09501316416470539,""neighbor_capacity"":0.7425880927111023,""retained_bias"":2.5402601959068383,""sweeps"":3,""trust_center"":0.9803271284800648,""trust_scale"":0.6663559752309198,""trust_temperature"":0.12517391037374992,""twohop_weight"":0.0001,""unary_temperature"":0.7235791314465172,""view_balance"":-0.48817760842571367}",-0.0022947950704649,-0.012118065832962155,3359,,RNA_PROTEIN,0.4003600160829729,D1__CEM_I02_000,0.5457762460368352,89f269bf0e9579b2b148d72be71fb303aeb14eda36e37de1694a31707c2691ca,False,10,D1,0.7330867052078247,1.0000001192092896,0.7946847677230835,0.20454920828342438,0.4661575257778168,0.5734230875968933,0.2926141619682312,0.20528212189674377,0.4265769124031067,0.7581667304039001,0.036551039665937424,1.0,0.11805257946252823,0.9999998807907104,0.4579017876839928,0.245192670133423,0.3836654434702409,0.37293945723600563,10.0,cb954e3ed17c1e53824e611c784bf3fb9fd3e22fa8081e7a4faa7867fa79552d,MATCHED_ABLATION,PASS,LYMPH_NODE,3.0,272.0,3359,0.11072140000760555
TRUST_TERM_NEAR_ZERO,"{""beta"":0.13080288291405456,""conflict_center"":0.5806804407204382,""conflict_penalty"":0.004735959884525661,""conflict_temperature"":0.26048111646168104,""conflict_union_weight"":0.15361995378492538,""edge_floor"":0.20335664666256828,""high_weight"":1.3351894123609402,""low_weight"":0.6221123606382639,""mass_center"":0.3418775512451213,""mass_temperature"":0.08121357671397582,""move_fraction"":0.22969658898166767,""move_threshold"":0.09501316416470539,""neighbor_capacity"":0.7425880927111023,""retained_bias"":2.5402601959068383,""sweeps"":3,""trust_center"":0.9803271284800648,""trust_scale"":0.0001,""trust_temperature"":0.12517391037374992,""twohop_weight"":0.49402212117915084,""unary_temperature"":0.7235791314465172,""view_balance"":-0.48817760842571367}",0.2546579651152784,0.3890444821916162,CONTINUOUS_RELIABILITY_ENERGY,0.3850499187899952,220.0,"[44,246,227,210,1,480,140,822,145,1044]",D1__CEM_I02_000__TRUST_TERM_NEAR_ZERO,"{""beta"":0.13080288291405456,""conflict_center"":0.5806804407204382,""conflict_penalty"":0.004735959884525661,""conflict_temperature"":0.26048111646168104,""conflict_union_weight"":0.15361995378492538,""edge_floor"":0.20335664666256828,""high_weight"":1.3351894123609402,""low_weight"":0.6221123606382639,""mass_center"":0.3418775512451213,""mass_temperature"":0.08121357671397582,""move_fraction"":0.22969658898166767,""move_threshold"":0.09501316416470539,""neighbor_capacity"":0.7425880927111023,""retained_bias"":2.5402601959068383,""sweeps"":3,""trust_center"":0.9803271284800648,""trust_scale"":0.0001,""trust_temperature"":0.12517391037374992,""twohop_weight"":0.49402212117915084,""unary_temperature"":0.7235791314465172,""view_balance"":-0.48817760842571367}",0.009465294981855388,0.0053790387213752955,3359,,RNA_PROTEIN,0.4099142270841515,D1__CEM_I02_000,0.4884403851944813,89f269bf0e9579b2b148d72be71fb303aeb14eda36e37de1694a31707c2691ca,False,10,D1,0.7330867052078247,1.0000001192092896,0.7946847677230835,0.20454920828342438,0.4661575257778168,0.5734230875968933,0.25736138224601746,0.33614426851272583,0.4265769124031067,0.618897557258606,0.044958170503377914,1.0,0.11805257946252823,0.9999998807907104,0.5172905851406905,0.245192670133423,0.3836654434702409,0.39082353388234403,10.0,7fb5479ad72e345ef46e707f3ab50bd20f6a63e5004165884cd9fe966443cb8e,MATCHED_ABLATION,PASS,LYMPH_NODE,3.0,220.0,3359,0.11388529998657759
FULL,"{""beta"":2.180048327009905,""conflict_center"":0.10962038460018421,""conflict_penalty"":0.7493127183541577,""conflict_temperature"":0.14278795957123652,""conflict_union_weight"":0.6519598137654133,""edge_floor"":0.22331273938446566,""high_weight"":1.8545923311580061,""low_weight"":0.5726051293294784,""mass_center"":0.35199660029957824,""mass_temperature"":0.2803911187803372,""move_fraction"":0.25866872278640374,""move_threshold"":0.02548432304124774,""neighbor_capacity"":0.910126327403302,""retained_bias"":2.3249516541356927,""sweeps"":3,""trust_center"":0.4330324065826352,""trust_scale"":0.9129012310905698,""trust_temperature"":0.21275431456927918,""twohop_weight"":1.322270432989181,""unary_temperature"":0.8681809973990753,""view_balance"":0.8451478194496914}",0.540931814030495,0.6666169188694607,CONTINUOUS_RELIABILITY_ENERGY,0.6648597762110812,10.0,"[296,438,178,266,354,292,125]",MISAR_E15_5_S1__night15d_authority__G049_af33b6b74c20__FULL,"{""beta"":2.180048327009905,""conflict_center"":0.10962038460018421,""conflict_penalty"":0.7493127183541577,""conflict_temperature"":0.14278795957123652,""conflict_union_weight"":0.6519598137654133,""edge_floor"":0.22331273938446566,""high_weight"":1.8545923311580061,""low_weight"":0.5726051293294784,""mass_center"":0.35199660029957824,""mass_temperature"":0.2803911187803372,""move_fraction"":0.25866872278640374,""move_threshold"":0.02548432304124774,""neighbor_capacity"":0.910126327403302,""retained_bias"":2.3249516541356927,""sweeps"":3,""trust_center"":0.4330324065826352,""trust_scale"":0.9129012310905698,""trust_temperature"":0.21275431456927918,""twohop_weight"":1.322270432989181,""unary_temperature"":0.8681809973990753,""view_balance"":0.8451478194496914}",0.0002670824624728674,0.0007172163872398718,1949,,RNA_ATAC,0.6326254756290489,MISAR_E15_5_S1__night15d_authority__G049_af33b6b74c20,0.07909727558546888,c4d17e6e58188e9cb0e8bc589831ac4ca098048d6615532f65909593c1f1d167,True,7,MISAR_E15_5_S1,0.7664703726768494,1.0000001192092896,0.3657767176628113,0.21570195257663727,0.5463205575942993,0.47978606820106506,1.737865924835205,0.8340502381324768,0.5202139019966125,0.13898693025112152,0.026962781324982643,125.0,0.2296401858329773,0.9999998807907104,0.9227418137953123,0.5406647315680221,0.6658997024822209,0.7742477356348062,7.0,a6c7ab6ec779c52d006404217f934e40a1a93c5c9679c1d9a5df0ebb08e66ed6,MATCHED_ABLATION,PASS,MISAR_E15_5_S1,3.0,10.0,1949,0.04588119999971241
UNIFORM_EDGE_EVIDENCE,"{""beta"":2.180048327009905,""conflict_center"":0.10962038460018421,""conflict_penalty"":0.0001,""conflict_temperature"":0.14278795957123652,""conflict_union_weight"":0.6519598137654133,""edge_floor"":0.9999,""high_weight"":1.8545923311580061,""low_weight"":0.5726051293294784,""mass_center"":0.35199660029957824,""mass_temperature"":0.2803911187803372,""move_fraction"":0.25866872278640374,""move_threshold"":0.02548432304124774,""neighbor_capacity"":0.910126327403302,""retained_bias"":2.3249516541356927,""sweeps"":3,""trust_center"":0.4330324065826352,""trust_scale"":0.9129012310905698,""trust_temperature"":0.21275431456927918,""twohop_weight"":1.322270432989181,""unary_temperature"":0.8681809973990753,""view_balance"":0.8451478194496914}",0.5356238181345211,0.6610913450305406,CONTINUOUS_RELIABILITY_ENERGY,0.6593046962278083,56.0,"[288,447,175,279,368,259,133]",MISAR_E15_5_S1__night15d_authority__G049_af33b6b74c20__UNIFORM_EDGE_EVIDENCE,"{""beta"":2.180048327009905,""conflict_center"":0.10962038460018421,""conflict_penalty"":0.0001,""conflict_temperature"":0.14278795957123652,""conflict_union_weight"":0.6519598137654133,""edge_floor"":0.9999,""high_weight"":1.8545923311580061,""low_weight"":0.5726051293294784,""mass_center"":0.35199660029957824,""mass_temperature"":0.2803911187803372,""move_fraction"":0.25866872278640374,""move_threshold"":0.02548432304124774,""neighbor_capacity"":0.910126327403302,""retained_bias"":2.3249516541356927,""sweeps"":3,""trust_center"":0.4330324065826352,""trust_scale"":0.9129012310905698,""trust_temperature"":0.21275431456927918,""twohop_weight"":1.322270432989181,""unary_temperature"":0.8681809973990753,""view_balance"":0.8451478194496914}",-0.005040913433500993,-0.00480835745168029,1949,,RNA_ATAC,0.6282567214232392,MISAR_E15_5_S1__night15d_authority__G049_af33b6b74c20,0.07981489343090166,c4d17e6e58188e9cb0e8bc589831ac4ca098048d6615532f65909593c1f1d167,False,7,MISAR_E15_5_S1,0.8260959386825562,1.0000001192092896,0.3657767176628113,0.21570195257663727,0.9707939028739929,0.8198747038841248,1.7485512495040894,0.8381317853927612,0.18012534081935883,0.13562555611133575,0.02624271810054779,133.0,0.8147135972976685,0.9999998211860657,0.9222796148522702,0.5406647315680221,0.6658997024822209,0.7670057888952102,7.0,26b9067ce1c0c2a83b8a05b7a1c6b42ef8d9f969d015a9a3945e3bf32ab811e2,MATCHED_ABLATION,PASS,MISAR_E15_5_S1,3.0,56.0,1949,0.04568239999935031
NO_REJECTED_MASS_SELF_RETURN,"{""beta"":2.180048327009905,""conflict_center"":0.10962038460018421,""conflict_penalty"":0.7493127183541577,""conflict_temperature"":0.14278795957123652,""conflict_union_weight"":0.6519598137654133,""edge_floor"":0.22331273938446566,""high_weight"":1.8545923311580061,""low_weight"":0.5726051293294784,""mass_center"":-2.0,""mass_temperature"":0.005,""move_fraction"":0.25866872278640374,""move_threshold"":0.02548432304124774,""neighbor_capacity"":1.0,""retained_bias"":2.3249516541356927,""sweeps"":3,""trust_center"":0.4330324065826352,""trust_scale"":0.9129012310905698,""trust_temperature"":0.21275431456927918,""twohop_weight"":1.322270432989181,""unary_temperature"":0.8681809973990753,""view_balance"":0.8451478194496914}",0.5322716391682641,0.6573450233030321,CONTINUOUS_RELIABILITY_ENERGY,0.6555367272344165,70.0,"[288,457,169,279,368,253,135]",MISAR_E15_5_S1__night15d_authority__G049_af33b6b74c20__NO_REJECTED_MASS_SELF_RETURN,"{""beta"":2.180048327009905,""conflict_center"":0.10962038460018421,""conflict_penalty"":0.7493127183541577,""conflict_temperature"":0.14278795957123652,""conflict_union_weight"":0.6519598137654133,""edge_floor"":0.22331273938446566,""high_weight"":1.8545923311580061,""low_weight"":0.5726051293294784,""mass_center"":-2.0,""mass_temperature"":0.005,""move_fraction"":0.25866872278640374,""move_threshold"":0.02548432304124774,""neighbor_capacity"":1.0,""retained_bias"":2.3249516541356927,""sweeps"":3,""trust_center"":0.4330324065826352,""trust_scale"":0.9129012310905698,""trust_temperature"":0.21275431456927918,""twohop_weight"":1.322270432989181,""unary_temperature"":0.8681809973990753,""view_balance"":0.8451478194496914}",-0.00839309239975794,-0.008554679179188729,1949,,RNA_ATAC,0.6255219395494247,MISAR_E15_5_S1__night15d_authority__G049_af33b6b74c20,0.0815788744503404,c4d17e6e58188e9cb0e8bc589831ac4ca098048d6615532f65909593c1f1d167,False,7,MISAR_E15_5_S1,1.0,1.000000238418579,0.3657767176628113,0.21570195257663727,0.5463205575942993,1.0,1.752829670906067,0.8398689031600952,0.0,0.13440333306789398,0.02572774328291416,135.0,1.0,0.9999998211860657,0.9202660211542495,0.5406647315680221,0.6658997024822209,0.7623423973243254,7.0,6911d634d870a079ef44d10da8e9850c4f91cff7a73920f105d3ee99c9166872,MATCHED_ABLATION,PASS,MISAR_E15_5_S1,3.0,70.0,1949,0.046128200003295206
RETAINED_UNARY_DOMINANT,"{""beta"":2.180048327009905,""conflict_center"":0.10962038460018421,""conflict_penalty"":0.7493127183541577,""conflict_temperature"":0.14278795957123652,""conflict_union_weight"":0.6519598137654133,""edge_floor"":0.22331273938446566,""high_weight"":1.8545923311580061,""low_weight"":0.5726051293294784,""mass_center"":0.35199660029957824,""mass_temperature"":0.2803911187803372,""move_fraction"":0.25866872278640374,""move_threshold"":0.02548432304124774,""neighbor_capacity"":0.910126327403302,""retained_bias"":8.0,""sweeps"":3,""trust_center"":0.4330324065826352,""trust_scale"":0.9129012310905698,""trust_temperature"":0.21275431456927918,""twohop_weight"":1.322270432989181,""unary_temperature"":0.02,""view_balance"":0.0}",0.5243719436143941,0.6531157449072159,CONTINUOUS_RELIABILITY_ENERGY,0.6512937805519177,89.0,"[291,447,178,266,368,228,171]",MISAR_E15_5_S1__night15d_authority__G049_af33b6b74c20__RETAINED_UNARY_DOMINANT,"{""beta"":2.180048327009905,""conflict_center"":0.10962038460018421,""conflict_penalty"":0.7493127183541577,""conflict_temperature"":0.14278795957123652,""conflict_union_weight"":0.6519598137654133,""edge_floor"":0.22331273938446566,""high_weight"":1.8545923311580061,""low_weight"":0.5726051293294784,""mass_center"":0.35199660029957824,""mass_temperature"":0.2803911187803372,""move_fraction"":0.25866872278640374,""move_threshold"":0.02548432304124774,""neighbor_capacity"":0.910126327403302,""retained_bias"":8.0,""sweeps"":3,""trust_center"":0.4330324065826352,""trust_scale"":0.9129012310905698,""trust_temperature"":0.21275431456927918,""twohop_weight"":1.322270432989181,""unary_temperature"":0.02,""view_balance"":0.0}",-0.016292787953627985,-0.012783957575004945,1949,,RNA_ATAC,0.618926151707346,MISAR_E15_5_S1__night15d_authority__G049_af33b6b74c20,0.09637420569362676,c4d17e6e58188e9cb0e8bc589831ac4ca098048d6615532f65909593c1f1d167,False,7,MISAR_E15_5_S1,0.7664703726768494,1.0000001192092896,0.3657767176628113,0.21570195257663727,0.5463205575942993,0.47978606820106506,1.864100456237793,0.848869264125824,0.5202139019966125,0.07289985567331314,0.07823092490434647,171.0,0.2296401858329773,0.9999998807907104,0.9045924615617488,0.5406647315680221,0.6658997024822209,0.7529624543319197,7.0,89a54529362366709f63447eb5de4253413be6bfacbaf4c99688bb88e5f3b4c0,MATCHED_ABLATION,PASS,MISAR_E15_5_S1,3.0,102.0,1949,0.04564419999951497
SINGLE_SCALE_DOMINANT,"{""beta"":2.180048327009905,""conflict_center"":0.10962038460018421,""conflict_penalty"":0.7493127183541577,""conflict_temperature"":0.14278795957123652,""conflict_union_weight"":0.6519598137654133,""edge_floor"":0.22331273938446566,""high_weight"":0.0001,""low_weight"":0.0001,""mass_center"":0.35199660029957824,""mass_temperature"":0.2803911187803372,""move_fraction"":0.25866872278640374,""move_threshold"":0.02548432304124774,""neighbor_capacity"":0.910126327403302,""retained_bias"":2.3249516541356927,""sweeps"":3,""trust_center"":0.4330324065826352,""trust_scale"":0.9129012310905698,""trust_temperature"":0.21275431456927918,""twohop_weight"":0.0001,""unary_temperature"":0.8681809973990753,""view_balance"":0.8451478194496914}",0.540370776372905,0.6620412937205641,CONTINUOUS_RELIABILITY_ENERGY,0.6602604904449326,9.0,"[299,437,180,265,346,298,124]",MISAR_E15_5_S1__night15d_authority__G049_af33b6b74c20__SINGLE_SCALE_DOMINANT,"{""beta"":2.180048327009905,""conflict_center"":0.10962038460018421,""conflict_penalty"":0.7493127183541577,""conflict_temperature"":0.14278795957123652,""conflict_union_weight"":0.6519598137654133,""edge_floor"":0.22331273938446566,""high_weight"":0.0001,""low_weight"":0.0001,""mass_center"":0.35199660029957824,""mass_temperature"":0.2803911187803372,""move_fraction"":0.25866872278640374,""move_threshold"":0.02548432304124774,""neighbor_capacity"":0.910126327403302,""retained_bias"":2.3249516541356927,""sweeps"":3,""trust_center"":0.4330324065826352,""trust_scale"":0.9129012310905698,""trust_temperature"":0.21275431456927918,""twohop_weight"":0.0001,""unary_temperature"":0.8681809973990753,""view_balance"":0.8451478194496914}",-0.00029395519511710155,-0.003858408761656773,1949,,RNA_ATAC,0.6321598659395192,MISAR_E15_5_S1__night15d_authority__G049_af33b6b74c20,0.08482824731937987,c4d17e6e58188e9cb0e8bc589831ac4ca098048d6615532f65909593c1f1d167,False,7,MISAR_E15_5_S1,0.7664703726768494,1.0000001192092896,0.3657767176628113,0.21570195257663727,0.5463205575942993,0.47978606820106506,1.67577064037323,0.8452562093734741,0.5202139019966125,0.12677274644374847,0.027971012517809868,124.0,0.2296401858329773,0.9999998807907104,0.9170333973639249,0.5406647315680221,0.6658997024822209,0.7720852291751024,7.0,d79bbe4d6475b17175480ec796b8fce4d0914be547fe507d00bdd2964fc32aee,MATCHED_ABLATION,PASS,MISAR_E15_5_S1,2.0,9.0,1949,0.03358610000577755
TRUST_TERM_NEAR_ZERO,"{""beta"":2.180048327009905,""conflict_center"":0.10962038460018421,""conflict_penalty"":0.7493127183541577,""conflict_temperature"":0.14278795957123652,""conflict_union_weight"":0.6519598137654133,""edge_floor"":0.22331273938446566,""high_weight"":1.8545923311580061,""low_weight"":0.5726051293294784,""mass_center"":0.35199660029957824,""mass_temperature"":0.2803911187803372,""move_fraction"":0.25866872278640374,""move_threshold"":0.02548432304124774,""neighbor_capacity"":0.910126327403302,""retained_bias"":2.3249516541356927,""sweeps"":3,""trust_center"":0.4330324065826352,""trust_scale"":0.0001,""trust_temperature"":0.21275431456927918,""twohop_weight"":1.322270432989181,""unary_temperature"":0.8681809973990753,""view_balance"":0.8451478194496914}",0.540931814030495,0.6666169188694607,CONTINUOUS_RELIABILITY_ENERGY,0.6648597762110812,10.0,"[296,438,178,266,354,292,125]",MISAR_E15_5_S1__night15d_authority__G049_af33b6b74c20__TRUST_TERM_NEAR_ZERO,"{""beta"":2.180048327009905,""conflict_center"":0.10962038460018421,""conflict_penalty"":0.7493127183541577,""conflict_temperature"":0.14278795957123652,""conflict_union_weight"":0.6519598137654133,""edge_floor"":0.22331273938446566,""high_weight"":1.8545923311580061,""low_weight"":0.5726051293294784,""mass_center"":0.35199660029957824,""mass_temperature"":0.2803911187803372,""move_fraction"":0.25866872278640374,""move_threshold"":0.02548432304124774,""neighbor_capacity"":0.910126327403302,""retained_bias"":2.3249516541356927,""sweeps"":3,""trust_center"":0.4330324065826352,""trust_scale"":0.0001,""trust_temperature"":0.21275431456927918,""twohop_weight"":1.322270432989181,""unary_temperature"":0.8681809973990753,""view_balance"":0.8451478194496914}",0.0002670824624728674,0.0007172163872398718,1949,,RNA_ATAC,0.6326254756290489,MISAR_E15_5_S1__night15d_authority__G049_af33b6b74c20,0.07909727558546888,c4d17e6e58188e9cb0e8bc589831ac4ca098048d6615532f65909593c1f1d167,False,7,MISAR_E15_5_S1,0.7664703726768494,1.0000001192092896,0.3657767176628113,0.21570195257663727,0.5463205575942993,0.47978606820106506,1.737865924835205,0.8340502381324768,0.5202139019966125,0.13898693025112152,0.026962781324982643,125.0,0.2296401858329773,0.9999998807907104,0.9227418137953123,0.5406647315680221,0.6658997024822209,0.7742477356348062,7.0,a6c7ab6ec779c52d006404217f934e40a1a93c5c9679c1d9a5df0ebb08e66ed6,MATCHED_ABLATION,PASS,MISAR_E15_5_S1,3.0,10.0,1949,0.044900199995026924
FULL,"{""beta"":4.839347405697612,""conflict_center"":0.12918643017949344,""conflict_penalty"":0.004815765130396877,""conflict_temperature"":0.0499605269330666,""conflict_union_weight"":0.8779859833638175,""edge_floor"":0.004837918874818679,""high_weight"":0.048978973856951095,""low_weight"":0.19601159743558783,""mass_center"":-0.34486249982580897,""mass_temperature"":0.16049064222184575,""move_fraction"":0.0028892441257238584,""move_threshold"":0.5689292940920301,""neighbor_capacity"":0.8540840319724727,""retained_bias"":4.585069268422039,""sweeps"":4,""trust_center"":-0.4697594189519594,""trust_scale"":0.32941333760002184,""trust_temperature"":0.07678751289545846,""twohop_weight"":0.40738227197476373,""unary_temperature"":0.5082207234403688,""view_balance"":1.7511996014834468}",0.45236704915733733,0.5977075353765589,CONTINUOUS_RELIABILITY_ENERGY,0.5940944069932955,5.0,"[279,66,477,133,38,147,151,96,67,243,68,184]",MISAR_E15_5_S1_K12__CEM_I01_038__FULL,"{""beta"":4.839347405697612,""conflict_center"":0.12918643017949344,""conflict_penalty"":0.004815765130396877,""conflict_temperature"":0.0499605269330666,""conflict_union_weight"":0.8779859833638175,""edge_floor"":0.004837918874818679,""high_weight"":0.048978973856951095,""low_weight"":0.19601159743558783,""mass_center"":-0.34486249982580897,""mass_temperature"":0.16049064222184575,""move_fraction"":0.0028892441257238584,""move_threshold"":0.5689292940920301,""neighbor_capacity"":0.8540840319724727,""retained_bias"":4.585069268422039,""sweeps"":4,""trust_center"":-0.4697594189519594,""trust_scale"":0.32941333760002184,""trust_temperature"":0.07678751289545846,""twohop_weight"":0.40738227197476373,""unary_temperature"":0.5082207234403688,""view_balance"":1.7511996014834468}",0.0011719482021697036,0.0011956353568197686,1949,,RNA_ATAC,0.5594222114432833,MISAR_E15_5_S1_K12__CEM_I01_038,0.08925810752481184,d69bce79660adb10097944ec7afcb06025469f1b018218573ce9eec395c2f1db,True,12,MISAR_E15_5_S1_K12,0.8536309003829956,1.000000238418579,0.35827261209487915,0.21570195257663727,0.4657437801361084,0.8462842106819153,1.2487579584121704,0.9560942053794861,0.15371575951576233,0.03922368586063385,0.00468206312507391,38.0,0.8027155995368958,0.9999997615814209,0.9105400965255658,0.4511951009551676,0.5965119000197391,0.6615646865391329,12.0,2f126a0ca360975033a41e0386d0149e685fc3d896441c6bde4185a4ed595485,MATCHED_ABLATION,PASS,MISAR_E15_5_S1,2.0,5.0,1949,0.051550799995311536
UNIFORM_EDGE_EVIDENCE,"{""beta"":4.839347405697612,""conflict_center"":0.12918643017949344,""conflict_penalty"":0.0001,""conflict_temperature"":0.0499605269330666,""conflict_union_weight"":0.8779859833638175,""edge_floor"":0.9999,""high_weight"":0.048978973856951095,""low_weight"":0.19601159743558783,""mass_center"":-0.34486249982580897,""mass_temperature"":0.16049064222184575,""move_fraction"":0.0028892441257238584,""move_threshold"":0.5689292940920301,""neighbor_capacity"":0.8540840319724727,""retained_bias"":4.585069268422039,""sweeps"":4,""trust_center"":-0.4697594189519594,""trust_scale"":0.32941333760002184,""trust_temperature"":0.07678751289545846,""twohop_weight"":0.40738227197476373,""unary_temperature"":0.5082207234403688,""view_balance"":1.7511996014834468}",0.4518998628973125,0.5967744211122821,CONTINUOUS_RELIABILITY_ENERGY,0.5931520807651393,3.0,"[280,66,477,133,38,148,151,96,66,243,68,183]",MISAR_E15_5_S1_K12__CEM_I01_038__UNIFORM_EDGE_EVIDENCE,"{""beta"":4.839347405697612,""conflict_center"":0.12918643017949344,""conflict_penalty"":0.0001,""conflict_temperature"":0.0499605269330666,""conflict_union_weight"":0.8779859833638175,""edge_floor"":0.9999,""high_weight"":0.048978973856951095,""low_weight"":0.19601159743558783,""mass_center"":-0.34486249982580897,""mass_temperature"":0.16049064222184575,""move_fraction"":0.0028892441257238584,""move_threshold"":0.5689292940920301,""neighbor_capacity"":0.8540840319724727,""retained_bias"":4.585069268422039,""sweeps"":4,""trust_center"":-0.4697594189519594,""trust_scale"":0.32941333760002184,""trust_temperature"":0.07678751289545846,""twohop_weight"":0.40738227197476373,""unary_temperature"":0.5082207234403688,""view_balance"":1.7511996014834468}",0.0007047619421448603,0.00026252109254298883,1949,,RNA_ATAC,0.5590045171524003,MISAR_E15_5_S1_K12__CEM_I01_038,0.08941626397543767,d69bce79660adb10097944ec7afcb06025469f1b018218573ce9eec395c2f1db,False,12,MISAR_E15_5_S1_K12,0.8538796305656433,1.000000238418579,0.35827261209487915,0.21570195257663727,0.9731573462486267,0.8538520932197571,1.241990089416504,0.9564898014068604,0.14614787697792053,0.038739919662475586,0.004770284052938223,38.0,0.8538240790367126,0.9999998211860657,0.9102375228619,0.4511951009551676,0.5965119000197391,0.6607709102866112,12.0,d0a707ed01ae3d0bd865d7efe84b859aed50b9bfc2a123b82a65514f840bb204,MATCHED_ABLATION,PASS,MISAR_E15_5_S1,2.0,3.0,1949,0.052267099992604926
NO_REJECTED_MASS_SELF_RETURN,"{""beta"":4.839347405697612,""conflict_center"":0.12918643017949344,""conflict_penalty"":0.004815765130396877,""conflict_temperature"":0.0499605269330666,""conflict_union_weight"":0.8779859833638175,""edge_floor"":0.004837918874818679,""high_weight"":0.048978973856951095,""low_weight"":0.19601159743558783,""mass_center"":-2.0,""mass_temperature"":0.005,""move_fraction"":0.0028892441257238584,""move_threshold"":0.5689292940920301,""neighbor_capacity"":1.0,""retained_bias"":4.585069268422039,""sweeps"":4,""trust_center"":-0.4697594189519594,""trust_scale"":0.32941333760002184,""trust_temperature"":0.07678751289545846,""twohop_weight"":0.40738227197476373,""unary_temperature"":0.5082207234403688,""view_balance"":1.7511996014834468}",0.451054356511596,0.5955712584798035,CONTINUOUS_RELIABILITY_ENERGY,0.5919453873683639,14.0,"[277,67,477,133,42,146,151,96,68,242,68,182]",MISAR_E15_5_S1_K12__CEM_I01_038__NO_REJECTED_MASS_SELF_RETURN,"{""beta"":4.839347405697612,""conflict_center"":0.12918643017949344,""conflict_penalty"":0.004815765130396877,""conflict_temperature"":0.0499605269330666,""conflict_union_weight"":0.8779859833638175,""edge_floor"":0.004837918874818679,""high_weight"":0.048978973856951095,""low_weight"":0.19601159743558783,""mass_center"":-2.0,""mass_temperature"":0.005,""move_fraction"":0.0028892441257238584,""move_threshold"":0.5689292940920301,""neighbor_capacity"":1.0,""retained_bias"":4.585069268422039,""sweeps"":4,""trust_center"":-0.4697594189519594,""trust_scale"":0.32941333760002184,""trust_temperature"":0.07678751289545846,""twohop_weight"":0.40738227197476373,""unary_temperature"":0.5082207234403688,""view_balance"":1.7511996014834468}",-0.00014074444357164984,-0.0009406415399355605,1949,,RNA_ATAC,0.5583463104250421,MISAR_E15_5_S1_K12__CEM_I01_038,0.08924345972110283,d69bce79660adb10097944ec7afcb06025469f1b018218573ce9eec395c2f1db,False,12,MISAR_E15_5_S1_K12,1.0,1.000000238418579,0.35827261209487915,0.21570195257663727,0.4657437801361084,1.0,1.2561705112457275,0.9568713903427124,0.0,0.038820378482341766,0.004308247938752174,42.0,1.0,0.9999997615814209,0.9099967441788146,0.4511951009551676,0.5965119000197391,0.6595042969795272,12.0,a7fd3c12ac32d61ccbee71fb02783efed6c2e6c64138b6d51ac8a8d7b6076141,MATCHED_ABLATION,PASS,MISAR_E15_5_S1,4.0,14.0,1949,0.09581729999626987
RETAINED_UNARY_DOMINANT,"{""beta"":4.839347405697612,""conflict_center"":0.12918643017949344,""conflict_penalty"":0.004815765130396877,""conflict_temperature"":0.0499605269330666,""conflict_union_weight"":0.8779859833638175,""edge_floor"":0.004837918874818679,""high_weight"":0.048978973856951095,""low_weight"":0.19601159743558783,""mass_center"":-0.34486249982580897,""mass_temperature"":0.16049064222184575,""move_fraction"":0.0028892441257238584,""move_threshold"":0.5689292940920301,""neighbor_capacity"":0.8540840319724727,""retained_bias"":8.0,""sweeps"":4,""trust_center"":-0.4697594189519594,""trust_scale"":0.32941333760002184,""trust_temperature"":0.07678751289545846,""twohop_weight"":0.40738227197476373,""unary_temperature"":0.02,""view_balance"":0.0}",0.45198447127149144,0.5961209105385684,CONTINUOUS_RELIABILITY_ENERGY,0.5924948103143426,7.0,"[277,66,477,133,38,147,152,96,68,243,68,184]",MISAR_E15_5_S1_K12__CEM_I01_038__RETAINED_UNARY_DOMINANT,"{""beta"":4.839347405697612,""conflict_center"":0.12918643017949344,""conflict_penalty"":0.004815765130396877,""conflict_temperature"":0.0499605269330666,""conflict_union_weight"":0.8779859833638175,""edge_floor"":0.004837918874818679,""high_weight"":0.048978973856951095,""low_weight"":0.19601159743558783,""mass_center"":-0.34486249982580897,""mass_temperature"":0.16049064222184575,""move_fraction"":0.0028892441257238584,""move_threshold"":0.5689292940920301,""neighbor_capacity"":0.8540840319724727,""retained_bias"":8.0,""sweeps"":4,""trust_center"":-0.4697594189519594,""trust_scale"":0.32941333760002184,""trust_temperature"":0.07678751289545846,""twohop_weight"":0.40738227197476373,""unary_temperature"":0.02,""view_balance"":0.0}",0.0007893703163238119,-0.0003909894811706671,1949,,RNA_ATAC,0.5591112535559002,MISAR_E15_5_S1_K12__CEM_I01_038,0.0898138174489944,d69bce79660adb10097944ec7afcb06025469f1b018218573ce9eec395c2f1db,False,12,MISAR_E15_5_S1_K12,0.8536309003829956,1.000000238418579,0.35827261209487915,0.21570195257663727,0.4657437801361084,0.8462842106819153,1.2542051076889038,0.8083299398422241,0.15371575951576233,0.0690506249666214,0.12261942774057388,38.0,0.8027155995368958,0.9999997615814209,0.9098965734133696,0.4511951009551676,0.5965119000197391,0.6606267899599904,12.0,a78a11bc6b36ed49ab0b76616f7b9b147c1a7c293a856ff2c209539fe7da7880,MATCHED_ABLATION,PASS,MISAR_E15_5_S1,3.0,7.0,1949,0.0736013000132516
SINGLE_SCALE_DOMINANT,"{""beta"":4.839347405697612,""conflict_center"":0.12918643017949344,""conflict_penalty"":0.004815765130396877,""conflict_temperature"":0.0499605269330666,""conflict_union_weight"":0.8779859833638175,""edge_floor"":0.004837918874818679,""high_weight"":0.0001,""low_weight"":0.0001,""mass_center"":-0.34486249982580897,""mass_temperature"":0.16049064222184575,""move_fraction"":0.0028892441257238584,""move_threshold"":0.5689292940920301,""neighbor_capacity"":0.8540840319724727,""retained_bias"":4.585069268422039,""sweeps"":4,""trust_center"":-0.4697594189519594,""trust_scale"":0.32941333760002184,""trust_temperature"":0.07678751289545846,""twohop_weight"":0.0001,""unary_temperature"":0.5082207234403688,""view_balance"":1.7511996014834468}",0.45070213812817633,0.593809887068,CONTINUOUS_RELIABILITY_ENERGY,0.5901600735124394,6.0,"[279,66,477,133,38,148,151,96,65,245,68,183]",MISAR_E15_5_S1_K12__CEM_I01_038__SINGLE_SCALE_DOMINANT,"{""beta"":4.839347405697612,""conflict_center"":0.12918643017949344,""conflict_penalty"":0.004815765130396877,""conflict_temperature"":0.0499605269330666,""conflict_union_weight"":0.8779859833638175,""edge_floor"":0.004837918874818679,""high_weight"":0.0001,""low_weight"":0.0001,""mass_center"":-0.34486249982580897,""mass_temperature"":0.16049064222184575,""move_fraction"":0.0028892441257238584,""move_threshold"":0.5689292940920301,""neighbor_capacity"":0.8540840319724727,""retained_bias"":4.585069268422039,""sweeps"":4,""trust_center"":-0.4697594189519594,""trust_scale"":0.32941333760002184,""trust_temperature"":0.07678751289545846,""twohop_weight"":0.0001,""unary_temperature"":0.5082207234403688,""view_balance"":1.7511996014834468}",-0.0004929628269912945,-0.002702012951739108,1949,,RNA_ATAC,0.5579539643985227,MISAR_E15_5_S1_K12__CEM_I01_038,0.09077746504530827,d69bce79660adb10097944ec7afcb06025469f1b018218573ce9eec395c2f1db,False,12,MISAR_E15_5_S1_K12,0.8536309003829956,1.000000238418579,0.35827261209487915,0.21570195257663727,0.4657437801361084,0.8462842106819153,1.1990286111831665,0.9459142684936523,0.15371575951576233,0.048017505556344986,0.006068216171115637,38.0,0.8027155995368958,0.9999997615814209,0.9091809734320804,0.4511951009551676,0.5965119000197391,0.6585355986019763,12.0,253d3e40f9c32988081f8fc9b56e165dedaf9d96bebb4ef12bd3440f3f145c84,MATCHED_ABLATION,PASS,MISAR_E15_5_S1,3.0,6.0,1949,0.07308599998941645
TRUST_TERM_NEAR_ZERO,"{""beta"":4.839347405697612,""conflict_center"":0.12918643017949344,""conflict_penalty"":0.004815765130396877,""conflict_temperature"":0.0499605269330666,""conflict_union_weight"":0.8779859833638175,""edge_floor"":0.004837918874818679,""high_weight"":0.048978973856951095,""low_weight"":0.19601159743558783,""mass_center"":-0.34486249982580897,""mass_temperature"":0.16049064222184575,""move_fraction"":0.0028892441257238584,""move_threshold"":0.5689292940920301,""neighbor_capacity"":0.8540840319724727,""retained_bias"":4.585069268422039,""sweeps"":4,""trust_center"":-0.4697594189519594,""trust_scale"":0.0001,""trust_temperature"":0.07678751289545846,""twohop_weight"":0.40738227197476373,""unary_temperature"":0.5082207234403688,""view_balance"":1.7511996014834468}",0.45236704915733733,0.5977075353765589,CONTINUOUS_RELIABILITY_ENERGY,0.5940944069932955,5.0,"[279,66,477,133,38,147,151,96,67,243,68,184]",MISAR_E15_5_S1_K12__CEM_I01_038__TRUST_TERM_NEAR_ZERO,"{""beta"":4.839347405697612,""conflict_center"":0.12918643017949344,""conflict_penalty"":0.004815765130396877,""conflict_temperature"":0.0499605269330666,""conflict_union_weight"":0.8779859833638175,""edge_floor"":0.004837918874818679,""high_weight"":0.048978973856951095,""low_weight"":0.19601159743558783,""mass_center"":-0.34486249982580897,""mass_temperature"":0.16049064222184575,""move_fraction"":0.0028892441257238584,""move_threshold"":0.5689292940920301,""neighbor_capacity"":0.8540840319724727,""retained_bias"":4.585069268422039,""sweeps"":4,""trust_center"":-0.4697594189519594,""trust_scale"":0.0001,""trust_temperature"":0.07678751289545846,""twohop_weight"":0.40738227197476373,""unary_temperature"":0.5082207234403688,""view_balance"":1.7511996014834468}",0.0011719482021697036,0.0011956353568197686,1949,,RNA_ATAC,0.5594222114432833,MISAR_E15_5_S1_K12__CEM_I01_038,0.08925810752481184,d69bce79660adb10097944ec7afcb06025469f1b018218573ce9eec395c2f1db,False,12,MISAR_E15_5_S1_K12,0.8536309003829956,1.000000238418579,0.35827261209487915,0.21570195257663727,0.4657437801361084,0.8462842106819153,1.2487579584121704,0.9560942053794861,0.15371575951576233,0.03922368586063385,0.00468206312507391,38.0,0.8027155995368958,0.9999997615814209,0.9105400965255658,0.4511951009551676,0.5965119000197391,0.6615646865391329,12.0,2f126a0ca360975033a41e0386d0149e685fc3d896441c6bde4185a4ed595485,MATCHED_ABLATION,PASS,MISAR_E15_5_S1,2.0,5.0,1949,0.05051869999442715
FULL,"{""beta"":9.919574615913367,""conflict_center"":0.4569439824900015,""conflict_penalty"":0.1768397227400519,""conflict_temperature"":0.29260604891636205,""conflict_union_weight"":0.10125265238382358,""edge_floor"":0.027514896511702167,""high_weight"":0.16556879790464632,""low_weight"":0.29881854953826775,""mass_center"":-0.20497524026984748,""mass_temperature"":0.09300654456239436,""move_fraction"":0.1667102920239988,""move_threshold"":0.16721811113055982,""neighbor_capacity"":0.8618269298811844,""retained_bias"":0.6134388759221325,""sweeps"":4,""trust_center"":0.3175293280585807,""trust_scale"":0.047295372491093716,""trust_temperature"":0.4197585781575693,""twohop_weight"":0.4721098484841425,""unary_temperature"":0.631666978924999,""view_balance"":-0.5958185482390679}",0.5891910297854036,0.7100418847809442,CONTINUOUS_RELIABILITY_ENERGY,0.7095404212686452,28.0,"[1154,614,1494,811,993,1527,613,1832,158]",P22__CEM_I05_011__FULL,"{""beta"":9.919574615913367,""conflict_center"":0.4569439824900015,""conflict_penalty"":0.1768397227400519,""conflict_temperature"":0.29260604891636205,""conflict_union_weight"":0.10125265238382358,""edge_floor"":0.027514896511702167,""high_weight"":0.16556879790464632,""low_weight"":0.29881854953826775,""mass_center"":-0.20497524026984748,""mass_temperature"":0.09300654456239436,""move_fraction"":0.1667102920239988,""move_threshold"":0.16721811113055982,""neighbor_capacity"":0.8618269298811844,""retained_bias"":0.6134388759221325,""sweeps"":4,""trust_center"":0.3175293280585807,""trust_scale"":0.047295372491093716,""trust_temperature"":0.4197585781575693,""twohop_weight"":0.4721098484841425,""unary_temperature"":0.631666978924999,""view_balance"":-0.5958185482390679}",0.002005195683344896,0.001948075236735347,9196,,RNA_ATAC,0.6500914474252544,P22__CEM_I05_011,0.07075082845551617,fd6859f0de243f28b9a7b23369dc97362ff40ca51aba3d92c3cfca6d44780f98,True,9,P22,0.8617701530456543,1.000000238418579,0.6613003611564636,0.24809858202934265,0.33624768257141113,0.852891206741333,0.9169622659683228,0.5855242013931274,0.14710883796215057,0.1757376343011856,0.23873814940452576,158.0,0.734136164188385,0.9999998211860657,0.9316972048707112,0.5871858341020587,0.7080938095442089,0.837705689458734,9.0,8d8de5e6abdac8ba3e9d2d322dcce1e3a9d9c4678716b0debe9dfea560455a2d,MATCHED_ABLATION,PASS,P22,3.0,28.0,9196,0.24650589999509975
UNIFORM_EDGE_EVIDENCE,"{""beta"":9.919574615913367,""conflict_center"":0.4569439824900015,""conflict_penalty"":0.0001,""conflict_temperature"":0.29260604891636205,""conflict_union_weight"":0.10125265238382358,""edge_floor"":0.9999,""high_weight"":0.16556879790464632,""low_weight"":0.29881854953826775,""mass_center"":-0.20497524026984748,""mass_temperature"":0.09300654456239436,""move_fraction"":0.1667102920239988,""move_threshold"":0.16721811113055982,""neighbor_capacity"":0.8618269298811844,""retained_bias"":0.6134388759221325,""sweeps"":4,""trust_center"":0.3175293280585807,""trust_scale"":0.047295372491093716,""trust_temperature"":0.4197585781575693,""twohop_weight"":0.4721098484841425,""unary_temperature"":0.631666978924999,""view_balance"":-0.5958185482390679}",0.5873083709613107,0.7088059344182905,CONTINUOUS_RELIABILITY_ENERGY,0.708302459361105,19.0,"[1160,616,1488,811,992,1526,604,1836,163]",P22__CEM_I05_011__UNIFORM_EDGE_EVIDENCE,"{""beta"":9.919574615913367,""conflict_center"":0.4569439824900015,""conflict_penalty"":0.0001,""conflict_temperature"":0.29260604891636205,""conflict_union_weight"":0.10125265238382358,""edge_floor"":0.9999,""high_weight"":0.16556879790464632,""low_weight"":0.29881854953826775,""mass_center"":-0.20497524026984748,""mass_temperature"":0.09300654456239436,""move_fraction"":0.1667102920239988,""move_threshold"":0.16721811113055982,""neighbor_capacity"":0.8618269298811844,""retained_bias"":0.6134388759221325,""sweeps"":4,""trust_center"":0.3175293280585807,""trust_scale"":0.047295372491093716,""trust_temperature"":0.4197585781575693,""twohop_weight"":0.4721098484841425,""unary_temperature"":0.631666978924999,""view_balance"":-0.5958185482390679}",0.0001225368592520093,0.0007121248740816766,9196,,RNA_ATAC,0.6484791102242442,P22__CEM_I05_011,0.06934321398385862,fd6859f0de243f28b9a7b23369dc97362ff40ca51aba3d92c3cfca6d44780f98,False,9,P22,0.8618245720863342,1.000000238418579,0.6613003611564636,0.24809858202934265,0.9658733606338501,0.8618240356445312,0.9336234927177429,0.5867712497711182,0.13817599415779114,0.17392461001873016,0.23930421471595764,163.0,0.8618234395980835,0.9999998211860657,0.933325992711683,0.5871858341020587,0.7080938095442089,0.8353904480077123,9.0,7a2b084dd886680fd9084f5ac486843a1dcccf657e0f2c665ac4d543dea9936d,MATCHED_ABLATION,PASS,P22,4.0,19.0,9196,0.31545579999510664
NO_REJECTED_MASS_SELF_RETURN,"{""beta"":9.919574615913367,""conflict_center"":0.4569439824900015,""conflict_penalty"":0.1768397227400519,""conflict_temperature"":0.29260604891636205,""conflict_union_weight"":0.10125265238382358,""edge_floor"":0.027514896511702167,""high_weight"":0.16556879790464632,""low_weight"":0.29881854953826775,""mass_center"":-2.0,""mass_temperature"":0.005,""move_fraction"":0.1667102920239988,""move_threshold"":0.16721811113055982,""neighbor_capacity"":1.0,""retained_bias"":0.6134388759221325,""sweeps"":4,""trust_center"":0.3175293280585807,""trust_scale"":0.047295372491093716,""trust_temperature"":0.4197585781575693,""twohop_weight"":0.4721098484841425,""unary_temperature"":0.631666978924999,""view_balance"":-0.5958185482390679}",0.5895617004326321,0.7107881350597716,CONTINUOUS_RELIABILITY_ENERGY,0.710287364635006,111.0,"[1155,609,1506,813,994,1516,619,1840,144]",P22__CEM_I05_011__NO_REJECTED_MASS_SELF_RETURN,"{""beta"":9.919574615913367,""conflict_center"":0.4569439824900015,""conflict_penalty"":0.1768397227400519,""conflict_temperature"":0.29260604891636205,""conflict_union_weight"":0.10125265238382358,""edge_floor"":0.027514896511702167,""high_weight"":0.16556879790464632,""low_weight"":0.29881854953826775,""mass_center"":-2.0,""mass_temperature"":0.005,""move_fraction"":0.1667102920239988,""move_threshold"":0.16721811113055982,""neighbor_capacity"":1.0,""retained_bias"":0.6134388759221325,""sweeps"":4,""trust_center"":0.3175293280585807,""trust_scale"":0.047295372491093716,""trust_temperature"":0.4197585781575693,""twohop_weight"":0.4721098484841425,""unary_temperature"":0.631666978924999,""view_balance"":-0.5958185482390679}",0.0023758663305734062,0.002694325515562701,9196,,RNA_ATAC,0.6504509374657039,P22__CEM_I05_011,0.07020396457095407,fd6859f0de243f28b9a7b23369dc97362ff40ca51aba3d92c3cfca6d44780f98,False,9,P22,1.0,1.000000238418579,0.6613003611564636,0.24809858202934265,0.33624768257141113,1.0,0.8794083595275879,0.5819123387336731,0.0,0.18020136654376984,0.23788630962371826,144.0,1.0,0.9999997615814209,0.9323735594753421,0.5871858341020587,0.7080938095442089,0.8383375477035522,9.0,c31ebaa93d0f6fbd617b60ecbe82e3b3a262f9d47b34d39959e7760314ffa0b5,MATCHED_ABLATION,PASS,P22,4.0,111.0,9196,0.3217814000090584
RETAINED_UNARY_DOMINANT,"{""beta"":9.919574615913367,""conflict_center"":0.4569439824900015,""conflict_penalty"":0.1768397227400519,""conflict_temperature"":0.29260604891636205,""conflict_union_weight"":0.10125265238382358,""edge_floor"":0.027514896511702167,""high_weight"":0.16556879790464632,""low_weight"":0.29881854953826775,""mass_center"":-0.20497524026984748,""mass_temperature"":0.09300654456239436,""move_fraction"":0.1667102920239988,""move_threshold"":0.16721811113055982,""neighbor_capacity"":0.8618269298811844,""retained_bias"":8.0,""sweeps"":4,""trust_center"":0.3175293280585807,""trust_scale"":0.047295372491093716,""trust_temperature"":0.4197585781575693,""twohop_weight"":0.4721098484841425,""unary_temperature"":0.02,""view_balance"":0.0}",0.5888626223050262,0.7096384297891902,CONTINUOUS_RELIABILITY_ENERGY,0.7091362685279868,28.0,"[1154,614,1494,811,993,1527,613,1832,158]",P22__CEM_I05_011__RETAINED_UNARY_DOMINANT,"{""beta"":9.919574615913367,""conflict_center"":0.4569439824900015,""conflict_penalty"":0.1768397227400519,""conflict_temperature"":0.29260604891636205,""conflict_union_weight"":0.10125265238382358,""edge_floor"":0.027514896511702167,""high_weight"":0.16556879790464632,""low_weight"":0.29881854953826775,""mass_center"":-0.20497524026984748,""mass_temperature"":0.09300654456239436,""move_fraction"":0.1667102920239988,""move_threshold"":0.16721811113055982,""neighbor_capacity"":0.8618269298811844,""retained_bias"":8.0,""sweeps"":4,""trust_center"":0.3175293280585807,""trust_scale"":0.047295372491093716,""trust_temperature"":0.4197585781575693,""twohop_weight"":0.4721098484841425,""unary_temperature"":0.02,""view_balance"":0.0}",0.0016767882029674608,0.001544620244981365,9196,,RNA_ATAC,0.6498104494332099,P22__CEM_I05_011,0.0714976446169341,fd6859f0de243f28b9a7b23369dc97362ff40ca51aba3d92c3cfca6d44780f98,False,9,P22,0.8617701530456543,1.000000238418579,0.6613003611564636,0.24809858202934265,0.33624768257141113,0.852891206741333,0.9181505441665649,0.6499778032302856,0.14710883796215057,0.29428964853286743,0.055732518434524536,158.0,0.734136164188385,0.9999998211860657,0.9308582448740729,0.5871858341020587,0.7080938095442089,0.8372360727312427,9.0,56420efb95456f6e2c1d6e8639a273aea641b5034c6747705e4485f0efcac8b1,MATCHED_ABLATION,PASS,P22,3.0,28.0,9196,0.24874570000974927
SINGLE_SCALE_DOMINANT,"{""beta"":9.919574615913367,""conflict_center"":0.4569439824900015,""conflict_penalty"":0.1768397227400519,""conflict_temperature"":0.29260604891636205,""conflict_union_weight"":0.10125265238382358,""edge_floor"":0.027514896511702167,""high_weight"":0.0001,""low_weight"":0.0001,""mass_center"":-0.20497524026984748,""mass_temperature"":0.09300654456239436,""move_fraction"":0.1667102920239988,""move_threshold"":0.16721811113055982,""neighbor_capacity"":0.8618269298811844,""retained_bias"":0.6134388759221325,""sweeps"":4,""trust_center"":0.3175293280585807,""trust_scale"":0.047295372491093716,""trust_temperature"":0.4197585781575693,""twohop_weight"":0.0001,""unary_temperature"":0.631666978924999,""view_balance"":-0.5958185482390679}",0.5892152653200956,0.7095637539666154,CONTINUOUS_RELIABILITY_ENERGY,0.7090612088472171,35.0,"[1154,614,1494,811,994,1526,614,1837,152]",P22__CEM_I05_011__SINGLE_SCALE_DOMINANT,"{""beta"":9.919574615913367,""conflict_center"":0.4569439824900015,""conflict_penalty"":0.1768397227400519,""conflict_temperature"":0.29260604891636205,""conflict_union_weight"":0.10125265238382358,""edge_floor"":0.027514896511702167,""high_weight"":0.0001,""low_weight"":0.0001,""mass_center"":-0.20497524026984748,""mass_temperature"":0.09300654456239436,""move_fraction"":0.1667102920239988,""move_threshold"":0.16721811113055982,""neighbor_capacity"":0.8618269298811844,""retained_bias"":0.6134388759221325,""sweeps"":4,""trust_center"":0.3175293280585807,""trust_scale"":0.047295372491093716,""trust_temperature"":0.4197585781575693,""twohop_weight"":0.0001,""unary_temperature"":0.631666978924999,""view_balance"":-0.5958185482390679}",0.0020294312180368923,0.001469944422406555,9196,,RNA_ATAC,0.6501313606910377,P22__CEM_I05_011,0.07241032130554438,fd6859f0de243f28b9a7b23369dc97362ff40ca51aba3d92c3cfca6d44780f98,False,9,P22,0.8617701530456543,1.000000238418579,0.6613003611564636,0.24809858202934265,0.33624768257141113,0.852891206741333,0.8334171772003174,0.6310784816741943,0.14710883796215057,0.17337670922279358,0.1955447793006897,152.0,0.734136164188385,0.9999998211860657,0.9298863802572424,0.5871858341020587,0.7080938095442089,0.8375625792084109,9.0,03702dd27f355509432ebb2558da2f00362327dc69d69fdca24df6a75515e7ec,MATCHED_ABLATION,PASS,P22,3.0,35.0,9196,0.2516382000030717
TRUST_TERM_NEAR_ZERO,"{""beta"":9.919574615913367,""conflict_center"":0.4569439824900015,""conflict_penalty"":0.1768397227400519,""conflict_temperature"":0.29260604891636205,""conflict_union_weight"":0.10125265238382358,""edge_floor"":0.027514896511702167,""high_weight"":0.16556879790464632,""low_weight"":0.29881854953826775,""mass_center"":-0.20497524026984748,""mass_temperature"":0.09300654456239436,""move_fraction"":0.1667102920239988,""move_threshold"":0.16721811113055982,""neighbor_capacity"":0.8618269298811844,""retained_bias"":0.6134388759221325,""sweeps"":4,""trust_center"":0.3175293280585807,""trust_scale"":0.0001,""trust_temperature"":0.4197585781575693,""twohop_weight"":0.4721098484841425,""unary_temperature"":0.631666978924999,""view_balance"":-0.5958185482390679}",0.5891910297854036,0.7100418847809442,CONTINUOUS_RELIABILITY_ENERGY,0.7095404212686452,28.0,"[1154,614,1494,811,993,1527,613,1832,158]",P22__CEM_I05_011__TRUST_TERM_NEAR_ZERO,"{""beta"":9.919574615913367,""conflict_center"":0.4569439824900015,""conflict_penalty"":0.1768397227400519,""conflict_temperature"":0.29260604891636205,""conflict_union_weight"":0.10125265238382358,""edge_floor"":0.027514896511702167,""high_weight"":0.16556879790464632,""low_weight"":0.29881854953826775,""mass_center"":-0.20497524026984748,""mass_temperature"":0.09300654456239436,""move_fraction"":0.1667102920239988,""move_threshold"":0.16721811113055982,""neighbor_capacity"":0.8618269298811844,""retained_bias"":0.6134388759221325,""sweeps"":4,""trust_center"":0.3175293280585807,""trust_scale"":0.0001,""trust_temperature"":0.4197585781575693,""twohop_weight"":0.4721098484841425,""unary_temperature"":0.631666978924999,""view_balance"":-0.5958185482390679}",0.002005195683344896,0.001948075236735347,9196,,RNA_ATAC,0.6500914474252544,P22__CEM_I05_011,0.07075082845551617,fd6859f0de243f28b9a7b23369dc97362ff40ca51aba3d92c3cfca6d44780f98,False,9,P22,0.8617701530456543,1.000000238418579,0.6613003611564636,0.24809858202934265,0.33624768257141113,0.852891206741333,0.9169622659683228,0.5855242013931274,0.14710883796215057,0.1757376343011856,0.23873814940452576,158.0,0.734136164188385,0.9999998211860657,0.9316972048707112,0.5871858341020587,0.7080938095442089,0.837705689458734,9.0,8d8de5e6abdac8ba3e9d2d322dcce1e3a9d9c4678716b0debe9dfea560455a2d,MATCHED_ABLATION,PASS,P22,3.0,28.0,9196,0.2462091000052169
FULL,"{""beta"":4.1931956136618025,""conflict_center"":0.7081873029627044,""conflict_penalty"":0.13092235672441385,""conflict_temperature"":0.4658460281761583,""conflict_union_weight"":0.2885118895696024,""edge_floor"":0.0019433484462731449,""high_weight"":0.0011386765638059866,""low_weight"":0.2140886019110835,""mass_center"":-0.7841270514572837,""mass_temperature"":0.2721246754453635,""move_fraction"":0.0015998551588666907,""move_threshold"":0.6762337863665228,""neighbor_capacity"":0.7362180179959327,""retained_bias"":7.377408612780243,""sweeps"":3,""trust_center"":-0.6870209335327497,""trust_scale"":0.28718878268123327,""trust_temperature"":0.02821807402396183,""twohop_weight"":0.02974645467780174,""unary_temperature"":0.19514712539226511,""view_balance"":3.679472152140641}",0.7283067896750458,0.7501143785801062,CONTINUOUS_RELIABILITY_ENERGY,0.7484879896655295,6.0,"[626,2289,939,642,778,576,573,228,43,32,415,163,310,141,157,434,566,284]",P22_3DOT_K18__CEM_I00_020__FULL,"{""beta"":4.1931956136618025,""conflict_center"":0.7081873029627044,""conflict_penalty"":0.13092235672441385,""conflict_temperature"":0.4658460281761583,""conflict_union_weight"":0.2885118895696024,""edge_floor"":0.0019433484462731449,""high_weight"":0.0011386765638059866,""low_weight"":0.2140886019110835,""mass_center"":-0.7841270514572837,""mass_temperature"":0.2721246754453635,""move_fraction"":0.0015998551588666907,""move_threshold"":0.6762337863665228,""neighbor_capacity"":0.7362180179959327,""retained_bias"":7.377408612780243,""sweeps"":3,""trust_center"":-0.6870209335327497,""trust_scale"":0.28718878268123327,""trust_temperature"":0.02821807402396183,""twohop_weight"":0.02974645467780174,""unary_temperature"":0.19514712539226511,""view_balance"":3.679472152140641}",0.00035460436193324174,0.000440205779074998,9196,,RNA_ATAC,0.7575629411458965,P22_3DOT_K18__CEM_I00_020,0.16609185041356903,08c4766cba372904744d1fab67c41555ba15281ea1ce8ecba212bf060b476d65,True,18,P22_3DOT_K18,0.7331683039665222,1.000000238418579,0.7231114506721497,0.24809858202934265,0.33909347653388977,0.7219122648239136,0.47860610485076904,0.44371476769447327,0.2780877351760864,0.5536506175994873,0.002634595613926649,32.0,0.6957299709320068,0.9999998211860657,0.8351995766385241,0.7279521853131126,0.7496741728010312,0.990846822178083,18.0,2fa0bd0aa0099a53444b7d9645cc4020fedb237134db21a8ddef94566d7282c3,MATCHED_ABLATION,PASS,P22,2.0,6.0,9196,0.2933255999960238
UNIFORM_EDGE_EVIDENCE,"{""beta"":4.1931956136618025,""conflict_center"":0.7081873029627044,""conflict_penalty"":0.0001,""conflict_temperature"":0.4658460281761583,""conflict_union_weight"":0.2885118895696024,""edge_floor"":0.9999,""high_weight"":0.0011386765638059866,""low_weight"":0.2140886019110835,""mass_center"":-0.7841270514572837,""mass_temperature"":0.2721246754453635,""move_fraction"":0.0015998551588666907,""move_threshold"":0.6762337863665228,""neighbor_capacity"":0.7362180179959327,""retained_bias"":7.377408612780243,""sweeps"":3,""trust_center"":-0.6870209335327497,""trust_scale"":0.28718878268123327,""trust_temperature"":0.02821807402396183,""twohop_weight"":0.02974645467780174,""unary_temperature"":0.19514712539226511,""view_balance"":3.679472152140641}",0.7280195722742973,0.7496798939960668,CONTINUOUS_RELIABILITY_ENERGY,0.7480507242819251,4.0,"[626,2289,938,642,778,576,573,228,43,32,415,163,311,141,157,434,566,284]",P22_3DOT_K18__CEM_I00_020__UNIFORM_EDGE_EVIDENCE,"{""beta"":4.1931956136618025,""conflict_center"":0.7081873029627044,""conflict_penalty"":0.0001,""conflict_temperature"":0.4658460281761583,""conflict_union_weight"":0.2885118895696024,""edge_floor"":0.9999,""high_weight"":0.0011386765638059866,""low_weight"":0.2140886019110835,""mass_center"":-0.7841270514572837,""mass_temperature"":0.2721246754453635,""move_fraction"":0.0015998551588666907,""move_threshold"":0.6762337863665228,""neighbor_capacity"":0.7362180179959327,""retained_bias"":7.377408612780243,""sweeps"":3,""trust_center"":-0.6870209335327497,""trust_scale"":0.28718878268123327,""trust_temperature"":0.02821807402396183,""twohop_weight"":0.02974645467780174,""unary_temperature"":0.19514712539226511,""view_balance"":3.679472152140641}",6.738696118469001e-05,5.721195035612858e-06,9196,,RNA_ATAC,0.7573042607012568,P22_3DOT_K18__CEM_I00_020,0.16588266722909878,08c4766cba372904744d1fab67c41555ba15281ea1ce8ecba212bf060b476d65,False,18,P22_3DOT_K18,0.7351208329200745,1.000000238418579,0.7231114506721497,0.24809858202934265,0.9668903946876526,0.7350379824638367,0.4787014126777649,0.44408032298088074,0.26496201753616333,0.5533396601676941,0.0025799686554819345,32.0,0.734967827796936,0.9999998211860657,0.8354732522186373,0.7279521853131126,0.7496741728010312,0.9904075351729207,18.0,fb1e9457e4ce0532a03159ab61c0a1db2a80392e5062a2cecdd40f57582631da,MATCHED_ABLATION,PASS,P22,2.0,4.0,9196,0.2921834000007948
NO_REJECTED_MASS_SELF_RETURN,"{""beta"":4.1931956136618025,""conflict_center"":0.7081873029627044,""conflict_penalty"":0.13092235672441385,""conflict_temperature"":0.4658460281761583,""conflict_union_weight"":0.2885118895696024,""edge_floor"":0.0019433484462731449,""high_weight"":0.0011386765638059866,""low_weight"":0.2140886019110835,""mass_center"":-2.0,""mass_temperature"":0.005,""move_fraction"":0.0015998551588666907,""move_threshold"":0.6762337863665228,""neighbor_capacity"":1.0,""retained_bias"":7.377408612780243,""sweeps"":3,""trust_center"":-0.6870209335327497,""trust_scale"":0.28718878268123327,""trust_temperature"":0.02821807402396183,""twohop_weight"":0.02974645467780174,""unary_temperature"":0.19514712539226511,""view_balance"":3.679472152140641}",0.7275922198198391,0.7492460970673723,CONTINUOUS_RELIABILITY_ENERGY,0.747613124015765,45.0,"[628,2291,937,642,793,574,569,226,45,32,416,163,308,141,148,433,566,284]",P22_3DOT_K18__CEM_I00_020__NO_REJECTED_MASS_SELF_RETURN,"{""beta"":4.1931956136618025,""conflict_center"":0.7081873029627044,""conflict_penalty"":0.13092235672441385,""conflict_temperature"":0.4658460281761583,""conflict_union_weight"":0.2885118895696024,""edge_floor"":0.0019433484462731449,""high_weight"":0.0011386765638059866,""low_weight"":0.2140886019110835,""mass_center"":-2.0,""mass_temperature"":0.005,""move_fraction"":0.0015998551588666907,""move_threshold"":0.6762337863665228,""neighbor_capacity"":1.0,""retained_bias"":7.377408612780243,""sweeps"":3,""trust_center"":-0.6870209335327497,""trust_scale"":0.28718878268123327,""trust_temperature"":0.02821807402396183,""twohop_weight"":0.02974645467780174,""unary_temperature"":0.19514712539226511,""view_balance"":3.679472152140641}",-0.00035996549327343974,-0.00042807573365888363,9196,,RNA_ATAC,0.7569631012577013,P22_3DOT_K18__CEM_I00_020,0.16006508363461844,08c4766cba372904744d1fab67c41555ba15281ea1ce8ecba212bf060b476d65,False,18,P22_3DOT_K18,1.0,1.000000238418579,0.7231114506721497,0.24809858202934265,0.33909347653388977,1.0,0.48481816053390503,0.4536363184452057,0.0,0.5438650250434875,0.002498673042282462,32.0,1.0,0.9999997615814209,0.8414197282649686,0.7279521853131126,0.7496741728010312,0.9898283537934194,18.0,5c18c32cd4d0a32e32f141e152acec62318e5f6c7e173593354f7442ff5e5e65,MATCHED_ABLATION,PASS,P22,3.0,45.0,9196,0.427601000003051
RETAINED_UNARY_DOMINANT,"{""beta"":4.1931956136618025,""conflict_center"":0.7081873029627044,""conflict_penalty"":0.13092235672441385,""conflict_temperature"":0.4658460281761583,""conflict_union_weight"":0.2885118895696024,""edge_floor"":0.0019433484462731449,""high_weight"":0.0011386765638059866,""low_weight"":0.2140886019110835,""mass_center"":-0.7841270514572837,""mass_temperature"":0.2721246754453635,""move_fraction"":0.0015998551588666907,""move_threshold"":0.6762337863665228,""neighbor_capacity"":0.7362180179959327,""retained_bias"":8.0,""sweeps"":3,""trust_center"":-0.6870209335327497,""trust_scale"":0.28718878268123327,""trust_temperature"":0.02821807402396183,""twohop_weight"":0.02974645467780174,""unary_temperature"":0.02,""view_balance"":0.0}",0.7284174807981029,0.7501422464642981,CONTINUOUS_RELIABILITY_ENERGY,0.7485162155090571,7.0,"[626,2289,939,641,777,576,573,228,43,32,414,164,310,141,159,434,566,284]",P22_3DOT_K18__CEM_I00_020__RETAINED_UNARY_DOMINANT,"{""beta"":4.1931956136618025,""conflict_center"":0.7081873029627044,""conflict_penalty"":0.13092235672441385,""conflict_temperature"":0.4658460281761583,""conflict_union_weight"":0.2885118895696024,""edge_floor"":0.0019433484462731449,""high_weight"":0.0011386765638059866,""low_weight"":0.2140886019110835,""mass_center"":-0.7841270514572837,""mass_temperature"":0.2721246754453635,""move_fraction"":0.0015998551588666907,""move_threshold"":0.6762337863665228,""neighbor_capacity"":0.7362180179959327,""retained_bias"":8.0,""sweeps"":3,""trust_center"":-0.6870209335327497,""trust_scale"":0.28718878268123327,""trust_temperature"":0.02821807402396183,""twohop_weight"":0.02974645467780174,""unary_temperature"":0.02,""view_balance"":0.0}",0.0004652954849903024,0.00046807366326684363,9196,,RNA_ATAC,0.7576566378732211,P22_3DOT_K18__CEM_I00_020,0.16570502450943259,08c4766cba372904744d1fab67c41555ba15281ea1ce8ecba212bf060b476d65,False,18,P22_3DOT_K18,0.7331683039665222,1.000000238418579,0.7231114506721497,0.24809858202934265,0.33909347653388977,0.7219122648239136,0.478546142578125,0.2192666232585907,0.2780877351760864,0.6897778511047363,0.09095551073551178,32.0,0.6957299709320068,0.9999998211860657,0.8355988984156785,0.7279521853131126,0.7496741728010312,0.9909672670606071,18.0,d805afa4c70091a3f4344c13c13dd780e530c256ff2ccfc1a303c136afe4d12e,MATCHED_ABLATION,PASS,P22,2.0,7.0,9196,0.2957740999991074
SINGLE_SCALE_DOMINANT,"{""beta"":4.1931956136618025,""conflict_center"":0.7081873029627044,""conflict_penalty"":0.13092235672441385,""conflict_temperature"":0.4658460281761583,""conflict_union_weight"":0.2885118895696024,""edge_floor"":0.0019433484462731449,""high_weight"":0.0001,""low_weight"":0.0001,""mass_center"":-0.7841270514572837,""mass_temperature"":0.2721246754453635,""move_fraction"":0.0015998551588666907,""move_threshold"":0.6762337863665228,""neighbor_capacity"":0.7362180179959327,""retained_bias"":7.377408612780243,""sweeps"":3,""trust_center"":-0.6870209335327497,""trust_scale"":0.28718878268123327,""trust_temperature"":0.02821807402396183,""twohop_weight"":0.0001,""unary_temperature"":0.19514712539226511,""view_balance"":3.679472152140641}",0.7280727320548337,0.7496264350960179,CONTINUOUS_RELIABILITY_ENERGY,0.7479968700121639,3.0,"[626,2289,938,642,777,577,574,228,42,32,415,163,311,140,157,434,567,284]",P22_3DOT_K18__CEM_I00_020__SINGLE_SCALE_DOMINANT,"{""beta"":4.1931956136618025,""conflict_center"":0.7081873029627044,""conflict_penalty"":0.13092235672441385,""conflict_temperature"":0.4658460281761583,""conflict_union_weight"":0.2885118895696024,""edge_floor"":0.0019433484462731449,""high_weight"":0.0001,""low_weight"":0.0001,""mass_center"":-0.7841270514572837,""mass_temperature"":0.2721246754453635,""move_fraction"":0.0015998551588666907,""move_threshold"":0.6762337863665228,""neighbor_capacity"":0.7362180179959327,""retained_bias"":7.377408612780243,""sweeps"":3,""trust_center"":-0.6870209335327497,""trust_scale"":0.28718878268123327,""trust_temperature"":0.02821807402396183,""twohop_weight"":0.0001,""unary_temperature"":0.19514712539226511,""view_balance"":3.679472152140641}",0.00012054674172112811,-4.7737705013317644e-05,9196,,RNA_ATAC,0.7573545467029841,P22_3DOT_K18__CEM_I00_020,0.16599630160328607,08c4766cba372904744d1fab67c41555ba15281ea1ce8ecba212bf060b476d65,False,18,P22_3DOT_K18,0.7331683039665222,1.000000238418579,0.7231114506721497,0.24809858202934265,0.33909347653388977,0.7219122648239136,0.46222424507141113,0.4226997494697571,0.2780877351760864,0.571868896484375,0.005431374069303274,32.0,0.6957299709320068,0.9999998211860657,0.8355706550977887,0.7279521853131126,0.7496741728010312,0.99044198433844,18.0,751f6c3c5c46cac3d61ea44735841305a79d4a1b55f842a4339631307fc6c32a,MATCHED_ABLATION,PASS,P22,2.0,3.0,9196,0.29828799999086186
TRUST_TERM_NEAR_ZERO,"{""beta"":4.1931956136618025,""conflict_center"":0.7081873029627044,""conflict_penalty"":0.13092235672441385,""conflict_temperature"":0.4658460281761583,""conflict_union_weight"":0.2885118895696024,""edge_floor"":0.0019433484462731449,""high_weight"":0.0011386765638059866,""low_weight"":0.2140886019110835,""mass_center"":-0.7841270514572837,""mass_temperature"":0.2721246754453635,""move_fraction"":0.0015998551588666907,""move_threshold"":0.6762337863665228,""neighbor_capacity"":0.7362180179959327,""retained_bias"":7.377408612780243,""sweeps"":3,""trust_center"":-0.6870209335327497,""trust_scale"":0.0001,""trust_temperature"":0.02821807402396183,""twohop_weight"":0.02974645467780174,""unary_temperature"":0.19514712539226511,""view_balance"":3.679472152140641}",0.72827849963816,0.7498325761324559,CONTINUOUS_RELIABILITY_ENERGY,0.7482043643471097,8.0,"[626,2289,939,642,778,576,573,228,43,32,414,164,311,141,156,434,566,284]",P22_3DOT_K18__CEM_I00_020__TRUST_TERM_NEAR_ZERO,"{""beta"":4.1931956136618025,""conflict_center"":0.7081873029627044,""conflict_penalty"":0.13092235672441385,""conflict_temperature"":0.4658460281761583,""conflict_union_weight"":0.2885118895696024,""edge_floor"":0.0019433484462731449,""high_weight"":0.0011386765638059866,""low_weight"":0.2140886019110835,""mass_center"":-0.7841270514572837,""mass_temperature"":0.2721246754453635,""move_fraction"":0.0015998551588666907,""move_threshold"":0.6762337863665228,""neighbor_capacity"":0.7362180179959327,""retained_bias"":7.377408612780243,""sweeps"":3,""trust_center"":-0.6870209335327497,""trust_scale"":0.0001,""trust_temperature"":0.02821807402396183,""twohop_weight"":0.02974645467780174,""unary_temperature"":0.19514712539226511,""view_balance"":3.679472152140641}",0.00032631432504748314,0.00015840333142469465,9196,,RNA_ATAC,0.7575373297166302,P22_3DOT_K18__CEM_I00_020,0.16549187600636217,08c4766cba372904744d1fab67c41555ba15281ea1ce8ecba212bf060b476d65,False,18,P22_3DOT_K18,0.7331683039665222,1.000000238418579,0.7231114506721497,0.24809858202934265,0.33909347653388977,0.7219122648239136,0.478575199842453,0.44368284940719604,0.2780877351760864,0.5536771416664124,0.0026399879716336727,32.0,0.6957299709320068,0.9999998211860657,0.8358595601893475,0.7279521853131126,0.7496741728010312,0.9907199012845196,18.0,831e8acf31193b358903778a8061167730272b87b197865c6645d9c4ddce718d,MATCHED_ABLATION,PASS,P22,2.0,8.0,9196,0.2984196999896085
FULL,"{""beta"":2.0311803352439513,""conflict_center"":0.3269728691745389,""conflict_penalty"":0.13373372755743823,""conflict_temperature"":0.36380682726609065,""conflict_union_weight"":0.49562066309979397,""edge_floor"":0.3857920713817876,""high_weight"":0.693280793277911,""low_weight"":0.9268348408973566,""mass_center"":0.6039672817474324,""mass_temperature"":0.30182340050002404,""move_fraction"":0.15066876674539628,""move_threshold"":0.11917649716795925,""neighbor_capacity"":0.36798978353032935,""retained_bias"":1.1410879279574164,""sweeps"":3,""trust_center"":0.075114796192985,""trust_scale"":0.8784961228478749,""trust_temperature"":0.38327193043646557,""twohop_weight"":1.3754400353504026,""unary_temperature"":0.42327254789626595,""view_balance"":0.48003661671338804}",0.23382458055710792,0.314270251883914,CONTINUOUS_RELIABILITY_ENERGY,0.3136691779131912,18.0,"[479,1302,1149,1396]",tonsil_s1__CEM_I02_040__FULL,"{""beta"":2.0311803352439513,""conflict_center"":0.3269728691745389,""conflict_penalty"":0.13373372755743823,""conflict_temperature"":0.36380682726609065,""conflict_union_weight"":0.49562066309979397,""edge_floor"":0.3857920713817876,""high_weight"":0.693280793277911,""low_weight"":0.9268348408973566,""mass_center"":0.6039672817474324,""mass_temperature"":0.30182340050002404,""move_fraction"":0.15066876674539628,""move_threshold"":0.11917649716795925,""neighbor_capacity"":0.36798978353032935,""retained_bias"":1.1410879279574164,""sweeps"":3,""trust_center"":0.075114796192985,""trust_scale"":0.8784961228478749,""trust_temperature"":0.38327193043646557,""twohop_weight"":1.3754400353504026,""unary_temperature"":0.42327254789626595,""view_balance"":0.48003661671338804}",0.0021569059431361948,0.002104737313563032,4326,,RNA_PROTEIN,0.5013029881905311,tonsil_s1__CEM_I02_040,0.28045938641063806,8fcffb70ed6cfd634707d94d9f809c516ccb53f09fa376a2c7727bcbb886c1f7,True,4,tonsil_s1,0.2497735619544983,1.0000001192092896,0.5794864296913147,0.20697590708732605,0.6028965711593628,0.17538444697856903,1.4512064456939697,0.554499089717865,0.8246155381202698,0.3310873210430145,0.11441365629434586,479.0,0.1197987049818039,0.9999998807907104,0.719588607711217,0.23166767461397172,0.31216551457035097,0.34381916871647783,4.0,ad617abca23207de27c5a2252c7bc4765f6a0cf5e37b859127012550e1304764,MATCHED_ABLATION,PASS,CANONICAL_TONSIL,3.0,18.0,4326,0.06100719999813009
UNIFORM_EDGE_EVIDENCE,"{""beta"":2.0311803352439513,""conflict_center"":0.3269728691745389,""conflict_penalty"":0.0001,""conflict_temperature"":0.36380682726609065,""conflict_union_weight"":0.49562066309979397,""edge_floor"":0.9999,""high_weight"":0.693280793277911,""low_weight"":0.9268348408973566,""mass_center"":0.6039672817474324,""mass_temperature"":0.30182340050002404,""move_fraction"":0.15066876674539628,""move_threshold"":0.11917649716795925,""neighbor_capacity"":0.36798978353032935,""retained_bias"":1.1410879279574164,""sweeps"":3,""trust_center"":0.075114796192985,""trust_scale"":0.8784961228478749,""trust_temperature"":0.38327193043646557,""twohop_weight"":1.3754400353504026,""unary_temperature"":0.42327254789626595,""view_balance"":0.48003661671338804}",0.23244655965051958,0.31390855675756196,CONTINUOUS_RELIABILITY_ENERGY,0.31330704865912656,27.0,"[477,1302,1150,1397]",tonsil_s1__CEM_I02_040__UNIFORM_EDGE_EVIDENCE,"{""beta"":2.0311803352439513,""conflict_center"":0.3269728691745389,""conflict_penalty"":0.0001,""conflict_temperature"":0.36380682726609065,""conflict_union_weight"":0.49562066309979397,""edge_floor"":0.9999,""high_weight"":0.693280793277911,""low_weight"":0.9268348408973566,""mass_center"":0.6039672817474324,""mass_temperature"":0.30182340050002404,""move_fraction"":0.15066876674539628,""move_threshold"":0.11917649716795925,""neighbor_capacity"":0.36798978353032935,""retained_bias"":1.1410879279574164,""sweeps"":3,""trust_center"":0.075114796192985,""trust_scale"":0.8784961228478749,""trust_temperature"":0.38327193043646557,""twohop_weight"":1.3754400353504026,""unary_temperature"":0.42327254789626595,""view_balance"":0.48003661671338804}",0.000778885036547855,0.001743042187210997,4326,,RNA_PROTEIN,0.5004314788709463,tonsil_s1__CEM_I02_040,0.27820672076359054,8fcffb70ed6cfd634707d94d9f809c516ccb53f09fa376a2c7727bcbb886c1f7,False,4,tonsil_s1,0.2871774137020111,1.0000001192092896,0.5794864296913147,0.20697590708732605,0.9676735401153564,0.2831227481365204,1.4462875127792358,0.5544772744178772,0.7168772220611572,0.33110442757606506,0.11441829800605774,477.0,0.2792550325393677,0.9999998211860657,0.7216143984779073,0.23166767461397172,0.31216551457035097,0.3423145545156663,4.0,1b4effbd83782e0e7b1a5f20fb527bc3f9e0050635cdc9a6b65758fa7e40098f,MATCHED_ABLATION,PASS,CANONICAL_TONSIL,3.0,27.0,4326,0.060016000003088266
NO_REJECTED_MASS_SELF_RETURN,"{""beta"":2.0311803352439513,""conflict_center"":0.3269728691745389,""conflict_penalty"":0.13373372755743823,""conflict_temperature"":0.36380682726609065,""conflict_union_weight"":0.49562066309979397,""edge_floor"":0.3857920713817876,""high_weight"":0.693280793277911,""low_weight"":0.9268348408973566,""mass_center"":-2.0,""mass_temperature"":0.005,""move_fraction"":0.15066876674539628,""move_threshold"":0.11917649716795925,""neighbor_capacity"":1.0,""retained_bias"":1.1410879279574164,""sweeps"":3,""trust_center"":0.075114796192985,""trust_scale"":0.8784961228478749,""trust_temperature"":0.38327193043646557,""twohop_weight"":1.3754400353504026,""unary_temperature"":0.42327254789626595,""view_balance"":0.48003661671338804}",0.2049645412401603,0.288270284005628,CONTINUOUS_RELIABILITY_ENERGY,0.287647366944502,332.0,"[489,1279,1187,1371]",tonsil_s1__CEM_I02_040__NO_REJECTED_MASS_SELF_RETURN,"{""beta"":2.0311803352439513,""conflict_center"":0.3269728691745389,""conflict_penalty"":0.13373372755743823,""conflict_temperature"":0.36380682726609065,""conflict_union_weight"":0.49562066309979397,""edge_floor"":0.3857920713817876,""high_weight"":0.693280793277911,""low_weight"":0.9268348408973566,""mass_center"":-2.0,""mass_temperature"":0.005,""move_fraction"":0.15066876674539628,""move_threshold"":0.11917649716795925,""neighbor_capacity"":1.0,""retained_bias"":1.1410879279574164,""sweeps"":3,""trust_center"":0.075114796192985,""trust_scale"":0.8784961228478749,""trust_temperature"":0.38327193043646557,""twohop_weight"":1.3754400353504026,""unary_temperature"":0.42327254789626595,""view_balance"":0.48003661671338804}",-0.026703133373811416,-0.02389523056472298,4326,,RNA_PROTEIN,0.4810180144408865,tonsil_s1__CEM_I02_040,0.22788947128614268,8fcffb70ed6cfd634707d94d9f809c516ccb53f09fa376a2c7727bcbb886c1f7,False,4,tonsil_s1,1.0,1.000000238418579,0.5794864296913147,0.20697590708732605,0.6028965711593628,1.0,1.4554443359375,0.541351318359375,0.0,0.3392256796360016,0.11942308396100998,489.0,1.0,0.9999997615814209,0.7718573094116699,0.23166767461397172,0.31216551457035097,0.3058591406421301,4.0,73cbe4edac121a0e75d7d80fcf96b75029dbbe21a3a3ec64af699e40bea4f8bd,MATCHED_ABLATION,PASS,CANONICAL_TONSIL,3.0,332.0,4326,0.061693199997534975
RETAINED_UNARY_DOMINANT,"{""beta"":2.0311803352439513,""conflict_center"":0.3269728691745389,""conflict_penalty"":0.13373372755743823,""conflict_temperature"":0.36380682726609065,""conflict_union_weight"":0.49562066309979397,""edge_floor"":0.3857920713817876,""high_weight"":0.693280793277911,""low_weight"":0.9268348408973566,""mass_center"":0.6039672817474324,""mass_temperature"":0.30182340050002404,""move_fraction"":0.15066876674539628,""move_threshold"":0.11917649716795925,""neighbor_capacity"":0.36798978353032935,""retained_bias"":8.0,""sweeps"":3,""trust_center"":0.075114796192985,""trust_scale"":0.8784961228478749,""trust_temperature"":0.38327193043646557,""twohop_weight"":1.3754400353504026,""unary_temperature"":0.02,""view_balance"":0.0}",0.23115189441506656,0.3120957071211136,CONTINUOUS_RELIABILITY_ENERGY,0.3114923805695441,32.0,"[474,1297,1149,1406]",tonsil_s1__CEM_I02_040__RETAINED_UNARY_DOMINANT,"{""beta"":2.0311803352439513,""conflict_center"":0.3269728691745389,""conflict_penalty"":0.13373372755743823,""conflict_temperature"":0.36380682726609065,""conflict_union_weight"":0.49562066309979397,""edge_floor"":0.3857920713817876,""high_weight"":0.693280793277911,""low_weight"":0.9268348408973566,""mass_center"":0.6039672817474324,""mass_temperature"":0.30182340050002404,""move_fraction"":0.15066876674539628,""move_threshold"":0.11917649716795925,""neighbor_capacity"":0.36798978353032935,""retained_bias"":8.0,""sweeps"":3,""trust_center"":0.075114796192985,""trust_scale"":0.8784961228478749,""trust_temperature"":0.38327193043646557,""twohop_weight"":1.3754400353504026,""unary_temperature"":0.02,""view_balance"":0.0}",-0.0005157801989051636,-6.980744923734683e-05,4326,,RNA_PROTEIN,0.49969759667830244,tonsil_s1__CEM_I02_040,0.27891828097866317,8fcffb70ed6cfd634707d94d9f809c516ccb53f09fa376a2c7727bcbb886c1f7,False,4,tonsil_s1,0.2497735619544983,1.0000001192092896,0.5794864296913147,0.20697590708732605,0.6028965711593628,0.17538444697856903,1.4420294761657715,0.5714262127876282,0.8246155381202698,0.2664138078689575,0.1621600240468979,474.0,0.1197987049818039,0.9999998807907104,0.7209453267245804,0.23166767461397172,0.31216551457035097,0.3403853919074563,4.0,cef0f246c8e5fec6d472fd065e536d608839e4918d8283d1f48ccc80773bc0c9,MATCHED_ABLATION,PASS,CANONICAL_TONSIL,3.0,32.0,4326,0.0601946999959182
SINGLE_SCALE_DOMINANT,"{""beta"":2.0311803352439513,""conflict_center"":0.3269728691745389,""conflict_penalty"":0.13373372755743823,""conflict_temperature"":0.36380682726609065,""conflict_union_weight"":0.49562066309979397,""edge_floor"":0.3857920713817876,""high_weight"":0.0001,""low_weight"":0.0001,""mass_center"":0.6039672817474324,""mass_temperature"":0.30182340050002404,""move_fraction"":0.15066876674539628,""move_threshold"":0.11917649716795925,""neighbor_capacity"":0.36798978353032935,""retained_bias"":1.1410879279574164,""sweeps"":3,""trust_center"":0.075114796192985,""trust_scale"":0.8784961228478749,""trust_temperature"":0.38327193043646557,""twohop_weight"":0.0001,""unary_temperature"":0.42327254789626595,""view_balance"":0.48003661671338804}",0.23071911850805643,0.31107989079768644,CONTINUOUS_RELIABILITY_ENERGY,0.3104764068726285,5.0,"[485,1306,1148,1387]",tonsil_s1__CEM_I02_040__SINGLE_SCALE_DOMINANT,"{""beta"":2.0311803352439513,""conflict_center"":0.3269728691745389,""conflict_penalty"":0.13373372755743823,""conflict_temperature"":0.36380682726609065,""conflict_union_weight"":0.49562066309979397,""edge_floor"":0.3857920713817876,""high_weight"":0.0001,""low_weight"":0.0001,""mass_center"":0.6039672817474324,""mass_temperature"":0.30182340050002404,""move_fraction"":0.15066876674539628,""move_threshold"":0.11917649716795925,""neighbor_capacity"":0.36798978353032935,""retained_bias"":1.1410879279574164,""sweeps"":3,""trust_center"":0.075114796192985,""trust_scale"":0.8784961228478749,""trust_temperature"":0.38327193043646557,""twohop_weight"":0.0001,""unary_temperature"":0.42327254789626595,""view_balance"":0.48003661671338804}",-0.0009485561059152936,-0.0010856237726645235,4326,,RNA_PROTEIN,0.4989617070933846,tonsil_s1__CEM_I02_040,0.28682215496020613,8fcffb70ed6cfd634707d94d9f809c516ccb53f09fa376a2c7727bcbb886c1f7,False,4,tonsil_s1,0.2497735619544983,1.0000001192092896,0.5794864296913147,0.20697590708732605,0.6028965711593628,0.17538444697856903,1.6586743593215942,0.5632264614105225,0.8246155381202698,0.33130937814712524,0.10546418279409409,485.0,0.1197987049818039,0.9999998807907104,0.7134533372226611,0.23166767461397172,0.31216551457035097,0.33959708028724667,4.0,4fa1b1c9fbfbc5585216cca3733c632cbd658b02c0b59e8aef40d4f4dd036b29,MATCHED_ABLATION,PASS,CANONICAL_TONSIL,2.0,5.0,4326,0.042520700008026324
TRUST_TERM_NEAR_ZERO,"{""beta"":2.0311803352439513,""conflict_center"":0.3269728691745389,""conflict_penalty"":0.13373372755743823,""conflict_temperature"":0.36380682726609065,""conflict_union_weight"":0.49562066309979397,""edge_floor"":0.3857920713817876,""high_weight"":0.693280793277911,""low_weight"":0.9268348408973566,""mass_center"":0.6039672817474324,""mass_temperature"":0.30182340050002404,""move_fraction"":0.15066876674539628,""move_threshold"":0.11917649716795925,""neighbor_capacity"":0.36798978353032935,""retained_bias"":1.1410879279574164,""sweeps"":3,""trust_center"":0.075114796192985,""trust_scale"":0.0001,""trust_temperature"":0.38327193043646557,""twohop_weight"":1.3754400353504026,""unary_temperature"":0.42327254789626595,""view_balance"":0.48003661671338804}",0.2335308850744213,0.313907625645899,CONTINUOUS_RELIABILITY_ENERGY,0.3133061696092312,19.0,"[478,1302,1149,1397]",tonsil_s1__CEM_I02_040__TRUST_TERM_NEAR_ZERO,"{""beta"":2.0311803352439513,""conflict_center"":0.3269728691745389,""conflict_penalty"":0.13373372755743823,""conflict_temperature"":0.36380682726609065,""conflict_union_weight"":0.49562066309979397,""edge_floor"":0.3857920713817876,""high_weight"":0.693280793277911,""low_weight"":0.9268348408973566,""mass_center"":0.6039672817474324,""mass_temperature"":0.30182340050002404,""move_fraction"":0.15066876674539628,""move_threshold"":0.11917649716795925,""neighbor_capacity"":0.36798978353032935,""retained_bias"":1.1410879279574164,""sweeps"":3,""trust_center"":0.075114796192985,""trust_scale"":0.0001,""trust_temperature"":0.38327193043646557,""twohop_weight"":1.3754400353504026,""unary_temperature"":0.42327254789626595,""view_balance"":0.48003661671338804}",0.0018632104604495714,0.0017421110755480584,4326,,RNA_PROTEIN,0.5011409620812667,tonsil_s1__CEM_I02_040,0.2807929611207589,8fcffb70ed6cfd634707d94d9f809c516ccb53f09fa376a2c7727bcbb886c1f7,False,4,tonsil_s1,0.2497735619544983,1.0000001192092896,0.5794864296913147,0.20697590708732605,0.6028965711593628,0.17538444697856903,1.4512064456939697,0.554499089717865,0.8246155381202698,0.3310873210430145,0.11441365629434586,478.0,0.1197987049818039,0.9999998807907104,0.7193024947803696,0.23166767461397172,0.31216551457035097,0.3433985540504859,4.0,2979d699b9727176c7b097c4c95d1b6f39c9ac25bbbae87e6dbd49d4efac5735,MATCHED_ABLATION,PASS,CANONICAL_TONSIL,3.0,19.0,4326,0.05818409999483265
FULL,"{""beta"":2.402396701312452,""conflict_center"":0.14832714749484288,""conflict_penalty"":0.5399485401269029,""conflict_temperature"":0.06524200190978482,""conflict_union_weight"":0.6357008029136035,""edge_floor"":0.0880544712178248,""high_weight"":0.33136605371713324,""low_weight"":0.2466720945642403,""mass_center"":0.05004305154907929,""mass_temperature"":0.22630096343070635,""move_fraction"":0.081749700141684,""move_threshold"":0.27707608997504013,""neighbor_capacity"":0.43136139214472974,""retained_bias"":-0.5958140151778442,""sweeps"":2,""trust_center"":-0.45183770046993743,""trust_scale"":0.142743773809772,""trust_temperature"":0.15952632903222436,""twohop_weight"":1.438889677869702,""unary_temperature"":0.0817517363933288,""view_balance"":-0.858279651929589}",0.2547979281144028,0.3052523860699747,CONTINUOUS_RELIABILITY_ENERGY,0.3046693748719768,17.0,"[1015,1388,433,1683]",tonsil_s2__CEM_I02_008__FULL,"{""beta"":2.402396701312452,""conflict_center"":0.14832714749484288,""conflict_penalty"":0.5399485401269029,""conflict_temperature"":0.06524200190978482,""conflict_union_weight"":0.6357008029136035,""edge_floor"":0.0880544712178248,""high_weight"":0.33136605371713324,""low_weight"":0.2466720945642403,""mass_center"":0.05004305154907929,""mass_temperature"":0.22630096343070635,""move_fraction"":0.081749700141684,""move_threshold"":0.27707608997504013,""neighbor_capacity"":0.43136139214472974,""retained_bias"":-0.5958140151778442,""sweeps"":2,""trust_center"":-0.45183770046993743,""trust_scale"":0.142743773809772,""trust_temperature"":0.15952632903222436,""twohop_weight"":1.438889677869702,""unary_temperature"":0.0817517363933288,""view_balance"":-0.858279651929589}",0.003321537277718445,0.003913857964799039,4518,,RNA_PROTEIN,0.5135218886574944,tonsil_s2__CEM_I02_008,0.2496056977674544,32b5eae3bf02cf0164270e754e2137cb30f3290aec68a097da67f15f43a69a21,True,4,tonsil_s2,0.40952268242836,1.000000238418579,0.4391174912452698,0.19601178169250488,0.43856391310691833,0.32809656858444214,1.313450574874878,0.23957310616970062,0.6719034314155579,0.25559255480766296,0.5048342943191528,433.0,0.2190508395433426,0.9999998807907104,0.7501581986394484,0.2514763908366844,0.30133852810517564,0.361636263238894,4.0,53221a7ac972eebc000ab3f4d61732112c177a488c6e32e87c1e8009da4eee79,MATCHED_ABLATION,PASS,CANONICAL_TONSIL,2.0,17.0,4519,0.05496599999605678
UNIFORM_EDGE_EVIDENCE,"{""beta"":2.402396701312452,""conflict_center"":0.14832714749484288,""conflict_penalty"":0.0001,""conflict_temperature"":0.06524200190978482,""conflict_union_weight"":0.6357008029136035,""edge_floor"":0.9999,""high_weight"":0.33136605371713324,""low_weight"":0.2466720945642403,""mass_center"":0.05004305154907929,""mass_temperature"":0.22630096343070635,""move_fraction"":0.081749700141684,""move_threshold"":0.27707608997504013,""neighbor_capacity"":0.43136139214472974,""retained_bias"":-0.5958140151778442,""sweeps"":2,""trust_center"":-0.45183770046993743,""trust_scale"":0.142743773809772,""trust_temperature"":0.15952632903222436,""twohop_weight"":1.438889677869702,""unary_temperature"":0.0817517363933288,""view_balance"":-0.858279651929589}",0.253213162651314,0.3060014311674558,CONTINUOUS_RELIABILITY_ENERGY,0.30541921518006854,40.0,"[1011,1393,436,1679]",tonsil_s2__CEM_I02_008__UNIFORM_EDGE_EVIDENCE,"{""beta"":2.402396701312452,""conflict_center"":0.14832714749484288,""conflict_penalty"":0.0001,""conflict_temperature"":0.06524200190978482,""conflict_union_weight"":0.6357008029136035,""edge_floor"":0.9999,""high_weight"":0.33136605371713324,""low_weight"":0.2466720945642403,""mass_center"":0.05004305154907929,""mass_temperature"":0.22630096343070635,""move_fraction"":0.081749700141684,""move_threshold"":0.27707608997504013,""neighbor_capacity"":0.43136139214472974,""retained_bias"":-0.5958140151778442,""sweeps"":2,""trust_center"":-0.45183770046993743,""trust_scale"":0.142743773809772,""trust_temperature"":0.15952632903222436,""twohop_weight"":1.438889677869702,""unary_temperature"":0.0817517363933288,""view_balance"":-0.858279651929589}",0.0017367718146296118,0.004662903062280177,4518,,RNA_PROTEIN,0.5123692354365796,tonsil_s2__CEM_I02_008,0.24551089258108585,32b5eae3bf02cf0164270e754e2137cb30f3290aec68a097da67f15f43a69a21,False,4,tonsil_s2,0.4246097803115845,1.0000001192092896,0.4391174912452698,0.19601178169250488,0.9692177176475525,0.42405450344085693,1.3131730556488037,0.23916232585906982,0.5759454965591431,0.25257501006126404,0.5082626342773438,436.0,0.42342424392700195,0.9999998211860657,0.7538659000105749,0.2514763908366844,0.30133852810517564,0.36031366355992356,4.0,762f31545f013b39eb1ff4ac91d92fb5c5fbd41f7caf05b201ba2df46c8a0a39,MATCHED_ABLATION,PASS,CANONICAL_TONSIL,2.0,40.0,4519,0.055036600009771064
NO_REJECTED_MASS_SELF_RETURN,"{""beta"":2.402396701312452,""conflict_center"":0.14832714749484288,""conflict_penalty"":0.5399485401269029,""conflict_temperature"":0.06524200190978482,""conflict_union_weight"":0.6357008029136035,""edge_floor"":0.0880544712178248,""high_weight"":0.33136605371713324,""low_weight"":0.2466720945642403,""mass_center"":-2.0,""mass_temperature"":0.005,""move_fraction"":0.081749700141684,""move_threshold"":0.27707608997504013,""neighbor_capacity"":1.0,""retained_bias"":-0.5958140151778442,""sweeps"":2,""trust_center"":-0.45183770046993743,""trust_scale"":0.142743773809772,""trust_temperature"":0.15952632903222436,""twohop_weight"":1.438889677869702,""unary_temperature"":0.0817517363933288,""view_balance"":-0.858279651929589}",0.23127977694340934,0.28797540285872875,CONTINUOUS_RELIABILITY_ENERGY,0.28738062142624693,253.0,"[1028,1414,462,1615]",tonsil_s2__CEM_I02_008__NO_REJECTED_MASS_SELF_RETURN,"{""beta"":2.402396701312452,""conflict_center"":0.14832714749484288,""conflict_penalty"":0.5399485401269029,""conflict_temperature"":0.06524200190978482,""conflict_union_weight"":0.6357008029136035,""edge_floor"":0.0880544712178248,""high_weight"":0.33136605371713324,""low_weight"":0.2466720945642403,""mass_center"":-2.0,""mass_temperature"":0.005,""move_fraction"":0.081749700141684,""move_threshold"":0.27707608997504013,""neighbor_capacity"":1.0,""retained_bias"":-0.5958140151778442,""sweeps"":2,""trust_center"":-0.45183770046993743,""trust_scale"":0.142743773809772,""trust_temperature"":0.15952632903222436,""twohop_weight"":1.438889677869702,""unary_temperature"":0.0817517363933288,""view_balance"":-0.858279651929589}",-0.02019661389327504,-0.013363125246446894,4518,,RNA_PROTEIN,0.4958928808447773,tonsil_s2__CEM_I02_008,0.22025828477190076,32b5eae3bf02cf0164270e754e2137cb30f3290aec68a097da67f15f43a69a21,False,4,tonsil_s2,1.0,1.000000238418579,0.4391174912452698,0.19601178169250488,0.43856391310691833,1.0,1.3415955305099487,0.2422933131456375,0.0,0.24782493710517883,0.5098817944526672,462.0,1.0,0.9999997615814209,0.7796820706404546,0.2514763908366844,0.30133852810517564,0.3320711679439644,4.0,f609c96dc83cd45f099da0cb8597c4be1bfe664f73009a0173d6b379d432688c,MATCHED_ABLATION,PASS,CANONICAL_TONSIL,2.0,254.0,4519,0.056643000003532507
RETAINED_UNARY_DOMINANT,"{""beta"":2.402396701312452,""conflict_center"":0.14832714749484288,""conflict_penalty"":0.5399485401269029,""conflict_temperature"":0.06524200190978482,""conflict_union_weight"":0.6357008029136035,""edge_floor"":0.0880544712178248,""high_weight"":0.33136605371713324,""low_weight"":0.2466720945642403,""mass_center"":0.05004305154907929,""mass_temperature"":0.22630096343070635,""move_fraction"":0.081749700141684,""move_threshold"":0.27707608997504013,""neighbor_capacity"":0.43136139214472974,""retained_bias"":8.0,""sweeps"":2,""trust_center"":-0.45183770046993743,""trust_scale"":0.142743773809772,""trust_temperature"":0.15952632903222436,""twohop_weight"":1.438889677869702,""unary_temperature"":0.02,""view_balance"":0.0}",0.2534212083348003,0.30346441160834814,CONTINUOUS_RELIABILITY_ENERGY,0.3028798999962258,21.0,"[1015,1388,433,1683]",tonsil_s2__CEM_I02_008__RETAINED_UNARY_DOMINANT,"{""beta"":2.402396701312452,""conflict_center"":0.14832714749484288,""conflict_penalty"":0.5399485401269029,""conflict_temperature"":0.06524200190978482,""conflict_union_weight"":0.6357008029136035,""edge_floor"":0.0880544712178248,""high_weight"":0.33136605371713324,""low_weight"":0.2466720945642403,""mass_center"":0.05004305154907929,""mass_temperature"":0.22630096343070635,""move_fraction"":0.081749700141684,""move_threshold"":0.27707608997504013,""neighbor_capacity"":0.43136139214472974,""retained_bias"":8.0,""sweeps"":2,""trust_center"":-0.45183770046993743,""trust_scale"":0.142743773809772,""trust_temperature"":0.15952632903222436,""twohop_weight"":1.438889677869702,""unary_temperature"":0.02,""view_balance"":0.0}",0.001944817498115925,0.0021258835031724987,4518,,RNA_PROTEIN,0.5125997923586285,tonsil_s2__CEM_I02_008,0.24942127171409484,32b5eae3bf02cf0164270e754e2137cb30f3290aec68a097da67f15f43a69a21,False,4,tonsil_s2,0.40952268242836,1.000000238418579,0.4391174912452698,0.19601178169250488,0.43856391310691833,0.32809656858444214,1.3131098747253418,0.4237563908100128,0.6719034314155579,0.257088303565979,0.31915533542633057,433.0,0.2190508395433426,0.9999998807907104,0.7502109952243359,0.2514763908366844,0.30133852810517564,0.35963375239772216,4.0,74a49e7d8ee8373babdc03f6db4cb5069dda10029da423d30179b39913537f00,MATCHED_ABLATION,PASS,CANONICAL_TONSIL,2.0,21.0,4519,0.055433700006688014
SINGLE_SCALE_DOMINANT,"{""beta"":2.402396701312452,""conflict_center"":0.14832714749484288,""conflict_penalty"":0.5399485401269029,""conflict_temperature"":0.06524200190978482,""conflict_union_weight"":0.6357008029136035,""edge_floor"":0.0880544712178248,""high_weight"":0.0001,""low_weight"":0.0001,""mass_center"":0.05004305154907929,""mass_temperature"":0.22630096343070635,""move_fraction"":0.081749700141684,""move_threshold"":0.27707608997504013,""neighbor_capacity"":0.43136139214472974,""retained_bias"":-0.5958140151778442,""sweeps"":2,""trust_center"":-0.45183770046993743,""trust_scale"":0.142743773809772,""trust_temperature"":0.15952632903222436,""twohop_weight"":0.0001,""unary_temperature"":0.0817517363933288,""view_balance"":-0.858279651929589}",0.25238777225618825,0.3042654666177095,CONTINUOUS_RELIABILITY_ENERGY,0.3036818707600833,13.0,"[1008,1394,438,1679]",tonsil_s2__CEM_I02_008__SINGLE_SCALE_DOMINANT,"{""beta"":2.402396701312452,""conflict_center"":0.14832714749484288,""conflict_penalty"":0.5399485401269029,""conflict_temperature"":0.06524200190978482,""conflict_union_weight"":0.6357008029136035,""edge_floor"":0.0880544712178248,""high_weight"":0.0001,""low_weight"":0.0001,""mass_center"":0.05004305154907929,""mass_temperature"":0.22630096343070635,""move_fraction"":0.081749700141684,""move_threshold"":0.27707608997504013,""neighbor_capacity"":0.43136139214472974,""retained_bias"":-0.5958140151778442,""sweeps"":2,""trust_center"":-0.45183770046993743,""trust_scale"":0.142743773809772,""trust_temperature"":0.15952632903222436,""twohop_weight"":0.0001,""unary_temperature"":0.0817517363933288,""view_balance"":-0.858279651929589}",0.000911381419503865,0.0029269385125338387,4518,,RNA_PROTEIN,0.511788655311206,tonsil_s2__CEM_I02_008,0.2539840160002668,32b5eae3bf02cf0164270e754e2137cb30f3290aec68a097da67f15f43a69a21,False,4,tonsil_s2,0.40952268242836,1.000000238418579,0.4391174912452698,0.19601178169250488,0.43856391310691833,0.32809656858444214,1.5019563436508179,0.1840260624885559,0.6719034314155579,0.3932781219482422,0.4226958155632019,438.0,0.2190508395433426,0.9999998807907104,0.7455124378871135,0.2514763908366844,0.30133852810517564,0.35888068557238656,4.0,13a3c0ea1e5d3cad7915d0d57730bc451ab32fcc9743fa9f64edd4e84a82e465,MATCHED_ABLATION,PASS,CANONICAL_TONSIL,2.0,13.0,4519,0.054267400002572685
TRUST_TERM_NEAR_ZERO,"{""beta"":2.402396701312452,""conflict_center"":0.14832714749484288,""conflict_penalty"":0.5399485401269029,""conflict_temperature"":0.06524200190978482,""conflict_union_weight"":0.6357008029136035,""edge_floor"":0.0880544712178248,""high_weight"":0.33136605371713324,""low_weight"":0.2466720945642403,""mass_center"":0.05004305154907929,""mass_temperature"":0.22630096343070635,""move_fraction"":0.081749700141684,""move_threshold"":0.27707608997504013,""neighbor_capacity"":0.43136139214472974,""retained_bias"":-0.5958140151778442,""sweeps"":2,""trust_center"":-0.45183770046993743,""trust_scale"":0.0001,""trust_temperature"":0.15952632903222436,""twohop_weight"":1.438889677869702,""unary_temperature"":0.0817517363933288,""view_balance"":-0.858279651929589}",0.2547979281144028,0.3052523860699747,CONTINUOUS_RELIABILITY_ENERGY,0.3046693748719768,17.0,"[1015,1388,433,1683]",tonsil_s2__CEM_I02_008__TRUST_TERM_NEAR_ZERO,"{""beta"":2.402396701312452,""conflict_center"":0.14832714749484288,""conflict_penalty"":0.5399485401269029,""conflict_temperature"":0.06524200190978482,""conflict_union_weight"":0.6357008029136035,""edge_floor"":0.0880544712178248,""high_weight"":0.33136605371713324,""low_weight"":0.2466720945642403,""mass_center"":0.05004305154907929,""mass_temperature"":0.22630096343070635,""move_fraction"":0.081749700141684,""move_threshold"":0.27707608997504013,""neighbor_capacity"":0.43136139214472974,""retained_bias"":-0.5958140151778442,""sweeps"":2,""trust_center"":-0.45183770046993743,""trust_scale"":0.0001,""trust_temperature"":0.15952632903222436,""twohop_weight"":1.438889677869702,""unary_temperature"":0.0817517363933288,""view_balance"":-0.858279651929589}",0.003321537277718445,0.003913857964799039,4518,,RNA_PROTEIN,0.5135218886574944,tonsil_s2__CEM_I02_008,0.2496056977674544,32b5eae3bf02cf0164270e754e2137cb30f3290aec68a097da67f15f43a69a21,False,4,tonsil_s2,0.40952268242836,1.000000238418579,0.4391174912452698,0.19601178169250488,0.43856391310691833,0.32809656858444214,1.313450574874878,0.23957310616970062,0.6719034314155579,0.25559255480766296,0.5048342943191528,433.0,0.2190508395433426,0.9999998807907104,0.7501581986394484,0.2514763908366844,0.30133852810517564,0.361636263238894,4.0,53221a7ac972eebc000ab3f4d61732112c177a488c6e32e87c1e8009da4eee79,MATCHED_ABLATION,PASS,CANONICAL_TONSIL,2.0,17.0,4519,0.05155129999911878
FULL,"{""beta"":4.461955906874583,""conflict_center"":0.33118555370294195,""conflict_penalty"":0.005864198173564199,""conflict_temperature"":0.22692612740569326,""conflict_union_weight"":0.5801305983867223,""edge_floor"":0.016522206662802377,""high_weight"":0.043587771640975895,""low_weight"":0.14757395288061384,""mass_center"":0.1772698111647122,""mass_temperature"":0.1284667539224652,""move_fraction"":0.056535327627869184,""move_threshold"":0.539107409708893,""neighbor_capacity"":0.7168028281157485,""retained_bias"":-1.9840796784237549,""sweeps"":7,""trust_center"":1.3327469620081391,""trust_scale"":0.14222868463480018,""trust_temperature"":0.2161617504836488,""twohop_weight"":0.01626083951739446,""unary_temperature"":0.6939408073220904,""view_balance"":-1.6777801521241344}",0.32831055003908766,0.2895243534508425,CONTINUOUS_RELIABILITY_ENERGY,0.28884410086200263,10.0,"[2596,560,1168,197]",tonsil_s3__CEM_I05_007__FULL,"{""beta"":4.461955906874583,""conflict_center"":0.33118555370294195,""conflict_penalty"":0.005864198173564199,""conflict_temperature"":0.22692612740569326,""conflict_union_weight"":0.5801305983867223,""edge_floor"":0.016522206662802377,""high_weight"":0.043587771640975895,""low_weight"":0.14757395288061384,""mass_center"":0.1772698111647122,""mass_temperature"":0.1284667539224652,""move_fraction"":0.056535327627869184,""move_threshold"":0.539107409708893,""neighbor_capacity"":0.7168028281157485,""retained_bias"":-1.9840796784237549,""sweeps"":7,""trust_center"":1.3327469620081391,""trust_scale"":0.14222868463480018,""trust_temperature"":0.2161617504836488,""twohop_weight"":0.01626083951739446,""unary_temperature"":0.6939408073220904,""view_balance"":-1.6777801521241344}",0.002784214938996221,0.0021618477685988458,4460,,RNA_PROTEIN,0.6104290469992378,tonsil_s3__CEM_I05_007,0.3249943416583298,0a2bc17777e90b34f70d878fcb5886f06bfe09ef6219d08c0c862c04cc292589,True,4,tonsil_s3,0.7115575671195984,1.0000001192092896,0.6394970417022705,0.1920577734708786,0.3720894157886505,0.5514242053031921,1.1024452447891235,0.08074319362640381,0.44857579469680786,0.0745314285159111,0.8447253704071045,197.0,0.15947674214839935,0.9999998211860657,0.683139028209993,0.32552633510009144,0.28736250568224364,0.4296440737468825,4.0,a4ddb26b032b423c70fcea19ae71456d5e753186b905d9587133505d8908f4ed,MATCHED_ABLATION,PASS,CANONICAL_TONSIL,3.0,10.0,4521,0.07455180000397377
UNIFORM_EDGE_EVIDENCE,"{""beta"":4.461955906874583,""conflict_center"":0.33118555370294195,""conflict_penalty"":0.0001,""conflict_temperature"":0.22692612740569326,""conflict_union_weight"":0.5801305983867223,""edge_floor"":0.9999,""high_weight"":0.043587771640975895,""low_weight"":0.14757395288061384,""mass_center"":0.1772698111647122,""mass_temperature"":0.1284667539224652,""move_fraction"":0.056535327627869184,""move_threshold"":0.539107409708893,""neighbor_capacity"":0.7168028281157485,""retained_bias"":-1.9840796784237549,""sweeps"":7,""trust_center"":1.3327469620081391,""trust_scale"":0.14222868463480018,""trust_temperature"":0.2161617504836488,""twohop_weight"":0.01626083951739446,""unary_temperature"":0.6939408073220904,""view_balance"":-1.6777801521241344}",0.3218409426039511,0.28347671497114885,CONTINUOUS_RELIABILITY_ENERGY,0.2827903909408085,51.0,"[2600,557,1166,198]",tonsil_s3__CEM_I05_007__UNIFORM_EDGE_EVIDENCE,"{""beta"":4.461955906874583,""conflict_center"":0.33118555370294195,""conflict_penalty"":0.0001,""conflict_temperature"":0.22692612740569326,""conflict_union_weight"":0.5801305983867223,""edge_floor"":0.9999,""high_weight"":0.043587771640975895,""low_weight"":0.14757395288061384,""mass_center"":0.1772698111647122,""mass_temperature"":0.1284667539224652,""move_fraction"":0.056535327627869184,""move_threshold"":0.539107409708893,""neighbor_capacity"":0.7168028281157485,""retained_bias"":-1.9840796784237549,""sweeps"":7,""trust_center"":1.3327469620081391,""trust_scale"":0.14222868463480018,""trust_temperature"":0.2161617504836488,""twohop_weight"":0.01626083951739446,""unary_temperature"":0.6939408073220904,""view_balance"":-1.6777801521241344}",-0.0036853924961403606,-0.0038857907110947942,4460,,RNA_PROTEIN,0.6069068919584382,tonsil_s3__CEM_I05_007,0.3080100939129804,0a2bc17777e90b34f70d878fcb5886f06bfe09ef6219d08c0c862c04cc292589,False,4,tonsil_s3,0.71552574634552,1.000000238418579,0.6394970417022705,0.1920577734708786,0.9680770635604858,0.7152842879295349,1.109144687652588,0.08180193603038788,0.28471577167510986,0.07496865093708038,0.8432294130325317,198.0,0.715056836605072,0.9999998211860657,0.7001099172210739,0.32552633510009144,0.28736250568224364,0.42105779284385314,4.0,0b6912ec51307a412cc5a3140965b591197dc0e8347690f65f5c7e702d79987f,MATCHED_ABLATION,PASS,CANONICAL_TONSIL,4.0,51.0,4521,0.09663159999763593
NO_REJECTED_MASS_SELF_RETURN,"{""beta"":4.461955906874583,""conflict_center"":0.33118555370294195,""conflict_penalty"":0.005864198173564199,""conflict_temperature"":0.22692612740569326,""conflict_union_weight"":0.5801305983867223,""edge_floor"":0.016522206662802377,""high_weight"":0.043587771640975895,""low_weight"":0.14757395288061384,""mass_center"":-2.0,""mass_temperature"":0.005,""move_fraction"":0.056535327627869184,""move_threshold"":0.539107409708893,""neighbor_capacity"":1.0,""retained_bias"":-1.9840796784237549,""sweeps"":7,""trust_center"":1.3327469620081391,""trust_scale"":0.14222868463480018,""trust_temperature"":0.2161617504836488,""twohop_weight"":0.01626083951739446,""unary_temperature"":0.6939408073220904,""view_balance"":-1.6777801521241344}",0.2897572231254598,0.24924357998581761,CONTINUOUS_RELIABILITY_ENERGY,0.24851470870627437,340.0,"[2700,511,1118,192]",tonsil_s3__CEM_I05_007__NO_REJECTED_MASS_SELF_RETURN,"{""beta"":4.461955906874583,""conflict_center"":0.33118555370294195,""conflict_penalty"":0.005864198173564199,""conflict_temperature"":0.22692612740569326,""conflict_union_weight"":0.5801305983867223,""edge_floor"":0.016522206662802377,""high_weight"":0.043587771640975895,""low_weight"":0.14757395288061384,""mass_center"":-2.0,""mass_temperature"":0.005,""move_fraction"":0.056535327627869184,""move_threshold"":0.539107409708893,""neighbor_capacity"":1.0,""retained_bias"":-1.9840796784237549,""sweeps"":7,""trust_center"":1.3327469620081391,""trust_scale"":0.14222868463480018,""trust_temperature"":0.2161617504836488,""twohop_weight"":0.01626083951739446,""unary_temperature"":0.6939408073220904,""view_balance"":-1.6777801521241344}",-0.03576911197463162,-0.038118925696426026,4460,,RNA_PROTEIN,0.5945689772010443,tonsil_s3__CEM_I05_007,0.25450372898010526,0a2bc17777e90b34f70d878fcb5886f06bfe09ef6219d08c0c862c04cc292589,False,4,tonsil_s3,1.0,1.000000238418579,0.6394970417022705,0.1920577734708786,0.3720894157886505,1.0,1.099631428718567,0.08410023897886276,0.0,0.06937836110591888,0.8465214371681213,192.0,1.0,0.9999998211860657,0.7545129709442633,0.32552633510009144,0.28736250568224364,0.37699247612049597,4.0,fd9ef8a1385dd00fb5a7b180619cbee32c721b9100f9ea5c19857c129b203b67,MATCHED_ABLATION,PASS,CANONICAL_TONSIL,7.0,345.0,4521,0.16296159999910742
RETAINED_UNARY_DOMINANT,"{""beta"":4.461955906874583,""conflict_center"":0.33118555370294195,""conflict_penalty"":0.005864198173564199,""conflict_temperature"":0.22692612740569326,""conflict_union_weight"":0.5801305983867223,""edge_floor"":0.016522206662802377,""high_weight"":0.043587771640975895,""low_weight"":0.14757395288061384,""mass_center"":0.1772698111647122,""mass_temperature"":0.1284667539224652,""move_fraction"":0.056535327627869184,""move_threshold"":0.539107409708893,""neighbor_capacity"":0.7168028281157485,""retained_bias"":8.0,""sweeps"":7,""trust_center"":1.3327469620081391,""trust_scale"":0.14222868463480018,""trust_temperature"":0.2161617504836488,""twohop_weight"":0.01626083951739446,""unary_temperature"":0.02,""view_balance"":0.0}",0.3235032761363609,0.28601142241412064,CONTINUOUS_RELIABILITY_ENERGY,0.2853272292174867,13.0,"[2598,564,1167,192]",tonsil_s3__CEM_I05_007__RETAINED_UNARY_DOMINANT,"{""beta"":4.461955906874583,""conflict_center"":0.33118555370294195,""conflict_penalty"":0.005864198173564199,""conflict_temperature"":0.22692612740569326,""conflict_union_weight"":0.5801305983867223,""edge_floor"":0.016522206662802377,""high_weight"":0.043587771640975895,""low_weight"":0.14757395288061384,""mass_center"":0.1772698111647122,""mass_temperature"":0.1284667539224652,""move_fraction"":0.056535327627869184,""move_threshold"":0.539107409708893,""neighbor_capacity"":0.7168028281157485,""retained_bias"":8.0,""sweeps"":7,""trust_center"":1.3327469620081391,""trust_scale"":0.14222868463480018,""trust_temperature"":0.2161617504836488,""twohop_weight"":0.01626083951739446,""unary_temperature"":0.02,""view_balance"":0.0}",-0.002023058963730562,-0.001351083268122999,4460,,RNA_PROTEIN,0.6078134698693481,tonsil_s3__CEM_I05_007,0.3244263847180755,0a2bc17777e90b34f70d878fcb5886f06bfe09ef6219d08c0c862c04cc292589,False,4,tonsil_s3,0.7115575671195984,1.0000001192092896,0.6394970417022705,0.1920577734708786,0.3720894157886505,0.5514242053031921,1.0907481908798218,0.5358256697654724,0.44857579469680786,0.29243794083595276,0.1717364490032196,192.0,0.15947674214839935,0.9999998211860657,0.6836430708216926,0.32552633510009144,0.28736250568224364,0.4236072739813031,4.0,57cb49945ea77b0228abacd3df35ca53ef2d0936347c24962c81fe3fdd15d586,MATCHED_ABLATION,PASS,CANONICAL_TONSIL,3.0,13.0,4521,0.08192450000206009
SINGLE_SCALE_DOMINANT,"{""beta"":4.461955906874583,""conflict_center"":0.33118555370294195,""conflict_penalty"":0.005864198173564199,""conflict_temperature"":0.22692612740569326,""conflict_union_weight"":0.5801305983867223,""edge_floor"":0.016522206662802377,""high_weight"":0.0001,""low_weight"":0.0001,""mass_center"":0.1772698111647122,""mass_temperature"":0.1284667539224652,""move_fraction"":0.056535327627869184,""move_threshold"":0.539107409708893,""neighbor_capacity"":0.7168028281157485,""retained_bias"":-1.9840796784237549,""sweeps"":7,""trust_center"":1.3327469620081391,""trust_scale"":0.14222868463480018,""trust_temperature"":0.2161617504836488,""twohop_weight"":0.0001,""unary_temperature"":0.6939408073220904,""view_balance"":-1.6777801521241344}",0.3274546740260162,0.28866144753985506,CONTINUOUS_RELIABILITY_ENERGY,0.28797997211127696,6.0,"[2598,560,1168,195]",tonsil_s3__CEM_I05_007__SINGLE_SCALE_DOMINANT,"{""beta"":4.461955906874583,""conflict_center"":0.33118555370294195,""conflict_penalty"":0.005864198173564199,""conflict_temperature"":0.22692612740569326,""conflict_union_weight"":0.5801305983867223,""edge_floor"":0.016522206662802377,""high_weight"":0.0001,""low_weight"":0.0001,""mass_center"":0.1772698111647122,""mass_temperature"":0.1284667539224652,""move_fraction"":0.056535327627869184,""move_threshold"":0.539107409708893,""neighbor_capacity"":0.7168028281157485,""retained_bias"":-1.9840796784237549,""sweeps"":7,""trust_center"":1.3327469620081391,""trust_scale"":0.14222868463480018,""trust_temperature"":0.2161617504836488,""twohop_weight"":0.0001,""unary_temperature"":0.6939408073220904,""view_balance"":-1.6777801521241344}",0.0019283389259247552,0.0012989418576114242,4460,,RNA_PROTEIN,0.6100949818114753,tonsil_s3__CEM_I05_007,0.3286185480490168,0a2bc17777e90b34f70d878fcb5886f06bfe09ef6219d08c0c862c04cc292589,False,4,tonsil_s3,0.7115575671195984,1.0000001192092896,0.6394970417022705,0.1920577734708786,0.3720894157886505,0.5514242053031921,1.1299322843551636,0.07879099249839783,0.44857579469680786,0.07830262184143066,0.8429064154624939,195.0,0.15947674214839935,0.9999998211860657,0.6796460039584103,0.32552633510009144,0.28736250568224364,0.42848618066496547,4.0,fb7e7aac3316a9312f8e44e45261b5efee224aa3536dba915d3b14d25e8c03b1,MATCHED_ABLATION,PASS,CANONICAL_TONSIL,2.0,6.0,4521,0.05684040000778623
TRUST_TERM_NEAR_ZERO,"{""beta"":4.461955906874583,""conflict_center"":0.33118555370294195,""conflict_penalty"":0.005864198173564199,""conflict_temperature"":0.22692612740569326,""conflict_union_weight"":0.5801305983867223,""edge_floor"":0.016522206662802377,""high_weight"":0.043587771640975895,""low_weight"":0.14757395288061384,""mass_center"":0.1772698111647122,""mass_temperature"":0.1284667539224652,""move_fraction"":0.056535327627869184,""move_threshold"":0.539107409708893,""neighbor_capacity"":0.7168028281157485,""retained_bias"":-1.9840796784237549,""sweeps"":7,""trust_center"":1.3327469620081391,""trust_scale"":0.0001,""trust_temperature"":0.2161617504836488,""twohop_weight"":0.01626083951739446,""unary_temperature"":0.6939408073220904,""view_balance"":-1.6777801521241344}",0.32831055003908766,0.2895243534508425,CONTINUOUS_RELIABILITY_ENERGY,0.28884410086200263,10.0,"[2596,560,1168,197]",tonsil_s3__CEM_I05_007__TRUST_TERM_NEAR_ZERO,"{""beta"":4.461955906874583,""conflict_center"":0.33118555370294195,""conflict_penalty"":0.005864198173564199,""conflict_temperature"":0.22692612740569326,""conflict_union_weight"":0.5801305983867223,""edge_floor"":0.016522206662802377,""high_weight"":0.043587771640975895,""low_weight"":0.14757395288061384,""mass_center"":0.1772698111647122,""mass_temperature"":0.1284667539224652,""move_fraction"":0.056535327627869184,""move_threshold"":0.539107409708893,""neighbor_capacity"":0.7168028281157485,""retained_bias"":-1.9840796784237549,""sweeps"":7,""trust_center"":1.3327469620081391,""trust_scale"":0.0001,""trust_temperature"":0.2161617504836488,""twohop_weight"":0.01626083951739446,""unary_temperature"":0.6939408073220904,""view_balance"":-1.6777801521241344}",0.002784214938996221,0.0021618477685988458,4460,,RNA_PROTEIN,0.6104290469992378,tonsil_s3__CEM_I05_007,0.3249943416583298,0a2bc17777e90b34f70d878fcb5886f06bfe09ef6219d08c0c862c04cc292589,False,4,tonsil_s3,0.7115575671195984,1.0000001192092896,0.6394970417022705,0.1920577734708786,0.3720894157886505,0.5514242053031921,1.1024452447891235,0.08074319362640381,0.44857579469680786,0.0745314285159111,0.8447253704071045,197.0,0.15947674214839935,0.9999998211860657,0.683139028209993,0.32552633510009144,0.28736250568224364,0.4296440737468825,4.0,a4ddb26b032b423c70fcea19ae71456d5e753186b905d9587133505d8908f4ed,MATCHED_ABLATION,PASS,CANONICAL_TONSIL,3.0,10.0,4521,0.07412079999630805
