stage,dataset,graph_id,seed,head_id,ari,nmi,q,neighbor_agreement,moran_i,geary_c,boundary_disagreement,training_runtime_seconds,head_runtime_seconds,effective_runtime_seconds,peak_gpu_allocated_mib,process_peak_rss_mib,checkpoint_file_sha256,cluster_file_sha256
R1,a1,G00_SP18_F20_CORR_UNION,0,H00_FUSED_PCA20_MCLUST_EEE,0.27759749466173733,0.39611757776087353,0.33685753621130543,0.5635943368968506,0.4783803317174876,0.5260364341033084,0.43640566310314943,22.988198567181826,6.36909362860024,29.357292195782065,768.0126953125,1134.05859375,50d56b443fb88e215b8f65ee9d0b57cdf458eae4a3cc5a09a84d111f630461af,4fca57e8b1fb4e71768a2f021bce565cc7e09e40f31944b7d6b1d986b8a893a3
R1,a1,G00_SP18_F20_CORR_UNION,0,H01_FUSED_DIRECT_MCLUST_EEE,0.21250547292060243,0.3606488874924305,0.28657718020651646,0.5789367234903208,0.5202529682474342,0.48116186360978996,0.42106327650967923,22.988198567181826,26.12502616457641,49.11322473175824,768.0126953125,1134.05859375,50d56b443fb88e215b8f65ee9d0b57cdf458eae4a3cc5a09a84d111f630461af,6e0123d42ae96f081e0e5d35351cebc253320feb9b87145e111d61cc9746ce72
R1,a1,G00_SP18_F20_CORR_UNION,0,H02_FUSED_PCA20_MCLUST_BIC,0.22861308313772832,0.3842878432193928,0.30645046317856056,0.5936434556486565,0.5314497569256146,0.48175222947327734,0.4063565443513435,22.988198567181826,17.76171514391899,40.74991371110082,768.0126953125,1134.05859375,50d56b443fb88e215b8f65ee9d0b57cdf458eae4a3cc5a09a84d111f630461af,e2b73e7118daef07fd07892f9b3af0c601883633ef89c0214354f0aa1089fe64
R1,a1,G00_SP18_F20_CORR_UNION,0,H03_CONCAT_PRIVATE_PCA20_MCLUST_EEE,0.22502962855839462,0.36229671366686533,0.29366317111262996,0.5927766541462005,0.5487481763042126,0.4577445683576117,0.4072233458537995,22.988198567181826,7.1460911724716425,30.134289739653468,768.0126953125,1134.05859375,50d56b443fb88e215b8f65ee9d0b57cdf458eae4a3cc5a09a84d111f630461af,0f78c63bbb4ffae7ad42167e1bf1e66b74ebd172dfcb98b26b9fafe1e7c61d84
R1,a1,G00_SP18_F20_CORR_UNION,0,H04_RELIABILITY_CONCAT3_PCA20_MCLUST_EEE,0.2287205154487488,0.36587589136686505,0.29729820340780694,0.5938168159491476,0.5516174644919205,0.45474954077739904,0.4061831840508524,22.988198567181826,10.91276690736413,33.900965474545956,768.0126953125,1134.05859375,50d56b443fb88e215b8f65ee9d0b57cdf458eae4a3cc5a09a84d111f630461af,05f02571a496c40d4df7775838bd13d9498c36db74736c1efda2edc519df1f04
R1,a1,G00_SP18_F20_CORR_UNION,0,H05_EQUAL3_AFFINITY_SPECTRAL,0.2653134568525383,0.3952915016961548,0.3303024792743465,0.6403062698642011,0.5804083296270155,0.4312394497720568,0.35969373013579886,22.988198567181826,4.511720275506377,27.499918842688203,768.0126953125,1134.05859375,50d56b443fb88e215b8f65ee9d0b57cdf458eae4a3cc5a09a84d111f630461af,c23c0e578f8ae9fafbcb2d5c90cea9f84015d2a70ed055fc095fadea5763df28
R1,a1,G00_SP18_F20_CORR_UNION,0,H06_AGREEMENT3_AFFINITY_SPECTRAL,0.2784031949954822,0.3999295326823624,0.3391663638389223,0.6806125397284022,0.5776972101257262,0.43338089824465864,0.3193874602715978,22.988198567181826,2.6110415272414684,25.599240094423294,768.0126953125,1134.05859375,50d56b443fb88e215b8f65ee9d0b57cdf458eae4a3cc5a09a84d111f630461af,80ebfb2b8a8c7c7f2bde0dde245b9e957b2b304ee25212b93e6a292a7fdc3d55
R1,a1,G00_SP18_F20_CORR_UNION,0,H07_EQUAL3_AFFINITY_SPATIAL05,0.2614574912281547,0.3922760022640107,0.32686674674608274,0.6447847442935568,0.5852155530491662,0.42641379999424894,0.3552152557064432,22.988198567181826,5.1922594625502825,28.180458029732108,768.0126953125,1134.05859375,50d56b443fb88e215b8f65ee9d0b57cdf458eae4a3cc5a09a84d111f630461af,3749a31295356af5d0c99f3b252c78a028bbb530b936ce69fe7a39bb1c4454e8
R1,a1,G00_SP18_F20_CORR_UNION,0,H08_EQUAL3_AFFINITY_SPATIAL10,0.26018034852504424,0.3922547229628343,0.3262175357439393,0.6468361745160358,0.5868218334518984,0.4247671978214311,0.3531638254839642,22.988198567181826,4.8788837641477585,27.867082331329584,768.0126953125,1134.05859375,50d56b443fb88e215b8f65ee9d0b57cdf458eae4a3cc5a09a84d111f630461af,0318113404c4b8313f1bc8918f9ae0b674aacd1b476df70f170e41cac10d61cd
R1,a1,G00_SP18_F20_CORR_UNION,0,H10_MCLUST_POSTERIOR_MRF05,0.27725831046343613,0.3959347499599822,0.33659653021170916,0.5679283444091303,0.4832622329577788,0.5211589754743454,0.4320716555908697,22.988198567181826,7.411731716245413,30.39993028342724,768.0126953125,1134.05859375,50d56b443fb88e215b8f65ee9d0b57cdf458eae4a3cc5a09a84d111f630461af,791c849bfe71948029bd3db1e3e3603bd546b44cc827619938b6930927be80d5
R1,a1,G00_SP18_F20_CORR_UNION,0,H11_MCLUST_POSTERIOR_MRF10,0.27577859007539685,0.39513919913602485,0.3354588946057109,0.5709043629008957,0.4856462137597072,0.5187843299883373,0.42909563709910425,22.988198567181826,7.690334735438228,30.678533302620053,768.0126953125,1134.05859375,50d56b443fb88e215b8f65ee9d0b57cdf458eae4a3cc5a09a84d111f630461af,a749bba82bc4e524ecc6e1fb719740fbeb5b3bc629e17094413e2caa41caed97
R1,a1,G00_SP18_F20_CORR_UNION,1,H00_FUSED_PCA20_MCLUST_EEE,0.2624608191534193,0.3855494280524003,0.3240051236029098,0.5491765385726669,0.4580431283635056,0.5443769405393313,0.4508234614273331,23.481078688055277,6.936917062848806,30.417995750904083,768.7939453125,1168.12890625,85a38c96651f68ccd63dff24198059aaccee1247e5030cafeb1264c48cbb2035,181db3a378580c78650e02b4abaf4601843aa49b0061aa0438f7d031a9328568
R1,a1,G00_SP18_F20_CORR_UNION,1,H01_FUSED_DIRECT_MCLUST_EEE,0.24710991765868615,0.37881915507926517,0.31296453636897564,0.5749494365790234,0.4975282855170793,0.5082515051474299,0.4250505634209766,23.481078688055277,23.01266722753644,46.49374591559172,768.7939453125,1168.12890625,85a38c96651f68ccd63dff24198059aaccee1247e5030cafeb1264c48cbb2035,ecbdafbfc43e620ce5fe20d74d0dab06d416f2c829f96efc32ef263b4a034f06
R1,a1,G00_SP18_F20_CORR_UNION,1,H02_FUSED_PCA20_MCLUST_BIC,0.21334813193515517,0.38202883922177,0.2976884855784626,0.5767119329673505,0.5344643761902225,0.47466529224689163,0.42328806703264954,23.481078688055277,19.244930120185018,42.726008808240294,768.7939453125,1168.12890625,85a38c96651f68ccd63dff24198059aaccee1247e5030cafeb1264c48cbb2035,82f1ca1d17eef114f4da1616031fcfca03a857b6e9d45a43fa18a9386725df23
R1,a1,G00_SP18_F20_CORR_UNION,1,H03_CONCAT_PRIVATE_PCA20_MCLUST_EEE,0.18919254331987975,0.3377363517936706,0.26346444755677517,0.6197341808725801,0.5967532561124764,0.4086469994362617,0.38026581912741986,23.481078688055277,7.151756070554256,30.632834758609533,768.7939453125,1168.12890625,85a38c96651f68ccd63dff24198059aaccee1247e5030cafeb1264c48cbb2035,265a8dd2efbb9aaeebad758b2fef2423632543c21ece1db7f2f627e17b659c1c
R1,a1,G00_SP18_F20_CORR_UNION,1,H04_RELIABILITY_CONCAT3_PCA20_MCLUST_EEE,0.20213740593158913,0.3505450929462061,0.2763412494388976,0.5886737937012424,0.5413503212462604,0.4646305972727949,0.4113262062987576,23.481078688055277,7.527157546952367,31.008236235007644,768.7939453125,1168.12890625,85a38c96651f68ccd63dff24198059aaccee1247e5030cafeb1264c48cbb2035,1a129bbac583c7fe6ba099bd5d475dfc47926fff5b4dda703de48db2e885123b
R1,a1,G00_SP18_F20_CORR_UNION,1,H05_EQUAL3_AFFINITY_SPECTRAL,0.25709531342636066,0.3928365544880172,0.3249659339571889,0.6507078878936724,0.5885814810177145,0.42441677437435954,0.3492921121063276,23.481078688055277,4.005141073837876,27.486219761893153,768.7939453125,1168.12890625,85a38c96651f68ccd63dff24198059aaccee1247e5030cafeb1264c48cbb2035,c2c31a91a4f9cd962ac3c1daaaf29f56a80e8c999526149bfd00be17b51cd3e1
R1,a1,G00_SP18_F20_CORR_UNION,1,H06_AGREEMENT3_AFFINITY_SPECTRAL,0.265297304913892,0.3953327588673841,0.33031503189063804,0.6839352788211499,0.5744712171634416,0.4363146466112542,0.3160647211788501,23.481078688055277,2.186601161956787,25.667679850012064,768.7939453125,1168.12890625,85a38c96651f68ccd63dff24198059aaccee1247e5030cafeb1264c48cbb2035,c5a20969f987826de6824b90efaeab72efcfba80768cb6d08c2f5d1b7ae9b896
R1,a1,G00_SP18_F20_CORR_UNION,1,H07_EQUAL3_AFFINITY_SPATIAL05,0.25594468491100886,0.3917816486419003,0.32386316677645455,0.6540884137532506,0.5931493337958261,0.4199352726290509,0.34591158624674945,23.481078688055277,6.3355081509798765,29.816586839035153,768.7939453125,1168.12890625,85a38c96651f68ccd63dff24198059aaccee1247e5030cafeb1264c48cbb2035,77a40a4182e8c0bbf9babd7fdebde8e2a2fdc38325671129035bc60b193847b8
R1,a1,G00_SP18_F20_CORR_UNION,1,H08_EQUAL3_AFFINITY_SPATIAL10,0.2552781183152959,0.39160905359443304,0.32344358595486444,0.6580179138977175,0.5977137396599093,0.4154609827927157,0.34198208610228253,23.481078688055277,5.460279919207096,28.941358607262373,768.7939453125,1168.12890625,85a38c96651f68ccd63dff24198059aaccee1247e5030cafeb1264c48cbb2035,c47ae911f911cd8747d032872ce7d03ab2a9ca965d12267ffd83b45943c1c1dc
R1,a1,G00_SP18_F20_CORR_UNION,1,H10_MCLUST_POSTERIOR_MRF05,0.26352936521703335,0.3862414428914381,0.3248854040542357,0.5517769430800347,0.4608822925365855,0.5415365147051462,0.44822305691996533,23.481078688055277,7.149498514831066,30.630577202886343,768.7939453125,1168.12890625,85a38c96651f68ccd63dff24198059aaccee1247e5030cafeb1264c48cbb2035,103fceffbdf88b639d526558328b4a5acada951f6f1ee8659c200960dc149be5
R1,a1,G00_SP18_F20_CORR_UNION,1,H11_MCLUST_POSTERIOR_MRF10,0.26325994565807503,0.3859869568431806,0.3246234512506278,0.5540017336030049,0.4638063313388276,0.5386133447707339,0.44599826639699514,23.481078688055277,7.339183246716857,30.820261934772134,768.7939453125,1168.12890625,85a38c96651f68ccd63dff24198059aaccee1247e5030cafeb1264c48cbb2035,1f3d99db687595b5528251e645a47cb3f4498e2399b3adf5b0952da811c7889a
R1,a1,G01_SP3_F20_CORR_UNION,0,H00_FUSED_PCA20_MCLUST_EEE,0.26311220716152317,0.38344753513120977,0.32327987114636647,0.48904940768564,0.3860622209536465,0.6194558781624715,0.51095059231436,18.847932869568467,5.26222512871027,24.110157998278737,764.8974609375,1212.84375,37d5981014a3ebafbac8f8af3344568f851ce83e2ba1a3f87a93a7ed0387acde,9aabae7024375e6e72db8aaec272e310950ce3ac5ede95f13eb63617b40f5f26
R1,a1,G01_SP3_F20_CORR_UNION,0,H01_FUSED_DIRECT_MCLUST_EEE,0.2424197483951232,0.37735054306728427,0.30988514573120374,0.45050563420976597,0.38007051357487404,0.625001328158609,0.549494365790234,18.847932869568467,21.92569064721465,40.77362351678312,764.8974609375,1212.84375,37d5981014a3ebafbac8f8af3344568f851ce83e2ba1a3f87a93a7ed0387acde,afc69dd4e618c3ac4529b2646912fe9c2eedd89096778406c701dc5abeb10df4
R1,a1,G01_SP3_F20_CORR_UNION,0,H02_FUSED_PCA20_MCLUST_BIC,0.22545323826951283,0.37311305146679374,0.2992831448681533,0.48537994799190987,0.4040401738354382,0.6068425948944166,0.5146200520080901,18.847932869568467,16.969093035906553,35.81702590547502,764.8974609375,1212.84375,37d5981014a3ebafbac8f8af3344568f851ce83e2ba1a3f87a93a7ed0387acde,5cdbc2e190bfc22afc23a9a10a77b7fd3f4c8a4b3ddf29ecab51934c94598f95
R1,a1,G01_SP3_F20_CORR_UNION,0,H03_CONCAT_PRIVATE_PCA20_MCLUST_EEE,0.19718023575319238,0.3491520657672653,0.2731661507602289,0.45374169315226814,0.40081937818281477,0.603721585411286,0.5462583068477318,18.847932869568467,8.86197248287499,27.709905352443457,764.8974609375,1212.84375,37d5981014a3ebafbac8f8af3344568f851ce83e2ba1a3f87a93a7ed0387acde,a7e6e6bc4445322ce777bb262fe9ad00b9a7f4a73c4e5145de04a6dec2f39a00
R1,a1,G01_SP3_F20_CORR_UNION,0,H04_RELIABILITY_CONCAT3_PCA20_MCLUST_EEE,0.20343880688478588,0.35832574566488334,0.28088227627483464,0.47867668303958394,0.4240098072605661,0.5805139895843329,0.5213233169604161,18.847932869568467,7.454498251900077,26.302431121468544,764.8974609375,1212.84375,37d5981014a3ebafbac8f8af3344568f851ce83e2ba1a3f87a93a7ed0387acde,32dcdec7eabf9ffb21aa13ec548f0ad2efbf71d3504798ff3b1d27c6a08ab17d
R1,a1,G01_SP3_F20_CORR_UNION,0,H05_EQUAL3_AFFINITY_SPECTRAL,0.27384694913504276,0.3925736549798705,0.3332103020574566,0.5446980641433112,0.4609353707597812,0.5486938728804647,0.45530193585668877,18.847932869568467,4.836549311876297,23.684482181444764,764.8974609375,1212.84375,37d5981014a3ebafbac8f8af3344568f851ce83e2ba1a3f87a93a7ed0387acde,25c4f060f69bcb1f3f49bcd40c98f2ad6a0cf1fcc6ff201f75d4e427dbb98124
R1,a1,G01_SP3_F20_CORR_UNION,0,H06_AGREEMENT3_AFFINITY_SPECTRAL,0.2614819878246821,0.3840939362263334,0.32278796202550775,0.53941057497833,0.4499670768638606,0.556271458142359,0.46058942502167,18.847932869568467,2.160014010965824,21.00794688053429,764.8974609375,1212.84375,37d5981014a3ebafbac8f8af3344568f851ce83e2ba1a3f87a93a7ed0387acde,1f224a1b992ddaf427c51c17af7fc20f4339988f7ba033e970509e064d789ae6
R1,a1,G01_SP3_F20_CORR_UNION,0,H07_EQUAL3_AFFINITY_SPATIAL05,0.27468388872334465,0.3932995911050511,0.33399173991419784,0.546865067899451,0.46393836786191167,0.5458249578564338,0.453134932100549,18.847932869568467,5.814287923276424,24.66222079284489,764.8974609375,1212.84375,37d5981014a3ebafbac8f8af3344568f851ce83e2ba1a3f87a93a7ed0387acde,bc9fe7fe3c879812bb4f1c4f98f782d20cc64a216d93438dc9bb2e2594317818
R1,a1,G01_SP3_F20_CORR_UNION,0,H08_EQUAL3_AFFINITY_SPATIAL10,0.2749727997445764,0.3934696591668339,0.33422122945570515,0.547442935567755,0.4644752320937718,0.5452798779929553,0.45255706443224497,18.847932869568467,6.5364886205643415,25.38442149013281,764.8974609375,1212.84375,37d5981014a3ebafbac8f8af3344568f851ce83e2ba1a3f87a93a7ed0387acde,b12eb20f7a15a2ec3fd4dcadc268ccf02788b7c6bc591ae71195d5b1b001d4c3
R1,a1,G01_SP3_F20_CORR_UNION,0,H10_MCLUST_POSTERIOR_MRF05,0.2643325358909497,0.383996819442523,0.32416467766673634,0.4920543195608206,0.3898527590685454,0.6157018409015815,0.5079456804391794,18.847932869568467,6.211990496143699,25.059923365712166,764.8974609375,1212.84375,37d5981014a3ebafbac8f8af3344568f851ce83e2ba1a3f87a93a7ed0387acde,49eae64c9e9888fe1e9300de649c6e4f6dfff333e3fcc0d81696bef1541ff8ea
R1,a1,G01_SP3_F20_CORR_UNION,0,H11_MCLUST_POSTERIOR_MRF10,0.2650065884529533,0.38434977057128106,0.3246781795121172,0.49347009534816527,0.3918751054541114,0.6136927029046961,0.5065299046518348,18.847932869568467,6.050332879647613,24.89826574921608,764.8974609375,1212.84375,37d5981014a3ebafbac8f8af3344568f851ce83e2ba1a3f87a93a7ed0387acde,c861677e7381bb323ac0d29db17173d0392d2f73ac5c36d06d7df394f4a1cb69
R1,a1,G01_SP3_F20_CORR_UNION,1,H00_FUSED_PCA20_MCLUST_EEE,0.23001065942702756,0.36667420985289273,0.29834243463996013,0.45793123374747186,0.3660319612102887,0.6366176147280876,0.5420687662525281,20.20521504804492,6.14904329739511,26.35425834544003,764.8974609375,1213.125,e1329b41018498bc67fe0b6a7c1431d90db244bf979369aa2d175919e1f262e1,9fd7f901df10f01473536b324e0dc4b56c421714c5e0f2aaa12225e816314758
R1,a1,G01_SP3_F20_CORR_UNION,1,H01_FUSED_DIRECT_MCLUST_EEE,0.23369166584032705,0.3696955353808076,0.3016936006105673,0.458104594047963,0.36463421257531625,0.6392552714965716,0.541895405952037,20.20521504804492,23.25420780852437,43.45942285656929,764.8974609375,1213.125,e1329b41018498bc67fe0b6a7c1431d90db244bf979369aa2d175919e1f262e1,a2ec0d18ca56bbc679a1b5a47b2b888eca43e052213a6264d36c0b20c0d763d8
R1,a1,G01_SP3_F20_CORR_UNION,1,H02_FUSED_PCA20_MCLUST_BIC,0.2111595365472944,0.3740174514164775,0.29258849398188597,0.45215255706443225,0.39804092435697064,0.6097531092830744,0.5478474429355678,20.20521504804492,20.220129687339067,40.42534473538399,764.8974609375,1213.125,e1329b41018498bc67fe0b6a7c1431d90db244bf979369aa2d175919e1f262e1,ad2b8c7433084fa861f67e7bea7f377f0739e9abda0b555922feeccf3d0f1fec
R1,a1,G01_SP3_F20_CORR_UNION,1,H03_CONCAT_PRIVATE_PCA20_MCLUST_EEE,0.24041145010848522,0.36976813903677325,0.30508979457262925,0.5021381103727246,0.4401803450287458,0.567457955737703,0.4978618896272754,20.20521504804492,6.717594653367996,26.922809701412916,764.8974609375,1213.125,e1329b41018498bc67fe0b6a7c1431d90db244bf979369aa2d175919e1f262e1,dc56fd07658b13913d7ffef15c869549530242414d836e2850807451e88ff222
R1,a1,G01_SP3_F20_CORR_UNION,1,H04_RELIABILITY_CONCAT3_PCA20_MCLUST_EEE,0.23806374470340289,0.3723721085916389,0.3052179266475209,0.48668015024559375,0.39425962132008296,0.6087956345727912,0.5133198497544063,20.20521504804492,8.89839649014175,29.10361153818667,764.8974609375,1213.125,e1329b41018498bc67fe0b6a7c1431d90db244bf979369aa2d175919e1f262e1,10057d86469f50f0ba6d5f159f4aadc004be6458447b354350890f19bb90cc93
R1,a1,G01_SP3_F20_CORR_UNION,1,H05_EQUAL3_AFFINITY_SPECTRAL,0.2646454294224405,0.3870711163046959,0.32585827286356817,0.5516035827795435,0.4657837157584569,0.544699860498316,0.44839641722045653,20.20521504804492,4.033665407449007,24.238880455493927,764.8974609375,1213.125,e1329b41018498bc67fe0b6a7c1431d90db244bf979369aa2d175919e1f262e1,25fea34cd92ff4e78d264060b76f76e7d0f8f2614c5125a790a5c6300bd6f2aa
R1,a1,G01_SP3_F20_CORR_UNION,1,H06_AGREEMENT3_AFFINITY_SPECTRAL,0.23959109844342538,0.3729340919598606,0.306262595201643,0.549349898873158,0.46202094475270705,0.5447755285680397,0.450650101126842,20.20521504804492,2.0096880588680506,22.21490310691297,764.8974609375,1213.125,e1329b41018498bc67fe0b6a7c1431d90db244bf979369aa2d175919e1f262e1,8010bb91e4e962ead66403a0234f8d040e8158a9862db05d2e28e3dce3c5a9b5
R1,a1,G01_SP3_F20_CORR_UNION,1,H07_EQUAL3_AFFINITY_SPATIAL05,0.2645399778078428,0.3870745456319876,0.3258072617199152,0.5531638254839641,0.4671752046434481,0.5434107989175448,0.44683617451603586,20.20521504804492,5.722481740638614,25.927696788683534,764.8974609375,1213.125,e1329b41018498bc67fe0b6a7c1431d90db244bf979369aa2d175919e1f262e1,7b21e99c8dc1802f1b48562a86a18323b8b6562b722fbdccacf509004783cdbc
R1,a1,G01_SP3_F20_CORR_UNION,1,H08_EQUAL3_AFFINITY_SPATIAL10,0.26419192114519885,0.3889614374316984,0.32657667928844863,0.5572955793123375,0.47172944287393587,0.5388231116771758,0.44270442068766247,20.20521504804492,5.614696068689227,25.819911116734147,764.8974609375,1213.125,e1329b41018498bc67fe0b6a7c1431d90db244bf979369aa2d175919e1f262e1,842657e0159d58dde5bf7844225def7baf6da69ee7802dc7a63311a156a0660d
R1,a1,G01_SP3_F20_CORR_UNION,1,H10_MCLUST_POSTERIOR_MRF05,0.22968544149576328,0.36644897707091234,0.2980672092833378,0.4600982375036117,0.3677619117918477,0.6349480457622214,0.5399017624963883,20.20521504804492,7.4267204888165,27.63193553686142,764.8974609375,1213.125,e1329b41018498bc67fe0b6a7c1431d90db244bf979369aa2d175919e1f262e1,9cd77556aa0c3dccbdd5c902776d391a074f35bc7126ea9af235047a27c6dc43
R1,a1,G01_SP3_F20_CORR_UNION,1,H11_MCLUST_POSTERIOR_MRF10,0.22993224381811284,0.3665844628596633,0.29825835333888806,0.4626408552441491,0.36993045685623727,0.6328004254155504,0.5373591447558509,20.20521504804492,7.44082603789866,27.64604108594358,764.8974609375,1213.125,e1329b41018498bc67fe0b6a7c1431d90db244bf979369aa2d175919e1f262e1,028f8e73c7a3d25bfde205f763ce5d6469dc3a9f9d981aad9185918760a39655
R1,a1,G02_SP6_F20_CORR_UNION,0,H00_FUSED_PCA20_MCLUST_EEE,0.2588367461823605,0.3828814264361023,0.32085908630923143,0.5108350187806993,0.41252643715830073,0.5930900674728059,0.48916498121930074,17.941871671006083,5.025053674355149,22.966925345361233,765.375,1247.4921875,5c1d79b8cca46ce704d0b727721238684fa700cffe625509c63eba0c4cdbbba2,073e88b78371c0217eadd9d5e485dfe34f3501d26b95f395078602effb455115
R1,a1,G02_SP6_F20_CORR_UNION,0,H01_FUSED_DIRECT_MCLUST_EEE,0.22494080261364496,0.3633664900338681,0.2941536463237565,0.4926610806125397,0.411849430224463,0.5905446473025903,0.5073389193874602,17.941871671006083,19.36798514984548,37.309856820851564,765.375,1247.4921875,5c1d79b8cca46ce704d0b727721238684fa700cffe625509c63eba0c4cdbbba2,7f029d79161cb939bb560fda81d824d94312cea93eab6ca48467b70d4ff40458
R1,a1,G02_SP6_F20_CORR_UNION,0,H02_FUSED_PCA20_MCLUST_BIC,0.21711940184293538,0.37667372799438315,0.29689656491865923,0.5158335741115284,0.4566852456985496,0.5550744616097987,0.4841664258884716,17.941871671006083,14.389319391921163,32.331191062927246,765.375,1247.4921875,5c1d79b8cca46ce704d0b727721238684fa700cffe625509c63eba0c4cdbbba2,ae2766bdbdffa14d3e5379b92cedd41c747fd4532a70ab89364e7f0bfce9307a
R1,a1,G02_SP6_F20_CORR_UNION,0,H03_CONCAT_PRIVATE_PCA20_MCLUST_EEE,0.19553024630360175,0.349112231856688,0.2723212390801449,0.48110372724646056,0.4255876936042853,0.5762679696672534,0.5188962727535394,17.941871671006083,8.208283115178347,26.15015478618443,765.375,1247.4921875,5c1d79b8cca46ce704d0b727721238684fa700cffe625509c63eba0c4cdbbba2,a949334832468436d6aa6f300d3251e95708f5403954fe82f71da5e36206044b
R1,a1,G02_SP6_F20_CORR_UNION,0,H04_RELIABILITY_CONCAT3_PCA20_MCLUST_EEE,0.1988968783865454,0.3532487878622132,0.2760728331243793,0.5069344120196475,0.45607520508288213,0.5487949958214628,0.4930655879803525,17.941871671006083,6.610784126445651,24.552655797451735,765.375,1247.4921875,5c1d79b8cca46ce704d0b727721238684fa700cffe625509c63eba0c4cdbbba2,4757928507bb517f5300c72766ffdb479846ccc9dd380f1f8ee8f5cd27b4e3ad
R1,a1,G02_SP6_F20_CORR_UNION,0,H05_EQUAL3_AFFINITY_SPECTRAL,0.27354301509123513,0.39055979950314135,0.33205140729718824,0.5709332562843109,0.4901818699950514,0.519487274567766,0.4290667437156891,17.941871671006083,3.4849642869085073,21.42683595791459,765.375,1247.4921875,5c1d79b8cca46ce704d0b727721238684fa700cffe625509c63eba0c4cdbbba2,db4f2e557a357dc7290a5a54d30bc14b544838a106219d8fd069e2f44a9235f9
R1,a1,G02_SP6_F20_CORR_UNION,0,H06_AGREEMENT3_AFFINITY_SPECTRAL,0.29481566308317253,0.4077198666060622,0.35126776484461736,0.6030915920254262,0.5319566058459136,0.47805468894707503,0.39690840797457383,17.941871671006083,1.8748993426561356,19.81677101366222,765.375,1247.4921875,5c1d79b8cca46ce704d0b727721238684fa700cffe625509c63eba0c4cdbbba2,7fa2fc2922f905cbf23bbf0e917b7adb08f312d910b35130eaf163b05d20ae3d
R1,a1,G02_SP6_F20_CORR_UNION,0,H07_EQUAL3_AFFINITY_SPATIAL05,0.27223055080942676,0.39004283796135913,0.33113669438539295,0.57226235192141,0.4917328454664315,0.5179892851052826,0.42773764807859005,17.941871671006083,4.588551575317979,22.530423246324062,765.375,1247.4921875,5c1d79b8cca46ce704d0b727721238684fa700cffe625509c63eba0c4cdbbba2,1747c6c002518500370df7257abce51565435d12a4c4e0a2208954c1a950a76b
R1,a1,G02_SP6_F20_CORR_UNION,0,H08_EQUAL3_AFFINITY_SPATIAL10,0.2724669339859216,0.39051011444784817,0.3314885242168849,0.5742271019936435,0.4938558240258434,0.5159200418757388,0.42577289800635654,17.941871671006083,4.615248983725905,22.55712065473199,765.375,1247.4921875,5c1d79b8cca46ce704d0b727721238684fa700cffe625509c63eba0c4cdbbba2,ce9c410df6c69fb6fd031c242bbbfaa9ec4d06222166e40802f2c478c723d837
R1,a1,G02_SP6_F20_CORR_UNION,0,H10_MCLUST_POSTERIOR_MRF05,0.25767250188190377,0.38199769916234305,0.3198351005221234,0.513002022536839,0.4157763774008295,0.5898810097421858,0.486997977463161,17.941871671006083,5.979622278362513,23.921493949368596,765.375,1247.4921875,5c1d79b8cca46ce704d0b727721238684fa700cffe625509c63eba0c4cdbbba2,2f041602d5e2d1c046c60d8bd252755817f2d9299059e0745c10b25c7292bf5c
R1,a1,G02_SP6_F20_CORR_UNION,0,H11_MCLUST_POSTERIOR_MRF10,0.25764115479711325,0.3818563539611169,0.3197487543791151,0.5156602138110373,0.41906041277342726,0.5866272708504725,0.4843397861889627,17.941871671006083,5.89682100340724,23.838692674413323,765.375,1247.4921875,5c1d79b8cca46ce704d0b727721238684fa700cffe625509c63eba0c4cdbbba2,172d0dda008b9a860481f9b6bde28b89efb84db029d9d84a9a201494c4461688
R1,a1,G02_SP6_F20_CORR_UNION,1,H00_FUSED_PCA20_MCLUST_EEE,0.2597094316387663,0.38066158544053275,0.32018550853964955,0.5157468939612828,0.4042407690390538,0.599403212619303,0.4842531060387172,17.94545017555356,4.905979804694653,22.851429980248213,765.375,1247.4921875,3b7f47b9d4801f79787b940f66c32f5617ba00016beeddfaac94212ba057a693,e870a0e2a625bf0756d0bd7c898e8124040c903ca17ea817505b259ba893f800
R1,a1,G02_SP6_F20_CORR_UNION,1,H01_FUSED_DIRECT_MCLUST_EEE,0.22743666115139977,0.36082040414449706,0.2941285326479484,0.4875469517480497,0.3973952880994182,0.6055649747505323,0.5124530482519503,17.94545017555356,20.995305383577943,38.9407555591315,765.375,1247.4921875,3b7f47b9d4801f79787b940f66c32f5617ba00016beeddfaac94212ba057a693,500fd3e89732e5a47bcfe4efb31a45a5de598b0dbb5b5d8823cbfe81082f1031
R1,a1,G02_SP6_F20_CORR_UNION,1,H02_FUSED_PCA20_MCLUST_BIC,0.2379076518537796,0.39677351306042385,0.3173405824571017,0.5342675527304247,0.4698230856983601,0.5418188797286427,0.4657324472695753,17.94545017555356,14.368684815242887,32.31413499079645,765.375,1247.4921875,3b7f47b9d4801f79787b940f66c32f5617ba00016beeddfaac94212ba057a693,1d7634da2bb49b1ed07e20322707b7c205bef58c3495e209e6eb6ad8450c3ba1
R1,a1,G02_SP6_F20_CORR_UNION,1,H03_CONCAT_PRIVATE_PCA20_MCLUST_EEE,0.19119964912831852,0.3373498904005872,0.26427476976445285,0.5535105460849465,0.49967252855011013,0.5075039027696748,0.44648945391505346,17.94545017555356,6.977385096251965,24.922835271805525,765.375,1247.4921875,3b7f47b9d4801f79787b940f66c32f5617ba00016beeddfaac94212ba057a693,b083603b0612a5c3bc04b273ca42161eba0367a65696f70908e13a954e93672f
R1,a1,G02_SP6_F20_CORR_UNION,1,H04_RELIABILITY_CONCAT3_PCA20_MCLUST_EEE,0.20984677752160433,0.35643503651503716,0.28314090701832073,0.4918520658769142,0.4321338959877804,0.5719947963212311,0.5081479341230858,17.94545017555356,6.854787036776543,24.800237212330103,765.375,1247.4921875,3b7f47b9d4801f79787b940f66c32f5617ba00016beeddfaac94212ba057a693,5523e65dbd875a39c57d144fb9c55b43c483cfbb9c22091b202130388a42c82e
R1,a1,G02_SP6_F20_CORR_UNION,1,H05_EQUAL3_AFFINITY_SPECTRAL,0.2681786264183364,0.3952754685203642,0.33172704746935033,0.5816238081479341,0.502051424389576,0.508448777316242,0.41837619185206587,17.94545017555356,3.658057915046811,21.60350809060037,765.375,1247.4921875,3b7f47b9d4801f79787b940f66c32f5617ba00016beeddfaac94212ba057a693,27c2aefb953dc17232e90e94c4bae410e2a62dda0ef59b625008531fa525cd28
R1,a1,G02_SP6_F20_CORR_UNION,1,H06_AGREEMENT3_AFFINITY_SPECTRAL,0.25295416632668727,0.3737910519917901,0.3133726091592387,0.6051719156313204,0.5217492490505743,0.4859586100549326,0.39482808436867955,17.94545017555356,2.1481808833777905,20.09363105893135,765.375,1247.4921875,3b7f47b9d4801f79787b940f66c32f5617ba00016beeddfaac94212ba057a693,c0630d03d13545d2bacb74171b7c40796bbb10d41bf879833b930cfe10d707b4
R1,a1,G02_SP6_F20_CORR_UNION,1,H07_EQUAL3_AFFINITY_SPATIAL05,0.26779534633253993,0.395750352119737,0.3317728492261385,0.5850621207743427,0.5048886616707967,0.5056620851670551,0.4149378792256573,17.94545017555356,4.991941086947918,22.937391262501478,765.375,1247.4921875,3b7f47b9d4801f79787b940f66c32f5617ba00016beeddfaac94212ba057a693,c7c85b3ac17e5dfbfd6a72334e8d187adf8615597dbb78b8d242a1d44a200b5c
R1,a1,G02_SP6_F20_CORR_UNION,1,H08_EQUAL3_AFFINITY_SPATIAL10,0.2672012143997508,0.3954405449015839,0.33132087965066737,0.5867668303958393,0.5059367490894208,0.5046229741173628,0.4132331696041607,17.94545017555356,5.016999412328005,22.962449587881565,765.375,1247.4921875,3b7f47b9d4801f79787b940f66c32f5617ba00016beeddfaac94212ba057a693,db86403e211660122eb807a70323e5ed3f28318795b1d683a5d039482601785c
R1,a1,G02_SP6_F20_CORR_UNION,1,H10_MCLUST_POSTERIOR_MRF05,0.2597402714322649,0.38059491448748545,0.3201675929598752,0.5176249638832707,0.40632921826385565,0.5972908657685394,0.48237503611672927,17.94545017555356,6.723437424749136,24.668887600302696,765.375,1247.4921875,3b7f47b9d4801f79787b940f66c32f5617ba00016beeddfaac94212ba057a693,90909f97dc782952394e14456c7f7a2a1e54eb8a78150f549c6bc15c930dcb21
R1,a1,G02_SP6_F20_CORR_UNION,1,H11_MCLUST_POSTERIOR_MRF10,0.25983226626843764,0.3808436802097905,0.32033797323911406,0.5210632765096793,0.40986864679241286,0.5937948323728037,0.4789367234903207,17.94545017555356,6.444634234532714,24.390084410086274,765.375,1247.4921875,3b7f47b9d4801f79787b940f66c32f5617ba00016beeddfaac94212ba057a693,9ca98f80dcf2fc6c02e1d6dbacff51220ba6dd0ed3e2051f877a011207cb2683
R1,a1,G03_SP10_F20_CORR_UNION,0,H00_FUSED_PCA20_MCLUST_EEE,0.27519558464404986,0.39237978350628067,0.33378768407516524,0.5421265530193585,0.43318519685102147,0.5698199677658718,0.4578734469806415,20.418845845386386,6.1959262881428,26.614772133529186,765.97314453125,1256.08203125,359f4bd4e2ff111f9bbd1829762d1f50f502e7112e40ef82adfd53a5436c21f9,c0784b92eb027911005eb0388cb769febd3c665e7418b277f6326997084ee5bf
R1,a1,G03_SP10_F20_CORR_UNION,0,H01_FUSED_DIRECT_MCLUST_EEE,0.24032299471278987,0.37253459946321754,0.3064287970880037,0.515024559375903,0.4336024720622068,0.5690227216120239,0.48497544062409703,20.418845845386386,22.206004071980715,42.6248499173671,765.97314453125,1256.08203125,359f4bd4e2ff111f9bbd1829762d1f50f502e7112e40ef82adfd53a5436c21f9,2dcaffd5911004eb4428c39b12f91cb0e354fb38724b54018cf49eacd3b6bb79
R1,a1,G03_SP10_F20_CORR_UNION,0,H02_FUSED_PCA20_MCLUST_BIC,0.23556553028607202,0.3897679025127911,0.31266671639943155,0.5652990465183473,0.5094895102482276,0.5015904684666312,0.4347009534816527,20.418845845386386,14.207531338557601,34.62637718394399,765.97314453125,1256.08203125,359f4bd4e2ff111f9bbd1829762d1f50f502e7112e40ef82adfd53a5436c21f9,9e10baaec913d7cfe759a0cbd0ccfa9eb698337b981de5e2cb28788bebe6b007
R1,a1,G03_SP10_F20_CORR_UNION,0,H03_CONCAT_PRIVATE_PCA20_MCLUST_EEE,0.19896517867758545,0.35271999647269414,0.2758425875751398,0.5437445824906096,0.49885171366728837,0.5069031777156099,0.45625541750939036,20.418845845386386,5.666481586173177,26.085327431559563,765.97314453125,1256.08203125,359f4bd4e2ff111f9bbd1829762d1f50f502e7112e40ef82adfd53a5436c21f9,7315ed4d1df3d3dedec2188fc7223964ce05e14ef3026bf022e9e223e0e7cf22
R1,a1,G03_SP10_F20_CORR_UNION,0,H04_RELIABILITY_CONCAT3_PCA20_MCLUST_EEE,0.21184055907817156,0.3625859507666612,0.2872132549224164,0.5255128575556197,0.4634074468065833,0.5390395325325013,0.4744871424443803,20.418845845386386,8.383323043584824,28.80216888897121,765.97314453125,1256.08203125,359f4bd4e2ff111f9bbd1829762d1f50f502e7112e40ef82adfd53a5436c21f9,0152978fa5403cca5b79a6281d0895d5b5832cc398d8a76b592c02d80dd37192
R1,a1,G03_SP10_F20_CORR_UNION,0,H05_EQUAL3_AFFINITY_SPECTRAL,0.27094856401810424,0.3972776040620461,0.33411308404007517,0.6015602427044207,0.5374710319433775,0.4741294765801758,0.39843975729557934,20.418845845386386,3.4938913341611624,23.91273717954755,765.97314453125,1256.08203125,359f4bd4e2ff111f9bbd1829762d1f50f502e7112e40ef82adfd53a5436c21f9,c7dbf54487f75948244951a676491f7b0b7b50f451dbc8e495688c816be09404
R1,a1,G03_SP10_F20_CORR_UNION,0,H06_AGREEMENT3_AFFINITY_SPECTRAL,0.2904666443323592,0.4086371939007008,0.34955191911653,0.6306269864201098,0.569916159023729,0.4419770744376833,0.36937301357989016,20.418845845386386,1.7905925065279007,22.209438351914287,765.97314453125,1256.08203125,359f4bd4e2ff111f9bbd1829762d1f50f502e7112e40ef82adfd53a5436c21f9,0080032d84975714a63e0a60edcb11be98360b8dc1fd2a248b4afc400d8e4bdc
R1,a1,G03_SP10_F20_CORR_UNION,0,H07_EQUAL3_AFFINITY_SPATIAL05,0.2704333541707012,0.3982762101746703,0.33435478217268577,0.6046229413464317,0.540324260505327,0.47130614350205696,0.3953770586535683,20.418845845386386,4.109868703410029,24.528714548796415,765.97314453125,1256.08203125,359f4bd4e2ff111f9bbd1829762d1f50f502e7112e40ef82adfd53a5436c21f9,36762db48cdd0631ab2c93431a19f001d3d58580e5f4f2e63e6ff3fcadac06f5
R1,a1,G03_SP10_F20_CORR_UNION,0,H08_EQUAL3_AFFINITY_SPATIAL10,0.26908055342750054,0.39801891240251225,0.3335497329150064,0.6075700664547818,0.5438288558062221,0.4677673580712941,0.39242993354521816,20.418845845386386,4.164061872288585,24.58290771767497,765.97314453125,1256.08203125,359f4bd4e2ff111f9bbd1829762d1f50f502e7112e40ef82adfd53a5436c21f9,dfcc10eae3d7d79d3610a02fa51efece02899badbeda0192e0091b97b867af62
R1,a1,G03_SP10_F20_CORR_UNION,0,H10_MCLUST_POSTERIOR_MRF05,0.2753290470317525,0.39284013317216326,0.3340845901019579,0.5440046229413464,0.43397666076408825,0.568924886773702,0.45599537705865356,20.418845845386386,7.062628451734781,27.481474297121167,765.97314453125,1256.08203125,359f4bd4e2ff111f9bbd1829762d1f50f502e7112e40ef82adfd53a5436c21f9,d3b3f3024b59d6c7c3fda8d6e3b5d2c529d80c1545a29e48140959ec56114c3c
R1,a1,G03_SP10_F20_CORR_UNION,0,H11_MCLUST_POSTERIOR_MRF10,0.2750199225045388,0.39287347656148597,0.33394669953301237,0.5466339208321295,0.43819774084427854,0.5646388329422732,0.45336607916787053,20.418845845386386,7.115903304889798,27.534749150276184,765.97314453125,1256.08203125,359f4bd4e2ff111f9bbd1829762d1f50f502e7112e40ef82adfd53a5436c21f9,d6fffa549d8ba92e411a2025ff35ad36f26fe108a6687364e12c9357fb38fbe5
R1,a1,G03_SP10_F20_CORR_UNION,1,H00_FUSED_PCA20_MCLUST_EEE,0.2585858836661362,0.38282259275268643,0.3207042382094113,0.5236636810170471,0.42851242420084734,0.5737773988076238,0.4763363189829529,25.224882831797004,8.552509728819132,33.777392560616136,765.97314453125,1256.08203125,b571f6cc300d61ac24342b6ffb5781e7152ded55d3456318f3365c2b3bcdf38e,338c908f74bd261e90acf7e147d03f04c45de4d9d94fca20b85c3b3e134976c6
R1,a1,G03_SP10_F20_CORR_UNION,1,H01_FUSED_DIRECT_MCLUST_EEE,0.25197601037805695,0.3776386198544189,0.31480731511623794,0.5390349609939324,0.44572098400444543,0.5599781024650513,0.46096503900606756,25.224882831797004,22.23244365118444,47.45732648298144,765.97314453125,1256.08203125,b571f6cc300d61ac24342b6ffb5781e7152ded55d3456318f3365c2b3bcdf38e,9ea85b2b6f9782d87d1d647bea2531386bb7c67563f2644bf792f1a9fc2666a0
R1,a1,G03_SP10_F20_CORR_UNION,1,H02_FUSED_PCA20_MCLUST_BIC,0.2243419410970133,0.38523595976913627,0.3047889504330748,0.5513435423288067,0.4885397137740587,0.5261767009598883,0.44865645767119333,25.224882831797004,18.811838252469897,44.0367210842669,765.97314453125,1256.08203125,b571f6cc300d61ac24342b6ffb5781e7152ded55d3456318f3365c2b3bcdf38e,cacb1375dbc3ac69e60f8e87602bad4e50e9237e8b90cb5cd6a67a7f1d35ceb1
R1,a1,G03_SP10_F20_CORR_UNION,1,H03_CONCAT_PRIVATE_PCA20_MCLUST_EEE,0.19402064854371115,0.3407375698325542,0.2673791091881327,0.5870557642299913,0.5349695578850159,0.47200960001908765,0.4129442357700087,25.224882831797004,6.906467720866203,32.13135055266321,765.97314453125,1256.08203125,b571f6cc300d61ac24342b6ffb5781e7152ded55d3456318f3365c2b3bcdf38e,d855c1e786eae5a97b08669db67f5e902c78de7187b71f57726bcd366cf36a19
R1,a1,G03_SP10_F20_CORR_UNION,1,H04_RELIABILITY_CONCAT3_PCA20_MCLUST_EEE,0.21347445806375526,0.3626845978448072,0.28807952795428127,0.5214099971106616,0.46585292523852423,0.5383420848483582,0.4785900028893384,25.224882831797004,6.471391312777996,31.696274144575,765.97314453125,1256.08203125,b571f6cc300d61ac24342b6ffb5781e7152ded55d3456318f3365c2b3bcdf38e,6cfdb676f6443fd42eed17ebb70b123cdda2e5a71bd46d389899b6b04142335a
R1,a1,G03_SP10_F20_CORR_UNION,1,H05_EQUAL3_AFFINITY_SPECTRAL,0.25891330608531016,0.39509143051434464,0.32700236829982743,0.6157180005778676,0.5459519507477776,0.46560970158269466,0.38428199942213237,25.224882831797004,3.5717504266649485,28.796633258461952,765.97314453125,1256.08203125,b571f6cc300d61ac24342b6ffb5781e7152ded55d3456318f3365c2b3bcdf38e,93ed25c1a1fb39af4ebd39aec7509ae26cbbb4b2580979dc81e3c953174de9c3
R1,a1,G03_SP10_F20_CORR_UNION,1,H06_AGREEMENT3_AFFINITY_SPECTRAL,0.2629858239225078,0.3943785201427479,0.32868217203262784,0.6514591158624675,0.5347881532706303,0.47454685344070063,0.3485408841375325,25.224882831797004,2.9063858315348625,28.131268663331866,765.97314453125,1256.08203125,b571f6cc300d61ac24342b6ffb5781e7152ded55d3456318f3365c2b3bcdf38e,e13966acf71dce4bd1802ab651c7c1a41e8c93025b57366730626fd11004df5a
R1,a1,G03_SP10_F20_CORR_UNION,1,H07_EQUAL3_AFFINITY_SPATIAL05,0.25889300259065734,0.3967157618833462,0.32780438223700176,0.6178561109505923,0.549670308536315,0.46185998491176,0.38214388904940766,25.224882831797004,6.236889019608498,31.4617718514055,765.97314453125,1256.08203125,b571f6cc300d61ac24342b6ffb5781e7152ded55d3456318f3365c2b3bcdf38e,2c928d84887806916e54d27036756231ef129a5b73934a8eadbeeea4ab90dd64
R1,a1,G03_SP10_F20_CORR_UNION,1,H08_EQUAL3_AFFINITY_SPATIAL10,0.25862366780403456,0.3965368186366759,0.3275802432203552,0.6219878647789656,0.553863843886157,0.45763786625565606,0.3780121352210344,25.224882831797004,5.637233462184668,30.86211629398167,765.97314453125,1256.08203125,b571f6cc300d61ac24342b6ffb5781e7152ded55d3456318f3365c2b3bcdf38e,8f0763e82550275c90e04f455a8bc76d51b1198273fbdae41656b237dcfb174c
R1,a1,G03_SP10_F20_CORR_UNION,1,H10_MCLUST_POSTERIOR_MRF05,0.2596832855473164,0.3835484775263772,0.32161588153684684,0.5261196186073389,0.43134501174852813,0.5709072809077249,0.4738803813926611,25.224882831797004,10.556183887645602,35.781066719442606,765.97314453125,1256.08203125,b571f6cc300d61ac24342b6ffb5781e7152ded55d3456318f3365c2b3bcdf38e,ef5c0e755c36eaf2091455f8094697481d9b9a724af853f416ab2bc59dd334b0
R1,a1,G03_SP10_F20_CORR_UNION,1,H11_MCLUST_POSTERIOR_MRF10,0.2596236507293046,0.38349868735380593,0.3215611690415553,0.5300202253683907,0.4360447764514368,0.566185358830717,0.46997977463160934,25.224882831797004,10.096281630918384,35.32116446271539,765.97314453125,1256.08203125,b571f6cc300d61ac24342b6ffb5781e7152ded55d3456318f3365c2b3bcdf38e,ebab37cec65f82aa7b81daef488c61f0ba873fa1b92f57fa769035026913f68c
R1,a1,G04_SP10_F10_EUC_UNION,0,H00_FUSED_PCA20_MCLUST_EEE,0.26423598879218807,0.3932418156925421,0.32873890224236507,0.554897428488876,0.4490088370571807,0.554564103452368,0.445102571511124,19.94807893410325,5.982555156573653,25.930634090676904,764.048828125,1256.08203125,831491c0593e88e275d94ce010501a2f6a637cc9c4cd57292f5cc6222563f4f0,46c27593610f64c940c740dda94bf572eaeec80e2441511dd05628a311cc7db1
R1,a1,G04_SP10_F10_EUC_UNION,0,H01_FUSED_DIRECT_MCLUST_EEE,0.25059551292897153,0.3928989601895297,0.32174723655925064,0.5591447558509102,0.4681735923462259,0.5370833691609737,0.44085524414908983,19.94807893410325,23.560458360239863,43.508537294343114,764.048828125,1256.08203125,831491c0593e88e275d94ce010501a2f6a637cc9c4cd57292f5cc6222563f4f0,a10828484541669ffe7685b4a54d694701ec4c24f38d57bec03e220dcfe434ab
R1,a1,G04_SP10_F10_EUC_UNION,0,H02_FUSED_PCA20_MCLUST_BIC,0.22911869223613512,0.3870868093262432,0.30810275078118915,0.5691707598959839,0.4986083420553752,0.5135270647334422,0.43082924010401613,19.94807893410325,18.24897174537182,38.19705067947507,764.048828125,1256.08203125,831491c0593e88e275d94ce010501a2f6a637cc9c4cd57292f5cc6222563f4f0,f4cbb89cb658794559b3dac1439c0252699dc640bfb9c5ea1ec2d0b3084bc37e
R1,a1,G04_SP10_F10_EUC_UNION,0,H03_CONCAT_PRIVATE_PCA20_MCLUST_EEE,0.21961699823397784,0.3682115350501411,0.29391426664205944,0.5929789078301069,0.5449418202547768,0.4614690982231095,0.40702109216989313,19.94807893410325,5.998383533209562,25.946462467312813,764.048828125,1256.08203125,831491c0593e88e275d94ce010501a2f6a637cc9c4cd57292f5cc6222563f4f0,9a081412d3bb04773aad1ae856aa1c64addf136672efd801d4124c1f5b750042
R1,a1,G04_SP10_F10_EUC_UNION,0,H04_RELIABILITY_CONCAT3_PCA20_MCLUST_EEE,0.23272648272073393,0.381315867515082,0.30702117511790794,0.5605316382548396,0.5098591393790206,0.4936057741979106,0.43946836174516035,19.94807893410325,11.50283858180046,31.45091751590371,764.048828125,1256.08203125,831491c0593e88e275d94ce010501a2f6a637cc9c4cd57292f5cc6222563f4f0,6441deb6768463b16f52fc5856ea9c73cb14be485b192dabad4b3ec97d924c2b
R1,a1,G04_SP10_F10_EUC_UNION,0,H05_EQUAL3_AFFINITY_SPECTRAL,0.2744679880037527,0.4147370479615583,0.3446025179826555,0.6167581623808148,0.5499301490114089,0.46285877900957717,0.3832418376191852,19.94807893410325,3.8279010225087404,23.77597995661199,764.048828125,1256.08203125,831491c0593e88e275d94ce010501a2f6a637cc9c4cd57292f5cc6222563f4f0,481f88fdd438b987352f88cbc4c7f2f8770be2b70d03d40e62adac5a3eae6820
R1,a1,G04_SP10_F10_EUC_UNION,0,H06_AGREEMENT3_AFFINITY_SPECTRAL,0.25898248244354644,0.40193512224310995,0.3304588023433282,0.6254550707887894,0.5737505931751181,0.4377567895111909,0.37454492921121063,19.94807893410325,2.6352947279810905,22.58337366208434,764.048828125,1256.08203125,831491c0593e88e275d94ce010501a2f6a637cc9c4cd57292f5cc6222563f4f0,e4a72718d17e4acbdb78ca6afe24c1649f1659d49c5023cd72dd53b5e641b5e4
R1,a1,G04_SP10_F10_EUC_UNION,0,H07_EQUAL3_AFFINITY_SPATIAL05,0.2744121604610879,0.41482681875400146,0.3446194896075447,0.619416353655013,0.5517373088276173,0.4610732728795009,0.380583646344987,19.94807893410325,5.475586049258709,25.42366498336196,764.048828125,1256.08203125,831491c0593e88e275d94ce010501a2f6a637cc9c4cd57292f5cc6222563f4f0,d4e687e32a6e411ff2606775db123d6a01a84c702e847ce11046b13de036ea44
R1,a1,G04_SP10_F10_EUC_UNION,0,H08_EQUAL3_AFFINITY_SPATIAL10,0.27398545691348236,0.4140129665449922,0.3439992117292373,0.6212077434267552,0.5532392044592698,0.45966771309759274,0.3787922565732448,19.94807893410325,4.921895483508706,24.869974417611957,764.048828125,1256.08203125,831491c0593e88e275d94ce010501a2f6a637cc9c4cd57292f5cc6222563f4f0,bd0a4b532dbde332d6e710efc58bcdea65a5b811b7d045461a9264fe3b73d7bf
R1,a1,G04_SP10_F10_EUC_UNION,0,H10_MCLUST_POSTERIOR_MRF05,0.26489203141738465,0.39448805375035256,0.3296900425838686,0.5587691418665126,0.4535053322294904,0.5500903291857984,0.4412308581334874,19.94807893410325,8.197921749204397,28.146000683307648,764.048828125,1256.08203125,831491c0593e88e275d94ce010501a2f6a637cc9c4cd57292f5cc6222563f4f0,8dd87715982702daef11e87657e21afbe718be1f70d4469b2e379ab6a3930e96
R1,a1,G04_SP10_F10_EUC_UNION,0,H11_MCLUST_POSTERIOR_MRF10,0.26451378900917866,0.3945311512347008,0.3295224701219397,0.5608494654724068,0.4555623785162137,0.5480378338905153,0.43915053452759323,19.94807893410325,7.95605356246233,27.90413249656558,764.048828125,1256.08203125,831491c0593e88e275d94ce010501a2f6a637cc9c4cd57292f5cc6222563f4f0,c493d0abcaa88a5d3a6c87db7df5a526249d976fd600086e0fc1b23468ab24a7
R1,a1,G04_SP10_F10_EUC_UNION,1,H00_FUSED_PCA20_MCLUST_EEE,0.2645261139443473,0.4018592865444698,0.3331927002444085,0.5417798324183762,0.4561073836938955,0.5502970406079486,0.45822016758162376,17.74400205910206,5.404928341507912,23.14893040060997,764.048828125,1256.08203125,e6d8e9e02677b5ab24df32b6709a067036d811f4a29e218ab90902a834e7cf56,434c5e7daecb9e76c7331ba3a45807040b900adc11ca3b0e01901a543fc368ad
R1,a1,G04_SP10_F10_EUC_UNION,1,H01_FUSED_DIRECT_MCLUST_EEE,0.23423049277169394,0.3793024088891686,0.3067664508304313,0.5386015602427044,0.4636681941625448,0.5398770883429179,0.46139843975729555,17.74400205910206,30.510874094441533,48.25487615354359,764.048828125,1256.08203125,e6d8e9e02677b5ab24df32b6709a067036d811f4a29e218ab90902a834e7cf56,4ca0420129983e1f0540a1ffaf0a09e43bea6419af39645da1139405a26a3d5a
R1,a1,G04_SP10_F10_EUC_UNION,1,H02_FUSED_PCA20_MCLUST_BIC,0.2275233192568199,0.4019059384774043,0.3147146288671121,0.5606761051719157,0.4815669715643871,0.5316685232708088,0.4393238948280843,17.74400205910206,19.773707887157798,37.517709946259856,764.048828125,1256.08203125,e6d8e9e02677b5ab24df32b6709a067036d811f4a29e218ab90902a834e7cf56,421930787c1e802fa3e233e7c43a294feddf0128a93c6ca40eb3542c424620e5
R1,a1,G04_SP10_F10_EUC_UNION,1,H03_CONCAT_PRIVATE_PCA20_MCLUST_EEE,0.21425201258921353,0.36317792786635666,0.2887149702277851,0.5936434556486565,0.5496582247602365,0.4573016690831334,0.4063565443513435,17.74400205910206,7.34280482493341,25.086806884035468,764.048828125,1256.08203125,e6d8e9e02677b5ab24df32b6709a067036d811f4a29e218ab90902a834e7cf56,cb33cb66ffb6105e350c11e9946ae66342e78a7f084c843111794791edf671cb
R1,a1,G04_SP10_F10_EUC_UNION,1,H04_RELIABILITY_CONCAT3_PCA20_MCLUST_EEE,0.25004893010749607,0.38924009775640317,0.3196445139319496,0.5587691418665126,0.4909814716084352,0.5165902774497401,0.4412308581334874,17.74400205910206,7.167999757453799,24.912001816555858,764.048828125,1256.08203125,e6d8e9e02677b5ab24df32b6709a067036d811f4a29e218ab90902a834e7cf56,e2bacb5b9b704a1d1e6769208a8b3b301e2b7360080b9bc586e59bff7be27d07
R1,a1,G04_SP10_F10_EUC_UNION,1,H05_EQUAL3_AFFINITY_SPECTRAL,0.2672471914408437,0.41326906898705384,0.3402581302139488,0.6276220745449292,0.5587973329910844,0.45437093774630793,0.37237792545507076,17.74400205910206,4.768440667539835,22.512442726641893,764.048828125,1256.08203125,e6d8e9e02677b5ab24df32b6709a067036d811f4a29e218ab90902a834e7cf56,8561119d18ab49b6152aa9b0e81c3e8ca9c21d8d4bb450f47ee2d1ecf5df2021
R1,a1,G04_SP10_F10_EUC_UNION,1,H06_AGREEMENT3_AFFINITY_SPECTRAL,0.2603240661505239,0.40202081647550136,0.3311724413130126,0.6711066165848021,0.6097609694767585,0.40143878519960374,0.3288933834151979,17.74400205910206,3.2677768617868423,21.0117789208889,764.048828125,1256.08203125,e6d8e9e02677b5ab24df32b6709a067036d811f4a29e218ab90902a834e7cf56,97b8c4e49050a18b8eaccd5908acd6d8a6289859d15722c7f056bfee1880c11c
R1,a1,G04_SP10_F10_EUC_UNION,1,H07_EQUAL3_AFFINITY_SPATIAL05,0.26685146648320185,0.4124427007729009,0.3396470836280514,0.6302802658191274,0.5612395896606974,0.45191898991163393,0.36971973418087256,17.74400205910206,4.743441376835108,22.487443435937166,764.048828125,1256.08203125,e6d8e9e02677b5ab24df32b6709a067036d811f4a29e218ab90902a834e7cf56,225d0039967b508e5c8af81345e63956edda83e9d069fd0342925fb4f59ffac5
R1,a1,G04_SP10_F10_EUC_UNION,1,H08_EQUAL3_AFFINITY_SPATIAL10,0.26523625583631955,0.4116367251558878,0.3384364904961037,0.6331984975440624,0.5631502866155528,0.4499726857443793,0.36680150245593757,17.74400205910206,4.42396142706275,22.16796348616481,764.048828125,1256.08203125,e6d8e9e02677b5ab24df32b6709a067036d811f4a29e218ab90902a834e7cf56,aaa3db5c8f639cccff1f78e4d2ab41786120ffc7fc5be4f84ff287e7bc4a770d
R1,a1,G04_SP10_F10_EUC_UNION,1,H10_MCLUST_POSTERIOR_MRF05,0.26543982568681174,0.40274813437702656,0.33409398003191915,0.5446980641433112,0.46017187850687125,0.5462024539873829,0.45530193585668877,17.74400205910206,6.126679431647062,23.87068149074912,764.048828125,1256.08203125,e6d8e9e02677b5ab24df32b6709a067036d811f4a29e218ab90902a834e7cf56,30871c4e483e78101a19157df2b0c138055ce3e50f1ad4063bcd47d3d4eb8831
R1,a1,G04_SP10_F10_EUC_UNION,1,H11_MCLUST_POSTERIOR_MRF10,0.2641532173449027,0.4018320312056032,0.33299262427525295,0.5476740826350766,0.46318431140055366,0.5432158337779478,0.45232591736492345,17.74400205910206,5.973479153588414,23.717481212690473,764.048828125,1256.08203125,e6d8e9e02677b5ab24df32b6709a067036d811f4a29e218ab90902a834e7cf56,2234bd683c6acebd6469e4a9716b3acaeb8990eaaf75340c4e75ae9ef86ad1e0
R1,a1,G05_SP6_F10_EUC_UNION,0,H00_FUSED_PCA20_MCLUST_EEE,0.2683854544717683,0.3967920936711491,0.3325887740714587,0.5258017913897718,0.4285690912732374,0.5746597832372002,0.4741982086102282,21.242298955097795,6.42102469317615,27.663323648273945,763.45068359375,1256.08203125,511549c4203d1ff2d46b7e9674f6e8ff0a53b1d91bff756ef5fae3d23eba61e2,c15d23368482381687b516de7e01b7d5259c5fb86524abfcbc69bb7ae31d8029
R1,a1,G05_SP6_F10_EUC_UNION,0,H01_FUSED_DIRECT_MCLUST_EEE,0.2431973270068792,0.3842361539417162,0.3137167404742977,0.5028893383415198,0.4128882284280683,0.5903168723277017,0.49711066165848017,21.242298955097795,25.52166347205639,46.76396242715418,763.45068359375,1256.08203125,511549c4203d1ff2d46b7e9674f6e8ff0a53b1d91bff756ef5fae3d23eba61e2,3bbcc8d74bb76be30a284b2ab06a13e9d174c0bb173360c619a188c3fa38da94
R1,a1,G05_SP6_F10_EUC_UNION,0,H02_FUSED_PCA20_MCLUST_BIC,0.23972159825921308,0.39518030985725017,0.31745095405823165,0.5419242993354522,0.46837397640512657,0.542142431373102,0.45807570066454784,21.242298955097795,20.083293249830604,41.3255922049284,763.45068359375,1256.08203125,511549c4203d1ff2d46b7e9674f6e8ff0a53b1d91bff756ef5fae3d23eba61e2,48bf69af5d91b53d90d8aac09834b3eff1c40f08262ee7139cf3a5aa677d2858
R1,a1,G05_SP6_F10_EUC_UNION,0,H03_CONCAT_PRIVATE_PCA20_MCLUST_EEE,0.21247155470584397,0.36624948367089943,0.2893605191883717,0.486564576711933,0.4162867429003046,0.5890360736704666,0.513435423288067,21.242298955097795,7.973445292562246,29.21574424766004,763.45068359375,1256.08203125,511549c4203d1ff2d46b7e9674f6e8ff0a53b1d91bff756ef5fae3d23eba61e2,850942c99b027dbf5b05e63a8545d0669ef5e2a4db519e094fa1ef93b9b184db
R1,a1,G05_SP6_F10_EUC_UNION,0,H04_RELIABILITY_CONCAT3_PCA20_MCLUST_EEE,0.24474304765716895,0.38324794769998677,0.3139954976785779,0.53941057497833,0.48642238609809507,0.5195122420538397,0.46058942502167,21.242298955097795,10.444683557376266,31.68698251247406,763.45068359375,1256.08203125,511549c4203d1ff2d46b7e9674f6e8ff0a53b1d91bff756ef5fae3d23eba61e2,1b5f39a7502e5809920c006953025e12ae26ec7d020d3c564a562ea629b25304
R1,a1,G05_SP6_F10_EUC_UNION,0,H05_EQUAL3_AFFINITY_SPECTRAL,0.2807066905298594,0.41186042731931655,0.34628355892458795,0.5856399884426466,0.5154414293152431,0.49654522511123356,0.41436001155735336,21.242298955097795,4.088814819231629,25.331113774329424,763.45068359375,1256.08203125,511549c4203d1ff2d46b7e9674f6e8ff0a53b1d91bff756ef5fae3d23eba61e2,0e2293af74b8f60c9c8a277d57c9b7b3caa417a918ba3e93e247aeb2ff6e463d
R1,a1,G05_SP6_F10_EUC_UNION,0,H06_AGREEMENT3_AFFINITY_SPECTRAL,0.28636478715810965,0.4013508773700494,0.3438578322640795,0.6023114706732159,0.5140396741303801,0.4978303955571871,0.3976885293267841,21.242298955097795,2.345407620072365,23.58770657517016,763.45068359375,1256.08203125,511549c4203d1ff2d46b7e9674f6e8ff0a53b1d91bff756ef5fae3d23eba61e2,d12b70e8989ec44f50eeaa7992719f7bb9121958db36288c0e37275cc0a55207
R1,a1,G05_SP6_F10_EUC_UNION,0,H07_EQUAL3_AFFINITY_SPATIAL05,0.2799577201021092,0.41249716810912895,0.34622744410561906,0.5895694885871136,0.5190026204379732,0.49312757615894204,0.41043051141288645,21.242298955097795,5.766609707847238,27.008908662945032,763.45068359375,1256.08203125,511549c4203d1ff2d46b7e9674f6e8ff0a53b1d91bff756ef5fae3d23eba61e2,3ca0d1e0cc0f17fe58bfa4115a2d1c0336134237d71e2b49c93e1d58537e0ce5
R1,a1,G05_SP6_F10_EUC_UNION,0,H08_EQUAL3_AFFINITY_SPATIAL10,0.27976679240543073,0.41340587779575555,0.3465863351005931,0.5926032938457093,0.5230181440129635,0.48918145087748854,0.4073967061542907,21.242298955097795,5.928152069449425,27.17045102454722,763.45068359375,1256.08203125,511549c4203d1ff2d46b7e9674f6e8ff0a53b1d91bff756ef5fae3d23eba61e2,0738141f362b49a0a5cd7e2858e5b35c411ba0dca99f46c6772221b3ef34c514
R1,a1,G05_SP6_F10_EUC_UNION,0,H10_MCLUST_POSTERIOR_MRF05,0.2677778051899269,0.39623818514930165,0.33200799516961427,0.527882114995666,0.4308919283489658,0.5722811988766543,0.47211788500433405,21.242298955097795,7.020608726888895,28.26290768198669,763.45068359375,1256.08203125,511549c4203d1ff2d46b7e9674f6e8ff0a53b1d91bff756ef5fae3d23eba61e2,f836f475cdc08427e565798993221345fbd302c36e00c79276aed011becb3ba2
R1,a1,G05_SP6_F10_EUC_UNION,0,H11_MCLUST_POSTERIOR_MRF10,0.2675489950906789,0.39619958602053645,0.3318742905556077,0.5309159202542618,0.43373443964074027,0.5694514107954195,0.4690840797457382,21.242298955097795,7.078174844384193,28.320473799481988,763.45068359375,1256.08203125,511549c4203d1ff2d46b7e9674f6e8ff0a53b1d91bff756ef5fae3d23eba61e2,3b8b10d76944a9cafb129e57a54b00bf4797c68a8622b3cd89be6adb7100ef7a
R1,a1,G05_SP6_F10_EUC_UNION,1,H00_FUSED_PCA20_MCLUST_EEE,0.2529337909867717,0.38943320651379437,0.32118349875028307,0.47428488876047387,0.3762276979192429,0.6280610795929688,0.5257151112395262,23.155697621405125,7.267309660091996,30.42300728149712,763.45068359375,1256.08203125,f7df73ea1530f10017b8936cde4d915abc51390c6839d007b4b6dac15924e9bb,37d746331a6b40ffdabf21a532e0e4d49c3a67fd83f38e19817978d51a348f03
R1,a1,G05_SP6_F10_EUC_UNION,1,H01_FUSED_DIRECT_MCLUST_EEE,0.24512018068893565,0.38290138744633845,0.31401078406763705,0.5149667726090725,0.43872651949686714,0.5663831514373573,0.48503322739092747,23.155697621405125,20.39511156268418,43.5508091840893,763.45068359375,1256.08203125,f7df73ea1530f10017b8936cde4d915abc51390c6839d007b4b6dac15924e9bb,7fc35d3346c5ab16e905ed2ffc802e0a3887482bd1ee1e9dafb6a0b177601a5f
R1,a1,G05_SP6_F10_EUC_UNION,1,H02_FUSED_PCA20_MCLUST_BIC,0.23989871496619963,0.3882439053831914,0.31407131017469553,0.542617740537417,0.45072391715278426,0.5597252448781308,0.45738225946258304,23.155697621405125,17.260945811867714,40.41664343327284,763.45068359375,1256.08203125,f7df73ea1530f10017b8936cde4d915abc51390c6839d007b4b6dac15924e9bb,62e58cd38909f3274ad97e819004554b0dab6c531066c6dce70f6d61a9755ebc
R1,a1,G05_SP6_F10_EUC_UNION,1,H03_CONCAT_PRIVATE_PCA20_MCLUST_EEE,0.22350816924306652,0.3670755619393031,0.2952918655911848,0.5437156891071945,0.497637136556226,0.5067289228190871,0.4562843108928055,23.155697621405125,7.89353484287858,31.049232464283705,763.45068359375,1256.08203125,f7df73ea1530f10017b8936cde4d915abc51390c6839d007b4b6dac15924e9bb,dafac8487a8304b4027dec3cd6ed68775a94cef8f1840fa3d43726bca0fa6ff0
R1,a1,G05_SP6_F10_EUC_UNION,1,H04_RELIABILITY_CONCAT3_PCA20_MCLUST_EEE,0.23373582675005944,0.3802597570804666,0.306997791915263,0.5070788789367235,0.4322734477893075,0.5720384418373945,0.49292112106327646,23.155697621405125,8.549082795158029,31.704780416563153,763.45068359375,1256.08203125,f7df73ea1530f10017b8936cde4d915abc51390c6839d007b4b6dac15924e9bb,745e5a8177eb3b7b4cfebbbdcaa3ba5320547dabaa95a7966791c155e845621a
R1,a1,G05_SP6_F10_EUC_UNION,1,H05_EQUAL3_AFFINITY_SPECTRAL,0.27021525670014956,0.4085863091884033,0.33940078294427645,0.5984975440624097,0.5232221832865646,0.48932295084119415,0.40150245593759026,23.155697621405125,3.9135282039642334,27.069225825369358,763.45068359375,1256.08203125,f7df73ea1530f10017b8936cde4d915abc51390c6839d007b4b6dac15924e9bb,ffba0270b60d96b78adfb30d878a0961f9855296a494b4804989432d0cb56181
R1,a1,G05_SP6_F10_EUC_UNION,1,H06_AGREEMENT3_AFFINITY_SPECTRAL,0.2574122429837446,0.3947129337066426,0.32606258834519364,0.6193585668881826,0.5539196467409511,0.45705885373225286,0.3806414331118174,23.155697621405125,2.290241751819849,25.445939373224974,763.45068359375,1256.08203125,f7df73ea1530f10017b8936cde4d915abc51390c6839d007b4b6dac15924e9bb,0bb56f9efe4adbf02043c46bfa8a5cf34caddaed88310861678cc0d9e7c4a144
R1,a1,G05_SP6_F10_EUC_UNION,1,H07_EQUAL3_AFFINITY_SPATIAL05,0.26929979130752585,0.4085597218584575,0.3389297565829917,0.6018780699219879,0.5273094487113306,0.48524902165330214,0.3981219300780121,23.155697621405125,4.9536148849874735,28.109312506392598,763.45068359375,1256.08203125,f7df73ea1530f10017b8936cde4d915abc51390c6839d007b4b6dac15924e9bb,b8c32f92c419564ed79d9a396f005661317d41dca37120837da42b551aaf4ed9
R1,a1,G05_SP6_F10_EUC_UNION,1,H08_EQUAL3_AFFINITY_SPATIAL10,0.2702613116243922,0.40928601032405754,0.3397736609742249,0.6034094192429934,0.5288349829433716,0.4836216370772729,0.3965905807570066,23.155697621405125,4.744887387380004,27.90058500878513,763.45068359375,1256.08203125,f7df73ea1530f10017b8936cde4d915abc51390c6839d007b4b6dac15924e9bb,1b29ec482a9f97ab4338431360d1e81b8454a4fbdb6c48d14e639c3a32e2aba6
R1,a1,G05_SP6_F10_EUC_UNION,1,H10_MCLUST_POSTERIOR_MRF05,0.2528300549508463,0.389784128305135,0.32130709162799065,0.47659635943368966,0.3786788435753615,0.6257285877079831,0.5234036405663103,23.155697621405125,8.202970776706934,31.35866839811206,763.45068359375,1256.08203125,f7df73ea1530f10017b8936cde4d915abc51390c6839d007b4b6dac15924e9bb,d07c238a994f9ace048f5f3768cbeae177fa294d39a14f7cac86c0f57880d305
R1,a1,G05_SP6_F10_EUC_UNION,1,H11_MCLUST_POSTERIOR_MRF10,0.2532901101006438,0.3898422387924468,0.3215661744465453,0.47827217567177116,0.37970639996455235,0.6246926026430321,0.5217278243282288,23.155697621405125,9.355808172374964,32.51150579378009,763.45068359375,1256.08203125,f7df73ea1530f10017b8936cde4d915abc51390c6839d007b4b6dac15924e9bb,1aa693a8fa475d7d7ab1bf9c8cc1038c52514804e202668a37a5e32b291b731b
R1,a1,G06_SP10_F10_EUC_INTERSECT,0,H00_FUSED_PCA20_MCLUST_EEE,0.26772366885926097,0.3830540109613162,0.32538883991028855,0.4248483097370702,0.29800048625279524,0.7020169242559833,0.5751516902629298,35.85984272323549,12.999916544184089,48.85975926741958,762.5625,1256.08203125,ea30c647ada9ea7d9a0bf8dd600cf81bd8ae5af94e1a5c552316aa208ef4e85d,86091cadef85aadad869f83efab947f31400ec244f7c5e5f67d6dca04051b9ea
R1,a1,G06_SP10_F10_EUC_INTERSECT,0,H01_FUSED_DIRECT_MCLUST_EEE,0.27561692127729165,0.3816163430086039,0.3286166321429478,0.4193874602715978,0.3200280192592287,0.686098139633784,0.5806125397284022,35.85984272323549,22.515356382355094,58.37519910559058,762.5625,1256.08203125,ea30c647ada9ea7d9a0bf8dd600cf81bd8ae5af94e1a5c552316aa208ef4e85d,61614e3c5895b439af97658b062af28fa49926d90c5141d65c898ec4576b3a71
R1,a1,G06_SP10_F10_EUC_INTERSECT,0,H02_FUSED_PCA20_MCLUST_BIC,0.26864739449432734,0.37764955088575697,0.32314847269004215,0.44180872580179137,0.3246823684679801,0.6874336303483168,0.5581912741982087,35.85984272323549,25.236295007169247,61.096137730404735,762.5625,1256.08203125,ea30c647ada9ea7d9a0bf8dd600cf81bd8ae5af94e1a5c552316aa208ef4e85d,46f092d2e1f3067396eb446abf81b2a24dcdd43bf2f350c61ae5ee2b606047ce
R1,a1,G06_SP10_F10_EUC_INTERSECT,0,H03_CONCAT_PRIVATE_PCA20_MCLUST_EEE,0.2210057840025332,0.3492541942208105,0.28512998911167187,0.43964172204565155,0.37564073402162035,0.6330978464186259,0.5603582779543484,35.85984272323549,5.651958450675011,41.5118011739105,762.5625,1256.08203125,ea30c647ada9ea7d9a0bf8dd600cf81bd8ae5af94e1a5c552316aa208ef4e85d,e291cb16e29d464d88768a843a3d1de9a23af33fca1a683b0023d61d7a76544b
R1,a1,G06_SP10_F10_EUC_INTERSECT,0,H04_RELIABILITY_CONCAT3_PCA20_MCLUST_EEE,0.24254036018879221,0.3703464608280108,0.3064434105084015,0.40901473562554175,0.3224500716384863,0.6824649886370162,0.5909852643744582,35.85984272323549,7.966560261324048,43.826402984559536,762.5625,1256.08203125,ea30c647ada9ea7d9a0bf8dd600cf81bd8ae5af94e1a5c552316aa208ef4e85d,7979eca33e890d35ea341ab070d1b82cbe8f73f3ab3a008d7f8b3218552bf23a
R1,a1,G06_SP10_F10_EUC_INTERSECT,0,H05_EQUAL3_AFFINITY_SPECTRAL,0.31080505004806736,0.40420836696817086,0.3575067085081191,0.5077434267552731,0.401480454825904,0.6094873296650006,0.49225657324472694,35.85984272323549,6.125234479084611,41.9850772023201,762.5625,1256.08203125,ea30c647ada9ea7d9a0bf8dd600cf81bd8ae5af94e1a5c552316aa208ef4e85d,596226e3595d96dd2f30c88c39128058530d6cb1eb50c5cd63bd3887a7831c75
R1,a1,G06_SP10_F10_EUC_INTERSECT,0,H06_AGREEMENT3_AFFINITY_SPECTRAL,0.25384128818799645,0.3559062699367859,0.3048737790623912,0.5364634498699797,0.2845469247444515,0.7212098674463958,0.46353655013002026,35.85984272323549,2.1097583416849375,37.969601064920425,762.5625,1256.08203125,ea30c647ada9ea7d9a0bf8dd600cf81bd8ae5af94e1a5c552316aa208ef4e85d,e66a0bd72d4b67f246e711711d0d1060fe767397ecc61247c34abd48380cb141
R1,a1,G06_SP10_F10_EUC_INTERSECT,0,H07_EQUAL3_AFFINITY_SPATIAL05,0.3108080835760744,0.40481620663976153,0.357812145107918,0.5087258017913898,0.40349551607698525,0.6074678923415517,0.4912741982086102,35.85984272323549,6.839275993406773,42.69911871664226,762.5625,1256.08203125,ea30c647ada9ea7d9a0bf8dd600cf81bd8ae5af94e1a5c552316aa208ef4e85d,f3887f9a356f71b5c04a46a2a1ec759a08cfe8557196c7bd7fc77e8516c6556b
R1,a1,G06_SP10_F10_EUC_INTERSECT,0,H08_EQUAL3_AFFINITY_SPATIAL10,0.3099522109453935,0.4040075068658366,0.356979858905615,0.5116440335163248,0.40636716692113006,0.6043963764327993,0.4883559664836752,35.85984272323549,6.800544898957014,42.6603876221925,762.5625,1256.08203125,ea30c647ada9ea7d9a0bf8dd600cf81bd8ae5af94e1a5c552316aa208ef4e85d,877622cdf9a48d3b6e4824ebd07362132c116f83c57572a5218a5923cfebc16d
R1,a1,G06_SP10_F10_EUC_INTERSECT,0,H10_MCLUST_POSTERIOR_MRF05,0.2685090717526101,0.38324226987557364,0.32587567081409186,0.42831551574689397,0.30056613366798135,0.6994040432194918,0.571684484253106,35.85984272323549,14.652944978326559,50.51278770156205,762.5625,1256.08203125,ea30c647ada9ea7d9a0bf8dd600cf81bd8ae5af94e1a5c552316aa208ef4e85d,a09e0c51d49d4b0b3810a10189e46cfbcbf6b47f2001565fa70a89d854d8cd08
R1,a1,G06_SP10_F10_EUC_INTERSECT,0,H11_MCLUST_POSTERIOR_MRF10,0.2709862336380212,0.3853023654930019,0.32814429956551155,0.43129153423865935,0.30268717904457576,0.6972600169478256,0.5687084657613406,35.85984272323549,14.181081695482135,50.04092441871762,762.5625,1256.08203125,ea30c647ada9ea7d9a0bf8dd600cf81bd8ae5af94e1a5c552316aa208ef4e85d,02ae28489bd7b0b7203abad6bc19ae312c7d6c80a4dbfab4d3613c20d26abe5c
R1,a1,G06_SP10_F10_EUC_INTERSECT,1,H00_FUSED_PCA20_MCLUST_EEE,0.2802708212196621,0.377044595162841,0.32865770819125156,0.42695752672637965,0.2920390593905447,0.7103605000265867,0.5730424732736203,24.745297394692898,8.609433783218265,33.35473117791116,762.5625,1256.08203125,43ef8fbdf430c99a150eb1ce632cceb8e20948939188cd2a04bf5b77af6ba0fd,8036a83714d65aac7bf9c2beb31bb36307a166d0267e94f9ee7d06878cccf713
R1,a1,G06_SP10_F10_EUC_INTERSECT,1,H01_FUSED_DIRECT_MCLUST_EEE,0.2639712150249737,0.35232838680823286,0.30814980091660327,0.46422999133198495,0.27076314901196935,0.730938397304883,0.535770008668015,24.745297394692898,44.19195504486561,68.9372524395585,762.5625,1256.08203125,43ef8fbdf430c99a150eb1ce632cceb8e20948939188cd2a04bf5b77af6ba0fd,82b75e1af50baa15a386fe7c4b45c60ca5365bff8517a9182e8e28e9d034da09
R1,a1,G06_SP10_F10_EUC_INTERSECT,1,H02_FUSED_PCA20_MCLUST_BIC,0.23530769933323678,0.37374811251660806,0.3045279059249224,0.4292689973995955,0.35136153339110565,0.6597934724004707,0.5707310026004044,24.745297394692898,13.863012133166194,38.60830952785909,762.5625,1256.08203125,43ef8fbdf430c99a150eb1ce632cceb8e20948939188cd2a04bf5b77af6ba0fd,ec85f84586d4a94293faad7beeba3632d52912042282788ce5d1ee6b898dc87b
R1,a1,G06_SP10_F10_EUC_INTERSECT,1,H03_CONCAT_PRIVATE_PCA20_MCLUST_EEE,0.21222421939567587,0.3555161467343176,0.28387018306499673,0.4466050274487142,0.3865034728819684,0.6204185484962086,0.5533949725512858,24.745297394692898,6.404956828802824,31.150254223495722,762.5625,1256.08203125,43ef8fbdf430c99a150eb1ce632cceb8e20948939188cd2a04bf5b77af6ba0fd,b2f12c69c73f69a906a1d2d347871955bd237c94653d0c0ccc167dd373c024d6
R1,a1,G06_SP10_F10_EUC_INTERSECT,1,H04_RELIABILITY_CONCAT3_PCA20_MCLUST_EEE,0.25399624131116055,0.37925164987534055,0.3166239455932506,0.41187518058364636,0.30434205768376577,0.6994551976500804,0.5881248194163536,24.745297394692898,11.60892860405147,36.35422599874437,762.5625,1256.08203125,43ef8fbdf430c99a150eb1ce632cceb8e20948939188cd2a04bf5b77af6ba0fd,f35ea5695f96903ceddf910b149dc69b9527f251ba0d2fa8542410a91333ee96
R1,a1,G06_SP10_F10_EUC_INTERSECT,1,H05_EQUAL3_AFFINITY_SPECTRAL,0.2870005378305733,0.38944371316143467,0.33822212549600394,0.49927766541462004,0.3920577395332653,0.6193296956549208,0.50072233458538,24.745297394692898,5.342669548466802,30.0879669431597,762.5625,1256.08203125,43ef8fbdf430c99a150eb1ce632cceb8e20948939188cd2a04bf5b77af6ba0fd,8326255b091763a33ebf10f012834b23ff800b3fc1f22475b368bcb03326ac40
R1,a1,G06_SP10_F10_EUC_INTERSECT,1,H06_AGREEMENT3_AFFINITY_SPECTRAL,0.24255221567943164,0.3324806674414399,0.28751644156043576,0.47125108350187805,0.30383419518619736,0.7023268061330762,0.528748916498122,24.745297394692898,2.3358814511448145,27.081178845837712,762.5625,1256.08203125,43ef8fbdf430c99a150eb1ce632cceb8e20948939188cd2a04bf5b77af6ba0fd,c526e72630b8099bbfc51150536635b8182f885bfb57fb07e3f7690e5c0d01dc
R1,a1,G06_SP10_F10_EUC_INTERSECT,1,H07_EQUAL3_AFFINITY_SPATIAL05,0.2868660492154423,0.38984823942338526,0.33835714431941377,0.5022247905229702,0.39619121552892994,0.6148140546535563,0.4977752094770298,24.745297394692898,8.519643686711788,33.264941081404686,762.5625,1256.08203125,43ef8fbdf430c99a150eb1ce632cceb8e20948939188cd2a04bf5b77af6ba0fd,cc683facc861591d6d8504a3f55b70f59f3ddf493a50287f04de1b5a71c3680e
R1,a1,G06_SP10_F10_EUC_INTERSECT,1,H08_EQUAL3_AFFINITY_SPATIAL10,0.2874708855704729,0.3903547824699643,0.3389128340202186,0.5056631031493788,0.3988507512486142,0.6128439444296714,0.4943368968506212,24.745297394692898,7.03345843963325,31.778755834326148,762.5625,1256.08203125,43ef8fbdf430c99a150eb1ce632cceb8e20948939188cd2a04bf5b77af6ba0fd,ab81bf0f325dc8e6bce09122485184f1f9fe83b4641c8543fde10e33e7e38c3b
R1,a1,G06_SP10_F10_EUC_INTERSECT,1,H10_MCLUST_POSTERIOR_MRF05,0.28307889336817943,0.3787936783366702,0.33093628585242485,0.4305691996532794,0.29588060543431266,0.7064398507160515,0.5694308003467206,24.745297394692898,10.03947776556015,34.78477516025305,762.5625,1256.08203125,43ef8fbdf430c99a150eb1ce632cceb8e20948939188cd2a04bf5b77af6ba0fd,cadf9bf45e222e3dbcf75a941c6303b3b26f41ad833b2ebafd927489daa64926
R1,a1,G06_SP10_F10_EUC_INTERSECT,1,H11_MCLUST_POSTERIOR_MRF10,0.2835617406941249,0.3789782389827066,0.3312699898384157,0.43380525859578156,0.2981698921242511,0.7040468694183318,0.5661947414042184,24.745297394692898,10.02968704327941,34.77498443797231,762.5625,1256.08203125,43ef8fbdf430c99a150eb1ce632cceb8e20948939188cd2a04bf5b77af6ba0fd,e153c0ada25269e5ec168c87c1735f7e13c548976e7679abc5140aa3bd131b69
R1,a1,G07_SP6_F10_EUC_INTERSECT,0,H00_FUSED_PCA20_MCLUST_EEE,0.249771289025164,0.3618010444643781,0.30578616674477105,0.4079745738225946,0.28830600435917814,0.7142065227689711,0.5920254261774054,21.101513581350446,7.091413035988808,28.192926617339253,762.53125,1290.12109375,c838255429ad7fe70482085cc34de130a0e1468340f5869c593150974f01a281,d5a686bb66ec0528d2f8636903be9632038c03cc8c555ab801459d1bd9f4e152
R1,a1,G07_SP6_F10_EUC_INTERSECT,0,H01_FUSED_DIRECT_MCLUST_EEE,0.2684522450474981,0.37798131981557836,0.32321678243153823,0.4145622652412598,0.316857986381566,0.6890874886254054,0.5854377347587403,21.101513581350446,28.065556056797504,49.16706963814795,762.53125,1290.12109375,c838255429ad7fe70482085cc34de130a0e1468340f5869c593150974f01a281,e70a587f1fe4bbbe214714a7a594dc28874f682725dc0cccbbc52b70b1368436
R1,a1,G07_SP6_F10_EUC_INTERSECT,0,H02_FUSED_PCA20_MCLUST_BIC,0.2212683188092771,0.3668159093201803,0.2940421140647287,0.36622363478763365,0.3054767399568901,0.706482806574192,0.6337763652123664,21.101513581350446,27.408148888498545,48.50966246984899,762.53125,1290.12109375,c838255429ad7fe70482085cc34de130a0e1468340f5869c593150974f01a281,777ad31e9dbab6d4ea3ce3eae17dd29bef775bfec147f35ffabf4af45f7a2f8c
R1,a1,G07_SP6_F10_EUC_INTERSECT,0,H03_CONCAT_PRIVATE_PCA20_MCLUST_EEE,0.20460382497912966,0.3468891311659351,0.2757464780725324,0.4147356255417509,0.35303525620474063,0.6530440083249367,0.5852643744582491,21.101513581350446,5.926813831552863,27.02832741290331,762.53125,1290.12109375,c838255429ad7fe70482085cc34de130a0e1468340f5869c593150974f01a281,76298dbb540f23321376769b3b8f2512da5499c58c2110b822c39653041abcb2
R1,a1,G07_SP6_F10_EUC_INTERSECT,0,H04_RELIABILITY_CONCAT3_PCA20_MCLUST_EEE,0.24246199595636006,0.36504731825793885,0.30375465710714944,0.42961571800057785,0.3441132410928504,0.6599657261735181,0.5703842819994221,21.101513581350446,8.828969033434987,29.930482614785433,762.53125,1290.12109375,c838255429ad7fe70482085cc34de130a0e1468340f5869c593150974f01a281,953675da537cde6035bf7c94f3c27215ba507847a051f471ffb3358f1ef16430
R1,a1,G07_SP6_F10_EUC_INTERSECT,0,H05_EQUAL3_AFFINITY_SPECTRAL,0.3093955797766904,0.39920950803825533,0.35430254390747284,0.503351632476163,0.3971224526502387,0.613251735481425,0.496648367523837,21.101513581350446,5.738377299159765,26.83989088051021,762.53125,1290.12109375,c838255429ad7fe70482085cc34de130a0e1468340f5869c593150974f01a281,1d66b5dd93c4f5d500e91e51618978959c3a5d7ddaa3c280d95a15e40886ff94
R1,a1,G07_SP6_F10_EUC_INTERSECT,0,H07_EQUAL3_AFFINITY_SPATIAL05,0.3096089584919826,0.40055773821554674,0.35508334835376465,0.5043340075122796,0.39886119805771914,0.6115412819854975,0.49566599248772036,21.101513581350446,7.125814858824015,28.22732844017446,762.53125,1290.12109375,c838255429ad7fe70482085cc34de130a0e1468340f5869c593150974f01a281,ed007f407d9af0ba2c9190d520dc89f560a8646f0cb0330a155cd056c3ad9fad
R1,a1,G07_SP6_F10_EUC_INTERSECT,0,H08_EQUAL3_AFFINITY_SPATIAL10,0.31023419346454056,0.4024145626101287,0.35632437803733463,0.5070499855533083,0.4029599579678088,0.6077615034869418,0.49295001444669173,21.101513581350446,7.3855153024196625,28.487028883770108,762.53125,1290.12109375,c838255429ad7fe70482085cc34de130a0e1468340f5869c593150974f01a281,eae8d10971e5ea41013adc9ca091312423cece239b91ae5a2a673d6d1e7b9975
R1,a1,G07_SP6_F10_EUC_INTERSECT,0,H10_MCLUST_POSTERIOR_MRF05,0.2504251599605827,0.3626004063796629,0.30651278317012276,0.41161514013290956,0.2913107096414423,0.7112651536706928,0.5883848598670904,21.101513581350446,7.158031616359949,28.259545197710395,762.53125,1290.12109375,c838255429ad7fe70482085cc34de130a0e1468340f5869c593150974f01a281,8cfec01ed875f7b971beeea882d4e672e6e4f492db8e4c43df1eca8bc9e6c1c3
R1,a1,G07_SP6_F10_EUC_INTERSECT,0,H11_MCLUST_POSTERIOR_MRF10,0.2514568103730462,0.36309943498596137,0.3072781226795038,0.4157468939612829,0.29421535364974466,0.7084089564090739,0.584253106038717,21.101513581350446,7.608644803985953,28.7101583853364,762.53125,1290.12109375,c838255429ad7fe70482085cc34de130a0e1468340f5869c593150974f01a281,e07f8e4c8aec3d1399581ac989c3abe4853c596c0e82d2abeb178aeac571e902
R1,a1,G07_SP6_F10_EUC_INTERSECT,1,H00_FUSED_PCA20_MCLUST_EEE,0.25419411095801464,0.3649476878300811,0.30957089939404786,0.41953192718867377,0.28838657703851117,0.7120173945252584,0.5804680728113263,33.25775575265288,12.042334787547588,45.30009054020047,762.53125,1290.12109375,b9d65f94b9417726991ad8a4949701d87fb7366139d09fbed977649b78dca1b0,a464365db930449c4935fe49c64f93dd49fc5cf3f5995a6b061c7384623551c4
R1,a1,G07_SP6_F10_EUC_INTERSECT,1,H01_FUSED_DIRECT_MCLUST_EEE,0.2707098728096697,0.3711081821131594,0.32090902746141453,0.4566021381103727,0.2903748832416373,0.711717678529086,0.5433978618896274,33.25775575265288,40.56546207331121,73.8232178259641,762.53125,1290.12109375,b9d65f94b9417726991ad8a4949701d87fb7366139d09fbed977649b78dca1b0,998482493eefa85fffe485412ca8fd4cfe9e70f1920316a6c00156cb816a036e
R1,a1,G07_SP6_F10_EUC_INTERSECT,1,H02_FUSED_PCA20_MCLUST_BIC,0.22709723941901166,0.37499342894102167,0.30104533418001667,0.40635654435134355,0.3369059343001067,0.6725881936283444,0.5936434556486565,33.25775575265288,27.681678546592593,60.93943429924548,762.53125,1290.12109375,b9d65f94b9417726991ad8a4949701d87fb7366139d09fbed977649b78dca1b0,0c9fb4dc94adeb8bd1cb382cdca89777a0548683ab28748e3e600549df6213c4
R1,a1,G07_SP6_F10_EUC_INTERSECT,1,H03_CONCAT_PRIVATE_PCA20_MCLUST_EEE,0.2025559198800938,0.34844266863821505,0.2754992942591544,0.4417798324183762,0.37543619171687775,0.6326241082146888,0.5582201675816238,33.25775575265288,13.295800345018506,46.55355609767139,762.53125,1290.12109375,b9d65f94b9417726991ad8a4949701d87fb7366139d09fbed977649b78dca1b0,0827d2ee69f716b1fc33281a7ed062d7c387aa5e1a93f35c06547da66aa17c3b
R1,a1,G07_SP6_F10_EUC_INTERSECT,1,H04_RELIABILITY_CONCAT3_PCA20_MCLUST_EEE,0.2355439196174128,0.36529204104639174,0.30041798033190226,0.41334874313782144,0.3236198026334151,0.6801360958946322,0.5866512568621786,33.25775575265288,7.013965057209134,40.27172080986202,762.53125,1290.12109375,b9d65f94b9417726991ad8a4949701d87fb7366139d09fbed977649b78dca1b0,596c344695963ea78ec6490c16f5a7850b4d860789160641eb5ea2decd20c38b
R1,a1,G07_SP6_F10_EUC_INTERSECT,1,H05_EQUAL3_AFFINITY_SPECTRAL,0.28780102324859813,0.3893890110794256,0.33859501716401186,0.4930944813637677,0.3852610966210265,0.6253382575622644,0.5069055186362323,33.25775575265288,6.64235126785934,39.90010702051222,762.53125,1290.12109375,b9d65f94b9417726991ad8a4949701d87fb7366139d09fbed977649b78dca1b0,fcc9e07dd44dd0976ede637e60676f1d9926cd11adcb12e605a1c22cf096e366
R1,a1,G07_SP6_F10_EUC_INTERSECT,1,H06_AGREEMENT3_AFFINITY_SPECTRAL,0.262421770484841,0.3590259880324521,0.31072387925864653,0.5222190118462872,0.2763141025489731,0.7248448567255424,0.47778098815371284,33.25775575265288,2.740012250840664,35.99776800349355,762.53125,1290.12109375,b9d65f94b9417726991ad8a4949701d87fb7366139d09fbed977649b78dca1b0,463fca304f61ae1620b72e948bb2d0c1415491f40c148a919dac7aa944071b18
R1,a1,G07_SP6_F10_EUC_INTERSECT,1,H07_EQUAL3_AFFINITY_SPATIAL05,0.2877765519665042,0.3884330348235611,0.33810479339503263,0.4971395550418954,0.3887461700928788,0.6219174769232962,0.5028604449581047,33.25775575265288,6.540869263932109,39.79862501658499,762.53125,1290.12109375,b9d65f94b9417726991ad8a4949701d87fb7366139d09fbed977649b78dca1b0,232d81d75bc6e26c1dc964d0cfe78c3d3b03916ff4e107694d116a01db1b910f
R1,a1,G07_SP6_F10_EUC_INTERSECT,1,H08_EQUAL3_AFFINITY_SPATIAL10,0.287757188316345,0.38957029861199455,0.3386637434641698,0.4987286911297313,0.39120245003205256,0.6193715995842728,0.5012713088702687,33.25775575265288,7.116088081151247,40.37384383380413,762.53125,1290.12109375,b9d65f94b9417726991ad8a4949701d87fb7366139d09fbed977649b78dca1b0,38119e8975e85bc9bbe1918a9d0b2836025673afa036f75382d1a50966b74064
R1,a1,G07_SP6_F10_EUC_INTERSECT,1,H10_MCLUST_POSTERIOR_MRF05,0.2548287087724129,0.3660597430973,0.31044422593485643,0.4225079456804392,0.29074651618124664,0.7096079457998682,0.5774920543195607,33.25775575265288,13.174646330997348,46.43240208365023,762.53125,1290.12109375,b9d65f94b9417726991ad8a4949701d87fb7366139d09fbed977649b78dca1b0,d61f7ea10f2310299c27bc0c36b0dd9f5386be686925b9ad9e04a0aff19d5775
R1,a1,G07_SP6_F10_EUC_INTERSECT,1,H11_MCLUST_POSTERIOR_MRF10,0.2571151439776875,0.3686319004710579,0.3128735222243727,0.4274776076278532,0.29514794927053106,0.7050906397781571,0.5725223923721467,33.25775575265288,13.760167112573981,47.017922865226865,762.53125,1290.12109375,b9d65f94b9417726991ad8a4949701d87fb7366139d09fbed977649b78dca1b0,959124db594241cfdc49fd7d10cdb9230304ee8dea3bbf716c9a93220ec6ad03
R1,a1,G08_SP10_F10_EUC_MUTUAL,0,H00_FUSED_PCA20_MCLUST_EEE,0.24823803835792416,0.37900863337633844,0.3136233358671313,0.5306269864201097,0.42721242297966616,0.5759774603850834,0.46937301357989025,21.711712405085564,7.191967556253076,28.90367996133864,763.7314453125,1290.12109375,63cda06509841803794de6c6ce2a914b83f07e3ac49e69a6cfc51a54ca266b0b,ae69f65b526b5c6adec7900e0611bce2e09c5904565630d463573e1ff90b31fb
R1,a1,G08_SP10_F10_EUC_MUTUAL,0,H01_FUSED_DIRECT_MCLUST_EEE,0.246243401932716,0.39056803330951567,0.3184057176211158,0.530078012135221,0.4485678047555265,0.5562782975318724,0.469921987864779,21.711712405085564,23.848745204508305,45.56045760959387,763.7314453125,1290.12109375,63cda06509841803794de6c6ce2a914b83f07e3ac49e69a6cfc51a54ca266b0b,83280f3afc07b57395ebcf7b03e109a2c1b1aa5b5cc7a7e298db5ed61f94ca44
R1,a1,G08_SP10_F10_EUC_MUTUAL,0,H02_FUSED_PCA20_MCLUST_BIC,0.23343756724371287,0.390279602052774,0.31185858464824345,0.5505923143600115,0.4639270247705089,0.5496346089218526,0.44940768563998845,21.711712405085564,21.87173761986196,43.583450024947524,763.7314453125,1290.12109375,63cda06509841803794de6c6ce2a914b83f07e3ac49e69a6cfc51a54ca266b0b,3dbc5681b1d87215662e664297ed3c7d0a9575866dcb5863ac7d8a021dd49e15
R1,a1,G08_SP10_F10_EUC_MUTUAL,0,H03_CONCAT_PRIVATE_PCA20_MCLUST_EEE,0.20825591662152934,0.36683036067145247,0.2875431386464909,0.5198208610228258,0.48876322117622656,0.5151893907734882,0.48017913897717424,21.711712405085564,6.613314136862755,28.32502654194832,763.7314453125,1290.12109375,63cda06509841803794de6c6ce2a914b83f07e3ac49e69a6cfc51a54ca266b0b,258bce3b1c52179f2848ce93935c66310e75aaac1d6b3639f116b3c38b35cbca
R1,a1,G08_SP10_F10_EUC_MUTUAL,0,H04_RELIABILITY_CONCAT3_PCA20_MCLUST_EEE,0.20876474040795961,0.37200540269407,0.2903850715510148,0.5129442357700087,0.4592354711243485,0.5450491323212735,0.4870557642299913,21.711712405085564,6.603532709181309,28.315245114266872,763.7314453125,1290.12109375,63cda06509841803794de6c6ce2a914b83f07e3ac49e69a6cfc51a54ca266b0b,4ea206ec2398e6fd77605a76b93ba3459b57d376e265432f4492a9ea47267828
R1,a1,G08_SP10_F10_EUC_MUTUAL,0,H05_EQUAL3_AFFINITY_SPECTRAL,0.27289554989404036,0.4116858394522047,0.34229069467312256,0.6014446691707599,0.5323748913022658,0.47988107259922935,0.3985553308292401,21.711712405085564,4.470086732879281,26.181799137964845,763.7314453125,1290.12109375,63cda06509841803794de6c6ce2a914b83f07e3ac49e69a6cfc51a54ca266b0b,cb2c628b3dd9329f1c577b9c27475d09981b928d94ece67824df964eb1b7102b
R1,a1,G08_SP10_F10_EUC_MUTUAL,0,H06_AGREEMENT3_AFFINITY_SPECTRAL,0.2592258495025056,0.3982767200505325,0.32875128477651905,0.6164403351632476,0.5623443868334264,0.4483472412894546,0.3835596648367524,21.711712405085564,2.4171992652118206,24.128911670297384,763.7314453125,1290.12109375,63cda06509841803794de6c6ce2a914b83f07e3ac49e69a6cfc51a54ca266b0b,4f62d05c2026e9b95cd62c8853b1c0496a1fa6a2bbb4a7f4365c05a202d964d7
R1,a1,G08_SP10_F10_EUC_MUTUAL,0,H07_EQUAL3_AFFINITY_SPATIAL05,0.27200422042669303,0.4108430974046467,0.34142365891566984,0.6049118751805836,0.5353894302834771,0.4768820831070161,0.39508812481941635,21.711712405085564,4.764327762648463,26.476040167734027,763.7314453125,1290.12109375,63cda06509841803794de6c6ce2a914b83f07e3ac49e69a6cfc51a54ca266b0b,28c4410bc5232ca04304521e0d7065e51a5b3558d8ffb65d49976682444eff87
R1,a1,G08_SP10_F10_EUC_MUTUAL,0,H08_EQUAL3_AFFINITY_SPATIAL10,0.2726989991686504,0.41117435010224923,0.34193667463544986,0.6082346142733314,0.5385106294159806,0.4737741539402694,0.39176538572666864,21.711712405085564,5.4191047959029675,27.13081720098853,763.7314453125,1290.12109375,63cda06509841803794de6c6ce2a914b83f07e3ac49e69a6cfc51a54ca266b0b,c3df718907ccf7ddb3d78cd4500ad836938d4d0236d4c66b0b4b72180deaab0e
R1,a1,G08_SP10_F10_EUC_MUTUAL,0,H10_MCLUST_POSTERIOR_MRF05,0.24825353103485442,0.37936994100863375,0.31381173602174406,0.5334874313782144,0.4306290482859196,0.5726039319560704,0.4665125686217856,21.711712405085564,10.720233989879489,32.43194639496505,763.7314453125,1290.12109375,63cda06509841803794de6c6ce2a914b83f07e3ac49e69a6cfc51a54ca266b0b,77c643032494ec5de46158ae8ed69c6c60044d700a84751b31c7f0f22a323c5a
R1,a1,G08_SP10_F10_EUC_MUTUAL,0,H11_MCLUST_POSTERIOR_MRF10,0.2484422574568317,0.37954573169677597,0.3139939945768038,0.5370702109216989,0.4343876927980756,0.5688758567344918,0.46292978907830107,21.711712405085564,8.003401892259717,29.71511429734528,763.7314453125,1290.12109375,63cda06509841803794de6c6ce2a914b83f07e3ac49e69a6cfc51a54ca266b0b,c20cdd8418d1e1833d8628e3d044cefef3f8e7f294e999a564303d0ab25e8dd7
R1,a1,G08_SP10_F10_EUC_MUTUAL,1,H00_FUSED_PCA20_MCLUST_EEE,0.27088867986033877,0.3954236219988678,0.33315615092960327,0.5336030049118752,0.42149249873100675,0.5822709408647786,0.4663969950881248,21.375621296465397,6.716518184170127,28.092139480635524,763.7314453125,1290.12109375,87616baf26b21607297bebcc4a7876336ba37981c3d434bde1800ea546119958,1fc7b2e2fef917e9a4b9462ff8ab5cd289b8207e89e74e9b7b979f2f97d1a995
R1,a1,G08_SP10_F10_EUC_MUTUAL,1,H01_FUSED_DIRECT_MCLUST_EEE,0.2411468399581637,0.39417029241492396,0.3176585661865438,0.4870557642299913,0.4244469641144787,0.5813694765952966,0.5129442357700087,21.375621296465397,21.75482833571732,43.13044963218272,763.7314453125,1290.12109375,87616baf26b21607297bebcc4a7876336ba37981c3d434bde1800ea546119958,5f2b0646f3cbabaee277eda8e670ea1b7b19d9faf944733605205022e0253471
R1,a1,G08_SP10_F10_EUC_MUTUAL,1,H02_FUSED_PCA20_MCLUST_BIC,0.2359583172859265,0.4001207652230278,0.31803954125447714,0.5641144177983242,0.48887856616855263,0.5202354472649355,0.43588558220167584,21.375621296465397,16.355187779292464,37.73080907575786,763.7314453125,1290.12109375,87616baf26b21607297bebcc4a7876336ba37981c3d434bde1800ea546119958,7d7c6e0cd8764d7e9c05bd1da8814b2a2b48e7af1472077e96a58dca904132d8
R1,a1,G08_SP10_F10_EUC_MUTUAL,1,H03_CONCAT_PRIVATE_PCA20_MCLUST_EEE,0.21166641877619682,0.3579841355003457,0.28482527713827127,0.5761051719156314,0.5274393519506715,0.4786698789720834,0.4238948280843686,21.375621296465397,7.6138107515871525,28.98943204805255,763.7314453125,1290.12109375,87616baf26b21607297bebcc4a7876336ba37981c3d434bde1800ea546119958,80871a2bcd673577ba6f399c5afd2ce8473a17cbc341685a6535573bf0839a16
R1,a1,G08_SP10_F10_EUC_MUTUAL,1,H04_RELIABILITY_CONCAT3_PCA20_MCLUST_EEE,0.22682358893643267,0.37659261304140695,0.3017081009889198,0.5238659347009534,0.4570733209107634,0.5474223897263558,0.47613406529904656,21.375621296465397,10.747711380943656,32.12333267740905,763.7314453125,1290.12109375,87616baf26b21607297bebcc4a7876336ba37981c3d434bde1800ea546119958,f3b376de63758aff73cf6459c8b4fdaf7ebef3a111bb7a4ea1b8015b82ca5dbf
R1,a1,G08_SP10_F10_EUC_MUTUAL,1,H05_EQUAL3_AFFINITY_SPECTRAL,0.26923287083052716,0.4128157147553644,0.34102429279294577,0.61167292689974,0.5392009193962589,0.47318053310025493,0.38832707310026005,21.375621296465397,4.286311719566584,25.66193301603198,763.7314453125,1290.12109375,87616baf26b21607297bebcc4a7876336ba37981c3d434bde1800ea546119958,a94c5f8cc151d2335cfa51cea163149e8d33167f84cfab4b6d56e54857d4cf62
R1,a1,G08_SP10_F10_EUC_MUTUAL,1,H06_AGREEMENT3_AFFINITY_SPECTRAL,0.2349000028851767,0.3846398993663358,0.3097699511257562,0.6222190118462873,0.553395322366178,0.4551284097291842,0.37778098815371275,21.375621296465397,2.580659404397011,23.956280700862408,763.7314453125,1290.12109375,87616baf26b21607297bebcc4a7876336ba37981c3d434bde1800ea546119958,c20474c2d88d5f7eaa7a153c6c65532bb4238c93e804b5fbacad6f7f1e4eea61
R1,a1,G08_SP10_F10_EUC_MUTUAL,1,H07_EQUAL3_AFFINITY_SPATIAL05,0.2685529857005998,0.41246414075059046,0.34050856322559514,0.6137243571222191,0.5427925210256144,0.46967546662909887,0.38627564287778093,21.375621296465397,4.942836312577128,26.318457609042525,763.7314453125,1290.12109375,87616baf26b21607297bebcc4a7876336ba37981c3d434bde1800ea546119958,a1b5f962805b2f15bc75016a6d0c4835f1d7a28ba42de48d95b61864f5b37017
R1,a1,G08_SP10_F10_EUC_MUTUAL,1,H08_EQUAL3_AFFINITY_SPATIAL10,0.26829961556619814,0.41240149650833435,0.34035055603726627,0.6173071366657036,0.5458402593935129,0.4666875776647794,0.3826928633342964,21.375621296465397,5.646280957385898,27.021902253851295,763.7314453125,1290.12109375,87616baf26b21607297bebcc4a7876336ba37981c3d434bde1800ea546119958,f3a4091ec9659c95cace46ab6ac305b6dcbbd822ea235caa036fa723dd58fad1
R1,a1,G08_SP10_F10_EUC_MUTUAL,1,H10_MCLUST_POSTERIOR_MRF05,0.2716780888195615,0.3967558343737676,0.3342169615966646,0.5362323028026582,0.4234864471795092,0.5802887398133822,0.4637676971973418,21.375621296465397,7.428288526833057,28.803909823298454,763.7314453125,1290.12109375,87616baf26b21607297bebcc4a7876336ba37981c3d434bde1800ea546119958,e3a17a1d39061efdf05cff0353291cf6647d11ae3cd2597e69ffcfaafc7d734e
R1,a1,G08_SP10_F10_EUC_MUTUAL,1,H11_MCLUST_POSTERIOR_MRF10,0.27200341942496975,0.39653744184322276,0.3342704306340962,0.5382259462583069,0.4249989893984818,0.5788108851020495,0.4617740537416931,21.375621296465397,7.784047018736601,29.159668315201998,763.7314453125,1290.12109375,87616baf26b21607297bebcc4a7876336ba37981c3d434bde1800ea546119958,600fab280ea1f892d6ecf645faa863fd4ea1de11e0161e49bd3b189b09b70ef7
R1,tonsil,G00_SP18_F20_CORR_UNION,0,H00_FUSED_PCA20_MCLUST_EEE,0.08839312285471572,0.16267057025354578,0.12553184655413074,0.6760995410410757,0.5446298691849103,0.4535532049519613,0.3239004589589243,21.257022758945823,4.685472212731838,25.94249497167766,943.36083984375,1190.8984375,e0fc52394c9a7ff7146f4a0e982e940cdbfde9599fd54d058ebf826e5ba6765e,257d19004ba695914c88ea51036097e36f8c1de6f84b67e0fbfcca867b36ad62
R1,tonsil,G00_SP18_F20_CORR_UNION,0,H01_FUSED_DIRECT_MCLUST_EEE,0.13972653669610327,0.23696867413455167,0.18834760541532747,0.7092875758204755,0.5818934363855679,0.4147649848404644,0.2907124241795245,21.257022758945823,14.421184353530407,35.67820711247623,943.36083984375,1190.8984375,e0fc52394c9a7ff7146f4a0e982e940cdbfde9599fd54d058ebf826e5ba6765e,d2bd690fd36266831db15e80631bf9e4e765cc0907ac6252052f44091c4a073a
R1,tonsil,G00_SP18_F20_CORR_UNION,0,H02_FUSED_PCA20_MCLUST_BIC,0.132838014406573,0.25076939874662213,0.19180370657659757,0.6733088862750525,0.550463438940334,0.4493170925673547,0.3266911137249475,21.257022758945823,10.240659520030022,31.497682278975844,943.36083984375,1190.8984375,e0fc52394c9a7ff7146f4a0e982e940cdbfde9599fd54d058ebf826e5ba6765e,b0c67eecbda0b4a0bad94eabe734a3611c542293285204dd31cc8b9f5b15829d
R1,tonsil,G00_SP18_F20_CORR_UNION,0,H03_CONCAT_PRIVATE_PCA20_MCLUST_EEE,0.09987283378216141,0.1842512948822075,0.14206206433218446,0.7035678867132544,0.5715158705481007,0.42839842325456157,0.29643211328674557,21.257022758945823,5.758130485191941,27.015153244137764,943.36083984375,1190.8984375,e0fc52394c9a7ff7146f4a0e982e940cdbfde9599fd54d058ebf826e5ba6765e,71746139fff379d28390319ef2aef84704b4b4862aae4fc549304f4fe8941ff2
R1,tonsil,G00_SP18_F20_CORR_UNION,0,H04_RELIABILITY_CONCAT3_PCA20_MCLUST_EEE,0.11956410235926006,0.19110431627611757,0.15533420931768882,0.6899374985585461,0.5588534653834585,0.43934713828389704,0.31006250144145386,21.257022758945823,5.943191887810826,27.20021464675665,943.36083984375,1190.8984375,e0fc52394c9a7ff7146f4a0e982e940cdbfde9599fd54d058ebf826e5ba6765e,5fdebcb10c32639e67ab4f495dc594c33fb7944d7f186dca7a4c67c32902a3cc
R1,tonsil,G00_SP18_F20_CORR_UNION,0,H05_EQUAL3_AFFINITY_SPECTRAL,0.14810278930250037,0.2537581586384203,0.20093047397046032,0.7166678198297931,0.5860242763753023,0.41070089714057956,0.2833321801702069,21.257022758945823,3.9391290489584208,25.196151807904243,943.36083984375,1190.8984375,e0fc52394c9a7ff7146f4a0e982e940cdbfde9599fd54d058ebf826e5ba6765e,d02b8879a304a2e67a405aff5a5edc031de1cfec61ae952422cf20d8e2d204af
R1,tonsil,G00_SP18_F20_CORR_UNION,0,H06_AGREEMENT3_AFFINITY_SPECTRAL,0.12754742714019918,0.21522690657047377,0.17138716685533648,0.7724347886251989,0.6397506849390542,0.3570600568779228,0.22756521137480112,21.257022758945823,2.2764339707791805,23.533456729725003,943.36083984375,1190.8984375,e0fc52394c9a7ff7146f4a0e982e940cdbfde9599fd54d058ebf826e5ba6765e,a2542b1cf292018952b16e202c04a32f5b05cb4c17021a6ccf7b356222582dcb
R1,tonsil,G00_SP18_F20_CORR_UNION,0,H07_EQUAL3_AFFINITY_SPATIAL05,0.18926022654635244,0.27786771566815144,0.23356397110725194,0.7127701284623723,0.6124070732069993,0.38620005099968113,0.2872298715376277,21.257022758945823,4.868551231920719,26.125573990866542,943.36083984375,1190.8984375,e0fc52394c9a7ff7146f4a0e982e940cdbfde9599fd54d058ebf826e5ba6765e,f1e764566dcffc237645c8e691f97db3bb4e14185e1dd78ce76dc3549a9c06c4
R1,tonsil,G00_SP18_F20_CORR_UNION,0,H08_EQUAL3_AFFINITY_SPATIAL10,0.18140777412055925,0.27567463272702547,0.22854120342379236,0.7144306833644687,0.6153681047447783,0.38355323662968643,0.2855693166355313,21.257022758945823,4.910132899880409,26.167155658826232,943.36083984375,1190.8984375,e0fc52394c9a7ff7146f4a0e982e940cdbfde9599fd54d058ebf826e5ba6765e,a8ef9df07978bb43c96eb482b6517cfc0f9a22bf6b8f13ef5c614f49b2fcd338
R1,tonsil,G00_SP18_F20_CORR_UNION,0,H10_MCLUST_POSTERIOR_MRF05,0.0885165431431355,0.16236497038781678,0.12544075676547614,0.6774602735302936,0.5463096675725702,0.4518803951100523,0.3225397264697064,21.257022758945823,6.022493582218885,27.279516341164708,943.36083984375,1190.8984375,e0fc52394c9a7ff7146f4a0e982e940cdbfde9599fd54d058ebf826e5ba6765e,af3082645fb2de18821420d71019d44974874fe16e78eca94d1c3e5acb24f997
R1,tonsil,G00_SP18_F20_CORR_UNION,0,H11_MCLUST_POSTERIOR_MRF10,0.08887762635517142,0.162379025351468,0.1256283258533197,0.6792361447450357,0.5486277526944758,0.4495787881809667,0.3207638552549643,21.257022758945823,6.415400626137853,27.672423385083675,943.36083984375,1190.8984375,e0fc52394c9a7ff7146f4a0e982e940cdbfde9599fd54d058ebf826e5ba6765e,c0f049d7ab14a9ef5b081f98c75845ecffa8356f267e845be0c7137960041e67
R1,tonsil,G00_SP18_F20_CORR_UNION,1,H00_FUSED_PCA20_MCLUST_EEE,0.06415882065105331,0.15656844151785188,0.1103636310844526,0.7587352106829032,0.5805747152517059,0.4169991961582921,0.24126478931709683,19.917698310688138,4.445197256281972,24.36289556697011,943.36083984375,1199.3515625,4313be7f5b4bb16d6e8494ba51db5d47b944b6965c35a3c6a5c09c4b4dc6b7c1,1b948ce0d9ee5b0baca188c9b9605364f4906b37a6d283cc94d085ebc304e052
R1,tonsil,G00_SP18_F20_CORR_UNION,1,H01_FUSED_DIRECT_MCLUST_EEE,0.1474435626867151,0.2548561236290414,0.20114984315787826,0.7301367651467977,0.5904887813086356,0.40827069360002677,0.2698632348532023,19.917698310688138,16.18785671517253,36.10555502586067,943.36083984375,1199.3515625,4313be7f5b4bb16d6e8494ba51db5d47b944b6965c35a3c6a5c09c4b4dc6b7c1,30391100850cec85ac9abf2c096369f64a46c09f0fea61fc1d493f26b089aef4
R1,tonsil,G00_SP18_F20_CORR_UNION,1,H02_FUSED_PCA20_MCLUST_BIC,0.12596177008077092,0.2066773310632652,0.16631955057201805,0.7150533914527549,0.5270081709047718,0.47053051959744807,0.2849466085472451,19.917698310688138,9.751551702618599,29.669250013306737,943.36083984375,1199.3515625,4313be7f5b4bb16d6e8494ba51db5d47b944b6965c35a3c6a5c09c4b4dc6b7c1,1c1c85828e0ed4c8c1064dfae5fc20d5514b4df50a7261514092ea803815a605
R1,tonsil,G00_SP18_F20_CORR_UNION,1,H03_CONCAT_PRIVATE_PCA20_MCLUST_EEE,0.16055525982991817,0.24697405264081193,0.20376465623536505,0.7924075739754146,0.6170832946074144,0.37833090396012603,0.20759242602458539,19.917698310688138,5.13406078517437,25.051759095862508,943.36083984375,1199.3515625,4313be7f5b4bb16d6e8494ba51db5d47b944b6965c35a3c6a5c09c4b4dc6b7c1,eac394045fa28682c78a7a7a6d3e1b5f13da15d5d0fcc236dac9d57a8782d077
R1,tonsil,G00_SP18_F20_CORR_UNION,1,H04_RELIABILITY_CONCAT3_PCA20_MCLUST_EEE,0.13143724850550514,0.23558724239501636,0.18351224545026074,0.7320971424617726,0.599224745880496,0.3990999713508168,0.2679028575382274,19.917698310688138,7.202304974198341,27.12000328488648,943.36083984375,1199.3515625,4313be7f5b4bb16d6e8494ba51db5d47b944b6965c35a3c6a5c09c4b4dc6b7c1,1cb8eb8e6ee3eb916a08d89e0e407603df0378f9707ca0882bef5f1e1b4fb421
R1,tonsil,G00_SP18_F20_CORR_UNION,1,H05_EQUAL3_AFFINITY_SPECTRAL,0.14559862683029934,0.26888735706881606,0.2072429919495577,0.7258469983163819,0.5859064329414547,0.4114653652355932,0.2741530016836181,19.917698310688138,4.175133852288127,24.092832162976265,943.36083984375,1199.3515625,4313be7f5b4bb16d6e8494ba51db5d47b944b6965c35a3c6a5c09c4b4dc6b7c1,a42465dfce6ae7dbe8bb9ebe61c25fc58f0c656e558b48255c756a2631479dc2
R1,tonsil,G00_SP18_F20_CORR_UNION,1,H06_AGREEMENT3_AFFINITY_SPECTRAL,0.1209514120934827,0.2150658193507118,0.16800861572209724,0.7518854217117553,0.6344522874269576,0.36467549585374653,0.24811457828824468,19.917698310688138,2.445028541609645,22.362726852297783,943.36083984375,1199.3515625,4313be7f5b4bb16d6e8494ba51db5d47b944b6965c35a3c6a5c09c4b4dc6b7c1,a30fad6bc73f7943a368b52caf5c869a348fa29fc0c7de6a6d75a5853a264c22
R1,tonsil,G00_SP18_F20_CORR_UNION,1,H07_EQUAL3_AFFINITY_SPATIAL05,0.14320479090945612,0.2680837334040735,0.2056442621567648,0.7259623146290274,0.5866034481803976,0.41080393400763343,0.2740376853709726,19.917698310688138,6.1977444216609,26.115442732349038,943.36083984375,1199.3515625,4313be7f5b4bb16d6e8494ba51db5d47b944b6965c35a3c6a5c09c4b4dc6b7c1,5cc36c6ad44c7bc9ed4034f8ea484f45e1455c6076eb76df74f500c2ce37bb0e
R1,tonsil,G00_SP18_F20_CORR_UNION,1,H08_EQUAL3_AFFINITY_SPATIAL10,0.14069539869117334,0.2666054263171446,0.203650412504159,0.7267464655550174,0.5891811568255758,0.4083069628327647,0.27325353444498257,19.917698310688138,6.02685758844018,25.944555899128318,943.36083984375,1199.3515625,4313be7f5b4bb16d6e8494ba51db5d47b944b6965c35a3c6a5c09c4b4dc6b7c1,15e8a4d6c1b93cdbad3812a451d7de37a4ea5b28f22b09053b7e76f5776cfa07
R1,tonsil,G00_SP18_F20_CORR_UNION,1,H10_MCLUST_POSTERIOR_MRF05,0.06415882065105331,0.15656844151785188,0.1103636310844526,0.7590580963583109,0.5810221188679088,0.41661948599620524,0.2409419036416891,19.917698310688138,6.005526786670089,25.923225097358227,943.36083984375,1199.3515625,4313be7f5b4bb16d6e8494ba51db5d47b944b6965c35a3c6a5c09c4b4dc6b7c1,7c596042082dfa71ad91a614d5881724f80e91a9294a62027987cb2d0224ba2f
R1,tonsil,G00_SP18_F20_CORR_UNION,1,H11_MCLUST_POSTERIOR_MRF10,0.06415882065105331,0.15656844151785188,0.1103636310844526,0.7590580963583109,0.5810221188679088,0.41661948599620524,0.2409419036416891,19.917698310688138,5.421543691307306,25.339242001995444,943.36083984375,1199.3515625,4313be7f5b4bb16d6e8494ba51db5d47b944b6965c35a3c6a5c09c4b4dc6b7c1,7c596042082dfa71ad91a614d5881724f80e91a9294a62027987cb2d0224ba2f
R1,tonsil,G01_SP3_F20_CORR_UNION,0,H00_FUSED_PCA20_MCLUST_EEE,0.16917063781596606,0.27240004171076376,0.2207853397633649,0.6945501510643696,0.5367338196275734,0.4618674007589344,0.30544984893563043,18.84171036630869,5.226181386038661,24.06789175234735,941.07861328125,1247.4921875,3923e8ebd3a29d23f76b6524113ae473605e8c57f29cf701e1819cc0d9339148,f64e60b4314f199f2c9c0aac2eb26b4589bd0e052f7f5ccaf14d13e44ac5c370
R1,tonsil,G01_SP3_F20_CORR_UNION,0,H01_FUSED_DIRECT_MCLUST_EEE,0.17280855637624415,0.2709970897334818,0.22190282305486297,0.6927973431121567,0.5321210075507999,0.46668222315462415,0.3072026568878433,18.84171036630869,19.016286866739392,37.85799723304808,941.07861328125,1247.4921875,3923e8ebd3a29d23f76b6524113ae473605e8c57f29cf701e1819cc0d9339148,4063d066474cf6508ea568e8cfa7cf7a7da7ea4e018592002b14a9a0242cb526
R1,tonsil,G01_SP3_F20_CORR_UNION,0,H02_FUSED_PCA20_MCLUST_BIC,0.050936693423506874,0.15343360059151956,0.10218514700751322,0.647478032242441,0.4522063493457836,0.5435083354244525,0.35252196775755895,18.84171036630869,11.07047257758677,29.91218294389546,941.07861328125,1247.4921875,3923e8ebd3a29d23f76b6524113ae473605e8c57f29cf701e1819cc0d9339148,e80688f7b9c8dcb23490b5624e245dbf64b7c2f38ba8a75693b838181c52e35d
R1,tonsil,G01_SP3_F20_CORR_UNION,0,H03_CONCAT_PRIVATE_PCA20_MCLUST_EEE,0.07027910618398472,0.1666006596247413,0.11843988290436301,0.619571484582209,0.46399368807508434,0.5359986406119991,0.380428515417791,18.84171036630869,4.209011606872082,23.05072197318077,941.07861328125,1247.4921875,3923e8ebd3a29d23f76b6524113ae473605e8c57f29cf701e1819cc0d9339148,567704591d22c405ce0b6046338f2d00058cc08d6e3ae540f113c921d6cb58f7
R1,tonsil,G01_SP3_F20_CORR_UNION,0,H04_RELIABILITY_CONCAT3_PCA20_MCLUST_EEE,0.15719405715895296,0.26987134822036846,0.2135327026896607,0.7020226481238035,0.5516009063124506,0.44671113104983523,0.29797735187619645,18.84171036630869,7.156246699392796,25.997957065701485,941.07861328125,1247.4921875,3923e8ebd3a29d23f76b6524113ae473605e8c57f29cf701e1819cc0d9339148,9db89d62cfd9e64a78279a7af6ede1504865d4f64703048f043f39682772c834
R1,tonsil,G01_SP3_F20_CORR_UNION,0,H05_EQUAL3_AFFINITY_SPECTRAL,0.16671120962489178,0.28173686288358657,0.22422403625423917,0.7080882861689615,0.5529508433149147,0.4450137253930873,0.29191171383103853,18.84171036630869,3.718915782868862,22.56062614917755,941.07861328125,1247.4921875,3923e8ebd3a29d23f76b6524113ae473605e8c57f29cf701e1819cc0d9339148,24821cf524a5543c63a63ad307f826b23853666d59f4ed7e3c338e3ac808b591
R1,tonsil,G01_SP3_F20_CORR_UNION,0,H06_AGREEMENT3_AFFINITY_SPECTRAL,0.15370777388858436,0.2697974508373547,0.21175261236296952,0.7011462441476971,0.5526771210262605,0.44514890257801404,0.2988537558523029,18.84171036630869,2.9463941752910614,21.78810454159975,941.07861328125,1247.4921875,3923e8ebd3a29d23f76b6524113ae473605e8c57f29cf701e1819cc0d9339148,04126f864d3c73b9bbd6940f337d6b3207ed030045d4bf9e747dde8fe255fabd
R1,tonsil,G01_SP3_F20_CORR_UNION,0,H07_EQUAL3_AFFINITY_SPATIAL05,0.16701790401403338,0.28221236987150644,0.2246151369427699,0.7077192739684955,0.5535006860917302,0.4444265593979063,0.29228072603150446,18.84171036630869,5.911859665066004,24.753570031374693,941.07861328125,1247.4921875,3923e8ebd3a29d23f76b6524113ae473605e8c57f29cf701e1819cc0d9339148,2af4404652b5e4111364fb4cec9f49f892269f0e47ae80704162ccba352293ce
R1,tonsil,G01_SP3_F20_CORR_UNION,0,H08_EQUAL3_AFFINITY_SPATIAL10,0.16618340857662156,0.2824505812900655,0.22431699493334353,0.7075578311307917,0.5550661232968759,0.44289294063875445,0.29244216886920826,18.84171036630869,5.203932827338576,24.045643193647265,941.07861328125,1247.4921875,3923e8ebd3a29d23f76b6524113ae473605e8c57f29cf701e1819cc0d9339148,c7a08fcb9390f8a9be8a392e70437266bb461af01873d1d57db0420bb08a1cd8
R1,tonsil,G01_SP3_F20_CORR_UNION,0,H10_MCLUST_POSTERIOR_MRF05,0.16917063781596606,0.27240004171076376,0.2207853397633649,0.6945501510643696,0.5367338196275734,0.4618674007589344,0.30544984893563043,18.84171036630869,6.161074953153729,25.00278531946242,941.07861328125,1247.4921875,3923e8ebd3a29d23f76b6524113ae473605e8c57f29cf701e1819cc0d9339148,f64e60b4314f199f2c9c0aac2eb26b4589bd0e052f7f5ccaf14d13e44ac5c370
R1,tonsil,G01_SP3_F20_CORR_UNION,0,H11_MCLUST_POSTERIOR_MRF10,0.16877557172669364,0.2721782138883827,0.22047689280753818,0.6949652897898937,0.5374069417051139,0.46117919121611606,0.3050347102101063,18.84171036630869,6.702919969335198,25.544630335643888,941.07861328125,1247.4921875,3923e8ebd3a29d23f76b6524113ae473605e8c57f29cf701e1819cc0d9339148,f61063e48167fd544e5c54335e6a4f078719053fccd3c8117ffe3ef3d0d4122f
R1,tonsil,G01_SP3_F20_CORR_UNION,1,H00_FUSED_PCA20_MCLUST_EEE,0.059069255719253935,0.17244521637994142,0.11575723604959767,0.739823335409027,0.5218135170862336,0.47130260590625095,0.260176664590973,16.08070852421224,4.639718687161803,20.720427211374044,941.07861328125,1247.4921875,2c19c844b82a43c4e10da6ace4e0ca4f91e77e029b4d02c586265a20a450455b,ab260023413d47024cc43c6760fa3981b81597055b222c7da97594452bb428ae
R1,tonsil,G01_SP3_F20_CORR_UNION,1,H01_FUSED_DIRECT_MCLUST_EEE,0.17548281074596087,0.2715329756316032,0.22350789318878206,0.6960031366037039,0.53411613979787,0.4645537525358031,0.30399686339629606,16.08070852421224,15.444976340979338,31.52568486519158,941.07861328125,1247.4921875,2c19c844b82a43c4e10da6ace4e0ca4f91e77e029b4d02c586265a20a450455b,1cd9dec097f19669db941eba1ac834261ea89768354e5d335f60723d756e1bf0
R1,tonsil,G01_SP3_F20_CORR_UNION,1,H02_FUSED_PCA20_MCLUST_BIC,0.16459408727581684,0.2453701594830361,0.20498212337942645,0.6837796074632717,0.4776032504898926,0.5179722143512894,0.3162203925367283,16.08070852421224,8.659451501443982,24.740160025656223,941.07861328125,1247.4921875,2c19c844b82a43c4e10da6ace4e0ca4f91e77e029b4d02c586265a20a450455b,d0b01af80d92379ccd9ed433376bc0245ad1c4dd9075d9b0a5f457fde2898d55
R1,tonsil,G01_SP3_F20_CORR_UNION,1,H03_CONCAT_PRIVATE_PCA20_MCLUST_EEE,0.23109454409240976,0.30837989192044796,0.26973721800642886,0.6719481537858345,0.5182050145460357,0.4800706604307812,0.3280518462141655,16.08070852421224,4.340629419311881,20.421337943524122,941.07861328125,1247.4921875,2c19c844b82a43c4e10da6ace4e0ca4f91e77e029b4d02c586265a20a450455b,610b22eba84cb6c0b129040f2e57fc44b139e7e281199ad37740d62f5a432fda
R1,tonsil,G01_SP3_F20_CORR_UNION,1,H04_RELIABILITY_CONCAT3_PCA20_MCLUST_EEE,0.23094109365430998,0.3076843649098851,0.26931272928209754,0.6727323047118245,0.5197984231829098,0.4785967441334106,0.32726769528817545,16.08070852421224,6.011133119463921,22.09184164367616,941.07861328125,1247.4921875,2c19c844b82a43c4e10da6ace4e0ca4f91e77e029b4d02c586265a20a450455b,95322fbc8474f6beb9ae62c8729028e826e4e3eed07ddd5148bd0434e1582772
R1,tonsil,G01_SP3_F20_CORR_UNION,1,H05_EQUAL3_AFFINITY_SPECTRAL,0.1657789546880788,0.28368176852195226,0.22473036160501553,0.7070273760926221,0.5539210151369723,0.4439628271396272,0.2929726239073779,16.08070852421224,3.364219879731536,19.444928403943777,941.07861328125,1247.4921875,2c19c844b82a43c4e10da6ace4e0ca4f91e77e029b4d02c586265a20a450455b,4c8ac9f2ee145c8387616fb654f7ee048ebc2492a4d83caef4b05c97103c263c
R1,tonsil,G01_SP3_F20_CORR_UNION,1,H06_AGREEMENT3_AFFINITY_SPECTRAL,0.1584279384276801,0.27445666563526944,0.21644230203147477,0.7041214050139533,0.5551059886790992,0.4427087611888637,0.29587859498604674,16.08070852421224,3.0208727438002825,19.101581268012524,941.07861328125,1247.4921875,2c19c844b82a43c4e10da6ace4e0ca4f91e77e029b4d02c586265a20a450455b,cfd1d6e2add71cbb76cb568ce9f6bf9013c06e15e87ae4412edbc024dd04fafa
R1,tonsil,G01_SP3_F20_CORR_UNION,1,H07_EQUAL3_AFFINITY_SPATIAL05,0.16449346376402857,0.283344557601386,0.22391901068270728,0.7066353006296271,0.5540747913761747,0.4437711243001675,0.2933646993703729,16.08070852421224,5.132523540407419,21.21323206461966,941.07861328125,1247.4921875,2c19c844b82a43c4e10da6ace4e0ca4f91e77e029b4d02c586265a20a450455b,87cd92ae3d161a7729f7b8c4b465a26579b0177d8813f7ac239dda0b2e44016d
R1,tonsil,G01_SP3_F20_CORR_UNION,1,H08_EQUAL3_AFFINITY_SPATIAL10,0.164594701408622,0.28488490644707,0.22473980392784598,0.7082266657441362,0.5567357414492087,0.44107725835861866,0.2917733342558638,16.08070852421224,5.262912871316075,21.343621395528316,941.07861328125,1247.4921875,2c19c844b82a43c4e10da6ace4e0ca4f91e77e029b4d02c586265a20a450455b,7085134f5cb8094d06313247536740882eb7a379f39a61af26e7872c82a515bc
R1,tonsil,G01_SP3_F20_CORR_UNION,1,H10_MCLUST_POSTERIOR_MRF05,0.05873572930157634,0.17156757444573426,0.1151516518736553,0.7402154108720219,0.5223609783162378,0.4706443034994521,0.2597845891279781,16.08070852421224,4.803773272782564,20.884481796994805,941.07861328125,1247.4921875,2c19c844b82a43c4e10da6ace4e0ca4f91e77e029b4d02c586265a20a450455b,0f80911927bb4e8b7181006c82e3838a9a279bd09651778b0158b91093ecaa90
R1,tonsil,G01_SP3_F20_CORR_UNION,1,H11_MCLUST_POSTERIOR_MRF10,0.058980350824893724,0.17139397551212332,0.11518716316850852,0.7405152332849004,0.5229950938656438,0.47006950137304304,0.25948476671509957,16.08070852421224,4.791352400556207,20.872060924768448,941.07861328125,1247.4921875,2c19c844b82a43c4e10da6ace4e0ca4f91e77e029b4d02c586265a20a450455b,629629a924c2366efdb80d591d7b09dca96a72080b8f7cc05b62e769cbeacb3c
R1,tonsil,G02_SP6_F20_CORR_UNION,0,H00_FUSED_PCA20_MCLUST_EEE,0.1632216781701106,0.26630851902091973,0.21476509859551518,0.6993242464078968,0.5436890107779339,0.45499873685592884,0.3006757535921032,16.53659912198782,4.365598326548934,20.902197448536754,941.67041015625,1247.4921875,05cc2b5ec0587076449e4dd500fb810abbc1efb20ed9d4e5ece7fac5cbe313da,38cd6ce86fec47b6a7463511d169be4fcafeeeb4cada33f684ef12d587a4dc5a
R1,tonsil,G02_SP6_F20_CORR_UNION,0,H01_FUSED_DIRECT_MCLUST_EEE,0.15649688535530656,0.26391186352481855,0.21020437444006257,0.7044442906893609,0.555010159045257,0.44349989187850963,0.2955557093106391,16.53659912198782,15.827168321236968,32.36376744322479,941.67041015625,1247.4921875,05cc2b5ec0587076449e4dd500fb810abbc1efb20ed9d4e5ece7fac5cbe313da,089cf63bda9ea870c09c750affeb49fe25bd8beee3cc6a48679b73512e7c1bac
R1,tonsil,G02_SP6_F20_CORR_UNION,0,H02_FUSED_PCA20_MCLUST_BIC,0.06384302786499108,0.16377608874809768,0.11380955830654438,0.6436725939251366,0.4699264085919984,0.5262720405804546,0.35632740607486335,16.53659912198782,9.507882345467806,26.044481467455626,941.67041015625,1247.4921875,05cc2b5ec0587076449e4dd500fb810abbc1efb20ed9d4e5ece7fac5cbe313da,54b8a57b42d6bb62ed84151bea767041c54b221b2f144a2f17f15980e98e796c
R1,tonsil,G02_SP6_F20_CORR_UNION,0,H03_CONCAT_PRIVATE_PCA20_MCLUST_EEE,0.06936749144777402,0.1640877732401637,0.11672763234396885,0.6275283101547545,0.47535119225051614,0.5246840367657531,0.3724716898452455,16.53659912198782,5.30050060339272,21.83709972538054,941.67041015625,1247.4921875,05cc2b5ec0587076449e4dd500fb810abbc1efb20ed9d4e5ece7fac5cbe313da,0a598dfc4b0f6feb4bd0835bdf7dbee5ef445b7b8b898211583b52c4cb476722
R1,tonsil,G02_SP6_F20_CORR_UNION,0,H04_RELIABILITY_CONCAT3_PCA20_MCLUST_EEE,0.16876036228014124,0.2684203719295536,0.21859036710484742,0.6959800733411748,0.5387781410287771,0.4599653902448807,0.30401992665882516,16.53659912198782,6.548261987045407,23.084861109033227,941.67041015625,1247.4921875,05cc2b5ec0587076449e4dd500fb810abbc1efb20ed9d4e5ece7fac5cbe313da,0fdc798bd23f01e87eaf80d30c12d4777387c33d51f50c1eba43075011fd0ce1
R1,tonsil,G02_SP6_F20_CORR_UNION,0,H05_EQUAL3_AFFINITY_SPECTRAL,0.16533553017133215,0.2816473254104139,0.223491427790873,0.7112018266103923,0.5581764132676883,0.4391945141877659,0.28879817338960767,16.53659912198782,3.2478807363659143,19.784479858353734,941.67041015625,1247.4921875,05cc2b5ec0587076449e4dd500fb810abbc1efb20ed9d4e5ece7fac5cbe313da,25f86f160948000bcb6ff6677ecc7ee995cac15778994997bf07bcc2accc4cea
R1,tonsil,G02_SP6_F20_CORR_UNION,0,H06_AGREEMENT3_AFFINITY_SPECTRAL,0.1347502033435805,0.2256443100108705,0.18019725667722553,0.758689084157845,0.5991101595902348,0.39603176913464555,0.24131091584215503,16.53659912198782,2.4533883817493916,18.98998750373721,941.67041015625,1247.4921875,05cc2b5ec0587076449e4dd500fb810abbc1efb20ed9d4e5ece7fac5cbe313da,cea615b2e80b2aadf0e01e492e29f0b1d3efbcd8b6d3eb5d34fd37511461c455
R1,tonsil,G02_SP6_F20_CORR_UNION,0,H07_EQUAL3_AFFINITY_SPATIAL05,0.1617773795563976,0.28061155818156164,0.22119446886897962,0.7119629142738532,0.5616734188130512,0.4357430781505402,0.28803708572614684,16.53659912198782,5.410782860592008,21.947381982579827,941.67041015625,1247.4921875,05cc2b5ec0587076449e4dd500fb810abbc1efb20ed9d4e5ece7fac5cbe313da,c6fc503baccb65499159b43cb5fe9a93ba032b4caca6936b83ee5c1c85879d91
R1,tonsil,G02_SP6_F20_CORR_UNION,0,H08_EQUAL3_AFFINITY_SPATIAL10,0.15949591192132287,0.27960456750785556,0.2195502397145892,0.7127009386747849,0.5635200172572868,0.43384548050919647,0.2872990613252151,16.53659912198782,5.377475932240486,21.914075054228306,941.67041015625,1247.4921875,05cc2b5ec0587076449e4dd500fb810abbc1efb20ed9d4e5ece7fac5cbe313da,699713b7e805a34295718a0c9b6d21a046e05cf36b8a63e3d95de5ada045d64f
R1,tonsil,G02_SP6_F20_CORR_UNION,0,H10_MCLUST_POSTERIOR_MRF05,0.16352403252347045,0.2667302399210843,0.21512713622227736,0.6996701953458336,0.5443186441053961,0.4543666366820704,0.30032980465416637,16.53659912198782,5.092240184545517,21.628839306533337,941.67041015625,1247.4921875,05cc2b5ec0587076449e4dd500fb810abbc1efb20ed9d4e5ece7fac5cbe313da,9afd89bd2611d0c1246b05c062257d9daf7110608065246bcfa5f47fadac727f
R1,tonsil,G02_SP6_F20_CORR_UNION,0,H11_MCLUST_POSTERIOR_MRF10,0.1631602966701283,0.2665271770302286,0.21484373685017844,0.7003159666966489,0.545291331753361,0.45339773280152423,0.29968403330335114,16.53659912198782,5.392711006104946,21.929310128092766,941.67041015625,1247.4921875,05cc2b5ec0587076449e4dd500fb810abbc1efb20ed9d4e5ece7fac5cbe313da,1916e4b1e9a005ee6ac113cbadb0acfde2bbbc4066c2a5078dddebad5da745df
R1,tonsil,G02_SP6_F20_CORR_UNION,1,H00_FUSED_PCA20_MCLUST_EEE,0.058893392767204025,0.16763469611683865,0.11326404444202134,0.7411379413731867,0.5318121371169151,0.461883516877737,0.25886205862681333,16.081837467849255,4.242140118032694,20.32397758588195,941.67041015625,1256.08203125,ac1493063ab4dda117b0634bdb924d2015acdeeb2a2edd6797051fed1076e8ef,265ce7551521542dc2b7134922efe03376f77d437141af5567f803107a6e591d
R1,tonsil,G02_SP6_F20_CORR_UNION,1,H01_FUSED_DIRECT_MCLUST_EEE,0.17435760083677754,0.26522479028760193,0.21979119556218973,0.700731105422173,0.5376660819621703,0.46122197884570304,0.299268894577827,16.081837467849255,16.078972900286317,32.16081036813557,941.67041015625,1256.08203125,ac1493063ab4dda117b0634bdb924d2015acdeeb2a2edd6797051fed1076e8ef,3c85a8f74b01c947bcdac85bbb58f3693274eaeda5f21001983725ba0cab1757
R1,tonsil,G02_SP6_F20_CORR_UNION,1,H02_FUSED_PCA20_MCLUST_BIC,0.16610301036800407,0.24350585792789584,0.20480443414794997,0.694250328651491,0.5005797904689286,0.49632273384845005,0.30574967134850894,16.081837467849255,10.985940238460898,27.067777706310153,941.67041015625,1256.08203125,ac1493063ab4dda117b0634bdb924d2015acdeeb2a2edd6797051fed1076e8ef,ac39a163b99fcbd03f4d952c830e75bfe91ac8404334dc88f60614bafaf7c6b1
R1,tonsil,G02_SP6_F20_CORR_UNION,1,H03_CONCAT_PRIVATE_PCA20_MCLUST_EEE,0.1693602334027407,0.2679305416762335,0.2186453875394871,0.6974561221430383,0.5373553833788043,0.46133094673586106,0.3025438778569617,16.081837467849255,6.074257921427488,22.156095389276743,941.67041015625,1256.08203125,ac1493063ab4dda117b0634bdb924d2015acdeeb2a2edd6797051fed1076e8ef,a36c5ef030c96bac6f3dde0895185019d8083992866770f4c77fdfb568c513c7
R1,tonsil,G02_SP6_F20_CORR_UNION,1,H04_RELIABILITY_CONCAT3_PCA20_MCLUST_EEE,0.1603893487382547,0.2672315636019473,0.21381045617010097,0.7079268433312577,0.5572552132098219,0.4410672847677493,0.29207315666874234,16.081837467849255,5.6666134763509035,21.748450944200158,941.67041015625,1256.08203125,ac1493063ab4dda117b0634bdb924d2015acdeeb2a2edd6797051fed1076e8ef,aae7f8c34c5c203e98f43572377dbafb82cc98b55b0070343ae498f29dcbfe0f
R1,tonsil,G02_SP6_F20_CORR_UNION,1,H05_EQUAL3_AFFINITY_SPECTRAL,0.16023942727891732,0.2813921131059525,0.22081577019243492,0.711916787748795,0.5629125047335987,0.43486511254973337,0.28808321225120503,16.081837467849255,4.083426482975483,20.165263950824738,941.67041015625,1256.08203125,ac1493063ab4dda117b0634bdb924d2015acdeeb2a2edd6797051fed1076e8ef,74e73c5f1f17a253cdd75a3e26fda01c84a341750edb02f0cda06015ad71d6b7
R1,tonsil,G02_SP6_F20_CORR_UNION,1,H06_AGREEMENT3_AFFINITY_SPECTRAL,0.15624478703260916,0.2713221605990007,0.21378347381580493,0.708180539219078,0.5622962124237386,0.4356806918819754,0.291819460780922,16.081837467849255,2.3460953943431377,18.427932862192392,941.67041015625,1256.08203125,ac1493063ab4dda117b0634bdb924d2015acdeeb2a2edd6797051fed1076e8ef,ad099d5a654f481ef91197079b87fd42f5ae348b366817d2c7f1575553afe9ca
R1,tonsil,G02_SP6_F20_CORR_UNION,1,H07_EQUAL3_AFFINITY_SPATIAL05,0.15619043660891022,0.27805231186098006,0.21712137423494515,0.7123549897368482,0.5646168087504131,0.4330734694439591,0.2876450102631518,16.081837467849255,5.331689432263374,21.41352690011263,941.67041015625,1256.08203125,ac1493063ab4dda117b0634bdb924d2015acdeeb2a2edd6797051fed1076e8ef,361adae8629ca37371c3180bb8b50f96da7cb87bb9907272a4f9c58acfda0330
R1,tonsil,G02_SP6_F20_CORR_UNION,1,H08_EQUAL3_AFFINITY_SPATIAL10,0.15227972290454073,0.27594172036325604,0.21411072163389838,0.7112479531354505,0.564969853554544,0.43264137416535886,0.28875204686454947,16.081837467849255,6.9721837267279625,23.054021194577217,941.67041015625,1256.08203125,ac1493063ab4dda117b0634bdb924d2015acdeeb2a2edd6797051fed1076e8ef,dbb197911aef1268b452be243767985f75f61e68d9eb2781dd4721f29fbdce89
R1,tonsil,G02_SP6_F20_CORR_UNION,1,H10_MCLUST_POSTERIOR_MRF05,0.05823147704063245,0.16644308880410016,0.1123372829223663,0.7415300168361817,0.5324757176110401,0.4612486993460432,0.2584699831638183,16.081837467849255,5.0015588868409395,21.083396354690194,941.67041015625,1256.08203125,ac1493063ab4dda117b0634bdb924d2015acdeeb2a2edd6797051fed1076e8ef,7955e0ddc92c56644939a25644437f856070101e89096f8411fc0adfd0b5b1c4
R1,tonsil,G02_SP6_F20_CORR_UNION,1,H11_MCLUST_POSTERIOR_MRF10,0.058534024877487045,0.16652764854159793,0.11253083670954249,0.7419682188242349,0.5329407000489056,0.460814113060591,0.2580317811757651,16.081837467849255,5.981370463967323,22.063207931816578,941.67041015625,1256.08203125,ac1493063ab4dda117b0634bdb924d2015acdeeb2a2edd6797051fed1076e8ef,085efa4f69a041b5c5790ebb1909ca37f2f83c733fbe69ba7f199edc80a98aa5
R1,tonsil,G03_SP10_F20_CORR_UNION,0,H00_FUSED_PCA20_MCLUST_EEE,0.08996868053860325,0.17257579194061468,0.13127223623960896,0.6578334371180147,0.5185786894208931,0.4791968847702363,0.3421665628819853,17.11766025610268,4.349058179184794,21.466718435287476,942.4267578125,1256.08203125,b68c1d1dd04be066299b44eb29eb33c231608ad01300b8776eaab3a21d46fd10,16c643899fcfd90d2e0dc2015700bb53a3e0d93dbd9d28e292128ca39b5f2eb7
R1,tonsil,G03_SP10_F20_CORR_UNION,0,H01_FUSED_DIRECT_MCLUST_EEE,0.1493337200044084,0.2601367120797818,0.2047352160420951,0.7111326368228049,0.5692119287391049,0.4293262879053693,0.2888673631771951,17.11766025610268,14.276164872571826,31.393825128674507,942.4267578125,1256.08203125,b68c1d1dd04be066299b44eb29eb33c231608ad01300b8776eaab3a21d46fd10,358c7329bf17b060430b01c777170246da964bcaff1b228e617b6069d924baea
R1,tonsil,G03_SP10_F20_CORR_UNION,0,H02_FUSED_PCA20_MCLUST_BIC,0.04924544373675247,0.14704449268817069,0.09814496821246158,0.6547890864641712,0.4749472511743046,0.521911930527118,0.3452109135358288,17.11766025610268,11.391287663951516,28.508947920054197,942.4267578125,1256.08203125,b68c1d1dd04be066299b44eb29eb33c231608ad01300b8776eaab3a21d46fd10,8e5ed57084bfb64f227b7a241363aff1946d0c69db7f7d1e816552ad7ac25e5a
R1,tonsil,G03_SP10_F20_CORR_UNION,0,H03_CONCAT_PRIVATE_PCA20_MCLUST_EEE,0.053684146340111684,0.17667384947982004,0.11517899790996586,0.6965566549044028,0.5212396989247134,0.4758348473206023,0.30344334509559723,17.11766025610268,5.031483570113778,22.14914382621646,942.4267578125,1256.08203125,b68c1d1dd04be066299b44eb29eb33c231608ad01300b8776eaab3a21d46fd10,74d508fc2a25038c58fec809d89107a9f4983a85a38d9724c0a6ec66612f6fb8
R1,tonsil,G03_SP10_F20_CORR_UNION,0,H04_RELIABILITY_CONCAT3_PCA20_MCLUST_EEE,0.11255601867110183,0.18857184327105106,0.15056393097107645,0.6731935699624069,0.533485647258882,0.4663050574728203,0.32680643003759313,17.11766025610268,6.78831029124558,23.90597054734826,942.4267578125,1256.08203125,b68c1d1dd04be066299b44eb29eb33c231608ad01300b8776eaab3a21d46fd10,d9e001d8ce2c58daa10e8c47741762751b9d9bd1fae341181b302e505f97ea1c
R1,tonsil,G03_SP10_F20_CORR_UNION,0,H05_EQUAL3_AFFINITY_SPECTRAL,0.1521403610839611,0.27178901910756514,0.21196469009576313,0.7179593625314237,0.5709656801580552,0.4265575716385226,0.2820406374685763,17.11766025610268,4.0343156065791845,21.151975862681866,942.4267578125,1256.08203125,b68c1d1dd04be066299b44eb29eb33c231608ad01300b8776eaab3a21d46fd10,2f272301ff0bd908f964e1b7f2ca487509225efe966150cd2ae986cdd85ba8aa
R1,tonsil,G03_SP10_F20_CORR_UNION,0,H06_AGREEMENT3_AFFINITY_SPECTRAL,0.159466226943525,0.2352276852901335,0.19734695611682923,0.6926820267995111,0.548126646136187,0.4500869360386528,0.3073179732004889,17.11766025610268,2.3364170230925083,19.45407727919519,942.4267578125,1256.08203125,b68c1d1dd04be066299b44eb29eb33c231608ad01300b8776eaab3a21d46fd10,e8359228fd41c6c9cb7c4449fb925b6eda26b425780b2fed5e73361819ca1014
R1,tonsil,G03_SP10_F20_CORR_UNION,0,H07_EQUAL3_AFFINITY_SPATIAL05,0.15007851084020235,0.26880015397272095,0.20943933240646165,0.7165294402546184,0.5709858313505234,0.4265284705226555,0.2834705597453816,17.11766025610268,5.249553980305791,22.367214236408472,942.4267578125,1256.08203125,b68c1d1dd04be066299b44eb29eb33c231608ad01300b8776eaab3a21d46fd10,c219d47ae215368ac08e73845cd60e328c0bce90951c97a33d4dcc3cb7374abe
R1,tonsil,G03_SP10_F20_CORR_UNION,0,H08_EQUAL3_AFFINITY_SPATIAL10,0.14478228755612554,0.26558023744180914,0.20518126249896734,0.7173135911806084,0.5739042425407681,0.4234578800976413,0.28268640881939155,17.11766025610268,5.025769481435418,22.1434297375381,942.4267578125,1256.08203125,b68c1d1dd04be066299b44eb29eb33c231608ad01300b8776eaab3a21d46fd10,dc6ffa9644b7adf822f99cf4ed4b5825ee9158a10467f728826049dae619b905
R1,tonsil,G03_SP10_F20_CORR_UNION,0,H10_MCLUST_POSTERIOR_MRF05,0.08957669275462855,0.17202394906862647,0.13080032091162752,0.6589174104568832,0.5198519908594786,0.4779239437981681,0.34108258954311677,17.11766025610268,5.168382523581386,22.286042779684067,942.4267578125,1256.08203125,b68c1d1dd04be066299b44eb29eb33c231608ad01300b8776eaab3a21d46fd10,023d48ba1956ad2595c5f08c46c43df765dcbb0202c70d2d2ea7629c6984980e
R1,tonsil,G03_SP10_F20_CORR_UNION,0,H11_MCLUST_POSTERIOR_MRF10,0.08944658680649405,0.1716454650812989,0.13054602594389647,0.6592402961322908,0.5202576989729186,0.4775302806933508,0.34075970386770915,17.11766025610268,5.1024443078786135,22.220104563981295,942.4267578125,1256.08203125,b68c1d1dd04be066299b44eb29eb33c231608ad01300b8776eaab3a21d46fd10,7daf263b4185ad56b94daf81fa71531e901713fc946c8ce274cafe878a29f73d
R1,tonsil,G03_SP10_F20_CORR_UNION,1,H00_FUSED_PCA20_MCLUST_EEE,0.130065449742555,0.21147098278350332,0.17076821626302915,0.7436749002513896,0.5613600477622852,0.4321817459361135,0.2563250997486104,21.028277637436986,5.995727768167853,27.02400540560484,942.4267578125,1256.08203125,6e3d87d1856caf272d3c6696c27eb99417e7f137f6e36d31c7e39080da923813,7a7ed130fd654f17b5bd9be5773fe4cd15876d88fb422260a92233dd34b5a961
R1,tonsil,G03_SP10_F20_CORR_UNION,1,H01_FUSED_DIRECT_MCLUST_EEE,0.16407485169067126,0.26160370140707473,0.212839276548873,0.7188357665075301,0.5675353227442059,0.43116015120790163,0.2811642334924699,21.028277637436986,15.202197244390845,36.23047488182783,942.4267578125,1256.08203125,6e3d87d1856caf272d3c6696c27eb99417e7f137f6e36d31c7e39080da923813,607b870876f491e5b7828a5588ae0880b4c1ce9192067b73152c785f1cceecd6
R1,tonsil,G03_SP10_F20_CORR_UNION,1,H02_FUSED_PCA20_MCLUST_BIC,0.07145980042326726,0.19056201077777593,0.1310109056005216,0.6718097742106598,0.5064811328354955,0.49054598255785103,0.3281902257893402,21.028277637436986,10.652999760583043,31.68127739802003,942.4267578125,1256.08203125,6e3d87d1856caf272d3c6696c27eb99417e7f137f6e36d31c7e39080da923813,2403fbb88d9e75f3f0ca3773e8f97b494443803819ef01a9e2faa0b237c04532
R1,tonsil,G03_SP10_F20_CORR_UNION,1,H03_CONCAT_PRIVATE_PCA20_MCLUST_EEE,0.22656171625314359,0.29947500384629866,0.2630183600497211,0.6821882423487626,0.5343551160972089,0.46404897962938674,0.31781175765123737,21.028277637436986,4.390036044642329,25.418313682079315,942.4267578125,1256.08203125,6e3d87d1856caf272d3c6696c27eb99417e7f137f6e36d31c7e39080da923813,6dfbd927a13776f94a76193cd301d4e1716191701cd2c985962a4b5a690a29be
R1,tonsil,G03_SP10_F20_CORR_UNION,1,H04_RELIABILITY_CONCAT3_PCA20_MCLUST_EEE,0.039056443868830185,0.14423172781477397,0.09164408584180209,0.7529463317880948,0.5659018417375168,0.4292101767824371,0.24705366821190522,21.028277637436986,5.744624089449644,26.77290172688663,942.4267578125,1256.08203125,6e3d87d1856caf272d3c6696c27eb99417e7f137f6e36d31c7e39080da923813,ee95b810398f0656c2ceaf3e77b0af0ccb04e4ce416e479088a0015392d74e13
R1,tonsil,G03_SP10_F20_CORR_UNION,1,H05_EQUAL3_AFFINITY_SPECTRAL,0.15002367723844362,0.27247912967420024,0.21125140345632193,0.7198274867962822,0.5756250972587026,0.42190538599344485,0.28017251320371783,21.028277637436986,3.1939145252108574,24.222192162647843,942.4267578125,1256.08203125,6e3d87d1856caf272d3c6696c27eb99417e7f137f6e36d31c7e39080da923813,06db99ab30c98efe81d4c75b7790e3b186033fe0aab42e87937089d7be888a96
R1,tonsil,G03_SP10_F20_CORR_UNION,1,H06_AGREEMENT3_AFFINITY_SPECTRAL,0.13698118981698604,0.23556914468860493,0.18627516725279547,0.7291450448580457,0.598643318426406,0.3993285479729969,0.27085495514195435,21.028277637436986,2.290620919317007,23.318898556753993,942.4267578125,1256.08203125,6e3d87d1856caf272d3c6696c27eb99417e7f137f6e36d31c7e39080da923813,18dd72c2ffd78854587bbbab8d5dc55d94a15cd59426f3c356ce6397030bf50e
R1,tonsil,G03_SP10_F20_CORR_UNION,1,H07_EQUAL3_AFFINITY_SPATIAL05,0.14804625645017536,0.2706546475282697,0.20935045198922253,0.7191817154454669,0.5762949683308132,0.42130677804595296,0.28081828455453306,21.028277637436986,5.009651705622673,26.03792934305966,942.4267578125,1256.08203125,6e3d87d1856caf272d3c6696c27eb99417e7f137f6e36d31c7e39080da923813,a00363423cb30cd383c97098ce218d565818263a33321e0090fa56a826b301ca
R1,tonsil,G03_SP10_F20_CORR_UNION,1,H08_EQUAL3_AFFINITY_SPATIAL10,0.14502730735495897,0.26881733286698367,0.20692232011097134,0.7194815378583455,0.5785211361338598,0.41910754786460735,0.28051846214165455,21.028277637436986,4.913374129682779,25.941651767119765,942.4267578125,1256.08203125,6e3d87d1856caf272d3c6696c27eb99417e7f137f6e36d31c7e39080da923813,39d9e614238157e1eb14d3b22eb46ff06619bcc35d09a228ccfcf389e8db04f9
R1,tonsil,G03_SP10_F20_CORR_UNION,1,H10_MCLUST_POSTERIOR_MRF05,0.12998581903858053,0.21152900131615834,0.17075741017736945,0.7449433796904911,0.5624576212631514,0.4312852886825838,0.25505662030950893,21.028277637436986,7.121852735057473,28.15013037249446,942.4267578125,1256.08203125,6e3d87d1856caf272d3c6696c27eb99417e7f137f6e36d31c7e39080da923813,4369c4787eeed3daa97634d853883a6939107e4986335016a7607d1ad1f0d066
R1,tonsil,G03_SP10_F20_CORR_UNION,1,H11_MCLUST_POSTERIOR_MRF10,0.12998581903858053,0.21152900131615834,0.17075741017736945,0.7449433796904911,0.5624576212631514,0.4312852886825838,0.25505662030950893,21.028277637436986,7.145030118525028,28.173307755962014,942.4267578125,1256.08203125,6e3d87d1856caf272d3c6696c27eb99417e7f137f6e36d31c7e39080da923813,4369c4787eeed3daa97634d853883a6939107e4986335016a7607d1ad1f0d066
R1,tonsil,G04_SP10_F10_EUC_UNION,0,H00_FUSED_PCA20_MCLUST_EEE,0.12308519010204037,0.20269044954632917,0.16288781982418477,0.7451509490532531,0.5564305270488787,0.4381998761426642,0.2548490509467469,16.896130561828613,4.078030163422227,20.97416072525084,939.830078125,1256.08203125,232a24cd416fdee6e5b41565cdebd64f556844477095cbf0753652cdf8cbd7a9,5cc0a79eda060eba9578f3333f3d18d4c9baf46a9f503e2dc10c5136e9bc549a
R1,tonsil,G04_SP10_F10_EUC_UNION,0,H01_FUSED_DIRECT_MCLUST_EEE,0.14439435612957327,0.23890475343072312,0.1916495547801482,0.6987937913697272,0.5646786325424379,0.4318829925882961,0.3012062086302728,16.896130561828613,14.001847364008427,30.89797792583704,939.830078125,1256.08203125,232a24cd416fdee6e5b41565cdebd64f556844477095cbf0753652cdf8cbd7a9,465d4b6bb7848575b5566dd6f4552851192199603fb73bd9c57a246bcb7f925f
R1,tonsil,G04_SP10_F10_EUC_UNION,0,H02_FUSED_PCA20_MCLUST_BIC,0.05816781026813395,0.16386005743265816,0.11101393385039605,0.6510297746719251,0.4751114660531299,0.5214937920486082,0.34897022532807487,16.896130561828613,8.916160566732287,25.8122911285609,939.830078125,1256.08203125,232a24cd416fdee6e5b41565cdebd64f556844477095cbf0753652cdf8cbd7a9,e8db04b2bc13e316b1c157a062e472bc8dba1bc3ac316065216b49f415cb315c
R1,tonsil,G04_SP10_F10_EUC_UNION,0,H03_CONCAT_PRIVATE_PCA20_MCLUST_EEE,0.07010080487285023,0.1608122343980441,0.11545651963544716,0.6469706404668004,0.5016847411846934,0.4987052107357236,0.3530293595331996,16.896130561828613,4.101652340963483,20.997782902792096,939.830078125,1256.08203125,232a24cd416fdee6e5b41565cdebd64f556844477095cbf0753652cdf8cbd7a9,d53992359f21f30ec47c665c04ab3467a7209ead48620fb3ec04d66fa5505827
R1,tonsil,G04_SP10_F10_EUC_UNION,0,H04_RELIABILITY_CONCAT3_PCA20_MCLUST_EEE,0.15025193052430053,0.22136382893710457,0.18580787973070256,0.7032680643003759,0.560525221779171,0.4384139766911415,0.2967319356996241,16.896130561828613,5.621138168498874,22.517268730327487,939.830078125,1256.08203125,232a24cd416fdee6e5b41565cdebd64f556844477095cbf0753652cdf8cbd7a9,fa7573d5f039e4f468c93bb098aa644afb6034b1698ba2dc84d77d2e71a77096
R1,tonsil,G04_SP10_F10_EUC_UNION,0,H05_EQUAL3_AFFINITY_SPECTRAL,0.1522327250963723,0.2733283147344344,0.21278051991540337,0.7200811826841025,0.5741961814432107,0.42301700226000316,0.2799188173158975,16.896130561828613,3.2207158617675304,20.116846423596144,939.830078125,1256.08203125,232a24cd416fdee6e5b41565cdebd64f556844477095cbf0753652cdf8cbd7a9,2bf2da2dfbee6c2b2c0d5d2436176476542689ce9a96ae12d6c225631f3e4166
R1,tonsil,G04_SP10_F10_EUC_UNION,0,H06_AGREEMENT3_AFFINITY_SPECTRAL,0.15202330335595976,0.2682556515098265,0.21013947743289313,0.7115708388108581,0.5690968988787046,0.4291382432609027,0.28842916118914186,16.896130561828613,2.307894377037883,19.204024938866496,939.830078125,1256.08203125,232a24cd416fdee6e5b41565cdebd64f556844477095cbf0753652cdf8cbd7a9,0e004759f4de1245782fadeaedcf3b949a4921e4469e4784429fccfc7b26e8e2
R1,tonsil,G04_SP10_F10_EUC_UNION,0,H07_EQUAL3_AFFINITY_SPATIAL05,0.14903292105827712,0.2717860171311907,0.2104094690947339,0.7212343458105583,0.5766809914975878,0.4205299668030232,0.27876565418944166,16.896130561828613,4.960610235109925,21.85674079693854,939.830078125,1256.08203125,232a24cd416fdee6e5b41565cdebd64f556844477095cbf0753652cdf8cbd7a9,d137b2eb3669eaeffa90a44e53c1e38b83f68b78164ae43d650ca8bae31cccd8
R1,tonsil,G04_SP10_F10_EUC_UNION,0,H08_EQUAL3_AFFINITY_SPATIAL10,0.14703554949611078,0.2691198779093616,0.2080777137027362,0.7217648008487281,0.5789330676935032,0.4183946887757716,0.27823519915127193,16.896130561828613,4.738221293315291,21.634351855143905,939.830078125,1256.08203125,232a24cd416fdee6e5b41565cdebd64f556844477095cbf0753652cdf8cbd7a9,08406b641c6970e6bf4197e8cd2df07cee44e9196b2ba0bb9af96e54e0354775
R1,tonsil,G04_SP10_F10_EUC_UNION,0,H10_MCLUST_POSTERIOR_MRF05,0.12414968850664855,0.20349217214194432,0.16382093032429643,0.7466731243801749,0.5596290900133991,0.4350190725822026,0.25332687561982514,16.896130561828613,5.052747616544366,21.94887817837298,939.830078125,1256.08203125,232a24cd416fdee6e5b41565cdebd64f556844477095cbf0753652cdf8cbd7a9,77e0666c9e1a6479a367c99d3509c0b3687469549dc59a90a4b5e3587b8880f3
R1,tonsil,G04_SP10_F10_EUC_UNION,0,H11_MCLUST_POSTERIOR_MRF10,0.12420054138861318,0.20378553985985,0.1639930406242316,0.7470421365806407,0.5598195633727611,0.4347879073454035,0.25295786341935933,16.896130561828613,4.924658432602882,21.820788994431496,939.830078125,1256.08203125,232a24cd416fdee6e5b41565cdebd64f556844477095cbf0753652cdf8cbd7a9,950134d6d2f7b9ab200a8971f00341313ffb6abb55421f9fcb49a43114e40de2
R1,tonsil,G04_SP10_F10_EUC_UNION,1,H00_FUSED_PCA20_MCLUST_EEE,0.06370924874375453,0.15772990203696202,0.11071957539035827,0.7502018035471297,0.5605748311152373,0.43486360454093603,0.24979819645287027,16.935236832126975,3.5143567845225334,20.44959361664951,939.830078125,1256.08203125,100832bba5c781311225eb214f5563d95b2ce1dd789f092d8d1bca035580b757,9b2ad57907b859d5733b657d9b9667219c64c1eb589ff3d5244570ab4cee85a9
R1,tonsil,G04_SP10_F10_EUC_UNION,1,H01_FUSED_DIRECT_MCLUST_EEE,0.16064963138903762,0.25919797737876155,0.20992380438389957,0.721349662123204,0.5755720457489955,0.42333632361019685,0.27865033787679605,16.935236832126975,16.863943077623844,33.79917990975082,939.830078125,1256.08203125,100832bba5c781311225eb214f5563d95b2ce1dd789f092d8d1bca035580b757,66b6130acd58d8c4bb64f257f16029447d87d3efcc50f237f9c2330753390db7
R1,tonsil,G04_SP10_F10_EUC_UNION,1,H02_FUSED_PCA20_MCLUST_BIC,0.15788253002664446,0.235395813909494,0.19663917196806924,0.7025069766369151,0.49764311212199563,0.49807971175628163,0.2974930233630849,16.935236832126975,8.048491040244699,24.983727872371674,939.830078125,1256.08203125,100832bba5c781311225eb214f5563d95b2ce1dd789f092d8d1bca035580b757,f0c08b3918b22f90f5c6c845a7584fa398954144ae058de34bf1e59f41d03090
R1,tonsil,G04_SP10_F10_EUC_UNION,1,H03_CONCAT_PRIVATE_PCA20_MCLUST_EEE,0.07732279730705222,0.16959690277138847,0.12345985003922035,0.7013076869854009,0.5834836488505727,0.41570123149243154,0.2986923130145991,16.935236832126975,6.124859252944589,23.060096085071564,939.830078125,1256.08203125,100832bba5c781311225eb214f5563d95b2ce1dd789f092d8d1bca035580b757,b044c362bead4fc226b3cfc5f9a76a81d6bc705d660a1f4d7db8b78377c7a01c
R1,tonsil,G04_SP10_F10_EUC_UNION,1,H04_RELIABILITY_CONCAT3_PCA20_MCLUST_EEE,0.1159397982143372,0.211056880232044,0.1634983392231906,0.7016075093982794,0.5644384396904722,0.43315951169086087,0.2983924906017206,16.935236832126975,6.732821071520448,23.668057903647423,939.830078125,1256.08203125,100832bba5c781311225eb214f5563d95b2ce1dd789f092d8d1bca035580b757,d6bb0087b4ae33d5771fce53d37bd6975d958be208a3387571ca89e10ee880d4
R1,tonsil,G04_SP10_F10_EUC_UNION,1,H05_EQUAL3_AFFINITY_SPECTRAL,0.14861514560681205,0.2701300690467603,0.20937260732678617,0.7227565211374801,0.5785466906620068,0.41858951690633706,0.2772434788625199,16.935236832126975,3.8262063544243574,20.761443186551332,939.830078125,1256.08203125,100832bba5c781311225eb214f5563d95b2ce1dd789f092d8d1bca035580b757,51705075e5e6ee47dcc4d5fe95e01b3ed11b349eb724a910ee2600ef95914efd
R1,tonsil,G04_SP10_F10_EUC_UNION,1,H06_AGREEMENT3_AFFINITY_SPECTRAL,0.14973428923175505,0.26654058666945746,0.20813743795060624,0.7173827809681957,0.5761742870690363,0.42181250191350417,0.28261721903180426,16.935236832126975,2.448751786723733,19.383988618850708,939.830078125,1256.08203125,100832bba5c781311225eb214f5563d95b2ce1dd789f092d8d1bca035580b757,2b5cc2b51071efb99214f928bb6e2ce4ff5ab50f6466e2848d6a449afb29b3d5
R1,tonsil,G04_SP10_F10_EUC_UNION,1,H07_EQUAL3_AFFINITY_SPATIAL05,0.1477214334998488,0.27024311896227166,0.20898227623106022,0.7223875089370142,0.5793435848010863,0.4178960009785284,0.2776124910629858,16.935236832126975,5.682572988793254,22.61780982092023,939.830078125,1256.08203125,100832bba5c781311225eb214f5563d95b2ce1dd789f092d8d1bca035580b757,b128f473b79b924d185ea9094c8cd3f4b520911cbcc03a8f85877b35ea8bca75
R1,tonsil,G04_SP10_F10_EUC_UNION,1,H08_EQUAL3_AFFINITY_SPATIAL10,0.14624147638001722,0.2695084130309812,0.20787494470549922,0.7225720150372472,0.5805173470722783,0.4166468225884587,0.2774279849627528,16.935236832126975,5.935215670615435,22.87045250274241,939.830078125,1256.08203125,100832bba5c781311225eb214f5563d95b2ce1dd789f092d8d1bca035580b757,d47a4a82534abe95506ae5e5443cf352f363591b0cc0fd613af53274158d440a
R1,tonsil,G04_SP10_F10_EUC_UNION,1,H10_MCLUST_POSTERIOR_MRF05,0.06370897108148274,0.15766866719755904,0.11068881913952089,0.7505016259600084,0.5608546382666062,0.43459363557851116,0.24949837403999164,16.935236832126975,5.54228906147182,22.477525893598795,939.830078125,1256.08203125,100832bba5c781311225eb214f5563d95b2ce1dd789f092d8d1bca035580b757,0d45904ac5a53d742c25dc4004bdd7d1ffabf200776bbfdbaa7cbaca5a814611
R1,tonsil,G04_SP10_F10_EUC_UNION,1,H11_MCLUST_POSTERIOR_MRF10,0.06396509920160302,0.1575943558192503,0.11077972751042667,0.7506861320602413,0.561085347741792,0.4343753137189637,0.24931386793975874,16.935236832126975,5.067271284759045,22.00250811688602,939.830078125,1256.08203125,100832bba5c781311225eb214f5563d95b2ce1dd789f092d8d1bca035580b757,1cf4bb9b4da04d94a7d21a3f0cd725486e552f9b537e76e0ad7cfe352b78c6a7
R1,tonsil,G05_SP6_F10_EUC_UNION,0,H00_FUSED_PCA20_MCLUST_EEE,0.12784010080701252,0.2161674916856832,0.17200379624634787,0.7361562766668973,0.5413639399157499,0.4527399953636073,0.2638437233331027,21.09822135977447,4.555536791682243,25.653758151456714,939.07373046875,1256.08203125,24e13340d8e6aa914a24a7cf1bbf9ca005fe0c428a9e44ae365420ccc11dae18,04b748e8ba8dea357e4f0b23364a8730de11f8ca7afd17121178f6791972197d
R1,tonsil,G05_SP6_F10_EUC_UNION,0,H01_FUSED_DIRECT_MCLUST_EEE,0.16765108494567205,0.2626787408795193,0.21516491291259568,0.7068889965174474,0.5477033298710972,0.4515015684552969,0.2931110034825526,21.09822135977447,16.48157729022205,37.57979864999652,939.07373046875,1256.08203125,24e13340d8e6aa914a24a7cf1bbf9ca005fe0c428a9e44ae365420ccc11dae18,7d55e75db12f19d224ec5a7c658df423bfa54cdcde048f88d2cec5605e705f84
R1,tonsil,G05_SP6_F10_EUC_UNION,0,H02_FUSED_PCA20_MCLUST_BIC,0.049383726654818556,0.15489867681361622,0.10214120173421738,0.6491847136695957,0.45828966677292726,0.5377798450870424,0.35081528633040426,21.09822135977447,9.380933411419392,30.479154771193862,939.07373046875,1256.08203125,24e13340d8e6aa914a24a7cf1bbf9ca005fe0c428a9e44ae365420ccc11dae18,07c4853ce147c6e7740e6001ebeae2f62566fd27c590977415c6ec0cc3bb890c
R1,tonsil,G05_SP6_F10_EUC_UNION,0,H03_CONCAT_PRIVATE_PCA20_MCLUST_EEE,0.06946766803635339,0.16072775300148595,0.11509771051891968,0.6381374109181485,0.48774480513334856,0.5121564727591997,0.36186258908185154,21.09822135977447,4.180507579818368,25.27872893959284,939.07373046875,1256.08203125,24e13340d8e6aa914a24a7cf1bbf9ca005fe0c428a9e44ae365420ccc11dae18,662bfcc59bc76947a90ed8d0a82567cf2de0a3e1a98ba22c64a64a5420d79bbd
R1,tonsil,G05_SP6_F10_EUC_UNION,0,H04_RELIABILITY_CONCAT3_PCA20_MCLUST_EEE,0.16667673080474846,0.26391867417352316,0.21529770248913582,0.6962568324915243,0.5403418752766759,0.4588247002946682,0.30374316750847574,21.09822135977447,6.689990216866136,27.788211576640606,939.07373046875,1256.08203125,24e13340d8e6aa914a24a7cf1bbf9ca005fe0c428a9e44ae365420ccc11dae18,3f17825765707a3da5124f6673a7834e274438a657a1bbc90ee19eb077036342
R1,tonsil,G05_SP6_F10_EUC_UNION,0,H05_EQUAL3_AFFINITY_SPECTRAL,0.1600220532008018,0.2813426420155871,0.22068234760819444,0.7117322816485621,0.5594336977583306,0.43784983304533986,0.28826771835143794,21.09822135977447,4.290147364139557,25.388368723914027,939.07373046875,1256.08203125,24e13340d8e6aa914a24a7cf1bbf9ca005fe0c428a9e44ae365420ccc11dae18,7927a0edf0ef38515a02698ed49568688ad4ba185044fbb19a14a8871f63654c
R1,tonsil,G05_SP6_F10_EUC_UNION,0,H06_AGREEMENT3_AFFINITY_SPECTRAL,0.13499560849411948,0.2199179396864225,0.177456774090271,0.7640858875896585,0.6095160227586164,0.38649822040355075,0.23591411241034155,21.09822135977447,2.871372500434518,23.969593860208988,939.07373046875,1256.08203125,24e13340d8e6aa914a24a7cf1bbf9ca005fe0c428a9e44ae365420ccc11dae18,3fecef9ef9a1b4e6becc437c1f120430d42b1e69d3bfc668d60aa9ba0e23619f
R1,tonsil,G05_SP6_F10_EUC_UNION,0,H07_EQUAL3_AFFINITY_SPATIAL05,0.1594298858206273,0.281683189676165,0.22055653774839618,0.711547775548329,0.5597102248965307,0.43758746593248543,0.28845222445167096,21.09822135977447,5.134126851335168,26.232348211109638,939.07373046875,1256.08203125,24e13340d8e6aa914a24a7cf1bbf9ca005fe0c428a9e44ae365420ccc11dae18,01cb56a9ae7c163d527ede0ddfa46b9f118d30a7d51655ba5aa65828d3f6d8b9
R1,tonsil,G05_SP6_F10_EUC_UNION,0,H08_EQUAL3_AFFINITY_SPATIAL10,0.15668320416607526,0.2785366894715717,0.21760994681882345,0.7121474203740861,0.5627053944004212,0.43448394454397665,0.28785257962591393,21.09822135977447,7.741907453164458,28.84012881293893,939.07373046875,1256.08203125,24e13340d8e6aa914a24a7cf1bbf9ca005fe0c428a9e44ae365420ccc11dae18,52e0671ca6ec72c4e08d9a5bf5cfe601c0a676f2226e454a829df968133887bb
R1,tonsil,G05_SP6_F10_EUC_UNION,0,H10_MCLUST_POSTERIOR_MRF05,0.12820379620560968,0.21653438855078938,0.17236909237819953,0.7362254664544846,0.5421966893921927,0.45197864843978275,0.2637745335455154,21.09822135977447,5.926737919449806,27.024959279224277,939.07373046875,1256.08203125,24e13340d8e6aa914a24a7cf1bbf9ca005fe0c428a9e44ae365420ccc11dae18,294b8266d176e843b21a8a2a808e0f873c0dda4b7aac918c836558d80713a9f0
R1,tonsil,G05_SP6_F10_EUC_UNION,0,H11_MCLUST_POSTERIOR_MRF10,0.128019323938616,0.2164377209714207,0.17222852245501835,0.736502225604834,0.5422799219833517,0.45184045676552975,0.263497774395166,21.09822135977447,5.794898763298988,26.89312012307346,939.07373046875,1256.08203125,24e13340d8e6aa914a24a7cf1bbf9ca005fe0c428a9e44ae365420ccc11dae18,b59e77af35d0ebc68057079b3c049f536314a654a1c869d241a231d495b82309
R1,tonsil,G05_SP6_F10_EUC_UNION,1,H00_FUSED_PCA20_MCLUST_EEE,0.06183371251971025,0.16466838064231326,0.11325104658101176,0.7399617149842017,0.5367969134177177,0.4575825332986244,0.2600382850157983,18.94828968681395,4.044282691553235,22.992572378367186,939.07373046875,1256.08203125,6d8c3a9e8ff864e7071e10242123ec2c35fb428dc7378b1aaf9c882897c1e277,3b89b331f7db2f1d22030f886260a14b76bb516a5d456dc8b39ad0a96858570e
R1,tonsil,G05_SP6_F10_EUC_UNION,1,H01_FUSED_DIRECT_MCLUST_EEE,0.1586768384957217,0.2663536195468473,0.2125152290212845,0.7118706612237367,0.5649051813304801,0.4333771087174829,0.28812933877626334,18.94828968681395,18.346586156636477,37.29487584345043,939.07373046875,1256.08203125,6d8c3a9e8ff864e7071e10242123ec2c35fb428dc7378b1aaf9c882897c1e277,b0f6cfb69ec9e4d2a5e41890d115df8a42954a47dfa9e92062de870101384c99
R1,tonsil,G05_SP6_F10_EUC_UNION,1,H02_FUSED_PCA20_MCLUST_BIC,0.15984289900804155,0.23882373407866486,0.1993333165433532,0.6928204063746858,0.48395084655230547,0.5107803076788873,0.3071795936253142,18.94828968681395,9.194875931367278,28.14316561818123,939.07373046875,1256.08203125,6d8c3a9e8ff864e7071e10242123ec2c35fb428dc7378b1aaf9c882897c1e277,94c6d5f83d1c468b81294b1ed0aa71c4b3e37d05fb06f3d53462bc5daddaaf47
R1,tonsil,G05_SP6_F10_EUC_UNION,1,H03_CONCAT_PRIVATE_PCA20_MCLUST_EEE,0.09255050106596144,0.19135244229873896,0.1419514716823502,0.6902142577088956,0.5606416500632795,0.43840993167609,0.30978574229110445,18.94828968681395,6.11835316196084,25.06664284877479,939.07373046875,1256.08203125,6d8c3a9e8ff864e7071e10242123ec2c35fb428dc7378b1aaf9c882897c1e277,ea6e16f90b7dde19066d72947a7c03d0457cfa77d5655e02d799785630ce06af
R1,tonsil,G05_SP6_F10_EUC_UNION,1,H04_RELIABILITY_CONCAT3_PCA20_MCLUST_EEE,0.15128868563072045,0.2602206504858974,0.20575466805830891,0.709748841071058,0.5639327283673874,0.4346091565942843,0.29025115892894204,18.94828968681395,7.029799696058035,25.978089382871985,939.07373046875,1256.08203125,6d8c3a9e8ff864e7071e10242123ec2c35fb428dc7378b1aaf9c882897c1e277,1dd0a5757c712e01fbe295487de8e84dced5cca37e5ba6664a12b3d91a6b9a3e
R1,tonsil,G05_SP6_F10_EUC_UNION,1,H05_EQUAL3_AFFINITY_SPECTRAL,0.15599526149141069,0.27924815671388464,0.21762170910264766,0.7134620263382458,0.5636919708941067,0.43331604918300404,0.28653797366175415,18.94828968681395,3.2844973150640726,22.232787001878023,939.07373046875,1256.08203125,6d8c3a9e8ff864e7071e10242123ec2c35fb428dc7378b1aaf9c882897c1e277,ff8328a9be18850f6d8490e236bc225754ab8788916132127aff71f188057966
R1,tonsil,G05_SP6_F10_EUC_UNION,1,H06_AGREEMENT3_AFFINITY_SPECTRAL,0.15524525558116134,0.27309998932180707,0.21417262245148422,0.7093567656080629,0.5640257749833159,0.43386490845288805,0.29064323439193707,18.94828968681395,2.3939957171678543,21.342285403981805,939.07373046875,1256.08203125,6d8c3a9e8ff864e7071e10242123ec2c35fb428dc7378b1aaf9c882897c1e277,e0a9df1bbe3095484ab753dd4cc2f47f6eaf43f4222715ac67d80a52fc5bfbc1
R1,tonsil,G05_SP6_F10_EUC_UNION,1,H07_EQUAL3_AFFINITY_SPATIAL05,0.15310953200379399,0.27758986703431743,0.2153496995190557,0.713508152863304,0.5654770686000343,0.4317984746399841,0.28649184713669595,18.94828968681395,5.605234447866678,24.55352413468063,939.07373046875,1256.08203125,6d8c3a9e8ff864e7071e10242123ec2c35fb428dc7378b1aaf9c882897c1e277,90a30c0fce9f7d82ac9c720d92dea6659f949e2e7fda2d909a10d16b884aec17
R1,tonsil,G05_SP6_F10_EUC_UNION,1,H08_EQUAL3_AFFINITY_SPATIAL10,0.15127853158011575,0.27694372320163024,0.214111127390873,0.7138310385387117,0.567186778374745,0.43003203282182756,0.28616896146128834,18.94828968681395,5.706450179219246,24.654739866033196,939.07373046875,1256.08203125,6d8c3a9e8ff864e7071e10242123ec2c35fb428dc7378b1aaf9c882897c1e277,db308150029a5dac608ec7962b2ef3db21654f8e796b9573ff60e019c9466c4f
R1,tonsil,G05_SP6_F10_EUC_UNION,1,H10_MCLUST_POSTERIOR_MRF05,0.062153631272519515,0.16484549013642602,0.11349956070447277,0.7404921700223713,0.5372441006172359,0.45718718961176774,0.25950782997762867,18.94828968681395,5.086127232760191,24.03441691957414,939.07373046875,1256.08203125,6d8c3a9e8ff864e7071e10242123ec2c35fb428dc7378b1aaf9c882897c1e277,080f9bb57613023659ad7d15512046a10bba137697779b6e7584a3dca16159be
R1,tonsil,G05_SP6_F10_EUC_UNION,1,H11_MCLUST_POSTERIOR_MRF10,0.061672992358957825,0.16347694187611617,0.11257496711753699,0.7418298392490602,0.5395179987002205,0.45482739443292525,0.2581701607509398,18.94828968681395,5.207211714237928,24.15550140105188,939.07373046875,1256.08203125,6d8c3a9e8ff864e7071e10242123ec2c35fb428dc7378b1aaf9c882897c1e277,233d9d81ceb59c85cc261fa2407d8894f55a01e901df6f16c36b698d3ae6e9bc
R1,tonsil,G06_SP10_F10_EUC_INTERSECT,0,H00_FUSED_PCA20_MCLUST_EEE,0.05232390761297746,0.17283473855455242,0.11257932308376495,0.7239327475264651,0.49107425228602436,0.501559002201514,0.2760672524735349,17.514297703281045,3.9694869089871645,21.48378461226821,938.0869140625,1290.12109375,83348da3f808b403212faaba52237b64645e7e794e31a8ff20c8cc251811ca9a,3cb02363edb69788b263f14e62a526e125fef2edd2a247aa46054be2634e257f
R1,tonsil,G06_SP10_F10_EUC_INTERSECT,0,H01_FUSED_DIRECT_MCLUST_EEE,0.1718489145792707,0.2775645195384421,0.2247067170588564,0.6865933254918241,0.5205927231003009,0.4778145743383346,0.31340667450817594,17.514297703281045,19.655775832012296,37.17007353529334,938.0869140625,1290.12109375,83348da3f808b403212faaba52237b64645e7e794e31a8ff20c8cc251811ca9a,b79853c7311d693d1c462f0f5cd3cfd33584435c6f738b21246bfc67827ed5e7
R1,tonsil,G06_SP10_F10_EUC_INTERSECT,0,H02_FUSED_PCA20_MCLUST_BIC,0.07012398878789795,0.21249359940773263,0.1413087940978153,0.745727530616481,0.42669200101360527,0.5605888486879572,0.254272469383519,17.514297703281045,8.454324347898364,25.96862205117941,938.0869140625,1290.12109375,83348da3f808b403212faaba52237b64645e7e794e31a8ff20c8cc251811ca9a,bd7ccffaf97023ba23c3ea7240942a84607733d1f72deb8b25f7f4a5fbf8d801
R1,tonsil,G06_SP10_F10_EUC_INTERSECT,0,H03_CONCAT_PRIVATE_PCA20_MCLUST_EEE,0.08043631752333005,0.1735097200749298,0.12697301879912992,0.6079476002675338,0.4396748548863452,0.5602329401342219,0.3920523997324662,17.514297703281045,4.234588639810681,21.748886343091726,938.0869140625,1290.12109375,83348da3f808b403212faaba52237b64645e7e794e31a8ff20c8cc251811ca9a,8103b6d9f30b1c1e0c59b6e56fc47d19d75364833de0042a46e91ba10098eed1
R1,tonsil,G06_SP10_F10_EUC_INTERSECT,0,H04_RELIABILITY_CONCAT3_PCA20_MCLUST_EEE,0.17304038061833935,0.27603025482204874,0.22453531772019403,0.6861320602412417,0.5178872053857013,0.4803943365131869,0.31386793975875826,17.514297703281045,7.054141826927662,24.568439530208707,938.0869140625,1290.12109375,83348da3f808b403212faaba52237b64645e7e794e31a8ff20c8cc251811ca9a,f40b948ac5a8e4be1ee39fca6b80222b53c3347d656c621e50876a7f1a454fae
R1,tonsil,G06_SP10_F10_EUC_INTERSECT,0,H05_EQUAL3_AFFINITY_SPECTRAL,0.16870787147231325,0.2877472338946152,0.22822755268346423,0.7014460665605756,0.5379669798313169,0.45936992604164695,0.2985539334394244,17.514297703281045,3.886338844895363,21.400636548176408,938.0869140625,1290.12109375,83348da3f808b403212faaba52237b64645e7e794e31a8ff20c8cc251811ca9a,1a61fae83de524a3a270838b062acb1551e54c7cecab73dced37e4d640a3b98d
R1,tonsil,G06_SP10_F10_EUC_INTERSECT,0,H06_AGREEMENT3_AFFINITY_SPECTRAL,0.13865204958927616,0.26443573264326986,0.20154389111627302,0.6832030259000438,0.5245149585984763,0.4726681083309216,0.3167969740999562,17.514297703281045,2.941550025716424,20.45584772899747,938.0869140625,1290.12109375,83348da3f808b403212faaba52237b64645e7e794e31a8ff20c8cc251811ca9a,1bc7f4b1e31b902468e0978adbcdf97c96d693e35ea0521c450cc263749a05ee
R1,tonsil,G06_SP10_F10_EUC_INTERSECT,0,H07_EQUAL3_AFFINITY_SPATIAL05,0.16803385046006247,0.28750726544861765,0.22777055795434006,0.7019534583362163,0.5388359299137669,0.458512593607031,0.29804654166378375,17.514297703281045,6.886338789016008,24.400636492297053,938.0869140625,1290.12109375,83348da3f808b403212faaba52237b64645e7e794e31a8ff20c8cc251811ca9a,aed5a40a0a5e6074a2338c6d15edcb04f4b82a9c94e970340606c3444e73cd5a
R1,tonsil,G06_SP10_F10_EUC_INTERSECT,0,H08_EQUAL3_AFFINITY_SPATIAL10,0.1667619109335858,0.28685737751653045,0.22680964422505812,0.7022532807490948,0.5398147696442139,0.45751182529557466,0.29774671925090523,17.514297703281045,6.700638378039002,24.214936081320047,938.0869140625,1290.12109375,83348da3f808b403212faaba52237b64645e7e794e31a8ff20c8cc251811ca9a,9bbfbd7e9e5b8596b36130f0831d66c6d643cfa72ea5fe59c669d5c8b10fd6d8
R1,tonsil,G06_SP10_F10_EUC_INTERSECT,0,H10_MCLUST_POSTERIOR_MRF05,0.05232390761297746,0.17283473855455242,0.11257932308376495,0.7239327475264651,0.49107425228602436,0.501559002201514,0.2760672524735349,17.514297703281045,4.732089716941118,22.246387420222163,938.0869140625,1290.12109375,83348da3f808b403212faaba52237b64645e7e794e31a8ff20c8cc251811ca9a,3cb02363edb69788b263f14e62a526e125fef2edd2a247aa46054be2634e257f
R1,tonsil,G06_SP10_F10_EUC_INTERSECT,0,H11_MCLUST_POSTERIOR_MRF10,0.05298570285104958,0.17346921657170078,0.11322745971137518,0.7252012269655665,0.4930391871056881,0.49961267926428726,0.27479877303443345,17.514297703281045,4.9508196003735065,22.46511730365455,938.0869140625,1290.12109375,83348da3f808b403212faaba52237b64645e7e794e31a8ff20c8cc251811ca9a,61d45208a64b72a6c30526256e3fbc47ee30bdb043a8a85e5f1ecf0e228cd704
R1,tonsil,G06_SP10_F10_EUC_INTERSECT,1,H00_FUSED_PCA20_MCLUST_EEE,0.05763899939955181,0.17842550118250616,0.11803225029102898,0.7300214488341521,0.4954326317999179,0.4971609483672582,0.2699785511658479,17.35873710550368,3.853599701076746,21.212336806580424,938.0869140625,1290.12109375,5482e5222ac098d413fa84bbe387d8a80cf4662637c2c3e22fb6e7f1f5617b6d,4e82b918e41889a1a34fb84f06440536ddf68c3b65fcdc49e3ace94765a6e5ac
R1,tonsil,G06_SP10_F10_EUC_INTERSECT,1,H01_FUSED_DIRECT_MCLUST_EEE,0.17247891937238252,0.2793758728109278,0.22592739609165516,0.682441938236583,0.5152105445547961,0.4826141059040101,0.31755806176341705,17.35873710550368,17.149640053510666,34.508377159014344,938.0869140625,1290.12109375,5482e5222ac098d413fa84bbe387d8a80cf4662637c2c3e22fb6e7f1f5617b6d,38bda0ff4b7190d6a37e4ad5fbe83f40f6435496516919eff642d5794762913b
R1,tonsil,G06_SP10_F10_EUC_INTERSECT,1,H02_FUSED_PCA20_MCLUST_BIC,0.13941235437416313,0.26397459085155744,0.2016934726128603,0.6255679328397795,0.4857031959206952,0.5138919650155065,0.3744320671602205,17.35873710550368,12.218624936416745,29.577362041920424,938.0869140625,1290.12109375,5482e5222ac098d413fa84bbe387d8a80cf4662637c2c3e22fb6e7f1f5617b6d,984ad07d90c1a600a3e662819dd9b36827f506e63eca61affac7c8011f606b07
R1,tonsil,G06_SP10_F10_EUC_INTERSECT,1,H03_CONCAT_PRIVATE_PCA20_MCLUST_EEE,0.1688541157319218,0.2758869093554508,0.22237051254368628,0.6847252012269656,0.5179087560893397,0.480327402814671,0.31527479877303444,17.35873710550368,5.634714148938656,22.993451254442334,938.0869140625,1290.12109375,5482e5222ac098d413fa84bbe387d8a80cf4662637c2c3e22fb6e7f1f5617b6d,9b8f64133760ddb4f459066bcab0996abdabdf1fa9fb69f5e5dd4d6eedff3b0c
R1,tonsil,G06_SP10_F10_EUC_INTERSECT,1,H04_RELIABILITY_CONCAT3_PCA20_MCLUST_EEE,0.17053458481057812,0.2760778244683891,0.22330620463948359,0.6842639359763832,0.5170252213021648,0.48159861837881746,0.31573606402361676,17.35873710550368,5.551024885848165,22.909761991351843,938.0869140625,1290.12109375,5482e5222ac098d413fa84bbe387d8a80cf4662637c2c3e22fb6e7f1f5617b6d,89007c3cae3ca5242317b9ef2a6bdcb655627217da9d77c6ca439f67932c6bd3
R1,tonsil,G06_SP10_F10_EUC_INTERSECT,1,H05_EQUAL3_AFFINITY_SPECTRAL,0.16782522420571636,0.28919661144404213,0.22851091782487926,0.7002467769090616,0.538140543695731,0.4592087856771706,0.29975322309093844,17.35873710550368,4.569083435460925,21.927820540964603,938.0869140625,1290.12109375,5482e5222ac098d413fa84bbe387d8a80cf4662637c2c3e22fb6e7f1f5617b6d,60d51c9b0ae9de6cf390423262fbb7e4eb367bf60b437975d44ce8f7219dbe1e
R1,tonsil,G06_SP10_F10_EUC_INTERSECT,1,H06_AGREEMENT3_AFFINITY_SPECTRAL,0.16360166057206627,0.2780454780337486,0.22082356930290745,0.6933277981503263,0.5335877857691923,0.46437153406123993,0.3066722018496737,17.35873710550368,3.0407864060252905,20.39952351152897,938.0869140625,1290.12109375,5482e5222ac098d413fa84bbe387d8a80cf4662637c2c3e22fb6e7f1f5617b6d,090cbba43d4e2d22170daa8b98be98bcfef7a737e139bd45d9ebbc171024a176
R1,tonsil,G06_SP10_F10_EUC_INTERSECT,1,H07_EQUAL3_AFFINITY_SPATIAL05,0.16746617252302812,0.2890187602536018,0.22824246638831497,0.7013307502479301,0.5402975565153803,0.457115029379145,0.2986692497520699,17.35873710550368,6.499448100104928,23.858185205608606,938.0869140625,1290.12109375,5482e5222ac098d413fa84bbe387d8a80cf4662637c2c3e22fb6e7f1f5617b6d,48b44f57200de98320c19596c87a78699fab2261e2ed1b767b4fb448673ab3f5
R1,tonsil,G06_SP10_F10_EUC_INTERSECT,1,H08_EQUAL3_AFFINITY_SPATIAL10,0.1652168857069556,0.28769246944550647,0.22645467757623106,0.7021379644364492,0.5419050306486144,0.45545935653161895,0.29786203556355084,17.35873710550368,6.034765841439366,23.393502946943045,938.0869140625,1290.12109375,5482e5222ac098d413fa84bbe387d8a80cf4662637c2c3e22fb6e7f1f5617b6d,bec9d764bc97df1f9640bda75b449e6e27576669f3af807137c606bafd11d72e
R1,tonsil,G06_SP10_F10_EUC_INTERSECT,1,H10_MCLUST_POSTERIOR_MRF05,0.05792992358497276,0.17845418188795326,0.11819205273646301,0.7307594732350838,0.49743738344191774,0.4952051645469506,0.26924052676491617,17.35873710550368,5.3297630827873945,22.688500188291073,938.0869140625,1290.12109375,5482e5222ac098d413fa84bbe387d8a80cf4662637c2c3e22fb6e7f1f5617b6d,88011fd94c6babd9a2fd507503b3ad126dda7c6d93bb7af57f734fcd968965b1
R1,tonsil,G06_SP10_F10_EUC_INTERSECT,1,H11_MCLUST_POSTERIOR_MRF10,0.05843837624113818,0.17886832402758363,0.1186533501343609,0.731774256786365,0.4995811903751572,0.4931407165616919,0.268225743213635,17.35873710550368,5.134236421436071,22.49297352693975,938.0869140625,1290.12109375,5482e5222ac098d413fa84bbe387d8a80cf4662637c2c3e22fb6e7f1f5617b6d,f527a0a64dbc437849dd77ef2b333c5b1357c67223c3893872b0a89d8a7584fb
R1,tonsil,G07_SP6_F10_EUC_INTERSECT,0,H00_FUSED_PCA20_MCLUST_EEE,0.05213489084472657,0.17307037588597093,0.11260263336534876,0.7246707719273968,0.4884083952763576,0.5041358016411734,0.2753292280726032,16.404123036190867,4.000407928600907,20.404530964791775,938.02685546875,1290.12109375,737043d4c2bcd765ab4aa48c33ffc102bb4d81a722587d81bcf5133ee1da8b16,365bee8d2025ce5869b606605a95b94cf9a30dd95bd34a5150b8e0b2c3fcbf61
R1,tonsil,G07_SP6_F10_EUC_INTERSECT,0,H01_FUSED_DIRECT_MCLUST_EEE,0.17253121624242113,0.2750463091965709,0.22378876271949602,0.6854862888904264,0.5172204946435042,0.481258565307475,0.3145137111095736,16.404123036190867,17.02043085359037,33.42455388978124,938.02685546875,1290.12109375,737043d4c2bcd765ab4aa48c33ffc102bb4d81a722587d81bcf5133ee1da8b16,f9484215c21f6b92638bce2a30a524cb3db7c8f49624d9d85b8e90f5c95b39b1
R1,tonsil,G07_SP6_F10_EUC_INTERSECT,0,H02_FUSED_PCA20_MCLUST_BIC,0.07095243001709392,0.21207292646420517,0.14151267824064956,0.7451048225281949,0.427200056296831,0.5603639915900526,0.2548951774718051,16.404123036190867,8.044981777668,24.449104813858867,938.02685546875,1290.12109375,737043d4c2bcd765ab4aa48c33ffc102bb4d81a722587d81bcf5133ee1da8b16,1f12eef392dd707e8f5e6b879fedc6d8abdd9dfe834d52d1514daa978709e16a
R1,tonsil,G07_SP6_F10_EUC_INTERSECT,0,H03_CONCAT_PRIVATE_PCA20_MCLUST_EEE,0.12691799964806458,0.21728012243698383,0.1720990610425242,0.6363154131783482,0.47222844730486957,0.5273206564706325,0.36368458682165183,16.404123036190867,5.504639035090804,21.90876207128167,938.02685546875,1290.12109375,737043d4c2bcd765ab4aa48c33ffc102bb4d81a722587d81bcf5133ee1da8b16,7dc086111316af35e635555966a87b8c6dde2024734bf12f21b6a8f565e72dfd
R1,tonsil,G07_SP6_F10_EUC_INTERSECT,0,H04_RELIABILITY_CONCAT3_PCA20_MCLUST_EEE,0.054493722979632744,0.17529866159582197,0.11489619228772735,0.7261468207292604,0.49091172817848966,0.5018367958926108,0.2738531792707396,16.404123036190867,5.738956710323691,22.14307974651456,938.02685546875,1290.12109375,737043d4c2bcd765ab4aa48c33ffc102bb4d81a722587d81bcf5133ee1da8b16,be0719ca1f6e3809a1745e4bdb6b156d55f235164975fbc84ce52323af7e421d
R1,tonsil,G07_SP6_F10_EUC_INTERSECT,0,H05_EQUAL3_AFFINITY_SPECTRAL,0.17097273613603692,0.2915835661194834,0.23127815112776015,0.7011001176226389,0.5366116459701435,0.4609280761101856,0.2988998823773611,16.404123036190867,3.9789076801389456,20.383030716329813,938.02685546875,1290.12109375,737043d4c2bcd765ab4aa48c33ffc102bb4d81a722587d81bcf5133ee1da8b16,89cb3ebbd2edc9e948aef535e69a0d4d4c8674350fa07ccedb666f43ea7286bb
R1,tonsil,G07_SP6_F10_EUC_INTERSECT,0,H06_AGREEMENT3_AFFINITY_SPECTRAL,0.1348248926127249,0.24813937841291386,0.1914821355128194,0.7104638022094606,0.5307631113319164,0.4637625621617159,0.2895361977905394,16.404123036190867,2.5828451439738274,18.986968180164695,938.02685546875,1290.12109375,737043d4c2bcd765ab4aa48c33ffc102bb4d81a722587d81bcf5133ee1da8b16,02ad76873b74d2809c57b197ec72860a3bacba541aafed7a560ee5873f6d6506
R1,tonsil,G07_SP6_F10_EUC_INTERSECT,0,H07_EQUAL3_AFFINITY_SPATIAL05,0.17006892558938536,0.29107215128953934,0.23057053843946235,0.7011923706727554,0.5370499541211137,0.4604802172588428,0.2988076293272446,16.404123036190867,5.807014472782612,22.21113750897348,938.02685546875,1290.12109375,737043d4c2bcd765ab4aa48c33ffc102bb4d81a722587d81bcf5133ee1da8b16,a5be853fe42a177dafaeed34d89499514e278ac873ff40f9bb7a5b5bffa45c88
R1,tonsil,G07_SP6_F10_EUC_INTERSECT,0,H08_EQUAL3_AFFINITY_SPATIAL10,0.16785386619343295,0.2892943231364898,0.22857409466496137,0.7016305726608086,0.5384134904976299,0.45902965113165906,0.29836942733919136,16.404123036190867,5.450592113658786,21.854715149849653,938.02685546875,1290.12109375,737043d4c2bcd765ab4aa48c33ffc102bb4d81a722587d81bcf5133ee1da8b16,aa1f61d29d723c047fcc5d46b0193c4ae33ae98b927afcf9e1089487c2fd8452
R1,tonsil,G07_SP6_F10_EUC_INTERSECT,0,H10_MCLUST_POSTERIOR_MRF05,0.05162466055038076,0.1719547836536268,0.11178972210200377,0.7256624922161489,0.49024307502559045,0.5020870460389781,0.27433750778385113,16.404123036190867,4.843424588441849,21.247547624632716,938.02685546875,1290.12109375,737043d4c2bcd765ab4aa48c33ffc102bb4d81a722587d81bcf5133ee1da8b16,3c45edf628d795e9df055144eea326e7dee511ffe3d8a07c0fc5ddf8e63500f7
R1,tonsil,G07_SP6_F10_EUC_INTERSECT,0,H11_MCLUST_POSTERIOR_MRF10,0.05201033706499205,0.17186615357321577,0.11193824531910392,0.7264235798796098,0.4920740013660357,0.5002404550287319,0.2735764201203902,16.404123036190867,4.981695735827088,21.385818772017956,938.02685546875,1290.12109375,737043d4c2bcd765ab4aa48c33ffc102bb4d81a722587d81bcf5133ee1da8b16,41e3baa695866311817efe09287ecd7c8ced26f9f97da527781d93ca8b8a2d4a
R1,tonsil,G07_SP6_F10_EUC_INTERSECT,1,H00_FUSED_PCA20_MCLUST_EEE,0.05618489005131051,0.1767902509620267,0.11648757050666861,0.7301137018842685,0.4954175930689243,0.4971253868258398,0.2698862981157315,16.870495093986392,5.162353083491325,22.032848177477717,938.02685546875,1290.12109375,3bd097542621bcebb2280c889693f74d76e4295493e546064907bb8399657edc,4747e5f37df269da3ccf7078f4c67f622754774fb04419ba66fe2c917d5ad06c
R1,tonsil,G07_SP6_F10_EUC_INTERSECT,1,H01_FUSED_DIRECT_MCLUST_EEE,0.17508541729126575,0.279730743364264,0.22740808032776488,0.6838949237759173,0.514628541826889,0.4834298104003274,0.3161050762240827,16.870495093986392,15.831279439851642,32.701774533838034,938.02685546875,1290.12109375,3bd097542621bcebb2280c889693f74d76e4295493e546064907bb8399657edc,aea7130a0093fa963280c13a95f40a075a9cfd8ff78a50d2e3692f4f8c956466
R1,tonsil,G07_SP6_F10_EUC_INTERSECT,1,H02_FUSED_PCA20_MCLUST_BIC,0.1491839149560196,0.2719146110257632,0.21054926299089138,0.618395258193224,0.48104248229560054,0.5184368234243423,0.38160474180677595,16.870495093986392,11.182911049574614,28.053406143561006,938.02685546875,1290.12109375,3bd097542621bcebb2280c889693f74d76e4295493e546064907bb8399657edc,442342174a85244ca4c783fd0d830405dc965f128c11ce9e89a406419f39b45c
R1,tonsil,G07_SP6_F10_EUC_INTERSECT,1,H03_CONCAT_PRIVATE_PCA20_MCLUST_EEE,0.16929222649315762,0.27699010231649496,0.2231411644048263,0.6853709725777809,0.5186270321920624,0.47999528166261973,0.3146290274222191,16.870495093986392,4.463086374104023,21.333581468090415,938.02685546875,1290.12109375,3bd097542621bcebb2280c889693f74d76e4295493e546064907bb8399657edc,7be5e35c5c57f90fed9bed6664f7935b99aee817a3b7b61ed345e5b05df50f34
R1,tonsil,G07_SP6_F10_EUC_INTERSECT,1,H04_RELIABILITY_CONCAT3_PCA20_MCLUST_EEE,0.16887480795320328,0.2748162691540182,0.22184553855361072,0.6857861113033049,0.5184765559335287,0.48007470675281155,0.3142138886966951,16.870495093986392,5.465780757367611,22.336275851354003,938.02685546875,1290.12109375,3bd097542621bcebb2280c889693f74d76e4295493e546064907bb8399657edc,ed774965579f41953ba6df7420a81e096fc2a5c3548b855eade69b6c99879ab0
R1,tonsil,G07_SP6_F10_EUC_INTERSECT,1,H05_EQUAL3_AFFINITY_SPECTRAL,0.16734344849471366,0.28807812213012657,0.22771078531242012,0.7005465993219401,0.5384546452195678,0.4589782067679357,0.2994534006780599,16.870495093986392,3.50330432318151,20.373799417167902,938.02685546875,1290.12109375,3bd097542621bcebb2280c889693f74d76e4295493e546064907bb8399657edc,cd0e74dc24b5ddd77665da03fa1dcca9fc02cbc2b0a1ea8a16df83a92e38f8b4
R1,tonsil,G07_SP6_F10_EUC_INTERSECT,1,H06_AGREEMENT3_AFFINITY_SPECTRAL,0.1660222907561477,0.2779328347733845,0.2219775627647661,0.6917594962983463,0.531450204703712,0.46641791819760936,0.3082405037016537,16.870495093986392,2.3238911479711533,19.194386241957545,938.02685546875,1290.12109375,3bd097542621bcebb2280c889693f74d76e4295493e546064907bb8399657edc,82f8cee5528c60dc39de7e413dfbeff811626e3c4d6f52a6a15b5394a2b85936
R1,tonsil,G07_SP6_F10_EUC_INTERSECT,1,H07_EQUAL3_AFFINITY_SPATIAL05,0.1660987733642203,0.2868021153083197,0.22645044433627,0.7021379644364492,0.5409100907572352,0.45655256564132934,0.29786203556355084,16.870495093986392,5.544574784114957,22.41506987810135,938.02685546875,1290.12109375,3bd097542621bcebb2280c889693f74d76e4295493e546064907bb8399657edc,b1e1817a37d3098647f6b37ed33729071ba892a27f4cdd3d23ed1c084ccfcf84
R1,tonsil,G07_SP6_F10_EUC_INTERSECT,1,H08_EQUAL3_AFFINITY_SPATIAL10,0.16520668093172833,0.2866427956477134,0.22592473828972087,0.7019995848612745,0.5413784137787431,0.45607210820849603,0.29800041513872555,16.870495093986392,5.584429012611508,22.4549241065979,938.02685546875,1290.12109375,3bd097542621bcebb2280c889693f74d76e4295493e546064907bb8399657edc,7a880f6a2959ed02d4f9d2e0751677b03633beab7c5f6df9e99c36edf586a0d4
R1,tonsil,G07_SP6_F10_EUC_INTERSECT,1,H10_MCLUST_POSTERIOR_MRF05,0.0563519615265646,0.17692453169964312,0.11663824661310386,0.7302290181969141,0.4954853389332911,0.49704834249037916,0.2697709818030859,16.870495093986392,4.912690598517656,21.78318569250405,938.02685546875,1290.12109375,3bd097542621bcebb2280c889693f74d76e4295493e546064907bb8399657edc,9fa573597c4e3c03fd91dd02ee3fecf1a625f3ec36cc954bb7ddf653eb6d5a37
R1,tonsil,G07_SP6_F10_EUC_INTERSECT,1,H11_MCLUST_POSTERIOR_MRF10,0.056674905305311114,0.177123304411077,0.11689910485819405,0.7305057773472635,0.4956971455501158,0.4967904039442318,0.2694942226527365,16.870495093986392,5.1697164457291365,22.04021153971553,938.02685546875,1290.12109375,3bd097542621bcebb2280c889693f74d76e4295493e546064907bb8399657edc,e06ec233ea3ec07f335bac2416b3669163013482e102c146e470b53cf3acdfa0
R1,tonsil,G08_SP10_F10_EUC_MUTUAL,0,H00_FUSED_PCA20_MCLUST_EEE,0.1360310573776221,0.21847819595558035,0.17725462666660124,0.7692059318711225,0.6113698674349294,0.38536021939368076,0.23079406812887748,18.16312268190086,4.674662785604596,22.837785467505455,939.4150390625,1290.12109375,e9b1888a9a4b98bd752a24563449cbdccb9cab165f89c3659111c70f481616ee,dbdb34b383dcc0fd5caaa65fceefefaeeeab4eaccf32ebe7c79b1aa6baca8575
R1,tonsil,G08_SP10_F10_EUC_MUTUAL,0,H01_FUSED_DIRECT_MCLUST_EEE,0.15823727803336268,0.2638539746552264,0.21104562634429455,0.700731105422173,0.5523692526743486,0.4464976854037838,0.299268894577827,18.16312268190086,15.296990267932415,33.460112949833274,939.4150390625,1290.12109375,e9b1888a9a4b98bd752a24563449cbdccb9cab165f89c3659111c70f481616ee,74517caec6753ecdd010c10f6eddb7af5fb21c4ba94cf391f5b21a2529e2eac5
R1,tonsil,G08_SP10_F10_EUC_MUTUAL,0,H02_FUSED_PCA20_MCLUST_BIC,0.13349264262325916,0.2548494999564952,0.19417107128987718,0.6529440254618418,0.5189204478437993,0.4809750310974037,0.3470559745381582,18.16312268190086,9.38710954040289,27.550232222303748,939.4150390625,1290.12109375,e9b1888a9a4b98bd752a24563449cbdccb9cab165f89c3659111c70f481616ee,31d7261b7b522416753ede0b4281f970d4592f623d9e90759d5f169a41225134
R1,tonsil,G08_SP10_F10_EUC_MUTUAL,0,H03_CONCAT_PRIVATE_PCA20_MCLUST_EEE,0.06799859889893775,0.16312802395759268,0.11556331142826522,0.6404668004335894,0.4929641664077373,0.5072285146347117,0.3595331995664106,18.16312268190086,4.16184763982892,22.32497032172978,939.4150390625,1290.12109375,e9b1888a9a4b98bd752a24563449cbdccb9cab165f89c3659111c70f481616ee,7a72da5343d38c743781d60aae33ea0464a3198ab771a16ed2912a95ff91e7df
R1,tonsil,G08_SP10_F10_EUC_MUTUAL,0,H04_RELIABILITY_CONCAT3_PCA20_MCLUST_EEE,0.1299866003067853,0.21151481088082594,0.17075070559380562,0.7039368989137204,0.519638431180334,0.4746309558538309,0.29606310108627965,18.16312268190086,6.045952880755067,24.209075562655926,939.4150390625,1290.12109375,e9b1888a9a4b98bd752a24563449cbdccb9cab165f89c3659111c70f481616ee,f8c2ad48b8d320ec8628acf9e36212cb217575264cfc79d4f6c8fef6343ff71b
R1,tonsil,G08_SP10_F10_EUC_MUTUAL,0,H05_EQUAL3_AFFINITY_SPECTRAL,0.15772251633380277,0.27987011992781874,0.21879631813081074,0.7132775202380128,0.5622838056275611,0.4351343594943593,0.28672247976198717,18.16312268190086,3.5817583482712507,21.74488103017211,939.4150390625,1290.12109375,e9b1888a9a4b98bd752a24563449cbdccb9cab165f89c3659111c70f481616ee,3d2f84a1020690b7a7919fd277c2e3069efe1ed175c8e6f20d3c1e4fa2354645
R1,tonsil,G08_SP10_F10_EUC_MUTUAL,0,H06_AGREEMENT3_AFFINITY_SPECTRAL,0.12703789523408585,0.23016174024841318,0.1785998177412495,0.7438824696141516,0.5865657338255963,0.40842588533286933,0.2561175303858484,18.16312268190086,2.1776801999658346,20.340802881866693,939.4150390625,1290.12109375,e9b1888a9a4b98bd752a24563449cbdccb9cab165f89c3659111c70f481616ee,b449a041c4cfb90d5979586736a3e5a122ea3a70c86669bd26bbc782bc79b8af
R1,tonsil,G08_SP10_F10_EUC_MUTUAL,0,H07_EQUAL3_AFFINITY_SPATIAL05,0.15527958496854571,0.278279408547982,0.21677949675826386,0.7147305057773473,0.5663581766053625,0.4311353458657804,0.2852694942226527,18.16312268190086,5.1745919194072485,23.337714601308107,939.4150390625,1290.12109375,e9b1888a9a4b98bd752a24563449cbdccb9cab165f89c3659111c70f481616ee,a0b4517bf4bf4b302d993982791d389969c4017f29202326791f6538639cbce8
R1,tonsil,G08_SP10_F10_EUC_MUTUAL,0,H08_EQUAL3_AFFINITY_SPATIAL10,0.15208299441069972,0.2754123384247856,0.21374766641774265,0.7159067321663323,0.5696979910894489,0.4276953078757955,0.28409326783366773,18.16312268190086,4.974746095016599,23.137868776917458,939.4150390625,1290.12109375,e9b1888a9a4b98bd752a24563449cbdccb9cab165f89c3659111c70f481616ee,b75c04713f2c4f8509d8ad33785f681fa198e2a7f36d46518077c479f78a2a4d
R1,tonsil,G08_SP10_F10_EUC_MUTUAL,0,H10_MCLUST_POSTERIOR_MRF05,0.13629604031155376,0.21854263970853266,0.17741934001004322,0.7700131460596416,0.6121846309552584,0.3845083201040565,0.22998685394035845,18.16312268190086,6.168279552832246,24.331402234733105,939.4150390625,1290.12109375,e9b1888a9a4b98bd752a24563449cbdccb9cab165f89c3659111c70f481616ee,1eb6e637bce7dfa22f4f652fe6e1f7d822495aab9a1f67795b75bbf699ed9e01
R1,tonsil,G08_SP10_F10_EUC_MUTUAL,0,H11_MCLUST_POSTERIOR_MRF10,0.13648999757731098,0.2189511185392063,0.17772055805825865,0.7712124357111557,0.613431644717784,0.3832594965131353,0.22878756428884428,18.16312268190086,5.973329460248351,24.13645214214921,939.4150390625,1290.12109375,e9b1888a9a4b98bd752a24563449cbdccb9cab165f89c3659111c70f481616ee,a70f02c10715b7cd9adb21bf68347c06415b2a2d95a9c71743959ef55d4e3086
R1,tonsil,G08_SP10_F10_EUC_MUTUAL,1,H00_FUSED_PCA20_MCLUST_EEE,0.05907744419425936,0.16059533409095625,0.10983638914260781,0.7428676860628705,0.5426000322152718,0.45162280989862214,0.25713231393712954,17.12967892922461,3.9545587301254272,21.084237659350038,939.4150390625,1290.12109375,89bb6e9f45bb4b1e38cbb2c6ae4ee99ea57221c5f6264ab7e281a4109caf3893,e12c0e9fa79d49bc08e9d0a55e1a639de1b895b93896421fd37e04019b0e6d25
R1,tonsil,G08_SP10_F10_EUC_MUTUAL,1,H01_FUSED_DIRECT_MCLUST_EEE,0.16131366031161734,0.2644944060557771,0.21290403318369722,0.714684379252289,0.56767123257455,0.430836853945803,0.285315620747711,17.12967892922461,15.385835008695722,32.51551393792033,939.4150390625,1290.12109375,89bb6e9f45bb4b1e38cbb2c6ae4ee99ea57221c5f6264ab7e281a4109caf3893,a4510de4558e5e28d2f0281dd9e2b7ad1de1c3c6ab421656525e7bbef3c84eda
R1,tonsil,G08_SP10_F10_EUC_MUTUAL,1,H02_FUSED_PCA20_MCLUST_BIC,0.15980409337513274,0.23928666048073566,0.1995453769279342,0.6969256671048687,0.48922493301210035,0.5062012423220257,0.3030743328951313,17.12967892922461,10.086152950301766,27.215831879526377,939.4150390625,1290.12109375,89bb6e9f45bb4b1e38cbb2c6ae4ee99ea57221c5f6264ab7e281a4109caf3893,f0697bdfa951d32bf46b4fa1fdce8c16a27b9938b6a0a71fe04c7be3ec20de54
R1,tonsil,G08_SP10_F10_EUC_MUTUAL,1,H03_CONCAT_PRIVATE_PCA20_MCLUST_EEE,0.15341540662703917,0.25891196653180587,0.20616368657942252,0.7122396734242026,0.5648423165396482,0.4337058807477786,0.2877603265757974,17.12967892922461,5.333291543647647,22.462970472872257,939.4150390625,1290.12109375,89bb6e9f45bb4b1e38cbb2c6ae4ee99ea57221c5f6264ab7e281a4109caf3893,637445d15a31cc258748108f881854268ce45d07ddf2c4542dcdbc02fff3161b
R1,tonsil,G08_SP10_F10_EUC_MUTUAL,1,H04_RELIABILITY_CONCAT3_PCA20_MCLUST_EEE,0.1201487676884556,0.21892138457940294,0.16953507613392926,0.6962568324915243,0.5563520896114922,0.44097888140585556,0.30374316750847574,17.12967892922461,6.984364194795489,24.1140431240201,939.4150390625,1290.12109375,89bb6e9f45bb4b1e38cbb2c6ae4ee99ea57221c5f6264ab7e281a4109caf3893,43ddc024ddc89e039ea417067d2b28d4f03253f3db831a6c3a31d1bc4d1ad8b4
R1,tonsil,G08_SP10_F10_EUC_MUTUAL,1,H05_EQUAL3_AFFINITY_SPECTRAL,0.1532412285803247,0.27807414761994287,0.2156576881001338,0.7165294402546184,0.5693534604096356,0.4278553679617526,0.2834705597453816,17.12967892922461,3.910192931070924,21.039871860295534,939.4150390625,1290.12109375,89bb6e9f45bb4b1e38cbb2c6ae4ee99ea57221c5f6264ab7e281a4109caf3893,024dd11b36a7b864188a2c5139a00078fcb336abcfbc12906ca13c79c3307343
R1,tonsil,G08_SP10_F10_EUC_MUTUAL,1,H06_AGREEMENT3_AFFINITY_SPECTRAL,0.15279057741818972,0.27133845015981284,0.21206451378900126,0.7124011162619064,0.5679703014184083,0.429971067973824,0.2875988837380936,17.12967892922461,3.3724392112344503,20.50211814045906,939.4150390625,1290.12109375,89bb6e9f45bb4b1e38cbb2c6ae4ee99ea57221c5f6264ab7e281a4109caf3893,6a6faf37b56aee73c17aa6d89103e891e77195b3d78b4e1b5caed875235b43a0
R1,tonsil,G08_SP10_F10_EUC_MUTUAL,1,H07_EQUAL3_AFFINITY_SPATIAL05,0.1506501407950762,0.2751059375752221,0.21287803918514914,0.7169445789801425,0.5723403460638856,0.42500142299392696,0.2830554210198575,17.12967892922461,6.070802776142955,23.200481705367565,939.4150390625,1290.12109375,89bb6e9f45bb4b1e38cbb2c6ae4ee99ea57221c5f6264ab7e281a4109caf3893,4bafbbe2d5e68dbd177a4dda64fff2fcfce83be7d6f82bd98a61cdd037668b6b
R1,tonsil,G08_SP10_F10_EUC_MUTUAL,1,H08_EQUAL3_AFFINITY_SPATIAL10,0.14882166409108025,0.27422675331622703,0.21152420870365363,0.7167370096173805,0.5738078120746086,0.423448654464727,0.2832629903826195,17.12967892922461,6.4639174453914165,23.593596374616027,939.4150390625,1290.12109375,89bb6e9f45bb4b1e38cbb2c6ae4ee99ea57221c5f6264ab7e281a4109caf3893,7276168bd33a741e4c4ec8acca95c333d866362ed9222c6f885946a5262b27a2
R1,tonsil,G08_SP10_F10_EUC_MUTUAL,1,H10_MCLUST_POSTERIOR_MRF05,0.05907744419425936,0.16059533409095625,0.10983638914260781,0.7428676860628705,0.5426000322152718,0.45162280989862214,0.25713231393712954,17.12967892922461,5.125046823173761,22.25472575239837,939.4150390625,1290.12109375,89bb6e9f45bb4b1e38cbb2c6ae4ee99ea57221c5f6264ab7e281a4109caf3893,e12c0e9fa79d49bc08e9d0a55e1a639de1b895b93896421fd37e04019b0e6d25
R1,tonsil,G08_SP10_F10_EUC_MUTUAL,1,H11_MCLUST_POSTERIOR_MRF10,0.059250790549360666,0.1604819250498225,0.10986635779959159,0.7438824696141516,0.5446119126507604,0.44967099017163004,0.2561175303858484,17.12967892922461,6.528884155675769,23.65856308490038,939.4150390625,1290.12109375,89bb6e9f45bb4b1e38cbb2c6ae4ee99ea57221c5f6264ab7e281a4109caf3893,c42f5cc61d19e3a21ed22dfb5a5970f625510fcbd421bcc94db96493f2a498ee
