observation_id,cluster
CTAAGGTCTTGCTGGA,3
CTAAGGTCACACAGAA,3
CTAAGGTCACAGCAGA,4
CTAAGGTCACCTCCAA,4
CTAAGGTCACGCTCGA,4
CTAAGGTCACGTATCA,4
CTAAGGTCACTATGCA,4
CTAAGGTCAGAGTCAA,4
CTAAGGTCAGATCGCA,4
CTAAGGTCAGCAGGAA,4
CTAAGGTCAGTCACTA,4
CTAAGGTCATCCTGTA,4
CTAAGGTCATTGAGGA,4
CTAAGGTCCAACCACA,4
CTAAGGTCGACTAGTA,4
CTAAGGTCCAATGGAA,4
CTAAGGTCCACTTCGA,4
CTAAGGTCCAGCGTTA,4
CTAAGGTCCATACCAA,2
CTAAGGTCCCAGTTCA,2
CTAAGGTCCCGAAGTA,2
CTAAGGTCCCGTGAGA,2
CTAAGGTCCCTCCTGA,2
CTAAGGTCCGAACTTA,2
CTAAGGTCCGACTGGA,2
CTAAGGTCCGCATACA,2
CTAAGGTCCTCAATGA,2
CTAAGGTCCTGAGCCA,2
CTAAGGTCCTGGCATA,5
CTAAGGTCGAATCTGA,5
CTAAGGTCCAAGACTA,5
CTAAGGTCGAGCTGAA,5
CTAAGGTCGATAGACA,5
CTAAGGTCGCCACATA,5
CTAAGGTCGCGAGTAA,5
CTAAGGTCGCTAACGA,5
CTAAGGTCGCTCGGTA,5
CTAAGGTCGGAGAACA,5
CTAAGGTCGGTGCGAA,5
CTAAGGTCGTACGCAA,5
CTAAGGTCGTCGTAGA,5
CTAAGGTCGTCTGTCA,5
CTAAGGTCGTGTTCTA,5
CTAAGGTCTAGGATGA,5
CTAAGGTCTATCAGCA,5
CTAAGGTCTCCGTCTA,5
CTAAGGTCTCTTCACA,5
CTAAGGTCTGAAGAGA,5
CTAAGGTCTGGAACAA,5
CTAAGGTCTGGCTTCA,5
CTAAGGTCTGGTGGTA,5
CTAAGGTCTTCACGCA,5
CTAAGGTCAACTCACC,5
CTAAGGTCAAGAGATC,5
CTAAGGTCAAGGACAC,5
CTAAGGTCAATCCGTC,5
CTAAGGTCAATGTTGC,5
CTAAGGTCACACGACC,5
CTAAGGTCACAGATTC,5
CTAAGGTCAGATGTAC,5
CTAAGGTCAGCACCTC,5
CTAAGGTCAGCCATGC,5
CTAAGGTCAGGCTAAC,5
CTAAGGTCATAGCGAC,5
CTAAGGTCATCATTCC,5
CTAAGGTCATTGGCTC,5
CTAAGGTCCAAGGAGC,5
CTAAGGTCCACCTTAC,5
CTAAGGTCCCATCCTC,5
CTAAGGTCCCGACAAC,5
CTAAGGTCCCTAATCC,5
CTAAGGTCCCTCTATC,5
CTAAGGTCCGACACAC,2
CTAAGGTCCGGATTGC,2
CTAAGGTCCTAAGGTC,4
CTAAGGTCGAACAGGC,4
CTAAGGTCGACAGTGC,4
CTAAGGTCGAGTTAGC,4
CTAAGGTCGATGAATC,3
CTAAGGTCGCCAAGAC,3
CTAAGGTCCGGAAGAA,3
CTAAGGTCGTGACAAG,3
CTAAGGTCGAACCAGA,3
CGGATTGCTTGCTGGA,3
CGGATTGCACACAGAA,3
CGGATTGCACAGCAGA,3
CGGATTGCACCTCCAA,4
CGGATTGCACGCTCGA,4
CGGATTGCACGTATCA,4
CGGATTGCACTATGCA,4
CGGATTGCAGAGTCAA,4
CGGATTGCAGATCGCA,4
CGGATTGCAGCAGGAA,4
CGGATTGCAGTCACTA,4
CGGATTGCATCCTGTA,4
CGGATTGCATTGAGGA,4
CGGATTGCCAACCACA,4
CGGATTGCGACTAGTA,4
CGGATTGCCAATGGAA,4
CGGATTGCCACTTCGA,4
CGGATTGCCAGCGTTA,2
CGGATTGCCATACCAA,2
CGGATTGCCCAGTTCA,2
CGGATTGCCCGAAGTA,2
CGGATTGCCCGTGAGA,2
CGGATTGCCCTCCTGA,2
CGGATTGCCGAACTTA,2
CGGATTGCCGACTGGA,2
CGGATTGCCGCATACA,2
CGGATTGCCTCAATGA,3
CGGATTGCCTGAGCCA,5
CGGATTGCCTGGCATA,5
CGGATTGCGAATCTGA,5
CGGATTGCCAAGACTA,5
CGGATTGCGAGCTGAA,5
CGGATTGCGATAGACA,5
CGGATTGCGCCACATA,5
CGGATTGCGCGAGTAA,5
CGGATTGCGCTAACGA,5
CGGATTGCGCTCGGTA,5
CGGATTGCGGAGAACA,5
CGGATTGCGGTGCGAA,5
CGGATTGCGTACGCAA,5
CGGATTGCGTCGTAGA,5
CGGATTGCGTCTGTCA,5
CGGATTGCGTGTTCTA,5
CGGATTGCTAGGATGA,5
CGGATTGCTATCAGCA,5
CGGATTGCTCCGTCTA,5
CGGATTGCTCTTCACA,5
CGGATTGCTGAAGAGA,5
CGGATTGCTGGAACAA,5
CGGATTGCTGGCTTCA,5
CGGATTGCTGGTGGTA,5
CGGATTGCTTCACGCA,5
CGGATTGCAACTCACC,5
CGGATTGCAAGAGATC,5
CGGATTGCAAGGACAC,5
CGGATTGCAATCCGTC,5
CGGATTGCAATGTTGC,5
CGGATTGCACACGACC,5
CGGATTGCACAGATTC,5
CGGATTGCAGATGTAC,5
CGGATTGCAGCACCTC,5
CGGATTGCAGCCATGC,5
CGGATTGCAGGCTAAC,5
CGGATTGCATAGCGAC,5
CGGATTGCATCATTCC,5
CGGATTGCATTGGCTC,5
CGGATTGCCAAGGAGC,5
CGGATTGCCACCTTAC,5
CGGATTGCCCATCCTC,5
CGGATTGCCCGACAAC,5
CGGATTGCCCTAATCC,5
CGGATTGCCCTCTATC,5
CGGATTGCCGACACAC,2
CGGATTGCCGGATTGC,4
CGGATTGCCTAAGGTC,4
CGGATTGCGAACAGGC,4
CGGATTGCGACAGTGC,4
CGGATTGCGAGTTAGC,4
CGGATTGCGATGAATC,3
CGGATTGCGCCAAGAC,3
CGGATTGCCGGAAGAA,3
CGGATTGCGTGACAAG,3
CGGATTGCGAACCAGA,3
CGACACACTTGCTGGA,3
CGACACACAAGACGGA,3
CGACACACAAGGTACA,3
CGACACACACACAGAA,3
CGACACACACAGCAGA,4
CGACACACACCTCCAA,4
CGACACACACGCTCGA,4
CGACACACACGTATCA,4
CGACACACACTATGCA,4
CGACACACAGAGTCAA,4
CGACACACAGATCGCA,4
CGACACACAGCAGGAA,4
CGACACACAGTCACTA,4
CGACACACATCCTGTA,4
CGACACACATTGAGGA,4
CGACACACCAACCACA,4
CGACACACGACTAGTA,4
CGACACACCAATGGAA,4
CGACACACCACTTCGA,2
CGACACACCAGCGTTA,2
CGACACACCATACCAA,2
CGACACACCCAGTTCA,2
CGACACACCCGAAGTA,2
CGACACACCCGTGAGA,2
CGACACACCCTCCTGA,2
CGACACACCGAACTTA,2
CGACACACCGACTGGA,2
CGACACACCGCATACA,2
CGACACACCTCAATGA,5
CGACACACCTGAGCCA,5
CGACACACCTGGCATA,5
CGACACACGAATCTGA,5
CGACACACCAAGACTA,5
CGACACACGAGCTGAA,5
CGACACACGATAGACA,5
CGACACACGCCACATA,5
CGACACACGCGAGTAA,5
CGACACACGCTAACGA,5
CGACACACGCTCGGTA,5
CGACACACGGAGAACA,5
CGACACACGGTGCGAA,5
CGACACACGTACGCAA,5
CGACACACGTCGTAGA,5
CGACACACGTCTGTCA,5
CGACACACGTGTTCTA,5
CGACACACTAGGATGA,5
CGACACACTATCAGCA,5
CGACACACTCCGTCTA,5
CGACACACTCTTCACA,5
CGACACACTGAAGAGA,5
CGACACACTGGAACAA,5
CGACACACTGGCTTCA,5
CGACACACTGGTGGTA,5
CGACACACTTCACGCA,5
CGACACACAACTCACC,5
CGACACACAAGAGATC,5
CGACACACAAGGACAC,5
CGACACACAATCCGTC,5
CGACACACAATGTTGC,5
CGACACACACACGACC,5
CGACACACACAGATTC,5
CGACACACAGATGTAC,5
CGACACACAGCACCTC,5
CGACACACAGCCATGC,5
CGACACACAGGCTAAC,5
CGACACACATAGCGAC,5
CGACACACATCATTCC,5
CGACACACATTGGCTC,5
CGACACACCAAGGAGC,5
CGACACACCACCTTAC,5
CGACACACCCATCCTC,5
CGACACACCCGACAAC,5
CGACACACCCTAATCC,5
CGACACACCCTCTATC,2
CGACACACCGACACAC,2
CGACACACCGGATTGC,2
CGACACACCTAAGGTC,4
CGACACACGAACAGGC,4
CGACACACGACAGTGC,4
CGACACACGAGTTAGC,3
CGACACACGATGAATC,3
CGACACACGCCAAGAC,3
CGACACACCGGAAGAA,3
CGACACACGTGACAAG,3
CGACACACGAACCAGA,3
CCTCTATCTTGCTGGA,3
CCTCTATCAACCGAGA,3
CCTCTATCAACGCTTA,4
CCTCTATCAAGACGGA,4
CCTCTATCAAGGTACA,4
CCTCTATCACACAGAA,4
CCTCTATCACAGCAGA,4
CCTCTATCACCTCCAA,4
CCTCTATCACGCTCGA,4
CCTCTATCACGTATCA,4
CCTCTATCACTATGCA,4
CCTCTATCAGAGTCAA,4
CCTCTATCAGATCGCA,4
CCTCTATCAGCAGGAA,4
CCTCTATCAGTCACTA,4
CCTCTATCATCCTGTA,4
CCTCTATCATTGAGGA,4
CCTCTATCCAACCACA,4
CCTCTATCGACTAGTA,2
CCTCTATCCAATGGAA,2
CCTCTATCCACTTCGA,2
CCTCTATCCAGCGTTA,2
CCTCTATCCATACCAA,2
CCTCTATCCCAGTTCA,2
CCTCTATCCCGAAGTA,2
CCTCTATCCCGTGAGA,2
CCTCTATCCCTCCTGA,2
CCTCTATCCGAACTTA,2
CCTCTATCCGACTGGA,5
CCTCTATCCGCATACA,3
CCTCTATCCTCAATGA,5
CCTCTATCCTGAGCCA,5
CCTCTATCCTGGCATA,5
CCTCTATCGAATCTGA,5
CCTCTATCCAAGACTA,5
CCTCTATCGAGCTGAA,5
CCTCTATCGATAGACA,5
CCTCTATCGCCACATA,5
CCTCTATCGCGAGTAA,5
CCTCTATCGCTAACGA,5
CCTCTATCGCTCGGTA,5
CCTCTATCGGAGAACA,5
CCTCTATCGGTGCGAA,5
CCTCTATCGTACGCAA,5
CCTCTATCGTCGTAGA,5
CCTCTATCGTCTGTCA,5
CCTCTATCGTGTTCTA,5
CCTCTATCTAGGATGA,5
CCTCTATCTATCAGCA,5
CCTCTATCTCCGTCTA,5
CCTCTATCTCTTCACA,5
CCTCTATCTGAAGAGA,5
CCTCTATCTGGAACAA,5
CCTCTATCTGGCTTCA,5
CCTCTATCTGGTGGTA,5
CCTCTATCTTCACGCA,5
CCTCTATCAACTCACC,5
CCTCTATCAAGAGATC,5
CCTCTATCAAGGACAC,5
CCTCTATCAATCCGTC,5
CCTCTATCAATGTTGC,5
CCTCTATCACACGACC,5
CCTCTATCACAGATTC,5
CCTCTATCAGATGTAC,5
CCTCTATCAGCACCTC,5
CCTCTATCAGCCATGC,5
CCTCTATCAGGCTAAC,5
CCTCTATCATAGCGAC,5
CCTCTATCATCATTCC,5
CCTCTATCATTGGCTC,5
CCTCTATCCAAGGAGC,5
CCTCTATCCACCTTAC,5
CCTCTATCCCATCCTC,5
CCTCTATCCCGACAAC,5
CCTCTATCCCTAATCC,5
CCTCTATCCCTCTATC,2
CCTCTATCCGACACAC,2
CCTCTATCCGGATTGC,4
CCTCTATCCTAAGGTC,4
CCTCTATCGAACAGGC,4
CCTCTATCGACAGTGC,4
CCTCTATCGAGTTAGC,3
CCTCTATCGATGAATC,3
CCTCTATCGCCAAGAC,3
CCTCTATCCGGAAGAA,3
CCTCTATCGTGACAAG,3
CCTCTATCGAACCAGA,3
CCTAATCCTTGCTGGA,3
CCTAATCCAACCGAGA,4
CCTAATCCAACGCTTA,4
CCTAATCCAAGACGGA,4
CCTAATCCAAGGTACA,4
CCTAATCCACACAGAA,4
CCTAATCCACAGCAGA,4
CCTAATCCACCTCCAA,4
CCTAATCCACGCTCGA,4
CCTAATCCACGTATCA,4
CCTAATCCACTATGCA,4
CCTAATCCAGAGTCAA,4
CCTAATCCAGATCGCA,4
CCTAATCCAGCAGGAA,4
CCTAATCCAGTCACTA,4
CCTAATCCATCCTGTA,4
CCTAATCCATTGAGGA,2
CCTAATCCCAACCACA,2
CCTAATCCGACTAGTA,2
CCTAATCCCAATGGAA,2
CCTAATCCCACTTCGA,2
CCTAATCCCAGCGTTA,2
CCTAATCCCATACCAA,2
CCTAATCCCCAGTTCA,2
CCTAATCCCCGAAGTA,2
CCTAATCCCCGTGAGA,2
CCTAATCCCCTCCTGA,2
CCTAATCCCGAACTTA,5
CCTAATCCCGACTGGA,3
CCTAATCCCGCATACA,5
CCTAATCCCTCAATGA,5
CCTAATCCCTGAGCCA,5
CCTAATCCCTGGCATA,5
CCTAATCCGAATCTGA,5
CCTAATCCCAAGACTA,5
CCTAATCCGAGCTGAA,5
CCTAATCCGATAGACA,5
CCTAATCCGCCACATA,5
CCTAATCCGCGAGTAA,5
CCTAATCCGCTAACGA,5
CCTAATCCGCTCGGTA,5
CCTAATCCGGAGAACA,5
CCTAATCCGGTGCGAA,5
CCTAATCCGTACGCAA,5
CCTAATCCGTCGTAGA,5
CCTAATCCGTCTGTCA,5
CCTAATCCGTGTTCTA,5
CCTAATCCTAGGATGA,5
CCTAATCCTATCAGCA,5
CCTAATCCTCCGTCTA,5
CCTAATCCTCTTCACA,5
CCTAATCCTGAAGAGA,5
CCTAATCCTGGAACAA,5
CCTAATCCTGGCTTCA,5
CCTAATCCTGGTGGTA,5
CCTAATCCTTCACGCA,5
CCTAATCCAACTCACC,5
CCTAATCCAAGAGATC,5
CCTAATCCAAGGACAC,5
CCTAATCCAATCCGTC,5
CCTAATCCAATGTTGC,5
CCTAATCCACACGACC,5
CCTAATCCACAGATTC,5
CCTAATCCAGATGTAC,5
CCTAATCCAGCACCTC,5
CCTAATCCAGCCATGC,5
CCTAATCCAGGCTAAC,5
CCTAATCCATAGCGAC,5
CCTAATCCATCATTCC,5
CCTAATCCATTGGCTC,5
CCTAATCCCAAGGAGC,5
CCTAATCCCACCTTAC,5
CCTAATCCCCATCCTC,5
CCTAATCCCCGACAAC,5
CCTAATCCCCTAATCC,5
CCTAATCCCCTCTATC,5
CCTAATCCCGACACAC,2
CCTAATCCCGGATTGC,2
CCTAATCCCTAAGGTC,4
CCTAATCCGAACAGGC,4
CCTAATCCGACAGTGC,4
CCTAATCCGAGTTAGC,3
CCTAATCCGATGAATC,3
CCTAATCCGCCAAGAC,3
CCTAATCCCGGAAGAA,3
CCTAATCCGTGACAAG,3
CCTAATCCGAACCAGA,3
CCGACAACTTGCTGGA,3
CCGACAACAACAACCA,3
CCGACAACAACCGAGA,3
CCGACAACAACGCTTA,4
CCGACAACAAGACGGA,4
CCGACAACAAGGTACA,4
CCGACAACACACAGAA,4
CCGACAACACAGCAGA,4
CCGACAACACCTCCAA,4
CCGACAACACGCTCGA,4
CCGACAACACGTATCA,4
CCGACAACACTATGCA,4
CCGACAACAGAGTCAA,4
CCGACAACAGATCGCA,4
CCGACAACAGCAGGAA,4
CCGACAACAGTCACTA,4
CCGACAACATCCTGTA,2
CCGACAACATTGAGGA,2
CCGACAACCAACCACA,2
CCGACAACGACTAGTA,2
CCGACAACCAATGGAA,2
CCGACAACCACTTCGA,2
CCGACAACCAGCGTTA,2
CCGACAACCATACCAA,2
CCGACAACCCAGTTCA,2
CCGACAACCCGAAGTA,2
CCGACAACCCGTGAGA,3
CCGACAACCCTCCTGA,5
CCGACAACCGAACTTA,5
CCGACAACCGACTGGA,5
CCGACAACCGCATACA,5
CCGACAACCTCAATGA,5
CCGACAACCTGAGCCA,5
CCGACAACCTGGCATA,5
CCGACAACGAATCTGA,5
CCGACAACCAAGACTA,5
CCGACAACGAGCTGAA,5
CCGACAACGATAGACA,5
CCGACAACGCCACATA,5
CCGACAACGCGAGTAA,5
CCGACAACGCTAACGA,5
CCGACAACGCTCGGTA,5
CCGACAACGGAGAACA,5
CCGACAACGGTGCGAA,5
CCGACAACGTACGCAA,5
CCGACAACGTCGTAGA,5
CCGACAACGTCTGTCA,5
CCGACAACGTGTTCTA,5
CCGACAACTAGGATGA,5
CCGACAACTATCAGCA,5
CCGACAACTCCGTCTA,5
CCGACAACTCTTCACA,5
CCGACAACTGAAGAGA,5
CCGACAACTGGAACAA,5
CCGACAACTGGCTTCA,5
CCGACAACTGGTGGTA,5
CCGACAACTTCACGCA,5
CCGACAACAACTCACC,5
CCGACAACAAGAGATC,5
CCGACAACAAGGACAC,5
CCGACAACAATCCGTC,5
CCGACAACAATGTTGC,5
CCGACAACACACGACC,5
CCGACAACACAGATTC,5
CCGACAACAGATGTAC,5
CCGACAACAGCACCTC,5
CCGACAACAGCCATGC,5
CCGACAACAGGCTAAC,5
CCGACAACATAGCGAC,5
CCGACAACATCATTCC,5
CCGACAACATTGGCTC,5
CCGACAACCAAGGAGC,5
CCGACAACCACCTTAC,5
CCGACAACCCATCCTC,5
CCGACAACCCGACAAC,5
CCGACAACCCTAATCC,5
CCGACAACCCTCTATC,5
CCGACAACCGACACAC,2
CCGACAACCGGATTGC,2
CCGACAACCTAAGGTC,4
CCGACAACGAACAGGC,4
CCGACAACGACAGTGC,4
CCGACAACGAGTTAGC,3
CCGACAACGATGAATC,3
CCGACAACGCCAAGAC,3
CCGACAACCGGAAGAA,3
CCGACAACGTGACAAG,3
CCGACAACGAACCAGA,3
CCATCCTCTTGCTGGA,3
CCATCCTCAGTACAAG,3
CCATCCTCAACAACCA,4
CCATCCTCAACCGAGA,4
CCATCCTCAACGCTTA,4
CCATCCTCAAGACGGA,4
CCATCCTCAAGGTACA,4
CCATCCTCACACAGAA,4
CCATCCTCACAGCAGA,4
CCATCCTCACCTCCAA,4
CCATCCTCACGCTCGA,4
CCATCCTCACGTATCA,4
CCATCCTCACTATGCA,4
CCATCCTCAGAGTCAA,4
CCATCCTCAGATCGCA,4
CCATCCTCAGCAGGAA,4
CCATCCTCAGTCACTA,2
CCATCCTCATCCTGTA,2
CCATCCTCATTGAGGA,2
CCATCCTCCAACCACA,2
CCATCCTCGACTAGTA,2
CCATCCTCCAATGGAA,2
CCATCCTCCACTTCGA,2
CCATCCTCCAGCGTTA,2
CCATCCTCCATACCAA,2
CCATCCTCCCAGTTCA,2
CCATCCTCCCGAAGTA,2
CCATCCTCCCGTGAGA,5
CCATCCTCCCTCCTGA,5
CCATCCTCCGAACTTA,5
CCATCCTCCGACTGGA,5
CCATCCTCCGCATACA,5
CCATCCTCCTCAATGA,5
CCATCCTCCTGAGCCA,5
CCATCCTCCTGGCATA,5
CCATCCTCGAATCTGA,5
CCATCCTCCAAGACTA,5
CCATCCTCGAGCTGAA,5
CCATCCTCGATAGACA,5
CCATCCTCGCCACATA,5
CCATCCTCGCGAGTAA,5
CCATCCTCGCTAACGA,5
CCATCCTCGCTCGGTA,5
CCATCCTCGGAGAACA,5
CCATCCTCGGTGCGAA,5
CCATCCTCGTACGCAA,5
CCATCCTCGTCGTAGA,5
CCATCCTCGTCTGTCA,5
CCATCCTCGTGTTCTA,5
CCATCCTCTAGGATGA,5
CCATCCTCTATCAGCA,5
CCATCCTCTCCGTCTA,5
CCATCCTCTCTTCACA,5
CCATCCTCTGAAGAGA,5
CCATCCTCTGGAACAA,5
CCATCCTCTGGCTTCA,5
CCATCCTCTGGTGGTA,5
CCATCCTCTTCACGCA,5
CCATCCTCAACTCACC,5
CCATCCTCAAGAGATC,5
CCATCCTCAAGGACAC,5
CCATCCTCAATCCGTC,5
CCATCCTCAATGTTGC,5
CCATCCTCACACGACC,5
CCATCCTCACAGATTC,5
CCATCCTCAGATGTAC,5
CCATCCTCAGCACCTC,5
CCATCCTCAGCCATGC,5
CCATCCTCAGGCTAAC,5
CCATCCTCATAGCGAC,5
CCATCCTCATCATTCC,5
CCATCCTCATTGGCTC,5
CCATCCTCCAAGGAGC,5
CCATCCTCCACCTTAC,5
CCATCCTCCCATCCTC,5
CCATCCTCCCGACAAC,5
CCATCCTCCCTAATCC,5
CCATCCTCCCTCTATC,5
CCATCCTCCGACACAC,2
CCATCCTCCGGATTGC,2
CCATCCTCCTAAGGTC,4
CCATCCTCGAACAGGC,4
CCATCCTCGACAGTGC,4
CCATCCTCGAGTTAGC,4
CCATCCTCGATGAATC,3
CCATCCTCGCCAAGAC,3
CCATCCTCCGGAAGAA,3
CCATCCTCGTGACAAG,3
CCATCCTCGAACCAGA,3
CACCTTACTTGCTGGA,3
CACCTTACAGTACAAG,4
CACCTTACAACAACCA,4
CACCTTACAACCGAGA,4
CACCTTACAACGCTTA,4
CACCTTACAAGACGGA,4
CACCTTACAAGGTACA,4
CACCTTACACACAGAA,4
CACCTTACACAGCAGA,4
CACCTTACACCTCCAA,4
CACCTTACACGCTCGA,4
CACCTTACACGTATCA,4
CACCTTACACTATGCA,4
CACCTTACAGAGTCAA,4
CACCTTACAGATCGCA,4
CACCTTACAGCAGGAA,2
CACCTTACAGTCACTA,2
CACCTTACATCCTGTA,2
CACCTTACATTGAGGA,2
CACCTTACCAACCACA,2
CACCTTACGACTAGTA,2
CACCTTACCAATGGAA,2
CACCTTACCACTTCGA,2
CACCTTACCAGCGTTA,2
CACCTTACCATACCAA,2
CACCTTACCCAGTTCA,2
CACCTTACCCGAAGTA,5
CACCTTACCCGTGAGA,5
CACCTTACCCTCCTGA,5
CACCTTACCGAACTTA,5
CACCTTACCGACTGGA,5
CACCTTACCGCATACA,5
CACCTTACCTCAATGA,5
CACCTTACCTGAGCCA,5
CACCTTACCTGGCATA,5
CACCTTACGAATCTGA,5
CACCTTACCAAGACTA,5
CACCTTACGAGCTGAA,5
CACCTTACGATAGACA,5
CACCTTACGCCACATA,5
CACCTTACGCGAGTAA,5
CACCTTACGCTAACGA,5
CACCTTACGCTCGGTA,5
CACCTTACGGAGAACA,5
CACCTTACGGTGCGAA,5
CACCTTACGTACGCAA,5
CACCTTACGTCGTAGA,5
CACCTTACGTCTGTCA,5
CACCTTACGTGTTCTA,5
CACCTTACTAGGATGA,5
CACCTTACTATCAGCA,5
CACCTTACTCCGTCTA,5
CACCTTACTCTTCACA,5
CACCTTACTGAAGAGA,5
CACCTTACTGGAACAA,5
CACCTTACTGGCTTCA,5
CACCTTACTGGTGGTA,5
CACCTTACTTCACGCA,5
CACCTTACAACTCACC,5
CACCTTACAAGAGATC,5
CACCTTACAAGGACAC,5
CACCTTACAATCCGTC,5
CACCTTACAATGTTGC,5
CACCTTACACACGACC,5
CACCTTACACAGATTC,5
CACCTTACAGATGTAC,5
CACCTTACAGCACCTC,5
CACCTTACAGCCATGC,5
CACCTTACAGGCTAAC,5
CACCTTACATAGCGAC,5
CACCTTACATCATTCC,5
CACCTTACATTGGCTC,5
CACCTTACCAAGGAGC,5
CACCTTACCACCTTAC,5
CACCTTACCCATCCTC,5
CACCTTACCCGACAAC,5
CACCTTACCCTAATCC,5
CACCTTACCCTCTATC,5
CACCTTACCGACACAC,2
CACCTTACCGGATTGC,2
CACCTTACCTAAGGTC,4
CACCTTACGAACAGGC,4
CACCTTACGACAGTGC,4
CACCTTACGAGTTAGC,4
CACCTTACGATGAATC,3
CACCTTACGCCAAGAC,3
CACCTTACCGGAAGAA,3
CACCTTACGTGACAAG,3
CACCTTACGAACCAGA,3
CAAGGAGCTTGCTGGA,3
CAAGGAGCCTGTAGCC,3
CAAGGAGCAGTACAAG,4
CAAGGAGCAACAACCA,4
CAAGGAGCAACCGAGA,4
CAAGGAGCAACGCTTA,4
CAAGGAGCAAGACGGA,4
CAAGGAGCAAGGTACA,4
CAAGGAGCACACAGAA,4
CAAGGAGCACAGCAGA,4
CAAGGAGCACCTCCAA,4
CAAGGAGCACGCTCGA,2
CAAGGAGCACGTATCA,2
CAAGGAGCACTATGCA,2
CAAGGAGCAGAGTCAA,4
CAAGGAGCAGATCGCA,2
CAAGGAGCAGCAGGAA,2
CAAGGAGCAGTCACTA,2
CAAGGAGCATCCTGTA,2
CAAGGAGCATTGAGGA,2
CAAGGAGCCAACCACA,2
CAAGGAGCGACTAGTA,2
CAAGGAGCCAATGGAA,2
CAAGGAGCCACTTCGA,2
CAAGGAGCCAGCGTTA,2
CAAGGAGCCATACCAA,2
CAAGGAGCCCAGTTCA,5
CAAGGAGCCCGAAGTA,5
CAAGGAGCCCGTGAGA,5
CAAGGAGCCCTCCTGA,5
CAAGGAGCCGAACTTA,5
CAAGGAGCCGACTGGA,5
CAAGGAGCCGCATACA,5
CAAGGAGCCTCAATGA,5
CAAGGAGCCTGAGCCA,5
CAAGGAGCCTGGCATA,5
CAAGGAGCGAATCTGA,5
CAAGGAGCCAAGACTA,5
CAAGGAGCGAGCTGAA,5
CAAGGAGCGATAGACA,5
CAAGGAGCGCCACATA,5
CAAGGAGCGCGAGTAA,5
CAAGGAGCGCTAACGA,5
CAAGGAGCGCTCGGTA,5
CAAGGAGCGGAGAACA,5
CAAGGAGCGGTGCGAA,5
CAAGGAGCGTACGCAA,5
CAAGGAGCGTCGTAGA,5
CAAGGAGCGTCTGTCA,5
CAAGGAGCGTGTTCTA,5
CAAGGAGCTAGGATGA,5
CAAGGAGCTATCAGCA,5
CAAGGAGCTCCGTCTA,5
CAAGGAGCTCTTCACA,5
CAAGGAGCTGAAGAGA,5
CAAGGAGCTGGAACAA,5
CAAGGAGCTGGCTTCA,5
CAAGGAGCTGGTGGTA,5
CAAGGAGCTTCACGCA,5
CAAGGAGCAACTCACC,5
CAAGGAGCAAGAGATC,5
CAAGGAGCAAGGACAC,5
CAAGGAGCAATCCGTC,5
CAAGGAGCAATGTTGC,5
CAAGGAGCACACGACC,5
CAAGGAGCACAGATTC,5
CAAGGAGCAGATGTAC,5
CAAGGAGCAGCACCTC,5
CAAGGAGCAGCCATGC,5
CAAGGAGCAGGCTAAC,5
CAAGGAGCATAGCGAC,5
CAAGGAGCATCATTCC,5
CAAGGAGCATTGGCTC,5
CAAGGAGCCAAGGAGC,5
CAAGGAGCCACCTTAC,5
CAAGGAGCCCATCCTC,5
CAAGGAGCCCGACAAC,5
CAAGGAGCCCTAATCC,5
CAAGGAGCCCTCTATC,2
CAAGGAGCCGACACAC,2
CAAGGAGCCGGATTGC,4
CAAGGAGCCTAAGGTC,4
CAAGGAGCGAACAGGC,4
CAAGGAGCGACAGTGC,4
CAAGGAGCGAGTTAGC,4
CAAGGAGCGATGAATC,3
CAAGGAGCGCCAAGAC,3
CAAGGAGCCGGAAGAA,3
CAAGGAGCGTGACAAG,3
CAAGGAGCGAACCAGA,3
ATTGGCTCACAAGCTA,3
ATTGGCTCTTGCTGGA,3
ATTGGCTCCTGTAGCC,3
ATTGGCTCAGTACAAG,4
ATTGGCTCAACAACCA,4
ATTGGCTCAACCGAGA,4
ATTGGCTCAACGCTTA,4
ATTGGCTCAAGACGGA,4
ATTGGCTCAAGGTACA,4
ATTGGCTCACACAGAA,4
ATTGGCTCACAGCAGA,4
ATTGGCTCACCTCCAA,4
ATTGGCTCACGCTCGA,2
ATTGGCTCACGTATCA,2
ATTGGCTCACTATGCA,2
ATTGGCTCAGAGTCAA,2
ATTGGCTCAGATCGCA,2
ATTGGCTCAGCAGGAA,2
ATTGGCTCAGTCACTA,2
ATTGGCTCATCCTGTA,2
ATTGGCTCATTGAGGA,2
ATTGGCTCCAACCACA,2
ATTGGCTCGACTAGTA,2
ATTGGCTCCAATGGAA,2
ATTGGCTCCACTTCGA,2
ATTGGCTCCAGCGTTA,2
ATTGGCTCCATACCAA,5
ATTGGCTCCCAGTTCA,5
ATTGGCTCCCGAAGTA,5
ATTGGCTCCCGTGAGA,5
ATTGGCTCCCTCCTGA,5
ATTGGCTCCGAACTTA,5
ATTGGCTCCGACTGGA,5
ATTGGCTCCGCATACA,5
ATTGGCTCCTCAATGA,5
ATTGGCTCCTGAGCCA,5
ATTGGCTCCTGGCATA,5
ATTGGCTCGAATCTGA,5
ATTGGCTCCAAGACTA,5
ATTGGCTCGAGCTGAA,5
ATTGGCTCGATAGACA,5
ATTGGCTCGCCACATA,5
ATTGGCTCGCGAGTAA,5
ATTGGCTCGCTAACGA,5
ATTGGCTCGCTCGGTA,5
ATTGGCTCGGAGAACA,5
ATTGGCTCGGTGCGAA,5
ATTGGCTCGTACGCAA,5
ATTGGCTCGTCGTAGA,5
ATTGGCTCGTCTGTCA,5
ATTGGCTCGTGTTCTA,5
ATTGGCTCTAGGATGA,5
ATTGGCTCTATCAGCA,5
ATTGGCTCTCCGTCTA,5
ATTGGCTCTCTTCACA,5
ATTGGCTCTGAAGAGA,5
ATTGGCTCTGGAACAA,5
ATTGGCTCTGGCTTCA,5
ATTGGCTCTGGTGGTA,5
ATTGGCTCTTCACGCA,5
ATTGGCTCAACTCACC,5
ATTGGCTCAAGAGATC,5
ATTGGCTCAAGGACAC,5
ATTGGCTCAATCCGTC,5
ATTGGCTCAATGTTGC,5
ATTGGCTCACACGACC,5
ATTGGCTCACAGATTC,5
ATTGGCTCAGATGTAC,5
ATTGGCTCAGCACCTC,5
ATTGGCTCAGCCATGC,5
ATTGGCTCAGGCTAAC,5
ATTGGCTCATAGCGAC,5
ATTGGCTCATCATTCC,5
ATTGGCTCATTGGCTC,5
ATTGGCTCCAAGGAGC,5
ATTGGCTCCACCTTAC,5
ATTGGCTCCCATCCTC,5
ATTGGCTCCCGACAAC,5
ATTGGCTCCCTAATCC,5
ATTGGCTCCCTCTATC,2
ATTGGCTCCGACACAC,2
ATTGGCTCCGGATTGC,2
ATTGGCTCCTAAGGTC,4
ATTGGCTCGAACAGGC,4
ATTGGCTCGACAGTGC,4
ATTGGCTCGAGTTAGC,4
ATTGGCTCGATGAATC,3
ATTGGCTCGCCAAGAC,3
ATTGGCTCCGGAAGAA,3
ATTGGCTCGTGACAAG,3
ATTGGCTCGAACCAGA,3
ATCATTCCACAAGCTA,3
ATCATTCCTTGCTGGA,3
ATCATTCCCTGTAGCC,4
ATCATTCCAGTACAAG,4
ATCATTCCAACAACCA,4
ATCATTCCAACCGAGA,4
ATCATTCCAACGCTTA,4
ATCATTCCAAGACGGA,4
ATCATTCCAAGGTACA,4
ATCATTCCACACAGAA,4
ATCATTCCACAGCAGA,4
ATCATTCCACCTCCAA,4
ATCATTCCACGCTCGA,2
ATCATTCCACGTATCA,2
ATCATTCCACTATGCA,2
ATCATTCCAGAGTCAA,2
ATCATTCCAGATCGCA,2
ATCATTCCAGCAGGAA,2
ATCATTCCAGTCACTA,2
ATCATTCCATCCTGTA,2
ATCATTCCATTGAGGA,2
ATCATTCCCAACCACA,2
ATCATTCCGACTAGTA,2
ATCATTCCCAATGGAA,4
ATCATTCCCACTTCGA,5
ATCATTCCCAGCGTTA,5
ATCATTCCCATACCAA,5
ATCATTCCCCAGTTCA,5
ATCATTCCCCGAAGTA,5
ATCATTCCCCGTGAGA,5
ATCATTCCCCTCCTGA,5
ATCATTCCCGAACTTA,5
ATCATTCCCGACTGGA,5
ATCATTCCCGCATACA,3
ATCATTCCCTCAATGA,5
ATCATTCCCTGAGCCA,5
ATCATTCCCTGGCATA,5
ATCATTCCGAATCTGA,5
ATCATTCCCAAGACTA,5
ATCATTCCGAGCTGAA,5
ATCATTCCGATAGACA,5
ATCATTCCGCCACATA,5
ATCATTCCGCGAGTAA,5
ATCATTCCGCTAACGA,5
ATCATTCCGCTCGGTA,5
ATCATTCCGGAGAACA,5
ATCATTCCGGTGCGAA,5
ATCATTCCGTACGCAA,5
ATCATTCCGTCGTAGA,5
ATCATTCCGTCTGTCA,5
ATCATTCCGTGTTCTA,5
ATCATTCCTAGGATGA,5
ATCATTCCTATCAGCA,5
ATCATTCCTCCGTCTA,5
ATCATTCCTCTTCACA,5
ATCATTCCTGAAGAGA,5
ATCATTCCTGGAACAA,5
ATCATTCCTGGCTTCA,5
ATCATTCCTGGTGGTA,5
ATCATTCCTTCACGCA,5
ATCATTCCAACTCACC,5
ATCATTCCAAGAGATC,5
ATCATTCCAAGGACAC,5
ATCATTCCAATCCGTC,5
ATCATTCCAATGTTGC,5
ATCATTCCACACGACC,5
ATCATTCCACAGATTC,5
ATCATTCCAGATGTAC,5
ATCATTCCAGCACCTC,5
ATCATTCCAGCCATGC,5
ATCATTCCAGGCTAAC,5
ATCATTCCATAGCGAC,5
ATCATTCCATCATTCC,5
ATCATTCCATTGGCTC,5
ATCATTCCCAAGGAGC,5
ATCATTCCCACCTTAC,5
ATCATTCCCCATCCTC,5
ATCATTCCCCGACAAC,5
ATCATTCCCCTAATCC,5
ATCATTCCCCTCTATC,2
ATCATTCCCGACACAC,2
ATCATTCCCGCTGATC,4
ATCATTCCCGGATTGC,2
ATCATTCCCTAAGGTC,4
ATCATTCCGAACAGGC,4
ATCATTCCGACAGTGC,4
ATCATTCCGAGTTAGC,4
ATCATTCCGATGAATC,3
ATCATTCCGCCAAGAC,3
ATCATTCCCGGAAGAA,3
ATCATTCCGTGACAAG,3
ATCATTCCGAACCAGA,3
ATAGCGACACAAGCTA,4
ATAGCGACTTGCTGGA,3
ATAGCGACCTGTAGCC,4
ATAGCGACAGTACAAG,4
ATAGCGACAACAACCA,4
ATAGCGACAACCGAGA,4
ATAGCGACAACGCTTA,4
ATAGCGACAAGACGGA,4
ATAGCGACAAGGTACA,4
ATAGCGACACACAGAA,4
ATAGCGACACAGCAGA,4
ATAGCGACACCTCCAA,4
ATAGCGACACGCTCGA,2
ATAGCGACACGTATCA,2
ATAGCGACACTATGCA,2
ATAGCGACAGAGTCAA,2
ATAGCGACAGATCGCA,2
ATAGCGACAGCAGGAA,2
ATAGCGACAGTCACTA,2
ATAGCGACATCCTGTA,2
ATAGCGACATTGAGGA,2
ATAGCGACCAACCACA,2
ATAGCGACGACTAGTA,3
ATAGCGACCAATGGAA,3
ATAGCGACCACTTCGA,5
ATAGCGACCAGCGTTA,5
ATAGCGACCATACCAA,5
ATAGCGACCCAGTTCA,5
ATAGCGACCCGAAGTA,5
ATAGCGACCCGTGAGA,5
ATAGCGACCCTCCTGA,5
ATAGCGACCGAACTTA,5
ATAGCGACCGACTGGA,5
ATAGCGACCGCATACA,3
ATAGCGACCTCAATGA,3
ATAGCGACCTGAGCCA,5
ATAGCGACCTGGCATA,5
ATAGCGACGAATCTGA,5
ATAGCGACCAAGACTA,5
ATAGCGACGAGCTGAA,5
ATAGCGACGATAGACA,5
ATAGCGACGCCACATA,5
ATAGCGACGCGAGTAA,5
ATAGCGACGCTAACGA,5
ATAGCGACGCTCGGTA,5
ATAGCGACGGAGAACA,5
ATAGCGACGGTGCGAA,5
ATAGCGACGTACGCAA,5
ATAGCGACGTCGTAGA,5
ATAGCGACGTCTGTCA,5
ATAGCGACGTGTTCTA,5
ATAGCGACTAGGATGA,5
ATAGCGACTATCAGCA,5
ATAGCGACTCCGTCTA,5
ATAGCGACTCTTCACA,5
ATAGCGACTGAAGAGA,5
ATAGCGACTGGAACAA,5
ATAGCGACTGGCTTCA,5
ATAGCGACTGGTGGTA,5
ATAGCGACTTCACGCA,5
ATAGCGACAACTCACC,5
ATAGCGACAAGAGATC,3
ATAGCGACAAGGACAC,5
ATAGCGACAATCCGTC,5
ATAGCGACAATGTTGC,8
ATAGCGACACACGACC,8
ATAGCGACACAGATTC,5
ATAGCGACAGATGTAC,5
ATAGCGACAGCACCTC,5
ATAGCGACAGCCATGC,5
ATAGCGACAGGCTAAC,5
ATAGCGACATAGCGAC,5
ATAGCGACATCATTCC,5
ATAGCGACATTGGCTC,5
ATAGCGACCAAGGAGC,5
ATAGCGACCACCTTAC,5
ATAGCGACCCATCCTC,5
ATAGCGACCCGACAAC,5
ATAGCGACCCTAATCC,5
ATAGCGACCCTCTATC,5
ATAGCGACCGACACAC,2
ATAGCGACCGCTGATC,3
ATAGCGACCGGATTGC,2
ATAGCGACCTAAGGTC,4
ATAGCGACGAACAGGC,4
ATAGCGACGACAGTGC,4
ATAGCGACGAGTTAGC,4
ATAGCGACGATGAATC,3
ATAGCGACGCCAAGAC,3
ATAGCGACCGGAAGAA,3
ATAGCGACGTGACAAG,3
ATAGCGACGAACCAGA,3
AGGCTAACACAAGCTA,4
AGGCTAACTTGCTGGA,3
AGGCTAACCTGTAGCC,4
AGGCTAACAGTACAAG,4
AGGCTAACAACAACCA,4
AGGCTAACAACCGAGA,4
AGGCTAACAACGCTTA,4
AGGCTAACAAGACGGA,4
AGGCTAACAAGGTACA,4
AGGCTAACACACAGAA,4
AGGCTAACACAGCAGA,4
AGGCTAACACCTCCAA,4
AGGCTAACACGCTCGA,2
AGGCTAACACGTATCA,2
AGGCTAACACTATGCA,2
AGGCTAACAGAGTCAA,2
AGGCTAACAGATCGCA,2
AGGCTAACAGCAGGAA,2
AGGCTAACAGTCACTA,2
AGGCTAACATCCTGTA,2
AGGCTAACATTGAGGA,3
AGGCTAACCAACCACA,3
AGGCTAACGACTAGTA,5
AGGCTAACCAATGGAA,5
AGGCTAACCACTTCGA,5
AGGCTAACCAGCGTTA,5
AGGCTAACCATACCAA,5
AGGCTAACCCAGTTCA,5
AGGCTAACCCGAAGTA,5
AGGCTAACCCGTGAGA,5
AGGCTAACCCTCCTGA,5
AGGCTAACCGAACTTA,5
AGGCTAACCGACTGGA,5
AGGCTAACCGCATACA,5
AGGCTAACCTCAATGA,5
AGGCTAACCTGAGCCA,5
AGGCTAACCTGGCATA,5
AGGCTAACGAATCTGA,5
AGGCTAACCAAGACTA,5
AGGCTAACGAGCTGAA,5
AGGCTAACGATAGACA,5
AGGCTAACGCCACATA,5
AGGCTAACGCGAGTAA,5
AGGCTAACGCTAACGA,5
AGGCTAACGCTCGGTA,5
AGGCTAACGGAGAACA,5
AGGCTAACGGTGCGAA,5
AGGCTAACGTACGCAA,5
AGGCTAACGTCGTAGA,5
AGGCTAACGTCTGTCA,5
AGGCTAACGTGTTCTA,5
AGGCTAACTAGGATGA,5
AGGCTAACTATCAGCA,5
AGGCTAACTCCGTCTA,5
AGGCTAACTCTTCACA,5
AGGCTAACTGAAGAGA,5
AGGCTAACTGGAACAA,5
AGGCTAACTGGCTTCA,8
AGGCTAACTGGTGGTA,8
AGGCTAACTTCACGCA,8
AGGCTAACAACTCACC,8
AGGCTAACAAGAGATC,3
AGGCTAACAAGGACAC,8
AGGCTAACAATCCGTC,8
AGGCTAACAATGTTGC,8
AGGCTAACACACGACC,8
AGGCTAACACAGATTC,8
AGGCTAACAGATGTAC,5
AGGCTAACAGCACCTC,5
AGGCTAACAGCCATGC,5
AGGCTAACAGGCTAAC,5
AGGCTAACCATCAAGT,3
AGGCTAACATAGCGAC,5
AGGCTAACATCATTCC,5
AGGCTAACATTGGCTC,5
AGGCTAACCAAGGAGC,5
AGGCTAACCACCTTAC,5
AGGCTAACCCATCCTC,5
AGGCTAACCCGACAAC,5
AGGCTAACCCTAATCC,5
AGGCTAACCCTCTATC,5
AGGCTAACCGACACAC,2
AGGCTAACCGCTGATC,4
AGGCTAACCGGATTGC,2
AGGCTAACCTAAGGTC,4
AGGCTAACGAACAGGC,4
AGGCTAACGACAGTGC,4
AGGCTAACGAGTTAGC,4
AGGCTAACGATGAATC,3
AGGCTAACGCCAAGAC,3
AGGCTAACCGGAAGAA,3
AGGCTAACGTGACAAG,3
AGGCTAACGAACCAGA,3
AGCCATGCACAAGCTA,4
AGCCATGCTTGCTGGA,3
AGCCATGCCTGTAGCC,4
AGCCATGCAGTACAAG,4
AGCCATGCAACAACCA,4
AGCCATGCAACCGAGA,4
AGCCATGCAACGCTTA,4
AGCCATGCAAGACGGA,4
AGCCATGCAAGGTACA,4
AGCCATGCACACAGAA,4
AGCCATGCACAGCAGA,4
AGCCATGCACCTCCAA,4
AGCCATGCACGCTCGA,2
AGCCATGCACGTATCA,2
AGCCATGCACTATGCA,2
AGCCATGCAGAGTCAA,2
AGCCATGCAGATCGCA,2
AGCCATGCAGCAGGAA,2
AGCCATGCAGTCACTA,2
AGCCATGCATCCTGTA,3
AGCCATGCATTGAGGA,3
AGCCATGCCAACCACA,3
AGCCATGCGACTAGTA,5
AGCCATGCCAATGGAA,3
AGCCATGCCACTTCGA,5
AGCCATGCCAGCGTTA,5
AGCCATGCCATACCAA,5
AGCCATGCCCAGTTCA,5
AGCCATGCCCGAAGTA,5
AGCCATGCCCGTGAGA,5
AGCCATGCCCTCCTGA,5
AGCCATGCCGAACTTA,5
AGCCATGCCGACTGGA,5
AGCCATGCCGCATACA,5
AGCCATGCCTCAATGA,5
AGCCATGCCTGAGCCA,5
AGCCATGCCTGGCATA,5
AGCCATGCGAATCTGA,5
AGCCATGCCAAGACTA,5
AGCCATGCGAGCTGAA,5
AGCCATGCGATAGACA,5
AGCCATGCGCCACATA,5
AGCCATGCGCGAGTAA,5
AGCCATGCGCTAACGA,5
AGCCATGCGCTCGGTA,5
AGCCATGCGGAGAACA,5
AGCCATGCGGTGCGAA,5
AGCCATGCGTACGCAA,5
AGCCATGCGTCGTAGA,5
AGCCATGCGTCTGTCA,5
AGCCATGCGTGTTCTA,5
AGCCATGCTAGGATGA,5
AGCCATGCTATCAGCA,5
AGCCATGCTCCGTCTA,5
AGCCATGCTCTTCACA,5
AGCCATGCTGAAGAGA,5
AGCCATGCTGGAACAA,8
AGCCATGCTGGCTTCA,8
AGCCATGCTGGTGGTA,8
AGCCATGCTTCACGCA,8
AGCCATGCAACTCACC,8
AGCCATGCCAGATCTG,4
AGCCATGCAAGAGATC,8
AGCCATGCAAGGACAC,8
AGCCATGCAATCCGTC,8
AGCCATGCAATGTTGC,8
AGCCATGCACACGACC,8
AGCCATGCACAGATTC,8
AGCCATGCAGATGTAC,8
AGCCATGCAGCACCTC,5
AGCCATGCAGCCATGC,5
AGCCATGCAGGCTAAC,5
AGCCATGCCATCAAGT,3
AGCCATGCATAGCGAC,5
AGCCATGCATCATTCC,5
AGCCATGCATTGGCTC,5
AGCCATGCCAAGGAGC,5
AGCCATGCCACCTTAC,5
AGCCATGCCCATCCTC,5
AGCCATGCCCGACAAC,5
AGCCATGCCCTAATCC,5
AGCCATGCCCTCTATC,5
AGCCATGCCGACACAC,2
AGCCATGCCGCTGATC,4
AGCCATGCCGGATTGC,2
AGCCATGCCTAAGGTC,4
AGCCATGCGAACAGGC,4
AGCCATGCGACAGTGC,4
AGCCATGCGAGTTAGC,4
AGCCATGCGATGAATC,3
AGCCATGCGCCAAGAC,3
AGCCATGCCGGAAGAA,3
AGCCATGCGTGACAAG,3
AGCCATGCGAACCAGA,3
AGCACCTCACAAGCTA,4
AGCACCTCTTGCTGGA,3
AGCACCTCCTGTAGCC,4
AGCACCTCAGTACAAG,4
AGCACCTCAACAACCA,4
AGCACCTCAACCGAGA,4
AGCACCTCAACGCTTA,4
AGCACCTCAAGACGGA,4
AGCACCTCAAGGTACA,4
AGCACCTCACACAGAA,4
AGCACCTCACAGCAGA,2
AGCACCTCACCTCCAA,2
AGCACCTCACGCTCGA,2
AGCACCTCACGTATCA,2
AGCACCTCACTATGCA,2
AGCACCTCAGAGTCAA,2
AGCACCTCAGATCGCA,2
AGCACCTCAGCAGGAA,2
AGCACCTCAGTCACTA,3
AGCACCTCATCCTGTA,3
AGCACCTCATTGAGGA,3
AGCACCTCCAACCACA,5
AGCACCTCGACTAGTA,3
AGCACCTCCAATGGAA,3
AGCACCTCCACTTCGA,5
AGCACCTCCAGCGTTA,5
AGCACCTCCATACCAA,5
AGCACCTCCCAGTTCA,5
AGCACCTCCCGAAGTA,5
AGCACCTCCCGTGAGA,5
AGCACCTCCCTCCTGA,5
AGCACCTCCGAACTTA,5
AGCACCTCCGACTGGA,5
AGCACCTCCGCATACA,5
AGCACCTCCTCAATGA,5
AGCACCTCCTGAGCCA,5
AGCACCTCCTGGCATA,5
AGCACCTCGAATCTGA,5
AGCACCTCCAAGACTA,5
AGCACCTCGAGCTGAA,5
AGCACCTCGATAGACA,5
AGCACCTCGCCACATA,5
AGCACCTCGCGAGTAA,5
AGCACCTCGCTAACGA,5
AGCACCTCGCTCGGTA,5
AGCACCTCGGAGAACA,5
AGCACCTCGGTGCGAA,5
AGCACCTCGTACGCAA,5
AGCACCTCGTCGTAGA,5
AGCACCTCGTCTGTCA,5
AGCACCTCGTGTTCTA,5
AGCACCTCACATTGGC,4
AGCACCTCTAGGATGA,5
AGCACCTCTATCAGCA,5
AGCACCTCTCCGTCTA,8
AGCACCTCTCTTCACA,8
AGCACCTCTGAAGAGA,8
AGCACCTCTGGAACAA,8
AGCACCTCTGGCTTCA,8
AGCACCTCTGGTGGTA,8
AGCACCTCTTCACGCA,8
AGCACCTCAACTCACC,8
AGCACCTCCAGATCTG,4
AGCACCTCAAGAGATC,8
AGCACCTCAAGGACAC,8
AGCACCTCAATCCGTC,8
AGCACCTCAATGTTGC,8
AGCACCTCACACGACC,8
AGCACCTCACAGATTC,8
AGCACCTCAGATGTAC,8
AGCACCTCAGCACCTC,5
AGCACCTCAGCCATGC,5
AGCACCTCAGGCTAAC,5
AGCACCTCCATCAAGT,4
AGCACCTCATAGCGAC,5
AGCACCTCATCATTCC,5
AGCACCTCATTGGCTC,5
AGCACCTCCAAGGAGC,5
AGCACCTCCACCTTAC,5
AGCACCTCCCATCCTC,5
AGCACCTCCCGACAAC,5
AGCACCTCCCTAATCC,5
AGCACCTCCCTCTATC,5
AGCACCTCCGACACAC,2
AGCACCTCCGCTGATC,4
AGCACCTCCGGATTGC,2
AGCACCTCCTAAGGTC,2
AGCACCTCGAACAGGC,4
AGCACCTCGACAGTGC,4
AGCACCTCGAGTTAGC,4
AGCACCTCGATGAATC,3
AGCACCTCGCCAAGAC,3
AGCACCTCCGGAAGAA,3
AGCACCTCGTGACAAG,3
AGCACCTCGAACCAGA,3
AGATGTACACAAGCTA,4
AGATGTACTTGCTGGA,3
AGATGTACCTGTAGCC,4
AGATGTACAGTACAAG,4
AGATGTACAACAACCA,4
AGATGTACAACCGAGA,4
AGATGTACAACGCTTA,4
AGATGTACAAGACGGA,4
AGATGTACAAGGTACA,4
AGATGTACACACAGAA,4
AGATGTACACAGCAGA,2
AGATGTACACCTCCAA,2
AGATGTACACGCTCGA,2
AGATGTACACGTATCA,2
AGATGTACACTATGCA,2
AGATGTACAGAGTCAA,2
AGATGTACAGATCGCA,2
AGATGTACAGCAGGAA,2
AGATGTACAGTCACTA,3
AGATGTACATCCTGTA,5
AGATGTACATTGAGGA,3
AGATGTACCAACCACA,5
AGATGTACGACTAGTA,3
AGATGTACCAATGGAA,3
AGATGTACCACTTCGA,2
AGATGTACCAGCGTTA,5
AGATGTACCATACCAA,5
AGATGTACCCAGTTCA,5
AGATGTACCCGAAGTA,5
AGATGTACCCGTGAGA,5
AGATGTACCCTCCTGA,5
AGATGTACCGAACTTA,5
AGATGTACCGACTGGA,5
AGATGTACCGCATACA,5
AGATGTACCTCAATGA,5
AGATGTACCTGAGCCA,5
AGATGTACCTGGCATA,5
AGATGTACGAATCTGA,5
AGATGTACCAAGACTA,5
AGATGTACGAGCTGAA,5
AGATGTACGATAGACA,5
AGATGTACGCCACATA,5
AGATGTACGCGAGTAA,5
AGATGTACGCTAACGA,5
AGATGTACGCTCGGTA,5
AGATGTACGGAGAACA,5
AGATGTACGGTGCGAA,5
AGATGTACGTACGCAA,5
AGATGTACGTCGTAGA,5
AGATGTACGTCTGTCA,5
AGATGTACGTGTTCTA,5
AGATGTACACATTGGC,3
AGATGTACTAGGATGA,8
AGATGTACTATCAGCA,8
AGATGTACTCCGTCTA,8
AGATGTACTCTTCACA,8
AGATGTACTGAAGAGA,8
AGATGTACTGGAACAA,8
AGATGTACTGGCTTCA,8
AGATGTACTGGTGGTA,8
AGATGTACTTCACGCA,8
AGATGTACAACTCACC,8
AGATGTACCAGATCTG,4
AGATGTACAAGAGATC,8
AGATGTACAAGGACAC,8
AGATGTACAATCCGTC,8
AGATGTACAATGTTGC,8
AGATGTACACACGACC,8
AGATGTACACAGATTC,8
AGATGTACAGATGTAC,3
AGATGTACAGCACCTC,5
AGATGTACAGCCATGC,5
AGATGTACAGGCTAAC,5
AGATGTACCATCAAGT,4
AGATGTACATAGCGAC,5
AGATGTACATCATTCC,5
AGATGTACATTGGCTC,5
AGATGTACCAAGGAGC,5
AGATGTACCACCTTAC,5
AGATGTACCCATCCTC,5
AGATGTACCCGACAAC,5
AGATGTACCCTAATCC,5
AGATGTACCCTCTATC,5
AGATGTACCGACACAC,2
AGATGTACCGCTGATC,4
AGATGTACCGGATTGC,2
AGATGTACCTAAGGTC,4
AGATGTACGAACAGGC,4
AGATGTACGACAGTGC,4
AGATGTACGAGTTAGC,4
AGATGTACGATGAATC,3
AGATGTACGCCAAGAC,3
AGATGTACCGGAAGAA,3
AGATGTACGTGACAAG,3
AGATGTACGAACCAGA,3
ACAGATTCACAAGCTA,4
ACAGATTCTTGCTGGA,3
ACAGATTCCTGTAGCC,4
ACAGATTCAGTACAAG,4
ACAGATTCAACAACCA,4
ACAGATTCAACCGAGA,4
ACAGATTCAACGCTTA,4
ACAGATTCAAGACGGA,4
ACAGATTCAAGGTACA,4
ACAGATTCACACAGAA,2
ACAGATTCACAGCAGA,2
ACAGATTCACCTCCAA,2
ACAGATTCACGCTCGA,2
ACAGATTCACGTATCA,2
ACAGATTCACTATGCA,2
ACAGATTCAGAGTCAA,2
ACAGATTCAGATCGCA,2
ACAGATTCAGCAGGAA,5
ACAGATTCAGTCACTA,2
ACAGATTCATCCTGTA,5
ACAGATTCATTGAGGA,3
ACAGATTCCAACCACA,5
ACAGATTCGACTAGTA,5
ACAGATTCCAATGGAA,5
ACAGATTCCACTTCGA,2
ACAGATTCCAGCGTTA,3
ACAGATTCCATACCAA,2
ACAGATTCCCAGTTCA,5
ACAGATTCCCGAAGTA,5
ACAGATTCCCGTGAGA,5
ACAGATTCCCTCCTGA,5
ACAGATTCCGAACTTA,5
ACAGATTCCGACTGGA,5
ACAGATTCCGCATACA,5
ACAGATTCCTCAATGA,5
ACAGATTCCTGAGCCA,5
ACAGATTCCTGGCATA,5
ACAGATTCGAATCTGA,5
ACAGATTCCAAGACTA,5
ACAGATTCGAGCTGAA,5
ACAGATTCGATAGACA,5
ACAGATTCACCACTGT,3
ACAGATTCGCCACATA,5
ACAGATTCGCGAGTAA,5
ACAGATTCGCTAACGA,5
ACAGATTCGCTCGGTA,5
ACAGATTCGGAGAACA,5
ACAGATTCGGTGCGAA,5
ACAGATTCGTACGCAA,5
ACAGATTCGTCGTAGA,5
ACAGATTCGTCTGTCA,8
ACAGATTCGTGTTCTA,8
ACAGATTCACATTGGC,4
ACAGATTCTAGGATGA,8
ACAGATTCTATCAGCA,8
ACAGATTCTCCGTCTA,8
ACAGATTCTCTTCACA,8
ACAGATTCTGAAGAGA,8
ACAGATTCTGGAACAA,8
ACAGATTCTGGCTTCA,8
ACAGATTCTGGTGGTA,8
ACAGATTCTTCACGCA,8
ACAGATTCAACTCACC,8
ACAGATTCCAGATCTG,4
ACAGATTCAAGAGATC,8
ACAGATTCAAGGACAC,8
ACAGATTCAATCCGTC,8
ACAGATTCAATGTTGC,8
ACAGATTCACACGACC,8
ACAGATTCACAGATTC,8
ACAGATTCAGATGTAC,3
ACAGATTCAGCACCTC,3
ACAGATTCAGCCATGC,5
ACAGATTCAGGCTAAC,5
ACAGATTCCATCAAGT,4
ACAGATTCATAGCGAC,5
ACAGATTCATCATTCC,5
ACAGATTCATTGGCTC,5
ACAGATTCCAAGGAGC,5
ACAGATTCCACCTTAC,5
ACAGATTCCCATCCTC,5
ACAGATTCCCGACAAC,5
ACAGATTCCCTAATCC,5
ACAGATTCCCTCTATC,5
ACAGATTCCGACACAC,2
ACAGATTCCGCTGATC,4
ACAGATTCCGGATTGC,2
ACAGATTCCTAAGGTC,4
ACAGATTCGAACAGGC,4
ACAGATTCGACAGTGC,4
ACAGATTCGAGTTAGC,4
ACAGATTCGATGAATC,3
ACAGATTCGCCAAGAC,3
ACAGATTCCGGAAGAA,3
ACAGATTCGTGACAAG,3
ACAGATTCGAACCAGA,3
ACACGACCACAAGCTA,4
ACACGACCTTGCTGGA,3
ACACGACCCTGTAGCC,4
ACACGACCAGTACAAG,4
ACACGACCAACAACCA,4
ACACGACCAACCGAGA,4
ACACGACCAACGCTTA,4
ACACGACCAAGACGGA,4
ACACGACCAAGGTACA,2
ACACGACCACACAGAA,2
ACACGACCACAGCAGA,2
ACACGACCACCTCCAA,2
ACACGACCACGCTCGA,2
ACACGACCACGTATCA,2
ACACGACCACTATGCA,2
ACACGACCAGAGTCAA,2
ACACGACCAGATCGCA,2
ACACGACCAGCAGGAA,2
ACACGACCAGTCACTA,5
ACACGACCATCCTGTA,5
ACACGACCATTGAGGA,5
ACACGACCCAACCACA,3
ACACGACCGACTAGTA,5
ACACGACCCAATGGAA,5
ACACGACCCACTTCGA,5
ACACGACCCAGCGTTA,5
ACACGACCCATACCAA,5
ACACGACCCCAGTTCA,5
ACACGACCCCGAAGTA,5
ACACGACCCCGTGAGA,5
ACACGACCCCTCCTGA,5
ACACGACCCGAACTTA,5
ACACGACCCGACTGGA,5
ACACGACCCGCATACA,5
ACACGACCCTCAATGA,5
ACACGACCCTGAGCCA,5
ACACGACCCTGGCATA,5
ACACGACCGAATCTGA,5
ACACGACCCAAGACTA,5
ACACGACCGAGCTGAA,5
ACACGACCGATAGACA,5
ACACGACCACCACTGT,3
ACACGACCGCCACATA,5
ACACGACCGCGAGTAA,5
ACACGACCGCTAACGA,5
ACACGACCGCTCGGTA,5
ACACGACCGGAGAACA,5
ACACGACCGGTGCGAA,5
ACACGACCGTACGCAA,5
ACACGACCGTCGTAGA,8
ACACGACCGTCTGTCA,8
ACACGACCGTGTTCTA,8
ACACGACCACATTGGC,4
ACACGACCTAGGATGA,8
ACACGACCTATCAGCA,8
ACACGACCTCCGTCTA,8
ACACGACCTCTTCACA,8
ACACGACCTGAAGAGA,8
ACACGACCTGGAACAA,8
ACACGACCTGGCTTCA,8
ACACGACCTGGTGGTA,8
ACACGACCTTCACGCA,8
ACACGACCAACTCACC,8
ACACGACCCAGATCTG,4
ACACGACCAAGAGATC,8
ACACGACCAAGGACAC,8
ACACGACCAATCCGTC,8
ACACGACCAATGTTGC,8
ACACGACCACACGACC,8
ACACGACCACAGATTC,8
ACACGACCAGATGTAC,3
ACACGACCAGCACCTC,3
ACACGACCAGCCATGC,5
ACACGACCAGGCTAAC,5
ACACGACCCATCAAGT,4
ACACGACCATAGCGAC,5
ACACGACCATCATTCC,5
ACACGACCATTGGCTC,5
ACACGACCCAAGGAGC,5
ACACGACCCACCTTAC,5
ACACGACCCCATCCTC,5
ACACGACCCCGACAAC,5
ACACGACCCCTAATCC,5
ACACGACCCCTCTATC,5
ACACGACCCGACACAC,5
ACACGACCCGCTGATC,4
ACACGACCCGGATTGC,2
ACACGACCCTAAGGTC,4
ACACGACCGAACAGGC,4
ACACGACCGACAGTGC,4
ACACGACCGAGTTAGC,4
ACACGACCGATGAATC,3
ACACGACCGCCAAGAC,3
ACACGACCCGGAAGAA,3
ACACGACCGTGACAAG,3
ACACGACCGAACCAGA,3
AATGTTGCACAAGCTA,4
AATGTTGCTTGCTGGA,3
AATGTTGCCTGTAGCC,4
AATGTTGCAGTACAAG,4
AATGTTGCAACAACCA,4
AATGTTGCAACCGAGA,4
AATGTTGCAACGCTTA,4
AATGTTGCAAGACGGA,2
AATGTTGCAAGGTACA,2
AATGTTGCACACAGAA,2
AATGTTGCACAGCAGA,2
AATGTTGCACCTCCAA,2
AATGTTGCACGCTCGA,2
AATGTTGCACGTATCA,2
AATGTTGCACTATGCA,2
AATGTTGCAGAGTCAA,2
AATGTTGCAGATCGCA,2
AATGTTGCAGCAGGAA,2
AATGTTGCAGTCACTA,5
AATGTTGCATCCTGTA,5
AATGTTGCATTGAGGA,5
AATGTTGCATGCCTAA,3
AATGTTGCCAACCACA,5
AATGTTGCGACTAGTA,5
AATGTTGCCAATGGAA,5
AATGTTGCCACTTCGA,5
AATGTTGCCAGCGTTA,5
AATGTTGCCATACCAA,5
AATGTTGCCCAGTTCA,5
AATGTTGCCCGAAGTA,5
AATGTTGCCCGTGAGA,5
AATGTTGCCCTCCTGA,5
AATGTTGCCGAACTTA,5
AATGTTGCCGACTGGA,5
AATGTTGCCGCATACA,5
AATGTTGCCTCAATGA,5
AATGTTGCCTGAGCCA,5
AATGTTGCCTGGCATA,5
AATGTTGCGAATCTGA,5
AATGTTGCCAAGACTA,5
AATGTTGCGAGCTGAA,5
AATGTTGCGATAGACA,5
AATGTTGCACCACTGT,3
AATGTTGCGCCACATA,5
AATGTTGCGCGAGTAA,5
AATGTTGCGCTAACGA,8
AATGTTGCGCTCGGTA,8
AATGTTGCGGAGAACA,8
AATGTTGCGGTGCGAA,8
AATGTTGCGTACGCAA,8
AATGTTGCGTCGTAGA,8
AATGTTGCGTCTGTCA,8
AATGTTGCGTGTTCTA,8
AATGTTGCACATTGGC,4
AATGTTGCTAGGATGA,8
AATGTTGCTATCAGCA,8
AATGTTGCTCCGTCTA,8
AATGTTGCTCTTCACA,8
AATGTTGCTGAAGAGA,8
AATGTTGCTGGAACAA,8
AATGTTGCTGGCTTCA,8
AATGTTGCTGGTGGTA,8
AATGTTGCTTCACGCA,8
AATGTTGCAACTCACC,8
AATGTTGCCAGATCTG,4
AATGTTGCAAGAGATC,8
AATGTTGCAAGGACAC,8
AATGTTGCAATCCGTC,8
AATGTTGCAATGTTGC,8
AATGTTGCACACGACC,8
AATGTTGCACAGATTC,8
AATGTTGCAGATGTAC,8
AATGTTGCAGCACCTC,8
AATGTTGCAGCCATGC,5
AATGTTGCAGGCTAAC,5
AATGTTGCCATCAAGT,4
AATGTTGCATAGCGAC,5
AATGTTGCATCATTCC,5
AATGTTGCATTGGCTC,5
AATGTTGCCAAGGAGC,5
AATGTTGCCACCTTAC,5
AATGTTGCCCATCCTC,5
AATGTTGCCCGACAAC,5
AATGTTGCCCTAATCC,5
AATGTTGCCCTCTATC,5
AATGTTGCCGACACAC,5
AATGTTGCCGCTGATC,4
AATGTTGCCGGATTGC,2
AATGTTGCCTAAGGTC,4
AATGTTGCGAACAGGC,4
AATGTTGCGACAGTGC,4
AATGTTGCGAGTTAGC,4
AATGTTGCGATGAATC,3
AATGTTGCGCCAAGAC,3
AATGTTGCCGGAAGAA,3
AATGTTGCGTGACAAG,3
AATGTTGCGAACCAGA,3
AATCCGTCAACGTGAT,3
AATCCGTCACAAGCTA,4
AATCCGTCTTGCTGGA,3
AATCCGTCCTGTAGCC,4
AATCCGTCAGTACAAG,4
AATCCGTCAACAACCA,4
AATCCGTCAACCGAGA,4
AATCCGTCAACGCTTA,2
AATCCGTCAAGACGGA,2
AATCCGTCAAGGTACA,2
AATCCGTCACACAGAA,2
AATCCGTCACAGCAGA,2
AATCCGTCAAACATCG,3
AATCCGTCACCTCCAA,2
AATCCGTCACGCTCGA,2
AATCCGTCACGTATCA,2
AATCCGTCACTATGCA,2
AATCCGTCAGAGTCAA,3
AATCCGTCAGATCGCA,5
AATCCGTCAGCAGGAA,5
AATCCGTCAGTCACTA,3
AATCCGTCATCCTGTA,5
AATCCGTCATTGAGGA,5
AATCCGTCATGCCTAA,3
AATCCGTCCAACCACA,5
AATCCGTCGACTAGTA,5
AATCCGTCCAATGGAA,5
AATCCGTCCACTTCGA,5
AATCCGTCCAGCGTTA,5
AATCCGTCCATACCAA,5
AATCCGTCCCAGTTCA,5
AATCCGTCCCGAAGTA,5
AATCCGTCCCGTGAGA,5
AATCCGTCCCTCCTGA,5
AATCCGTCCGAACTTA,5
AATCCGTCCGACTGGA,5
AATCCGTCCGCATACA,5
AATCCGTCCTCAATGA,5
AATCCGTCCTGAGCCA,5
AATCCGTCCTGGCATA,5
AATCCGTCGAATCTGA,5
AATCCGTCCAAGACTA,5
AATCCGTCGAGCTGAA,5
AATCCGTCGATAGACA,5
AATCCGTCACCACTGT,4
AATCCGTCGCCACATA,5
AATCCGTCGCGAGTAA,8
AATCCGTCGCTAACGA,8
AATCCGTCGCTCGGTA,8
AATCCGTCGGAGAACA,8
AATCCGTCGGTGCGAA,8
AATCCGTCGTACGCAA,8
AATCCGTCGTCGTAGA,8
AATCCGTCGTCTGTCA,8
AATCCGTCGTGTTCTA,8
AATCCGTCACATTGGC,4
AATCCGTCTAGGATGA,8
AATCCGTCTATCAGCA,8
AATCCGTCTCCGTCTA,8
AATCCGTCTCTTCACA,8
AATCCGTCTGAAGAGA,8
AATCCGTCTGGAACAA,8
AATCCGTCTGGCTTCA,8
AATCCGTCTGGTGGTA,8
AATCCGTCTTCACGCA,8
AATCCGTCAACTCACC,8
AATCCGTCCAGATCTG,4
AATCCGTCAAGAGATC,8
AATCCGTCAAGGACAC,8
AATCCGTCAATCCGTC,8
AATCCGTCAATGTTGC,8
AATCCGTCACACGACC,8
AATCCGTCACAGATTC,8
AATCCGTCAGATGTAC,8
AATCCGTCAGCACCTC,8
AATCCGTCAGCCATGC,8
AATCCGTCAGGCTAAC,5
AATCCGTCCATCAAGT,4
AATCCGTCATAGCGAC,5
AATCCGTCATCATTCC,5
AATCCGTCATTGGCTC,5
AATCCGTCCAAGGAGC,5
AATCCGTCCACCTTAC,5
AATCCGTCCCATCCTC,5
AATCCGTCCCGACAAC,5
AATCCGTCCCTAATCC,5
AATCCGTCCCTCTATC,5
AATCCGTCCGACACAC,5
AATCCGTCCGCTGATC,4
AATCCGTCCGGATTGC,4
AATCCGTCCTAAGGTC,4
AATCCGTCGAACAGGC,4
AATCCGTCGACAGTGC,4
AATCCGTCGAGTTAGC,4
AATCCGTCGATGAATC,3
AATCCGTCGCCAAGAC,3
AATCCGTCCGGAAGAA,3
AATCCGTCGTGACAAG,3
AATCCGTCGAACCAGA,3
GAACCAGATTGCTGGA,3
GAACCAGAAGTCACTA,3
GAACCAGAATCCTGTA,3
GAACCAGAATTGAGGA,3
GAACCAGACAACCACA,3
GAACCAGAGACTAGTA,4
GAACCAGACAATGGAA,4
GAACCAGACACTTCGA,4
GAACCAGACAGCGTTA,4
GAACCAGACATACCAA,4
GAACCAGACCAGTTCA,4
GAACCAGACCGAAGTA,4
GAACCAGACCGTGAGA,4
GAACCAGACCTCCTGA,4
GAACCAGACGAACTTA,4
GAACCAGACGACTGGA,4
GAACCAGACGCATACA,4
GAACCAGACTCAATGA,4
GAACCAGACTGAGCCA,4
GAACCAGACTGGCATA,4
GAACCAGAGAATCTGA,4
GAACCAGACAAGACTA,4
GAACCAGAGAGCTGAA,2
GAACCAGAGATAGACA,2
GAACCAGAGCCACATA,2
GAACCAGAGCGAGTAA,2
GAACCAGAGCTAACGA,2
GAACCAGAGCTCGGTA,2
GAACCAGAGGAGAACA,2
GAACCAGAGGTGCGAA,2
GAACCAGAGTACGCAA,5
GAACCAGAGTCGTAGA,5
GAACCAGAGTCTGTCA,3
GAACCAGAGTGTTCTA,5
GAACCAGATAGGATGA,5
GAACCAGATATCAGCA,5
GAACCAGATCCGTCTA,2
GAACCAGATCTTCACA,5
GAACCAGATGAAGAGA,5
GAACCAGATGGAACAA,5
GAACCAGATGGCTTCA,5
GAACCAGATGGTGGTA,5
GAACCAGATTCACGCA,5
GAACCAGAAACTCACC,5
GAACCAGAAAGAGATC,5
GAACCAGAAAGGACAC,5
GAACCAGAAATCCGTC,5
GAACCAGAAATGTTGC,5
GAACCAGAACACGACC,5
GAACCAGAACAGATTC,5
GAACCAGAAGATGTAC,5
GAACCAGAAGCACCTC,5
GAACCAGAAGCCATGC,5
GAACCAGAAGGCTAAC,5
GAACCAGAATAGCGAC,5
GAACCAGAATCATTCC,5
GAACCAGAATTGGCTC,5
GAACCAGACAAGGAGC,5
GAACCAGACACCTTAC,5
GAACCAGACCATCCTC,5
GAACCAGACCGACAAC,5
GAACCAGACCTAATCC,5
GAACCAGACCTCTATC,5
GAACCAGACGACACAC,5
GAACCAGACGGATTGC,4
GAACCAGACTAAGGTC,4
GAACCAGAGAACAGGC,4
GAACCAGAGACAGTGC,4
GAACCAGAGAGTTAGC,4
GAACCAGAGATGAATC,3
GAACCAGAGCCAAGAC,3
GAACCAGACGGAAGAA,3
GAACCAGAGTGACAAG,3
GAACCAGAGAACCAGA,3
AAGGACACACAAGCTA,4
AAGGACACTTGCTGGA,3
AAGGACACCTGTAGCC,4
AAGGACACAGTACAAG,4
AAGGACACAACAACCA,4
AAGGACACAACCGAGA,4
AAGGACACAACGCTTA,2
AAGGACACAAGACGGA,2
AAGGACACAAGGTACA,2
AAGGACACACACAGAA,2
AAGGACACACAGCAGA,2
AAGGACACAAACATCG,3
AAGGACACACCTCCAA,2
AAGGACACACGCTCGA,2
AAGGACACACGTATCA,3
AAGGACACACTATGCA,3
AAGGACACAGAGTCAA,3
AAGGACACAGATCGCA,3
AAGGACACAGCAGGAA,5
AAGGACACAGTCACTA,5
AAGGACACATCCTGTA,3
AAGGACACATTGAGGA,3
AAGGACACATGCCTAA,3
AAGGACACCAACCACA,5
AAGGACACGACTAGTA,5
AAGGACACCAATGGAA,5
AAGGACACCACTTCGA,5
AAGGACACCAGCGTTA,5
AAGGACACCATACCAA,5
AAGGACACCCAGTTCA,5
AAGGACACCCGAAGTA,5
AAGGACACCCGTGAGA,5
AAGGACACCCTCCTGA,5
AAGGACACCGAACTTA,5
AAGGACACCGACTGGA,5
AAGGACACCGCATACA,5
AAGGACACCTCAATGA,5
AAGGACACCTGAGCCA,5
AAGGACACCTGGCATA,5
AAGGACACGAATCTGA,5
AAGGACACCAAGACTA,5
AAGGACACGAGCTGAA,3
AAGGACACGATAGACA,3
AAGGACACACCACTGT,4
AAGGACACGCCACATA,8
AAGGACACGCGAGTAA,8
AAGGACACGCTAACGA,8
AAGGACACGCTCGGTA,8
AAGGACACGGAGAACA,8
AAGGACACGGTGCGAA,8
AAGGACACGTACGCAA,8
AAGGACACGTCGTAGA,8
AAGGACACGTCTGTCA,8
AAGGACACGTGTTCTA,8
AAGGACACACATTGGC,4
AAGGACACTAGGATGA,8
AAGGACACTATCAGCA,8
AAGGACACTCCGTCTA,8
AAGGACACTCTTCACA,8
AAGGACACTGAAGAGA,8
AAGGACACTGGAACAA,8
AAGGACACTGGCTTCA,8
AAGGACACTGGTGGTA,8
AAGGACACTTCACGCA,8
AAGGACACAACTCACC,8
AAGGACACCAGATCTG,4
AAGGACACAAGAGATC,8
AAGGACACAAGGACAC,8
AAGGACACAATCCGTC,8
AAGGACACAATGTTGC,8
AAGGACACACACGACC,8
AAGGACACACAGATTC,8
AAGGACACAGATGTAC,8
AAGGACACAGCACCTC,8
AAGGACACAGCCATGC,8
AAGGACACAGGCTAAC,8
AAGGACACCATCAAGT,4
AAGGACACATAGCGAC,5
AAGGACACATCATTCC,5
AAGGACACATTGGCTC,5
AAGGACACCAAGGAGC,5
AAGGACACCACCTTAC,5
AAGGACACCCATCCTC,5
AAGGACACCCGACAAC,5
AAGGACACCCTAATCC,5
AAGGACACCCTCTATC,5
AAGGACACCGACACAC,5
AAGGACACCGCTGATC,4
AAGGACACCGGATTGC,5
AAGGACACCTAAGGTC,4
AAGGACACGAACAGGC,4
AAGGACACGACAGTGC,4
AAGGACACGAGTTAGC,3
AAGGACACGATGAATC,3
AAGGACACGCCAAGAC,9
AAGGACACCGGAAGAA,3
AAGGACACGTGACAAG,3
AAGGACACGAACCAGA,3
AAGAGATCACAAGCTA,4
AAGAGATCTTGCTGGA,3
AAGAGATCCTGTAGCC,4
AAGAGATCAGTACAAG,4
AAGAGATCAACAACCA,4
AAGAGATCAACCGAGA,2
AAGAGATCAACGCTTA,2
AAGAGATCAAGACGGA,2
AAGAGATCAAGGTACA,2
AAGAGATCACACAGAA,2
AAGAGATCACAGCAGA,2
AAGAGATCAAACATCG,3
AAGAGATCACCTCCAA,2
AAGAGATCACGCTCGA,4
AAGAGATCACGTATCA,3
AAGAGATCACTATGCA,5
AAGAGATCAGAGTCAA,5
AAGAGATCAGATCGCA,5
AAGAGATCAGCAGGAA,5
AAGAGATCAGTCACTA,5
AAGAGATCATCCTGTA,5
AAGAGATCATTGAGGA,5
AAGAGATCCAACCACA,5
AAGAGATCGACTAGTA,5
AAGAGATCCAATGGAA,5
AAGAGATCCACTTCGA,5
AAGAGATCCAGCGTTA,5
AAGAGATCCATACCAA,5
AAGAGATCCCAGTTCA,5
AAGAGATCCCGAAGTA,5
AAGAGATCCCGTGAGA,5
AAGAGATCCCTCCTGA,5
AAGAGATCCGAACTTA,5
AAGAGATCCGACTGGA,5
AAGAGATCCGCATACA,5
AAGAGATCCTCAATGA,5
AAGAGATCCTGAGCCA,5
AAGAGATCCTGGCATA,5
AAGAGATCGAATCTGA,3
AAGAGATCCAAGACTA,3
AAGAGATCGAGCTGAA,3
AAGAGATCGATAGACA,8
AAGAGATCACCACTGT,4
AAGAGATCGCCACATA,8
AAGAGATCGCGAGTAA,8
AAGAGATCGCTAACGA,8
AAGAGATCGCTCGGTA,8
AAGAGATCGGAGAACA,8
AAGAGATCGGTGCGAA,8
AAGAGATCGTACGCAA,8
AAGAGATCGTCGTAGA,8
AAGAGATCGTCTGTCA,8
AAGAGATCGTGTTCTA,8
AAGAGATCACATTGGC,4
AAGAGATCTAGGATGA,8
AAGAGATCTATCAGCA,8
AAGAGATCTCCGTCTA,8
AAGAGATCTCTTCACA,8
AAGAGATCTGAAGAGA,8
AAGAGATCTGGAACAA,8
AAGAGATCTGGCTTCA,8
AAGAGATCTGGTGGTA,8
AAGAGATCTTCACGCA,8
AAGAGATCAACTCACC,8
AAGAGATCCAGATCTG,4
AAGAGATCAAGAGATC,8
AAGAGATCAAGGACAC,8
AAGAGATCAATCCGTC,8
AAGAGATCAATGTTGC,8
AAGAGATCACACGACC,8
AAGAGATCACAGATTC,8
AAGAGATCAGATGTAC,8
AAGAGATCAGCACCTC,8
AAGAGATCAGCCATGC,8
AAGAGATCAGGCTAAC,8
AAGAGATCCATCAAGT,4
AAGAGATCATAGCGAC,7
AAGAGATCATCATTCC,5
AAGAGATCATTGGCTC,5
AAGAGATCCAAGGAGC,5
AAGAGATCCACCTTAC,5
AAGAGATCCCATCCTC,5
AAGAGATCCCGACAAC,5
AAGAGATCCCTAATCC,5
AAGAGATCCCTCTATC,5
AAGAGATCCGACACAC,5
AAGAGATCCGCTGATC,4
AAGAGATCCGGATTGC,5
AAGAGATCCTAAGGTC,4
AAGAGATCGAACAGGC,4
AAGAGATCGACAGTGC,4
AAGAGATCGAGTTAGC,3
AAGAGATCGATGAATC,9
AAGAGATCGCCAAGAC,9
AAGAGATCCGGAAGAA,3
AAGAGATCGTGACAAG,3
AAGAGATCGAACCAGA,3
AACTCACCAACGTGAT,3
AACTCACCACAAGCTA,4
AACTCACCTTGCTGGA,3
AACTCACCCTGTAGCC,4
AACTCACCAGTACAAG,2
AACTCACCAACAACCA,4
AACTCACCAACCGAGA,2
AACTCACCAACGCTTA,2
AACTCACCAAGACGGA,2
AACTCACCAAGGTACA,2
AACTCACCACACAGAA,2
AACTCACCACAGCAGA,2
AACTCACCAAACATCG,3
AACTCACCACCTCCAA,4
AACTCACCACGCTCGA,3
AACTCACCACGTATCA,5
AACTCACCACTATGCA,5
AACTCACCAGAGTCAA,5
AACTCACCAGATCGCA,5
AACTCACCAGCAGGAA,5
AACTCACCAGTCACTA,5
AACTCACCATCCTGTA,5
AACTCACCATTGAGGA,5
AACTCACCATGCCTAA,3
AACTCACCCAACCACA,5
AACTCACCGACTAGTA,5
AACTCACCCAATGGAA,5
AACTCACCCACTTCGA,5
AACTCACCCAGCGTTA,5
AACTCACCCATACCAA,5
AACTCACCCCAGTTCA,5
AACTCACCCCGAAGTA,5
AACTCACCCCGTGAGA,5
AACTCACCCCTCCTGA,5
AACTCACCCGAACTTA,5
AACTCACCCGACTGGA,5
AACTCACCCGCATACA,5
AACTCACCCTCAATGA,5
AACTCACCCTGAGCCA,5
AACTCACCCTGGCATA,5
AACTCACCGAATCTGA,8
AACTCACCCAAGACTA,8
AACTCACCGAGCTGAA,8
AACTCACCGATAGACA,8
AACTCACCACCACTGT,4
AACTCACCGCCACATA,8
AACTCACCGCGAGTAA,8
AACTCACCGCTAACGA,8
AACTCACCGCTCGGTA,8
AACTCACCGGAGAACA,8
AACTCACCGGTGCGAA,8
AACTCACCGTACGCAA,8
AACTCACCGTCGTAGA,1
AACTCACCGTCTGTCA,1
AACTCACCGTGTTCTA,1
AACTCACCACATTGGC,4
AACTCACCTAGGATGA,1
AACTCACCTATCAGCA,7
AACTCACCTCCGTCTA,1
AACTCACCTCTTCACA,7
AACTCACCTGAAGAGA,8
AACTCACCTGGAACAA,8
AACTCACCTGGCTTCA,8
AACTCACCTGGTGGTA,8
AACTCACCTTCACGCA,8
AACTCACCAACTCACC,8
AACTCACCCAGATCTG,4
AACTCACCAAGAGATC,8
AACTCACCAAGGACAC,7
AACTCACCAATCCGTC,8
AACTCACCAATGTTGC,8
AACTCACCACACGACC,8
AACTCACCACAGATTC,8
AACTCACCAGATGTAC,8
AACTCACCAGCACCTC,8
AACTCACCAGCCATGC,8
AACTCACCAGGCTAAC,8
AACTCACCCATCAAGT,4
AACTCACCATAGCGAC,8
AACTCACCATCATTCC,8
AACTCACCATTGGCTC,8
AACTCACCCAAGGAGC,5
AACTCACCCACCTTAC,5
AACTCACCCCATCCTC,5
AACTCACCCCGACAAC,5
AACTCACCCCTAATCC,5
AACTCACCCCTCTATC,5
AACTCACCCGACACAC,5
AACTCACCCGCTGATC,4
AACTCACCCGGATTGC,5
AACTCACCCTAAGGTC,4
AACTCACCGAACAGGC,4
AACTCACCGACAGTGC,4
AACTCACCGAGTTAGC,3
AACTCACCGATGAATC,9
AACTCACCGCCAAGAC,8
AACTCACCCGGAAGAA,3
AACTCACCGTGACAAG,3
AACTCACCGAACCAGA,3
TTCACGCAAACGTGAT,3
TTCACGCAACAAGCTA,4
TTCACGCATTGCTGGA,3
TTCACGCACTGTAGCC,2
TTCACGCAAGTACAAG,2
TTCACGCAAACAACCA,2
TTCACGCAAACCGAGA,2
TTCACGCAAACGCTTA,2
TTCACGCAAAGACGGA,2
TTCACGCAAAGGTACA,2
TTCACGCAACACAGAA,2
TTCACGCAACAGCAGA,2
TTCACGCAAAACATCG,3
TTCACGCAACCTCCAA,5
TTCACGCAACGCTCGA,5
TTCACGCAACGTATCA,5
TTCACGCAACTATGCA,5
TTCACGCAAGAGTCAA,5
TTCACGCAAGATCGCA,5
TTCACGCAAGCAGGAA,5
TTCACGCAAGTCACTA,5
TTCACGCAATCCTGTA,5
TTCACGCAATTGAGGA,5
TTCACGCAATGCCTAA,3
TTCACGCACAACCACA,5
TTCACGCAGACTAGTA,5
TTCACGCACAATGGAA,5
TTCACGCACACTTCGA,5
TTCACGCACAGCGTTA,5
TTCACGCACATACCAA,5
TTCACGCACCAGTTCA,5
TTCACGCACCGAAGTA,5
TTCACGCACCGTGAGA,5
TTCACGCACCTCCTGA,5
TTCACGCACGAACTTA,5
TTCACGCACGACTGGA,5
TTCACGCACGCATACA,5
TTCACGCACTCAATGA,5
TTCACGCACTGAGCCA,5
TTCACGCACTGGCATA,8
TTCACGCAGAATCTGA,8
TTCACGCACAAGACTA,8
TTCACGCAGAGCTGAA,8
TTCACGCAGATAGACA,8
TTCACGCAACCACTGT,4
TTCACGCAGCCACATA,8
TTCACGCAGCGAGTAA,8
TTCACGCAGCTAACGA,8
TTCACGCAGCTCGGTA,8
TTCACGCAGGAGAACA,8
TTCACGCAGGTGCGAA,8
TTCACGCAGTACGCAA,1
TTCACGCAGTCGTAGA,1
TTCACGCAGTCTGTCA,1
TTCACGCAGTGTTCTA,1
TTCACGCAACATTGGC,4
TTCACGCATAGGATGA,1
TTCACGCATATCAGCA,1
TTCACGCATCCGTCTA,1
TTCACGCATCTTCACA,1
TTCACGCATGAAGAGA,1
TTCACGCATGGAACAA,1
TTCACGCATGGCTTCA,1
TTCACGCATGGTGGTA,8
TTCACGCATTCACGCA,7
TTCACGCAAACTCACC,7
TTCACGCACAGATCTG,4
TTCACGCAAAGAGATC,7
TTCACGCAAAGGACAC,7
TTCACGCAAATCCGTC,7
TTCACGCAAATGTTGC,7
TTCACGCAACACGACC,8
TTCACGCAACAGATTC,8
TTCACGCAAGATGTAC,8
TTCACGCAAGCACCTC,8
TTCACGCAAGCCATGC,8
TTCACGCAAGGCTAAC,8
TTCACGCACATCAAGT,4
TTCACGCAATAGCGAC,8
TTCACGCAATCATTCC,8
TTCACGCAATTGGCTC,8
TTCACGCACAAGGAGC,8
TTCACGCACACCTTAC,8
TTCACGCACCATCCTC,8
TTCACGCACCGACAAC,5
TTCACGCACCTAATCC,5
TTCACGCACCTCTATC,5
TTCACGCACGACACAC,5
TTCACGCACGCTGATC,4
TTCACGCACGGATTGC,5
TTCACGCACTAAGGTC,4
TTCACGCAGAACAGGC,4
TTCACGCAGACAGTGC,4
TTCACGCAGAGTTAGC,3
TTCACGCAGATGAATC,3
TTCACGCAGCCAAGAC,3
TTCACGCACGGAAGAA,3
TTCACGCAGTGACAAG,3
TTCACGCAGAACCAGA,3
TGGTGGTAAACGTGAT,3
TGGTGGTAACAAGCTA,4
TGGTGGTATTGCTGGA,3
TGGTGGTACTGTAGCC,2
TGGTGGTAAGTACAAG,2
TGGTGGTAAACAACCA,2
TGGTGGTAAACCGAGA,2
TGGTGGTAAACGCTTA,2
TGGTGGTAAAGACGGA,2
TGGTGGTAAAGGTACA,2
TGGTGGTAACACAGAA,2
TGGTGGTAACAGCAGA,2
TGGTGGTAAAACATCG,4
TGGTGGTAACCTCCAA,5
TGGTGGTAACGCTCGA,5
TGGTGGTAACGTATCA,5
TGGTGGTAACTATGCA,5
TGGTGGTAAGAGTCAA,5
TGGTGGTAAGATCGCA,5
TGGTGGTAAGCAGGAA,5
TGGTGGTAAGTCACTA,5
TGGTGGTAATCCTGTA,5
TGGTGGTAATTGAGGA,5
TGGTGGTAATGCCTAA,4
TGGTGGTACAACCACA,5
TGGTGGTAGACTAGTA,5
TGGTGGTACAATGGAA,5
TGGTGGTACACTTCGA,5
TGGTGGTACAGCGTTA,5
TGGTGGTACATACCAA,5
TGGTGGTACCAGTTCA,5
TGGTGGTACCGAAGTA,5
TGGTGGTACCGTGAGA,5
TGGTGGTACCTCCTGA,5
TGGTGGTACGAACTTA,5
TGGTGGTACGACTGGA,5
TGGTGGTACGCATACA,3
TGGTGGTACTCAATGA,3
TGGTGGTACTGAGCCA,8
TGGTGGTACTGGCATA,8
TGGTGGTAGAATCTGA,8
TGGTGGTACAAGACTA,8
TGGTGGTAGAGCTGAA,8
TGGTGGTAGATAGACA,8
TGGTGGTAACCACTGT,4
TGGTGGTAGCCACATA,8
TGGTGGTAGCGAGTAA,8
TGGTGGTAGCTAACGA,1
TGGTGGTAGCTCGGTA,1
TGGTGGTAGGAGAACA,1
TGGTGGTAGGTGCGAA,1
TGGTGGTAGTACGCAA,1
TGGTGGTAGTCGTAGA,1
TGGTGGTAGTCTGTCA,1
TGGTGGTAGTGTTCTA,1
TGGTGGTAACATTGGC,4
TGGTGGTATAGGATGA,1
TGGTGGTATATCAGCA,1
TGGTGGTATCCGTCTA,1
TGGTGGTATCTTCACA,1
TGGTGGTATGAAGAGA,1
TGGTGGTATGGAACAA,1
TGGTGGTATGGCTTCA,1
TGGTGGTATGGTGGTA,1
TGGTGGTATTCACGCA,7
TGGTGGTAAACTCACC,7
TGGTGGTACAGATCTG,4
TGGTGGTAAAGAGATC,7
TGGTGGTAAAGGACAC,7
TGGTGGTAAATCCGTC,7
TGGTGGTAAATGTTGC,7
TGGTGGTAACACGACC,7
TGGTGGTAACAGATTC,7
TGGTGGTAAGATGTAC,8
TGGTGGTAAGCACCTC,8
TGGTGGTAAGCCATGC,8
TGGTGGTAAGGCTAAC,8
TGGTGGTACATCAAGT,4
TGGTGGTAATAGCGAC,8
TGGTGGTAATCATTCC,8
TGGTGGTAATTGGCTC,8
TGGTGGTACAAGGAGC,8
TGGTGGTACACCTTAC,8
TGGTGGTACCATCCTC,8
TGGTGGTACCGACAAC,8
TGGTGGTACCTAATCC,8
TGGTGGTACCTCTATC,5
TGGTGGTACGACACAC,5
TGGTGGTACGCTGATC,4
TGGTGGTACGGATTGC,5
TGGTGGTACTAAGGTC,5
TGGTGGTAGAACAGGC,3
TGGTGGTAGACAGTGC,3
TGGTGGTAGAGTTAGC,3
TGGTGGTAGATGAATC,3
TGGTGGTAGCCAAGAC,3
TGGTGGTACGGAAGAA,3
TGGTGGTAGTGACAAG,3
TGGTGGTAGAACCAGA,3
TGGCTTCAAACGTGAT,4
TGGCTTCAACAAGCTA,2
TGGCTTCATTGCTGGA,3
TGGCTTCACTGTAGCC,2
TGGCTTCAAGTACAAG,2
TGGCTTCAAACAACCA,2
TGGCTTCAAACCGAGA,2
TGGCTTCAAACGCTTA,2
TGGCTTCAAAGACGGA,2
TGGCTTCAAAGGTACA,2
TGGCTTCAACACAGAA,2
TGGCTTCAACAGCAGA,4
TGGCTTCAAAACATCG,4
TGGCTTCAACCTCCAA,5
TGGCTTCAACGCTCGA,5
TGGCTTCAACGTATCA,5
TGGCTTCAACTATGCA,5
TGGCTTCAAGAGTCAA,5
TGGCTTCAAGATCGCA,5
TGGCTTCAAGCAGGAA,5
TGGCTTCAAGTCACTA,5
TGGCTTCAATCCTGTA,5
TGGCTTCAATTGAGGA,5
TGGCTTCAATGCCTAA,4
TGGCTTCACAACCACA,5
TGGCTTCAGACTAGTA,5
TGGCTTCACAATGGAA,5
TGGCTTCACACTTCGA,5
TGGCTTCACAGCGTTA,5
TGGCTTCACATACCAA,5
TGGCTTCACCAGTTCA,5
TGGCTTCACCGAAGTA,5
TGGCTTCACCGTGAGA,5
TGGCTTCACCTCCTGA,5
TGGCTTCACGAACTTA,5
TGGCTTCACGACTGGA,3
TGGCTTCACGCATACA,8
TGGCTTCACTCAATGA,8
TGGCTTCACTGAGCCA,8
TGGCTTCACTGGCATA,8
TGGCTTCAGAATCTGA,8
TGGCTTCACAAGACTA,8
TGGCTTCAGAGCTGAA,8
TGGCTTCAGATAGACA,8
TGGCTTCAACCACTGT,4
TGGCTTCAGCCACATA,8
TGGCTTCAGCGAGTAA,1
TGGCTTCAGCTAACGA,1
TGGCTTCAGCTCGGTA,1
TGGCTTCAGGAGAACA,1
TGGCTTCAGGTGCGAA,1
TGGCTTCAGTACGCAA,1
TGGCTTCAGTCGTAGA,1
TGGCTTCAGTCTGTCA,1
TGGCTTCAGTGTTCTA,1
TGGCTTCAACATTGGC,4
TGGCTTCATAGGATGA,1
TGGCTTCATATCAGCA,1
TGGCTTCATCCGTCTA,1
TGGCTTCATCTTCACA,1
TGGCTTCATGAAGAGA,1
TGGCTTCATGGAACAA,1
TGGCTTCATGGCTTCA,1
TGGCTTCATGGTGGTA,1
TGGCTTCATTCACGCA,7
TGGCTTCAAACTCACC,7
TGGCTTCACAGATCTG,4
TGGCTTCAAAGAGATC,7
TGGCTTCAAAGGACAC,7
TGGCTTCAAATCCGTC,7
TGGCTTCAAATGTTGC,7
TGGCTTCAACACGACC,7
TGGCTTCAACAGATTC,7
TGGCTTCAAGATGTAC,7
TGGCTTCAAGCACCTC,8
TGGCTTCAAGCCATGC,8
TGGCTTCAAGGCTAAC,8
TGGCTTCACATCAAGT,4
TGGCTTCAATAGCGAC,8
TGGCTTCAATCATTCC,8
TGGCTTCAATTGGCTC,8
TGGCTTCACAAGGAGC,8
TGGCTTCACACCTTAC,8
TGGCTTCACCATCCTC,8
TGGCTTCACCGACAAC,8
TGGCTTCACCTAATCC,8
TGGCTTCACCTCTATC,8
TGGCTTCACGACACAC,8
TGGCTTCACGCTGATC,4
TGGCTTCACGGATTGC,8
TGGCTTCACTAAGGTC,3
TGGCTTCAGAACAGGC,3
TGGCTTCAGACAGTGC,3
TGGCTTCAGAGTTAGC,3
TGGCTTCAGATGAATC,5
TGGCTTCAGCCAAGAC,3
TGGCTTCACGGAAGAA,3
TGGCTTCAGTGACAAG,3
TGGCTTCAGAACCAGA,3
TGGAACAAAACGTGAT,4
TGGAACAAACAAGCTA,2
TGGAACAATTGCTGGA,3
TGGAACAACTGTAGCC,2
TGGAACAAAGTACAAG,2
TGGAACAAAACAACCA,2
TGGAACAAAACCGAGA,2
TGGAACAAAACGCTTA,2
TGGAACAAAAGACGGA,2
TGGAACAAAAGGTACA,2
TGGAACAAACACAGAA,3
TGGAACAAACAGCAGA,4
TGGAACAAAAACATCG,4
TGGAACAAACCTCCAA,3
TGGAACAAACGCTCGA,3
TGGAACAAACGTATCA,3
TGGAACAAACTATGCA,5
TGGAACAAAGAGTCAA,5
TGGAACAAAGATCGCA,5
TGGAACAAAGCAGGAA,5
TGGAACAAAGTCACTA,5
TGGAACAAATCCTGTA,5
TGGAACAAATTGAGGA,5
TGGAACAAATGCCTAA,4
TGGAACAACAACCACA,5
TGGAACAAGACTAGTA,5
TGGAACAACAATGGAA,5
TGGAACAACACTTCGA,5
TGGAACAACAGCGTTA,5
TGGAACAACATACCAA,5
TGGAACAACCAGTTCA,5
TGGAACAACCGAAGTA,5
TGGAACAACCGTGAGA,5
TGGAACAACCTCCTGA,5
TGGAACAAAGTGGTCA,4
TGGAACAACGAACTTA,5
TGGAACAACGACTGGA,8
TGGAACAACGCATACA,8
TGGAACAACTCAATGA,8
TGGAACAACTGAGCCA,8
TGGAACAACTGGCATA,8
TGGAACAAGAATCTGA,8
TGGAACAACAAGACTA,8
TGGAACAAGAGCTGAA,8
TGGAACAAGATAGACA,1
TGGAACAAACCACTGT,4
TGGAACAAGCCACATA,1
TGGAACAAGCGAGTAA,1
TGGAACAAGCTAACGA,1
TGGAACAAGCTCGGTA,1
TGGAACAAGGAGAACA,1
TGGAACAAGGTGCGAA,1
TGGAACAAGTACGCAA,1
TGGAACAAGTCGTAGA,1
TGGAACAAGTCTGTCA,1
TGGAACAAGTGTTCTA,1
TGGAACAAACATTGGC,4
TGGAACAATAGGATGA,1
TGGAACAATATCAGCA,1
TGGAACAATCCGTCTA,1
TGGAACAATCTTCACA,1
TGGAACAATGAAGAGA,1
TGGAACAATGGAACAA,1
TGGAACAATGGCTTCA,1
TGGAACAATGGTGGTA,1
TGGAACAATTCACGCA,1
TGGAACAAAACTCACC,8
TGGAACAACAGATCTG,4
TGGAACAAAAGAGATC,8
TGGAACAAAAGGACAC,7
TGGAACAAAATCCGTC,7
TGGAACAAAATGTTGC,7
TGGAACAAACACGACC,7
TGGAACAAACAGATTC,7
TGGAACAAAGATGTAC,7
TGGAACAAAGCACCTC,7
TGGAACAAAGCCATGC,7
TGGAACAAAGGCTAAC,7
TGGAACAACATCAAGT,4
TGGAACAAATAGCGAC,8
TGGAACAAATCATTCC,8
TGGAACAAATTGGCTC,8
TGGAACAACAAGGAGC,8
TGGAACAACACCTTAC,8
TGGAACAACCATCCTC,8
TGGAACAACCGACAAC,8
TGGAACAACCTAATCC,8
TGGAACAACCTCTATC,8
TGGAACAACGACACAC,8
TGGAACAACGCTGATC,2
TGGAACAACGGATTGC,8
TGGAACAACTAAGGTC,8
TGGAACAAGAACAGGC,8
TGGAACAAGACAGTGC,8
TGGAACAAGAGTTAGC,3
TGGAACAAGATGAATC,3
TGGAACAAGCCAAGAC,3
TGGAACAACGGAAGAA,3
TGGAACAAGTGACAAG,3
TGGAACAAGAACCAGA,3
TGAAGAGAAACGTGAT,4
TGAAGAGAACAAGCTA,2
TGAAGAGATTGCTGGA,3
TGAAGAGACTGTAGCC,2
TGAAGAGAAGTACAAG,2
TGAAGAGAAACAACCA,2
TGAAGAGAAACCGAGA,2
TGAAGAGAAACGCTTA,2
TGAAGAGAAAGACGGA,2
TGAAGAGAAAGGTACA,3
TGAAGAGAACACAGAA,4
TGAAGAGAACAGCAGA,4
TGAAGAGAAAACATCG,4
TGAAGAGAACCTCCAA,4
TGAAGAGAACGCTCGA,2
TGAAGAGAACGTATCA,3
TGAAGAGAACTATGCA,5
TGAAGAGAAGAGTCAA,5
TGAAGAGAAGATCGCA,5
TGAAGAGAAGCAGGAA,5
TGAAGAGAAGTCACTA,5
TGAAGAGAATCCTGTA,5
TGAAGAGAATTGAGGA,5
TGAAGAGAATGCCTAA,4
TGAAGAGACAACCACA,5
TGAAGAGAGACTAGTA,5
TGAAGAGACAATGGAA,5
TGAAGAGACACTTCGA,5
TGAAGAGACAGCGTTA,5
TGAAGAGACATACCAA,5
TGAAGAGACCAGTTCA,5
TGAAGAGACCGAAGTA,5
TGAAGAGACCGTGAGA,5
TGAAGAGACCTCCTGA,5
TGAAGAGACGAACTTA,8
TGAAGAGACGACTGGA,8
TGAAGAGACGCATACA,8
TGAAGAGACTCAATGA,8
TGAAGAGACTGAGCCA,8
TGAAGAGACTGGCATA,8
TGAAGAGAGAATCTGA,8
TGAAGAGACAAGACTA,1
TGAAGAGAGAGCTGAA,1
TGAAGAGAGATAGACA,1
TGAAGAGAACCACTGT,4
TGAAGAGAGCCACATA,1
TGAAGAGAGCGAGTAA,1
TGAAGAGAGCTAACGA,1
TGAAGAGAGCTCGGTA,1
TGAAGAGAGGAGAACA,1
TGAAGAGAGGTGCGAA,1
TGAAGAGAGTACGCAA,1
TGAAGAGAGTCGTAGA,1
TGAAGAGAGTCTGTCA,1
TGAAGAGAGTGTTCTA,1
TGAAGAGAACATTGGC,4
TGAAGAGATAGGATGA,1
TGAAGAGATATCAGCA,1
TGAAGAGATCCGTCTA,1
TGAAGAGATCTTCACA,1
TGAAGAGATGAAGAGA,1
TGAAGAGATGGAACAA,1
TGAAGAGATGGCTTCA,1
TGAAGAGATGGTGGTA,1
TGAAGAGATTCACGCA,8
TGAAGAGAAACTCACC,8
TGAAGAGACAGATCTG,4
TGAAGAGAAAGAGATC,1
TGAAGAGAAAGGACAC,1
TGAAGAGAAATCCGTC,1
TGAAGAGAAATGTTGC,1
TGAAGAGAACACGACC,1
TGAAGAGAACAGATTC,7
TGAAGAGAAGATGTAC,7
TGAAGAGAAGCACCTC,7
TGAAGAGAAGCCATGC,7
TGAAGAGAAGGCTAAC,7
TGAAGAGACATCAAGT,4
TGAAGAGAATAGCGAC,7
TGAAGAGAATCATTCC,8
TGAAGAGAATTGGCTC,8
TGAAGAGACAAGGAGC,8
TGAAGAGACACCTTAC,8
TGAAGAGACCATCCTC,8
TGAAGAGACCGACAAC,8
TGAAGAGACCTAATCC,8
TGAAGAGACCTCTATC,8
TGAAGAGACGACACAC,8
TGAAGAGACGCTGATC,2
TGAAGAGACGGATTGC,8
TGAAGAGACTAAGGTC,8
TGAAGAGAGAACAGGC,8
TGAAGAGAGACAGTGC,8
TGAAGAGAGAGTTAGC,8
TGAAGAGAGATGAATC,8
TGAAGAGAGCCAAGAC,3
TGAAGAGACGGAAGAA,3
TGAAGAGAGTGACAAG,3
TGAAGAGAGAACCAGA,8
TCTTCACAAACGTGAT,4
TCTTCACAACAAGCTA,2
TCTTCACATTGCTGGA,8
TCTTCACACTGTAGCC,2
TCTTCACAAGTACAAG,2
TCTTCACAAACAACCA,2
TCTTCACAAACCGAGA,2
TCTTCACAAACGCTTA,2
TCTTCACAAAGACGGA,3
TCTTCACAAAGGTACA,3
TCTTCACAACACAGAA,4
TCTTCACAACAGCAGA,3
TCTTCACAAAACATCG,4
TCTTCACAACCTCCAA,2
TCTTCACAACGCTCGA,2
TCTTCACAACGTATCA,5
TCTTCACAACTATGCA,5
TCTTCACAAGAGTCAA,5
TCTTCACAAGATCGCA,5
TCTTCACAAGCAGGAA,5
TCTTCACAAGTCACTA,5
TCTTCACAATCCTGTA,5
TCTTCACAATTGAGGA,5
TCTTCACAATGCCTAA,4
TCTTCACACAACCACA,5
TCTTCACAGACTAGTA,5
TCTTCACACAATGGAA,5
TCTTCACACACTTCGA,5
TCTTCACACAGCGTTA,5
TCTTCACACATACCAA,5
TCTTCACACCAGTTCA,5
TCTTCACACCGAAGTA,5
TCTTCACACCGTGAGA,3
TCTTCACACCTCCTGA,8
TCTTCACAAGTGGTCA,4
TCTTCACACGAACTTA,8
TCTTCACACGACTGGA,8
TCTTCACACGCATACA,8
TCTTCACACTCAATGA,8
TCTTCACACTGAGCCA,8
TCTTCACACTGGCATA,8
TCTTCACAGAATCTGA,1
TCTTCACACAAGACTA,1
TCTTCACAGAGCTGAA,1
TCTTCACAGATAGACA,1
TCTTCACAACCACTGT,4
TCTTCACAGCCACATA,1
TCTTCACAGCGAGTAA,1
TCTTCACAGCTAACGA,1
TCTTCACAGCTCGGTA,1
TCTTCACAGGAGAACA,1
TCTTCACAGGTGCGAA,1
TCTTCACAGTACGCAA,1
TCTTCACAGTCGTAGA,1
TCTTCACAGTCTGTCA,1
TCTTCACAGTGTTCTA,1
TCTTCACAACATTGGC,4
TCTTCACATAGGATGA,1
TCTTCACATATCAGCA,1
TCTTCACATCCGTCTA,1
TCTTCACATCTTCACA,1
TCTTCACATGAAGAGA,1
TCTTCACATGGAACAA,1
TCTTCACATGGCTTCA,1
TCTTCACATGGTGGTA,1
TCTTCACATTCACGCA,1
TCTTCACAAACTCACC,1
TCTTCACACAGATCTG,4
TCTTCACAAAGAGATC,1
TCTTCACAAAGGACAC,1
TCTTCACAAATCCGTC,1
TCTTCACAAATGTTGC,1
TCTTCACAACACGACC,1
TCTTCACAACAGATTC,1
TCTTCACAAGATGTAC,1
TCTTCACAAGCACCTC,7
TCTTCACAAGCCATGC,7
TCTTCACAAGGCTAAC,7
TCTTCACACATCAAGT,4
TCTTCACAATAGCGAC,7
TCTTCACAATCATTCC,7
TCTTCACAATTGGCTC,8
TCTTCACACAAGGAGC,8
TCTTCACACACCTTAC,8
TCTTCACACCATCCTC,8
TCTTCACACCGACAAC,8
TCTTCACACCTAATCC,8
TCTTCACACCTCTATC,8
TCTTCACACGACACAC,8
TCTTCACACGCTGATC,2
TCTTCACACGGATTGC,8
TCTTCACACTAAGGTC,8
TCTTCACAGAACAGGC,8
TCTTCACAGACAGTGC,8
TCTTCACAGAGTTAGC,8
TCTTCACAGATGAATC,8
TCTTCACAGCCAAGAC,8
TCTTCACACGGAAGAA,8
TCTTCACAGTGACAAG,8
TCTTCACAGAACCAGA,8
TCCGTCTAAACGTGAT,4
TCCGTCTAACAAGCTA,2
TCCGTCTATTGCTGGA,8
TCCGTCTACTGTAGCC,2
TCCGTCTAAGTACAAG,2
TCCGTCTAAACAACCA,2
TCCGTCTAAACCGAGA,2
TCCGTCTAAACGCTTA,2
TCCGTCTAAAGACGGA,3
TCCGTCTAAAGGTACA,3
TCCGTCTAACACAGAA,3
TCCGTCTAACAGCAGA,5
TCCGTCTAAAACATCG,4
TCCGTCTAACCTCCAA,5
TCCGTCTAACGCTCGA,2
TCCGTCTAACGTATCA,5
TCCGTCTAACTATGCA,5
TCCGTCTAAGAGTCAA,5
TCCGTCTAAGATCGCA,5
TCCGTCTAAGCAGGAA,5
TCCGTCTAAGTCACTA,5
TCCGTCTAATCCTGTA,5
TCCGTCTAATTGAGGA,5
TCCGTCTAATGCCTAA,4
TCCGTCTACAACCACA,5
TCCGTCTAGACTAGTA,5
TCCGTCTACAATGGAA,5
TCCGTCTACACTTCGA,5
TCCGTCTACAGCGTTA,5
TCCGTCTACATACCAA,5
TCCGTCTACCAGTTCA,5
TCCGTCTACCGAAGTA,8
TCCGTCTACCGTGAGA,8
TCCGTCTACCTCCTGA,8
TCCGTCTAAGTGGTCA,4
TCCGTCTACGAACTTA,8
TCCGTCTACGACTGGA,8
TCCGTCTACGCATACA,8
TCCGTCTACTCAATGA,8
TCCGTCTACTGAGCCA,1
TCCGTCTACTGGCATA,8
TCCGTCTAGAATCTGA,1
TCCGTCTACAAGACTA,1
TCCGTCTAGAGCTGAA,1
TCCGTCTAGATAGACA,1
TCCGTCTAACCACTGT,4
TCCGTCTAGCCACATA,1
TCCGTCTAGCGAGTAA,1
TCCGTCTAGCTAACGA,1
TCCGTCTAGCTCGGTA,1
TCCGTCTAGGAGAACA,1
TCCGTCTAGGTGCGAA,1
TCCGTCTAGTACGCAA,1
TCCGTCTAGTCGTAGA,1
TCCGTCTAGTCTGTCA,1
TCCGTCTAGTGTTCTA,1
TCCGTCTAACATTGGC,4
TCCGTCTATAGGATGA,1
TCCGTCTATATCAGCA,1
TCCGTCTATCCGTCTA,1
TCCGTCTATCTTCACA,1
TCCGTCTATGAAGAGA,1
TCCGTCTATGGAACAA,1
TCCGTCTATGGCTTCA,1
TCCGTCTATGGTGGTA,1
TCCGTCTATTCACGCA,1
TCCGTCTAAACTCACC,1
TCCGTCTACAGATCTG,4
TCCGTCTAAAGAGATC,1
TCCGTCTAAAGGACAC,1
TCCGTCTAAATCCGTC,1
TCCGTCTAAATGTTGC,1
TCCGTCTAACACGACC,1
TCCGTCTAACAGATTC,1
TCCGTCTAAGATGTAC,1
TCCGTCTAAGCACCTC,7
TCCGTCTAAGCCATGC,7
TCCGTCTAAGGCTAAC,7
TCCGTCTACATCAAGT,2
TCCGTCTAATAGCGAC,7
TCCGTCTAATCATTCC,7
TCCGTCTAATTGGCTC,7
TCCGTCTACAAGGAGC,8
TCCGTCTACACCTTAC,8
TCCGTCTACCATCCTC,8
TCCGTCTACCGACAAC,8
TCCGTCTACCTAATCC,8
TCCGTCTACCTCTATC,8
TCCGTCTACGACACAC,8
TCCGTCTACGCTGATC,2
TCCGTCTACGGATTGC,8
TCCGTCTACTAAGGTC,8
TCCGTCTAGAACAGGC,8
TCCGTCTAGACAGTGC,8
TCCGTCTAGAGTTAGC,8
TCCGTCTAGATGAATC,8
TCCGTCTAGCCAAGAC,8
TCCGTCTACGGAAGAA,8
TCCGTCTAGTGACAAG,8
TCCGTCTAGAACCAGA,8
GTGACAAGTTGCTGGA,3
GTGACAAGAGATCGCA,3
GTGACAAGAGCAGGAA,3
GTGACAAGAGTCACTA,3
GTGACAAGATCCTGTA,3
GTGACAAGATTGAGGA,3
GTGACAAGCAACCACA,3
GTGACAAGGACTAGTA,4
GTGACAAGCAATGGAA,4
GTGACAAGCACTTCGA,4
GTGACAAGCAGCGTTA,4
GTGACAAGCATACCAA,4
GTGACAAGCCAGTTCA,4
GTGACAAGCCGAAGTA,4
GTGACAAGCCGTGAGA,4
GTGACAAGCCTCCTGA,4
GTGACAAGCGAACTTA,4
GTGACAAGCGACTGGA,4
GTGACAAGCGCATACA,4
GTGACAAGCTCAATGA,4
GTGACAAGCTGAGCCA,4
GTGACAAGCTGGCATA,4
GTGACAAGGAATCTGA,4
GTGACAAGCAAGACTA,2
GTGACAAGGAGCTGAA,2
GTGACAAGGATAGACA,2
GTGACAAGGCCACATA,2
GTGACAAGGCGAGTAA,2
GTGACAAGGCTAACGA,2
GTGACAAGGCTCGGTA,2
GTGACAAGGGAGAACA,2
GTGACAAGGGTGCGAA,2
GTGACAAGGTACGCAA,2
GTGACAAGGTCGTAGA,3
GTGACAAGGTCTGTCA,5
GTGACAAGGTGTTCTA,5
GTGACAAGTAGGATGA,5
GTGACAAGTATCAGCA,5
GTGACAAGTCCGTCTA,5
GTGACAAGTCTTCACA,2
GTGACAAGTGAAGAGA,5
GTGACAAGTGGAACAA,5
GTGACAAGTGGCTTCA,5
GTGACAAGTGGTGGTA,5
GTGACAAGTTCACGCA,5
GTGACAAGAACTCACC,5
GTGACAAGAAGAGATC,5
GTGACAAGAAGGACAC,5
GTGACAAGAATCCGTC,5
GTGACAAGAATGTTGC,5
GTGACAAGACACGACC,5
GTGACAAGACAGATTC,5
GTGACAAGAGATGTAC,5
GTGACAAGAGCACCTC,5
GTGACAAGAGCCATGC,5
GTGACAAGAGGCTAAC,5
GTGACAAGATAGCGAC,5
GTGACAAGATCATTCC,5
GTGACAAGATTGGCTC,5
GTGACAAGCAAGGAGC,5
GTGACAAGCACCTTAC,5
GTGACAAGCCATCCTC,5
GTGACAAGCCGACAAC,5
GTGACAAGCCTAATCC,5
GTGACAAGCCTCTATC,5
GTGACAAGCGACACAC,2
GTGACAAGCGGATTGC,2
GTGACAAGCTAAGGTC,4
GTGACAAGGAACAGGC,4
GTGACAAGGACAGTGC,4
GTGACAAGGAGTTAGC,4
GTGACAAGGATGAATC,3
GTGACAAGGCCAAGAC,3
GTGACAAGCGGAAGAA,3
GTGACAAGGTGACAAG,3
GTGACAAGGAACCAGA,3
TATCAGCAAACGTGAT,4
TATCAGCAACAAGCTA,2
TATCAGCATTGCTGGA,8
TATCAGCACTGTAGCC,2
TATCAGCAAGTACAAG,2
TATCAGCAAACAACCA,2
TATCAGCAAACCGAGA,2
TATCAGCAAACGCTTA,3
TATCAGCAAAGACGGA,3
TATCAGCAAAGGTACA,3
TATCAGCAACACAGAA,3
TATCAGCAACAGCAGA,5
TATCAGCAAAACATCG,4
TATCAGCAACCTCCAA,5
TATCAGCAACGCTCGA,5
TATCAGCAACGTATCA,5
TATCAGCAACTATGCA,5
TATCAGCAAGAGTCAA,5
TATCAGCAAGATCGCA,5
TATCAGCAAGCAGGAA,5
TATCAGCAAGTCACTA,5
TATCAGCAATCCTGTA,5
TATCAGCAATTGAGGA,5
TATCAGCAATGCCTAA,4
TATCAGCACAACCACA,5
TATCAGCAGACTAGTA,5
TATCAGCACAATGGAA,5
TATCAGCACACTTCGA,5
TATCAGCACAGCGTTA,5
TATCAGCACATACCAA,5
TATCAGCACCAGTTCA,5
TATCAGCACCGAAGTA,5
TATCAGCACCGTGAGA,8
TATCAGCACCTCCTGA,8
TATCAGCAAGTGGTCA,4
TATCAGCACGAACTTA,8
TATCAGCACGACTGGA,8
TATCAGCACGCATACA,8
TATCAGCACTCAATGA,1
TATCAGCACTGAGCCA,1
TATCAGCACTGGCATA,1
TATCAGCAGAATCTGA,1
TATCAGCACAAGACTA,1
TATCAGCAGAGCTGAA,1
TATCAGCAGATAGACA,1
TATCAGCAACCACTGT,4
TATCAGCAGCCACATA,1
TATCAGCAGCGAGTAA,1
TATCAGCAGCTAACGA,1
TATCAGCAGCTCGGTA,1
TATCAGCAGGAGAACA,1
TATCAGCAGGTGCGAA,1
TATCAGCAGTACGCAA,1
TATCAGCAGTCGTAGA,1
TATCAGCAGTCTGTCA,1
TATCAGCAGTGTTCTA,1
TATCAGCAACATTGGC,4
TATCAGCATAGGATGA,1
TATCAGCATATCAGCA,1
TATCAGCATCCGTCTA,1
TATCAGCATCTTCACA,1
TATCAGCATGAAGAGA,1
TATCAGCATGGAACAA,1
TATCAGCATGGCTTCA,1
TATCAGCATGGTGGTA,1
TATCAGCATTCACGCA,1
TATCAGCAAACTCACC,1
TATCAGCACAGATCTG,4
TATCAGCAAAGAGATC,1
TATCAGCAAAGGACAC,1
TATCAGCAAATCCGTC,1
TATCAGCAAATGTTGC,7
TATCAGCAACACGACC,1
TATCAGCAACAGATTC,1
TATCAGCAAGATGTAC,1
TATCAGCAAGCACCTC,1
TATCAGCAAGCCATGC,7
TATCAGCAAGGCTAAC,7
TATCAGCACATCAAGT,2
TATCAGCAATAGCGAC,7
TATCAGCAATCATTCC,7
TATCAGCAATTGGCTC,7
TATCAGCACAAGGAGC,8
TATCAGCACACCTTAC,8
TATCAGCACCATCCTC,8
TATCAGCACCGACAAC,8
TATCAGCACCTAATCC,8
TATCAGCACCTCTATC,8
TATCAGCACGACACAC,8
TATCAGCACGCTGATC,2
TATCAGCACGGATTGC,8
TATCAGCACTAAGGTC,8
TATCAGCAGAACAGGC,8
TATCAGCAGACAGTGC,8
TATCAGCAGAGTTAGC,8
TATCAGCAGATGAATC,8
TATCAGCAGCCAAGAC,8
TATCAGCACGGAAGAA,8
TATCAGCAGTGACAAG,8
TATCAGCAGAACCAGA,8
TAGGATGAAACGTGAT,4
TAGGATGAACAAGCTA,2
TAGGATGATTGCTGGA,8
TAGGATGACTGTAGCC,2
TAGGATGAAGTACAAG,2
TAGGATGAAACAACCA,2
TAGGATGAAACCGAGA,3
TAGGATGAAACGCTTA,3
TAGGATGAAAGACGGA,3
TAGGATGAAAGGTACA,3
TAGGATGAACACAGAA,3
TAGGATGAACAGCAGA,5
TAGGATGAAAACATCG,4
TAGGATGAACCTCCAA,5
TAGGATGAACGCTCGA,5
TAGGATGAACGTATCA,5
TAGGATGAACTATGCA,5
TAGGATGAAGAGTCAA,5
TAGGATGAAGATCGCA,5
TAGGATGAAGCAGGAA,5
TAGGATGAAGTCACTA,5
TAGGATGAATCCTGTA,5
TAGGATGAATTGAGGA,5
TAGGATGAATGCCTAA,4
TAGGATGACAACCACA,5
TAGGATGAGACTAGTA,5
TAGGATGACAATGGAA,5
TAGGATGACACTTCGA,5
TAGGATGACAGCGTTA,5
TAGGATGACATACCAA,5
TAGGATGACCAGTTCA,5
TAGGATGACCGAAGTA,8
TAGGATGACCGTGAGA,8
TAGGATGACCTCCTGA,8
TAGGATGAAGTGGTCA,4
TAGGATGACGAACTTA,8
TAGGATGACGACTGGA,8
TAGGATGACGCATACA,1
TAGGATGACTCAATGA,1
TAGGATGACTGAGCCA,1
TAGGATGACTGGCATA,1
TAGGATGAGAATCTGA,1
TAGGATGACAAGACTA,1
TAGGATGAGAGCTGAA,1
TAGGATGAGATAGACA,1
TAGGATGAACCACTGT,4
TAGGATGAGCCACATA,1
TAGGATGAGCGAGTAA,1
TAGGATGAGCTAACGA,1
TAGGATGAGCTCGGTA,1
TAGGATGAGGAGAACA,1
TAGGATGAGGTGCGAA,1
TAGGATGAGTACGCAA,1
TAGGATGAGTCGTAGA,1
TAGGATGAGTCTGTCA,1
TAGGATGAGTGTTCTA,1
TAGGATGAACATTGGC,4
TAGGATGATAGGATGA,1
TAGGATGATATCAGCA,1
TAGGATGATCCGTCTA,1
TAGGATGATCTTCACA,1
TAGGATGATGAAGAGA,1
TAGGATGATGGAACAA,1
TAGGATGATGGCTTCA,1
TAGGATGATGGTGGTA,1
TAGGATGATTCACGCA,1
TAGGATGAAACTCACC,1
TAGGATGACAGATCTG,4
TAGGATGAAAGAGATC,1
TAGGATGAAAGGACAC,1
TAGGATGAAATCCGTC,1
TAGGATGAAATGTTGC,7
TAGGATGAACACGACC,1
TAGGATGAACAGATTC,1
TAGGATGAAGATGTAC,1
TAGGATGAAGCACCTC,1
TAGGATGAAGCCATGC,1
TAGGATGAAGGCTAAC,7
TAGGATGACATCAAGT,2
TAGGATGAATAGCGAC,7
TAGGATGAATCATTCC,7
TAGGATGAATTGGCTC,7
TAGGATGACAAGGAGC,7
TAGGATGACACCTTAC,7
TAGGATGACCATCCTC,8
TAGGATGACCGACAAC,8
TAGGATGACCTAATCC,8
TAGGATGACCTCTATC,8
TAGGATGACGACACAC,8
TAGGATGACGCTGATC,2
TAGGATGACGGATTGC,8
TAGGATGACTAAGGTC,8
TAGGATGAGAACAGGC,8
TAGGATGAGACAGTGC,8
TAGGATGAGAGTTAGC,8
TAGGATGAGATGAATC,8
TAGGATGAGCCAAGAC,8
TAGGATGACGGAAGAA,8
TAGGATGAGTGACAAG,8
TAGGATGAGAACCAGA,8
GTGTTCTAAACGTGAT,4
GTGTTCTAACAAGCTA,2
GTGTTCTATTGCTGGA,8
GTGTTCTACTGTAGCC,2
GTGTTCTAAGTACAAG,2
GTGTTCTAAACAACCA,2
GTGTTCTAAACCGAGA,3
GTGTTCTAAACGCTTA,3
GTGTTCTAAAGACGGA,3
GTGTTCTAAAGGTACA,3
GTGTTCTAACACAGAA,3
GTGTTCTAACAGCAGA,5
GTGTTCTAAAACATCG,4
GTGTTCTAACCTCCAA,5
GTGTTCTAACGCTCGA,5
GTGTTCTAACGTATCA,5
GTGTTCTAACTATGCA,5
GTGTTCTAAGAGTCAA,5
GTGTTCTAAGATCGCA,5
GTGTTCTAAGCAGGAA,5
GTGTTCTAAGTCACTA,5
GTGTTCTAATCCTGTA,5
GTGTTCTAATTGAGGA,5
GTGTTCTAATGCCTAA,4
GTGTTCTACAACCACA,5
GTGTTCTAGACTAGTA,5
GTGTTCTACAATGGAA,5
GTGTTCTACACTTCGA,5
GTGTTCTACAGCGTTA,5
GTGTTCTACATACCAA,5
GTGTTCTACCAGTTCA,5
GTGTTCTACCGAAGTA,8
GTGTTCTACCGTGAGA,8
GTGTTCTACCTCCTGA,8
GTGTTCTAAGTGGTCA,4
GTGTTCTACGAACTTA,8
GTGTTCTACGACTGGA,1
GTGTTCTACGCATACA,1
GTGTTCTACTCAATGA,1
GTGTTCTACTGAGCCA,1
GTGTTCTACTGGCATA,1
GTGTTCTAGAATCTGA,1
GTGTTCTACAAGACTA,1
GTGTTCTAGAGCTGAA,1
GTGTTCTAGATAGACA,1
GTGTTCTAACCACTGT,4
GTGTTCTAGCCACATA,1
GTGTTCTAGCGAGTAA,1
GTGTTCTAGCTAACGA,1
GTGTTCTAGCTCGGTA,1
GTGTTCTAGGAGAACA,1
GTGTTCTAGGTGCGAA,1
GTGTTCTAGTACGCAA,1
GTGTTCTAGTCGTAGA,1
GTGTTCTAGTCTGTCA,1
GTGTTCTAGTGTTCTA,1
GTGTTCTAACATTGGC,4
GTGTTCTATAGGATGA,1
GTGTTCTATATCAGCA,1
GTGTTCTATCCGTCTA,1
GTGTTCTATCTTCACA,1
GTGTTCTATGAAGAGA,1
GTGTTCTATGGAACAA,1
GTGTTCTATGGCTTCA,1
GTGTTCTATGGTGGTA,1
GTGTTCTATTCACGCA,1
GTGTTCTAAACTCACC,1
GTGTTCTACAGATCTG,2
GTGTTCTAAAGAGATC,1
GTGTTCTAAAGGACAC,1
GTGTTCTAAATCCGTC,7
GTGTTCTAAATGTTGC,7
GTGTTCTAACACGACC,1
GTGTTCTAACAGATTC,1
GTGTTCTAAGATGTAC,1
GTGTTCTAAGCACCTC,1
GTGTTCTAAGCCATGC,1
GTGTTCTAAGGCTAAC,7
GTGTTCTACATCAAGT,2
GTGTTCTAATAGCGAC,7
GTGTTCTAATCATTCC,7
GTGTTCTAATTGGCTC,7
GTGTTCTACAAGGAGC,7
GTGTTCTACACCTTAC,7
GTGTTCTACCATCCTC,7
GTGTTCTACCGACAAC,8
GTGTTCTACCTAATCC,8
GTGTTCTACCTCTATC,8
GTGTTCTACGACACAC,8
GTGTTCTACGCTGATC,2
GTGTTCTACGGATTGC,8
GTGTTCTACTAAGGTC,8
GTGTTCTAGAACAGGC,8
GTGTTCTAGACAGTGC,8
GTGTTCTAGAGTTAGC,8
GTGTTCTAGATGAATC,8
GTGTTCTAGCCAAGAC,8
GTGTTCTACGGAAGAA,8
GTGTTCTAGTGACAAG,8
GTGTTCTAGAACCAGA,8
GTCTGTCAAACGTGAT,4
GTCTGTCAACAAGCTA,2
GTCTGTCATTGCTGGA,8
GTCTGTCACTGTAGCC,2
GTCTGTCAAGTACAAG,2
GTCTGTCAAACAACCA,2
GTCTGTCAAACCGAGA,3
GTCTGTCAAACGCTTA,3
GTCTGTCAAAGACGGA,3
GTCTGTCAAAGGTACA,3
GTCTGTCAACACAGAA,3
GTCTGTCAACAGCAGA,5
GTCTGTCAAAACATCG,4
GTCTGTCAACCTCCAA,5
GTCTGTCAACGCTCGA,5
GTCTGTCAACGTATCA,5
GTCTGTCAACTATGCA,5
GTCTGTCAAGAGTCAA,5
GTCTGTCAAGATCGCA,5
GTCTGTCAAGCAGGAA,5
GTCTGTCAAGTCACTA,5
GTCTGTCAATCCTGTA,5
GTCTGTCAATTGAGGA,5
GTCTGTCAATGCCTAA,4
GTCTGTCACAACCACA,5
GTCTGTCAGACTAGTA,5
GTCTGTCACAATGGAA,5
GTCTGTCACACTTCGA,5
GTCTGTCACAGCGTTA,5
GTCTGTCACATACCAA,5
GTCTGTCACCAGTTCA,8
GTCTGTCACCGAAGTA,8
GTCTGTCACCGTGAGA,8
GTCTGTCACCTCCTGA,8
GTCTGTCAAGTGGTCA,4
GTCTGTCACGAACTTA,1
GTCTGTCACGACTGGA,1
GTCTGTCACGCATACA,1
GTCTGTCACTCAATGA,1
GTCTGTCACTGAGCCA,1
GTCTGTCACTGGCATA,1
GTCTGTCAGAATCTGA,1
GTCTGTCACAAGACTA,1
GTCTGTCAGAGCTGAA,1
GTCTGTCAGATAGACA,1
GTCTGTCAACCACTGT,2
GTCTGTCAGCCACATA,1
GTCTGTCAGCGAGTAA,1
GTCTGTCAGCTAACGA,1
GTCTGTCAGCTCGGTA,1
GTCTGTCAGGAGAACA,1
GTCTGTCAGGTGCGAA,1
GTCTGTCAGTACGCAA,1
GTCTGTCAGTCGTAGA,1
GTCTGTCAGTCTGTCA,1
GTCTGTCAGTGTTCTA,1
GTCTGTCAACATTGGC,2
GTCTGTCATAGGATGA,1
GTCTGTCATATCAGCA,1
GTCTGTCATCCGTCTA,1
GTCTGTCATCTTCACA,1
GTCTGTCATGAAGAGA,1
GTCTGTCATGGAACAA,1
GTCTGTCATGGCTTCA,1
GTCTGTCATGGTGGTA,1
GTCTGTCATTCACGCA,1
GTCTGTCAAACTCACC,1
GTCTGTCACAGATCTG,4
GTCTGTCAAAGAGATC,1
GTCTGTCAAAGGACAC,1
GTCTGTCAAATCCGTC,1
GTCTGTCAAATGTTGC,1
GTCTGTCAACACGACC,1
GTCTGTCAACAGATTC,1
GTCTGTCAAGATGTAC,1
GTCTGTCAAGCACCTC,1
GTCTGTCAAGCCATGC,1
GTCTGTCAAGGCTAAC,1
GTCTGTCACATCAAGT,2
GTCTGTCAATAGCGAC,7
GTCTGTCAATCATTCC,7
GTCTGTCAATTGGCTC,7
GTCTGTCACAAGGAGC,7
GTCTGTCACACCTTAC,7
GTCTGTCACCATCCTC,7
GTCTGTCACCGACAAC,7
GTCTGTCACCTAATCC,8
GTCTGTCACCTCTATC,8
GTCTGTCACGACACAC,8
GTCTGTCACGCTGATC,2
GTCTGTCACGGATTGC,8
GTCTGTCACTAAGGTC,8
GTCTGTCAGAACAGGC,8
GTCTGTCAGACAGTGC,8
GTCTGTCAGAGTTAGC,8
GTCTGTCAGATGAATC,8
GTCTGTCAGCCAAGAC,8
GTCTGTCACGGAAGAA,8
GTCTGTCAGTGACAAG,8
GTCTGTCAGAACCAGA,8
GTCGTAGAAACGTGAT,4
GTCGTAGAACAAGCTA,2
GTCGTAGATTGCTGGA,8
GTCGTAGACTGTAGCC,2
GTCGTAGAAGTACAAG,2
GTCGTAGAAACAACCA,2
GTCGTAGAAACCGAGA,2
GTCGTAGAAACGCTTA,3
GTCGTAGAAAGACGGA,3
GTCGTAGAAAGGTACA,3
GTCGTAGAACACAGAA,5
GTCGTAGAACAGCAGA,3
GTCGTAGAAAACATCG,4
GTCGTAGAACCTCCAA,5
GTCGTAGAACGCTCGA,5
GTCGTAGAACGTATCA,5
GTCGTAGAACTATGCA,5
GTCGTAGAAGAGTCAA,5
GTCGTAGAAGATCGCA,5
GTCGTAGAAGCAGGAA,5
GTCGTAGAAGTCACTA,5
GTCGTAGAATCCTGTA,5
GTCGTAGAATTGAGGA,5
GTCGTAGAATGCCTAA,4
GTCGTAGACAACCACA,5
GTCGTAGAGACTAGTA,5
GTCGTAGACAATGGAA,5
GTCGTAGACACTTCGA,5
GTCGTAGACAGCGTTA,5
GTCGTAGACATACCAA,8
GTCGTAGACCAGTTCA,8
GTCGTAGACCGAAGTA,8
GTCGTAGACCGTGAGA,8
GTCGTAGACCTCCTGA,1
GTCGTAGAAGTGGTCA,4
GTCGTAGACGAACTTA,1
GTCGTAGACGACTGGA,1
GTCGTAGACGCATACA,8
GTCGTAGACTCAATGA,1
GTCGTAGACTGAGCCA,1
GTCGTAGACTGGCATA,1
GTCGTAGAGAATCTGA,1
GTCGTAGACAAGACTA,1
GTCGTAGAGAGCTGAA,1
GTCGTAGAGATAGACA,1
GTCGTAGAACCACTGT,2
GTCGTAGAGCCACATA,1
GTCGTAGAGCGAGTAA,1
GTCGTAGAGCTAACGA,1
GTCGTAGAGCTCGGTA,1
GTCGTAGAGGAGAACA,1
GTCGTAGAGGTGCGAA,1
GTCGTAGAGTACGCAA,1
GTCGTAGAGTCGTAGA,1
GTCGTAGAGTCTGTCA,1
GTCGTAGAGTGTTCTA,1
GTCGTAGAACATTGGC,4
GTCGTAGATAGGATGA,1
GTCGTAGATATCAGCA,1
GTCGTAGATCCGTCTA,1
GTCGTAGATCTTCACA,1
GTCGTAGATGAAGAGA,1
GTCGTAGATGGAACAA,1
GTCGTAGATGGCTTCA,1
GTCGTAGATGGTGGTA,1
GTCGTAGATTCACGCA,1
GTCGTAGAAACTCACC,1
GTCGTAGACAGATCTG,2
GTCGTAGAAAGAGATC,1
GTCGTAGAAAGGACAC,1
GTCGTAGAAATCCGTC,1
GTCGTAGAAATGTTGC,1
GTCGTAGAACACGACC,8
GTCGTAGAACAGATTC,8
GTCGTAGAAGATGTAC,8
GTCGTAGAAGCACCTC,1
GTCGTAGAAGCCATGC,1
GTCGTAGAAGGCTAAC,6
GTCGTAGACATCAAGT,2
GTCGTAGAATAGCGAC,7
GTCGTAGAATCATTCC,7
GTCGTAGAATTGGCTC,7
GTCGTAGACAAGGAGC,7
GTCGTAGACACCTTAC,7
GTCGTAGACCATCCTC,7
GTCGTAGACCGACAAC,7
GTCGTAGACCTAATCC,8
GTCGTAGACCTCTATC,8
GTCGTAGACGACACAC,8
GTCGTAGACGCTGATC,2
GTCGTAGACGGATTGC,8
GTCGTAGACTAAGGTC,8
GTCGTAGAGAACAGGC,8
GTCGTAGAGACAGTGC,8
GTCGTAGAGAGTTAGC,8
GTCGTAGAGATGAATC,8
GTCGTAGAGCCAAGAC,8
GTCGTAGACGGAAGAA,8
GTCGTAGAGTGACAAG,8
GTCGTAGAGAACCAGA,8
GTACGCAAAACGTGAT,4
GTACGCAAACAAGCTA,2
GTACGCAATTGCTGGA,8
GTACGCAACTGTAGCC,2
GTACGCAAAGTACAAG,2
GTACGCAAAACAACCA,2
GTACGCAAAACCGAGA,2
GTACGCAAAACGCTTA,3
GTACGCAAAAGACGGA,3
GTACGCAAAAGGTACA,3
GTACGCAAACACAGAA,5
GTACGCAAACAGCAGA,5
GTACGCAAAAACATCG,4
GTACGCAAACCTCCAA,5
GTACGCAAACGCTCGA,5
GTACGCAAACGTATCA,5
GTACGCAAACTATGCA,5
GTACGCAAAGAGTCAA,5
GTACGCAAAGATCGCA,5
GTACGCAAAGCAGGAA,5
GTACGCAAAGTCACTA,5
GTACGCAAATCCTGTA,5
GTACGCAAATTGAGGA,5
GTACGCAAATGCCTAA,4
GTACGCAACAACCACA,5
GTACGCAAGACTAGTA,5
GTACGCAACAATGGAA,5
GTACGCAACACTTCGA,5
GTACGCAACAGCGTTA,8
GTACGCAACATACCAA,8
GTACGCAACCAGTTCA,8
GTACGCAACCGAAGTA,8
GTACGCAACCGTGAGA,1
GTACGCAACCTCCTGA,1
GTACGCAAAGTGGTCA,4
GTACGCAACGAACTTA,1
GTACGCAACGACTGGA,1
GTACGCAACGCATACA,1
GTACGCAACTCAATGA,1
GTACGCAACTGAGCCA,1
GTACGCAACTGGCATA,1
GTACGCAAGAATCTGA,1
GTACGCAACAAGACTA,1
GTACGCAAGAGCTGAA,1
GTACGCAAGATAGACA,1
GTACGCAAACCACTGT,2
GTACGCAAGCCACATA,1
GTACGCAAGCGAGTAA,1
GTACGCAAGCTAACGA,3
GTACGCAAGCTCGGTA,1
GTACGCAAGGAGAACA,1
GTACGCAAGGTGCGAA,1
GTACGCAAGTACGCAA,1
GTACGCAAGTCGTAGA,1
GTACGCAAGTCTGTCA,1
GTACGCAAGTGTTCTA,1
GTACGCAAACATTGGC,2
GTACGCAATAGGATGA,1
GTACGCAATATCAGCA,1
GTACGCAATCCGTCTA,1
GTACGCAATCTTCACA,1
GTACGCAATGAAGAGA,1
GTACGCAATGGAACAA,1
GTACGCAATGGCTTCA,1
GTACGCAATGGTGGTA,1
GTACGCAATTCACGCA,1
GTACGCAAAACTCACC,1
GTACGCAACAGATCTG,2
GTACGCAAAAGAGATC,1
GTACGCAAAAGGACAC,1
GTACGCAAAATCCGTC,1
GTACGCAAAATGTTGC,1
GTACGCAAACACGACC,8
GTACGCAAACAGATTC,8
GTACGCAAAGATGTAC,8
GTACGCAAAGCACCTC,1
GTACGCAAAGCCATGC,1
GTACGCAAAGGCTAAC,1
GTACGCAACATCAAGT,2
GTACGCAAATAGCGAC,7
GTACGCAAATCATTCC,7
GTACGCAAATTGGCTC,7
GTACGCAACAAGGAGC,7
GTACGCAACACCTTAC,7
GTACGCAACCATCCTC,7
GTACGCAACCGACAAC,3
GTACGCAACCTAATCC,9
GTACGCAACCTCTATC,9
GTACGCAACGACACAC,8
GTACGCAACGCTGATC,2
GTACGCAACGGATTGC,8
GTACGCAACTAAGGTC,8
GTACGCAAGAACAGGC,8
GTACGCAAGACAGTGC,8
GTACGCAAGAGTTAGC,8
GTACGCAAGATGAATC,8
GTACGCAAGCCAAGAC,8
GTACGCAACGGAAGAA,8
GTACGCAAGTGACAAG,8
GTACGCAAGAACCAGA,8
GGTGCGAAAACGTGAT,4
GGTGCGAAACAAGCTA,2
GGTGCGAATTGCTGGA,8
GGTGCGAACTGTAGCC,2
GGTGCGAAAGTACAAG,2
GGTGCGAAAACAACCA,2
GGTGCGAAAACCGAGA,2
GGTGCGAAAACGCTTA,3
GGTGCGAAAAGACGGA,2
GGTGCGAAAAGGTACA,2
GGTGCGAAACACAGAA,5
GGTGCGAAACAGCAGA,5
GGTGCGAAAAACATCG,4
GGTGCGAAACCTCCAA,5
GGTGCGAAACGCTCGA,5
GGTGCGAAACGTATCA,5
GGTGCGAAACTATGCA,5
GGTGCGAAAGAGTCAA,5
GGTGCGAAAGATCGCA,5
GGTGCGAAAGCAGGAA,5
GGTGCGAAAGTCACTA,5
GGTGCGAAATCCTGTA,5
GGTGCGAAATTGAGGA,5
GGTGCGAAATGCCTAA,4
GGTGCGAACAACCACA,5
GGTGCGAAGACTAGTA,5
GGTGCGAACAATGGAA,5
GGTGCGAACACTTCGA,5
GGTGCGAACAGCGTTA,8
GGTGCGAACATACCAA,8
GGTGCGAACCAGTTCA,8
GGTGCGAACCGAAGTA,1
GGTGCGAACCGTGAGA,1
GGTGCGAACCTCCTGA,1
GGTGCGAAAGTGGTCA,4
GGTGCGAACGAACTTA,1
GGTGCGAACGACTGGA,1
GGTGCGAACGCATACA,1
GGTGCGAACTCAATGA,1
GGTGCGAACTGAGCCA,1
GGTGCGAACTGGCATA,1
GGTGCGAAGAATCTGA,3
GGTGCGAACAAGACTA,1
GGTGCGAAGAGCTGAA,1
GGTGCGAAGATAGACA,1
GGTGCGAAACCACTGT,4
GGTGCGAAGCCACATA,8
GGTGCGAAGCGAGTAA,1
GGTGCGAAGCTAACGA,1
GGTGCGAAGCTCGGTA,1
GGTGCGAAGGAGAACA,1
GGTGCGAAGGTGCGAA,1
GGTGCGAAGTACGCAA,1
GGTGCGAAGTCGTAGA,1
GGTGCGAAGTCTGTCA,1
GGTGCGAAGTGTTCTA,1
GGTGCGAAACATTGGC,2
GGTGCGAATAGGATGA,1
GGTGCGAATATCAGCA,1
GGTGCGAATCCGTCTA,1
GGTGCGAATCTTCACA,1
GGTGCGAATGAAGAGA,1
GGTGCGAATGGAACAA,1
GGTGCGAATGGCTTCA,1
GGTGCGAATGGTGGTA,1
GGTGCGAATTCACGCA,1
GGTGCGAAAACTCACC,1
GGTGCGAACAGATCTG,2
GGTGCGAAAAGAGATC,1
GGTGCGAAAAGGACAC,1
GGTGCGAAAATCCGTC,1
GGTGCGAAAATGTTGC,1
GGTGCGAAACACGACC,1
GGTGCGAAACAGATTC,8
GGTGCGAAAGATGTAC,8
GGTGCGAAAGCACCTC,1
GGTGCGAAAGCCATGC,1
GGTGCGAAAGGCTAAC,6
GGTGCGAACATCAAGT,2
GGTGCGAAATAGCGAC,7
GGTGCGAAATCATTCC,7
GGTGCGAAATTGGCTC,7
GGTGCGAACAAGGAGC,7
GGTGCGAACACCTTAC,7
GGTGCGAACCATCCTC,9
GGTGCGAACCGACAAC,9
GGTGCGAACCTAATCC,9
GGTGCGAACCTCTATC,9
GGTGCGAACGACACAC,8
GGTGCGAACGCTGATC,2
GGTGCGAACGGATTGC,8
GGTGCGAACTAAGGTC,8
GGTGCGAAGAACAGGC,8
GGTGCGAAGACAGTGC,8
GGTGCGAAGAGTTAGC,8
GGTGCGAAGATGAATC,8
GGTGCGAAGCCAAGAC,8
GGTGCGAACGGAAGAA,8
GGTGCGAAGTGACAAG,8
GGTGCGAAGAACCAGA,8
GGAGAACAAACGTGAT,4
GGAGAACAACAAGCTA,2
GGAGAACATTGCTGGA,8
GGAGAACACTGTAGCC,2
GGAGAACAAGTACAAG,2
GGAGAACAAACAACCA,2
GGAGAACAAACCGAGA,2
GGAGAACAAACGCTTA,2
GGAGAACAAAGACGGA,5
GGAGAACAAAGGTACA,5
GGAGAACAACACAGAA,5
GGAGAACAACAGCAGA,5
GGAGAACAAAACATCG,4
GGAGAACAACCTCCAA,5
GGAGAACAACGCTCGA,5
GGAGAACAACGTATCA,5
GGAGAACAACTATGCA,5
GGAGAACAAGAGTCAA,5
GGAGAACAAGATCGCA,5
GGAGAACAAGCAGGAA,5
GGAGAACAAGTCACTA,5
GGAGAACAATCCTGTA,5
GGAGAACAATTGAGGA,5
GGAGAACAATGCCTAA,4
GGAGAACACAACCACA,5
GGAGAACAGACTAGTA,5
GGAGAACACAATGGAA,5
GGAGAACACACTTCGA,3
GGAGAACACAGCGTTA,8
GGAGAACACATACCAA,8
GGAGAACACCAGTTCA,8
GGAGAACACCGAAGTA,8
GGAGAACACCGTGAGA,1
GGAGAACACCTCCTGA,1
GGAGAACAAGTGGTCA,4
GGAGAACACGAACTTA,1
GGAGAACACGACTGGA,1
GGAGAACACGCATACA,1
GGAGAACACTCAATGA,1
GGAGAACACTGAGCCA,1
GGAGAACACTGGCATA,1
GGAGAACAGAATCTGA,1
GGAGAACACAAGACTA,8
GGAGAACAGAGCTGAA,1
GGAGAACAGATAGACA,1
GGAGAACAACCACTGT,2
GGAGAACAGCCACATA,1
GGAGAACAGCGAGTAA,1
GGAGAACAGCTAACGA,1
GGAGAACAGCTCGGTA,1
GGAGAACAGGAGAACA,1
GGAGAACAGGTGCGAA,1
GGAGAACAGTACGCAA,1
GGAGAACAGTCGTAGA,1
GGAGAACAGTCTGTCA,1
GGAGAACAGTGTTCTA,1
GGAGAACAACATTGGC,2
GGAGAACATAGGATGA,1
GGAGAACATATCAGCA,1
GGAGAACATCCGTCTA,1
GGAGAACATCTTCACA,1
GGAGAACATGAAGAGA,1
GGAGAACATGGAACAA,1
GGAGAACATGGCTTCA,1
GGAGAACATGGTGGTA,1
GGAGAACATTCACGCA,1
GGAGAACAAACTCACC,1
GGAGAACACAGATCTG,2
GGAGAACAAAGAGATC,1
GGAGAACAAAGGACAC,1
GGAGAACAAATCCGTC,1
GGAGAACAAATGTTGC,1
GGAGAACAACACGACC,1
GGAGAACAACAGATTC,1
GGAGAACAAGATGTAC,1
GGAGAACAAGCACCTC,1
GGAGAACAAGCCATGC,1
GGAGAACAAGGCTAAC,1
GGAGAACACATCAAGT,2
GGAGAACAATAGCGAC,7
GGAGAACAATCATTCC,7
GGAGAACAATTGGCTC,7
GGAGAACACAAGGAGC,7
GGAGAACACACCTTAC,6
GGAGAACACCATCCTC,9
GGAGAACACCGACAAC,9
GGAGAACACCTAATCC,9
GGAGAACACCTCTATC,9
GGAGAACACGACACAC,9
GGAGAACACGCTGATC,2
GGAGAACACGGATTGC,9
GGAGAACACTAAGGTC,9
GGAGAACAGAACAGGC,9
GGAGAACAGACAGTGC,9
GGAGAACAGAGTTAGC,9
GGAGAACAGATGAATC,9
GGAGAACAGCCAAGAC,9
GGAGAACACGGAAGAA,9
GGAGAACAGTGACAAG,9
GGAGAACAGAACCAGA,9
GCTCGGTAAACGTGAT,4
GCTCGGTAACAAGCTA,2
GCTCGGTATTGCTGGA,9
GCTCGGTACTGTAGCC,2
GCTCGGTAAGTACAAG,2
GCTCGGTAAACAACCA,2
GCTCGGTAAACCGAGA,2
GCTCGGTAAACGCTTA,2
GCTCGGTAAAGACGGA,5
GCTCGGTAAAGGTACA,5
GCTCGGTAACACAGAA,5
GCTCGGTAACAGCAGA,5
GCTCGGTAAAACATCG,4
GCTCGGTAACCTCCAA,5
GCTCGGTAACGCTCGA,5
GCTCGGTAACGTATCA,5
GCTCGGTAACTATGCA,5
GCTCGGTAAGAGTCAA,5
GCTCGGTAAGATCGCA,5
GCTCGGTAAGCAGGAA,5
GCTCGGTAAGTCACTA,5
GCTCGGTAATCCTGTA,5
GCTCGGTAATTGAGGA,5
GCTCGGTAATGCCTAA,4
GCTCGGTACAACCACA,5
GCTCGGTAGACTAGTA,3
GCTCGGTACAATGGAA,3
GCTCGGTACACTTCGA,8
GCTCGGTACAGCGTTA,8
GCTCGGTACATACCAA,8
GCTCGGTACCAGTTCA,8
GCTCGGTACCGAAGTA,8
GCTCGGTACCGTGAGA,1
GCTCGGTACCTCCTGA,1
GCTCGGTAAGTGGTCA,4
GCTCGGTACGAACTTA,1
GCTCGGTACGACTGGA,1
GCTCGGTACGCATACA,1
GCTCGGTACTCAATGA,1
GCTCGGTACTGAGCCA,1
GCTCGGTACTGGCATA,1
GCTCGGTAGAATCTGA,1
GCTCGGTACAAGACTA,1
GCTCGGTAGAGCTGAA,1
GCTCGGTAGATAGACA,1
GCTCGGTAACCACTGT,4
GCTCGGTAGCCACATA,1
GCTCGGTAGCGAGTAA,1
GCTCGGTAGCTAACGA,1
GCTCGGTAGCTCGGTA,1
GCTCGGTAGGAGAACA,1
GCTCGGTAGGTGCGAA,1
GCTCGGTAGTACGCAA,1
GCTCGGTAGTCGTAGA,1
GCTCGGTAGTCTGTCA,1
GCTCGGTAGTGTTCTA,1
GCTCGGTAACATTGGC,2
GCTCGGTATAGGATGA,1
GCTCGGTATATCAGCA,1
GCTCGGTATCCGTCTA,1
GCTCGGTATCTTCACA,1
GCTCGGTATGAAGAGA,1
GCTCGGTATGGAACAA,1
GCTCGGTATGGCTTCA,1
GCTCGGTATGGTGGTA,1
GCTCGGTATTCACGCA,1
GCTCGGTAAACTCACC,1
GCTCGGTACAGATCTG,2
GCTCGGTAAAGAGATC,1
GCTCGGTAAAGGACAC,1
GCTCGGTAAATCCGTC,1
GCTCGGTAAATGTTGC,1
GCTCGGTAACACGACC,1
GCTCGGTAACAGATTC,1
GCTCGGTAAGATGTAC,1
GCTCGGTAAGCACCTC,1
GCTCGGTAAGCCATGC,1
GCTCGGTAAGGCTAAC,1
GCTCGGTACATCAAGT,2
GCTCGGTAATAGCGAC,7
GCTCGGTAATCATTCC,7
GCTCGGTAATTGGCTC,7
GCTCGGTACAAGGAGC,7
GCTCGGTACACCTTAC,9
GCTCGGTACCATCCTC,9
GCTCGGTACCGACAAC,9
GCTCGGTACCTAATCC,9
GCTCGGTACCTCTATC,9
GCTCGGTACGACACAC,9
GCTCGGTACGCTGATC,2
GCTCGGTACGGATTGC,9
GCTCGGTACTAAGGTC,9
GCTCGGTAGAACAGGC,9
GCTCGGTAGACAGTGC,9
GCTCGGTAGAGTTAGC,9
GCTCGGTAGATGAATC,9
GCTCGGTAGCCAAGAC,9
GCTCGGTACGGAAGAA,9
GCTCGGTAGTGACAAG,9
GCTCGGTAGAACCAGA,9
GCTAACGAAACGTGAT,4
GCTAACGAACAAGCTA,2
GCTAACGATTGCTGGA,9
GCTAACGACTGTAGCC,2
GCTAACGAAGTACAAG,2
GCTAACGAAACAACCA,3
GCTAACGAAACCGAGA,3
GCTAACGAAACGCTTA,3
GCTAACGAAAGACGGA,3
GCTAACGAAAGGTACA,5
GCTAACGAACACAGAA,5
GCTAACGAACAGCAGA,5
GCTAACGAAAACATCG,4
GCTAACGAACCTCCAA,5
GCTAACGAACGCTCGA,5
GCTAACGAACGTATCA,5
GCTAACGAACTATGCA,5
GCTAACGAAGAGTCAA,5
GCTAACGAAGATCGCA,5
GCTAACGAAGCAGGAA,5
GCTAACGAAGTCACTA,5
GCTAACGAATCCTGTA,5
GCTAACGAATTGAGGA,5
GCTAACGAATGCCTAA,4
GCTAACGACAACCACA,5
GCTAACGAGACTAGTA,3
GCTAACGACAATGGAA,8
GCTAACGACACTTCGA,8
GCTAACGACAGCGTTA,8
GCTAACGACATACCAA,8
GCTAACGACCAGTTCA,3
GCTAACGACCGAAGTA,1
GCTAACGACCGTGAGA,1
GCTAACGACCTCCTGA,3
GCTAACGAAGTGGTCA,4
GCTAACGACGAACTTA,1
GCTAACGACGACTGGA,1
GCTAACGACGCATACA,1
GCTAACGACTCAATGA,1
GCTAACGACTGAGCCA,1
GCTAACGACTGGCATA,1
GCTAACGAGAATCTGA,1
GCTAACGACAAGACTA,1
GCTAACGAGAGCTGAA,1
GCTAACGAGATAGACA,1
GCTAACGAACCACTGT,4
GCTAACGAGCCACATA,1
GCTAACGAGCGAGTAA,1
GCTAACGAGCTAACGA,1
GCTAACGAGCTCGGTA,1
GCTAACGAGGAGAACA,1
GCTAACGAGGTGCGAA,1
GCTAACGAGTACGCAA,1
GCTAACGAGTCGTAGA,1
GCTAACGAGTCTGTCA,1
GCTAACGAGTGTTCTA,1
GCTAACGAACATTGGC,2
GCTAACGATAGGATGA,1
GCTAACGATATCAGCA,1
GCTAACGATCCGTCTA,1
GCTAACGATCTTCACA,1
GCTAACGATGAAGAGA,1
GCTAACGATGGAACAA,1
GCTAACGATGGCTTCA,1
GCTAACGATGGTGGTA,1
GCTAACGATTCACGCA,1
GCTAACGAAACTCACC,1
GCTAACGACAGATCTG,2
GCTAACGAAAGAGATC,1
GCTAACGAAAGGACAC,1
GCTAACGAAATCCGTC,1
GCTAACGAAATGTTGC,1
GCTAACGAACACGACC,1
GCTAACGAACAGATTC,1
GCTAACGAAGATGTAC,1
GCTAACGAAGCACCTC,1
GCTAACGAAGCCATGC,1
GCTAACGAAGGCTAAC,1
GCTAACGACATCAAGT,2
GCTAACGAATAGCGAC,7
GCTAACGAATCATTCC,7
GCTAACGAATTGGCTC,7
GCTAACGACAAGGAGC,7
GCTAACGACACCTTAC,6
GCTAACGACCATCCTC,9
GCTAACGACCGACAAC,9
GCTAACGACCTAATCC,9
GCTAACGACCTCTATC,9
GCTAACGACGACACAC,9
GCTAACGACGCTGATC,2
GCTAACGACGGATTGC,9
GCTAACGACTAAGGTC,9
GCTAACGAGAACAGGC,9
GCTAACGAGACAGTGC,9
GCTAACGAGAGTTAGC,9
GCTAACGAGATGAATC,9
GCTAACGAGCCAAGAC,9
GCTAACGACGGAAGAA,9
GCTAACGAGTGACAAG,9
GCTAACGAGAACCAGA,9
CGGAAGAATTGCTGGA,3
CGGAAGAAAGAGTCAA,3
CGGAAGAAAGATCGCA,3
CGGAAGAAAGCAGGAA,3
CGGAAGAAAGTCACTA,3
CGGAAGAAATCCTGTA,3
CGGAAGAAATTGAGGA,3
CGGAAGAACAACCACA,4
CGGAAGAAGACTAGTA,4
CGGAAGAACAATGGAA,4
CGGAAGAACACTTCGA,4
CGGAAGAACAGCGTTA,4
CGGAAGAACATACCAA,4
CGGAAGAACCAGTTCA,4
CGGAAGAACCGAAGTA,4
CGGAAGAACCGTGAGA,4
CGGAAGAACCTCCTGA,4
CGGAAGAACGAACTTA,4
CGGAAGAACGACTGGA,4
CGGAAGAACGCATACA,4
CGGAAGAACTCAATGA,4
CGGAAGAACTGAGCCA,3
CGGAAGAACTGGCATA,4
CGGAAGAAGAATCTGA,4
CGGAAGAACAAGACTA,2
CGGAAGAAGAGCTGAA,2
CGGAAGAAGATAGACA,2
CGGAAGAAGCCACATA,2
CGGAAGAAGCGAGTAA,2
CGGAAGAAGCTAACGA,2
CGGAAGAAGCTCGGTA,5
CGGAAGAAGGAGAACA,5
CGGAAGAAGGTGCGAA,5
CGGAAGAAGTACGCAA,2
CGGAAGAAGTCGTAGA,5
CGGAAGAAGTCTGTCA,5
CGGAAGAAGTGTTCTA,5
CGGAAGAATAGGATGA,5
CGGAAGAATATCAGCA,5
CGGAAGAATCCGTCTA,5
CGGAAGAATCTTCACA,5
CGGAAGAATGAAGAGA,5
CGGAAGAATGGAACAA,5
CGGAAGAATGGCTTCA,5
CGGAAGAATGGTGGTA,5
CGGAAGAATTCACGCA,5
CGGAAGAAAACTCACC,5
CGGAAGAAAAGAGATC,5
CGGAAGAAAAGGACAC,5
CGGAAGAAAATCCGTC,5
CGGAAGAAAATGTTGC,5
CGGAAGAAACACGACC,5
CGGAAGAAACAGATTC,5
CGGAAGAAAGATGTAC,5
CGGAAGAAAGCACCTC,5
CGGAAGAAAGCCATGC,5
CGGAAGAAAGGCTAAC,5
CGGAAGAAATAGCGAC,5
CGGAAGAAATCATTCC,5
CGGAAGAAATTGGCTC,5
CGGAAGAACAAGGAGC,5
CGGAAGAACACCTTAC,5
CGGAAGAACCATCCTC,5
CGGAAGAACCGACAAC,5
CGGAAGAACCTAATCC,5
CGGAAGAACCTCTATC,5
CGGAAGAACGACACAC,2
CGGAAGAACGGATTGC,2
CGGAAGAACTAAGGTC,4
CGGAAGAAGAACAGGC,4
CGGAAGAAGACAGTGC,4
CGGAAGAAGAGTTAGC,4
CGGAAGAAGATGAATC,3
CGGAAGAAGCCAAGAC,3
CGGAAGAACGGAAGAA,3
CGGAAGAAGTGACAAG,3
CGGAAGAAGAACCAGA,3
GCGAGTAAAACGTGAT,4
GCGAGTAAACAAGCTA,2
GCGAGTAATTGCTGGA,9
GCGAGTAACTGTAGCC,2
GCGAGTAAAGTACAAG,3
GCGAGTAAAACAACCA,3
GCGAGTAAAACCGAGA,3
GCGAGTAAAACGCTTA,3
GCGAGTAAAAGACGGA,3
GCGAGTAAAAGGTACA,5
GCGAGTAAACACAGAA,5
GCGAGTAAACAGCAGA,5
GCGAGTAAAAACATCG,4
GCGAGTAAACCTCCAA,5
GCGAGTAAACGCTCGA,5
GCGAGTAAACGTATCA,5
GCGAGTAAACTATGCA,5
GCGAGTAAAGAGTCAA,5
GCGAGTAAAGATCGCA,5
GCGAGTAAAGCAGGAA,5
GCGAGTAAAGTCACTA,5
GCGAGTAAATCCTGTA,5
GCGAGTAAATTGAGGA,5
GCGAGTAAATGCCTAA,4
GCGAGTAACAACCACA,3
GCGAGTAAGACTAGTA,3
GCGAGTAACAATGGAA,8
GCGAGTAACACTTCGA,8
GCGAGTAACAGCGTTA,8
GCGAGTAACATACCAA,8
GCGAGTAACCAGTTCA,1
GCGAGTAACCGAAGTA,1
GCGAGTAACCGTGAGA,1
GCGAGTAACCTCCTGA,1
GCGAGTAAAGTGGTCA,4
GCGAGTAACGAACTTA,1
GCGAGTAACGACTGGA,1
GCGAGTAACGCATACA,1
GCGAGTAACTCAATGA,1
GCGAGTAACTGAGCCA,1
GCGAGTAACTGGCATA,1
GCGAGTAAGAATCTGA,1
GCGAGTAACAAGACTA,8
GCGAGTAAGAGCTGAA,8
GCGAGTAAGATAGACA,1
GCGAGTAAACCACTGT,4
GCGAGTAAGCCACATA,8
GCGAGTAAGCGAGTAA,1
GCGAGTAAGCTAACGA,1
GCGAGTAAGCTCGGTA,1
GCGAGTAAGGAGAACA,1
GCGAGTAAGGTGCGAA,1
GCGAGTAAGTACGCAA,1
GCGAGTAAGTCGTAGA,1
GCGAGTAAGTCTGTCA,1
GCGAGTAAGTGTTCTA,1
GCGAGTAAACATTGGC,4
GCGAGTAATAGGATGA,1
GCGAGTAATATCAGCA,1
GCGAGTAATCCGTCTA,1
GCGAGTAATCTTCACA,1
GCGAGTAATGAAGAGA,1
GCGAGTAATGGAACAA,1
GCGAGTAATGGCTTCA,1
GCGAGTAATGGTGGTA,1
GCGAGTAATTCACGCA,1
GCGAGTAAAACTCACC,1
GCGAGTAACAGATCTG,2
GCGAGTAAAAGAGATC,1
GCGAGTAAAAGGACAC,1
GCGAGTAAAATCCGTC,1
GCGAGTAAAATGTTGC,1
GCGAGTAAACACGACC,1
GCGAGTAAACAGATTC,1
GCGAGTAAAGATGTAC,1
GCGAGTAAAGCACCTC,1
GCGAGTAAAGCCATGC,1
GCGAGTAAAGGCTAAC,7
GCGAGTAACATCAAGT,2
GCGAGTAAATAGCGAC,7
GCGAGTAAATCATTCC,7
GCGAGTAAATTGGCTC,7
GCGAGTAACAAGGAGC,7
GCGAGTAACACCTTAC,9
GCGAGTAACCATCCTC,9
GCGAGTAACCGACAAC,9
GCGAGTAACCTAATCC,9
GCGAGTAACCTCTATC,9
GCGAGTAACGACACAC,9
GCGAGTAACGCTGATC,2
GCGAGTAACGGATTGC,9
GCGAGTAACTAAGGTC,9
GCGAGTAAGAACAGGC,9
GCGAGTAAGACAGTGC,9
GCGAGTAAGAGTTAGC,9
GCGAGTAAGATGAATC,9
GCGAGTAAGCCAAGAC,9
GCGAGTAACGGAAGAA,9
GCGAGTAAGTGACAAG,9
GCGAGTAAGAACCAGA,9
GCCACATAAACGTGAT,4
GCCACATAACAAGCTA,2
GCCACATATTGCTGGA,9
GCCACATACTGTAGCC,2
GCCACATAAGTACAAG,3
GCCACATAAACAACCA,3
GCCACATAAACCGAGA,3
GCCACATAAACGCTTA,3
GCCACATAAAGACGGA,5
GCCACATAAAGGTACA,5
GCCACATAACACAGAA,5
GCCACATAACAGCAGA,5
GCCACATAAAACATCG,4
GCCACATAACCTCCAA,5
GCCACATAACGCTCGA,5
GCCACATAACGTATCA,5
GCCACATAACTATGCA,5
GCCACATAAGAGTCAA,5
GCCACATAAGATCGCA,5
GCCACATAAGCAGGAA,5
GCCACATAAGTCACTA,5
GCCACATAATCCTGTA,5
GCCACATAATTGAGGA,5
GCCACATAATGCCTAA,4
GCCACATACAACCACA,5
GCCACATAGACTAGTA,3
GCCACATACAATGGAA,8
GCCACATACACTTCGA,8
GCCACATACAGCGTTA,8
GCCACATACATACCAA,8
GCCACATACCAGTTCA,1
GCCACATACCGAAGTA,1
GCCACATACCGTGAGA,1
GCCACATACCTCCTGA,1
GCCACATAAGTGGTCA,4
GCCACATACGAACTTA,8
GCCACATACGACTGGA,1
GCCACATACGCATACA,1
GCCACATACTCAATGA,1
GCCACATACTGAGCCA,1
GCCACATACTGGCATA,1
GCCACATAGAATCTGA,1
GCCACATACAAGACTA,1
GCCACATAGAGCTGAA,1
GCCACATAGATAGACA,1
GCCACATAACCACTGT,4
GCCACATAGCCACATA,1
GCCACATAGCGAGTAA,1
GCCACATAGCTAACGA,1
GCCACATAGCTCGGTA,1
GCCACATAGGAGAACA,1
GCCACATAGGTGCGAA,1
GCCACATAGTACGCAA,1
GCCACATAGTCGTAGA,1
GCCACATAGTCTGTCA,1
GCCACATAGTGTTCTA,1
GCCACATAACATTGGC,4
GCCACATATAGGATGA,1
GCCACATATATCAGCA,1
GCCACATATCCGTCTA,1
GCCACATATCTTCACA,1
GCCACATATGAAGAGA,1
GCCACATATGGAACAA,1
GCCACATATGGCTTCA,1
GCCACATATGGTGGTA,1
GCCACATATTCACGCA,1
GCCACATAAACTCACC,1
GCCACATACAGATCTG,4
GCCACATAAAGAGATC,1
GCCACATAAAGGACAC,1
GCCACATAAATCCGTC,1
GCCACATAAATGTTGC,1
GCCACATAACACGACC,1
GCCACATAACAGATTC,1
GCCACATAAGATGTAC,1
GCCACATAAGCACCTC,1
GCCACATAAGCCATGC,1
GCCACATAAGGCTAAC,7
GCCACATACATCAAGT,2
GCCACATAATAGCGAC,7
GCCACATAATCATTCC,7
GCCACATAATTGGCTC,7
GCCACATACAAGGAGC,7
GCCACATACACCTTAC,9
GCCACATACCATCCTC,9
GCCACATACCGACAAC,9
GCCACATACCTAATCC,9
GCCACATACCTCTATC,9
GCCACATACGACACAC,9
GCCACATACGCTGATC,2
GCCACATACGGATTGC,9
GCCACATACTAAGGTC,9
GCCACATAGAACAGGC,9
GCCACATAGACAGTGC,9
GCCACATAGAGTTAGC,9
GCCACATAGATGAATC,9
GCCACATAGCCAAGAC,9
GCCACATACGGAAGAA,9
GCCACATAGTGACAAG,9
GCCACATAGAACCAGA,9
GATAGACAAACGTGAT,4
GATAGACAACAAGCTA,2
GATAGACATTGCTGGA,9
GATAGACACTGTAGCC,2
GATAGACAAGTACAAG,3
GATAGACAAACAACCA,3
GATAGACAAACCGAGA,3
GATAGACAAACGCTTA,5
GATAGACAAAGACGGA,5
GATAGACAAAGGTACA,5
GATAGACAACACAGAA,5
GATAGACAACAGCAGA,5
GATAGACAAAACATCG,4
GATAGACAACCTCCAA,5
GATAGACAACGCTCGA,5
GATAGACAACGTATCA,5
GATAGACAACTATGCA,5
GATAGACAAGAGTCAA,5
GATAGACAAGATCGCA,5
GATAGACAAGCAGGAA,5
GATAGACAAGTCACTA,5
GATAGACAATCCTGTA,5
GATAGACAATTGAGGA,5
GATAGACAATGCCTAA,4
GATAGACACAACCACA,5
GATAGACAGACTAGTA,3
GATAGACACAATGGAA,8
GATAGACACACTTCGA,8
GATAGACACAGCGTTA,8
GATAGACACATACCAA,1
GATAGACACCAGTTCA,1
GATAGACACCGAAGTA,3
GATAGACACCGTGAGA,1
GATAGACACCTCCTGA,1
GATAGACAAGTGGTCA,4
GATAGACACGAACTTA,1
GATAGACACGACTGGA,1
GATAGACACGCATACA,3
GATAGACACTCAATGA,1
GATAGACACTGAGCCA,1
GATAGACACTGGCATA,1
GATAGACAGAATCTGA,1
GATAGACACAAGACTA,1
GATAGACAGAGCTGAA,1
GATAGACAGATAGACA,1
GATAGACAACCACTGT,4
GATAGACAGCCACATA,1
GATAGACAGCGAGTAA,1
GATAGACAGCTAACGA,1
GATAGACAGCTCGGTA,1
GATAGACAGGAGAACA,1
GATAGACAGGTGCGAA,1
GATAGACAGTACGCAA,1
GATAGACAGTCGTAGA,1
GATAGACAGTCTGTCA,1
GATAGACAGTGTTCTA,1
GATAGACAACATTGGC,4
GATAGACATAGGATGA,1
GATAGACATATCAGCA,1
GATAGACATCCGTCTA,1
GATAGACATCTTCACA,1
GATAGACATGAAGAGA,1
GATAGACATGGAACAA,1
GATAGACATGGCTTCA,1
GATAGACATGGTGGTA,1
GATAGACATTCACGCA,1
GATAGACAAACTCACC,1
GATAGACACAGATCTG,2
GATAGACAAAGAGATC,1
GATAGACAAAGGACAC,1
GATAGACAAATCCGTC,1
GATAGACAAATGTTGC,1
GATAGACAACACGACC,1
GATAGACAACAGATTC,1
GATAGACAAGATGTAC,1
GATAGACAAGCACCTC,1
GATAGACAAGCCATGC,1
GATAGACAAGGCTAAC,7
GATAGACACATCAAGT,2
GATAGACAATAGCGAC,7
GATAGACAATCATTCC,7
GATAGACAATTGGCTC,7
GATAGACACAAGGAGC,9
GATAGACACACCTTAC,9
GATAGACACCATCCTC,9
GATAGACACCGACAAC,9
GATAGACACCTAATCC,9
GATAGACACCTCTATC,9
GATAGACACGACACAC,9
GATAGACACGCTGATC,2
GATAGACACGGATTGC,9
GATAGACACTAAGGTC,9
GATAGACAGAACAGGC,9
GATAGACAGACAGTGC,9
GATAGACAGAGTTAGC,9
GATAGACAGATGAATC,9
GATAGACAGCCAAGAC,9
GATAGACACGGAAGAA,9
GATAGACAGTGACAAG,9
GATAGACAGAACCAGA,9
GAGCTGAAAACGTGAT,4
GAGCTGAAACAAGCTA,2
GAGCTGAATTGCTGGA,9
GAGCTGAACTGTAGCC,2
GAGCTGAAAGTACAAG,3
GAGCTGAAAACAACCA,3
GAGCTGAAAACCGAGA,3
GAGCTGAAAACGCTTA,3
GAGCTGAAAAGACGGA,5
GAGCTGAAAAGGTACA,5
GAGCTGAAACACAGAA,5
GAGCTGAAACAGCAGA,5
GAGCTGAAAAACATCG,4
GAGCTGAAACCTCCAA,5
GAGCTGAAACGCTCGA,5
GAGCTGAAACGTATCA,5
GAGCTGAAACTATGCA,5
GAGCTGAAAGAGTCAA,5
GAGCTGAAAGATCGCA,5
GAGCTGAAAGCAGGAA,5
GAGCTGAAAGTCACTA,5
GAGCTGAAATCCTGTA,5
GAGCTGAAATTGAGGA,5
GAGCTGAAATGCCTAA,4
GAGCTGAACAACCACA,5
GAGCTGAAGACTAGTA,5
GAGCTGAACAATGGAA,8
GAGCTGAACACTTCGA,8
GAGCTGAACAGCGTTA,8
GAGCTGAACATACCAA,1
GAGCTGAACCAGTTCA,1
GAGCTGAACCGAAGTA,1
GAGCTGAACCGTGAGA,1
GAGCTGAACCTCCTGA,1
GAGCTGAAAGTGGTCA,4
GAGCTGAACGAACTTA,1
GAGCTGAACGACTGGA,8
GAGCTGAACGCATACA,1
GAGCTGAACTCAATGA,1
GAGCTGAACTGAGCCA,1
GAGCTGAACTGGCATA,3
GAGCTGAAGAATCTGA,1
GAGCTGAACAAGACTA,1
GAGCTGAAGAGCTGAA,1
GAGCTGAAGATAGACA,1
GAGCTGAAACCACTGT,4
GAGCTGAAGCCACATA,1
GAGCTGAAGCGAGTAA,1
GAGCTGAAGCTAACGA,1
GAGCTGAAGCTCGGTA,1
GAGCTGAAGGAGAACA,1
GAGCTGAAGGTGCGAA,1
GAGCTGAAGTACGCAA,1
GAGCTGAAGTCGTAGA,1
GAGCTGAAGTCTGTCA,1
GAGCTGAAGTGTTCTA,1
GAGCTGAAACATTGGC,4
GAGCTGAATAGGATGA,1
GAGCTGAATATCAGCA,1
GAGCTGAATCCGTCTA,1
GAGCTGAATCTTCACA,1
GAGCTGAATGAAGAGA,1
GAGCTGAATGGAACAA,1
GAGCTGAATGGCTTCA,1
GAGCTGAATGGTGGTA,1
GAGCTGAATTCACGCA,1
GAGCTGAAAACTCACC,1
GAGCTGAACAGATCTG,2
GAGCTGAAAAGAGATC,1
GAGCTGAAAAGGACAC,1
GAGCTGAAAATCCGTC,1
GAGCTGAAAATGTTGC,1
GAGCTGAAACACGACC,1
GAGCTGAAACAGATTC,1
GAGCTGAAAGATGTAC,1
GAGCTGAAAGCACCTC,1
GAGCTGAAAGCCATGC,1
GAGCTGAAAGGCTAAC,7
GAGCTGAACATCAAGT,2
GAGCTGAAATAGCGAC,7
GAGCTGAAATCATTCC,7
GAGCTGAAATTGGCTC,7
GAGCTGAACAAGGAGC,9
GAGCTGAACACCTTAC,9
GAGCTGAACCATCCTC,9
GAGCTGAACCGACAAC,9
GAGCTGAACCTAATCC,9
GAGCTGAACCTCTATC,9
GAGCTGAACGACACAC,9
GAGCTGAACGCTGATC,2
GAGCTGAACGGATTGC,9
GAGCTGAACTAAGGTC,9
GAGCTGAAGAACAGGC,9
GAGCTGAAGACAGTGC,9
GAGCTGAAGAGTTAGC,9
GAGCTGAAGATGAATC,9
GAGCTGAAGCCAAGAC,9
GAGCTGAACGGAAGAA,9
GAGCTGAAGTGACAAG,9
GAGCTGAAGAACCAGA,9
CAAGACTAAACGTGAT,4
CAAGACTAACAAGCTA,2
CAAGACTATTGCTGGA,9
CAAGACTACTGTAGCC,2
CAAGACTAAGTACAAG,2
CAAGACTAAACAACCA,3
CAAGACTAAACCGAGA,3
CAAGACTAAACGCTTA,5
CAAGACTAAAGACGGA,5
CAAGACTAAAGGTACA,5
CAAGACTAACACAGAA,5
CAAGACTAACAGCAGA,5
CAAGACTAAAACATCG,4
CAAGACTAACCTCCAA,5
CAAGACTAACGCTCGA,5
CAAGACTAACGTATCA,5
CAAGACTAACTATGCA,5
CAAGACTAAGAGTCAA,5
CAAGACTAAGATCGCA,5
CAAGACTAAGCAGGAA,5
CAAGACTAAGTCACTA,5
CAAGACTAATCCTGTA,5
CAAGACTAATTGAGGA,5
CAAGACTAATGCCTAA,4
CAAGACTACAACCACA,5
CAAGACTAGACTAGTA,3
CAAGACTACAATGGAA,8
CAAGACTACACTTCGA,8
CAAGACTACAGCGTTA,8
CAAGACTACATACCAA,1
CAAGACTACCAGTTCA,3
CAAGACTACCGAAGTA,1
CAAGACTACCGTGAGA,1
CAAGACTACCTCCTGA,1
CAAGACTAAGTGGTCA,4
CAAGACTACGAACTTA,1
CAAGACTACGACTGGA,1
CAAGACTACGCATACA,1
CAAGACTACTCAATGA,1
CAAGACTACTGAGCCA,1
CAAGACTACTGGCATA,1
CAAGACTAGAATCTGA,1
CAAGACTACAAGACTA,1
CAAGACTAGAGCTGAA,1
CAAGACTAGATAGACA,1
CAAGACTAACCACTGT,4
CAAGACTAGCCACATA,1
CAAGACTAGCGAGTAA,1
CAAGACTAGCTAACGA,1
CAAGACTAGCTCGGTA,1
CAAGACTAGGAGAACA,1
CAAGACTAGGTGCGAA,1
CAAGACTAGTACGCAA,1
CAAGACTAGTCGTAGA,1
CAAGACTAGTCTGTCA,1
CAAGACTAGTGTTCTA,1
CAAGACTAACATTGGC,4
CAAGACTATAGGATGA,1
CAAGACTATATCAGCA,1
CAAGACTATCCGTCTA,1
CAAGACTATCTTCACA,1
CAAGACTATGAAGAGA,1
CAAGACTATGGAACAA,1
CAAGACTATGGCTTCA,1
CAAGACTATGGTGGTA,1
CAAGACTATTCACGCA,1
CAAGACTAAACTCACC,1
CAAGACTACAGATCTG,2
CAAGACTAAAGAGATC,1
CAAGACTAAAGGACAC,1
CAAGACTAAATCCGTC,1
CAAGACTAAATGTTGC,1
CAAGACTAACACGACC,1
CAAGACTAACAGATTC,1
CAAGACTAAGATGTAC,1
CAAGACTAAGCACCTC,1
CAAGACTAAGCCATGC,1
CAAGACTAAGGCTAAC,7
CAAGACTACATCAAGT,2
CAAGACTAATAGCGAC,7
CAAGACTAATCATTCC,7
CAAGACTAATTGGCTC,7
CAAGACTACAAGGAGC,9
CAAGACTACACCTTAC,9
CAAGACTACCATCCTC,9
CAAGACTACCGACAAC,9
CAAGACTACCTAATCC,9
CAAGACTACCTCTATC,9
CAAGACTACGACACAC,9
CAAGACTACGCTGATC,2
CAAGACTACGGATTGC,9
CAAGACTACTAAGGTC,9
CAAGACTAGAACAGGC,9
CAAGACTAGACAGTGC,9
CAAGACTAGAGTTAGC,9
CAAGACTAGATGAATC,9
CAAGACTAGCCAAGAC,9
CAAGACTACGGAAGAA,9
CAAGACTAGTGACAAG,9
CAAGACTAGAACCAGA,9
GAATCTGAAACGTGAT,4
GAATCTGAACAAGCTA,2
GAATCTGATTGCTGGA,9
GAATCTGACTGTAGCC,2
GAATCTGAAGTACAAG,2
GAATCTGAAACAACCA,3
GAATCTGAAACCGAGA,3
GAATCTGAAACGCTTA,3
GAATCTGAAAGACGGA,3
GAATCTGAAAGGTACA,3
GAATCTGAACACAGAA,5
GAATCTGAACAGCAGA,5
GAATCTGAAAACATCG,4
GAATCTGAACCTCCAA,5
GAATCTGAACGCTCGA,5
GAATCTGAACGTATCA,5
GAATCTGAACTATGCA,5
GAATCTGAAGAGTCAA,5
GAATCTGAAGATCGCA,5
GAATCTGAAGCAGGAA,5
GAATCTGAAGTCACTA,5
GAATCTGAATCCTGTA,5
GAATCTGAATTGAGGA,5
GAATCTGAATGCCTAA,4
GAATCTGACAACCACA,5
GAATCTGAGACTAGTA,3
GAATCTGACAATGGAA,8
GAATCTGACACTTCGA,8
GAATCTGACAGCGTTA,8
GAATCTGACATACCAA,1
GAATCTGACCAGTTCA,1
GAATCTGACCGAAGTA,1
GAATCTGACCGTGAGA,1
GAATCTGACCTCCTGA,3
GAATCTGAAGTGGTCA,4
GAATCTGACGAACTTA,1
GAATCTGACGACTGGA,1
GAATCTGACGCATACA,1
GAATCTGACTCAATGA,1
GAATCTGACTGAGCCA,3
GAATCTGACTGGCATA,1
GAATCTGAGAATCTGA,1
GAATCTGACAAGACTA,1
GAATCTGAGAGCTGAA,1
GAATCTGAGATAGACA,1
GAATCTGAACCACTGT,4
GAATCTGAGCCACATA,1
GAATCTGAGCGAGTAA,1
GAATCTGAGCTAACGA,1
GAATCTGAGCTCGGTA,1
GAATCTGAGGAGAACA,1
GAATCTGAGGTGCGAA,1
GAATCTGAGTACGCAA,1
GAATCTGAGTCGTAGA,1
GAATCTGAGTCTGTCA,1
GAATCTGAGTGTTCTA,1
GAATCTGAACATTGGC,4
GAATCTGATAGGATGA,1
GAATCTGATATCAGCA,1
GAATCTGATCCGTCTA,1
GAATCTGATCTTCACA,1
GAATCTGATGAAGAGA,1
GAATCTGATGGAACAA,1
GAATCTGATGGCTTCA,1
GAATCTGATGGTGGTA,1
GAATCTGATTCACGCA,1
GAATCTGAAACTCACC,1
GAATCTGACAGATCTG,2
GAATCTGAAAGAGATC,1
GAATCTGAAAGGACAC,1
GAATCTGAAATCCGTC,1
GAATCTGAAATGTTGC,1
GAATCTGAACACGACC,1
GAATCTGAACAGATTC,1
GAATCTGAAGATGTAC,1
GAATCTGAAGCACCTC,1
GAATCTGAAGCCATGC,1
GAATCTGAAGGCTAAC,7
GAATCTGACATCAAGT,2
GAATCTGAATAGCGAC,7
GAATCTGAATCATTCC,7
GAATCTGAATTGGCTC,7
GAATCTGACAAGGAGC,9
GAATCTGACACCTTAC,9
GAATCTGACCATCCTC,9
GAATCTGACCGACAAC,9
GAATCTGACCTAATCC,9
GAATCTGACCTCTATC,9
GAATCTGACGACACAC,9
GAATCTGACGCTGATC,2
GAATCTGACGGATTGC,9
GAATCTGACTAAGGTC,9
GAATCTGAGAACAGGC,9
GAATCTGAGACAGTGC,9
GAATCTGAGAGTTAGC,9
GAATCTGAGATGAATC,9
GAATCTGAGCCAAGAC,9
GAATCTGACGGAAGAA,9
GAATCTGAGTGACAAG,9
GAATCTGAGAACCAGA,9
CTGGCATAAACGTGAT,4
CTGGCATAACAAGCTA,2
CTGGCATATTGCTGGA,9
CTGGCATACTGTAGCC,2
CTGGCATAAGTACAAG,2
CTGGCATAAACAACCA,3
CTGGCATAAACCGAGA,3
CTGGCATAAACGCTTA,3
CTGGCATAAAGACGGA,3
CTGGCATAAAGGTACA,3
CTGGCATAACACAGAA,5
CTGGCATAACAGCAGA,5
CTGGCATAAAACATCG,4
CTGGCATAACCTCCAA,5
CTGGCATAACGCTCGA,5
CTGGCATAACGTATCA,5
CTGGCATAACTATGCA,5
CTGGCATAAGAGTCAA,5
CTGGCATAAGATCGCA,5
CTGGCATAAGCAGGAA,5
CTGGCATAAGTCACTA,5
CTGGCATAATCCTGTA,3
CTGGCATAATTGAGGA,5
CTGGCATAATGCCTAA,4
CTGGCATACAACCACA,3
CTGGCATAGACTAGTA,3
CTGGCATACAATGGAA,3
CTGGCATACACTTCGA,8
CTGGCATACAGCGTTA,1
CTGGCATACATACCAA,1
CTGGCATACCAGTTCA,1
CTGGCATACCGAAGTA,1
CTGGCATACCGTGAGA,1
CTGGCATACCTCCTGA,1
CTGGCATAAGTGGTCA,4
CTGGCATACGAACTTA,1
CTGGCATACGACTGGA,1
CTGGCATACGCATACA,1
CTGGCATACTCAATGA,1
CTGGCATACTGAGCCA,1
CTGGCATACTGGCATA,1
CTGGCATAGAATCTGA,1
CTGGCATACAAGACTA,1
CTGGCATAGAGCTGAA,1
CTGGCATAGATAGACA,1
CTGGCATAACCACTGT,4
CTGGCATAGCCACATA,1
CTGGCATAGCGAGTAA,1
CTGGCATAGCTAACGA,1
CTGGCATAGCTCGGTA,1
CTGGCATAGGAGAACA,1
CTGGCATAGGTGCGAA,1
CTGGCATAGTACGCAA,1
CTGGCATAGTCGTAGA,8
CTGGCATAGTCTGTCA,1
CTGGCATAGTGTTCTA,1
CTGGCATAACATTGGC,2
CTGGCATATAGGATGA,1
CTGGCATATATCAGCA,1
CTGGCATATCCGTCTA,1
CTGGCATATCTTCACA,1
CTGGCATATGAAGAGA,1
CTGGCATATGGAACAA,1
CTGGCATATGGCTTCA,1
CTGGCATATGGTGGTA,1
CTGGCATATTCACGCA,1
CTGGCATAAACTCACC,1
CTGGCATACAGATCTG,2
CTGGCATAAAGAGATC,1
CTGGCATAAAGGACAC,1
CTGGCATAAATCCGTC,1
CTGGCATAAATGTTGC,1
CTGGCATAACACGACC,1
CTGGCATAACAGATTC,1
CTGGCATAAGATGTAC,1
CTGGCATAAGCACCTC,1
CTGGCATAAGCCATGC,1
CTGGCATAAGGCTAAC,7
CTGGCATACATCAAGT,2
CTGGCATAATAGCGAC,7
CTGGCATAATCATTCC,7
CTGGCATAATTGGCTC,7
CTGGCATACAAGGAGC,9
CTGGCATACACCTTAC,9
CTGGCATACCATCCTC,9
CTGGCATACCGACAAC,9
CTGGCATACCTAATCC,9
CTGGCATACCTCTATC,9
CTGGCATACGACACAC,9
CTGGCATACGCTGATC,2
CTGGCATACGGATTGC,9
CTGGCATACTAAGGTC,9
CTGGCATAGAACAGGC,9
CTGGCATAGACAGTGC,9
CTGGCATAGAGTTAGC,9
CTGGCATAGATGAATC,9
CTGGCATAGCCAAGAC,9
CTGGCATACGGAAGAA,9
CTGGCATAGTGACAAG,9
CTGGCATAGAACCAGA,9
CTGAGCCAAACGTGAT,4
CTGAGCCAACAAGCTA,2
CTGAGCCATTGCTGGA,9
CTGAGCCACTGTAGCC,2
CTGAGCCAAGTACAAG,2
CTGAGCCAAACAACCA,3
CTGAGCCAAACCGAGA,3
CTGAGCCAAACGCTTA,3
CTGAGCCAAAGACGGA,3
CTGAGCCAAAGGTACA,3
CTGAGCCAACACAGAA,5
CTGAGCCAACAGCAGA,5
CTGAGCCAAAACATCG,4
CTGAGCCAACCTCCAA,5
CTGAGCCAACGCTCGA,5
CTGAGCCAACGTATCA,5
CTGAGCCAACTATGCA,5
CTGAGCCAAGAGTCAA,5
CTGAGCCAAGATCGCA,5
CTGAGCCAAGCAGGAA,3
CTGAGCCAAGTCACTA,3
CTGAGCCAATCCTGTA,3
CTGAGCCAATTGAGGA,3
CTGAGCCAATGCCTAA,4
CTGAGCCACAACCACA,3
CTGAGCCAGACTAGTA,3
CTGAGCCACAATGGAA,3
CTGAGCCACACTTCGA,1
CTGAGCCACAGCGTTA,1
CTGAGCCACATACCAA,1
CTGAGCCACCAGTTCA,1
CTGAGCCACCGAAGTA,1
CTGAGCCACCGTGAGA,1
CTGAGCCACCTCCTGA,3
CTGAGCCAAGTGGTCA,4
CTGAGCCACGAACTTA,1
CTGAGCCACGACTGGA,1
CTGAGCCACGCATACA,1
CTGAGCCACTCAATGA,1
CTGAGCCACTGAGCCA,1
CTGAGCCACTGGCATA,1
CTGAGCCAGAATCTGA,1
CTGAGCCACAAGACTA,1
CTGAGCCAGAGCTGAA,1
CTGAGCCAGATAGACA,1
CTGAGCCAACCACTGT,4
CTGAGCCAGCCACATA,1
CTGAGCCAGCGAGTAA,1
CTGAGCCAGCTAACGA,1
CTGAGCCAGCTCGGTA,1
CTGAGCCAGGAGAACA,1
CTGAGCCAGGTGCGAA,3
CTGAGCCAGTACGCAA,1
CTGAGCCAGTCGTAGA,1
CTGAGCCAGTCTGTCA,1
CTGAGCCAGTGTTCTA,1
CTGAGCCAACATTGGC,2
CTGAGCCATAGGATGA,1
CTGAGCCATATCAGCA,1
CTGAGCCATCCGTCTA,1
CTGAGCCATCTTCACA,1
CTGAGCCATGAAGAGA,1
CTGAGCCATGGAACAA,1
CTGAGCCATGGCTTCA,1
CTGAGCCATGGTGGTA,1
CTGAGCCATTCACGCA,1
CTGAGCCAAACTCACC,1
CTGAGCCACAGATCTG,2
CTGAGCCAAAGAGATC,1
CTGAGCCAAAGGACAC,1
CTGAGCCAAATCCGTC,1
CTGAGCCAAATGTTGC,1
CTGAGCCAACACGACC,1
CTGAGCCAACAGATTC,1
CTGAGCCAAGATGTAC,1
CTGAGCCAAGCACCTC,1
CTGAGCCAAGCCATGC,1
CTGAGCCAAGGCTAAC,7
CTGAGCCACATCAAGT,2
CTGAGCCAATAGCGAC,7
CTGAGCCAATCATTCC,7
CTGAGCCAATTGGCTC,7
CTGAGCCACAAGGAGC,9
CTGAGCCACACCTTAC,9
CTGAGCCACCATCCTC,9
CTGAGCCACCGACAAC,9
CTGAGCCACCTAATCC,9
CTGAGCCACCTCTATC,9
CTGAGCCACGACACAC,9
CTGAGCCACGCTGATC,2
CTGAGCCACGGATTGC,9
CTGAGCCACTAAGGTC,9
CTGAGCCAGAACAGGC,9
CTGAGCCAGACAGTGC,9
CTGAGCCAGAGTTAGC,9
CTGAGCCAGATGAATC,9
CTGAGCCAGCCAAGAC,9
CTGAGCCACGGAAGAA,9
CTGAGCCAGTGACAAG,9
CTGAGCCAGAACCAGA,9
CTCAATGAAACGTGAT,4
CTCAATGAACAAGCTA,2
CTCAATGATTGCTGGA,9
CTCAATGACTGTAGCC,2
CTCAATGAAGTACAAG,2
CTCAATGAAACAACCA,2
CTCAATGAAACCGAGA,3
CTCAATGAAACGCTTA,3
CTCAATGAAAGACGGA,3
CTCAATGAAAGGTACA,5
CTCAATGAACACAGAA,5
CTCAATGAACAGCAGA,5
CTCAATGAAAACATCG,4
CTCAATGAACCTCCAA,5
CTCAATGAACGCTCGA,5
CTCAATGAACGTATCA,5
CTCAATGAACTATGCA,5
CTCAATGAAGAGTCAA,5
CTCAATGAAGATCGCA,3
CTCAATGAAGCAGGAA,3
CTCAATGAAGTCACTA,3
CTCAATGAATCCTGTA,3
CTCAATGAATTGAGGA,3
CTCAATGAATGCCTAA,4
CTCAATGACAACCACA,3
CTCAATGAGACTAGTA,3
CTCAATGACAATGGAA,3
CTCAATGACACTTCGA,3
CTCAATGACAGCGTTA,1
CTCAATGACATACCAA,1
CTCAATGACCAGTTCA,1
CTCAATGACCGAAGTA,1
CTCAATGACCGTGAGA,1
CTCAATGACCTCCTGA,1
CTCAATGAAGTGGTCA,4
CTCAATGACGAACTTA,1
CTCAATGACGACTGGA,1
CTCAATGACGCATACA,1
CTCAATGACTCAATGA,1
CTCAATGACTGAGCCA,1
CTCAATGACTGGCATA,1
CTCAATGAGAATCTGA,1
CTCAATGACAAGACTA,1
CTCAATGAGAGCTGAA,1
CTCAATGAGATAGACA,1
CTCAATGAACCACTGT,4
CTCAATGAGCCACATA,1
CTCAATGAGCGAGTAA,3
CTCAATGAGCTAACGA,1
CTCAATGAGCTCGGTA,1
CTCAATGAGGAGAACA,1
CTCAATGAGGTGCGAA,1
CTCAATGAGTACGCAA,1
CTCAATGAGTCGTAGA,1
CTCAATGAGTCTGTCA,1
CTCAATGAGTGTTCTA,1
CTCAATGAACATTGGC,4
CTCAATGATAGGATGA,1
CTCAATGATATCAGCA,1
CTCAATGATCCGTCTA,1
CTCAATGATCTTCACA,1
CTCAATGATGAAGAGA,1
CTCAATGATGGAACAA,1
CTCAATGATGGCTTCA,1
CTCAATGATGGTGGTA,1
CTCAATGATTCACGCA,1
CTCAATGAAACTCACC,1
CTCAATGACAGATCTG,2
CTCAATGAAAGAGATC,1
CTCAATGAAAGGACAC,1
CTCAATGAAATCCGTC,1
CTCAATGAAATGTTGC,1
CTCAATGAACACGACC,1
CTCAATGAACAGATTC,1
CTCAATGAAGATGTAC,1
CTCAATGAAGCACCTC,1
CTCAATGAAGCCATGC,1
CTCAATGAAGGCTAAC,7
CTCAATGACATCAAGT,2
CTCAATGAATAGCGAC,7
CTCAATGAATCATTCC,7
CTCAATGAATTGGCTC,7
CTCAATGACAAGGAGC,9
CTCAATGACACCTTAC,9
CTCAATGACCATCCTC,9
CTCAATGACCGACAAC,9
CTCAATGACCTAATCC,9
CTCAATGACCTCTATC,9
CTCAATGACGACACAC,9
CTCAATGACGCTGATC,2
CTCAATGACGGATTGC,9
CTCAATGACTAAGGTC,9
CTCAATGAGAACAGGC,9
CTCAATGAGACAGTGC,9
CTCAATGAGAGTTAGC,9
CTCAATGAGATGAATC,9
CTCAATGAGCCAAGAC,9
CTCAATGACGGAAGAA,9
CTCAATGAGTGACAAG,9
CTCAATGAGAACCAGA,9
CGCATACAAACGTGAT,4
CGCATACAACAAGCTA,2
CGCATACATTGCTGGA,9
CGCATACACTGTAGCC,2
CGCATACAAGTACAAG,2
CGCATACAAACAACCA,3
CGCATACAAACCGAGA,3
CGCATACAAACGCTTA,3
CGCATACAAAGACGGA,5
CGCATACAAAGGTACA,5
CGCATACAACACAGAA,5
CGCATACAACAGCAGA,5
CGCATACAAAACATCG,4
CGCATACAACCTCCAA,5
CGCATACAACGCTCGA,5
CGCATACAACGTATCA,5
CGCATACAACTATGCA,5
CGCATACAAGAGTCAA,5
CGCATACAAGATCGCA,3
CGCATACAAGCAGGAA,3
CGCATACAAGTCACTA,3
CGCATACAATCCTGTA,3
CGCATACAATTGAGGA,3
CGCATACAATGCCTAA,4
CGCATACACAACCACA,3
CGCATACAGACTAGTA,3
CGCATACACAATGGAA,3
CGCATACACACTTCGA,1
CGCATACACAGCGTTA,1
CGCATACACATACCAA,1
CGCATACACCAGTTCA,1
CGCATACACCGAAGTA,1
CGCATACACCGTGAGA,1
CGCATACACCTCCTGA,1
CGCATACAAGTGGTCA,4
CGCATACACGAACTTA,1
CGCATACACGACTGGA,1
CGCATACACGCATACA,1
CGCATACACTCAATGA,1
CGCATACACTGAGCCA,1
CGCATACACTGGCATA,1
CGCATACAGAATCTGA,1
CGCATACACAAGACTA,1
CGCATACAGAGCTGAA,1
CGCATACAGATAGACA,1
CGCATACAACCACTGT,4
CGCATACAGCCACATA,1
CGCATACAGCGAGTAA,1
CGCATACAGCTAACGA,1
CGCATACAGCTCGGTA,1
CGCATACAGGAGAACA,1
CGCATACAGGTGCGAA,1
CGCATACAGTACGCAA,1
CGCATACAGTCGTAGA,1
CGCATACAGTCTGTCA,1
CGCATACAGTGTTCTA,1
CGCATACAACATTGGC,4
CGCATACATAGGATGA,1
CGCATACATATCAGCA,1
CGCATACATCCGTCTA,1
CGCATACATCTTCACA,1
CGCATACATGAAGAGA,1
CGCATACATGGAACAA,1
CGCATACATGGCTTCA,1
CGCATACATGGTGGTA,1
CGCATACATTCACGCA,1
CGCATACAAACTCACC,1
CGCATACACAGATCTG,4
CGCATACAAAGAGATC,1
CGCATACAAAGGACAC,1
CGCATACAAATCCGTC,1
CGCATACAAATGTTGC,1
CGCATACAACACGACC,1
CGCATACAACAGATTC,1
CGCATACAAGATGTAC,1
CGCATACAAGCACCTC,1
CGCATACAAGCCATGC,1
CGCATACAAGGCTAAC,7
CGCATACACATCAAGT,2
CGCATACAATAGCGAC,7
CGCATACAATCATTCC,7
CGCATACAATTGGCTC,9
CGCATACACAAGGAGC,9
CGCATACACACCTTAC,9
CGCATACACCATCCTC,9
CGCATACACCGACAAC,9
CGCATACACCTAATCC,9
CGCATACACCTCTATC,9
CGCATACACGACACAC,9
CGCATACACGCTGATC,2
CGCATACACGGATTGC,9
CGCATACACTAAGGTC,9
CGCATACAGAACAGGC,9
CGCATACAGACAGTGC,9
CGCATACAGAGTTAGC,9
CGCATACAGATGAATC,9
CGCATACAGCCAAGAC,9
CGCATACACGGAAGAA,9
CGCATACAGTGACAAG,9
CGCATACAGAACCAGA,9
GCCAAGACTTGCTGGA,3
GCCAAGACACTATGCA,3
GCCAAGACAGAGTCAA,3
GCCAAGACAGATCGCA,3
GCCAAGACAGCAGGAA,3
GCCAAGACAGTCACTA,3
GCCAAGACATCCTGTA,3
GCCAAGACATTGAGGA,4
GCCAAGACCAACCACA,4
GCCAAGACGACTAGTA,4
GCCAAGACCAATGGAA,4
GCCAAGACCACTTCGA,4
GCCAAGACCAGCGTTA,4
GCCAAGACCATACCAA,4
GCCAAGACCCAGTTCA,4
GCCAAGACCCGAAGTA,4
GCCAAGACCCGTGAGA,4
GCCAAGACCCTCCTGA,4
GCCAAGACCGAACTTA,4
GCCAAGACCGACTGGA,4
GCCAAGACCGCATACA,4
GCCAAGACCTCAATGA,2
GCCAAGACCTGAGCCA,4
GCCAAGACCTGGCATA,4
GCCAAGACGAATCTGA,2
GCCAAGACCAAGACTA,2
GCCAAGACGAGCTGAA,2
GCCAAGACGATAGACA,5
GCCAAGACGCCACATA,2
GCCAAGACGCGAGTAA,5
GCCAAGACGCTAACGA,5
GCCAAGACGCTCGGTA,5
GCCAAGACGGAGAACA,5
GCCAAGACGGTGCGAA,5
GCCAAGACGTACGCAA,5
GCCAAGACGTCGTAGA,5
GCCAAGACGTCTGTCA,5
GCCAAGACGTGTTCTA,5
GCCAAGACTAGGATGA,5
GCCAAGACTATCAGCA,5
GCCAAGACTCCGTCTA,5
GCCAAGACTCTTCACA,5
GCCAAGACTGAAGAGA,5
GCCAAGACTGGAACAA,5
GCCAAGACTGGCTTCA,5
GCCAAGACTGGTGGTA,5
GCCAAGACTTCACGCA,5
GCCAAGACAACTCACC,5
GCCAAGACAAGAGATC,5
GCCAAGACAAGGACAC,5
GCCAAGACAATCCGTC,5
GCCAAGACAATGTTGC,5
GCCAAGACACACGACC,5
GCCAAGACACAGATTC,5
GCCAAGACAGATGTAC,5
GCCAAGACAGCACCTC,5
GCCAAGACAGCCATGC,5
GCCAAGACAGGCTAAC,5
GCCAAGACATAGCGAC,5
GCCAAGACATCATTCC,5
GCCAAGACATTGGCTC,5
GCCAAGACCAAGGAGC,5
GCCAAGACCACCTTAC,5
GCCAAGACCCATCCTC,5
GCCAAGACCCGACAAC,5
GCCAAGACCCTAATCC,5
GCCAAGACCCTCTATC,5
GCCAAGACCGACACAC,2
GCCAAGACCGGATTGC,2
GCCAAGACCTAAGGTC,4
GCCAAGACGAACAGGC,4
GCCAAGACGACAGTGC,4
GCCAAGACGAGTTAGC,4
GCCAAGACGATGAATC,3
GCCAAGACGCCAAGAC,3
GCCAAGACCGGAAGAA,3
GCCAAGACGTGACAAG,3
GCCAAGACGAACCAGA,3
CGACTGGAAACGTGAT,3
CGACTGGAACAAGCTA,2
CGACTGGATTGCTGGA,9
CGACTGGACTGTAGCC,2
CGACTGGAAGTACAAG,2
CGACTGGAAACAACCA,3
CGACTGGAAACCGAGA,3
CGACTGGAAACGCTTA,3
CGACTGGAAAGACGGA,3
CGACTGGAAAGGTACA,5
CGACTGGAACACAGAA,5
CGACTGGAACAGCAGA,5
CGACTGGAAAACATCG,4
CGACTGGAACCTCCAA,5
CGACTGGAACGCTCGA,5
CGACTGGAACGTATCA,5
CGACTGGAACTATGCA,5
CGACTGGAAGAGTCAA,3
CGACTGGAAGATCGCA,3
CGACTGGAAGCAGGAA,3
CGACTGGAAGTCACTA,3
CGACTGGAATCCTGTA,3
CGACTGGAATTGAGGA,3
CGACTGGAATGCCTAA,4
CGACTGGACAACCACA,3
CGACTGGAGACTAGTA,3
CGACTGGACAATGGAA,3
CGACTGGACACTTCGA,3
CGACTGGACAGCGTTA,1
CGACTGGACATACCAA,1
CGACTGGACCAGTTCA,1
CGACTGGACCGAAGTA,1
CGACTGGACCGTGAGA,1
CGACTGGACCTCCTGA,1
CGACTGGAAGTGGTCA,4
CGACTGGACGAACTTA,1
CGACTGGACGACTGGA,1
CGACTGGACGCATACA,1
CGACTGGACTCAATGA,1
CGACTGGACTGAGCCA,1
CGACTGGACTGGCATA,1
CGACTGGAGAATCTGA,1
CGACTGGACAAGACTA,1
CGACTGGAGAGCTGAA,1
CGACTGGAGATAGACA,1
CGACTGGAACCACTGT,4
CGACTGGAGCCACATA,1
CGACTGGAGCGAGTAA,8
CGACTGGAGCTAACGA,1
CGACTGGAGCTCGGTA,1
CGACTGGAGGAGAACA,1
CGACTGGAGGTGCGAA,1
CGACTGGAGTACGCAA,1
CGACTGGAGTCGTAGA,1
CGACTGGAGTCTGTCA,1
CGACTGGAGTGTTCTA,1
CGACTGGAACATTGGC,4
CGACTGGATAGGATGA,1
CGACTGGATATCAGCA,1
CGACTGGATCCGTCTA,1
CGACTGGATCTTCACA,1
CGACTGGATGAAGAGA,1
CGACTGGATGGAACAA,1
CGACTGGATGGCTTCA,1
CGACTGGATGGTGGTA,1
CGACTGGATTCACGCA,1
CGACTGGAAACTCACC,1
CGACTGGACAGATCTG,4
CGACTGGAAAGAGATC,1
CGACTGGAAAGGACAC,1
CGACTGGAAATCCGTC,1
CGACTGGAAATGTTGC,1
CGACTGGAACACGACC,1
CGACTGGAACAGATTC,1
CGACTGGAAGATGTAC,1
CGACTGGAAGCACCTC,1
CGACTGGAAGCCATGC,1
CGACTGGAAGGCTAAC,7
CGACTGGACATCAAGT,2
CGACTGGAATAGCGAC,7
CGACTGGAATCATTCC,7
CGACTGGAATTGGCTC,7
CGACTGGACAAGGAGC,9
CGACTGGACACCTTAC,9
CGACTGGACCATCCTC,9
CGACTGGACCGACAAC,9
CGACTGGACCTAATCC,9
CGACTGGACCTCTATC,9
CGACTGGACGACACAC,9
CGACTGGACGCTGATC,2
CGACTGGACGGATTGC,9
CGACTGGACTAAGGTC,9
CGACTGGAGAACAGGC,9
CGACTGGAGACAGTGC,9
CGACTGGAGAGTTAGC,9
CGACTGGAGATGAATC,9
CGACTGGAGCCAAGAC,9
CGACTGGACGGAAGAA,9
CGACTGGAGTGACAAG,9
CGACTGGAGAACCAGA,9
CGAACTTAAACGTGAT,3
CGAACTTAACAAGCTA,2
CGAACTTATTGCTGGA,9
CGAACTTACTGTAGCC,2
CGAACTTAAGTACAAG,2
CGAACTTAAACAACCA,2
CGAACTTAAACCGAGA,3
CGAACTTAAACGCTTA,3
CGAACTTAAAGACGGA,3
CGAACTTAAAGGTACA,3
CGAACTTAACACAGAA,3
CGAACTTAACAGCAGA,5
CGAACTTAAAACATCG,3
CGAACTTAACCTCCAA,5
CGAACTTAACGCTCGA,5
CGAACTTAACGTATCA,5
CGAACTTAACTATGCA,5
CGAACTTAAGAGTCAA,3
CGAACTTAAGATCGCA,3
CGAACTTAAGCAGGAA,3
CGAACTTAAGTCACTA,3
CGAACTTAATCCTGTA,3
CGAACTTAATTGAGGA,3
CGAACTTAATGCCTAA,3
CGAACTTACAACCACA,3
CGAACTTAGACTAGTA,3
CGAACTTACAATGGAA,3
CGAACTTACACTTCGA,8
CGAACTTACAGCGTTA,1
CGAACTTACATACCAA,1
CGAACTTACCAGTTCA,1
CGAACTTACCGAAGTA,1
CGAACTTACCGTGAGA,1
CGAACTTACCTCCTGA,1
CGAACTTAAGTGGTCA,4
CGAACTTACGAACTTA,1
CGAACTTACGACTGGA,1
CGAACTTACGCATACA,1
CGAACTTACTCAATGA,1
CGAACTTACTGAGCCA,1
CGAACTTACTGGCATA,1
CGAACTTAGAATCTGA,1
CGAACTTACAAGACTA,1
CGAACTTAGAGCTGAA,1
CGAACTTAGATAGACA,1
CGAACTTAACCACTGT,4
CGAACTTAGCCACATA,1
CGAACTTAGCGAGTAA,1
CGAACTTAGCTAACGA,1
CGAACTTAGCTCGGTA,1
CGAACTTAGGAGAACA,1
CGAACTTAGGTGCGAA,1
CGAACTTAGTACGCAA,1
CGAACTTAGTCGTAGA,1
CGAACTTAGTCTGTCA,1
CGAACTTAGTGTTCTA,1
CGAACTTAACATTGGC,4
CGAACTTATAGGATGA,1
CGAACTTATATCAGCA,1
CGAACTTATCCGTCTA,1
CGAACTTATCTTCACA,1
CGAACTTATGAAGAGA,1
CGAACTTATGGAACAA,1
CGAACTTATGGCTTCA,1
CGAACTTATGGTGGTA,1
CGAACTTATTCACGCA,1
CGAACTTAAACTCACC,1
CGAACTTACAGATCTG,2
CGAACTTAAAGAGATC,1
CGAACTTAAAGGACAC,1
CGAACTTAAATCCGTC,1
CGAACTTAAATGTTGC,1
CGAACTTAACACGACC,1
CGAACTTAACAGATTC,1
CGAACTTAAGATGTAC,1
CGAACTTAAGCACCTC,1
CGAACTTAAGCCATGC,7
CGAACTTAAGGCTAAC,7
CGAACTTACATCAAGT,2
CGAACTTAATAGCGAC,7
CGAACTTAATCATTCC,7
CGAACTTAATTGGCTC,7
CGAACTTACAAGGAGC,9
CGAACTTACACCTTAC,9
CGAACTTACCATCCTC,9
CGAACTTACCGACAAC,9
CGAACTTACCTAATCC,9
CGAACTTACCTCTATC,9
CGAACTTACGACACAC,9
CGAACTTACGCTGATC,2
CGAACTTACGGATTGC,9
CGAACTTACTAAGGTC,9
CGAACTTAGAACAGGC,9
CGAACTTAGACAGTGC,9
CGAACTTAGAGTTAGC,9
CGAACTTAGATGAATC,9
CGAACTTAGCCAAGAC,9
CGAACTTACGGAAGAA,9
CGAACTTAGTGACAAG,9
CGAACTTAGAACCAGA,9
CCTCCTGAAACGTGAT,3
CCTCCTGAACAAGCTA,2
CCTCCTGATTGCTGGA,9
CCTCCTGACTGTAGCC,2
CCTCCTGAAGTACAAG,2
CCTCCTGAAACAACCA,3
CCTCCTGAAACCGAGA,3
CCTCCTGAAACGCTTA,3
CCTCCTGAAAGACGGA,3
CCTCCTGAAAGGTACA,3
CCTCCTGAACACAGAA,3
CCTCCTGAACAGCAGA,5
CCTCCTGAAAACATCG,3
CCTCCTGAACCTCCAA,5
CCTCCTGAACGCTCGA,5
CCTCCTGAACGTATCA,5
CCTCCTGAACTATGCA,5
CCTCCTGAAGAGTCAA,3
CCTCCTGAAGATCGCA,3
CCTCCTGAAGCAGGAA,3
CCTCCTGAAGTCACTA,3
CCTCCTGAATCCTGTA,3
CCTCCTGAATTGAGGA,3
CCTCCTGAATGCCTAA,4
CCTCCTGACAACCACA,3
CCTCCTGAGACTAGTA,3
CCTCCTGACAATGGAA,3
CCTCCTGACACTTCGA,8
CCTCCTGACAGCGTTA,8
CCTCCTGACATACCAA,1
CCTCCTGACCAGTTCA,3
CCTCCTGACCGAAGTA,8
CCTCCTGACCGTGAGA,1
CCTCCTGACCTCCTGA,8
CCTCCTGAAGTGGTCA,4
CCTCCTGACGAACTTA,1
CCTCCTGACGACTGGA,1
CCTCCTGACGCATACA,1
CCTCCTGACTCAATGA,1
CCTCCTGACTGAGCCA,1
CCTCCTGACTGGCATA,1
CCTCCTGAGAATCTGA,1
CCTCCTGACAAGACTA,1
CCTCCTGAGAGCTGAA,1
CCTCCTGAGATAGACA,1
CCTCCTGAACCACTGT,4
CCTCCTGAGCCACATA,1
CCTCCTGAGCGAGTAA,1
CCTCCTGAGCTAACGA,1
CCTCCTGAGCTCGGTA,1
CCTCCTGAGGAGAACA,1
CCTCCTGAGGTGCGAA,1
CCTCCTGAGTACGCAA,1
CCTCCTGAGTCGTAGA,1
CCTCCTGAGTCTGTCA,1
CCTCCTGAGTGTTCTA,1
CCTCCTGAACATTGGC,4
CCTCCTGATAGGATGA,1
CCTCCTGATATCAGCA,1
CCTCCTGATCCGTCTA,1
CCTCCTGATCTTCACA,1
CCTCCTGATGAAGAGA,1
CCTCCTGATGGAACAA,1
CCTCCTGATGGCTTCA,1
CCTCCTGATGGTGGTA,1
CCTCCTGATTCACGCA,1
CCTCCTGAAACTCACC,1
CCTCCTGACAGATCTG,4
CCTCCTGAAAGAGATC,1
CCTCCTGAAAGGACAC,7
CCTCCTGAAATCCGTC,1
CCTCCTGAAATGTTGC,1
CCTCCTGAACACGACC,1
CCTCCTGAACAGATTC,1
CCTCCTGAAGATGTAC,1
CCTCCTGAAGCACCTC,6
CCTCCTGAAGCCATGC,7
CCTCCTGAAGGCTAAC,7
CCTCCTGACATCAAGT,2
CCTCCTGAATAGCGAC,7
CCTCCTGAATCATTCC,7
CCTCCTGAATTGGCTC,9
CCTCCTGACAAGGAGC,9
CCTCCTGACACCTTAC,9
CCTCCTGACCATCCTC,9
CCTCCTGACCGACAAC,9
CCTCCTGACCTAATCC,9
CCTCCTGACCTCTATC,9
CCTCCTGACGACACAC,9
CCTCCTGACGCTGATC,2
CCTCCTGACGGATTGC,9
CCTCCTGACTAAGGTC,9
CCTCCTGAGAACAGGC,9
CCTCCTGAGACAGTGC,9
CCTCCTGAGAGTTAGC,9
CCTCCTGAGATGAATC,9
CCTCCTGAGCCAAGAC,9
CCTCCTGACGGAAGAA,9
CCTCCTGAGTGACAAG,9
CCTCCTGAGAACCAGA,9
CCGTGAGAAACGTGAT,3
CCGTGAGAACAAGCTA,2
CCGTGAGATTGCTGGA,9
CCGTGAGACTGTAGCC,2
CCGTGAGAAGTACAAG,2
CCGTGAGAAACAACCA,2
CCGTGAGAAACCGAGA,3
CCGTGAGAAACGCTTA,3
CCGTGAGAAAGACGGA,5
CCGTGAGAAAGGTACA,5
CCGTGAGAACACAGAA,3
CCGTGAGAACAGCAGA,5
CCGTGAGAAAACATCG,3
CCGTGAGAACCTCCAA,5
CCGTGAGAACGCTCGA,5
CCGTGAGAACGTATCA,5
CCGTGAGAACTATGCA,5
CCGTGAGAAGAGTCAA,3
CCGTGAGAAGATCGCA,3
CCGTGAGAAGCAGGAA,3
CCGTGAGAAGTCACTA,3
CCGTGAGAATCCTGTA,3
CCGTGAGAATTGAGGA,3
CCGTGAGAATGCCTAA,4
CCGTGAGACAACCACA,3
CCGTGAGAGACTAGTA,3
CCGTGAGACAATGGAA,3
CCGTGAGACACTTCGA,8
CCGTGAGACAGCGTTA,8
CCGTGAGACATACCAA,1
CCGTGAGACCAGTTCA,1
CCGTGAGACCGAAGTA,1
CCGTGAGACCGTGAGA,1
CCGTGAGACCTCCTGA,1
CCGTGAGAAGTGGTCA,4
CCGTGAGACGAACTTA,1
CCGTGAGACGACTGGA,1
CCGTGAGACGCATACA,1
CCGTGAGACTCAATGA,1
CCGTGAGACTGAGCCA,1
CCGTGAGACTGGCATA,1
CCGTGAGAGAATCTGA,1
CCGTGAGACAAGACTA,1
CCGTGAGAGAGCTGAA,1
CCGTGAGAGATAGACA,1
CCGTGAGAACCACTGT,4
CCGTGAGAGCCACATA,1
CCGTGAGAGCGAGTAA,1
CCGTGAGAGCTAACGA,1
CCGTGAGAGCTCGGTA,1
CCGTGAGAGGAGAACA,1
CCGTGAGAGGTGCGAA,1
CCGTGAGAGTACGCAA,1
CCGTGAGAGTCGTAGA,1
CCGTGAGAGTCTGTCA,1
CCGTGAGAGTGTTCTA,1
CCGTGAGAACATTGGC,4
CCGTGAGATAGGATGA,1
CCGTGAGATATCAGCA,1
CCGTGAGATCCGTCTA,6
CCGTGAGATCTTCACA,8
CCGTGAGATGAAGAGA,1
CCGTGAGATGGAACAA,1
CCGTGAGATGGCTTCA,1
CCGTGAGATGGTGGTA,1
CCGTGAGATTCACGCA,1
CCGTGAGAAACTCACC,1
CCGTGAGACAGATCTG,4
CCGTGAGAAAGAGATC,1
CCGTGAGAAAGGACAC,6
CCGTGAGAAATCCGTC,1
CCGTGAGAAATGTTGC,1
CCGTGAGAACACGACC,1
CCGTGAGAACAGATTC,1
CCGTGAGAAGATGTAC,1
CCGTGAGAAGCACCTC,1
CCGTGAGAAGCCATGC,7
CCGTGAGAAGGCTAAC,7
CCGTGAGACATCAAGT,2
CCGTGAGAATAGCGAC,7
CCGTGAGAATCATTCC,7
CCGTGAGAATTGGCTC,9
CCGTGAGACAAGGAGC,9
CCGTGAGACACCTTAC,9
CCGTGAGACCATCCTC,9
CCGTGAGACCGACAAC,9
CCGTGAGACCTAATCC,9
CCGTGAGACCTCTATC,9
CCGTGAGACGACACAC,9
CCGTGAGACGCTGATC,2
CCGTGAGACGGATTGC,9
CCGTGAGACTAAGGTC,9
CCGTGAGAGAACAGGC,9
CCGTGAGAGACAGTGC,9
CCGTGAGAGAGTTAGC,9
CCGTGAGAGATGAATC,9
CCGTGAGAGCCAAGAC,9
CCGTGAGACGGAAGAA,9
CCGTGAGAGTGACAAG,9
CCGTGAGAGAACCAGA,9
CCGAAGTAAACGTGAT,3
CCGAAGTAACAAGCTA,2
CCGAAGTATTGCTGGA,9
CCGAAGTACTGTAGCC,2
CCGAAGTAAGTACAAG,2
CCGAAGTAAACAACCA,2
CCGAAGTAAACCGAGA,3
CCGAAGTAAACGCTTA,3
CCGAAGTAAAGACGGA,5
CCGAAGTAAAGGTACA,5
CCGAAGTAACACAGAA,5
CCGAAGTAACAGCAGA,5
CCGAAGTAAAACATCG,3
CCGAAGTAACCTCCAA,5
CCGAAGTAACGCTCGA,5
CCGAAGTAACGTATCA,5
CCGAAGTAACTATGCA,5
CCGAAGTAAGAGTCAA,3
CCGAAGTAAGATCGCA,3
CCGAAGTAAGCAGGAA,3
CCGAAGTAAGTCACTA,3
CCGAAGTAATCCTGTA,3
CCGAAGTAATTGAGGA,3
CCGAAGTAATGCCTAA,3
CCGAAGTACAACCACA,3
CCGAAGTAGACTAGTA,3
CCGAAGTACAATGGAA,3
CCGAAGTACACTTCGA,8
CCGAAGTACAGCGTTA,8
CCGAAGTACATACCAA,1
CCGAAGTACCAGTTCA,1
CCGAAGTACCGAAGTA,1
CCGAAGTACCGTGAGA,1
CCGAAGTACCTCCTGA,1
CCGAAGTAAGTGGTCA,4
CCGAAGTACGAACTTA,1
CCGAAGTACGACTGGA,1
CCGAAGTACGCATACA,1
CCGAAGTACTCAATGA,1
CCGAAGTACTGAGCCA,1
CCGAAGTACTGGCATA,1
CCGAAGTAGAATCTGA,1
CCGAAGTACAAGACTA,3
CCGAAGTAGAGCTGAA,1
CCGAAGTAGATAGACA,1
CCGAAGTAACCACTGT,4
CCGAAGTAGCCACATA,1
CCGAAGTAGCGAGTAA,1
CCGAAGTAGCTAACGA,1
CCGAAGTAGCTCGGTA,1
CCGAAGTAGGAGAACA,1
CCGAAGTAGGTGCGAA,1
CCGAAGTAGTACGCAA,1
CCGAAGTAGTCGTAGA,1
CCGAAGTAGTCTGTCA,3
CCGAAGTAGTGTTCTA,6
CCGAAGTAACATTGGC,4
CCGAAGTATAGGATGA,1
CCGAAGTATATCAGCA,1
CCGAAGTATCCGTCTA,6
CCGAAGTATCTTCACA,6
CCGAAGTATGAAGAGA,1
CCGAAGTATGGAACAA,1
CCGAAGTATGGCTTCA,1
CCGAAGTATGGTGGTA,1
CCGAAGTATTCACGCA,1
CCGAAGTAAACTCACC,1
CCGAAGTACAGATCTG,4
CCGAAGTAAAGAGATC,1
CCGAAGTAAAGGACAC,1
CCGAAGTAAATCCGTC,1
CCGAAGTAAATGTTGC,1
CCGAAGTAACACGACC,1
CCGAAGTAACAGATTC,1
CCGAAGTAAGATGTAC,1
CCGAAGTAAGCACCTC,1
CCGAAGTAAGCCATGC,7
CCGAAGTAAGGCTAAC,7
CCGAAGTACATCAAGT,4
CCGAAGTAATAGCGAC,7
CCGAAGTAATCATTCC,7
CCGAAGTAATTGGCTC,7
CCGAAGTACAAGGAGC,9
CCGAAGTACACCTTAC,9
CCGAAGTACCATCCTC,9
CCGAAGTACCGACAAC,9
CCGAAGTACCTAATCC,9
CCGAAGTACCTCTATC,9
CCGAAGTACGACACAC,9
CCGAAGTACGCTGATC,2
CCGAAGTACGGATTGC,9
CCGAAGTACTAAGGTC,9
CCGAAGTAGAACAGGC,9
CCGAAGTAGACAGTGC,9
CCGAAGTAGAGTTAGC,9
CCGAAGTAGATGAATC,9
CCGAAGTAGCCAAGAC,9
CCGAAGTACGGAAGAA,9
CCGAAGTAGTGACAAG,9
CCGAAGTAGAACCAGA,9
CCAGTTCAAACGTGAT,3
CCAGTTCAACAAGCTA,2
CCAGTTCATTGCTGGA,9
CCAGTTCACTGTAGCC,2
CCAGTTCAAGTACAAG,2
CCAGTTCAAACAACCA,2
CCAGTTCAAACCGAGA,3
CCAGTTCAAACGCTTA,3
CCAGTTCAAAGACGGA,5
CCAGTTCAAAGGTACA,5
CCAGTTCAACACAGAA,5
CCAGTTCAACAGCAGA,5
CCAGTTCAAAACATCG,3
CCAGTTCAACCTCCAA,5
CCAGTTCAACGCTCGA,5
CCAGTTCAACGTATCA,5
CCAGTTCAACTATGCA,5
CCAGTTCAAGAGTCAA,3
CCAGTTCAAGATCGCA,3
CCAGTTCAAGCAGGAA,3
CCAGTTCAAGTCACTA,3
CCAGTTCAATCCTGTA,3
CCAGTTCAATTGAGGA,3
CCAGTTCAATGCCTAA,3
CCAGTTCACAACCACA,3
CCAGTTCAGACTAGTA,3
CCAGTTCACAATGGAA,3
CCAGTTCACACTTCGA,8
CCAGTTCACAGCGTTA,8
CCAGTTCACATACCAA,1
CCAGTTCACCAGTTCA,1
CCAGTTCACCGAAGTA,1
CCAGTTCACCGTGAGA,1
CCAGTTCACCTCCTGA,1
CCAGTTCAAGTGGTCA,4
CCAGTTCACGAACTTA,1
CCAGTTCACGACTGGA,1
CCAGTTCACGCATACA,1
CCAGTTCACTCAATGA,1
CCAGTTCACTGAGCCA,1
CCAGTTCACTGGCATA,1
CCAGTTCAGAATCTGA,1
CCAGTTCACAAGACTA,1
CCAGTTCAGAGCTGAA,1
CCAGTTCAGATAGACA,1
CCAGTTCAACCACTGT,4
CCAGTTCAGCCACATA,1
CCAGTTCAGCGAGTAA,1
CCAGTTCAGCTAACGA,1
CCAGTTCAGCTCGGTA,1
CCAGTTCAGGAGAACA,1
CCAGTTCAGGTGCGAA,1
CCAGTTCAGTACGCAA,3
CCAGTTCAGTCGTAGA,6
CCAGTTCAGTCTGTCA,1
CCAGTTCAGTGTTCTA,1
CCAGTTCAACATTGGC,4
CCAGTTCATAGGATGA,1
CCAGTTCATATCAGCA,1
CCAGTTCATCCGTCTA,1
CCAGTTCATCTTCACA,6
CCAGTTCATGAAGAGA,1
CCAGTTCATGGAACAA,1
CCAGTTCATGGCTTCA,1
CCAGTTCATGGTGGTA,1
CCAGTTCATTCACGCA,1
CCAGTTCAAACTCACC,1
CCAGTTCACAGATCTG,4
CCAGTTCAAAGAGATC,1
CCAGTTCAAAGGACAC,1
CCAGTTCAAATCCGTC,1
CCAGTTCAAATGTTGC,1
CCAGTTCAACACGACC,1
CCAGTTCAACAGATTC,1
CCAGTTCAAGATGTAC,1
CCAGTTCAAGCACCTC,1
CCAGTTCAAGCCATGC,7
CCAGTTCAAGGCTAAC,7
CCAGTTCACATCAAGT,4
CCAGTTCAATAGCGAC,7
CCAGTTCAATCATTCC,7
CCAGTTCAATTGGCTC,7
CCAGTTCACAAGGAGC,9
CCAGTTCACACCTTAC,9
CCAGTTCACCATCCTC,9
CCAGTTCACCGACAAC,9
CCAGTTCACCTAATCC,9
CCAGTTCACCTCTATC,9
CCAGTTCACGACACAC,9
CCAGTTCACGCTGATC,2
CCAGTTCACGGATTGC,9
CCAGTTCACTAAGGTC,9
CCAGTTCAGAACAGGC,9
CCAGTTCAGACAGTGC,9
CCAGTTCAGAGTTAGC,9
CCAGTTCAGATGAATC,9
CCAGTTCAGCCAAGAC,9
CCAGTTCACGGAAGAA,9
CCAGTTCAGTGACAAG,9
CCAGTTCAGAACCAGA,9
CATACCAAAACGTGAT,3
CATACCAAACAAGCTA,2
CATACCAATTGCTGGA,9
CATACCAACTGTAGCC,2
CATACCAAAGTACAAG,2
CATACCAAAACAACCA,5
CATACCAAAACCGAGA,3
CATACCAAAACGCTTA,5
CATACCAAAAGACGGA,5
CATACCAAAAGGTACA,5
CATACCAAACACAGAA,5
CATACCAAACAGCAGA,5
CATACCAAAAACATCG,3
CATACCAAACCTCCAA,5
CATACCAAACGCTCGA,5
CATACCAAACGTATCA,5
CATACCAAACTATGCA,5
CATACCAAAGAGTCAA,3
CATACCAAAGATCGCA,3
CATACCAAAGCAGGAA,3
CATACCAAAGTCACTA,3
CATACCAAATCCTGTA,3
CATACCAAATTGAGGA,3
CATACCAAATGCCTAA,3
CATACCAACAACCACA,3
CATACCAAGACTAGTA,3
CATACCAACAATGGAA,3
CATACCAACACTTCGA,8
CATACCAACAGCGTTA,8
CATACCAACATACCAA,1
CATACCAACCAGTTCA,1
CATACCAACCGAAGTA,1
CATACCAACCGTGAGA,1
CATACCAACCTCCTGA,1
CATACCAAAGTGGTCA,4
CATACCAACGAACTTA,1
CATACCAACGACTGGA,1
CATACCAACGCATACA,1
CATACCAACTCAATGA,1
CATACCAACTGAGCCA,1
CATACCAACTGGCATA,1
CATACCAAGAATCTGA,1
CATACCAACAAGACTA,1
CATACCAAGAGCTGAA,3
CATACCAAGATAGACA,1
CATACCAAACCACTGT,4
CATACCAAGCCACATA,1
CATACCAAGCGAGTAA,1
CATACCAAGCTAACGA,1
CATACCAAGCTCGGTA,1
CATACCAAGGAGAACA,1
CATACCAAGGTGCGAA,1
CATACCAAGTACGCAA,6
CATACCAAGTCGTAGA,6
CATACCAAGTCTGTCA,1
CATACCAAGTGTTCTA,1
CATACCAAACATTGGC,4
CATACCAATAGGATGA,1
CATACCAATATCAGCA,1
CATACCAATCCGTCTA,1
CATACCAATCTTCACA,1
CATACCAATGAAGAGA,1
CATACCAATGGAACAA,1
CATACCAATGGCTTCA,3
CATACCAATGGTGGTA,1
CATACCAATTCACGCA,1
CATACCAAAACTCACC,1
CATACCAACAGATCTG,4
CATACCAAAAGAGATC,6
CATACCAAAAGGACAC,6
CATACCAAAATCCGTC,1
CATACCAAAATGTTGC,1
CATACCAAACACGACC,1
CATACCAAACAGATTC,1
CATACCAAAGATGTAC,1
CATACCAAAGCACCTC,1
CATACCAAAGCCATGC,6
CATACCAAAGGCTAAC,7
CATACCAACATCAAGT,4
CATACCAAATAGCGAC,7
CATACCAAATCATTCC,7
CATACCAAATTGGCTC,7
CATACCAACAAGGAGC,9
CATACCAACACCTTAC,9
CATACCAACCATCCTC,9
CATACCAACCGACAAC,9
CATACCAACCTAATCC,9
CATACCAACCTCTATC,9
CATACCAACGACACAC,9
CATACCAACGCTGATC,2
CATACCAACGGATTGC,9
CATACCAACTAAGGTC,9
CATACCAAGAACAGGC,9
CATACCAAGACAGTGC,9
CATACCAAGAGTTAGC,9
CATACCAAGATGAATC,9
CATACCAAGCCAAGAC,9
CATACCAACGGAAGAA,9
CATACCAAGTGACAAG,9
CATACCAAGAACCAGA,9
CAGCGTTAACAAGCTA,2
CAGCGTTATTGCTGGA,3
CAGCGTTACTGTAGCC,2
CAGCGTTAAGTACAAG,2
CAGCGTTAAACAACCA,2
CAGCGTTAAACCGAGA,3
CAGCGTTAAACGCTTA,5
CAGCGTTAAAGACGGA,5
CAGCGTTAAAGGTACA,3
CAGCGTTAACACAGAA,3
CAGCGTTAACAGCAGA,3
CAGCGTTAAAACATCG,3
CAGCGTTAACCTCCAA,5
CAGCGTTAACGCTCGA,5
CAGCGTTAACGTATCA,5
CAGCGTTAACTATGCA,3
CAGCGTTAAGAGTCAA,3
CAGCGTTAAGATCGCA,3
CAGCGTTAAGCAGGAA,3
CAGCGTTAAGTCACTA,3
CAGCGTTAATCCTGTA,3
CAGCGTTAATTGAGGA,3
CAGCGTTAATGCCTAA,3
CAGCGTTACAACCACA,3
CAGCGTTAGACTAGTA,3
CAGCGTTACAATGGAA,3
CAGCGTTACACTTCGA,3
CAGCGTTACAGCGTTA,8
CAGCGTTACATACCAA,1
CAGCGTTACCAGTTCA,1
CAGCGTTACCGAAGTA,1
CAGCGTTACCGTGAGA,1
CAGCGTTACCTCCTGA,1
CAGCGTTAAGTGGTCA,3
CAGCGTTACGAACTTA,1
CAGCGTTACGACTGGA,1
CAGCGTTACGCATACA,1
CAGCGTTACTCAATGA,1
CAGCGTTACTGAGCCA,1
CAGCGTTACTGGCATA,1
CAGCGTTAGAATCTGA,1
CAGCGTTACAAGACTA,1
CAGCGTTAGAGCTGAA,1
CAGCGTTAGATAGACA,1
CAGCGTTAACCACTGT,4
CAGCGTTAGCCACATA,1
CAGCGTTAGCGAGTAA,1
CAGCGTTAGCTAACGA,1
CAGCGTTAGCTCGGTA,1
CAGCGTTAGGAGAACA,3
CAGCGTTAGGTGCGAA,1
CAGCGTTAGTACGCAA,1
CAGCGTTAGTCGTAGA,1
CAGCGTTAGTCTGTCA,6
CAGCGTTAGTGTTCTA,1
CAGCGTTAACATTGGC,4
CAGCGTTATAGGATGA,1
CAGCGTTATATCAGCA,8
CAGCGTTATCCGTCTA,1
CAGCGTTATCTTCACA,8
CAGCGTTATGAAGAGA,1
CAGCGTTATGGAACAA,1
CAGCGTTATGGCTTCA,1
CAGCGTTATGGTGGTA,1
CAGCGTTATTCACGCA,1
CAGCGTTAAACTCACC,6
CAGCGTTACAGATCTG,4
CAGCGTTAAAGAGATC,6
CAGCGTTAAAGGACAC,6
CAGCGTTAAATCCGTC,1
CAGCGTTAAATGTTGC,1
CAGCGTTAACACGACC,1
CAGCGTTAACAGATTC,1
CAGCGTTAAGATGTAC,1
CAGCGTTAAGCACCTC,6
CAGCGTTAAGCCATGC,6
CAGCGTTAAGGCTAAC,7
CAGCGTTACATCAAGT,4
CAGCGTTAATAGCGAC,7
CAGCGTTAATCATTCC,7
CAGCGTTAATTGGCTC,7
CAGCGTTACAAGGAGC,9
CAGCGTTACACCTTAC,9
CAGCGTTACCATCCTC,9
CAGCGTTACCGACAAC,9
CAGCGTTACCTAATCC,9
CAGCGTTACCTCTATC,9
CAGCGTTACGACACAC,9
CAGCGTTACGCTGATC,2
CAGCGTTACGGATTGC,9
CAGCGTTACTAAGGTC,9
CAGCGTTAGAACAGGC,9
CAGCGTTAGACAGTGC,9
CAGCGTTAGAGTTAGC,9
CAGCGTTAGATGAATC,9
CAGCGTTAGCCAAGAC,9
CAGCGTTACGGAAGAA,9
CAGCGTTAGTGACAAG,9
CAGCGTTAGAACCAGA,9
CACTTCGAACAAGCTA,2
CACTTCGATTGCTGGA,9
CACTTCGACTGTAGCC,2
CACTTCGAAGTACAAG,2
CACTTCGAAACAACCA,3
CACTTCGAAACCGAGA,3
CACTTCGAAACGCTTA,3
CACTTCGAAAGACGGA,3
CACTTCGAAAGGTACA,3
CACTTCGAACACAGAA,3
CACTTCGAACAGCAGA,3
CACTTCGAAAACATCG,3
CACTTCGAACCTCCAA,5
CACTTCGAACGCTCGA,5
CACTTCGAACGTATCA,5
CACTTCGAACTATGCA,5
CACTTCGAAGAGTCAA,5
CACTTCGAAGATCGCA,3
CACTTCGAAGCAGGAA,3
CACTTCGAAGTCACTA,3
CACTTCGAATCCTGTA,3
CACTTCGAATTGAGGA,3
CACTTCGAATGCCTAA,3
CACTTCGACAACCACA,3
CACTTCGAGACTAGTA,3
CACTTCGACAATGGAA,3
CACTTCGACACTTCGA,8
CACTTCGACAGCGTTA,8
CACTTCGACATACCAA,1
CACTTCGACCAGTTCA,1
CACTTCGACCGAAGTA,1
CACTTCGACCGTGAGA,1
CACTTCGACCTCCTGA,1
CACTTCGAAGTGGTCA,3
CACTTCGACGAACTTA,1
CACTTCGACGACTGGA,1
CACTTCGACGCATACA,1
CACTTCGACTCAATGA,1
CACTTCGACTGAGCCA,1
CACTTCGACTGGCATA,1
CACTTCGAGAATCTGA,1
CACTTCGACAAGACTA,1
CACTTCGAGAGCTGAA,1
CACTTCGAGATAGACA,1
CACTTCGAACCACTGT,4
CACTTCGAGCCACATA,1
CACTTCGAGCGAGTAA,1
CACTTCGAGCTAACGA,1
CACTTCGAGCTCGGTA,1
CACTTCGAGGAGAACA,6
CACTTCGAGGTGCGAA,1
CACTTCGAGTACGCAA,1
CACTTCGAGTCGTAGA,6
CACTTCGAGTCTGTCA,1
CACTTCGAGTGTTCTA,1
CACTTCGAACATTGGC,4
CACTTCGATAGGATGA,1
CACTTCGATATCAGCA,1
CACTTCGATCCGTCTA,1
CACTTCGATCTTCACA,1
CACTTCGATGAAGAGA,1
CACTTCGATGGAACAA,1
CACTTCGATGGCTTCA,1
CACTTCGATGGTGGTA,1
CACTTCGATTCACGCA,1
CACTTCGAAACTCACC,1
CACTTCGACAGATCTG,4
CACTTCGAAAGAGATC,6
CACTTCGAAAGGACAC,1
CACTTCGAAATCCGTC,1
CACTTCGAAATGTTGC,1
CACTTCGAACACGACC,1
CACTTCGAACAGATTC,1
CACTTCGAAGATGTAC,1
CACTTCGAAGCACCTC,6
CACTTCGAAGCCATGC,7
CACTTCGAAGGCTAAC,7
CACTTCGACATCAAGT,4
CACTTCGAATAGCGAC,7
CACTTCGAATCATTCC,7
CACTTCGAATTGGCTC,6
CACTTCGACAAGGAGC,6
CACTTCGACACCTTAC,9
CACTTCGACCATCCTC,9
CACTTCGACCGACAAC,9
CACTTCGACCTAATCC,9
CACTTCGACCTCTATC,9
CACTTCGACGACACAC,9
CACTTCGACGCTGATC,4
CACTTCGACGGATTGC,9
CACTTCGACTAAGGTC,9
CACTTCGAGAACAGGC,9
CACTTCGAGACAGTGC,9
CACTTCGAGAGTTAGC,9
CACTTCGAGATGAATC,9
CACTTCGAGCCAAGAC,9
CACTTCGACGGAAGAA,9
CACTTCGAGTGACAAG,9
CACTTCGAGAACCAGA,9
CAATGGAAACAAGCTA,2
CAATGGAATTGCTGGA,9
CAATGGAACTGTAGCC,2
CAATGGAAAGTACAAG,2
CAATGGAAAACAACCA,2
CAATGGAAAACCGAGA,3
CAATGGAAAACGCTTA,3
CAATGGAAAAGACGGA,3
CAATGGAAAAGGTACA,3
CAATGGAAACACAGAA,3
CAATGGAAACAGCAGA,5
CAATGGAAAAACATCG,3
CAATGGAAACCTCCAA,5
CAATGGAAACGCTCGA,5
CAATGGAAACGTATCA,5
CAATGGAAACTATGCA,5
CAATGGAAAGAGTCAA,5
CAATGGAAAGATCGCA,3
CAATGGAAAGCAGGAA,3
CAATGGAAAGTCACTA,3
CAATGGAAATCCTGTA,3
CAATGGAAATTGAGGA,3
CAATGGAAATGCCTAA,3
CAATGGAACAACCACA,3
CAATGGAAGACTAGTA,3
CAATGGAACAATGGAA,3
CAATGGAACACTTCGA,3
CAATGGAACAGCGTTA,8
CAATGGAACATACCAA,1
CAATGGAACCAGTTCA,1
CAATGGAACCGAAGTA,1
CAATGGAACCGTGAGA,1
CAATGGAACCTCCTGA,1
CAATGGAACGAACTTA,1
CAATGGAACGACTGGA,1
CAATGGAACGCATACA,1
CAATGGAACTCAATGA,1
CAATGGAACTGAGCCA,1
CAATGGAACTGGCATA,1
CAATGGAAGAATCTGA,1
CAATGGAACAAGACTA,1
CAATGGAAGAGCTGAA,1
CAATGGAAGATAGACA,1
CAATGGAAACCACTGT,3
CAATGGAAGCCACATA,1
CAATGGAAGCGAGTAA,1
CAATGGAAGCTAACGA,1
CAATGGAAGCTCGGTA,1
CAATGGAAGGAGAACA,1
CAATGGAAGGTGCGAA,1
CAATGGAAGTACGCAA,1
CAATGGAAGTCGTAGA,1
CAATGGAAGTCTGTCA,1
CAATGGAAGTGTTCTA,6
CAATGGAAACATTGGC,4
CAATGGAATAGGATGA,1
CAATGGAATATCAGCA,1
CAATGGAATCCGTCTA,1
CAATGGAATCTTCACA,1
CAATGGAATGAAGAGA,1
CAATGGAATGGAACAA,1
CAATGGAATGGCTTCA,1
CAATGGAATGGTGGTA,1
CAATGGAATTCACGCA,1
CAATGGAAAACTCACC,1
CAATGGAACAGATCTG,4
CAATGGAAAAGAGATC,1
CAATGGAAAAGGACAC,1
CAATGGAAAATCCGTC,1
CAATGGAAAATGTTGC,1
CAATGGAAACACGACC,1
CAATGGAAACAGATTC,1
CAATGGAAAGATGTAC,1
CAATGGAAAGCACCTC,6
CAATGGAAAGCCATGC,7
CAATGGAAAGGCTAAC,7
CAATGGAACATCAAGT,4
CAATGGAAATAGCGAC,7
CAATGGAAATCATTCC,7
CAATGGAAATTGGCTC,6
CAATGGAACAAGGAGC,6
CAATGGAACACCTTAC,6
CAATGGAACCATCCTC,9
CAATGGAACCGACAAC,9
CAATGGAACCTAATCC,9
CAATGGAACCTCTATC,9
CAATGGAACGACACAC,9
CAATGGAACGCTGATC,2
CAATGGAACGGATTGC,9
CAATGGAACTAAGGTC,9
CAATGGAAGAACAGGC,9
CAATGGAAGACAGTGC,9
CAATGGAAGAGTTAGC,9
CAATGGAAGATGAATC,9
CAATGGAAGCCAAGAC,9
CAATGGAACGGAAGAA,9
CAATGGAAGTGACAAG,9
CAATGGAAGAACCAGA,9
GATGAATCTTGCTGGA,3
GATGAATCACGTATCA,4
GATGAATCACTATGCA,3
GATGAATCAGAGTCAA,3
GATGAATCAGATCGCA,3
GATGAATCAGCAGGAA,3
GATGAATCAGTCACTA,3
GATGAATCATCCTGTA,4
GATGAATCATTGAGGA,4
GATGAATCCAACCACA,4
GATGAATCGACTAGTA,4
GATGAATCCAATGGAA,4
GATGAATCCACTTCGA,4
GATGAATCCAGCGTTA,4
GATGAATCCATACCAA,4
GATGAATCCCAGTTCA,4
GATGAATCCCGAAGTA,4
GATGAATCCCGTGAGA,4
GATGAATCCCTCCTGA,4
GATGAATCCGAACTTA,4
GATGAATCCGACTGGA,4
GATGAATCCGCATACA,2
GATGAATCCTCAATGA,2
GATGAATCCTGAGCCA,2
GATGAATCCTGGCATA,2
GATGAATCGAATCTGA,2
GATGAATCCAAGACTA,2
GATGAATCGAGCTGAA,3
GATGAATCGATAGACA,5
GATGAATCGCCACATA,5
GATGAATCGCGAGTAA,5
GATGAATCGCTAACGA,5
GATGAATCGCTCGGTA,5
GATGAATCGGAGAACA,5
GATGAATCGGTGCGAA,5
GATGAATCGTACGCAA,5
GATGAATCGTCGTAGA,5
GATGAATCGTCTGTCA,5
GATGAATCGTGTTCTA,5
GATGAATCTAGGATGA,5
GATGAATCTATCAGCA,5
GATGAATCTCCGTCTA,5
GATGAATCTCTTCACA,5
GATGAATCTGAAGAGA,5
GATGAATCTGGAACAA,5
GATGAATCTGGCTTCA,5
GATGAATCTGGTGGTA,5
GATGAATCTTCACGCA,5
GATGAATCAACTCACC,5
GATGAATCAAGAGATC,5
GATGAATCAAGGACAC,5
GATGAATCAATCCGTC,5
GATGAATCAATGTTGC,5
GATGAATCACACGACC,5
GATGAATCACAGATTC,5
GATGAATCAGATGTAC,5
GATGAATCAGCACCTC,5
GATGAATCAGCCATGC,5
GATGAATCAGGCTAAC,5
GATGAATCATAGCGAC,5
GATGAATCATCATTCC,5
GATGAATCATTGGCTC,5
GATGAATCCAAGGAGC,5
GATGAATCCACCTTAC,5
GATGAATCCCATCCTC,5
GATGAATCCCGACAAC,5
GATGAATCCCTAATCC,5
GATGAATCCCTCTATC,5
GATGAATCCGACACAC,2
GATGAATCCGGATTGC,2
GATGAATCCTAAGGTC,2
GATGAATCGAACAGGC,4
GATGAATCGACAGTGC,4
GATGAATCGAGTTAGC,4
GATGAATCGATGAATC,3
GATGAATCGCCAAGAC,3
GATGAATCCGGAAGAA,3
GATGAATCGTGACAAG,3
GATGAATCGAACCAGA,3
GACTAGTAACAAGCTA,2
GACTAGTATTGCTGGA,9
GACTAGTACTGTAGCC,2
GACTAGTAAGTACAAG,2
GACTAGTAAACAACCA,3
GACTAGTAAACCGAGA,3
GACTAGTAAACGCTTA,3
GACTAGTAAAGACGGA,3
GACTAGTAAAGGTACA,3
GACTAGTAACACAGAA,3
GACTAGTAACAGCAGA,3
GACTAGTAACCTCCAA,5
GACTAGTAACGCTCGA,5
GACTAGTAACGTATCA,5
GACTAGTAACTATGCA,5
GACTAGTAAGAGTCAA,5
GACTAGTAAGATCGCA,5
GACTAGTAAGCAGGAA,3
GACTAGTAAGTCACTA,3
GACTAGTAATCCTGTA,3
GACTAGTAATTGAGGA,3
GACTAGTAATGCCTAA,3
GACTAGTACAACCACA,3
GACTAGTAGACTAGTA,3
GACTAGTACAATGGAA,3
GACTAGTACACTTCGA,3
GACTAGTACAGCGTTA,8
GACTAGTACATACCAA,8
GACTAGTACCAGTTCA,1
GACTAGTACCGAAGTA,1
GACTAGTACCGTGAGA,1
GACTAGTACCTCCTGA,1
GACTAGTAAGTGGTCA,3
GACTAGTACGAACTTA,1
GACTAGTACGACTGGA,1
GACTAGTACGCATACA,1
GACTAGTACTCAATGA,1
GACTAGTACTGAGCCA,1
GACTAGTACTGGCATA,1
GACTAGTAGAATCTGA,1
GACTAGTACAAGACTA,1
GACTAGTAGAGCTGAA,1
GACTAGTAGATAGACA,1
GACTAGTAACCACTGT,3
GACTAGTAGCCACATA,1
GACTAGTAGCGAGTAA,1
GACTAGTAGCTAACGA,1
GACTAGTAGCTCGGTA,1
GACTAGTAGGAGAACA,1
GACTAGTAGGTGCGAA,1
GACTAGTAGTACGCAA,1
GACTAGTAGTCGTAGA,1
GACTAGTAGTCTGTCA,1
GACTAGTAGTGTTCTA,1
GACTAGTAACATTGGC,4
GACTAGTATAGGATGA,1
GACTAGTATATCAGCA,1
GACTAGTATCCGTCTA,1
GACTAGTATCTTCACA,3
GACTAGTATGAAGAGA,1
GACTAGTATGGAACAA,1
GACTAGTATGGCTTCA,1
GACTAGTATGGTGGTA,1
GACTAGTATTCACGCA,1
GACTAGTAAACTCACC,1
GACTAGTACAGATCTG,4
GACTAGTAAAGAGATC,1
GACTAGTAAAGGACAC,1
GACTAGTAAATCCGTC,1
GACTAGTAAATGTTGC,1
GACTAGTAACACGACC,1
GACTAGTAACAGATTC,6
GACTAGTAAGATGTAC,6
GACTAGTAAGCACCTC,6
GACTAGTAAGCCATGC,7
GACTAGTAAGGCTAAC,7
GACTAGTACATCAAGT,4
GACTAGTAATAGCGAC,7
GACTAGTAATCATTCC,7
GACTAGTAATTGGCTC,6
GACTAGTACAAGGAGC,6
GACTAGTACACCTTAC,6
GACTAGTACCATCCTC,6
GACTAGTACCGACAAC,9
GACTAGTACCTAATCC,9
GACTAGTACCTCTATC,9
GACTAGTACGACACAC,9
GACTAGTACGCTGATC,4
GACTAGTACGGATTGC,9
GACTAGTACTAAGGTC,9
GACTAGTAGAACAGGC,9
GACTAGTAGACAGTGC,9
GACTAGTAGAGTTAGC,9
GACTAGTAGATGAATC,9
GACTAGTAGCCAAGAC,9
GACTAGTACGGAAGAA,9
GACTAGTAGTGACAAG,9
GACTAGTAGAACCAGA,9
CAACCACAACAAGCTA,4
CAACCACATTGCTGGA,9
CAACCACACTGTAGCC,2
CAACCACAAGTACAAG,2
CAACCACAAACAACCA,3
CAACCACAAACCGAGA,3
CAACCACAAACGCTTA,3
CAACCACAAAGACGGA,3
CAACCACAAAGGTACA,3
CAACCACAACACAGAA,5
CAACCACAACAGCAGA,3
CAACCACAACCTCCAA,5
CAACCACAACGCTCGA,5
CAACCACAACGTATCA,5
CAACCACAACTATGCA,5
CAACCACAAGAGTCAA,5
CAACCACAAGATCGCA,3
CAACCACAAGCAGGAA,3
CAACCACAAGTCACTA,3
CAACCACAATCCTGTA,3
CAACCACAATTGAGGA,3
CAACCACAATGCCTAA,3
CAACCACACAACCACA,3
CAACCACAGACTAGTA,3
CAACCACACAATGGAA,3
CAACCACACACTTCGA,3
CAACCACACAGCGTTA,8
CAACCACACATACCAA,8
CAACCACACCAGTTCA,1
CAACCACACCGAAGTA,1
CAACCACACCGTGAGA,1
CAACCACACCTCCTGA,1
CAACCACAAGTGGTCA,3
CAACCACACGAACTTA,1
CAACCACACGACTGGA,1
CAACCACACGCATACA,1
CAACCACACTCAATGA,1
CAACCACACTGAGCCA,1
CAACCACACTGGCATA,1
CAACCACAGAATCTGA,1
CAACCACACAAGACTA,1
CAACCACAGAGCTGAA,1
CAACCACAGATAGACA,1
CAACCACAACCACTGT,3
CAACCACAGCCACATA,1
CAACCACAGCGAGTAA,1
CAACCACAGCTAACGA,1
CAACCACAGCTCGGTA,1
CAACCACAGGAGAACA,1
CAACCACAGGTGCGAA,1
CAACCACAGTACGCAA,1
CAACCACAGTCGTAGA,1
CAACCACAGTCTGTCA,1
CAACCACAGTGTTCTA,1
CAACCACAACATTGGC,3
CAACCACATAGGATGA,1
CAACCACATATCAGCA,1
CAACCACATCCGTCTA,1
CAACCACATCTTCACA,1
CAACCACATGAAGAGA,1
CAACCACATGGAACAA,1
CAACCACATGGCTTCA,1
CAACCACATGGTGGTA,1
CAACCACATTCACGCA,1
CAACCACAAACTCACC,1
CAACCACACAGATCTG,4
CAACCACAAAGAGATC,1
CAACCACAAAGGACAC,1
CAACCACAAATCCGTC,1
CAACCACAAATGTTGC,1
CAACCACAACACGACC,1
CAACCACAACAGATTC,1
CAACCACAAGATGTAC,1
CAACCACAAGCACCTC,6
CAACCACAAGCCATGC,7
CAACCACAAGGCTAAC,7
CAACCACACATCAAGT,4
CAACCACAATAGCGAC,7
CAACCACAATCATTCC,7
CAACCACAATTGGCTC,6
CAACCACACAAGGAGC,6
CAACCACACACCTTAC,6
CAACCACACCATCCTC,6
CAACCACACCGACAAC,9
CAACCACACCTAATCC,9
CAACCACACCTCTATC,9
CAACCACACGACACAC,9
CAACCACACGCTGATC,4
CAACCACACGGATTGC,9
CAACCACACTAAGGTC,9
CAACCACAGAACAGGC,9
CAACCACAGACAGTGC,9
CAACCACAGAGTTAGC,9
CAACCACAGATGAATC,9
CAACCACAGCCAAGAC,9
CAACCACACGGAAGAA,9
CAACCACAGTGACAAG,9
CAACCACAGAACCAGA,9
ATTGAGGAACAAGCTA,2
ATTGAGGATTGCTGGA,9
ATTGAGGACTGTAGCC,2
ATTGAGGAAGTACAAG,2
ATTGAGGAAACAACCA,3
ATTGAGGAAACCGAGA,3
ATTGAGGAAACGCTTA,3
ATTGAGGAAAGACGGA,3
ATTGAGGAAAGGTACA,3
ATTGAGGAACACAGAA,3
ATTGAGGAACAGCAGA,3
ATTGAGGAACCTCCAA,3
ATTGAGGAACGCTCGA,3
ATTGAGGAACGTATCA,5
ATTGAGGAACTATGCA,5
ATTGAGGAAGAGTCAA,5
ATTGAGGAAGATCGCA,5
ATTGAGGAAGCAGGAA,3
ATTGAGGAAGTCACTA,3
ATTGAGGAATCCTGTA,3
ATTGAGGAATTGAGGA,3
ATTGAGGACAACCACA,3
ATTGAGGAGACTAGTA,3
ATTGAGGACAATGGAA,3
ATTGAGGACACTTCGA,3
ATTGAGGACAGCGTTA,8
ATTGAGGACATACCAA,8
ATTGAGGACCAGTTCA,1
ATTGAGGACCGAAGTA,1
ATTGAGGACCGTGAGA,1
ATTGAGGACCTCCTGA,1
ATTGAGGAAGTGGTCA,3
ATTGAGGACGAACTTA,1
ATTGAGGACGACTGGA,1
ATTGAGGACGCATACA,1
ATTGAGGACTCAATGA,1
ATTGAGGACTGAGCCA,1
ATTGAGGACTGGCATA,1
ATTGAGGAGAATCTGA,1
ATTGAGGACAAGACTA,1
ATTGAGGAGAGCTGAA,1
ATTGAGGAGATAGACA,1
ATTGAGGAACCACTGT,3
ATTGAGGAGCCACATA,1
ATTGAGGAGCGAGTAA,1
ATTGAGGAGCTAACGA,1
ATTGAGGAGCTCGGTA,1
ATTGAGGAGGAGAACA,1
ATTGAGGAGGTGCGAA,1
ATTGAGGAGTACGCAA,6
ATTGAGGAGTCGTAGA,1
ATTGAGGAGTCTGTCA,1
ATTGAGGAGTGTTCTA,1
ATTGAGGAACATTGGC,4
ATTGAGGATAGGATGA,1
ATTGAGGATATCAGCA,1
ATTGAGGATCCGTCTA,1
ATTGAGGATCTTCACA,1
ATTGAGGATGAAGAGA,1
ATTGAGGATGGAACAA,1
ATTGAGGATGGCTTCA,1
ATTGAGGATGGTGGTA,1
ATTGAGGATTCACGCA,1
ATTGAGGAAACTCACC,1
ATTGAGGACAGATCTG,4
ATTGAGGAAAGAGATC,1
ATTGAGGAAAGGACAC,1
ATTGAGGAAATCCGTC,1
ATTGAGGAAATGTTGC,1
ATTGAGGAACACGACC,1
ATTGAGGAACAGATTC,6
ATTGAGGAAGATGTAC,6
ATTGAGGAAGCACCTC,6
ATTGAGGAAGCCATGC,7
ATTGAGGAAGGCTAAC,7
ATTGAGGACATCAAGT,4
ATTGAGGAATAGCGAC,7
ATTGAGGAATCATTCC,7
ATTGAGGAATTGGCTC,6
ATTGAGGACAAGGAGC,6
ATTGAGGACACCTTAC,6
ATTGAGGACCATCCTC,6
ATTGAGGACCGACAAC,6
ATTGAGGACCTAATCC,9
ATTGAGGACCTCTATC,9
ATTGAGGACGACACAC,9
ATTGAGGACGCTGATC,4
ATTGAGGACGGATTGC,9
ATTGAGGACTAAGGTC,9
ATTGAGGAGAACAGGC,9
ATTGAGGAGACAGTGC,9
ATTGAGGAGAGTTAGC,9
ATTGAGGAGATGAATC,9
ATTGAGGAGCCAAGAC,9
ATTGAGGACGGAAGAA,9
ATTGAGGAGTGACAAG,9
ATTGAGGAGAACCAGA,9
ATCCTGTAACAAGCTA,4
ATCCTGTATTGCTGGA,9
ATCCTGTACTGTAGCC,2
ATCCTGTAAGTACAAG,3
ATCCTGTAAACAACCA,3
ATCCTGTAAACCGAGA,3
ATCCTGTAAACGCTTA,3
ATCCTGTAAAGACGGA,3
ATCCTGTAAAGGTACA,3
ATCCTGTAACACAGAA,3
ATCCTGTAACAGCAGA,3
ATCCTGTAACCTCCAA,3
ATCCTGTAACGCTCGA,3
ATCCTGTAACGTATCA,3
ATCCTGTAACTATGCA,5
ATCCTGTAAGAGTCAA,5
ATCCTGTAAGATCGCA,5
ATCCTGTAAGCAGGAA,3
ATCCTGTAAGTCACTA,3
ATCCTGTAATCCTGTA,3
ATCCTGTAATTGAGGA,3
ATCCTGTACAACCACA,3
ATCCTGTAGACTAGTA,3
ATCCTGTACAATGGAA,3
ATCCTGTACACTTCGA,3
ATCCTGTACAGCGTTA,3
ATCCTGTACATACCAA,3
ATCCTGTACCAGTTCA,1
ATCCTGTACCGAAGTA,1
ATCCTGTACCGTGAGA,1
ATCCTGTACCTCCTGA,1
ATCCTGTAAGTGGTCA,3
ATCCTGTACGAACTTA,1
ATCCTGTACGACTGGA,1
ATCCTGTACGCATACA,1
ATCCTGTACTCAATGA,1
ATCCTGTACTGAGCCA,1
ATCCTGTACTGGCATA,1
ATCCTGTAGAATCTGA,1
ATCCTGTACAAGACTA,1
ATCCTGTAGAGCTGAA,1
ATCCTGTAGATAGACA,1
ATCCTGTAACCACTGT,3
ATCCTGTAGCCACATA,1
ATCCTGTAGCGAGTAA,1
ATCCTGTAGCTAACGA,1
ATCCTGTAGCTCGGTA,1
ATCCTGTAGGAGAACA,1
ATCCTGTAGGTGCGAA,1
ATCCTGTAGTACGCAA,1
ATCCTGTAGTCGTAGA,1
ATCCTGTAGTCTGTCA,6
ATCCTGTAGTGTTCTA,1
ATCCTGTAACATTGGC,3
ATCCTGTATAGGATGA,1
ATCCTGTATATCAGCA,1
ATCCTGTATCCGTCTA,1
ATCCTGTATCTTCACA,1
ATCCTGTATGAAGAGA,1
ATCCTGTATGGAACAA,1
ATCCTGTATGGCTTCA,1
ATCCTGTATGGTGGTA,1
ATCCTGTATTCACGCA,1
ATCCTGTAAACTCACC,1
ATCCTGTACAGATCTG,4
ATCCTGTAAAGAGATC,1
ATCCTGTAAAGGACAC,1
ATCCTGTAAATCCGTC,1
ATCCTGTAAATGTTGC,6
ATCCTGTAACACGACC,6
ATCCTGTAACAGATTC,6
ATCCTGTAAGATGTAC,6
ATCCTGTAAGCACCTC,6
ATCCTGTAAGCCATGC,7
ATCCTGTAAGGCTAAC,7
ATCCTGTACATCAAGT,4
ATCCTGTAATAGCGAC,7
ATCCTGTAATCATTCC,6
ATCCTGTAATTGGCTC,6
ATCCTGTACAAGGAGC,6
ATCCTGTACACCTTAC,6
ATCCTGTACCATCCTC,6
ATCCTGTACCGACAAC,6
ATCCTGTACCTAATCC,6
ATCCTGTACCTCTATC,9
ATCCTGTACGACACAC,9
ATCCTGTACGCTGATC,4
ATCCTGTACGGATTGC,9
ATCCTGTACTAAGGTC,9
ATCCTGTAGAACAGGC,9
ATCCTGTAGACAGTGC,9
ATCCTGTAGAGTTAGC,9
ATCCTGTAGATGAATC,9
ATCCTGTAGCCAAGAC,9
ATCCTGTACGGAAGAA,9
ATCCTGTAGTGACAAG,9
ATCCTGTAGAACCAGA,9
AGTCACTAACAAGCTA,3
AGTCACTATTGCTGGA,9
AGTCACTACTGTAGCC,3
AGTCACTAAGTACAAG,3
AGTCACTAAACAACCA,3
AGTCACTAAACCGAGA,3
AGTCACTAAACGCTTA,3
AGTCACTAAAGACGGA,3
AGTCACTAAAGGTACA,3
AGTCACTAACACAGAA,3
AGTCACTAACAGCAGA,3
AGTCACTAACCTCCAA,3
AGTCACTAACGCTCGA,3
AGTCACTAACGTATCA,3
AGTCACTAACTATGCA,5
AGTCACTAAGAGTCAA,5
AGTCACTAAGATCGCA,5
AGTCACTAAGCAGGAA,3
AGTCACTAAGTCACTA,3
AGTCACTAATCCTGTA,3
AGTCACTAATTGAGGA,3
AGTCACTACAACCACA,3
AGTCACTAGACTAGTA,3
AGTCACTACAATGGAA,3
AGTCACTACACTTCGA,3
AGTCACTACAGCGTTA,3
AGTCACTACATACCAA,3
AGTCACTACCAGTTCA,1
AGTCACTACCGAAGTA,1
AGTCACTACCGTGAGA,1
AGTCACTACCTCCTGA,1
AGTCACTACGAACTTA,1
AGTCACTACGACTGGA,1
AGTCACTACGCATACA,1
AGTCACTACTCAATGA,1
AGTCACTACTGAGCCA,1
AGTCACTACTGGCATA,1
AGTCACTAGAATCTGA,6
AGTCACTACAAGACTA,1
AGTCACTAGAGCTGAA,3
AGTCACTAGATAGACA,1
AGTCACTAACCACTGT,3
AGTCACTAGCCACATA,1
AGTCACTAGCGAGTAA,1
AGTCACTAGCTAACGA,1
AGTCACTAGCTCGGTA,1
AGTCACTAGGAGAACA,1
AGTCACTAGGTGCGAA,1
AGTCACTAGTACGCAA,1
AGTCACTAGTCGTAGA,1
AGTCACTAGTCTGTCA,1
AGTCACTAGTGTTCTA,1
AGTCACTAACATTGGC,3
AGTCACTATAGGATGA,1
AGTCACTATATCAGCA,1
AGTCACTATCCGTCTA,1
AGTCACTATCTTCACA,1
AGTCACTATGAAGAGA,1
AGTCACTATGGAACAA,1
AGTCACTATGGCTTCA,1
AGTCACTATGGTGGTA,1
AGTCACTATTCACGCA,1
AGTCACTAAACTCACC,1
AGTCACTACAGATCTG,4
AGTCACTAAAGAGATC,1
AGTCACTAAAGGACAC,1
AGTCACTAAATCCGTC,6
AGTCACTAAATGTTGC,6
AGTCACTAACACGACC,6
AGTCACTAACAGATTC,6
AGTCACTAAGATGTAC,6
AGTCACTAAGCACCTC,6
AGTCACTAAGCCATGC,6
AGTCACTAAGGCTAAC,6
AGTCACTACATCAAGT,4
AGTCACTAATAGCGAC,7
AGTCACTAATCATTCC,6
AGTCACTAATTGGCTC,6
AGTCACTACAAGGAGC,6
AGTCACTACACCTTAC,6
AGTCACTACCATCCTC,6
AGTCACTACCGACAAC,6
AGTCACTACCTAATCC,6
AGTCACTACCTCTATC,6
AGTCACTACGACACAC,9
AGTCACTACGCTGATC,4
AGTCACTACGGATTGC,9
AGTCACTACTAAGGTC,9
AGTCACTAGAACAGGC,9
AGTCACTAGACAGTGC,9
AGTCACTAGAGTTAGC,9
AGTCACTAGATGAATC,9
AGTCACTAGCCAAGAC,9
AGTCACTACGGAAGAA,9
AGTCACTAGTGACAAG,9
AGTCACTAGAACCAGA,9
AGCAGGAAACAAGCTA,3
AGCAGGAATTGCTGGA,9
AGCAGGAACTGTAGCC,3
AGCAGGAAAGTACAAG,3
AGCAGGAAAACAACCA,3
AGCAGGAAAACCGAGA,3
AGCAGGAAAACGCTTA,3
AGCAGGAAAAGACGGA,3
AGCAGGAAAAGGTACA,3
AGCAGGAAACACAGAA,3
AGCAGGAAACAGCAGA,3
AGCAGGAAACCTCCAA,3
AGCAGGAAACGCTCGA,3
AGCAGGAAACGTATCA,3
AGCAGGAAACTATGCA,5
AGCAGGAAAGAGTCAA,5
AGCAGGAAAGATCGCA,3
AGCAGGAAAGCAGGAA,3
AGCAGGAAAGTCACTA,3
AGCAGGAAATCCTGTA,3
AGCAGGAAATTGAGGA,3
AGCAGGAACAACCACA,3
AGCAGGAAGACTAGTA,3
AGCAGGAACAATGGAA,3
AGCAGGAACACTTCGA,3
AGCAGGAACAGCGTTA,3
AGCAGGAACATACCAA,3
AGCAGGAACCAGTTCA,1
AGCAGGAACCGAAGTA,1
AGCAGGAACCGTGAGA,1
AGCAGGAACCTCCTGA,1
AGCAGGAACGAACTTA,1
AGCAGGAACGACTGGA,1
AGCAGGAACGCATACA,1
AGCAGGAACTCAATGA,1
AGCAGGAACTGAGCCA,1
AGCAGGAACTGGCATA,1
AGCAGGAAGAATCTGA,1
AGCAGGAACAAGACTA,1
AGCAGGAAGAGCTGAA,1
AGCAGGAAGATAGACA,6
AGCAGGAAACCACTGT,3
AGCAGGAAGCCACATA,1
AGCAGGAAGCGAGTAA,1
AGCAGGAAGCTAACGA,1
AGCAGGAAGCTCGGTA,1
AGCAGGAAGGAGAACA,1
AGCAGGAAGGTGCGAA,1
AGCAGGAAGTACGCAA,1
AGCAGGAAGTCGTAGA,1
AGCAGGAAGTCTGTCA,1
AGCAGGAAGTGTTCTA,1
AGCAGGAAACATTGGC,3
AGCAGGAATAGGATGA,1
AGCAGGAATATCAGCA,1
AGCAGGAATCCGTCTA,1
AGCAGGAATCTTCACA,1
AGCAGGAATGAAGAGA,6
AGCAGGAATGGAACAA,1
AGCAGGAATGGCTTCA,1
AGCAGGAATGGTGGTA,1
AGCAGGAATTCACGCA,1
AGCAGGAAAACTCACC,1
AGCAGGAACAGATCTG,3
AGCAGGAAAAGAGATC,1
AGCAGGAAAAGGACAC,1
AGCAGGAAAATCCGTC,1
AGCAGGAAAATGTTGC,6
AGCAGGAAACACGACC,6
AGCAGGAAACAGATTC,6
AGCAGGAAAGATGTAC,6
AGCAGGAAAGCACCTC,6
AGCAGGAAAGCCATGC,6
AGCAGGAAAGGCTAAC,6
AGCAGGAACATCAAGT,3
AGCAGGAAATAGCGAC,6
AGCAGGAAATCATTCC,6
AGCAGGAAATTGGCTC,6
AGCAGGAACAAGGAGC,6
AGCAGGAACACCTTAC,6
AGCAGGAACCATCCTC,6
AGCAGGAACCGACAAC,6
AGCAGGAACCTAATCC,6
AGCAGGAACCTCTATC,6
AGCAGGAACGACACAC,9
AGCAGGAACGCTGATC,3
AGCAGGAACGGATTGC,9
AGCAGGAACTAAGGTC,9
AGCAGGAAGAACAGGC,9
AGCAGGAAGACAGTGC,9
AGCAGGAAGAGTTAGC,9
AGCAGGAAGATGAATC,9
AGCAGGAAGCCAAGAC,9
AGCAGGAACGGAAGAA,9
AGCAGGAAGTGACAAG,9
AGCAGGAAGAACCAGA,9
AGATCGCAACAAGCTA,4
AGATCGCATTGCTGGA,3
AGATCGCACTGTAGCC,3
AGATCGCAAGTACAAG,3
AGATCGCAAACAACCA,3
AGATCGCAAACCGAGA,3
AGATCGCAAACGCTTA,3
AGATCGCAAAGACGGA,3
AGATCGCAAAGGTACA,3
AGATCGCAACACAGAA,3
AGATCGCAACAGCAGA,3
AGATCGCAACCTCCAA,3
AGATCGCAACGCTCGA,3
AGATCGCAACGTATCA,3
AGATCGCAACTATGCA,3
AGATCGCAAGAGTCAA,5
AGATCGCAAGATCGCA,3
AGATCGCAAGCAGGAA,3
AGATCGCAAGTCACTA,3
AGATCGCAATCCTGTA,3
AGATCGCAATTGAGGA,3
AGATCGCACAACCACA,3
AGATCGCAGACTAGTA,3
AGATCGCACAATGGAA,3
AGATCGCACACTTCGA,3
AGATCGCACAGCGTTA,3
AGATCGCACATACCAA,3
AGATCGCACCAGTTCA,3
AGATCGCACCGAAGTA,1
AGATCGCACCGTGAGA,1
AGATCGCACCTCCTGA,1
AGATCGCACGAACTTA,1
AGATCGCACGACTGGA,1
AGATCGCACGCATACA,1
AGATCGCACTCAATGA,1
AGATCGCACTGAGCCA,1
AGATCGCACTGGCATA,6
AGATCGCAGAATCTGA,1
AGATCGCACAAGACTA,1
AGATCGCAGAGCTGAA,3
AGATCGCAGATAGACA,3
AGATCGCAACCACTGT,3
AGATCGCAGCCACATA,1
AGATCGCAGCGAGTAA,1
AGATCGCAGCTAACGA,1
AGATCGCAGCTCGGTA,1
AGATCGCAGGAGAACA,1
AGATCGCAGGTGCGAA,1
AGATCGCAGTACGCAA,1
AGATCGCAGTCGTAGA,1
AGATCGCAGTCTGTCA,1
AGATCGCAGTGTTCTA,1
AGATCGCAACATTGGC,3
AGATCGCATAGGATGA,1
AGATCGCATATCAGCA,1
AGATCGCATCCGTCTA,1
AGATCGCATCTTCACA,1
AGATCGCATGAAGAGA,1
AGATCGCATGGAACAA,1
AGATCGCATGGCTTCA,1
AGATCGCATGGTGGTA,1
AGATCGCATTCACGCA,1
AGATCGCAAACTCACC,1
AGATCGCACAGATCTG,3
AGATCGCAAAGAGATC,1
AGATCGCAAAGGACAC,1
AGATCGCAAATCCGTC,1
AGATCGCAAATGTTGC,1
AGATCGCAACACGACC,1
AGATCGCAACAGATTC,6
AGATCGCAAGATGTAC,6
AGATCGCAAGCACCTC,6
AGATCGCAAGCCATGC,6
AGATCGCAAGGCTAAC,6
AGATCGCACATCAAGT,3
AGATCGCAATAGCGAC,6
AGATCGCAATCATTCC,6
AGATCGCAATTGGCTC,6
AGATCGCACAAGGAGC,6
AGATCGCACACCTTAC,6
AGATCGCACCATCCTC,6
AGATCGCACCGACAAC,6
AGATCGCACCTAATCC,6
AGATCGCACCTCTATC,6
AGATCGCACGACACAC,9
AGATCGCACGCTGATC,3
AGATCGCACGGATTGC,9
AGATCGCACTAAGGTC,9
AGATCGCAGAACAGGC,9
AGATCGCAGACAGTGC,9
AGATCGCAGAGTTAGC,9
AGATCGCAGATGAATC,9
AGATCGCAGCCAAGAC,9
AGATCGCACGGAAGAA,9
AGATCGCAGTGACAAG,9
AGATCGCAGAACCAGA,9
AGAGTCAAACAAGCTA,3
AGAGTCAATTGCTGGA,9
AGAGTCAACTGTAGCC,3
AGAGTCAAAGTACAAG,3
AGAGTCAAAACAACCA,3
AGAGTCAAAACCGAGA,3
AGAGTCAAAACGCTTA,3
AGAGTCAAAAGACGGA,3
AGAGTCAAAAGGTACA,3
AGAGTCAAACACAGAA,3
AGAGTCAAACAGCAGA,3
AGAGTCAAACCTCCAA,5
AGAGTCAAACGCTCGA,3
AGAGTCAAACGTATCA,5
AGAGTCAAACTATGCA,3
AGAGTCAAAGAGTCAA,5
AGAGTCAAAGATCGCA,3
AGAGTCAAAGCAGGAA,3
AGAGTCAAAGTCACTA,3
AGAGTCAAATCCTGTA,3
AGAGTCAAATTGAGGA,3
AGAGTCAACAACCACA,3
AGAGTCAAGACTAGTA,3
AGAGTCAACAATGGAA,3
AGAGTCAACACTTCGA,3
AGAGTCAACAGCGTTA,3
AGAGTCAACATACCAA,3
AGAGTCAACCAGTTCA,8
AGAGTCAACCGAAGTA,1
AGAGTCAACCGTGAGA,1
AGAGTCAACCTCCTGA,1
AGAGTCAACGAACTTA,1
AGAGTCAACGACTGGA,1
AGAGTCAACGCATACA,3
AGAGTCAACTCAATGA,1
AGAGTCAACTGAGCCA,1
AGAGTCAACTGGCATA,1
AGAGTCAAGAATCTGA,1
AGAGTCAACAAGACTA,1
AGAGTCAAGAGCTGAA,1
AGAGTCAAGATAGACA,1
AGAGTCAAGCCACATA,1
AGAGTCAAGCGAGTAA,1
AGAGTCAAGCTAACGA,1
AGAGTCAAGCTCGGTA,1
AGAGTCAAGGAGAACA,1
AGAGTCAAGGTGCGAA,1
AGAGTCAAGTACGCAA,1
AGAGTCAAGTCGTAGA,1
AGAGTCAAGTCTGTCA,1
AGAGTCAAGTGTTCTA,1
AGAGTCAAACATTGGC,3
AGAGTCAATAGGATGA,1
AGAGTCAATATCAGCA,1
AGAGTCAATCCGTCTA,1
AGAGTCAATCTTCACA,1
AGAGTCAATGAAGAGA,1
AGAGTCAATGGAACAA,1
AGAGTCAATGGCTTCA,1
AGAGTCAATGGTGGTA,1
AGAGTCAATTCACGCA,1
AGAGTCAAAACTCACC,1
AGAGTCAACAGATCTG,3
AGAGTCAAAAGAGATC,6
AGAGTCAAAAGGACAC,1
AGAGTCAAAATCCGTC,1
AGAGTCAAAATGTTGC,1
AGAGTCAAACACGACC,1
AGAGTCAAACAGATTC,8
AGAGTCAAAGATGTAC,1
AGAGTCAAAGCACCTC,6
AGAGTCAAAGCCATGC,6
AGAGTCAAAGGCTAAC,6
AGAGTCAACATCAAGT,3
AGAGTCAAATAGCGAC,6
AGAGTCAAATCATTCC,6
AGAGTCAAATTGGCTC,6
AGAGTCAACAAGGAGC,6
AGAGTCAACACCTTAC,6
AGAGTCAACCATCCTC,6
AGAGTCAACCGACAAC,6
AGAGTCAACCTAATCC,6
AGAGTCAACCTCTATC,6
AGAGTCAACGACACAC,6
AGAGTCAACGCTGATC,3
AGAGTCAACGGATTGC,9
AGAGTCAACTAAGGTC,9
AGAGTCAAGAACAGGC,9
AGAGTCAAGACAGTGC,9
AGAGTCAAGAGTTAGC,9
AGAGTCAAGATGAATC,9
AGAGTCAAGCCAAGAC,9
AGAGTCAACGGAAGAA,9
AGAGTCAAGTGACAAG,9
AGAGTCAAGAACCAGA,9
ACTATGCAACAAGCTA,3
ACTATGCATTGCTGGA,9
ACTATGCACTGTAGCC,3
ACTATGCAAGTACAAG,4
ACTATGCAAACAACCA,4
ACTATGCAAACCGAGA,3
ACTATGCAAACGCTTA,3
ACTATGCAAAGACGGA,3
ACTATGCAAAGGTACA,3
ACTATGCAACACAGAA,3
ACTATGCAACAGCAGA,5
ACTATGCAACCTCCAA,3
ACTATGCAACGCTCGA,3
ACTATGCAACGTATCA,5
ACTATGCAACTATGCA,5
ACTATGCAAGAGTCAA,5
ACTATGCAAGATCGCA,5
ACTATGCAAGCAGGAA,3
ACTATGCAAGTCACTA,3
ACTATGCAATCCTGTA,3
ACTATGCAATTGAGGA,3
ACTATGCACAACCACA,3
ACTATGCAGACTAGTA,3
ACTATGCACAATGGAA,3
ACTATGCACACTTCGA,3
ACTATGCACAGCGTTA,3
ACTATGCACATACCAA,3
ACTATGCACCAGTTCA,8
ACTATGCACCGAAGTA,3
ACTATGCACCGTGAGA,1
ACTATGCACCTCCTGA,1
ACTATGCACGAACTTA,1
ACTATGCACGACTGGA,1
ACTATGCACGCATACA,1
ACTATGCACTCAATGA,1
ACTATGCACTGAGCCA,1
ACTATGCACTGGCATA,1
ACTATGCAGAATCTGA,1
ACTATGCACAAGACTA,1
ACTATGCAGAGCTGAA,1
ACTATGCAGATAGACA,1
ACTATGCAGCCACATA,1
ACTATGCAGCGAGTAA,1
ACTATGCAGCTAACGA,1
ACTATGCAGCTCGGTA,1
ACTATGCAGGAGAACA,1
ACTATGCAGGTGCGAA,1
ACTATGCAGTACGCAA,1
ACTATGCAGTCGTAGA,1
ACTATGCAGTCTGTCA,1
ACTATGCAGTGTTCTA,1
ACTATGCAACATTGGC,3
ACTATGCATAGGATGA,1
ACTATGCATATCAGCA,1
ACTATGCATCCGTCTA,1
ACTATGCATCTTCACA,1
ACTATGCATGAAGAGA,1
ACTATGCATGGAACAA,1
ACTATGCATGGCTTCA,1
ACTATGCATGGTGGTA,1
ACTATGCATTCACGCA,1
ACTATGCAAACTCACC,6
ACTATGCACAGATCTG,3
ACTATGCAAAGAGATC,1
ACTATGCAAAGGACAC,1
ACTATGCAAATCCGTC,1
ACTATGCAAATGTTGC,8
ACTATGCAACACGACC,8
ACTATGCAACAGATTC,8
ACTATGCAAGATGTAC,8
ACTATGCAAGCACCTC,6
ACTATGCAAGCCATGC,6
ACTATGCAAGGCTAAC,6
ACTATGCACATCAAGT,3
ACTATGCAATAGCGAC,6
ACTATGCAATCATTCC,6
ACTATGCAATTGGCTC,6
ACTATGCACAAGGAGC,6
ACTATGCACACCTTAC,6
ACTATGCACCATCCTC,6
ACTATGCACCGACAAC,6
ACTATGCACCTAATCC,6
ACTATGCACCTCTATC,6
ACTATGCACGACACAC,6
ACTATGCACGCTGATC,3
ACTATGCACGGATTGC,6
ACTATGCACTAAGGTC,6
ACTATGCAGAACAGGC,6
ACTATGCAGACAGTGC,6
ACTATGCAGAGTTAGC,9
ACTATGCAGATGAATC,9
ACTATGCAGCCAAGAC,9
ACTATGCACGGAAGAA,9
ACTATGCAGTGACAAG,9
ACTATGCAGAACCAGA,9
ACGTATCAACAAGCTA,3
ACGTATCATTGCTGGA,9
ACGTATCACTGTAGCC,4
ACGTATCAAGTACAAG,4
ACGTATCAAACAACCA,4
ACGTATCAAACCGAGA,4
ACGTATCAAACGCTTA,3
ACGTATCAAAGACGGA,3
ACGTATCAAAGGTACA,3
ACGTATCAACACAGAA,3
ACGTATCAACAGCAGA,3
ACGTATCAACCTCCAA,3
ACGTATCAACGCTCGA,3
ACGTATCAACGTATCA,3
ACGTATCAACTATGCA,3
ACGTATCAAGAGTCAA,5
ACGTATCAAGATCGCA,5
ACGTATCAAGCAGGAA,5
ACGTATCAAGTCACTA,3
ACGTATCAATCCTGTA,3
ACGTATCAATTGAGGA,3
ACGTATCACAACCACA,3
ACGTATCAGACTAGTA,3
ACGTATCACAATGGAA,3
ACGTATCACACTTCGA,3
ACGTATCACAGCGTTA,3
ACGTATCACATACCAA,3
ACGTATCACCAGTTCA,3
ACGTATCACCGAAGTA,3
ACGTATCACCGTGAGA,1
ACGTATCACCTCCTGA,1
ACGTATCACGAACTTA,1
ACGTATCACGACTGGA,1
ACGTATCACGCATACA,1
ACGTATCACTCAATGA,1
ACGTATCACTGAGCCA,1
ACGTATCACTGGCATA,1
ACGTATCAGAATCTGA,1
ACGTATCACAAGACTA,1
ACGTATCAGAGCTGAA,1
ACGTATCAGATAGACA,1
ACGTATCAGCCACATA,1
ACGTATCAGCGAGTAA,1
ACGTATCAGCTAACGA,1
ACGTATCAGCTCGGTA,1
ACGTATCAGGAGAACA,1
ACGTATCAGGTGCGAA,1
ACGTATCAGTACGCAA,1
ACGTATCAGTCGTAGA,1
ACGTATCAGTCTGTCA,1
ACGTATCAGTGTTCTA,1
ACGTATCAACATTGGC,3
ACGTATCATAGGATGA,1
ACGTATCATATCAGCA,1
ACGTATCATCCGTCTA,1
ACGTATCATCTTCACA,1
ACGTATCATGAAGAGA,1
ACGTATCATGGAACAA,6
ACGTATCATGGCTTCA,1
ACGTATCATGGTGGTA,6
ACGTATCATTCACGCA,1
ACGTATCAAACTCACC,6
ACGTATCACAGATCTG,3
ACGTATCAAAGAGATC,6
ACGTATCAAAGGACAC,6
ACGTATCAAATCCGTC,8
ACGTATCAAATGTTGC,8
ACGTATCAACACGACC,8
ACGTATCAACAGATTC,8
ACGTATCAAGATGTAC,8
ACGTATCAAGCACCTC,6
ACGTATCAAGCCATGC,6
ACGTATCAAGGCTAAC,6
ACGTATCACATCAAGT,3
ACGTATCAATAGCGAC,6
ACGTATCAATCATTCC,6
ACGTATCAATTGGCTC,6
ACGTATCACAAGGAGC,6
ACGTATCACACCTTAC,6
ACGTATCACCATCCTC,6
ACGTATCACCGACAAC,6
ACGTATCACCTAATCC,6
ACGTATCACCTCTATC,6
ACGTATCACGACACAC,6
ACGTATCACGCTGATC,3
ACGTATCACGGATTGC,6
ACGTATCACTAAGGTC,6
ACGTATCAGAACAGGC,6
ACGTATCAGACAGTGC,6
ACGTATCAGAGTTAGC,6
ACGTATCAGATGAATC,9
ACGTATCAGCCAAGAC,9
ACGTATCACGGAAGAA,9
ACGTATCAGTGACAAG,9
ACGTATCAGAACCAGA,9
GAGTTAGCTTGCTGGA,3
GAGTTAGCACGCTCGA,4
GAGTTAGCACGTATCA,4
GAGTTAGCACTATGCA,4
GAGTTAGCAGAGTCAA,4
GAGTTAGCAGATCGCA,4
GAGTTAGCAGCAGGAA,3
GAGTTAGCAGTCACTA,4
GAGTTAGCATCCTGTA,4
GAGTTAGCATTGAGGA,4
GAGTTAGCCAACCACA,4
GAGTTAGCGACTAGTA,4
GAGTTAGCCAATGGAA,4
GAGTTAGCCACTTCGA,4
GAGTTAGCCAGCGTTA,4
GAGTTAGCCATACCAA,4
GAGTTAGCCCAGTTCA,4
GAGTTAGCCCGAAGTA,4
GAGTTAGCCCGTGAGA,4
GAGTTAGCCCTCCTGA,4
GAGTTAGCCGAACTTA,2
GAGTTAGCCGACTGGA,2
GAGTTAGCCGCATACA,2
GAGTTAGCCTCAATGA,2
GAGTTAGCCTGAGCCA,2
GAGTTAGCCTGGCATA,2
GAGTTAGCGAATCTGA,2
GAGTTAGCCAAGACTA,3
GAGTTAGCGAGCTGAA,5
GAGTTAGCGATAGACA,3
GAGTTAGCGCCACATA,5
GAGTTAGCGCGAGTAA,5
GAGTTAGCGCTAACGA,5
GAGTTAGCGCTCGGTA,5
GAGTTAGCGGAGAACA,5
GAGTTAGCGGTGCGAA,5
GAGTTAGCGTACGCAA,5
GAGTTAGCGTCGTAGA,5
GAGTTAGCGTCTGTCA,5
GAGTTAGCGTGTTCTA,5
GAGTTAGCTAGGATGA,5
GAGTTAGCTATCAGCA,5
GAGTTAGCTCCGTCTA,5
GAGTTAGCTCTTCACA,5
GAGTTAGCTGAAGAGA,5
GAGTTAGCTGGAACAA,5
GAGTTAGCTGGCTTCA,5
GAGTTAGCTGGTGGTA,5
GAGTTAGCTTCACGCA,5
GAGTTAGCAACTCACC,5
GAGTTAGCAAGAGATC,5
GAGTTAGCAAGGACAC,5
GAGTTAGCAATCCGTC,5
GAGTTAGCAATGTTGC,5
GAGTTAGCACACGACC,5
GAGTTAGCACAGATTC,5
GAGTTAGCAGATGTAC,5
GAGTTAGCAGCACCTC,5
GAGTTAGCAGCCATGC,5
GAGTTAGCAGGCTAAC,5
GAGTTAGCATAGCGAC,5
GAGTTAGCATCATTCC,5
GAGTTAGCATTGGCTC,5
GAGTTAGCCAAGGAGC,5
GAGTTAGCCACCTTAC,5
GAGTTAGCCCATCCTC,5
GAGTTAGCCCGACAAC,5
GAGTTAGCCCTAATCC,5
GAGTTAGCCCTCTATC,5
GAGTTAGCCGACACAC,2
GAGTTAGCCGGATTGC,2
GAGTTAGCCTAAGGTC,2
GAGTTAGCGAACAGGC,4
GAGTTAGCGACAGTGC,4
GAGTTAGCGAGTTAGC,4
GAGTTAGCGATGAATC,3
GAGTTAGCGCCAAGAC,3
GAGTTAGCCGGAAGAA,3
GAGTTAGCGTGACAAG,3
GAGTTAGCGAACCAGA,3
ACGCTCGAACAAGCTA,3
ACGCTCGATTGCTGGA,9
ACGCTCGACTGTAGCC,3
ACGCTCGAAGTACAAG,3
ACGCTCGAAACAACCA,4
ACGCTCGAAACCGAGA,3
ACGCTCGAAACGCTTA,3
ACGCTCGAAAGACGGA,3
ACGCTCGAAAGGTACA,3
ACGCTCGAACACAGAA,3
ACGCTCGAACAGCAGA,3
ACGCTCGAACCTCCAA,3
ACGCTCGAACGCTCGA,3
ACGCTCGAACGTATCA,3
ACGCTCGAACTATGCA,3
ACGCTCGAAGAGTCAA,5
ACGCTCGAAGATCGCA,5
ACGCTCGAAGCAGGAA,3
ACGCTCGAAGTCACTA,3
ACGCTCGAATCCTGTA,3
ACGCTCGAATTGAGGA,3
ACGCTCGACAACCACA,3
ACGCTCGAGACTAGTA,3
ACGCTCGACAATGGAA,3
ACGCTCGACACTTCGA,3
ACGCTCGACAGCGTTA,3
ACGCTCGACATACCAA,3
ACGCTCGACCAGTTCA,3
ACGCTCGACCGAAGTA,3
ACGCTCGACCGTGAGA,1
ACGCTCGACCTCCTGA,1
ACGCTCGACGAACTTA,1
ACGCTCGACGACTGGA,1
ACGCTCGACGCATACA,1
ACGCTCGACTCAATGA,1
ACGCTCGACTGAGCCA,1
ACGCTCGACTGGCATA,1
ACGCTCGAGAATCTGA,1
ACGCTCGACAAGACTA,1
ACGCTCGAGAGCTGAA,1
ACGCTCGAGATAGACA,1
ACGCTCGAGCCACATA,1
ACGCTCGAGCGAGTAA,1
ACGCTCGAGCTAACGA,1
ACGCTCGAGCTCGGTA,1
ACGCTCGAGGAGAACA,1
ACGCTCGAGGTGCGAA,1
ACGCTCGAGTACGCAA,1
ACGCTCGAGTCGTAGA,1
ACGCTCGAGTCTGTCA,1
ACGCTCGAGTGTTCTA,1
ACGCTCGATAGGATGA,1
ACGCTCGATATCAGCA,1
ACGCTCGATCCGTCTA,1
ACGCTCGATCTTCACA,6
ACGCTCGATGAAGAGA,1
ACGCTCGATGGAACAA,1
ACGCTCGATGGCTTCA,1
ACGCTCGATGGTGGTA,1
ACGCTCGATTCACGCA,6
ACGCTCGAAACTCACC,1
ACGCTCGAAAGAGATC,6
ACGCTCGAAAGGACAC,8
ACGCTCGAAATCCGTC,8
ACGCTCGAAATGTTGC,8
ACGCTCGAACACGACC,8
ACGCTCGAACAGATTC,8
ACGCTCGAAGATGTAC,8
ACGCTCGAAGCACCTC,6
ACGCTCGAAGCCATGC,6
ACGCTCGAAGGCTAAC,6
ACGCTCGACATCAAGT,3
ACGCTCGAATAGCGAC,6
ACGCTCGAATCATTCC,6
ACGCTCGAATTGGCTC,6
ACGCTCGACAAGGAGC,6
ACGCTCGACACCTTAC,6
ACGCTCGACCATCCTC,6
ACGCTCGACCGACAAC,6
ACGCTCGACCTAATCC,6
ACGCTCGACCTCTATC,6
ACGCTCGACGACACAC,6
ACGCTCGACGCTGATC,3
ACGCTCGACGGATTGC,6
ACGCTCGACTAAGGTC,6
ACGCTCGAGAACAGGC,6
ACGCTCGAGACAGTGC,6
ACGCTCGAGAGTTAGC,6
ACGCTCGAGATGAATC,9
ACGCTCGAGCCAAGAC,9
ACGCTCGACGGAAGAA,9
ACGCTCGAGTGACAAG,9
ACGCTCGAGAACCAGA,9
ACCTCCAAACAAGCTA,3
ACCTCCAATTGCTGGA,9
ACCTCCAACTGTAGCC,3
ACCTCCAAAGTACAAG,3
ACCTCCAAAACAACCA,3
ACCTCCAAAACCGAGA,3
ACCTCCAAAACGCTTA,3
ACCTCCAAAAGACGGA,3
ACCTCCAAAAGGTACA,3
ACCTCCAAACACAGAA,3
ACCTCCAAACAGCAGA,3
ACCTCCAAACCTCCAA,3
ACCTCCAAACGCTCGA,3
ACCTCCAAACGTATCA,3
ACCTCCAAACTATGCA,3
ACCTCCAAAGAGTCAA,3
ACCTCCAAAGATCGCA,3
ACCTCCAAAGCAGGAA,3
ACCTCCAAAGTCACTA,3
ACCTCCAAATCCTGTA,3
ACCTCCAAATTGAGGA,3
ACCTCCAACAACCACA,3
ACCTCCAAGACTAGTA,3
ACCTCCAACAATGGAA,3
ACCTCCAACACTTCGA,3
ACCTCCAACAGCGTTA,3
ACCTCCAACATACCAA,3
ACCTCCAACCAGTTCA,3
ACCTCCAACCGAAGTA,3
ACCTCCAACCGTGAGA,1
ACCTCCAACCTCCTGA,1
ACCTCCAACGAACTTA,1
ACCTCCAACGACTGGA,1
ACCTCCAACGCATACA,1
ACCTCCAACTCAATGA,1
ACCTCCAACTGAGCCA,1
ACCTCCAACTGGCATA,1
ACCTCCAAGAATCTGA,1
ACCTCCAACAAGACTA,1
ACCTCCAAGAGCTGAA,1
ACCTCCAAGATAGACA,1
ACCTCCAAGCCACATA,1
ACCTCCAAGCGAGTAA,1
ACCTCCAAGCTAACGA,1
ACCTCCAAGCTCGGTA,1
ACCTCCAAGGAGAACA,1
ACCTCCAAGGTGCGAA,1
ACCTCCAAGTACGCAA,1
ACCTCCAAGTCGTAGA,1
ACCTCCAAGTCTGTCA,1
ACCTCCAAGTGTTCTA,1
ACCTCCAAACATTGGC,3
ACCTCCAATAGGATGA,1
ACCTCCAATATCAGCA,1
ACCTCCAATCCGTCTA,6
ACCTCCAATCTTCACA,6
ACCTCCAATGAAGAGA,6
ACCTCCAATGGAACAA,1
ACCTCCAATGGCTTCA,6
ACCTCCAATGGTGGTA,1
ACCTCCAATTCACGCA,1
ACCTCCAAAACTCACC,6
ACCTCCAACAGATCTG,3
ACCTCCAAAAGAGATC,8
ACCTCCAAAAGGACAC,8
ACCTCCAAAATCCGTC,8
ACCTCCAAAATGTTGC,8
ACCTCCAAACACGACC,8
ACCTCCAAACAGATTC,8
ACCTCCAAAGATGTAC,8
ACCTCCAAAGCACCTC,6
ACCTCCAAAGCCATGC,6
ACCTCCAAAGGCTAAC,6
ACCTCCAACATCAAGT,3
ACCTCCAAATAGCGAC,6
ACCTCCAAATCATTCC,6
ACCTCCAAATTGGCTC,6
ACCTCCAACAAGGAGC,6
ACCTCCAACACCTTAC,6
ACCTCCAACCATCCTC,6
ACCTCCAACCGACAAC,6
ACCTCCAACCTAATCC,6
ACCTCCAACCTCTATC,6
ACCTCCAACGACACAC,6
ACCTCCAACGCTGATC,3
ACCTCCAACGGATTGC,6
ACCTCCAACTAAGGTC,6
ACCTCCAAGAACAGGC,6
ACCTCCAAGACAGTGC,6
ACCTCCAAGAGTTAGC,6
ACCTCCAAGATGAATC,9
ACCTCCAAGCCAAGAC,9
ACCTCCAACGGAAGAA,9
ACCTCCAAGTGACAAG,9
ACCTCCAAGAACCAGA,9
ACAGCAGAACAAGCTA,3
ACAGCAGATTGCTGGA,9
ACAGCAGACTGTAGCC,3
ACAGCAGAAGTACAAG,3
ACAGCAGAAACAACCA,3
ACAGCAGAAACCGAGA,3
ACAGCAGAAACGCTTA,3
ACAGCAGAAAGACGGA,3
ACAGCAGAAAGGTACA,3
ACAGCAGAACACAGAA,3
ACAGCAGAACAGCAGA,3
ACAGCAGAACCTCCAA,3
ACAGCAGAACGCTCGA,3
ACAGCAGAACGTATCA,3
ACAGCAGAACTATGCA,3
ACAGCAGAAGAGTCAA,3
ACAGCAGAAGATCGCA,3
ACAGCAGAAGCAGGAA,3
ACAGCAGAAGTCACTA,3
ACAGCAGAATCCTGTA,3
ACAGCAGAATTGAGGA,3
ACAGCAGACAACCACA,3
ACAGCAGAGACTAGTA,3
ACAGCAGACAATGGAA,3
ACAGCAGACACTTCGA,3
ACAGCAGACAGCGTTA,3
ACAGCAGACATACCAA,3
ACAGCAGACCAGTTCA,3
ACAGCAGACCGAAGTA,3
ACAGCAGACCGTGAGA,5
ACAGCAGACCTCCTGA,1
ACAGCAGACGAACTTA,1
ACAGCAGACGACTGGA,1
ACAGCAGACGCATACA,1
ACAGCAGACTCAATGA,1
ACAGCAGACTGAGCCA,1
ACAGCAGACTGGCATA,1
ACAGCAGAGAATCTGA,1
ACAGCAGACAAGACTA,1
ACAGCAGAGAGCTGAA,1
ACAGCAGAGATAGACA,1
ACAGCAGAGCCACATA,1
ACAGCAGAGCGAGTAA,1
ACAGCAGAGCTAACGA,1
ACAGCAGAGCTCGGTA,1
ACAGCAGAGGAGAACA,1
ACAGCAGAGGTGCGAA,1
ACAGCAGAGTACGCAA,1
ACAGCAGAGTCGTAGA,1
ACAGCAGAGTCTGTCA,1
ACAGCAGAGTGTTCTA,1
ACAGCAGATAGGATGA,1
ACAGCAGATATCAGCA,1
ACAGCAGATCCGTCTA,6
ACAGCAGATCTTCACA,6
ACAGCAGATGAAGAGA,6
ACAGCAGATGGAACAA,1
ACAGCAGATGGCTTCA,6
ACAGCAGATGGTGGTA,1
ACAGCAGATTCACGCA,6
ACAGCAGAAACTCACC,1
ACAGCAGACAGATCTG,3
ACAGCAGAAAGAGATC,8
ACAGCAGAAAGGACAC,8
ACAGCAGAAATCCGTC,8
ACAGCAGAAATGTTGC,8
ACAGCAGAACACGACC,8
ACAGCAGAACAGATTC,8
ACAGCAGAAGATGTAC,8
ACAGCAGAAGCACCTC,6
ACAGCAGAAGCCATGC,6
ACAGCAGAAGGCTAAC,6
ACAGCAGACATCAAGT,3
ACAGCAGAATAGCGAC,6
ACAGCAGAATCATTCC,6
ACAGCAGAATTGGCTC,6
ACAGCAGACAAGGAGC,6
ACAGCAGACACCTTAC,6
ACAGCAGACCATCCTC,6
ACAGCAGACCGACAAC,6
ACAGCAGACCTAATCC,6
ACAGCAGACCTCTATC,6
ACAGCAGACGACACAC,6
ACAGCAGACGCTGATC,3
ACAGCAGACGGATTGC,6
ACAGCAGACTAAGGTC,6
ACAGCAGAGAACAGGC,6
ACAGCAGAGACAGTGC,6
ACAGCAGAGAGTTAGC,6
ACAGCAGAGATGAATC,9
ACAGCAGAGCCAAGAC,9
ACAGCAGACGGAAGAA,9
ACAGCAGAGTGACAAG,9
ACAGCAGAGAACCAGA,9
ACACAGAAACAAGCTA,3
ACACAGAATTGCTGGA,9
ACACAGAACTGTAGCC,3
ACACAGAAAGTACAAG,3
ACACAGAAAACAACCA,3
ACACAGAAAACCGAGA,3
ACACAGAAAACGCTTA,3
ACACAGAAAAGACGGA,3
ACACAGAAAAGGTACA,3
ACACAGAAACACAGAA,3
ACACAGAAACAGCAGA,3
ACACAGAAACCTCCAA,3
ACACAGAAACGCTCGA,3
ACACAGAAACGTATCA,3
ACACAGAAACTATGCA,3
ACACAGAAAGAGTCAA,3
ACACAGAAAGATCGCA,3
ACACAGAAAGCAGGAA,3
ACACAGAAAGTCACTA,3
ACACAGAAATCCTGTA,3
ACACAGAAATTGAGGA,3
ACACAGAACAACCACA,3
ACACAGAAGACTAGTA,3
ACACAGAACAATGGAA,3
ACACAGAACACTTCGA,3
ACACAGAACAGCGTTA,3
ACACAGAACATACCAA,3
ACACAGAACCAGTTCA,3
ACACAGAACCGAAGTA,3
ACACAGAACCGTGAGA,3
ACACAGAACCTCCTGA,1
ACACAGAACGAACTTA,1
ACACAGAACGACTGGA,1
ACACAGAACGCATACA,1
ACACAGAACTCAATGA,1
ACACAGAACTGAGCCA,1
ACACAGAACTGGCATA,1
ACACAGAAGAATCTGA,1
ACACAGAACAAGACTA,1
ACACAGAAGAGCTGAA,1
ACACAGAAGATAGACA,1
ACACAGAAGCCACATA,1
ACACAGAAGCGAGTAA,1
ACACAGAAGCTAACGA,1
ACACAGAAGCTCGGTA,1
ACACAGAAGGAGAACA,1
ACACAGAAGGTGCGAA,1
ACACAGAAGTACGCAA,1
ACACAGAAGTCGTAGA,1
ACACAGAAGTCTGTCA,1
ACACAGAAGTGTTCTA,1
ACACAGAATAGGATGA,1
ACACAGAATATCAGCA,1
ACACAGAATCCGTCTA,1
ACACAGAATCTTCACA,1
ACACAGAATGAAGAGA,6
ACACAGAATGGAACAA,6
ACACAGAATGGCTTCA,1
ACACAGAATGGTGGTA,1
ACACAGAATTCACGCA,1
ACACAGAAAACTCACC,1
ACACAGAACAGATCTG,3
ACACAGAAAAGAGATC,8
ACACAGAAAAGGACAC,8
ACACAGAAAATCCGTC,8
ACACAGAAAATGTTGC,8
ACACAGAAACACGACC,8
ACACAGAAACAGATTC,8
ACACAGAAAGATGTAC,8
ACACAGAAAGCACCTC,6
ACACAGAAAGCCATGC,6
ACACAGAAAGGCTAAC,6
ACACAGAACATCAAGT,3
ACACAGAAATAGCGAC,6
ACACAGAAATCATTCC,6
ACACAGAAATTGGCTC,6
ACACAGAACAAGGAGC,6
ACACAGAACACCTTAC,6
ACACAGAACCATCCTC,6
ACACAGAACCGACAAC,6
ACACAGAACCTAATCC,6
ACACAGAACCTCTATC,6
ACACAGAACGACACAC,6
ACACAGAACGCTGATC,3
ACACAGAACGGATTGC,6
ACACAGAACTAAGGTC,6
ACACAGAAGAACAGGC,6
ACACAGAAGACAGTGC,6
ACACAGAAGAGTTAGC,6
ACACAGAAGATGAATC,9
ACACAGAAGCCAAGAC,9
ACACAGAACGGAAGAA,9
ACACAGAAGTGACAAG,9
ACACAGAAGAACCAGA,9
AAGGTACAACAAGCTA,3
AAGGTACATTGCTGGA,9
AAGGTACACTGTAGCC,3
AAGGTACAAGTACAAG,3
AAGGTACAAACAACCA,3
AAGGTACAAACCGAGA,3
AAGGTACAAACGCTTA,3
AAGGTACAAAGACGGA,3
AAGGTACAAAGGTACA,3
AAGGTACAACACAGAA,3
AAGGTACAACAGCAGA,3
AAGGTACAACCTCCAA,3
AAGGTACAACGCTCGA,3
AAGGTACAACGTATCA,3
AAGGTACAACTATGCA,3
AAGGTACAAGAGTCAA,3
AAGGTACAAGATCGCA,3
AAGGTACAAGCAGGAA,3
AAGGTACAAGTCACTA,3
AAGGTACAATCCTGTA,3
AAGGTACAATTGAGGA,3
AAGGTACACAACCACA,3
AAGGTACAGACTAGTA,3
AAGGTACACAATGGAA,3
AAGGTACACACTTCGA,3
AAGGTACACAGCGTTA,3
AAGGTACACATACCAA,3
AAGGTACACCAGTTCA,3
AAGGTACACCGAAGTA,3
AAGGTACACCGTGAGA,3
AAGGTACACCTCCTGA,1
AAGGTACACGAACTTA,1
AAGGTACACGACTGGA,1
AAGGTACACGCATACA,1
AAGGTACACTCAATGA,1
AAGGTACACTGAGCCA,1
AAGGTACACTGGCATA,1
AAGGTACAGAATCTGA,1
AAGGTACACAAGACTA,1
AAGGTACAGAGCTGAA,1
AAGGTACAGATAGACA,1
AAGGTACAGCCACATA,1
AAGGTACAGCGAGTAA,1
AAGGTACAGCTAACGA,1
AAGGTACAGCTCGGTA,1
AAGGTACAGGAGAACA,1
AAGGTACAGGTGCGAA,1
AAGGTACAGTACGCAA,1
AAGGTACAGTCGTAGA,1
AAGGTACAGTCTGTCA,1
AAGGTACAGTGTTCTA,1
AAGGTACATAGGATGA,1
AAGGTACATATCAGCA,1
AAGGTACATCCGTCTA,1
AAGGTACATCTTCACA,1
AAGGTACATGAAGAGA,1
AAGGTACATGGAACAA,6
AAGGTACATGGCTTCA,1
AAGGTACATGGTGGTA,1
AAGGTACATTCACGCA,1
AAGGTACAAACTCACC,1
AAGGTACAAAGAGATC,1
AAGGTACAAAGGACAC,8
AAGGTACAAATCCGTC,8
AAGGTACAAATGTTGC,1
AAGGTACAACACGACC,1
AAGGTACAACAGATTC,1
AAGGTACAAGATGTAC,6
AAGGTACAAGCACCTC,6
AAGGTACAAGCCATGC,6
AAGGTACAAGGCTAAC,6
AAGGTACACATCAAGT,3
AAGGTACAATAGCGAC,6
AAGGTACAATCATTCC,6
AAGGTACAATTGGCTC,6
AAGGTACACAAGGAGC,6
AAGGTACACACCTTAC,6
AAGGTACACCATCCTC,6
AAGGTACACCGACAAC,6
AAGGTACACCTAATCC,6
AAGGTACACCTCTATC,6
AAGGTACACGACACAC,6
AAGGTACACGCTGATC,3
AAGGTACACGGATTGC,6
AAGGTACACTAAGGTC,6
AAGGTACAGAACAGGC,6
AAGGTACAGACAGTGC,6
AAGGTACAGAGTTAGC,6
AAGGTACAGATGAATC,9
AAGGTACAGCCAAGAC,9
AAGGTACACGGAAGAA,9
AAGGTACAGTGACAAG,9
AAGGTACAGAACCAGA,9
AAGACGGAACAAGCTA,3
AAGACGGATTGCTGGA,9
AAGACGGACTGTAGCC,3
AAGACGGAAGTACAAG,3
AAGACGGAAACAACCA,3
AAGACGGAAACCGAGA,3
AAGACGGAAACGCTTA,3
AAGACGGAAAGACGGA,3
AAGACGGAAAGGTACA,3
AAGACGGAACACAGAA,3
AAGACGGAACAGCAGA,3
AAGACGGAACCTCCAA,3
AAGACGGAACGCTCGA,3
AAGACGGAACGTATCA,3
AAGACGGAACTATGCA,3
AAGACGGAAGAGTCAA,3
AAGACGGAAGATCGCA,3
AAGACGGAAGCAGGAA,3
AAGACGGAAGTCACTA,3
AAGACGGAATCCTGTA,3
AAGACGGAATTGAGGA,3
AAGACGGACAACCACA,3
AAGACGGAGACTAGTA,3
AAGACGGACAATGGAA,3
AAGACGGACACTTCGA,3
AAGACGGACAGCGTTA,3
AAGACGGACATACCAA,3
AAGACGGACCAGTTCA,3
AAGACGGACCGAAGTA,3
AAGACGGACCGTGAGA,3
AAGACGGACCTCCTGA,3
AAGACGGACGAACTTA,3
AAGACGGACGACTGGA,1
AAGACGGACGCATACA,1
AAGACGGACTCAATGA,1
AAGACGGACTGAGCCA,1
AAGACGGACTGGCATA,1
AAGACGGAGAATCTGA,1
AAGACGGACAAGACTA,1
AAGACGGAGAGCTGAA,1
AAGACGGAGATAGACA,1
AAGACGGAGCCACATA,1
AAGACGGAGCGAGTAA,1
AAGACGGAGCTAACGA,1
AAGACGGAGCTCGGTA,1
AAGACGGAGGAGAACA,1
AAGACGGAGGTGCGAA,1
AAGACGGAGTACGCAA,1
AAGACGGAGTCGTAGA,1
AAGACGGAGTCTGTCA,1
AAGACGGAGTGTTCTA,1
AAGACGGATAGGATGA,1
AAGACGGATATCAGCA,1
AAGACGGATCCGTCTA,1
AAGACGGATCTTCACA,1
AAGACGGATGAAGAGA,1
AAGACGGATGGAACAA,1
AAGACGGATGGCTTCA,1
AAGACGGATGGTGGTA,1
AAGACGGATTCACGCA,1
AAGACGGAAACTCACC,1
AAGACGGAAAGAGATC,1
AAGACGGAAAGGACAC,1
AAGACGGAAATCCGTC,6
AAGACGGAAATGTTGC,6
AAGACGGAACACGACC,6
AAGACGGAACAGATTC,6
AAGACGGAAGATGTAC,6
AAGACGGAAGCACCTC,6
AAGACGGAAGCCATGC,6
AAGACGGAAGGCTAAC,6
AAGACGGACATCAAGT,3
AAGACGGAATAGCGAC,6
AAGACGGAATCATTCC,6
AAGACGGAATTGGCTC,6
AAGACGGACAAGGAGC,6
AAGACGGACACCTTAC,6
AAGACGGACCATCCTC,6
AAGACGGACCGACAAC,6
AAGACGGACCTAATCC,6
AAGACGGACCTCTATC,6
AAGACGGACGACACAC,6
AAGACGGACGCTGATC,3
AAGACGGACGGATTGC,6
AAGACGGACTAAGGTC,6
AAGACGGAGAACAGGC,6
AAGACGGAGACAGTGC,6
AAGACGGAGAGTTAGC,6
AAGACGGAGATGAATC,9
AAGACGGAGCCAAGAC,9
AAGACGGACGGAAGAA,9
AAGACGGAGTGACAAG,9
AAGACGGAGAACCAGA,9
AACGCTTAACAAGCTA,3
AACGCTTATTGCTGGA,3
AACGCTTACTGTAGCC,3
AACGCTTAAGTACAAG,3
AACGCTTAAACAACCA,3
AACGCTTAAACCGAGA,3
AACGCTTAAACGCTTA,3
AACGCTTAAAGACGGA,3
AACGCTTAAAGGTACA,3
AACGCTTAACACAGAA,4
AACGCTTAACAGCAGA,4
AACGCTTAACCTCCAA,4
AACGCTTAACGCTCGA,3
AACGCTTAACGTATCA,3
AACGCTTAACTATGCA,3
AACGCTTAAGAGTCAA,3
AACGCTTAAGATCGCA,3
AACGCTTAAGCAGGAA,3
AACGCTTAAGTCACTA,3
AACGCTTAATCCTGTA,3
AACGCTTAATTGAGGA,3
AACGCTTACAACCACA,3
AACGCTTAGACTAGTA,3
AACGCTTACAATGGAA,3
AACGCTTACACTTCGA,3
AACGCTTACAGCGTTA,3
AACGCTTACATACCAA,3
AACGCTTACCAGTTCA,3
AACGCTTACCGAAGTA,3
AACGCTTACCGTGAGA,3
AACGCTTACCTCCTGA,3
AACGCTTACGAACTTA,3
AACGCTTACGACTGGA,1
AACGCTTACGCATACA,1
AACGCTTACTCAATGA,1
AACGCTTACTGAGCCA,1
AACGCTTACTGGCATA,1
AACGCTTAGAATCTGA,1
AACGCTTACAAGACTA,1
AACGCTTAGAGCTGAA,1
AACGCTTAGATAGACA,1
AACGCTTAGCCACATA,1
AACGCTTAGCGAGTAA,1
AACGCTTAGCTAACGA,1
AACGCTTAGCTCGGTA,1
AACGCTTAGGAGAACA,1
AACGCTTAGGTGCGAA,1
AACGCTTAGTACGCAA,1
AACGCTTAGTCGTAGA,1
AACGCTTAGTCTGTCA,1
AACGCTTAGTGTTCTA,1
AACGCTTATAGGATGA,1
AACGCTTATATCAGCA,1
AACGCTTATCCGTCTA,1
AACGCTTATCTTCACA,1
AACGCTTATGAAGAGA,1
AACGCTTATGGAACAA,1
AACGCTTATGGCTTCA,1
AACGCTTATGGTGGTA,1
AACGCTTATTCACGCA,1
AACGCTTAAACTCACC,1
AACGCTTAAAGAGATC,1
AACGCTTAAAGGACAC,1
AACGCTTAAATCCGTC,6
AACGCTTAAATGTTGC,6
AACGCTTAACACGACC,6
AACGCTTAACAGATTC,6
AACGCTTAAGATGTAC,6
AACGCTTAAGCACCTC,6
AACGCTTAAGCCATGC,6
AACGCTTAAGGCTAAC,6
AACGCTTAATAGCGAC,6
AACGCTTAATCATTCC,6
AACGCTTAATTGGCTC,6
AACGCTTACAAGGAGC,6
AACGCTTACACCTTAC,6
AACGCTTACCATCCTC,6
AACGCTTACCGACAAC,6
AACGCTTACCTAATCC,6
AACGCTTACCTCTATC,6
AACGCTTACGACACAC,6
AACGCTTACGCTGATC,3
AACGCTTACGGATTGC,6
AACGCTTACTAAGGTC,6
AACGCTTAGAACAGGC,6
AACGCTTAGACAGTGC,6
AACGCTTAGAGTTAGC,6
AACGCTTAGATGAATC,9
AACGCTTAGCCAAGAC,9
AACGCTTACGGAAGAA,9
AACGCTTAGTGACAAG,9
AACGCTTAGAACCAGA,6
AACCGAGAACAAGCTA,3
AACCGAGATTGCTGGA,9
AACCGAGACTGTAGCC,3
AACCGAGAAGTACAAG,3
AACCGAGAAACAACCA,3
AACCGAGAAACCGAGA,3
AACCGAGAAACGCTTA,3
AACCGAGAAAGACGGA,3
AACCGAGAAAGGTACA,3
AACCGAGAACACAGAA,3
AACCGAGAACAGCAGA,3
AACCGAGAACCTCCAA,3
AACCGAGAACGCTCGA,3
AACCGAGAACGTATCA,3
AACCGAGAACTATGCA,3
AACCGAGAAGAGTCAA,3
AACCGAGAAGATCGCA,3
AACCGAGAAGCAGGAA,3
AACCGAGAAGTCACTA,3
AACCGAGAATCCTGTA,3
AACCGAGAATTGAGGA,3
AACCGAGACAACCACA,3
AACCGAGAGACTAGTA,3
AACCGAGACAATGGAA,3
AACCGAGACACTTCGA,3
AACCGAGACAGCGTTA,3
AACCGAGACATACCAA,3
AACCGAGACCAGTTCA,3
AACCGAGACCGAAGTA,3
AACCGAGACCGTGAGA,3
AACCGAGACCTCCTGA,3
AACCGAGACGAACTTA,3
AACCGAGACGACTGGA,3
AACCGAGACGCATACA,1
AACCGAGACTCAATGA,1
AACCGAGACTGAGCCA,1
AACCGAGACTGGCATA,1
AACCGAGAGAATCTGA,1
AACCGAGACAAGACTA,1
AACCGAGAGAGCTGAA,1
AACCGAGAGATAGACA,1
AACCGAGAGCCACATA,1
AACCGAGAGCGAGTAA,1
AACCGAGAGCTAACGA,1
AACCGAGAGCTCGGTA,1
AACCGAGAGGAGAACA,1
AACCGAGAGGTGCGAA,1
AACCGAGAGTACGCAA,1
AACCGAGAGTCGTAGA,1
AACCGAGAGTCTGTCA,1
AACCGAGAGTGTTCTA,1
AACCGAGATAGGATGA,1
AACCGAGATATCAGCA,1
AACCGAGATCCGTCTA,1
AACCGAGATCTTCACA,1
AACCGAGATGAAGAGA,1
AACCGAGATGGAACAA,1
AACCGAGATGGCTTCA,1
AACCGAGATGGTGGTA,1
AACCGAGATTCACGCA,1
AACCGAGAAACTCACC,1
AACCGAGAAAGAGATC,1
AACCGAGAAAGGACAC,6
AACCGAGAAATCCGTC,6
AACCGAGAAATGTTGC,6
AACCGAGAACACGACC,6
AACCGAGAACAGATTC,6
AACCGAGAAGATGTAC,6
AACCGAGAAGCACCTC,6
AACCGAGAAGCCATGC,6
AACCGAGAAGGCTAAC,6
AACCGAGAATAGCGAC,6
AACCGAGAATCATTCC,6
AACCGAGAATTGGCTC,6
AACCGAGACAAGGAGC,6
AACCGAGACACCTTAC,6
AACCGAGACCATCCTC,6
AACCGAGACCGACAAC,6
AACCGAGACCTAATCC,6
AACCGAGACCTCTATC,6
AACCGAGACGACACAC,6
AACCGAGACGCTGATC,3
AACCGAGACGGATTGC,6
AACCGAGACTAAGGTC,6
AACCGAGAGAACAGGC,6
AACCGAGAGACAGTGC,6
AACCGAGAGAGTTAGC,6
AACCGAGAGATGAATC,9
AACCGAGAGCCAAGAC,9
AACCGAGACGGAAGAA,9
AACCGAGAGTGACAAG,9
AACCGAGAGAACCAGA,9
AACAACCAACAAGCTA,3
AACAACCATTGCTGGA,9
AACAACCACTGTAGCC,3
AACAACCAAGTACAAG,3
AACAACCAAACAACCA,3
AACAACCAAACCGAGA,3
AACAACCAAACGCTTA,3
AACAACCAAAGACGGA,3
AACAACCAAAGGTACA,3
AACAACCAACACAGAA,3
AACAACCAACAGCAGA,3
AACAACCAACCTCCAA,3
AACAACCAACGCTCGA,3
AACAACCAACGTATCA,3
AACAACCAACTATGCA,3
AACAACCAAGAGTCAA,3
AACAACCAAGATCGCA,3
AACAACCAAGCAGGAA,3
AACAACCAAGTCACTA,3
AACAACCAATCCTGTA,3
AACAACCAATTGAGGA,3
AACAACCACAACCACA,3
AACAACCAGACTAGTA,3
AACAACCACAATGGAA,3
AACAACCACACTTCGA,3
AACAACCACAGCGTTA,3
AACAACCACATACCAA,3
AACAACCACCAGTTCA,3
AACAACCACCGAAGTA,3
AACAACCACCGTGAGA,3
AACAACCACCTCCTGA,3
AACAACCACGAACTTA,3
AACAACCACGACTGGA,3
AACAACCACGCATACA,1
AACAACCACTCAATGA,1
AACAACCACTGAGCCA,1
AACAACCACTGGCATA,1
AACAACCAGAATCTGA,1
AACAACCACAAGACTA,1
AACAACCAGAGCTGAA,1
AACAACCAGATAGACA,1
AACAACCAGCCACATA,1
AACAACCAGCGAGTAA,1
AACAACCAGCTAACGA,1
AACAACCAGCTCGGTA,1
AACAACCAGGAGAACA,1
AACAACCAGGTGCGAA,1
AACAACCAGTACGCAA,1
AACAACCAGTCGTAGA,1
AACAACCAGTCTGTCA,1
AACAACCAGTGTTCTA,1
AACAACCATAGGATGA,1
AACAACCATATCAGCA,1
AACAACCATCCGTCTA,1
AACAACCATCTTCACA,1
AACAACCATGAAGAGA,1
AACAACCATGGAACAA,1
AACAACCATGGCTTCA,1
AACAACCATGGTGGTA,1
AACAACCATTCACGCA,1
AACAACCAAACTCACC,1
AACAACCAAAGAGATC,6
AACAACCAAAGGACAC,1
AACAACCAAATCCGTC,6
AACAACCAAATGTTGC,6
AACAACCAACACGACC,6
AACAACCAACAGATTC,6
AACAACCAAGATGTAC,6
AACAACCAAGCACCTC,6
AACAACCAAGCCATGC,6
AACAACCAAGGCTAAC,6
AACAACCAATAGCGAC,6
AACAACCAATCATTCC,6
AACAACCAATTGGCTC,6
AACAACCACAAGGAGC,6
AACAACCACACCTTAC,6
AACAACCACCATCCTC,6
AACAACCACCGACAAC,6
AACAACCACCTAATCC,6
AACAACCACCTCTATC,6
AACAACCACGACACAC,6
AACAACCACGGATTGC,6
AACAACCACTAAGGTC,6
AACAACCAGAACAGGC,6
AACAACCAGACAGTGC,6
AACAACCAGAGTTAGC,6
AACAACCAGATGAATC,9
AACAACCAGCCAAGAC,9
AACAACCACGGAAGAA,9
AACAACCAGTGACAAG,9
AACAACCAGAACCAGA,9
AGTACAAGTTGCTGGA,9
AGTACAAGCTGTAGCC,3
AGTACAAGAGTACAAG,3
AGTACAAGAACAACCA,3
AGTACAAGAACCGAGA,3
AGTACAAGAACGCTTA,3
AGTACAAGAAGACGGA,3
AGTACAAGAAGGTACA,3
AGTACAAGACACAGAA,3
AGTACAAGACAGCAGA,3
AGTACAAGACCTCCAA,3
AGTACAAGACGCTCGA,3
AGTACAAGACGTATCA,3
AGTACAAGACTATGCA,3
AGTACAAGAGAGTCAA,3
AGTACAAGAGATCGCA,3
AGTACAAGAGCAGGAA,3
AGTACAAGAGTCACTA,3
AGTACAAGATCCTGTA,3
AGTACAAGATTGAGGA,3
AGTACAAGCAACCACA,3
AGTACAAGGACTAGTA,3
AGTACAAGCAATGGAA,3
AGTACAAGCACTTCGA,3
AGTACAAGCAGCGTTA,3
AGTACAAGCATACCAA,3
AGTACAAGCCAGTTCA,3
AGTACAAGCCGAAGTA,3
AGTACAAGCCGTGAGA,3
AGTACAAGCCTCCTGA,3
AGTACAAGCGAACTTA,3
AGTACAAGCGACTGGA,3
AGTACAAGCGCATACA,3
AGTACAAGCTCAATGA,3
AGTACAAGCTGAGCCA,1
AGTACAAGCTGGCATA,1
AGTACAAGGAATCTGA,1
AGTACAAGCAAGACTA,1
AGTACAAGGAGCTGAA,1
AGTACAAGGATAGACA,1
AGTACAAGGCCACATA,1
AGTACAAGGCGAGTAA,1
AGTACAAGGCTAACGA,1
AGTACAAGGCTCGGTA,8
AGTACAAGGGAGAACA,3
AGTACAAGGGTGCGAA,1
AGTACAAGGTACGCAA,3
AGTACAAGGTCGTAGA,1
AGTACAAGGTCTGTCA,1
AGTACAAGGTGTTCTA,1
AGTACAAGTAGGATGA,1
AGTACAAGTATCAGCA,1
AGTACAAGTCCGTCTA,1
AGTACAAGTCTTCACA,1
AGTACAAGTGAAGAGA,1
AGTACAAGTGGAACAA,1
AGTACAAGTGGCTTCA,1
AGTACAAGTGGTGGTA,6
AGTACAAGTTCACGCA,6
AGTACAAGAACTCACC,6
AGTACAAGAAGAGATC,6
AGTACAAGAAGGACAC,6
AGTACAAGAATCCGTC,6
AGTACAAGAATGTTGC,6
AGTACAAGACACGACC,6
AGTACAAGACAGATTC,6
AGTACAAGAGATGTAC,6
AGTACAAGAGCACCTC,6
AGTACAAGAGCCATGC,6
AGTACAAGAGGCTAAC,6
AGTACAAGATAGCGAC,6
AGTACAAGATCATTCC,6
AGTACAAGATTGGCTC,6
AGTACAAGCAAGGAGC,6
AGTACAAGCACCTTAC,6
AGTACAAGCCATCCTC,6
AGTACAAGCCGACAAC,6
AGTACAAGCCTAATCC,6
AGTACAAGCCTCTATC,6
AGTACAAGCGACACAC,6
AGTACAAGCGGATTGC,6
AGTACAAGCTAAGGTC,6
AGTACAAGGAACAGGC,6
AGTACAAGGACAGTGC,6
AGTACAAGGAGTTAGC,6
AGTACAAGGATGAATC,9
AGTACAAGGCCAAGAC,9
AGTACAAGCGGAAGAA,9
AGTACAAGGTGACAAG,9
AGTACAAGGAACCAGA,9
GACAGTGCTTGCTGGA,3
GACAGTGCACGCTCGA,4
GACAGTGCACGTATCA,4
GACAGTGCACTATGCA,4
GACAGTGCAGAGTCAA,4
GACAGTGCAGATCGCA,4
GACAGTGCAGCAGGAA,4
GACAGTGCAGTCACTA,4
GACAGTGCATCCTGTA,4
GACAGTGCATTGAGGA,4
GACAGTGCCAACCACA,4
GACAGTGCGACTAGTA,4
GACAGTGCCAATGGAA,4
GACAGTGCCACTTCGA,4
GACAGTGCCAGCGTTA,4
GACAGTGCCATACCAA,4
GACAGTGCCCAGTTCA,4
GACAGTGCCCGAAGTA,2
GACAGTGCCCGTGAGA,2
GACAGTGCCCTCCTGA,2
GACAGTGCCGAACTTA,2
GACAGTGCCGACTGGA,2
GACAGTGCCGCATACA,2
GACAGTGCCTCAATGA,2
GACAGTGCCTGAGCCA,2
GACAGTGCCTGGCATA,2
GACAGTGCGAATCTGA,5
GACAGTGCCAAGACTA,5
GACAGTGCGAGCTGAA,5
GACAGTGCGATAGACA,5
GACAGTGCGCCACATA,5
GACAGTGCGCGAGTAA,5
GACAGTGCGCTAACGA,5
GACAGTGCGCTCGGTA,5
GACAGTGCGGAGAACA,5
GACAGTGCGGTGCGAA,5
GACAGTGCGTACGCAA,5
GACAGTGCGTCGTAGA,5
GACAGTGCGTCTGTCA,5
GACAGTGCGTGTTCTA,5
GACAGTGCTAGGATGA,5
GACAGTGCTATCAGCA,5
GACAGTGCTCCGTCTA,5
GACAGTGCTCTTCACA,5
GACAGTGCTGAAGAGA,5
GACAGTGCTGGAACAA,5
GACAGTGCTGGCTTCA,5
GACAGTGCTGGTGGTA,5
GACAGTGCTTCACGCA,5
GACAGTGCAACTCACC,5
GACAGTGCAAGAGATC,5
GACAGTGCAAGGACAC,5
GACAGTGCAATCCGTC,5
GACAGTGCAATGTTGC,5
GACAGTGCACACGACC,5
GACAGTGCACAGATTC,5
GACAGTGCAGATGTAC,5
GACAGTGCAGCACCTC,5
GACAGTGCAGCCATGC,5
GACAGTGCAGGCTAAC,5
GACAGTGCATAGCGAC,5
GACAGTGCATCATTCC,5
GACAGTGCATTGGCTC,5
GACAGTGCCAAGGAGC,5
GACAGTGCCACCTTAC,5
GACAGTGCCCATCCTC,5
GACAGTGCCCGACAAC,5
GACAGTGCCCTAATCC,5
GACAGTGCCCTCTATC,5
GACAGTGCCGACACAC,2
GACAGTGCCGGATTGC,2
GACAGTGCCTAAGGTC,4
GACAGTGCGAACAGGC,4
GACAGTGCGACAGTGC,4
GACAGTGCGAGTTAGC,3
GACAGTGCGATGAATC,3
GACAGTGCGCCAAGAC,3
GACAGTGCCGGAAGAA,3
GACAGTGCGTGACAAG,3
GACAGTGCGAACCAGA,3
CTGTAGCCTTGCTGGA,9
CTGTAGCCAGTACAAG,3
CTGTAGCCAACAACCA,3
CTGTAGCCAACCGAGA,3
CTGTAGCCAACGCTTA,3
CTGTAGCCAAGACGGA,3
CTGTAGCCAAGGTACA,3
CTGTAGCCACACAGAA,3
CTGTAGCCACAGCAGA,3
CTGTAGCCACCTCCAA,3
CTGTAGCCACGCTCGA,3
CTGTAGCCACGTATCA,3
CTGTAGCCACTATGCA,3
CTGTAGCCAGAGTCAA,3
CTGTAGCCAGATCGCA,3
CTGTAGCCAGCAGGAA,3
CTGTAGCCAGTCACTA,3
CTGTAGCCATCCTGTA,3
CTGTAGCCATTGAGGA,3
CTGTAGCCCAACCACA,3
CTGTAGCCGACTAGTA,3
CTGTAGCCCAATGGAA,3
CTGTAGCCCACTTCGA,3
CTGTAGCCCAGCGTTA,3
CTGTAGCCCATACCAA,3
CTGTAGCCCCAGTTCA,3
CTGTAGCCCCGAAGTA,3
CTGTAGCCCCGTGAGA,3
CTGTAGCCCCTCCTGA,3
CTGTAGCCCGAACTTA,3
CTGTAGCCCGACTGGA,3
CTGTAGCCCGCATACA,3
CTGTAGCCCTCAATGA,3
CTGTAGCCCTGAGCCA,1
CTGTAGCCCTGGCATA,1
CTGTAGCCGAATCTGA,1
CTGTAGCCCAAGACTA,1
CTGTAGCCGAGCTGAA,1
CTGTAGCCGATAGACA,1
CTGTAGCCGCCACATA,1
CTGTAGCCGCGAGTAA,1
CTGTAGCCGCTAACGA,1
CTGTAGCCGCTCGGTA,1
CTGTAGCCGGAGAACA,1
CTGTAGCCGGTGCGAA,1
CTGTAGCCGTACGCAA,1
CTGTAGCCGTCGTAGA,1
CTGTAGCCGTCTGTCA,1
CTGTAGCCGTGTTCTA,1
CTGTAGCCTAGGATGA,1
CTGTAGCCTATCAGCA,1
CTGTAGCCTCCGTCTA,1
CTGTAGCCTCTTCACA,1
CTGTAGCCTGAAGAGA,1
CTGTAGCCTGGAACAA,1
CTGTAGCCTGGCTTCA,1
CTGTAGCCTGGTGGTA,6
CTGTAGCCTTCACGCA,6
CTGTAGCCAACTCACC,6
CTGTAGCCAAGAGATC,6
CTGTAGCCAAGGACAC,6
CTGTAGCCAATCCGTC,6
CTGTAGCCAATGTTGC,6
CTGTAGCCACACGACC,6
CTGTAGCCACAGATTC,6
CTGTAGCCAGATGTAC,6
CTGTAGCCAGCACCTC,6
CTGTAGCCAGCCATGC,6
CTGTAGCCAGGCTAAC,6
CTGTAGCCATAGCGAC,6
CTGTAGCCATCATTCC,6
CTGTAGCCATTGGCTC,6
CTGTAGCCCAAGGAGC,6
CTGTAGCCCACCTTAC,6
CTGTAGCCCCATCCTC,6
CTGTAGCCCCGACAAC,6
CTGTAGCCCCTAATCC,6
CTGTAGCCCCTCTATC,6
CTGTAGCCCGACACAC,6
CTGTAGCCCGGATTGC,6
CTGTAGCCCTAAGGTC,6
CTGTAGCCGAACAGGC,6
CTGTAGCCGACAGTGC,6
CTGTAGCCGAGTTAGC,9
CTGTAGCCGATGAATC,9
CTGTAGCCGCCAAGAC,9
CTGTAGCCCGGAAGAA,9
CTGTAGCCGTGACAAG,9
CTGTAGCCGAACCAGA,9
ACAAGCTATTGCTGGA,9
ACAAGCTAAGTACAAG,3
ACAAGCTAAACAACCA,3
ACAAGCTAAACCGAGA,3
ACAAGCTAAACGCTTA,3
ACAAGCTAAAGACGGA,3
ACAAGCTAAAGGTACA,3
ACAAGCTAACACAGAA,3
ACAAGCTAACAGCAGA,3
ACAAGCTAACCTCCAA,3
ACAAGCTAACGCTCGA,3
ACAAGCTAACGTATCA,3
ACAAGCTAACTATGCA,3
ACAAGCTAAGAGTCAA,3
ACAAGCTAAGATCGCA,3
ACAAGCTAAGCAGGAA,3
ACAAGCTAAGTCACTA,3
ACAAGCTAATCCTGTA,3
ACAAGCTAATTGAGGA,3
ACAAGCTACAACCACA,3
ACAAGCTAGACTAGTA,3
ACAAGCTACAATGGAA,3
ACAAGCTACACTTCGA,3
ACAAGCTACAGCGTTA,3
ACAAGCTACATACCAA,3
ACAAGCTACCAGTTCA,3
ACAAGCTACCGAAGTA,3
ACAAGCTACCGTGAGA,3
ACAAGCTACCTCCTGA,3
ACAAGCTACGAACTTA,3
ACAAGCTACGACTGGA,3
ACAAGCTACGCATACA,3
ACAAGCTACTCAATGA,3
ACAAGCTACTGAGCCA,3
ACAAGCTACTGGCATA,1
ACAAGCTAGAATCTGA,6
ACAAGCTACAAGACTA,6
ACAAGCTAGAGCTGAA,1
ACAAGCTAGATAGACA,1
ACAAGCTAGCCACATA,1
ACAAGCTAGCGAGTAA,1
ACAAGCTAGCTAACGA,1
ACAAGCTAGCTCGGTA,1
ACAAGCTAGGAGAACA,1
ACAAGCTAGGTGCGAA,1
ACAAGCTAGTACGCAA,1
ACAAGCTAGTCGTAGA,1
ACAAGCTAGTCTGTCA,1
ACAAGCTAGTGTTCTA,1
ACAAGCTATAGGATGA,1
ACAAGCTATATCAGCA,1
ACAAGCTATCCGTCTA,1
ACAAGCTATCTTCACA,1
ACAAGCTATGAAGAGA,1
ACAAGCTATGGAACAA,1
ACAAGCTATGGCTTCA,6
ACAAGCTATGGTGGTA,6
ACAAGCTATTCACGCA,6
ACAAGCTAAACTCACC,6
ACAAGCTAAAGAGATC,6
ACAAGCTAAAGGACAC,6
ACAAGCTAAATCCGTC,6
ACAAGCTAAATGTTGC,6
ACAAGCTAACACGACC,6
ACAAGCTAACAGATTC,6
ACAAGCTAAGATGTAC,6
ACAAGCTAAGCACCTC,6
ACAAGCTAAGCCATGC,6
ACAAGCTAAGGCTAAC,6
ACAAGCTAATAGCGAC,6
ACAAGCTAATCATTCC,6
ACAAGCTAATTGGCTC,6
ACAAGCTACAAGGAGC,6
ACAAGCTACACCTTAC,6
ACAAGCTACCATCCTC,6
ACAAGCTACCGACAAC,6
ACAAGCTACCTAATCC,6
ACAAGCTACCTCTATC,6
ACAAGCTACGACACAC,6
ACAAGCTACGGATTGC,6
ACAAGCTACTAAGGTC,6
ACAAGCTAGAACAGGC,6
ACAAGCTAGACAGTGC,9
ACAAGCTAGAGTTAGC,9
ACAAGCTAGATGAATC,3
ACAAGCTAGCCAAGAC,9
ACAAGCTACGGAAGAA,9
ACAAGCTAGTGACAAG,9
ACAAGCTAGAACCAGA,9
CGCTGATCTTGCTGGA,9
CGCTGATCAGTACAAG,3
CGCTGATCAACAACCA,3
CGCTGATCAACCGAGA,3
CGCTGATCAACGCTTA,3
CGCTGATCAAGACGGA,3
CGCTGATCAAGGTACA,3
CGCTGATCACACAGAA,3
CGCTGATCACAGCAGA,3
CGCTGATCACCTCCAA,3
CGCTGATCACGCTCGA,3
CGCTGATCACGTATCA,3
CGCTGATCACTATGCA,3
CGCTGATCAGAGTCAA,3
CGCTGATCAGATCGCA,3
CGCTGATCAGCAGGAA,3
CGCTGATCAGTCACTA,3
CGCTGATCATCCTGTA,3
CGCTGATCATTGAGGA,3
CGCTGATCCAACCACA,3
CGCTGATCGACTAGTA,3
CGCTGATCCAATGGAA,3
CGCTGATCCACTTCGA,3
CGCTGATCCAGCGTTA,3
CGCTGATCCATACCAA,3
CGCTGATCCCAGTTCA,3
CGCTGATCCCGAAGTA,3
CGCTGATCCCGTGAGA,3
CGCTGATCCCTCCTGA,3
CGCTGATCCGAACTTA,3
CGCTGATCCGACTGGA,3
CGCTGATCCGCATACA,3
CGCTGATCCTCAATGA,3
CGCTGATCCTGAGCCA,3
CGCTGATCCTGGCATA,6
CGCTGATCGAATCTGA,6
CGCTGATCCAAGACTA,6
CGCTGATCGAGCTGAA,1
CGCTGATCGATAGACA,1
CGCTGATCGCCACATA,1
CGCTGATCGCGAGTAA,1
CGCTGATCGCTAACGA,1
CGCTGATCGCTCGGTA,1
CGCTGATCGGAGAACA,1
CGCTGATCGGTGCGAA,1
CGCTGATCGTACGCAA,1
CGCTGATCGTCGTAGA,1
CGCTGATCGTCTGTCA,1
CGCTGATCGTGTTCTA,1
CGCTGATCTAGGATGA,1
CGCTGATCTATCAGCA,1
CGCTGATCTCCGTCTA,1
CGCTGATCTCTTCACA,1
CGCTGATCTGAAGAGA,1
CGCTGATCTGGAACAA,1
CGCTGATCTGGCTTCA,1
CGCTGATCTGGTGGTA,6
CGCTGATCTTCACGCA,6
CGCTGATCAACTCACC,6
CGCTGATCAAGAGATC,6
CGCTGATCAAGGACAC,6
CGCTGATCAATCCGTC,6
CGCTGATCAATGTTGC,6
CGCTGATCACACGACC,6
CGCTGATCACAGATTC,6
CGCTGATCAGATGTAC,6
CGCTGATCAGCACCTC,6
CGCTGATCAGCCATGC,6
CGCTGATCAGGCTAAC,6
CGCTGATCATAGCGAC,6
CGCTGATCATCATTCC,6
CGCTGATCATTGGCTC,6
CGCTGATCCAAGGAGC,6
CGCTGATCCACCTTAC,6
CGCTGATCCCATCCTC,6
CGCTGATCCCGACAAC,6
CGCTGATCCCTAATCC,6
CGCTGATCCCTCTATC,6
CGCTGATCCGACACAC,6
CGCTGATCCGGATTGC,6
CGCTGATCCTAAGGTC,6
CGCTGATCGAACAGGC,6
CGCTGATCGACAGTGC,6
CGCTGATCGAGTTAGC,9
CGCTGATCGATGAATC,9
CGCTGATCGCCAAGAC,9
CGCTGATCCGGAAGAA,9
CGCTGATCGTGACAAG,9
CGCTGATCGAACCAGA,9
CATCAAGTTTGCTGGA,3
CATCAAGTAACAACCA,3
CATCAAGTAACCGAGA,3
CATCAAGTAACGCTTA,3
CATCAAGTAAGACGGA,3
CATCAAGTAAGGTACA,3
CATCAAGTACACAGAA,3
CATCAAGTACAGCAGA,3
CATCAAGTACCTCCAA,3
CATCAAGTACGCTCGA,3
CATCAAGTACGTATCA,3
CATCAAGTACTATGCA,3
CATCAAGTAGAGTCAA,3
CATCAAGTAGATCGCA,3
CATCAAGTAGCAGGAA,3
CATCAAGTAGTCACTA,3
CATCAAGTATCCTGTA,3
CATCAAGTATTGAGGA,3
CATCAAGTCAACCACA,3
CATCAAGTGACTAGTA,3
CATCAAGTCAATGGAA,3
CATCAAGTCACTTCGA,3
CATCAAGTCAGCGTTA,3
CATCAAGTCATACCAA,3
CATCAAGTCCAGTTCA,3
CATCAAGTCCGAAGTA,3
CATCAAGTCCGTGAGA,3
CATCAAGTCCTCCTGA,3
CATCAAGTCGAACTTA,3
CATCAAGTCGACTGGA,3
CATCAAGTCGCATACA,3
CATCAAGTCTCAATGA,3
CATCAAGTCTGAGCCA,3
CATCAAGTCTGGCATA,3
CATCAAGTGAATCTGA,6
CATCAAGTCAAGACTA,6
CATCAAGTGAGCTGAA,6
CATCAAGTGATAGACA,1
CATCAAGTGCCACATA,1
CATCAAGTGCGAGTAA,1
CATCAAGTGCTAACGA,1
CATCAAGTGCTCGGTA,1
CATCAAGTGGAGAACA,1
CATCAAGTGGTGCGAA,1
CATCAAGTGTACGCAA,1
CATCAAGTGTCGTAGA,1
CATCAAGTGTCTGTCA,1
CATCAAGTGTGTTCTA,1
CATCAAGTTAGGATGA,1
CATCAAGTTATCAGCA,6
CATCAAGTTCCGTCTA,6
CATCAAGTTCTTCACA,1
CATCAAGTTGAAGAGA,1
CATCAAGTTGGAACAA,1
CATCAAGTTGGCTTCA,1
CATCAAGTTGGTGGTA,6
CATCAAGTTTCACGCA,6
CATCAAGTAACTCACC,6
CATCAAGTAAGAGATC,6
CATCAAGTAAGGACAC,6
CATCAAGTAATCCGTC,6
CATCAAGTAATGTTGC,6
CATCAAGTACACGACC,6
CATCAAGTACAGATTC,6
CATCAAGTAGATGTAC,6
CATCAAGTAGCACCTC,6
CATCAAGTAGCCATGC,6
CATCAAGTAGGCTAAC,6
CATCAAGTATAGCGAC,6
CATCAAGTATCATTCC,6
CATCAAGTATTGGCTC,6
CATCAAGTCAAGGAGC,6
CATCAAGTCACCTTAC,6
CATCAAGTCCATCCTC,6
CATCAAGTCCGACAAC,6
CATCAAGTCCTAATCC,6
CATCAAGTCCTCTATC,6
CATCAAGTCGACACAC,6
CATCAAGTCGGATTGC,6
CATCAAGTCTAAGGTC,9
CATCAAGTGAACAGGC,9
CATCAAGTGACAGTGC,9
CATCAAGTGAGTTAGC,9
CATCAAGTGATGAATC,9
CATCAAGTGCCAAGAC,9
CATCAAGTCGGAAGAA,9
CATCAAGTGTGACAAG,9
CATCAAGTGAACCAGA,9
CAGATCTGTTGCTGGA,3
CAGATCTGAACAACCA,3
CAGATCTGAACCGAGA,3
CAGATCTGAACGCTTA,3
CAGATCTGAAGACGGA,3
CAGATCTGAAGGTACA,3
CAGATCTGACACAGAA,3
CAGATCTGACAGCAGA,3
CAGATCTGACCTCCAA,3
CAGATCTGACGCTCGA,3
CAGATCTGACGTATCA,3
CAGATCTGACTATGCA,3
CAGATCTGAGAGTCAA,3
CAGATCTGAGATCGCA,3
CAGATCTGAGCAGGAA,3
CAGATCTGAGTCACTA,3
CAGATCTGATCCTGTA,3
CAGATCTGATTGAGGA,3
CAGATCTGCAACCACA,3
CAGATCTGGACTAGTA,3
CAGATCTGCAATGGAA,3
CAGATCTGCACTTCGA,3
CAGATCTGCAGCGTTA,3
CAGATCTGCATACCAA,3
CAGATCTGCCAGTTCA,3
CAGATCTGCCGAAGTA,3
CAGATCTGCCGTGAGA,3
CAGATCTGCCTCCTGA,3
CAGATCTGCGAACTTA,3
CAGATCTGCGACTGGA,3
CAGATCTGCGCATACA,3
CAGATCTGCTCAATGA,3
CAGATCTGCTGAGCCA,3
CAGATCTGCTGGCATA,3
CAGATCTGGAATCTGA,3
CAGATCTGCAAGACTA,3
CAGATCTGGAGCTGAA,1
CAGATCTGGATAGACA,1
CAGATCTGGCCACATA,1
CAGATCTGGCGAGTAA,1
CAGATCTGGCTAACGA,1
CAGATCTGGCTCGGTA,1
CAGATCTGGGAGAACA,1
CAGATCTGGGTGCGAA,1
CAGATCTGGTACGCAA,1
CAGATCTGGTCGTAGA,1
CAGATCTGGTCTGTCA,3
CAGATCTGGTGTTCTA,1
CAGATCTGTAGGATGA,1
CAGATCTGTATCAGCA,6
CAGATCTGTCCGTCTA,1
CAGATCTGTCTTCACA,1
CAGATCTGTGAAGAGA,1
CAGATCTGTGGAACAA,1
CAGATCTGTGGCTTCA,1
CAGATCTGTGGTGGTA,6
CAGATCTGTTCACGCA,6
CAGATCTGAACTCACC,6
CAGATCTGAAGAGATC,6
CAGATCTGAAGGACAC,6
CAGATCTGAATCCGTC,6
CAGATCTGAATGTTGC,6
CAGATCTGACACGACC,6
CAGATCTGACAGATTC,6
CAGATCTGAGATGTAC,6
CAGATCTGAGCACCTC,6
CAGATCTGAGCCATGC,6
CAGATCTGAGGCTAAC,6
CAGATCTGATAGCGAC,6
CAGATCTGATCATTCC,6
CAGATCTGATTGGCTC,6
CAGATCTGCAAGGAGC,6
CAGATCTGCACCTTAC,6
CAGATCTGCCATCCTC,6
CAGATCTGCCGACAAC,6
CAGATCTGCCTAATCC,6
CAGATCTGCCTCTATC,6
CAGATCTGCGACACAC,6
CAGATCTGCGGATTGC,9
CAGATCTGCTAAGGTC,9
CAGATCTGGAACAGGC,9
CAGATCTGGACAGTGC,9
CAGATCTGGAGTTAGC,9
CAGATCTGGATGAATC,9
CAGATCTGGCCAAGAC,9
CAGATCTGCGGAAGAA,9
CAGATCTGGTGACAAG,9
CAGATCTGGAACCAGA,9
ACATTGGCTTGCTGGA,9
ACATTGGCAACAACCA,3
ACATTGGCAACCGAGA,3
ACATTGGCAACGCTTA,3
ACATTGGCAAGACGGA,3
ACATTGGCAAGGTACA,3
ACATTGGCACACAGAA,3
ACATTGGCACAGCAGA,3
ACATTGGCACCTCCAA,3
ACATTGGCACGCTCGA,3
ACATTGGCACGTATCA,3
ACATTGGCACTATGCA,3
ACATTGGCAGAGTCAA,3
ACATTGGCAGATCGCA,3
ACATTGGCAGCAGGAA,3
ACATTGGCAGTCACTA,3
ACATTGGCATCCTGTA,3
ACATTGGCATTGAGGA,3
ACATTGGCCAACCACA,3
ACATTGGCGACTAGTA,3
ACATTGGCCAATGGAA,3
ACATTGGCCACTTCGA,3
ACATTGGCCAGCGTTA,3
ACATTGGCCATACCAA,3
ACATTGGCCCAGTTCA,3
ACATTGGCCCGAAGTA,3
ACATTGGCCCGTGAGA,3
ACATTGGCCCTCCTGA,3
ACATTGGCCGAACTTA,3
ACATTGGCCGACTGGA,3
ACATTGGCCGCATACA,3
ACATTGGCCTCAATGA,3
ACATTGGCCTGAGCCA,3
ACATTGGCCTGGCATA,3
ACATTGGCGAATCTGA,3
ACATTGGCCAAGACTA,3
ACATTGGCGAGCTGAA,1
ACATTGGCGATAGACA,1
ACATTGGCGCCACATA,1
ACATTGGCGCGAGTAA,1
ACATTGGCGCTAACGA,1
ACATTGGCGCTCGGTA,1
ACATTGGCGGAGAACA,1
ACATTGGCGGTGCGAA,1
ACATTGGCGTACGCAA,1
ACATTGGCGTCGTAGA,1
ACATTGGCGTCTGTCA,1
ACATTGGCGTGTTCTA,1
ACATTGGCTAGGATGA,1
ACATTGGCTATCAGCA,1
ACATTGGCTCCGTCTA,1
ACATTGGCTCTTCACA,1
ACATTGGCTGAAGAGA,1
ACATTGGCTGGAACAA,1
ACATTGGCTGGCTTCA,6
ACATTGGCTGGTGGTA,6
ACATTGGCTTCACGCA,6
ACATTGGCAACTCACC,6
ACATTGGCAAGAGATC,6
ACATTGGCAAGGACAC,6
ACATTGGCAATCCGTC,6
ACATTGGCAATGTTGC,6
ACATTGGCACACGACC,6
ACATTGGCACAGATTC,6
ACATTGGCAGATGTAC,6
ACATTGGCAGCACCTC,6
ACATTGGCAGCCATGC,6
ACATTGGCAGGCTAAC,6
ACATTGGCATAGCGAC,6
ACATTGGCATCATTCC,6
ACATTGGCATTGGCTC,6
ACATTGGCCAAGGAGC,6
ACATTGGCCACCTTAC,6
ACATTGGCCCATCCTC,6
ACATTGGCCCGACAAC,6
ACATTGGCCCTAATCC,6
ACATTGGCCCTCTATC,6
ACATTGGCCGACACAC,6
ACATTGGCCGGATTGC,9
ACATTGGCCTAAGGTC,9
ACATTGGCGAACAGGC,9
ACATTGGCGACAGTGC,9
ACATTGGCGAGTTAGC,9
ACATTGGCGATGAATC,9
ACATTGGCGCCAAGAC,9
ACATTGGCCGGAAGAA,9
ACATTGGCGTGACAAG,9
ACATTGGCGAACCAGA,9
ACCACTGTTTGCTGGA,9
ACCACTGTAACAACCA,3
ACCACTGTAACCGAGA,3
ACCACTGTAACGCTTA,3
ACCACTGTAAGACGGA,3
ACCACTGTAAGGTACA,3
ACCACTGTACACAGAA,3
ACCACTGTACAGCAGA,3
ACCACTGTACCTCCAA,3
ACCACTGTACGCTCGA,3
ACCACTGTACGTATCA,3
ACCACTGTACTATGCA,3
ACCACTGTAGAGTCAA,3
ACCACTGTAGATCGCA,3
ACCACTGTAGCAGGAA,3
ACCACTGTAGTCACTA,3
ACCACTGTATCCTGTA,3
ACCACTGTATTGAGGA,3
ACCACTGTCAACCACA,3
ACCACTGTGACTAGTA,3
ACCACTGTCAATGGAA,3
ACCACTGTCACTTCGA,3
ACCACTGTCAGCGTTA,3
ACCACTGTCATACCAA,3
ACCACTGTCCAGTTCA,3
ACCACTGTCCGAAGTA,3
ACCACTGTCCGTGAGA,3
ACCACTGTCCTCCTGA,3
ACCACTGTCGAACTTA,3
ACCACTGTCGACTGGA,3
ACCACTGTCGCATACA,3
ACCACTGTCTCAATGA,3
ACCACTGTCTGAGCCA,3
ACCACTGTCTGGCATA,3
ACCACTGTGAATCTGA,3
ACCACTGTCAAGACTA,3
ACCACTGTGAGCTGAA,1
ACCACTGTGATAGACA,1
ACCACTGTGCCACATA,6
ACCACTGTGCGAGTAA,1
ACCACTGTGCTAACGA,1
ACCACTGTGCTCGGTA,1
ACCACTGTGGAGAACA,1
ACCACTGTGGTGCGAA,1
ACCACTGTGTACGCAA,1
ACCACTGTGTCGTAGA,1
ACCACTGTGTCTGTCA,1
ACCACTGTGTGTTCTA,1
ACCACTGTTAGGATGA,1
ACCACTGTTATCAGCA,1
ACCACTGTTCCGTCTA,1
ACCACTGTTCTTCACA,1
ACCACTGTTGAAGAGA,1
ACCACTGTTGGAACAA,6
ACCACTGTTGGCTTCA,6
ACCACTGTTGGTGGTA,6
ACCACTGTTTCACGCA,6
ACCACTGTAACTCACC,6
ACCACTGTAAGAGATC,6
ACCACTGTAAGGACAC,6
ACCACTGTAATCCGTC,6
ACCACTGTAATGTTGC,6
ACCACTGTACACGACC,6
ACCACTGTACAGATTC,6
ACCACTGTAGATGTAC,6
ACCACTGTAGCACCTC,6
ACCACTGTAGCCATGC,6
ACCACTGTAGGCTAAC,6
ACCACTGTATAGCGAC,6
ACCACTGTATCATTCC,6
ACCACTGTATTGGCTC,6
ACCACTGTCAAGGAGC,6
ACCACTGTCACCTTAC,6
ACCACTGTCCATCCTC,6
ACCACTGTCCGACAAC,6
ACCACTGTCCTAATCC,6
ACCACTGTCCTCTATC,6
ACCACTGTCGACACAC,6
ACCACTGTCGGATTGC,9
ACCACTGTCTAAGGTC,9
ACCACTGTGAACAGGC,9
ACCACTGTGACAGTGC,9
ACCACTGTGAGTTAGC,9
ACCACTGTGATGAATC,9
ACCACTGTGCCAAGAC,9
ACCACTGTCGGAAGAA,9
ACCACTGTGTGACAAG,9
ACCACTGTGAACCAGA,9
AGTGGTCATTGCTGGA,9
AGTGGTCAAACCGAGA,3
AGTGGTCAAACGCTTA,3
AGTGGTCAAAGACGGA,3
AGTGGTCAAAGGTACA,3
AGTGGTCAACACAGAA,3
AGTGGTCAACAGCAGA,3
AGTGGTCAACCTCCAA,3
AGTGGTCAACGCTCGA,3
AGTGGTCAACGTATCA,3
AGTGGTCAACTATGCA,3
AGTGGTCAAGAGTCAA,3
AGTGGTCAAGATCGCA,3
AGTGGTCAAGCAGGAA,3
AGTGGTCAAGTCACTA,3
AGTGGTCAATCCTGTA,3
AGTGGTCAATTGAGGA,3
AGTGGTCACAACCACA,3
AGTGGTCAGACTAGTA,3
AGTGGTCACAATGGAA,3
AGTGGTCACACTTCGA,3
AGTGGTCACAGCGTTA,3
AGTGGTCACATACCAA,3
AGTGGTCACCAGTTCA,3
AGTGGTCACCGAAGTA,3
AGTGGTCACCGTGAGA,3
AGTGGTCACCTCCTGA,3
AGTGGTCACGAACTTA,3
AGTGGTCACGACTGGA,3
AGTGGTCACGCATACA,3
AGTGGTCACTCAATGA,3
AGTGGTCACTGAGCCA,3
AGTGGTCACTGGCATA,3
AGTGGTCAGAATCTGA,3
AGTGGTCACAAGACTA,9
AGTGGTCAGAGCTGAA,6
AGTGGTCAGATAGACA,6
AGTGGTCAGCCACATA,6
AGTGGTCAGCGAGTAA,6
AGTGGTCAGCTAACGA,6
AGTGGTCAGCTCGGTA,1
AGTGGTCAGGAGAACA,1
AGTGGTCAGGTGCGAA,1
AGTGGTCAGTACGCAA,1
AGTGGTCAGTCGTAGA,1
AGTGGTCAGTCTGTCA,1
AGTGGTCAGTGTTCTA,1
AGTGGTCATAGGATGA,1
AGTGGTCATATCAGCA,1
AGTGGTCATCCGTCTA,1
AGTGGTCATCTTCACA,1
AGTGGTCATGAAGAGA,1
AGTGGTCATGGAACAA,6
AGTGGTCATGGCTTCA,6
AGTGGTCATGGTGGTA,6
AGTGGTCATTCACGCA,6
AGTGGTCAAACTCACC,6
AGTGGTCAAAGAGATC,6
AGTGGTCAAAGGACAC,6
AGTGGTCAAATCCGTC,6
AGTGGTCAAATGTTGC,6
AGTGGTCAACACGACC,6
AGTGGTCAACAGATTC,6
AGTGGTCAAGATGTAC,6
AGTGGTCAAGCACCTC,6
AGTGGTCAAGCCATGC,6
AGTGGTCAAGGCTAAC,6
AGTGGTCAATAGCGAC,6
AGTGGTCAATCATTCC,6
AGTGGTCAATTGGCTC,6
AGTGGTCACAAGGAGC,6
AGTGGTCACACCTTAC,6
AGTGGTCACCATCCTC,6
AGTGGTCACCGACAAC,6
AGTGGTCACCTAATCC,6
AGTGGTCACCTCTATC,6
AGTGGTCACGACACAC,6
AGTGGTCACGGATTGC,9
AGTGGTCACTAAGGTC,9
AGTGGTCAGAACAGGC,9
AGTGGTCAGACAGTGC,9
AGTGGTCAGAGTTAGC,3
AGTGGTCAGATGAATC,3
AGTGGTCAGCCAAGAC,9
AGTGGTCACGGAAGAA,9
AGTGGTCAGTGACAAG,9
AGTGGTCAGAACCAGA,9
ATGCCTAATTGCTGGA,9
ATGCCTAAAAGGTACA,3
ATGCCTAAACACAGAA,3
ATGCCTAAACAGCAGA,3
ATGCCTAAACCTCCAA,3
ATGCCTAAACGCTCGA,3
ATGCCTAAACGTATCA,3
ATGCCTAAACTATGCA,3
ATGCCTAAAGAGTCAA,3
ATGCCTAAAGATCGCA,3
ATGCCTAAAGCAGGAA,3
ATGCCTAAAGTCACTA,3
ATGCCTAAATCCTGTA,3
ATGCCTAAATTGAGGA,3
ATGCCTAACAACCACA,3
ATGCCTAAGACTAGTA,3
ATGCCTAACAATGGAA,3
ATGCCTAACACTTCGA,3
ATGCCTAACAGCGTTA,3
ATGCCTAACATACCAA,3
ATGCCTAACCAGTTCA,3
ATGCCTAACCGAAGTA,3
ATGCCTAACCGTGAGA,3
ATGCCTAACCTCCTGA,3
ATGCCTAACGAACTTA,3
ATGCCTAACGACTGGA,3
ATGCCTAACGCATACA,3
ATGCCTAACTCAATGA,3
ATGCCTAACTGAGCCA,3
ATGCCTAACTGGCATA,3
ATGCCTAAGAATCTGA,3
ATGCCTAACAAGACTA,9
ATGCCTAAGAGCTGAA,6
ATGCCTAAGATAGACA,6
ATGCCTAAGCCACATA,6
ATGCCTAAGCGAGTAA,6
ATGCCTAAGCTAACGA,6
ATGCCTAAGCTCGGTA,1
ATGCCTAAGGAGAACA,1
ATGCCTAAGGTGCGAA,1
ATGCCTAAGTACGCAA,1
ATGCCTAAGTCGTAGA,1
ATGCCTAAGTCTGTCA,1
ATGCCTAAGTGTTCTA,1
ATGCCTAATAGGATGA,1
ATGCCTAATATCAGCA,1
ATGCCTAATCCGTCTA,1
ATGCCTAATCTTCACA,1
ATGCCTAATGAAGAGA,1
ATGCCTAATGGAACAA,6
ATGCCTAATGGCTTCA,6
ATGCCTAATGGTGGTA,6
ATGCCTAATTCACGCA,6
ATGCCTAAAACTCACC,6
ATGCCTAAAAGAGATC,6
ATGCCTAAAAGGACAC,6
ATGCCTAAAATCCGTC,6
ATGCCTAAAATGTTGC,6
ATGCCTAAACACGACC,6
ATGCCTAAACAGATTC,6
ATGCCTAAAGATGTAC,6
ATGCCTAAAGCACCTC,6
ATGCCTAAAGCCATGC,6
ATGCCTAAAGGCTAAC,6
ATGCCTAAATAGCGAC,6
ATGCCTAAATCATTCC,6
ATGCCTAAATTGGCTC,6
ATGCCTAACAAGGAGC,6
ATGCCTAACACCTTAC,6
ATGCCTAACCATCCTC,6
ATGCCTAACCGACAAC,6
ATGCCTAACCTAATCC,6
ATGCCTAACCTCTATC,6
ATGCCTAACGACACAC,6
ATGCCTAACGGATTGC,9
ATGCCTAACTAAGGTC,9
ATGCCTAAGAACAGGC,9
ATGCCTAAGACAGTGC,9
ATGCCTAAGAGTTAGC,3
ATGCCTAAGATGAATC,3
ATGCCTAAGCCAAGAC,9
ATGCCTAACGGAAGAA,9
ATGCCTAAGTGACAAG,9
ATGCCTAAGAACCAGA,9
AAACATCGTTGCTGGA,9
AAACATCGACACAGAA,3
AAACATCGACAGCAGA,3
AAACATCGACCTCCAA,3
AAACATCGACGCTCGA,3
AAACATCGACGTATCA,3
AAACATCGACTATGCA,3
AAACATCGAGAGTCAA,3
AAACATCGAGATCGCA,3
AAACATCGAGCAGGAA,3
AAACATCGAGTCACTA,3
AAACATCGATCCTGTA,3
AAACATCGATTGAGGA,3
AAACATCGCAACCACA,3
AAACATCGGACTAGTA,3
AAACATCGCAATGGAA,3
AAACATCGCACTTCGA,3
AAACATCGCAGCGTTA,3
AAACATCGCATACCAA,3
AAACATCGCCAGTTCA,3
AAACATCGCCGAAGTA,3
AAACATCGCCGTGAGA,3
AAACATCGCCTCCTGA,3
AAACATCGCGAACTTA,3
AAACATCGCGACTGGA,3
AAACATCGCGCATACA,3
AAACATCGCTCAATGA,3
AAACATCGCTGAGCCA,3
AAACATCGCTGGCATA,3
AAACATCGGAATCTGA,3
AAACATCGCAAGACTA,3
AAACATCGGAGCTGAA,6
AAACATCGGATAGACA,6
AAACATCGGCCACATA,6
AAACATCGGCGAGTAA,6
AAACATCGGCTAACGA,6
AAACATCGGCTCGGTA,1
AAACATCGGGAGAACA,1
AAACATCGGGTGCGAA,1
AAACATCGGTACGCAA,1
AAACATCGGTCGTAGA,1
AAACATCGGTCTGTCA,1
AAACATCGGTGTTCTA,1
AAACATCGTAGGATGA,1
AAACATCGTATCAGCA,1
AAACATCGTCCGTCTA,1
AAACATCGTCTTCACA,1
AAACATCGTGAAGAGA,1
AAACATCGTGGAACAA,6
AAACATCGTGGCTTCA,6
AAACATCGTGGTGGTA,6
AAACATCGTTCACGCA,6
AAACATCGAACTCACC,6
AAACATCGAAGAGATC,6
AAACATCGAAGGACAC,6
AAACATCGAATCCGTC,6
AAACATCGAATGTTGC,6
AAACATCGACACGACC,6
AAACATCGACAGATTC,6
AAACATCGAGATGTAC,6
AAACATCGAGCACCTC,6
AAACATCGAGCCATGC,6
AAACATCGAGGCTAAC,6
AAACATCGATAGCGAC,6
AAACATCGATCATTCC,6
AAACATCGATTGGCTC,6
AAACATCGCAAGGAGC,6
AAACATCGCACCTTAC,6
AAACATCGCCATCCTC,6
AAACATCGCCGACAAC,6
AAACATCGCCTAATCC,6
AAACATCGCCTCTATC,6
AAACATCGCGACACAC,6
AAACATCGCGGATTGC,6
AAACATCGCTAAGGTC,9
AAACATCGGAACAGGC,9
AAACATCGGACAGTGC,9
AAACATCGGAGTTAGC,3
AAACATCGGATGAATC,3
AAACATCGGCCAAGAC,9
AAACATCGCGGAAGAA,9
AAACATCGGTGACAAG,9
AAACATCGGAACCAGA,9
GAACAGGCTTGCTGGA,3
GAACAGGCACAGCAGA,4
GAACAGGCACCTCCAA,3
GAACAGGCACGCTCGA,4
GAACAGGCACGTATCA,4
GAACAGGCACTATGCA,4
GAACAGGCAGAGTCAA,4
GAACAGGCAGATCGCA,4
GAACAGGCAGCAGGAA,4
GAACAGGCAGTCACTA,4
GAACAGGCATCCTGTA,4
GAACAGGCATTGAGGA,4
GAACAGGCCAACCACA,4
GAACAGGCGACTAGTA,4
GAACAGGCCAATGGAA,4
GAACAGGCCACTTCGA,4
GAACAGGCCAGCGTTA,4
GAACAGGCCATACCAA,4
GAACAGGCCCAGTTCA,4
GAACAGGCCCGAAGTA,2
GAACAGGCCCGTGAGA,2
GAACAGGCCCTCCTGA,2
GAACAGGCCGAACTTA,2
GAACAGGCCGACTGGA,2
GAACAGGCCGCATACA,2
GAACAGGCCTCAATGA,2
GAACAGGCCTGAGCCA,2
GAACAGGCCTGGCATA,2
GAACAGGCGAATCTGA,5
GAACAGGCCAAGACTA,5
GAACAGGCGAGCTGAA,5
GAACAGGCGATAGACA,5
GAACAGGCGCCACATA,5
GAACAGGCGCGAGTAA,5
GAACAGGCGCTAACGA,5
GAACAGGCGCTCGGTA,5
GAACAGGCGGAGAACA,5
GAACAGGCGGTGCGAA,5
GAACAGGCGTACGCAA,5
GAACAGGCGTCGTAGA,5
GAACAGGCGTCTGTCA,5
GAACAGGCGTGTTCTA,5
GAACAGGCTAGGATGA,5
GAACAGGCTATCAGCA,5
GAACAGGCTCCGTCTA,5
GAACAGGCTCTTCACA,5
GAACAGGCTGAAGAGA,5
GAACAGGCTGGAACAA,5
GAACAGGCTGGCTTCA,5
GAACAGGCTGGTGGTA,5
GAACAGGCTTCACGCA,5
GAACAGGCAACTCACC,5
GAACAGGCAAGAGATC,5
GAACAGGCAAGGACAC,5
GAACAGGCAATCCGTC,5
GAACAGGCAATGTTGC,5
GAACAGGCACACGACC,5
GAACAGGCACAGATTC,5
GAACAGGCAGATGTAC,5
GAACAGGCAGCACCTC,5
GAACAGGCAGCCATGC,5
GAACAGGCAGGCTAAC,5
GAACAGGCATAGCGAC,5
GAACAGGCATCATTCC,5
GAACAGGCATTGGCTC,5
GAACAGGCCAAGGAGC,5
GAACAGGCCACCTTAC,5
GAACAGGCCCATCCTC,5
GAACAGGCCCGACAAC,5
GAACAGGCCCTAATCC,5
GAACAGGCCCTCTATC,5
GAACAGGCCGACACAC,2
GAACAGGCCGGATTGC,2
GAACAGGCCTAAGGTC,4
GAACAGGCGAACAGGC,4
GAACAGGCGACAGTGC,4
GAACAGGCGAGTTAGC,3
GAACAGGCGATGAATC,3
GAACAGGCGCCAAGAC,3
GAACAGGCCGGAAGAA,3
GAACAGGCGTGACAAG,3
GAACAGGCGAACCAGA,3
