observation_id,cluster
CTAAGGTCTTGCTGGA,1
CTAAGGTCACACAGAA,4
CTAAGGTCACAGCAGA,1
CTAAGGTCACCTCCAA,4
CTAAGGTCACGCTCGA,4
CTAAGGTCACGTATCA,4
CTAAGGTCACTATGCA,4
CTAAGGTCAGAGTCAA,4
CTAAGGTCAGATCGCA,4
CTAAGGTCAGCAGGAA,4
CTAAGGTCAGTCACTA,4
CTAAGGTCATCCTGTA,4
CTAAGGTCATTGAGGA,4
CTAAGGTCCAACCACA,4
CTAAGGTCGACTAGTA,4
CTAAGGTCCAATGGAA,4
CTAAGGTCCACTTCGA,4
CTAAGGTCCAGCGTTA,4
CTAAGGTCCATACCAA,2
CTAAGGTCCCAGTTCA,2
CTAAGGTCCCGAAGTA,2
CTAAGGTCCCGTGAGA,2
CTAAGGTCCCTCCTGA,2
CTAAGGTCCGAACTTA,2
CTAAGGTCCGACTGGA,2
CTAAGGTCCGCATACA,2
CTAAGGTCCTCAATGA,2
CTAAGGTCCTGAGCCA,2
CTAAGGTCCTGGCATA,2
CTAAGGTCGAATCTGA,2
CTAAGGTCCAAGACTA,1
CTAAGGTCGAGCTGAA,2
CTAAGGTCGATAGACA,1
CTAAGGTCGCCACATA,1
CTAAGGTCGCGAGTAA,1
CTAAGGTCGCTAACGA,1
CTAAGGTCGCTCGGTA,1
CTAAGGTCGGAGAACA,6
CTAAGGTCGGTGCGAA,1
CTAAGGTCGTACGCAA,1
CTAAGGTCGTCGTAGA,6
CTAAGGTCGTCTGTCA,1
CTAAGGTCGTGTTCTA,6
CTAAGGTCTAGGATGA,6
CTAAGGTCTATCAGCA,6
CTAAGGTCTCCGTCTA,6
CTAAGGTCTCTTCACA,6
CTAAGGTCTGAAGAGA,1
CTAAGGTCTGGAACAA,1
CTAAGGTCTGGCTTCA,1
CTAAGGTCTGGTGGTA,1
CTAAGGTCTTCACGCA,6
CTAAGGTCAACTCACC,6
CTAAGGTCAAGAGATC,6
CTAAGGTCAAGGACAC,6
CTAAGGTCAATCCGTC,6
CTAAGGTCAATGTTGC,6
CTAAGGTCACACGACC,6
CTAAGGTCACAGATTC,6
CTAAGGTCAGATGTAC,6
CTAAGGTCAGCACCTC,6
CTAAGGTCAGCCATGC,6
CTAAGGTCAGGCTAAC,6
CTAAGGTCATAGCGAC,6
CTAAGGTCATCATTCC,6
CTAAGGTCATTGGCTC,6
CTAAGGTCCAAGGAGC,1
CTAAGGTCCACCTTAC,1
CTAAGGTCCCATCCTC,1
CTAAGGTCCCGACAAC,1
CTAAGGTCCCTAATCC,1
CTAAGGTCCCTCTATC,2
CTAAGGTCCGACACAC,2
CTAAGGTCCGGATTGC,2
CTAAGGTCCTAAGGTC,2
CTAAGGTCGAACAGGC,4
CTAAGGTCGACAGTGC,4
CTAAGGTCGAGTTAGC,1
CTAAGGTCGATGAATC,1
CTAAGGTCGCCAAGAC,1
CTAAGGTCCGGAAGAA,1
CTAAGGTCGTGACAAG,1
CTAAGGTCGAACCAGA,1
CGGATTGCTTGCTGGA,1
CGGATTGCACACAGAA,1
CGGATTGCACAGCAGA,1
CGGATTGCACCTCCAA,4
CGGATTGCACGCTCGA,4
CGGATTGCACGTATCA,4
CGGATTGCACTATGCA,4
CGGATTGCAGAGTCAA,4
CGGATTGCAGATCGCA,4
CGGATTGCAGCAGGAA,4
CGGATTGCAGTCACTA,4
CGGATTGCATCCTGTA,4
CGGATTGCATTGAGGA,4
CGGATTGCCAACCACA,4
CGGATTGCGACTAGTA,4
CGGATTGCCAATGGAA,4
CGGATTGCCACTTCGA,4
CGGATTGCCAGCGTTA,4
CGGATTGCCATACCAA,4
CGGATTGCCCAGTTCA,2
CGGATTGCCCGAAGTA,2
CGGATTGCCCGTGAGA,2
CGGATTGCCCTCCTGA,2
CGGATTGCCGAACTTA,2
CGGATTGCCGACTGGA,2
CGGATTGCCGCATACA,2
CGGATTGCCTCAATGA,2
CGGATTGCCTGAGCCA,1
CGGATTGCCTGGCATA,2
CGGATTGCGAATCTGA,1
CGGATTGCCAAGACTA,1
CGGATTGCGAGCTGAA,1
CGGATTGCGATAGACA,1
CGGATTGCGCCACATA,1
CGGATTGCGCGAGTAA,2
CGGATTGCGCTAACGA,1
CGGATTGCGCTCGGTA,1
CGGATTGCGGAGAACA,1
CGGATTGCGGTGCGAA,1
CGGATTGCGTACGCAA,1
CGGATTGCGTCGTAGA,1
CGGATTGCGTCTGTCA,1
CGGATTGCGTGTTCTA,6
CGGATTGCTAGGATGA,6
CGGATTGCTATCAGCA,6
CGGATTGCTCCGTCTA,6
CGGATTGCTCTTCACA,1
CGGATTGCTGAAGAGA,1
CGGATTGCTGGAACAA,6
CGGATTGCTGGCTTCA,1
CGGATTGCTGGTGGTA,1
CGGATTGCTTCACGCA,6
CGGATTGCAACTCACC,6
CGGATTGCAAGAGATC,6
CGGATTGCAAGGACAC,6
CGGATTGCAATCCGTC,6
CGGATTGCAATGTTGC,6
CGGATTGCACACGACC,6
CGGATTGCACAGATTC,6
CGGATTGCAGATGTAC,6
CGGATTGCAGCACCTC,6
CGGATTGCAGCCATGC,6
CGGATTGCAGGCTAAC,6
CGGATTGCATAGCGAC,6
CGGATTGCATCATTCC,6
CGGATTGCATTGGCTC,1
CGGATTGCCAAGGAGC,1
CGGATTGCCACCTTAC,1
CGGATTGCCCATCCTC,1
CGGATTGCCCGACAAC,1
CGGATTGCCCTAATCC,1
CGGATTGCCCTCTATC,2
CGGATTGCCGACACAC,2
CGGATTGCCGGATTGC,2
CGGATTGCCTAAGGTC,2
CGGATTGCGAACAGGC,4
CGGATTGCGACAGTGC,4
CGGATTGCGAGTTAGC,4
CGGATTGCGATGAATC,1
CGGATTGCGCCAAGAC,1
CGGATTGCCGGAAGAA,1
CGGATTGCGTGACAAG,1
CGGATTGCGAACCAGA,1
CGACACACTTGCTGGA,1
CGACACACAAGACGGA,1
CGACACACAAGGTACA,1
CGACACACACACAGAA,4
CGACACACACAGCAGA,4
CGACACACACCTCCAA,1
CGACACACACGCTCGA,4
CGACACACACGTATCA,4
CGACACACACTATGCA,4
CGACACACAGAGTCAA,4
CGACACACAGATCGCA,4
CGACACACAGCAGGAA,4
CGACACACAGTCACTA,4
CGACACACATCCTGTA,4
CGACACACATTGAGGA,4
CGACACACCAACCACA,4
CGACACACGACTAGTA,4
CGACACACCAATGGAA,4
CGACACACCACTTCGA,4
CGACACACCAGCGTTA,2
CGACACACCATACCAA,2
CGACACACCCAGTTCA,2
CGACACACCCGAAGTA,2
CGACACACCCGTGAGA,2
CGACACACCCTCCTGA,2
CGACACACCGAACTTA,2
CGACACACCGACTGGA,2
CGACACACCGCATACA,2
CGACACACCTCAATGA,2
CGACACACCTGAGCCA,2
CGACACACCTGGCATA,1
CGACACACGAATCTGA,1
CGACACACCAAGACTA,1
CGACACACGAGCTGAA,1
CGACACACGATAGACA,1
CGACACACGCCACATA,1
CGACACACGCGAGTAA,1
CGACACACGCTAACGA,1
CGACACACGCTCGGTA,1
CGACACACGGAGAACA,1
CGACACACGGTGCGAA,1
CGACACACGTACGCAA,1
CGACACACGTCGTAGA,1
CGACACACGTCTGTCA,1
CGACACACGTGTTCTA,6
CGACACACTAGGATGA,6
CGACACACTATCAGCA,6
CGACACACTCCGTCTA,1
CGACACACTCTTCACA,1
CGACACACTGAAGAGA,6
CGACACACTGGAACAA,6
CGACACACTGGCTTCA,1
CGACACACTGGTGGTA,6
CGACACACTTCACGCA,6
CGACACACAACTCACC,6
CGACACACAAGAGATC,6
CGACACACAAGGACAC,6
CGACACACAATCCGTC,6
CGACACACAATGTTGC,6
CGACACACACACGACC,6
CGACACACACAGATTC,6
CGACACACAGATGTAC,6
CGACACACAGCACCTC,6
CGACACACAGCCATGC,6
CGACACACAGGCTAAC,6
CGACACACATAGCGAC,6
CGACACACATCATTCC,1
CGACACACATTGGCTC,1
CGACACACCAAGGAGC,1
CGACACACCACCTTAC,1
CGACACACCCATCCTC,1
CGACACACCCGACAAC,1
CGACACACCCTAATCC,1
CGACACACCCTCTATC,2
CGACACACCGACACAC,2
CGACACACCGGATTGC,2
CGACACACCTAAGGTC,2
CGACACACGAACAGGC,4
CGACACACGACAGTGC,4
CGACACACGAGTTAGC,1
CGACACACGATGAATC,1
CGACACACGCCAAGAC,1
CGACACACCGGAAGAA,1
CGACACACGTGACAAG,1
CGACACACGAACCAGA,1
CCTCTATCTTGCTGGA,1
CCTCTATCAACCGAGA,4
CCTCTATCAACGCTTA,4
CCTCTATCAAGACGGA,4
CCTCTATCAAGGTACA,4
CCTCTATCACACAGAA,4
CCTCTATCACAGCAGA,4
CCTCTATCACCTCCAA,4
CCTCTATCACGCTCGA,4
CCTCTATCACGTATCA,4
CCTCTATCACTATGCA,4
CCTCTATCAGAGTCAA,4
CCTCTATCAGATCGCA,4
CCTCTATCAGCAGGAA,4
CCTCTATCAGTCACTA,4
CCTCTATCATCCTGTA,4
CCTCTATCATTGAGGA,4
CCTCTATCCAACCACA,4
CCTCTATCGACTAGTA,2
CCTCTATCCAATGGAA,2
CCTCTATCCACTTCGA,2
CCTCTATCCAGCGTTA,2
CCTCTATCCATACCAA,2
CCTCTATCCCAGTTCA,2
CCTCTATCCCGAAGTA,2
CCTCTATCCCGTGAGA,2
CCTCTATCCCTCCTGA,2
CCTCTATCCGAACTTA,2
CCTCTATCCGACTGGA,2
CCTCTATCCGCATACA,1
CCTCTATCCTCAATGA,1
CCTCTATCCTGAGCCA,1
CCTCTATCCTGGCATA,1
CCTCTATCGAATCTGA,1
CCTCTATCCAAGACTA,1
CCTCTATCGAGCTGAA,1
CCTCTATCGATAGACA,1
CCTCTATCGCCACATA,1
CCTCTATCGCGAGTAA,1
CCTCTATCGCTAACGA,1
CCTCTATCGCTCGGTA,1
CCTCTATCGGAGAACA,6
CCTCTATCGGTGCGAA,6
CCTCTATCGTACGCAA,1
CCTCTATCGTCGTAGA,1
CCTCTATCGTCTGTCA,1
CCTCTATCGTGTTCTA,6
CCTCTATCTAGGATGA,6
CCTCTATCTATCAGCA,6
CCTCTATCTCCGTCTA,1
CCTCTATCTCTTCACA,1
CCTCTATCTGAAGAGA,6
CCTCTATCTGGAACAA,6
CCTCTATCTGGCTTCA,6
CCTCTATCTGGTGGTA,6
CCTCTATCTTCACGCA,6
CCTCTATCAACTCACC,6
CCTCTATCAAGAGATC,6
CCTCTATCAAGGACAC,6
CCTCTATCAATCCGTC,6
CCTCTATCAATGTTGC,6
CCTCTATCACACGACC,6
CCTCTATCACAGATTC,6
CCTCTATCAGATGTAC,6
CCTCTATCAGCACCTC,6
CCTCTATCAGCCATGC,6
CCTCTATCAGGCTAAC,6
CCTCTATCATAGCGAC,6
CCTCTATCATCATTCC,1
CCTCTATCATTGGCTC,1
CCTCTATCCAAGGAGC,1
CCTCTATCCACCTTAC,1
CCTCTATCCCATCCTC,1
CCTCTATCCCGACAAC,1
CCTCTATCCCTAATCC,1
CCTCTATCCCTCTATC,2
CCTCTATCCGACACAC,2
CCTCTATCCGGATTGC,2
CCTCTATCCTAAGGTC,2
CCTCTATCGAACAGGC,4
CCTCTATCGACAGTGC,4
CCTCTATCGAGTTAGC,1
CCTCTATCGATGAATC,1
CCTCTATCGCCAAGAC,1
CCTCTATCCGGAAGAA,1
CCTCTATCGTGACAAG,1
CCTCTATCGAACCAGA,1
CCTAATCCTTGCTGGA,1
CCTAATCCAACCGAGA,4
CCTAATCCAACGCTTA,1
CCTAATCCAAGACGGA,4
CCTAATCCAAGGTACA,4
CCTAATCCACACAGAA,4
CCTAATCCACAGCAGA,4
CCTAATCCACCTCCAA,4
CCTAATCCACGCTCGA,4
CCTAATCCACGTATCA,4
CCTAATCCACTATGCA,4
CCTAATCCAGAGTCAA,4
CCTAATCCAGATCGCA,4
CCTAATCCAGCAGGAA,4
CCTAATCCAGTCACTA,4
CCTAATCCATCCTGTA,4
CCTAATCCATTGAGGA,4
CCTAATCCCAACCACA,2
CCTAATCCGACTAGTA,2
CCTAATCCCAATGGAA,2
CCTAATCCCACTTCGA,2
CCTAATCCCAGCGTTA,2
CCTAATCCCATACCAA,2
CCTAATCCCCAGTTCA,2
CCTAATCCCCGAAGTA,2
CCTAATCCCCGTGAGA,2
CCTAATCCCCTCCTGA,2
CCTAATCCCGAACTTA,2
CCTAATCCCGACTGGA,1
CCTAATCCCGCATACA,1
CCTAATCCCTCAATGA,1
CCTAATCCCTGAGCCA,1
CCTAATCCCTGGCATA,1
CCTAATCCGAATCTGA,1
CCTAATCCCAAGACTA,1
CCTAATCCGAGCTGAA,1
CCTAATCCGATAGACA,1
CCTAATCCGCCACATA,1
CCTAATCCGCGAGTAA,1
CCTAATCCGCTAACGA,1
CCTAATCCGCTCGGTA,1
CCTAATCCGGAGAACA,1
CCTAATCCGGTGCGAA,1
CCTAATCCGTACGCAA,6
CCTAATCCGTCGTAGA,6
CCTAATCCGTCTGTCA,6
CCTAATCCGTGTTCTA,6
CCTAATCCTAGGATGA,6
CCTAATCCTATCAGCA,6
CCTAATCCTCCGTCTA,6
CCTAATCCTCTTCACA,6
CCTAATCCTGAAGAGA,6
CCTAATCCTGGAACAA,6
CCTAATCCTGGCTTCA,6
CCTAATCCTGGTGGTA,6
CCTAATCCTTCACGCA,6
CCTAATCCAACTCACC,6
CCTAATCCAAGAGATC,6
CCTAATCCAAGGACAC,6
CCTAATCCAATCCGTC,6
CCTAATCCAATGTTGC,6
CCTAATCCACACGACC,6
CCTAATCCACAGATTC,6
CCTAATCCAGATGTAC,6
CCTAATCCAGCACCTC,6
CCTAATCCAGCCATGC,6
CCTAATCCAGGCTAAC,6
CCTAATCCATAGCGAC,6
CCTAATCCATCATTCC,1
CCTAATCCATTGGCTC,1
CCTAATCCCAAGGAGC,1
CCTAATCCCACCTTAC,1
CCTAATCCCCATCCTC,1
CCTAATCCCCGACAAC,1
CCTAATCCCCTAATCC,1
CCTAATCCCCTCTATC,2
CCTAATCCCGACACAC,2
CCTAATCCCGGATTGC,2
CCTAATCCCTAAGGTC,2
CCTAATCCGAACAGGC,4
CCTAATCCGACAGTGC,4
CCTAATCCGAGTTAGC,4
CCTAATCCGATGAATC,1
CCTAATCCGCCAAGAC,1
CCTAATCCCGGAAGAA,1
CCTAATCCGTGACAAG,1
CCTAATCCGAACCAGA,1
CCGACAACTTGCTGGA,1
CCGACAACAACAACCA,1
CCGACAACAACCGAGA,1
CCGACAACAACGCTTA,4
CCGACAACAAGACGGA,4
CCGACAACAAGGTACA,4
CCGACAACACACAGAA,4
CCGACAACACAGCAGA,4
CCGACAACACCTCCAA,4
CCGACAACACGCTCGA,4
CCGACAACACGTATCA,4
CCGACAACACTATGCA,4
CCGACAACAGAGTCAA,4
CCGACAACAGATCGCA,4
CCGACAACAGCAGGAA,4
CCGACAACAGTCACTA,4
CCGACAACATCCTGTA,2
CCGACAACATTGAGGA,2
CCGACAACCAACCACA,2
CCGACAACGACTAGTA,2
CCGACAACCAATGGAA,2
CCGACAACCACTTCGA,2
CCGACAACCAGCGTTA,2
CCGACAACCATACCAA,2
CCGACAACCCAGTTCA,2
CCGACAACCCGAAGTA,2
CCGACAACCCGTGAGA,2
CCGACAACCCTCCTGA,2
CCGACAACCGAACTTA,1
CCGACAACCGACTGGA,1
CCGACAACCGCATACA,1
CCGACAACCTCAATGA,1
CCGACAACCTGAGCCA,1
CCGACAACCTGGCATA,1
CCGACAACGAATCTGA,1
CCGACAACCAAGACTA,1
CCGACAACGAGCTGAA,1
CCGACAACGATAGACA,1
CCGACAACGCCACATA,1
CCGACAACGCGAGTAA,1
CCGACAACGCTAACGA,1
CCGACAACGCTCGGTA,1
CCGACAACGGAGAACA,1
CCGACAACGGTGCGAA,1
CCGACAACGTACGCAA,6
CCGACAACGTCGTAGA,6
CCGACAACGTCTGTCA,6
CCGACAACGTGTTCTA,6
CCGACAACTAGGATGA,6
CCGACAACTATCAGCA,6
CCGACAACTCCGTCTA,6
CCGACAACTCTTCACA,6
CCGACAACTGAAGAGA,6
CCGACAACTGGAACAA,6
CCGACAACTGGCTTCA,6
CCGACAACTGGTGGTA,6
CCGACAACTTCACGCA,6
CCGACAACAACTCACC,6
CCGACAACAAGAGATC,6
CCGACAACAAGGACAC,6
CCGACAACAATCCGTC,6
CCGACAACAATGTTGC,6
CCGACAACACACGACC,6
CCGACAACACAGATTC,6
CCGACAACAGATGTAC,6
CCGACAACAGCACCTC,6
CCGACAACAGCCATGC,6
CCGACAACAGGCTAAC,6
CCGACAACATAGCGAC,6
CCGACAACATCATTCC,1
CCGACAACATTGGCTC,1
CCGACAACCAAGGAGC,1
CCGACAACCACCTTAC,1
CCGACAACCCATCCTC,1
CCGACAACCCGACAAC,1
CCGACAACCCTAATCC,1
CCGACAACCCTCTATC,2
CCGACAACCGACACAC,2
CCGACAACCGGATTGC,2
CCGACAACCTAAGGTC,2
CCGACAACGAACAGGC,2
CCGACAACGACAGTGC,4
CCGACAACGAGTTAGC,4
CCGACAACGATGAATC,1
CCGACAACGCCAAGAC,1
CCGACAACCGGAAGAA,1
CCGACAACGTGACAAG,1
CCGACAACGAACCAGA,1
CCATCCTCTTGCTGGA,1
CCATCCTCAGTACAAG,1
CCATCCTCAACAACCA,4
CCATCCTCAACCGAGA,4
CCATCCTCAACGCTTA,1
CCATCCTCAAGACGGA,4
CCATCCTCAAGGTACA,4
CCATCCTCACACAGAA,4
CCATCCTCACAGCAGA,4
CCATCCTCACCTCCAA,4
CCATCCTCACGCTCGA,4
CCATCCTCACGTATCA,4
CCATCCTCACTATGCA,4
CCATCCTCAGAGTCAA,4
CCATCCTCAGATCGCA,4
CCATCCTCAGCAGGAA,4
CCATCCTCAGTCACTA,2
CCATCCTCATCCTGTA,2
CCATCCTCATTGAGGA,2
CCATCCTCCAACCACA,2
CCATCCTCGACTAGTA,2
CCATCCTCCAATGGAA,2
CCATCCTCCACTTCGA,2
CCATCCTCCAGCGTTA,2
CCATCCTCCATACCAA,2
CCATCCTCCCAGTTCA,2
CCATCCTCCCGAAGTA,2
CCATCCTCCCGTGAGA,2
CCATCCTCCCTCCTGA,2
CCATCCTCCGAACTTA,1
CCATCCTCCGACTGGA,1
CCATCCTCCGCATACA,1
CCATCCTCCTCAATGA,1
CCATCCTCCTGAGCCA,1
CCATCCTCCTGGCATA,1
CCATCCTCGAATCTGA,2
CCATCCTCCAAGACTA,1
CCATCCTCGAGCTGAA,1
CCATCCTCGATAGACA,1
CCATCCTCGCCACATA,6
CCATCCTCGCGAGTAA,1
CCATCCTCGCTAACGA,1
CCATCCTCGCTCGGTA,1
CCATCCTCGGAGAACA,1
CCATCCTCGGTGCGAA,3
CCATCCTCGTACGCAA,6
CCATCCTCGTCGTAGA,6
CCATCCTCGTCTGTCA,6
CCATCCTCGTGTTCTA,6
CCATCCTCTAGGATGA,6
CCATCCTCTATCAGCA,6
CCATCCTCTCCGTCTA,6
CCATCCTCTCTTCACA,6
CCATCCTCTGAAGAGA,6
CCATCCTCTGGAACAA,6
CCATCCTCTGGCTTCA,6
CCATCCTCTGGTGGTA,6
CCATCCTCTTCACGCA,6
CCATCCTCAACTCACC,6
CCATCCTCAAGAGATC,7
CCATCCTCAAGGACAC,6
CCATCCTCAATCCGTC,6
CCATCCTCAATGTTGC,6
CCATCCTCACACGACC,6
CCATCCTCACAGATTC,6
CCATCCTCAGATGTAC,6
CCATCCTCAGCACCTC,6
CCATCCTCAGCCATGC,6
CCATCCTCAGGCTAAC,6
CCATCCTCATAGCGAC,6
CCATCCTCATCATTCC,1
CCATCCTCATTGGCTC,1
CCATCCTCCAAGGAGC,1
CCATCCTCCACCTTAC,1
CCATCCTCCCATCCTC,1
CCATCCTCCCGACAAC,1
CCATCCTCCCTAATCC,1
CCATCCTCCCTCTATC,2
CCATCCTCCGACACAC,2
CCATCCTCCGGATTGC,2
CCATCCTCCTAAGGTC,2
CCATCCTCGAACAGGC,4
CCATCCTCGACAGTGC,4
CCATCCTCGAGTTAGC,4
CCATCCTCGATGAATC,1
CCATCCTCGCCAAGAC,1
CCATCCTCCGGAAGAA,1
CCATCCTCGTGACAAG,1
CCATCCTCGAACCAGA,1
CACCTTACTTGCTGGA,1
CACCTTACAGTACAAG,1
CACCTTACAACAACCA,4
CACCTTACAACCGAGA,4
CACCTTACAACGCTTA,4
CACCTTACAAGACGGA,4
CACCTTACAAGGTACA,4
CACCTTACACACAGAA,4
CACCTTACACAGCAGA,4
CACCTTACACCTCCAA,4
CACCTTACACGCTCGA,4
CACCTTACACGTATCA,4
CACCTTACACTATGCA,4
CACCTTACAGAGTCAA,4
CACCTTACAGATCGCA,4
CACCTTACAGCAGGAA,2
CACCTTACAGTCACTA,2
CACCTTACATCCTGTA,2
CACCTTACATTGAGGA,2
CACCTTACCAACCACA,2
CACCTTACGACTAGTA,2
CACCTTACCAATGGAA,2
CACCTTACCACTTCGA,2
CACCTTACCAGCGTTA,2
CACCTTACCATACCAA,2
CACCTTACCCAGTTCA,2
CACCTTACCCGAAGTA,1
CACCTTACCCGTGAGA,2
CACCTTACCCTCCTGA,2
CACCTTACCGAACTTA,1
CACCTTACCGACTGGA,1
CACCTTACCGCATACA,1
CACCTTACCTCAATGA,1
CACCTTACCTGAGCCA,1
CACCTTACCTGGCATA,1
CACCTTACGAATCTGA,1
CACCTTACCAAGACTA,6
CACCTTACGAGCTGAA,1
CACCTTACGATAGACA,1
CACCTTACGCCACATA,1
CACCTTACGCGAGTAA,6
CACCTTACGCTAACGA,6
CACCTTACGCTCGGTA,6
CACCTTACGGAGAACA,3
CACCTTACGGTGCGAA,6
CACCTTACGTACGCAA,6
CACCTTACGTCGTAGA,6
CACCTTACGTCTGTCA,6
CACCTTACGTGTTCTA,6
CACCTTACTAGGATGA,6
CACCTTACTATCAGCA,6
CACCTTACTCCGTCTA,6
CACCTTACTCTTCACA,6
CACCTTACTGAAGAGA,6
CACCTTACTGGAACAA,6
CACCTTACTGGCTTCA,6
CACCTTACTGGTGGTA,6
CACCTTACTTCACGCA,6
CACCTTACAACTCACC,6
CACCTTACAAGAGATC,6
CACCTTACAAGGACAC,6
CACCTTACAATCCGTC,6
CACCTTACAATGTTGC,6
CACCTTACACACGACC,6
CACCTTACACAGATTC,6
CACCTTACAGATGTAC,6
CACCTTACAGCACCTC,6
CACCTTACAGCCATGC,6
CACCTTACAGGCTAAC,6
CACCTTACATAGCGAC,6
CACCTTACATCATTCC,1
CACCTTACATTGGCTC,1
CACCTTACCAAGGAGC,1
CACCTTACCACCTTAC,1
CACCTTACCCATCCTC,1
CACCTTACCCGACAAC,1
CACCTTACCCTAATCC,1
CACCTTACCCTCTATC,2
CACCTTACCGACACAC,2
CACCTTACCGGATTGC,2
CACCTTACCTAAGGTC,2
CACCTTACGAACAGGC,4
CACCTTACGACAGTGC,4
CACCTTACGAGTTAGC,4
CACCTTACGATGAATC,1
CACCTTACGCCAAGAC,1
CACCTTACCGGAAGAA,1
CACCTTACGTGACAAG,1
CACCTTACGAACCAGA,1
CAAGGAGCTTGCTGGA,1
CAAGGAGCCTGTAGCC,4
CAAGGAGCAGTACAAG,4
CAAGGAGCAACAACCA,4
CAAGGAGCAACCGAGA,4
CAAGGAGCAACGCTTA,4
CAAGGAGCAAGACGGA,4
CAAGGAGCAAGGTACA,4
CAAGGAGCACACAGAA,4
CAAGGAGCACAGCAGA,4
CAAGGAGCACCTCCAA,4
CAAGGAGCACGCTCGA,4
CAAGGAGCACGTATCA,4
CAAGGAGCACTATGCA,4
CAAGGAGCAGAGTCAA,2
CAAGGAGCAGATCGCA,2
CAAGGAGCAGCAGGAA,2
CAAGGAGCAGTCACTA,2
CAAGGAGCATCCTGTA,2
CAAGGAGCATTGAGGA,2
CAAGGAGCCAACCACA,2
CAAGGAGCGACTAGTA,2
CAAGGAGCCAATGGAA,2
CAAGGAGCCACTTCGA,2
CAAGGAGCCAGCGTTA,2
CAAGGAGCCATACCAA,2
CAAGGAGCCCAGTTCA,1
CAAGGAGCCCGAAGTA,1
CAAGGAGCCCGTGAGA,1
CAAGGAGCCCTCCTGA,1
CAAGGAGCCGAACTTA,1
CAAGGAGCCGACTGGA,1
CAAGGAGCCGCATACA,1
CAAGGAGCCTCAATGA,1
CAAGGAGCCTGAGCCA,6
CAAGGAGCCTGGCATA,1
CAAGGAGCGAATCTGA,1
CAAGGAGCCAAGACTA,1
CAAGGAGCGAGCTGAA,1
CAAGGAGCGATAGACA,1
CAAGGAGCGCCACATA,1
CAAGGAGCGCGAGTAA,6
CAAGGAGCGCTAACGA,6
CAAGGAGCGCTCGGTA,6
CAAGGAGCGGAGAACA,6
CAAGGAGCGGTGCGAA,6
CAAGGAGCGTACGCAA,6
CAAGGAGCGTCGTAGA,6
CAAGGAGCGTCTGTCA,6
CAAGGAGCGTGTTCTA,6
CAAGGAGCTAGGATGA,6
CAAGGAGCTATCAGCA,6
CAAGGAGCTCCGTCTA,6
CAAGGAGCTCTTCACA,6
CAAGGAGCTGAAGAGA,6
CAAGGAGCTGGAACAA,6
CAAGGAGCTGGCTTCA,6
CAAGGAGCTGGTGGTA,6
CAAGGAGCTTCACGCA,6
CAAGGAGCAACTCACC,6
CAAGGAGCAAGAGATC,6
CAAGGAGCAAGGACAC,6
CAAGGAGCAATCCGTC,6
CAAGGAGCAATGTTGC,6
CAAGGAGCACACGACC,6
CAAGGAGCACAGATTC,6
CAAGGAGCAGATGTAC,6
CAAGGAGCAGCACCTC,6
CAAGGAGCAGCCATGC,6
CAAGGAGCAGGCTAAC,6
CAAGGAGCATAGCGAC,6
CAAGGAGCATCATTCC,1
CAAGGAGCATTGGCTC,1
CAAGGAGCCAAGGAGC,1
CAAGGAGCCACCTTAC,1
CAAGGAGCCCATCCTC,1
CAAGGAGCCCGACAAC,1
CAAGGAGCCCTAATCC,1
CAAGGAGCCCTCTATC,2
CAAGGAGCCGACACAC,2
CAAGGAGCCGGATTGC,2
CAAGGAGCCTAAGGTC,2
CAAGGAGCGAACAGGC,2
CAAGGAGCGACAGTGC,4
CAAGGAGCGAGTTAGC,4
CAAGGAGCGATGAATC,4
CAAGGAGCGCCAAGAC,1
CAAGGAGCCGGAAGAA,1
CAAGGAGCGTGACAAG,1
CAAGGAGCGAACCAGA,1
ATTGGCTCACAAGCTA,4
ATTGGCTCTTGCTGGA,1
ATTGGCTCCTGTAGCC,4
ATTGGCTCAGTACAAG,4
ATTGGCTCAACAACCA,4
ATTGGCTCAACCGAGA,4
ATTGGCTCAACGCTTA,4
ATTGGCTCAAGACGGA,4
ATTGGCTCAAGGTACA,4
ATTGGCTCACACAGAA,4
ATTGGCTCACAGCAGA,4
ATTGGCTCACCTCCAA,4
ATTGGCTCACGCTCGA,4
ATTGGCTCACGTATCA,4
ATTGGCTCACTATGCA,2
ATTGGCTCAGAGTCAA,2
ATTGGCTCAGATCGCA,2
ATTGGCTCAGCAGGAA,2
ATTGGCTCAGTCACTA,2
ATTGGCTCATCCTGTA,2
ATTGGCTCATTGAGGA,2
ATTGGCTCCAACCACA,2
ATTGGCTCGACTAGTA,2
ATTGGCTCCAATGGAA,2
ATTGGCTCCACTTCGA,2
ATTGGCTCCAGCGTTA,2
ATTGGCTCCATACCAA,2
ATTGGCTCCCAGTTCA,1
ATTGGCTCCCGAAGTA,1
ATTGGCTCCCGTGAGA,1
ATTGGCTCCCTCCTGA,1
ATTGGCTCCGAACTTA,1
ATTGGCTCCGACTGGA,1
ATTGGCTCCGCATACA,1
ATTGGCTCCTCAATGA,1
ATTGGCTCCTGAGCCA,1
ATTGGCTCCTGGCATA,1
ATTGGCTCGAATCTGA,1
ATTGGCTCCAAGACTA,6
ATTGGCTCGAGCTGAA,6
ATTGGCTCGATAGACA,6
ATTGGCTCGCCACATA,6
ATTGGCTCGCGAGTAA,6
ATTGGCTCGCTAACGA,6
ATTGGCTCGCTCGGTA,6
ATTGGCTCGGAGAACA,6
ATTGGCTCGGTGCGAA,6
ATTGGCTCGTACGCAA,6
ATTGGCTCGTCGTAGA,6
ATTGGCTCGTCTGTCA,6
ATTGGCTCGTGTTCTA,6
ATTGGCTCTAGGATGA,6
ATTGGCTCTATCAGCA,1
ATTGGCTCTCCGTCTA,6
ATTGGCTCTCTTCACA,6
ATTGGCTCTGAAGAGA,6
ATTGGCTCTGGAACAA,6
ATTGGCTCTGGCTTCA,6
ATTGGCTCTGGTGGTA,6
ATTGGCTCTTCACGCA,6
ATTGGCTCAACTCACC,6
ATTGGCTCAAGAGATC,6
ATTGGCTCAAGGACAC,6
ATTGGCTCAATCCGTC,6
ATTGGCTCAATGTTGC,6
ATTGGCTCACACGACC,7
ATTGGCTCACAGATTC,6
ATTGGCTCAGATGTAC,6
ATTGGCTCAGCACCTC,6
ATTGGCTCAGCCATGC,6
ATTGGCTCAGGCTAAC,6
ATTGGCTCATAGCGAC,6
ATTGGCTCATCATTCC,1
ATTGGCTCATTGGCTC,1
ATTGGCTCCAAGGAGC,1
ATTGGCTCCACCTTAC,1
ATTGGCTCCCATCCTC,1
ATTGGCTCCCGACAAC,1
ATTGGCTCCCTAATCC,1
ATTGGCTCCCTCTATC,2
ATTGGCTCCGACACAC,2
ATTGGCTCCGGATTGC,2
ATTGGCTCCTAAGGTC,2
ATTGGCTCGAACAGGC,2
ATTGGCTCGACAGTGC,4
ATTGGCTCGAGTTAGC,4
ATTGGCTCGATGAATC,1
ATTGGCTCGCCAAGAC,1
ATTGGCTCCGGAAGAA,1
ATTGGCTCGTGACAAG,1
ATTGGCTCGAACCAGA,1
ATCATTCCACAAGCTA,4
ATCATTCCTTGCTGGA,1
ATCATTCCCTGTAGCC,4
ATCATTCCAGTACAAG,4
ATCATTCCAACAACCA,4
ATCATTCCAACCGAGA,4
ATCATTCCAACGCTTA,4
ATCATTCCAAGACGGA,4
ATCATTCCAAGGTACA,4
ATCATTCCACACAGAA,4
ATCATTCCACAGCAGA,4
ATCATTCCACCTCCAA,4
ATCATTCCACGCTCGA,4
ATCATTCCACGTATCA,2
ATCATTCCACTATGCA,2
ATCATTCCAGAGTCAA,2
ATCATTCCAGATCGCA,2
ATCATTCCAGCAGGAA,2
ATCATTCCAGTCACTA,2
ATCATTCCATCCTGTA,2
ATCATTCCATTGAGGA,2
ATCATTCCCAACCACA,2
ATCATTCCGACTAGTA,2
ATCATTCCCAATGGAA,2
ATCATTCCCACTTCGA,2
ATCATTCCCAGCGTTA,2
ATCATTCCCATACCAA,2
ATCATTCCCCAGTTCA,1
ATCATTCCCCGAAGTA,1
ATCATTCCCCGTGAGA,1
ATCATTCCCCTCCTGA,1
ATCATTCCCGAACTTA,1
ATCATTCCCGACTGGA,1
ATCATTCCCGCATACA,1
ATCATTCCCTCAATGA,1
ATCATTCCCTGAGCCA,1
ATCATTCCCTGGCATA,1
ATCATTCCGAATCTGA,1
ATCATTCCCAAGACTA,6
ATCATTCCGAGCTGAA,6
ATCATTCCGATAGACA,6
ATCATTCCGCCACATA,6
ATCATTCCGCGAGTAA,6
ATCATTCCGCTAACGA,6
ATCATTCCGCTCGGTA,6
ATCATTCCGGAGAACA,6
ATCATTCCGGTGCGAA,6
ATCATTCCGTACGCAA,6
ATCATTCCGTCGTAGA,6
ATCATTCCGTCTGTCA,6
ATCATTCCGTGTTCTA,6
ATCATTCCTAGGATGA,6
ATCATTCCTATCAGCA,6
ATCATTCCTCCGTCTA,6
ATCATTCCTCTTCACA,6
ATCATTCCTGAAGAGA,6
ATCATTCCTGGAACAA,6
ATCATTCCTGGCTTCA,7
ATCATTCCTGGTGGTA,6
ATCATTCCTTCACGCA,6
ATCATTCCAACTCACC,6
ATCATTCCAAGAGATC,6
ATCATTCCAAGGACAC,6
ATCATTCCAATCCGTC,6
ATCATTCCAATGTTGC,7
ATCATTCCACACGACC,6
ATCATTCCACAGATTC,6
ATCATTCCAGATGTAC,6
ATCATTCCAGCACCTC,6
ATCATTCCAGCCATGC,6
ATCATTCCAGGCTAAC,6
ATCATTCCATAGCGAC,6
ATCATTCCATCATTCC,6
ATCATTCCATTGGCTC,1
ATCATTCCCAAGGAGC,1
ATCATTCCCACCTTAC,1
ATCATTCCCCATCCTC,1
ATCATTCCCCGACAAC,1
ATCATTCCCCTAATCC,1
ATCATTCCCCTCTATC,2
ATCATTCCCGACACAC,2
ATCATTCCCGCTGATC,1
ATCATTCCCGGATTGC,2
ATCATTCCCTAAGGTC,2
ATCATTCCGAACAGGC,2
ATCATTCCGACAGTGC,4
ATCATTCCGAGTTAGC,4
ATCATTCCGATGAATC,1
ATCATTCCGCCAAGAC,1
ATCATTCCCGGAAGAA,1
ATCATTCCGTGACAAG,1
ATCATTCCGAACCAGA,1
ATAGCGACACAAGCTA,4
ATAGCGACTTGCTGGA,1
ATAGCGACCTGTAGCC,4
ATAGCGACAGTACAAG,4
ATAGCGACAACAACCA,4
ATAGCGACAACCGAGA,4
ATAGCGACAACGCTTA,4
ATAGCGACAAGACGGA,4
ATAGCGACAAGGTACA,4
ATAGCGACACACAGAA,4
ATAGCGACACAGCAGA,4
ATAGCGACACCTCCAA,4
ATAGCGACACGCTCGA,2
ATAGCGACACGTATCA,2
ATAGCGACACTATGCA,2
ATAGCGACAGAGTCAA,2
ATAGCGACAGATCGCA,2
ATAGCGACAGCAGGAA,2
ATAGCGACAGTCACTA,2
ATAGCGACATCCTGTA,2
ATAGCGACATTGAGGA,2
ATAGCGACCAACCACA,2
ATAGCGACGACTAGTA,2
ATAGCGACCAATGGAA,1
ATAGCGACCACTTCGA,2
ATAGCGACCAGCGTTA,1
ATAGCGACCATACCAA,1
ATAGCGACCCAGTTCA,1
ATAGCGACCCGAAGTA,1
ATAGCGACCCGTGAGA,1
ATAGCGACCCTCCTGA,1
ATAGCGACCGAACTTA,1
ATAGCGACCGACTGGA,1
ATAGCGACCGCATACA,1
ATAGCGACCTCAATGA,1
ATAGCGACCTGAGCCA,1
ATAGCGACCTGGCATA,1
ATAGCGACGAATCTGA,6
ATAGCGACCAAGACTA,6
ATAGCGACGAGCTGAA,6
ATAGCGACGATAGACA,6
ATAGCGACGCCACATA,6
ATAGCGACGCGAGTAA,6
ATAGCGACGCTAACGA,6
ATAGCGACGCTCGGTA,6
ATAGCGACGGAGAACA,6
ATAGCGACGGTGCGAA,6
ATAGCGACGTACGCAA,6
ATAGCGACGTCGTAGA,6
ATAGCGACGTCTGTCA,6
ATAGCGACGTGTTCTA,6
ATAGCGACTAGGATGA,6
ATAGCGACTATCAGCA,6
ATAGCGACTCCGTCTA,7
ATAGCGACTCTTCACA,6
ATAGCGACTGAAGAGA,6
ATAGCGACTGGAACAA,6
ATAGCGACTGGCTTCA,7
ATAGCGACTGGTGGTA,6
ATAGCGACTTCACGCA,7
ATAGCGACAACTCACC,6
ATAGCGACAAGAGATC,7
ATAGCGACAAGGACAC,7
ATAGCGACAATCCGTC,7
ATAGCGACAATGTTGC,7
ATAGCGACACACGACC,7
ATAGCGACACAGATTC,7
ATAGCGACAGATGTAC,6
ATAGCGACAGCACCTC,6
ATAGCGACAGCCATGC,6
ATAGCGACAGGCTAAC,6
ATAGCGACATAGCGAC,6
ATAGCGACATCATTCC,1
ATAGCGACATTGGCTC,1
ATAGCGACCAAGGAGC,1
ATAGCGACCACCTTAC,1
ATAGCGACCCATCCTC,1
ATAGCGACCCGACAAC,1
ATAGCGACCCTAATCC,1
ATAGCGACCCTCTATC,2
ATAGCGACCGACACAC,2
ATAGCGACCGCTGATC,1
ATAGCGACCGGATTGC,2
ATAGCGACCTAAGGTC,2
ATAGCGACGAACAGGC,2
ATAGCGACGACAGTGC,4
ATAGCGACGAGTTAGC,1
ATAGCGACGATGAATC,1
ATAGCGACGCCAAGAC,1
ATAGCGACCGGAAGAA,1
ATAGCGACGTGACAAG,1
ATAGCGACGAACCAGA,1
AGGCTAACACAAGCTA,4
AGGCTAACTTGCTGGA,1
AGGCTAACCTGTAGCC,4
AGGCTAACAGTACAAG,2
AGGCTAACAACAACCA,4
AGGCTAACAACCGAGA,4
AGGCTAACAACGCTTA,4
AGGCTAACAAGACGGA,4
AGGCTAACAAGGTACA,4
AGGCTAACACACAGAA,4
AGGCTAACACAGCAGA,4
AGGCTAACACCTCCAA,2
AGGCTAACACGCTCGA,2
AGGCTAACACGTATCA,2
AGGCTAACACTATGCA,2
AGGCTAACAGAGTCAA,2
AGGCTAACAGATCGCA,2
AGGCTAACAGCAGGAA,2
AGGCTAACAGTCACTA,2
AGGCTAACATCCTGTA,2
AGGCTAACATTGAGGA,2
AGGCTAACCAACCACA,1
AGGCTAACGACTAGTA,1
AGGCTAACCAATGGAA,1
AGGCTAACCACTTCGA,1
AGGCTAACCAGCGTTA,1
AGGCTAACCATACCAA,1
AGGCTAACCCAGTTCA,1
AGGCTAACCCGAAGTA,1
AGGCTAACCCGTGAGA,1
AGGCTAACCCTCCTGA,1
AGGCTAACCGAACTTA,6
AGGCTAACCGACTGGA,1
AGGCTAACCGCATACA,1
AGGCTAACCTCAATGA,1
AGGCTAACCTGAGCCA,1
AGGCTAACCTGGCATA,1
AGGCTAACGAATCTGA,6
AGGCTAACCAAGACTA,6
AGGCTAACGAGCTGAA,6
AGGCTAACGATAGACA,6
AGGCTAACGCCACATA,6
AGGCTAACGCGAGTAA,6
AGGCTAACGCTAACGA,6
AGGCTAACGCTCGGTA,6
AGGCTAACGGAGAACA,6
AGGCTAACGGTGCGAA,6
AGGCTAACGTACGCAA,6
AGGCTAACGTCGTAGA,6
AGGCTAACGTCTGTCA,6
AGGCTAACGTGTTCTA,6
AGGCTAACTAGGATGA,6
AGGCTAACTATCAGCA,7
AGGCTAACTCCGTCTA,6
AGGCTAACTCTTCACA,7
AGGCTAACTGAAGAGA,7
AGGCTAACTGGAACAA,7
AGGCTAACTGGCTTCA,7
AGGCTAACTGGTGGTA,6
AGGCTAACTTCACGCA,7
AGGCTAACAACTCACC,7
AGGCTAACAAGAGATC,7
AGGCTAACAAGGACAC,7
AGGCTAACAATCCGTC,7
AGGCTAACAATGTTGC,7
AGGCTAACACACGACC,7
AGGCTAACACAGATTC,7
AGGCTAACAGATGTAC,6
AGGCTAACAGCACCTC,6
AGGCTAACAGCCATGC,6
AGGCTAACAGGCTAAC,6
AGGCTAACCATCAAGT,4
AGGCTAACATAGCGAC,6
AGGCTAACATCATTCC,1
AGGCTAACATTGGCTC,1
AGGCTAACCAAGGAGC,1
AGGCTAACCACCTTAC,1
AGGCTAACCCATCCTC,1
AGGCTAACCCGACAAC,1
AGGCTAACCCTAATCC,1
AGGCTAACCCTCTATC,1
AGGCTAACCGACACAC,2
AGGCTAACCGCTGATC,4
AGGCTAACCGGATTGC,2
AGGCTAACCTAAGGTC,2
AGGCTAACGAACAGGC,2
AGGCTAACGACAGTGC,2
AGGCTAACGAGTTAGC,2
AGGCTAACGATGAATC,1
AGGCTAACGCCAAGAC,1
AGGCTAACCGGAAGAA,1
AGGCTAACGTGACAAG,1
AGGCTAACGAACCAGA,1
AGCCATGCACAAGCTA,4
AGCCATGCTTGCTGGA,1
AGCCATGCCTGTAGCC,4
AGCCATGCAGTACAAG,4
AGCCATGCAACAACCA,4
AGCCATGCAACCGAGA,4
AGCCATGCAACGCTTA,4
AGCCATGCAAGACGGA,4
AGCCATGCAAGGTACA,4
AGCCATGCACACAGAA,4
AGCCATGCACAGCAGA,4
AGCCATGCACCTCCAA,2
AGCCATGCACGCTCGA,2
AGCCATGCACGTATCA,2
AGCCATGCACTATGCA,2
AGCCATGCAGAGTCAA,2
AGCCATGCAGATCGCA,2
AGCCATGCAGCAGGAA,1
AGCCATGCAGTCACTA,2
AGCCATGCATCCTGTA,2
AGCCATGCATTGAGGA,2
AGCCATGCCAACCACA,1
AGCCATGCGACTAGTA,1
AGCCATGCCAATGGAA,1
AGCCATGCCACTTCGA,1
AGCCATGCCAGCGTTA,1
AGCCATGCCATACCAA,1
AGCCATGCCCAGTTCA,1
AGCCATGCCCGAAGTA,1
AGCCATGCCCGTGAGA,1
AGCCATGCCCTCCTGA,6
AGCCATGCCGAACTTA,6
AGCCATGCCGACTGGA,6
AGCCATGCCGCATACA,6
AGCCATGCCTCAATGA,6
AGCCATGCCTGAGCCA,6
AGCCATGCCTGGCATA,6
AGCCATGCGAATCTGA,6
AGCCATGCCAAGACTA,6
AGCCATGCGAGCTGAA,6
AGCCATGCGATAGACA,6
AGCCATGCGCCACATA,6
AGCCATGCGCGAGTAA,6
AGCCATGCGCTAACGA,6
AGCCATGCGCTCGGTA,6
AGCCATGCGGAGAACA,6
AGCCATGCGGTGCGAA,6
AGCCATGCGTACGCAA,6
AGCCATGCGTCGTAGA,6
AGCCATGCGTCTGTCA,6
AGCCATGCGTGTTCTA,6
AGCCATGCTAGGATGA,6
AGCCATGCTATCAGCA,6
AGCCATGCTCCGTCTA,7
AGCCATGCTCTTCACA,6
AGCCATGCTGAAGAGA,7
AGCCATGCTGGAACAA,7
AGCCATGCTGGCTTCA,7
AGCCATGCTGGTGGTA,7
AGCCATGCTTCACGCA,7
AGCCATGCAACTCACC,7
AGCCATGCCAGATCTG,1
AGCCATGCAAGAGATC,7
AGCCATGCAAGGACAC,7
AGCCATGCAATCCGTC,7
AGCCATGCAATGTTGC,7
AGCCATGCACACGACC,7
AGCCATGCACAGATTC,7
AGCCATGCAGATGTAC,6
AGCCATGCAGCACCTC,6
AGCCATGCAGCCATGC,6
AGCCATGCAGGCTAAC,6
AGCCATGCCATCAAGT,4
AGCCATGCATAGCGAC,6
AGCCATGCATCATTCC,1
AGCCATGCATTGGCTC,1
AGCCATGCCAAGGAGC,1
AGCCATGCCACCTTAC,1
AGCCATGCCCATCCTC,1
AGCCATGCCCGACAAC,1
AGCCATGCCCTAATCC,1
AGCCATGCCCTCTATC,2
AGCCATGCCGACACAC,2
AGCCATGCCGCTGATC,4
AGCCATGCCGGATTGC,2
AGCCATGCCTAAGGTC,2
AGCCATGCGAACAGGC,2
AGCCATGCGACAGTGC,4
AGCCATGCGAGTTAGC,4
AGCCATGCGATGAATC,1
AGCCATGCGCCAAGAC,1
AGCCATGCCGGAAGAA,1
AGCCATGCGTGACAAG,1
AGCCATGCGAACCAGA,1
AGCACCTCACAAGCTA,4
AGCACCTCTTGCTGGA,1
AGCACCTCCTGTAGCC,4
AGCACCTCAGTACAAG,4
AGCACCTCAACAACCA,4
AGCACCTCAACCGAGA,4
AGCACCTCAACGCTTA,4
AGCACCTCAAGACGGA,4
AGCACCTCAAGGTACA,4
AGCACCTCACACAGAA,4
AGCACCTCACAGCAGA,2
AGCACCTCACCTCCAA,2
AGCACCTCACGCTCGA,2
AGCACCTCACGTATCA,2
AGCACCTCACTATGCA,2
AGCACCTCAGAGTCAA,2
AGCACCTCAGATCGCA,2
AGCACCTCAGCAGGAA,1
AGCACCTCAGTCACTA,4
AGCACCTCATCCTGTA,2
AGCACCTCATTGAGGA,1
AGCACCTCCAACCACA,1
AGCACCTCGACTAGTA,1
AGCACCTCCAATGGAA,1
AGCACCTCCACTTCGA,1
AGCACCTCCAGCGTTA,1
AGCACCTCCATACCAA,1
AGCACCTCCCAGTTCA,1
AGCACCTCCCGAAGTA,1
AGCACCTCCCGTGAGA,6
AGCACCTCCCTCCTGA,6
AGCACCTCCGAACTTA,6
AGCACCTCCGACTGGA,6
AGCACCTCCGCATACA,6
AGCACCTCCTCAATGA,6
AGCACCTCCTGAGCCA,6
AGCACCTCCTGGCATA,6
AGCACCTCGAATCTGA,6
AGCACCTCCAAGACTA,6
AGCACCTCGAGCTGAA,6
AGCACCTCGATAGACA,6
AGCACCTCGCCACATA,6
AGCACCTCGCGAGTAA,6
AGCACCTCGCTAACGA,6
AGCACCTCGCTCGGTA,6
AGCACCTCGGAGAACA,6
AGCACCTCGGTGCGAA,6
AGCACCTCGTACGCAA,6
AGCACCTCGTCGTAGA,6
AGCACCTCGTCTGTCA,6
AGCACCTCGTGTTCTA,6
AGCACCTCACATTGGC,4
AGCACCTCTAGGATGA,6
AGCACCTCTATCAGCA,6
AGCACCTCTCCGTCTA,7
AGCACCTCTCTTCACA,7
AGCACCTCTGAAGAGA,7
AGCACCTCTGGAACAA,7
AGCACCTCTGGCTTCA,7
AGCACCTCTGGTGGTA,7
AGCACCTCTTCACGCA,7
AGCACCTCAACTCACC,7
AGCACCTCCAGATCTG,4
AGCACCTCAAGAGATC,7
AGCACCTCAAGGACAC,7
AGCACCTCAATCCGTC,7
AGCACCTCAATGTTGC,7
AGCACCTCACACGACC,7
AGCACCTCACAGATTC,7
AGCACCTCAGATGTAC,6
AGCACCTCAGCACCTC,6
AGCACCTCAGCCATGC,6
AGCACCTCAGGCTAAC,6
AGCACCTCCATCAAGT,4
AGCACCTCATAGCGAC,6
AGCACCTCATCATTCC,6
AGCACCTCATTGGCTC,1
AGCACCTCCAAGGAGC,1
AGCACCTCCACCTTAC,1
AGCACCTCCCATCCTC,1
AGCACCTCCCGACAAC,1
AGCACCTCCCTAATCC,1
AGCACCTCCCTCTATC,2
AGCACCTCCGACACAC,2
AGCACCTCCGCTGATC,4
AGCACCTCCGGATTGC,2
AGCACCTCCTAAGGTC,2
AGCACCTCGAACAGGC,2
AGCACCTCGACAGTGC,4
AGCACCTCGAGTTAGC,4
AGCACCTCGATGAATC,1
AGCACCTCGCCAAGAC,1
AGCACCTCCGGAAGAA,1
AGCACCTCGTGACAAG,1
AGCACCTCGAACCAGA,1
AGATGTACACAAGCTA,4
AGATGTACTTGCTGGA,1
AGATGTACCTGTAGCC,4
AGATGTACAGTACAAG,4
AGATGTACAACAACCA,4
AGATGTACAACCGAGA,4
AGATGTACAACGCTTA,4
AGATGTACAAGACGGA,4
AGATGTACAAGGTACA,4
AGATGTACACACAGAA,2
AGATGTACACAGCAGA,2
AGATGTACACCTCCAA,2
AGATGTACACGCTCGA,2
AGATGTACACGTATCA,2
AGATGTACACTATGCA,2
AGATGTACAGAGTCAA,2
AGATGTACAGATCGCA,2
AGATGTACAGCAGGAA,2
AGATGTACAGTCACTA,1
AGATGTACATCCTGTA,2
AGATGTACATTGAGGA,1
AGATGTACCAACCACA,1
AGATGTACGACTAGTA,1
AGATGTACCAATGGAA,1
AGATGTACCACTTCGA,1
AGATGTACCAGCGTTA,1
AGATGTACCATACCAA,1
AGATGTACCCAGTTCA,1
AGATGTACCCGAAGTA,1
AGATGTACCCGTGAGA,6
AGATGTACCCTCCTGA,6
AGATGTACCGAACTTA,6
AGATGTACCGACTGGA,1
AGATGTACCGCATACA,6
AGATGTACCTCAATGA,6
AGATGTACCTGAGCCA,6
AGATGTACCTGGCATA,6
AGATGTACGAATCTGA,6
AGATGTACCAAGACTA,6
AGATGTACGAGCTGAA,6
AGATGTACGATAGACA,6
AGATGTACGCCACATA,6
AGATGTACGCGAGTAA,6
AGATGTACGCTAACGA,6
AGATGTACGCTCGGTA,6
AGATGTACGGAGAACA,6
AGATGTACGGTGCGAA,6
AGATGTACGTACGCAA,6
AGATGTACGTCGTAGA,6
AGATGTACGTCTGTCA,6
AGATGTACGTGTTCTA,7
AGATGTACACATTGGC,1
AGATGTACTAGGATGA,7
AGATGTACTATCAGCA,7
AGATGTACTCCGTCTA,7
AGATGTACTCTTCACA,7
AGATGTACTGAAGAGA,7
AGATGTACTGGAACAA,7
AGATGTACTGGCTTCA,7
AGATGTACTGGTGGTA,7
AGATGTACTTCACGCA,7
AGATGTACAACTCACC,7
AGATGTACCAGATCTG,4
AGATGTACAAGAGATC,7
AGATGTACAAGGACAC,7
AGATGTACAATCCGTC,7
AGATGTACAATGTTGC,7
AGATGTACACACGACC,7
AGATGTACACAGATTC,7
AGATGTACAGATGTAC,1
AGATGTACAGCACCTC,6
AGATGTACAGCCATGC,6
AGATGTACAGGCTAAC,6
AGATGTACCATCAAGT,4
AGATGTACATAGCGAC,6
AGATGTACATCATTCC,6
AGATGTACATTGGCTC,1
AGATGTACCAAGGAGC,1
AGATGTACCACCTTAC,1
AGATGTACCCATCCTC,1
AGATGTACCCGACAAC,1
AGATGTACCCTAATCC,1
AGATGTACCCTCTATC,2
AGATGTACCGACACAC,2
AGATGTACCGCTGATC,4
AGATGTACCGGATTGC,2
AGATGTACCTAAGGTC,2
AGATGTACGAACAGGC,2
AGATGTACGACAGTGC,4
AGATGTACGAGTTAGC,4
AGATGTACGATGAATC,1
AGATGTACGCCAAGAC,1
AGATGTACCGGAAGAA,1
AGATGTACGTGACAAG,1
AGATGTACGAACCAGA,1
ACAGATTCACAAGCTA,4
ACAGATTCTTGCTGGA,1
ACAGATTCCTGTAGCC,4
ACAGATTCAGTACAAG,4
ACAGATTCAACAACCA,4
ACAGATTCAACCGAGA,4
ACAGATTCAACGCTTA,4
ACAGATTCAAGACGGA,4
ACAGATTCAAGGTACA,2
ACAGATTCACACAGAA,2
ACAGATTCACAGCAGA,2
ACAGATTCACCTCCAA,2
ACAGATTCACGCTCGA,2
ACAGATTCACGTATCA,2
ACAGATTCACTATGCA,2
ACAGATTCAGAGTCAA,2
ACAGATTCAGATCGCA,2
ACAGATTCAGCAGGAA,2
ACAGATTCAGTCACTA,2
ACAGATTCATCCTGTA,1
ACAGATTCATTGAGGA,1
ACAGATTCCAACCACA,1
ACAGATTCGACTAGTA,1
ACAGATTCCAATGGAA,1
ACAGATTCCACTTCGA,1
ACAGATTCCAGCGTTA,1
ACAGATTCCATACCAA,2
ACAGATTCCCAGTTCA,1
ACAGATTCCCGAAGTA,6
ACAGATTCCCGTGAGA,6
ACAGATTCCCTCCTGA,6
ACAGATTCCGAACTTA,6
ACAGATTCCGACTGGA,6
ACAGATTCCGCATACA,1
ACAGATTCCTCAATGA,6
ACAGATTCCTGAGCCA,6
ACAGATTCCTGGCATA,6
ACAGATTCGAATCTGA,6
ACAGATTCCAAGACTA,6
ACAGATTCGAGCTGAA,6
ACAGATTCGATAGACA,6
ACAGATTCACCACTGT,1
ACAGATTCGCCACATA,6
ACAGATTCGCGAGTAA,6
ACAGATTCGCTAACGA,6
ACAGATTCGCTCGGTA,6
ACAGATTCGGAGAACA,6
ACAGATTCGGTGCGAA,6
ACAGATTCGTACGCAA,6
ACAGATTCGTCGTAGA,6
ACAGATTCGTCTGTCA,7
ACAGATTCGTGTTCTA,7
ACAGATTCACATTGGC,4
ACAGATTCTAGGATGA,7
ACAGATTCTATCAGCA,7
ACAGATTCTCCGTCTA,7
ACAGATTCTCTTCACA,7
ACAGATTCTGAAGAGA,7
ACAGATTCTGGAACAA,7
ACAGATTCTGGCTTCA,7
ACAGATTCTGGTGGTA,7
ACAGATTCTTCACGCA,7
ACAGATTCAACTCACC,7
ACAGATTCCAGATCTG,4
ACAGATTCAAGAGATC,7
ACAGATTCAAGGACAC,7
ACAGATTCAATCCGTC,7
ACAGATTCAATGTTGC,7
ACAGATTCACACGACC,7
ACAGATTCACAGATTC,7
ACAGATTCAGATGTAC,1
ACAGATTCAGCACCTC,6
ACAGATTCAGCCATGC,6
ACAGATTCAGGCTAAC,6
ACAGATTCCATCAAGT,4
ACAGATTCATAGCGAC,6
ACAGATTCATCATTCC,6
ACAGATTCATTGGCTC,1
ACAGATTCCAAGGAGC,1
ACAGATTCCACCTTAC,1
ACAGATTCCCATCCTC,1
ACAGATTCCCGACAAC,1
ACAGATTCCCTAATCC,1
ACAGATTCCCTCTATC,1
ACAGATTCCGACACAC,2
ACAGATTCCGCTGATC,4
ACAGATTCCGGATTGC,2
ACAGATTCCTAAGGTC,2
ACAGATTCGAACAGGC,2
ACAGATTCGACAGTGC,4
ACAGATTCGAGTTAGC,4
ACAGATTCGATGAATC,1
ACAGATTCGCCAAGAC,1
ACAGATTCCGGAAGAA,1
ACAGATTCGTGACAAG,1
ACAGATTCGAACCAGA,1
ACACGACCACAAGCTA,4
ACACGACCTTGCTGGA,1
ACACGACCCTGTAGCC,4
ACACGACCAGTACAAG,4
ACACGACCAACAACCA,4
ACACGACCAACCGAGA,4
ACACGACCAACGCTTA,4
ACACGACCAAGACGGA,1
ACACGACCAAGGTACA,2
ACACGACCACACAGAA,2
ACACGACCACAGCAGA,2
ACACGACCACCTCCAA,2
ACACGACCACGCTCGA,2
ACACGACCACGTATCA,2
ACACGACCACTATGCA,2
ACACGACCAGAGTCAA,2
ACACGACCAGATCGCA,2
ACACGACCAGCAGGAA,2
ACACGACCAGTCACTA,2
ACACGACCATCCTGTA,1
ACACGACCATTGAGGA,1
ACACGACCCAACCACA,1
ACACGACCGACTAGTA,1
ACACGACCCAATGGAA,1
ACACGACCCACTTCGA,1
ACACGACCCAGCGTTA,1
ACACGACCCATACCAA,6
ACACGACCCCAGTTCA,6
ACACGACCCCGAAGTA,6
ACACGACCCCGTGAGA,6
ACACGACCCCTCCTGA,6
ACACGACCCGAACTTA,6
ACACGACCCGACTGGA,1
ACACGACCCGCATACA,6
ACACGACCCTCAATGA,6
ACACGACCCTGAGCCA,6
ACACGACCCTGGCATA,6
ACACGACCGAATCTGA,6
ACACGACCCAAGACTA,6
ACACGACCGAGCTGAA,6
ACACGACCGATAGACA,6
ACACGACCACCACTGT,4
ACACGACCGCCACATA,6
ACACGACCGCGAGTAA,6
ACACGACCGCTAACGA,6
ACACGACCGCTCGGTA,6
ACACGACCGGAGAACA,6
ACACGACCGGTGCGAA,6
ACACGACCGTACGCAA,7
ACACGACCGTCGTAGA,7
ACACGACCGTCTGTCA,7
ACACGACCGTGTTCTA,7
ACACGACCACATTGGC,4
ACACGACCTAGGATGA,7
ACACGACCTATCAGCA,7
ACACGACCTCCGTCTA,7
ACACGACCTCTTCACA,7
ACACGACCTGAAGAGA,7
ACACGACCTGGAACAA,7
ACACGACCTGGCTTCA,7
ACACGACCTGGTGGTA,7
ACACGACCTTCACGCA,7
ACACGACCAACTCACC,7
ACACGACCCAGATCTG,4
ACACGACCAAGAGATC,7
ACACGACCAAGGACAC,7
ACACGACCAATCCGTC,7
ACACGACCAATGTTGC,7
ACACGACCACACGACC,7
ACACGACCACAGATTC,7
ACACGACCAGATGTAC,7
ACACGACCAGCACCTC,7
ACACGACCAGCCATGC,6
ACACGACCAGGCTAAC,6
ACACGACCCATCAAGT,4
ACACGACCATAGCGAC,6
ACACGACCATCATTCC,1
ACACGACCATTGGCTC,6
ACACGACCCAAGGAGC,1
ACACGACCCACCTTAC,1
ACACGACCCCATCCTC,1
ACACGACCCCGACAAC,1
ACACGACCCCTAATCC,1
ACACGACCCCTCTATC,1
ACACGACCCGACACAC,2
ACACGACCCGCTGATC,4
ACACGACCCGGATTGC,2
ACACGACCCTAAGGTC,2
ACACGACCGAACAGGC,2
ACACGACCGACAGTGC,4
ACACGACCGAGTTAGC,4
ACACGACCGATGAATC,1
ACACGACCGCCAAGAC,1
ACACGACCCGGAAGAA,1
ACACGACCGTGACAAG,1
ACACGACCGAACCAGA,1
AATGTTGCACAAGCTA,4
AATGTTGCTTGCTGGA,1
AATGTTGCCTGTAGCC,4
AATGTTGCAGTACAAG,4
AATGTTGCAACAACCA,4
AATGTTGCAACCGAGA,4
AATGTTGCAACGCTTA,4
AATGTTGCAAGACGGA,2
AATGTTGCAAGGTACA,2
AATGTTGCACACAGAA,2
AATGTTGCACAGCAGA,2
AATGTTGCACCTCCAA,2
AATGTTGCACGCTCGA,2
AATGTTGCACGTATCA,2
AATGTTGCACTATGCA,2
AATGTTGCAGAGTCAA,2
AATGTTGCAGATCGCA,2
AATGTTGCAGCAGGAA,2
AATGTTGCAGTCACTA,1
AATGTTGCATCCTGTA,1
AATGTTGCATTGAGGA,1
AATGTTGCATGCCTAA,1
AATGTTGCCAACCACA,1
AATGTTGCGACTAGTA,1
AATGTTGCCAATGGAA,1
AATGTTGCCACTTCGA,1
AATGTTGCCAGCGTTA,6
AATGTTGCCATACCAA,6
AATGTTGCCCAGTTCA,6
AATGTTGCCCGAAGTA,6
AATGTTGCCCGTGAGA,6
AATGTTGCCCTCCTGA,6
AATGTTGCCGAACTTA,6
AATGTTGCCGACTGGA,6
AATGTTGCCGCATACA,6
AATGTTGCCTCAATGA,6
AATGTTGCCTGAGCCA,6
AATGTTGCCTGGCATA,6
AATGTTGCGAATCTGA,6
AATGTTGCCAAGACTA,6
AATGTTGCGAGCTGAA,6
AATGTTGCGATAGACA,6
AATGTTGCACCACTGT,1
AATGTTGCGCCACATA,7
AATGTTGCGCGAGTAA,6
AATGTTGCGCTAACGA,7
AATGTTGCGCTCGGTA,7
AATGTTGCGGAGAACA,7
AATGTTGCGGTGCGAA,7
AATGTTGCGTACGCAA,7
AATGTTGCGTCGTAGA,7
AATGTTGCGTCTGTCA,7
AATGTTGCGTGTTCTA,7
AATGTTGCACATTGGC,4
AATGTTGCTAGGATGA,7
AATGTTGCTATCAGCA,7
AATGTTGCTCCGTCTA,7
AATGTTGCTCTTCACA,7
AATGTTGCTGAAGAGA,7
AATGTTGCTGGAACAA,7
AATGTTGCTGGCTTCA,7
AATGTTGCTGGTGGTA,7
AATGTTGCTTCACGCA,7
AATGTTGCAACTCACC,7
AATGTTGCCAGATCTG,4
AATGTTGCAAGAGATC,7
AATGTTGCAAGGACAC,7
AATGTTGCAATCCGTC,7
AATGTTGCAATGTTGC,7
AATGTTGCACACGACC,7
AATGTTGCACAGATTC,7
AATGTTGCAGATGTAC,7
AATGTTGCAGCACCTC,7
AATGTTGCAGCCATGC,7
AATGTTGCAGGCTAAC,6
AATGTTGCCATCAAGT,4
AATGTTGCATAGCGAC,6
AATGTTGCATCATTCC,6
AATGTTGCATTGGCTC,6
AATGTTGCCAAGGAGC,1
AATGTTGCCACCTTAC,1
AATGTTGCCCATCCTC,1
AATGTTGCCCGACAAC,1
AATGTTGCCCTAATCC,1
AATGTTGCCCTCTATC,1
AATGTTGCCGACACAC,2
AATGTTGCCGCTGATC,4
AATGTTGCCGGATTGC,2
AATGTTGCCTAAGGTC,2
AATGTTGCGAACAGGC,2
AATGTTGCGACAGTGC,4
AATGTTGCGAGTTAGC,4
AATGTTGCGATGAATC,1
AATGTTGCGCCAAGAC,1
AATGTTGCCGGAAGAA,1
AATGTTGCGTGACAAG,1
AATGTTGCGAACCAGA,1
AATCCGTCAACGTGAT,1
AATCCGTCACAAGCTA,4
AATCCGTCTTGCTGGA,1
AATCCGTCCTGTAGCC,4
AATCCGTCAGTACAAG,4
AATCCGTCAACAACCA,4
AATCCGTCAACCGAGA,4
AATCCGTCAACGCTTA,2
AATCCGTCAAGACGGA,2
AATCCGTCAAGGTACA,2
AATCCGTCACACAGAA,2
AATCCGTCACAGCAGA,2
AATCCGTCAAACATCG,1
AATCCGTCACCTCCAA,2
AATCCGTCACGCTCGA,2
AATCCGTCACGTATCA,2
AATCCGTCACTATGCA,2
AATCCGTCAGAGTCAA,2
AATCCGTCAGATCGCA,2
AATCCGTCAGCAGGAA,2
AATCCGTCAGTCACTA,1
AATCCGTCATCCTGTA,1
AATCCGTCATTGAGGA,1
AATCCGTCATGCCTAA,1
AATCCGTCCAACCACA,1
AATCCGTCGACTAGTA,1
AATCCGTCCAATGGAA,1
AATCCGTCCACTTCGA,6
AATCCGTCCAGCGTTA,6
AATCCGTCCATACCAA,6
AATCCGTCCCAGTTCA,6
AATCCGTCCCGAAGTA,6
AATCCGTCCCGTGAGA,6
AATCCGTCCCTCCTGA,6
AATCCGTCCGAACTTA,6
AATCCGTCCGACTGGA,6
AATCCGTCCGCATACA,6
AATCCGTCCTCAATGA,6
AATCCGTCCTGAGCCA,6
AATCCGTCCTGGCATA,6
AATCCGTCGAATCTGA,6
AATCCGTCCAAGACTA,6
AATCCGTCGAGCTGAA,6
AATCCGTCGATAGACA,7
AATCCGTCACCACTGT,4
AATCCGTCGCCACATA,6
AATCCGTCGCGAGTAA,7
AATCCGTCGCTAACGA,7
AATCCGTCGCTCGGTA,7
AATCCGTCGGAGAACA,7
AATCCGTCGGTGCGAA,7
AATCCGTCGTACGCAA,7
AATCCGTCGTCGTAGA,7
AATCCGTCGTCTGTCA,7
AATCCGTCGTGTTCTA,7
AATCCGTCACATTGGC,1
AATCCGTCTAGGATGA,7
AATCCGTCTATCAGCA,7
AATCCGTCTCCGTCTA,7
AATCCGTCTCTTCACA,7
AATCCGTCTGAAGAGA,7
AATCCGTCTGGAACAA,7
AATCCGTCTGGCTTCA,7
AATCCGTCTGGTGGTA,7
AATCCGTCTTCACGCA,7
AATCCGTCAACTCACC,7
AATCCGTCCAGATCTG,4
AATCCGTCAAGAGATC,7
AATCCGTCAAGGACAC,7
AATCCGTCAATCCGTC,7
AATCCGTCAATGTTGC,7
AATCCGTCACACGACC,7
AATCCGTCACAGATTC,7
AATCCGTCAGATGTAC,7
AATCCGTCAGCACCTC,7
AATCCGTCAGCCATGC,7
AATCCGTCAGGCTAAC,7
AATCCGTCCATCAAGT,4
AATCCGTCATAGCGAC,6
AATCCGTCATCATTCC,6
AATCCGTCATTGGCTC,6
AATCCGTCCAAGGAGC,6
AATCCGTCCACCTTAC,6
AATCCGTCCCATCCTC,1
AATCCGTCCCGACAAC,1
AATCCGTCCCTAATCC,1
AATCCGTCCCTCTATC,1
AATCCGTCCGACACAC,1
AATCCGTCCGCTGATC,4
AATCCGTCCGGATTGC,2
AATCCGTCCTAAGGTC,2
AATCCGTCGAACAGGC,2
AATCCGTCGACAGTGC,4
AATCCGTCGAGTTAGC,4
AATCCGTCGATGAATC,1
AATCCGTCGCCAAGAC,1
AATCCGTCCGGAAGAA,1
AATCCGTCGTGACAAG,1
AATCCGTCGAACCAGA,1
GAACCAGATTGCTGGA,1
GAACCAGAAGTCACTA,1
GAACCAGAATCCTGTA,1
GAACCAGAATTGAGGA,1
GAACCAGACAACCACA,4
GAACCAGAGACTAGTA,4
GAACCAGACAATGGAA,4
GAACCAGACACTTCGA,4
GAACCAGACAGCGTTA,4
GAACCAGACATACCAA,4
GAACCAGACCAGTTCA,4
GAACCAGACCGAAGTA,4
GAACCAGACCGTGAGA,4
GAACCAGACCTCCTGA,4
GAACCAGACGAACTTA,4
GAACCAGACGACTGGA,4
GAACCAGACGCATACA,4
GAACCAGACTCAATGA,4
GAACCAGACTGAGCCA,4
GAACCAGACTGGCATA,4
GAACCAGAGAATCTGA,2
GAACCAGACAAGACTA,2
GAACCAGAGAGCTGAA,2
GAACCAGAGATAGACA,2
GAACCAGAGCCACATA,2
GAACCAGAGCGAGTAA,2
GAACCAGAGCTAACGA,2
GAACCAGAGCTCGGTA,2
GAACCAGAGGAGAACA,2
GAACCAGAGGTGCGAA,2
GAACCAGAGTACGCAA,2
GAACCAGAGTCGTAGA,2
GAACCAGAGTCTGTCA,1
GAACCAGAGTGTTCTA,1
GAACCAGATAGGATGA,1
GAACCAGATATCAGCA,1
GAACCAGATCCGTCTA,1
GAACCAGATCTTCACA,1
GAACCAGATGAAGAGA,1
GAACCAGATGGAACAA,1
GAACCAGATGGCTTCA,1
GAACCAGATGGTGGTA,1
GAACCAGATTCACGCA,1
GAACCAGAAACTCACC,1
GAACCAGAAAGAGATC,1
GAACCAGAAAGGACAC,1
GAACCAGAAATCCGTC,6
GAACCAGAAATGTTGC,1
GAACCAGAACACGACC,1
GAACCAGAACAGATTC,1
GAACCAGAAGATGTAC,1
GAACCAGAAGCACCTC,3
GAACCAGAAGCCATGC,6
GAACCAGAAGGCTAAC,1
GAACCAGAATAGCGAC,1
GAACCAGAATCATTCC,1
GAACCAGAATTGGCTC,1
GAACCAGACAAGGAGC,1
GAACCAGACACCTTAC,1
GAACCAGACCATCCTC,1
GAACCAGACCGACAAC,1
GAACCAGACCTAATCC,1
GAACCAGACCTCTATC,2
GAACCAGACGACACAC,2
GAACCAGACGGATTGC,2
GAACCAGACTAAGGTC,2
GAACCAGAGAACAGGC,4
GAACCAGAGACAGTGC,2
GAACCAGAGAGTTAGC,4
GAACCAGAGATGAATC,1
GAACCAGAGCCAAGAC,1
GAACCAGACGGAAGAA,1
GAACCAGAGTGACAAG,1
GAACCAGAGAACCAGA,1
AAGGACACACAAGCTA,4
AAGGACACTTGCTGGA,1
AAGGACACCTGTAGCC,4
AAGGACACAGTACAAG,4
AAGGACACAACAACCA,4
AAGGACACAACCGAGA,2
AAGGACACAACGCTTA,2
AAGGACACAAGACGGA,2
AAGGACACAAGGTACA,2
AAGGACACACACAGAA,2
AAGGACACACAGCAGA,2
AAGGACACAAACATCG,1
AAGGACACACCTCCAA,2
AAGGACACACGCTCGA,2
AAGGACACACGTATCA,2
AAGGACACACTATGCA,2
AAGGACACAGAGTCAA,2
AAGGACACAGATCGCA,2
AAGGACACAGCAGGAA,1
AAGGACACAGTCACTA,1
AAGGACACATCCTGTA,1
AAGGACACATTGAGGA,1
AAGGACACATGCCTAA,1
AAGGACACCAACCACA,1
AAGGACACGACTAGTA,1
AAGGACACCAATGGAA,6
AAGGACACCACTTCGA,6
AAGGACACCAGCGTTA,6
AAGGACACCATACCAA,6
AAGGACACCCAGTTCA,6
AAGGACACCCGAAGTA,6
AAGGACACCCGTGAGA,6
AAGGACACCCTCCTGA,6
AAGGACACCGAACTTA,6
AAGGACACCGACTGGA,6
AAGGACACCGCATACA,6
AAGGACACCTCAATGA,6
AAGGACACCTGAGCCA,6
AAGGACACCTGGCATA,6
AAGGACACGAATCTGA,6
AAGGACACCAAGACTA,6
AAGGACACGAGCTGAA,6
AAGGACACGATAGACA,7
AAGGACACACCACTGT,4
AAGGACACGCCACATA,7
AAGGACACGCGAGTAA,7
AAGGACACGCTAACGA,7
AAGGACACGCTCGGTA,7
AAGGACACGGAGAACA,7
AAGGACACGGTGCGAA,7
AAGGACACGTACGCAA,7
AAGGACACGTCGTAGA,7
AAGGACACGTCTGTCA,7
AAGGACACGTGTTCTA,7
AAGGACACACATTGGC,4
AAGGACACTAGGATGA,7
AAGGACACTATCAGCA,7
AAGGACACTCCGTCTA,7
AAGGACACTCTTCACA,7
AAGGACACTGAAGAGA,7
AAGGACACTGGAACAA,7
AAGGACACTGGCTTCA,7
AAGGACACTGGTGGTA,7
AAGGACACTTCACGCA,7
AAGGACACAACTCACC,7
AAGGACACCAGATCTG,4
AAGGACACAAGAGATC,7
AAGGACACAAGGACAC,7
AAGGACACAATCCGTC,7
AAGGACACAATGTTGC,7
AAGGACACACACGACC,7
AAGGACACACAGATTC,7
AAGGACACAGATGTAC,7
AAGGACACAGCACCTC,7
AAGGACACAGCCATGC,7
AAGGACACAGGCTAAC,7
AAGGACACCATCAAGT,4
AAGGACACATAGCGAC,7
AAGGACACATCATTCC,6
AAGGACACATTGGCTC,6
AAGGACACCAAGGAGC,6
AAGGACACCACCTTAC,6
AAGGACACCCATCCTC,1
AAGGACACCCGACAAC,1
AAGGACACCCTAATCC,1
AAGGACACCCTCTATC,1
AAGGACACCGACACAC,1
AAGGACACCGCTGATC,4
AAGGACACCGGATTGC,1
AAGGACACCTAAGGTC,2
AAGGACACGAACAGGC,2
AAGGACACGACAGTGC,4
AAGGACACGAGTTAGC,1
AAGGACACGATGAATC,1
AAGGACACGCCAAGAC,1
AAGGACACCGGAAGAA,1
AAGGACACGTGACAAG,1
AAGGACACGAACCAGA,1
AAGAGATCACAAGCTA,4
AAGAGATCTTGCTGGA,1
AAGAGATCCTGTAGCC,4
AAGAGATCAGTACAAG,4
AAGAGATCAACAACCA,4
AAGAGATCAACCGAGA,2
AAGAGATCAACGCTTA,2
AAGAGATCAAGACGGA,2
AAGAGATCAAGGTACA,2
AAGAGATCACACAGAA,2
AAGAGATCACAGCAGA,2
AAGAGATCAAACATCG,1
AAGAGATCACCTCCAA,2
AAGAGATCACGCTCGA,2
AAGAGATCACGTATCA,2
AAGAGATCACTATGCA,2
AAGAGATCAGAGTCAA,1
AAGAGATCAGATCGCA,1
AAGAGATCAGCAGGAA,7
AAGAGATCAGTCACTA,1
AAGAGATCATCCTGTA,1
AAGAGATCATTGAGGA,1
AAGAGATCCAACCACA,1
AAGAGATCGACTAGTA,1
AAGAGATCCAATGGAA,6
AAGAGATCCACTTCGA,6
AAGAGATCCAGCGTTA,6
AAGAGATCCATACCAA,6
AAGAGATCCCAGTTCA,6
AAGAGATCCCGAAGTA,6
AAGAGATCCCGTGAGA,6
AAGAGATCCCTCCTGA,6
AAGAGATCCGAACTTA,6
AAGAGATCCGACTGGA,6
AAGAGATCCGCATACA,6
AAGAGATCCTCAATGA,6
AAGAGATCCTGAGCCA,7
AAGAGATCCTGGCATA,6
AAGAGATCGAATCTGA,7
AAGAGATCCAAGACTA,6
AAGAGATCGAGCTGAA,7
AAGAGATCGATAGACA,7
AAGAGATCACCACTGT,4
AAGAGATCGCCACATA,7
AAGAGATCGCGAGTAA,7
AAGAGATCGCTAACGA,7
AAGAGATCGCTCGGTA,7
AAGAGATCGGAGAACA,7
AAGAGATCGGTGCGAA,7
AAGAGATCGTACGCAA,7
AAGAGATCGTCGTAGA,7
AAGAGATCGTCTGTCA,7
AAGAGATCGTGTTCTA,7
AAGAGATCACATTGGC,4
AAGAGATCTAGGATGA,7
AAGAGATCTATCAGCA,7
AAGAGATCTCCGTCTA,7
AAGAGATCTCTTCACA,7
AAGAGATCTGAAGAGA,7
AAGAGATCTGGAACAA,7
AAGAGATCTGGCTTCA,7
AAGAGATCTGGTGGTA,7
AAGAGATCTTCACGCA,7
AAGAGATCAACTCACC,7
AAGAGATCCAGATCTG,4
AAGAGATCAAGAGATC,7
AAGAGATCAAGGACAC,7
AAGAGATCAATCCGTC,7
AAGAGATCAATGTTGC,7
AAGAGATCACACGACC,7
AAGAGATCACAGATTC,7
AAGAGATCAGATGTAC,7
AAGAGATCAGCACCTC,7
AAGAGATCAGCCATGC,7
AAGAGATCAGGCTAAC,7
AAGAGATCCATCAAGT,4
AAGAGATCATAGCGAC,7
AAGAGATCATCATTCC,7
AAGAGATCATTGGCTC,6
AAGAGATCCAAGGAGC,6
AAGAGATCCACCTTAC,1
AAGAGATCCCATCCTC,1
AAGAGATCCCGACAAC,1
AAGAGATCCCTAATCC,1
AAGAGATCCCTCTATC,1
AAGAGATCCGACACAC,1
AAGAGATCCGCTGATC,4
AAGAGATCCGGATTGC,1
AAGAGATCCTAAGGTC,2
AAGAGATCGAACAGGC,4
AAGAGATCGACAGTGC,4
AAGAGATCGAGTTAGC,1
AAGAGATCGATGAATC,1
AAGAGATCGCCAAGAC,1
AAGAGATCCGGAAGAA,1
AAGAGATCGTGACAAG,1
AAGAGATCGAACCAGA,1
AACTCACCAACGTGAT,1
AACTCACCACAAGCTA,4
AACTCACCTTGCTGGA,1
AACTCACCCTGTAGCC,4
AACTCACCAGTACAAG,4
AACTCACCAACAACCA,2
AACTCACCAACCGAGA,2
AACTCACCAACGCTTA,2
AACTCACCAAGACGGA,2
AACTCACCAAGGTACA,2
AACTCACCACACAGAA,2
AACTCACCACAGCAGA,2
AACTCACCAAACATCG,1
AACTCACCACCTCCAA,2
AACTCACCACGCTCGA,2
AACTCACCACGTATCA,1
AACTCACCACTATGCA,1
AACTCACCAGAGTCAA,1
AACTCACCAGATCGCA,1
AACTCACCAGCAGGAA,1
AACTCACCAGTCACTA,1
AACTCACCATCCTGTA,1
AACTCACCATTGAGGA,1
AACTCACCATGCCTAA,1
AACTCACCCAACCACA,6
AACTCACCGACTAGTA,6
AACTCACCCAATGGAA,6
AACTCACCCACTTCGA,6
AACTCACCCAGCGTTA,6
AACTCACCCATACCAA,6
AACTCACCCCAGTTCA,6
AACTCACCCCGAAGTA,6
AACTCACCCCGTGAGA,6
AACTCACCCCTCCTGA,6
AACTCACCCGAACTTA,6
AACTCACCCGACTGGA,1
AACTCACCCGCATACA,6
AACTCACCCTCAATGA,6
AACTCACCCTGAGCCA,6
AACTCACCCTGGCATA,7
AACTCACCGAATCTGA,7
AACTCACCCAAGACTA,7
AACTCACCGAGCTGAA,7
AACTCACCGATAGACA,7
AACTCACCACCACTGT,4
AACTCACCGCCACATA,7
AACTCACCGCGAGTAA,7
AACTCACCGCTAACGA,7
AACTCACCGCTCGGTA,7
AACTCACCGGAGAACA,7
AACTCACCGGTGCGAA,7
AACTCACCGTACGCAA,7
AACTCACCGTCGTAGA,7
AACTCACCGTCTGTCA,7
AACTCACCGTGTTCTA,7
AACTCACCACATTGGC,4
AACTCACCTAGGATGA,7
AACTCACCTATCAGCA,7
AACTCACCTCCGTCTA,3
AACTCACCTCTTCACA,7
AACTCACCTGAAGAGA,7
AACTCACCTGGAACAA,7
AACTCACCTGGCTTCA,7
AACTCACCTGGTGGTA,7
AACTCACCTTCACGCA,7
AACTCACCAACTCACC,7
AACTCACCCAGATCTG,4
AACTCACCAAGAGATC,1
AACTCACCAAGGACAC,1
AACTCACCAATCCGTC,7
AACTCACCAATGTTGC,7
AACTCACCACACGACC,7
AACTCACCACAGATTC,7
AACTCACCAGATGTAC,7
AACTCACCAGCACCTC,7
AACTCACCAGCCATGC,7
AACTCACCAGGCTAAC,7
AACTCACCCATCAAGT,4
AACTCACCATAGCGAC,7
AACTCACCATCATTCC,7
AACTCACCATTGGCTC,7
AACTCACCCAAGGAGC,7
AACTCACCCACCTTAC,7
AACTCACCCCATCCTC,1
AACTCACCCCGACAAC,1
AACTCACCCCTAATCC,1
AACTCACCCCTCTATC,1
AACTCACCCGACACAC,1
AACTCACCCGCTGATC,4
AACTCACCCGGATTGC,1
AACTCACCCTAAGGTC,1
AACTCACCGAACAGGC,1
AACTCACCGACAGTGC,1
AACTCACCGAGTTAGC,1
AACTCACCGATGAATC,1
AACTCACCGCCAAGAC,1
AACTCACCCGGAAGAA,1
AACTCACCGTGACAAG,1
AACTCACCGAACCAGA,1
TTCACGCAAACGTGAT,1
TTCACGCAACAAGCTA,4
TTCACGCATTGCTGGA,1
TTCACGCACTGTAGCC,4
TTCACGCAAGTACAAG,2
TTCACGCAAACAACCA,2
TTCACGCAAACCGAGA,2
TTCACGCAAACGCTTA,2
TTCACGCAAAGACGGA,2
TTCACGCAAAGGTACA,2
TTCACGCAACACAGAA,2
TTCACGCAACAGCAGA,2
TTCACGCAAAACATCG,1
TTCACGCAACCTCCAA,2
TTCACGCAACGCTCGA,1
TTCACGCAACGTATCA,1
TTCACGCAACTATGCA,1
TTCACGCAAGAGTCAA,1
TTCACGCAAGATCGCA,1
TTCACGCAAGCAGGAA,1
TTCACGCAAGTCACTA,1
TTCACGCAATCCTGTA,1
TTCACGCAATTGAGGA,6
TTCACGCAATGCCTAA,1
TTCACGCACAACCACA,6
TTCACGCAGACTAGTA,6
TTCACGCACAATGGAA,6
TTCACGCACACTTCGA,6
TTCACGCACAGCGTTA,6
TTCACGCACATACCAA,1
TTCACGCACCAGTTCA,6
TTCACGCACCGAAGTA,6
TTCACGCACCGTGAGA,6
TTCACGCACCTCCTGA,6
TTCACGCACGAACTTA,6
TTCACGCACGACTGGA,6
TTCACGCACGCATACA,6
TTCACGCACTCAATGA,7
TTCACGCACTGAGCCA,7
TTCACGCACTGGCATA,7
TTCACGCAGAATCTGA,7
TTCACGCACAAGACTA,7
TTCACGCAGAGCTGAA,7
TTCACGCAGATAGACA,7
TTCACGCAACCACTGT,4
TTCACGCAGCCACATA,7
TTCACGCAGCGAGTAA,7
TTCACGCAGCTAACGA,7
TTCACGCAGCTCGGTA,7
TTCACGCAGGAGAACA,7
TTCACGCAGGTGCGAA,7
TTCACGCAGTACGCAA,3
TTCACGCAGTCGTAGA,3
TTCACGCAGTCTGTCA,3
TTCACGCAGTGTTCTA,3
TTCACGCAACATTGGC,4
TTCACGCATAGGATGA,7
TTCACGCATATCAGCA,3
TTCACGCATCCGTCTA,3
TTCACGCATCTTCACA,3
TTCACGCATGAAGAGA,3
TTCACGCATGGAACAA,3
TTCACGCATGGCTTCA,3
TTCACGCATGGTGGTA,7
TTCACGCATTCACGCA,1
TTCACGCAAACTCACC,1
TTCACGCACAGATCTG,4
TTCACGCAAAGAGATC,1
TTCACGCAAAGGACAC,1
TTCACGCAAATCCGTC,1
TTCACGCAAATGTTGC,1
TTCACGCAACACGACC,1
TTCACGCAACAGATTC,7
TTCACGCAAGATGTAC,7
TTCACGCAAGCACCTC,7
TTCACGCAAGCCATGC,7
TTCACGCAAGGCTAAC,7
TTCACGCACATCAAGT,4
TTCACGCAATAGCGAC,7
TTCACGCAATCATTCC,7
TTCACGCAATTGGCTC,7
TTCACGCACAAGGAGC,7
TTCACGCACACCTTAC,7
TTCACGCACCATCCTC,7
TTCACGCACCGACAAC,6
TTCACGCACCTAATCC,1
TTCACGCACCTCTATC,7
TTCACGCACGACACAC,1
TTCACGCACGCTGATC,4
TTCACGCACGGATTGC,1
TTCACGCACTAAGGTC,1
TTCACGCAGAACAGGC,1
TTCACGCAGACAGTGC,4
TTCACGCAGAGTTAGC,1
TTCACGCAGATGAATC,1
TTCACGCAGCCAAGAC,1
TTCACGCACGGAAGAA,1
TTCACGCAGTGACAAG,1
TTCACGCAGAACCAGA,1
TGGTGGTAAACGTGAT,1
TGGTGGTAACAAGCTA,4
TGGTGGTATTGCTGGA,1
TGGTGGTACTGTAGCC,2
TGGTGGTAAGTACAAG,2
TGGTGGTAAACAACCA,2
TGGTGGTAAACCGAGA,2
TGGTGGTAAACGCTTA,2
TGGTGGTAAAGACGGA,2
TGGTGGTAAAGGTACA,2
TGGTGGTAACACAGAA,2
TGGTGGTAACAGCAGA,1
TGGTGGTAAAACATCG,1
TGGTGGTAACCTCCAA,2
TGGTGGTAACGCTCGA,1
TGGTGGTAACGTATCA,1
TGGTGGTAACTATGCA,1
TGGTGGTAAGAGTCAA,1
TGGTGGTAAGATCGCA,1
TGGTGGTAAGCAGGAA,1
TGGTGGTAAGTCACTA,1
TGGTGGTAATCCTGTA,1
TGGTGGTAATTGAGGA,6
TGGTGGTAATGCCTAA,4
TGGTGGTACAACCACA,6
TGGTGGTAGACTAGTA,6
TGGTGGTACAATGGAA,6
TGGTGGTACACTTCGA,6
TGGTGGTACAGCGTTA,6
TGGTGGTACATACCAA,6
TGGTGGTACCAGTTCA,6
TGGTGGTACCGAAGTA,6
TGGTGGTACCGTGAGA,6
TGGTGGTACCTCCTGA,6
TGGTGGTACGAACTTA,6
TGGTGGTACGACTGGA,6
TGGTGGTACGCATACA,6
TGGTGGTACTCAATGA,7
TGGTGGTACTGAGCCA,7
TGGTGGTACTGGCATA,7
TGGTGGTAGAATCTGA,7
TGGTGGTACAAGACTA,7
TGGTGGTAGAGCTGAA,7
TGGTGGTAGATAGACA,7
TGGTGGTAACCACTGT,4
TGGTGGTAGCCACATA,7
TGGTGGTAGCGAGTAA,7
TGGTGGTAGCTAACGA,7
TGGTGGTAGCTCGGTA,7
TGGTGGTAGGAGAACA,3
TGGTGGTAGGTGCGAA,3
TGGTGGTAGTACGCAA,3
TGGTGGTAGTCGTAGA,3
TGGTGGTAGTCTGTCA,3
TGGTGGTAGTGTTCTA,3
TGGTGGTAACATTGGC,4
TGGTGGTATAGGATGA,3
TGGTGGTATATCAGCA,3
TGGTGGTATCCGTCTA,3
TGGTGGTATCTTCACA,3
TGGTGGTATGAAGAGA,3
TGGTGGTATGGAACAA,3
TGGTGGTATGGCTTCA,1
TGGTGGTATGGTGGTA,1
TGGTGGTATTCACGCA,1
TGGTGGTAAACTCACC,1
TGGTGGTACAGATCTG,4
TGGTGGTAAAGAGATC,1
TGGTGGTAAAGGACAC,1
TGGTGGTAAATCCGTC,1
TGGTGGTAAATGTTGC,1
TGGTGGTAACACGACC,1
TGGTGGTAACAGATTC,1
TGGTGGTAAGATGTAC,7
TGGTGGTAAGCACCTC,7
TGGTGGTAAGCCATGC,7
TGGTGGTAAGGCTAAC,7
TGGTGGTACATCAAGT,4
TGGTGGTAATAGCGAC,7
TGGTGGTAATCATTCC,7
TGGTGGTAATTGGCTC,7
TGGTGGTACAAGGAGC,7
TGGTGGTACACCTTAC,7
TGGTGGTACCATCCTC,7
TGGTGGTACCGACAAC,7
TGGTGGTACCTAATCC,7
TGGTGGTACCTCTATC,7
TGGTGGTACGACACAC,1
TGGTGGTACGCTGATC,4
TGGTGGTACGGATTGC,1
TGGTGGTACTAAGGTC,1
TGGTGGTAGAACAGGC,1
TGGTGGTAGACAGTGC,1
TGGTGGTAGAGTTAGC,1
TGGTGGTAGATGAATC,1
TGGTGGTAGCCAAGAC,1
TGGTGGTACGGAAGAA,1
TGGTGGTAGTGACAAG,1
TGGTGGTAGAACCAGA,1
TGGCTTCAAACGTGAT,1
TGGCTTCAACAAGCTA,4
TGGCTTCATTGCTGGA,1
TGGCTTCACTGTAGCC,2
TGGCTTCAAGTACAAG,2
TGGCTTCAAACAACCA,2
TGGCTTCAAACCGAGA,2
TGGCTTCAAACGCTTA,2
TGGCTTCAAAGACGGA,2
TGGCTTCAAAGGTACA,2
TGGCTTCAACACAGAA,2
TGGCTTCAACAGCAGA,2
TGGCTTCAAAACATCG,4
TGGCTTCAACCTCCAA,1
TGGCTTCAACGCTCGA,1
TGGCTTCAACGTATCA,1
TGGCTTCAACTATGCA,1
TGGCTTCAAGAGTCAA,1
TGGCTTCAAGATCGCA,1
TGGCTTCAAGCAGGAA,6
TGGCTTCAAGTCACTA,1
TGGCTTCAATCCTGTA,6
TGGCTTCAATTGAGGA,6
TGGCTTCAATGCCTAA,4
TGGCTTCACAACCACA,6
TGGCTTCAGACTAGTA,6
TGGCTTCACAATGGAA,6
TGGCTTCACACTTCGA,6
TGGCTTCACAGCGTTA,6
TGGCTTCACATACCAA,6
TGGCTTCACCAGTTCA,6
TGGCTTCACCGAAGTA,6
TGGCTTCACCGTGAGA,6
TGGCTTCACCTCCTGA,6
TGGCTTCACGAACTTA,6
TGGCTTCACGACTGGA,6
TGGCTTCACGCATACA,7
TGGCTTCACTCAATGA,7
TGGCTTCACTGAGCCA,7
TGGCTTCACTGGCATA,7
TGGCTTCAGAATCTGA,7
TGGCTTCACAAGACTA,7
TGGCTTCAGAGCTGAA,7
TGGCTTCAGATAGACA,7
TGGCTTCAACCACTGT,4
TGGCTTCAGCCACATA,7
TGGCTTCAGCGAGTAA,3
TGGCTTCAGCTAACGA,7
TGGCTTCAGCTCGGTA,3
TGGCTTCAGGAGAACA,3
TGGCTTCAGGTGCGAA,3
TGGCTTCAGTACGCAA,3
TGGCTTCAGTCGTAGA,3
TGGCTTCAGTCTGTCA,3
TGGCTTCAGTGTTCTA,3
TGGCTTCAACATTGGC,4
TGGCTTCATAGGATGA,3
TGGCTTCATATCAGCA,3
TGGCTTCATCCGTCTA,3
TGGCTTCATCTTCACA,3
TGGCTTCATGAAGAGA,3
TGGCTTCATGGAACAA,1
TGGCTTCATGGCTTCA,3
TGGCTTCATGGTGGTA,3
TGGCTTCATTCACGCA,7
TGGCTTCAAACTCACC,7
TGGCTTCACAGATCTG,4
TGGCTTCAAAGAGATC,1
TGGCTTCAAAGGACAC,1
TGGCTTCAAATCCGTC,1
TGGCTTCAAATGTTGC,1
TGGCTTCAACACGACC,1
TGGCTTCAACAGATTC,1
TGGCTTCAAGATGTAC,1
TGGCTTCAAGCACCTC,1
TGGCTTCAAGCCATGC,7
TGGCTTCAAGGCTAAC,7
TGGCTTCACATCAAGT,4
TGGCTTCAATAGCGAC,7
TGGCTTCAATCATTCC,7
TGGCTTCAATTGGCTC,7
TGGCTTCACAAGGAGC,7
TGGCTTCACACCTTAC,7
TGGCTTCACCATCCTC,7
TGGCTTCACCGACAAC,7
TGGCTTCACCTAATCC,7
TGGCTTCACCTCTATC,7
TGGCTTCACGACACAC,7
TGGCTTCACGCTGATC,4
TGGCTTCACGGATTGC,7
TGGCTTCACTAAGGTC,1
TGGCTTCAGAACAGGC,1
TGGCTTCAGACAGTGC,1
TGGCTTCAGAGTTAGC,1
TGGCTTCAGATGAATC,1
TGGCTTCAGCCAAGAC,1
TGGCTTCACGGAAGAA,1
TGGCTTCAGTGACAAG,1
TGGCTTCAGAACCAGA,1
TGGAACAAAACGTGAT,4
TGGAACAAACAAGCTA,2
TGGAACAATTGCTGGA,1
TGGAACAACTGTAGCC,2
TGGAACAAAGTACAAG,2
TGGAACAAAACAACCA,2
TGGAACAAAACCGAGA,2
TGGAACAAAACGCTTA,2
TGGAACAAAAGACGGA,2
TGGAACAAAAGGTACA,2
TGGAACAAACACAGAA,1
TGGAACAAACAGCAGA,2
TGGAACAAAAACATCG,4
TGGAACAAACCTCCAA,1
TGGAACAAACGCTCGA,1
TGGAACAAACGTATCA,1
TGGAACAAACTATGCA,1
TGGAACAAAGAGTCAA,1
TGGAACAAAGATCGCA,1
TGGAACAAAGCAGGAA,6
TGGAACAAAGTCACTA,6
TGGAACAAATCCTGTA,6
TGGAACAAATTGAGGA,6
TGGAACAAATGCCTAA,4
TGGAACAACAACCACA,6
TGGAACAAGACTAGTA,6
TGGAACAACAATGGAA,1
TGGAACAACACTTCGA,6
TGGAACAACAGCGTTA,6
TGGAACAACATACCAA,6
TGGAACAACCAGTTCA,6
TGGAACAACCGAAGTA,1
TGGAACAACCGTGAGA,6
TGGAACAACCTCCTGA,6
TGGAACAAAGTGGTCA,4
TGGAACAACGAACTTA,7
TGGAACAACGACTGGA,6
TGGAACAACGCATACA,7
TGGAACAACTCAATGA,7
TGGAACAACTGAGCCA,7
TGGAACAACTGGCATA,7
TGGAACAAGAATCTGA,7
TGGAACAACAAGACTA,7
TGGAACAAGAGCTGAA,7
TGGAACAAGATAGACA,3
TGGAACAAACCACTGT,4
TGGAACAAGCCACATA,3
TGGAACAAGCGAGTAA,3
TGGAACAAGCTAACGA,3
TGGAACAAGCTCGGTA,3
TGGAACAAGGAGAACA,3
TGGAACAAGGTGCGAA,3
TGGAACAAGTACGCAA,3
TGGAACAAGTCGTAGA,3
TGGAACAAGTCTGTCA,3
TGGAACAAGTGTTCTA,3
TGGAACAAACATTGGC,4
TGGAACAATAGGATGA,3
TGGAACAATATCAGCA,3
TGGAACAATCCGTCTA,3
TGGAACAATCTTCACA,3
TGGAACAATGAAGAGA,3
TGGAACAATGGAACAA,3
TGGAACAATGGCTTCA,3
TGGAACAATGGTGGTA,3
TGGAACAATTCACGCA,7
TGGAACAAAACTCACC,7
TGGAACAACAGATCTG,4
TGGAACAAAAGAGATC,7
TGGAACAAAAGGACAC,7
TGGAACAAAATCCGTC,1
TGGAACAAAATGTTGC,1
TGGAACAAACACGACC,1
TGGAACAAACAGATTC,1
TGGAACAAAGATGTAC,1
TGGAACAAAGCACCTC,1
TGGAACAAAGCCATGC,1
TGGAACAAAGGCTAAC,7
TGGAACAACATCAAGT,4
TGGAACAAATAGCGAC,7
TGGAACAAATCATTCC,7
TGGAACAAATTGGCTC,7
TGGAACAACAAGGAGC,7
TGGAACAACACCTTAC,7
TGGAACAACCATCCTC,7
TGGAACAACCGACAAC,7
TGGAACAACCTAATCC,7
TGGAACAACCTCTATC,7
TGGAACAACGACACAC,7
TGGAACAACGCTGATC,2
TGGAACAACGGATTGC,7
TGGAACAACTAAGGTC,7
TGGAACAAGAACAGGC,7
TGGAACAAGACAGTGC,1
TGGAACAAGAGTTAGC,7
TGGAACAAGATGAATC,1
TGGAACAAGCCAAGAC,1
TGGAACAACGGAAGAA,1
TGGAACAAGTGACAAG,1
TGGAACAAGAACCAGA,1
TGAAGAGAAACGTGAT,4
TGAAGAGAACAAGCTA,2
TGAAGAGATTGCTGGA,7
TGAAGAGACTGTAGCC,2
TGAAGAGAAGTACAAG,2
TGAAGAGAAACAACCA,2
TGAAGAGAAACCGAGA,2
TGAAGAGAAACGCTTA,2
TGAAGAGAAAGACGGA,2
TGAAGAGAAAGGTACA,2
TGAAGAGAACACAGAA,2
TGAAGAGAACAGCAGA,1
TGAAGAGAAAACATCG,4
TGAAGAGAACCTCCAA,1
TGAAGAGAACGCTCGA,1
TGAAGAGAACGTATCA,1
TGAAGAGAACTATGCA,1
TGAAGAGAAGAGTCAA,1
TGAAGAGAAGATCGCA,1
TGAAGAGAAGCAGGAA,6
TGAAGAGAAGTCACTA,6
TGAAGAGAATCCTGTA,6
TGAAGAGAATTGAGGA,6
TGAAGAGAATGCCTAA,4
TGAAGAGACAACCACA,6
TGAAGAGAGACTAGTA,6
TGAAGAGACAATGGAA,6
TGAAGAGACACTTCGA,6
TGAAGAGACAGCGTTA,6
TGAAGAGACATACCAA,6
TGAAGAGACCAGTTCA,6
TGAAGAGACCGAAGTA,6
TGAAGAGACCGTGAGA,6
TGAAGAGACCTCCTGA,6
TGAAGAGACGAACTTA,7
TGAAGAGACGACTGGA,7
TGAAGAGACGCATACA,7
TGAAGAGACTCAATGA,7
TGAAGAGACTGAGCCA,7
TGAAGAGACTGGCATA,7
TGAAGAGAGAATCTGA,7
TGAAGAGACAAGACTA,7
TGAAGAGAGAGCTGAA,7
TGAAGAGAGATAGACA,7
TGAAGAGAACCACTGT,4
TGAAGAGAGCCACATA,3
TGAAGAGAGCGAGTAA,3
TGAAGAGAGCTAACGA,3
TGAAGAGAGCTCGGTA,3
TGAAGAGAGGAGAACA,3
TGAAGAGAGGTGCGAA,3
TGAAGAGAGTACGCAA,3
TGAAGAGAGTCGTAGA,3
TGAAGAGAGTCTGTCA,3
TGAAGAGAGTGTTCTA,3
TGAAGAGAACATTGGC,4
TGAAGAGATAGGATGA,3
TGAAGAGATATCAGCA,3
TGAAGAGATCCGTCTA,3
TGAAGAGATCTTCACA,3
TGAAGAGATGAAGAGA,3
TGAAGAGATGGAACAA,3
TGAAGAGATGGCTTCA,1
TGAAGAGATGGTGGTA,3
TGAAGAGATTCACGCA,7
TGAAGAGAAACTCACC,7
TGAAGAGACAGATCTG,4
TGAAGAGAAAGAGATC,7
TGAAGAGAAAGGACAC,3
TGAAGAGAAATCCGTC,3
TGAAGAGAAATGTTGC,3
TGAAGAGAACACGACC,3
TGAAGAGAACAGATTC,3
TGAAGAGAAGATGTAC,1
TGAAGAGAAGCACCTC,1
TGAAGAGAAGCCATGC,1
TGAAGAGAAGGCTAAC,1
TGAAGAGACATCAAGT,4
TGAAGAGAATAGCGAC,7
TGAAGAGAATCATTCC,7
TGAAGAGAATTGGCTC,7
TGAAGAGACAAGGAGC,7
TGAAGAGACACCTTAC,7
TGAAGAGACCATCCTC,7
TGAAGAGACCGACAAC,7
TGAAGAGACCTAATCC,7
TGAAGAGACCTCTATC,7
TGAAGAGACGACACAC,7
TGAAGAGACGCTGATC,2
TGAAGAGACGGATTGC,7
TGAAGAGACTAAGGTC,7
TGAAGAGAGAACAGGC,7
TGAAGAGAGACAGTGC,7
TGAAGAGAGAGTTAGC,7
TGAAGAGAGATGAATC,7
TGAAGAGAGCCAAGAC,1
TGAAGAGACGGAAGAA,1
TGAAGAGAGTGACAAG,1
TGAAGAGAGAACCAGA,7
TCTTCACAAACGTGAT,4
TCTTCACAACAAGCTA,2
TCTTCACATTGCTGGA,7
TCTTCACACTGTAGCC,2
TCTTCACAAGTACAAG,2
TCTTCACAAACAACCA,2
TCTTCACAAACCGAGA,2
TCTTCACAAACGCTTA,2
TCTTCACAAAGACGGA,1
TCTTCACAAAGGTACA,2
TCTTCACAACACAGAA,1
TCTTCACAACAGCAGA,1
TCTTCACAAAACATCG,4
TCTTCACAACCTCCAA,1
TCTTCACAACGCTCGA,1
TCTTCACAACGTATCA,1
TCTTCACAACTATGCA,1
TCTTCACAAGAGTCAA,1
TCTTCACAAGATCGCA,6
TCTTCACAAGCAGGAA,6
TCTTCACAAGTCACTA,6
TCTTCACAATCCTGTA,6
TCTTCACAATTGAGGA,6
TCTTCACAATGCCTAA,4
TCTTCACACAACCACA,6
TCTTCACAGACTAGTA,1
TCTTCACACAATGGAA,6
TCTTCACACACTTCGA,6
TCTTCACACAGCGTTA,6
TCTTCACACATACCAA,6
TCTTCACACCAGTTCA,7
TCTTCACACCGAAGTA,6
TCTTCACACCGTGAGA,7
TCTTCACACCTCCTGA,7
TCTTCACAAGTGGTCA,4
TCTTCACACGAACTTA,7
TCTTCACACGACTGGA,7
TCTTCACACGCATACA,7
TCTTCACACTCAATGA,7
TCTTCACACTGAGCCA,7
TCTTCACACTGGCATA,3
TCTTCACAGAATCTGA,3
TCTTCACACAAGACTA,3
TCTTCACAGAGCTGAA,7
TCTTCACAGATAGACA,7
TCTTCACAACCACTGT,4
TCTTCACAGCCACATA,3
TCTTCACAGCGAGTAA,3
TCTTCACAGCTAACGA,3
TCTTCACAGCTCGGTA,3
TCTTCACAGGAGAACA,3
TCTTCACAGGTGCGAA,7
TCTTCACAGTACGCAA,7
TCTTCACAGTCGTAGA,3
TCTTCACAGTCTGTCA,3
TCTTCACAGTGTTCTA,3
TCTTCACAACATTGGC,4
TCTTCACATAGGATGA,3
TCTTCACATATCAGCA,3
TCTTCACATCCGTCTA,3
TCTTCACATCTTCACA,3
TCTTCACATGAAGAGA,3
TCTTCACATGGAACAA,3
TCTTCACATGGCTTCA,3
TCTTCACATGGTGGTA,3
TCTTCACATTCACGCA,3
TCTTCACAAACTCACC,3
TCTTCACACAGATCTG,4
TCTTCACAAAGAGATC,7
TCTTCACAAAGGACAC,3
TCTTCACAAATCCGTC,3
TCTTCACAAATGTTGC,3
TCTTCACAACACGACC,3
TCTTCACAACAGATTC,3
TCTTCACAAGATGTAC,1
TCTTCACAAGCACCTC,1
TCTTCACAAGCCATGC,1
TCTTCACAAGGCTAAC,1
TCTTCACACATCAAGT,4
TCTTCACAATAGCGAC,1
TCTTCACAATCATTCC,1
TCTTCACAATTGGCTC,7
TCTTCACACAAGGAGC,7
TCTTCACACACCTTAC,7
TCTTCACACCATCCTC,7
TCTTCACACCGACAAC,7
TCTTCACACCTAATCC,7
TCTTCACACCTCTATC,7
TCTTCACACGACACAC,7
TCTTCACACGCTGATC,2
TCTTCACACGGATTGC,7
TCTTCACACTAAGGTC,7
TCTTCACAGAACAGGC,7
TCTTCACAGACAGTGC,7
TCTTCACAGAGTTAGC,7
TCTTCACAGATGAATC,7
TCTTCACAGCCAAGAC,7
TCTTCACACGGAAGAA,7
TCTTCACAGTGACAAG,7
TCTTCACAGAACCAGA,7
TCCGTCTAAACGTGAT,4
TCCGTCTAACAAGCTA,2
TCCGTCTATTGCTGGA,7
TCCGTCTACTGTAGCC,2
TCCGTCTAAGTACAAG,2
TCCGTCTAAACAACCA,2
TCCGTCTAAACCGAGA,2
TCCGTCTAAACGCTTA,2
TCCGTCTAAAGACGGA,2
TCCGTCTAAAGGTACA,2
TCCGTCTAACACAGAA,1
TCCGTCTAACAGCAGA,1
TCCGTCTAAAACATCG,4
TCCGTCTAACCTCCAA,1
TCCGTCTAACGCTCGA,1
TCCGTCTAACGTATCA,1
TCCGTCTAACTATGCA,1
TCCGTCTAAGAGTCAA,6
TCCGTCTAAGATCGCA,6
TCCGTCTAAGCAGGAA,6
TCCGTCTAAGTCACTA,6
TCCGTCTAATCCTGTA,6
TCCGTCTAATTGAGGA,6
TCCGTCTAATGCCTAA,4
TCCGTCTACAACCACA,6
TCCGTCTAGACTAGTA,1
TCCGTCTACAATGGAA,6
TCCGTCTACACTTCGA,6
TCCGTCTACAGCGTTA,6
TCCGTCTACATACCAA,6
TCCGTCTACCAGTTCA,6
TCCGTCTACCGAAGTA,6
TCCGTCTACCGTGAGA,7
TCCGTCTACCTCCTGA,7
TCCGTCTAAGTGGTCA,4
TCCGTCTACGAACTTA,7
TCCGTCTACGACTGGA,7
TCCGTCTACGCATACA,7
TCCGTCTACTCAATGA,7
TCCGTCTACTGAGCCA,3
TCCGTCTACTGGCATA,3
TCCGTCTAGAATCTGA,3
TCCGTCTACAAGACTA,3
TCCGTCTAGAGCTGAA,7
TCCGTCTAGATAGACA,3
TCCGTCTAACCACTGT,4
TCCGTCTAGCCACATA,3
TCCGTCTAGCGAGTAA,3
TCCGTCTAGCTAACGA,3
TCCGTCTAGCTCGGTA,3
TCCGTCTAGGAGAACA,3
TCCGTCTAGGTGCGAA,3
TCCGTCTAGTACGCAA,1
TCCGTCTAGTCGTAGA,1
TCCGTCTAGTCTGTCA,7
TCCGTCTAGTGTTCTA,3
TCCGTCTAACATTGGC,4
TCCGTCTATAGGATGA,3
TCCGTCTATATCAGCA,3
TCCGTCTATCCGTCTA,3
TCCGTCTATCTTCACA,3
TCCGTCTATGAAGAGA,7
TCCGTCTATGGAACAA,3
TCCGTCTATGGCTTCA,3
TCCGTCTATGGTGGTA,3
TCCGTCTATTCACGCA,7
TCCGTCTAAACTCACC,3
TCCGTCTACAGATCTG,4
TCCGTCTAAAGAGATC,3
TCCGTCTAAAGGACAC,3
TCCGTCTAAATCCGTC,3
TCCGTCTAAATGTTGC,3
TCCGTCTAACACGACC,3
TCCGTCTAACAGATTC,3
TCCGTCTAAGATGTAC,3
TCCGTCTAAGCACCTC,1
TCCGTCTAAGCCATGC,1
TCCGTCTAAGGCTAAC,1
TCCGTCTACATCAAGT,2
TCCGTCTAATAGCGAC,1
TCCGTCTAATCATTCC,1
TCCGTCTAATTGGCTC,7
TCCGTCTACAAGGAGC,7
TCCGTCTACACCTTAC,7
TCCGTCTACCATCCTC,7
TCCGTCTACCGACAAC,7
TCCGTCTACCTAATCC,7
TCCGTCTACCTCTATC,7
TCCGTCTACGACACAC,7
TCCGTCTACGCTGATC,2
TCCGTCTACGGATTGC,7
TCCGTCTACTAAGGTC,7
TCCGTCTAGAACAGGC,7
TCCGTCTAGACAGTGC,7
TCCGTCTAGAGTTAGC,7
TCCGTCTAGATGAATC,7
TCCGTCTAGCCAAGAC,7
TCCGTCTACGGAAGAA,7
TCCGTCTAGTGACAAG,7
TCCGTCTAGAACCAGA,7
GTGACAAGTTGCTGGA,1
GTGACAAGAGATCGCA,1
GTGACAAGAGCAGGAA,1
GTGACAAGAGTCACTA,1
GTGACAAGATCCTGTA,1
GTGACAAGATTGAGGA,1
GTGACAAGCAACCACA,1
GTGACAAGGACTAGTA,4
GTGACAAGCAATGGAA,4
GTGACAAGCACTTCGA,4
GTGACAAGCAGCGTTA,4
GTGACAAGCATACCAA,4
GTGACAAGCCAGTTCA,4
GTGACAAGCCGAAGTA,4
GTGACAAGCCGTGAGA,4
GTGACAAGCCTCCTGA,4
GTGACAAGCGAACTTA,4
GTGACAAGCGACTGGA,4
GTGACAAGCGCATACA,4
GTGACAAGCTCAATGA,4
GTGACAAGCTGAGCCA,4
GTGACAAGCTGGCATA,4
GTGACAAGGAATCTGA,4
GTGACAAGCAAGACTA,2
GTGACAAGGAGCTGAA,2
GTGACAAGGATAGACA,2
GTGACAAGGCCACATA,2
GTGACAAGGCGAGTAA,2
GTGACAAGGCTAACGA,2
GTGACAAGGCTCGGTA,2
GTGACAAGGGAGAACA,2
GTGACAAGGGTGCGAA,1
GTGACAAGGTACGCAA,2
GTGACAAGGTCGTAGA,2
GTGACAAGGTCTGTCA,1
GTGACAAGGTGTTCTA,2
GTGACAAGTAGGATGA,1
GTGACAAGTATCAGCA,1
GTGACAAGTCCGTCTA,1
GTGACAAGTCTTCACA,1
GTGACAAGTGAAGAGA,1
GTGACAAGTGGAACAA,1
GTGACAAGTGGCTTCA,1
GTGACAAGTGGTGGTA,2
GTGACAAGTTCACGCA,1
GTGACAAGAACTCACC,1
GTGACAAGAAGAGATC,1
GTGACAAGAAGGACAC,1
GTGACAAGAATCCGTC,6
GTGACAAGAATGTTGC,1
GTGACAAGACACGACC,7
GTGACAAGACAGATTC,1
GTGACAAGAGATGTAC,1
GTGACAAGAGCACCTC,1
GTGACAAGAGCCATGC,1
GTGACAAGAGGCTAAC,1
GTGACAAGATAGCGAC,1
GTGACAAGATCATTCC,1
GTGACAAGATTGGCTC,1
GTGACAAGCAAGGAGC,1
GTGACAAGCACCTTAC,1
GTGACAAGCCATCCTC,1
GTGACAAGCCGACAAC,1
GTGACAAGCCTAATCC,1
GTGACAAGCCTCTATC,1
GTGACAAGCGACACAC,2
GTGACAAGCGGATTGC,2
GTGACAAGCTAAGGTC,2
GTGACAAGGAACAGGC,4
GTGACAAGGACAGTGC,2
GTGACAAGGAGTTAGC,1
GTGACAAGGATGAATC,1
GTGACAAGGCCAAGAC,1
GTGACAAGCGGAAGAA,1
GTGACAAGGTGACAAG,1
GTGACAAGGAACCAGA,1
TATCAGCAAACGTGAT,4
TATCAGCAACAAGCTA,2
TATCAGCATTGCTGGA,7
TATCAGCACTGTAGCC,2
TATCAGCAAGTACAAG,2
TATCAGCAAACAACCA,2
TATCAGCAAACCGAGA,2
TATCAGCAAACGCTTA,2
TATCAGCAAAGACGGA,2
TATCAGCAAAGGTACA,2
TATCAGCAACACAGAA,1
TATCAGCAACAGCAGA,1
TATCAGCAAAACATCG,4
TATCAGCAACCTCCAA,1
TATCAGCAACGCTCGA,1
TATCAGCAACGTATCA,1
TATCAGCAACTATGCA,6
TATCAGCAAGAGTCAA,6
TATCAGCAAGATCGCA,6
TATCAGCAAGCAGGAA,6
TATCAGCAAGTCACTA,6
TATCAGCAATCCTGTA,6
TATCAGCAATTGAGGA,6
TATCAGCAATGCCTAA,4
TATCAGCACAACCACA,6
TATCAGCAGACTAGTA,6
TATCAGCACAATGGAA,6
TATCAGCACACTTCGA,6
TATCAGCACAGCGTTA,6
TATCAGCACATACCAA,6
TATCAGCACCAGTTCA,6
TATCAGCACCGAAGTA,6
TATCAGCACCGTGAGA,7
TATCAGCACCTCCTGA,7
TATCAGCAAGTGGTCA,4
TATCAGCACGAACTTA,7
TATCAGCACGACTGGA,7
TATCAGCACGCATACA,7
TATCAGCACTCAATGA,3
TATCAGCACTGAGCCA,3
TATCAGCACTGGCATA,3
TATCAGCAGAATCTGA,3
TATCAGCACAAGACTA,3
TATCAGCAGAGCTGAA,3
TATCAGCAGATAGACA,3
TATCAGCAACCACTGT,4
TATCAGCAGCCACATA,3
TATCAGCAGCGAGTAA,3
TATCAGCAGCTAACGA,3
TATCAGCAGCTCGGTA,3
TATCAGCAGGAGAACA,3
TATCAGCAGGTGCGAA,3
TATCAGCAGTACGCAA,3
TATCAGCAGTCGTAGA,3
TATCAGCAGTCTGTCA,7
TATCAGCAGTGTTCTA,3
TATCAGCAACATTGGC,4
TATCAGCATAGGATGA,3
TATCAGCATATCAGCA,3
TATCAGCATCCGTCTA,3
TATCAGCATCTTCACA,3
TATCAGCATGAAGAGA,7
TATCAGCATGGAACAA,3
TATCAGCATGGCTTCA,3
TATCAGCATGGTGGTA,7
TATCAGCATTCACGCA,3
TATCAGCAAACTCACC,3
TATCAGCACAGATCTG,4
TATCAGCAAAGAGATC,3
TATCAGCAAAGGACAC,3
TATCAGCAAATCCGTC,3
TATCAGCAAATGTTGC,3
TATCAGCAACACGACC,3
TATCAGCAACAGATTC,3
TATCAGCAAGATGTAC,3
TATCAGCAAGCACCTC,3
TATCAGCAAGCCATGC,1
TATCAGCAAGGCTAAC,1
TATCAGCACATCAAGT,2
TATCAGCAATAGCGAC,1
TATCAGCAATCATTCC,1
TATCAGCAATTGGCTC,1
TATCAGCACAAGGAGC,7
TATCAGCACACCTTAC,7
TATCAGCACCATCCTC,7
TATCAGCACCGACAAC,7
TATCAGCACCTAATCC,7
TATCAGCACCTCTATC,7
TATCAGCACGACACAC,7
TATCAGCACGCTGATC,2
TATCAGCACGGATTGC,7
TATCAGCACTAAGGTC,7
TATCAGCAGAACAGGC,7
TATCAGCAGACAGTGC,7
TATCAGCAGAGTTAGC,7
TATCAGCAGATGAATC,7
TATCAGCAGCCAAGAC,7
TATCAGCACGGAAGAA,7
TATCAGCAGTGACAAG,7
TATCAGCAGAACCAGA,7
TAGGATGAAACGTGAT,4
TAGGATGAACAAGCTA,2
TAGGATGATTGCTGGA,7
TAGGATGACTGTAGCC,2
TAGGATGAAGTACAAG,2
TAGGATGAAACAACCA,2
TAGGATGAAACCGAGA,2
TAGGATGAAACGCTTA,2
TAGGATGAAAGACGGA,2
TAGGATGAAAGGTACA,2
TAGGATGAACACAGAA,1
TAGGATGAACAGCAGA,1
TAGGATGAAAACATCG,4
TAGGATGAACCTCCAA,1
TAGGATGAACGCTCGA,1
TAGGATGAACGTATCA,1
TAGGATGAACTATGCA,6
TAGGATGAAGAGTCAA,6
TAGGATGAAGATCGCA,6
TAGGATGAAGCAGGAA,6
TAGGATGAAGTCACTA,6
TAGGATGAATCCTGTA,6
TAGGATGAATTGAGGA,6
TAGGATGAATGCCTAA,4
TAGGATGACAACCACA,6
TAGGATGAGACTAGTA,6
TAGGATGACAATGGAA,6
TAGGATGACACTTCGA,6
TAGGATGACAGCGTTA,6
TAGGATGACATACCAA,6
TAGGATGACCAGTTCA,6
TAGGATGACCGAAGTA,7
TAGGATGACCGTGAGA,7
TAGGATGACCTCCTGA,7
TAGGATGAAGTGGTCA,4
TAGGATGACGAACTTA,7
TAGGATGACGACTGGA,7
TAGGATGACGCATACA,7
TAGGATGACTCAATGA,3
TAGGATGACTGAGCCA,3
TAGGATGACTGGCATA,3
TAGGATGAGAATCTGA,3
TAGGATGACAAGACTA,3
TAGGATGAGAGCTGAA,3
TAGGATGAGATAGACA,3
TAGGATGAACCACTGT,4
TAGGATGAGCCACATA,3
TAGGATGAGCGAGTAA,3
TAGGATGAGCTAACGA,3
TAGGATGAGCTCGGTA,3
TAGGATGAGGAGAACA,3
TAGGATGAGGTGCGAA,3
TAGGATGAGTACGCAA,3
TAGGATGAGTCGTAGA,3
TAGGATGAGTCTGTCA,3
TAGGATGAGTGTTCTA,3
TAGGATGAACATTGGC,4
TAGGATGATAGGATGA,3
TAGGATGATATCAGCA,3
TAGGATGATCCGTCTA,7
TAGGATGATCTTCACA,3
TAGGATGATGAAGAGA,3
TAGGATGATGGAACAA,7
TAGGATGATGGCTTCA,7
TAGGATGATGGTGGTA,7
TAGGATGATTCACGCA,7
TAGGATGAAACTCACC,7
TAGGATGACAGATCTG,4
TAGGATGAAAGAGATC,7
TAGGATGAAAGGACAC,3
TAGGATGAAATCCGTC,3
TAGGATGAAATGTTGC,3
TAGGATGAACACGACC,3
TAGGATGAACAGATTC,3
TAGGATGAAGATGTAC,3
TAGGATGAAGCACCTC,3
TAGGATGAAGCCATGC,1
TAGGATGAAGGCTAAC,1
TAGGATGACATCAAGT,2
TAGGATGAATAGCGAC,1
TAGGATGAATCATTCC,1
TAGGATGAATTGGCTC,1
TAGGATGACAAGGAGC,1
TAGGATGACACCTTAC,1
TAGGATGACCATCCTC,7
TAGGATGACCGACAAC,7
TAGGATGACCTAATCC,7
TAGGATGACCTCTATC,7
TAGGATGACGACACAC,7
TAGGATGACGCTGATC,2
TAGGATGACGGATTGC,7
TAGGATGACTAAGGTC,7
TAGGATGAGAACAGGC,7
TAGGATGAGACAGTGC,7
TAGGATGAGAGTTAGC,7
TAGGATGAGATGAATC,7
TAGGATGAGCCAAGAC,7
TAGGATGACGGAAGAA,7
TAGGATGAGTGACAAG,7
TAGGATGAGAACCAGA,7
GTGTTCTAAACGTGAT,4
GTGTTCTAACAAGCTA,2
GTGTTCTATTGCTGGA,7
GTGTTCTACTGTAGCC,2
GTGTTCTAAGTACAAG,2
GTGTTCTAAACAACCA,2
GTGTTCTAAACCGAGA,2
GTGTTCTAAACGCTTA,2
GTGTTCTAAAGACGGA,2
GTGTTCTAAAGGTACA,2
GTGTTCTAACACAGAA,1
GTGTTCTAACAGCAGA,1
GTGTTCTAAAACATCG,4
GTGTTCTAACCTCCAA,1
GTGTTCTAACGCTCGA,1
GTGTTCTAACGTATCA,6
GTGTTCTAACTATGCA,6
GTGTTCTAAGAGTCAA,6
GTGTTCTAAGATCGCA,6
GTGTTCTAAGCAGGAA,6
GTGTTCTAAGTCACTA,6
GTGTTCTAATCCTGTA,6
GTGTTCTAATTGAGGA,6
GTGTTCTAATGCCTAA,4
GTGTTCTACAACCACA,6
GTGTTCTAGACTAGTA,6
GTGTTCTACAATGGAA,1
GTGTTCTACACTTCGA,6
GTGTTCTACAGCGTTA,6
GTGTTCTACATACCAA,6
GTGTTCTACCAGTTCA,6
GTGTTCTACCGAAGTA,7
GTGTTCTACCGTGAGA,7
GTGTTCTACCTCCTGA,7
GTGTTCTAAGTGGTCA,4
GTGTTCTACGAACTTA,7
GTGTTCTACGACTGGA,3
GTGTTCTACGCATACA,3
GTGTTCTACTCAATGA,3
GTGTTCTACTGAGCCA,3
GTGTTCTACTGGCATA,3
GTGTTCTAGAATCTGA,3
GTGTTCTACAAGACTA,3
GTGTTCTAGAGCTGAA,3
GTGTTCTAGATAGACA,3
GTGTTCTAACCACTGT,4
GTGTTCTAGCCACATA,3
GTGTTCTAGCGAGTAA,3
GTGTTCTAGCTAACGA,3
GTGTTCTAGCTCGGTA,3
GTGTTCTAGGAGAACA,3
GTGTTCTAGGTGCGAA,7
GTGTTCTAGTACGCAA,3
GTGTTCTAGTCGTAGA,3
GTGTTCTAGTCTGTCA,3
GTGTTCTAGTGTTCTA,3
GTGTTCTAACATTGGC,4
GTGTTCTATAGGATGA,3
GTGTTCTATATCAGCA,7
GTGTTCTATCCGTCTA,3
GTGTTCTATCTTCACA,3
GTGTTCTATGAAGAGA,3
GTGTTCTATGGAACAA,3
GTGTTCTATGGCTTCA,3
GTGTTCTATGGTGGTA,3
GTGTTCTATTCACGCA,3
GTGTTCTAAACTCACC,3
GTGTTCTACAGATCTG,2
GTGTTCTAAAGAGATC,3
GTGTTCTAAAGGACAC,3
GTGTTCTAAATCCGTC,3
GTGTTCTAAATGTTGC,3
GTGTTCTAACACGACC,3
GTGTTCTAACAGATTC,3
GTGTTCTAAGATGTAC,3
GTGTTCTAAGCACCTC,3
GTGTTCTAAGCCATGC,1
GTGTTCTAAGGCTAAC,1
GTGTTCTACATCAAGT,2
GTGTTCTAATAGCGAC,1
GTGTTCTAATCATTCC,1
GTGTTCTAATTGGCTC,1
GTGTTCTACAAGGAGC,1
GTGTTCTACACCTTAC,1
GTGTTCTACCATCCTC,1
GTGTTCTACCGACAAC,7
GTGTTCTACCTAATCC,7
GTGTTCTACCTCTATC,7
GTGTTCTACGACACAC,7
GTGTTCTACGCTGATC,2
GTGTTCTACGGATTGC,7
GTGTTCTACTAAGGTC,7
GTGTTCTAGAACAGGC,7
GTGTTCTAGACAGTGC,7
GTGTTCTAGAGTTAGC,7
GTGTTCTAGATGAATC,7
GTGTTCTAGCCAAGAC,7
GTGTTCTACGGAAGAA,7
GTGTTCTAGTGACAAG,7
GTGTTCTAGAACCAGA,7
GTCTGTCAAACGTGAT,4
GTCTGTCAACAAGCTA,2
GTCTGTCATTGCTGGA,7
GTCTGTCACTGTAGCC,2
GTCTGTCAAGTACAAG,2
GTCTGTCAAACAACCA,2
GTCTGTCAAACCGAGA,2
GTCTGTCAAACGCTTA,2
GTCTGTCAAAGACGGA,2
GTCTGTCAAAGGTACA,1
GTCTGTCAACACAGAA,1
GTCTGTCAACAGCAGA,1
GTCTGTCAAAACATCG,4
GTCTGTCAACCTCCAA,1
GTCTGTCAACGCTCGA,1
GTCTGTCAACGTATCA,6
GTCTGTCAACTATGCA,6
GTCTGTCAAGAGTCAA,6
GTCTGTCAAGATCGCA,6
GTCTGTCAAGCAGGAA,6
GTCTGTCAAGTCACTA,6
GTCTGTCAATCCTGTA,6
GTCTGTCAATTGAGGA,6
GTCTGTCAATGCCTAA,4
GTCTGTCACAACCACA,6
GTCTGTCAGACTAGTA,6
GTCTGTCACAATGGAA,6
GTCTGTCACACTTCGA,7
GTCTGTCACAGCGTTA,6
GTCTGTCACATACCAA,7
GTCTGTCACCAGTTCA,7
GTCTGTCACCGAAGTA,7
GTCTGTCACCGTGAGA,7
GTCTGTCACCTCCTGA,3
GTCTGTCAAGTGGTCA,4
GTCTGTCACGAACTTA,3
GTCTGTCACGACTGGA,3
GTCTGTCACGCATACA,3
GTCTGTCACTCAATGA,3
GTCTGTCACTGAGCCA,3
GTCTGTCACTGGCATA,3
GTCTGTCAGAATCTGA,3
GTCTGTCACAAGACTA,3
GTCTGTCAGAGCTGAA,3
GTCTGTCAGATAGACA,3
GTCTGTCAACCACTGT,4
GTCTGTCAGCCACATA,3
GTCTGTCAGCGAGTAA,3
GTCTGTCAGCTAACGA,3
GTCTGTCAGCTCGGTA,3
GTCTGTCAGGAGAACA,3
GTCTGTCAGGTGCGAA,3
GTCTGTCAGTACGCAA,3
GTCTGTCAGTCGTAGA,3
GTCTGTCAGTCTGTCA,3
GTCTGTCAGTGTTCTA,3
GTCTGTCAACATTGGC,4
GTCTGTCATAGGATGA,3
GTCTGTCATATCAGCA,3
GTCTGTCATCCGTCTA,3
GTCTGTCATCTTCACA,3
GTCTGTCATGAAGAGA,3
GTCTGTCATGGAACAA,3
GTCTGTCATGGCTTCA,3
GTCTGTCATGGTGGTA,3
GTCTGTCATTCACGCA,3
GTCTGTCAAACTCACC,3
GTCTGTCACAGATCTG,2
GTCTGTCAAAGAGATC,7
GTCTGTCAAAGGACAC,7
GTCTGTCAAATCCGTC,3
GTCTGTCAAATGTTGC,3
GTCTGTCAACACGACC,3
GTCTGTCAACAGATTC,3
GTCTGTCAAGATGTAC,3
GTCTGTCAAGCACCTC,3
GTCTGTCAAGCCATGC,3
GTCTGTCAAGGCTAAC,1
GTCTGTCACATCAAGT,2
GTCTGTCAATAGCGAC,1
GTCTGTCAATCATTCC,1
GTCTGTCAATTGGCTC,1
GTCTGTCACAAGGAGC,1
GTCTGTCACACCTTAC,1
GTCTGTCACCATCCTC,1
GTCTGTCACCGACAAC,1
GTCTGTCACCTAATCC,7
GTCTGTCACCTCTATC,7
GTCTGTCACGACACAC,7
GTCTGTCACGCTGATC,2
GTCTGTCACGGATTGC,7
GTCTGTCACTAAGGTC,7
GTCTGTCAGAACAGGC,7
GTCTGTCAGACAGTGC,7
GTCTGTCAGAGTTAGC,7
GTCTGTCAGATGAATC,7
GTCTGTCAGCCAAGAC,7
GTCTGTCACGGAAGAA,7
GTCTGTCAGTGACAAG,7
GTCTGTCAGAACCAGA,7
GTCGTAGAAACGTGAT,4
GTCGTAGAACAAGCTA,2
GTCGTAGATTGCTGGA,7
GTCGTAGACTGTAGCC,2
GTCGTAGAAGTACAAG,2
GTCGTAGAAACAACCA,2
GTCGTAGAAACCGAGA,2
GTCGTAGAAACGCTTA,2
GTCGTAGAAAGACGGA,2
GTCGTAGAAAGGTACA,1
GTCGTAGAACACAGAA,1
GTCGTAGAACAGCAGA,1
GTCGTAGAAAACATCG,4
GTCGTAGAACCTCCAA,1
GTCGTAGAACGCTCGA,1
GTCGTAGAACGTATCA,6
GTCGTAGAACTATGCA,6
GTCGTAGAAGAGTCAA,6
GTCGTAGAAGATCGCA,6
GTCGTAGAAGCAGGAA,6
GTCGTAGAAGTCACTA,6
GTCGTAGAATCCTGTA,6
GTCGTAGAATTGAGGA,6
GTCGTAGAATGCCTAA,4
GTCGTAGACAACCACA,6
GTCGTAGAGACTAGTA,6
GTCGTAGACAATGGAA,6
GTCGTAGACACTTCGA,6
GTCGTAGACAGCGTTA,6
GTCGTAGACATACCAA,7
GTCGTAGACCAGTTCA,7
GTCGTAGACCGAAGTA,7
GTCGTAGACCGTGAGA,7
GTCGTAGACCTCCTGA,3
GTCGTAGAAGTGGTCA,4
GTCGTAGACGAACTTA,3
GTCGTAGACGACTGGA,3
GTCGTAGACGCATACA,3
GTCGTAGACTCAATGA,3
GTCGTAGACTGAGCCA,3
GTCGTAGACTGGCATA,3
GTCGTAGAGAATCTGA,3
GTCGTAGACAAGACTA,1
GTCGTAGAGAGCTGAA,3
GTCGTAGAGATAGACA,3
GTCGTAGAACCACTGT,4
GTCGTAGAGCCACATA,3
GTCGTAGAGCGAGTAA,3
GTCGTAGAGCTAACGA,3
GTCGTAGAGCTCGGTA,3
GTCGTAGAGGAGAACA,3
GTCGTAGAGGTGCGAA,7
GTCGTAGAGTACGCAA,7
GTCGTAGAGTCGTAGA,3
GTCGTAGAGTCTGTCA,7
GTCGTAGAGTGTTCTA,3
GTCGTAGAACATTGGC,4
GTCGTAGATAGGATGA,3
GTCGTAGATATCAGCA,3
GTCGTAGATCCGTCTA,3
GTCGTAGATCTTCACA,3
GTCGTAGATGAAGAGA,3
GTCGTAGATGGAACAA,3
GTCGTAGATGGCTTCA,3
GTCGTAGATGGTGGTA,3
GTCGTAGATTCACGCA,3
GTCGTAGAAACTCACC,3
GTCGTAGACAGATCTG,2
GTCGTAGAAAGAGATC,3
GTCGTAGAAAGGACAC,3
GTCGTAGAAATCCGTC,7
GTCGTAGAAATGTTGC,3
GTCGTAGAACACGACC,3
GTCGTAGAACAGATTC,7
GTCGTAGAAGATGTAC,3
GTCGTAGAAGCACCTC,3
GTCGTAGAAGCCATGC,3
GTCGTAGAAGGCTAAC,3
GTCGTAGACATCAAGT,2
GTCGTAGAATAGCGAC,1
GTCGTAGAATCATTCC,1
GTCGTAGAATTGGCTC,1
GTCGTAGACAAGGAGC,1
GTCGTAGACACCTTAC,1
GTCGTAGACCATCCTC,1
GTCGTAGACCGACAAC,1
GTCGTAGACCTAATCC,1
GTCGTAGACCTCTATC,7
GTCGTAGACGACACAC,7
GTCGTAGACGCTGATC,2
GTCGTAGACGGATTGC,7
GTCGTAGACTAAGGTC,7
GTCGTAGAGAACAGGC,7
GTCGTAGAGACAGTGC,7
GTCGTAGAGAGTTAGC,7
GTCGTAGAGATGAATC,7
GTCGTAGAGCCAAGAC,7
GTCGTAGACGGAAGAA,7
GTCGTAGAGTGACAAG,7
GTCGTAGAGAACCAGA,7
GTACGCAAAACGTGAT,4
GTACGCAAACAAGCTA,2
GTACGCAATTGCTGGA,7
GTACGCAACTGTAGCC,2
GTACGCAAAGTACAAG,2
GTACGCAAAACAACCA,2
GTACGCAAAACCGAGA,2
GTACGCAAAACGCTTA,2
GTACGCAAAAGACGGA,1
GTACGCAAAAGGTACA,1
GTACGCAAACACAGAA,1
GTACGCAAACAGCAGA,1
GTACGCAAAAACATCG,4
GTACGCAAACCTCCAA,1
GTACGCAAACGCTCGA,6
GTACGCAAACGTATCA,6
GTACGCAAACTATGCA,6
GTACGCAAAGAGTCAA,6
GTACGCAAAGATCGCA,6
GTACGCAAAGCAGGAA,6
GTACGCAAAGTCACTA,6
GTACGCAAATCCTGTA,6
GTACGCAAATTGAGGA,6
GTACGCAAATGCCTAA,4
GTACGCAACAACCACA,6
GTACGCAAGACTAGTA,1
GTACGCAACAATGGAA,6
GTACGCAACACTTCGA,6
GTACGCAACAGCGTTA,7
GTACGCAACATACCAA,7
GTACGCAACCAGTTCA,7
GTACGCAACCGAAGTA,7
GTACGCAACCGTGAGA,3
GTACGCAACCTCCTGA,3
GTACGCAAAGTGGTCA,4
GTACGCAACGAACTTA,3
GTACGCAACGACTGGA,3
GTACGCAACGCATACA,3
GTACGCAACTCAATGA,3
GTACGCAACTGAGCCA,3
GTACGCAACTGGCATA,3
GTACGCAAGAATCTGA,3
GTACGCAACAAGACTA,3
GTACGCAAGAGCTGAA,3
GTACGCAAGATAGACA,3
GTACGCAAACCACTGT,4
GTACGCAAGCCACATA,3
GTACGCAAGCGAGTAA,3
GTACGCAAGCTAACGA,3
GTACGCAAGCTCGGTA,3
GTACGCAAGGAGAACA,3
GTACGCAAGGTGCGAA,3
GTACGCAAGTACGCAA,3
GTACGCAAGTCGTAGA,3
GTACGCAAGTCTGTCA,3
GTACGCAAGTGTTCTA,3
GTACGCAAACATTGGC,4
GTACGCAATAGGATGA,3
GTACGCAATATCAGCA,3
GTACGCAATCCGTCTA,3
GTACGCAATCTTCACA,3
GTACGCAATGAAGAGA,3
GTACGCAATGGAACAA,3
GTACGCAATGGCTTCA,7
GTACGCAATGGTGGTA,3
GTACGCAATTCACGCA,3
GTACGCAAAACTCACC,3
GTACGCAACAGATCTG,4
GTACGCAAAAGAGATC,3
GTACGCAAAAGGACAC,7
GTACGCAAAATCCGTC,3
GTACGCAAAATGTTGC,3
GTACGCAAACACGACC,3
GTACGCAAACAGATTC,3
GTACGCAAAGATGTAC,3
GTACGCAAAGCACCTC,3
GTACGCAAAGCCATGC,3
GTACGCAAAGGCTAAC,3
GTACGCAACATCAAGT,2
GTACGCAAATAGCGAC,1
GTACGCAAATCATTCC,1
GTACGCAAATTGGCTC,1
GTACGCAACAAGGAGC,1
GTACGCAACACCTTAC,1
GTACGCAACCATCCTC,1
GTACGCAACCGACAAC,8
GTACGCAACCTAATCC,8
GTACGCAACCTCTATC,7
GTACGCAACGACACAC,7
GTACGCAACGCTGATC,2
GTACGCAACGGATTGC,7
GTACGCAACTAAGGTC,7
GTACGCAAGAACAGGC,7
GTACGCAAGACAGTGC,7
GTACGCAAGAGTTAGC,7
GTACGCAAGATGAATC,7
GTACGCAAGCCAAGAC,7
GTACGCAACGGAAGAA,7
GTACGCAAGTGACAAG,7
GTACGCAAGAACCAGA,7
GGTGCGAAAACGTGAT,4
GGTGCGAAACAAGCTA,2
GGTGCGAATTGCTGGA,7
GGTGCGAACTGTAGCC,2
GGTGCGAAAGTACAAG,2
GGTGCGAAAACAACCA,2
GGTGCGAAAACCGAGA,2
GGTGCGAAAACGCTTA,2
GGTGCGAAAAGACGGA,1
GGTGCGAAAAGGTACA,1
GGTGCGAAACACAGAA,1
GGTGCGAAACAGCAGA,6
GGTGCGAAAAACATCG,4
GGTGCGAAACCTCCAA,1
GGTGCGAAACGCTCGA,6
GGTGCGAAACGTATCA,6
GGTGCGAAACTATGCA,6
GGTGCGAAAGAGTCAA,6
GGTGCGAAAGATCGCA,6
GGTGCGAAAGCAGGAA,6
GGTGCGAAAGTCACTA,6
GGTGCGAAATCCTGTA,6
GGTGCGAAATTGAGGA,6
GGTGCGAAATGCCTAA,4
GGTGCGAACAACCACA,6
GGTGCGAAGACTAGTA,6
GGTGCGAACAATGGAA,6
GGTGCGAACACTTCGA,6
GGTGCGAACAGCGTTA,7
GGTGCGAACATACCAA,7
GGTGCGAACCAGTTCA,7
GGTGCGAACCGAAGTA,7
GGTGCGAACCGTGAGA,3
GGTGCGAACCTCCTGA,3
GGTGCGAAAGTGGTCA,4
GGTGCGAACGAACTTA,3
GGTGCGAACGACTGGA,3
GGTGCGAACGCATACA,3
GGTGCGAACTCAATGA,3
GGTGCGAACTGAGCCA,3
GGTGCGAACTGGCATA,3
GGTGCGAAGAATCTGA,3
GGTGCGAACAAGACTA,7
GGTGCGAAGAGCTGAA,3
GGTGCGAAGATAGACA,3
GGTGCGAAACCACTGT,4
GGTGCGAAGCCACATA,3
GGTGCGAAGCGAGTAA,3
GGTGCGAAGCTAACGA,3
GGTGCGAAGCTCGGTA,3
GGTGCGAAGGAGAACA,3
GGTGCGAAGGTGCGAA,3
GGTGCGAAGTACGCAA,3
GGTGCGAAGTCGTAGA,3
GGTGCGAAGTCTGTCA,3
GGTGCGAAGTGTTCTA,3
GGTGCGAAACATTGGC,4
GGTGCGAATAGGATGA,3
GGTGCGAATATCAGCA,3
GGTGCGAATCCGTCTA,3
GGTGCGAATCTTCACA,3
GGTGCGAATGAAGAGA,3
GGTGCGAATGGAACAA,3
GGTGCGAATGGCTTCA,3
GGTGCGAATGGTGGTA,3
GGTGCGAATTCACGCA,3
GGTGCGAAAACTCACC,3
GGTGCGAACAGATCTG,2
GGTGCGAAAAGAGATC,3
GGTGCGAAAAGGACAC,3
GGTGCGAAAATCCGTC,3
GGTGCGAAAATGTTGC,7
GGTGCGAAACACGACC,3
GGTGCGAAACAGATTC,7
GGTGCGAAAGATGTAC,3
GGTGCGAAAGCACCTC,3
GGTGCGAAAGCCATGC,3
GGTGCGAAAGGCTAAC,3
GGTGCGAACATCAAGT,2
GGTGCGAAATAGCGAC,1
GGTGCGAAATCATTCC,1
GGTGCGAAATTGGCTC,1
GGTGCGAACAAGGAGC,1
GGTGCGAACACCTTAC,1
GGTGCGAACCATCCTC,8
GGTGCGAACCGACAAC,8
GGTGCGAACCTAATCC,8
GGTGCGAACCTCTATC,8
GGTGCGAACGACACAC,8
GGTGCGAACGCTGATC,2
GGTGCGAACGGATTGC,7
GGTGCGAACTAAGGTC,7
GGTGCGAAGAACAGGC,7
GGTGCGAAGACAGTGC,8
GGTGCGAAGAGTTAGC,7
GGTGCGAAGATGAATC,7
GGTGCGAAGCCAAGAC,7
GGTGCGAACGGAAGAA,7
GGTGCGAAGTGACAAG,7
GGTGCGAAGAACCAGA,7
GGAGAACAAACGTGAT,4
GGAGAACAACAAGCTA,2
GGAGAACATTGCTGGA,8
GGAGAACACTGTAGCC,2
GGAGAACAAGTACAAG,2
GGAGAACAAACAACCA,2
GGAGAACAAACCGAGA,2
GGAGAACAAACGCTTA,2
GGAGAACAAAGACGGA,1
GGAGAACAAAGGTACA,1
GGAGAACAACACAGAA,1
GGAGAACAACAGCAGA,1
GGAGAACAAAACATCG,4
GGAGAACAACCTCCAA,1
GGAGAACAACGCTCGA,1
GGAGAACAACGTATCA,6
GGAGAACAACTATGCA,6
GGAGAACAAGAGTCAA,6
GGAGAACAAGATCGCA,6
GGAGAACAAGCAGGAA,6
GGAGAACAAGTCACTA,6
GGAGAACAATCCTGTA,6
GGAGAACAATTGAGGA,6
GGAGAACAATGCCTAA,4
GGAGAACACAACCACA,6
GGAGAACAGACTAGTA,6
GGAGAACACAATGGAA,6
GGAGAACACACTTCGA,7
GGAGAACACAGCGTTA,7
GGAGAACACATACCAA,7
GGAGAACACCAGTTCA,7
GGAGAACACCGAAGTA,3
GGAGAACACCGTGAGA,3
GGAGAACACCTCCTGA,3
GGAGAACAAGTGGTCA,4
GGAGAACACGAACTTA,3
GGAGAACACGACTGGA,3
GGAGAACACGCATACA,3
GGAGAACACTCAATGA,3
GGAGAACACTGAGCCA,3
GGAGAACACTGGCATA,3
GGAGAACAGAATCTGA,3
GGAGAACACAAGACTA,3
GGAGAACAGAGCTGAA,3
GGAGAACAGATAGACA,3
GGAGAACAACCACTGT,4
GGAGAACAGCCACATA,3
GGAGAACAGCGAGTAA,3
GGAGAACAGCTAACGA,3
GGAGAACAGCTCGGTA,3
GGAGAACAGGAGAACA,3
GGAGAACAGGTGCGAA,3
GGAGAACAGTACGCAA,1
GGAGAACAGTCGTAGA,3
GGAGAACAGTCTGTCA,3
GGAGAACAGTGTTCTA,3
GGAGAACAACATTGGC,4
GGAGAACATAGGATGA,3
GGAGAACATATCAGCA,3
GGAGAACATCCGTCTA,3
GGAGAACATCTTCACA,3
GGAGAACATGAAGAGA,3
GGAGAACATGGAACAA,3
GGAGAACATGGCTTCA,3
GGAGAACATGGTGGTA,3
GGAGAACATTCACGCA,3
GGAGAACAAACTCACC,3
GGAGAACACAGATCTG,2
GGAGAACAAAGAGATC,3
GGAGAACAAAGGACAC,3
GGAGAACAAATCCGTC,3
GGAGAACAAATGTTGC,3
GGAGAACAACACGACC,3
GGAGAACAACAGATTC,3
GGAGAACAAGATGTAC,3
GGAGAACAAGCACCTC,3
GGAGAACAAGCCATGC,3
GGAGAACAAGGCTAAC,3
GGAGAACACATCAAGT,2
GGAGAACAATAGCGAC,1
GGAGAACAATCATTCC,1
GGAGAACAATTGGCTC,1
GGAGAACACAAGGAGC,1
GGAGAACACACCTTAC,8
GGAGAACACCATCCTC,8
GGAGAACACCGACAAC,8
GGAGAACACCTAATCC,8
GGAGAACACCTCTATC,8
GGAGAACACGACACAC,8
GGAGAACACGCTGATC,2
GGAGAACACGGATTGC,8
GGAGAACACTAAGGTC,8
GGAGAACAGAACAGGC,8
GGAGAACAGACAGTGC,8
GGAGAACAGAGTTAGC,8
GGAGAACAGATGAATC,8
GGAGAACAGCCAAGAC,8
GGAGAACACGGAAGAA,8
GGAGAACAGTGACAAG,8
GGAGAACAGAACCAGA,8
GCTCGGTAAACGTGAT,4
GCTCGGTAACAAGCTA,2
GCTCGGTATTGCTGGA,8
GCTCGGTACTGTAGCC,2
GCTCGGTAAGTACAAG,2
GCTCGGTAAACAACCA,2
GCTCGGTAAACCGAGA,2
GCTCGGTAAACGCTTA,1
GCTCGGTAAAGACGGA,1
GCTCGGTAAAGGTACA,1
GCTCGGTAACACAGAA,1
GCTCGGTAACAGCAGA,1
GCTCGGTAAAACATCG,4
GCTCGGTAACCTCCAA,1
GCTCGGTAACGCTCGA,6
GCTCGGTAACGTATCA,6
GCTCGGTAACTATGCA,6
GCTCGGTAAGAGTCAA,6
GCTCGGTAAGATCGCA,6
GCTCGGTAAGCAGGAA,6
GCTCGGTAAGTCACTA,6
GCTCGGTAATCCTGTA,6
GCTCGGTAATTGAGGA,6
GCTCGGTAATGCCTAA,4
GCTCGGTACAACCACA,6
GCTCGGTAGACTAGTA,1
GCTCGGTACAATGGAA,1
GCTCGGTACACTTCGA,7
GCTCGGTACAGCGTTA,7
GCTCGGTACATACCAA,7
GCTCGGTACCAGTTCA,7
GCTCGGTACCGAAGTA,3
GCTCGGTACCGTGAGA,3
GCTCGGTACCTCCTGA,3
GCTCGGTAAGTGGTCA,4
GCTCGGTACGAACTTA,3
GCTCGGTACGACTGGA,3
GCTCGGTACGCATACA,3
GCTCGGTACTCAATGA,3
GCTCGGTACTGAGCCA,3
GCTCGGTACTGGCATA,3
GCTCGGTAGAATCTGA,3
GCTCGGTACAAGACTA,3
GCTCGGTAGAGCTGAA,3
GCTCGGTAGATAGACA,3
GCTCGGTAACCACTGT,4
GCTCGGTAGCCACATA,3
GCTCGGTAGCGAGTAA,3
GCTCGGTAGCTAACGA,3
GCTCGGTAGCTCGGTA,3
GCTCGGTAGGAGAACA,3
GCTCGGTAGGTGCGAA,3
GCTCGGTAGTACGCAA,3
GCTCGGTAGTCGTAGA,1
GCTCGGTAGTCTGTCA,3
GCTCGGTAGTGTTCTA,3
GCTCGGTAACATTGGC,2
GCTCGGTATAGGATGA,3
GCTCGGTATATCAGCA,3
GCTCGGTATCCGTCTA,3
GCTCGGTATCTTCACA,3
GCTCGGTATGAAGAGA,3
GCTCGGTATGGAACAA,3
GCTCGGTATGGCTTCA,3
GCTCGGTATGGTGGTA,3
GCTCGGTATTCACGCA,3
GCTCGGTAAACTCACC,3
GCTCGGTACAGATCTG,2
GCTCGGTAAAGAGATC,3
GCTCGGTAAAGGACAC,3
GCTCGGTAAATCCGTC,3
GCTCGGTAAATGTTGC,3
GCTCGGTAACACGACC,7
GCTCGGTAACAGATTC,3
GCTCGGTAAGATGTAC,3
GCTCGGTAAGCACCTC,3
GCTCGGTAAGCCATGC,3
GCTCGGTAAGGCTAAC,3
GCTCGGTACATCAAGT,2
GCTCGGTAATAGCGAC,1
GCTCGGTAATCATTCC,1
GCTCGGTAATTGGCTC,1
GCTCGGTACAAGGAGC,1
GCTCGGTACACCTTAC,8
GCTCGGTACCATCCTC,8
GCTCGGTACCGACAAC,8
GCTCGGTACCTAATCC,8
GCTCGGTACCTCTATC,8
GCTCGGTACGACACAC,8
GCTCGGTACGCTGATC,2
GCTCGGTACGGATTGC,8
GCTCGGTACTAAGGTC,8
GCTCGGTAGAACAGGC,8
GCTCGGTAGACAGTGC,8
GCTCGGTAGAGTTAGC,8
GCTCGGTAGATGAATC,8
GCTCGGTAGCCAAGAC,8
GCTCGGTACGGAAGAA,8
GCTCGGTAGTGACAAG,8
GCTCGGTAGAACCAGA,8
GCTAACGAAACGTGAT,4
GCTAACGAACAAGCTA,2
GCTAACGATTGCTGGA,8
GCTAACGACTGTAGCC,2
GCTAACGAAGTACAAG,2
GCTAACGAAACAACCA,2
GCTAACGAAACCGAGA,2
GCTAACGAAACGCTTA,1
GCTAACGAAAGACGGA,1
GCTAACGAAAGGTACA,1
GCTAACGAACACAGAA,1
GCTAACGAACAGCAGA,1
GCTAACGAAAACATCG,4
GCTAACGAACCTCCAA,1
GCTAACGAACGCTCGA,6
GCTAACGAACGTATCA,6
GCTAACGAACTATGCA,6
GCTAACGAAGAGTCAA,6
GCTAACGAAGATCGCA,6
GCTAACGAAGCAGGAA,6
GCTAACGAAGTCACTA,6
GCTAACGAATCCTGTA,6
GCTAACGAATTGAGGA,6
GCTAACGAATGCCTAA,4
GCTAACGACAACCACA,6
GCTAACGAGACTAGTA,1
GCTAACGACAATGGAA,7
GCTAACGACACTTCGA,7
GCTAACGACAGCGTTA,7
GCTAACGACATACCAA,7
GCTAACGACCAGTTCA,7
GCTAACGACCGAAGTA,3
GCTAACGACCGTGAGA,3
GCTAACGACCTCCTGA,3
GCTAACGAAGTGGTCA,4
GCTAACGACGAACTTA,3
GCTAACGACGACTGGA,3
GCTAACGACGCATACA,3
GCTAACGACTCAATGA,3
GCTAACGACTGAGCCA,3
GCTAACGACTGGCATA,3
GCTAACGAGAATCTGA,3
GCTAACGACAAGACTA,3
GCTAACGAGAGCTGAA,3
GCTAACGAGATAGACA,3
GCTAACGAACCACTGT,4
GCTAACGAGCCACATA,3
GCTAACGAGCGAGTAA,3
GCTAACGAGCTAACGA,3
GCTAACGAGCTCGGTA,3
GCTAACGAGGAGAACA,3
GCTAACGAGGTGCGAA,3
GCTAACGAGTACGCAA,3
GCTAACGAGTCGTAGA,3
GCTAACGAGTCTGTCA,3
GCTAACGAGTGTTCTA,3
GCTAACGAACATTGGC,4
GCTAACGATAGGATGA,3
GCTAACGATATCAGCA,3
GCTAACGATCCGTCTA,3
GCTAACGATCTTCACA,3
GCTAACGATGAAGAGA,3
GCTAACGATGGAACAA,3
GCTAACGATGGCTTCA,3
GCTAACGATGGTGGTA,3
GCTAACGATTCACGCA,3
GCTAACGAAACTCACC,3
GCTAACGACAGATCTG,2
GCTAACGAAAGAGATC,3
GCTAACGAAAGGACAC,3
GCTAACGAAATCCGTC,3
GCTAACGAAATGTTGC,3
GCTAACGAACACGACC,3
GCTAACGAACAGATTC,3
GCTAACGAAGATGTAC,3
GCTAACGAAGCACCTC,3
GCTAACGAAGCCATGC,3
GCTAACGAAGGCTAAC,3
GCTAACGACATCAAGT,2
GCTAACGAATAGCGAC,1
GCTAACGAATCATTCC,1
GCTAACGAATTGGCTC,1
GCTAACGACAAGGAGC,1
GCTAACGACACCTTAC,8
GCTAACGACCATCCTC,8
GCTAACGACCGACAAC,8
GCTAACGACCTAATCC,8
GCTAACGACCTCTATC,8
GCTAACGACGACACAC,8
GCTAACGACGCTGATC,2
GCTAACGACGGATTGC,8
GCTAACGACTAAGGTC,8
GCTAACGAGAACAGGC,8
GCTAACGAGACAGTGC,8
GCTAACGAGAGTTAGC,8
GCTAACGAGATGAATC,8
GCTAACGAGCCAAGAC,8
GCTAACGACGGAAGAA,8
GCTAACGAGTGACAAG,8
GCTAACGAGAACCAGA,8
CGGAAGAATTGCTGGA,1
CGGAAGAAAGAGTCAA,1
CGGAAGAAAGATCGCA,1
CGGAAGAAAGCAGGAA,1
CGGAAGAAAGTCACTA,1
CGGAAGAAATCCTGTA,1
CGGAAGAAATTGAGGA,1
CGGAAGAACAACCACA,4
CGGAAGAAGACTAGTA,4
CGGAAGAACAATGGAA,4
CGGAAGAACACTTCGA,4
CGGAAGAACAGCGTTA,4
CGGAAGAACATACCAA,4
CGGAAGAACCAGTTCA,4
CGGAAGAACCGAAGTA,4
CGGAAGAACCGTGAGA,4
CGGAAGAACCTCCTGA,4
CGGAAGAACGAACTTA,4
CGGAAGAACGACTGGA,4
CGGAAGAACGCATACA,4
CGGAAGAACTCAATGA,4
CGGAAGAACTGAGCCA,4
CGGAAGAACTGGCATA,2
CGGAAGAAGAATCTGA,2
CGGAAGAACAAGACTA,2
CGGAAGAAGAGCTGAA,2
CGGAAGAAGATAGACA,2
CGGAAGAAGCCACATA,2
CGGAAGAAGCGAGTAA,2
CGGAAGAAGCTAACGA,2
CGGAAGAAGCTCGGTA,2
CGGAAGAAGGAGAACA,2
CGGAAGAAGGTGCGAA,2
CGGAAGAAGTACGCAA,2
CGGAAGAAGTCGTAGA,1
CGGAAGAAGTCTGTCA,1
CGGAAGAAGTGTTCTA,2
CGGAAGAATAGGATGA,1
CGGAAGAATATCAGCA,1
CGGAAGAATCCGTCTA,1
CGGAAGAATCTTCACA,1
CGGAAGAATGAAGAGA,1
CGGAAGAATGGAACAA,1
CGGAAGAATGGCTTCA,1
CGGAAGAATGGTGGTA,1
CGGAAGAATTCACGCA,6
CGGAAGAAAACTCACC,1
CGGAAGAAAAGAGATC,1
CGGAAGAAAAGGACAC,1
CGGAAGAAAATCCGTC,6
CGGAAGAAAATGTTGC,1
CGGAAGAAACACGACC,6
CGGAAGAAACAGATTC,1
CGGAAGAAAGATGTAC,6
CGGAAGAAAGCACCTC,6
CGGAAGAAAGCCATGC,6
CGGAAGAAAGGCTAAC,1
CGGAAGAAATAGCGAC,1
CGGAAGAAATCATTCC,1
CGGAAGAAATTGGCTC,1
CGGAAGAACAAGGAGC,1
CGGAAGAACACCTTAC,1
CGGAAGAACCATCCTC,1
CGGAAGAACCGACAAC,1
CGGAAGAACCTAATCC,1
CGGAAGAACCTCTATC,1
CGGAAGAACGACACAC,2
CGGAAGAACGGATTGC,2
CGGAAGAACTAAGGTC,2
CGGAAGAAGAACAGGC,2
CGGAAGAAGACAGTGC,2
CGGAAGAAGAGTTAGC,1
CGGAAGAAGATGAATC,1
CGGAAGAAGCCAAGAC,1
CGGAAGAACGGAAGAA,1
CGGAAGAAGTGACAAG,1
CGGAAGAAGAACCAGA,1
GCGAGTAAAACGTGAT,4
GCGAGTAAACAAGCTA,2
GCGAGTAATTGCTGGA,8
GCGAGTAACTGTAGCC,2
GCGAGTAAAGTACAAG,2
GCGAGTAAAACAACCA,2
GCGAGTAAAACCGAGA,2
GCGAGTAAAACGCTTA,1
GCGAGTAAAAGACGGA,1
GCGAGTAAAAGGTACA,1
GCGAGTAAACACAGAA,1
GCGAGTAAACAGCAGA,1
GCGAGTAAAAACATCG,4
GCGAGTAAACCTCCAA,1
GCGAGTAAACGCTCGA,6
GCGAGTAAACGTATCA,6
GCGAGTAAACTATGCA,6
GCGAGTAAAGAGTCAA,6
GCGAGTAAAGATCGCA,6
GCGAGTAAAGCAGGAA,6
GCGAGTAAAGTCACTA,6
GCGAGTAAATCCTGTA,6
GCGAGTAAATTGAGGA,6
GCGAGTAAATGCCTAA,4
GCGAGTAACAACCACA,6
GCGAGTAAGACTAGTA,1
GCGAGTAACAATGGAA,7
GCGAGTAACACTTCGA,7
GCGAGTAACAGCGTTA,7
GCGAGTAACATACCAA,3
GCGAGTAACCAGTTCA,3
GCGAGTAACCGAAGTA,3
GCGAGTAACCGTGAGA,3
GCGAGTAACCTCCTGA,3
GCGAGTAAAGTGGTCA,4
GCGAGTAACGAACTTA,3
GCGAGTAACGACTGGA,3
GCGAGTAACGCATACA,3
GCGAGTAACTCAATGA,3
GCGAGTAACTGAGCCA,3
GCGAGTAACTGGCATA,3
GCGAGTAAGAATCTGA,3
GCGAGTAACAAGACTA,3
GCGAGTAAGAGCTGAA,3
GCGAGTAAGATAGACA,3
GCGAGTAAACCACTGT,4
GCGAGTAAGCCACATA,3
GCGAGTAAGCGAGTAA,3
GCGAGTAAGCTAACGA,3
GCGAGTAAGCTCGGTA,3
GCGAGTAAGGAGAACA,3
GCGAGTAAGGTGCGAA,3
GCGAGTAAGTACGCAA,3
GCGAGTAAGTCGTAGA,3
GCGAGTAAGTCTGTCA,3
GCGAGTAAGTGTTCTA,3
GCGAGTAAACATTGGC,2
GCGAGTAATAGGATGA,3
GCGAGTAATATCAGCA,3
GCGAGTAATCCGTCTA,3
GCGAGTAATCTTCACA,7
GCGAGTAATGAAGAGA,3
GCGAGTAATGGAACAA,3
GCGAGTAATGGCTTCA,3
GCGAGTAATGGTGGTA,3
GCGAGTAATTCACGCA,3
GCGAGTAAAACTCACC,7
GCGAGTAACAGATCTG,2
GCGAGTAAAAGAGATC,3
GCGAGTAAAAGGACAC,3
GCGAGTAAAATCCGTC,3
GCGAGTAAAATGTTGC,3
GCGAGTAAACACGACC,3
GCGAGTAAACAGATTC,3
GCGAGTAAAGATGTAC,3
GCGAGTAAAGCACCTC,3
GCGAGTAAAGCCATGC,3
GCGAGTAAAGGCTAAC,1
GCGAGTAACATCAAGT,2
GCGAGTAAATAGCGAC,1
GCGAGTAAATCATTCC,1
GCGAGTAAATTGGCTC,1
GCGAGTAACAAGGAGC,1
GCGAGTAACACCTTAC,8
GCGAGTAACCATCCTC,8
GCGAGTAACCGACAAC,8
GCGAGTAACCTAATCC,8
GCGAGTAACCTCTATC,8
GCGAGTAACGACACAC,8
GCGAGTAACGCTGATC,2
GCGAGTAACGGATTGC,8
GCGAGTAACTAAGGTC,8
GCGAGTAAGAACAGGC,8
GCGAGTAAGACAGTGC,8
GCGAGTAAGAGTTAGC,8
GCGAGTAAGATGAATC,8
GCGAGTAAGCCAAGAC,8
GCGAGTAACGGAAGAA,8
GCGAGTAAGTGACAAG,8
GCGAGTAAGAACCAGA,8
GCCACATAAACGTGAT,4
GCCACATAACAAGCTA,2
GCCACATATTGCTGGA,8
GCCACATACTGTAGCC,2
GCCACATAAGTACAAG,2
GCCACATAAACAACCA,2
GCCACATAAACCGAGA,1
GCCACATAAACGCTTA,1
GCCACATAAAGACGGA,1
GCCACATAAAGGTACA,1
GCCACATAACACAGAA,1
GCCACATAACAGCAGA,1
GCCACATAAAACATCG,4
GCCACATAACCTCCAA,1
GCCACATAACGCTCGA,6
GCCACATAACGTATCA,6
GCCACATAACTATGCA,6
GCCACATAAGAGTCAA,6
GCCACATAAGATCGCA,6
GCCACATAAGCAGGAA,6
GCCACATAAGTCACTA,6
GCCACATAATCCTGTA,6
GCCACATAATTGAGGA,6
GCCACATAATGCCTAA,4
GCCACATACAACCACA,6
GCCACATAGACTAGTA,7
GCCACATACAATGGAA,7
GCCACATACACTTCGA,7
GCCACATACAGCGTTA,7
GCCACATACATACCAA,7
GCCACATACCAGTTCA,3
GCCACATACCGAAGTA,3
GCCACATACCGTGAGA,3
GCCACATACCTCCTGA,3
GCCACATAAGTGGTCA,4
GCCACATACGAACTTA,3
GCCACATACGACTGGA,3
GCCACATACGCATACA,3
GCCACATACTCAATGA,3
GCCACATACTGAGCCA,3
GCCACATACTGGCATA,3
GCCACATAGAATCTGA,3
GCCACATACAAGACTA,3
GCCACATAGAGCTGAA,3
GCCACATAGATAGACA,3
GCCACATAACCACTGT,4
GCCACATAGCCACATA,3
GCCACATAGCGAGTAA,3
GCCACATAGCTAACGA,3
GCCACATAGCTCGGTA,3
GCCACATAGGAGAACA,3
GCCACATAGGTGCGAA,3
GCCACATAGTACGCAA,3
GCCACATAGTCGTAGA,3
GCCACATAGTCTGTCA,3
GCCACATAGTGTTCTA,3
GCCACATAACATTGGC,2
GCCACATATAGGATGA,3
GCCACATATATCAGCA,3
GCCACATATCCGTCTA,3
GCCACATATCTTCACA,3
GCCACATATGAAGAGA,3
GCCACATATGGAACAA,3
GCCACATATGGCTTCA,3
GCCACATATGGTGGTA,3
GCCACATATTCACGCA,3
GCCACATAAACTCACC,3
GCCACATACAGATCTG,2
GCCACATAAAGAGATC,3
GCCACATAAAGGACAC,3
GCCACATAAATCCGTC,3
GCCACATAAATGTTGC,7
GCCACATAACACGACC,7
GCCACATAACAGATTC,3
GCCACATAAGATGTAC,3
GCCACATAAGCACCTC,3
GCCACATAAGCCATGC,3
GCCACATAAGGCTAAC,1
GCCACATACATCAAGT,2
GCCACATAATAGCGAC,1
GCCACATAATCATTCC,1
GCCACATAATTGGCTC,1
GCCACATACAAGGAGC,1
GCCACATACACCTTAC,8
GCCACATACCATCCTC,8
GCCACATACCGACAAC,8
GCCACATACCTAATCC,8
GCCACATACCTCTATC,8
GCCACATACGACACAC,8
GCCACATACGCTGATC,2
GCCACATACGGATTGC,8
GCCACATACTAAGGTC,8
GCCACATAGAACAGGC,8
GCCACATAGACAGTGC,8
GCCACATAGAGTTAGC,8
GCCACATAGATGAATC,8
GCCACATAGCCAAGAC,8
GCCACATACGGAAGAA,8
GCCACATAGTGACAAG,8
GCCACATAGAACCAGA,8
GATAGACAAACGTGAT,4
GATAGACAACAAGCTA,2
GATAGACATTGCTGGA,8
GATAGACACTGTAGCC,2
GATAGACAAGTACAAG,2
GATAGACAAACAACCA,1
GATAGACAAACCGAGA,1
GATAGACAAACGCTTA,1
GATAGACAAAGACGGA,1
GATAGACAAAGGTACA,1
GATAGACAACACAGAA,1
GATAGACAACAGCAGA,1
GATAGACAAAACATCG,4
GATAGACAACCTCCAA,1
GATAGACAACGCTCGA,6
GATAGACAACGTATCA,6
GATAGACAACTATGCA,6
GATAGACAAGAGTCAA,6
GATAGACAAGATCGCA,6
GATAGACAAGCAGGAA,6
GATAGACAAGTCACTA,6
GATAGACAATCCTGTA,6
GATAGACAATTGAGGA,6
GATAGACAATGCCTAA,4
GATAGACACAACCACA,6
GATAGACAGACTAGTA,6
GATAGACACAATGGAA,7
GATAGACACACTTCGA,7
GATAGACACAGCGTTA,7
GATAGACACATACCAA,7
GATAGACACCAGTTCA,3
GATAGACACCGAAGTA,3
GATAGACACCGTGAGA,3
GATAGACACCTCCTGA,3
GATAGACAAGTGGTCA,4
GATAGACACGAACTTA,3
GATAGACACGACTGGA,3
GATAGACACGCATACA,3
GATAGACACTCAATGA,3
GATAGACACTGAGCCA,3
GATAGACACTGGCATA,3
GATAGACAGAATCTGA,3
GATAGACACAAGACTA,3
GATAGACAGAGCTGAA,3
GATAGACAGATAGACA,3
GATAGACAACCACTGT,4
GATAGACAGCCACATA,3
GATAGACAGCGAGTAA,3
GATAGACAGCTAACGA,3
GATAGACAGCTCGGTA,3
GATAGACAGGAGAACA,3
GATAGACAGGTGCGAA,3
GATAGACAGTACGCAA,3
GATAGACAGTCGTAGA,3
GATAGACAGTCTGTCA,3
GATAGACAGTGTTCTA,3
GATAGACAACATTGGC,4
GATAGACATAGGATGA,3
GATAGACATATCAGCA,3
GATAGACATCCGTCTA,3
GATAGACATCTTCACA,3
GATAGACATGAAGAGA,3
GATAGACATGGAACAA,3
GATAGACATGGCTTCA,3
GATAGACATGGTGGTA,3
GATAGACATTCACGCA,3
GATAGACAAACTCACC,3
GATAGACACAGATCTG,2
GATAGACAAAGAGATC,3
GATAGACAAAGGACAC,3
GATAGACAAATCCGTC,3
GATAGACAAATGTTGC,3
GATAGACAACACGACC,3
GATAGACAACAGATTC,3
GATAGACAAGATGTAC,3
GATAGACAAGCACCTC,3
GATAGACAAGCCATGC,3
GATAGACAAGGCTAAC,1
GATAGACACATCAAGT,2
GATAGACAATAGCGAC,1
GATAGACAATCATTCC,1
GATAGACAATTGGCTC,1
GATAGACACAAGGAGC,8
GATAGACACACCTTAC,8
GATAGACACCATCCTC,8
GATAGACACCGACAAC,8
GATAGACACCTAATCC,8
GATAGACACCTCTATC,8
GATAGACACGACACAC,8
GATAGACACGCTGATC,2
GATAGACACGGATTGC,8
GATAGACACTAAGGTC,8
GATAGACAGAACAGGC,8
GATAGACAGACAGTGC,8
GATAGACAGAGTTAGC,8
GATAGACAGATGAATC,8
GATAGACAGCCAAGAC,8
GATAGACACGGAAGAA,8
GATAGACAGTGACAAG,8
GATAGACAGAACCAGA,8
GAGCTGAAAACGTGAT,4
GAGCTGAAACAAGCTA,2
GAGCTGAATTGCTGGA,8
GAGCTGAACTGTAGCC,2
GAGCTGAAAGTACAAG,2
GAGCTGAAAACAACCA,2
GAGCTGAAAACCGAGA,1
GAGCTGAAAACGCTTA,1
GAGCTGAAAAGACGGA,1
GAGCTGAAAAGGTACA,1
GAGCTGAAACACAGAA,1
GAGCTGAAACAGCAGA,1
GAGCTGAAAAACATCG,4
GAGCTGAAACCTCCAA,6
GAGCTGAAACGCTCGA,6
GAGCTGAAACGTATCA,6
GAGCTGAAACTATGCA,6
GAGCTGAAAGAGTCAA,6
GAGCTGAAAGATCGCA,6
GAGCTGAAAGCAGGAA,6
GAGCTGAAAGTCACTA,6
GAGCTGAAATCCTGTA,6
GAGCTGAAATTGAGGA,6
GAGCTGAAATGCCTAA,4
GAGCTGAACAACCACA,6
GAGCTGAAGACTAGTA,6
GAGCTGAACAATGGAA,7
GAGCTGAACACTTCGA,7
GAGCTGAACAGCGTTA,7
GAGCTGAACATACCAA,3
GAGCTGAACCAGTTCA,3
GAGCTGAACCGAAGTA,3
GAGCTGAACCGTGAGA,3
GAGCTGAACCTCCTGA,3
GAGCTGAAAGTGGTCA,4
GAGCTGAACGAACTTA,3
GAGCTGAACGACTGGA,3
GAGCTGAACGCATACA,3
GAGCTGAACTCAATGA,3
GAGCTGAACTGAGCCA,3
GAGCTGAACTGGCATA,3
GAGCTGAAGAATCTGA,3
GAGCTGAACAAGACTA,3
GAGCTGAAGAGCTGAA,3
GAGCTGAAGATAGACA,3
GAGCTGAAACCACTGT,4
GAGCTGAAGCCACATA,3
GAGCTGAAGCGAGTAA,3
GAGCTGAAGCTAACGA,3
GAGCTGAAGCTCGGTA,3
GAGCTGAAGGAGAACA,3
GAGCTGAAGGTGCGAA,3
GAGCTGAAGTACGCAA,3
GAGCTGAAGTCGTAGA,3
GAGCTGAAGTCTGTCA,3
GAGCTGAAGTGTTCTA,3
GAGCTGAAACATTGGC,4
GAGCTGAATAGGATGA,3
GAGCTGAATATCAGCA,3
GAGCTGAATCCGTCTA,3
GAGCTGAATCTTCACA,3
GAGCTGAATGAAGAGA,3
GAGCTGAATGGAACAA,3
GAGCTGAATGGCTTCA,3
GAGCTGAATGGTGGTA,3
GAGCTGAATTCACGCA,3
GAGCTGAAAACTCACC,3
GAGCTGAACAGATCTG,2
GAGCTGAAAAGAGATC,3
GAGCTGAAAAGGACAC,3
GAGCTGAAAATCCGTC,3
GAGCTGAAAATGTTGC,3
GAGCTGAAACACGACC,3
GAGCTGAAACAGATTC,3
GAGCTGAAAGATGTAC,3
GAGCTGAAAGCACCTC,3
GAGCTGAAAGCCATGC,5
GAGCTGAAAGGCTAAC,5
GAGCTGAACATCAAGT,2
GAGCTGAAATAGCGAC,1
GAGCTGAAATCATTCC,1
GAGCTGAAATTGGCTC,1
GAGCTGAACAAGGAGC,8
GAGCTGAACACCTTAC,8
GAGCTGAACCATCCTC,8
GAGCTGAACCGACAAC,8
GAGCTGAACCTAATCC,8
GAGCTGAACCTCTATC,8
GAGCTGAACGACACAC,8
GAGCTGAACGCTGATC,2
GAGCTGAACGGATTGC,8
GAGCTGAACTAAGGTC,8
GAGCTGAAGAACAGGC,8
GAGCTGAAGACAGTGC,8
GAGCTGAAGAGTTAGC,8
GAGCTGAAGATGAATC,8
GAGCTGAAGCCAAGAC,8
GAGCTGAACGGAAGAA,8
GAGCTGAAGTGACAAG,8
GAGCTGAAGAACCAGA,8
CAAGACTAAACGTGAT,4
CAAGACTAACAAGCTA,2
CAAGACTATTGCTGGA,8
CAAGACTACTGTAGCC,2
CAAGACTAAGTACAAG,2
CAAGACTAAACAACCA,2
CAAGACTAAACCGAGA,2
CAAGACTAAACGCTTA,1
CAAGACTAAAGACGGA,1
CAAGACTAAAGGTACA,1
CAAGACTAACACAGAA,1
CAAGACTAACAGCAGA,6
CAAGACTAAAACATCG,4
CAAGACTAACCTCCAA,6
CAAGACTAACGCTCGA,6
CAAGACTAACGTATCA,6
CAAGACTAACTATGCA,6
CAAGACTAAGAGTCAA,6
CAAGACTAAGATCGCA,6
CAAGACTAAGCAGGAA,6
CAAGACTAAGTCACTA,6
CAAGACTAATCCTGTA,6
CAAGACTAATTGAGGA,6
CAAGACTAATGCCTAA,4
CAAGACTACAACCACA,6
CAAGACTAGACTAGTA,7
CAAGACTACAATGGAA,7
CAAGACTACACTTCGA,7
CAAGACTACAGCGTTA,7
CAAGACTACATACCAA,7
CAAGACTACCAGTTCA,3
CAAGACTACCGAAGTA,3
CAAGACTACCGTGAGA,3
CAAGACTACCTCCTGA,3
CAAGACTAAGTGGTCA,4
CAAGACTACGAACTTA,3
CAAGACTACGACTGGA,3
CAAGACTACGCATACA,3
CAAGACTACTCAATGA,3
CAAGACTACTGAGCCA,3
CAAGACTACTGGCATA,3
CAAGACTAGAATCTGA,3
CAAGACTACAAGACTA,1
CAAGACTAGAGCTGAA,3
CAAGACTAGATAGACA,3
CAAGACTAACCACTGT,4
CAAGACTAGCCACATA,3
CAAGACTAGCGAGTAA,3
CAAGACTAGCTAACGA,3
CAAGACTAGCTCGGTA,3
CAAGACTAGGAGAACA,3
CAAGACTAGGTGCGAA,3
CAAGACTAGTACGCAA,3
CAAGACTAGTCGTAGA,3
CAAGACTAGTCTGTCA,3
CAAGACTAGTGTTCTA,3
CAAGACTAACATTGGC,4
CAAGACTATAGGATGA,3
CAAGACTATATCAGCA,3
CAAGACTATCCGTCTA,3
CAAGACTATCTTCACA,3
CAAGACTATGAAGAGA,3
CAAGACTATGGAACAA,3
CAAGACTATGGCTTCA,3
CAAGACTATGGTGGTA,3
CAAGACTATTCACGCA,7
CAAGACTAAACTCACC,7
CAAGACTACAGATCTG,2
CAAGACTAAAGAGATC,3
CAAGACTAAAGGACAC,3
CAAGACTAAATCCGTC,3
CAAGACTAAATGTTGC,3
CAAGACTAACACGACC,3
CAAGACTAACAGATTC,3
CAAGACTAAGATGTAC,3
CAAGACTAAGCACCTC,3
CAAGACTAAGCCATGC,5
CAAGACTAAGGCTAAC,1
CAAGACTACATCAAGT,2
CAAGACTAATAGCGAC,1
CAAGACTAATCATTCC,1
CAAGACTAATTGGCTC,1
CAAGACTACAAGGAGC,8
CAAGACTACACCTTAC,8
CAAGACTACCATCCTC,8
CAAGACTACCGACAAC,8
CAAGACTACCTAATCC,8
CAAGACTACCTCTATC,8
CAAGACTACGACACAC,8
CAAGACTACGCTGATC,2
CAAGACTACGGATTGC,8
CAAGACTACTAAGGTC,8
CAAGACTAGAACAGGC,8
CAAGACTAGACAGTGC,8
CAAGACTAGAGTTAGC,8
CAAGACTAGATGAATC,8
CAAGACTAGCCAAGAC,8
CAAGACTACGGAAGAA,8
CAAGACTAGTGACAAG,8
CAAGACTAGAACCAGA,8
GAATCTGAAACGTGAT,4
GAATCTGAACAAGCTA,2
GAATCTGATTGCTGGA,8
GAATCTGACTGTAGCC,2
GAATCTGAAGTACAAG,2
GAATCTGAAACAACCA,2
GAATCTGAAACCGAGA,2
GAATCTGAAACGCTTA,1
GAATCTGAAAGACGGA,1
GAATCTGAAAGGTACA,1
GAATCTGAACACAGAA,6
GAATCTGAACAGCAGA,1
GAATCTGAAAACATCG,4
GAATCTGAACCTCCAA,6
GAATCTGAACGCTCGA,6
GAATCTGAACGTATCA,6
GAATCTGAACTATGCA,6
GAATCTGAAGAGTCAA,6
GAATCTGAAGATCGCA,6
GAATCTGAAGCAGGAA,6
GAATCTGAAGTCACTA,6
GAATCTGAATCCTGTA,6
GAATCTGAATTGAGGA,6
GAATCTGAATGCCTAA,4
GAATCTGACAACCACA,6
GAATCTGAGACTAGTA,6
GAATCTGACAATGGAA,7
GAATCTGACACTTCGA,7
GAATCTGACAGCGTTA,7
GAATCTGACATACCAA,3
GAATCTGACCAGTTCA,3
GAATCTGACCGAAGTA,3
GAATCTGACCGTGAGA,3
GAATCTGACCTCCTGA,3
GAATCTGAAGTGGTCA,4
GAATCTGACGAACTTA,3
GAATCTGACGACTGGA,3
GAATCTGACGCATACA,3
GAATCTGACTCAATGA,3
GAATCTGACTGAGCCA,3
GAATCTGACTGGCATA,3
GAATCTGAGAATCTGA,3
GAATCTGACAAGACTA,3
GAATCTGAGAGCTGAA,3
GAATCTGAGATAGACA,3
GAATCTGAACCACTGT,4
GAATCTGAGCCACATA,3
GAATCTGAGCGAGTAA,3
GAATCTGAGCTAACGA,3
GAATCTGAGCTCGGTA,3
GAATCTGAGGAGAACA,3
GAATCTGAGGTGCGAA,3
GAATCTGAGTACGCAA,3
GAATCTGAGTCGTAGA,3
GAATCTGAGTCTGTCA,3
GAATCTGAGTGTTCTA,3
GAATCTGAACATTGGC,2
GAATCTGATAGGATGA,3
GAATCTGATATCAGCA,3
GAATCTGATCCGTCTA,3
GAATCTGATCTTCACA,3
GAATCTGATGAAGAGA,3
GAATCTGATGGAACAA,3
GAATCTGATGGCTTCA,3
GAATCTGATGGTGGTA,3
GAATCTGATTCACGCA,3
GAATCTGAAACTCACC,3
GAATCTGACAGATCTG,2
GAATCTGAAAGAGATC,3
GAATCTGAAAGGACAC,3
GAATCTGAAATCCGTC,3
GAATCTGAAATGTTGC,3
GAATCTGAACACGACC,3
GAATCTGAACAGATTC,3
GAATCTGAAGATGTAC,3
GAATCTGAAGCACCTC,3
GAATCTGAAGCCATGC,3
GAATCTGAAGGCTAAC,1
GAATCTGACATCAAGT,2
GAATCTGAATAGCGAC,1
GAATCTGAATCATTCC,1
GAATCTGAATTGGCTC,8
GAATCTGACAAGGAGC,8
GAATCTGACACCTTAC,8
GAATCTGACCATCCTC,8
GAATCTGACCGACAAC,8
GAATCTGACCTAATCC,8
GAATCTGACCTCTATC,8
GAATCTGACGACACAC,8
GAATCTGACGCTGATC,2
GAATCTGACGGATTGC,8
GAATCTGACTAAGGTC,8
GAATCTGAGAACAGGC,8
GAATCTGAGACAGTGC,8
GAATCTGAGAGTTAGC,8
GAATCTGAGATGAATC,8
GAATCTGAGCCAAGAC,8
GAATCTGACGGAAGAA,8
GAATCTGAGTGACAAG,8
GAATCTGAGAACCAGA,8
CTGGCATAAACGTGAT,4
CTGGCATAACAAGCTA,2
CTGGCATATTGCTGGA,8
CTGGCATACTGTAGCC,2
CTGGCATAAGTACAAG,2
CTGGCATAAACAACCA,2
CTGGCATAAACCGAGA,2
CTGGCATAAACGCTTA,1
CTGGCATAAAGACGGA,1
CTGGCATAAAGGTACA,1
CTGGCATAACACAGAA,1
CTGGCATAACAGCAGA,6
CTGGCATAAAACATCG,4
CTGGCATAACCTCCAA,6
CTGGCATAACGCTCGA,6
CTGGCATAACGTATCA,1
CTGGCATAACTATGCA,6
CTGGCATAAGAGTCAA,6
CTGGCATAAGATCGCA,6
CTGGCATAAGCAGGAA,6
CTGGCATAAGTCACTA,6
CTGGCATAATCCTGTA,6
CTGGCATAATTGAGGA,6
CTGGCATAATGCCTAA,4
CTGGCATACAACCACA,6
CTGGCATAGACTAGTA,1
CTGGCATACAATGGAA,7
CTGGCATACACTTCGA,7
CTGGCATACAGCGTTA,7
CTGGCATACATACCAA,3
CTGGCATACCAGTTCA,3
CTGGCATACCGAAGTA,3
CTGGCATACCGTGAGA,3
CTGGCATACCTCCTGA,3
CTGGCATAAGTGGTCA,4
CTGGCATACGAACTTA,3
CTGGCATACGACTGGA,3
CTGGCATACGCATACA,3
CTGGCATACTCAATGA,3
CTGGCATACTGAGCCA,3
CTGGCATACTGGCATA,1
CTGGCATAGAATCTGA,3
CTGGCATACAAGACTA,3
CTGGCATAGAGCTGAA,3
CTGGCATAGATAGACA,1
CTGGCATAACCACTGT,4
CTGGCATAGCCACATA,3
CTGGCATAGCGAGTAA,3
CTGGCATAGCTAACGA,3
CTGGCATAGCTCGGTA,3
CTGGCATAGGAGAACA,3
CTGGCATAGGTGCGAA,3
CTGGCATAGTACGCAA,3
CTGGCATAGTCGTAGA,3
CTGGCATAGTCTGTCA,3
CTGGCATAGTGTTCTA,3
CTGGCATAACATTGGC,4
CTGGCATATAGGATGA,3
CTGGCATATATCAGCA,3
CTGGCATATCCGTCTA,3
CTGGCATATCTTCACA,3
CTGGCATATGAAGAGA,3
CTGGCATATGGAACAA,3
CTGGCATATGGCTTCA,7
CTGGCATATGGTGGTA,3
CTGGCATATTCACGCA,3
CTGGCATAAACTCACC,3
CTGGCATACAGATCTG,2
CTGGCATAAAGAGATC,3
CTGGCATAAAGGACAC,3
CTGGCATAAATCCGTC,3
CTGGCATAAATGTTGC,3
CTGGCATAACACGACC,3
CTGGCATAACAGATTC,3
CTGGCATAAGATGTAC,3
CTGGCATAAGCACCTC,3
CTGGCATAAGCCATGC,3
CTGGCATAAGGCTAAC,1
CTGGCATACATCAAGT,2
CTGGCATAATAGCGAC,1
CTGGCATAATCATTCC,1
CTGGCATAATTGGCTC,8
CTGGCATACAAGGAGC,8
CTGGCATACACCTTAC,8
CTGGCATACCATCCTC,8
CTGGCATACCGACAAC,8
CTGGCATACCTAATCC,8
CTGGCATACCTCTATC,8
CTGGCATACGACACAC,8
CTGGCATACGCTGATC,2
CTGGCATACGGATTGC,8
CTGGCATACTAAGGTC,8
CTGGCATAGAACAGGC,8
CTGGCATAGACAGTGC,8
CTGGCATAGAGTTAGC,8
CTGGCATAGATGAATC,8
CTGGCATAGCCAAGAC,8
CTGGCATACGGAAGAA,8
CTGGCATAGTGACAAG,8
CTGGCATAGAACCAGA,8
CTGAGCCAAACGTGAT,4
CTGAGCCAACAAGCTA,2
CTGAGCCATTGCTGGA,8
CTGAGCCACTGTAGCC,2
CTGAGCCAAGTACAAG,2
CTGAGCCAAACAACCA,1
CTGAGCCAAACCGAGA,2
CTGAGCCAAACGCTTA,1
CTGAGCCAAAGACGGA,1
CTGAGCCAAAGGTACA,1
CTGAGCCAACACAGAA,1
CTGAGCCAACAGCAGA,1
CTGAGCCAAAACATCG,4
CTGAGCCAACCTCCAA,6
CTGAGCCAACGCTCGA,6
CTGAGCCAACGTATCA,6
CTGAGCCAACTATGCA,6
CTGAGCCAAGAGTCAA,6
CTGAGCCAAGATCGCA,6
CTGAGCCAAGCAGGAA,6
CTGAGCCAAGTCACTA,6
CTGAGCCAATCCTGTA,6
CTGAGCCAATTGAGGA,6
CTGAGCCAATGCCTAA,4
CTGAGCCACAACCACA,6
CTGAGCCAGACTAGTA,6
CTGAGCCACAATGGAA,1
CTGAGCCACACTTCGA,1
CTGAGCCACAGCGTTA,7
CTGAGCCACATACCAA,1
CTGAGCCACCAGTTCA,3
CTGAGCCACCGAAGTA,3
CTGAGCCACCGTGAGA,3
CTGAGCCACCTCCTGA,3
CTGAGCCAAGTGGTCA,4
CTGAGCCACGAACTTA,3
CTGAGCCACGACTGGA,3
CTGAGCCACGCATACA,3
CTGAGCCACTCAATGA,3
CTGAGCCACTGAGCCA,3
CTGAGCCACTGGCATA,3
CTGAGCCAGAATCTGA,3
CTGAGCCACAAGACTA,3
CTGAGCCAGAGCTGAA,3
CTGAGCCAGATAGACA,3
CTGAGCCAACCACTGT,4
CTGAGCCAGCCACATA,3
CTGAGCCAGCGAGTAA,3
CTGAGCCAGCTAACGA,3
CTGAGCCAGCTCGGTA,3
CTGAGCCAGGAGAACA,3
CTGAGCCAGGTGCGAA,3
CTGAGCCAGTACGCAA,3
CTGAGCCAGTCGTAGA,3
CTGAGCCAGTCTGTCA,3
CTGAGCCAGTGTTCTA,3
CTGAGCCAACATTGGC,2
CTGAGCCATAGGATGA,3
CTGAGCCATATCAGCA,3
CTGAGCCATCCGTCTA,3
CTGAGCCATCTTCACA,3
CTGAGCCATGAAGAGA,3
CTGAGCCATGGAACAA,3
CTGAGCCATGGCTTCA,3
CTGAGCCATGGTGGTA,3
CTGAGCCATTCACGCA,3
CTGAGCCAAACTCACC,3
CTGAGCCACAGATCTG,2
CTGAGCCAAAGAGATC,3
CTGAGCCAAAGGACAC,3
CTGAGCCAAATCCGTC,3
CTGAGCCAAATGTTGC,3
CTGAGCCAACACGACC,3
CTGAGCCAACAGATTC,3
CTGAGCCAAGATGTAC,3
CTGAGCCAAGCACCTC,3
CTGAGCCAAGCCATGC,3
CTGAGCCAAGGCTAAC,1
CTGAGCCACATCAAGT,2
CTGAGCCAATAGCGAC,1
CTGAGCCAATCATTCC,1
CTGAGCCAATTGGCTC,8
CTGAGCCACAAGGAGC,8
CTGAGCCACACCTTAC,8
CTGAGCCACCATCCTC,8
CTGAGCCACCGACAAC,8
CTGAGCCACCTAATCC,8
CTGAGCCACCTCTATC,8
CTGAGCCACGACACAC,8
CTGAGCCACGCTGATC,2
CTGAGCCACGGATTGC,8
CTGAGCCACTAAGGTC,8
CTGAGCCAGAACAGGC,8
CTGAGCCAGACAGTGC,8
CTGAGCCAGAGTTAGC,8
CTGAGCCAGATGAATC,8
CTGAGCCAGCCAAGAC,8
CTGAGCCACGGAAGAA,8
CTGAGCCAGTGACAAG,8
CTGAGCCAGAACCAGA,8
CTCAATGAAACGTGAT,4
CTCAATGAACAAGCTA,2
CTCAATGATTGCTGGA,8
CTCAATGACTGTAGCC,2
CTCAATGAAGTACAAG,2
CTCAATGAAACAACCA,2
CTCAATGAAACCGAGA,1
CTCAATGAAACGCTTA,1
CTCAATGAAAGACGGA,1
CTCAATGAAAGGTACA,1
CTCAATGAACACAGAA,1
CTCAATGAACAGCAGA,6
CTCAATGAAAACATCG,4
CTCAATGAACCTCCAA,6
CTCAATGAACGCTCGA,6
CTCAATGAACGTATCA,6
CTCAATGAACTATGCA,6
CTCAATGAAGAGTCAA,6
CTCAATGAAGATCGCA,6
CTCAATGAAGCAGGAA,6
CTCAATGAAGTCACTA,6
CTCAATGAATCCTGTA,6
CTCAATGAATTGAGGA,6
CTCAATGAATGCCTAA,4
CTCAATGACAACCACA,6
CTCAATGAGACTAGTA,1
CTCAATGACAATGGAA,1
CTCAATGACACTTCGA,1
CTCAATGACAGCGTTA,3
CTCAATGACATACCAA,3
CTCAATGACCAGTTCA,3
CTCAATGACCGAAGTA,3
CTCAATGACCGTGAGA,3
CTCAATGACCTCCTGA,3
CTCAATGAAGTGGTCA,4
CTCAATGACGAACTTA,3
CTCAATGACGACTGGA,3
CTCAATGACGCATACA,3
CTCAATGACTCAATGA,7
CTCAATGACTGAGCCA,3
CTCAATGACTGGCATA,3
CTCAATGAGAATCTGA,3
CTCAATGACAAGACTA,3
CTCAATGAGAGCTGAA,3
CTCAATGAGATAGACA,3
CTCAATGAACCACTGT,4
CTCAATGAGCCACATA,1
CTCAATGAGCGAGTAA,3
CTCAATGAGCTAACGA,3
CTCAATGAGCTCGGTA,3
CTCAATGAGGAGAACA,3
CTCAATGAGGTGCGAA,3
CTCAATGAGTACGCAA,3
CTCAATGAGTCGTAGA,3
CTCAATGAGTCTGTCA,3
CTCAATGAGTGTTCTA,3
CTCAATGAACATTGGC,4
CTCAATGATAGGATGA,3
CTCAATGATATCAGCA,3
CTCAATGATCCGTCTA,3
CTCAATGATCTTCACA,3
CTCAATGATGAAGAGA,7
CTCAATGATGGAACAA,3
CTCAATGATGGCTTCA,3
CTCAATGATGGTGGTA,3
CTCAATGATTCACGCA,3
CTCAATGAAACTCACC,3
CTCAATGACAGATCTG,2
CTCAATGAAAGAGATC,3
CTCAATGAAAGGACAC,3
CTCAATGAAATCCGTC,3
CTCAATGAAATGTTGC,3
CTCAATGAACACGACC,3
CTCAATGAACAGATTC,3
CTCAATGAAGATGTAC,3
CTCAATGAAGCACCTC,3
CTCAATGAAGCCATGC,3
CTCAATGAAGGCTAAC,1
CTCAATGACATCAAGT,2
CTCAATGAATAGCGAC,1
CTCAATGAATCATTCC,1
CTCAATGAATTGGCTC,8
CTCAATGACAAGGAGC,8
CTCAATGACACCTTAC,8
CTCAATGACCATCCTC,8
CTCAATGACCGACAAC,8
CTCAATGACCTAATCC,8
CTCAATGACCTCTATC,8
CTCAATGACGACACAC,8
CTCAATGACGCTGATC,2
CTCAATGACGGATTGC,8
CTCAATGACTAAGGTC,8
CTCAATGAGAACAGGC,8
CTCAATGAGACAGTGC,8
CTCAATGAGAGTTAGC,8
CTCAATGAGATGAATC,8
CTCAATGAGCCAAGAC,8
CTCAATGACGGAAGAA,8
CTCAATGAGTGACAAG,8
CTCAATGAGAACCAGA,8
CGCATACAAACGTGAT,4
CGCATACAACAAGCTA,2
CGCATACATTGCTGGA,8
CGCATACACTGTAGCC,2
CGCATACAAGTACAAG,2
CGCATACAAACAACCA,2
CGCATACAAACCGAGA,1
CGCATACAAACGCTTA,1
CGCATACAAAGACGGA,1
CGCATACAAAGGTACA,1
CGCATACAACACAGAA,1
CGCATACAACAGCAGA,1
CGCATACAAAACATCG,4
CGCATACAACCTCCAA,1
CGCATACAACGCTCGA,6
CGCATACAACGTATCA,6
CGCATACAACTATGCA,6
CGCATACAAGAGTCAA,6
CGCATACAAGATCGCA,6
CGCATACAAGCAGGAA,6
CGCATACAAGTCACTA,6
CGCATACAATCCTGTA,1
CGCATACAATTGAGGA,6
CGCATACAATGCCTAA,4
CGCATACACAACCACA,1
CGCATACAGACTAGTA,6
CGCATACACAATGGAA,6
CGCATACACACTTCGA,7
CGCATACACAGCGTTA,3
CGCATACACATACCAA,3
CGCATACACCAGTTCA,3
CGCATACACCGAAGTA,3
CGCATACACCGTGAGA,3
CGCATACACCTCCTGA,3
CGCATACAAGTGGTCA,4
CGCATACACGAACTTA,3
CGCATACACGACTGGA,3
CGCATACACGCATACA,3
CGCATACACTCAATGA,3
CGCATACACTGAGCCA,3
CGCATACACTGGCATA,3
CGCATACAGAATCTGA,3
CGCATACACAAGACTA,3
CGCATACAGAGCTGAA,3
CGCATACAGATAGACA,3
CGCATACAACCACTGT,4
CGCATACAGCCACATA,3
CGCATACAGCGAGTAA,3
CGCATACAGCTAACGA,3
CGCATACAGCTCGGTA,3
CGCATACAGGAGAACA,3
CGCATACAGGTGCGAA,3
CGCATACAGTACGCAA,3
CGCATACAGTCGTAGA,3
CGCATACAGTCTGTCA,3
CGCATACAGTGTTCTA,3
CGCATACAACATTGGC,2
CGCATACATAGGATGA,3
CGCATACATATCAGCA,3
CGCATACATCCGTCTA,3
CGCATACATCTTCACA,3
CGCATACATGAAGAGA,3
CGCATACATGGAACAA,3
CGCATACATGGCTTCA,3
CGCATACATGGTGGTA,3
CGCATACATTCACGCA,3
CGCATACAAACTCACC,3
CGCATACACAGATCTG,2
CGCATACAAAGAGATC,3
CGCATACAAAGGACAC,3
CGCATACAAATCCGTC,3
CGCATACAAATGTTGC,3
CGCATACAACACGACC,3
CGCATACAACAGATTC,3
CGCATACAAGATGTAC,3
CGCATACAAGCACCTC,3
CGCATACAAGCCATGC,3
CGCATACAAGGCTAAC,1
CGCATACACATCAAGT,2
CGCATACAATAGCGAC,1
CGCATACAATCATTCC,1
CGCATACAATTGGCTC,8
CGCATACACAAGGAGC,8
CGCATACACACCTTAC,8
CGCATACACCATCCTC,8
CGCATACACCGACAAC,8
CGCATACACCTAATCC,8
CGCATACACCTCTATC,8
CGCATACACGACACAC,8
CGCATACACGCTGATC,2
CGCATACACGGATTGC,8
CGCATACACTAAGGTC,8
CGCATACAGAACAGGC,8
CGCATACAGACAGTGC,8
CGCATACAGAGTTAGC,8
CGCATACAGATGAATC,8
CGCATACAGCCAAGAC,8
CGCATACACGGAAGAA,8
CGCATACAGTGACAAG,8
CGCATACAGAACCAGA,8
GCCAAGACTTGCTGGA,1
GCCAAGACACTATGCA,1
GCCAAGACAGAGTCAA,1
GCCAAGACAGATCGCA,1
GCCAAGACAGCAGGAA,1
GCCAAGACAGTCACTA,1
GCCAAGACATCCTGTA,1
GCCAAGACATTGAGGA,4
GCCAAGACCAACCACA,4
GCCAAGACGACTAGTA,4
GCCAAGACCAATGGAA,4
GCCAAGACCACTTCGA,4
GCCAAGACCAGCGTTA,4
GCCAAGACCATACCAA,4
GCCAAGACCCAGTTCA,4
GCCAAGACCCGAAGTA,4
GCCAAGACCCGTGAGA,4
GCCAAGACCCTCCTGA,4
GCCAAGACCGAACTTA,4
GCCAAGACCGACTGGA,4
GCCAAGACCGCATACA,4
GCCAAGACCTCAATGA,4
GCCAAGACCTGAGCCA,2
GCCAAGACCTGGCATA,2
GCCAAGACGAATCTGA,2
GCCAAGACCAAGACTA,2
GCCAAGACGAGCTGAA,2
GCCAAGACGATAGACA,2
GCCAAGACGCCACATA,2
GCCAAGACGCGAGTAA,2
GCCAAGACGCTAACGA,2
GCCAAGACGCTCGGTA,2
GCCAAGACGGAGAACA,2
GCCAAGACGGTGCGAA,1
GCCAAGACGTACGCAA,2
GCCAAGACGTCGTAGA,1
GCCAAGACGTCTGTCA,1
GCCAAGACGTGTTCTA,1
GCCAAGACTAGGATGA,2
GCCAAGACTATCAGCA,1
GCCAAGACTCCGTCTA,1
GCCAAGACTCTTCACA,1
GCCAAGACTGAAGAGA,1
GCCAAGACTGGAACAA,1
GCCAAGACTGGCTTCA,1
GCCAAGACTGGTGGTA,1
GCCAAGACTTCACGCA,1
GCCAAGACAACTCACC,1
GCCAAGACAAGAGATC,1
GCCAAGACAAGGACAC,1
GCCAAGACAATCCGTC,6
GCCAAGACAATGTTGC,1
GCCAAGACACACGACC,6
GCCAAGACACAGATTC,6
GCCAAGACAGATGTAC,1
GCCAAGACAGCACCTC,6
GCCAAGACAGCCATGC,6
GCCAAGACAGGCTAAC,1
GCCAAGACATAGCGAC,1
GCCAAGACATCATTCC,1
GCCAAGACATTGGCTC,1
GCCAAGACCAAGGAGC,1
GCCAAGACCACCTTAC,1
GCCAAGACCCATCCTC,1
GCCAAGACCCGACAAC,1
GCCAAGACCCTAATCC,1
GCCAAGACCCTCTATC,1
GCCAAGACCGACACAC,2
GCCAAGACCGGATTGC,2
GCCAAGACCTAAGGTC,2
GCCAAGACGAACAGGC,2
GCCAAGACGACAGTGC,2
GCCAAGACGAGTTAGC,1
GCCAAGACGATGAATC,1
GCCAAGACGCCAAGAC,1
GCCAAGACCGGAAGAA,1
GCCAAGACGTGACAAG,1
GCCAAGACGAACCAGA,4
CGACTGGAAACGTGAT,4
CGACTGGAACAAGCTA,2
CGACTGGATTGCTGGA,8
CGACTGGACTGTAGCC,2
CGACTGGAAGTACAAG,2
CGACTGGAAACAACCA,2
CGACTGGAAACCGAGA,1
CGACTGGAAACGCTTA,1
CGACTGGAAAGACGGA,1
CGACTGGAAAGGTACA,1
CGACTGGAACACAGAA,1
CGACTGGAACAGCAGA,1
CGACTGGAAAACATCG,4
CGACTGGAACCTCCAA,1
CGACTGGAACGCTCGA,1
CGACTGGAACGTATCA,6
CGACTGGAACTATGCA,6
CGACTGGAAGAGTCAA,6
CGACTGGAAGATCGCA,6
CGACTGGAAGCAGGAA,6
CGACTGGAAGTCACTA,1
CGACTGGAATCCTGTA,6
CGACTGGAATTGAGGA,1
CGACTGGAATGCCTAA,4
CGACTGGACAACCACA,6
CGACTGGAGACTAGTA,6
CGACTGGACAATGGAA,6
CGACTGGACACTTCGA,7
CGACTGGACAGCGTTA,1
CGACTGGACATACCAA,3
CGACTGGACCAGTTCA,3
CGACTGGACCGAAGTA,3
CGACTGGACCGTGAGA,3
CGACTGGACCTCCTGA,3
CGACTGGAAGTGGTCA,4
CGACTGGACGAACTTA,3
CGACTGGACGACTGGA,3
CGACTGGACGCATACA,3
CGACTGGACTCAATGA,3
CGACTGGACTGAGCCA,3
CGACTGGACTGGCATA,3
CGACTGGAGAATCTGA,3
CGACTGGACAAGACTA,3
CGACTGGAGAGCTGAA,3
CGACTGGAGATAGACA,3
CGACTGGAACCACTGT,4
CGACTGGAGCCACATA,3
CGACTGGAGCGAGTAA,3
CGACTGGAGCTAACGA,3
CGACTGGAGCTCGGTA,3
CGACTGGAGGAGAACA,3
CGACTGGAGGTGCGAA,3
CGACTGGAGTACGCAA,3
CGACTGGAGTCGTAGA,3
CGACTGGAGTCTGTCA,3
CGACTGGAGTGTTCTA,3
CGACTGGAACATTGGC,4
CGACTGGATAGGATGA,3
CGACTGGATATCAGCA,3
CGACTGGATCCGTCTA,3
CGACTGGATCTTCACA,3
CGACTGGATGAAGAGA,3
CGACTGGATGGAACAA,3
CGACTGGATGGCTTCA,3
CGACTGGATGGTGGTA,3
CGACTGGATTCACGCA,3
CGACTGGAAACTCACC,3
CGACTGGACAGATCTG,2
CGACTGGAAAGAGATC,3
CGACTGGAAAGGACAC,3
CGACTGGAAATCCGTC,3
CGACTGGAAATGTTGC,3
CGACTGGAACACGACC,3
CGACTGGAACAGATTC,3
CGACTGGAAGATGTAC,3
CGACTGGAAGCACCTC,3
CGACTGGAAGCCATGC,3
CGACTGGAAGGCTAAC,5
CGACTGGACATCAAGT,2
CGACTGGAATAGCGAC,1
CGACTGGAATCATTCC,1
CGACTGGAATTGGCTC,8
CGACTGGACAAGGAGC,8
CGACTGGACACCTTAC,8
CGACTGGACCATCCTC,8
CGACTGGACCGACAAC,8
CGACTGGACCTAATCC,8
CGACTGGACCTCTATC,8
CGACTGGACGACACAC,8
CGACTGGACGCTGATC,2
CGACTGGACGGATTGC,8
CGACTGGACTAAGGTC,8
CGACTGGAGAACAGGC,8
CGACTGGAGACAGTGC,8
CGACTGGAGAGTTAGC,8
CGACTGGAGATGAATC,8
CGACTGGAGCCAAGAC,8
CGACTGGACGGAAGAA,8
CGACTGGAGTGACAAG,8
CGACTGGAGAACCAGA,8
CGAACTTAAACGTGAT,4
CGAACTTAACAAGCTA,2
CGAACTTATTGCTGGA,8
CGAACTTACTGTAGCC,2
CGAACTTAAGTACAAG,2
CGAACTTAAACAACCA,2
CGAACTTAAACCGAGA,1
CGAACTTAAACGCTTA,1
CGAACTTAAAGACGGA,1
CGAACTTAAAGGTACA,1
CGAACTTAACACAGAA,1
CGAACTTAACAGCAGA,1
CGAACTTAAAACATCG,4
CGAACTTAACCTCCAA,1
CGAACTTAACGCTCGA,6
CGAACTTAACGTATCA,6
CGAACTTAACTATGCA,6
CGAACTTAAGAGTCAA,6
CGAACTTAAGATCGCA,1
CGAACTTAAGCAGGAA,1
CGAACTTAAGTCACTA,1
CGAACTTAATCCTGTA,1
CGAACTTAATTGAGGA,1
CGAACTTAATGCCTAA,4
CGAACTTACAACCACA,6
CGAACTTAGACTAGTA,6
CGAACTTACAATGGAA,7
CGAACTTACACTTCGA,7
CGAACTTACAGCGTTA,7
CGAACTTACATACCAA,3
CGAACTTACCAGTTCA,3
CGAACTTACCGAAGTA,3
CGAACTTACCGTGAGA,3
CGAACTTACCTCCTGA,3
CGAACTTAAGTGGTCA,4
CGAACTTACGAACTTA,3
CGAACTTACGACTGGA,3
CGAACTTACGCATACA,3
CGAACTTACTCAATGA,3
CGAACTTACTGAGCCA,3
CGAACTTACTGGCATA,3
CGAACTTAGAATCTGA,3
CGAACTTACAAGACTA,3
CGAACTTAGAGCTGAA,3
CGAACTTAGATAGACA,3
CGAACTTAACCACTGT,4
CGAACTTAGCCACATA,3
CGAACTTAGCGAGTAA,3
CGAACTTAGCTAACGA,3
CGAACTTAGCTCGGTA,3
CGAACTTAGGAGAACA,3
CGAACTTAGGTGCGAA,3
CGAACTTAGTACGCAA,3
CGAACTTAGTCGTAGA,3
CGAACTTAGTCTGTCA,3
CGAACTTAGTGTTCTA,3
CGAACTTAACATTGGC,4
CGAACTTATAGGATGA,3
CGAACTTATATCAGCA,3
CGAACTTATCCGTCTA,3
CGAACTTATCTTCACA,3
CGAACTTATGAAGAGA,3
CGAACTTATGGAACAA,3
CGAACTTATGGCTTCA,3
CGAACTTATGGTGGTA,3
CGAACTTATTCACGCA,3
CGAACTTAAACTCACC,3
CGAACTTACAGATCTG,2
CGAACTTAAAGAGATC,3
CGAACTTAAAGGACAC,3
CGAACTTAAATCCGTC,3
CGAACTTAAATGTTGC,3
CGAACTTAACACGACC,3
CGAACTTAACAGATTC,3
CGAACTTAAGATGTAC,3
CGAACTTAAGCACCTC,5
CGAACTTAAGCCATGC,5
CGAACTTAAGGCTAAC,1
CGAACTTACATCAAGT,2
CGAACTTAATAGCGAC,1
CGAACTTAATCATTCC,1
CGAACTTAATTGGCTC,8
CGAACTTACAAGGAGC,8
CGAACTTACACCTTAC,8
CGAACTTACCATCCTC,8
CGAACTTACCGACAAC,8
CGAACTTACCTAATCC,8
CGAACTTACCTCTATC,8
CGAACTTACGACACAC,8
CGAACTTACGCTGATC,2
CGAACTTACGGATTGC,8
CGAACTTACTAAGGTC,8
CGAACTTAGAACAGGC,8
CGAACTTAGACAGTGC,8
CGAACTTAGAGTTAGC,8
CGAACTTAGATGAATC,8
CGAACTTAGCCAAGAC,8
CGAACTTACGGAAGAA,8
CGAACTTAGTGACAAG,8
CGAACTTAGAACCAGA,8
CCTCCTGAAACGTGAT,1
CCTCCTGAACAAGCTA,2
CCTCCTGATTGCTGGA,8
CCTCCTGACTGTAGCC,2
CCTCCTGAAGTACAAG,2
CCTCCTGAAACAACCA,2
CCTCCTGAAACCGAGA,1
CCTCCTGAAACGCTTA,1
CCTCCTGAAAGACGGA,1
CCTCCTGAAAGGTACA,1
CCTCCTGAACACAGAA,1
CCTCCTGAACAGCAGA,1
CCTCCTGAAAACATCG,4
CCTCCTGAACCTCCAA,6
CCTCCTGAACGCTCGA,6
CCTCCTGAACGTATCA,6
CCTCCTGAACTATGCA,6
CCTCCTGAAGAGTCAA,6
CCTCCTGAAGATCGCA,6
CCTCCTGAAGCAGGAA,1
CCTCCTGAAGTCACTA,1
CCTCCTGAATCCTGTA,6
CCTCCTGAATTGAGGA,6
CCTCCTGAATGCCTAA,4
CCTCCTGACAACCACA,6
CCTCCTGAGACTAGTA,6
CCTCCTGACAATGGAA,7
CCTCCTGACACTTCGA,7
CCTCCTGACAGCGTTA,7
CCTCCTGACATACCAA,3
CCTCCTGACCAGTTCA,3
CCTCCTGACCGAAGTA,3
CCTCCTGACCGTGAGA,3
CCTCCTGACCTCCTGA,3
CCTCCTGAAGTGGTCA,4
CCTCCTGACGAACTTA,3
CCTCCTGACGACTGGA,3
CCTCCTGACGCATACA,3
CCTCCTGACTCAATGA,3
CCTCCTGACTGAGCCA,3
CCTCCTGACTGGCATA,3
CCTCCTGAGAATCTGA,3
CCTCCTGACAAGACTA,3
CCTCCTGAGAGCTGAA,3
CCTCCTGAGATAGACA,3
CCTCCTGAACCACTGT,4
CCTCCTGAGCCACATA,3
CCTCCTGAGCGAGTAA,3
CCTCCTGAGCTAACGA,3
CCTCCTGAGCTCGGTA,3
CCTCCTGAGGAGAACA,3
CCTCCTGAGGTGCGAA,3
CCTCCTGAGTACGCAA,3
CCTCCTGAGTCGTAGA,3
CCTCCTGAGTCTGTCA,3
CCTCCTGAGTGTTCTA,3
CCTCCTGAACATTGGC,4
CCTCCTGATAGGATGA,3
CCTCCTGATATCAGCA,3
CCTCCTGATCCGTCTA,3
CCTCCTGATCTTCACA,3
CCTCCTGATGAAGAGA,3
CCTCCTGATGGAACAA,3
CCTCCTGATGGCTTCA,3
CCTCCTGATGGTGGTA,3
CCTCCTGATTCACGCA,3
CCTCCTGAAACTCACC,3
CCTCCTGACAGATCTG,4
CCTCCTGAAAGAGATC,3
CCTCCTGAAAGGACAC,3
CCTCCTGAAATCCGTC,3
CCTCCTGAAATGTTGC,3
CCTCCTGAACACGACC,3
CCTCCTGAACAGATTC,3
CCTCCTGAAGATGTAC,3
CCTCCTGAAGCACCTC,5
CCTCCTGAAGCCATGC,5
CCTCCTGAAGGCTAAC,1
CCTCCTGACATCAAGT,2
CCTCCTGAATAGCGAC,1
CCTCCTGAATCATTCC,1
CCTCCTGAATTGGCTC,8
CCTCCTGACAAGGAGC,8
CCTCCTGACACCTTAC,8
CCTCCTGACCATCCTC,8
CCTCCTGACCGACAAC,8
CCTCCTGACCTAATCC,8
CCTCCTGACCTCTATC,8
CCTCCTGACGACACAC,8
CCTCCTGACGCTGATC,2
CCTCCTGACGGATTGC,8
CCTCCTGACTAAGGTC,8
CCTCCTGAGAACAGGC,8
CCTCCTGAGACAGTGC,8
CCTCCTGAGAGTTAGC,8
CCTCCTGAGATGAATC,8
CCTCCTGAGCCAAGAC,8
CCTCCTGACGGAAGAA,8
CCTCCTGAGTGACAAG,8
CCTCCTGAGAACCAGA,8
CCGTGAGAAACGTGAT,1
CCGTGAGAACAAGCTA,2
CCGTGAGATTGCTGGA,8
CCGTGAGACTGTAGCC,2
CCGTGAGAAGTACAAG,2
CCGTGAGAAACAACCA,2
CCGTGAGAAACCGAGA,2
CCGTGAGAAACGCTTA,1
CCGTGAGAAAGACGGA,1
CCGTGAGAAAGGTACA,1
CCGTGAGAACACAGAA,1
CCGTGAGAACAGCAGA,1
CCGTGAGAAAACATCG,2
CCGTGAGAACCTCCAA,6
CCGTGAGAACGCTCGA,6
CCGTGAGAACGTATCA,6
CCGTGAGAACTATGCA,6
CCGTGAGAAGAGTCAA,6
CCGTGAGAAGATCGCA,6
CCGTGAGAAGCAGGAA,1
CCGTGAGAAGTCACTA,1
CCGTGAGAATCCTGTA,6
CCGTGAGAATTGAGGA,6
CCGTGAGAATGCCTAA,4
CCGTGAGACAACCACA,6
CCGTGAGAGACTAGTA,6
CCGTGAGACAATGGAA,7
CCGTGAGACACTTCGA,6
CCGTGAGACAGCGTTA,7
CCGTGAGACATACCAA,7
CCGTGAGACCAGTTCA,3
CCGTGAGACCGAAGTA,3
CCGTGAGACCGTGAGA,3
CCGTGAGACCTCCTGA,3
CCGTGAGAAGTGGTCA,4
CCGTGAGACGAACTTA,3
CCGTGAGACGACTGGA,3
CCGTGAGACGCATACA,3
CCGTGAGACTCAATGA,3
CCGTGAGACTGAGCCA,3
CCGTGAGACTGGCATA,3
CCGTGAGAGAATCTGA,3
CCGTGAGACAAGACTA,3
CCGTGAGAGAGCTGAA,3
CCGTGAGAGATAGACA,3
CCGTGAGAACCACTGT,4
CCGTGAGAGCCACATA,3
CCGTGAGAGCGAGTAA,3
CCGTGAGAGCTAACGA,3
CCGTGAGAGCTCGGTA,3
CCGTGAGAGGAGAACA,3
CCGTGAGAGGTGCGAA,3
CCGTGAGAGTACGCAA,3
CCGTGAGAGTCGTAGA,3
CCGTGAGAGTCTGTCA,3
CCGTGAGAGTGTTCTA,3
CCGTGAGAACATTGGC,4
CCGTGAGATAGGATGA,3
CCGTGAGATATCAGCA,3
CCGTGAGATCCGTCTA,3
CCGTGAGATCTTCACA,3
CCGTGAGATGAAGAGA,3
CCGTGAGATGGAACAA,3
CCGTGAGATGGCTTCA,3
CCGTGAGATGGTGGTA,3
CCGTGAGATTCACGCA,3
CCGTGAGAAACTCACC,3
CCGTGAGACAGATCTG,4
CCGTGAGAAAGAGATC,3
CCGTGAGAAAGGACAC,1
CCGTGAGAAATCCGTC,3
CCGTGAGAAATGTTGC,3
CCGTGAGAACACGACC,3
CCGTGAGAACAGATTC,3
CCGTGAGAAGATGTAC,3
CCGTGAGAAGCACCTC,5
CCGTGAGAAGCCATGC,1
CCGTGAGAAGGCTAAC,1
CCGTGAGACATCAAGT,2
CCGTGAGAATAGCGAC,1
CCGTGAGAATCATTCC,1
CCGTGAGAATTGGCTC,8
CCGTGAGACAAGGAGC,8
CCGTGAGACACCTTAC,8
CCGTGAGACCATCCTC,8
CCGTGAGACCGACAAC,8
CCGTGAGACCTAATCC,8
CCGTGAGACCTCTATC,8
CCGTGAGACGACACAC,8
CCGTGAGACGCTGATC,2
CCGTGAGACGGATTGC,8
CCGTGAGACTAAGGTC,8
CCGTGAGAGAACAGGC,8
CCGTGAGAGACAGTGC,8
CCGTGAGAGAGTTAGC,8
CCGTGAGAGATGAATC,8
CCGTGAGAGCCAAGAC,8
CCGTGAGACGGAAGAA,8
CCGTGAGAGTGACAAG,8
CCGTGAGAGAACCAGA,8
CCGAAGTAAACGTGAT,1
CCGAAGTAACAAGCTA,2
CCGAAGTATTGCTGGA,8
CCGAAGTACTGTAGCC,2
CCGAAGTAAGTACAAG,2
CCGAAGTAAACAACCA,2
CCGAAGTAAACCGAGA,2
CCGAAGTAAACGCTTA,1
CCGAAGTAAAGACGGA,1
CCGAAGTAAAGGTACA,1
CCGAAGTAACACAGAA,1
CCGAAGTAACAGCAGA,1
CCGAAGTAAAACATCG,1
CCGAAGTAACCTCCAA,6
CCGAAGTAACGCTCGA,6
CCGAAGTAACGTATCA,6
CCGAAGTAACTATGCA,6
CCGAAGTAAGAGTCAA,6
CCGAAGTAAGATCGCA,1
CCGAAGTAAGCAGGAA,1
CCGAAGTAAGTCACTA,1
CCGAAGTAATCCTGTA,6
CCGAAGTAATTGAGGA,6
CCGAAGTAATGCCTAA,1
CCGAAGTACAACCACA,6
CCGAAGTAGACTAGTA,6
CCGAAGTACAATGGAA,7
CCGAAGTACACTTCGA,7
CCGAAGTACAGCGTTA,7
CCGAAGTACATACCAA,3
CCGAAGTACCAGTTCA,3
CCGAAGTACCGAAGTA,3
CCGAAGTACCGTGAGA,3
CCGAAGTACCTCCTGA,3
CCGAAGTAAGTGGTCA,4
CCGAAGTACGAACTTA,3
CCGAAGTACGACTGGA,3
CCGAAGTACGCATACA,3
CCGAAGTACTCAATGA,3
CCGAAGTACTGAGCCA,3
CCGAAGTACTGGCATA,3
CCGAAGTAGAATCTGA,3
CCGAAGTACAAGACTA,3
CCGAAGTAGAGCTGAA,3
CCGAAGTAGATAGACA,3
CCGAAGTAACCACTGT,4
CCGAAGTAGCCACATA,3
CCGAAGTAGCGAGTAA,3
CCGAAGTAGCTAACGA,3
CCGAAGTAGCTCGGTA,3
CCGAAGTAGGAGAACA,3
CCGAAGTAGGTGCGAA,3
CCGAAGTAGTACGCAA,3
CCGAAGTAGTCGTAGA,3
CCGAAGTAGTCTGTCA,3
CCGAAGTAGTGTTCTA,3
CCGAAGTAACATTGGC,4
CCGAAGTATAGGATGA,3
CCGAAGTATATCAGCA,3
CCGAAGTATCCGTCTA,3
CCGAAGTATCTTCACA,3
CCGAAGTATGAAGAGA,3
CCGAAGTATGGAACAA,3
CCGAAGTATGGCTTCA,3
CCGAAGTATGGTGGTA,3
CCGAAGTATTCACGCA,3
CCGAAGTAAACTCACC,3
CCGAAGTACAGATCTG,4
CCGAAGTAAAGAGATC,3
CCGAAGTAAAGGACAC,3
CCGAAGTAAATCCGTC,3
CCGAAGTAAATGTTGC,3
CCGAAGTAACACGACC,3
CCGAAGTAACAGATTC,3
CCGAAGTAAGATGTAC,3
CCGAAGTAAGCACCTC,5
CCGAAGTAAGCCATGC,5
CCGAAGTAAGGCTAAC,1
CCGAAGTACATCAAGT,2
CCGAAGTAATAGCGAC,1
CCGAAGTAATCATTCC,1
CCGAAGTAATTGGCTC,8
CCGAAGTACAAGGAGC,8
CCGAAGTACACCTTAC,8
CCGAAGTACCATCCTC,8
CCGAAGTACCGACAAC,8
CCGAAGTACCTAATCC,8
CCGAAGTACCTCTATC,8
CCGAAGTACGACACAC,8
CCGAAGTACGCTGATC,2
CCGAAGTACGGATTGC,8
CCGAAGTACTAAGGTC,8
CCGAAGTAGAACAGGC,8
CCGAAGTAGACAGTGC,8
CCGAAGTAGAGTTAGC,8
CCGAAGTAGATGAATC,8
CCGAAGTAGCCAAGAC,8
CCGAAGTACGGAAGAA,8
CCGAAGTAGTGACAAG,8
CCGAAGTAGAACCAGA,8
CCAGTTCAAACGTGAT,1
CCAGTTCAACAAGCTA,2
CCAGTTCATTGCTGGA,8
CCAGTTCACTGTAGCC,2
CCAGTTCAAGTACAAG,2
CCAGTTCAAACAACCA,2
CCAGTTCAAACCGAGA,2
CCAGTTCAAACGCTTA,2
CCAGTTCAAAGACGGA,1
CCAGTTCAAAGGTACA,1
CCAGTTCAACACAGAA,1
CCAGTTCAACAGCAGA,1
CCAGTTCAAAACATCG,1
CCAGTTCAACCTCCAA,6
CCAGTTCAACGCTCGA,6
CCAGTTCAACGTATCA,6
CCAGTTCAACTATGCA,6
CCAGTTCAAGAGTCAA,1
CCAGTTCAAGATCGCA,6
CCAGTTCAAGCAGGAA,7
CCAGTTCAAGTCACTA,6
CCAGTTCAATCCTGTA,6
CCAGTTCAATTGAGGA,6
CCAGTTCAATGCCTAA,1
CCAGTTCACAACCACA,6
CCAGTTCAGACTAGTA,6
CCAGTTCACAATGGAA,7
CCAGTTCACACTTCGA,7
CCAGTTCACAGCGTTA,7
CCAGTTCACATACCAA,3
CCAGTTCACCAGTTCA,3
CCAGTTCACCGAAGTA,3
CCAGTTCACCGTGAGA,3
CCAGTTCACCTCCTGA,3
CCAGTTCAAGTGGTCA,4
CCAGTTCACGAACTTA,3
CCAGTTCACGACTGGA,3
CCAGTTCACGCATACA,3
CCAGTTCACTCAATGA,3
CCAGTTCACTGAGCCA,3
CCAGTTCACTGGCATA,3
CCAGTTCAGAATCTGA,3
CCAGTTCACAAGACTA,3
CCAGTTCAGAGCTGAA,3
CCAGTTCAGATAGACA,3
CCAGTTCAACCACTGT,4
CCAGTTCAGCCACATA,3
CCAGTTCAGCGAGTAA,3
CCAGTTCAGCTAACGA,3
CCAGTTCAGCTCGGTA,3
CCAGTTCAGGAGAACA,3
CCAGTTCAGGTGCGAA,3
CCAGTTCAGTACGCAA,3
CCAGTTCAGTCGTAGA,3
CCAGTTCAGTCTGTCA,3
CCAGTTCAGTGTTCTA,3
CCAGTTCAACATTGGC,4
CCAGTTCATAGGATGA,3
CCAGTTCATATCAGCA,3
CCAGTTCATCCGTCTA,3
CCAGTTCATCTTCACA,3
CCAGTTCATGAAGAGA,3
CCAGTTCATGGAACAA,3
CCAGTTCATGGCTTCA,3
CCAGTTCATGGTGGTA,3
CCAGTTCATTCACGCA,3
CCAGTTCAAACTCACC,3
CCAGTTCACAGATCTG,4
CCAGTTCAAAGAGATC,3
CCAGTTCAAAGGACAC,3
CCAGTTCAAATCCGTC,3
CCAGTTCAAATGTTGC,3
CCAGTTCAACACGACC,3
CCAGTTCAACAGATTC,3
CCAGTTCAAGATGTAC,3
CCAGTTCAAGCACCTC,3
CCAGTTCAAGCCATGC,1
CCAGTTCAAGGCTAAC,1
CCAGTTCACATCAAGT,4
CCAGTTCAATAGCGAC,1
CCAGTTCAATCATTCC,1
CCAGTTCAATTGGCTC,8
CCAGTTCACAAGGAGC,8
CCAGTTCACACCTTAC,8
CCAGTTCACCATCCTC,8
CCAGTTCACCGACAAC,8
CCAGTTCACCTAATCC,8
CCAGTTCACCTCTATC,8
CCAGTTCACGACACAC,8
CCAGTTCACGCTGATC,2
CCAGTTCACGGATTGC,8
CCAGTTCACTAAGGTC,8
CCAGTTCAGAACAGGC,8
CCAGTTCAGACAGTGC,8
CCAGTTCAGAGTTAGC,8
CCAGTTCAGATGAATC,8
CCAGTTCAGCCAAGAC,8
CCAGTTCACGGAAGAA,8
CCAGTTCAGTGACAAG,8
CCAGTTCAGAACCAGA,8
CATACCAAAACGTGAT,1
CATACCAAACAAGCTA,2
CATACCAATTGCTGGA,8
CATACCAACTGTAGCC,2
CATACCAAAGTACAAG,2
CATACCAAAACAACCA,2
CATACCAAAACCGAGA,2
CATACCAAAACGCTTA,2
CATACCAAAAGACGGA,2
CATACCAAAAGGTACA,1
CATACCAAACACAGAA,1
CATACCAAACAGCAGA,1
CATACCAAAAACATCG,1
CATACCAAACCTCCAA,1
CATACCAAACGCTCGA,6
CATACCAAACGTATCA,6
CATACCAAACTATGCA,6
CATACCAAAGAGTCAA,6
CATACCAAAGATCGCA,1
CATACCAAAGCAGGAA,1
CATACCAAAGTCACTA,1
CATACCAAATCCTGTA,1
CATACCAAATTGAGGA,1
CATACCAAATGCCTAA,1
CATACCAACAACCACA,1
CATACCAAGACTAGTA,1
CATACCAACAATGGAA,1
CATACCAACACTTCGA,7
CATACCAACAGCGTTA,7
CATACCAACATACCAA,7
CATACCAACCAGTTCA,3
CATACCAACCGAAGTA,3
CATACCAACCGTGAGA,3
CATACCAACCTCCTGA,3
CATACCAAAGTGGTCA,1
CATACCAACGAACTTA,3
CATACCAACGACTGGA,3
CATACCAACGCATACA,3
CATACCAACTCAATGA,3
CATACCAACTGAGCCA,3
CATACCAACTGGCATA,3
CATACCAAGAATCTGA,3
CATACCAACAAGACTA,3
CATACCAAGAGCTGAA,3
CATACCAAGATAGACA,3
CATACCAAACCACTGT,4
CATACCAAGCCACATA,3
CATACCAAGCGAGTAA,3
CATACCAAGCTAACGA,3
CATACCAAGCTCGGTA,3
CATACCAAGGAGAACA,3
CATACCAAGGTGCGAA,3
CATACCAAGTACGCAA,3
CATACCAAGTCGTAGA,3
CATACCAAGTCTGTCA,3
CATACCAAGTGTTCTA,3
CATACCAAACATTGGC,4
CATACCAATAGGATGA,3
CATACCAATATCAGCA,3
CATACCAATCCGTCTA,3
CATACCAATCTTCACA,3
CATACCAATGAAGAGA,3
CATACCAATGGAACAA,3
CATACCAATGGCTTCA,3
CATACCAATGGTGGTA,3
CATACCAATTCACGCA,3
CATACCAAAACTCACC,3
CATACCAACAGATCTG,4
CATACCAAAAGAGATC,3
CATACCAAAAGGACAC,3
CATACCAAAATCCGTC,3
CATACCAAAATGTTGC,3
CATACCAAACACGACC,3
CATACCAAACAGATTC,3
CATACCAAAGATGTAC,3
CATACCAAAGCACCTC,3
CATACCAAAGCCATGC,1
CATACCAAAGGCTAAC,1
CATACCAACATCAAGT,4
CATACCAAATAGCGAC,1
CATACCAAATCATTCC,1
CATACCAAATTGGCTC,8
CATACCAACAAGGAGC,8
CATACCAACACCTTAC,8
CATACCAACCATCCTC,8
CATACCAACCGACAAC,8
CATACCAACCTAATCC,8
CATACCAACCTCTATC,8
CATACCAACGACACAC,8
CATACCAACGCTGATC,2
CATACCAACGGATTGC,8
CATACCAACTAAGGTC,8
CATACCAAGAACAGGC,8
CATACCAAGACAGTGC,8
CATACCAAGAGTTAGC,8
CATACCAAGATGAATC,8
CATACCAAGCCAAGAC,8
CATACCAACGGAAGAA,8
CATACCAAGTGACAAG,8
CATACCAAGAACCAGA,8
CAGCGTTAACAAGCTA,2
CAGCGTTATTGCTGGA,1
CAGCGTTACTGTAGCC,2
CAGCGTTAAGTACAAG,2
CAGCGTTAAACAACCA,2
CAGCGTTAAACCGAGA,2
CAGCGTTAAACGCTTA,2
CAGCGTTAAAGACGGA,1
CAGCGTTAAAGGTACA,1
CAGCGTTAACACAGAA,1
CAGCGTTAACAGCAGA,1
CAGCGTTAAAACATCG,1
CAGCGTTAACCTCCAA,1
CAGCGTTAACGCTCGA,1
CAGCGTTAACGTATCA,6
CAGCGTTAACTATGCA,6
CAGCGTTAAGAGTCAA,6
CAGCGTTAAGATCGCA,6
CAGCGTTAAGCAGGAA,1
CAGCGTTAAGTCACTA,1
CAGCGTTAATCCTGTA,1
CAGCGTTAATTGAGGA,1
CAGCGTTAATGCCTAA,1
CAGCGTTACAACCACA,1
CAGCGTTAGACTAGTA,1
CAGCGTTACAATGGAA,1
CAGCGTTACACTTCGA,7
CAGCGTTACAGCGTTA,7
CAGCGTTACATACCAA,3
CAGCGTTACCAGTTCA,3
CAGCGTTACCGAAGTA,3
CAGCGTTACCGTGAGA,3
CAGCGTTACCTCCTGA,3
CAGCGTTAAGTGGTCA,4
CAGCGTTACGAACTTA,3
CAGCGTTACGACTGGA,3
CAGCGTTACGCATACA,3
CAGCGTTACTCAATGA,3
CAGCGTTACTGAGCCA,3
CAGCGTTACTGGCATA,3
CAGCGTTAGAATCTGA,3
CAGCGTTACAAGACTA,3
CAGCGTTAGAGCTGAA,3
CAGCGTTAGATAGACA,3
CAGCGTTAACCACTGT,4
CAGCGTTAGCCACATA,3
CAGCGTTAGCGAGTAA,3
CAGCGTTAGCTAACGA,3
CAGCGTTAGCTCGGTA,3
CAGCGTTAGGAGAACA,3
CAGCGTTAGGTGCGAA,3
CAGCGTTAGTACGCAA,3
CAGCGTTAGTCGTAGA,3
CAGCGTTAGTCTGTCA,3
CAGCGTTAGTGTTCTA,3
CAGCGTTAACATTGGC,4
CAGCGTTATAGGATGA,3
CAGCGTTATATCAGCA,3
CAGCGTTATCCGTCTA,3
CAGCGTTATCTTCACA,3
CAGCGTTATGAAGAGA,3
CAGCGTTATGGAACAA,3
CAGCGTTATGGCTTCA,3
CAGCGTTATGGTGGTA,3
CAGCGTTATTCACGCA,3
CAGCGTTAAACTCACC,3
CAGCGTTACAGATCTG,4
CAGCGTTAAAGAGATC,3
CAGCGTTAAAGGACAC,3
CAGCGTTAAATCCGTC,3
CAGCGTTAAATGTTGC,3
CAGCGTTAACACGACC,3
CAGCGTTAACAGATTC,3
CAGCGTTAAGATGTAC,3
CAGCGTTAAGCACCTC,3
CAGCGTTAAGCCATGC,1
CAGCGTTAAGGCTAAC,1
CAGCGTTACATCAAGT,4
CAGCGTTAATAGCGAC,1
CAGCGTTAATCATTCC,1
CAGCGTTAATTGGCTC,1
CAGCGTTACAAGGAGC,8
CAGCGTTACACCTTAC,8
CAGCGTTACCATCCTC,8
CAGCGTTACCGACAAC,8
CAGCGTTACCTAATCC,8
CAGCGTTACCTCTATC,8
CAGCGTTACGACACAC,8
CAGCGTTACGCTGATC,2
CAGCGTTACGGATTGC,8
CAGCGTTACTAAGGTC,8
CAGCGTTAGAACAGGC,8
CAGCGTTAGACAGTGC,8
CAGCGTTAGAGTTAGC,8
CAGCGTTAGATGAATC,8
CAGCGTTAGCCAAGAC,8
CAGCGTTACGGAAGAA,8
CAGCGTTAGTGACAAG,8
CAGCGTTAGAACCAGA,8
CACTTCGAACAAGCTA,2
CACTTCGATTGCTGGA,1
CACTTCGACTGTAGCC,2
CACTTCGAAGTACAAG,2
CACTTCGAAACAACCA,2
CACTTCGAAACCGAGA,2
CACTTCGAAACGCTTA,1
CACTTCGAAAGACGGA,1
CACTTCGAAAGGTACA,1
CACTTCGAACACAGAA,1
CACTTCGAACAGCAGA,1
CACTTCGAAAACATCG,1
CACTTCGAACCTCCAA,1
CACTTCGAACGCTCGA,6
CACTTCGAACGTATCA,6
CACTTCGAACTATGCA,6
CACTTCGAAGAGTCAA,6
CACTTCGAAGATCGCA,1
CACTTCGAAGCAGGAA,1
CACTTCGAAGTCACTA,1
CACTTCGAATCCTGTA,1
CACTTCGAATTGAGGA,1
CACTTCGAATGCCTAA,1
CACTTCGACAACCACA,1
CACTTCGAGACTAGTA,1
CACTTCGACAATGGAA,1
CACTTCGACACTTCGA,7
CACTTCGACAGCGTTA,7
CACTTCGACATACCAA,3
CACTTCGACCAGTTCA,3
CACTTCGACCGAAGTA,3
CACTTCGACCGTGAGA,3
CACTTCGACCTCCTGA,3
CACTTCGAAGTGGTCA,1
CACTTCGACGAACTTA,3
CACTTCGACGACTGGA,3
CACTTCGACGCATACA,3
CACTTCGACTCAATGA,3
CACTTCGACTGAGCCA,3
CACTTCGACTGGCATA,3
CACTTCGAGAATCTGA,3
CACTTCGACAAGACTA,3
CACTTCGAGAGCTGAA,3
CACTTCGAGATAGACA,3
CACTTCGAACCACTGT,4
CACTTCGAGCCACATA,3
CACTTCGAGCGAGTAA,3
CACTTCGAGCTAACGA,3
CACTTCGAGCTCGGTA,3
CACTTCGAGGAGAACA,3
CACTTCGAGGTGCGAA,3
CACTTCGAGTACGCAA,3
CACTTCGAGTCGTAGA,3
CACTTCGAGTCTGTCA,3
CACTTCGAGTGTTCTA,3
CACTTCGAACATTGGC,4
CACTTCGATAGGATGA,3
CACTTCGATATCAGCA,3
CACTTCGATCCGTCTA,3
CACTTCGATCTTCACA,3
CACTTCGATGAAGAGA,3
CACTTCGATGGAACAA,3
CACTTCGATGGCTTCA,3
CACTTCGATGGTGGTA,3
CACTTCGATTCACGCA,3
CACTTCGAAACTCACC,3
CACTTCGACAGATCTG,4
CACTTCGAAAGAGATC,3
CACTTCGAAAGGACAC,3
CACTTCGAAATCCGTC,3
CACTTCGAAATGTTGC,3
CACTTCGAACACGACC,3
CACTTCGAACAGATTC,3
CACTTCGAAGATGTAC,3
CACTTCGAAGCACCTC,3
CACTTCGAAGCCATGC,1
CACTTCGAAGGCTAAC,1
CACTTCGACATCAAGT,4
CACTTCGAATAGCGAC,1
CACTTCGAATCATTCC,1
CACTTCGAATTGGCTC,5
CACTTCGACAAGGAGC,5
CACTTCGACACCTTAC,8
CACTTCGACCATCCTC,8
CACTTCGACCGACAAC,8
CACTTCGACCTAATCC,8
CACTTCGACCTCTATC,8
CACTTCGACGACACAC,8
CACTTCGACGCTGATC,4
CACTTCGACGGATTGC,8
CACTTCGACTAAGGTC,8
CACTTCGAGAACAGGC,8
CACTTCGAGACAGTGC,8
CACTTCGAGAGTTAGC,8
CACTTCGAGATGAATC,8
CACTTCGAGCCAAGAC,8
CACTTCGACGGAAGAA,8
CACTTCGAGTGACAAG,8
CACTTCGAGAACCAGA,8
CAATGGAAACAAGCTA,2
CAATGGAATTGCTGGA,1
CAATGGAACTGTAGCC,2
CAATGGAAAGTACAAG,2
CAATGGAAAACAACCA,2
CAATGGAAAACCGAGA,1
CAATGGAAAACGCTTA,1
CAATGGAAAAGACGGA,1
CAATGGAAAAGGTACA,1
CAATGGAAACACAGAA,1
CAATGGAAACAGCAGA,1
CAATGGAAAAACATCG,1
CAATGGAAACCTCCAA,1
CAATGGAAACGCTCGA,6
CAATGGAAACGTATCA,6
CAATGGAAACTATGCA,6
CAATGGAAAGAGTCAA,6
CAATGGAAAGATCGCA,6
CAATGGAAAGCAGGAA,1
CAATGGAAAGTCACTA,1
CAATGGAAATCCTGTA,1
CAATGGAAATTGAGGA,1
CAATGGAAATGCCTAA,1
CAATGGAACAACCACA,1
CAATGGAAGACTAGTA,1
CAATGGAACAATGGAA,6
CAATGGAACACTTCGA,7
CAATGGAACAGCGTTA,6
CAATGGAACATACCAA,3
CAATGGAACCAGTTCA,3
CAATGGAACCGAAGTA,3
CAATGGAACCGTGAGA,3
CAATGGAACCTCCTGA,3
CAATGGAACGAACTTA,3
CAATGGAACGACTGGA,3
CAATGGAACGCATACA,3
CAATGGAACTCAATGA,3
CAATGGAACTGAGCCA,3
CAATGGAACTGGCATA,3
CAATGGAAGAATCTGA,3
CAATGGAACAAGACTA,3
CAATGGAAGAGCTGAA,3
CAATGGAAGATAGACA,3
CAATGGAAACCACTGT,4
CAATGGAAGCCACATA,3
CAATGGAAGCGAGTAA,3
CAATGGAAGCTAACGA,3
CAATGGAAGCTCGGTA,3
CAATGGAAGGAGAACA,3
CAATGGAAGGTGCGAA,3
CAATGGAAGTACGCAA,3
CAATGGAAGTCGTAGA,3
CAATGGAAGTCTGTCA,3
CAATGGAAGTGTTCTA,3
CAATGGAAACATTGGC,4
CAATGGAATAGGATGA,3
CAATGGAATATCAGCA,3
CAATGGAATCCGTCTA,3
CAATGGAATCTTCACA,3
CAATGGAATGAAGAGA,3
CAATGGAATGGAACAA,3
CAATGGAATGGCTTCA,3
CAATGGAATGGTGGTA,3
CAATGGAATTCACGCA,3
CAATGGAAAACTCACC,3
CAATGGAACAGATCTG,4
CAATGGAAAAGAGATC,3
CAATGGAAAAGGACAC,3
CAATGGAAAATCCGTC,9
CAATGGAAAATGTTGC,3
CAATGGAAACACGACC,3
CAATGGAAACAGATTC,3
CAATGGAAAGATGTAC,3
CAATGGAAAGCACCTC,5
CAATGGAAAGCCATGC,5
CAATGGAAAGGCTAAC,1
CAATGGAACATCAAGT,4
CAATGGAAATAGCGAC,1
CAATGGAAATCATTCC,1
CAATGGAAATTGGCTC,5
CAATGGAACAAGGAGC,5
CAATGGAACACCTTAC,8
CAATGGAACCATCCTC,8
CAATGGAACCGACAAC,8
CAATGGAACCTAATCC,8
CAATGGAACCTCTATC,8
CAATGGAACGACACAC,8
CAATGGAACGCTGATC,2
CAATGGAACGGATTGC,8
CAATGGAACTAAGGTC,8
CAATGGAAGAACAGGC,8
CAATGGAAGACAGTGC,8
CAATGGAAGAGTTAGC,8
CAATGGAAGATGAATC,8
CAATGGAAGCCAAGAC,8
CAATGGAACGGAAGAA,8
CAATGGAAGTGACAAG,8
CAATGGAAGAACCAGA,1
GATGAATCTTGCTGGA,1
GATGAATCACGTATCA,1
GATGAATCACTATGCA,1
GATGAATCAGAGTCAA,1
GATGAATCAGATCGCA,1
GATGAATCAGCAGGAA,1
GATGAATCAGTCACTA,4
GATGAATCATCCTGTA,4
GATGAATCATTGAGGA,4
GATGAATCCAACCACA,4
GATGAATCGACTAGTA,4
GATGAATCCAATGGAA,4
GATGAATCCACTTCGA,4
GATGAATCCAGCGTTA,4
GATGAATCCATACCAA,4
GATGAATCCCAGTTCA,4
GATGAATCCCGAAGTA,4
GATGAATCCCGTGAGA,4
GATGAATCCCTCCTGA,4
GATGAATCCGAACTTA,4
GATGAATCCGACTGGA,4
GATGAATCCGCATACA,2
GATGAATCCTCAATGA,2
GATGAATCCTGAGCCA,2
GATGAATCCTGGCATA,2
GATGAATCGAATCTGA,2
GATGAATCCAAGACTA,2
GATGAATCGAGCTGAA,2
GATGAATCGATAGACA,1
GATGAATCGCCACATA,2
GATGAATCGCGAGTAA,1
GATGAATCGCTAACGA,1
GATGAATCGCTCGGTA,1
GATGAATCGGAGAACA,1
GATGAATCGGTGCGAA,1
GATGAATCGTACGCAA,1
GATGAATCGTCGTAGA,1
GATGAATCGTCTGTCA,1
GATGAATCGTGTTCTA,1
GATGAATCTAGGATGA,1
GATGAATCTATCAGCA,1
GATGAATCTCCGTCTA,1
GATGAATCTCTTCACA,1
GATGAATCTGAAGAGA,1
GATGAATCTGGAACAA,6
GATGAATCTGGCTTCA,1
GATGAATCTGGTGGTA,1
GATGAATCTTCACGCA,1
GATGAATCAACTCACC,1
GATGAATCAAGAGATC,1
GATGAATCAAGGACAC,1
GATGAATCAATCCGTC,6
GATGAATCAATGTTGC,6
GATGAATCACACGACC,6
GATGAATCACAGATTC,6
GATGAATCAGATGTAC,6
GATGAATCAGCACCTC,6
GATGAATCAGCCATGC,6
GATGAATCAGGCTAAC,1
GATGAATCATAGCGAC,1
GATGAATCATCATTCC,1
GATGAATCATTGGCTC,1
GATGAATCCAAGGAGC,1
GATGAATCCACCTTAC,1
GATGAATCCCATCCTC,1
GATGAATCCCGACAAC,1
GATGAATCCCTAATCC,1
GATGAATCCCTCTATC,1
GATGAATCCGACACAC,2
GATGAATCCGGATTGC,2
GATGAATCCTAAGGTC,2
GATGAATCGAACAGGC,2
GATGAATCGACAGTGC,2
GATGAATCGAGTTAGC,1
GATGAATCGATGAATC,1
GATGAATCGCCAAGAC,1
GATGAATCCGGAAGAA,1
GATGAATCGTGACAAG,1
GATGAATCGAACCAGA,1
GACTAGTAACAAGCTA,2
GACTAGTATTGCTGGA,1
GACTAGTACTGTAGCC,2
GACTAGTAAGTACAAG,2
GACTAGTAAACAACCA,2
GACTAGTAAACCGAGA,1
GACTAGTAAACGCTTA,1
GACTAGTAAAGACGGA,1
GACTAGTAAAGGTACA,1
GACTAGTAACACAGAA,1
GACTAGTAACAGCAGA,1
GACTAGTAACCTCCAA,1
GACTAGTAACGCTCGA,6
GACTAGTAACGTATCA,6
GACTAGTAACTATGCA,6
GACTAGTAAGAGTCAA,6
GACTAGTAAGATCGCA,6
GACTAGTAAGCAGGAA,1
GACTAGTAAGTCACTA,1
GACTAGTAATCCTGTA,1
GACTAGTAATTGAGGA,1
GACTAGTAATGCCTAA,1
GACTAGTACAACCACA,1
GACTAGTAGACTAGTA,1
GACTAGTACAATGGAA,1
GACTAGTACACTTCGA,6
GACTAGTACAGCGTTA,7
GACTAGTACATACCAA,6
GACTAGTACCAGTTCA,3
GACTAGTACCGAAGTA,3
GACTAGTACCGTGAGA,3
GACTAGTACCTCCTGA,3
GACTAGTAAGTGGTCA,1
GACTAGTACGAACTTA,3
GACTAGTACGACTGGA,3
GACTAGTACGCATACA,3
GACTAGTACTCAATGA,3
GACTAGTACTGAGCCA,3
GACTAGTACTGGCATA,3
GACTAGTAGAATCTGA,3
GACTAGTACAAGACTA,3
GACTAGTAGAGCTGAA,3
GACTAGTAGATAGACA,3
GACTAGTAACCACTGT,1
GACTAGTAGCCACATA,3
GACTAGTAGCGAGTAA,3
GACTAGTAGCTAACGA,3
GACTAGTAGCTCGGTA,3
GACTAGTAGGAGAACA,3
GACTAGTAGGTGCGAA,3
GACTAGTAGTACGCAA,3
GACTAGTAGTCGTAGA,3
GACTAGTAGTCTGTCA,3
GACTAGTAGTGTTCTA,3
GACTAGTAACATTGGC,4
GACTAGTATAGGATGA,3
GACTAGTATATCAGCA,3
GACTAGTATCCGTCTA,3
GACTAGTATCTTCACA,3
GACTAGTATGAAGAGA,3
GACTAGTATGGAACAA,3
GACTAGTATGGCTTCA,3
GACTAGTATGGTGGTA,3
GACTAGTATTCACGCA,3
GACTAGTAAACTCACC,3
GACTAGTACAGATCTG,4
GACTAGTAAAGAGATC,3
GACTAGTAAAGGACAC,3
GACTAGTAAATCCGTC,3
GACTAGTAAATGTTGC,3
GACTAGTAACACGACC,3
GACTAGTAACAGATTC,3
GACTAGTAAGATGTAC,3
GACTAGTAAGCACCTC,5
GACTAGTAAGCCATGC,1
GACTAGTAAGGCTAAC,1
GACTAGTACATCAAGT,4
GACTAGTAATAGCGAC,1
GACTAGTAATCATTCC,1
GACTAGTAATTGGCTC,5
GACTAGTACAAGGAGC,5
GACTAGTACACCTTAC,5
GACTAGTACCATCCTC,8
GACTAGTACCGACAAC,8
GACTAGTACCTAATCC,8
GACTAGTACCTCTATC,8
GACTAGTACGACACAC,8
GACTAGTACGCTGATC,2
GACTAGTACGGATTGC,8
GACTAGTACTAAGGTC,8
GACTAGTAGAACAGGC,8
GACTAGTAGACAGTGC,8
GACTAGTAGAGTTAGC,8
GACTAGTAGATGAATC,8
GACTAGTAGCCAAGAC,8
GACTAGTACGGAAGAA,8
GACTAGTAGTGACAAG,8
GACTAGTAGAACCAGA,1
CAACCACAACAAGCTA,2
CAACCACATTGCTGGA,1
CAACCACACTGTAGCC,2
CAACCACAAGTACAAG,2
CAACCACAAACAACCA,2
CAACCACAAACCGAGA,1
CAACCACAAACGCTTA,1
CAACCACAAAGACGGA,1
CAACCACAAAGGTACA,1
CAACCACAACACAGAA,1
CAACCACAACAGCAGA,1
CAACCACAACCTCCAA,1
CAACCACAACGCTCGA,1
CAACCACAACGTATCA,6
CAACCACAACTATGCA,6
CAACCACAAGAGTCAA,6
CAACCACAAGATCGCA,1
CAACCACAAGCAGGAA,1
CAACCACAAGTCACTA,1
CAACCACAATCCTGTA,1
CAACCACAATTGAGGA,1
CAACCACAATGCCTAA,1
CAACCACACAACCACA,1
CAACCACAGACTAGTA,1
CAACCACACAATGGAA,1
CAACCACACACTTCGA,6
CAACCACACAGCGTTA,6
CAACCACACATACCAA,7
CAACCACACCAGTTCA,7
CAACCACACCGAAGTA,3
CAACCACACCGTGAGA,3
CAACCACACCTCCTGA,3
CAACCACAAGTGGTCA,1
CAACCACACGAACTTA,3
CAACCACACGACTGGA,3
CAACCACACGCATACA,3
CAACCACACTCAATGA,3
CAACCACACTGAGCCA,3
CAACCACACTGGCATA,3
CAACCACAGAATCTGA,3
CAACCACACAAGACTA,3
CAACCACAGAGCTGAA,3
CAACCACAGATAGACA,3
CAACCACAACCACTGT,1
CAACCACAGCCACATA,3
CAACCACAGCGAGTAA,3
CAACCACAGCTAACGA,3
CAACCACAGCTCGGTA,3
CAACCACAGGAGAACA,3
CAACCACAGGTGCGAA,3
CAACCACAGTACGCAA,3
CAACCACAGTCGTAGA,3
CAACCACAGTCTGTCA,3
CAACCACAGTGTTCTA,3
CAACCACAACATTGGC,4
CAACCACATAGGATGA,3
CAACCACATATCAGCA,3
CAACCACATCCGTCTA,3
CAACCACATCTTCACA,3
CAACCACATGAAGAGA,3
CAACCACATGGAACAA,3
CAACCACATGGCTTCA,3
CAACCACATGGTGGTA,3
CAACCACATTCACGCA,3
CAACCACAAACTCACC,3
CAACCACACAGATCTG,4
CAACCACAAAGAGATC,3
CAACCACAAAGGACAC,3
CAACCACAAATCCGTC,3
CAACCACAAATGTTGC,3
CAACCACAACACGACC,3
CAACCACAACAGATTC,3
CAACCACAAGATGTAC,3
CAACCACAAGCACCTC,5
CAACCACAAGCCATGC,1
CAACCACAAGGCTAAC,1
CAACCACACATCAAGT,4
CAACCACAATAGCGAC,1
CAACCACAATCATTCC,5
CAACCACAATTGGCTC,5
CAACCACACAAGGAGC,5
CAACCACACACCTTAC,5
CAACCACACCATCCTC,5
CAACCACACCGACAAC,5
CAACCACACCTAATCC,8
CAACCACACCTCTATC,8
CAACCACACGACACAC,8
CAACCACACGCTGATC,4
CAACCACACGGATTGC,8
CAACCACACTAAGGTC,8
CAACCACAGAACAGGC,8
CAACCACAGACAGTGC,8
CAACCACAGAGTTAGC,8
CAACCACAGATGAATC,8
CAACCACAGCCAAGAC,8
CAACCACACGGAAGAA,8
CAACCACAGTGACAAG,8
CAACCACAGAACCAGA,8
ATTGAGGAACAAGCTA,2
ATTGAGGATTGCTGGA,8
ATTGAGGACTGTAGCC,2
ATTGAGGAAGTACAAG,2
ATTGAGGAAACAACCA,2
ATTGAGGAAACCGAGA,1
ATTGAGGAAACGCTTA,1
ATTGAGGAAAGACGGA,1
ATTGAGGAAAGGTACA,1
ATTGAGGAACACAGAA,1
ATTGAGGAACAGCAGA,1
ATTGAGGAACCTCCAA,1
ATTGAGGAACGCTCGA,1
ATTGAGGAACGTATCA,1
ATTGAGGAACTATGCA,6
ATTGAGGAAGAGTCAA,6
ATTGAGGAAGATCGCA,1
ATTGAGGAAGCAGGAA,1
ATTGAGGAAGTCACTA,1
ATTGAGGAATCCTGTA,1
ATTGAGGAATTGAGGA,1
ATTGAGGACAACCACA,1
ATTGAGGAGACTAGTA,1
ATTGAGGACAATGGAA,1
ATTGAGGACACTTCGA,6
ATTGAGGACAGCGTTA,6
ATTGAGGACATACCAA,7
ATTGAGGACCAGTTCA,3
ATTGAGGACCGAAGTA,1
ATTGAGGACCGTGAGA,3
ATTGAGGACCTCCTGA,3
ATTGAGGAAGTGGTCA,1
ATTGAGGACGAACTTA,3
ATTGAGGACGACTGGA,3
ATTGAGGACGCATACA,3
ATTGAGGACTCAATGA,3
ATTGAGGACTGAGCCA,3
ATTGAGGACTGGCATA,3
ATTGAGGAGAATCTGA,3
ATTGAGGACAAGACTA,3
ATTGAGGAGAGCTGAA,3
ATTGAGGAGATAGACA,3
ATTGAGGAACCACTGT,1
ATTGAGGAGCCACATA,3
ATTGAGGAGCGAGTAA,3
ATTGAGGAGCTAACGA,3
ATTGAGGAGCTCGGTA,3
ATTGAGGAGGAGAACA,3
ATTGAGGAGGTGCGAA,3
ATTGAGGAGTACGCAA,3
ATTGAGGAGTCGTAGA,3
ATTGAGGAGTCTGTCA,3
ATTGAGGAGTGTTCTA,3
ATTGAGGAACATTGGC,4
ATTGAGGATAGGATGA,3
ATTGAGGATATCAGCA,3
ATTGAGGATCCGTCTA,3
ATTGAGGATCTTCACA,3
ATTGAGGATGAAGAGA,3
ATTGAGGATGGAACAA,3
ATTGAGGATGGCTTCA,3
ATTGAGGATGGTGGTA,3
ATTGAGGATTCACGCA,3
ATTGAGGAAACTCACC,3
ATTGAGGACAGATCTG,4
ATTGAGGAAAGAGATC,3
ATTGAGGAAAGGACAC,3
ATTGAGGAAATCCGTC,3
ATTGAGGAAATGTTGC,3
ATTGAGGAACACGACC,5
ATTGAGGAACAGATTC,3
ATTGAGGAAGATGTAC,5
ATTGAGGAAGCACCTC,5
ATTGAGGAAGCCATGC,1
ATTGAGGAAGGCTAAC,1
ATTGAGGACATCAAGT,4
ATTGAGGAATAGCGAC,1
ATTGAGGAATCATTCC,5
ATTGAGGAATTGGCTC,5
ATTGAGGACAAGGAGC,5
ATTGAGGACACCTTAC,5
ATTGAGGACCATCCTC,5
ATTGAGGACCGACAAC,5
ATTGAGGACCTAATCC,8
ATTGAGGACCTCTATC,8
ATTGAGGACGACACAC,8
ATTGAGGACGCTGATC,2
ATTGAGGACGGATTGC,8
ATTGAGGACTAAGGTC,8
ATTGAGGAGAACAGGC,8
ATTGAGGAGACAGTGC,8
ATTGAGGAGAGTTAGC,8
ATTGAGGAGATGAATC,8
ATTGAGGAGCCAAGAC,8
ATTGAGGACGGAAGAA,8
ATTGAGGAGTGACAAG,8
ATTGAGGAGAACCAGA,8
ATCCTGTAACAAGCTA,2
ATCCTGTATTGCTGGA,8
ATCCTGTACTGTAGCC,2
ATCCTGTAAGTACAAG,2
ATCCTGTAAACAACCA,2
ATCCTGTAAACCGAGA,1
ATCCTGTAAACGCTTA,1
ATCCTGTAAAGACGGA,1
ATCCTGTAAAGGTACA,1
ATCCTGTAACACAGAA,1
ATCCTGTAACAGCAGA,1
ATCCTGTAACCTCCAA,1
ATCCTGTAACGCTCGA,1
ATCCTGTAACGTATCA,1
ATCCTGTAACTATGCA,1
ATCCTGTAAGAGTCAA,6
ATCCTGTAAGATCGCA,1
ATCCTGTAAGCAGGAA,1
ATCCTGTAAGTCACTA,1
ATCCTGTAATCCTGTA,1
ATCCTGTAATTGAGGA,1
ATCCTGTACAACCACA,1
ATCCTGTAGACTAGTA,1
ATCCTGTACAATGGAA,1
ATCCTGTACACTTCGA,1
ATCCTGTACAGCGTTA,6
ATCCTGTACATACCAA,6
ATCCTGTACCAGTTCA,7
ATCCTGTACCGAAGTA,3
ATCCTGTACCGTGAGA,3
ATCCTGTACCTCCTGA,3
ATCCTGTAAGTGGTCA,1
ATCCTGTACGAACTTA,3
ATCCTGTACGACTGGA,3
ATCCTGTACGCATACA,3
ATCCTGTACTCAATGA,3
ATCCTGTACTGAGCCA,3
ATCCTGTACTGGCATA,3
ATCCTGTAGAATCTGA,3
ATCCTGTACAAGACTA,3
ATCCTGTAGAGCTGAA,1
ATCCTGTAGATAGACA,3
ATCCTGTAACCACTGT,1
ATCCTGTAGCCACATA,3
ATCCTGTAGCGAGTAA,3
ATCCTGTAGCTAACGA,3
ATCCTGTAGCTCGGTA,3
ATCCTGTAGGAGAACA,3
ATCCTGTAGGTGCGAA,3
ATCCTGTAGTACGCAA,3
ATCCTGTAGTCGTAGA,3
ATCCTGTAGTCTGTCA,3
ATCCTGTAGTGTTCTA,3
ATCCTGTAACATTGGC,1
ATCCTGTATAGGATGA,3
ATCCTGTATATCAGCA,3
ATCCTGTATCCGTCTA,3
ATCCTGTATCTTCACA,3
ATCCTGTATGAAGAGA,3
ATCCTGTATGGAACAA,3
ATCCTGTATGGCTTCA,3
ATCCTGTATGGTGGTA,3
ATCCTGTATTCACGCA,3
ATCCTGTAAACTCACC,3
ATCCTGTACAGATCTG,1
ATCCTGTAAAGAGATC,3
ATCCTGTAAAGGACAC,3
ATCCTGTAAATCCGTC,3
ATCCTGTAAATGTTGC,3
ATCCTGTAACACGACC,5
ATCCTGTAACAGATTC,5
ATCCTGTAAGATGTAC,5
ATCCTGTAAGCACCTC,5
ATCCTGTAAGCCATGC,5
ATCCTGTAAGGCTAAC,5
ATCCTGTACATCAAGT,4
ATCCTGTAATAGCGAC,5
ATCCTGTAATCATTCC,5
ATCCTGTAATTGGCTC,5
ATCCTGTACAAGGAGC,5
ATCCTGTACACCTTAC,5
ATCCTGTACCATCCTC,5
ATCCTGTACCGACAAC,5
ATCCTGTACCTAATCC,5
ATCCTGTACCTCTATC,8
ATCCTGTACGACACAC,8
ATCCTGTACGCTGATC,4
ATCCTGTACGGATTGC,8
ATCCTGTACTAAGGTC,8
ATCCTGTAGAACAGGC,8
ATCCTGTAGACAGTGC,8
ATCCTGTAGAGTTAGC,8
ATCCTGTAGATGAATC,8
ATCCTGTAGCCAAGAC,8
ATCCTGTACGGAAGAA,8
ATCCTGTAGTGACAAG,8
ATCCTGTAGAACCAGA,8
AGTCACTAACAAGCTA,2
AGTCACTATTGCTGGA,8
AGTCACTACTGTAGCC,2
AGTCACTAAGTACAAG,2
AGTCACTAAACAACCA,2
AGTCACTAAACCGAGA,1
AGTCACTAAACGCTTA,1
AGTCACTAAAGACGGA,1
AGTCACTAAAGGTACA,1
AGTCACTAACACAGAA,1
AGTCACTAACAGCAGA,1
AGTCACTAACCTCCAA,1
AGTCACTAACGCTCGA,1
AGTCACTAACGTATCA,1
AGTCACTAACTATGCA,6
AGTCACTAAGAGTCAA,6
AGTCACTAAGATCGCA,1
AGTCACTAAGCAGGAA,6
AGTCACTAAGTCACTA,1
AGTCACTAATCCTGTA,1
AGTCACTAATTGAGGA,1
AGTCACTACAACCACA,1
AGTCACTAGACTAGTA,1
AGTCACTACAATGGAA,1
AGTCACTACACTTCGA,1
AGTCACTACAGCGTTA,1
AGTCACTACATACCAA,6
AGTCACTACCAGTTCA,3
AGTCACTACCGAAGTA,3
AGTCACTACCGTGAGA,3
AGTCACTACCTCCTGA,3
AGTCACTACGAACTTA,3
AGTCACTACGACTGGA,3
AGTCACTACGCATACA,3
AGTCACTACTCAATGA,3
AGTCACTACTGAGCCA,3
AGTCACTACTGGCATA,3
AGTCACTAGAATCTGA,3
AGTCACTACAAGACTA,3
AGTCACTAGAGCTGAA,3
AGTCACTAGATAGACA,3
AGTCACTAACCACTGT,1
AGTCACTAGCCACATA,3
AGTCACTAGCGAGTAA,3
AGTCACTAGCTAACGA,3
AGTCACTAGCTCGGTA,3
AGTCACTAGGAGAACA,3
AGTCACTAGGTGCGAA,3
AGTCACTAGTACGCAA,3
AGTCACTAGTCGTAGA,3
AGTCACTAGTCTGTCA,3
AGTCACTAGTGTTCTA,3
AGTCACTAACATTGGC,1
AGTCACTATAGGATGA,3
AGTCACTATATCAGCA,3
AGTCACTATCCGTCTA,3
AGTCACTATCTTCACA,3
AGTCACTATGAAGAGA,3
AGTCACTATGGAACAA,3
AGTCACTATGGCTTCA,3
AGTCACTATGGTGGTA,3
AGTCACTATTCACGCA,3
AGTCACTAAACTCACC,3
AGTCACTACAGATCTG,1
AGTCACTAAAGAGATC,3
AGTCACTAAAGGACAC,3
AGTCACTAAATCCGTC,3
AGTCACTAAATGTTGC,5
AGTCACTAACACGACC,5
AGTCACTAACAGATTC,5
AGTCACTAAGATGTAC,5
AGTCACTAAGCACCTC,5
AGTCACTAAGCCATGC,5
AGTCACTAAGGCTAAC,5
AGTCACTACATCAAGT,4
AGTCACTAATAGCGAC,5
AGTCACTAATCATTCC,5
AGTCACTAATTGGCTC,5
AGTCACTACAAGGAGC,5
AGTCACTACACCTTAC,5
AGTCACTACCATCCTC,5
AGTCACTACCGACAAC,5
AGTCACTACCTAATCC,5
AGTCACTACCTCTATC,5
AGTCACTACGACACAC,8
AGTCACTACGCTGATC,1
AGTCACTACGGATTGC,8
AGTCACTACTAAGGTC,8
AGTCACTAGAACAGGC,8
AGTCACTAGACAGTGC,8
AGTCACTAGAGTTAGC,8
AGTCACTAGATGAATC,8
AGTCACTAGCCAAGAC,8
AGTCACTACGGAAGAA,8
AGTCACTAGTGACAAG,8
AGTCACTAGAACCAGA,8
AGCAGGAAACAAGCTA,2
AGCAGGAATTGCTGGA,1
AGCAGGAACTGTAGCC,2
AGCAGGAAAGTACAAG,4
AGCAGGAAAACAACCA,2
AGCAGGAAAACCGAGA,1
AGCAGGAAAACGCTTA,1
AGCAGGAAAAGACGGA,1
AGCAGGAAAAGGTACA,1
AGCAGGAAACACAGAA,1
AGCAGGAAACAGCAGA,1
AGCAGGAAACCTCCAA,1
AGCAGGAAACGCTCGA,1
AGCAGGAAACGTATCA,1
AGCAGGAAACTATGCA,6
AGCAGGAAAGAGTCAA,6
AGCAGGAAAGATCGCA,6
AGCAGGAAAGCAGGAA,1
AGCAGGAAAGTCACTA,1
AGCAGGAAATCCTGTA,1
AGCAGGAAATTGAGGA,1
AGCAGGAACAACCACA,1
AGCAGGAAGACTAGTA,1
AGCAGGAACAATGGAA,1
AGCAGGAACACTTCGA,1
AGCAGGAACAGCGTTA,1
AGCAGGAACATACCAA,7
AGCAGGAACCAGTTCA,3
AGCAGGAACCGAAGTA,3
AGCAGGAACCGTGAGA,3
AGCAGGAACCTCCTGA,3
AGCAGGAACGAACTTA,3
AGCAGGAACGACTGGA,3
AGCAGGAACGCATACA,3
AGCAGGAACTCAATGA,3
AGCAGGAACTGAGCCA,3
AGCAGGAACTGGCATA,3
AGCAGGAAGAATCTGA,3
AGCAGGAACAAGACTA,3
AGCAGGAAGAGCTGAA,3
AGCAGGAAGATAGACA,3
AGCAGGAAACCACTGT,1
AGCAGGAAGCCACATA,3
AGCAGGAAGCGAGTAA,3
AGCAGGAAGCTAACGA,3
AGCAGGAAGCTCGGTA,3
AGCAGGAAGGAGAACA,3
AGCAGGAAGGTGCGAA,3
AGCAGGAAGTACGCAA,3
AGCAGGAAGTCGTAGA,3
AGCAGGAAGTCTGTCA,3
AGCAGGAAGTGTTCTA,3
AGCAGGAAACATTGGC,1
AGCAGGAATAGGATGA,3
AGCAGGAATATCAGCA,3
AGCAGGAATCCGTCTA,3
AGCAGGAATCTTCACA,3
AGCAGGAATGAAGAGA,3
AGCAGGAATGGAACAA,3
AGCAGGAATGGCTTCA,3
AGCAGGAATGGTGGTA,3
AGCAGGAATTCACGCA,3
AGCAGGAAAACTCACC,3
AGCAGGAACAGATCTG,1
AGCAGGAAAAGAGATC,3
AGCAGGAAAAGGACAC,3
AGCAGGAAAATCCGTC,3
AGCAGGAAAATGTTGC,5
AGCAGGAAACACGACC,5
AGCAGGAAACAGATTC,5
AGCAGGAAAGATGTAC,5
AGCAGGAAAGCACCTC,5
AGCAGGAAAGCCATGC,5
AGCAGGAAAGGCTAAC,5
AGCAGGAACATCAAGT,4
AGCAGGAAATAGCGAC,5
AGCAGGAAATCATTCC,5
AGCAGGAAATTGGCTC,5
AGCAGGAACAAGGAGC,5
AGCAGGAACACCTTAC,5
AGCAGGAACCATCCTC,5
AGCAGGAACCGACAAC,5
AGCAGGAACCTAATCC,5
AGCAGGAACCTCTATC,5
AGCAGGAACGACACAC,8
AGCAGGAACGCTGATC,1
AGCAGGAACGGATTGC,8
AGCAGGAACTAAGGTC,8
AGCAGGAAGAACAGGC,8
AGCAGGAAGACAGTGC,8
AGCAGGAAGAGTTAGC,8
AGCAGGAAGATGAATC,8
AGCAGGAAGCCAAGAC,8
AGCAGGAACGGAAGAA,8
AGCAGGAAGTGACAAG,8
AGCAGGAAGAACCAGA,1
AGATCGCAACAAGCTA,4
AGATCGCATTGCTGGA,1
AGATCGCACTGTAGCC,4
AGATCGCAAGTACAAG,1
AGATCGCAAACAACCA,2
AGATCGCAAACCGAGA,1
AGATCGCAAACGCTTA,2
AGATCGCAAAGACGGA,1
AGATCGCAAAGGTACA,1
AGATCGCAACACAGAA,1
AGATCGCAACAGCAGA,1
AGATCGCAACCTCCAA,1
AGATCGCAACGCTCGA,1
AGATCGCAACGTATCA,1
AGATCGCAACTATGCA,6
AGATCGCAAGAGTCAA,6
AGATCGCAAGATCGCA,1
AGATCGCAAGCAGGAA,6
AGATCGCAAGTCACTA,1
AGATCGCAATCCTGTA,1
AGATCGCAATTGAGGA,1
AGATCGCACAACCACA,1
AGATCGCAGACTAGTA,1
AGATCGCACAATGGAA,1
AGATCGCACACTTCGA,1
AGATCGCACAGCGTTA,1
AGATCGCACATACCAA,7
AGATCGCACCAGTTCA,1
AGATCGCACCGAAGTA,3
AGATCGCACCGTGAGA,3
AGATCGCACCTCCTGA,3
AGATCGCACGAACTTA,3
AGATCGCACGACTGGA,3
AGATCGCACGCATACA,3
AGATCGCACTCAATGA,3
AGATCGCACTGAGCCA,3
AGATCGCACTGGCATA,3
AGATCGCAGAATCTGA,3
AGATCGCACAAGACTA,3
AGATCGCAGAGCTGAA,3
AGATCGCAGATAGACA,3
AGATCGCAACCACTGT,1
AGATCGCAGCCACATA,3
AGATCGCAGCGAGTAA,3
AGATCGCAGCTAACGA,3
AGATCGCAGCTCGGTA,3
AGATCGCAGGAGAACA,3
AGATCGCAGGTGCGAA,3
AGATCGCAGTACGCAA,3
AGATCGCAGTCGTAGA,3
AGATCGCAGTCTGTCA,3
AGATCGCAGTGTTCTA,3
AGATCGCAACATTGGC,1
AGATCGCATAGGATGA,3
AGATCGCATATCAGCA,3
AGATCGCATCCGTCTA,3
AGATCGCATCTTCACA,3
AGATCGCATGAAGAGA,3
AGATCGCATGGAACAA,3
AGATCGCATGGCTTCA,3
AGATCGCATGGTGGTA,3
AGATCGCATTCACGCA,3
AGATCGCAAACTCACC,5
AGATCGCACAGATCTG,1
AGATCGCAAAGAGATC,3
AGATCGCAAAGGACAC,3
AGATCGCAAATCCGTC,5
AGATCGCAAATGTTGC,5
AGATCGCAACACGACC,5
AGATCGCAACAGATTC,5
AGATCGCAAGATGTAC,3
AGATCGCAAGCACCTC,5
AGATCGCAAGCCATGC,5
AGATCGCAAGGCTAAC,5
AGATCGCACATCAAGT,1
AGATCGCAATAGCGAC,5
AGATCGCAATCATTCC,5
AGATCGCAATTGGCTC,5
AGATCGCACAAGGAGC,5
AGATCGCACACCTTAC,5
AGATCGCACCATCCTC,5
AGATCGCACCGACAAC,5
AGATCGCACCTAATCC,8
AGATCGCACCTCTATC,5
AGATCGCACGACACAC,8
AGATCGCACGCTGATC,1
AGATCGCACGGATTGC,8
AGATCGCACTAAGGTC,8
AGATCGCAGAACAGGC,8
AGATCGCAGACAGTGC,8
AGATCGCAGAGTTAGC,8
AGATCGCAGATGAATC,8
AGATCGCAGCCAAGAC,8
AGATCGCACGGAAGAA,8
AGATCGCAGTGACAAG,8
AGATCGCAGAACCAGA,8
AGAGTCAAACAAGCTA,4
AGAGTCAATTGCTGGA,1
AGAGTCAACTGTAGCC,4
AGAGTCAAAGTACAAG,4
AGAGTCAAAACAACCA,1
AGAGTCAAAACCGAGA,1
AGAGTCAAAACGCTTA,1
AGAGTCAAAAGACGGA,1
AGAGTCAAAAGGTACA,1
AGAGTCAAACACAGAA,1
AGAGTCAAACAGCAGA,1
AGAGTCAAACCTCCAA,1
AGAGTCAAACGCTCGA,1
AGAGTCAAACGTATCA,1
AGAGTCAAACTATGCA,1
AGAGTCAAAGAGTCAA,6
AGAGTCAAAGATCGCA,6
AGAGTCAAAGCAGGAA,6
AGAGTCAAAGTCACTA,1
AGAGTCAAATCCTGTA,1
AGAGTCAAATTGAGGA,1
AGAGTCAACAACCACA,1
AGAGTCAAGACTAGTA,1
AGAGTCAACAATGGAA,1
AGAGTCAACACTTCGA,1
AGAGTCAACAGCGTTA,1
AGAGTCAACATACCAA,1
AGAGTCAACCAGTTCA,1
AGAGTCAACCGAAGTA,3
AGAGTCAACCGTGAGA,1
AGAGTCAACCTCCTGA,3
AGAGTCAACGAACTTA,3
AGAGTCAACGACTGGA,3
AGAGTCAACGCATACA,3
AGAGTCAACTCAATGA,3
AGAGTCAACTGAGCCA,3
AGAGTCAACTGGCATA,3
AGAGTCAAGAATCTGA,3
AGAGTCAACAAGACTA,3
AGAGTCAAGAGCTGAA,3
AGAGTCAAGATAGACA,3
AGAGTCAAGCCACATA,3
AGAGTCAAGCGAGTAA,3
AGAGTCAAGCTAACGA,3
AGAGTCAAGCTCGGTA,3
AGAGTCAAGGAGAACA,3
AGAGTCAAGGTGCGAA,3
AGAGTCAAGTACGCAA,3
AGAGTCAAGTCGTAGA,3
AGAGTCAAGTCTGTCA,3
AGAGTCAAGTGTTCTA,3
AGAGTCAAACATTGGC,1
AGAGTCAATAGGATGA,3
AGAGTCAATATCAGCA,3
AGAGTCAATCCGTCTA,3
AGAGTCAATCTTCACA,3
AGAGTCAATGAAGAGA,3
AGAGTCAATGGAACAA,3
AGAGTCAATGGCTTCA,3
AGAGTCAATGGTGGTA,3
AGAGTCAATTCACGCA,3
AGAGTCAAAACTCACC,3
AGAGTCAACAGATCTG,1
AGAGTCAAAAGAGATC,3
AGAGTCAAAAGGACAC,3
AGAGTCAAAATCCGTC,7
AGAGTCAAAATGTTGC,7
AGAGTCAAACACGACC,7
AGAGTCAAACAGATTC,7
AGAGTCAAAGATGTAC,7
AGAGTCAAAGCACCTC,5
AGAGTCAAAGCCATGC,5
AGAGTCAAAGGCTAAC,5
AGAGTCAACATCAAGT,1
AGAGTCAAATAGCGAC,5
AGAGTCAAATCATTCC,5
AGAGTCAAATTGGCTC,5
AGAGTCAACAAGGAGC,5
AGAGTCAACACCTTAC,5
AGAGTCAACCATCCTC,5
AGAGTCAACCGACAAC,5
AGAGTCAACCTAATCC,5
AGAGTCAACCTCTATC,5
AGAGTCAACGACACAC,9
AGAGTCAACGCTGATC,1
AGAGTCAACGGATTGC,9
AGAGTCAACTAAGGTC,9
AGAGTCAAGAACAGGC,9
AGAGTCAAGACAGTGC,9
AGAGTCAAGAGTTAGC,8
AGAGTCAAGATGAATC,8
AGAGTCAAGCCAAGAC,8
AGAGTCAACGGAAGAA,8
AGAGTCAAGTGACAAG,8
AGAGTCAAGAACCAGA,8
ACTATGCAACAAGCTA,4
ACTATGCATTGCTGGA,8
ACTATGCACTGTAGCC,4
ACTATGCAAGTACAAG,1
ACTATGCAAACAACCA,1
ACTATGCAAACCGAGA,1
ACTATGCAAACGCTTA,1
ACTATGCAAAGACGGA,1
ACTATGCAAAGGTACA,1
ACTATGCAACACAGAA,1
ACTATGCAACAGCAGA,1
ACTATGCAACCTCCAA,1
ACTATGCAACGCTCGA,1
ACTATGCAACGTATCA,1
ACTATGCAACTATGCA,6
ACTATGCAAGAGTCAA,1
ACTATGCAAGATCGCA,1
ACTATGCAAGCAGGAA,6
ACTATGCAAGTCACTA,6
ACTATGCAATCCTGTA,1
ACTATGCAATTGAGGA,1
ACTATGCACAACCACA,1
ACTATGCAGACTAGTA,1
ACTATGCACAATGGAA,1
ACTATGCACACTTCGA,1
ACTATGCACAGCGTTA,1
ACTATGCACATACCAA,1
ACTATGCACCAGTTCA,1
ACTATGCACCGAAGTA,3
ACTATGCACCGTGAGA,3
ACTATGCACCTCCTGA,3
ACTATGCACGAACTTA,3
ACTATGCACGACTGGA,3
ACTATGCACGCATACA,3
ACTATGCACTCAATGA,3
ACTATGCACTGAGCCA,3
ACTATGCACTGGCATA,3
ACTATGCAGAATCTGA,3
ACTATGCACAAGACTA,3
ACTATGCAGAGCTGAA,3
ACTATGCAGATAGACA,3
ACTATGCAGCCACATA,3
ACTATGCAGCGAGTAA,3
ACTATGCAGCTAACGA,3
ACTATGCAGCTCGGTA,3
ACTATGCAGGAGAACA,3
ACTATGCAGGTGCGAA,3
ACTATGCAGTACGCAA,3
ACTATGCAGTCGTAGA,3
ACTATGCAGTCTGTCA,3
ACTATGCAGTGTTCTA,3
ACTATGCAACATTGGC,1
ACTATGCATAGGATGA,3
ACTATGCATATCAGCA,3
ACTATGCATCCGTCTA,3
ACTATGCATCTTCACA,3
ACTATGCATGAAGAGA,3
ACTATGCATGGAACAA,3
ACTATGCATGGCTTCA,3
ACTATGCATGGTGGTA,3
ACTATGCATTCACGCA,3
ACTATGCAAACTCACC,3
ACTATGCACAGATCTG,1
ACTATGCAAAGAGATC,5
ACTATGCAAAGGACAC,7
ACTATGCAAATCCGTC,7
ACTATGCAAATGTTGC,7
ACTATGCAACACGACC,7
ACTATGCAACAGATTC,7
ACTATGCAAGATGTAC,7
ACTATGCAAGCACCTC,9
ACTATGCAAGCCATGC,5
ACTATGCAAGGCTAAC,5
ACTATGCACATCAAGT,1
ACTATGCAATAGCGAC,5
ACTATGCAATCATTCC,5
ACTATGCAATTGGCTC,5
ACTATGCACAAGGAGC,5
ACTATGCACACCTTAC,5
ACTATGCACCATCCTC,5
ACTATGCACCGACAAC,5
ACTATGCACCTAATCC,5
ACTATGCACCTCTATC,5
ACTATGCACGACACAC,9
ACTATGCACGCTGATC,1
ACTATGCACGGATTGC,9
ACTATGCACTAAGGTC,9
ACTATGCAGAACAGGC,9
ACTATGCAGACAGTGC,9
ACTATGCAGAGTTAGC,9
ACTATGCAGATGAATC,8
ACTATGCAGCCAAGAC,8
ACTATGCACGGAAGAA,8
ACTATGCAGTGACAAG,8
ACTATGCAGAACCAGA,8
ACGTATCAACAAGCTA,1
ACGTATCATTGCTGGA,8
ACGTATCACTGTAGCC,1
ACGTATCAAGTACAAG,1
ACGTATCAAACAACCA,1
ACGTATCAAACCGAGA,1
ACGTATCAAACGCTTA,1
ACGTATCAAAGACGGA,1
ACGTATCAAAGGTACA,1
ACGTATCAACACAGAA,1
ACGTATCAACAGCAGA,1
ACGTATCAACCTCCAA,1
ACGTATCAACGCTCGA,1
ACGTATCAACGTATCA,1
ACGTATCAACTATGCA,1
ACGTATCAAGAGTCAA,6
ACGTATCAAGATCGCA,6
ACGTATCAAGCAGGAA,6
ACGTATCAAGTCACTA,6
ACGTATCAATCCTGTA,6
ACGTATCAATTGAGGA,1
ACGTATCACAACCACA,1
ACGTATCAGACTAGTA,1
ACGTATCACAATGGAA,1
ACGTATCACACTTCGA,1
ACGTATCACAGCGTTA,1
ACGTATCACATACCAA,1
ACGTATCACCAGTTCA,1
ACGTATCACCGAAGTA,3
ACGTATCACCGTGAGA,3
ACGTATCACCTCCTGA,3
ACGTATCACGAACTTA,3
ACGTATCACGACTGGA,3
ACGTATCACGCATACA,3
ACGTATCACTCAATGA,3
ACGTATCACTGAGCCA,3
ACGTATCACTGGCATA,3
ACGTATCAGAATCTGA,3
ACGTATCACAAGACTA,3
ACGTATCAGAGCTGAA,3
ACGTATCAGATAGACA,3
ACGTATCAGCCACATA,3
ACGTATCAGCGAGTAA,3
ACGTATCAGCTAACGA,3
ACGTATCAGCTCGGTA,3
ACGTATCAGGAGAACA,3
ACGTATCAGGTGCGAA,3
ACGTATCAGTACGCAA,3
ACGTATCAGTCGTAGA,3
ACGTATCAGTCTGTCA,3
ACGTATCAGTGTTCTA,3
ACGTATCAACATTGGC,1
ACGTATCATAGGATGA,3
ACGTATCATATCAGCA,3
ACGTATCATCCGTCTA,3
ACGTATCATCTTCACA,3
ACGTATCATGAAGAGA,3
ACGTATCATGGAACAA,3
ACGTATCATGGCTTCA,3
ACGTATCATGGTGGTA,5
ACGTATCATTCACGCA,3
ACGTATCAAACTCACC,5
ACGTATCACAGATCTG,1
ACGTATCAAAGAGATC,5
ACGTATCAAAGGACAC,7
ACGTATCAAATCCGTC,7
ACGTATCAAATGTTGC,7
ACGTATCAACACGACC,7
ACGTATCAACAGATTC,7
ACGTATCAAGATGTAC,7
ACGTATCAAGCACCTC,7
ACGTATCAAGCCATGC,5
ACGTATCAAGGCTAAC,5
ACGTATCACATCAAGT,1
ACGTATCAATAGCGAC,5
ACGTATCAATCATTCC,5
ACGTATCAATTGGCTC,5
ACGTATCACAAGGAGC,5
ACGTATCACACCTTAC,5
ACGTATCACCATCCTC,5
ACGTATCACCGACAAC,5
ACGTATCACCTAATCC,5
ACGTATCACCTCTATC,5
ACGTATCACGACACAC,9
ACGTATCACGCTGATC,1
ACGTATCACGGATTGC,9
ACGTATCACTAAGGTC,9
ACGTATCAGAACAGGC,9
ACGTATCAGACAGTGC,9
ACGTATCAGAGTTAGC,9
ACGTATCAGATGAATC,8
ACGTATCAGCCAAGAC,8
ACGTATCACGGAAGAA,8
ACGTATCAGTGACAAG,8
ACGTATCAGAACCAGA,8
GAGTTAGCTTGCTGGA,1
GAGTTAGCACGCTCGA,4
GAGTTAGCACGTATCA,4
GAGTTAGCACTATGCA,1
GAGTTAGCAGAGTCAA,4
GAGTTAGCAGATCGCA,4
GAGTTAGCAGCAGGAA,4
GAGTTAGCAGTCACTA,4
GAGTTAGCATCCTGTA,4
GAGTTAGCATTGAGGA,4
GAGTTAGCCAACCACA,4
GAGTTAGCGACTAGTA,4
GAGTTAGCCAATGGAA,4
GAGTTAGCCACTTCGA,4
GAGTTAGCCAGCGTTA,4
GAGTTAGCCATACCAA,4
GAGTTAGCCCAGTTCA,4
GAGTTAGCCCGAAGTA,4
GAGTTAGCCCGTGAGA,4
GAGTTAGCCCTCCTGA,4
GAGTTAGCCGAACTTA,4
GAGTTAGCCGACTGGA,2
GAGTTAGCCGCATACA,2
GAGTTAGCCTCAATGA,2
GAGTTAGCCTGAGCCA,2
GAGTTAGCCTGGCATA,2
GAGTTAGCGAATCTGA,2
GAGTTAGCCAAGACTA,2
GAGTTAGCGAGCTGAA,2
GAGTTAGCGATAGACA,1
GAGTTAGCGCCACATA,1
GAGTTAGCGCGAGTAA,1
GAGTTAGCGCTAACGA,1
GAGTTAGCGCTCGGTA,1
GAGTTAGCGGAGAACA,1
GAGTTAGCGGTGCGAA,1
GAGTTAGCGTACGCAA,1
GAGTTAGCGTCGTAGA,1
GAGTTAGCGTCTGTCA,2
GAGTTAGCGTGTTCTA,1
GAGTTAGCTAGGATGA,1
GAGTTAGCTATCAGCA,1
GAGTTAGCTCCGTCTA,1
GAGTTAGCTCTTCACA,1
GAGTTAGCTGAAGAGA,1
GAGTTAGCTGGAACAA,1
GAGTTAGCTGGCTTCA,1
GAGTTAGCTGGTGGTA,1
GAGTTAGCTTCACGCA,1
GAGTTAGCAACTCACC,1
GAGTTAGCAAGAGATC,1
GAGTTAGCAAGGACAC,1
GAGTTAGCAATCCGTC,6
GAGTTAGCAATGTTGC,6
GAGTTAGCACACGACC,6
GAGTTAGCACAGATTC,6
GAGTTAGCAGATGTAC,6
GAGTTAGCAGCACCTC,6
GAGTTAGCAGCCATGC,6
GAGTTAGCAGGCTAAC,6
GAGTTAGCATAGCGAC,6
GAGTTAGCATCATTCC,6
GAGTTAGCATTGGCTC,1
GAGTTAGCCAAGGAGC,1
GAGTTAGCCACCTTAC,1
GAGTTAGCCCATCCTC,1
GAGTTAGCCCGACAAC,1
GAGTTAGCCCTAATCC,1
GAGTTAGCCCTCTATC,1
GAGTTAGCCGACACAC,2
GAGTTAGCCGGATTGC,2
GAGTTAGCCTAAGGTC,2
GAGTTAGCGAACAGGC,2
GAGTTAGCGACAGTGC,4
GAGTTAGCGAGTTAGC,1
GAGTTAGCGATGAATC,1
GAGTTAGCGCCAAGAC,1
GAGTTAGCCGGAAGAA,1
GAGTTAGCGTGACAAG,1
GAGTTAGCGAACCAGA,1
ACGCTCGAACAAGCTA,1
ACGCTCGATTGCTGGA,8
ACGCTCGACTGTAGCC,1
ACGCTCGAAGTACAAG,1
ACGCTCGAAACAACCA,1
ACGCTCGAAACCGAGA,1
ACGCTCGAAACGCTTA,1
ACGCTCGAAAGACGGA,1
ACGCTCGAAAGGTACA,1
ACGCTCGAACACAGAA,1
ACGCTCGAACAGCAGA,1
ACGCTCGAACCTCCAA,1
ACGCTCGAACGCTCGA,1
ACGCTCGAACGTATCA,1
ACGCTCGAACTATGCA,1
ACGCTCGAAGAGTCAA,1
ACGCTCGAAGATCGCA,1
ACGCTCGAAGCAGGAA,6
ACGCTCGAAGTCACTA,6
ACGCTCGAATCCTGTA,6
ACGCTCGAATTGAGGA,1
ACGCTCGACAACCACA,1
ACGCTCGAGACTAGTA,1
ACGCTCGACAATGGAA,1
ACGCTCGACACTTCGA,1
ACGCTCGACAGCGTTA,1
ACGCTCGACATACCAA,1
ACGCTCGACCAGTTCA,1
ACGCTCGACCGAAGTA,1
ACGCTCGACCGTGAGA,3
ACGCTCGACCTCCTGA,3
ACGCTCGACGAACTTA,3
ACGCTCGACGACTGGA,3
ACGCTCGACGCATACA,3
ACGCTCGACTCAATGA,3
ACGCTCGACTGAGCCA,3
ACGCTCGACTGGCATA,3
ACGCTCGAGAATCTGA,3
ACGCTCGACAAGACTA,3
ACGCTCGAGAGCTGAA,3
ACGCTCGAGATAGACA,3
ACGCTCGAGCCACATA,3
ACGCTCGAGCGAGTAA,3
ACGCTCGAGCTAACGA,3
ACGCTCGAGCTCGGTA,3
ACGCTCGAGGAGAACA,3
ACGCTCGAGGTGCGAA,3
ACGCTCGAGTACGCAA,3
ACGCTCGAGTCGTAGA,3
ACGCTCGAGTCTGTCA,3
ACGCTCGAGTGTTCTA,3
ACGCTCGATAGGATGA,3
ACGCTCGATATCAGCA,3
ACGCTCGATCCGTCTA,3
ACGCTCGATCTTCACA,5
ACGCTCGATGAAGAGA,3
ACGCTCGATGGAACAA,3
ACGCTCGATGGCTTCA,5
ACGCTCGATGGTGGTA,3
ACGCTCGATTCACGCA,5
ACGCTCGAAACTCACC,5
ACGCTCGAAAGAGATC,5
ACGCTCGAAAGGACAC,7
ACGCTCGAAATCCGTC,7
ACGCTCGAAATGTTGC,7
ACGCTCGAACACGACC,7
ACGCTCGAACAGATTC,7
ACGCTCGAAGATGTAC,7
ACGCTCGAAGCACCTC,7
ACGCTCGAAGCCATGC,5
ACGCTCGAAGGCTAAC,5
ACGCTCGACATCAAGT,1
ACGCTCGAATAGCGAC,5
ACGCTCGAATCATTCC,5
ACGCTCGAATTGGCTC,5
ACGCTCGACAAGGAGC,5
ACGCTCGACACCTTAC,5
ACGCTCGACCATCCTC,5
ACGCTCGACCGACAAC,5
ACGCTCGACCTAATCC,5
ACGCTCGACCTCTATC,5
ACGCTCGACGACACAC,9
ACGCTCGACGCTGATC,1
ACGCTCGACGGATTGC,9
ACGCTCGACTAAGGTC,9
ACGCTCGAGAACAGGC,9
ACGCTCGAGACAGTGC,9
ACGCTCGAGAGTTAGC,9
ACGCTCGAGATGAATC,9
ACGCTCGAGCCAAGAC,8
ACGCTCGACGGAAGAA,8
ACGCTCGAGTGACAAG,8
ACGCTCGAGAACCAGA,8
ACCTCCAAACAAGCTA,1
ACCTCCAATTGCTGGA,1
ACCTCCAACTGTAGCC,1
ACCTCCAAAGTACAAG,1
ACCTCCAAAACAACCA,1
ACCTCCAAAACCGAGA,1
ACCTCCAAAACGCTTA,1
ACCTCCAAAAGACGGA,4
ACCTCCAAAAGGTACA,1
ACCTCCAAACACAGAA,1
ACCTCCAAACAGCAGA,1
ACCTCCAAACCTCCAA,1
ACCTCCAAACGCTCGA,1
ACCTCCAAACGTATCA,1
ACCTCCAAACTATGCA,1
ACCTCCAAAGAGTCAA,1
ACCTCCAAAGATCGCA,1
ACCTCCAAAGCAGGAA,1
ACCTCCAAAGTCACTA,6
ACCTCCAAATCCTGTA,6
ACCTCCAAATTGAGGA,1
ACCTCCAACAACCACA,1
ACCTCCAAGACTAGTA,1
ACCTCCAACAATGGAA,1
ACCTCCAACACTTCGA,1
ACCTCCAACAGCGTTA,1
ACCTCCAACATACCAA,1
ACCTCCAACCAGTTCA,1
ACCTCCAACCGAAGTA,1
ACCTCCAACCGTGAGA,1
ACCTCCAACCTCCTGA,3
ACCTCCAACGAACTTA,3
ACCTCCAACGACTGGA,3
ACCTCCAACGCATACA,3
ACCTCCAACTCAATGA,3
ACCTCCAACTGAGCCA,3
ACCTCCAACTGGCATA,3
ACCTCCAAGAATCTGA,3
ACCTCCAACAAGACTA,3
ACCTCCAAGAGCTGAA,3
ACCTCCAAGATAGACA,3
ACCTCCAAGCCACATA,3
ACCTCCAAGCGAGTAA,3
ACCTCCAAGCTAACGA,3
ACCTCCAAGCTCGGTA,3
ACCTCCAAGGAGAACA,3
ACCTCCAAGGTGCGAA,3
ACCTCCAAGTACGCAA,3
ACCTCCAAGTCGTAGA,3
ACCTCCAAGTCTGTCA,3
ACCTCCAAGTGTTCTA,3
ACCTCCAAACATTGGC,1
ACCTCCAATAGGATGA,3
ACCTCCAATATCAGCA,3
ACCTCCAATCCGTCTA,3
ACCTCCAATCTTCACA,3
ACCTCCAATGAAGAGA,5
ACCTCCAATGGAACAA,3
ACCTCCAATGGCTTCA,5
ACCTCCAATGGTGGTA,5
ACCTCCAATTCACGCA,5
ACCTCCAAAACTCACC,5
ACCTCCAACAGATCTG,1
ACCTCCAAAAGAGATC,5
ACCTCCAAAAGGACAC,7
ACCTCCAAAATCCGTC,7
ACCTCCAAAATGTTGC,7
ACCTCCAAACACGACC,7
ACCTCCAAACAGATTC,7
ACCTCCAAAGATGTAC,7
ACCTCCAAAGCACCTC,7
ACCTCCAAAGCCATGC,3
ACCTCCAAAGGCTAAC,5
ACCTCCAACATCAAGT,1
ACCTCCAAATAGCGAC,5
ACCTCCAAATCATTCC,5
ACCTCCAAATTGGCTC,5
ACCTCCAACAAGGAGC,5
ACCTCCAACACCTTAC,5
ACCTCCAACCATCCTC,5
ACCTCCAACCGACAAC,5
ACCTCCAACCTAATCC,5
ACCTCCAACCTCTATC,5
ACCTCCAACGACACAC,9
ACCTCCAACGCTGATC,1
ACCTCCAACGGATTGC,9
ACCTCCAACTAAGGTC,9
ACCTCCAAGAACAGGC,9
ACCTCCAAGACAGTGC,9
ACCTCCAAGAGTTAGC,9
ACCTCCAAGATGAATC,9
ACCTCCAAGCCAAGAC,8
ACCTCCAACGGAAGAA,8
ACCTCCAAGTGACAAG,8
ACCTCCAAGAACCAGA,8
ACAGCAGAACAAGCTA,1
ACAGCAGATTGCTGGA,1
ACAGCAGACTGTAGCC,1
ACAGCAGAAGTACAAG,1
ACAGCAGAAACAACCA,1
ACAGCAGAAACCGAGA,1
ACAGCAGAAACGCTTA,1
ACAGCAGAAAGACGGA,1
ACAGCAGAAAGGTACA,1
ACAGCAGAACACAGAA,1
ACAGCAGAACAGCAGA,1
ACAGCAGAACCTCCAA,1
ACAGCAGAACGCTCGA,1
ACAGCAGAACGTATCA,1
ACAGCAGAACTATGCA,1
ACAGCAGAAGAGTCAA,1
ACAGCAGAAGATCGCA,1
ACAGCAGAAGCAGGAA,1
ACAGCAGAAGTCACTA,6
ACAGCAGAATCCTGTA,6
ACAGCAGAATTGAGGA,1
ACAGCAGACAACCACA,1
ACAGCAGAGACTAGTA,1
ACAGCAGACAATGGAA,1
ACAGCAGACACTTCGA,1
ACAGCAGACAGCGTTA,1
ACAGCAGACATACCAA,1
ACAGCAGACCAGTTCA,1
ACAGCAGACCGAAGTA,1
ACAGCAGACCGTGAGA,1
ACAGCAGACCTCCTGA,3
ACAGCAGACGAACTTA,3
ACAGCAGACGACTGGA,3
ACAGCAGACGCATACA,3
ACAGCAGACTCAATGA,3
ACAGCAGACTGAGCCA,3
ACAGCAGACTGGCATA,3
ACAGCAGAGAATCTGA,3
ACAGCAGACAAGACTA,3
ACAGCAGAGAGCTGAA,3
ACAGCAGAGATAGACA,3
ACAGCAGAGCCACATA,3
ACAGCAGAGCGAGTAA,3
ACAGCAGAGCTAACGA,3
ACAGCAGAGCTCGGTA,3
ACAGCAGAGGAGAACA,3
ACAGCAGAGGTGCGAA,3
ACAGCAGAGTACGCAA,3
ACAGCAGAGTCGTAGA,3
ACAGCAGAGTCTGTCA,3
ACAGCAGAGTGTTCTA,3
ACAGCAGATAGGATGA,3
ACAGCAGATATCAGCA,3
ACAGCAGATCCGTCTA,3
ACAGCAGATCTTCACA,5
ACAGCAGATGAAGAGA,5
ACAGCAGATGGAACAA,5
ACAGCAGATGGCTTCA,5
ACAGCAGATGGTGGTA,3
ACAGCAGATTCACGCA,5
ACAGCAGAAACTCACC,3
ACAGCAGACAGATCTG,1
ACAGCAGAAAGAGATC,7
ACAGCAGAAAGGACAC,7
ACAGCAGAAATCCGTC,7
ACAGCAGAAATGTTGC,7
ACAGCAGAACACGACC,7
ACAGCAGAACAGATTC,7
ACAGCAGAAGATGTAC,7
ACAGCAGAAGCACCTC,3
ACAGCAGAAGCCATGC,5
ACAGCAGAAGGCTAAC,5
ACAGCAGACATCAAGT,1
ACAGCAGAATAGCGAC,5
ACAGCAGAATCATTCC,5
ACAGCAGAATTGGCTC,5
ACAGCAGACAAGGAGC,5
ACAGCAGACACCTTAC,5
ACAGCAGACCATCCTC,5
ACAGCAGACCGACAAC,5
ACAGCAGACCTAATCC,5
ACAGCAGACCTCTATC,5
ACAGCAGACGACACAC,9
ACAGCAGACGCTGATC,1
ACAGCAGACGGATTGC,9
ACAGCAGACTAAGGTC,9
ACAGCAGAGAACAGGC,9
ACAGCAGAGACAGTGC,9
ACAGCAGAGAGTTAGC,9
ACAGCAGAGATGAATC,9
ACAGCAGAGCCAAGAC,8
ACAGCAGACGGAAGAA,8
ACAGCAGAGTGACAAG,8
ACAGCAGAGAACCAGA,1
ACACAGAAACAAGCTA,1
ACACAGAATTGCTGGA,1
ACACAGAACTGTAGCC,1
ACACAGAAAGTACAAG,1
ACACAGAAAACAACCA,9
ACACAGAAAACCGAGA,1
ACACAGAAAACGCTTA,1
ACACAGAAAAGACGGA,1
ACACAGAAAAGGTACA,1
ACACAGAAACACAGAA,1
ACACAGAAACAGCAGA,1
ACACAGAAACCTCCAA,1
ACACAGAAACGCTCGA,1
ACACAGAAACGTATCA,1
ACACAGAAACTATGCA,1
ACACAGAAAGAGTCAA,1
ACACAGAAAGATCGCA,1
ACACAGAAAGCAGGAA,1
ACACAGAAAGTCACTA,1
ACACAGAAATCCTGTA,1
ACACAGAAATTGAGGA,1
ACACAGAACAACCACA,1
ACACAGAAGACTAGTA,1
ACACAGAACAATGGAA,1
ACACAGAACACTTCGA,1
ACACAGAACAGCGTTA,1
ACACAGAACATACCAA,1
ACACAGAACCAGTTCA,1
ACACAGAACCGAAGTA,1
ACACAGAACCGTGAGA,1
ACACAGAACCTCCTGA,3
ACACAGAACGAACTTA,3
ACACAGAACGACTGGA,3
ACACAGAACGCATACA,3
ACACAGAACTCAATGA,3
ACACAGAACTGAGCCA,3
ACACAGAACTGGCATA,3
ACACAGAAGAATCTGA,3
ACACAGAACAAGACTA,3
ACACAGAAGAGCTGAA,3
ACACAGAAGATAGACA,3
ACACAGAAGCCACATA,3
ACACAGAAGCGAGTAA,3
ACACAGAAGCTAACGA,3
ACACAGAAGCTCGGTA,3
ACACAGAAGGAGAACA,3
ACACAGAAGGTGCGAA,3
ACACAGAAGTACGCAA,3
ACACAGAAGTCGTAGA,3
ACACAGAAGTCTGTCA,3
ACACAGAAGTGTTCTA,3
ACACAGAATAGGATGA,3
ACACAGAATATCAGCA,5
ACACAGAATCCGTCTA,3
ACACAGAATCTTCACA,3
ACACAGAATGAAGAGA,5
ACACAGAATGGAACAA,5
ACACAGAATGGCTTCA,3
ACACAGAATGGTGGTA,3
ACACAGAATTCACGCA,3
ACACAGAAAACTCACC,3
ACACAGAACAGATCTG,1
ACACAGAAAAGAGATC,3
ACACAGAAAAGGACAC,7
ACACAGAAAATCCGTC,7
ACACAGAAAATGTTGC,7
ACACAGAAACACGACC,7
ACACAGAAACAGATTC,7
ACACAGAAAGATGTAC,3
ACACAGAAAGCACCTC,5
ACACAGAAAGCCATGC,5
ACACAGAAAGGCTAAC,5
ACACAGAACATCAAGT,1
ACACAGAAATAGCGAC,5
ACACAGAAATCATTCC,5
ACACAGAAATTGGCTC,5
ACACAGAACAAGGAGC,5
ACACAGAACACCTTAC,5
ACACAGAACCATCCTC,5
ACACAGAACCGACAAC,5
ACACAGAACCTAATCC,5
ACACAGAACCTCTATC,5
ACACAGAACGACACAC,9
ACACAGAACGCTGATC,1
ACACAGAACGGATTGC,9
ACACAGAACTAAGGTC,9
ACACAGAAGAACAGGC,9
ACACAGAAGACAGTGC,9
ACACAGAAGAGTTAGC,9
ACACAGAAGATGAATC,9
ACACAGAAGCCAAGAC,8
ACACAGAACGGAAGAA,8
ACACAGAAGTGACAAG,8
ACACAGAAGAACCAGA,1
AAGGTACAACAAGCTA,1
AAGGTACATTGCTGGA,8
AAGGTACACTGTAGCC,1
AAGGTACAAGTACAAG,1
AAGGTACAAACAACCA,1
AAGGTACAAACCGAGA,1
AAGGTACAAACGCTTA,1
AAGGTACAAAGACGGA,1
AAGGTACAAAGGTACA,1
AAGGTACAACACAGAA,1
AAGGTACAACAGCAGA,1
AAGGTACAACCTCCAA,1
AAGGTACAACGCTCGA,1
AAGGTACAACGTATCA,1
AAGGTACAACTATGCA,1
AAGGTACAAGAGTCAA,1
AAGGTACAAGATCGCA,1
AAGGTACAAGCAGGAA,1
AAGGTACAAGTCACTA,1
AAGGTACAATCCTGTA,1
AAGGTACAATTGAGGA,1
AAGGTACACAACCACA,1
AAGGTACAGACTAGTA,1
AAGGTACACAATGGAA,1
AAGGTACACACTTCGA,1
AAGGTACACAGCGTTA,1
AAGGTACACATACCAA,1
AAGGTACACCAGTTCA,1
AAGGTACACCGAAGTA,1
AAGGTACACCGTGAGA,1
AAGGTACACCTCCTGA,1
AAGGTACACGAACTTA,3
AAGGTACACGACTGGA,3
AAGGTACACGCATACA,3
AAGGTACACTCAATGA,3
AAGGTACACTGAGCCA,3
AAGGTACACTGGCATA,3
AAGGTACAGAATCTGA,3
AAGGTACACAAGACTA,3
AAGGTACAGAGCTGAA,5
AAGGTACAGATAGACA,3
AAGGTACAGCCACATA,5
AAGGTACAGCGAGTAA,3
AAGGTACAGCTAACGA,3
AAGGTACAGCTCGGTA,3
AAGGTACAGGAGAACA,3
AAGGTACAGGTGCGAA,3
AAGGTACAGTACGCAA,3
AAGGTACAGTCGTAGA,3
AAGGTACAGTCTGTCA,3
AAGGTACAGTGTTCTA,5
AAGGTACATAGGATGA,5
AAGGTACATATCAGCA,3
AAGGTACATCCGTCTA,5
AAGGTACATCTTCACA,3
AAGGTACATGAAGAGA,5
AAGGTACATGGAACAA,3
AAGGTACATGGCTTCA,3
AAGGTACATGGTGGTA,3
AAGGTACATTCACGCA,3
AAGGTACAAACTCACC,3
AAGGTACAAAGAGATC,3
AAGGTACAAAGGACAC,7
AAGGTACAAATCCGTC,7
AAGGTACAAATGTTGC,7
AAGGTACAACACGACC,7
AAGGTACAACAGATTC,7
AAGGTACAAGATGTAC,3
AAGGTACAAGCACCTC,5
AAGGTACAAGCCATGC,5
AAGGTACAAGGCTAAC,5
AAGGTACACATCAAGT,1
AAGGTACAATAGCGAC,5
AAGGTACAATCATTCC,5
AAGGTACAATTGGCTC,5
AAGGTACACAAGGAGC,5
AAGGTACACACCTTAC,5
AAGGTACACCATCCTC,5
AAGGTACACCGACAAC,5
AAGGTACACCTAATCC,5
AAGGTACACCTCTATC,5
AAGGTACACGACACAC,9
AAGGTACACGCTGATC,9
AAGGTACACGGATTGC,9
AAGGTACACTAAGGTC,9
AAGGTACAGAACAGGC,9
AAGGTACAGACAGTGC,9
AAGGTACAGAGTTAGC,9
AAGGTACAGATGAATC,9
AAGGTACAGCCAAGAC,8
AAGGTACACGGAAGAA,8
AAGGTACAGTGACAAG,8
AAGGTACAGAACCAGA,8
AAGACGGAACAAGCTA,1
AAGACGGATTGCTGGA,1
AAGACGGACTGTAGCC,1
AAGACGGAAGTACAAG,1
AAGACGGAAACAACCA,1
AAGACGGAAACCGAGA,1
AAGACGGAAACGCTTA,1
AAGACGGAAAGACGGA,1
AAGACGGAAAGGTACA,1
AAGACGGAACACAGAA,1
AAGACGGAACAGCAGA,1
AAGACGGAACCTCCAA,1
AAGACGGAACGCTCGA,1
AAGACGGAACGTATCA,1
AAGACGGAACTATGCA,1
AAGACGGAAGAGTCAA,1
AAGACGGAAGATCGCA,1
AAGACGGAAGCAGGAA,1
AAGACGGAAGTCACTA,1
AAGACGGAATCCTGTA,1
AAGACGGAATTGAGGA,1
AAGACGGACAACCACA,1
AAGACGGAGACTAGTA,1
AAGACGGACAATGGAA,1
AAGACGGACACTTCGA,1
AAGACGGACAGCGTTA,1
AAGACGGACATACCAA,1
AAGACGGACCAGTTCA,1
AAGACGGACCGAAGTA,1
AAGACGGACCGTGAGA,1
AAGACGGACCTCCTGA,7
AAGACGGACGAACTTA,3
AAGACGGACGACTGGA,3
AAGACGGACGCATACA,3
AAGACGGACTCAATGA,3
AAGACGGACTGAGCCA,3
AAGACGGACTGGCATA,3
AAGACGGAGAATCTGA,3
AAGACGGACAAGACTA,3
AAGACGGAGAGCTGAA,3
AAGACGGAGATAGACA,3
AAGACGGAGCCACATA,3
AAGACGGAGCGAGTAA,3
AAGACGGAGCTAACGA,3
AAGACGGAGCTCGGTA,3
AAGACGGAGGAGAACA,3
AAGACGGAGGTGCGAA,3
AAGACGGAGTACGCAA,3
AAGACGGAGTCGTAGA,3
AAGACGGAGTCTGTCA,3
AAGACGGAGTGTTCTA,3
AAGACGGATAGGATGA,3
AAGACGGATATCAGCA,3
AAGACGGATCCGTCTA,3
AAGACGGATCTTCACA,3
AAGACGGATGAAGAGA,3
AAGACGGATGGAACAA,5
AAGACGGATGGCTTCA,3
AAGACGGATGGTGGTA,3
AAGACGGATTCACGCA,3
AAGACGGAAACTCACC,3
AAGACGGAAAGAGATC,3
AAGACGGAAAGGACAC,3
AAGACGGAAATCCGTC,3
AAGACGGAAATGTTGC,3
AAGACGGAACACGACC,5
AAGACGGAACAGATTC,5
AAGACGGAAGATGTAC,5
AAGACGGAAGCACCTC,5
AAGACGGAAGCCATGC,5
AAGACGGAAGGCTAAC,5
AAGACGGACATCAAGT,1
AAGACGGAATAGCGAC,5
AAGACGGAATCATTCC,5
AAGACGGAATTGGCTC,5
AAGACGGACAAGGAGC,5
AAGACGGACACCTTAC,5
AAGACGGACCATCCTC,5
AAGACGGACCGACAAC,5
AAGACGGACCTAATCC,5
AAGACGGACCTCTATC,5
AAGACGGACGACACAC,9
AAGACGGACGCTGATC,1
AAGACGGACGGATTGC,9
AAGACGGACTAAGGTC,9
AAGACGGAGAACAGGC,9
AAGACGGAGACAGTGC,9
AAGACGGAGAGTTAGC,9
AAGACGGAGATGAATC,9
AAGACGGAGCCAAGAC,8
AAGACGGACGGAAGAA,8
AAGACGGAGTGACAAG,1
AAGACGGAGAACCAGA,1
AACGCTTAACAAGCTA,1
AACGCTTATTGCTGGA,1
AACGCTTACTGTAGCC,1
AACGCTTAAGTACAAG,1
AACGCTTAAACAACCA,1
AACGCTTAAACCGAGA,1
AACGCTTAAACGCTTA,1
AACGCTTAAAGACGGA,1
AACGCTTAAAGGTACA,1
AACGCTTAACACAGAA,1
AACGCTTAACAGCAGA,1
AACGCTTAACCTCCAA,1
AACGCTTAACGCTCGA,1
AACGCTTAACGTATCA,1
AACGCTTAACTATGCA,1
AACGCTTAAGAGTCAA,1
AACGCTTAAGATCGCA,7
AACGCTTAAGCAGGAA,1
AACGCTTAAGTCACTA,1
AACGCTTAATCCTGTA,1
AACGCTTAATTGAGGA,1
AACGCTTACAACCACA,1
AACGCTTAGACTAGTA,1
AACGCTTACAATGGAA,1
AACGCTTACACTTCGA,1
AACGCTTACAGCGTTA,1
AACGCTTACATACCAA,1
AACGCTTACCAGTTCA,1
AACGCTTACCGAAGTA,1
AACGCTTACCGTGAGA,1
AACGCTTACCTCCTGA,1
AACGCTTACGAACTTA,1
AACGCTTACGACTGGA,3
AACGCTTACGCATACA,3
AACGCTTACTCAATGA,3
AACGCTTACTGAGCCA,3
AACGCTTACTGGCATA,3
AACGCTTAGAATCTGA,3
AACGCTTACAAGACTA,3
AACGCTTAGAGCTGAA,3
AACGCTTAGATAGACA,5
AACGCTTAGCCACATA,3
AACGCTTAGCGAGTAA,3
AACGCTTAGCTAACGA,3
AACGCTTAGCTCGGTA,3
AACGCTTAGGAGAACA,3
AACGCTTAGGTGCGAA,3
AACGCTTAGTACGCAA,3
AACGCTTAGTCGTAGA,3
AACGCTTAGTCTGTCA,3
AACGCTTAGTGTTCTA,3
AACGCTTATAGGATGA,5
AACGCTTATATCAGCA,3
AACGCTTATCCGTCTA,5
AACGCTTATCTTCACA,3
AACGCTTATGAAGAGA,3
AACGCTTATGGAACAA,3
AACGCTTATGGCTTCA,3
AACGCTTATGGTGGTA,3
AACGCTTATTCACGCA,5
AACGCTTAAACTCACC,3
AACGCTTAAAGAGATC,3
AACGCTTAAAGGACAC,3
AACGCTTAAATCCGTC,3
AACGCTTAAATGTTGC,3
AACGCTTAACACGACC,5
AACGCTTAACAGATTC,5
AACGCTTAAGATGTAC,5
AACGCTTAAGCACCTC,5
AACGCTTAAGCCATGC,5
AACGCTTAAGGCTAAC,5
AACGCTTAATAGCGAC,5
AACGCTTAATCATTCC,5
AACGCTTAATTGGCTC,5
AACGCTTACAAGGAGC,5
AACGCTTACACCTTAC,5
AACGCTTACCATCCTC,5
AACGCTTACCGACAAC,5
AACGCTTACCTAATCC,5
AACGCTTACCTCTATC,5
AACGCTTACGACACAC,9
AACGCTTACGCTGATC,1
AACGCTTACGGATTGC,9
AACGCTTACTAAGGTC,9
AACGCTTAGAACAGGC,9
AACGCTTAGACAGTGC,9
AACGCTTAGAGTTAGC,9
AACGCTTAGATGAATC,9
AACGCTTAGCCAAGAC,8
AACGCTTACGGAAGAA,1
AACGCTTAGTGACAAG,1
AACGCTTAGAACCAGA,1
AACCGAGAACAAGCTA,1
AACCGAGATTGCTGGA,1
AACCGAGACTGTAGCC,1
AACCGAGAAGTACAAG,1
AACCGAGAAACAACCA,9
AACCGAGAAACCGAGA,1
AACCGAGAAACGCTTA,1
AACCGAGAAAGACGGA,1
AACCGAGAAAGGTACA,1
AACCGAGAACACAGAA,1
AACCGAGAACAGCAGA,1
AACCGAGAACCTCCAA,1
AACCGAGAACGCTCGA,1
AACCGAGAACGTATCA,1
AACCGAGAACTATGCA,1
AACCGAGAAGAGTCAA,1
AACCGAGAAGATCGCA,1
AACCGAGAAGCAGGAA,1
AACCGAGAAGTCACTA,1
AACCGAGAATCCTGTA,1
AACCGAGAATTGAGGA,1
AACCGAGACAACCACA,1
AACCGAGAGACTAGTA,1
AACCGAGACAATGGAA,1
AACCGAGACACTTCGA,1
AACCGAGACAGCGTTA,1
AACCGAGACATACCAA,1
AACCGAGACCAGTTCA,1
AACCGAGACCGAAGTA,1
AACCGAGACCGTGAGA,1
AACCGAGACCTCCTGA,1
AACCGAGACGAACTTA,1
AACCGAGACGACTGGA,3
AACCGAGACGCATACA,3
AACCGAGACTCAATGA,3
AACCGAGACTGAGCCA,3
AACCGAGACTGGCATA,3
AACCGAGAGAATCTGA,3
AACCGAGACAAGACTA,3
AACCGAGAGAGCTGAA,3
AACCGAGAGATAGACA,3
AACCGAGAGCCACATA,3
AACCGAGAGCGAGTAA,3
AACCGAGAGCTAACGA,3
AACCGAGAGCTCGGTA,3
AACCGAGAGGAGAACA,3
AACCGAGAGGTGCGAA,3
AACCGAGAGTACGCAA,3
AACCGAGAGTCGTAGA,3
AACCGAGAGTCTGTCA,3
AACCGAGAGTGTTCTA,3
AACCGAGATAGGATGA,3
AACCGAGATATCAGCA,3
AACCGAGATCCGTCTA,3
AACCGAGATCTTCACA,3
AACCGAGATGAAGAGA,3
AACCGAGATGGAACAA,3
AACCGAGATGGCTTCA,3
AACCGAGATGGTGGTA,3
AACCGAGATTCACGCA,3
AACCGAGAAACTCACC,5
AACCGAGAAAGAGATC,5
AACCGAGAAAGGACAC,5
AACCGAGAAATCCGTC,3
AACCGAGAAATGTTGC,5
AACCGAGAACACGACC,5
AACCGAGAACAGATTC,5
AACCGAGAAGATGTAC,5
AACCGAGAAGCACCTC,5
AACCGAGAAGCCATGC,5
AACCGAGAAGGCTAAC,5
AACCGAGAATAGCGAC,5
AACCGAGAATCATTCC,5
AACCGAGAATTGGCTC,5
AACCGAGACAAGGAGC,5
AACCGAGACACCTTAC,5
AACCGAGACCATCCTC,5
AACCGAGACCGACAAC,9
AACCGAGACCTAATCC,5
AACCGAGACCTCTATC,5
AACCGAGACGACACAC,9
AACCGAGACGCTGATC,9
AACCGAGACGGATTGC,9
AACCGAGACTAAGGTC,9
AACCGAGAGAACAGGC,9
AACCGAGAGACAGTGC,9
AACCGAGAGAGTTAGC,9
AACCGAGAGATGAATC,9
AACCGAGAGCCAAGAC,1
AACCGAGACGGAAGAA,1
AACCGAGAGTGACAAG,1
AACCGAGAGAACCAGA,1
AACAACCAACAAGCTA,1
AACAACCATTGCTGGA,1
AACAACCACTGTAGCC,1
AACAACCAAGTACAAG,1
AACAACCAAACAACCA,1
AACAACCAAACCGAGA,1
AACAACCAAACGCTTA,9
AACAACCAAAGACGGA,1
AACAACCAAAGGTACA,1
AACAACCAACACAGAA,1
AACAACCAACAGCAGA,1
AACAACCAACCTCCAA,1
AACAACCAACGCTCGA,1
AACAACCAACGTATCA,1
AACAACCAACTATGCA,1
AACAACCAAGAGTCAA,1
AACAACCAAGATCGCA,1
AACAACCAAGCAGGAA,1
AACAACCAAGTCACTA,1
AACAACCAATCCTGTA,1
AACAACCAATTGAGGA,1
AACAACCACAACCACA,1
AACAACCAGACTAGTA,1
AACAACCACAATGGAA,1
AACAACCACACTTCGA,1
AACAACCACAGCGTTA,1
AACAACCACATACCAA,1
AACAACCACCAGTTCA,1
AACAACCACCGAAGTA,1
AACAACCACCGTGAGA,1
AACAACCACCTCCTGA,1
AACAACCACGAACTTA,1
AACAACCACGACTGGA,1
AACAACCACGCATACA,3
AACAACCACTCAATGA,3
AACAACCACTGAGCCA,3
AACAACCACTGGCATA,3
AACAACCAGAATCTGA,3
AACAACCACAAGACTA,3
AACAACCAGAGCTGAA,3
AACAACCAGATAGACA,3
AACAACCAGCCACATA,3
AACAACCAGCGAGTAA,3
AACAACCAGCTAACGA,3
AACAACCAGCTCGGTA,3
AACAACCAGGAGAACA,3
AACAACCAGGTGCGAA,3
AACAACCAGTACGCAA,3
AACAACCAGTCGTAGA,3
AACAACCAGTCTGTCA,3
AACAACCAGTGTTCTA,3
AACAACCATAGGATGA,3
AACAACCATATCAGCA,3
AACAACCATCCGTCTA,3
AACAACCATCTTCACA,3
AACAACCATGAAGAGA,3
AACAACCATGGAACAA,3
AACAACCATGGCTTCA,3
AACAACCATGGTGGTA,5
AACAACCATTCACGCA,3
AACAACCAAACTCACC,5
AACAACCAAAGAGATC,5
AACAACCAAAGGACAC,5
AACAACCAAATCCGTC,5
AACAACCAAATGTTGC,5
AACAACCAACACGACC,5
AACAACCAACAGATTC,5
AACAACCAAGATGTAC,5
AACAACCAAGCACCTC,5
AACAACCAAGCCATGC,5
AACAACCAAGGCTAAC,5
AACAACCAATAGCGAC,5
AACAACCAATCATTCC,5
AACAACCAATTGGCTC,5
AACAACCACAAGGAGC,5
AACAACCACACCTTAC,5
AACAACCACCATCCTC,1
AACAACCACCGACAAC,5
AACAACCACCTAATCC,5
AACAACCACCTCTATC,5
AACAACCACGACACAC,9
AACAACCACGGATTGC,9
AACAACCACTAAGGTC,9
AACAACCAGAACAGGC,9
AACAACCAGACAGTGC,9
AACAACCAGAGTTAGC,9
AACAACCAGATGAATC,9
AACAACCAGCCAAGAC,1
AACAACCACGGAAGAA,1
AACAACCAGTGACAAG,1
AACAACCAGAACCAGA,1
AGTACAAGTTGCTGGA,1
AGTACAAGCTGTAGCC,1
AGTACAAGAGTACAAG,1
AGTACAAGAACAACCA,1
AGTACAAGAACCGAGA,1
AGTACAAGAACGCTTA,1
AGTACAAGAAGACGGA,1
AGTACAAGAAGGTACA,1
AGTACAAGACACAGAA,1
AGTACAAGACAGCAGA,1
AGTACAAGACCTCCAA,1
AGTACAAGACGCTCGA,1
AGTACAAGACGTATCA,1
AGTACAAGACTATGCA,1
AGTACAAGAGAGTCAA,1
AGTACAAGAGATCGCA,1
AGTACAAGAGCAGGAA,1
AGTACAAGAGTCACTA,1
AGTACAAGATCCTGTA,1
AGTACAAGATTGAGGA,1
AGTACAAGCAACCACA,1
AGTACAAGGACTAGTA,1
AGTACAAGCAATGGAA,1
AGTACAAGCACTTCGA,1
AGTACAAGCAGCGTTA,1
AGTACAAGCATACCAA,1
AGTACAAGCCAGTTCA,1
AGTACAAGCCGAAGTA,1
AGTACAAGCCGTGAGA,1
AGTACAAGCCTCCTGA,1
AGTACAAGCGAACTTA,1
AGTACAAGCGACTGGA,1
AGTACAAGCGCATACA,1
AGTACAAGCTCAATGA,3
AGTACAAGCTGAGCCA,3
AGTACAAGCTGGCATA,3
AGTACAAGGAATCTGA,3
AGTACAAGCAAGACTA,3
AGTACAAGGAGCTGAA,3
AGTACAAGGATAGACA,3
AGTACAAGGCCACATA,3
AGTACAAGGCGAGTAA,3
AGTACAAGGCTAACGA,3
AGTACAAGGCTCGGTA,3
AGTACAAGGGAGAACA,3
AGTACAAGGGTGCGAA,3
AGTACAAGGTACGCAA,3
AGTACAAGGTCGTAGA,3
AGTACAAGGTCTGTCA,3
AGTACAAGGTGTTCTA,3
AGTACAAGTAGGATGA,3
AGTACAAGTATCAGCA,3
AGTACAAGTCCGTCTA,3
AGTACAAGTCTTCACA,3
AGTACAAGTGAAGAGA,3
AGTACAAGTGGAACAA,3
AGTACAAGTGGCTTCA,5
AGTACAAGTGGTGGTA,3
AGTACAAGTTCACGCA,5
AGTACAAGAACTCACC,5
AGTACAAGAAGAGATC,5
AGTACAAGAAGGACAC,5
AGTACAAGAATCCGTC,5
AGTACAAGAATGTTGC,5
AGTACAAGACACGACC,5
AGTACAAGACAGATTC,5
AGTACAAGAGATGTAC,5
AGTACAAGAGCACCTC,5
AGTACAAGAGCCATGC,5
AGTACAAGAGGCTAAC,5
AGTACAAGATAGCGAC,5
AGTACAAGATCATTCC,5
AGTACAAGATTGGCTC,5
AGTACAAGCAAGGAGC,5
AGTACAAGCACCTTAC,5
AGTACAAGCCATCCTC,5
AGTACAAGCCGACAAC,5
AGTACAAGCCTAATCC,5
AGTACAAGCCTCTATC,5
AGTACAAGCGACACAC,9
AGTACAAGCGGATTGC,9
AGTACAAGCTAAGGTC,9
AGTACAAGGAACAGGC,9
AGTACAAGGACAGTGC,9
AGTACAAGGAGTTAGC,9
AGTACAAGGATGAATC,1
AGTACAAGGCCAAGAC,1
AGTACAAGCGGAAGAA,1
AGTACAAGGTGACAAG,1
AGTACAAGGAACCAGA,1
GACAGTGCTTGCTGGA,1
GACAGTGCACGCTCGA,4
GACAGTGCACGTATCA,4
GACAGTGCACTATGCA,4
GACAGTGCAGAGTCAA,4
GACAGTGCAGATCGCA,4
GACAGTGCAGCAGGAA,4
GACAGTGCAGTCACTA,4
GACAGTGCATCCTGTA,4
GACAGTGCATTGAGGA,4
GACAGTGCCAACCACA,4
GACAGTGCGACTAGTA,4
GACAGTGCCAATGGAA,4
GACAGTGCCACTTCGA,4
GACAGTGCCAGCGTTA,4
GACAGTGCCATACCAA,4
GACAGTGCCCAGTTCA,4
GACAGTGCCCGAAGTA,4
GACAGTGCCCGTGAGA,4
GACAGTGCCCTCCTGA,2
GACAGTGCCGAACTTA,2
GACAGTGCCGACTGGA,2
GACAGTGCCGCATACA,2
GACAGTGCCTCAATGA,2
GACAGTGCCTGAGCCA,2
GACAGTGCCTGGCATA,2
GACAGTGCGAATCTGA,2
GACAGTGCCAAGACTA,2
GACAGTGCGAGCTGAA,2
GACAGTGCGATAGACA,1
GACAGTGCGCCACATA,1
GACAGTGCGCGAGTAA,1
GACAGTGCGCTAACGA,1
GACAGTGCGCTCGGTA,1
GACAGTGCGGAGAACA,1
GACAGTGCGGTGCGAA,1
GACAGTGCGTACGCAA,1
GACAGTGCGTCGTAGA,1
GACAGTGCGTCTGTCA,1
GACAGTGCGTGTTCTA,1
GACAGTGCTAGGATGA,1
GACAGTGCTATCAGCA,1
GACAGTGCTCCGTCTA,1
GACAGTGCTCTTCACA,1
GACAGTGCTGAAGAGA,1
GACAGTGCTGGAACAA,1
GACAGTGCTGGCTTCA,1
GACAGTGCTGGTGGTA,1
GACAGTGCTTCACGCA,1
GACAGTGCAACTCACC,1
GACAGTGCAAGAGATC,1
GACAGTGCAAGGACAC,1
GACAGTGCAATCCGTC,6
GACAGTGCAATGTTGC,6
GACAGTGCACACGACC,6
GACAGTGCACAGATTC,6
GACAGTGCAGATGTAC,6
GACAGTGCAGCACCTC,6
GACAGTGCAGCCATGC,6
GACAGTGCAGGCTAAC,6
GACAGTGCATAGCGAC,6
GACAGTGCATCATTCC,6
GACAGTGCATTGGCTC,6
GACAGTGCCAAGGAGC,1
GACAGTGCCACCTTAC,1
GACAGTGCCCATCCTC,1
GACAGTGCCCGACAAC,1
GACAGTGCCCTAATCC,1
GACAGTGCCCTCTATC,1
GACAGTGCCGACACAC,2
GACAGTGCCGGATTGC,2
GACAGTGCCTAAGGTC,2
GACAGTGCGAACAGGC,4
GACAGTGCGACAGTGC,4
GACAGTGCGAGTTAGC,1
GACAGTGCGATGAATC,1
GACAGTGCGCCAAGAC,1
GACAGTGCCGGAAGAA,1
GACAGTGCGTGACAAG,1
GACAGTGCGAACCAGA,1
CTGTAGCCTTGCTGGA,1
CTGTAGCCAGTACAAG,1
CTGTAGCCAACAACCA,1
CTGTAGCCAACCGAGA,1
CTGTAGCCAACGCTTA,1
CTGTAGCCAAGACGGA,1
CTGTAGCCAAGGTACA,1
CTGTAGCCACACAGAA,1
CTGTAGCCACAGCAGA,1
CTGTAGCCACCTCCAA,1
CTGTAGCCACGCTCGA,1
CTGTAGCCACGTATCA,1
CTGTAGCCACTATGCA,1
CTGTAGCCAGAGTCAA,1
CTGTAGCCAGATCGCA,7
CTGTAGCCAGCAGGAA,1
CTGTAGCCAGTCACTA,1
CTGTAGCCATCCTGTA,1
CTGTAGCCATTGAGGA,1
CTGTAGCCCAACCACA,1
CTGTAGCCGACTAGTA,1
CTGTAGCCCAATGGAA,1
CTGTAGCCCACTTCGA,1
CTGTAGCCCAGCGTTA,1
CTGTAGCCCATACCAA,1
CTGTAGCCCCAGTTCA,1
CTGTAGCCCCGAAGTA,1
CTGTAGCCCCGTGAGA,1
CTGTAGCCCCTCCTGA,1
CTGTAGCCCGAACTTA,6
CTGTAGCCCGACTGGA,1
CTGTAGCCCGCATACA,1
CTGTAGCCCTCAATGA,1
CTGTAGCCCTGAGCCA,3
CTGTAGCCCTGGCATA,3
CTGTAGCCGAATCTGA,3
CTGTAGCCCAAGACTA,3
CTGTAGCCGAGCTGAA,3
CTGTAGCCGATAGACA,3
CTGTAGCCGCCACATA,3
CTGTAGCCGCGAGTAA,3
CTGTAGCCGCTAACGA,3
CTGTAGCCGCTCGGTA,3
CTGTAGCCGGAGAACA,3
CTGTAGCCGGTGCGAA,3
CTGTAGCCGTACGCAA,3
CTGTAGCCGTCGTAGA,3
CTGTAGCCGTCTGTCA,3
CTGTAGCCGTGTTCTA,3
CTGTAGCCTAGGATGA,3
CTGTAGCCTATCAGCA,3
CTGTAGCCTCCGTCTA,3
CTGTAGCCTCTTCACA,3
CTGTAGCCTGAAGAGA,3
CTGTAGCCTGGAACAA,3
CTGTAGCCTGGCTTCA,5
CTGTAGCCTGGTGGTA,5
CTGTAGCCTTCACGCA,5
CTGTAGCCAACTCACC,5
CTGTAGCCAAGAGATC,5
CTGTAGCCAAGGACAC,5
CTGTAGCCAATCCGTC,5
CTGTAGCCAATGTTGC,5
CTGTAGCCACACGACC,5
CTGTAGCCACAGATTC,5
CTGTAGCCAGATGTAC,5
CTGTAGCCAGCACCTC,5
CTGTAGCCAGCCATGC,5
CTGTAGCCAGGCTAAC,5
CTGTAGCCATAGCGAC,5
CTGTAGCCATCATTCC,5
CTGTAGCCATTGGCTC,5
CTGTAGCCCAAGGAGC,5
CTGTAGCCCACCTTAC,5
CTGTAGCCCCATCCTC,5
CTGTAGCCCCGACAAC,5
CTGTAGCCCCTAATCC,5
CTGTAGCCCCTCTATC,5
CTGTAGCCCGACACAC,9
CTGTAGCCCGGATTGC,9
CTGTAGCCCTAAGGTC,9
CTGTAGCCGAACAGGC,9
CTGTAGCCGACAGTGC,9
CTGTAGCCGAGTTAGC,9
CTGTAGCCGATGAATC,1
CTGTAGCCGCCAAGAC,1
CTGTAGCCCGGAAGAA,1
CTGTAGCCGTGACAAG,1
CTGTAGCCGAACCAGA,1
ACAAGCTATTGCTGGA,1
ACAAGCTAAGTACAAG,1
ACAAGCTAAACAACCA,1
ACAAGCTAAACCGAGA,1
ACAAGCTAAACGCTTA,1
ACAAGCTAAAGACGGA,1
ACAAGCTAAAGGTACA,1
ACAAGCTAACACAGAA,1
ACAAGCTAACAGCAGA,1
ACAAGCTAACCTCCAA,1
ACAAGCTAACGCTCGA,1
ACAAGCTAACGTATCA,1
ACAAGCTAACTATGCA,1
ACAAGCTAAGAGTCAA,1
ACAAGCTAAGATCGCA,1
ACAAGCTAAGCAGGAA,1
ACAAGCTAAGTCACTA,1
ACAAGCTAATCCTGTA,1
ACAAGCTAATTGAGGA,1
ACAAGCTACAACCACA,1
ACAAGCTAGACTAGTA,1
ACAAGCTACAATGGAA,1
ACAAGCTACACTTCGA,1
ACAAGCTACAGCGTTA,1
ACAAGCTACATACCAA,1
ACAAGCTACCAGTTCA,1
ACAAGCTACCGAAGTA,1
ACAAGCTACCGTGAGA,1
ACAAGCTACCTCCTGA,1
ACAAGCTACGAACTTA,1
ACAAGCTACGACTGGA,1
ACAAGCTACGCATACA,1
ACAAGCTACTCAATGA,1
ACAAGCTACTGAGCCA,1
ACAAGCTACTGGCATA,5
ACAAGCTAGAATCTGA,5
ACAAGCTACAAGACTA,5
ACAAGCTAGAGCTGAA,3
ACAAGCTAGATAGACA,1
ACAAGCTAGCCACATA,3
ACAAGCTAGCGAGTAA,3
ACAAGCTAGCTAACGA,3
ACAAGCTAGCTCGGTA,3
ACAAGCTAGGAGAACA,3
ACAAGCTAGGTGCGAA,3
ACAAGCTAGTACGCAA,3
ACAAGCTAGTCGTAGA,3
ACAAGCTAGTCTGTCA,3
ACAAGCTAGTGTTCTA,3
ACAAGCTATAGGATGA,3
ACAAGCTATATCAGCA,3
ACAAGCTATCCGTCTA,3
ACAAGCTATCTTCACA,3
ACAAGCTATGAAGAGA,3
ACAAGCTATGGAACAA,3
ACAAGCTATGGCTTCA,5
ACAAGCTATGGTGGTA,3
ACAAGCTATTCACGCA,5
ACAAGCTAAACTCACC,5
ACAAGCTAAAGAGATC,5
ACAAGCTAAAGGACAC,5
ACAAGCTAAATCCGTC,5
ACAAGCTAAATGTTGC,5
ACAAGCTAACACGACC,5
ACAAGCTAACAGATTC,5
ACAAGCTAAGATGTAC,5
ACAAGCTAAGCACCTC,5
ACAAGCTAAGCCATGC,5
ACAAGCTAAGGCTAAC,5
ACAAGCTAATAGCGAC,5
ACAAGCTAATCATTCC,5
ACAAGCTAATTGGCTC,5
ACAAGCTACAAGGAGC,5
ACAAGCTACACCTTAC,5
ACAAGCTACCATCCTC,5
ACAAGCTACCGACAAC,5
ACAAGCTACCTAATCC,5
ACAAGCTACCTCTATC,5
ACAAGCTACGACACAC,5
ACAAGCTACGGATTGC,9
ACAAGCTACTAAGGTC,9
ACAAGCTAGAACAGGC,9
ACAAGCTAGACAGTGC,9
ACAAGCTAGAGTTAGC,9
ACAAGCTAGATGAATC,8
ACAAGCTAGCCAAGAC,1
ACAAGCTACGGAAGAA,8
ACAAGCTAGTGACAAG,1
ACAAGCTAGAACCAGA,1
CGCTGATCTTGCTGGA,1
CGCTGATCAGTACAAG,1
CGCTGATCAACAACCA,1
CGCTGATCAACCGAGA,1
CGCTGATCAACGCTTA,1
CGCTGATCAAGACGGA,1
CGCTGATCAAGGTACA,1
CGCTGATCACACAGAA,1
CGCTGATCACAGCAGA,1
CGCTGATCACCTCCAA,1
CGCTGATCACGCTCGA,1
CGCTGATCACGTATCA,1
CGCTGATCACTATGCA,1
CGCTGATCAGAGTCAA,1
CGCTGATCAGATCGCA,1
CGCTGATCAGCAGGAA,1
CGCTGATCAGTCACTA,1
CGCTGATCATCCTGTA,1
CGCTGATCATTGAGGA,1
CGCTGATCCAACCACA,1
CGCTGATCGACTAGTA,1
CGCTGATCCAATGGAA,1
CGCTGATCCACTTCGA,1
CGCTGATCCAGCGTTA,1
CGCTGATCCATACCAA,1
CGCTGATCCCAGTTCA,1
CGCTGATCCCGAAGTA,1
CGCTGATCCCGTGAGA,1
CGCTGATCCCTCCTGA,1
CGCTGATCCGAACTTA,1
CGCTGATCCGACTGGA,1
CGCTGATCCGCATACA,1
CGCTGATCCTCAATGA,1
CGCTGATCCTGAGCCA,1
CGCTGATCCTGGCATA,5
CGCTGATCGAATCTGA,5
CGCTGATCCAAGACTA,5
CGCTGATCGAGCTGAA,3
CGCTGATCGATAGACA,3
CGCTGATCGCCACATA,3
CGCTGATCGCGAGTAA,3
CGCTGATCGCTAACGA,3
CGCTGATCGCTCGGTA,3
CGCTGATCGGAGAACA,3
CGCTGATCGGTGCGAA,3
CGCTGATCGTACGCAA,3
CGCTGATCGTCGTAGA,3
CGCTGATCGTCTGTCA,3
CGCTGATCGTGTTCTA,3
CGCTGATCTAGGATGA,3
CGCTGATCTATCAGCA,3
CGCTGATCTCCGTCTA,3
CGCTGATCTCTTCACA,3
CGCTGATCTGAAGAGA,3
CGCTGATCTGGAACAA,3
CGCTGATCTGGCTTCA,5
CGCTGATCTGGTGGTA,5
CGCTGATCTTCACGCA,5
CGCTGATCAACTCACC,5
CGCTGATCAAGAGATC,5
CGCTGATCAAGGACAC,5
CGCTGATCAATCCGTC,5
CGCTGATCAATGTTGC,5
CGCTGATCACACGACC,5
CGCTGATCACAGATTC,5
CGCTGATCAGATGTAC,5
CGCTGATCAGCACCTC,5
CGCTGATCAGCCATGC,5
CGCTGATCAGGCTAAC,5
CGCTGATCATAGCGAC,5
CGCTGATCATCATTCC,5
CGCTGATCATTGGCTC,5
CGCTGATCCAAGGAGC,5
CGCTGATCCACCTTAC,5
CGCTGATCCCATCCTC,5
CGCTGATCCCGACAAC,5
CGCTGATCCCTAATCC,5
CGCTGATCCCTCTATC,5
CGCTGATCCGACACAC,5
CGCTGATCCGGATTGC,5
CGCTGATCCTAAGGTC,5
CGCTGATCGAACAGGC,5
CGCTGATCGACAGTGC,9
CGCTGATCGAGTTAGC,9
CGCTGATCGATGAATC,8
CGCTGATCGCCAAGAC,1
CGCTGATCCGGAAGAA,1
CGCTGATCGTGACAAG,1
CGCTGATCGAACCAGA,1
CATCAAGTTTGCTGGA,1
CATCAAGTAACAACCA,1
CATCAAGTAACCGAGA,1
CATCAAGTAACGCTTA,1
CATCAAGTAAGACGGA,1
CATCAAGTAAGGTACA,1
CATCAAGTACACAGAA,1
CATCAAGTACAGCAGA,1
CATCAAGTACCTCCAA,1
CATCAAGTACGCTCGA,1
CATCAAGTACGTATCA,1
CATCAAGTACTATGCA,1
CATCAAGTAGAGTCAA,1
CATCAAGTAGATCGCA,1
CATCAAGTAGCAGGAA,1
CATCAAGTAGTCACTA,1
CATCAAGTATCCTGTA,1
CATCAAGTATTGAGGA,1
CATCAAGTCAACCACA,1
CATCAAGTGACTAGTA,1
CATCAAGTCAATGGAA,1
CATCAAGTCACTTCGA,1
CATCAAGTCAGCGTTA,1
CATCAAGTCATACCAA,1
CATCAAGTCCAGTTCA,1
CATCAAGTCCGAAGTA,1
CATCAAGTCCGTGAGA,1
CATCAAGTCCTCCTGA,1
CATCAAGTCGAACTTA,1
CATCAAGTCGACTGGA,1
CATCAAGTCGCATACA,1
CATCAAGTCTCAATGA,1
CATCAAGTCTGAGCCA,1
CATCAAGTCTGGCATA,1
CATCAAGTGAATCTGA,1
CATCAAGTCAAGACTA,5
CATCAAGTGAGCTGAA,5
CATCAAGTGATAGACA,5
CATCAAGTGCCACATA,5
CATCAAGTGCGAGTAA,3
CATCAAGTGCTAACGA,3
CATCAAGTGCTCGGTA,3
CATCAAGTGGAGAACA,3
CATCAAGTGGTGCGAA,3
CATCAAGTGTACGCAA,3
CATCAAGTGTCGTAGA,1
CATCAAGTGTCTGTCA,3
CATCAAGTGTGTTCTA,3
CATCAAGTTAGGATGA,3
CATCAAGTTATCAGCA,3
CATCAAGTTCCGTCTA,3
CATCAAGTTCTTCACA,3
CATCAAGTTGAAGAGA,3
CATCAAGTTGGAACAA,5
CATCAAGTTGGCTTCA,5
CATCAAGTTGGTGGTA,3
CATCAAGTTTCACGCA,5
CATCAAGTAACTCACC,5
CATCAAGTAAGAGATC,5
CATCAAGTAAGGACAC,5
CATCAAGTAATCCGTC,5
CATCAAGTAATGTTGC,5
CATCAAGTACACGACC,5
CATCAAGTACAGATTC,5
CATCAAGTAGATGTAC,5
CATCAAGTAGCACCTC,5
CATCAAGTAGCCATGC,5
CATCAAGTAGGCTAAC,5
CATCAAGTATAGCGAC,5
CATCAAGTATCATTCC,5
CATCAAGTATTGGCTC,5
CATCAAGTCAAGGAGC,5
CATCAAGTCACCTTAC,5
CATCAAGTCCATCCTC,5
CATCAAGTCCGACAAC,5
CATCAAGTCCTAATCC,8
CATCAAGTCCTCTATC,5
CATCAAGTCGACACAC,9
CATCAAGTCGGATTGC,5
CATCAAGTCTAAGGTC,5
CATCAAGTGAACAGGC,5
CATCAAGTGACAGTGC,1
CATCAAGTGAGTTAGC,8
CATCAAGTGATGAATC,8
CATCAAGTGCCAAGAC,8
CATCAAGTCGGAAGAA,8
CATCAAGTGTGACAAG,1
CATCAAGTGAACCAGA,1
CAGATCTGTTGCTGGA,1
CAGATCTGAACAACCA,1
CAGATCTGAACCGAGA,1
CAGATCTGAACGCTTA,1
CAGATCTGAAGACGGA,1
CAGATCTGAAGGTACA,1
CAGATCTGACACAGAA,1
CAGATCTGACAGCAGA,1
CAGATCTGACCTCCAA,1
CAGATCTGACGCTCGA,1
CAGATCTGACGTATCA,1
CAGATCTGACTATGCA,1
CAGATCTGAGAGTCAA,1
CAGATCTGAGATCGCA,1
CAGATCTGAGCAGGAA,1
CAGATCTGAGTCACTA,1
CAGATCTGATCCTGTA,1
CAGATCTGATTGAGGA,1
CAGATCTGCAACCACA,1
CAGATCTGGACTAGTA,1
CAGATCTGCAATGGAA,1
CAGATCTGCACTTCGA,1
CAGATCTGCAGCGTTA,1
CAGATCTGCATACCAA,1
CAGATCTGCCAGTTCA,1
CAGATCTGCCGAAGTA,1
CAGATCTGCCGTGAGA,1
CAGATCTGCCTCCTGA,7
CAGATCTGCGAACTTA,1
CAGATCTGCGACTGGA,1
CAGATCTGCGCATACA,1
CAGATCTGCTCAATGA,1
CAGATCTGCTGAGCCA,1
CAGATCTGCTGGCATA,1
CAGATCTGGAATCTGA,1
CAGATCTGCAAGACTA,1
CAGATCTGGAGCTGAA,5
CAGATCTGGATAGACA,5
CAGATCTGGCCACATA,5
CAGATCTGGCGAGTAA,3
CAGATCTGGCTAACGA,3
CAGATCTGGCTCGGTA,3
CAGATCTGGGAGAACA,3
CAGATCTGGGTGCGAA,3
CAGATCTGGTACGCAA,3
CAGATCTGGTCGTAGA,3
CAGATCTGGTCTGTCA,3
CAGATCTGGTGTTCTA,3
CAGATCTGTAGGATGA,3
CAGATCTGTATCAGCA,5
CAGATCTGTCCGTCTA,5
CAGATCTGTCTTCACA,5
CAGATCTGTGAAGAGA,3
CAGATCTGTGGAACAA,3
CAGATCTGTGGCTTCA,5
CAGATCTGTGGTGGTA,5
CAGATCTGTTCACGCA,5
CAGATCTGAACTCACC,5
CAGATCTGAAGAGATC,5
CAGATCTGAAGGACAC,5
CAGATCTGAATCCGTC,5
CAGATCTGAATGTTGC,5
CAGATCTGACACGACC,5
CAGATCTGACAGATTC,5
CAGATCTGAGATGTAC,5
CAGATCTGAGCACCTC,5
CAGATCTGAGCCATGC,5
CAGATCTGAGGCTAAC,5
CAGATCTGATAGCGAC,5
CAGATCTGATCATTCC,5
CAGATCTGATTGGCTC,5
CAGATCTGCAAGGAGC,5
CAGATCTGCACCTTAC,5
CAGATCTGCCATCCTC,5
CAGATCTGCCGACAAC,5
CAGATCTGCCTAATCC,5
CAGATCTGCCTCTATC,8
CAGATCTGCGACACAC,5
CAGATCTGCGGATTGC,5
CAGATCTGCTAAGGTC,5
CAGATCTGGAACAGGC,1
CAGATCTGGACAGTGC,1
CAGATCTGGAGTTAGC,1
CAGATCTGGATGAATC,8
CAGATCTGGCCAAGAC,8
CAGATCTGCGGAAGAA,1
CAGATCTGGTGACAAG,1
CAGATCTGGAACCAGA,1
ACATTGGCTTGCTGGA,1
ACATTGGCAACAACCA,1
ACATTGGCAACCGAGA,1
ACATTGGCAACGCTTA,1
ACATTGGCAAGACGGA,1
ACATTGGCAAGGTACA,1
ACATTGGCACACAGAA,1
ACATTGGCACAGCAGA,1
ACATTGGCACCTCCAA,1
ACATTGGCACGCTCGA,1
ACATTGGCACGTATCA,1
ACATTGGCACTATGCA,1
ACATTGGCAGAGTCAA,1
ACATTGGCAGATCGCA,1
ACATTGGCAGCAGGAA,1
ACATTGGCAGTCACTA,1
ACATTGGCATCCTGTA,1
ACATTGGCATTGAGGA,1
ACATTGGCCAACCACA,1
ACATTGGCGACTAGTA,1
ACATTGGCCAATGGAA,3
ACATTGGCCACTTCGA,1
ACATTGGCCAGCGTTA,1
ACATTGGCCATACCAA,1
ACATTGGCCCAGTTCA,1
ACATTGGCCCGAAGTA,1
ACATTGGCCCGTGAGA,1
ACATTGGCCCTCCTGA,7
ACATTGGCCGAACTTA,1
ACATTGGCCGACTGGA,1
ACATTGGCCGCATACA,1
ACATTGGCCTCAATGA,1
ACATTGGCCTGAGCCA,1
ACATTGGCCTGGCATA,1
ACATTGGCGAATCTGA,1
ACATTGGCCAAGACTA,1
ACATTGGCGAGCTGAA,3
ACATTGGCGATAGACA,5
ACATTGGCGCCACATA,5
ACATTGGCGCGAGTAA,5
ACATTGGCGCTAACGA,3
ACATTGGCGCTCGGTA,3
ACATTGGCGGAGAACA,3
ACATTGGCGGTGCGAA,3
ACATTGGCGTACGCAA,3
ACATTGGCGTCGTAGA,3
ACATTGGCGTCTGTCA,3
ACATTGGCGTGTTCTA,3
ACATTGGCTAGGATGA,3
ACATTGGCTATCAGCA,3
ACATTGGCTCCGTCTA,3
ACATTGGCTCTTCACA,3
ACATTGGCTGAAGAGA,5
ACATTGGCTGGAACAA,5
ACATTGGCTGGCTTCA,5
ACATTGGCTGGTGGTA,5
ACATTGGCTTCACGCA,5
ACATTGGCAACTCACC,5
ACATTGGCAAGAGATC,5
ACATTGGCAAGGACAC,5
ACATTGGCAATCCGTC,5
ACATTGGCAATGTTGC,5
ACATTGGCACACGACC,5
ACATTGGCACAGATTC,5
ACATTGGCAGATGTAC,5
ACATTGGCAGCACCTC,5
ACATTGGCAGCCATGC,5
ACATTGGCAGGCTAAC,5
ACATTGGCATAGCGAC,5
ACATTGGCATCATTCC,5
ACATTGGCATTGGCTC,5
ACATTGGCCAAGGAGC,5
ACATTGGCCACCTTAC,5
ACATTGGCCCATCCTC,5
ACATTGGCCCGACAAC,5
ACATTGGCCCTAATCC,5
ACATTGGCCCTCTATC,5
ACATTGGCCGACACAC,5
ACATTGGCCGGATTGC,5
ACATTGGCCTAAGGTC,8
ACATTGGCGAACAGGC,1
ACATTGGCGACAGTGC,1
ACATTGGCGAGTTAGC,1
ACATTGGCGATGAATC,1
ACATTGGCGCCAAGAC,1
ACATTGGCCGGAAGAA,1
ACATTGGCGTGACAAG,1
ACATTGGCGAACCAGA,1
ACCACTGTTTGCTGGA,1
ACCACTGTAACAACCA,1
ACCACTGTAACCGAGA,1
ACCACTGTAACGCTTA,1
ACCACTGTAAGACGGA,1
ACCACTGTAAGGTACA,1
ACCACTGTACACAGAA,1
ACCACTGTACAGCAGA,1
ACCACTGTACCTCCAA,1
ACCACTGTACGCTCGA,1
ACCACTGTACGTATCA,1
ACCACTGTACTATGCA,1
ACCACTGTAGAGTCAA,1
ACCACTGTAGATCGCA,1
ACCACTGTAGCAGGAA,1
ACCACTGTAGTCACTA,1
ACCACTGTATCCTGTA,1
ACCACTGTATTGAGGA,1
ACCACTGTCAACCACA,1
ACCACTGTGACTAGTA,1
ACCACTGTCAATGGAA,1
ACCACTGTCACTTCGA,1
ACCACTGTCAGCGTTA,1
ACCACTGTCATACCAA,1
ACCACTGTCCAGTTCA,1
ACCACTGTCCGAAGTA,1
ACCACTGTCCGTGAGA,3
ACCACTGTCCTCCTGA,1
ACCACTGTCGAACTTA,1
ACCACTGTCGACTGGA,1
ACCACTGTCGCATACA,1
ACCACTGTCTCAATGA,8
ACCACTGTCTGAGCCA,7
ACCACTGTCTGGCATA,1
ACCACTGTGAATCTGA,1
ACCACTGTCAAGACTA,1
ACCACTGTGAGCTGAA,1
ACCACTGTGATAGACA,5
ACCACTGTGCCACATA,5
ACCACTGTGCGAGTAA,5
ACCACTGTGCTAACGA,5
ACCACTGTGCTCGGTA,3
ACCACTGTGGAGAACA,3
ACCACTGTGGTGCGAA,3
ACCACTGTGTACGCAA,3
ACCACTGTGTCGTAGA,1
ACCACTGTGTCTGTCA,3
ACCACTGTGTGTTCTA,3
ACCACTGTTAGGATGA,3
ACCACTGTTATCAGCA,3
ACCACTGTTCCGTCTA,3
ACCACTGTTCTTCACA,3
ACCACTGTTGAAGAGA,3
ACCACTGTTGGAACAA,5
ACCACTGTTGGCTTCA,5
ACCACTGTTGGTGGTA,5
ACCACTGTTTCACGCA,5
ACCACTGTAACTCACC,5
ACCACTGTAAGAGATC,5
ACCACTGTAAGGACAC,5
ACCACTGTAATCCGTC,5
ACCACTGTAATGTTGC,5
ACCACTGTACACGACC,5
ACCACTGTACAGATTC,5
ACCACTGTAGATGTAC,5
ACCACTGTAGCACCTC,5
ACCACTGTAGCCATGC,5
ACCACTGTAGGCTAAC,5
ACCACTGTATAGCGAC,5
ACCACTGTATCATTCC,5
ACCACTGTATTGGCTC,5
ACCACTGTCAAGGAGC,5
ACCACTGTCACCTTAC,5
ACCACTGTCCATCCTC,5
ACCACTGTCCGACAAC,5
ACCACTGTCCTAATCC,5
ACCACTGTCCTCTATC,5
ACCACTGTCGACACAC,5
ACCACTGTCGGATTGC,5
ACCACTGTCTAAGGTC,1
ACCACTGTGAACAGGC,1
ACCACTGTGACAGTGC,1
ACCACTGTGAGTTAGC,1
ACCACTGTGATGAATC,1
ACCACTGTGCCAAGAC,1
ACCACTGTCGGAAGAA,1
ACCACTGTGTGACAAG,1
ACCACTGTGAACCAGA,1
AGTGGTCATTGCTGGA,1
AGTGGTCAAACCGAGA,1
AGTGGTCAAACGCTTA,1
AGTGGTCAAAGACGGA,1
AGTGGTCAAAGGTACA,1
AGTGGTCAACACAGAA,1
AGTGGTCAACAGCAGA,1
AGTGGTCAACCTCCAA,1
AGTGGTCAACGCTCGA,1
AGTGGTCAACGTATCA,1
AGTGGTCAACTATGCA,1
AGTGGTCAAGAGTCAA,1
AGTGGTCAAGATCGCA,1
AGTGGTCAAGCAGGAA,1
AGTGGTCAAGTCACTA,1
AGTGGTCAATCCTGTA,1
AGTGGTCAATTGAGGA,1
AGTGGTCACAACCACA,1
AGTGGTCAGACTAGTA,1
AGTGGTCACAATGGAA,1
AGTGGTCACACTTCGA,1
AGTGGTCACAGCGTTA,1
AGTGGTCACATACCAA,1
AGTGGTCACCAGTTCA,1
AGTGGTCACCGAAGTA,1
AGTGGTCACCGTGAGA,1
AGTGGTCACCTCCTGA,1
AGTGGTCACGAACTTA,1
AGTGGTCACGACTGGA,1
AGTGGTCACGCATACA,1
AGTGGTCACTCAATGA,1
AGTGGTCACTGAGCCA,1
AGTGGTCACTGGCATA,1
AGTGGTCAGAATCTGA,1
AGTGGTCACAAGACTA,1
AGTGGTCAGAGCTGAA,1
AGTGGTCAGATAGACA,5
AGTGGTCAGCCACATA,5
AGTGGTCAGCGAGTAA,5
AGTGGTCAGCTAACGA,5
AGTGGTCAGCTCGGTA,5
AGTGGTCAGGAGAACA,3
AGTGGTCAGGTGCGAA,3
AGTGGTCAGTACGCAA,3
AGTGGTCAGTCGTAGA,3
AGTGGTCAGTCTGTCA,3
AGTGGTCAGTGTTCTA,3
AGTGGTCATAGGATGA,3
AGTGGTCATATCAGCA,3
AGTGGTCATCCGTCTA,3
AGTGGTCATCTTCACA,3
AGTGGTCATGAAGAGA,3
AGTGGTCATGGAACAA,5
AGTGGTCATGGCTTCA,5
AGTGGTCATGGTGGTA,5
AGTGGTCATTCACGCA,5
AGTGGTCAAACTCACC,5
AGTGGTCAAAGAGATC,5
AGTGGTCAAAGGACAC,5
AGTGGTCAAATCCGTC,5
AGTGGTCAAATGTTGC,5
AGTGGTCAACACGACC,5
AGTGGTCAACAGATTC,5
AGTGGTCAAGATGTAC,5
AGTGGTCAAGCACCTC,5
AGTGGTCAAGCCATGC,5
AGTGGTCAAGGCTAAC,5
AGTGGTCAATAGCGAC,5
AGTGGTCAATCATTCC,5
AGTGGTCAATTGGCTC,9
AGTGGTCACAAGGAGC,5
AGTGGTCACACCTTAC,5
AGTGGTCACCATCCTC,5
AGTGGTCACCGACAAC,5
AGTGGTCACCTAATCC,8
AGTGGTCACCTCTATC,8
AGTGGTCACGACACAC,8
AGTGGTCACGGATTGC,5
AGTGGTCACTAAGGTC,1
AGTGGTCAGAACAGGC,1
AGTGGTCAGACAGTGC,1
AGTGGTCAGAGTTAGC,1
AGTGGTCAGATGAATC,1
AGTGGTCAGCCAAGAC,1
AGTGGTCACGGAAGAA,1
AGTGGTCAGTGACAAG,1
AGTGGTCAGAACCAGA,1
ATGCCTAATTGCTGGA,1
ATGCCTAAAAGGTACA,1
ATGCCTAAACACAGAA,1
ATGCCTAAACAGCAGA,1
ATGCCTAAACCTCCAA,1
ATGCCTAAACGCTCGA,1
ATGCCTAAACGTATCA,1
ATGCCTAAACTATGCA,1
ATGCCTAAAGAGTCAA,1
ATGCCTAAAGATCGCA,1
ATGCCTAAAGCAGGAA,1
ATGCCTAAAGTCACTA,1
ATGCCTAAATCCTGTA,1
ATGCCTAAATTGAGGA,1
ATGCCTAACAACCACA,1
ATGCCTAAGACTAGTA,1
ATGCCTAACAATGGAA,1
ATGCCTAACACTTCGA,1
ATGCCTAACAGCGTTA,1
ATGCCTAACATACCAA,1
ATGCCTAACCAGTTCA,1
ATGCCTAACCGAAGTA,1
ATGCCTAACCGTGAGA,1
ATGCCTAACCTCCTGA,1
ATGCCTAACGAACTTA,1
ATGCCTAACGACTGGA,1
ATGCCTAACGCATACA,1
ATGCCTAACTCAATGA,1
ATGCCTAACTGAGCCA,1
ATGCCTAACTGGCATA,1
ATGCCTAAGAATCTGA,1
ATGCCTAACAAGACTA,1
ATGCCTAAGAGCTGAA,1
ATGCCTAAGATAGACA,5
ATGCCTAAGCCACATA,5
ATGCCTAAGCGAGTAA,5
ATGCCTAAGCTAACGA,5
ATGCCTAAGCTCGGTA,5
ATGCCTAAGGAGAACA,3
ATGCCTAAGGTGCGAA,3
ATGCCTAAGTACGCAA,3
ATGCCTAAGTCGTAGA,3
ATGCCTAAGTCTGTCA,3
ATGCCTAAGTGTTCTA,3
ATGCCTAATAGGATGA,3
ATGCCTAATATCAGCA,3
ATGCCTAATCCGTCTA,3
ATGCCTAATCTTCACA,3
ATGCCTAATGAAGAGA,5
ATGCCTAATGGAACAA,5
ATGCCTAATGGCTTCA,5
ATGCCTAATGGTGGTA,5
ATGCCTAATTCACGCA,5
ATGCCTAAAACTCACC,5
ATGCCTAAAAGAGATC,5
ATGCCTAAAAGGACAC,5
ATGCCTAAAATCCGTC,5
ATGCCTAAAATGTTGC,5
ATGCCTAAACACGACC,5
ATGCCTAAACAGATTC,5
ATGCCTAAAGATGTAC,5
ATGCCTAAAGCACCTC,5
ATGCCTAAAGCCATGC,5
ATGCCTAAAGGCTAAC,5
ATGCCTAAATAGCGAC,5
ATGCCTAAATCATTCC,5
ATGCCTAAATTGGCTC,5
ATGCCTAACAAGGAGC,5
ATGCCTAACACCTTAC,5
ATGCCTAACCATCCTC,5
ATGCCTAACCGACAAC,5
ATGCCTAACCTAATCC,5
ATGCCTAACCTCTATC,8
ATGCCTAACGACACAC,8
ATGCCTAACGGATTGC,8
ATGCCTAACTAAGGTC,8
ATGCCTAAGAACAGGC,8
ATGCCTAAGACAGTGC,1
ATGCCTAAGAGTTAGC,1
ATGCCTAAGATGAATC,1
ATGCCTAAGCCAAGAC,1
ATGCCTAACGGAAGAA,1
ATGCCTAAGTGACAAG,1
ATGCCTAAGAACCAGA,1
AAACATCGTTGCTGGA,1
AAACATCGACACAGAA,1
AAACATCGACAGCAGA,1
AAACATCGACCTCCAA,1
AAACATCGACGCTCGA,1
AAACATCGACGTATCA,1
AAACATCGACTATGCA,1
AAACATCGAGAGTCAA,9
AAACATCGAGATCGCA,1
AAACATCGAGCAGGAA,1
AAACATCGAGTCACTA,1
AAACATCGATCCTGTA,1
AAACATCGATTGAGGA,1
AAACATCGCAACCACA,1
AAACATCGGACTAGTA,1
AAACATCGCAATGGAA,1
AAACATCGCACTTCGA,1
AAACATCGCAGCGTTA,1
AAACATCGCATACCAA,1
AAACATCGCCAGTTCA,1
AAACATCGCCGAAGTA,1
AAACATCGCCGTGAGA,1
AAACATCGCCTCCTGA,1
AAACATCGCGAACTTA,1
AAACATCGCGACTGGA,1
AAACATCGCGCATACA,1
AAACATCGCTCAATGA,1
AAACATCGCTGAGCCA,1
AAACATCGCTGGCATA,1
AAACATCGGAATCTGA,1
AAACATCGCAAGACTA,1
AAACATCGGAGCTGAA,1
AAACATCGGATAGACA,1
AAACATCGGCCACATA,5
AAACATCGGCGAGTAA,3
AAACATCGGCTAACGA,5
AAACATCGGCTCGGTA,5
AAACATCGGGAGAACA,3
AAACATCGGGTGCGAA,3
AAACATCGGTACGCAA,3
AAACATCGGTCGTAGA,3
AAACATCGGTCTGTCA,3
AAACATCGGTGTTCTA,3
AAACATCGTAGGATGA,3
AAACATCGTATCAGCA,3
AAACATCGTCCGTCTA,3
AAACATCGTCTTCACA,3
AAACATCGTGAAGAGA,3
AAACATCGTGGAACAA,5
AAACATCGTGGCTTCA,5
AAACATCGTGGTGGTA,5
AAACATCGTTCACGCA,5
AAACATCGAACTCACC,5
AAACATCGAAGAGATC,5
AAACATCGAAGGACAC,5
AAACATCGAATCCGTC,5
AAACATCGAATGTTGC,5
AAACATCGACACGACC,5
AAACATCGACAGATTC,5
AAACATCGAGATGTAC,5
AAACATCGAGCACCTC,5
AAACATCGAGCCATGC,5
AAACATCGAGGCTAAC,5
AAACATCGATAGCGAC,5
AAACATCGATCATTCC,5
AAACATCGATTGGCTC,9
AAACATCGCAAGGAGC,5
AAACATCGCACCTTAC,5
AAACATCGCCATCCTC,5
AAACATCGCCGACAAC,5
AAACATCGCCTAATCC,5
AAACATCGCCTCTATC,5
AAACATCGCGACACAC,8
AAACATCGCGGATTGC,8
AAACATCGCTAAGGTC,8
AAACATCGGAACAGGC,1
AAACATCGGACAGTGC,1
AAACATCGGAGTTAGC,8
AAACATCGGATGAATC,1
AAACATCGGCCAAGAC,1
AAACATCGCGGAAGAA,1
AAACATCGGTGACAAG,1
AAACATCGGAACCAGA,1
GAACAGGCTTGCTGGA,1
GAACAGGCACAGCAGA,4
GAACAGGCACCTCCAA,4
GAACAGGCACGCTCGA,4
GAACAGGCACGTATCA,4
GAACAGGCACTATGCA,4
GAACAGGCAGAGTCAA,4
GAACAGGCAGATCGCA,4
GAACAGGCAGCAGGAA,4
GAACAGGCAGTCACTA,4
GAACAGGCATCCTGTA,4
GAACAGGCATTGAGGA,4
GAACAGGCCAACCACA,4
GAACAGGCGACTAGTA,4
GAACAGGCCAATGGAA,4
GAACAGGCCACTTCGA,4
GAACAGGCCAGCGTTA,4
GAACAGGCCATACCAA,4
GAACAGGCCCAGTTCA,4
GAACAGGCCCGAAGTA,2
GAACAGGCCCGTGAGA,2
GAACAGGCCCTCCTGA,2
GAACAGGCCGAACTTA,2
GAACAGGCCGACTGGA,2
GAACAGGCCGCATACA,2
GAACAGGCCTCAATGA,2
GAACAGGCCTGAGCCA,2
GAACAGGCCTGGCATA,2
GAACAGGCGAATCTGA,2
GAACAGGCCAAGACTA,1
GAACAGGCGAGCTGAA,2
GAACAGGCGATAGACA,1
GAACAGGCGCCACATA,1
GAACAGGCGCGAGTAA,1
GAACAGGCGCTAACGA,1
GAACAGGCGCTCGGTA,1
GAACAGGCGGAGAACA,1
GAACAGGCGGTGCGAA,1
GAACAGGCGTACGCAA,1
GAACAGGCGTCGTAGA,1
GAACAGGCGTCTGTCA,1
GAACAGGCGTGTTCTA,6
GAACAGGCTAGGATGA,6
GAACAGGCTATCAGCA,6
GAACAGGCTCCGTCTA,1
GAACAGGCTCTTCACA,1
GAACAGGCTGAAGAGA,1
GAACAGGCTGGAACAA,1
GAACAGGCTGGCTTCA,1
GAACAGGCTGGTGGTA,1
GAACAGGCTTCACGCA,1
GAACAGGCAACTCACC,6
GAACAGGCAAGAGATC,1
GAACAGGCAAGGACAC,6
GAACAGGCAATCCGTC,6
GAACAGGCAATGTTGC,6
GAACAGGCACACGACC,6
GAACAGGCACAGATTC,6
GAACAGGCAGATGTAC,6
GAACAGGCAGCACCTC,6
GAACAGGCAGCCATGC,6
GAACAGGCAGGCTAAC,6
GAACAGGCATAGCGAC,6
GAACAGGCATCATTCC,6
GAACAGGCATTGGCTC,1
GAACAGGCCAAGGAGC,1
GAACAGGCCACCTTAC,1
GAACAGGCCCATCCTC,1
GAACAGGCCCGACAAC,1
GAACAGGCCCTAATCC,1
GAACAGGCCCTCTATC,2
GAACAGGCCGACACAC,2
GAACAGGCCGGATTGC,2
GAACAGGCCTAAGGTC,2
GAACAGGCGAACAGGC,2
GAACAGGCGACAGTGC,4
GAACAGGCGAGTTAGC,1
GAACAGGCGATGAATC,1
GAACAGGCGCCAAGAC,1
GAACAGGCCGGAAGAA,1
GAACAGGCGTGACAAG,1
GAACAGGCGAACCAGA,1
