observation_id,cluster
CTAAGGTCTTGCTGGA,1
CTAAGGTCACACAGAA,1
CTAAGGTCACAGCAGA,1
CTAAGGTCACCTCCAA,7
CTAAGGTCACGCTCGA,7
CTAAGGTCACGTATCA,7
CTAAGGTCACTATGCA,7
CTAAGGTCAGAGTCAA,7
CTAAGGTCAGATCGCA,7
CTAAGGTCAGCAGGAA,7
CTAAGGTCAGTCACTA,7
CTAAGGTCATCCTGTA,7
CTAAGGTCATTGAGGA,7
CTAAGGTCCAACCACA,7
CTAAGGTCGACTAGTA,7
CTAAGGTCCAATGGAA,7
CTAAGGTCCACTTCGA,7
CTAAGGTCCAGCGTTA,7
CTAAGGTCCATACCAA,3
CTAAGGTCCCAGTTCA,3
CTAAGGTCCCGAAGTA,3
CTAAGGTCCCGTGAGA,3
CTAAGGTCCCTCCTGA,3
CTAAGGTCCGAACTTA,3
CTAAGGTCCGACTGGA,3
CTAAGGTCCGCATACA,3
CTAAGGTCCTCAATGA,3
CTAAGGTCCTGAGCCA,1
CTAAGGTCCTGGCATA,1
CTAAGGTCGAATCTGA,1
CTAAGGTCCAAGACTA,1
CTAAGGTCGAGCTGAA,1
CTAAGGTCGATAGACA,1
CTAAGGTCGCCACATA,1
CTAAGGTCGCGAGTAA,1
CTAAGGTCGCTAACGA,1
CTAAGGTCGCTCGGTA,1
CTAAGGTCGGAGAACA,6
CTAAGGTCGGTGCGAA,1
CTAAGGTCGTACGCAA,1
CTAAGGTCGTCGTAGA,1
CTAAGGTCGTCTGTCA,1
CTAAGGTCGTGTTCTA,6
CTAAGGTCTAGGATGA,6
CTAAGGTCTATCAGCA,6
CTAAGGTCTCCGTCTA,6
CTAAGGTCTCTTCACA,6
CTAAGGTCTGAAGAGA,1
CTAAGGTCTGGAACAA,1
CTAAGGTCTGGCTTCA,1
CTAAGGTCTGGTGGTA,1
CTAAGGTCTTCACGCA,6
CTAAGGTCAACTCACC,6
CTAAGGTCAAGAGATC,6
CTAAGGTCAAGGACAC,6
CTAAGGTCAATCCGTC,6
CTAAGGTCAATGTTGC,6
CTAAGGTCACACGACC,6
CTAAGGTCACAGATTC,6
CTAAGGTCAGATGTAC,6
CTAAGGTCAGCACCTC,6
CTAAGGTCAGCCATGC,6
CTAAGGTCAGGCTAAC,6
CTAAGGTCATAGCGAC,6
CTAAGGTCATCATTCC,1
CTAAGGTCATTGGCTC,6
CTAAGGTCCAAGGAGC,1
CTAAGGTCCACCTTAC,1
CTAAGGTCCCATCCTC,1
CTAAGGTCCCGACAAC,1
CTAAGGTCCCTAATCC,1
CTAAGGTCCCTCTATC,1
CTAAGGTCCGACACAC,3
CTAAGGTCCGGATTGC,3
CTAAGGTCCTAAGGTC,7
CTAAGGTCGAACAGGC,7
CTAAGGTCGACAGTGC,7
CTAAGGTCGAGTTAGC,1
CTAAGGTCGATGAATC,1
CTAAGGTCGCCAAGAC,1
CTAAGGTCCGGAAGAA,1
CTAAGGTCGTGACAAG,1
CTAAGGTCGAACCAGA,1
CGGATTGCTTGCTGGA,1
CGGATTGCACACAGAA,1
CGGATTGCACAGCAGA,1
CGGATTGCACCTCCAA,1
CGGATTGCACGCTCGA,7
CGGATTGCACGTATCA,7
CGGATTGCACTATGCA,7
CGGATTGCAGAGTCAA,7
CGGATTGCAGATCGCA,7
CGGATTGCAGCAGGAA,7
CGGATTGCAGTCACTA,7
CGGATTGCATCCTGTA,7
CGGATTGCATTGAGGA,7
CGGATTGCCAACCACA,7
CGGATTGCGACTAGTA,7
CGGATTGCCAATGGAA,7
CGGATTGCCACTTCGA,7
CGGATTGCCAGCGTTA,3
CGGATTGCCATACCAA,3
CGGATTGCCCAGTTCA,3
CGGATTGCCCGAAGTA,3
CGGATTGCCCGTGAGA,3
CGGATTGCCCTCCTGA,3
CGGATTGCCGAACTTA,3
CGGATTGCCGACTGGA,3
CGGATTGCCGCATACA,3
CGGATTGCCTCAATGA,1
CGGATTGCCTGAGCCA,1
CGGATTGCCTGGCATA,1
CGGATTGCGAATCTGA,1
CGGATTGCCAAGACTA,1
CGGATTGCGAGCTGAA,1
CGGATTGCGATAGACA,1
CGGATTGCGCCACATA,1
CGGATTGCGCGAGTAA,1
CGGATTGCGCTAACGA,1
CGGATTGCGCTCGGTA,1
CGGATTGCGGAGAACA,1
CGGATTGCGGTGCGAA,1
CGGATTGCGTACGCAA,1
CGGATTGCGTCGTAGA,1
CGGATTGCGTCTGTCA,1
CGGATTGCGTGTTCTA,6
CGGATTGCTAGGATGA,6
CGGATTGCTATCAGCA,6
CGGATTGCTCCGTCTA,1
CGGATTGCTCTTCACA,1
CGGATTGCTGAAGAGA,1
CGGATTGCTGGAACAA,1
CGGATTGCTGGCTTCA,1
CGGATTGCTGGTGGTA,6
CGGATTGCTTCACGCA,6
CGGATTGCAACTCACC,6
CGGATTGCAAGAGATC,6
CGGATTGCAAGGACAC,6
CGGATTGCAATCCGTC,6
CGGATTGCAATGTTGC,6
CGGATTGCACACGACC,6
CGGATTGCACAGATTC,6
CGGATTGCAGATGTAC,6
CGGATTGCAGCACCTC,6
CGGATTGCAGCCATGC,6
CGGATTGCAGGCTAAC,6
CGGATTGCATAGCGAC,6
CGGATTGCATCATTCC,1
CGGATTGCATTGGCTC,1
CGGATTGCCAAGGAGC,1
CGGATTGCCACCTTAC,1
CGGATTGCCCATCCTC,1
CGGATTGCCCGACAAC,1
CGGATTGCCCTAATCC,1
CGGATTGCCCTCTATC,1
CGGATTGCCGACACAC,3
CGGATTGCCGGATTGC,3
CGGATTGCCTAAGGTC,7
CGGATTGCGAACAGGC,7
CGGATTGCGACAGTGC,7
CGGATTGCGAGTTAGC,1
CGGATTGCGATGAATC,1
CGGATTGCGCCAAGAC,1
CGGATTGCCGGAAGAA,1
CGGATTGCGTGACAAG,1
CGGATTGCGAACCAGA,1
CGACACACTTGCTGGA,1
CGACACACAAGACGGA,1
CGACACACAAGGTACA,1
CGACACACACACAGAA,1
CGACACACACAGCAGA,1
CGACACACACCTCCAA,1
CGACACACACGCTCGA,7
CGACACACACGTATCA,7
CGACACACACTATGCA,7
CGACACACAGAGTCAA,7
CGACACACAGATCGCA,7
CGACACACAGCAGGAA,7
CGACACACAGTCACTA,7
CGACACACATCCTGTA,7
CGACACACATTGAGGA,7
CGACACACCAACCACA,7
CGACACACGACTAGTA,7
CGACACACCAATGGAA,7
CGACACACCACTTCGA,3
CGACACACCAGCGTTA,3
CGACACACCATACCAA,3
CGACACACCCAGTTCA,3
CGACACACCCGAAGTA,3
CGACACACCCGTGAGA,3
CGACACACCCTCCTGA,3
CGACACACCGAACTTA,3
CGACACACCGACTGGA,3
CGACACACCGCATACA,1
CGACACACCTCAATGA,1
CGACACACCTGAGCCA,1
CGACACACCTGGCATA,1
CGACACACGAATCTGA,1
CGACACACCAAGACTA,1
CGACACACGAGCTGAA,1
CGACACACGATAGACA,1
CGACACACGCCACATA,1
CGACACACGCGAGTAA,1
CGACACACGCTAACGA,1
CGACACACGCTCGGTA,1
CGACACACGGAGAACA,1
CGACACACGGTGCGAA,1
CGACACACGTACGCAA,6
CGACACACGTCGTAGA,1
CGACACACGTCTGTCA,6
CGACACACGTGTTCTA,1
CGACACACTAGGATGA,6
CGACACACTATCAGCA,8
CGACACACTCCGTCTA,1
CGACACACTCTTCACA,1
CGACACACTGAAGAGA,1
CGACACACTGGAACAA,1
CGACACACTGGCTTCA,6
CGACACACTGGTGGTA,6
CGACACACTTCACGCA,6
CGACACACAACTCACC,6
CGACACACAAGAGATC,6
CGACACACAAGGACAC,6
CGACACACAATCCGTC,6
CGACACACAATGTTGC,6
CGACACACACACGACC,6
CGACACACACAGATTC,6
CGACACACAGATGTAC,6
CGACACACAGCACCTC,6
CGACACACAGCCATGC,6
CGACACACAGGCTAAC,1
CGACACACATAGCGAC,1
CGACACACATCATTCC,1
CGACACACATTGGCTC,6
CGACACACCAAGGAGC,1
CGACACACCACCTTAC,1
CGACACACCCATCCTC,1
CGACACACCCGACAAC,1
CGACACACCCTAATCC,1
CGACACACCCTCTATC,1
CGACACACCGACACAC,3
CGACACACCGGATTGC,3
CGACACACCTAAGGTC,7
CGACACACGAACAGGC,7
CGACACACGACAGTGC,7
CGACACACGAGTTAGC,1
CGACACACGATGAATC,1
CGACACACGCCAAGAC,1
CGACACACCGGAAGAA,1
CGACACACGTGACAAG,1
CGACACACGAACCAGA,1
CCTCTATCTTGCTGGA,1
CCTCTATCAACCGAGA,7
CCTCTATCAACGCTTA,1
CCTCTATCAAGACGGA,7
CCTCTATCAAGGTACA,7
CCTCTATCACACAGAA,7
CCTCTATCACAGCAGA,7
CCTCTATCACCTCCAA,7
CCTCTATCACGCTCGA,7
CCTCTATCACGTATCA,7
CCTCTATCACTATGCA,7
CCTCTATCAGAGTCAA,7
CCTCTATCAGATCGCA,7
CCTCTATCAGCAGGAA,7
CCTCTATCAGTCACTA,7
CCTCTATCATCCTGTA,7
CCTCTATCATTGAGGA,7
CCTCTATCCAACCACA,7
CCTCTATCGACTAGTA,7
CCTCTATCCAATGGAA,3
CCTCTATCCACTTCGA,3
CCTCTATCCAGCGTTA,3
CCTCTATCCATACCAA,3
CCTCTATCCCAGTTCA,3
CCTCTATCCCGAAGTA,3
CCTCTATCCCGTGAGA,3
CCTCTATCCCTCCTGA,3
CCTCTATCCGAACTTA,3
CCTCTATCCGACTGGA,1
CCTCTATCCGCATACA,1
CCTCTATCCTCAATGA,1
CCTCTATCCTGAGCCA,1
CCTCTATCCTGGCATA,1
CCTCTATCGAATCTGA,1
CCTCTATCCAAGACTA,1
CCTCTATCGAGCTGAA,1
CCTCTATCGATAGACA,1
CCTCTATCGCCACATA,1
CCTCTATCGCGAGTAA,1
CCTCTATCGCTAACGA,1
CCTCTATCGCTCGGTA,1
CCTCTATCGGAGAACA,6
CCTCTATCGGTGCGAA,6
CCTCTATCGTACGCAA,1
CCTCTATCGTCGTAGA,1
CCTCTATCGTCTGTCA,6
CCTCTATCGTGTTCTA,1
CCTCTATCTAGGATGA,6
CCTCTATCTATCAGCA,6
CCTCTATCTCCGTCTA,1
CCTCTATCTCTTCACA,1
CCTCTATCTGAAGAGA,6
CCTCTATCTGGAACAA,1
CCTCTATCTGGCTTCA,6
CCTCTATCTGGTGGTA,6
CCTCTATCTTCACGCA,6
CCTCTATCAACTCACC,6
CCTCTATCAAGAGATC,6
CCTCTATCAAGGACAC,6
CCTCTATCAATCCGTC,6
CCTCTATCAATGTTGC,6
CCTCTATCACACGACC,6
CCTCTATCACAGATTC,6
CCTCTATCAGATGTAC,6
CCTCTATCAGCACCTC,6
CCTCTATCAGCCATGC,6
CCTCTATCAGGCTAAC,6
CCTCTATCATAGCGAC,1
CCTCTATCATCATTCC,1
CCTCTATCATTGGCTC,1
CCTCTATCCAAGGAGC,1
CCTCTATCCACCTTAC,1
CCTCTATCCCATCCTC,1
CCTCTATCCCGACAAC,1
CCTCTATCCCTAATCC,1
CCTCTATCCCTCTATC,3
CCTCTATCCGACACAC,3
CCTCTATCCGGATTGC,3
CCTCTATCCTAAGGTC,7
CCTCTATCGAACAGGC,7
CCTCTATCGACAGTGC,7
CCTCTATCGAGTTAGC,1
CCTCTATCGATGAATC,1
CCTCTATCGCCAAGAC,1
CCTCTATCCGGAAGAA,1
CCTCTATCGTGACAAG,1
CCTCTATCGAACCAGA,1
CCTAATCCTTGCTGGA,1
CCTAATCCAACCGAGA,7
CCTAATCCAACGCTTA,7
CCTAATCCAAGACGGA,7
CCTAATCCAAGGTACA,7
CCTAATCCACACAGAA,7
CCTAATCCACAGCAGA,7
CCTAATCCACCTCCAA,7
CCTAATCCACGCTCGA,7
CCTAATCCACGTATCA,7
CCTAATCCACTATGCA,7
CCTAATCCAGAGTCAA,7
CCTAATCCAGATCGCA,7
CCTAATCCAGCAGGAA,7
CCTAATCCAGTCACTA,7
CCTAATCCATCCTGTA,7
CCTAATCCATTGAGGA,7
CCTAATCCCAACCACA,3
CCTAATCCGACTAGTA,3
CCTAATCCCAATGGAA,3
CCTAATCCCACTTCGA,3
CCTAATCCCAGCGTTA,3
CCTAATCCCATACCAA,3
CCTAATCCCCAGTTCA,3
CCTAATCCCCGAAGTA,3
CCTAATCCCCGTGAGA,3
CCTAATCCCCTCCTGA,3
CCTAATCCCGAACTTA,1
CCTAATCCCGACTGGA,1
CCTAATCCCGCATACA,1
CCTAATCCCTCAATGA,1
CCTAATCCCTGAGCCA,1
CCTAATCCCTGGCATA,6
CCTAATCCGAATCTGA,1
CCTAATCCCAAGACTA,1
CCTAATCCGAGCTGAA,1
CCTAATCCGATAGACA,1
CCTAATCCGCCACATA,1
CCTAATCCGCGAGTAA,1
CCTAATCCGCTAACGA,1
CCTAATCCGCTCGGTA,1
CCTAATCCGGAGAACA,1
CCTAATCCGGTGCGAA,6
CCTAATCCGTACGCAA,6
CCTAATCCGTCGTAGA,6
CCTAATCCGTCTGTCA,6
CCTAATCCGTGTTCTA,1
CCTAATCCTAGGATGA,6
CCTAATCCTATCAGCA,6
CCTAATCCTCCGTCTA,6
CCTAATCCTCTTCACA,6
CCTAATCCTGAAGAGA,6
CCTAATCCTGGAACAA,6
CCTAATCCTGGCTTCA,6
CCTAATCCTGGTGGTA,6
CCTAATCCTTCACGCA,6
CCTAATCCAACTCACC,6
CCTAATCCAAGAGATC,6
CCTAATCCAAGGACAC,6
CCTAATCCAATCCGTC,6
CCTAATCCAATGTTGC,6
CCTAATCCACACGACC,6
CCTAATCCACAGATTC,8
CCTAATCCAGATGTAC,6
CCTAATCCAGCACCTC,6
CCTAATCCAGCCATGC,6
CCTAATCCAGGCTAAC,8
CCTAATCCATAGCGAC,6
CCTAATCCATCATTCC,6
CCTAATCCATTGGCTC,1
CCTAATCCCAAGGAGC,1
CCTAATCCCACCTTAC,1
CCTAATCCCCATCCTC,1
CCTAATCCCCGACAAC,1
CCTAATCCCCTAATCC,1
CCTAATCCCCTCTATC,3
CCTAATCCCGACACAC,3
CCTAATCCCGGATTGC,3
CCTAATCCCTAAGGTC,7
CCTAATCCGAACAGGC,7
CCTAATCCGACAGTGC,7
CCTAATCCGAGTTAGC,1
CCTAATCCGATGAATC,1
CCTAATCCGCCAAGAC,1
CCTAATCCCGGAAGAA,1
CCTAATCCGTGACAAG,1
CCTAATCCGAACCAGA,1
CCGACAACTTGCTGGA,1
CCGACAACAACAACCA,1
CCGACAACAACCGAGA,1
CCGACAACAACGCTTA,7
CCGACAACAAGACGGA,7
CCGACAACAAGGTACA,7
CCGACAACACACAGAA,7
CCGACAACACAGCAGA,7
CCGACAACACCTCCAA,7
CCGACAACACGCTCGA,7
CCGACAACACGTATCA,7
CCGACAACACTATGCA,7
CCGACAACAGAGTCAA,7
CCGACAACAGATCGCA,7
CCGACAACAGCAGGAA,7
CCGACAACAGTCACTA,7
CCGACAACATCCTGTA,3
CCGACAACATTGAGGA,3
CCGACAACCAACCACA,3
CCGACAACGACTAGTA,3
CCGACAACCAATGGAA,3
CCGACAACCACTTCGA,3
CCGACAACCAGCGTTA,3
CCGACAACCATACCAA,3
CCGACAACCCAGTTCA,3
CCGACAACCCGAAGTA,3
CCGACAACCCGTGAGA,1
CCGACAACCCTCCTGA,1
CCGACAACCGAACTTA,1
CCGACAACCGACTGGA,1
CCGACAACCGCATACA,1
CCGACAACCTCAATGA,1
CCGACAACCTGAGCCA,1
CCGACAACCTGGCATA,1
CCGACAACGAATCTGA,6
CCGACAACCAAGACTA,1
CCGACAACGAGCTGAA,1
CCGACAACGATAGACA,1
CCGACAACGCCACATA,6
CCGACAACGCGAGTAA,1
CCGACAACGCTAACGA,1
CCGACAACGCTCGGTA,1
CCGACAACGGAGAACA,1
CCGACAACGGTGCGAA,6
CCGACAACGTACGCAA,6
CCGACAACGTCGTAGA,6
CCGACAACGTCTGTCA,1
CCGACAACGTGTTCTA,6
CCGACAACTAGGATGA,6
CCGACAACTATCAGCA,6
CCGACAACTCCGTCTA,6
CCGACAACTCTTCACA,6
CCGACAACTGAAGAGA,6
CCGACAACTGGAACAA,6
CCGACAACTGGCTTCA,6
CCGACAACTGGTGGTA,6
CCGACAACTTCACGCA,6
CCGACAACAACTCACC,6
CCGACAACAAGAGATC,6
CCGACAACAAGGACAC,6
CCGACAACAATCCGTC,6
CCGACAACAATGTTGC,6
CCGACAACACACGACC,6
CCGACAACACAGATTC,6
CCGACAACAGATGTAC,6
CCGACAACAGCACCTC,6
CCGACAACAGCCATGC,6
CCGACAACAGGCTAAC,6
CCGACAACATAGCGAC,6
CCGACAACATCATTCC,1
CCGACAACATTGGCTC,1
CCGACAACCAAGGAGC,1
CCGACAACCACCTTAC,1
CCGACAACCCATCCTC,1
CCGACAACCCGACAAC,1
CCGACAACCCTAATCC,1
CCGACAACCCTCTATC,1
CCGACAACCGACACAC,1
CCGACAACCGGATTGC,7
CCGACAACCTAAGGTC,7
CCGACAACGAACAGGC,7
CCGACAACGACAGTGC,7
CCGACAACGAGTTAGC,1
CCGACAACGATGAATC,1
CCGACAACGCCAAGAC,1
CCGACAACCGGAAGAA,1
CCGACAACGTGACAAG,1
CCGACAACGAACCAGA,1
CCATCCTCTTGCTGGA,1
CCATCCTCAGTACAAG,1
CCATCCTCAACAACCA,7
CCATCCTCAACCGAGA,7
CCATCCTCAACGCTTA,1
CCATCCTCAAGACGGA,7
CCATCCTCAAGGTACA,7
CCATCCTCACACAGAA,7
CCATCCTCACAGCAGA,7
CCATCCTCACCTCCAA,7
CCATCCTCACGCTCGA,7
CCATCCTCACGTATCA,7
CCATCCTCACTATGCA,7
CCATCCTCAGAGTCAA,7
CCATCCTCAGATCGCA,7
CCATCCTCAGCAGGAA,3
CCATCCTCAGTCACTA,3
CCATCCTCATCCTGTA,3
CCATCCTCATTGAGGA,3
CCATCCTCCAACCACA,3
CCATCCTCGACTAGTA,3
CCATCCTCCAATGGAA,3
CCATCCTCCACTTCGA,3
CCATCCTCCAGCGTTA,3
CCATCCTCCATACCAA,3
CCATCCTCCCAGTTCA,3
CCATCCTCCCGAAGTA,1
CCATCCTCCCGTGAGA,1
CCATCCTCCCTCCTGA,1
CCATCCTCCGAACTTA,1
CCATCCTCCGACTGGA,1
CCATCCTCCGCATACA,1
CCATCCTCCTCAATGA,1
CCATCCTCCTGAGCCA,6
CCATCCTCCTGGCATA,1
CCATCCTCGAATCTGA,6
CCATCCTCCAAGACTA,1
CCATCCTCGAGCTGAA,1
CCATCCTCGATAGACA,1
CCATCCTCGCCACATA,1
CCATCCTCGCGAGTAA,1
CCATCCTCGCTAACGA,1
CCATCCTCGCTCGGTA,1
CCATCCTCGGAGAACA,6
CCATCCTCGGTGCGAA,6
CCATCCTCGTACGCAA,6
CCATCCTCGTCGTAGA,6
CCATCCTCGTCTGTCA,6
CCATCCTCGTGTTCTA,6
CCATCCTCTAGGATGA,6
CCATCCTCTATCAGCA,6
CCATCCTCTCCGTCTA,6
CCATCCTCTCTTCACA,6
CCATCCTCTGAAGAGA,6
CCATCCTCTGGAACAA,6
CCATCCTCTGGCTTCA,6
CCATCCTCTGGTGGTA,6
CCATCCTCTTCACGCA,6
CCATCCTCAACTCACC,6
CCATCCTCAAGAGATC,6
CCATCCTCAAGGACAC,6
CCATCCTCAATCCGTC,6
CCATCCTCAATGTTGC,6
CCATCCTCACACGACC,6
CCATCCTCACAGATTC,6
CCATCCTCAGATGTAC,6
CCATCCTCAGCACCTC,6
CCATCCTCAGCCATGC,6
CCATCCTCAGGCTAAC,6
CCATCCTCATAGCGAC,6
CCATCCTCATCATTCC,1
CCATCCTCATTGGCTC,1
CCATCCTCCAAGGAGC,1
CCATCCTCCACCTTAC,1
CCATCCTCCCATCCTC,1
CCATCCTCCCGACAAC,1
CCATCCTCCCTAATCC,1
CCATCCTCCCTCTATC,1
CCATCCTCCGACACAC,3
CCATCCTCCGGATTGC,3
CCATCCTCCTAAGGTC,7
CCATCCTCGAACAGGC,7
CCATCCTCGACAGTGC,7
CCATCCTCGAGTTAGC,1
CCATCCTCGATGAATC,1
CCATCCTCGCCAAGAC,1
CCATCCTCCGGAAGAA,1
CCATCCTCGTGACAAG,1
CCATCCTCGAACCAGA,1
CACCTTACTTGCTGGA,1
CACCTTACAGTACAAG,7
CACCTTACAACAACCA,1
CACCTTACAACCGAGA,7
CACCTTACAACGCTTA,7
CACCTTACAAGACGGA,7
CACCTTACAAGGTACA,7
CACCTTACACACAGAA,7
CACCTTACACAGCAGA,7
CACCTTACACCTCCAA,7
CACCTTACACGCTCGA,7
CACCTTACACGTATCA,7
CACCTTACACTATGCA,7
CACCTTACAGAGTCAA,7
CACCTTACAGATCGCA,7
CACCTTACAGCAGGAA,3
CACCTTACAGTCACTA,3
CACCTTACATCCTGTA,3
CACCTTACATTGAGGA,3
CACCTTACCAACCACA,3
CACCTTACGACTAGTA,3
CACCTTACCAATGGAA,3
CACCTTACCACTTCGA,3
CACCTTACCAGCGTTA,3
CACCTTACCATACCAA,3
CACCTTACCCAGTTCA,1
CACCTTACCCGAAGTA,1
CACCTTACCCGTGAGA,1
CACCTTACCCTCCTGA,1
CACCTTACCGAACTTA,1
CACCTTACCGACTGGA,1
CACCTTACCGCATACA,1
CACCTTACCTCAATGA,1
CACCTTACCTGAGCCA,1
CACCTTACCTGGCATA,6
CACCTTACGAATCTGA,6
CACCTTACCAAGACTA,6
CACCTTACGAGCTGAA,1
CACCTTACGATAGACA,1
CACCTTACGCCACATA,1
CACCTTACGCGAGTAA,6
CACCTTACGCTAACGA,6
CACCTTACGCTCGGTA,6
CACCTTACGGAGAACA,6
CACCTTACGGTGCGAA,6
CACCTTACGTACGCAA,6
CACCTTACGTCGTAGA,6
CACCTTACGTCTGTCA,6
CACCTTACGTGTTCTA,6
CACCTTACTAGGATGA,6
CACCTTACTATCAGCA,6
CACCTTACTCCGTCTA,6
CACCTTACTCTTCACA,6
CACCTTACTGAAGAGA,6
CACCTTACTGGAACAA,6
CACCTTACTGGCTTCA,6
CACCTTACTGGTGGTA,6
CACCTTACTTCACGCA,6
CACCTTACAACTCACC,6
CACCTTACAAGAGATC,6
CACCTTACAAGGACAC,6
CACCTTACAATCCGTC,6
CACCTTACAATGTTGC,6
CACCTTACACACGACC,6
CACCTTACACAGATTC,6
CACCTTACAGATGTAC,6
CACCTTACAGCACCTC,6
CACCTTACAGCCATGC,6
CACCTTACAGGCTAAC,6
CACCTTACATAGCGAC,6
CACCTTACATCATTCC,1
CACCTTACATTGGCTC,1
CACCTTACCAAGGAGC,1
CACCTTACCACCTTAC,1
CACCTTACCCATCCTC,1
CACCTTACCCGACAAC,1
CACCTTACCCTAATCC,1
CACCTTACCCTCTATC,1
CACCTTACCGACACAC,3
CACCTTACCGGATTGC,3
CACCTTACCTAAGGTC,7
CACCTTACGAACAGGC,7
CACCTTACGACAGTGC,7
CACCTTACGAGTTAGC,7
CACCTTACGATGAATC,1
CACCTTACGCCAAGAC,1
CACCTTACCGGAAGAA,1
CACCTTACGTGACAAG,1
CACCTTACGAACCAGA,1
CAAGGAGCTTGCTGGA,1
CAAGGAGCCTGTAGCC,1
CAAGGAGCAGTACAAG,7
CAAGGAGCAACAACCA,7
CAAGGAGCAACCGAGA,7
CAAGGAGCAACGCTTA,7
CAAGGAGCAAGACGGA,7
CAAGGAGCAAGGTACA,7
CAAGGAGCACACAGAA,7
CAAGGAGCACAGCAGA,7
CAAGGAGCACCTCCAA,7
CAAGGAGCACGCTCGA,7
CAAGGAGCACGTATCA,7
CAAGGAGCACTATGCA,3
CAAGGAGCAGAGTCAA,3
CAAGGAGCAGATCGCA,3
CAAGGAGCAGCAGGAA,3
CAAGGAGCAGTCACTA,3
CAAGGAGCATCCTGTA,3
CAAGGAGCATTGAGGA,3
CAAGGAGCCAACCACA,3
CAAGGAGCGACTAGTA,3
CAAGGAGCCAATGGAA,3
CAAGGAGCCACTTCGA,1
CAAGGAGCCAGCGTTA,3
CAAGGAGCCATACCAA,3
CAAGGAGCCCAGTTCA,1
CAAGGAGCCCGAAGTA,1
CAAGGAGCCCGTGAGA,1
CAAGGAGCCCTCCTGA,1
CAAGGAGCCGAACTTA,1
CAAGGAGCCGACTGGA,1
CAAGGAGCCGCATACA,1
CAAGGAGCCTCAATGA,1
CAAGGAGCCTGAGCCA,6
CAAGGAGCCTGGCATA,1
CAAGGAGCGAATCTGA,1
CAAGGAGCCAAGACTA,6
CAAGGAGCGAGCTGAA,1
CAAGGAGCGATAGACA,1
CAAGGAGCGCCACATA,6
CAAGGAGCGCGAGTAA,1
CAAGGAGCGCTAACGA,1
CAAGGAGCGCTCGGTA,6
CAAGGAGCGGAGAACA,6
CAAGGAGCGGTGCGAA,6
CAAGGAGCGTACGCAA,6
CAAGGAGCGTCGTAGA,6
CAAGGAGCGTCTGTCA,6
CAAGGAGCGTGTTCTA,6
CAAGGAGCTAGGATGA,6
CAAGGAGCTATCAGCA,6
CAAGGAGCTCCGTCTA,6
CAAGGAGCTCTTCACA,6
CAAGGAGCTGAAGAGA,6
CAAGGAGCTGGAACAA,6
CAAGGAGCTGGCTTCA,6
CAAGGAGCTGGTGGTA,6
CAAGGAGCTTCACGCA,6
CAAGGAGCAACTCACC,6
CAAGGAGCAAGAGATC,6
CAAGGAGCAAGGACAC,6
CAAGGAGCAATCCGTC,6
CAAGGAGCAATGTTGC,6
CAAGGAGCACACGACC,6
CAAGGAGCACAGATTC,6
CAAGGAGCAGATGTAC,6
CAAGGAGCAGCACCTC,6
CAAGGAGCAGCCATGC,6
CAAGGAGCAGGCTAAC,6
CAAGGAGCATAGCGAC,6
CAAGGAGCATCATTCC,1
CAAGGAGCATTGGCTC,1
CAAGGAGCCAAGGAGC,1
CAAGGAGCCACCTTAC,1
CAAGGAGCCCATCCTC,1
CAAGGAGCCCGACAAC,1
CAAGGAGCCCTAATCC,1
CAAGGAGCCCTCTATC,1
CAAGGAGCCGACACAC,3
CAAGGAGCCGGATTGC,7
CAAGGAGCCTAAGGTC,7
CAAGGAGCGAACAGGC,7
CAAGGAGCGACAGTGC,7
CAAGGAGCGAGTTAGC,7
CAAGGAGCGATGAATC,1
CAAGGAGCGCCAAGAC,1
CAAGGAGCCGGAAGAA,1
CAAGGAGCGTGACAAG,1
CAAGGAGCGAACCAGA,1
ATTGGCTCACAAGCTA,1
ATTGGCTCTTGCTGGA,1
ATTGGCTCCTGTAGCC,7
ATTGGCTCAGTACAAG,1
ATTGGCTCAACAACCA,7
ATTGGCTCAACCGAGA,7
ATTGGCTCAACGCTTA,7
ATTGGCTCAAGACGGA,7
ATTGGCTCAAGGTACA,7
ATTGGCTCACACAGAA,7
ATTGGCTCACAGCAGA,7
ATTGGCTCACCTCCAA,7
ATTGGCTCACGCTCGA,7
ATTGGCTCACGTATCA,3
ATTGGCTCACTATGCA,3
ATTGGCTCAGAGTCAA,3
ATTGGCTCAGATCGCA,3
ATTGGCTCAGCAGGAA,3
ATTGGCTCAGTCACTA,3
ATTGGCTCATCCTGTA,3
ATTGGCTCATTGAGGA,3
ATTGGCTCCAACCACA,3
ATTGGCTCGACTAGTA,3
ATTGGCTCCAATGGAA,3
ATTGGCTCCACTTCGA,3
ATTGGCTCCAGCGTTA,3
ATTGGCTCCATACCAA,1
ATTGGCTCCCAGTTCA,1
ATTGGCTCCCGAAGTA,1
ATTGGCTCCCGTGAGA,1
ATTGGCTCCCTCCTGA,1
ATTGGCTCCGAACTTA,1
ATTGGCTCCGACTGGA,1
ATTGGCTCCGCATACA,1
ATTGGCTCCTCAATGA,1
ATTGGCTCCTGAGCCA,1
ATTGGCTCCTGGCATA,6
ATTGGCTCGAATCTGA,1
ATTGGCTCCAAGACTA,6
ATTGGCTCGAGCTGAA,6
ATTGGCTCGATAGACA,1
ATTGGCTCGCCACATA,6
ATTGGCTCGCGAGTAA,1
ATTGGCTCGCTAACGA,6
ATTGGCTCGCTCGGTA,6
ATTGGCTCGGAGAACA,6
ATTGGCTCGGTGCGAA,6
ATTGGCTCGTACGCAA,6
ATTGGCTCGTCGTAGA,6
ATTGGCTCGTCTGTCA,6
ATTGGCTCGTGTTCTA,6
ATTGGCTCTAGGATGA,6
ATTGGCTCTATCAGCA,6
ATTGGCTCTCCGTCTA,6
ATTGGCTCTCTTCACA,6
ATTGGCTCTGAAGAGA,6
ATTGGCTCTGGAACAA,6
ATTGGCTCTGGCTTCA,6
ATTGGCTCTGGTGGTA,6
ATTGGCTCTTCACGCA,6
ATTGGCTCAACTCACC,6
ATTGGCTCAAGAGATC,6
ATTGGCTCAAGGACAC,6
ATTGGCTCAATCCGTC,6
ATTGGCTCAATGTTGC,6
ATTGGCTCACACGACC,8
ATTGGCTCACAGATTC,6
ATTGGCTCAGATGTAC,6
ATTGGCTCAGCACCTC,6
ATTGGCTCAGCCATGC,6
ATTGGCTCAGGCTAAC,6
ATTGGCTCATAGCGAC,6
ATTGGCTCATCATTCC,1
ATTGGCTCATTGGCTC,1
ATTGGCTCCAAGGAGC,1
ATTGGCTCCACCTTAC,1
ATTGGCTCCCATCCTC,1
ATTGGCTCCCGACAAC,1
ATTGGCTCCCTAATCC,1
ATTGGCTCCCTCTATC,1
ATTGGCTCCGACACAC,3
ATTGGCTCCGGATTGC,3
ATTGGCTCCTAAGGTC,7
ATTGGCTCGAACAGGC,7
ATTGGCTCGACAGTGC,7
ATTGGCTCGAGTTAGC,7
ATTGGCTCGATGAATC,1
ATTGGCTCGCCAAGAC,1
ATTGGCTCCGGAAGAA,1
ATTGGCTCGTGACAAG,1
ATTGGCTCGAACCAGA,1
ATCATTCCACAAGCTA,1
ATCATTCCTTGCTGGA,1
ATCATTCCCTGTAGCC,7
ATCATTCCAGTACAAG,7
ATCATTCCAACAACCA,7
ATCATTCCAACCGAGA,7
ATCATTCCAACGCTTA,7
ATCATTCCAAGACGGA,7
ATCATTCCAAGGTACA,7
ATCATTCCACACAGAA,7
ATCATTCCACAGCAGA,7
ATCATTCCACCTCCAA,3
ATCATTCCACGCTCGA,7
ATCATTCCACGTATCA,3
ATCATTCCACTATGCA,3
ATCATTCCAGAGTCAA,3
ATCATTCCAGATCGCA,3
ATCATTCCAGCAGGAA,3
ATCATTCCAGTCACTA,3
ATCATTCCATCCTGTA,3
ATCATTCCATTGAGGA,3
ATCATTCCCAACCACA,3
ATCATTCCGACTAGTA,3
ATCATTCCCAATGGAA,1
ATCATTCCCACTTCGA,1
ATCATTCCCAGCGTTA,1
ATCATTCCCATACCAA,1
ATCATTCCCCAGTTCA,1
ATCATTCCCCGAAGTA,1
ATCATTCCCCGTGAGA,1
ATCATTCCCCTCCTGA,1
ATCATTCCCGAACTTA,1
ATCATTCCCGACTGGA,1
ATCATTCCCGCATACA,1
ATCATTCCCTCAATGA,1
ATCATTCCCTGAGCCA,1
ATCATTCCCTGGCATA,1
ATCATTCCGAATCTGA,6
ATCATTCCCAAGACTA,6
ATCATTCCGAGCTGAA,6
ATCATTCCGATAGACA,6
ATCATTCCGCCACATA,6
ATCATTCCGCGAGTAA,6
ATCATTCCGCTAACGA,1
ATCATTCCGCTCGGTA,6
ATCATTCCGGAGAACA,6
ATCATTCCGGTGCGAA,6
ATCATTCCGTACGCAA,6
ATCATTCCGTCGTAGA,6
ATCATTCCGTCTGTCA,6
ATCATTCCGTGTTCTA,6
ATCATTCCTAGGATGA,6
ATCATTCCTATCAGCA,6
ATCATTCCTCCGTCTA,6
ATCATTCCTCTTCACA,6
ATCATTCCTGAAGAGA,6
ATCATTCCTGGAACAA,6
ATCATTCCTGGCTTCA,6
ATCATTCCTGGTGGTA,6
ATCATTCCTTCACGCA,6
ATCATTCCAACTCACC,6
ATCATTCCAAGAGATC,6
ATCATTCCAAGGACAC,6
ATCATTCCAATCCGTC,6
ATCATTCCAATGTTGC,8
ATCATTCCACACGACC,6
ATCATTCCACAGATTC,6
ATCATTCCAGATGTAC,6
ATCATTCCAGCACCTC,6
ATCATTCCAGCCATGC,6
ATCATTCCAGGCTAAC,6
ATCATTCCATAGCGAC,6
ATCATTCCATCATTCC,1
ATCATTCCATTGGCTC,1
ATCATTCCCAAGGAGC,1
ATCATTCCCACCTTAC,1
ATCATTCCCCATCCTC,1
ATCATTCCCCGACAAC,1
ATCATTCCCCTAATCC,1
ATCATTCCCCTCTATC,1
ATCATTCCCGACACAC,3
ATCATTCCCGCTGATC,1
ATCATTCCCGGATTGC,3
ATCATTCCCTAAGGTC,7
ATCATTCCGAACAGGC,7
ATCATTCCGACAGTGC,7
ATCATTCCGAGTTAGC,7
ATCATTCCGATGAATC,1
ATCATTCCGCCAAGAC,1
ATCATTCCCGGAAGAA,1
ATCATTCCGTGACAAG,1
ATCATTCCGAACCAGA,1
ATAGCGACACAAGCTA,1
ATAGCGACTTGCTGGA,1
ATAGCGACCTGTAGCC,7
ATAGCGACAGTACAAG,7
ATAGCGACAACAACCA,7
ATAGCGACAACCGAGA,7
ATAGCGACAACGCTTA,7
ATAGCGACAAGACGGA,7
ATAGCGACAAGGTACA,7
ATAGCGACACACAGAA,7
ATAGCGACACAGCAGA,7
ATAGCGACACCTCCAA,7
ATAGCGACACGCTCGA,3
ATAGCGACACGTATCA,3
ATAGCGACACTATGCA,3
ATAGCGACAGAGTCAA,3
ATAGCGACAGATCGCA,3
ATAGCGACAGCAGGAA,3
ATAGCGACAGTCACTA,3
ATAGCGACATCCTGTA,3
ATAGCGACATTGAGGA,3
ATAGCGACCAACCACA,1
ATAGCGACGACTAGTA,1
ATAGCGACCAATGGAA,1
ATAGCGACCACTTCGA,1
ATAGCGACCAGCGTTA,1
ATAGCGACCATACCAA,1
ATAGCGACCCAGTTCA,1
ATAGCGACCCGAAGTA,1
ATAGCGACCCGTGAGA,1
ATAGCGACCCTCCTGA,1
ATAGCGACCGAACTTA,1
ATAGCGACCGACTGGA,1
ATAGCGACCGCATACA,1
ATAGCGACCTCAATGA,1
ATAGCGACCTGAGCCA,1
ATAGCGACCTGGCATA,1
ATAGCGACGAATCTGA,1
ATAGCGACCAAGACTA,6
ATAGCGACGAGCTGAA,6
ATAGCGACGATAGACA,6
ATAGCGACGCCACATA,6
ATAGCGACGCGAGTAA,6
ATAGCGACGCTAACGA,6
ATAGCGACGCTCGGTA,6
ATAGCGACGGAGAACA,6
ATAGCGACGGTGCGAA,6
ATAGCGACGTACGCAA,6
ATAGCGACGTCGTAGA,6
ATAGCGACGTCTGTCA,6
ATAGCGACGTGTTCTA,6
ATAGCGACTAGGATGA,6
ATAGCGACTATCAGCA,6
ATAGCGACTCCGTCTA,8
ATAGCGACTCTTCACA,6
ATAGCGACTGAAGAGA,6
ATAGCGACTGGAACAA,6
ATAGCGACTGGCTTCA,8
ATAGCGACTGGTGGTA,6
ATAGCGACTTCACGCA,8
ATAGCGACAACTCACC,6
ATAGCGACAAGAGATC,8
ATAGCGACAAGGACAC,8
ATAGCGACAATCCGTC,8
ATAGCGACAATGTTGC,8
ATAGCGACACACGACC,8
ATAGCGACACAGATTC,8
ATAGCGACAGATGTAC,6
ATAGCGACAGCACCTC,6
ATAGCGACAGCCATGC,6
ATAGCGACAGGCTAAC,6
ATAGCGACATAGCGAC,6
ATAGCGACATCATTCC,1
ATAGCGACATTGGCTC,1
ATAGCGACCAAGGAGC,1
ATAGCGACCACCTTAC,1
ATAGCGACCCATCCTC,1
ATAGCGACCCGACAAC,1
ATAGCGACCCTAATCC,1
ATAGCGACCCTCTATC,1
ATAGCGACCGACACAC,3
ATAGCGACCGCTGATC,1
ATAGCGACCGGATTGC,3
ATAGCGACCTAAGGTC,7
ATAGCGACGAACAGGC,7
ATAGCGACGACAGTGC,7
ATAGCGACGAGTTAGC,7
ATAGCGACGATGAATC,1
ATAGCGACGCCAAGAC,1
ATAGCGACCGGAAGAA,1
ATAGCGACGTGACAAG,1
ATAGCGACGAACCAGA,1
AGGCTAACACAAGCTA,7
AGGCTAACTTGCTGGA,1
AGGCTAACCTGTAGCC,7
AGGCTAACAGTACAAG,7
AGGCTAACAACAACCA,7
AGGCTAACAACCGAGA,7
AGGCTAACAACGCTTA,7
AGGCTAACAAGACGGA,7
AGGCTAACAAGGTACA,7
AGGCTAACACACAGAA,7
AGGCTAACACAGCAGA,7
AGGCTAACACCTCCAA,3
AGGCTAACACGCTCGA,3
AGGCTAACACGTATCA,3
AGGCTAACACTATGCA,3
AGGCTAACAGAGTCAA,3
AGGCTAACAGATCGCA,3
AGGCTAACAGCAGGAA,3
AGGCTAACAGTCACTA,3
AGGCTAACATCCTGTA,3
AGGCTAACATTGAGGA,1
AGGCTAACCAACCACA,1
AGGCTAACGACTAGTA,1
AGGCTAACCAATGGAA,1
AGGCTAACCACTTCGA,1
AGGCTAACCAGCGTTA,1
AGGCTAACCATACCAA,1
AGGCTAACCCAGTTCA,1
AGGCTAACCCGAAGTA,1
AGGCTAACCCGTGAGA,1
AGGCTAACCCTCCTGA,1
AGGCTAACCGAACTTA,1
AGGCTAACCGACTGGA,1
AGGCTAACCGCATACA,1
AGGCTAACCTCAATGA,1
AGGCTAACCTGAGCCA,1
AGGCTAACCTGGCATA,1
AGGCTAACGAATCTGA,6
AGGCTAACCAAGACTA,6
AGGCTAACGAGCTGAA,6
AGGCTAACGATAGACA,6
AGGCTAACGCCACATA,6
AGGCTAACGCGAGTAA,6
AGGCTAACGCTAACGA,6
AGGCTAACGCTCGGTA,1
AGGCTAACGGAGAACA,6
AGGCTAACGGTGCGAA,6
AGGCTAACGTACGCAA,6
AGGCTAACGTCGTAGA,6
AGGCTAACGTCTGTCA,6
AGGCTAACGTGTTCTA,6
AGGCTAACTAGGATGA,6
AGGCTAACTATCAGCA,8
AGGCTAACTCCGTCTA,6
AGGCTAACTCTTCACA,6
AGGCTAACTGAAGAGA,8
AGGCTAACTGGAACAA,6
AGGCTAACTGGCTTCA,8
AGGCTAACTGGTGGTA,6
AGGCTAACTTCACGCA,8
AGGCTAACAACTCACC,8
AGGCTAACAAGAGATC,8
AGGCTAACAAGGACAC,8
AGGCTAACAATCCGTC,8
AGGCTAACAATGTTGC,8
AGGCTAACACACGACC,8
AGGCTAACACAGATTC,8
AGGCTAACAGATGTAC,6
AGGCTAACAGCACCTC,6
AGGCTAACAGCCATGC,6
AGGCTAACAGGCTAAC,6
AGGCTAACCATCAAGT,1
AGGCTAACATAGCGAC,6
AGGCTAACATCATTCC,1
AGGCTAACATTGGCTC,1
AGGCTAACCAAGGAGC,1
AGGCTAACCACCTTAC,1
AGGCTAACCCATCCTC,1
AGGCTAACCCGACAAC,1
AGGCTAACCCTAATCC,1
AGGCTAACCCTCTATC,1
AGGCTAACCGACACAC,1
AGGCTAACCGCTGATC,1
AGGCTAACCGGATTGC,3
AGGCTAACCTAAGGTC,7
AGGCTAACGAACAGGC,7
AGGCTAACGACAGTGC,7
AGGCTAACGAGTTAGC,7
AGGCTAACGATGAATC,1
AGGCTAACGCCAAGAC,1
AGGCTAACCGGAAGAA,1
AGGCTAACGTGACAAG,1
AGGCTAACGAACCAGA,1
AGCCATGCACAAGCTA,1
AGCCATGCTTGCTGGA,1
AGCCATGCCTGTAGCC,7
AGCCATGCAGTACAAG,7
AGCCATGCAACAACCA,7
AGCCATGCAACCGAGA,7
AGCCATGCAACGCTTA,7
AGCCATGCAAGACGGA,7
AGCCATGCAAGGTACA,7
AGCCATGCACACAGAA,7
AGCCATGCACAGCAGA,7
AGCCATGCACCTCCAA,3
AGCCATGCACGCTCGA,3
AGCCATGCACGTATCA,3
AGCCATGCACTATGCA,3
AGCCATGCAGAGTCAA,3
AGCCATGCAGATCGCA,3
AGCCATGCAGCAGGAA,3
AGCCATGCAGTCACTA,1
AGCCATGCATCCTGTA,1
AGCCATGCATTGAGGA,1
AGCCATGCCAACCACA,1
AGCCATGCGACTAGTA,1
AGCCATGCCAATGGAA,1
AGCCATGCCACTTCGA,1
AGCCATGCCAGCGTTA,1
AGCCATGCCATACCAA,1
AGCCATGCCCAGTTCA,1
AGCCATGCCCGAAGTA,1
AGCCATGCCCGTGAGA,1
AGCCATGCCCTCCTGA,6
AGCCATGCCGAACTTA,6
AGCCATGCCGACTGGA,6
AGCCATGCCGCATACA,6
AGCCATGCCTCAATGA,1
AGCCATGCCTGAGCCA,6
AGCCATGCCTGGCATA,1
AGCCATGCGAATCTGA,6
AGCCATGCCAAGACTA,6
AGCCATGCGAGCTGAA,6
AGCCATGCGATAGACA,6
AGCCATGCGCCACATA,6
AGCCATGCGCGAGTAA,6
AGCCATGCGCTAACGA,6
AGCCATGCGCTCGGTA,6
AGCCATGCGGAGAACA,6
AGCCATGCGGTGCGAA,6
AGCCATGCGTACGCAA,6
AGCCATGCGTCGTAGA,6
AGCCATGCGTCTGTCA,6
AGCCATGCGTGTTCTA,6
AGCCATGCTAGGATGA,6
AGCCATGCTATCAGCA,6
AGCCATGCTCCGTCTA,8
AGCCATGCTCTTCACA,6
AGCCATGCTGAAGAGA,8
AGCCATGCTGGAACAA,8
AGCCATGCTGGCTTCA,8
AGCCATGCTGGTGGTA,8
AGCCATGCTTCACGCA,8
AGCCATGCAACTCACC,8
AGCCATGCCAGATCTG,1
AGCCATGCAAGAGATC,8
AGCCATGCAAGGACAC,8
AGCCATGCAATCCGTC,8
AGCCATGCAATGTTGC,8
AGCCATGCACACGACC,8
AGCCATGCACAGATTC,8
AGCCATGCAGATGTAC,6
AGCCATGCAGCACCTC,6
AGCCATGCAGCCATGC,6
AGCCATGCAGGCTAAC,6
AGCCATGCCATCAAGT,7
AGCCATGCATAGCGAC,6
AGCCATGCATCATTCC,1
AGCCATGCATTGGCTC,1
AGCCATGCCAAGGAGC,1
AGCCATGCCACCTTAC,1
AGCCATGCCCATCCTC,1
AGCCATGCCCGACAAC,1
AGCCATGCCCTAATCC,1
AGCCATGCCCTCTATC,1
AGCCATGCCGACACAC,3
AGCCATGCCGCTGATC,1
AGCCATGCCGGATTGC,3
AGCCATGCCTAAGGTC,7
AGCCATGCGAACAGGC,7
AGCCATGCGACAGTGC,7
AGCCATGCGAGTTAGC,7
AGCCATGCGATGAATC,1
AGCCATGCGCCAAGAC,1
AGCCATGCCGGAAGAA,1
AGCCATGCGTGACAAG,1
AGCCATGCGAACCAGA,1
AGCACCTCACAAGCTA,7
AGCACCTCTTGCTGGA,1
AGCACCTCCTGTAGCC,7
AGCACCTCAGTACAAG,7
AGCACCTCAACAACCA,7
AGCACCTCAACCGAGA,7
AGCACCTCAACGCTTA,1
AGCACCTCAAGACGGA,7
AGCACCTCAAGGTACA,7
AGCACCTCACACAGAA,7
AGCACCTCACAGCAGA,3
AGCACCTCACCTCCAA,3
AGCACCTCACGCTCGA,3
AGCACCTCACGTATCA,3
AGCACCTCACTATGCA,3
AGCACCTCAGAGTCAA,3
AGCACCTCAGATCGCA,3
AGCACCTCAGCAGGAA,3
AGCACCTCAGTCACTA,1
AGCACCTCATCCTGTA,1
AGCACCTCATTGAGGA,1
AGCACCTCCAACCACA,1
AGCACCTCGACTAGTA,1
AGCACCTCCAATGGAA,1
AGCACCTCCACTTCGA,1
AGCACCTCCAGCGTTA,1
AGCACCTCCATACCAA,1
AGCACCTCCCAGTTCA,1
AGCACCTCCCGAAGTA,1
AGCACCTCCCGTGAGA,6
AGCACCTCCCTCCTGA,6
AGCACCTCCGAACTTA,6
AGCACCTCCGACTGGA,6
AGCACCTCCGCATACA,6
AGCACCTCCTCAATGA,1
AGCACCTCCTGAGCCA,6
AGCACCTCCTGGCATA,6
AGCACCTCGAATCTGA,6
AGCACCTCCAAGACTA,6
AGCACCTCGAGCTGAA,6
AGCACCTCGATAGACA,6
AGCACCTCGCCACATA,6
AGCACCTCGCGAGTAA,6
AGCACCTCGCTAACGA,6
AGCACCTCGCTCGGTA,6
AGCACCTCGGAGAACA,6
AGCACCTCGGTGCGAA,6
AGCACCTCGTACGCAA,6
AGCACCTCGTCGTAGA,6
AGCACCTCGTCTGTCA,6
AGCACCTCGTGTTCTA,6
AGCACCTCACATTGGC,1
AGCACCTCTAGGATGA,6
AGCACCTCTATCAGCA,6
AGCACCTCTCCGTCTA,8
AGCACCTCTCTTCACA,8
AGCACCTCTGAAGAGA,8
AGCACCTCTGGAACAA,8
AGCACCTCTGGCTTCA,8
AGCACCTCTGGTGGTA,8
AGCACCTCTTCACGCA,8
AGCACCTCAACTCACC,8
AGCACCTCCAGATCTG,1
AGCACCTCAAGAGATC,8
AGCACCTCAAGGACAC,8
AGCACCTCAATCCGTC,8
AGCACCTCAATGTTGC,8
AGCACCTCACACGACC,8
AGCACCTCACAGATTC,8
AGCACCTCAGATGTAC,1
AGCACCTCAGCACCTC,6
AGCACCTCAGCCATGC,6
AGCACCTCAGGCTAAC,6
AGCACCTCCATCAAGT,7
AGCACCTCATAGCGAC,6
AGCACCTCATCATTCC,6
AGCACCTCATTGGCTC,1
AGCACCTCCAAGGAGC,1
AGCACCTCCACCTTAC,1
AGCACCTCCCATCCTC,1
AGCACCTCCCGACAAC,1
AGCACCTCCCTAATCC,1
AGCACCTCCCTCTATC,1
AGCACCTCCGACACAC,3
AGCACCTCCGCTGATC,7
AGCACCTCCGGATTGC,3
AGCACCTCCTAAGGTC,1
AGCACCTCGAACAGGC,7
AGCACCTCGACAGTGC,7
AGCACCTCGAGTTAGC,7
AGCACCTCGATGAATC,1
AGCACCTCGCCAAGAC,1
AGCACCTCCGGAAGAA,1
AGCACCTCGTGACAAG,1
AGCACCTCGAACCAGA,1
AGATGTACACAAGCTA,7
AGATGTACTTGCTGGA,1
AGATGTACCTGTAGCC,7
AGATGTACAGTACAAG,1
AGATGTACAACAACCA,7
AGATGTACAACCGAGA,1
AGATGTACAACGCTTA,1
AGATGTACAAGACGGA,7
AGATGTACAAGGTACA,1
AGATGTACACACAGAA,7
AGATGTACACAGCAGA,3
AGATGTACACCTCCAA,3
AGATGTACACGCTCGA,3
AGATGTACACGTATCA,3
AGATGTACACTATGCA,3
AGATGTACAGAGTCAA,3
AGATGTACAGATCGCA,3
AGATGTACAGCAGGAA,1
AGATGTACAGTCACTA,1
AGATGTACATCCTGTA,1
AGATGTACATTGAGGA,1
AGATGTACCAACCACA,1
AGATGTACGACTAGTA,1
AGATGTACCAATGGAA,1
AGATGTACCACTTCGA,1
AGATGTACCAGCGTTA,1
AGATGTACCATACCAA,1
AGATGTACCCAGTTCA,1
AGATGTACCCGAAGTA,1
AGATGTACCCGTGAGA,6
AGATGTACCCTCCTGA,6
AGATGTACCGAACTTA,6
AGATGTACCGACTGGA,6
AGATGTACCGCATACA,1
AGATGTACCTCAATGA,6
AGATGTACCTGAGCCA,6
AGATGTACCTGGCATA,6
AGATGTACGAATCTGA,6
AGATGTACCAAGACTA,6
AGATGTACGAGCTGAA,6
AGATGTACGATAGACA,6
AGATGTACGCCACATA,6
AGATGTACGCGAGTAA,6
AGATGTACGCTAACGA,6
AGATGTACGCTCGGTA,6
AGATGTACGGAGAACA,6
AGATGTACGGTGCGAA,6
AGATGTACGTACGCAA,6
AGATGTACGTCGTAGA,6
AGATGTACGTCTGTCA,6
AGATGTACGTGTTCTA,8
AGATGTACACATTGGC,1
AGATGTACTAGGATGA,8
AGATGTACTATCAGCA,8
AGATGTACTCCGTCTA,8
AGATGTACTCTTCACA,8
AGATGTACTGAAGAGA,8
AGATGTACTGGAACAA,8
AGATGTACTGGCTTCA,8
AGATGTACTGGTGGTA,8
AGATGTACTTCACGCA,8
AGATGTACAACTCACC,8
AGATGTACCAGATCTG,7
AGATGTACAAGAGATC,8
AGATGTACAAGGACAC,8
AGATGTACAATCCGTC,8
AGATGTACAATGTTGC,8
AGATGTACACACGACC,8
AGATGTACACAGATTC,8
AGATGTACAGATGTAC,6
AGATGTACAGCACCTC,6
AGATGTACAGCCATGC,6
AGATGTACAGGCTAAC,6
AGATGTACCATCAAGT,1
AGATGTACATAGCGAC,6
AGATGTACATCATTCC,6
AGATGTACATTGGCTC,1
AGATGTACCAAGGAGC,1
AGATGTACCACCTTAC,1
AGATGTACCCATCCTC,1
AGATGTACCCGACAAC,1
AGATGTACCCTAATCC,1
AGATGTACCCTCTATC,1
AGATGTACCGACACAC,1
AGATGTACCGCTGATC,7
AGATGTACCGGATTGC,3
AGATGTACCTAAGGTC,7
AGATGTACGAACAGGC,7
AGATGTACGACAGTGC,7
AGATGTACGAGTTAGC,7
AGATGTACGATGAATC,1
AGATGTACGCCAAGAC,1
AGATGTACCGGAAGAA,1
AGATGTACGTGACAAG,1
AGATGTACGAACCAGA,1
ACAGATTCACAAGCTA,7
ACAGATTCTTGCTGGA,1
ACAGATTCCTGTAGCC,7
ACAGATTCAGTACAAG,7
ACAGATTCAACAACCA,7
ACAGATTCAACCGAGA,1
ACAGATTCAACGCTTA,7
ACAGATTCAAGACGGA,1
ACAGATTCAAGGTACA,7
ACAGATTCACACAGAA,1
ACAGATTCACAGCAGA,3
ACAGATTCACCTCCAA,3
ACAGATTCACGCTCGA,3
ACAGATTCACGTATCA,3
ACAGATTCACTATGCA,3
ACAGATTCAGAGTCAA,3
ACAGATTCAGATCGCA,3
ACAGATTCAGCAGGAA,3
ACAGATTCAGTCACTA,1
ACAGATTCATCCTGTA,1
ACAGATTCATTGAGGA,1
ACAGATTCCAACCACA,1
ACAGATTCGACTAGTA,1
ACAGATTCCAATGGAA,1
ACAGATTCCACTTCGA,1
ACAGATTCCAGCGTTA,1
ACAGATTCCATACCAA,3
ACAGATTCCCAGTTCA,6
ACAGATTCCCGAAGTA,6
ACAGATTCCCGTGAGA,6
ACAGATTCCCTCCTGA,6
ACAGATTCCGAACTTA,6
ACAGATTCCGACTGGA,6
ACAGATTCCGCATACA,1
ACAGATTCCTCAATGA,6
ACAGATTCCTGAGCCA,6
ACAGATTCCTGGCATA,6
ACAGATTCGAATCTGA,6
ACAGATTCCAAGACTA,6
ACAGATTCGAGCTGAA,6
ACAGATTCGATAGACA,6
ACAGATTCACCACTGT,1
ACAGATTCGCCACATA,6
ACAGATTCGCGAGTAA,6
ACAGATTCGCTAACGA,6
ACAGATTCGCTCGGTA,6
ACAGATTCGGAGAACA,6
ACAGATTCGGTGCGAA,6
ACAGATTCGTACGCAA,6
ACAGATTCGTCGTAGA,6
ACAGATTCGTCTGTCA,8
ACAGATTCGTGTTCTA,8
ACAGATTCACATTGGC,1
ACAGATTCTAGGATGA,8
ACAGATTCTATCAGCA,8
ACAGATTCTCCGTCTA,8
ACAGATTCTCTTCACA,8
ACAGATTCTGAAGAGA,8
ACAGATTCTGGAACAA,8
ACAGATTCTGGCTTCA,8
ACAGATTCTGGTGGTA,8
ACAGATTCTTCACGCA,8
ACAGATTCAACTCACC,8
ACAGATTCCAGATCTG,1
ACAGATTCAAGAGATC,8
ACAGATTCAAGGACAC,8
ACAGATTCAATCCGTC,8
ACAGATTCAATGTTGC,8
ACAGATTCACACGACC,8
ACAGATTCACAGATTC,8
ACAGATTCAGATGTAC,6
ACAGATTCAGCACCTC,6
ACAGATTCAGCCATGC,6
ACAGATTCAGGCTAAC,6
ACAGATTCCATCAAGT,7
ACAGATTCATAGCGAC,6
ACAGATTCATCATTCC,6
ACAGATTCATTGGCTC,6
ACAGATTCCAAGGAGC,1
ACAGATTCCACCTTAC,1
ACAGATTCCCATCCTC,1
ACAGATTCCCGACAAC,1
ACAGATTCCCTAATCC,1
ACAGATTCCCTCTATC,1
ACAGATTCCGACACAC,1
ACAGATTCCGCTGATC,7
ACAGATTCCGGATTGC,3
ACAGATTCCTAAGGTC,7
ACAGATTCGAACAGGC,7
ACAGATTCGACAGTGC,7
ACAGATTCGAGTTAGC,7
ACAGATTCGATGAATC,1
ACAGATTCGCCAAGAC,1
ACAGATTCCGGAAGAA,1
ACAGATTCGTGACAAG,1
ACAGATTCGAACCAGA,1
ACACGACCACAAGCTA,7
ACACGACCTTGCTGGA,1
ACACGACCCTGTAGCC,7
ACACGACCAGTACAAG,7
ACACGACCAACAACCA,7
ACACGACCAACCGAGA,7
ACACGACCAACGCTTA,7
ACACGACCAAGACGGA,1
ACACGACCAAGGTACA,3
ACACGACCACACAGAA,3
ACACGACCACAGCAGA,3
ACACGACCACCTCCAA,3
ACACGACCACGCTCGA,3
ACACGACCACGTATCA,3
ACACGACCACTATGCA,3
ACACGACCAGAGTCAA,3
ACACGACCAGATCGCA,3
ACACGACCAGCAGGAA,3
ACACGACCAGTCACTA,1
ACACGACCATCCTGTA,1
ACACGACCATTGAGGA,1
ACACGACCCAACCACA,1
ACACGACCGACTAGTA,1
ACACGACCCAATGGAA,1
ACACGACCCACTTCGA,6
ACACGACCCAGCGTTA,1
ACACGACCCATACCAA,6
ACACGACCCCAGTTCA,6
ACACGACCCCGAAGTA,6
ACACGACCCCGTGAGA,6
ACACGACCCCTCCTGA,6
ACACGACCCGAACTTA,6
ACACGACCCGACTGGA,1
ACACGACCCGCATACA,1
ACACGACCCTCAATGA,1
ACACGACCCTGAGCCA,6
ACACGACCCTGGCATA,6
ACACGACCGAATCTGA,6
ACACGACCCAAGACTA,6
ACACGACCGAGCTGAA,6
ACACGACCGATAGACA,6
ACACGACCACCACTGT,7
ACACGACCGCCACATA,6
ACACGACCGCGAGTAA,6
ACACGACCGCTAACGA,6
ACACGACCGCTCGGTA,6
ACACGACCGGAGAACA,6
ACACGACCGGTGCGAA,6
ACACGACCGTACGCAA,6
ACACGACCGTCGTAGA,8
ACACGACCGTCTGTCA,8
ACACGACCGTGTTCTA,8
ACACGACCACATTGGC,7
ACACGACCTAGGATGA,8
ACACGACCTATCAGCA,8
ACACGACCTCCGTCTA,8
ACACGACCTCTTCACA,8
ACACGACCTGAAGAGA,8
ACACGACCTGGAACAA,8
ACACGACCTGGCTTCA,8
ACACGACCTGGTGGTA,8
ACACGACCTTCACGCA,8
ACACGACCAACTCACC,8
ACACGACCCAGATCTG,7
ACACGACCAAGAGATC,8
ACACGACCAAGGACAC,8
ACACGACCAATCCGTC,8
ACACGACCAATGTTGC,8
ACACGACCACACGACC,8
ACACGACCACAGATTC,8
ACACGACCAGATGTAC,6
ACACGACCAGCACCTC,6
ACACGACCAGCCATGC,6
ACACGACCAGGCTAAC,6
ACACGACCCATCAAGT,7
ACACGACCATAGCGAC,6
ACACGACCATCATTCC,6
ACACGACCATTGGCTC,6
ACACGACCCAAGGAGC,1
ACACGACCCACCTTAC,1
ACACGACCCCATCCTC,1
ACACGACCCCGACAAC,1
ACACGACCCCTAATCC,1
ACACGACCCCTCTATC,1
ACACGACCCGACACAC,1
ACACGACCCGCTGATC,7
ACACGACCCGGATTGC,3
ACACGACCCTAAGGTC,7
ACACGACCGAACAGGC,7
ACACGACCGACAGTGC,7
ACACGACCGAGTTAGC,7
ACACGACCGATGAATC,1
ACACGACCGCCAAGAC,1
ACACGACCCGGAAGAA,1
ACACGACCGTGACAAG,1
ACACGACCGAACCAGA,1
AATGTTGCACAAGCTA,7
AATGTTGCTTGCTGGA,1
AATGTTGCCTGTAGCC,7
AATGTTGCAGTACAAG,7
AATGTTGCAACAACCA,7
AATGTTGCAACCGAGA,7
AATGTTGCAACGCTTA,7
AATGTTGCAAGACGGA,3
AATGTTGCAAGGTACA,3
AATGTTGCACACAGAA,3
AATGTTGCACAGCAGA,3
AATGTTGCACCTCCAA,3
AATGTTGCACGCTCGA,3
AATGTTGCACGTATCA,3
AATGTTGCACTATGCA,3
AATGTTGCAGAGTCAA,3
AATGTTGCAGATCGCA,3
AATGTTGCAGCAGGAA,1
AATGTTGCAGTCACTA,1
AATGTTGCATCCTGTA,1
AATGTTGCATTGAGGA,1
AATGTTGCATGCCTAA,1
AATGTTGCCAACCACA,1
AATGTTGCGACTAGTA,1
AATGTTGCCAATGGAA,1
AATGTTGCCACTTCGA,6
AATGTTGCCAGCGTTA,6
AATGTTGCCATACCAA,6
AATGTTGCCCAGTTCA,6
AATGTTGCCCGAAGTA,6
AATGTTGCCCGTGAGA,6
AATGTTGCCCTCCTGA,6
AATGTTGCCGAACTTA,6
AATGTTGCCGACTGGA,6
AATGTTGCCGCATACA,1
AATGTTGCCTCAATGA,6
AATGTTGCCTGAGCCA,6
AATGTTGCCTGGCATA,6
AATGTTGCGAATCTGA,6
AATGTTGCCAAGACTA,6
AATGTTGCGAGCTGAA,6
AATGTTGCGATAGACA,6
AATGTTGCACCACTGT,1
AATGTTGCGCCACATA,6
AATGTTGCGCGAGTAA,6
AATGTTGCGCTAACGA,6
AATGTTGCGCTCGGTA,8
AATGTTGCGGAGAACA,8
AATGTTGCGGTGCGAA,8
AATGTTGCGTACGCAA,8
AATGTTGCGTCGTAGA,8
AATGTTGCGTCTGTCA,8
AATGTTGCGTGTTCTA,8
AATGTTGCACATTGGC,7
AATGTTGCTAGGATGA,8
AATGTTGCTATCAGCA,8
AATGTTGCTCCGTCTA,8
AATGTTGCTCTTCACA,8
AATGTTGCTGAAGAGA,8
AATGTTGCTGGAACAA,8
AATGTTGCTGGCTTCA,8
AATGTTGCTGGTGGTA,8
AATGTTGCTTCACGCA,8
AATGTTGCAACTCACC,8
AATGTTGCCAGATCTG,7
AATGTTGCAAGAGATC,8
AATGTTGCAAGGACAC,8
AATGTTGCAATCCGTC,8
AATGTTGCAATGTTGC,8
AATGTTGCACACGACC,8
AATGTTGCACAGATTC,8
AATGTTGCAGATGTAC,8
AATGTTGCAGCACCTC,1
AATGTTGCAGCCATGC,8
AATGTTGCAGGCTAAC,6
AATGTTGCCATCAAGT,7
AATGTTGCATAGCGAC,6
AATGTTGCATCATTCC,6
AATGTTGCATTGGCTC,6
AATGTTGCCAAGGAGC,1
AATGTTGCCACCTTAC,1
AATGTTGCCCATCCTC,1
AATGTTGCCCGACAAC,1
AATGTTGCCCTAATCC,1
AATGTTGCCCTCTATC,1
AATGTTGCCGACACAC,1
AATGTTGCCGCTGATC,7
AATGTTGCCGGATTGC,3
AATGTTGCCTAAGGTC,7
AATGTTGCGAACAGGC,7
AATGTTGCGACAGTGC,7
AATGTTGCGAGTTAGC,7
AATGTTGCGATGAATC,1
AATGTTGCGCCAAGAC,1
AATGTTGCCGGAAGAA,1
AATGTTGCGTGACAAG,1
AATGTTGCGAACCAGA,1
AATCCGTCAACGTGAT,1
AATCCGTCACAAGCTA,7
AATCCGTCTTGCTGGA,1
AATCCGTCCTGTAGCC,7
AATCCGTCAGTACAAG,7
AATCCGTCAACAACCA,7
AATCCGTCAACCGAGA,7
AATCCGTCAACGCTTA,3
AATCCGTCAAGACGGA,3
AATCCGTCAAGGTACA,3
AATCCGTCACACAGAA,3
AATCCGTCACAGCAGA,3
AATCCGTCAAACATCG,1
AATCCGTCACCTCCAA,3
AATCCGTCACGCTCGA,3
AATCCGTCACGTATCA,3
AATCCGTCACTATGCA,3
AATCCGTCAGAGTCAA,1
AATCCGTCAGATCGCA,1
AATCCGTCAGCAGGAA,1
AATCCGTCAGTCACTA,1
AATCCGTCATCCTGTA,1
AATCCGTCATTGAGGA,1
AATCCGTCATGCCTAA,1
AATCCGTCCAACCACA,1
AATCCGTCGACTAGTA,1
AATCCGTCCAATGGAA,1
AATCCGTCCACTTCGA,6
AATCCGTCCAGCGTTA,6
AATCCGTCCATACCAA,6
AATCCGTCCCAGTTCA,6
AATCCGTCCCGAAGTA,6
AATCCGTCCCGTGAGA,6
AATCCGTCCCTCCTGA,6
AATCCGTCCGAACTTA,6
AATCCGTCCGACTGGA,6
AATCCGTCCGCATACA,6
AATCCGTCCTCAATGA,6
AATCCGTCCTGAGCCA,6
AATCCGTCCTGGCATA,6
AATCCGTCGAATCTGA,6
AATCCGTCCAAGACTA,6
AATCCGTCGAGCTGAA,6
AATCCGTCGATAGACA,6
AATCCGTCACCACTGT,7
AATCCGTCGCCACATA,6
AATCCGTCGCGAGTAA,8
AATCCGTCGCTAACGA,8
AATCCGTCGCTCGGTA,8
AATCCGTCGGAGAACA,8
AATCCGTCGGTGCGAA,8
AATCCGTCGTACGCAA,8
AATCCGTCGTCGTAGA,8
AATCCGTCGTCTGTCA,8
AATCCGTCGTGTTCTA,8
AATCCGTCACATTGGC,7
AATCCGTCTAGGATGA,8
AATCCGTCTATCAGCA,8
AATCCGTCTCCGTCTA,8
AATCCGTCTCTTCACA,8
AATCCGTCTGAAGAGA,8
AATCCGTCTGGAACAA,8
AATCCGTCTGGCTTCA,8
AATCCGTCTGGTGGTA,8
AATCCGTCTTCACGCA,8
AATCCGTCAACTCACC,8
AATCCGTCCAGATCTG,7
AATCCGTCAAGAGATC,8
AATCCGTCAAGGACAC,8
AATCCGTCAATCCGTC,8
AATCCGTCAATGTTGC,8
AATCCGTCACACGACC,8
AATCCGTCACAGATTC,8
AATCCGTCAGATGTAC,8
AATCCGTCAGCACCTC,8
AATCCGTCAGCCATGC,8
AATCCGTCAGGCTAAC,8
AATCCGTCCATCAAGT,7
AATCCGTCATAGCGAC,6
AATCCGTCATCATTCC,6
AATCCGTCATTGGCTC,6
AATCCGTCCAAGGAGC,6
AATCCGTCCACCTTAC,6
AATCCGTCCCATCCTC,6
AATCCGTCCCGACAAC,1
AATCCGTCCCTAATCC,1
AATCCGTCCCTCTATC,1
AATCCGTCCGACACAC,1
AATCCGTCCGCTGATC,7
AATCCGTCCGGATTGC,3
AATCCGTCCTAAGGTC,7
AATCCGTCGAACAGGC,7
AATCCGTCGACAGTGC,7
AATCCGTCGAGTTAGC,7
AATCCGTCGATGAATC,1
AATCCGTCGCCAAGAC,1
AATCCGTCCGGAAGAA,1
AATCCGTCGTGACAAG,1
AATCCGTCGAACCAGA,1
GAACCAGATTGCTGGA,1
GAACCAGAAGTCACTA,1
GAACCAGAATCCTGTA,1
GAACCAGAATTGAGGA,1
GAACCAGACAACCACA,7
GAACCAGAGACTAGTA,1
GAACCAGACAATGGAA,7
GAACCAGACACTTCGA,7
GAACCAGACAGCGTTA,7
GAACCAGACATACCAA,7
GAACCAGACCAGTTCA,7
GAACCAGACCGAAGTA,7
GAACCAGACCGTGAGA,7
GAACCAGACCTCCTGA,7
GAACCAGACGAACTTA,7
GAACCAGACGACTGGA,7
GAACCAGACGCATACA,7
GAACCAGACTCAATGA,7
GAACCAGACTGAGCCA,7
GAACCAGACTGGCATA,7
GAACCAGAGAATCTGA,7
GAACCAGACAAGACTA,7
GAACCAGAGAGCTGAA,7
GAACCAGAGATAGACA,3
GAACCAGAGCCACATA,1
GAACCAGAGCGAGTAA,3
GAACCAGAGCTAACGA,3
GAACCAGAGCTCGGTA,3
GAACCAGAGGAGAACA,1
GAACCAGAGGTGCGAA,1
GAACCAGAGTACGCAA,1
GAACCAGAGTCGTAGA,1
GAACCAGAGTCTGTCA,1
GAACCAGAGTGTTCTA,1
GAACCAGATAGGATGA,1
GAACCAGATATCAGCA,1
GAACCAGATCCGTCTA,1
GAACCAGATCTTCACA,1
GAACCAGATGAAGAGA,1
GAACCAGATGGAACAA,6
GAACCAGATGGCTTCA,1
GAACCAGATGGTGGTA,1
GAACCAGATTCACGCA,1
GAACCAGAAACTCACC,1
GAACCAGAAAGAGATC,1
GAACCAGAAAGGACAC,1
GAACCAGAAATCCGTC,6
GAACCAGAAATGTTGC,6
GAACCAGAACACGACC,1
GAACCAGAACAGATTC,1
GAACCAGAAGATGTAC,1
GAACCAGAAGCACCTC,1
GAACCAGAAGCCATGC,6
GAACCAGAAGGCTAAC,1
GAACCAGAATAGCGAC,1
GAACCAGAATCATTCC,1
GAACCAGAATTGGCTC,1
GAACCAGACAAGGAGC,1
GAACCAGACACCTTAC,1
GAACCAGACCATCCTC,1
GAACCAGACCGACAAC,1
GAACCAGACCTAATCC,1
GAACCAGACCTCTATC,1
GAACCAGACGACACAC,3
GAACCAGACGGATTGC,7
GAACCAGACTAAGGTC,7
GAACCAGAGAACAGGC,7
GAACCAGAGACAGTGC,7
GAACCAGAGAGTTAGC,7
GAACCAGAGATGAATC,1
GAACCAGAGCCAAGAC,1
GAACCAGACGGAAGAA,1
GAACCAGAGTGACAAG,1
GAACCAGAGAACCAGA,1
AAGGACACACAAGCTA,7
AAGGACACTTGCTGGA,1
AAGGACACCTGTAGCC,7
AAGGACACAGTACAAG,7
AAGGACACAACAACCA,7
AAGGACACAACCGAGA,3
AAGGACACAACGCTTA,3
AAGGACACAAGACGGA,3
AAGGACACAAGGTACA,3
AAGGACACACACAGAA,3
AAGGACACACAGCAGA,3
AAGGACACAAACATCG,1
AAGGACACACCTCCAA,3
AAGGACACACGCTCGA,3
AAGGACACACGTATCA,1
AAGGACACACTATGCA,1
AAGGACACAGAGTCAA,1
AAGGACACAGATCGCA,1
AAGGACACAGCAGGAA,1
AAGGACACAGTCACTA,1
AAGGACACATCCTGTA,1
AAGGACACATTGAGGA,1
AAGGACACATGCCTAA,1
AAGGACACCAACCACA,1
AAGGACACGACTAGTA,1
AAGGACACCAATGGAA,6
AAGGACACCACTTCGA,6
AAGGACACCAGCGTTA,6
AAGGACACCATACCAA,6
AAGGACACCCAGTTCA,6
AAGGACACCCGAAGTA,6
AAGGACACCCGTGAGA,6
AAGGACACCCTCCTGA,6
AAGGACACCGAACTTA,6
AAGGACACCGACTGGA,6
AAGGACACCGCATACA,6
AAGGACACCTCAATGA,6
AAGGACACCTGAGCCA,6
AAGGACACCTGGCATA,6
AAGGACACGAATCTGA,6
AAGGACACCAAGACTA,6
AAGGACACGAGCTGAA,6
AAGGACACGATAGACA,8
AAGGACACACCACTGT,7
AAGGACACGCCACATA,8
AAGGACACGCGAGTAA,8
AAGGACACGCTAACGA,8
AAGGACACGCTCGGTA,8
AAGGACACGGAGAACA,8
AAGGACACGGTGCGAA,8
AAGGACACGTACGCAA,8
AAGGACACGTCGTAGA,8
AAGGACACGTCTGTCA,8
AAGGACACGTGTTCTA,8
AAGGACACACATTGGC,7
AAGGACACTAGGATGA,8
AAGGACACTATCAGCA,8
AAGGACACTCCGTCTA,8
AAGGACACTCTTCACA,8
AAGGACACTGAAGAGA,8
AAGGACACTGGAACAA,8
AAGGACACTGGCTTCA,8
AAGGACACTGGTGGTA,8
AAGGACACTTCACGCA,8
AAGGACACAACTCACC,8
AAGGACACCAGATCTG,7
AAGGACACAAGAGATC,8
AAGGACACAAGGACAC,8
AAGGACACAATCCGTC,8
AAGGACACAATGTTGC,8
AAGGACACACACGACC,8
AAGGACACACAGATTC,8
AAGGACACAGATGTAC,8
AAGGACACAGCACCTC,8
AAGGACACAGCCATGC,8
AAGGACACAGGCTAAC,8
AAGGACACCATCAAGT,7
AAGGACACATAGCGAC,6
AAGGACACATCATTCC,6
AAGGACACATTGGCTC,6
AAGGACACCAAGGAGC,6
AAGGACACCACCTTAC,6
AAGGACACCCATCCTC,1
AAGGACACCCGACAAC,1
AAGGACACCCTAATCC,1
AAGGACACCCTCTATC,1
AAGGACACCGACACAC,1
AAGGACACCGCTGATC,7
AAGGACACCGGATTGC,1
AAGGACACCTAAGGTC,7
AAGGACACGAACAGGC,7
AAGGACACGACAGTGC,7
AAGGACACGAGTTAGC,7
AAGGACACGATGAATC,1
AAGGACACGCCAAGAC,1
AAGGACACCGGAAGAA,1
AAGGACACGTGACAAG,1
AAGGACACGAACCAGA,1
AAGAGATCACAAGCTA,7
AAGAGATCTTGCTGGA,1
AAGAGATCCTGTAGCC,7
AAGAGATCAGTACAAG,7
AAGAGATCAACAACCA,7
AAGAGATCAACCGAGA,3
AAGAGATCAACGCTTA,3
AAGAGATCAAGACGGA,3
AAGAGATCAAGGTACA,3
AAGAGATCACACAGAA,3
AAGAGATCACAGCAGA,3
AAGAGATCAAACATCG,1
AAGAGATCACCTCCAA,3
AAGAGATCACGCTCGA,7
AAGAGATCACGTATCA,8
AAGAGATCACTATGCA,1
AAGAGATCAGAGTCAA,1
AAGAGATCAGATCGCA,1
AAGAGATCAGCAGGAA,1
AAGAGATCAGTCACTA,1
AAGAGATCATCCTGTA,1
AAGAGATCATTGAGGA,1
AAGAGATCCAACCACA,1
AAGAGATCGACTAGTA,1
AAGAGATCCAATGGAA,6
AAGAGATCCACTTCGA,6
AAGAGATCCAGCGTTA,6
AAGAGATCCATACCAA,6
AAGAGATCCCAGTTCA,6
AAGAGATCCCGAAGTA,6
AAGAGATCCCGTGAGA,6
AAGAGATCCCTCCTGA,6
AAGAGATCCGAACTTA,6
AAGAGATCCGACTGGA,6
AAGAGATCCGCATACA,6
AAGAGATCCTCAATGA,6
AAGAGATCCTGAGCCA,8
AAGAGATCCTGGCATA,6
AAGAGATCGAATCTGA,8
AAGAGATCCAAGACTA,1
AAGAGATCGAGCTGAA,8
AAGAGATCGATAGACA,8
AAGAGATCACCACTGT,7
AAGAGATCGCCACATA,8
AAGAGATCGCGAGTAA,8
AAGAGATCGCTAACGA,8
AAGAGATCGCTCGGTA,8
AAGAGATCGGAGAACA,8
AAGAGATCGGTGCGAA,8
AAGAGATCGTACGCAA,8
AAGAGATCGTCGTAGA,8
AAGAGATCGTCTGTCA,8
AAGAGATCGTGTTCTA,8
AAGAGATCACATTGGC,7
AAGAGATCTAGGATGA,8
AAGAGATCTATCAGCA,8
AAGAGATCTCCGTCTA,8
AAGAGATCTCTTCACA,8
AAGAGATCTGAAGAGA,8
AAGAGATCTGGAACAA,8
AAGAGATCTGGCTTCA,8
AAGAGATCTGGTGGTA,8
AAGAGATCTTCACGCA,8
AAGAGATCAACTCACC,8
AAGAGATCCAGATCTG,7
AAGAGATCAAGAGATC,8
AAGAGATCAAGGACAC,8
AAGAGATCAATCCGTC,8
AAGAGATCAATGTTGC,8
AAGAGATCACACGACC,8
AAGAGATCACAGATTC,8
AAGAGATCAGATGTAC,8
AAGAGATCAGCACCTC,8
AAGAGATCAGCCATGC,8
AAGAGATCAGGCTAAC,8
AAGAGATCCATCAAGT,7
AAGAGATCATAGCGAC,8
AAGAGATCATCATTCC,6
AAGAGATCATTGGCTC,6
AAGAGATCCAAGGAGC,6
AAGAGATCCACCTTAC,6
AAGAGATCCCATCCTC,1
AAGAGATCCCGACAAC,1
AAGAGATCCCTAATCC,1
AAGAGATCCCTCTATC,1
AAGAGATCCGACACAC,1
AAGAGATCCGCTGATC,7
AAGAGATCCGGATTGC,1
AAGAGATCCTAAGGTC,1
AAGAGATCGAACAGGC,7
AAGAGATCGACAGTGC,7
AAGAGATCGAGTTAGC,1
AAGAGATCGATGAATC,1
AAGAGATCGCCAAGAC,1
AAGAGATCCGGAAGAA,1
AAGAGATCGTGACAAG,1
AAGAGATCGAACCAGA,1
AACTCACCAACGTGAT,1
AACTCACCACAAGCTA,7
AACTCACCTTGCTGGA,1
AACTCACCCTGTAGCC,7
AACTCACCAGTACAAG,7
AACTCACCAACAACCA,3
AACTCACCAACCGAGA,3
AACTCACCAACGCTTA,3
AACTCACCAAGACGGA,3
AACTCACCAAGGTACA,3
AACTCACCACACAGAA,3
AACTCACCACAGCAGA,3
AACTCACCAAACATCG,1
AACTCACCACCTCCAA,3
AACTCACCACGCTCGA,3
AACTCACCACGTATCA,1
AACTCACCACTATGCA,1
AACTCACCAGAGTCAA,8
AACTCACCAGATCGCA,1
AACTCACCAGCAGGAA,1
AACTCACCAGTCACTA,1
AACTCACCATCCTGTA,1
AACTCACCATTGAGGA,1
AACTCACCATGCCTAA,1
AACTCACCCAACCACA,6
AACTCACCGACTAGTA,6
AACTCACCCAATGGAA,6
AACTCACCCACTTCGA,6
AACTCACCCAGCGTTA,6
AACTCACCCATACCAA,6
AACTCACCCCAGTTCA,6
AACTCACCCCGAAGTA,6
AACTCACCCCGTGAGA,6
AACTCACCCCTCCTGA,6
AACTCACCCGAACTTA,6
AACTCACCCGACTGGA,6
AACTCACCCGCATACA,6
AACTCACCCTCAATGA,6
AACTCACCCTGAGCCA,6
AACTCACCCTGGCATA,6
AACTCACCGAATCTGA,8
AACTCACCCAAGACTA,8
AACTCACCGAGCTGAA,8
AACTCACCGATAGACA,8
AACTCACCACCACTGT,7
AACTCACCGCCACATA,8
AACTCACCGCGAGTAA,8
AACTCACCGCTAACGA,8
AACTCACCGCTCGGTA,8
AACTCACCGGAGAACA,8
AACTCACCGGTGCGAA,8
AACTCACCGTACGCAA,8
AACTCACCGTCGTAGA,8
AACTCACCGTCTGTCA,8
AACTCACCGTGTTCTA,8
AACTCACCACATTGGC,7
AACTCACCTAGGATGA,8
AACTCACCTATCAGCA,8
AACTCACCTCCGTCTA,1
AACTCACCTCTTCACA,1
AACTCACCTGAAGAGA,8
AACTCACCTGGAACAA,8
AACTCACCTGGCTTCA,8
AACTCACCTGGTGGTA,8
AACTCACCTTCACGCA,8
AACTCACCAACTCACC,8
AACTCACCCAGATCTG,7
AACTCACCAAGAGATC,8
AACTCACCAAGGACAC,8
AACTCACCAATCCGTC,8
AACTCACCAATGTTGC,8
AACTCACCACACGACC,8
AACTCACCACAGATTC,8
AACTCACCAGATGTAC,8
AACTCACCAGCACCTC,8
AACTCACCAGCCATGC,8
AACTCACCAGGCTAAC,8
AACTCACCCATCAAGT,7
AACTCACCATAGCGAC,8
AACTCACCATCATTCC,1
AACTCACCATTGGCTC,8
AACTCACCCAAGGAGC,6
AACTCACCCACCTTAC,1
AACTCACCCCATCCTC,1
AACTCACCCCGACAAC,1
AACTCACCCCTAATCC,1
AACTCACCCCTCTATC,1
AACTCACCCGACACAC,1
AACTCACCCGCTGATC,7
AACTCACCCGGATTGC,1
AACTCACCCTAAGGTC,7
AACTCACCGAACAGGC,7
AACTCACCGACAGTGC,7
AACTCACCGAGTTAGC,1
AACTCACCGATGAATC,1
AACTCACCGCCAAGAC,1
AACTCACCCGGAAGAA,1
AACTCACCGTGACAAG,1
AACTCACCGAACCAGA,1
TTCACGCAAACGTGAT,1
TTCACGCAACAAGCTA,7
TTCACGCATTGCTGGA,1
TTCACGCACTGTAGCC,3
TTCACGCAAGTACAAG,3
TTCACGCAAACAACCA,3
TTCACGCAAACCGAGA,3
TTCACGCAAACGCTTA,3
TTCACGCAAAGACGGA,3
TTCACGCAAAGGTACA,3
TTCACGCAACACAGAA,3
TTCACGCAACAGCAGA,3
TTCACGCAAAACATCG,1
TTCACGCAACCTCCAA,3
TTCACGCAACGCTCGA,1
TTCACGCAACGTATCA,1
TTCACGCAACTATGCA,1
TTCACGCAAGAGTCAA,1
TTCACGCAAGATCGCA,1
TTCACGCAAGCAGGAA,1
TTCACGCAAGTCACTA,1
TTCACGCAATCCTGTA,6
TTCACGCAATTGAGGA,6
TTCACGCAATGCCTAA,1
TTCACGCACAACCACA,6
TTCACGCAGACTAGTA,6
TTCACGCACAATGGAA,6
TTCACGCACACTTCGA,6
TTCACGCACAGCGTTA,6
TTCACGCACATACCAA,6
TTCACGCACCAGTTCA,6
TTCACGCACCGAAGTA,6
TTCACGCACCGTGAGA,6
TTCACGCACCTCCTGA,6
TTCACGCACGAACTTA,6
TTCACGCACGACTGGA,6
TTCACGCACGCATACA,6
TTCACGCACTCAATGA,6
TTCACGCACTGAGCCA,6
TTCACGCACTGGCATA,8
TTCACGCAGAATCTGA,8
TTCACGCACAAGACTA,8
TTCACGCAGAGCTGAA,8
TTCACGCAGATAGACA,8
TTCACGCAACCACTGT,7
TTCACGCAGCCACATA,8
TTCACGCAGCGAGTAA,8
TTCACGCAGCTAACGA,8
TTCACGCAGCTCGGTA,8
TTCACGCAGGAGAACA,8
TTCACGCAGGTGCGAA,8
TTCACGCAGTACGCAA,4
TTCACGCAGTCGTAGA,4
TTCACGCAGTCTGTCA,4
TTCACGCAGTGTTCTA,4
TTCACGCAACATTGGC,7
TTCACGCATAGGATGA,4
TTCACGCATATCAGCA,4
TTCACGCATCCGTCTA,8
TTCACGCATCTTCACA,4
TTCACGCATGAAGAGA,8
TTCACGCATGGAACAA,4
TTCACGCATGGCTTCA,4
TTCACGCATGGTGGTA,8
TTCACGCATTCACGCA,8
TTCACGCAAACTCACC,8
TTCACGCACAGATCTG,7
TTCACGCAAAGAGATC,1
TTCACGCAAAGGACAC,1
TTCACGCAAATCCGTC,8
TTCACGCAAATGTTGC,8
TTCACGCAACACGACC,8
TTCACGCAACAGATTC,8
TTCACGCAAGATGTAC,8
TTCACGCAAGCACCTC,8
TTCACGCAAGCCATGC,8
TTCACGCAAGGCTAAC,8
TTCACGCACATCAAGT,7
TTCACGCAATAGCGAC,8
TTCACGCAATCATTCC,8
TTCACGCAATTGGCTC,8
TTCACGCACAAGGAGC,8
TTCACGCACACCTTAC,8
TTCACGCACCATCCTC,8
TTCACGCACCGACAAC,6
TTCACGCACCTAATCC,1
TTCACGCACCTCTATC,1
TTCACGCACGACACAC,1
TTCACGCACGCTGATC,7
TTCACGCACGGATTGC,1
TTCACGCACTAAGGTC,1
TTCACGCAGAACAGGC,7
TTCACGCAGACAGTGC,7
TTCACGCAGAGTTAGC,1
TTCACGCAGATGAATC,1
TTCACGCAGCCAAGAC,1
TTCACGCACGGAAGAA,1
TTCACGCAGTGACAAG,1
TTCACGCAGAACCAGA,1
TGGTGGTAAACGTGAT,1
TGGTGGTAACAAGCTA,3
TGGTGGTATTGCTGGA,1
TGGTGGTACTGTAGCC,3
TGGTGGTAAGTACAAG,3
TGGTGGTAAACAACCA,3
TGGTGGTAAACCGAGA,3
TGGTGGTAAACGCTTA,3
TGGTGGTAAAGACGGA,3
TGGTGGTAAAGGTACA,3
TGGTGGTAACACAGAA,3
TGGTGGTAACAGCAGA,1
TGGTGGTAAAACATCG,1
TGGTGGTAACCTCCAA,1
TGGTGGTAACGCTCGA,1
TGGTGGTAACGTATCA,1
TGGTGGTAACTATGCA,1
TGGTGGTAAGAGTCAA,1
TGGTGGTAAGATCGCA,1
TGGTGGTAAGCAGGAA,1
TGGTGGTAAGTCACTA,1
TGGTGGTAATCCTGTA,1
TGGTGGTAATTGAGGA,6
TGGTGGTAATGCCTAA,1
TGGTGGTACAACCACA,6
TGGTGGTAGACTAGTA,6
TGGTGGTACAATGGAA,6
TGGTGGTACACTTCGA,6
TGGTGGTACAGCGTTA,6
TGGTGGTACATACCAA,6
TGGTGGTACCAGTTCA,6
TGGTGGTACCGAAGTA,6
TGGTGGTACCGTGAGA,6
TGGTGGTACCTCCTGA,6
TGGTGGTACGAACTTA,6
TGGTGGTACGACTGGA,1
TGGTGGTACGCATACA,6
TGGTGGTACTCAATGA,8
TGGTGGTACTGAGCCA,8
TGGTGGTACTGGCATA,8
TGGTGGTAGAATCTGA,8
TGGTGGTACAAGACTA,8
TGGTGGTAGAGCTGAA,8
TGGTGGTAGATAGACA,8
TGGTGGTAACCACTGT,7
TGGTGGTAGCCACATA,8
TGGTGGTAGCGAGTAA,8
TGGTGGTAGCTAACGA,8
TGGTGGTAGCTCGGTA,8
TGGTGGTAGGAGAACA,4
TGGTGGTAGGTGCGAA,4
TGGTGGTAGTACGCAA,4
TGGTGGTAGTCGTAGA,4
TGGTGGTAGTCTGTCA,4
TGGTGGTAGTGTTCTA,4
TGGTGGTAACATTGGC,7
TGGTGGTATAGGATGA,4
TGGTGGTATATCAGCA,4
TGGTGGTATCCGTCTA,4
TGGTGGTATCTTCACA,4
TGGTGGTATGAAGAGA,4
TGGTGGTATGGAACAA,4
TGGTGGTATGGCTTCA,4
TGGTGGTATGGTGGTA,8
TGGTGGTATTCACGCA,8
TGGTGGTAAACTCACC,8
TGGTGGTACAGATCTG,7
TGGTGGTAAAGAGATC,1
TGGTGGTAAAGGACAC,1
TGGTGGTAAATCCGTC,1
TGGTGGTAAATGTTGC,1
TGGTGGTAACACGACC,1
TGGTGGTAACAGATTC,8
TGGTGGTAAGATGTAC,8
TGGTGGTAAGCACCTC,8
TGGTGGTAAGCCATGC,8
TGGTGGTAAGGCTAAC,8
TGGTGGTACATCAAGT,7
TGGTGGTAATAGCGAC,8
TGGTGGTAATCATTCC,8
TGGTGGTAATTGGCTC,8
TGGTGGTACAAGGAGC,8
TGGTGGTACACCTTAC,8
TGGTGGTACCATCCTC,8
TGGTGGTACCGACAAC,8
TGGTGGTACCTAATCC,8
TGGTGGTACCTCTATC,1
TGGTGGTACGACACAC,1
TGGTGGTACGCTGATC,7
TGGTGGTACGGATTGC,1
TGGTGGTACTAAGGTC,1
TGGTGGTAGAACAGGC,1
TGGTGGTAGACAGTGC,1
TGGTGGTAGAGTTAGC,1
TGGTGGTAGATGAATC,1
TGGTGGTAGCCAAGAC,1
TGGTGGTACGGAAGAA,1
TGGTGGTAGTGACAAG,1
TGGTGGTAGAACCAGA,1
TGGCTTCAAACGTGAT,1
TGGCTTCAACAAGCTA,3
TGGCTTCATTGCTGGA,1
TGGCTTCACTGTAGCC,3
TGGCTTCAAGTACAAG,3
TGGCTTCAAACAACCA,3
TGGCTTCAAACCGAGA,3
TGGCTTCAAACGCTTA,3
TGGCTTCAAAGACGGA,3
TGGCTTCAAAGGTACA,3
TGGCTTCAACACAGAA,1
TGGCTTCAACAGCAGA,1
TGGCTTCAAAACATCG,7
TGGCTTCAACCTCCAA,1
TGGCTTCAACGCTCGA,1
TGGCTTCAACGTATCA,1
TGGCTTCAACTATGCA,1
TGGCTTCAAGAGTCAA,1
TGGCTTCAAGATCGCA,1
TGGCTTCAAGCAGGAA,6
TGGCTTCAAGTCACTA,6
TGGCTTCAATCCTGTA,6
TGGCTTCAATTGAGGA,6
TGGCTTCAATGCCTAA,7
TGGCTTCACAACCACA,6
TGGCTTCAGACTAGTA,6
TGGCTTCACAATGGAA,6
TGGCTTCACACTTCGA,6
TGGCTTCACAGCGTTA,6
TGGCTTCACATACCAA,6
TGGCTTCACCAGTTCA,6
TGGCTTCACCGAAGTA,6
TGGCTTCACCGTGAGA,6
TGGCTTCACCTCCTGA,6
TGGCTTCACGAACTTA,6
TGGCTTCACGACTGGA,1
TGGCTTCACGCATACA,8
TGGCTTCACTCAATGA,8
TGGCTTCACTGAGCCA,8
TGGCTTCACTGGCATA,8
TGGCTTCAGAATCTGA,8
TGGCTTCACAAGACTA,8
TGGCTTCAGAGCTGAA,8
TGGCTTCAGATAGACA,8
TGGCTTCAACCACTGT,7
TGGCTTCAGCCACATA,8
TGGCTTCAGCGAGTAA,4
TGGCTTCAGCTAACGA,4
TGGCTTCAGCTCGGTA,4
TGGCTTCAGGAGAACA,4
TGGCTTCAGGTGCGAA,4
TGGCTTCAGTACGCAA,4
TGGCTTCAGTCGTAGA,4
TGGCTTCAGTCTGTCA,4
TGGCTTCAGTGTTCTA,4
TGGCTTCAACATTGGC,7
TGGCTTCATAGGATGA,4
TGGCTTCATATCAGCA,4
TGGCTTCATCCGTCTA,4
TGGCTTCATCTTCACA,4
TGGCTTCATGAAGAGA,4
TGGCTTCATGGAACAA,4
TGGCTTCATGGCTTCA,4
TGGCTTCATGGTGGTA,4
TGGCTTCATTCACGCA,8
TGGCTTCAAACTCACC,8
TGGCTTCACAGATCTG,7
TGGCTTCAAAGAGATC,8
TGGCTTCAAAGGACAC,1
TGGCTTCAAATCCGTC,1
TGGCTTCAAATGTTGC,1
TGGCTTCAACACGACC,1
TGGCTTCAACAGATTC,1
TGGCTTCAAGATGTAC,8
TGGCTTCAAGCACCTC,8
TGGCTTCAAGCCATGC,8
TGGCTTCAAGGCTAAC,8
TGGCTTCACATCAAGT,7
TGGCTTCAATAGCGAC,8
TGGCTTCAATCATTCC,8
TGGCTTCAATTGGCTC,8
TGGCTTCACAAGGAGC,8
TGGCTTCACACCTTAC,8
TGGCTTCACCATCCTC,8
TGGCTTCACCGACAAC,8
TGGCTTCACCTAATCC,8
TGGCTTCACCTCTATC,8
TGGCTTCACGACACAC,8
TGGCTTCACGCTGATC,3
TGGCTTCACGGATTGC,1
TGGCTTCACTAAGGTC,1
TGGCTTCAGAACAGGC,1
TGGCTTCAGACAGTGC,1
TGGCTTCAGAGTTAGC,1
TGGCTTCAGATGAATC,1
TGGCTTCAGCCAAGAC,1
TGGCTTCACGGAAGAA,1
TGGCTTCAGTGACAAG,1
TGGCTTCAGAACCAGA,1
TGGAACAAAACGTGAT,7
TGGAACAAACAAGCTA,3
TGGAACAATTGCTGGA,1
TGGAACAACTGTAGCC,3
TGGAACAAAGTACAAG,3
TGGAACAAAACAACCA,3
TGGAACAAAACCGAGA,3
TGGAACAAAACGCTTA,3
TGGAACAAAAGACGGA,1
TGGAACAAAAGGTACA,3
TGGAACAAACACAGAA,1
TGGAACAAACAGCAGA,1
TGGAACAAAAACATCG,7
TGGAACAAACCTCCAA,1
TGGAACAAACGCTCGA,1
TGGAACAAACGTATCA,1
TGGAACAAACTATGCA,1
TGGAACAAAGAGTCAA,1
TGGAACAAAGATCGCA,1
TGGAACAAAGCAGGAA,6
TGGAACAAAGTCACTA,6
TGGAACAAATCCTGTA,6
TGGAACAAATTGAGGA,6
TGGAACAAATGCCTAA,7
TGGAACAACAACCACA,6
TGGAACAAGACTAGTA,6
TGGAACAACAATGGAA,6
TGGAACAACACTTCGA,6
TGGAACAACAGCGTTA,6
TGGAACAACATACCAA,6
TGGAACAACCAGTTCA,8
TGGAACAACCGAAGTA,6
TGGAACAACCGTGAGA,6
TGGAACAACCTCCTGA,6
TGGAACAAAGTGGTCA,7
TGGAACAACGAACTTA,8
TGGAACAACGACTGGA,8
TGGAACAACGCATACA,8
TGGAACAACTCAATGA,8
TGGAACAACTGAGCCA,8
TGGAACAACTGGCATA,8
TGGAACAAGAATCTGA,8
TGGAACAACAAGACTA,8
TGGAACAAGAGCTGAA,8
TGGAACAAGATAGACA,4
TGGAACAAACCACTGT,7
TGGAACAAGCCACATA,4
TGGAACAAGCGAGTAA,4
TGGAACAAGCTAACGA,4
TGGAACAAGCTCGGTA,4
TGGAACAAGGAGAACA,4
TGGAACAAGGTGCGAA,4
TGGAACAAGTACGCAA,4
TGGAACAAGTCGTAGA,4
TGGAACAAGTCTGTCA,4
TGGAACAAGTGTTCTA,4
TGGAACAAACATTGGC,7
TGGAACAATAGGATGA,8
TGGAACAATATCAGCA,4
TGGAACAATCCGTCTA,4
TGGAACAATCTTCACA,4
TGGAACAATGAAGAGA,4
TGGAACAATGGAACAA,4
TGGAACAATGGCTTCA,4
TGGAACAATGGTGGTA,4
TGGAACAATTCACGCA,8
TGGAACAAAACTCACC,8
TGGAACAACAGATCTG,7
TGGAACAAAAGAGATC,8
TGGAACAAAAGGACAC,8
TGGAACAAAATCCGTC,4
TGGAACAAAATGTTGC,4
TGGAACAAACACGACC,1
TGGAACAAACAGATTC,4
TGGAACAAAGATGTAC,1
TGGAACAAAGCACCTC,1
TGGAACAAAGCCATGC,8
TGGAACAAAGGCTAAC,8
TGGAACAACATCAAGT,7
TGGAACAAATAGCGAC,8
TGGAACAAATCATTCC,8
TGGAACAAATTGGCTC,8
TGGAACAACAAGGAGC,8
TGGAACAACACCTTAC,8
TGGAACAACCATCCTC,8
TGGAACAACCGACAAC,8
TGGAACAACCTAATCC,8
TGGAACAACCTCTATC,8
TGGAACAACGACACAC,8
TGGAACAACGCTGATC,3
TGGAACAACGGATTGC,8
TGGAACAACTAAGGTC,8
TGGAACAAGAACAGGC,1
TGGAACAAGACAGTGC,1
TGGAACAAGAGTTAGC,8
TGGAACAAGATGAATC,1
TGGAACAAGCCAAGAC,1
TGGAACAACGGAAGAA,1
TGGAACAAGTGACAAG,1
TGGAACAAGAACCAGA,1
TGAAGAGAAACGTGAT,7
TGAAGAGAACAAGCTA,3
TGAAGAGATTGCTGGA,1
TGAAGAGACTGTAGCC,3
TGAAGAGAAGTACAAG,3
TGAAGAGAAACAACCA,3
TGAAGAGAAACCGAGA,3
TGAAGAGAAACGCTTA,3
TGAAGAGAAAGACGGA,1
TGAAGAGAAAGGTACA,1
TGAAGAGAACACAGAA,1
TGAAGAGAACAGCAGA,1
TGAAGAGAAAACATCG,7
TGAAGAGAACCTCCAA,1
TGAAGAGAACGCTCGA,1
TGAAGAGAACGTATCA,1
TGAAGAGAACTATGCA,1
TGAAGAGAAGAGTCAA,1
TGAAGAGAAGATCGCA,1
TGAAGAGAAGCAGGAA,6
TGAAGAGAAGTCACTA,6
TGAAGAGAATCCTGTA,6
TGAAGAGAATTGAGGA,6
TGAAGAGAATGCCTAA,7
TGAAGAGACAACCACA,6
TGAAGAGAGACTAGTA,1
TGAAGAGACAATGGAA,6
TGAAGAGACACTTCGA,6
TGAAGAGACAGCGTTA,6
TGAAGAGACATACCAA,6
TGAAGAGACCAGTTCA,6
TGAAGAGACCGAAGTA,6
TGAAGAGACCGTGAGA,1
TGAAGAGACCTCCTGA,6
TGAAGAGACGAACTTA,1
TGAAGAGACGACTGGA,8
TGAAGAGACGCATACA,8
TGAAGAGACTCAATGA,8
TGAAGAGACTGAGCCA,8
TGAAGAGACTGGCATA,8
TGAAGAGAGAATCTGA,8
TGAAGAGACAAGACTA,4
TGAAGAGAGAGCTGAA,4
TGAAGAGAGATAGACA,8
TGAAGAGAACCACTGT,7
TGAAGAGAGCCACATA,4
TGAAGAGAGCGAGTAA,4
TGAAGAGAGCTAACGA,4
TGAAGAGAGCTCGGTA,4
TGAAGAGAGGAGAACA,4
TGAAGAGAGGTGCGAA,4
TGAAGAGAGTACGCAA,4
TGAAGAGAGTCGTAGA,4
TGAAGAGAGTCTGTCA,4
TGAAGAGAGTGTTCTA,4
TGAAGAGAACATTGGC,7
TGAAGAGATAGGATGA,4
TGAAGAGATATCAGCA,4
TGAAGAGATCCGTCTA,4
TGAAGAGATCTTCACA,4
TGAAGAGATGAAGAGA,4
TGAAGAGATGGAACAA,4
TGAAGAGATGGCTTCA,4
TGAAGAGATGGTGGTA,4
TGAAGAGATTCACGCA,8
TGAAGAGAAACTCACC,8
TGAAGAGACAGATCTG,7
TGAAGAGAAAGAGATC,8
TGAAGAGAAAGGACAC,4
TGAAGAGAAATCCGTC,4
TGAAGAGAAATGTTGC,4
TGAAGAGAACACGACC,4
TGAAGAGAACAGATTC,4
TGAAGAGAAGATGTAC,4
TGAAGAGAAGCACCTC,1
TGAAGAGAAGCCATGC,1
TGAAGAGAAGGCTAAC,8
TGAAGAGACATCAAGT,7
TGAAGAGAATAGCGAC,8
TGAAGAGAATCATTCC,8
TGAAGAGAATTGGCTC,8
TGAAGAGACAAGGAGC,8
TGAAGAGACACCTTAC,8
TGAAGAGACCATCCTC,8
TGAAGAGACCGACAAC,8
TGAAGAGACCTAATCC,8
TGAAGAGACCTCTATC,8
TGAAGAGACGACACAC,8
TGAAGAGACGCTGATC,3
TGAAGAGACGGATTGC,8
TGAAGAGACTAAGGTC,8
TGAAGAGAGAACAGGC,8
TGAAGAGAGACAGTGC,8
TGAAGAGAGAGTTAGC,8
TGAAGAGAGATGAATC,8
TGAAGAGAGCCAAGAC,1
TGAAGAGACGGAAGAA,1
TGAAGAGAGTGACAAG,1
TGAAGAGAGAACCAGA,8
TCTTCACAAACGTGAT,7
TCTTCACAACAAGCTA,3
TCTTCACATTGCTGGA,8
TCTTCACACTGTAGCC,3
TCTTCACAAGTACAAG,3
TCTTCACAAACAACCA,3
TCTTCACAAACCGAGA,3
TCTTCACAAACGCTTA,3
TCTTCACAAAGACGGA,1
TCTTCACAAAGGTACA,1
TCTTCACAACACAGAA,1
TCTTCACAACAGCAGA,1
TCTTCACAAAACATCG,7
TCTTCACAACCTCCAA,1
TCTTCACAACGCTCGA,1
TCTTCACAACGTATCA,1
TCTTCACAACTATGCA,1
TCTTCACAAGAGTCAA,1
TCTTCACAAGATCGCA,6
TCTTCACAAGCAGGAA,6
TCTTCACAAGTCACTA,6
TCTTCACAATCCTGTA,6
TCTTCACAATTGAGGA,6
TCTTCACAATGCCTAA,7
TCTTCACACAACCACA,6
TCTTCACAGACTAGTA,1
TCTTCACACAATGGAA,1
TCTTCACACACTTCGA,6
TCTTCACACAGCGTTA,6
TCTTCACACATACCAA,1
TCTTCACACCAGTTCA,8
TCTTCACACCGAAGTA,6
TCTTCACACCGTGAGA,8
TCTTCACACCTCCTGA,8
TCTTCACAAGTGGTCA,7
TCTTCACACGAACTTA,8
TCTTCACACGACTGGA,8
TCTTCACACGCATACA,8
TCTTCACACTCAATGA,8
TCTTCACACTGAGCCA,8
TCTTCACACTGGCATA,4
TCTTCACAGAATCTGA,4
TCTTCACACAAGACTA,4
TCTTCACAGAGCTGAA,4
TCTTCACAGATAGACA,4
TCTTCACAACCACTGT,7
TCTTCACAGCCACATA,4
TCTTCACAGCGAGTAA,8
TCTTCACAGCTAACGA,4
TCTTCACAGCTCGGTA,4
TCTTCACAGGAGAACA,4
TCTTCACAGGTGCGAA,8
TCTTCACAGTACGCAA,8
TCTTCACAGTCGTAGA,4
TCTTCACAGTCTGTCA,4
TCTTCACAGTGTTCTA,4
TCTTCACAACATTGGC,7
TCTTCACATAGGATGA,4
TCTTCACATATCAGCA,4
TCTTCACATCCGTCTA,4
TCTTCACATCTTCACA,4
TCTTCACATGAAGAGA,4
TCTTCACATGGAACAA,4
TCTTCACATGGCTTCA,4
TCTTCACATGGTGGTA,4
TCTTCACATTCACGCA,4
TCTTCACAAACTCACC,8
TCTTCACACAGATCTG,7
TCTTCACAAAGAGATC,4
TCTTCACAAAGGACAC,4
TCTTCACAAATCCGTC,4
TCTTCACAAATGTTGC,4
TCTTCACAACACGACC,4
TCTTCACAACAGATTC,4
TCTTCACAAGATGTAC,4
TCTTCACAAGCACCTC,1
TCTTCACAAGCCATGC,1
TCTTCACAAGGCTAAC,1
TCTTCACACATCAAGT,7
TCTTCACAATAGCGAC,1
TCTTCACAATCATTCC,8
TCTTCACAATTGGCTC,8
TCTTCACACAAGGAGC,8
TCTTCACACACCTTAC,8
TCTTCACACCATCCTC,8
TCTTCACACCGACAAC,8
TCTTCACACCTAATCC,8
TCTTCACACCTCTATC,8
TCTTCACACGACACAC,8
TCTTCACACGCTGATC,3
TCTTCACACGGATTGC,8
TCTTCACACTAAGGTC,8
TCTTCACAGAACAGGC,8
TCTTCACAGACAGTGC,8
TCTTCACAGAGTTAGC,8
TCTTCACAGATGAATC,8
TCTTCACAGCCAAGAC,8
TCTTCACACGGAAGAA,8
TCTTCACAGTGACAAG,8
TCTTCACAGAACCAGA,8
TCCGTCTAAACGTGAT,7
TCCGTCTAACAAGCTA,3
TCCGTCTATTGCTGGA,8
TCCGTCTACTGTAGCC,3
TCCGTCTAAGTACAAG,3
TCCGTCTAAACAACCA,3
TCCGTCTAAACCGAGA,3
TCCGTCTAAACGCTTA,3
TCCGTCTAAAGACGGA,1
TCCGTCTAAAGGTACA,1
TCCGTCTAACACAGAA,1
TCCGTCTAACAGCAGA,1
TCCGTCTAAAACATCG,7
TCCGTCTAACCTCCAA,1
TCCGTCTAACGCTCGA,1
TCCGTCTAACGTATCA,1
TCCGTCTAACTATGCA,1
TCCGTCTAAGAGTCAA,1
TCCGTCTAAGATCGCA,1
TCCGTCTAAGCAGGAA,6
TCCGTCTAAGTCACTA,6
TCCGTCTAATCCTGTA,6
TCCGTCTAATTGAGGA,6
TCCGTCTAATGCCTAA,7
TCCGTCTACAACCACA,6
TCCGTCTAGACTAGTA,6
TCCGTCTACAATGGAA,6
TCCGTCTACACTTCGA,6
TCCGTCTACAGCGTTA,1
TCCGTCTACATACCAA,6
TCCGTCTACCAGTTCA,1
TCCGTCTACCGAAGTA,6
TCCGTCTACCGTGAGA,1
TCCGTCTACCTCCTGA,8
TCCGTCTAAGTGGTCA,7
TCCGTCTACGAACTTA,8
TCCGTCTACGACTGGA,8
TCCGTCTACGCATACA,8
TCCGTCTACTCAATGA,8
TCCGTCTACTGAGCCA,4
TCCGTCTACTGGCATA,4
TCCGTCTAGAATCTGA,4
TCCGTCTACAAGACTA,4
TCCGTCTAGAGCTGAA,4
TCCGTCTAGATAGACA,4
TCCGTCTAACCACTGT,7
TCCGTCTAGCCACATA,4
TCCGTCTAGCGAGTAA,4
TCCGTCTAGCTAACGA,4
TCCGTCTAGCTCGGTA,4
TCCGTCTAGGAGAACA,4
TCCGTCTAGGTGCGAA,4
TCCGTCTAGTACGCAA,8
TCCGTCTAGTCGTAGA,8
TCCGTCTAGTCTGTCA,8
TCCGTCTAGTGTTCTA,8
TCCGTCTAACATTGGC,7
TCCGTCTATAGGATGA,8
TCCGTCTATATCAGCA,4
TCCGTCTATCCGTCTA,4
TCCGTCTATCTTCACA,4
TCCGTCTATGAAGAGA,4
TCCGTCTATGGAACAA,4
TCCGTCTATGGCTTCA,4
TCCGTCTATGGTGGTA,4
TCCGTCTATTCACGCA,4
TCCGTCTAAACTCACC,8
TCCGTCTACAGATCTG,7
TCCGTCTAAAGAGATC,4
TCCGTCTAAAGGACAC,4
TCCGTCTAAATCCGTC,4
TCCGTCTAAATGTTGC,4
TCCGTCTAACACGACC,4
TCCGTCTAACAGATTC,4
TCCGTCTAAGATGTAC,4
TCCGTCTAAGCACCTC,4
TCCGTCTAAGCCATGC,1
TCCGTCTAAGGCTAAC,1
TCCGTCTACATCAAGT,3
TCCGTCTAATAGCGAC,1
TCCGTCTAATCATTCC,1
TCCGTCTAATTGGCTC,8
TCCGTCTACAAGGAGC,8
TCCGTCTACACCTTAC,8
TCCGTCTACCATCCTC,8
TCCGTCTACCGACAAC,8
TCCGTCTACCTAATCC,8
TCCGTCTACCTCTATC,8
TCCGTCTACGACACAC,8
TCCGTCTACGCTGATC,3
TCCGTCTACGGATTGC,8
TCCGTCTACTAAGGTC,8
TCCGTCTAGAACAGGC,8
TCCGTCTAGACAGTGC,8
TCCGTCTAGAGTTAGC,8
TCCGTCTAGATGAATC,8
TCCGTCTAGCCAAGAC,8
TCCGTCTACGGAAGAA,8
TCCGTCTAGTGACAAG,8
TCCGTCTAGAACCAGA,8
GTGACAAGTTGCTGGA,1
GTGACAAGAGATCGCA,1
GTGACAAGAGCAGGAA,1
GTGACAAGAGTCACTA,1
GTGACAAGATCCTGTA,1
GTGACAAGATTGAGGA,1
GTGACAAGCAACCACA,1
GTGACAAGGACTAGTA,7
GTGACAAGCAATGGAA,7
GTGACAAGCACTTCGA,7
GTGACAAGCAGCGTTA,7
GTGACAAGCATACCAA,7
GTGACAAGCCAGTTCA,7
GTGACAAGCCGAAGTA,7
GTGACAAGCCGTGAGA,7
GTGACAAGCCTCCTGA,7
GTGACAAGCGAACTTA,7
GTGACAAGCGACTGGA,7
GTGACAAGCGCATACA,7
GTGACAAGCTCAATGA,7
GTGACAAGCTGAGCCA,7
GTGACAAGCTGGCATA,7
GTGACAAGGAATCTGA,7
GTGACAAGCAAGACTA,3
GTGACAAGGAGCTGAA,3
GTGACAAGGATAGACA,3
GTGACAAGGCCACATA,3
GTGACAAGGCGAGTAA,3
GTGACAAGGCTAACGA,1
GTGACAAGGCTCGGTA,1
GTGACAAGGGAGAACA,1
GTGACAAGGGTGCGAA,1
GTGACAAGGTACGCAA,1
GTGACAAGGTCGTAGA,1
GTGACAAGGTCTGTCA,8
GTGACAAGGTGTTCTA,1
GTGACAAGTAGGATGA,1
GTGACAAGTATCAGCA,1
GTGACAAGTCCGTCTA,1
GTGACAAGTCTTCACA,1
GTGACAAGTGAAGAGA,1
GTGACAAGTGGAACAA,1
GTGACAAGTGGCTTCA,1
GTGACAAGTGGTGGTA,1
GTGACAAGTTCACGCA,1
GTGACAAGAACTCACC,1
GTGACAAGAAGAGATC,1
GTGACAAGAAGGACAC,1
GTGACAAGAATCCGTC,6
GTGACAAGAATGTTGC,1
GTGACAAGACACGACC,6
GTGACAAGACAGATTC,1
GTGACAAGAGATGTAC,1
GTGACAAGAGCACCTC,1
GTGACAAGAGCCATGC,1
GTGACAAGAGGCTAAC,1
GTGACAAGATAGCGAC,1
GTGACAAGATCATTCC,1
GTGACAAGATTGGCTC,1
GTGACAAGCAAGGAGC,1
GTGACAAGCACCTTAC,1
GTGACAAGCCATCCTC,1
GTGACAAGCCGACAAC,1
GTGACAAGCCTAATCC,1
GTGACAAGCCTCTATC,1
GTGACAAGCGACACAC,3
GTGACAAGCGGATTGC,7
GTGACAAGCTAAGGTC,7
GTGACAAGGAACAGGC,7
GTGACAAGGACAGTGC,7
GTGACAAGGAGTTAGC,7
GTGACAAGGATGAATC,1
GTGACAAGGCCAAGAC,1
GTGACAAGCGGAAGAA,1
GTGACAAGGTGACAAG,1
GTGACAAGGAACCAGA,1
TATCAGCAAACGTGAT,7
TATCAGCAACAAGCTA,3
TATCAGCATTGCTGGA,8
TATCAGCACTGTAGCC,3
TATCAGCAAGTACAAG,3
TATCAGCAAACAACCA,3
TATCAGCAAACCGAGA,3
TATCAGCAAACGCTTA,3
TATCAGCAAAGACGGA,1
TATCAGCAAAGGTACA,1
TATCAGCAACACAGAA,1
TATCAGCAACAGCAGA,1
TATCAGCAAAACATCG,7
TATCAGCAACCTCCAA,1
TATCAGCAACGCTCGA,1
TATCAGCAACGTATCA,1
TATCAGCAACTATGCA,6
TATCAGCAAGAGTCAA,1
TATCAGCAAGATCGCA,6
TATCAGCAAGCAGGAA,6
TATCAGCAAGTCACTA,6
TATCAGCAATCCTGTA,6
TATCAGCAATTGAGGA,6
TATCAGCAATGCCTAA,7
TATCAGCACAACCACA,6
TATCAGCAGACTAGTA,6
TATCAGCACAATGGAA,6
TATCAGCACACTTCGA,6
TATCAGCACAGCGTTA,6
TATCAGCACATACCAA,6
TATCAGCACCAGTTCA,6
TATCAGCACCGAAGTA,6
TATCAGCACCGTGAGA,8
TATCAGCACCTCCTGA,8
TATCAGCAAGTGGTCA,7
TATCAGCACGAACTTA,8
TATCAGCACGACTGGA,8
TATCAGCACGCATACA,8
TATCAGCACTCAATGA,4
TATCAGCACTGAGCCA,4
TATCAGCACTGGCATA,4
TATCAGCAGAATCTGA,4
TATCAGCACAAGACTA,4
TATCAGCAGAGCTGAA,4
TATCAGCAGATAGACA,4
TATCAGCAACCACTGT,7
TATCAGCAGCCACATA,4
TATCAGCAGCGAGTAA,4
TATCAGCAGCTAACGA,4
TATCAGCAGCTCGGTA,4
TATCAGCAGGAGAACA,4
TATCAGCAGGTGCGAA,8
TATCAGCAGTACGCAA,4
TATCAGCAGTCGTAGA,4
TATCAGCAGTCTGTCA,4
TATCAGCAGTGTTCTA,4
TATCAGCAACATTGGC,7
TATCAGCATAGGATGA,4
TATCAGCATATCAGCA,4
TATCAGCATCCGTCTA,4
TATCAGCATCTTCACA,8
TATCAGCATGAAGAGA,8
TATCAGCATGGAACAA,4
TATCAGCATGGCTTCA,4
TATCAGCATGGTGGTA,4
TATCAGCATTCACGCA,4
TATCAGCAAACTCACC,4
TATCAGCACAGATCTG,7
TATCAGCAAAGAGATC,4
TATCAGCAAAGGACAC,4
TATCAGCAAATCCGTC,4
TATCAGCAAATGTTGC,4
TATCAGCAACACGACC,4
TATCAGCAACAGATTC,4
TATCAGCAAGATGTAC,4
TATCAGCAAGCACCTC,4
TATCAGCAAGCCATGC,1
TATCAGCAAGGCTAAC,1
TATCAGCACATCAAGT,3
TATCAGCAATAGCGAC,1
TATCAGCAATCATTCC,1
TATCAGCAATTGGCTC,1
TATCAGCACAAGGAGC,8
TATCAGCACACCTTAC,8
TATCAGCACCATCCTC,8
TATCAGCACCGACAAC,8
TATCAGCACCTAATCC,8
TATCAGCACCTCTATC,8
TATCAGCACGACACAC,8
TATCAGCACGCTGATC,3
TATCAGCACGGATTGC,8
TATCAGCACTAAGGTC,8
TATCAGCAGAACAGGC,8
TATCAGCAGACAGTGC,8
TATCAGCAGAGTTAGC,8
TATCAGCAGATGAATC,8
TATCAGCAGCCAAGAC,8
TATCAGCACGGAAGAA,8
TATCAGCAGTGACAAG,8
TATCAGCAGAACCAGA,8
TAGGATGAAACGTGAT,7
TAGGATGAACAAGCTA,3
TAGGATGATTGCTGGA,8
TAGGATGACTGTAGCC,3
TAGGATGAAGTACAAG,3
TAGGATGAAACAACCA,3
TAGGATGAAACCGAGA,1
TAGGATGAAACGCTTA,1
TAGGATGAAAGACGGA,1
TAGGATGAAAGGTACA,1
TAGGATGAACACAGAA,1
TAGGATGAACAGCAGA,1
TAGGATGAAAACATCG,7
TAGGATGAACCTCCAA,1
TAGGATGAACGCTCGA,1
TAGGATGAACGTATCA,1
TAGGATGAACTATGCA,1
TAGGATGAAGAGTCAA,6
TAGGATGAAGATCGCA,6
TAGGATGAAGCAGGAA,6
TAGGATGAAGTCACTA,6
TAGGATGAATCCTGTA,6
TAGGATGAATTGAGGA,6
TAGGATGAATGCCTAA,7
TAGGATGACAACCACA,6
TAGGATGAGACTAGTA,6
TAGGATGACAATGGAA,6
TAGGATGACACTTCGA,6
TAGGATGACAGCGTTA,6
TAGGATGACATACCAA,6
TAGGATGACCAGTTCA,6
TAGGATGACCGAAGTA,8
TAGGATGACCGTGAGA,8
TAGGATGACCTCCTGA,8
TAGGATGAAGTGGTCA,7
TAGGATGACGAACTTA,8
TAGGATGACGACTGGA,8
TAGGATGACGCATACA,8
TAGGATGACTCAATGA,4
TAGGATGACTGAGCCA,4
TAGGATGACTGGCATA,4
TAGGATGAGAATCTGA,4
TAGGATGACAAGACTA,4
TAGGATGAGAGCTGAA,4
TAGGATGAGATAGACA,4
TAGGATGAACCACTGT,7
TAGGATGAGCCACATA,4
TAGGATGAGCGAGTAA,4
TAGGATGAGCTAACGA,4
TAGGATGAGCTCGGTA,4
TAGGATGAGGAGAACA,4
TAGGATGAGGTGCGAA,4
TAGGATGAGTACGCAA,1
TAGGATGAGTCGTAGA,4
TAGGATGAGTCTGTCA,4
TAGGATGAGTGTTCTA,4
TAGGATGAACATTGGC,7
TAGGATGATAGGATGA,4
TAGGATGATATCAGCA,4
TAGGATGATCCGTCTA,4
TAGGATGATCTTCACA,4
TAGGATGATGAAGAGA,4
TAGGATGATGGAACAA,4
TAGGATGATGGCTTCA,8
TAGGATGATGGTGGTA,8
TAGGATGATTCACGCA,8
TAGGATGAAACTCACC,8
TAGGATGACAGATCTG,7
TAGGATGAAAGAGATC,8
TAGGATGAAAGGACAC,4
TAGGATGAAATCCGTC,8
TAGGATGAAATGTTGC,4
TAGGATGAACACGACC,8
TAGGATGAACAGATTC,4
TAGGATGAAGATGTAC,4
TAGGATGAAGCACCTC,4
TAGGATGAAGCCATGC,4
TAGGATGAAGGCTAAC,1
TAGGATGACATCAAGT,3
TAGGATGAATAGCGAC,1
TAGGATGAATCATTCC,1
TAGGATGAATTGGCTC,1
TAGGATGACAAGGAGC,1
TAGGATGACACCTTAC,8
TAGGATGACCATCCTC,8
TAGGATGACCGACAAC,8
TAGGATGACCTAATCC,8
TAGGATGACCTCTATC,8
TAGGATGACGACACAC,8
TAGGATGACGCTGATC,3
TAGGATGACGGATTGC,8
TAGGATGACTAAGGTC,8
TAGGATGAGAACAGGC,8
TAGGATGAGACAGTGC,8
TAGGATGAGAGTTAGC,8
TAGGATGAGATGAATC,8
TAGGATGAGCCAAGAC,8
TAGGATGACGGAAGAA,8
TAGGATGAGTGACAAG,8
TAGGATGAGAACCAGA,8
GTGTTCTAAACGTGAT,7
GTGTTCTAACAAGCTA,3
GTGTTCTATTGCTGGA,8
GTGTTCTACTGTAGCC,3
GTGTTCTAAGTACAAG,3
GTGTTCTAAACAACCA,3
GTGTTCTAAACCGAGA,3
GTGTTCTAAACGCTTA,1
GTGTTCTAAAGACGGA,1
GTGTTCTAAAGGTACA,1
GTGTTCTAACACAGAA,1
GTGTTCTAACAGCAGA,1
GTGTTCTAAAACATCG,7
GTGTTCTAACCTCCAA,1
GTGTTCTAACGCTCGA,1
GTGTTCTAACGTATCA,1
GTGTTCTAACTATGCA,6
GTGTTCTAAGAGTCAA,6
GTGTTCTAAGATCGCA,6
GTGTTCTAAGCAGGAA,6
GTGTTCTAAGTCACTA,6
GTGTTCTAATCCTGTA,6
GTGTTCTAATTGAGGA,6
GTGTTCTAATGCCTAA,7
GTGTTCTACAACCACA,6
GTGTTCTAGACTAGTA,6
GTGTTCTACAATGGAA,6
GTGTTCTACACTTCGA,6
GTGTTCTACAGCGTTA,6
GTGTTCTACATACCAA,6
GTGTTCTACCAGTTCA,6
GTGTTCTACCGAAGTA,8
GTGTTCTACCGTGAGA,8
GTGTTCTACCTCCTGA,8
GTGTTCTAAGTGGTCA,7
GTGTTCTACGAACTTA,8
GTGTTCTACGACTGGA,4
GTGTTCTACGCATACA,4
GTGTTCTACTCAATGA,4
GTGTTCTACTGAGCCA,4
GTGTTCTACTGGCATA,4
GTGTTCTAGAATCTGA,4
GTGTTCTACAAGACTA,4
GTGTTCTAGAGCTGAA,4
GTGTTCTAGATAGACA,4
GTGTTCTAACCACTGT,7
GTGTTCTAGCCACATA,4
GTGTTCTAGCGAGTAA,4
GTGTTCTAGCTAACGA,4
GTGTTCTAGCTCGGTA,4
GTGTTCTAGGAGAACA,4
GTGTTCTAGGTGCGAA,8
GTGTTCTAGTACGCAA,4
GTGTTCTAGTCGTAGA,4
GTGTTCTAGTCTGTCA,4
GTGTTCTAGTGTTCTA,4
GTGTTCTAACATTGGC,7
GTGTTCTATAGGATGA,4
GTGTTCTATATCAGCA,8
GTGTTCTATCCGTCTA,4
GTGTTCTATCTTCACA,8
GTGTTCTATGAAGAGA,4
GTGTTCTATGGAACAA,4
GTGTTCTATGGCTTCA,4
GTGTTCTATGGTGGTA,8
GTGTTCTATTCACGCA,4
GTGTTCTAAACTCACC,4
GTGTTCTACAGATCTG,3
GTGTTCTAAAGAGATC,4
GTGTTCTAAAGGACAC,4
GTGTTCTAAATCCGTC,4
GTGTTCTAAATGTTGC,4
GTGTTCTAACACGACC,4
GTGTTCTAACAGATTC,4
GTGTTCTAAGATGTAC,4
GTGTTCTAAGCACCTC,4
GTGTTCTAAGCCATGC,4
GTGTTCTAAGGCTAAC,1
GTGTTCTACATCAAGT,3
GTGTTCTAATAGCGAC,1
GTGTTCTAATCATTCC,1
GTGTTCTAATTGGCTC,1
GTGTTCTACAAGGAGC,1
GTGTTCTACACCTTAC,1
GTGTTCTACCATCCTC,1
GTGTTCTACCGACAAC,8
GTGTTCTACCTAATCC,8
GTGTTCTACCTCTATC,8
GTGTTCTACGACACAC,8
GTGTTCTACGCTGATC,3
GTGTTCTACGGATTGC,8
GTGTTCTACTAAGGTC,8
GTGTTCTAGAACAGGC,8
GTGTTCTAGACAGTGC,8
GTGTTCTAGAGTTAGC,8
GTGTTCTAGATGAATC,8
GTGTTCTAGCCAAGAC,8
GTGTTCTACGGAAGAA,8
GTGTTCTAGTGACAAG,8
GTGTTCTAGAACCAGA,8
GTCTGTCAAACGTGAT,7
GTCTGTCAACAAGCTA,3
GTCTGTCATTGCTGGA,8
GTCTGTCACTGTAGCC,3
GTCTGTCAAGTACAAG,3
GTCTGTCAAACAACCA,3
GTCTGTCAAACCGAGA,3
GTCTGTCAAACGCTTA,1
GTCTGTCAAAGACGGA,1
GTCTGTCAAAGGTACA,1
GTCTGTCAACACAGAA,1
GTCTGTCAACAGCAGA,1
GTCTGTCAAAACATCG,7
GTCTGTCAACCTCCAA,1
GTCTGTCAACGCTCGA,6
GTCTGTCAACGTATCA,6
GTCTGTCAACTATGCA,6
GTCTGTCAAGAGTCAA,6
GTCTGTCAAGATCGCA,6
GTCTGTCAAGCAGGAA,6
GTCTGTCAAGTCACTA,6
GTCTGTCAATCCTGTA,6
GTCTGTCAATTGAGGA,6
GTCTGTCAATGCCTAA,7
GTCTGTCACAACCACA,6
GTCTGTCAGACTAGTA,6
GTCTGTCACAATGGAA,6
GTCTGTCACACTTCGA,8
GTCTGTCACAGCGTTA,6
GTCTGTCACATACCAA,6
GTCTGTCACCAGTTCA,8
GTCTGTCACCGAAGTA,8
GTCTGTCACCGTGAGA,8
GTCTGTCACCTCCTGA,8
GTCTGTCAAGTGGTCA,7
GTCTGTCACGAACTTA,4
GTCTGTCACGACTGGA,4
GTCTGTCACGCATACA,4
GTCTGTCACTCAATGA,4
GTCTGTCACTGAGCCA,4
GTCTGTCACTGGCATA,4
GTCTGTCAGAATCTGA,4
GTCTGTCACAAGACTA,4
GTCTGTCAGAGCTGAA,4
GTCTGTCAGATAGACA,8
GTCTGTCAACCACTGT,7
GTCTGTCAGCCACATA,4
GTCTGTCAGCGAGTAA,4
GTCTGTCAGCTAACGA,4
GTCTGTCAGCTCGGTA,4
GTCTGTCAGGAGAACA,4
GTCTGTCAGGTGCGAA,4
GTCTGTCAGTACGCAA,4
GTCTGTCAGTCGTAGA,4
GTCTGTCAGTCTGTCA,4
GTCTGTCAGTGTTCTA,4
GTCTGTCAACATTGGC,3
GTCTGTCATAGGATGA,4
GTCTGTCATATCAGCA,4
GTCTGTCATCCGTCTA,4
GTCTGTCATCTTCACA,4
GTCTGTCATGAAGAGA,4
GTCTGTCATGGAACAA,4
GTCTGTCATGGCTTCA,4
GTCTGTCATGGTGGTA,4
GTCTGTCATTCACGCA,4
GTCTGTCAAACTCACC,4
GTCTGTCACAGATCTG,3
GTCTGTCAAAGAGATC,4
GTCTGTCAAAGGACAC,8
GTCTGTCAAATCCGTC,4
GTCTGTCAAATGTTGC,8
GTCTGTCAACACGACC,8
GTCTGTCAACAGATTC,4
GTCTGTCAAGATGTAC,4
GTCTGTCAAGCACCTC,4
GTCTGTCAAGCCATGC,4
GTCTGTCAAGGCTAAC,4
GTCTGTCACATCAAGT,3
GTCTGTCAATAGCGAC,1
GTCTGTCAATCATTCC,1
GTCTGTCAATTGGCTC,1
GTCTGTCACAAGGAGC,1
GTCTGTCACACCTTAC,1
GTCTGTCACCATCCTC,1
GTCTGTCACCGACAAC,8
GTCTGTCACCTAATCC,8
GTCTGTCACCTCTATC,8
GTCTGTCACGACACAC,8
GTCTGTCACGCTGATC,3
GTCTGTCACGGATTGC,8
GTCTGTCACTAAGGTC,8
GTCTGTCAGAACAGGC,8
GTCTGTCAGACAGTGC,8
GTCTGTCAGAGTTAGC,8
GTCTGTCAGATGAATC,8
GTCTGTCAGCCAAGAC,8
GTCTGTCACGGAAGAA,8
GTCTGTCAGTGACAAG,8
GTCTGTCAGAACCAGA,8
GTCGTAGAAACGTGAT,7
GTCGTAGAACAAGCTA,3
GTCGTAGATTGCTGGA,8
GTCGTAGACTGTAGCC,3
GTCGTAGAAGTACAAG,3
GTCGTAGAAACAACCA,3
GTCGTAGAAACCGAGA,3
GTCGTAGAAACGCTTA,1
GTCGTAGAAAGACGGA,1
GTCGTAGAAAGGTACA,1
GTCGTAGAACACAGAA,1
GTCGTAGAACAGCAGA,1
GTCGTAGAAAACATCG,7
GTCGTAGAACCTCCAA,1
GTCGTAGAACGCTCGA,1
GTCGTAGAACGTATCA,6
GTCGTAGAACTATGCA,6
GTCGTAGAAGAGTCAA,6
GTCGTAGAAGATCGCA,6
GTCGTAGAAGCAGGAA,6
GTCGTAGAAGTCACTA,6
GTCGTAGAATCCTGTA,6
GTCGTAGAATTGAGGA,6
GTCGTAGAATGCCTAA,7
GTCGTAGACAACCACA,6
GTCGTAGAGACTAGTA,6
GTCGTAGACAATGGAA,6
GTCGTAGACACTTCGA,6
GTCGTAGACAGCGTTA,6
GTCGTAGACATACCAA,8
GTCGTAGACCAGTTCA,8
GTCGTAGACCGAAGTA,8
GTCGTAGACCGTGAGA,8
GTCGTAGACCTCCTGA,4
GTCGTAGAAGTGGTCA,7
GTCGTAGACGAACTTA,4
GTCGTAGACGACTGGA,4
GTCGTAGACGCATACA,4
GTCGTAGACTCAATGA,4
GTCGTAGACTGAGCCA,4
GTCGTAGACTGGCATA,4
GTCGTAGAGAATCTGA,4
GTCGTAGACAAGACTA,4
GTCGTAGAGAGCTGAA,4
GTCGTAGAGATAGACA,4
GTCGTAGAACCACTGT,7
GTCGTAGAGCCACATA,4
GTCGTAGAGCGAGTAA,4
GTCGTAGAGCTAACGA,4
GTCGTAGAGCTCGGTA,4
GTCGTAGAGGAGAACA,4
GTCGTAGAGGTGCGAA,8
GTCGTAGAGTACGCAA,8
GTCGTAGAGTCGTAGA,4
GTCGTAGAGTCTGTCA,4
GTCGTAGAGTGTTCTA,4
GTCGTAGAACATTGGC,7
GTCGTAGATAGGATGA,4
GTCGTAGATATCAGCA,4
GTCGTAGATCCGTCTA,4
GTCGTAGATCTTCACA,4
GTCGTAGATGAAGAGA,4
GTCGTAGATGGAACAA,4
GTCGTAGATGGCTTCA,4
GTCGTAGATGGTGGTA,4
GTCGTAGATTCACGCA,4
GTCGTAGAAACTCACC,4
GTCGTAGACAGATCTG,3
GTCGTAGAAAGAGATC,4
GTCGTAGAAAGGACAC,4
GTCGTAGAAATCCGTC,8
GTCGTAGAAATGTTGC,4
GTCGTAGAACACGACC,4
GTCGTAGAACAGATTC,8
GTCGTAGAAGATGTAC,8
GTCGTAGAAGCACCTC,4
GTCGTAGAAGCCATGC,4
GTCGTAGAAGGCTAAC,2
GTCGTAGACATCAAGT,3
GTCGTAGAATAGCGAC,1
GTCGTAGAATCATTCC,1
GTCGTAGAATTGGCTC,1
GTCGTAGACAAGGAGC,1
GTCGTAGACACCTTAC,1
GTCGTAGACCATCCTC,1
GTCGTAGACCGACAAC,1
GTCGTAGACCTAATCC,8
GTCGTAGACCTCTATC,8
GTCGTAGACGACACAC,8
GTCGTAGACGCTGATC,3
GTCGTAGACGGATTGC,8
GTCGTAGACTAAGGTC,8
GTCGTAGAGAACAGGC,8
GTCGTAGAGACAGTGC,8
GTCGTAGAGAGTTAGC,8
GTCGTAGAGATGAATC,8
GTCGTAGAGCCAAGAC,8
GTCGTAGACGGAAGAA,8
GTCGTAGAGTGACAAG,8
GTCGTAGAGAACCAGA,8
GTACGCAAAACGTGAT,7
GTACGCAAACAAGCTA,3
GTACGCAATTGCTGGA,8
GTACGCAACTGTAGCC,3
GTACGCAAAGTACAAG,3
GTACGCAAAACAACCA,3
GTACGCAAAACCGAGA,3
GTACGCAAAACGCTTA,1
GTACGCAAAAGACGGA,1
GTACGCAAAAGGTACA,1
GTACGCAAACACAGAA,1
GTACGCAAACAGCAGA,1
GTACGCAAAAACATCG,7
GTACGCAAACCTCCAA,1
GTACGCAAACGCTCGA,6
GTACGCAAACGTATCA,6
GTACGCAAACTATGCA,6
GTACGCAAAGAGTCAA,6
GTACGCAAAGATCGCA,6
GTACGCAAAGCAGGAA,6
GTACGCAAAGTCACTA,6
GTACGCAAATCCTGTA,6
GTACGCAAATTGAGGA,6
GTACGCAAATGCCTAA,7
GTACGCAACAACCACA,6
GTACGCAAGACTAGTA,1
GTACGCAACAATGGAA,6
GTACGCAACACTTCGA,1
GTACGCAACAGCGTTA,8
GTACGCAACATACCAA,8
GTACGCAACCAGTTCA,8
GTACGCAACCGAAGTA,4
GTACGCAACCGTGAGA,4
GTACGCAACCTCCTGA,4
GTACGCAAAGTGGTCA,7
GTACGCAACGAACTTA,4
GTACGCAACGACTGGA,4
GTACGCAACGCATACA,4
GTACGCAACTCAATGA,4
GTACGCAACTGAGCCA,4
GTACGCAACTGGCATA,4
GTACGCAAGAATCTGA,4
GTACGCAACAAGACTA,4
GTACGCAAGAGCTGAA,4
GTACGCAAGATAGACA,4
GTACGCAAACCACTGT,7
GTACGCAAGCCACATA,4
GTACGCAAGCGAGTAA,4
GTACGCAAGCTAACGA,4
GTACGCAAGCTCGGTA,4
GTACGCAAGGAGAACA,4
GTACGCAAGGTGCGAA,8
GTACGCAAGTACGCAA,4
GTACGCAAGTCGTAGA,4
GTACGCAAGTCTGTCA,4
GTACGCAAGTGTTCTA,4
GTACGCAAACATTGGC,7
GTACGCAATAGGATGA,4
GTACGCAATATCAGCA,4
GTACGCAATCCGTCTA,4
GTACGCAATCTTCACA,4
GTACGCAATGAAGAGA,4
GTACGCAATGGAACAA,4
GTACGCAATGGCTTCA,8
GTACGCAATGGTGGTA,4
GTACGCAATTCACGCA,4
GTACGCAAAACTCACC,4
GTACGCAACAGATCTG,3
GTACGCAAAAGAGATC,4
GTACGCAAAAGGACAC,4
GTACGCAAAATCCGTC,8
GTACGCAAAATGTTGC,4
GTACGCAAACACGACC,4
GTACGCAAACAGATTC,8
GTACGCAAAGATGTAC,8
GTACGCAAAGCACCTC,4
GTACGCAAAGCCATGC,4
GTACGCAAAGGCTAAC,4
GTACGCAACATCAAGT,3
GTACGCAAATAGCGAC,1
GTACGCAAATCATTCC,1
GTACGCAAATTGGCTC,1
GTACGCAACAAGGAGC,1
GTACGCAACACCTTAC,1
GTACGCAACCATCCTC,1
GTACGCAACCGACAAC,9
GTACGCAACCTAATCC,9
GTACGCAACCTCTATC,9
GTACGCAACGACACAC,8
GTACGCAACGCTGATC,3
GTACGCAACGGATTGC,8
GTACGCAACTAAGGTC,8
GTACGCAAGAACAGGC,8
GTACGCAAGACAGTGC,8
GTACGCAAGAGTTAGC,8
GTACGCAAGATGAATC,8
GTACGCAAGCCAAGAC,8
GTACGCAACGGAAGAA,8
GTACGCAAGTGACAAG,8
GTACGCAAGAACCAGA,8
GGTGCGAAAACGTGAT,7
GGTGCGAAACAAGCTA,3
GGTGCGAATTGCTGGA,8
GGTGCGAACTGTAGCC,3
GGTGCGAAAGTACAAG,3
GGTGCGAAAACAACCA,3
GGTGCGAAAACCGAGA,1
GGTGCGAAAACGCTTA,1
GGTGCGAAAAGACGGA,1
GGTGCGAAAAGGTACA,1
GGTGCGAAACACAGAA,1
GGTGCGAAACAGCAGA,6
GGTGCGAAAAACATCG,7
GGTGCGAAACCTCCAA,1
GGTGCGAAACGCTCGA,6
GGTGCGAAACGTATCA,6
GGTGCGAAACTATGCA,6
GGTGCGAAAGAGTCAA,6
GGTGCGAAAGATCGCA,6
GGTGCGAAAGCAGGAA,6
GGTGCGAAAGTCACTA,6
GGTGCGAAATCCTGTA,6
GGTGCGAAATTGAGGA,6
GGTGCGAAATGCCTAA,7
GGTGCGAACAACCACA,6
GGTGCGAAGACTAGTA,1
GGTGCGAACAATGGAA,6
GGTGCGAACACTTCGA,6
GGTGCGAACAGCGTTA,8
GGTGCGAACATACCAA,8
GGTGCGAACCAGTTCA,8
GGTGCGAACCGAAGTA,4
GGTGCGAACCGTGAGA,4
GGTGCGAACCTCCTGA,4
GGTGCGAAAGTGGTCA,7
GGTGCGAACGAACTTA,4
GGTGCGAACGACTGGA,4
GGTGCGAACGCATACA,4
GGTGCGAACTCAATGA,4
GGTGCGAACTGAGCCA,4
GGTGCGAACTGGCATA,4
GGTGCGAAGAATCTGA,4
GGTGCGAACAAGACTA,8
GGTGCGAAGAGCTGAA,4
GGTGCGAAGATAGACA,4
GGTGCGAAACCACTGT,7
GGTGCGAAGCCACATA,4
GGTGCGAAGCGAGTAA,4
GGTGCGAAGCTAACGA,4
GGTGCGAAGCTCGGTA,4
GGTGCGAAGGAGAACA,4
GGTGCGAAGGTGCGAA,4
GGTGCGAAGTACGCAA,4
GGTGCGAAGTCGTAGA,4
GGTGCGAAGTCTGTCA,4
GGTGCGAAGTGTTCTA,4
GGTGCGAAACATTGGC,3
GGTGCGAATAGGATGA,4
GGTGCGAATATCAGCA,4
GGTGCGAATCCGTCTA,4
GGTGCGAATCTTCACA,4
GGTGCGAATGAAGAGA,4
GGTGCGAATGGAACAA,4
GGTGCGAATGGCTTCA,4
GGTGCGAATGGTGGTA,4
GGTGCGAATTCACGCA,4
GGTGCGAAAACTCACC,4
GGTGCGAACAGATCTG,3
GGTGCGAAAAGAGATC,4
GGTGCGAAAAGGACAC,4
GGTGCGAAAATCCGTC,4
GGTGCGAAAATGTTGC,4
GGTGCGAAACACGACC,8
GGTGCGAAACAGATTC,8
GGTGCGAAAGATGTAC,1
GGTGCGAAAGCACCTC,4
GGTGCGAAAGCCATGC,4
GGTGCGAAAGGCTAAC,4
GGTGCGAACATCAAGT,3
GGTGCGAAATAGCGAC,4
GGTGCGAAATCATTCC,1
GGTGCGAAATTGGCTC,1
GGTGCGAACAAGGAGC,1
GGTGCGAACACCTTAC,1
GGTGCGAACCATCCTC,9
GGTGCGAACCGACAAC,9
GGTGCGAACCTAATCC,9
GGTGCGAACCTCTATC,8
GGTGCGAACGACACAC,9
GGTGCGAACGCTGATC,3
GGTGCGAACGGATTGC,8
GGTGCGAACTAAGGTC,8
GGTGCGAAGAACAGGC,8
GGTGCGAAGACAGTGC,8
GGTGCGAAGAGTTAGC,8
GGTGCGAAGATGAATC,8
GGTGCGAAGCCAAGAC,8
GGTGCGAACGGAAGAA,8
GGTGCGAAGTGACAAG,8
GGTGCGAAGAACCAGA,8
GGAGAACAAACGTGAT,7
GGAGAACAACAAGCTA,3
GGAGAACATTGCTGGA,8
GGAGAACACTGTAGCC,3
GGAGAACAAGTACAAG,3
GGAGAACAAACAACCA,3
GGAGAACAAACCGAGA,3
GGAGAACAAACGCTTA,3
GGAGAACAAAGACGGA,1
GGAGAACAAAGGTACA,1
GGAGAACAACACAGAA,1
GGAGAACAACAGCAGA,1
GGAGAACAAAACATCG,7
GGAGAACAACCTCCAA,1
GGAGAACAACGCTCGA,1
GGAGAACAACGTATCA,1
GGAGAACAACTATGCA,6
GGAGAACAAGAGTCAA,6
GGAGAACAAGATCGCA,6
GGAGAACAAGCAGGAA,6
GGAGAACAAGTCACTA,6
GGAGAACAATCCTGTA,6
GGAGAACAATTGAGGA,6
GGAGAACAATGCCTAA,7
GGAGAACACAACCACA,6
GGAGAACAGACTAGTA,6
GGAGAACACAATGGAA,1
GGAGAACACACTTCGA,8
GGAGAACACAGCGTTA,8
GGAGAACACATACCAA,8
GGAGAACACCAGTTCA,8
GGAGAACACCGAAGTA,4
GGAGAACACCGTGAGA,4
GGAGAACACCTCCTGA,4
GGAGAACAAGTGGTCA,7
GGAGAACACGAACTTA,4
GGAGAACACGACTGGA,4
GGAGAACACGCATACA,4
GGAGAACACTCAATGA,4
GGAGAACACTGAGCCA,4
GGAGAACACTGGCATA,4
GGAGAACAGAATCTGA,4
GGAGAACACAAGACTA,8
GGAGAACAGAGCTGAA,4
GGAGAACAGATAGACA,4
GGAGAACAACCACTGT,7
GGAGAACAGCCACATA,4
GGAGAACAGCGAGTAA,4
GGAGAACAGCTAACGA,4
GGAGAACAGCTCGGTA,4
GGAGAACAGGAGAACA,4
GGAGAACAGGTGCGAA,4
GGAGAACAGTACGCAA,4
GGAGAACAGTCGTAGA,4
GGAGAACAGTCTGTCA,4
GGAGAACAGTGTTCTA,4
GGAGAACAACATTGGC,3
GGAGAACATAGGATGA,4
GGAGAACATATCAGCA,4
GGAGAACATCCGTCTA,4
GGAGAACATCTTCACA,4
GGAGAACATGAAGAGA,4
GGAGAACATGGAACAA,4
GGAGAACATGGCTTCA,4
GGAGAACATGGTGGTA,4
GGAGAACATTCACGCA,4
GGAGAACAAACTCACC,4
GGAGAACACAGATCTG,3
GGAGAACAAAGAGATC,4
GGAGAACAAAGGACAC,4
GGAGAACAAATCCGTC,4
GGAGAACAAATGTTGC,4
GGAGAACAACACGACC,4
GGAGAACAACAGATTC,8
GGAGAACAAGATGTAC,4
GGAGAACAAGCACCTC,4
GGAGAACAAGCCATGC,4
GGAGAACAAGGCTAAC,4
GGAGAACACATCAAGT,3
GGAGAACAATAGCGAC,1
GGAGAACAATCATTCC,1
GGAGAACAATTGGCTC,1
GGAGAACACAAGGAGC,1
GGAGAACACACCTTAC,9
GGAGAACACCATCCTC,9
GGAGAACACCGACAAC,9
GGAGAACACCTAATCC,9
GGAGAACACCTCTATC,9
GGAGAACACGACACAC,9
GGAGAACACGCTGATC,3
GGAGAACACGGATTGC,1
GGAGAACACTAAGGTC,9
GGAGAACAGAACAGGC,9
GGAGAACAGACAGTGC,9
GGAGAACAGAGTTAGC,9
GGAGAACAGATGAATC,9
GGAGAACAGCCAAGAC,9
GGAGAACACGGAAGAA,8
GGAGAACAGTGACAAG,8
GGAGAACAGAACCAGA,8
GCTCGGTAAACGTGAT,7
GCTCGGTAACAAGCTA,3
GCTCGGTATTGCTGGA,9
GCTCGGTACTGTAGCC,3
GCTCGGTAAGTACAAG,3
GCTCGGTAAACAACCA,3
GCTCGGTAAACCGAGA,1
GCTCGGTAAACGCTTA,1
GCTCGGTAAAGACGGA,1
GCTCGGTAAAGGTACA,1
GCTCGGTAACACAGAA,1
GCTCGGTAACAGCAGA,1
GCTCGGTAAAACATCG,7
GCTCGGTAACCTCCAA,1
GCTCGGTAACGCTCGA,1
GCTCGGTAACGTATCA,6
GCTCGGTAACTATGCA,6
GCTCGGTAAGAGTCAA,6
GCTCGGTAAGATCGCA,6
GCTCGGTAAGCAGGAA,6
GCTCGGTAAGTCACTA,6
GCTCGGTAATCCTGTA,6
GCTCGGTAATTGAGGA,6
GCTCGGTAATGCCTAA,7
GCTCGGTACAACCACA,6
GCTCGGTAGACTAGTA,1
GCTCGGTACAATGGAA,1
GCTCGGTACACTTCGA,8
GCTCGGTACAGCGTTA,8
GCTCGGTACATACCAA,8
GCTCGGTACCAGTTCA,4
GCTCGGTACCGAAGTA,4
GCTCGGTACCGTGAGA,4
GCTCGGTACCTCCTGA,4
GCTCGGTAAGTGGTCA,7
GCTCGGTACGAACTTA,4
GCTCGGTACGACTGGA,4
GCTCGGTACGCATACA,4
GCTCGGTACTCAATGA,4
GCTCGGTACTGAGCCA,4
GCTCGGTACTGGCATA,4
GCTCGGTAGAATCTGA,4
GCTCGGTACAAGACTA,4
GCTCGGTAGAGCTGAA,4
GCTCGGTAGATAGACA,4
GCTCGGTAACCACTGT,7
GCTCGGTAGCCACATA,4
GCTCGGTAGCGAGTAA,4
GCTCGGTAGCTAACGA,4
GCTCGGTAGCTCGGTA,4
GCTCGGTAGGAGAACA,4
GCTCGGTAGGTGCGAA,4
GCTCGGTAGTACGCAA,4
GCTCGGTAGTCGTAGA,4
GCTCGGTAGTCTGTCA,4
GCTCGGTAGTGTTCTA,4
GCTCGGTAACATTGGC,3
GCTCGGTATAGGATGA,4
GCTCGGTATATCAGCA,4
GCTCGGTATCCGTCTA,4
GCTCGGTATCTTCACA,4
GCTCGGTATGAAGAGA,4
GCTCGGTATGGAACAA,4
GCTCGGTATGGCTTCA,4
GCTCGGTATGGTGGTA,4
GCTCGGTATTCACGCA,4
GCTCGGTAAACTCACC,4
GCTCGGTACAGATCTG,3
GCTCGGTAAAGAGATC,4
GCTCGGTAAAGGACAC,4
GCTCGGTAAATCCGTC,4
GCTCGGTAAATGTTGC,4
GCTCGGTAACACGACC,4
GCTCGGTAACAGATTC,4
GCTCGGTAAGATGTAC,4
GCTCGGTAAGCACCTC,4
GCTCGGTAAGCCATGC,4
GCTCGGTAAGGCTAAC,4
GCTCGGTACATCAAGT,3
GCTCGGTAATAGCGAC,1
GCTCGGTAATCATTCC,1
GCTCGGTAATTGGCTC,1
GCTCGGTACAAGGAGC,1
GCTCGGTACACCTTAC,9
GCTCGGTACCATCCTC,9
GCTCGGTACCGACAAC,9
GCTCGGTACCTAATCC,9
GCTCGGTACCTCTATC,9
GCTCGGTACGACACAC,9
GCTCGGTACGCTGATC,3
GCTCGGTACGGATTGC,9
GCTCGGTACTAAGGTC,9
GCTCGGTAGAACAGGC,9
GCTCGGTAGACAGTGC,9
GCTCGGTAGAGTTAGC,9
GCTCGGTAGATGAATC,9
GCTCGGTAGCCAAGAC,9
GCTCGGTACGGAAGAA,9
GCTCGGTAGTGACAAG,9
GCTCGGTAGAACCAGA,9
GCTAACGAAACGTGAT,7
GCTAACGAACAAGCTA,3
GCTAACGATTGCTGGA,9
GCTAACGACTGTAGCC,3
GCTAACGAAGTACAAG,3
GCTAACGAAACAACCA,3
GCTAACGAAACCGAGA,1
GCTAACGAAACGCTTA,1
GCTAACGAAAGACGGA,1
GCTAACGAAAGGTACA,1
GCTAACGAACACAGAA,1
GCTAACGAACAGCAGA,1
GCTAACGAAAACATCG,7
GCTAACGAACCTCCAA,1
GCTAACGAACGCTCGA,6
GCTAACGAACGTATCA,1
GCTAACGAACTATGCA,6
GCTAACGAAGAGTCAA,6
GCTAACGAAGATCGCA,6
GCTAACGAAGCAGGAA,6
GCTAACGAAGTCACTA,6
GCTAACGAATCCTGTA,6
GCTAACGAATTGAGGA,6
GCTAACGAATGCCTAA,7
GCTAACGACAACCACA,6
GCTAACGAGACTAGTA,1
GCTAACGACAATGGAA,8
GCTAACGACACTTCGA,8
GCTAACGACAGCGTTA,8
GCTAACGACATACCAA,8
GCTAACGACCAGTTCA,4
GCTAACGACCGAAGTA,4
GCTAACGACCGTGAGA,4
GCTAACGACCTCCTGA,4
GCTAACGAAGTGGTCA,7
GCTAACGACGAACTTA,4
GCTAACGACGACTGGA,4
GCTAACGACGCATACA,4
GCTAACGACTCAATGA,4
GCTAACGACTGAGCCA,4
GCTAACGACTGGCATA,4
GCTAACGAGAATCTGA,4
GCTAACGACAAGACTA,4
GCTAACGAGAGCTGAA,4
GCTAACGAGATAGACA,4
GCTAACGAACCACTGT,7
GCTAACGAGCCACATA,4
GCTAACGAGCGAGTAA,4
GCTAACGAGCTAACGA,4
GCTAACGAGCTCGGTA,4
GCTAACGAGGAGAACA,4
GCTAACGAGGTGCGAA,4
GCTAACGAGTACGCAA,4
GCTAACGAGTCGTAGA,4
GCTAACGAGTCTGTCA,4
GCTAACGAGTGTTCTA,4
GCTAACGAACATTGGC,7
GCTAACGATAGGATGA,4
GCTAACGATATCAGCA,4
GCTAACGATCCGTCTA,4
GCTAACGATCTTCACA,4
GCTAACGATGAAGAGA,4
GCTAACGATGGAACAA,4
GCTAACGATGGCTTCA,4
GCTAACGATGGTGGTA,4
GCTAACGATTCACGCA,4
GCTAACGAAACTCACC,4
GCTAACGACAGATCTG,3
GCTAACGAAAGAGATC,4
GCTAACGAAAGGACAC,4
GCTAACGAAATCCGTC,4
GCTAACGAAATGTTGC,4
GCTAACGAACACGACC,4
GCTAACGAACAGATTC,4
GCTAACGAAGATGTAC,4
GCTAACGAAGCACCTC,4
GCTAACGAAGCCATGC,4
GCTAACGAAGGCTAAC,4
GCTAACGACATCAAGT,3
GCTAACGAATAGCGAC,1
GCTAACGAATCATTCC,1
GCTAACGAATTGGCTC,1
GCTAACGACAAGGAGC,1
GCTAACGACACCTTAC,9
GCTAACGACCATCCTC,9
GCTAACGACCGACAAC,9
GCTAACGACCTAATCC,9
GCTAACGACCTCTATC,9
GCTAACGACGACACAC,9
GCTAACGACGCTGATC,3
GCTAACGACGGATTGC,9
GCTAACGACTAAGGTC,9
GCTAACGAGAACAGGC,9
GCTAACGAGACAGTGC,9
GCTAACGAGAGTTAGC,9
GCTAACGAGATGAATC,9
GCTAACGAGCCAAGAC,9
GCTAACGACGGAAGAA,9
GCTAACGAGTGACAAG,9
GCTAACGAGAACCAGA,9
CGGAAGAATTGCTGGA,1
CGGAAGAAAGAGTCAA,1
CGGAAGAAAGATCGCA,1
CGGAAGAAAGCAGGAA,1
CGGAAGAAAGTCACTA,1
CGGAAGAAATCCTGTA,1
CGGAAGAAATTGAGGA,1
CGGAAGAACAACCACA,1
CGGAAGAAGACTAGTA,7
CGGAAGAACAATGGAA,7
CGGAAGAACACTTCGA,7
CGGAAGAACAGCGTTA,7
CGGAAGAACATACCAA,7
CGGAAGAACCAGTTCA,7
CGGAAGAACCGAAGTA,7
CGGAAGAACCGTGAGA,7
CGGAAGAACCTCCTGA,7
CGGAAGAACGAACTTA,7
CGGAAGAACGACTGGA,7
CGGAAGAACGCATACA,7
CGGAAGAACTCAATGA,7
CGGAAGAACTGAGCCA,7
CGGAAGAACTGGCATA,7
CGGAAGAAGAATCTGA,7
CGGAAGAACAAGACTA,3
CGGAAGAAGAGCTGAA,3
CGGAAGAAGATAGACA,3
CGGAAGAAGCCACATA,3
CGGAAGAAGCGAGTAA,1
CGGAAGAAGCTAACGA,3
CGGAAGAAGCTCGGTA,1
CGGAAGAAGGAGAACA,1
CGGAAGAAGGTGCGAA,1
CGGAAGAAGTACGCAA,1
CGGAAGAAGTCGTAGA,1
CGGAAGAAGTCTGTCA,1
CGGAAGAAGTGTTCTA,1
CGGAAGAATAGGATGA,1
CGGAAGAATATCAGCA,1
CGGAAGAATCCGTCTA,1
CGGAAGAATCTTCACA,1
CGGAAGAATGAAGAGA,1
CGGAAGAATGGAACAA,1
CGGAAGAATGGCTTCA,1
CGGAAGAATGGTGGTA,1
CGGAAGAATTCACGCA,6
CGGAAGAAAACTCACC,1
CGGAAGAAAAGAGATC,1
CGGAAGAAAAGGACAC,1
CGGAAGAAAATCCGTC,6
CGGAAGAAAATGTTGC,1
CGGAAGAAACACGACC,6
CGGAAGAAACAGATTC,8
CGGAAGAAAGATGTAC,6
CGGAAGAAAGCACCTC,6
CGGAAGAAAGCCATGC,6
CGGAAGAAAGGCTAAC,1
CGGAAGAAATAGCGAC,1
CGGAAGAAATCATTCC,1
CGGAAGAAATTGGCTC,1
CGGAAGAACAAGGAGC,1
CGGAAGAACACCTTAC,1
CGGAAGAACCATCCTC,1
CGGAAGAACCGACAAC,1
CGGAAGAACCTAATCC,1
CGGAAGAACCTCTATC,1
CGGAAGAACGACACAC,3
CGGAAGAACGGATTGC,7
CGGAAGAACTAAGGTC,7
CGGAAGAAGAACAGGC,7
CGGAAGAAGACAGTGC,7
CGGAAGAAGAGTTAGC,7
CGGAAGAAGATGAATC,1
CGGAAGAAGCCAAGAC,1
CGGAAGAACGGAAGAA,1
CGGAAGAAGTGACAAG,1
CGGAAGAAGAACCAGA,1
GCGAGTAAAACGTGAT,7
GCGAGTAAACAAGCTA,3
GCGAGTAATTGCTGGA,9
GCGAGTAACTGTAGCC,3
GCGAGTAAAGTACAAG,1
GCGAGTAAAACAACCA,8
GCGAGTAAAACCGAGA,1
GCGAGTAAAACGCTTA,1
GCGAGTAAAAGACGGA,1
GCGAGTAAAAGGTACA,1
GCGAGTAAACACAGAA,1
GCGAGTAAACAGCAGA,1
GCGAGTAAAAACATCG,7
GCGAGTAAACCTCCAA,1
GCGAGTAAACGCTCGA,6
GCGAGTAAACGTATCA,6
GCGAGTAAACTATGCA,6
GCGAGTAAAGAGTCAA,6
GCGAGTAAAGATCGCA,6
GCGAGTAAAGCAGGAA,6
GCGAGTAAAGTCACTA,6
GCGAGTAAATCCTGTA,6
GCGAGTAAATTGAGGA,6
GCGAGTAAATGCCTAA,7
GCGAGTAACAACCACA,6
GCGAGTAAGACTAGTA,1
GCGAGTAACAATGGAA,8
GCGAGTAACACTTCGA,8
GCGAGTAACAGCGTTA,8
GCGAGTAACATACCAA,4
GCGAGTAACCAGTTCA,4
GCGAGTAACCGAAGTA,4
GCGAGTAACCGTGAGA,4
GCGAGTAACCTCCTGA,4
GCGAGTAAAGTGGTCA,7
GCGAGTAACGAACTTA,4
GCGAGTAACGACTGGA,4
GCGAGTAACGCATACA,4
GCGAGTAACTCAATGA,4
GCGAGTAACTGAGCCA,4
GCGAGTAACTGGCATA,4
GCGAGTAAGAATCTGA,4
GCGAGTAACAAGACTA,4
GCGAGTAAGAGCTGAA,4
GCGAGTAAGATAGACA,4
GCGAGTAAACCACTGT,7
GCGAGTAAGCCACATA,4
GCGAGTAAGCGAGTAA,4
GCGAGTAAGCTAACGA,4
GCGAGTAAGCTCGGTA,4
GCGAGTAAGGAGAACA,4
GCGAGTAAGGTGCGAA,4
GCGAGTAAGTACGCAA,4
GCGAGTAAGTCGTAGA,4
GCGAGTAAGTCTGTCA,4
GCGAGTAAGTGTTCTA,4
GCGAGTAAACATTGGC,3
GCGAGTAATAGGATGA,4
GCGAGTAATATCAGCA,8
GCGAGTAATCCGTCTA,4
GCGAGTAATCTTCACA,4
GCGAGTAATGAAGAGA,4
GCGAGTAATGGAACAA,4
GCGAGTAATGGCTTCA,4
GCGAGTAATGGTGGTA,4
GCGAGTAATTCACGCA,4
GCGAGTAAAACTCACC,8
GCGAGTAACAGATCTG,3
GCGAGTAAAAGAGATC,4
GCGAGTAAAAGGACAC,4
GCGAGTAAAATCCGTC,4
GCGAGTAAAATGTTGC,4
GCGAGTAAACACGACC,8
GCGAGTAAACAGATTC,8
GCGAGTAAAGATGTAC,4
GCGAGTAAAGCACCTC,4
GCGAGTAAAGCCATGC,4
GCGAGTAAAGGCTAAC,4
GCGAGTAACATCAAGT,3
GCGAGTAAATAGCGAC,1
GCGAGTAAATCATTCC,1
GCGAGTAAATTGGCTC,1
GCGAGTAACAAGGAGC,1
GCGAGTAACACCTTAC,9
GCGAGTAACCATCCTC,9
GCGAGTAACCGACAAC,9
GCGAGTAACCTAATCC,9
GCGAGTAACCTCTATC,9
GCGAGTAACGACACAC,9
GCGAGTAACGCTGATC,3
GCGAGTAACGGATTGC,9
GCGAGTAACTAAGGTC,9
GCGAGTAAGAACAGGC,9
GCGAGTAAGACAGTGC,9
GCGAGTAAGAGTTAGC,9
GCGAGTAAGATGAATC,9
GCGAGTAAGCCAAGAC,9
GCGAGTAACGGAAGAA,9
GCGAGTAAGTGACAAG,9
GCGAGTAAGAACCAGA,9
GCCACATAAACGTGAT,7
GCCACATAACAAGCTA,3
GCCACATATTGCTGGA,9
GCCACATACTGTAGCC,3
GCCACATAAGTACAAG,3
GCCACATAAACAACCA,1
GCCACATAAACCGAGA,1
GCCACATAAACGCTTA,1
GCCACATAAAGACGGA,1
GCCACATAAAGGTACA,1
GCCACATAACACAGAA,1
GCCACATAACAGCAGA,1
GCCACATAAAACATCG,7
GCCACATAACCTCCAA,1
GCCACATAACGCTCGA,6
GCCACATAACGTATCA,6
GCCACATAACTATGCA,6
GCCACATAAGAGTCAA,6
GCCACATAAGATCGCA,6
GCCACATAAGCAGGAA,6
GCCACATAAGTCACTA,6
GCCACATAATCCTGTA,6
GCCACATAATTGAGGA,6
GCCACATAATGCCTAA,7
GCCACATACAACCACA,6
GCCACATAGACTAGTA,1
GCCACATACAATGGAA,8
GCCACATACACTTCGA,8
GCCACATACAGCGTTA,8
GCCACATACATACCAA,4
GCCACATACCAGTTCA,4
GCCACATACCGAAGTA,4
GCCACATACCGTGAGA,4
GCCACATACCTCCTGA,4
GCCACATAAGTGGTCA,7
GCCACATACGAACTTA,4
GCCACATACGACTGGA,4
GCCACATACGCATACA,4
GCCACATACTCAATGA,4
GCCACATACTGAGCCA,4
GCCACATACTGGCATA,4
GCCACATAGAATCTGA,4
GCCACATACAAGACTA,4
GCCACATAGAGCTGAA,4
GCCACATAGATAGACA,4
GCCACATAACCACTGT,7
GCCACATAGCCACATA,4
GCCACATAGCGAGTAA,4
GCCACATAGCTAACGA,4
GCCACATAGCTCGGTA,4
GCCACATAGGAGAACA,4
GCCACATAGGTGCGAA,4
GCCACATAGTACGCAA,4
GCCACATAGTCGTAGA,4
GCCACATAGTCTGTCA,4
GCCACATAGTGTTCTA,4
GCCACATAACATTGGC,7
GCCACATATAGGATGA,4
GCCACATATATCAGCA,4
GCCACATATCCGTCTA,4
GCCACATATCTTCACA,4
GCCACATATGAAGAGA,4
GCCACATATGGAACAA,4
GCCACATATGGCTTCA,4
GCCACATATGGTGGTA,4
GCCACATATTCACGCA,4
GCCACATAAACTCACC,8
GCCACATACAGATCTG,3
GCCACATAAAGAGATC,4
GCCACATAAAGGACAC,4
GCCACATAAATCCGTC,4
GCCACATAAATGTTGC,8
GCCACATAACACGACC,8
GCCACATAACAGATTC,4
GCCACATAAGATGTAC,4
GCCACATAAGCACCTC,4
GCCACATAAGCCATGC,4
GCCACATAAGGCTAAC,1
GCCACATACATCAAGT,3
GCCACATAATAGCGAC,1
GCCACATAATCATTCC,1
GCCACATAATTGGCTC,1
GCCACATACAAGGAGC,1
GCCACATACACCTTAC,9
GCCACATACCATCCTC,9
GCCACATACCGACAAC,9
GCCACATACCTAATCC,9
GCCACATACCTCTATC,9
GCCACATACGACACAC,9
GCCACATACGCTGATC,3
GCCACATACGGATTGC,9
GCCACATACTAAGGTC,9
GCCACATAGAACAGGC,9
GCCACATAGACAGTGC,9
GCCACATAGAGTTAGC,9
GCCACATAGATGAATC,9
GCCACATAGCCAAGAC,9
GCCACATACGGAAGAA,9
GCCACATAGTGACAAG,9
GCCACATAGAACCAGA,9
GATAGACAAACGTGAT,7
GATAGACAACAAGCTA,3
GATAGACATTGCTGGA,9
GATAGACACTGTAGCC,3
GATAGACAAGTACAAG,3
GATAGACAAACAACCA,1
GATAGACAAACCGAGA,1
GATAGACAAACGCTTA,1
GATAGACAAAGACGGA,1
GATAGACAAAGGTACA,1
GATAGACAACACAGAA,1
GATAGACAACAGCAGA,1
GATAGACAAAACATCG,7
GATAGACAACCTCCAA,6
GATAGACAACGCTCGA,6
GATAGACAACGTATCA,6
GATAGACAACTATGCA,6
GATAGACAAGAGTCAA,6
GATAGACAAGATCGCA,6
GATAGACAAGCAGGAA,6
GATAGACAAGTCACTA,6
GATAGACAATCCTGTA,6
GATAGACAATTGAGGA,6
GATAGACAATGCCTAA,7
GATAGACACAACCACA,6
GATAGACAGACTAGTA,8
GATAGACACAATGGAA,8
GATAGACACACTTCGA,8
GATAGACACAGCGTTA,8
GATAGACACATACCAA,4
GATAGACACCAGTTCA,4
GATAGACACCGAAGTA,1
GATAGACACCGTGAGA,4
GATAGACACCTCCTGA,4
GATAGACAAGTGGTCA,7
GATAGACACGAACTTA,4
GATAGACACGACTGGA,4
GATAGACACGCATACA,1
GATAGACACTCAATGA,4
GATAGACACTGAGCCA,4
GATAGACACTGGCATA,4
GATAGACAGAATCTGA,4
GATAGACACAAGACTA,4
GATAGACAGAGCTGAA,4
GATAGACAGATAGACA,4
GATAGACAACCACTGT,7
GATAGACAGCCACATA,4
GATAGACAGCGAGTAA,4
GATAGACAGCTAACGA,4
GATAGACAGCTCGGTA,4
GATAGACAGGAGAACA,4
GATAGACAGGTGCGAA,4
GATAGACAGTACGCAA,4
GATAGACAGTCGTAGA,4
GATAGACAGTCTGTCA,4
GATAGACAGTGTTCTA,4
GATAGACAACATTGGC,7
GATAGACATAGGATGA,4
GATAGACATATCAGCA,4
GATAGACATCCGTCTA,4
GATAGACATCTTCACA,4
GATAGACATGAAGAGA,4
GATAGACATGGAACAA,4
GATAGACATGGCTTCA,4
GATAGACATGGTGGTA,4
GATAGACATTCACGCA,4
GATAGACAAACTCACC,4
GATAGACACAGATCTG,3
GATAGACAAAGAGATC,4
GATAGACAAAGGACAC,4
GATAGACAAATCCGTC,4
GATAGACAAATGTTGC,4
GATAGACAACACGACC,4
GATAGACAACAGATTC,4
GATAGACAAGATGTAC,4
GATAGACAAGCACCTC,4
GATAGACAAGCCATGC,4
GATAGACAAGGCTAAC,4
GATAGACACATCAAGT,3
GATAGACAATAGCGAC,1
GATAGACAATCATTCC,1
GATAGACAATTGGCTC,1
GATAGACACAAGGAGC,9
GATAGACACACCTTAC,9
GATAGACACCATCCTC,9
GATAGACACCGACAAC,9
GATAGACACCTAATCC,9
GATAGACACCTCTATC,9
GATAGACACGACACAC,9
GATAGACACGCTGATC,3
GATAGACACGGATTGC,9
GATAGACACTAAGGTC,9
GATAGACAGAACAGGC,9
GATAGACAGACAGTGC,9
GATAGACAGAGTTAGC,9
GATAGACAGATGAATC,9
GATAGACAGCCAAGAC,9
GATAGACACGGAAGAA,9
GATAGACAGTGACAAG,9
GATAGACAGAACCAGA,9
GAGCTGAAAACGTGAT,7
GAGCTGAAACAAGCTA,3
GAGCTGAATTGCTGGA,9
GAGCTGAACTGTAGCC,3
GAGCTGAAAGTACAAG,3
GAGCTGAAAACAACCA,1
GAGCTGAAAACCGAGA,1
GAGCTGAAAACGCTTA,1
GAGCTGAAAAGACGGA,1
GAGCTGAAAAGGTACA,1
GAGCTGAAACACAGAA,1
GAGCTGAAACAGCAGA,1
GAGCTGAAAAACATCG,7
GAGCTGAAACCTCCAA,1
GAGCTGAAACGCTCGA,6
GAGCTGAAACGTATCA,6
GAGCTGAAACTATGCA,6
GAGCTGAAAGAGTCAA,6
GAGCTGAAAGATCGCA,6
GAGCTGAAAGCAGGAA,6
GAGCTGAAAGTCACTA,6
GAGCTGAAATCCTGTA,6
GAGCTGAAATTGAGGA,6
GAGCTGAAATGCCTAA,7
GAGCTGAACAACCACA,6
GAGCTGAAGACTAGTA,6
GAGCTGAACAATGGAA,8
GAGCTGAACACTTCGA,8
GAGCTGAACAGCGTTA,8
GAGCTGAACATACCAA,4
GAGCTGAACCAGTTCA,4
GAGCTGAACCGAAGTA,4
GAGCTGAACCGTGAGA,4
GAGCTGAACCTCCTGA,4
GAGCTGAAAGTGGTCA,7
GAGCTGAACGAACTTA,4
GAGCTGAACGACTGGA,4
GAGCTGAACGCATACA,4
GAGCTGAACTCAATGA,4
GAGCTGAACTGAGCCA,4
GAGCTGAACTGGCATA,4
GAGCTGAAGAATCTGA,4
GAGCTGAACAAGACTA,4
GAGCTGAAGAGCTGAA,4
GAGCTGAAGATAGACA,4
GAGCTGAAACCACTGT,7
GAGCTGAAGCCACATA,4
GAGCTGAAGCGAGTAA,4
GAGCTGAAGCTAACGA,4
GAGCTGAAGCTCGGTA,4
GAGCTGAAGGAGAACA,4
GAGCTGAAGGTGCGAA,4
GAGCTGAAGTACGCAA,4
GAGCTGAAGTCGTAGA,4
GAGCTGAAGTCTGTCA,4
GAGCTGAAGTGTTCTA,4
GAGCTGAAACATTGGC,7
GAGCTGAATAGGATGA,4
GAGCTGAATATCAGCA,4
GAGCTGAATCCGTCTA,8
GAGCTGAATCTTCACA,4
GAGCTGAATGAAGAGA,4
GAGCTGAATGGAACAA,4
GAGCTGAATGGCTTCA,4
GAGCTGAATGGTGGTA,4
GAGCTGAATTCACGCA,4
GAGCTGAAAACTCACC,4
GAGCTGAACAGATCTG,3
GAGCTGAAAAGAGATC,4
GAGCTGAAAAGGACAC,4
GAGCTGAAAATCCGTC,4
GAGCTGAAAATGTTGC,4
GAGCTGAAACACGACC,4
GAGCTGAAACAGATTC,4
GAGCTGAAAGATGTAC,4
GAGCTGAAAGCACCTC,4
GAGCTGAAAGCCATGC,2
GAGCTGAAAGGCTAAC,2
GAGCTGAACATCAAGT,3
GAGCTGAAATAGCGAC,1
GAGCTGAAATCATTCC,1
GAGCTGAAATTGGCTC,1
GAGCTGAACAAGGAGC,9
GAGCTGAACACCTTAC,9
GAGCTGAACCATCCTC,9
GAGCTGAACCGACAAC,9
GAGCTGAACCTAATCC,9
GAGCTGAACCTCTATC,9
GAGCTGAACGACACAC,9
GAGCTGAACGCTGATC,3
GAGCTGAACGGATTGC,9
GAGCTGAACTAAGGTC,9
GAGCTGAAGAACAGGC,9
GAGCTGAAGACAGTGC,9
GAGCTGAAGAGTTAGC,9
GAGCTGAAGATGAATC,9
GAGCTGAAGCCAAGAC,9
GAGCTGAACGGAAGAA,9
GAGCTGAAGTGACAAG,9
GAGCTGAAGAACCAGA,9
CAAGACTAAACGTGAT,7
CAAGACTAACAAGCTA,3
CAAGACTATTGCTGGA,9
CAAGACTACTGTAGCC,3
CAAGACTAAGTACAAG,3
CAAGACTAAACAACCA,1
CAAGACTAAACCGAGA,1
CAAGACTAAACGCTTA,1
CAAGACTAAAGACGGA,1
CAAGACTAAAGGTACA,1
CAAGACTAACACAGAA,1
CAAGACTAACAGCAGA,1
CAAGACTAAAACATCG,7
CAAGACTAACCTCCAA,6
CAAGACTAACGCTCGA,6
CAAGACTAACGTATCA,6
CAAGACTAACTATGCA,6
CAAGACTAAGAGTCAA,6
CAAGACTAAGATCGCA,6
CAAGACTAAGCAGGAA,6
CAAGACTAAGTCACTA,6
CAAGACTAATCCTGTA,6
CAAGACTAATTGAGGA,6
CAAGACTAATGCCTAA,7
CAAGACTACAACCACA,6
CAAGACTAGACTAGTA,8
CAAGACTACAATGGAA,8
CAAGACTACACTTCGA,8
CAAGACTACAGCGTTA,8
CAAGACTACATACCAA,8
CAAGACTACCAGTTCA,4
CAAGACTACCGAAGTA,4
CAAGACTACCGTGAGA,4
CAAGACTACCTCCTGA,4
CAAGACTAAGTGGTCA,7
CAAGACTACGAACTTA,4
CAAGACTACGACTGGA,4
CAAGACTACGCATACA,4
CAAGACTACTCAATGA,4
CAAGACTACTGAGCCA,4
CAAGACTACTGGCATA,4
CAAGACTAGAATCTGA,4
CAAGACTACAAGACTA,4
CAAGACTAGAGCTGAA,4
CAAGACTAGATAGACA,4
CAAGACTAACCACTGT,7
CAAGACTAGCCACATA,4
CAAGACTAGCGAGTAA,4
CAAGACTAGCTAACGA,4
CAAGACTAGCTCGGTA,4
CAAGACTAGGAGAACA,4
CAAGACTAGGTGCGAA,4
CAAGACTAGTACGCAA,4
CAAGACTAGTCGTAGA,4
CAAGACTAGTCTGTCA,4
CAAGACTAGTGTTCTA,4
CAAGACTAACATTGGC,7
CAAGACTATAGGATGA,4
CAAGACTATATCAGCA,4
CAAGACTATCCGTCTA,4
CAAGACTATCTTCACA,4
CAAGACTATGAAGAGA,4
CAAGACTATGGAACAA,4
CAAGACTATGGCTTCA,4
CAAGACTATGGTGGTA,4
CAAGACTATTCACGCA,4
CAAGACTAAACTCACC,4
CAAGACTACAGATCTG,3
CAAGACTAAAGAGATC,4
CAAGACTAAAGGACAC,8
CAAGACTAAATCCGTC,4
CAAGACTAAATGTTGC,4
CAAGACTAACACGACC,4
CAAGACTAACAGATTC,4
CAAGACTAAGATGTAC,4
CAAGACTAAGCACCTC,4
CAAGACTAAGCCATGC,4
CAAGACTAAGGCTAAC,1
CAAGACTACATCAAGT,3
CAAGACTAATAGCGAC,1
CAAGACTAATCATTCC,1
CAAGACTAATTGGCTC,1
CAAGACTACAAGGAGC,9
CAAGACTACACCTTAC,9
CAAGACTACCATCCTC,9
CAAGACTACCGACAAC,9
CAAGACTACCTAATCC,9
CAAGACTACCTCTATC,9
CAAGACTACGACACAC,9
CAAGACTACGCTGATC,3
CAAGACTACGGATTGC,9
CAAGACTACTAAGGTC,9
CAAGACTAGAACAGGC,9
CAAGACTAGACAGTGC,9
CAAGACTAGAGTTAGC,9
CAAGACTAGATGAATC,9
CAAGACTAGCCAAGAC,9
CAAGACTACGGAAGAA,9
CAAGACTAGTGACAAG,9
CAAGACTAGAACCAGA,9
GAATCTGAAACGTGAT,7
GAATCTGAACAAGCTA,3
GAATCTGATTGCTGGA,9
GAATCTGACTGTAGCC,3
GAATCTGAAGTACAAG,3
GAATCTGAAACAACCA,3
GAATCTGAAACCGAGA,1
GAATCTGAAACGCTTA,1
GAATCTGAAAGACGGA,1
GAATCTGAAAGGTACA,1
GAATCTGAACACAGAA,1
GAATCTGAACAGCAGA,1
GAATCTGAAAACATCG,7
GAATCTGAACCTCCAA,6
GAATCTGAACGCTCGA,6
GAATCTGAACGTATCA,6
GAATCTGAACTATGCA,6
GAATCTGAAGAGTCAA,6
GAATCTGAAGATCGCA,6
GAATCTGAAGCAGGAA,6
GAATCTGAAGTCACTA,6
GAATCTGAATCCTGTA,6
GAATCTGAATTGAGGA,6
GAATCTGAATGCCTAA,7
GAATCTGACAACCACA,6
GAATCTGAGACTAGTA,1
GAATCTGACAATGGAA,1
GAATCTGACACTTCGA,8
GAATCTGACAGCGTTA,8
GAATCTGACATACCAA,4
GAATCTGACCAGTTCA,4
GAATCTGACCGAAGTA,4
GAATCTGACCGTGAGA,4
GAATCTGACCTCCTGA,4
GAATCTGAAGTGGTCA,7
GAATCTGACGAACTTA,4
GAATCTGACGACTGGA,4
GAATCTGACGCATACA,4
GAATCTGACTCAATGA,4
GAATCTGACTGAGCCA,4
GAATCTGACTGGCATA,4
GAATCTGAGAATCTGA,4
GAATCTGACAAGACTA,4
GAATCTGAGAGCTGAA,4
GAATCTGAGATAGACA,4
GAATCTGAACCACTGT,7
GAATCTGAGCCACATA,4
GAATCTGAGCGAGTAA,4
GAATCTGAGCTAACGA,4
GAATCTGAGCTCGGTA,4
GAATCTGAGGAGAACA,4
GAATCTGAGGTGCGAA,4
GAATCTGAGTACGCAA,4
GAATCTGAGTCGTAGA,4
GAATCTGAGTCTGTCA,4
GAATCTGAGTGTTCTA,4
GAATCTGAACATTGGC,1
GAATCTGATAGGATGA,4
GAATCTGATATCAGCA,4
GAATCTGATCCGTCTA,4
GAATCTGATCTTCACA,4
GAATCTGATGAAGAGA,4
GAATCTGATGGAACAA,4
GAATCTGATGGCTTCA,4
GAATCTGATGGTGGTA,4
GAATCTGATTCACGCA,4
GAATCTGAAACTCACC,4
GAATCTGACAGATCTG,3
GAATCTGAAAGAGATC,4
GAATCTGAAAGGACAC,4
GAATCTGAAATCCGTC,4
GAATCTGAAATGTTGC,8
GAATCTGAACACGACC,4
GAATCTGAACAGATTC,4
GAATCTGAAGATGTAC,4
GAATCTGAAGCACCTC,4
GAATCTGAAGCCATGC,4
GAATCTGAAGGCTAAC,4
GAATCTGACATCAAGT,3
GAATCTGAATAGCGAC,1
GAATCTGAATCATTCC,1
GAATCTGAATTGGCTC,1
GAATCTGACAAGGAGC,9
GAATCTGACACCTTAC,9
GAATCTGACCATCCTC,9
GAATCTGACCGACAAC,9
GAATCTGACCTAATCC,9
GAATCTGACCTCTATC,9
GAATCTGACGACACAC,9
GAATCTGACGCTGATC,3
GAATCTGACGGATTGC,9
GAATCTGACTAAGGTC,9
GAATCTGAGAACAGGC,9
GAATCTGAGACAGTGC,9
GAATCTGAGAGTTAGC,9
GAATCTGAGATGAATC,9
GAATCTGAGCCAAGAC,9
GAATCTGACGGAAGAA,9
GAATCTGAGTGACAAG,9
GAATCTGAGAACCAGA,9
CTGGCATAAACGTGAT,7
CTGGCATAACAAGCTA,3
CTGGCATATTGCTGGA,9
CTGGCATACTGTAGCC,3
CTGGCATAAGTACAAG,3
CTGGCATAAACAACCA,3
CTGGCATAAACCGAGA,1
CTGGCATAAACGCTTA,1
CTGGCATAAAGACGGA,1
CTGGCATAAAGGTACA,1
CTGGCATAACACAGAA,1
CTGGCATAACAGCAGA,6
CTGGCATAAAACATCG,7
CTGGCATAACCTCCAA,6
CTGGCATAACGCTCGA,1
CTGGCATAACGTATCA,6
CTGGCATAACTATGCA,6
CTGGCATAAGAGTCAA,6
CTGGCATAAGATCGCA,1
CTGGCATAAGCAGGAA,6
CTGGCATAAGTCACTA,6
CTGGCATAATCCTGTA,6
CTGGCATAATTGAGGA,1
CTGGCATAATGCCTAA,7
CTGGCATACAACCACA,6
CTGGCATAGACTAGTA,1
CTGGCATACAATGGAA,8
CTGGCATACACTTCGA,1
CTGGCATACAGCGTTA,8
CTGGCATACATACCAA,4
CTGGCATACCAGTTCA,4
CTGGCATACCGAAGTA,4
CTGGCATACCGTGAGA,4
CTGGCATACCTCCTGA,4
CTGGCATAAGTGGTCA,7
CTGGCATACGAACTTA,4
CTGGCATACGACTGGA,4
CTGGCATACGCATACA,4
CTGGCATACTCAATGA,4
CTGGCATACTGAGCCA,4
CTGGCATACTGGCATA,4
CTGGCATAGAATCTGA,4
CTGGCATACAAGACTA,4
CTGGCATAGAGCTGAA,4
CTGGCATAGATAGACA,4
CTGGCATAACCACTGT,7
CTGGCATAGCCACATA,4
CTGGCATAGCGAGTAA,4
CTGGCATAGCTAACGA,4
CTGGCATAGCTCGGTA,4
CTGGCATAGGAGAACA,4
CTGGCATAGGTGCGAA,4
CTGGCATAGTACGCAA,4
CTGGCATAGTCGTAGA,4
CTGGCATAGTCTGTCA,4
CTGGCATAGTGTTCTA,4
CTGGCATAACATTGGC,7
CTGGCATATAGGATGA,4
CTGGCATATATCAGCA,4
CTGGCATATCCGTCTA,4
CTGGCATATCTTCACA,4
CTGGCATATGAAGAGA,8
CTGGCATATGGAACAA,4
CTGGCATATGGCTTCA,8
CTGGCATATGGTGGTA,8
CTGGCATATTCACGCA,4
CTGGCATAAACTCACC,4
CTGGCATACAGATCTG,3
CTGGCATAAAGAGATC,4
CTGGCATAAAGGACAC,1
CTGGCATAAATCCGTC,4
CTGGCATAAATGTTGC,4
CTGGCATAACACGACC,4
CTGGCATAACAGATTC,4
CTGGCATAAGATGTAC,4
CTGGCATAAGCACCTC,4
CTGGCATAAGCCATGC,4
CTGGCATAAGGCTAAC,1
CTGGCATACATCAAGT,3
CTGGCATAATAGCGAC,1
CTGGCATAATCATTCC,1
CTGGCATAATTGGCTC,9
CTGGCATACAAGGAGC,9
CTGGCATACACCTTAC,9
CTGGCATACCATCCTC,9
CTGGCATACCGACAAC,9
CTGGCATACCTAATCC,9
CTGGCATACCTCTATC,9
CTGGCATACGACACAC,9
CTGGCATACGCTGATC,3
CTGGCATACGGATTGC,9
CTGGCATACTAAGGTC,9
CTGGCATAGAACAGGC,9
CTGGCATAGACAGTGC,9
CTGGCATAGAGTTAGC,8
CTGGCATAGATGAATC,9
CTGGCATAGCCAAGAC,9
CTGGCATACGGAAGAA,9
CTGGCATAGTGACAAG,9
CTGGCATAGAACCAGA,9
CTGAGCCAAACGTGAT,7
CTGAGCCAACAAGCTA,3
CTGAGCCATTGCTGGA,9
CTGAGCCACTGTAGCC,3
CTGAGCCAAGTACAAG,3
CTGAGCCAAACAACCA,8
CTGAGCCAAACCGAGA,1
CTGAGCCAAACGCTTA,1
CTGAGCCAAAGACGGA,1
CTGAGCCAAAGGTACA,1
CTGAGCCAACACAGAA,1
CTGAGCCAACAGCAGA,1
CTGAGCCAAAACATCG,7
CTGAGCCAACCTCCAA,1
CTGAGCCAACGCTCGA,6
CTGAGCCAACGTATCA,6
CTGAGCCAACTATGCA,6
CTGAGCCAAGAGTCAA,6
CTGAGCCAAGATCGCA,6
CTGAGCCAAGCAGGAA,1
CTGAGCCAAGTCACTA,1
CTGAGCCAATCCTGTA,1
CTGAGCCAATTGAGGA,1
CTGAGCCAATGCCTAA,7
CTGAGCCACAACCACA,6
CTGAGCCAGACTAGTA,1
CTGAGCCACAATGGAA,1
CTGAGCCACACTTCGA,1
CTGAGCCACAGCGTTA,8
CTGAGCCACATACCAA,4
CTGAGCCACCAGTTCA,4
CTGAGCCACCGAAGTA,4
CTGAGCCACCGTGAGA,4
CTGAGCCACCTCCTGA,4
CTGAGCCAAGTGGTCA,7
CTGAGCCACGAACTTA,4
CTGAGCCACGACTGGA,4
CTGAGCCACGCATACA,4
CTGAGCCACTCAATGA,4
CTGAGCCACTGAGCCA,4
CTGAGCCACTGGCATA,4
CTGAGCCAGAATCTGA,4
CTGAGCCACAAGACTA,4
CTGAGCCAGAGCTGAA,4
CTGAGCCAGATAGACA,4
CTGAGCCAACCACTGT,7
CTGAGCCAGCCACATA,4
CTGAGCCAGCGAGTAA,4
CTGAGCCAGCTAACGA,4
CTGAGCCAGCTCGGTA,4
CTGAGCCAGGAGAACA,4
CTGAGCCAGGTGCGAA,4
CTGAGCCAGTACGCAA,4
CTGAGCCAGTCGTAGA,4
CTGAGCCAGTCTGTCA,4
CTGAGCCAGTGTTCTA,4
CTGAGCCAACATTGGC,7
CTGAGCCATAGGATGA,4
CTGAGCCATATCAGCA,4
CTGAGCCATCCGTCTA,4
CTGAGCCATCTTCACA,4
CTGAGCCATGAAGAGA,4
CTGAGCCATGGAACAA,4
CTGAGCCATGGCTTCA,4
CTGAGCCATGGTGGTA,4
CTGAGCCATTCACGCA,4
CTGAGCCAAACTCACC,4
CTGAGCCACAGATCTG,3
CTGAGCCAAAGAGATC,4
CTGAGCCAAAGGACAC,4
CTGAGCCAAATCCGTC,4
CTGAGCCAAATGTTGC,4
CTGAGCCAACACGACC,4
CTGAGCCAACAGATTC,4
CTGAGCCAAGATGTAC,4
CTGAGCCAAGCACCTC,4
CTGAGCCAAGCCATGC,4
CTGAGCCAAGGCTAAC,1
CTGAGCCACATCAAGT,3
CTGAGCCAATAGCGAC,1
CTGAGCCAATCATTCC,1
CTGAGCCAATTGGCTC,9
CTGAGCCACAAGGAGC,9
CTGAGCCACACCTTAC,9
CTGAGCCACCATCCTC,9
CTGAGCCACCGACAAC,9
CTGAGCCACCTAATCC,9
CTGAGCCACCTCTATC,9
CTGAGCCACGACACAC,9
CTGAGCCACGCTGATC,3
CTGAGCCACGGATTGC,9
CTGAGCCACTAAGGTC,9
CTGAGCCAGAACAGGC,9
CTGAGCCAGACAGTGC,9
CTGAGCCAGAGTTAGC,8
CTGAGCCAGATGAATC,9
CTGAGCCAGCCAAGAC,9
CTGAGCCACGGAAGAA,9
CTGAGCCAGTGACAAG,9
CTGAGCCAGAACCAGA,9
CTCAATGAAACGTGAT,7
CTCAATGAACAAGCTA,3
CTCAATGATTGCTGGA,9
CTCAATGACTGTAGCC,3
CTCAATGAAGTACAAG,3
CTCAATGAAACAACCA,1
CTCAATGAAACCGAGA,1
CTCAATGAAACGCTTA,8
CTCAATGAAAGACGGA,1
CTCAATGAAAGGTACA,1
CTCAATGAACACAGAA,1
CTCAATGAACAGCAGA,1
CTCAATGAAAACATCG,7
CTCAATGAACCTCCAA,6
CTCAATGAACGCTCGA,6
CTCAATGAACGTATCA,6
CTCAATGAACTATGCA,6
CTCAATGAAGAGTCAA,6
CTCAATGAAGATCGCA,1
CTCAATGAAGCAGGAA,1
CTCAATGAAGTCACTA,1
CTCAATGAATCCTGTA,1
CTCAATGAATTGAGGA,1
CTCAATGAATGCCTAA,7
CTCAATGACAACCACA,6
CTCAATGAGACTAGTA,1
CTCAATGACAATGGAA,1
CTCAATGACACTTCGA,1
CTCAATGACAGCGTTA,4
CTCAATGACATACCAA,4
CTCAATGACCAGTTCA,4
CTCAATGACCGAAGTA,4
CTCAATGACCGTGAGA,4
CTCAATGACCTCCTGA,4
CTCAATGAAGTGGTCA,7
CTCAATGACGAACTTA,4
CTCAATGACGACTGGA,4
CTCAATGACGCATACA,4
CTCAATGACTCAATGA,4
CTCAATGACTGAGCCA,4
CTCAATGACTGGCATA,4
CTCAATGAGAATCTGA,4
CTCAATGACAAGACTA,4
CTCAATGAGAGCTGAA,4
CTCAATGAGATAGACA,4
CTCAATGAACCACTGT,7
CTCAATGAGCCACATA,4
CTCAATGAGCGAGTAA,4
CTCAATGAGCTAACGA,4
CTCAATGAGCTCGGTA,4
CTCAATGAGGAGAACA,4
CTCAATGAGGTGCGAA,4
CTCAATGAGTACGCAA,4
CTCAATGAGTCGTAGA,4
CTCAATGAGTCTGTCA,4
CTCAATGAGTGTTCTA,4
CTCAATGAACATTGGC,7
CTCAATGATAGGATGA,4
CTCAATGATATCAGCA,4
CTCAATGATCCGTCTA,4
CTCAATGATCTTCACA,4
CTCAATGATGAAGAGA,8
CTCAATGATGGAACAA,4
CTCAATGATGGCTTCA,4
CTCAATGATGGTGGTA,4
CTCAATGATTCACGCA,4
CTCAATGAAACTCACC,4
CTCAATGACAGATCTG,3
CTCAATGAAAGAGATC,4
CTCAATGAAAGGACAC,4
CTCAATGAAATCCGTC,4
CTCAATGAAATGTTGC,4
CTCAATGAACACGACC,4
CTCAATGAACAGATTC,4
CTCAATGAAGATGTAC,4
CTCAATGAAGCACCTC,4
CTCAATGAAGCCATGC,4
CTCAATGAAGGCTAAC,4
CTCAATGACATCAAGT,3
CTCAATGAATAGCGAC,1
CTCAATGAATCATTCC,1
CTCAATGAATTGGCTC,9
CTCAATGACAAGGAGC,9
CTCAATGACACCTTAC,9
CTCAATGACCATCCTC,9
CTCAATGACCGACAAC,9
CTCAATGACCTAATCC,9
CTCAATGACCTCTATC,9
CTCAATGACGACACAC,9
CTCAATGACGCTGATC,3
CTCAATGACGGATTGC,9
CTCAATGACTAAGGTC,9
CTCAATGAGAACAGGC,9
CTCAATGAGACAGTGC,9
CTCAATGAGAGTTAGC,9
CTCAATGAGATGAATC,9
CTCAATGAGCCAAGAC,9
CTCAATGACGGAAGAA,9
CTCAATGAGTGACAAG,9
CTCAATGAGAACCAGA,9
CGCATACAAACGTGAT,7
CGCATACAACAAGCTA,3
CGCATACATTGCTGGA,9
CGCATACACTGTAGCC,3
CGCATACAAGTACAAG,3
CGCATACAAACAACCA,3
CGCATACAAACCGAGA,1
CGCATACAAACGCTTA,1
CGCATACAAAGACGGA,1
CGCATACAAAGGTACA,1
CGCATACAACACAGAA,1
CGCATACAACAGCAGA,1
CGCATACAAAACATCG,7
CGCATACAACCTCCAA,1
CGCATACAACGCTCGA,6
CGCATACAACGTATCA,6
CGCATACAACTATGCA,6
CGCATACAAGAGTCAA,6
CGCATACAAGATCGCA,1
CGCATACAAGCAGGAA,1
CGCATACAAGTCACTA,1
CGCATACAATCCTGTA,1
CGCATACAATTGAGGA,1
CGCATACAATGCCTAA,7
CGCATACACAACCACA,1
CGCATACAGACTAGTA,6
CGCATACACAATGGAA,1
CGCATACACACTTCGA,1
CGCATACACAGCGTTA,4
CGCATACACATACCAA,4
CGCATACACCAGTTCA,4
CGCATACACCGAAGTA,4
CGCATACACCGTGAGA,4
CGCATACACCTCCTGA,4
CGCATACAAGTGGTCA,7
CGCATACACGAACTTA,4
CGCATACACGACTGGA,4
CGCATACACGCATACA,4
CGCATACACTCAATGA,4
CGCATACACTGAGCCA,4
CGCATACACTGGCATA,4
CGCATACAGAATCTGA,4
CGCATACACAAGACTA,4
CGCATACAGAGCTGAA,4
CGCATACAGATAGACA,4
CGCATACAACCACTGT,7
CGCATACAGCCACATA,4
CGCATACAGCGAGTAA,4
CGCATACAGCTAACGA,4
CGCATACAGCTCGGTA,4
CGCATACAGGAGAACA,4
CGCATACAGGTGCGAA,4
CGCATACAGTACGCAA,4
CGCATACAGTCGTAGA,4
CGCATACAGTCTGTCA,4
CGCATACAGTGTTCTA,4
CGCATACAACATTGGC,7
CGCATACATAGGATGA,4
CGCATACATATCAGCA,4
CGCATACATCCGTCTA,4
CGCATACATCTTCACA,4
CGCATACATGAAGAGA,4
CGCATACATGGAACAA,4
CGCATACATGGCTTCA,4
CGCATACATGGTGGTA,4
CGCATACATTCACGCA,4
CGCATACAAACTCACC,4
CGCATACACAGATCTG,3
CGCATACAAAGAGATC,4
CGCATACAAAGGACAC,4
CGCATACAAATCCGTC,4
CGCATACAAATGTTGC,4
CGCATACAACACGACC,4
CGCATACAACAGATTC,4
CGCATACAAGATGTAC,4
CGCATACAAGCACCTC,4
CGCATACAAGCCATGC,4
CGCATACAAGGCTAAC,1
CGCATACACATCAAGT,3
CGCATACAATAGCGAC,1
CGCATACAATCATTCC,1
CGCATACAATTGGCTC,9
CGCATACACAAGGAGC,9
CGCATACACACCTTAC,9
CGCATACACCATCCTC,9
CGCATACACCGACAAC,9
CGCATACACCTAATCC,9
CGCATACACCTCTATC,9
CGCATACACGACACAC,9
CGCATACACGCTGATC,3
CGCATACACGGATTGC,9
CGCATACACTAAGGTC,9
CGCATACAGAACAGGC,9
CGCATACAGACAGTGC,9
CGCATACAGAGTTAGC,9
CGCATACAGATGAATC,9
CGCATACAGCCAAGAC,9
CGCATACACGGAAGAA,9
CGCATACAGTGACAAG,9
CGCATACAGAACCAGA,9
GCCAAGACTTGCTGGA,1
GCCAAGACACTATGCA,1
GCCAAGACAGAGTCAA,1
GCCAAGACAGATCGCA,1
GCCAAGACAGCAGGAA,1
GCCAAGACAGTCACTA,1
GCCAAGACATCCTGTA,1
GCCAAGACATTGAGGA,7
GCCAAGACCAACCACA,7
GCCAAGACGACTAGTA,7
GCCAAGACCAATGGAA,7
GCCAAGACCACTTCGA,7
GCCAAGACCAGCGTTA,7
GCCAAGACCATACCAA,7
GCCAAGACCCAGTTCA,7
GCCAAGACCCGAAGTA,7
GCCAAGACCCGTGAGA,7
GCCAAGACCCTCCTGA,7
GCCAAGACCGAACTTA,7
GCCAAGACCGACTGGA,7
GCCAAGACCGCATACA,7
GCCAAGACCTCAATGA,1
GCCAAGACCTGAGCCA,7
GCCAAGACCTGGCATA,3
GCCAAGACGAATCTGA,3
GCCAAGACCAAGACTA,3
GCCAAGACGAGCTGAA,3
GCCAAGACGATAGACA,3
GCCAAGACGCCACATA,1
GCCAAGACGCGAGTAA,1
GCCAAGACGCTAACGA,1
GCCAAGACGCTCGGTA,1
GCCAAGACGGAGAACA,1
GCCAAGACGGTGCGAA,1
GCCAAGACGTACGCAA,1
GCCAAGACGTCGTAGA,1
GCCAAGACGTCTGTCA,1
GCCAAGACGTGTTCTA,1
GCCAAGACTAGGATGA,1
GCCAAGACTATCAGCA,1
GCCAAGACTCCGTCTA,1
GCCAAGACTCTTCACA,1
GCCAAGACTGAAGAGA,1
GCCAAGACTGGAACAA,1
GCCAAGACTGGCTTCA,1
GCCAAGACTGGTGGTA,1
GCCAAGACTTCACGCA,1
GCCAAGACAACTCACC,1
GCCAAGACAAGAGATC,7
GCCAAGACAAGGACAC,1
GCCAAGACAATCCGTC,1
GCCAAGACAATGTTGC,1
GCCAAGACACACGACC,6
GCCAAGACACAGATTC,6
GCCAAGACAGATGTAC,6
GCCAAGACAGCACCTC,6
GCCAAGACAGCCATGC,6
GCCAAGACAGGCTAAC,1
GCCAAGACATAGCGAC,1
GCCAAGACATCATTCC,1
GCCAAGACATTGGCTC,1
GCCAAGACCAAGGAGC,1
GCCAAGACCACCTTAC,1
GCCAAGACCCATCCTC,1
GCCAAGACCCGACAAC,1
GCCAAGACCCTAATCC,1
GCCAAGACCCTCTATC,1
GCCAAGACCGACACAC,3
GCCAAGACCGGATTGC,3
GCCAAGACCTAAGGTC,7
GCCAAGACGAACAGGC,7
GCCAAGACGACAGTGC,7
GCCAAGACGAGTTAGC,7
GCCAAGACGATGAATC,1
GCCAAGACGCCAAGAC,1
GCCAAGACCGGAAGAA,1
GCCAAGACGTGACAAG,1
GCCAAGACGAACCAGA,7
CGACTGGAAACGTGAT,1
CGACTGGAACAAGCTA,3
CGACTGGATTGCTGGA,9
CGACTGGACTGTAGCC,3
CGACTGGAAGTACAAG,3
CGACTGGAAACAACCA,1
CGACTGGAAACCGAGA,1
CGACTGGAAACGCTTA,1
CGACTGGAAAGACGGA,1
CGACTGGAAAGGTACA,1
CGACTGGAACACAGAA,1
CGACTGGAACAGCAGA,1
CGACTGGAAAACATCG,1
CGACTGGAACCTCCAA,1
CGACTGGAACGCTCGA,1
CGACTGGAACGTATCA,6
CGACTGGAACTATGCA,6
CGACTGGAAGAGTCAA,6
CGACTGGAAGATCGCA,1
CGACTGGAAGCAGGAA,1
CGACTGGAAGTCACTA,1
CGACTGGAATCCTGTA,1
CGACTGGAATTGAGGA,1
CGACTGGAATGCCTAA,7
CGACTGGACAACCACA,6
CGACTGGAGACTAGTA,1
CGACTGGACAATGGAA,1
CGACTGGACACTTCGA,1
CGACTGGACAGCGTTA,8
CGACTGGACATACCAA,4
CGACTGGACCAGTTCA,4
CGACTGGACCGAAGTA,4
CGACTGGACCGTGAGA,4
CGACTGGACCTCCTGA,4
CGACTGGAAGTGGTCA,7
CGACTGGACGAACTTA,4
CGACTGGACGACTGGA,4
CGACTGGACGCATACA,4
CGACTGGACTCAATGA,4
CGACTGGACTGAGCCA,4
CGACTGGACTGGCATA,4
CGACTGGAGAATCTGA,4
CGACTGGACAAGACTA,4
CGACTGGAGAGCTGAA,4
CGACTGGAGATAGACA,4
CGACTGGAACCACTGT,7
CGACTGGAGCCACATA,4
CGACTGGAGCGAGTAA,4
CGACTGGAGCTAACGA,4
CGACTGGAGCTCGGTA,4
CGACTGGAGGAGAACA,4
CGACTGGAGGTGCGAA,8
CGACTGGAGTACGCAA,4
CGACTGGAGTCGTAGA,4
CGACTGGAGTCTGTCA,4
CGACTGGAGTGTTCTA,4
CGACTGGAACATTGGC,7
CGACTGGATAGGATGA,4
CGACTGGATATCAGCA,4
CGACTGGATCCGTCTA,4
CGACTGGATCTTCACA,4
CGACTGGATGAAGAGA,4
CGACTGGATGGAACAA,4
CGACTGGATGGCTTCA,4
CGACTGGATGGTGGTA,8
CGACTGGATTCACGCA,4
CGACTGGAAACTCACC,4
CGACTGGACAGATCTG,3
CGACTGGAAAGAGATC,4
CGACTGGAAAGGACAC,4
CGACTGGAAATCCGTC,4
CGACTGGAAATGTTGC,4
CGACTGGAACACGACC,4
CGACTGGAACAGATTC,4
CGACTGGAAGATGTAC,4
CGACTGGAAGCACCTC,4
CGACTGGAAGCCATGC,4
CGACTGGAAGGCTAAC,4
CGACTGGACATCAAGT,3
CGACTGGAATAGCGAC,1
CGACTGGAATCATTCC,1
CGACTGGAATTGGCTC,9
CGACTGGACAAGGAGC,9
CGACTGGACACCTTAC,9
CGACTGGACCATCCTC,9
CGACTGGACCGACAAC,9
CGACTGGACCTAATCC,9
CGACTGGACCTCTATC,9
CGACTGGACGACACAC,9
CGACTGGACGCTGATC,3
CGACTGGACGGATTGC,9
CGACTGGACTAAGGTC,9
CGACTGGAGAACAGGC,9
CGACTGGAGACAGTGC,9
CGACTGGAGAGTTAGC,9
CGACTGGAGATGAATC,9
CGACTGGAGCCAAGAC,9
CGACTGGACGGAAGAA,9
CGACTGGAGTGACAAG,9
CGACTGGAGAACCAGA,9
CGAACTTAAACGTGAT,1
CGAACTTAACAAGCTA,3
CGAACTTATTGCTGGA,9
CGAACTTACTGTAGCC,3
CGAACTTAAGTACAAG,3
CGAACTTAAACAACCA,3
CGAACTTAAACCGAGA,1
CGAACTTAAACGCTTA,1
CGAACTTAAAGACGGA,1
CGAACTTAAAGGTACA,1
CGAACTTAACACAGAA,1
CGAACTTAACAGCAGA,1
CGAACTTAAAACATCG,1
CGAACTTAACCTCCAA,1
CGAACTTAACGCTCGA,6
CGAACTTAACGTATCA,6
CGAACTTAACTATGCA,6
CGAACTTAAGAGTCAA,6
CGAACTTAAGATCGCA,1
CGAACTTAAGCAGGAA,1
CGAACTTAAGTCACTA,1
CGAACTTAATCCTGTA,1
CGAACTTAATTGAGGA,1
CGAACTTAATGCCTAA,7
CGAACTTACAACCACA,1
CGAACTTAGACTAGTA,1
CGAACTTACAATGGAA,1
CGAACTTACACTTCGA,8
CGAACTTACAGCGTTA,8
CGAACTTACATACCAA,4
CGAACTTACCAGTTCA,4
CGAACTTACCGAAGTA,4
CGAACTTACCGTGAGA,4
CGAACTTACCTCCTGA,4
CGAACTTAAGTGGTCA,7
CGAACTTACGAACTTA,4
CGAACTTACGACTGGA,4
CGAACTTACGCATACA,4
CGAACTTACTCAATGA,4
CGAACTTACTGAGCCA,4
CGAACTTACTGGCATA,4
CGAACTTAGAATCTGA,4
CGAACTTACAAGACTA,4
CGAACTTAGAGCTGAA,4
CGAACTTAGATAGACA,4
CGAACTTAACCACTGT,7
CGAACTTAGCCACATA,4
CGAACTTAGCGAGTAA,4
CGAACTTAGCTAACGA,4
CGAACTTAGCTCGGTA,4
CGAACTTAGGAGAACA,4
CGAACTTAGGTGCGAA,4
CGAACTTAGTACGCAA,4
CGAACTTAGTCGTAGA,4
CGAACTTAGTCTGTCA,4
CGAACTTAGTGTTCTA,4
CGAACTTAACATTGGC,7
CGAACTTATAGGATGA,4
CGAACTTATATCAGCA,4
CGAACTTATCCGTCTA,4
CGAACTTATCTTCACA,4
CGAACTTATGAAGAGA,4
CGAACTTATGGAACAA,4
CGAACTTATGGCTTCA,4
CGAACTTATGGTGGTA,4
CGAACTTATTCACGCA,4
CGAACTTAAACTCACC,8
CGAACTTACAGATCTG,3
CGAACTTAAAGAGATC,4
CGAACTTAAAGGACAC,4
CGAACTTAAATCCGTC,4
CGAACTTAAATGTTGC,4
CGAACTTAACACGACC,4
CGAACTTAACAGATTC,4
CGAACTTAAGATGTAC,4
CGAACTTAAGCACCTC,4
CGAACTTAAGCCATGC,2
CGAACTTAAGGCTAAC,1
CGAACTTACATCAAGT,3
CGAACTTAATAGCGAC,1
CGAACTTAATCATTCC,1
CGAACTTAATTGGCTC,9
CGAACTTACAAGGAGC,9
CGAACTTACACCTTAC,9
CGAACTTACCATCCTC,9
CGAACTTACCGACAAC,9
CGAACTTACCTAATCC,9
CGAACTTACCTCTATC,9
CGAACTTACGACACAC,9
CGAACTTACGCTGATC,3
CGAACTTACGGATTGC,9
CGAACTTACTAAGGTC,9
CGAACTTAGAACAGGC,9
CGAACTTAGACAGTGC,9
CGAACTTAGAGTTAGC,9
CGAACTTAGATGAATC,9
CGAACTTAGCCAAGAC,9
CGAACTTACGGAAGAA,9
CGAACTTAGTGACAAG,9
CGAACTTAGAACCAGA,9
CCTCCTGAAACGTGAT,1
CCTCCTGAACAAGCTA,3
CCTCCTGATTGCTGGA,9
CCTCCTGACTGTAGCC,3
CCTCCTGAAGTACAAG,3
CCTCCTGAAACAACCA,3
CCTCCTGAAACCGAGA,1
CCTCCTGAAACGCTTA,1
CCTCCTGAAAGACGGA,1
CCTCCTGAAAGGTACA,1
CCTCCTGAACACAGAA,1
CCTCCTGAACAGCAGA,1
CCTCCTGAAAACATCG,1
CCTCCTGAACCTCCAA,1
CCTCCTGAACGCTCGA,6
CCTCCTGAACGTATCA,6
CCTCCTGAACTATGCA,6
CCTCCTGAAGAGTCAA,6
CCTCCTGAAGATCGCA,1
CCTCCTGAAGCAGGAA,1
CCTCCTGAAGTCACTA,1
CCTCCTGAATCCTGTA,1
CCTCCTGAATTGAGGA,1
CCTCCTGAATGCCTAA,7
CCTCCTGACAACCACA,6
CCTCCTGAGACTAGTA,1
CCTCCTGACAATGGAA,1
CCTCCTGACACTTCGA,8
CCTCCTGACAGCGTTA,8
CCTCCTGACATACCAA,4
CCTCCTGACCAGTTCA,4
CCTCCTGACCGAAGTA,4
CCTCCTGACCGTGAGA,4
CCTCCTGACCTCCTGA,4
CCTCCTGAAGTGGTCA,7
CCTCCTGACGAACTTA,4
CCTCCTGACGACTGGA,4
CCTCCTGACGCATACA,4
CCTCCTGACTCAATGA,4
CCTCCTGACTGAGCCA,4
CCTCCTGACTGGCATA,4
CCTCCTGAGAATCTGA,4
CCTCCTGACAAGACTA,4
CCTCCTGAGAGCTGAA,4
CCTCCTGAGATAGACA,4
CCTCCTGAACCACTGT,7
CCTCCTGAGCCACATA,4
CCTCCTGAGCGAGTAA,4
CCTCCTGAGCTAACGA,4
CCTCCTGAGCTCGGTA,4
CCTCCTGAGGAGAACA,4
CCTCCTGAGGTGCGAA,4
CCTCCTGAGTACGCAA,4
CCTCCTGAGTCGTAGA,4
CCTCCTGAGTCTGTCA,4
CCTCCTGAGTGTTCTA,4
CCTCCTGAACATTGGC,7
CCTCCTGATAGGATGA,4
CCTCCTGATATCAGCA,4
CCTCCTGATCCGTCTA,4
CCTCCTGATCTTCACA,4
CCTCCTGATGAAGAGA,4
CCTCCTGATGGAACAA,4
CCTCCTGATGGCTTCA,4
CCTCCTGATGGTGGTA,4
CCTCCTGATTCACGCA,4
CCTCCTGAAACTCACC,4
CCTCCTGACAGATCTG,7
CCTCCTGAAAGAGATC,4
CCTCCTGAAAGGACAC,4
CCTCCTGAAATCCGTC,4
CCTCCTGAAATGTTGC,4
CCTCCTGAACACGACC,4
CCTCCTGAACAGATTC,4
CCTCCTGAAGATGTAC,4
CCTCCTGAAGCACCTC,2
CCTCCTGAAGCCATGC,2
CCTCCTGAAGGCTAAC,1
CCTCCTGACATCAAGT,3
CCTCCTGAATAGCGAC,1
CCTCCTGAATCATTCC,1
CCTCCTGAATTGGCTC,9
CCTCCTGACAAGGAGC,9
CCTCCTGACACCTTAC,9
CCTCCTGACCATCCTC,9
CCTCCTGACCGACAAC,9
CCTCCTGACCTAATCC,9
CCTCCTGACCTCTATC,9
CCTCCTGACGACACAC,9
CCTCCTGACGCTGATC,3
CCTCCTGACGGATTGC,9
CCTCCTGACTAAGGTC,9
CCTCCTGAGAACAGGC,9
CCTCCTGAGACAGTGC,9
CCTCCTGAGAGTTAGC,9
CCTCCTGAGATGAATC,9
CCTCCTGAGCCAAGAC,9
CCTCCTGACGGAAGAA,9
CCTCCTGAGTGACAAG,9
CCTCCTGAGAACCAGA,9
CCGTGAGAAACGTGAT,1
CCGTGAGAACAAGCTA,3
CCGTGAGATTGCTGGA,9
CCGTGAGACTGTAGCC,3
CCGTGAGAAGTACAAG,3
CCGTGAGAAACAACCA,3
CCGTGAGAAACCGAGA,1
CCGTGAGAAACGCTTA,1
CCGTGAGAAAGACGGA,1
CCGTGAGAAAGGTACA,1
CCGTGAGAACACAGAA,1
CCGTGAGAACAGCAGA,1
CCGTGAGAAAACATCG,1
CCGTGAGAACCTCCAA,6
CCGTGAGAACGCTCGA,6
CCGTGAGAACGTATCA,6
CCGTGAGAACTATGCA,6
CCGTGAGAAGAGTCAA,6
CCGTGAGAAGATCGCA,1
CCGTGAGAAGCAGGAA,1
CCGTGAGAAGTCACTA,1
CCGTGAGAATCCTGTA,1
CCGTGAGAATTGAGGA,1
CCGTGAGAATGCCTAA,7
CCGTGAGACAACCACA,1
CCGTGAGAGACTAGTA,1
CCGTGAGACAATGGAA,8
CCGTGAGACACTTCGA,6
CCGTGAGACAGCGTTA,8
CCGTGAGACATACCAA,4
CCGTGAGACCAGTTCA,4
CCGTGAGACCGAAGTA,4
CCGTGAGACCGTGAGA,4
CCGTGAGACCTCCTGA,4
CCGTGAGAAGTGGTCA,7
CCGTGAGACGAACTTA,4
CCGTGAGACGACTGGA,4
CCGTGAGACGCATACA,4
CCGTGAGACTCAATGA,4
CCGTGAGACTGAGCCA,4
CCGTGAGACTGGCATA,4
CCGTGAGAGAATCTGA,4
CCGTGAGACAAGACTA,4
CCGTGAGAGAGCTGAA,4
CCGTGAGAGATAGACA,4
CCGTGAGAACCACTGT,7
CCGTGAGAGCCACATA,4
CCGTGAGAGCGAGTAA,4
CCGTGAGAGCTAACGA,4
CCGTGAGAGCTCGGTA,4
CCGTGAGAGGAGAACA,4
CCGTGAGAGGTGCGAA,4
CCGTGAGAGTACGCAA,4
CCGTGAGAGTCGTAGA,4
CCGTGAGAGTCTGTCA,4
CCGTGAGAGTGTTCTA,4
CCGTGAGAACATTGGC,7
CCGTGAGATAGGATGA,4
CCGTGAGATATCAGCA,4
CCGTGAGATCCGTCTA,4
CCGTGAGATCTTCACA,4
CCGTGAGATGAAGAGA,4
CCGTGAGATGGAACAA,4
CCGTGAGATGGCTTCA,4
CCGTGAGATGGTGGTA,4
CCGTGAGATTCACGCA,4
CCGTGAGAAACTCACC,4
CCGTGAGACAGATCTG,7
CCGTGAGAAAGAGATC,4
CCGTGAGAAAGGACAC,4
CCGTGAGAAATCCGTC,4
CCGTGAGAAATGTTGC,4
CCGTGAGAACACGACC,4
CCGTGAGAACAGATTC,4
CCGTGAGAAGATGTAC,4
CCGTGAGAAGCACCTC,4
CCGTGAGAAGCCATGC,1
CCGTGAGAAGGCTAAC,1
CCGTGAGACATCAAGT,3
CCGTGAGAATAGCGAC,1
CCGTGAGAATCATTCC,1
CCGTGAGAATTGGCTC,9
CCGTGAGACAAGGAGC,9
CCGTGAGACACCTTAC,9
CCGTGAGACCATCCTC,9
CCGTGAGACCGACAAC,9
CCGTGAGACCTAATCC,9
CCGTGAGACCTCTATC,9
CCGTGAGACGACACAC,9
CCGTGAGACGCTGATC,3
CCGTGAGACGGATTGC,9
CCGTGAGACTAAGGTC,9
CCGTGAGAGAACAGGC,9
CCGTGAGAGACAGTGC,9
CCGTGAGAGAGTTAGC,9
CCGTGAGAGATGAATC,9
CCGTGAGAGCCAAGAC,9
CCGTGAGACGGAAGAA,9
CCGTGAGAGTGACAAG,9
CCGTGAGAGAACCAGA,9
CCGAAGTAAACGTGAT,1
CCGAAGTAACAAGCTA,3
CCGAAGTATTGCTGGA,9
CCGAAGTACTGTAGCC,3
CCGAAGTAAGTACAAG,3
CCGAAGTAAACAACCA,1
CCGAAGTAAACCGAGA,1
CCGAAGTAAACGCTTA,1
CCGAAGTAAAGACGGA,1
CCGAAGTAAAGGTACA,1
CCGAAGTAACACAGAA,1
CCGAAGTAACAGCAGA,1
CCGAAGTAAAACATCG,1
CCGAAGTAACCTCCAA,1
CCGAAGTAACGCTCGA,6
CCGAAGTAACGTATCA,6
CCGAAGTAACTATGCA,6
CCGAAGTAAGAGTCAA,1
CCGAAGTAAGATCGCA,1
CCGAAGTAAGCAGGAA,1
CCGAAGTAAGTCACTA,1
CCGAAGTAATCCTGTA,1
CCGAAGTAATTGAGGA,1
CCGAAGTAATGCCTAA,1
CCGAAGTACAACCACA,1
CCGAAGTAGACTAGTA,1
CCGAAGTACAATGGAA,1
CCGAAGTACACTTCGA,8
CCGAAGTACAGCGTTA,8
CCGAAGTACATACCAA,4
CCGAAGTACCAGTTCA,4
CCGAAGTACCGAAGTA,4
CCGAAGTACCGTGAGA,4
CCGAAGTACCTCCTGA,4
CCGAAGTAAGTGGTCA,7
CCGAAGTACGAACTTA,4
CCGAAGTACGACTGGA,4
CCGAAGTACGCATACA,4
CCGAAGTACTCAATGA,4
CCGAAGTACTGAGCCA,4
CCGAAGTACTGGCATA,4
CCGAAGTAGAATCTGA,4
CCGAAGTACAAGACTA,4
CCGAAGTAGAGCTGAA,4
CCGAAGTAGATAGACA,4
CCGAAGTAACCACTGT,7
CCGAAGTAGCCACATA,4
CCGAAGTAGCGAGTAA,4
CCGAAGTAGCTAACGA,4
CCGAAGTAGCTCGGTA,4
CCGAAGTAGGAGAACA,4
CCGAAGTAGGTGCGAA,4
CCGAAGTAGTACGCAA,4
CCGAAGTAGTCGTAGA,4
CCGAAGTAGTCTGTCA,4
CCGAAGTAGTGTTCTA,4
CCGAAGTAACATTGGC,7
CCGAAGTATAGGATGA,4
CCGAAGTATATCAGCA,4
CCGAAGTATCCGTCTA,4
CCGAAGTATCTTCACA,4
CCGAAGTATGAAGAGA,4
CCGAAGTATGGAACAA,4
CCGAAGTATGGCTTCA,4
CCGAAGTATGGTGGTA,4
CCGAAGTATTCACGCA,4
CCGAAGTAAACTCACC,4
CCGAAGTACAGATCTG,7
CCGAAGTAAAGAGATC,4
CCGAAGTAAAGGACAC,4
CCGAAGTAAATCCGTC,4
CCGAAGTAAATGTTGC,4
CCGAAGTAACACGACC,4
CCGAAGTAACAGATTC,4
CCGAAGTAAGATGTAC,4
CCGAAGTAAGCACCTC,2
CCGAAGTAAGCCATGC,2
CCGAAGTAAGGCTAAC,1
CCGAAGTACATCAAGT,7
CCGAAGTAATAGCGAC,1
CCGAAGTAATCATTCC,1
CCGAAGTAATTGGCTC,9
CCGAAGTACAAGGAGC,9
CCGAAGTACACCTTAC,9
CCGAAGTACCATCCTC,9
CCGAAGTACCGACAAC,9
CCGAAGTACCTAATCC,9
CCGAAGTACCTCTATC,9
CCGAAGTACGACACAC,9
CCGAAGTACGCTGATC,3
CCGAAGTACGGATTGC,9
CCGAAGTACTAAGGTC,9
CCGAAGTAGAACAGGC,9
CCGAAGTAGACAGTGC,9
CCGAAGTAGAGTTAGC,9
CCGAAGTAGATGAATC,9
CCGAAGTAGCCAAGAC,9
CCGAAGTACGGAAGAA,9
CCGAAGTAGTGACAAG,9
CCGAAGTAGAACCAGA,9
CCAGTTCAAACGTGAT,1
CCAGTTCAACAAGCTA,3
CCAGTTCATTGCTGGA,9
CCAGTTCACTGTAGCC,3
CCAGTTCAAGTACAAG,3
CCAGTTCAAACAACCA,3
CCAGTTCAAACCGAGA,1
CCAGTTCAAACGCTTA,1
CCAGTTCAAAGACGGA,1
CCAGTTCAAAGGTACA,1
CCAGTTCAACACAGAA,1
CCAGTTCAACAGCAGA,1
CCAGTTCAAAACATCG,1
CCAGTTCAACCTCCAA,6
CCAGTTCAACGCTCGA,6
CCAGTTCAACGTATCA,6
CCAGTTCAACTATGCA,6
CCAGTTCAAGAGTCAA,1
CCAGTTCAAGATCGCA,1
CCAGTTCAAGCAGGAA,8
CCAGTTCAAGTCACTA,8
CCAGTTCAATCCTGTA,1
CCAGTTCAATTGAGGA,1
CCAGTTCAATGCCTAA,1
CCAGTTCACAACCACA,1
CCAGTTCAGACTAGTA,6
CCAGTTCACAATGGAA,8
CCAGTTCACACTTCGA,8
CCAGTTCACAGCGTTA,1
CCAGTTCACATACCAA,4
CCAGTTCACCAGTTCA,4
CCAGTTCACCGAAGTA,4
CCAGTTCACCGTGAGA,4
CCAGTTCACCTCCTGA,4
CCAGTTCAAGTGGTCA,7
CCAGTTCACGAACTTA,4
CCAGTTCACGACTGGA,4
CCAGTTCACGCATACA,4
CCAGTTCACTCAATGA,4
CCAGTTCACTGAGCCA,4
CCAGTTCACTGGCATA,4
CCAGTTCAGAATCTGA,4
CCAGTTCACAAGACTA,4
CCAGTTCAGAGCTGAA,4
CCAGTTCAGATAGACA,4
CCAGTTCAACCACTGT,7
CCAGTTCAGCCACATA,4
CCAGTTCAGCGAGTAA,4
CCAGTTCAGCTAACGA,4
CCAGTTCAGCTCGGTA,4
CCAGTTCAGGAGAACA,4
CCAGTTCAGGTGCGAA,4
CCAGTTCAGTACGCAA,4
CCAGTTCAGTCGTAGA,4
CCAGTTCAGTCTGTCA,4
CCAGTTCAGTGTTCTA,4
CCAGTTCAACATTGGC,7
CCAGTTCATAGGATGA,4
CCAGTTCATATCAGCA,4
CCAGTTCATCCGTCTA,4
CCAGTTCATCTTCACA,4
CCAGTTCATGAAGAGA,4
CCAGTTCATGGAACAA,4
CCAGTTCATGGCTTCA,4
CCAGTTCATGGTGGTA,4
CCAGTTCATTCACGCA,4
CCAGTTCAAACTCACC,4
CCAGTTCACAGATCTG,7
CCAGTTCAAAGAGATC,4
CCAGTTCAAAGGACAC,4
CCAGTTCAAATCCGTC,4
CCAGTTCAAATGTTGC,4
CCAGTTCAACACGACC,4
CCAGTTCAACAGATTC,4
CCAGTTCAAGATGTAC,4
CCAGTTCAAGCACCTC,4
CCAGTTCAAGCCATGC,1
CCAGTTCAAGGCTAAC,1
CCAGTTCACATCAAGT,7
CCAGTTCAATAGCGAC,1
CCAGTTCAATCATTCC,1
CCAGTTCAATTGGCTC,9
CCAGTTCACAAGGAGC,9
CCAGTTCACACCTTAC,9
CCAGTTCACCATCCTC,9
CCAGTTCACCGACAAC,9
CCAGTTCACCTAATCC,9
CCAGTTCACCTCTATC,9
CCAGTTCACGACACAC,9
CCAGTTCACGCTGATC,3
CCAGTTCACGGATTGC,9
CCAGTTCACTAAGGTC,9
CCAGTTCAGAACAGGC,9
CCAGTTCAGACAGTGC,9
CCAGTTCAGAGTTAGC,9
CCAGTTCAGATGAATC,9
CCAGTTCAGCCAAGAC,9
CCAGTTCACGGAAGAA,9
CCAGTTCAGTGACAAG,9
CCAGTTCAGAACCAGA,9
CATACCAAAACGTGAT,1
CATACCAAACAAGCTA,3
CATACCAATTGCTGGA,1
CATACCAACTGTAGCC,3
CATACCAAAGTACAAG,3
CATACCAAAACAACCA,1
CATACCAAAACCGAGA,1
CATACCAAAACGCTTA,1
CATACCAAAAGACGGA,1
CATACCAAAAGGTACA,1
CATACCAAACACAGAA,1
CATACCAAACAGCAGA,1
CATACCAAAAACATCG,1
CATACCAAACCTCCAA,1
CATACCAAACGCTCGA,6
CATACCAAACGTATCA,6
CATACCAAACTATGCA,6
CATACCAAAGAGTCAA,1
CATACCAAAGATCGCA,1
CATACCAAAGCAGGAA,1
CATACCAAAGTCACTA,1
CATACCAAATCCTGTA,1
CATACCAAATTGAGGA,1
CATACCAAATGCCTAA,1
CATACCAACAACCACA,1
CATACCAAGACTAGTA,1
CATACCAACAATGGAA,1
CATACCAACACTTCGA,1
CATACCAACAGCGTTA,8
CATACCAACATACCAA,4
CATACCAACCAGTTCA,4
CATACCAACCGAAGTA,4
CATACCAACCGTGAGA,4
CATACCAACCTCCTGA,4
CATACCAAAGTGGTCA,1
CATACCAACGAACTTA,4
CATACCAACGACTGGA,4
CATACCAACGCATACA,4
CATACCAACTCAATGA,4
CATACCAACTGAGCCA,4
CATACCAACTGGCATA,4
CATACCAAGAATCTGA,4
CATACCAACAAGACTA,4
CATACCAAGAGCTGAA,4
CATACCAAGATAGACA,4
CATACCAAACCACTGT,7
CATACCAAGCCACATA,4
CATACCAAGCGAGTAA,4
CATACCAAGCTAACGA,4
CATACCAAGCTCGGTA,4
CATACCAAGGAGAACA,4
CATACCAAGGTGCGAA,4
CATACCAAGTACGCAA,4
CATACCAAGTCGTAGA,4
CATACCAAGTCTGTCA,4
CATACCAAGTGTTCTA,4
CATACCAAACATTGGC,7
CATACCAATAGGATGA,4
CATACCAATATCAGCA,4
CATACCAATCCGTCTA,4
CATACCAATCTTCACA,4
CATACCAATGAAGAGA,4
CATACCAATGGAACAA,4
CATACCAATGGCTTCA,4
CATACCAATGGTGGTA,4
CATACCAATTCACGCA,4
CATACCAAAACTCACC,4
CATACCAACAGATCTG,7
CATACCAAAAGAGATC,4
CATACCAAAAGGACAC,2
CATACCAAAATCCGTC,4
CATACCAAAATGTTGC,8
CATACCAAACACGACC,4
CATACCAAACAGATTC,4
CATACCAAAGATGTAC,4
CATACCAAAGCACCTC,2
CATACCAAAGCCATGC,1
CATACCAAAGGCTAAC,1
CATACCAACATCAAGT,7
CATACCAAATAGCGAC,1
CATACCAAATCATTCC,1
CATACCAAATTGGCTC,9
CATACCAACAAGGAGC,9
CATACCAACACCTTAC,9
CATACCAACCATCCTC,9
CATACCAACCGACAAC,9
CATACCAACCTAATCC,9
CATACCAACCTCTATC,9
CATACCAACGACACAC,9
CATACCAACGCTGATC,3
CATACCAACGGATTGC,9
CATACCAACTAAGGTC,9
CATACCAAGAACAGGC,9
CATACCAAGACAGTGC,9
CATACCAAGAGTTAGC,9
CATACCAAGATGAATC,9
CATACCAAGCCAAGAC,9
CATACCAACGGAAGAA,9
CATACCAAGTGACAAG,9
CATACCAAGAACCAGA,9
CAGCGTTAACAAGCTA,3
CAGCGTTATTGCTGGA,1
CAGCGTTACTGTAGCC,3
CAGCGTTAAGTACAAG,3
CAGCGTTAAACAACCA,3
CAGCGTTAAACCGAGA,1
CAGCGTTAAACGCTTA,1
CAGCGTTAAAGACGGA,1
CAGCGTTAAAGGTACA,1
CAGCGTTAACACAGAA,1
CAGCGTTAACAGCAGA,1
CAGCGTTAAAACATCG,1
CAGCGTTAACCTCCAA,1
CAGCGTTAACGCTCGA,6
CAGCGTTAACGTATCA,6
CAGCGTTAACTATGCA,6
CAGCGTTAAGAGTCAA,1
CAGCGTTAAGATCGCA,1
CAGCGTTAAGCAGGAA,1
CAGCGTTAAGTCACTA,1
CAGCGTTAATCCTGTA,1
CAGCGTTAATTGAGGA,1
CAGCGTTAATGCCTAA,1
CAGCGTTACAACCACA,1
CAGCGTTAGACTAGTA,1
CAGCGTTACAATGGAA,1
CAGCGTTACACTTCGA,8
CAGCGTTACAGCGTTA,8
CAGCGTTACATACCAA,4
CAGCGTTACCAGTTCA,4
CAGCGTTACCGAAGTA,4
CAGCGTTACCGTGAGA,4
CAGCGTTACCTCCTGA,4
CAGCGTTAAGTGGTCA,1
CAGCGTTACGAACTTA,4
CAGCGTTACGACTGGA,4
CAGCGTTACGCATACA,4
CAGCGTTACTCAATGA,4
CAGCGTTACTGAGCCA,4
CAGCGTTACTGGCATA,4
CAGCGTTAGAATCTGA,4
CAGCGTTACAAGACTA,4
CAGCGTTAGAGCTGAA,4
CAGCGTTAGATAGACA,4
CAGCGTTAACCACTGT,7
CAGCGTTAGCCACATA,4
CAGCGTTAGCGAGTAA,4
CAGCGTTAGCTAACGA,4
CAGCGTTAGCTCGGTA,4
CAGCGTTAGGAGAACA,4
CAGCGTTAGGTGCGAA,4
CAGCGTTAGTACGCAA,4
CAGCGTTAGTCGTAGA,4
CAGCGTTAGTCTGTCA,4
CAGCGTTAGTGTTCTA,4
CAGCGTTAACATTGGC,7
CAGCGTTATAGGATGA,4
CAGCGTTATATCAGCA,4
CAGCGTTATCCGTCTA,4
CAGCGTTATCTTCACA,4
CAGCGTTATGAAGAGA,4
CAGCGTTATGGAACAA,4
CAGCGTTATGGCTTCA,4
CAGCGTTATGGTGGTA,4
CAGCGTTATTCACGCA,4
CAGCGTTAAACTCACC,2
CAGCGTTACAGATCTG,7
CAGCGTTAAAGAGATC,4
CAGCGTTAAAGGACAC,4
CAGCGTTAAATCCGTC,4
CAGCGTTAAATGTTGC,8
CAGCGTTAACACGACC,4
CAGCGTTAACAGATTC,4
CAGCGTTAAGATGTAC,4
CAGCGTTAAGCACCTC,4
CAGCGTTAAGCCATGC,1
CAGCGTTAAGGCTAAC,1
CAGCGTTACATCAAGT,7
CAGCGTTAATAGCGAC,1
CAGCGTTAATCATTCC,1
CAGCGTTAATTGGCTC,1
CAGCGTTACAAGGAGC,9
CAGCGTTACACCTTAC,9
CAGCGTTACCATCCTC,9
CAGCGTTACCGACAAC,9
CAGCGTTACCTAATCC,9
CAGCGTTACCTCTATC,9
CAGCGTTACGACACAC,9
CAGCGTTACGCTGATC,3
CAGCGTTACGGATTGC,9
CAGCGTTACTAAGGTC,9
CAGCGTTAGAACAGGC,9
CAGCGTTAGACAGTGC,9
CAGCGTTAGAGTTAGC,9
CAGCGTTAGATGAATC,9
CAGCGTTAGCCAAGAC,9
CAGCGTTACGGAAGAA,9
CAGCGTTAGTGACAAG,9
CAGCGTTAGAACCAGA,9
CACTTCGAACAAGCTA,3
CACTTCGATTGCTGGA,1
CACTTCGACTGTAGCC,3
CACTTCGAAGTACAAG,3
CACTTCGAAACAACCA,3
CACTTCGAAACCGAGA,1
CACTTCGAAACGCTTA,1
CACTTCGAAAGACGGA,1
CACTTCGAAAGGTACA,1
CACTTCGAACACAGAA,1
CACTTCGAACAGCAGA,1
CACTTCGAAAACATCG,1
CACTTCGAACCTCCAA,1
CACTTCGAACGCTCGA,6
CACTTCGAACGTATCA,6
CACTTCGAACTATGCA,6
CACTTCGAAGAGTCAA,1
CACTTCGAAGATCGCA,1
CACTTCGAAGCAGGAA,1
CACTTCGAAGTCACTA,1
CACTTCGAATCCTGTA,1
CACTTCGAATTGAGGA,1
CACTTCGAATGCCTAA,1
CACTTCGACAACCACA,1
CACTTCGAGACTAGTA,1
CACTTCGACAATGGAA,6
CACTTCGACACTTCGA,1
CACTTCGACAGCGTTA,8
CACTTCGACATACCAA,4
CACTTCGACCAGTTCA,4
CACTTCGACCGAAGTA,4
CACTTCGACCGTGAGA,4
CACTTCGACCTCCTGA,4
CACTTCGAAGTGGTCA,1
CACTTCGACGAACTTA,4
CACTTCGACGACTGGA,4
CACTTCGACGCATACA,4
CACTTCGACTCAATGA,4
CACTTCGACTGAGCCA,4
CACTTCGACTGGCATA,4
CACTTCGAGAATCTGA,4
CACTTCGACAAGACTA,4
CACTTCGAGAGCTGAA,4
CACTTCGAGATAGACA,4
CACTTCGAACCACTGT,7
CACTTCGAGCCACATA,4
CACTTCGAGCGAGTAA,4
CACTTCGAGCTAACGA,4
CACTTCGAGCTCGGTA,4
CACTTCGAGGAGAACA,4
CACTTCGAGGTGCGAA,4
CACTTCGAGTACGCAA,4
CACTTCGAGTCGTAGA,4
CACTTCGAGTCTGTCA,4
CACTTCGAGTGTTCTA,4
CACTTCGAACATTGGC,7
CACTTCGATAGGATGA,4
CACTTCGATATCAGCA,4
CACTTCGATCCGTCTA,4
CACTTCGATCTTCACA,4
CACTTCGATGAAGAGA,4
CACTTCGATGGAACAA,4
CACTTCGATGGCTTCA,4
CACTTCGATGGTGGTA,4
CACTTCGATTCACGCA,4
CACTTCGAAACTCACC,4
CACTTCGACAGATCTG,7
CACTTCGAAAGAGATC,2
CACTTCGAAAGGACAC,4
CACTTCGAAATCCGTC,2
CACTTCGAAATGTTGC,2
CACTTCGAACACGACC,8
CACTTCGAACAGATTC,2
CACTTCGAAGATGTAC,4
CACTTCGAAGCACCTC,2
CACTTCGAAGCCATGC,1
CACTTCGAAGGCTAAC,1
CACTTCGACATCAAGT,7
CACTTCGAATAGCGAC,1
CACTTCGAATCATTCC,1
CACTTCGAATTGGCTC,2
CACTTCGACAAGGAGC,2
CACTTCGACACCTTAC,9
CACTTCGACCATCCTC,9
CACTTCGACCGACAAC,9
CACTTCGACCTAATCC,9
CACTTCGACCTCTATC,9
CACTTCGACGACACAC,9
CACTTCGACGCTGATC,7
CACTTCGACGGATTGC,9
CACTTCGACTAAGGTC,9
CACTTCGAGAACAGGC,9
CACTTCGAGACAGTGC,9
CACTTCGAGAGTTAGC,9
CACTTCGAGATGAATC,9
CACTTCGAGCCAAGAC,9
CACTTCGACGGAAGAA,9
CACTTCGAGTGACAAG,9
CACTTCGAGAACCAGA,1
CAATGGAAACAAGCTA,3
CAATGGAATTGCTGGA,1
CAATGGAACTGTAGCC,3
CAATGGAAAGTACAAG,3
CAATGGAAAACAACCA,1
CAATGGAAAACCGAGA,1
CAATGGAAAACGCTTA,1
CAATGGAAAAGACGGA,1
CAATGGAAAAGGTACA,1
CAATGGAAACACAGAA,1
CAATGGAAACAGCAGA,1
CAATGGAAAAACATCG,1
CAATGGAAACCTCCAA,1
CAATGGAAACGCTCGA,1
CAATGGAAACGTATCA,6
CAATGGAAACTATGCA,6
CAATGGAAAGAGTCAA,1
CAATGGAAAGATCGCA,1
CAATGGAAAGCAGGAA,1
CAATGGAAAGTCACTA,1
CAATGGAAATCCTGTA,1
CAATGGAAATTGAGGA,1
CAATGGAAATGCCTAA,1
CAATGGAACAACCACA,1
CAATGGAAGACTAGTA,1
CAATGGAACAATGGAA,1
CAATGGAACACTTCGA,8
CAATGGAACAGCGTTA,8
CAATGGAACATACCAA,4
CAATGGAACCAGTTCA,4
CAATGGAACCGAAGTA,4
CAATGGAACCGTGAGA,4
CAATGGAACCTCCTGA,4
CAATGGAACGAACTTA,4
CAATGGAACGACTGGA,4
CAATGGAACGCATACA,4
CAATGGAACTCAATGA,4
CAATGGAACTGAGCCA,4
CAATGGAACTGGCATA,4
CAATGGAAGAATCTGA,4
CAATGGAACAAGACTA,4
CAATGGAAGAGCTGAA,4
CAATGGAAGATAGACA,4
CAATGGAAACCACTGT,1
CAATGGAAGCCACATA,4
CAATGGAAGCGAGTAA,4
CAATGGAAGCTAACGA,4
CAATGGAAGCTCGGTA,4
CAATGGAAGGAGAACA,4
CAATGGAAGGTGCGAA,4
CAATGGAAGTACGCAA,4
CAATGGAAGTCGTAGA,4
CAATGGAAGTCTGTCA,4
CAATGGAAGTGTTCTA,4
CAATGGAAACATTGGC,7
CAATGGAATAGGATGA,4
CAATGGAATATCAGCA,4
CAATGGAATCCGTCTA,4
CAATGGAATCTTCACA,4
CAATGGAATGAAGAGA,4
CAATGGAATGGAACAA,4
CAATGGAATGGCTTCA,4
CAATGGAATGGTGGTA,4
CAATGGAATTCACGCA,4
CAATGGAAAACTCACC,4
CAATGGAACAGATCTG,7
CAATGGAAAAGAGATC,4
CAATGGAAAAGGACAC,2
CAATGGAAAATCCGTC,2
CAATGGAAAATGTTGC,4
CAATGGAAACACGACC,4
CAATGGAAACAGATTC,2
CAATGGAAAGATGTAC,2
CAATGGAAAGCACCTC,2
CAATGGAAAGCCATGC,2
CAATGGAAAGGCTAAC,1
CAATGGAACATCAAGT,7
CAATGGAAATAGCGAC,1
CAATGGAAATCATTCC,1
CAATGGAAATTGGCTC,2
CAATGGAACAAGGAGC,2
CAATGGAACACCTTAC,2
CAATGGAACCATCCTC,9
CAATGGAACCGACAAC,9
CAATGGAACCTAATCC,9
CAATGGAACCTCTATC,9
CAATGGAACGACACAC,9
CAATGGAACGCTGATC,3
CAATGGAACGGATTGC,9
CAATGGAACTAAGGTC,9
CAATGGAAGAACAGGC,9
CAATGGAAGACAGTGC,8
CAATGGAAGAGTTAGC,9
CAATGGAAGATGAATC,9
CAATGGAAGCCAAGAC,9
CAATGGAACGGAAGAA,9
CAATGGAAGTGACAAG,1
CAATGGAAGAACCAGA,1
GATGAATCTTGCTGGA,1
GATGAATCACGTATCA,1
GATGAATCACTATGCA,1
GATGAATCAGAGTCAA,1
GATGAATCAGATCGCA,1
GATGAATCAGCAGGAA,1
GATGAATCAGTCACTA,1
GATGAATCATCCTGTA,1
GATGAATCATTGAGGA,7
GATGAATCCAACCACA,7
GATGAATCGACTAGTA,7
GATGAATCCAATGGAA,7
GATGAATCCACTTCGA,7
GATGAATCCAGCGTTA,7
GATGAATCCATACCAA,7
GATGAATCCCAGTTCA,7
GATGAATCCCGAAGTA,7
GATGAATCCCGTGAGA,7
GATGAATCCCTCCTGA,7
GATGAATCCGAACTTA,7
GATGAATCCGACTGGA,7
GATGAATCCGCATACA,3
GATGAATCCTCAATGA,3
GATGAATCCTGAGCCA,3
GATGAATCCTGGCATA,3
GATGAATCGAATCTGA,3
GATGAATCCAAGACTA,3
GATGAATCGAGCTGAA,1
GATGAATCGATAGACA,1
GATGAATCGCCACATA,1
GATGAATCGCGAGTAA,1
GATGAATCGCTAACGA,1
GATGAATCGCTCGGTA,1
GATGAATCGGAGAACA,1
GATGAATCGGTGCGAA,1
GATGAATCGTACGCAA,1
GATGAATCGTCGTAGA,1
GATGAATCGTCTGTCA,1
GATGAATCGTGTTCTA,1
GATGAATCTAGGATGA,1
GATGAATCTATCAGCA,1
GATGAATCTCCGTCTA,1
GATGAATCTCTTCACA,1
GATGAATCTGAAGAGA,1
GATGAATCTGGAACAA,6
GATGAATCTGGCTTCA,1
GATGAATCTGGTGGTA,1
GATGAATCTTCACGCA,1
GATGAATCAACTCACC,1
GATGAATCAAGAGATC,1
GATGAATCAAGGACAC,1
GATGAATCAATCCGTC,6
GATGAATCAATGTTGC,1
GATGAATCACACGACC,6
GATGAATCACAGATTC,6
GATGAATCAGATGTAC,6
GATGAATCAGCACCTC,6
GATGAATCAGCCATGC,6
GATGAATCAGGCTAAC,6
GATGAATCATAGCGAC,6
GATGAATCATCATTCC,1
GATGAATCATTGGCTC,1
GATGAATCCAAGGAGC,1
GATGAATCCACCTTAC,1
GATGAATCCCATCCTC,1
GATGAATCCCGACAAC,1
GATGAATCCCTAATCC,1
GATGAATCCCTCTATC,1
GATGAATCCGACACAC,3
GATGAATCCGGATTGC,3
GATGAATCCTAAGGTC,7
GATGAATCGAACAGGC,7
GATGAATCGACAGTGC,7
GATGAATCGAGTTAGC,1
GATGAATCGATGAATC,1
GATGAATCGCCAAGAC,1
GATGAATCCGGAAGAA,1
GATGAATCGTGACAAG,1
GATGAATCGAACCAGA,1
GACTAGTAACAAGCTA,3
GACTAGTATTGCTGGA,1
GACTAGTACTGTAGCC,3
GACTAGTAAGTACAAG,3
GACTAGTAAACAACCA,1
GACTAGTAAACCGAGA,1
GACTAGTAAACGCTTA,1
GACTAGTAAAGACGGA,1
GACTAGTAAAGGTACA,1
GACTAGTAACACAGAA,1
GACTAGTAACAGCAGA,1
GACTAGTAACCTCCAA,1
GACTAGTAACGCTCGA,6
GACTAGTAACGTATCA,6
GACTAGTAACTATGCA,6
GACTAGTAAGAGTCAA,6
GACTAGTAAGATCGCA,1
GACTAGTAAGCAGGAA,1
GACTAGTAAGTCACTA,1
GACTAGTAATCCTGTA,1
GACTAGTAATTGAGGA,1
GACTAGTAATGCCTAA,1
GACTAGTACAACCACA,1
GACTAGTAGACTAGTA,1
GACTAGTACAATGGAA,1
GACTAGTACACTTCGA,1
GACTAGTACAGCGTTA,8
GACTAGTACATACCAA,8
GACTAGTACCAGTTCA,4
GACTAGTACCGAAGTA,4
GACTAGTACCGTGAGA,4
GACTAGTACCTCCTGA,4
GACTAGTAAGTGGTCA,1
GACTAGTACGAACTTA,4
GACTAGTACGACTGGA,4
GACTAGTACGCATACA,4
GACTAGTACTCAATGA,4
GACTAGTACTGAGCCA,4
GACTAGTACTGGCATA,4
GACTAGTAGAATCTGA,4
GACTAGTACAAGACTA,4
GACTAGTAGAGCTGAA,4
GACTAGTAGATAGACA,4
GACTAGTAACCACTGT,1
GACTAGTAGCCACATA,4
GACTAGTAGCGAGTAA,4
GACTAGTAGCTAACGA,4
GACTAGTAGCTCGGTA,4
GACTAGTAGGAGAACA,4
GACTAGTAGGTGCGAA,4
GACTAGTAGTACGCAA,4
GACTAGTAGTCGTAGA,4
GACTAGTAGTCTGTCA,4
GACTAGTAGTGTTCTA,4
GACTAGTAACATTGGC,7
GACTAGTATAGGATGA,4
GACTAGTATATCAGCA,4
GACTAGTATCCGTCTA,4
GACTAGTATCTTCACA,4
GACTAGTATGAAGAGA,4
GACTAGTATGGAACAA,4
GACTAGTATGGCTTCA,4
GACTAGTATGGTGGTA,4
GACTAGTATTCACGCA,4
GACTAGTAAACTCACC,4
GACTAGTACAGATCTG,7
GACTAGTAAAGAGATC,4
GACTAGTAAAGGACAC,4
GACTAGTAAATCCGTC,2
GACTAGTAAATGTTGC,4
GACTAGTAACACGACC,2
GACTAGTAACAGATTC,4
GACTAGTAAGATGTAC,4
GACTAGTAAGCACCTC,2
GACTAGTAAGCCATGC,1
GACTAGTAAGGCTAAC,1
GACTAGTACATCAAGT,7
GACTAGTAATAGCGAC,1
GACTAGTAATCATTCC,2
GACTAGTAATTGGCTC,2
GACTAGTACAAGGAGC,2
GACTAGTACACCTTAC,2
GACTAGTACCATCCTC,9
GACTAGTACCGACAAC,9
GACTAGTACCTAATCC,9
GACTAGTACCTCTATC,9
GACTAGTACGACACAC,9
GACTAGTACGCTGATC,7
GACTAGTACGGATTGC,9
GACTAGTACTAAGGTC,9
GACTAGTAGAACAGGC,9
GACTAGTAGACAGTGC,9
GACTAGTAGAGTTAGC,9
GACTAGTAGATGAATC,9
GACTAGTAGCCAAGAC,9
GACTAGTACGGAAGAA,9
GACTAGTAGTGACAAG,9
GACTAGTAGAACCAGA,9
CAACCACAACAAGCTA,3
CAACCACATTGCTGGA,1
CAACCACACTGTAGCC,3
CAACCACAAGTACAAG,3
CAACCACAAACAACCA,1
CAACCACAAACCGAGA,1
CAACCACAAACGCTTA,1
CAACCACAAAGACGGA,1
CAACCACAAAGGTACA,1
CAACCACAACACAGAA,1
CAACCACAACAGCAGA,1
CAACCACAACCTCCAA,1
CAACCACAACGCTCGA,6
CAACCACAACGTATCA,6
CAACCACAACTATGCA,6
CAACCACAAGAGTCAA,6
CAACCACAAGATCGCA,1
CAACCACAAGCAGGAA,1
CAACCACAAGTCACTA,1
CAACCACAATCCTGTA,1
CAACCACAATTGAGGA,1
CAACCACAATGCCTAA,1
CAACCACACAACCACA,1
CAACCACAGACTAGTA,1
CAACCACACAATGGAA,1
CAACCACACACTTCGA,1
CAACCACACAGCGTTA,1
CAACCACACATACCAA,8
CAACCACACCAGTTCA,4
CAACCACACCGAAGTA,4
CAACCACACCGTGAGA,4
CAACCACACCTCCTGA,4
CAACCACAAGTGGTCA,1
CAACCACACGAACTTA,4
CAACCACACGACTGGA,4
CAACCACACGCATACA,4
CAACCACACTCAATGA,4
CAACCACACTGAGCCA,4
CAACCACACTGGCATA,4
CAACCACAGAATCTGA,4
CAACCACACAAGACTA,4
CAACCACAGAGCTGAA,4
CAACCACAGATAGACA,4
CAACCACAACCACTGT,1
CAACCACAGCCACATA,4
CAACCACAGCGAGTAA,4
CAACCACAGCTAACGA,4
CAACCACAGCTCGGTA,4
CAACCACAGGAGAACA,4
CAACCACAGGTGCGAA,4
CAACCACAGTACGCAA,4
CAACCACAGTCGTAGA,4
CAACCACAGTCTGTCA,4
CAACCACAGTGTTCTA,4
CAACCACAACATTGGC,1
CAACCACATAGGATGA,4
CAACCACATATCAGCA,4
CAACCACATCCGTCTA,4
CAACCACATCTTCACA,4
CAACCACATGAAGAGA,4
CAACCACATGGAACAA,4
CAACCACATGGCTTCA,4
CAACCACATGGTGGTA,4
CAACCACATTCACGCA,4
CAACCACAAACTCACC,4
CAACCACACAGATCTG,7
CAACCACAAAGAGATC,4
CAACCACAAAGGACAC,2
CAACCACAAATCCGTC,4
CAACCACAAATGTTGC,4
CAACCACAACACGACC,2
CAACCACAACAGATTC,2
CAACCACAAGATGTAC,4
CAACCACAAGCACCTC,2
CAACCACAAGCCATGC,1
CAACCACAAGGCTAAC,1
CAACCACACATCAAGT,7
CAACCACAATAGCGAC,1
CAACCACAATCATTCC,2
CAACCACAATTGGCTC,2
CAACCACACAAGGAGC,2
CAACCACACACCTTAC,2
CAACCACACCATCCTC,2
CAACCACACCGACAAC,2
CAACCACACCTAATCC,9
CAACCACACCTCTATC,9
CAACCACACGACACAC,9
CAACCACACGCTGATC,7
CAACCACACGGATTGC,9
CAACCACACTAAGGTC,9
CAACCACAGAACAGGC,9
CAACCACAGACAGTGC,9
CAACCACAGAGTTAGC,9
CAACCACAGATGAATC,9
CAACCACAGCCAAGAC,9
CAACCACACGGAAGAA,9
CAACCACAGTGACAAG,9
CAACCACAGAACCAGA,9
ATTGAGGAACAAGCTA,3
ATTGAGGATTGCTGGA,1
ATTGAGGACTGTAGCC,3
ATTGAGGAAGTACAAG,3
ATTGAGGAAACAACCA,3
ATTGAGGAAACCGAGA,1
ATTGAGGAAACGCTTA,1
ATTGAGGAAAGACGGA,1
ATTGAGGAAAGGTACA,1
ATTGAGGAACACAGAA,1
ATTGAGGAACAGCAGA,1
ATTGAGGAACCTCCAA,1
ATTGAGGAACGCTCGA,1
ATTGAGGAACGTATCA,1
ATTGAGGAACTATGCA,6
ATTGAGGAAGAGTCAA,6
ATTGAGGAAGATCGCA,1
ATTGAGGAAGCAGGAA,1
ATTGAGGAAGTCACTA,1
ATTGAGGAATCCTGTA,1
ATTGAGGAATTGAGGA,1
ATTGAGGACAACCACA,1
ATTGAGGAGACTAGTA,1
ATTGAGGACAATGGAA,1
ATTGAGGACACTTCGA,1
ATTGAGGACAGCGTTA,1
ATTGAGGACATACCAA,4
ATTGAGGACCAGTTCA,4
ATTGAGGACCGAAGTA,4
ATTGAGGACCGTGAGA,4
ATTGAGGACCTCCTGA,4
ATTGAGGAAGTGGTCA,1
ATTGAGGACGAACTTA,4
ATTGAGGACGACTGGA,4
ATTGAGGACGCATACA,4
ATTGAGGACTCAATGA,4
ATTGAGGACTGAGCCA,4
ATTGAGGACTGGCATA,4
ATTGAGGAGAATCTGA,4
ATTGAGGACAAGACTA,4
ATTGAGGAGAGCTGAA,4
ATTGAGGAGATAGACA,4
ATTGAGGAACCACTGT,1
ATTGAGGAGCCACATA,4
ATTGAGGAGCGAGTAA,4
ATTGAGGAGCTAACGA,4
ATTGAGGAGCTCGGTA,4
ATTGAGGAGGAGAACA,4
ATTGAGGAGGTGCGAA,4
ATTGAGGAGTACGCAA,4
ATTGAGGAGTCGTAGA,4
ATTGAGGAGTCTGTCA,4
ATTGAGGAGTGTTCTA,4
ATTGAGGAACATTGGC,1
ATTGAGGATAGGATGA,4
ATTGAGGATATCAGCA,4
ATTGAGGATCCGTCTA,4
ATTGAGGATCTTCACA,4
ATTGAGGATGAAGAGA,4
ATTGAGGATGGAACAA,4
ATTGAGGATGGCTTCA,4
ATTGAGGATGGTGGTA,4
ATTGAGGATTCACGCA,4
ATTGAGGAAACTCACC,4
ATTGAGGACAGATCTG,7
ATTGAGGAAAGAGATC,4
ATTGAGGAAAGGACAC,4
ATTGAGGAAATCCGTC,4
ATTGAGGAAATGTTGC,2
ATTGAGGAACACGACC,2
ATTGAGGAACAGATTC,4
ATTGAGGAAGATGTAC,2
ATTGAGGAAGCACCTC,2
ATTGAGGAAGCCATGC,1
ATTGAGGAAGGCTAAC,1
ATTGAGGACATCAAGT,7
ATTGAGGAATAGCGAC,1
ATTGAGGAATCATTCC,2
ATTGAGGAATTGGCTC,2
ATTGAGGACAAGGAGC,2
ATTGAGGACACCTTAC,2
ATTGAGGACCATCCTC,2
ATTGAGGACCGACAAC,2
ATTGAGGACCTAATCC,9
ATTGAGGACCTCTATC,9
ATTGAGGACGACACAC,9
ATTGAGGACGCTGATC,7
ATTGAGGACGGATTGC,9
ATTGAGGACTAAGGTC,9
ATTGAGGAGAACAGGC,9
ATTGAGGAGACAGTGC,9
ATTGAGGAGAGTTAGC,9
ATTGAGGAGATGAATC,9
ATTGAGGAGCCAAGAC,9
ATTGAGGACGGAAGAA,9
ATTGAGGAGTGACAAG,9
ATTGAGGAGAACCAGA,9
ATCCTGTAACAAGCTA,7
ATCCTGTATTGCTGGA,9
ATCCTGTACTGTAGCC,3
ATCCTGTAAGTACAAG,3
ATCCTGTAAACAACCA,1
ATCCTGTAAACCGAGA,1
ATCCTGTAAACGCTTA,1
ATCCTGTAAAGACGGA,1
ATCCTGTAAAGGTACA,1
ATCCTGTAACACAGAA,1
ATCCTGTAACAGCAGA,1
ATCCTGTAACCTCCAA,1
ATCCTGTAACGCTCGA,1
ATCCTGTAACGTATCA,1
ATCCTGTAACTATGCA,1
ATCCTGTAAGAGTCAA,6
ATCCTGTAAGATCGCA,1
ATCCTGTAAGCAGGAA,1
ATCCTGTAAGTCACTA,1
ATCCTGTAATCCTGTA,1
ATCCTGTAATTGAGGA,1
ATCCTGTACAACCACA,1
ATCCTGTAGACTAGTA,1
ATCCTGTACAATGGAA,1
ATCCTGTACACTTCGA,1
ATCCTGTACAGCGTTA,6
ATCCTGTACATACCAA,6
ATCCTGTACCAGTTCA,4
ATCCTGTACCGAAGTA,4
ATCCTGTACCGTGAGA,4
ATCCTGTACCTCCTGA,4
ATCCTGTAAGTGGTCA,1
ATCCTGTACGAACTTA,4
ATCCTGTACGACTGGA,4
ATCCTGTACGCATACA,4
ATCCTGTACTCAATGA,4
ATCCTGTACTGAGCCA,4
ATCCTGTACTGGCATA,4
ATCCTGTAGAATCTGA,4
ATCCTGTACAAGACTA,4
ATCCTGTAGAGCTGAA,4
ATCCTGTAGATAGACA,4
ATCCTGTAACCACTGT,1
ATCCTGTAGCCACATA,4
ATCCTGTAGCGAGTAA,4
ATCCTGTAGCTAACGA,4
ATCCTGTAGCTCGGTA,4
ATCCTGTAGGAGAACA,4
ATCCTGTAGGTGCGAA,4
ATCCTGTAGTACGCAA,4
ATCCTGTAGTCGTAGA,4
ATCCTGTAGTCTGTCA,4
ATCCTGTAGTGTTCTA,4
ATCCTGTAACATTGGC,1
ATCCTGTATAGGATGA,4
ATCCTGTATATCAGCA,4
ATCCTGTATCCGTCTA,4
ATCCTGTATCTTCACA,4
ATCCTGTATGAAGAGA,4
ATCCTGTATGGAACAA,4
ATCCTGTATGGCTTCA,4
ATCCTGTATGGTGGTA,4
ATCCTGTATTCACGCA,4
ATCCTGTAAACTCACC,4
ATCCTGTACAGATCTG,7
ATCCTGTAAAGAGATC,4
ATCCTGTAAAGGACAC,4
ATCCTGTAAATCCGTC,2
ATCCTGTAAATGTTGC,4
ATCCTGTAACACGACC,2
ATCCTGTAACAGATTC,2
ATCCTGTAAGATGTAC,2
ATCCTGTAAGCACCTC,2
ATCCTGTAAGCCATGC,2
ATCCTGTAAGGCTAAC,1
ATCCTGTACATCAAGT,7
ATCCTGTAATAGCGAC,1
ATCCTGTAATCATTCC,2
ATCCTGTAATTGGCTC,2
ATCCTGTACAAGGAGC,2
ATCCTGTACACCTTAC,2
ATCCTGTACCATCCTC,2
ATCCTGTACCGACAAC,2
ATCCTGTACCTAATCC,2
ATCCTGTACCTCTATC,9
ATCCTGTACGACACAC,9
ATCCTGTACGCTGATC,7
ATCCTGTACGGATTGC,9
ATCCTGTACTAAGGTC,9
ATCCTGTAGAACAGGC,9
ATCCTGTAGACAGTGC,9
ATCCTGTAGAGTTAGC,9
ATCCTGTAGATGAATC,9
ATCCTGTAGCCAAGAC,9
ATCCTGTACGGAAGAA,9
ATCCTGTAGTGACAAG,9
ATCCTGTAGAACCAGA,9
AGTCACTAACAAGCTA,7
AGTCACTATTGCTGGA,9
AGTCACTACTGTAGCC,7
AGTCACTAAGTACAAG,1
AGTCACTAAACAACCA,1
AGTCACTAAACCGAGA,1
AGTCACTAAACGCTTA,1
AGTCACTAAAGACGGA,1
AGTCACTAAAGGTACA,1
AGTCACTAACACAGAA,1
AGTCACTAACAGCAGA,1
AGTCACTAACCTCCAA,1
AGTCACTAACGCTCGA,1
AGTCACTAACGTATCA,1
AGTCACTAACTATGCA,1
AGTCACTAAGAGTCAA,6
AGTCACTAAGATCGCA,1
AGTCACTAAGCAGGAA,1
AGTCACTAAGTCACTA,1
AGTCACTAATCCTGTA,1
AGTCACTAATTGAGGA,1
AGTCACTACAACCACA,1
AGTCACTAGACTAGTA,1
AGTCACTACAATGGAA,1
AGTCACTACACTTCGA,1
AGTCACTACAGCGTTA,1
AGTCACTACATACCAA,6
AGTCACTACCAGTTCA,4
AGTCACTACCGAAGTA,4
AGTCACTACCGTGAGA,4
AGTCACTACCTCCTGA,4
AGTCACTACGAACTTA,4
AGTCACTACGACTGGA,4
AGTCACTACGCATACA,4
AGTCACTACTCAATGA,4
AGTCACTACTGAGCCA,4
AGTCACTACTGGCATA,4
AGTCACTAGAATCTGA,4
AGTCACTACAAGACTA,4
AGTCACTAGAGCTGAA,4
AGTCACTAGATAGACA,4
AGTCACTAACCACTGT,1
AGTCACTAGCCACATA,4
AGTCACTAGCGAGTAA,4
AGTCACTAGCTAACGA,4
AGTCACTAGCTCGGTA,4
AGTCACTAGGAGAACA,4
AGTCACTAGGTGCGAA,4
AGTCACTAGTACGCAA,4
AGTCACTAGTCGTAGA,4
AGTCACTAGTCTGTCA,4
AGTCACTAGTGTTCTA,4
AGTCACTAACATTGGC,1
AGTCACTATAGGATGA,4
AGTCACTATATCAGCA,4
AGTCACTATCCGTCTA,4
AGTCACTATCTTCACA,4
AGTCACTATGAAGAGA,4
AGTCACTATGGAACAA,4
AGTCACTATGGCTTCA,4
AGTCACTATGGTGGTA,4
AGTCACTATTCACGCA,4
AGTCACTAAACTCACC,4
AGTCACTACAGATCTG,7
AGTCACTAAAGAGATC,4
AGTCACTAAAGGACAC,4
AGTCACTAAATCCGTC,2
AGTCACTAAATGTTGC,2
AGTCACTAACACGACC,2
AGTCACTAACAGATTC,2
AGTCACTAAGATGTAC,2
AGTCACTAAGCACCTC,2
AGTCACTAAGCCATGC,2
AGTCACTAAGGCTAAC,2
AGTCACTACATCAAGT,7
AGTCACTAATAGCGAC,2
AGTCACTAATCATTCC,2
AGTCACTAATTGGCTC,2
AGTCACTACAAGGAGC,2
AGTCACTACACCTTAC,2
AGTCACTACCATCCTC,2
AGTCACTACCGACAAC,2
AGTCACTACCTAATCC,2
AGTCACTACCTCTATC,2
AGTCACTACGACACAC,9
AGTCACTACGCTGATC,7
AGTCACTACGGATTGC,9
AGTCACTACTAAGGTC,9
AGTCACTAGAACAGGC,9
AGTCACTAGACAGTGC,9
AGTCACTAGAGTTAGC,9
AGTCACTAGATGAATC,9
AGTCACTAGCCAAGAC,9
AGTCACTACGGAAGAA,9
AGTCACTAGTGACAAG,9
AGTCACTAGAACCAGA,1
AGCAGGAAACAAGCTA,7
AGCAGGAATTGCTGGA,1
AGCAGGAACTGTAGCC,1
AGCAGGAAAGTACAAG,1
AGCAGGAAAACAACCA,1
AGCAGGAAAACCGAGA,1
AGCAGGAAAACGCTTA,1
AGCAGGAAAAGACGGA,1
AGCAGGAAAAGGTACA,1
AGCAGGAAACACAGAA,1
AGCAGGAAACAGCAGA,1
AGCAGGAAACCTCCAA,1
AGCAGGAAACGCTCGA,1
AGCAGGAAACGTATCA,1
AGCAGGAAACTATGCA,1
AGCAGGAAAGAGTCAA,6
AGCAGGAAAGATCGCA,1
AGCAGGAAAGCAGGAA,1
AGCAGGAAAGTCACTA,1
AGCAGGAAATCCTGTA,1
AGCAGGAAATTGAGGA,1
AGCAGGAACAACCACA,1
AGCAGGAAGACTAGTA,1
AGCAGGAACAATGGAA,1
AGCAGGAACACTTCGA,1
AGCAGGAACAGCGTTA,1
AGCAGGAACATACCAA,1
AGCAGGAACCAGTTCA,1
AGCAGGAACCGAAGTA,4
AGCAGGAACCGTGAGA,4
AGCAGGAACCTCCTGA,4
AGCAGGAACGAACTTA,4
AGCAGGAACGACTGGA,4
AGCAGGAACGCATACA,4
AGCAGGAACTCAATGA,4
AGCAGGAACTGAGCCA,4
AGCAGGAACTGGCATA,4
AGCAGGAAGAATCTGA,4
AGCAGGAACAAGACTA,4
AGCAGGAAGAGCTGAA,4
AGCAGGAAGATAGACA,4
AGCAGGAAACCACTGT,1
AGCAGGAAGCCACATA,4
AGCAGGAAGCGAGTAA,4
AGCAGGAAGCTAACGA,4
AGCAGGAAGCTCGGTA,4
AGCAGGAAGGAGAACA,4
AGCAGGAAGGTGCGAA,4
AGCAGGAAGTACGCAA,4
AGCAGGAAGTCGTAGA,4
AGCAGGAAGTCTGTCA,4
AGCAGGAAGTGTTCTA,4
AGCAGGAAACATTGGC,1
AGCAGGAATAGGATGA,4
AGCAGGAATATCAGCA,4
AGCAGGAATCCGTCTA,4
AGCAGGAATCTTCACA,4
AGCAGGAATGAAGAGA,4
AGCAGGAATGGAACAA,4
AGCAGGAATGGCTTCA,4
AGCAGGAATGGTGGTA,4
AGCAGGAATTCACGCA,4
AGCAGGAAAACTCACC,4
AGCAGGAACAGATCTG,1
AGCAGGAAAAGAGATC,4
AGCAGGAAAAGGACAC,4
AGCAGGAAAATCCGTC,4
AGCAGGAAAATGTTGC,2
AGCAGGAAACACGACC,2
AGCAGGAAACAGATTC,2
AGCAGGAAAGATGTAC,2
AGCAGGAAAGCACCTC,2
AGCAGGAAAGCCATGC,2
AGCAGGAAAGGCTAAC,2
AGCAGGAACATCAAGT,7
AGCAGGAAATAGCGAC,2
AGCAGGAAATCATTCC,2
AGCAGGAAATTGGCTC,2
AGCAGGAACAAGGAGC,2
AGCAGGAACACCTTAC,2
AGCAGGAACCATCCTC,2
AGCAGGAACCGACAAC,2
AGCAGGAACCTAATCC,2
AGCAGGAACCTCTATC,2
AGCAGGAACGACACAC,9
AGCAGGAACGCTGATC,7
AGCAGGAACGGATTGC,9
AGCAGGAACTAAGGTC,9
AGCAGGAAGAACAGGC,9
AGCAGGAAGACAGTGC,9
AGCAGGAAGAGTTAGC,8
AGCAGGAAGATGAATC,9
AGCAGGAAGCCAAGAC,9
AGCAGGAACGGAAGAA,9
AGCAGGAAGTGACAAG,9
AGCAGGAAGAACCAGA,1
AGATCGCAACAAGCTA,7
AGATCGCATTGCTGGA,8
AGATCGCACTGTAGCC,1
AGATCGCAAGTACAAG,7
AGATCGCAAACAACCA,1
AGATCGCAAACCGAGA,1
AGATCGCAAACGCTTA,1
AGATCGCAAAGACGGA,1
AGATCGCAAAGGTACA,1
AGATCGCAACACAGAA,1
AGATCGCAACAGCAGA,1
AGATCGCAACCTCCAA,1
AGATCGCAACGCTCGA,1
AGATCGCAACGTATCA,1
AGATCGCAACTATGCA,1
AGATCGCAAGAGTCAA,6
AGATCGCAAGATCGCA,1
AGATCGCAAGCAGGAA,1
AGATCGCAAGTCACTA,1
AGATCGCAATCCTGTA,1
AGATCGCAATTGAGGA,1
AGATCGCACAACCACA,1
AGATCGCAGACTAGTA,1
AGATCGCACAATGGAA,1
AGATCGCACACTTCGA,1
AGATCGCACAGCGTTA,1
AGATCGCACATACCAA,1
AGATCGCACCAGTTCA,8
AGATCGCACCGAAGTA,4
AGATCGCACCGTGAGA,4
AGATCGCACCTCCTGA,4
AGATCGCACGAACTTA,4
AGATCGCACGACTGGA,4
AGATCGCACGCATACA,4
AGATCGCACTCAATGA,4
AGATCGCACTGAGCCA,4
AGATCGCACTGGCATA,4
AGATCGCAGAATCTGA,4
AGATCGCACAAGACTA,4
AGATCGCAGAGCTGAA,8
AGATCGCAGATAGACA,4
AGATCGCAACCACTGT,1
AGATCGCAGCCACATA,4
AGATCGCAGCGAGTAA,4
AGATCGCAGCTAACGA,4
AGATCGCAGCTCGGTA,4
AGATCGCAGGAGAACA,4
AGATCGCAGGTGCGAA,4
AGATCGCAGTACGCAA,4
AGATCGCAGTCGTAGA,4
AGATCGCAGTCTGTCA,4
AGATCGCAGTGTTCTA,4
AGATCGCAACATTGGC,1
AGATCGCATAGGATGA,4
AGATCGCATATCAGCA,4
AGATCGCATCCGTCTA,4
AGATCGCATCTTCACA,4
AGATCGCATGAAGAGA,4
AGATCGCATGGAACAA,4
AGATCGCATGGCTTCA,4
AGATCGCATGGTGGTA,4
AGATCGCATTCACGCA,4
AGATCGCAAACTCACC,4
AGATCGCACAGATCTG,1
AGATCGCAAAGAGATC,4
AGATCGCAAAGGACAC,4
AGATCGCAAATCCGTC,2
AGATCGCAAATGTTGC,2
AGATCGCAACACGACC,2
AGATCGCAACAGATTC,2
AGATCGCAAGATGTAC,2
AGATCGCAAGCACCTC,2
AGATCGCAAGCCATGC,2
AGATCGCAAGGCTAAC,2
AGATCGCACATCAAGT,1
AGATCGCAATAGCGAC,2
AGATCGCAATCATTCC,2
AGATCGCAATTGGCTC,2
AGATCGCACAAGGAGC,2
AGATCGCACACCTTAC,2
AGATCGCACCATCCTC,2
AGATCGCACCGACAAC,2
AGATCGCACCTAATCC,2
AGATCGCACCTCTATC,2
AGATCGCACGACACAC,9
AGATCGCACGCTGATC,1
AGATCGCACGGATTGC,9
AGATCGCACTAAGGTC,9
AGATCGCAGAACAGGC,9
AGATCGCAGACAGTGC,9
AGATCGCAGAGTTAGC,9
AGATCGCAGATGAATC,9
AGATCGCAGCCAAGAC,9
AGATCGCACGGAAGAA,9
AGATCGCAGTGACAAG,9
AGATCGCAGAACCAGA,1
AGAGTCAAACAAGCTA,1
AGAGTCAATTGCTGGA,1
AGAGTCAACTGTAGCC,1
AGAGTCAAAGTACAAG,7
AGAGTCAAAACAACCA,7
AGAGTCAAAACCGAGA,1
AGAGTCAAAACGCTTA,1
AGAGTCAAAAGACGGA,1
AGAGTCAAAAGGTACA,1
AGAGTCAAACACAGAA,1
AGAGTCAAACAGCAGA,1
AGAGTCAAACCTCCAA,1
AGAGTCAAACGCTCGA,1
AGAGTCAAACGTATCA,1
AGAGTCAAACTATGCA,1
AGAGTCAAAGAGTCAA,1
AGAGTCAAAGATCGCA,1
AGAGTCAAAGCAGGAA,1
AGAGTCAAAGTCACTA,1
AGAGTCAAATCCTGTA,1
AGAGTCAAATTGAGGA,1
AGAGTCAACAACCACA,1
AGAGTCAAGACTAGTA,1
AGAGTCAACAATGGAA,1
AGAGTCAACACTTCGA,1
AGAGTCAACAGCGTTA,1
AGAGTCAACATACCAA,1
AGAGTCAACCAGTTCA,8
AGAGTCAACCGAAGTA,4
AGAGTCAACCGTGAGA,4
AGAGTCAACCTCCTGA,4
AGAGTCAACGAACTTA,4
AGAGTCAACGACTGGA,4
AGAGTCAACGCATACA,4
AGAGTCAACTCAATGA,4
AGAGTCAACTGAGCCA,4
AGAGTCAACTGGCATA,4
AGAGTCAAGAATCTGA,4
AGAGTCAACAAGACTA,4
AGAGTCAAGAGCTGAA,4
AGAGTCAAGATAGACA,4
AGAGTCAAGCCACATA,4
AGAGTCAAGCGAGTAA,4
AGAGTCAAGCTAACGA,4
AGAGTCAAGCTCGGTA,4
AGAGTCAAGGAGAACA,4
AGAGTCAAGGTGCGAA,4
AGAGTCAAGTACGCAA,4
AGAGTCAAGTCGTAGA,4
AGAGTCAAGTCTGTCA,4
AGAGTCAAGTGTTCTA,4
AGAGTCAAACATTGGC,1
AGAGTCAATAGGATGA,4
AGAGTCAATATCAGCA,4
AGAGTCAATCCGTCTA,4
AGAGTCAATCTTCACA,4
AGAGTCAATGAAGAGA,4
AGAGTCAATGGAACAA,4
AGAGTCAATGGCTTCA,4
AGAGTCAATGGTGGTA,4
AGAGTCAATTCACGCA,4
AGAGTCAAAACTCACC,4
AGAGTCAACAGATCTG,1
AGAGTCAAAAGAGATC,4
AGAGTCAAAAGGACAC,4
AGAGTCAAAATCCGTC,4
AGAGTCAAAATGTTGC,4
AGAGTCAAACACGACC,8
AGAGTCAAACAGATTC,8
AGAGTCAAAGATGTAC,4
AGAGTCAAAGCACCTC,2
AGAGTCAAAGCCATGC,2
AGAGTCAAAGGCTAAC,2
AGAGTCAACATCAAGT,1
AGAGTCAAATAGCGAC,2
AGAGTCAAATCATTCC,2
AGAGTCAAATTGGCTC,2
AGAGTCAACAAGGAGC,2
AGAGTCAACACCTTAC,2
AGAGTCAACCATCCTC,2
AGAGTCAACCGACAAC,2
AGAGTCAACCTAATCC,2
AGAGTCAACCTCTATC,2
AGAGTCAACGACACAC,2
AGAGTCAACGCTGATC,1
AGAGTCAACGGATTGC,9
AGAGTCAACTAAGGTC,9
AGAGTCAAGAACAGGC,9
AGAGTCAAGACAGTGC,9
AGAGTCAAGAGTTAGC,9
AGAGTCAAGATGAATC,9
AGAGTCAAGCCAAGAC,9
AGAGTCAACGGAAGAA,9
AGAGTCAAGTGACAAG,9
AGAGTCAAGAACCAGA,1
ACTATGCAACAAGCTA,1
ACTATGCATTGCTGGA,1
ACTATGCACTGTAGCC,7
ACTATGCAAGTACAAG,1
ACTATGCAAACAACCA,1
ACTATGCAAACCGAGA,1
ACTATGCAAACGCTTA,1
ACTATGCAAAGACGGA,1
ACTATGCAAAGGTACA,1
ACTATGCAACACAGAA,1
ACTATGCAACAGCAGA,1
ACTATGCAACCTCCAA,1
ACTATGCAACGCTCGA,1
ACTATGCAACGTATCA,1
ACTATGCAACTATGCA,6
ACTATGCAAGAGTCAA,1
ACTATGCAAGATCGCA,1
ACTATGCAAGCAGGAA,6
ACTATGCAAGTCACTA,1
ACTATGCAATCCTGTA,1
ACTATGCAATTGAGGA,1
ACTATGCACAACCACA,1
ACTATGCAGACTAGTA,1
ACTATGCACAATGGAA,1
ACTATGCACACTTCGA,1
ACTATGCACAGCGTTA,1
ACTATGCACATACCAA,1
ACTATGCACCAGTTCA,1
ACTATGCACCGAAGTA,4
ACTATGCACCGTGAGA,4
ACTATGCACCTCCTGA,4
ACTATGCACGAACTTA,4
ACTATGCACGACTGGA,4
ACTATGCACGCATACA,4
ACTATGCACTCAATGA,4
ACTATGCACTGAGCCA,4
ACTATGCACTGGCATA,4
ACTATGCAGAATCTGA,4
ACTATGCACAAGACTA,4
ACTATGCAGAGCTGAA,4
ACTATGCAGATAGACA,4
ACTATGCAGCCACATA,4
ACTATGCAGCGAGTAA,4
ACTATGCAGCTAACGA,4
ACTATGCAGCTCGGTA,4
ACTATGCAGGAGAACA,4
ACTATGCAGGTGCGAA,4
ACTATGCAGTACGCAA,4
ACTATGCAGTCGTAGA,4
ACTATGCAGTCTGTCA,4
ACTATGCAGTGTTCTA,4
ACTATGCAACATTGGC,1
ACTATGCATAGGATGA,4
ACTATGCATATCAGCA,4
ACTATGCATCCGTCTA,4
ACTATGCATCTTCACA,4
ACTATGCATGAAGAGA,4
ACTATGCATGGAACAA,4
ACTATGCATGGCTTCA,4
ACTATGCATGGTGGTA,4
ACTATGCATTCACGCA,4
ACTATGCAAACTCACC,4
ACTATGCACAGATCTG,1
ACTATGCAAAGAGATC,2
ACTATGCAAAGGACAC,2
ACTATGCAAATCCGTC,8
ACTATGCAAATGTTGC,8
ACTATGCAACACGACC,8
ACTATGCAACAGATTC,8
ACTATGCAAGATGTAC,8
ACTATGCAAGCACCTC,2
ACTATGCAAGCCATGC,2
ACTATGCAAGGCTAAC,2
ACTATGCACATCAAGT,1
ACTATGCAATAGCGAC,2
ACTATGCAATCATTCC,2
ACTATGCAATTGGCTC,2
ACTATGCACAAGGAGC,2
ACTATGCACACCTTAC,2
ACTATGCACCATCCTC,2
ACTATGCACCGACAAC,2
ACTATGCACCTAATCC,2
ACTATGCACCTCTATC,2
ACTATGCACGACACAC,5
ACTATGCACGCTGATC,1
ACTATGCACGGATTGC,5
ACTATGCACTAAGGTC,5
ACTATGCAGAACAGGC,5
ACTATGCAGACAGTGC,5
ACTATGCAGAGTTAGC,9
ACTATGCAGATGAATC,9
ACTATGCAGCCAAGAC,9
ACTATGCACGGAAGAA,9
ACTATGCAGTGACAAG,9
ACTATGCAGAACCAGA,9
ACGTATCAACAAGCTA,1
ACGTATCATTGCTGGA,1
ACGTATCACTGTAGCC,1
ACGTATCAAGTACAAG,7
ACGTATCAAACAACCA,1
ACGTATCAAACCGAGA,7
ACGTATCAAACGCTTA,1
ACGTATCAAAGACGGA,1
ACGTATCAAAGGTACA,1
ACGTATCAACACAGAA,1
ACGTATCAACAGCAGA,1
ACGTATCAACCTCCAA,1
ACGTATCAACGCTCGA,1
ACGTATCAACGTATCA,1
ACGTATCAACTATGCA,1
ACGTATCAAGAGTCAA,1
ACGTATCAAGATCGCA,1
ACGTATCAAGCAGGAA,6
ACGTATCAAGTCACTA,1
ACGTATCAATCCTGTA,1
ACGTATCAATTGAGGA,1
ACGTATCACAACCACA,1
ACGTATCAGACTAGTA,1
ACGTATCACAATGGAA,1
ACGTATCACACTTCGA,1
ACGTATCACAGCGTTA,1
ACGTATCACATACCAA,1
ACGTATCACCAGTTCA,1
ACGTATCACCGAAGTA,1
ACGTATCACCGTGAGA,4
ACGTATCACCTCCTGA,4
ACGTATCACGAACTTA,4
ACGTATCACGACTGGA,4
ACGTATCACGCATACA,4
ACGTATCACTCAATGA,4
ACGTATCACTGAGCCA,4
ACGTATCACTGGCATA,4
ACGTATCAGAATCTGA,4
ACGTATCACAAGACTA,4
ACGTATCAGAGCTGAA,4
ACGTATCAGATAGACA,4
ACGTATCAGCCACATA,4
ACGTATCAGCGAGTAA,4
ACGTATCAGCTAACGA,4
ACGTATCAGCTCGGTA,4
ACGTATCAGGAGAACA,4
ACGTATCAGGTGCGAA,4
ACGTATCAGTACGCAA,4
ACGTATCAGTCGTAGA,4
ACGTATCAGTCTGTCA,4
ACGTATCAGTGTTCTA,4
ACGTATCAACATTGGC,1
ACGTATCATAGGATGA,4
ACGTATCATATCAGCA,4
ACGTATCATCCGTCTA,4
ACGTATCATCTTCACA,4
ACGTATCATGAAGAGA,4
ACGTATCATGGAACAA,4
ACGTATCATGGCTTCA,4
ACGTATCATGGTGGTA,4
ACGTATCATTCACGCA,4
ACGTATCAAACTCACC,2
ACGTATCACAGATCTG,1
ACGTATCAAAGAGATC,2
ACGTATCAAAGGACAC,2
ACGTATCAAATCCGTC,8
ACGTATCAAATGTTGC,8
ACGTATCAACACGACC,8
ACGTATCAACAGATTC,8
ACGTATCAAGATGTAC,8
ACGTATCAAGCACCTC,8
ACGTATCAAGCCATGC,2
ACGTATCAAGGCTAAC,2
ACGTATCACATCAAGT,1
ACGTATCAATAGCGAC,2
ACGTATCAATCATTCC,2
ACGTATCAATTGGCTC,2
ACGTATCACAAGGAGC,2
ACGTATCACACCTTAC,2
ACGTATCACCATCCTC,2
ACGTATCACCGACAAC,2
ACGTATCACCTAATCC,2
ACGTATCACCTCTATC,2
ACGTATCACGACACAC,5
ACGTATCACGCTGATC,1
ACGTATCACGGATTGC,5
ACGTATCACTAAGGTC,5
ACGTATCAGAACAGGC,5
ACGTATCAGACAGTGC,5
ACGTATCAGAGTTAGC,9
ACGTATCAGATGAATC,9
ACGTATCAGCCAAGAC,9
ACGTATCACGGAAGAA,9
ACGTATCAGTGACAAG,9
ACGTATCAGAACCAGA,9
GAGTTAGCTTGCTGGA,1
GAGTTAGCACGCTCGA,7
GAGTTAGCACGTATCA,7
GAGTTAGCACTATGCA,7
GAGTTAGCAGAGTCAA,1
GAGTTAGCAGATCGCA,1
GAGTTAGCAGCAGGAA,7
GAGTTAGCAGTCACTA,7
GAGTTAGCATCCTGTA,7
GAGTTAGCATTGAGGA,7
GAGTTAGCCAACCACA,7
GAGTTAGCGACTAGTA,7
GAGTTAGCCAATGGAA,7
GAGTTAGCCACTTCGA,7
GAGTTAGCCAGCGTTA,7
GAGTTAGCCATACCAA,7
GAGTTAGCCCAGTTCA,7
GAGTTAGCCCGAAGTA,7
GAGTTAGCCCGTGAGA,1
GAGTTAGCCCTCCTGA,7
GAGTTAGCCGAACTTA,7
GAGTTAGCCGACTGGA,3
GAGTTAGCCGCATACA,3
GAGTTAGCCTCAATGA,3
GAGTTAGCCTGAGCCA,3
GAGTTAGCCTGGCATA,3
GAGTTAGCGAATCTGA,3
GAGTTAGCCAAGACTA,1
GAGTTAGCGAGCTGAA,1
GAGTTAGCGATAGACA,1
GAGTTAGCGCCACATA,1
GAGTTAGCGCGAGTAA,1
GAGTTAGCGCTAACGA,1
GAGTTAGCGCTCGGTA,1
GAGTTAGCGGAGAACA,1
GAGTTAGCGGTGCGAA,1
GAGTTAGCGTACGCAA,1
GAGTTAGCGTCGTAGA,1
GAGTTAGCGTCTGTCA,1
GAGTTAGCGTGTTCTA,1
GAGTTAGCTAGGATGA,1
GAGTTAGCTATCAGCA,1
GAGTTAGCTCCGTCTA,1
GAGTTAGCTCTTCACA,1
GAGTTAGCTGAAGAGA,1
GAGTTAGCTGGAACAA,6
GAGTTAGCTGGCTTCA,1
GAGTTAGCTGGTGGTA,1
GAGTTAGCTTCACGCA,1
GAGTTAGCAACTCACC,1
GAGTTAGCAAGAGATC,1
GAGTTAGCAAGGACAC,1
GAGTTAGCAATCCGTC,1
GAGTTAGCAATGTTGC,6
GAGTTAGCACACGACC,6
GAGTTAGCACAGATTC,6
GAGTTAGCAGATGTAC,6
GAGTTAGCAGCACCTC,6
GAGTTAGCAGCCATGC,6
GAGTTAGCAGGCTAAC,6
GAGTTAGCATAGCGAC,6
GAGTTAGCATCATTCC,1
GAGTTAGCATTGGCTC,1
GAGTTAGCCAAGGAGC,1
GAGTTAGCCACCTTAC,1
GAGTTAGCCCATCCTC,1
GAGTTAGCCCGACAAC,1
GAGTTAGCCCTAATCC,1
GAGTTAGCCCTCTATC,1
GAGTTAGCCGACACAC,3
GAGTTAGCCGGATTGC,3
GAGTTAGCCTAAGGTC,7
GAGTTAGCGAACAGGC,7
GAGTTAGCGACAGTGC,7
GAGTTAGCGAGTTAGC,1
GAGTTAGCGATGAATC,1
GAGTTAGCGCCAAGAC,1
GAGTTAGCCGGAAGAA,1
GAGTTAGCGTGACAAG,1
GAGTTAGCGAACCAGA,1
ACGCTCGAACAAGCTA,1
ACGCTCGATTGCTGGA,1
ACGCTCGACTGTAGCC,1
ACGCTCGAAGTACAAG,1
ACGCTCGAAACAACCA,1
ACGCTCGAAACCGAGA,1
ACGCTCGAAACGCTTA,1
ACGCTCGAAAGACGGA,1
ACGCTCGAAAGGTACA,1
ACGCTCGAACACAGAA,1
ACGCTCGAACAGCAGA,1
ACGCTCGAACCTCCAA,1
ACGCTCGAACGCTCGA,1
ACGCTCGAACGTATCA,1
ACGCTCGAACTATGCA,1
ACGCTCGAAGAGTCAA,1
ACGCTCGAAGATCGCA,1
ACGCTCGAAGCAGGAA,1
ACGCTCGAAGTCACTA,1
ACGCTCGAATCCTGTA,1
ACGCTCGAATTGAGGA,1
ACGCTCGACAACCACA,1
ACGCTCGAGACTAGTA,1
ACGCTCGACAATGGAA,1
ACGCTCGACACTTCGA,1
ACGCTCGACAGCGTTA,1
ACGCTCGACATACCAA,1
ACGCTCGACCAGTTCA,1
ACGCTCGACCGAAGTA,1
ACGCTCGACCGTGAGA,4
ACGCTCGACCTCCTGA,4
ACGCTCGACGAACTTA,4
ACGCTCGACGACTGGA,4
ACGCTCGACGCATACA,4
ACGCTCGACTCAATGA,4
ACGCTCGACTGAGCCA,4
ACGCTCGACTGGCATA,4
ACGCTCGAGAATCTGA,4
ACGCTCGACAAGACTA,4
ACGCTCGAGAGCTGAA,4
ACGCTCGAGATAGACA,4
ACGCTCGAGCCACATA,4
ACGCTCGAGCGAGTAA,4
ACGCTCGAGCTAACGA,4
ACGCTCGAGCTCGGTA,4
ACGCTCGAGGAGAACA,4
ACGCTCGAGGTGCGAA,4
ACGCTCGAGTACGCAA,4
ACGCTCGAGTCGTAGA,4
ACGCTCGAGTCTGTCA,4
ACGCTCGAGTGTTCTA,4
ACGCTCGATAGGATGA,4
ACGCTCGATATCAGCA,4
ACGCTCGATCCGTCTA,4
ACGCTCGATCTTCACA,2
ACGCTCGATGAAGAGA,4
ACGCTCGATGGAACAA,2
ACGCTCGATGGCTTCA,4
ACGCTCGATGGTGGTA,4
ACGCTCGATTCACGCA,4
ACGCTCGAAACTCACC,4
ACGCTCGAAAGAGATC,2
ACGCTCGAAAGGACAC,8
ACGCTCGAAATCCGTC,8
ACGCTCGAAATGTTGC,8
ACGCTCGAACACGACC,8
ACGCTCGAACAGATTC,8
ACGCTCGAAGATGTAC,8
ACGCTCGAAGCACCTC,4
ACGCTCGAAGCCATGC,2
ACGCTCGAAGGCTAAC,2
ACGCTCGACATCAAGT,1
ACGCTCGAATAGCGAC,2
ACGCTCGAATCATTCC,2
ACGCTCGAATTGGCTC,2
ACGCTCGACAAGGAGC,2
ACGCTCGACACCTTAC,2
ACGCTCGACCATCCTC,2
ACGCTCGACCGACAAC,2
ACGCTCGACCTAATCC,2
ACGCTCGACCTCTATC,2
ACGCTCGACGACACAC,5
ACGCTCGACGCTGATC,1
ACGCTCGACGGATTGC,5
ACGCTCGACTAAGGTC,5
ACGCTCGAGAACAGGC,5
ACGCTCGAGACAGTGC,5
ACGCTCGAGAGTTAGC,5
ACGCTCGAGATGAATC,9
ACGCTCGAGCCAAGAC,9
ACGCTCGACGGAAGAA,9
ACGCTCGAGTGACAAG,9
ACGCTCGAGAACCAGA,1
ACCTCCAAACAAGCTA,1
ACCTCCAATTGCTGGA,1
ACCTCCAACTGTAGCC,1
ACCTCCAAAGTACAAG,1
ACCTCCAAAACAACCA,1
ACCTCCAAAACCGAGA,7
ACCTCCAAAACGCTTA,1
ACCTCCAAAAGACGGA,1
ACCTCCAAAAGGTACA,1
ACCTCCAAACACAGAA,1
ACCTCCAAACAGCAGA,1
ACCTCCAAACCTCCAA,1
ACCTCCAAACGCTCGA,1
ACCTCCAAACGTATCA,1
ACCTCCAAACTATGCA,1
ACCTCCAAAGAGTCAA,1
ACCTCCAAAGATCGCA,6
ACCTCCAAAGCAGGAA,1
ACCTCCAAAGTCACTA,1
ACCTCCAAATCCTGTA,1
ACCTCCAAATTGAGGA,1
ACCTCCAACAACCACA,1
ACCTCCAAGACTAGTA,1
ACCTCCAACAATGGAA,1
ACCTCCAACACTTCGA,1
ACCTCCAACAGCGTTA,1
ACCTCCAACATACCAA,1
ACCTCCAACCAGTTCA,1
ACCTCCAACCGAAGTA,1
ACCTCCAACCGTGAGA,4
ACCTCCAACCTCCTGA,4
ACCTCCAACGAACTTA,4
ACCTCCAACGACTGGA,4
ACCTCCAACGCATACA,4
ACCTCCAACTCAATGA,4
ACCTCCAACTGAGCCA,4
ACCTCCAACTGGCATA,4
ACCTCCAAGAATCTGA,4
ACCTCCAACAAGACTA,4
ACCTCCAAGAGCTGAA,4
ACCTCCAAGATAGACA,4
ACCTCCAAGCCACATA,4
ACCTCCAAGCGAGTAA,4
ACCTCCAAGCTAACGA,4
ACCTCCAAGCTCGGTA,4
ACCTCCAAGGAGAACA,4
ACCTCCAAGGTGCGAA,4
ACCTCCAAGTACGCAA,4
ACCTCCAAGTCGTAGA,4
ACCTCCAAGTCTGTCA,4
ACCTCCAAGTGTTCTA,4
ACCTCCAAACATTGGC,1
ACCTCCAATAGGATGA,4
ACCTCCAATATCAGCA,4
ACCTCCAATCCGTCTA,2
ACCTCCAATCTTCACA,2
ACCTCCAATGAAGAGA,2
ACCTCCAATGGAACAA,2
ACCTCCAATGGCTTCA,2
ACCTCCAATGGTGGTA,2
ACCTCCAATTCACGCA,4
ACCTCCAAAACTCACC,2
ACCTCCAACAGATCTG,1
ACCTCCAAAAGAGATC,8
ACCTCCAAAAGGACAC,8
ACCTCCAAAATCCGTC,8
ACCTCCAAAATGTTGC,8
ACCTCCAAACACGACC,8
ACCTCCAAACAGATTC,8
ACCTCCAAAGATGTAC,8
ACCTCCAAAGCACCTC,1
ACCTCCAAAGCCATGC,2
ACCTCCAAAGGCTAAC,2
ACCTCCAACATCAAGT,1
ACCTCCAAATAGCGAC,2
ACCTCCAAATCATTCC,2
ACCTCCAAATTGGCTC,2
ACCTCCAACAAGGAGC,2
ACCTCCAACACCTTAC,2
ACCTCCAACCATCCTC,2
ACCTCCAACCGACAAC,2
ACCTCCAACCTAATCC,2
ACCTCCAACCTCTATC,2
ACCTCCAACGACACAC,5
ACCTCCAACGCTGATC,1
ACCTCCAACGGATTGC,5
ACCTCCAACTAAGGTC,5
ACCTCCAAGAACAGGC,5
ACCTCCAAGACAGTGC,5
ACCTCCAAGAGTTAGC,5
ACCTCCAAGATGAATC,9
ACCTCCAAGCCAAGAC,9
ACCTCCAACGGAAGAA,9
ACCTCCAAGTGACAAG,9
ACCTCCAAGAACCAGA,1
ACAGCAGAACAAGCTA,1
ACAGCAGATTGCTGGA,1
ACAGCAGACTGTAGCC,1
ACAGCAGAAGTACAAG,1
ACAGCAGAAACAACCA,1
ACAGCAGAAACCGAGA,1
ACAGCAGAAACGCTTA,1
ACAGCAGAAAGACGGA,1
ACAGCAGAAAGGTACA,1
ACAGCAGAACACAGAA,1
ACAGCAGAACAGCAGA,1
ACAGCAGAACCTCCAA,1
ACAGCAGAACGCTCGA,1
ACAGCAGAACGTATCA,1
ACAGCAGAACTATGCA,1
ACAGCAGAAGAGTCAA,1
ACAGCAGAAGATCGCA,1
ACAGCAGAAGCAGGAA,1
ACAGCAGAAGTCACTA,1
ACAGCAGAATCCTGTA,1
ACAGCAGAATTGAGGA,1
ACAGCAGACAACCACA,1
ACAGCAGAGACTAGTA,1
ACAGCAGACAATGGAA,1
ACAGCAGACACTTCGA,1
ACAGCAGACAGCGTTA,1
ACAGCAGACATACCAA,1
ACAGCAGACCAGTTCA,1
ACAGCAGACCGAAGTA,1
ACAGCAGACCGTGAGA,1
ACAGCAGACCTCCTGA,4
ACAGCAGACGAACTTA,4
ACAGCAGACGACTGGA,4
ACAGCAGACGCATACA,4
ACAGCAGACTCAATGA,4
ACAGCAGACTGAGCCA,4
ACAGCAGACTGGCATA,4
ACAGCAGAGAATCTGA,4
ACAGCAGACAAGACTA,4
ACAGCAGAGAGCTGAA,4
ACAGCAGAGATAGACA,4
ACAGCAGAGCCACATA,4
ACAGCAGAGCGAGTAA,4
ACAGCAGAGCTAACGA,4
ACAGCAGAGCTCGGTA,4
ACAGCAGAGGAGAACA,4
ACAGCAGAGGTGCGAA,4
ACAGCAGAGTACGCAA,4
ACAGCAGAGTCGTAGA,4
ACAGCAGAGTCTGTCA,4
ACAGCAGAGTGTTCTA,4
ACAGCAGATAGGATGA,4
ACAGCAGATATCAGCA,4
ACAGCAGATCCGTCTA,2
ACAGCAGATCTTCACA,2
ACAGCAGATGAAGAGA,2
ACAGCAGATGGAACAA,2
ACAGCAGATGGCTTCA,2
ACAGCAGATGGTGGTA,4
ACAGCAGATTCACGCA,4
ACAGCAGAAACTCACC,4
ACAGCAGACAGATCTG,1
ACAGCAGAAAGAGATC,8
ACAGCAGAAAGGACAC,8
ACAGCAGAAATCCGTC,8
ACAGCAGAAATGTTGC,8
ACAGCAGAACACGACC,8
ACAGCAGAACAGATTC,8
ACAGCAGAAGATGTAC,8
ACAGCAGAAGCACCTC,2
ACAGCAGAAGCCATGC,2
ACAGCAGAAGGCTAAC,2
ACAGCAGACATCAAGT,1
ACAGCAGAATAGCGAC,2
ACAGCAGAATCATTCC,2
ACAGCAGAATTGGCTC,2
ACAGCAGACAAGGAGC,2
ACAGCAGACACCTTAC,2
ACAGCAGACCATCCTC,2
ACAGCAGACCGACAAC,2
ACAGCAGACCTAATCC,2
ACAGCAGACCTCTATC,2
ACAGCAGACGACACAC,5
ACAGCAGACGCTGATC,1
ACAGCAGACGGATTGC,5
ACAGCAGACTAAGGTC,5
ACAGCAGAGAACAGGC,5
ACAGCAGAGACAGTGC,5
ACAGCAGAGAGTTAGC,5
ACAGCAGAGATGAATC,9
ACAGCAGAGCCAAGAC,9
ACAGCAGACGGAAGAA,9
ACAGCAGAGTGACAAG,9
ACAGCAGAGAACCAGA,1
ACACAGAAACAAGCTA,1
ACACAGAATTGCTGGA,1
ACACAGAACTGTAGCC,1
ACACAGAAAGTACAAG,1
ACACAGAAAACAACCA,1
ACACAGAAAACCGAGA,1
ACACAGAAAACGCTTA,1
ACACAGAAAAGACGGA,1
ACACAGAAAAGGTACA,1
ACACAGAAACACAGAA,1
ACACAGAAACAGCAGA,1
ACACAGAAACCTCCAA,1
ACACAGAAACGCTCGA,1
ACACAGAAACGTATCA,1
ACACAGAAACTATGCA,1
ACACAGAAAGAGTCAA,1
ACACAGAAAGATCGCA,1
ACACAGAAAGCAGGAA,1
ACACAGAAAGTCACTA,1
ACACAGAAATCCTGTA,1
ACACAGAAATTGAGGA,1
ACACAGAACAACCACA,1
ACACAGAAGACTAGTA,1
ACACAGAACAATGGAA,1
ACACAGAACACTTCGA,1
ACACAGAACAGCGTTA,1
ACACAGAACATACCAA,1
ACACAGAACCAGTTCA,1
ACACAGAACCGAAGTA,1
ACACAGAACCGTGAGA,4
ACACAGAACCTCCTGA,4
ACACAGAACGAACTTA,4
ACACAGAACGACTGGA,4
ACACAGAACGCATACA,4
ACACAGAACTCAATGA,4
ACACAGAACTGAGCCA,4
ACACAGAACTGGCATA,4
ACACAGAAGAATCTGA,4
ACACAGAACAAGACTA,4
ACACAGAAGAGCTGAA,4
ACACAGAAGATAGACA,4
ACACAGAAGCCACATA,4
ACACAGAAGCGAGTAA,4
ACACAGAAGCTAACGA,4
ACACAGAAGCTCGGTA,4
ACACAGAAGGAGAACA,4
ACACAGAAGGTGCGAA,4
ACACAGAAGTACGCAA,4
ACACAGAAGTCGTAGA,4
ACACAGAAGTCTGTCA,4
ACACAGAAGTGTTCTA,4
ACACAGAATAGGATGA,2
ACACAGAATATCAGCA,2
ACACAGAATCCGTCTA,2
ACACAGAATCTTCACA,4
ACACAGAATGAAGAGA,2
ACACAGAATGGAACAA,2
ACACAGAATGGCTTCA,2
ACACAGAATGGTGGTA,4
ACACAGAATTCACGCA,4
ACACAGAAAACTCACC,4
ACACAGAACAGATCTG,1
ACACAGAAAAGAGATC,4
ACACAGAAAAGGACAC,8
ACACAGAAAATCCGTC,8
ACACAGAAAATGTTGC,8
ACACAGAAACACGACC,8
ACACAGAAACAGATTC,8
ACACAGAAAGATGTAC,4
ACACAGAAAGCACCTC,2
ACACAGAAAGCCATGC,2
ACACAGAAAGGCTAAC,2
ACACAGAACATCAAGT,1
ACACAGAAATAGCGAC,2
ACACAGAAATCATTCC,2
ACACAGAAATTGGCTC,2
ACACAGAACAAGGAGC,2
ACACAGAACACCTTAC,2
ACACAGAACCATCCTC,2
ACACAGAACCGACAAC,2
ACACAGAACCTAATCC,2
ACACAGAACCTCTATC,2
ACACAGAACGACACAC,2
ACACAGAACGCTGATC,1
ACACAGAACGGATTGC,5
ACACAGAACTAAGGTC,5
ACACAGAAGAACAGGC,5
ACACAGAAGACAGTGC,5
ACACAGAAGAGTTAGC,5
ACACAGAAGATGAATC,9
ACACAGAAGCCAAGAC,9
ACACAGAACGGAAGAA,9
ACACAGAAGTGACAAG,9
ACACAGAAGAACCAGA,1
AAGGTACAACAAGCTA,1
AAGGTACATTGCTGGA,1
AAGGTACACTGTAGCC,1
AAGGTACAAGTACAAG,1
AAGGTACAAACAACCA,1
AAGGTACAAACCGAGA,1
AAGGTACAAACGCTTA,1
AAGGTACAAAGACGGA,1
AAGGTACAAAGGTACA,1
AAGGTACAACACAGAA,1
AAGGTACAACAGCAGA,1
AAGGTACAACCTCCAA,1
AAGGTACAACGCTCGA,1
AAGGTACAACGTATCA,1
AAGGTACAACTATGCA,1
AAGGTACAAGAGTCAA,1
AAGGTACAAGATCGCA,1
AAGGTACAAGCAGGAA,1
AAGGTACAAGTCACTA,1
AAGGTACAATCCTGTA,1
AAGGTACAATTGAGGA,1
AAGGTACACAACCACA,1
AAGGTACAGACTAGTA,1
AAGGTACACAATGGAA,1
AAGGTACACACTTCGA,1
AAGGTACACAGCGTTA,1
AAGGTACACATACCAA,1
AAGGTACACCAGTTCA,1
AAGGTACACCGAAGTA,1
AAGGTACACCGTGAGA,1
AAGGTACACCTCCTGA,8
AAGGTACACGAACTTA,4
AAGGTACACGACTGGA,4
AAGGTACACGCATACA,4
AAGGTACACTCAATGA,4
AAGGTACACTGAGCCA,4
AAGGTACACTGGCATA,4
AAGGTACAGAATCTGA,4
AAGGTACACAAGACTA,4
AAGGTACAGAGCTGAA,4
AAGGTACAGATAGACA,4
AAGGTACAGCCACATA,4
AAGGTACAGCGAGTAA,4
AAGGTACAGCTAACGA,4
AAGGTACAGCTCGGTA,4
AAGGTACAGGAGAACA,4
AAGGTACAGGTGCGAA,4
AAGGTACAGTACGCAA,4
AAGGTACAGTCGTAGA,4
AAGGTACAGTCTGTCA,4
AAGGTACAGTGTTCTA,4
AAGGTACATAGGATGA,2
AAGGTACATATCAGCA,4
AAGGTACATCCGTCTA,2
AAGGTACATCTTCACA,4
AAGGTACATGAAGAGA,2
AAGGTACATGGAACAA,2
AAGGTACATGGCTTCA,4
AAGGTACATGGTGGTA,4
AAGGTACATTCACGCA,4
AAGGTACAAACTCACC,4
AAGGTACAAAGAGATC,8
AAGGTACAAAGGACAC,8
AAGGTACAAATCCGTC,8
AAGGTACAAATGTTGC,8
AAGGTACAACACGACC,2
AAGGTACAACAGATTC,2
AAGGTACAAGATGTAC,4
AAGGTACAAGCACCTC,2
AAGGTACAAGCCATGC,2
AAGGTACAAGGCTAAC,2
AAGGTACACATCAAGT,1
AAGGTACAATAGCGAC,2
AAGGTACAATCATTCC,2
AAGGTACAATTGGCTC,2
AAGGTACACAAGGAGC,2
AAGGTACACACCTTAC,2
AAGGTACACCATCCTC,2
AAGGTACACCGACAAC,2
AAGGTACACCTAATCC,2
AAGGTACACCTCTATC,2
AAGGTACACGACACAC,2
AAGGTACACGCTGATC,1
AAGGTACACGGATTGC,5
AAGGTACACTAAGGTC,5
AAGGTACAGAACAGGC,5
AAGGTACAGACAGTGC,5
AAGGTACAGAGTTAGC,5
AAGGTACAGATGAATC,1
AAGGTACAGCCAAGAC,9
AAGGTACACGGAAGAA,9
AAGGTACAGTGACAAG,9
AAGGTACAGAACCAGA,9
AAGACGGAACAAGCTA,1
AAGACGGATTGCTGGA,1
AAGACGGACTGTAGCC,1
AAGACGGAAGTACAAG,1
AAGACGGAAACAACCA,1
AAGACGGAAACCGAGA,1
AAGACGGAAACGCTTA,1
AAGACGGAAAGACGGA,1
AAGACGGAAAGGTACA,1
AAGACGGAACACAGAA,1
AAGACGGAACAGCAGA,1
AAGACGGAACCTCCAA,1
AAGACGGAACGCTCGA,1
AAGACGGAACGTATCA,1
AAGACGGAACTATGCA,1
AAGACGGAAGAGTCAA,1
AAGACGGAAGATCGCA,1
AAGACGGAAGCAGGAA,1
AAGACGGAAGTCACTA,1
AAGACGGAATCCTGTA,1
AAGACGGAATTGAGGA,1
AAGACGGACAACCACA,1
AAGACGGAGACTAGTA,1
AAGACGGACAATGGAA,1
AAGACGGACACTTCGA,1
AAGACGGACAGCGTTA,1
AAGACGGACATACCAA,1
AAGACGGACCAGTTCA,1
AAGACGGACCGAAGTA,1
AAGACGGACCGTGAGA,1
AAGACGGACCTCCTGA,8
AAGACGGACGAACTTA,4
AAGACGGACGACTGGA,4
AAGACGGACGCATACA,4
AAGACGGACTCAATGA,4
AAGACGGACTGAGCCA,4
AAGACGGACTGGCATA,4
AAGACGGAGAATCTGA,4
AAGACGGACAAGACTA,4
AAGACGGAGAGCTGAA,4
AAGACGGAGATAGACA,4
AAGACGGAGCCACATA,4
AAGACGGAGCGAGTAA,4
AAGACGGAGCTAACGA,4
AAGACGGAGCTCGGTA,4
AAGACGGAGGAGAACA,4
AAGACGGAGGTGCGAA,4
AAGACGGAGTACGCAA,4
AAGACGGAGTCGTAGA,4
AAGACGGAGTCTGTCA,4
AAGACGGAGTGTTCTA,4
AAGACGGATAGGATGA,4
AAGACGGATATCAGCA,4
AAGACGGATCCGTCTA,4
AAGACGGATCTTCACA,4
AAGACGGATGAAGAGA,2
AAGACGGATGGAACAA,2
AAGACGGATGGCTTCA,4
AAGACGGATGGTGGTA,4
AAGACGGATTCACGCA,4
AAGACGGAAACTCACC,4
AAGACGGAAAGAGATC,4
AAGACGGAAAGGACAC,4
AAGACGGAAATCCGTC,4
AAGACGGAAATGTTGC,4
AAGACGGAACACGACC,2
AAGACGGAACAGATTC,2
AAGACGGAAGATGTAC,2
AAGACGGAAGCACCTC,2
AAGACGGAAGCCATGC,2
AAGACGGAAGGCTAAC,2
AAGACGGACATCAAGT,1
AAGACGGAATAGCGAC,2
AAGACGGAATCATTCC,2
AAGACGGAATTGGCTC,2
AAGACGGACAAGGAGC,2
AAGACGGACACCTTAC,2
AAGACGGACCATCCTC,2
AAGACGGACCGACAAC,2
AAGACGGACCTAATCC,2
AAGACGGACCTCTATC,2
AAGACGGACGACACAC,2
AAGACGGACGCTGATC,1
AAGACGGACGGATTGC,5
AAGACGGACTAAGGTC,5
AAGACGGAGAACAGGC,5
AAGACGGAGACAGTGC,5
AAGACGGAGAGTTAGC,5
AAGACGGAGATGAATC,9
AAGACGGAGCCAAGAC,9
AAGACGGACGGAAGAA,9
AAGACGGAGTGACAAG,9
AAGACGGAGAACCAGA,1
AACGCTTAACAAGCTA,1
AACGCTTATTGCTGGA,1
AACGCTTACTGTAGCC,1
AACGCTTAAGTACAAG,1
AACGCTTAAACAACCA,1
AACGCTTAAACCGAGA,1
AACGCTTAAACGCTTA,1
AACGCTTAAAGACGGA,1
AACGCTTAAAGGTACA,1
AACGCTTAACACAGAA,7
AACGCTTAACAGCAGA,7
AACGCTTAACCTCCAA,7
AACGCTTAACGCTCGA,1
AACGCTTAACGTATCA,1
AACGCTTAACTATGCA,1
AACGCTTAAGAGTCAA,1
AACGCTTAAGATCGCA,1
AACGCTTAAGCAGGAA,1
AACGCTTAAGTCACTA,1
AACGCTTAATCCTGTA,1
AACGCTTAATTGAGGA,1
AACGCTTACAACCACA,1
AACGCTTAGACTAGTA,1
AACGCTTACAATGGAA,1
AACGCTTACACTTCGA,1
AACGCTTACAGCGTTA,1
AACGCTTACATACCAA,1
AACGCTTACCAGTTCA,1
AACGCTTACCGAAGTA,1
AACGCTTACCGTGAGA,1
AACGCTTACCTCCTGA,1
AACGCTTACGAACTTA,1
AACGCTTACGACTGGA,1
AACGCTTACGCATACA,4
AACGCTTACTCAATGA,4
AACGCTTACTGAGCCA,4
AACGCTTACTGGCATA,4
AACGCTTAGAATCTGA,4
AACGCTTACAAGACTA,4
AACGCTTAGAGCTGAA,4
AACGCTTAGATAGACA,2
AACGCTTAGCCACATA,4
AACGCTTAGCGAGTAA,4
AACGCTTAGCTAACGA,4
AACGCTTAGCTCGGTA,4
AACGCTTAGGAGAACA,4
AACGCTTAGGTGCGAA,4
AACGCTTAGTACGCAA,4
AACGCTTAGTCGTAGA,4
AACGCTTAGTCTGTCA,4
AACGCTTAGTGTTCTA,4
AACGCTTATAGGATGA,2
AACGCTTATATCAGCA,4
AACGCTTATCCGTCTA,4
AACGCTTATCTTCACA,4
AACGCTTATGAAGAGA,4
AACGCTTATGGAACAA,4
AACGCTTATGGCTTCA,2
AACGCTTATGGTGGTA,4
AACGCTTATTCACGCA,2
AACGCTTAAACTCACC,4
AACGCTTAAAGAGATC,4
AACGCTTAAAGGACAC,4
AACGCTTAAATCCGTC,4
AACGCTTAAATGTTGC,4
AACGCTTAACACGACC,2
AACGCTTAACAGATTC,2
AACGCTTAAGATGTAC,2
AACGCTTAAGCACCTC,2
AACGCTTAAGCCATGC,2
AACGCTTAAGGCTAAC,2
AACGCTTAATAGCGAC,2
AACGCTTAATCATTCC,2
AACGCTTAATTGGCTC,2
AACGCTTACAAGGAGC,2
AACGCTTACACCTTAC,2
AACGCTTACCATCCTC,2
AACGCTTACCGACAAC,2
AACGCTTACCTAATCC,2
AACGCTTACCTCTATC,2
AACGCTTACGACACAC,2
AACGCTTACGCTGATC,5
AACGCTTACGGATTGC,5
AACGCTTACTAAGGTC,5
AACGCTTAGAACAGGC,5
AACGCTTAGACAGTGC,5
AACGCTTAGAGTTAGC,5
AACGCTTAGATGAATC,1
AACGCTTAGCCAAGAC,8
AACGCTTACGGAAGAA,1
AACGCTTAGTGACAAG,1
AACGCTTAGAACCAGA,1
AACCGAGAACAAGCTA,1
AACCGAGATTGCTGGA,1
AACCGAGACTGTAGCC,1
AACCGAGAAGTACAAG,1
AACCGAGAAACAACCA,5
AACCGAGAAACCGAGA,5
AACCGAGAAACGCTTA,1
AACCGAGAAAGACGGA,1
AACCGAGAAAGGTACA,1
AACCGAGAACACAGAA,1
AACCGAGAACAGCAGA,1
AACCGAGAACCTCCAA,1
AACCGAGAACGCTCGA,1
AACCGAGAACGTATCA,1
AACCGAGAACTATGCA,1
AACCGAGAAGAGTCAA,1
AACCGAGAAGATCGCA,1
AACCGAGAAGCAGGAA,1
AACCGAGAAGTCACTA,1
AACCGAGAATCCTGTA,1
AACCGAGAATTGAGGA,1
AACCGAGACAACCACA,1
AACCGAGAGACTAGTA,1
AACCGAGACAATGGAA,1
AACCGAGACACTTCGA,1
AACCGAGACAGCGTTA,1
AACCGAGACATACCAA,1
AACCGAGACCAGTTCA,1
AACCGAGACCGAAGTA,1
AACCGAGACCGTGAGA,1
AACCGAGACCTCCTGA,1
AACCGAGACGAACTTA,1
AACCGAGACGACTGGA,4
AACCGAGACGCATACA,4
AACCGAGACTCAATGA,4
AACCGAGACTGAGCCA,4
AACCGAGACTGGCATA,4
AACCGAGAGAATCTGA,4
AACCGAGACAAGACTA,4
AACCGAGAGAGCTGAA,4
AACCGAGAGATAGACA,4
AACCGAGAGCCACATA,4
AACCGAGAGCGAGTAA,4
AACCGAGAGCTAACGA,4
AACCGAGAGCTCGGTA,4
AACCGAGAGGAGAACA,4
AACCGAGAGGTGCGAA,4
AACCGAGAGTACGCAA,4
AACCGAGAGTCGTAGA,4
AACCGAGAGTCTGTCA,4
AACCGAGAGTGTTCTA,4
AACCGAGATAGGATGA,4
AACCGAGATATCAGCA,4
AACCGAGATCCGTCTA,4
AACCGAGATCTTCACA,4
AACCGAGATGAAGAGA,4
AACCGAGATGGAACAA,4
AACCGAGATGGCTTCA,2
AACCGAGATGGTGGTA,4
AACCGAGATTCACGCA,4
AACCGAGAAACTCACC,2
AACCGAGAAAGAGATC,4
AACCGAGAAAGGACAC,2
AACCGAGAAATCCGTC,4
AACCGAGAAATGTTGC,4
AACCGAGAACACGACC,2
AACCGAGAACAGATTC,2
AACCGAGAAGATGTAC,2
AACCGAGAAGCACCTC,2
AACCGAGAAGCCATGC,2
AACCGAGAAGGCTAAC,2
AACCGAGAATAGCGAC,2
AACCGAGAATCATTCC,2
AACCGAGAATTGGCTC,2
AACCGAGACAAGGAGC,2
AACCGAGACACCTTAC,2
AACCGAGACCATCCTC,2
AACCGAGACCGACAAC,2
AACCGAGACCTAATCC,2
AACCGAGACCTCTATC,2
AACCGAGACGACACAC,2
AACCGAGACGCTGATC,5
AACCGAGACGGATTGC,5
AACCGAGACTAAGGTC,5
AACCGAGAGAACAGGC,5
AACCGAGAGACAGTGC,5
AACCGAGAGAGTTAGC,5
AACCGAGAGATGAATC,9
AACCGAGAGCCAAGAC,1
AACCGAGACGGAAGAA,8
AACCGAGAGTGACAAG,1
AACCGAGAGAACCAGA,1
AACAACCAACAAGCTA,1
AACAACCATTGCTGGA,1
AACAACCACTGTAGCC,1
AACAACCAAGTACAAG,1
AACAACCAAACAACCA,5
AACAACCAAACCGAGA,1
AACAACCAAACGCTTA,1
AACAACCAAAGACGGA,1
AACAACCAAAGGTACA,1
AACAACCAACACAGAA,1
AACAACCAACAGCAGA,1
AACAACCAACCTCCAA,1
AACAACCAACGCTCGA,1
AACAACCAACGTATCA,1
AACAACCAACTATGCA,1
AACAACCAAGAGTCAA,1
AACAACCAAGATCGCA,1
AACAACCAAGCAGGAA,1
AACAACCAAGTCACTA,1
AACAACCAATCCTGTA,1
AACAACCAATTGAGGA,1
AACAACCACAACCACA,1
AACAACCAGACTAGTA,1
AACAACCACAATGGAA,1
AACAACCACACTTCGA,1
AACAACCACAGCGTTA,1
AACAACCACATACCAA,1
AACAACCACCAGTTCA,1
AACAACCACCGAAGTA,1
AACAACCACCGTGAGA,1
AACAACCACCTCCTGA,1
AACAACCACGAACTTA,1
AACAACCACGACTGGA,1
AACAACCACGCATACA,4
AACAACCACTCAATGA,4
AACAACCACTGAGCCA,4
AACAACCACTGGCATA,4
AACAACCAGAATCTGA,4
AACAACCACAAGACTA,4
AACAACCAGAGCTGAA,4
AACAACCAGATAGACA,4
AACAACCAGCCACATA,4
AACAACCAGCGAGTAA,4
AACAACCAGCTAACGA,4
AACAACCAGCTCGGTA,4
AACAACCAGGAGAACA,4
AACAACCAGGTGCGAA,4
AACAACCAGTACGCAA,4
AACAACCAGTCGTAGA,4
AACAACCAGTCTGTCA,4
AACAACCAGTGTTCTA,4
AACAACCATAGGATGA,4
AACAACCATATCAGCA,4
AACAACCATCCGTCTA,4
AACAACCATCTTCACA,4
AACAACCATGAAGAGA,4
AACAACCATGGAACAA,4
AACAACCATGGCTTCA,4
AACAACCATGGTGGTA,4
AACAACCATTCACGCA,4
AACAACCAAACTCACC,4
AACAACCAAAGAGATC,2
AACAACCAAAGGACAC,4
AACAACCAAATCCGTC,2
AACAACCAAATGTTGC,2
AACAACCAACACGACC,2
AACAACCAACAGATTC,2
AACAACCAAGATGTAC,2
AACAACCAAGCACCTC,2
AACAACCAAGCCATGC,2
AACAACCAAGGCTAAC,2
AACAACCAATAGCGAC,2
AACAACCAATCATTCC,2
AACAACCAATTGGCTC,2
AACAACCACAAGGAGC,2
AACAACCACACCTTAC,2
AACAACCACCATCCTC,2
AACAACCACCGACAAC,2
AACAACCACCTAATCC,2
AACAACCACCTCTATC,2
AACAACCACGACACAC,2
AACAACCACGGATTGC,5
AACAACCACTAAGGTC,5
AACAACCAGAACAGGC,5
AACAACCAGACAGTGC,5
AACAACCAGAGTTAGC,2
AACAACCAGATGAATC,2
AACAACCAGCCAAGAC,1
AACAACCACGGAAGAA,1
AACAACCAGTGACAAG,9
AACAACCAGAACCAGA,1
AGTACAAGTTGCTGGA,1
AGTACAAGCTGTAGCC,1
AGTACAAGAGTACAAG,1
AGTACAAGAACAACCA,1
AGTACAAGAACCGAGA,1
AGTACAAGAACGCTTA,1
AGTACAAGAAGACGGA,1
AGTACAAGAAGGTACA,1
AGTACAAGACACAGAA,1
AGTACAAGACAGCAGA,1
AGTACAAGACCTCCAA,1
AGTACAAGACGCTCGA,1
AGTACAAGACGTATCA,1
AGTACAAGACTATGCA,1
AGTACAAGAGAGTCAA,1
AGTACAAGAGATCGCA,1
AGTACAAGAGCAGGAA,1
AGTACAAGAGTCACTA,1
AGTACAAGATCCTGTA,1
AGTACAAGATTGAGGA,1
AGTACAAGCAACCACA,1
AGTACAAGGACTAGTA,1
AGTACAAGCAATGGAA,1
AGTACAAGCACTTCGA,1
AGTACAAGCAGCGTTA,1
AGTACAAGCATACCAA,1
AGTACAAGCCAGTTCA,1
AGTACAAGCCGAAGTA,1
AGTACAAGCCGTGAGA,1
AGTACAAGCCTCCTGA,1
AGTACAAGCGAACTTA,1
AGTACAAGCGACTGGA,1
AGTACAAGCGCATACA,1
AGTACAAGCTCAATGA,4
AGTACAAGCTGAGCCA,4
AGTACAAGCTGGCATA,4
AGTACAAGGAATCTGA,4
AGTACAAGCAAGACTA,4
AGTACAAGGAGCTGAA,4
AGTACAAGGATAGACA,4
AGTACAAGGCCACATA,4
AGTACAAGGCGAGTAA,4
AGTACAAGGCTAACGA,4
AGTACAAGGCTCGGTA,4
AGTACAAGGGAGAACA,4
AGTACAAGGGTGCGAA,4
AGTACAAGGTACGCAA,4
AGTACAAGGTCGTAGA,4
AGTACAAGGTCTGTCA,4
AGTACAAGGTGTTCTA,4
AGTACAAGTAGGATGA,4
AGTACAAGTATCAGCA,4
AGTACAAGTCCGTCTA,4
AGTACAAGTCTTCACA,4
AGTACAAGTGAAGAGA,4
AGTACAAGTGGAACAA,4
AGTACAAGTGGCTTCA,2
AGTACAAGTGGTGGTA,2
AGTACAAGTTCACGCA,2
AGTACAAGAACTCACC,4
AGTACAAGAAGAGATC,2
AGTACAAGAAGGACAC,2
AGTACAAGAATCCGTC,2
AGTACAAGAATGTTGC,2
AGTACAAGACACGACC,2
AGTACAAGACAGATTC,2
AGTACAAGAGATGTAC,2
AGTACAAGAGCACCTC,2
AGTACAAGAGCCATGC,2
AGTACAAGAGGCTAAC,2
AGTACAAGATAGCGAC,2
AGTACAAGATCATTCC,2
AGTACAAGATTGGCTC,2
AGTACAAGCAAGGAGC,2
AGTACAAGCACCTTAC,2
AGTACAAGCCATCCTC,2
AGTACAAGCCGACAAC,2
AGTACAAGCCTAATCC,2
AGTACAAGCCTCTATC,2
AGTACAAGCGACACAC,5
AGTACAAGCGGATTGC,5
AGTACAAGCTAAGGTC,5
AGTACAAGGAACAGGC,5
AGTACAAGGACAGTGC,5
AGTACAAGGAGTTAGC,9
AGTACAAGGATGAATC,1
AGTACAAGGCCAAGAC,9
AGTACAAGCGGAAGAA,1
AGTACAAGGTGACAAG,1
AGTACAAGGAACCAGA,1
GACAGTGCTTGCTGGA,1
GACAGTGCACGCTCGA,7
GACAGTGCACGTATCA,7
GACAGTGCACTATGCA,7
GACAGTGCAGAGTCAA,7
GACAGTGCAGATCGCA,7
GACAGTGCAGCAGGAA,7
GACAGTGCAGTCACTA,7
GACAGTGCATCCTGTA,7
GACAGTGCATTGAGGA,7
GACAGTGCCAACCACA,7
GACAGTGCGACTAGTA,7
GACAGTGCCAATGGAA,7
GACAGTGCCACTTCGA,7
GACAGTGCCAGCGTTA,7
GACAGTGCCATACCAA,7
GACAGTGCCCAGTTCA,7
GACAGTGCCCGAAGTA,7
GACAGTGCCCGTGAGA,3
GACAGTGCCCTCCTGA,7
GACAGTGCCGAACTTA,3
GACAGTGCCGACTGGA,3
GACAGTGCCGCATACA,3
GACAGTGCCTCAATGA,3
GACAGTGCCTGAGCCA,3
GACAGTGCCTGGCATA,3
GACAGTGCGAATCTGA,1
GACAGTGCCAAGACTA,1
GACAGTGCGAGCTGAA,1
GACAGTGCGATAGACA,1
GACAGTGCGCCACATA,1
GACAGTGCGCGAGTAA,1
GACAGTGCGCTAACGA,1
GACAGTGCGCTCGGTA,1
GACAGTGCGGAGAACA,1
GACAGTGCGGTGCGAA,1
GACAGTGCGTACGCAA,1
GACAGTGCGTCGTAGA,1
GACAGTGCGTCTGTCA,1
GACAGTGCGTGTTCTA,1
GACAGTGCTAGGATGA,6
GACAGTGCTATCAGCA,1
GACAGTGCTCCGTCTA,1
GACAGTGCTCTTCACA,1
GACAGTGCTGAAGAGA,1
GACAGTGCTGGAACAA,1
GACAGTGCTGGCTTCA,1
GACAGTGCTGGTGGTA,1
GACAGTGCTTCACGCA,1
GACAGTGCAACTCACC,1
GACAGTGCAAGAGATC,1
GACAGTGCAAGGACAC,1
GACAGTGCAATCCGTC,6
GACAGTGCAATGTTGC,6
GACAGTGCACACGACC,6
GACAGTGCACAGATTC,6
GACAGTGCAGATGTAC,6
GACAGTGCAGCACCTC,6
GACAGTGCAGCCATGC,6
GACAGTGCAGGCTAAC,6
GACAGTGCATAGCGAC,6
GACAGTGCATCATTCC,6
GACAGTGCATTGGCTC,1
GACAGTGCCAAGGAGC,1
GACAGTGCCACCTTAC,1
GACAGTGCCCATCCTC,1
GACAGTGCCCGACAAC,1
GACAGTGCCCTAATCC,1
GACAGTGCCCTCTATC,1
GACAGTGCCGACACAC,3
GACAGTGCCGGATTGC,3
GACAGTGCCTAAGGTC,7
GACAGTGCGAACAGGC,7
GACAGTGCGACAGTGC,7
GACAGTGCGAGTTAGC,1
GACAGTGCGATGAATC,1
GACAGTGCGCCAAGAC,1
GACAGTGCCGGAAGAA,1
GACAGTGCGTGACAAG,1
GACAGTGCGAACCAGA,1
CTGTAGCCTTGCTGGA,1
CTGTAGCCAGTACAAG,1
CTGTAGCCAACAACCA,1
CTGTAGCCAACCGAGA,1
CTGTAGCCAACGCTTA,1
CTGTAGCCAAGACGGA,1
CTGTAGCCAAGGTACA,1
CTGTAGCCACACAGAA,1
CTGTAGCCACAGCAGA,1
CTGTAGCCACCTCCAA,1
CTGTAGCCACGCTCGA,1
CTGTAGCCACGTATCA,1
CTGTAGCCACTATGCA,1
CTGTAGCCAGAGTCAA,1
CTGTAGCCAGATCGCA,8
CTGTAGCCAGCAGGAA,1
CTGTAGCCAGTCACTA,1
CTGTAGCCATCCTGTA,1
CTGTAGCCATTGAGGA,1
CTGTAGCCCAACCACA,1
CTGTAGCCGACTAGTA,1
CTGTAGCCCAATGGAA,1
CTGTAGCCCACTTCGA,1
CTGTAGCCCAGCGTTA,1
CTGTAGCCCATACCAA,1
CTGTAGCCCCAGTTCA,1
CTGTAGCCCCGAAGTA,1
CTGTAGCCCCGTGAGA,1
CTGTAGCCCCTCCTGA,1
CTGTAGCCCGAACTTA,1
CTGTAGCCCGACTGGA,1
CTGTAGCCCGCATACA,1
CTGTAGCCCTCAATGA,1
CTGTAGCCCTGAGCCA,1
CTGTAGCCCTGGCATA,4
CTGTAGCCGAATCTGA,4
CTGTAGCCCAAGACTA,4
CTGTAGCCGAGCTGAA,4
CTGTAGCCGATAGACA,4
CTGTAGCCGCCACATA,4
CTGTAGCCGCGAGTAA,4
CTGTAGCCGCTAACGA,4
CTGTAGCCGCTCGGTA,4
CTGTAGCCGGAGAACA,4
CTGTAGCCGGTGCGAA,4
CTGTAGCCGTACGCAA,4
CTGTAGCCGTCGTAGA,4
CTGTAGCCGTCTGTCA,4
CTGTAGCCGTGTTCTA,4
CTGTAGCCTAGGATGA,4
CTGTAGCCTATCAGCA,4
CTGTAGCCTCCGTCTA,4
CTGTAGCCTCTTCACA,4
CTGTAGCCTGAAGAGA,4
CTGTAGCCTGGAACAA,4
CTGTAGCCTGGCTTCA,2
CTGTAGCCTGGTGGTA,2
CTGTAGCCTTCACGCA,2
CTGTAGCCAACTCACC,2
CTGTAGCCAAGAGATC,2
CTGTAGCCAAGGACAC,2
CTGTAGCCAATCCGTC,2
CTGTAGCCAATGTTGC,2
CTGTAGCCACACGACC,2
CTGTAGCCACAGATTC,2
CTGTAGCCAGATGTAC,2
CTGTAGCCAGCACCTC,2
CTGTAGCCAGCCATGC,2
CTGTAGCCAGGCTAAC,2
CTGTAGCCATAGCGAC,2
CTGTAGCCATCATTCC,2
CTGTAGCCATTGGCTC,2
CTGTAGCCCAAGGAGC,2
CTGTAGCCCACCTTAC,2
CTGTAGCCCCATCCTC,2
CTGTAGCCCCGACAAC,2
CTGTAGCCCCTAATCC,2
CTGTAGCCCCTCTATC,2
CTGTAGCCCGACACAC,2
CTGTAGCCCGGATTGC,5
CTGTAGCCCTAAGGTC,5
CTGTAGCCGAACAGGC,5
CTGTAGCCGACAGTGC,5
CTGTAGCCGAGTTAGC,9
CTGTAGCCGATGAATC,1
CTGTAGCCGCCAAGAC,1
CTGTAGCCCGGAAGAA,1
CTGTAGCCGTGACAAG,1
CTGTAGCCGAACCAGA,1
ACAAGCTATTGCTGGA,1
ACAAGCTAAGTACAAG,1
ACAAGCTAAACAACCA,1
ACAAGCTAAACCGAGA,1
ACAAGCTAAACGCTTA,1
ACAAGCTAAAGACGGA,1
ACAAGCTAAAGGTACA,1
ACAAGCTAACACAGAA,1
ACAAGCTAACAGCAGA,1
ACAAGCTAACCTCCAA,1
ACAAGCTAACGCTCGA,1
ACAAGCTAACGTATCA,1
ACAAGCTAACTATGCA,1
ACAAGCTAAGAGTCAA,1
ACAAGCTAAGATCGCA,1
ACAAGCTAAGCAGGAA,1
ACAAGCTAAGTCACTA,1
ACAAGCTAATCCTGTA,1
ACAAGCTAATTGAGGA,1
ACAAGCTACAACCACA,1
ACAAGCTAGACTAGTA,1
ACAAGCTACAATGGAA,1
ACAAGCTACACTTCGA,1
ACAAGCTACAGCGTTA,1
ACAAGCTACATACCAA,1
ACAAGCTACCAGTTCA,1
ACAAGCTACCGAAGTA,1
ACAAGCTACCGTGAGA,1
ACAAGCTACCTCCTGA,1
ACAAGCTACGAACTTA,1
ACAAGCTACGACTGGA,1
ACAAGCTACGCATACA,1
ACAAGCTACTCAATGA,1
ACAAGCTACTGAGCCA,1
ACAAGCTACTGGCATA,2
ACAAGCTAGAATCTGA,2
ACAAGCTACAAGACTA,4
ACAAGCTAGAGCTGAA,4
ACAAGCTAGATAGACA,4
ACAAGCTAGCCACATA,4
ACAAGCTAGCGAGTAA,4
ACAAGCTAGCTAACGA,4
ACAAGCTAGCTCGGTA,2
ACAAGCTAGGAGAACA,4
ACAAGCTAGGTGCGAA,4
ACAAGCTAGTACGCAA,4
ACAAGCTAGTCGTAGA,4
ACAAGCTAGTCTGTCA,4
ACAAGCTAGTGTTCTA,4
ACAAGCTATAGGATGA,4
ACAAGCTATATCAGCA,4
ACAAGCTATCCGTCTA,4
ACAAGCTATCTTCACA,4
ACAAGCTATGAAGAGA,4
ACAAGCTATGGAACAA,4
ACAAGCTATGGCTTCA,2
ACAAGCTATGGTGGTA,2
ACAAGCTATTCACGCA,2
ACAAGCTAAACTCACC,2
ACAAGCTAAAGAGATC,2
ACAAGCTAAAGGACAC,2
ACAAGCTAAATCCGTC,2
ACAAGCTAAATGTTGC,2
ACAAGCTAACACGACC,2
ACAAGCTAACAGATTC,2
ACAAGCTAAGATGTAC,2
ACAAGCTAAGCACCTC,2
ACAAGCTAAGCCATGC,2
ACAAGCTAAGGCTAAC,2
ACAAGCTAATAGCGAC,2
ACAAGCTAATCATTCC,2
ACAAGCTAATTGGCTC,2
ACAAGCTACAAGGAGC,2
ACAAGCTACACCTTAC,2
ACAAGCTACCATCCTC,2
ACAAGCTACCGACAAC,2
ACAAGCTACCTAATCC,2
ACAAGCTACCTCTATC,2
ACAAGCTACGACACAC,2
ACAAGCTACGGATTGC,2
ACAAGCTACTAAGGTC,5
ACAAGCTAGAACAGGC,5
ACAAGCTAGACAGTGC,9
ACAAGCTAGAGTTAGC,1
ACAAGCTAGATGAATC,8
ACAAGCTAGCCAAGAC,1
ACAAGCTACGGAAGAA,8
ACAAGCTAGTGACAAG,1
ACAAGCTAGAACCAGA,1
CGCTGATCTTGCTGGA,1
CGCTGATCAGTACAAG,1
CGCTGATCAACAACCA,1
CGCTGATCAACCGAGA,1
CGCTGATCAACGCTTA,1
CGCTGATCAAGACGGA,1
CGCTGATCAAGGTACA,1
CGCTGATCACACAGAA,1
CGCTGATCACAGCAGA,1
CGCTGATCACCTCCAA,1
CGCTGATCACGCTCGA,1
CGCTGATCACGTATCA,1
CGCTGATCACTATGCA,1
CGCTGATCAGAGTCAA,1
CGCTGATCAGATCGCA,1
CGCTGATCAGCAGGAA,1
CGCTGATCAGTCACTA,1
CGCTGATCATCCTGTA,1
CGCTGATCATTGAGGA,1
CGCTGATCCAACCACA,1
CGCTGATCGACTAGTA,1
CGCTGATCCAATGGAA,1
CGCTGATCCACTTCGA,1
CGCTGATCCAGCGTTA,1
CGCTGATCCATACCAA,1
CGCTGATCCCAGTTCA,1
CGCTGATCCCGAAGTA,1
CGCTGATCCCGTGAGA,1
CGCTGATCCCTCCTGA,1
CGCTGATCCGAACTTA,1
CGCTGATCCGACTGGA,1
CGCTGATCCGCATACA,1
CGCTGATCCTCAATGA,1
CGCTGATCCTGAGCCA,1
CGCTGATCCTGGCATA,1
CGCTGATCGAATCTGA,2
CGCTGATCCAAGACTA,4
CGCTGATCGAGCTGAA,4
CGCTGATCGATAGACA,4
CGCTGATCGCCACATA,4
CGCTGATCGCGAGTAA,4
CGCTGATCGCTAACGA,4
CGCTGATCGCTCGGTA,4
CGCTGATCGGAGAACA,4
CGCTGATCGGTGCGAA,4
CGCTGATCGTACGCAA,4
CGCTGATCGTCGTAGA,4
CGCTGATCGTCTGTCA,4
CGCTGATCGTGTTCTA,4
CGCTGATCTAGGATGA,4
CGCTGATCTATCAGCA,4
CGCTGATCTCCGTCTA,4
CGCTGATCTCTTCACA,4
CGCTGATCTGAAGAGA,4
CGCTGATCTGGAACAA,4
CGCTGATCTGGCTTCA,2
CGCTGATCTGGTGGTA,2
CGCTGATCTTCACGCA,2
CGCTGATCAACTCACC,2
CGCTGATCAAGAGATC,2
CGCTGATCAAGGACAC,2
CGCTGATCAATCCGTC,2
CGCTGATCAATGTTGC,2
CGCTGATCACACGACC,2
CGCTGATCACAGATTC,2
CGCTGATCAGATGTAC,2
CGCTGATCAGCACCTC,2
CGCTGATCAGCCATGC,2
CGCTGATCAGGCTAAC,2
CGCTGATCATAGCGAC,2
CGCTGATCATCATTCC,2
CGCTGATCATTGGCTC,2
CGCTGATCCAAGGAGC,2
CGCTGATCCACCTTAC,2
CGCTGATCCCATCCTC,2
CGCTGATCCCGACAAC,2
CGCTGATCCCTAATCC,2
CGCTGATCCCTCTATC,2
CGCTGATCCGACACAC,2
CGCTGATCCGGATTGC,2
CGCTGATCCTAAGGTC,2
CGCTGATCGAACAGGC,2
CGCTGATCGACAGTGC,1
CGCTGATCGAGTTAGC,9
CGCTGATCGATGAATC,8
CGCTGATCGCCAAGAC,1
CGCTGATCCGGAAGAA,1
CGCTGATCGTGACAAG,1
CGCTGATCGAACCAGA,1
CATCAAGTTTGCTGGA,1
CATCAAGTAACAACCA,1
CATCAAGTAACCGAGA,1
CATCAAGTAACGCTTA,1
CATCAAGTAAGACGGA,1
CATCAAGTAAGGTACA,1
CATCAAGTACACAGAA,1
CATCAAGTACAGCAGA,1
CATCAAGTACCTCCAA,1
CATCAAGTACGCTCGA,1
CATCAAGTACGTATCA,1
CATCAAGTACTATGCA,1
CATCAAGTAGAGTCAA,1
CATCAAGTAGATCGCA,1
CATCAAGTAGCAGGAA,1
CATCAAGTAGTCACTA,1
CATCAAGTATCCTGTA,1
CATCAAGTATTGAGGA,8
CATCAAGTCAACCACA,1
CATCAAGTGACTAGTA,1
CATCAAGTCAATGGAA,1
CATCAAGTCACTTCGA,8
CATCAAGTCAGCGTTA,1
CATCAAGTCATACCAA,1
CATCAAGTCCAGTTCA,1
CATCAAGTCCGAAGTA,1
CATCAAGTCCGTGAGA,1
CATCAAGTCCTCCTGA,1
CATCAAGTCGAACTTA,1
CATCAAGTCGACTGGA,1
CATCAAGTCGCATACA,1
CATCAAGTCTCAATGA,1
CATCAAGTCTGAGCCA,1
CATCAAGTCTGGCATA,1
CATCAAGTGAATCTGA,1
CATCAAGTCAAGACTA,2
CATCAAGTGAGCTGAA,2
CATCAAGTGATAGACA,4
CATCAAGTGCCACATA,4
CATCAAGTGCGAGTAA,4
CATCAAGTGCTAACGA,4
CATCAAGTGCTCGGTA,4
CATCAAGTGGAGAACA,4
CATCAAGTGGTGCGAA,4
CATCAAGTGTACGCAA,4
CATCAAGTGTCGTAGA,4
CATCAAGTGTCTGTCA,4
CATCAAGTGTGTTCTA,4
CATCAAGTTAGGATGA,4
CATCAAGTTATCAGCA,4
CATCAAGTTCCGTCTA,4
CATCAAGTTCTTCACA,4
CATCAAGTTGAAGAGA,4
CATCAAGTTGGAACAA,4
CATCAAGTTGGCTTCA,2
CATCAAGTTGGTGGTA,2
CATCAAGTTTCACGCA,2
CATCAAGTAACTCACC,2
CATCAAGTAAGAGATC,2
CATCAAGTAAGGACAC,2
CATCAAGTAATCCGTC,2
CATCAAGTAATGTTGC,2
CATCAAGTACACGACC,2
CATCAAGTACAGATTC,2
CATCAAGTAGATGTAC,2
CATCAAGTAGCACCTC,2
CATCAAGTAGCCATGC,2
CATCAAGTAGGCTAAC,2
CATCAAGTATAGCGAC,2
CATCAAGTATCATTCC,2
CATCAAGTATTGGCTC,2
CATCAAGTCAAGGAGC,2
CATCAAGTCACCTTAC,2
CATCAAGTCCATCCTC,2
CATCAAGTCCGACAAC,2
CATCAAGTCCTAATCC,9
CATCAAGTCCTCTATC,2
CATCAAGTCGACACAC,5
CATCAAGTCGGATTGC,9
CATCAAGTCTAAGGTC,2
CATCAAGTGAACAGGC,1
CATCAAGTGACAGTGC,1
CATCAAGTGAGTTAGC,1
CATCAAGTGATGAATC,9
CATCAAGTGCCAAGAC,1
CATCAAGTCGGAAGAA,8
CATCAAGTGTGACAAG,8
CATCAAGTGAACCAGA,1
CAGATCTGTTGCTGGA,1
CAGATCTGAACAACCA,1
CAGATCTGAACCGAGA,1
CAGATCTGAACGCTTA,1
CAGATCTGAAGACGGA,1
CAGATCTGAAGGTACA,1
CAGATCTGACACAGAA,1
CAGATCTGACAGCAGA,1
CAGATCTGACCTCCAA,1
CAGATCTGACGCTCGA,1
CAGATCTGACGTATCA,1
CAGATCTGACTATGCA,1
CAGATCTGAGAGTCAA,1
CAGATCTGAGATCGCA,1
CAGATCTGAGCAGGAA,1
CAGATCTGAGTCACTA,1
CAGATCTGATCCTGTA,1
CAGATCTGATTGAGGA,1
CAGATCTGCAACCACA,1
CAGATCTGGACTAGTA,1
CAGATCTGCAATGGAA,1
CAGATCTGCACTTCGA,1
CAGATCTGCAGCGTTA,1
CAGATCTGCATACCAA,1
CAGATCTGCCAGTTCA,1
CAGATCTGCCGAAGTA,1
CAGATCTGCCGTGAGA,1
CAGATCTGCCTCCTGA,1
CAGATCTGCGAACTTA,1
CAGATCTGCGACTGGA,1
CAGATCTGCGCATACA,1
CAGATCTGCTCAATGA,1
CAGATCTGCTGAGCCA,1
CAGATCTGCTGGCATA,1
CAGATCTGGAATCTGA,1
CAGATCTGCAAGACTA,1
CAGATCTGGAGCTGAA,2
CAGATCTGGATAGACA,4
CAGATCTGGCCACATA,4
CAGATCTGGCGAGTAA,4
CAGATCTGGCTAACGA,4
CAGATCTGGCTCGGTA,4
CAGATCTGGGAGAACA,4
CAGATCTGGGTGCGAA,4
CAGATCTGGTACGCAA,4
CAGATCTGGTCGTAGA,4
CAGATCTGGTCTGTCA,4
CAGATCTGGTGTTCTA,4
CAGATCTGTAGGATGA,4
CAGATCTGTATCAGCA,4
CAGATCTGTCCGTCTA,4
CAGATCTGTCTTCACA,4
CAGATCTGTGAAGAGA,4
CAGATCTGTGGAACAA,4
CAGATCTGTGGCTTCA,2
CAGATCTGTGGTGGTA,2
CAGATCTGTTCACGCA,2
CAGATCTGAACTCACC,2
CAGATCTGAAGAGATC,2
CAGATCTGAAGGACAC,2
CAGATCTGAATCCGTC,2
CAGATCTGAATGTTGC,2
CAGATCTGACACGACC,2
CAGATCTGACAGATTC,2
CAGATCTGAGATGTAC,2
CAGATCTGAGCACCTC,2
CAGATCTGAGCCATGC,2
CAGATCTGAGGCTAAC,2
CAGATCTGATAGCGAC,2
CAGATCTGATCATTCC,2
CAGATCTGATTGGCTC,2
CAGATCTGCAAGGAGC,2
CAGATCTGCACCTTAC,2
CAGATCTGCCATCCTC,2
CAGATCTGCCGACAAC,2
CAGATCTGCCTAATCC,2
CAGATCTGCCTCTATC,9
CAGATCTGCGACACAC,2
CAGATCTGCGGATTGC,9
CAGATCTGCTAAGGTC,9
CAGATCTGGAACAGGC,9
CAGATCTGGACAGTGC,1
CAGATCTGGAGTTAGC,1
CAGATCTGGATGAATC,9
CAGATCTGGCCAAGAC,9
CAGATCTGCGGAAGAA,1
CAGATCTGGTGACAAG,1
CAGATCTGGAACCAGA,1
ACATTGGCTTGCTGGA,1
ACATTGGCAACAACCA,1
ACATTGGCAACCGAGA,1
ACATTGGCAACGCTTA,1
ACATTGGCAAGACGGA,1
ACATTGGCAAGGTACA,1
ACATTGGCACACAGAA,8
ACATTGGCACAGCAGA,1
ACATTGGCACCTCCAA,1
ACATTGGCACGCTCGA,1
ACATTGGCACGTATCA,1
ACATTGGCACTATGCA,1
ACATTGGCAGAGTCAA,1
ACATTGGCAGATCGCA,1
ACATTGGCAGCAGGAA,1
ACATTGGCAGTCACTA,1
ACATTGGCATCCTGTA,1
ACATTGGCATTGAGGA,1
ACATTGGCCAACCACA,1
ACATTGGCGACTAGTA,1
ACATTGGCCAATGGAA,1
ACATTGGCCACTTCGA,1
ACATTGGCCAGCGTTA,1
ACATTGGCCATACCAA,1
ACATTGGCCCAGTTCA,1
ACATTGGCCCGAAGTA,1
ACATTGGCCCGTGAGA,1
ACATTGGCCCTCCTGA,1
ACATTGGCCGAACTTA,1
ACATTGGCCGACTGGA,1
ACATTGGCCGCATACA,1
ACATTGGCCTCAATGA,1
ACATTGGCCTGAGCCA,1
ACATTGGCCTGGCATA,1
ACATTGGCGAATCTGA,1
ACATTGGCCAAGACTA,1
ACATTGGCGAGCTGAA,4
ACATTGGCGATAGACA,4
ACATTGGCGCCACATA,4
ACATTGGCGCGAGTAA,4
ACATTGGCGCTAACGA,4
ACATTGGCGCTCGGTA,4
ACATTGGCGGAGAACA,4
ACATTGGCGGTGCGAA,4
ACATTGGCGTACGCAA,4
ACATTGGCGTCGTAGA,4
ACATTGGCGTCTGTCA,4
ACATTGGCGTGTTCTA,4
ACATTGGCTAGGATGA,4
ACATTGGCTATCAGCA,4
ACATTGGCTCCGTCTA,4
ACATTGGCTCTTCACA,4
ACATTGGCTGAAGAGA,2
ACATTGGCTGGAACAA,4
ACATTGGCTGGCTTCA,2
ACATTGGCTGGTGGTA,2
ACATTGGCTTCACGCA,2
ACATTGGCAACTCACC,2
ACATTGGCAAGAGATC,2
ACATTGGCAAGGACAC,2
ACATTGGCAATCCGTC,2
ACATTGGCAATGTTGC,2
ACATTGGCACACGACC,2
ACATTGGCACAGATTC,2
ACATTGGCAGATGTAC,2
ACATTGGCAGCACCTC,2
ACATTGGCAGCCATGC,2
ACATTGGCAGGCTAAC,2
ACATTGGCATAGCGAC,2
ACATTGGCATCATTCC,2
ACATTGGCATTGGCTC,2
ACATTGGCCAAGGAGC,2
ACATTGGCCACCTTAC,2
ACATTGGCCCATCCTC,2
ACATTGGCCCGACAAC,2
ACATTGGCCCTAATCC,2
ACATTGGCCCTCTATC,2
ACATTGGCCGACACAC,2
ACATTGGCCGGATTGC,2
ACATTGGCCTAAGGTC,9
ACATTGGCGAACAGGC,1
ACATTGGCGACAGTGC,8
ACATTGGCGAGTTAGC,1
ACATTGGCGATGAATC,1
ACATTGGCGCCAAGAC,1
ACATTGGCCGGAAGAA,1
ACATTGGCGTGACAAG,1
ACATTGGCGAACCAGA,1
ACCACTGTTTGCTGGA,1
ACCACTGTAACAACCA,1
ACCACTGTAACCGAGA,1
ACCACTGTAACGCTTA,1
ACCACTGTAAGACGGA,1
ACCACTGTAAGGTACA,1
ACCACTGTACACAGAA,1
ACCACTGTACAGCAGA,1
ACCACTGTACCTCCAA,1
ACCACTGTACGCTCGA,1
ACCACTGTACGTATCA,1
ACCACTGTACTATGCA,1
ACCACTGTAGAGTCAA,1
ACCACTGTAGATCGCA,1
ACCACTGTAGCAGGAA,1
ACCACTGTAGTCACTA,1
ACCACTGTATCCTGTA,1
ACCACTGTATTGAGGA,1
ACCACTGTCAACCACA,1
ACCACTGTGACTAGTA,1
ACCACTGTCAATGGAA,1
ACCACTGTCACTTCGA,1
ACCACTGTCAGCGTTA,1
ACCACTGTCATACCAA,1
ACCACTGTCCAGTTCA,1
ACCACTGTCCGAAGTA,1
ACCACTGTCCGTGAGA,1
ACCACTGTCCTCCTGA,1
ACCACTGTCGAACTTA,1
ACCACTGTCGACTGGA,1
ACCACTGTCGCATACA,1
ACCACTGTCTCAATGA,1
ACCACTGTCTGAGCCA,1
ACCACTGTCTGGCATA,1
ACCACTGTGAATCTGA,1
ACCACTGTCAAGACTA,1
ACCACTGTGAGCTGAA,2
ACCACTGTGATAGACA,4
ACCACTGTGCCACATA,4
ACCACTGTGCGAGTAA,4
ACCACTGTGCTAACGA,4
ACCACTGTGCTCGGTA,4
ACCACTGTGGAGAACA,4
ACCACTGTGGTGCGAA,4
ACCACTGTGTACGCAA,4
ACCACTGTGTCGTAGA,4
ACCACTGTGTCTGTCA,4
ACCACTGTGTGTTCTA,4
ACCACTGTTAGGATGA,4
ACCACTGTTATCAGCA,4
ACCACTGTTCCGTCTA,4
ACCACTGTTCTTCACA,4
ACCACTGTTGAAGAGA,4
ACCACTGTTGGAACAA,2
ACCACTGTTGGCTTCA,2
ACCACTGTTGGTGGTA,2
ACCACTGTTTCACGCA,2
ACCACTGTAACTCACC,2
ACCACTGTAAGAGATC,2
ACCACTGTAAGGACAC,2
ACCACTGTAATCCGTC,2
ACCACTGTAATGTTGC,2
ACCACTGTACACGACC,2
ACCACTGTACAGATTC,2
ACCACTGTAGATGTAC,2
ACCACTGTAGCACCTC,2
ACCACTGTAGCCATGC,2
ACCACTGTAGGCTAAC,2
ACCACTGTATAGCGAC,2
ACCACTGTATCATTCC,2
ACCACTGTATTGGCTC,2
ACCACTGTCAAGGAGC,2
ACCACTGTCACCTTAC,2
ACCACTGTCCATCCTC,2
ACCACTGTCCGACAAC,2
ACCACTGTCCTAATCC,2
ACCACTGTCCTCTATC,2
ACCACTGTCGACACAC,2
ACCACTGTCGGATTGC,9
ACCACTGTCTAAGGTC,9
ACCACTGTGAACAGGC,1
ACCACTGTGACAGTGC,1
ACCACTGTGAGTTAGC,1
ACCACTGTGATGAATC,1
ACCACTGTGCCAAGAC,1
ACCACTGTCGGAAGAA,1
ACCACTGTGTGACAAG,1
ACCACTGTGAACCAGA,1
AGTGGTCATTGCTGGA,1
AGTGGTCAAACCGAGA,1
AGTGGTCAAACGCTTA,1
AGTGGTCAAAGACGGA,1
AGTGGTCAAAGGTACA,1
AGTGGTCAACACAGAA,1
AGTGGTCAACAGCAGA,1
AGTGGTCAACCTCCAA,1
AGTGGTCAACGCTCGA,1
AGTGGTCAACGTATCA,1
AGTGGTCAACTATGCA,1
AGTGGTCAAGAGTCAA,1
AGTGGTCAAGATCGCA,1
AGTGGTCAAGCAGGAA,1
AGTGGTCAAGTCACTA,1
AGTGGTCAATCCTGTA,1
AGTGGTCAATTGAGGA,1
AGTGGTCACAACCACA,1
AGTGGTCAGACTAGTA,1
AGTGGTCACAATGGAA,1
AGTGGTCACACTTCGA,1
AGTGGTCACAGCGTTA,1
AGTGGTCACATACCAA,1
AGTGGTCACCAGTTCA,1
AGTGGTCACCGAAGTA,1
AGTGGTCACCGTGAGA,1
AGTGGTCACCTCCTGA,1
AGTGGTCACGAACTTA,1
AGTGGTCACGACTGGA,1
AGTGGTCACGCATACA,1
AGTGGTCACTCAATGA,1
AGTGGTCACTGAGCCA,1
AGTGGTCACTGGCATA,1
AGTGGTCAGAATCTGA,1
AGTGGTCACAAGACTA,1
AGTGGTCAGAGCTGAA,1
AGTGGTCAGATAGACA,2
AGTGGTCAGCCACATA,2
AGTGGTCAGCGAGTAA,4
AGTGGTCAGCTAACGA,4
AGTGGTCAGCTCGGTA,4
AGTGGTCAGGAGAACA,4
AGTGGTCAGGTGCGAA,4
AGTGGTCAGTACGCAA,4
AGTGGTCAGTCGTAGA,4
AGTGGTCAGTCTGTCA,4
AGTGGTCAGTGTTCTA,4
AGTGGTCATAGGATGA,4
AGTGGTCATATCAGCA,4
AGTGGTCATCCGTCTA,4
AGTGGTCATCTTCACA,4
AGTGGTCATGAAGAGA,4
AGTGGTCATGGAACAA,2
AGTGGTCATGGCTTCA,2
AGTGGTCATGGTGGTA,2
AGTGGTCATTCACGCA,2
AGTGGTCAAACTCACC,2
AGTGGTCAAAGAGATC,2
AGTGGTCAAAGGACAC,2
AGTGGTCAAATCCGTC,2
AGTGGTCAAATGTTGC,2
AGTGGTCAACACGACC,2
AGTGGTCAACAGATTC,2
AGTGGTCAAGATGTAC,2
AGTGGTCAAGCACCTC,2
AGTGGTCAAGCCATGC,2
AGTGGTCAAGGCTAAC,2
AGTGGTCAATAGCGAC,2
AGTGGTCAATCATTCC,2
AGTGGTCAATTGGCTC,2
AGTGGTCACAAGGAGC,2
AGTGGTCACACCTTAC,2
AGTGGTCACCATCCTC,2
AGTGGTCACCGACAAC,2
AGTGGTCACCTAATCC,2
AGTGGTCACCTCTATC,2
AGTGGTCACGACACAC,1
AGTGGTCACGGATTGC,5
AGTGGTCACTAAGGTC,1
AGTGGTCAGAACAGGC,1
AGTGGTCAGACAGTGC,1
AGTGGTCAGAGTTAGC,1
AGTGGTCAGATGAATC,8
AGTGGTCAGCCAAGAC,1
AGTGGTCACGGAAGAA,1
AGTGGTCAGTGACAAG,1
AGTGGTCAGAACCAGA,1
ATGCCTAATTGCTGGA,1
ATGCCTAAAAGGTACA,1
ATGCCTAAACACAGAA,1
ATGCCTAAACAGCAGA,1
ATGCCTAAACCTCCAA,1
ATGCCTAAACGCTCGA,1
ATGCCTAAACGTATCA,1
ATGCCTAAACTATGCA,1
ATGCCTAAAGAGTCAA,1
ATGCCTAAAGATCGCA,1
ATGCCTAAAGCAGGAA,1
ATGCCTAAAGTCACTA,1
ATGCCTAAATCCTGTA,1
ATGCCTAAATTGAGGA,1
ATGCCTAACAACCACA,1
ATGCCTAAGACTAGTA,1
ATGCCTAACAATGGAA,1
ATGCCTAACACTTCGA,1
ATGCCTAACAGCGTTA,1
ATGCCTAACATACCAA,1
ATGCCTAACCAGTTCA,1
ATGCCTAACCGAAGTA,1
ATGCCTAACCGTGAGA,1
ATGCCTAACCTCCTGA,1
ATGCCTAACGAACTTA,1
ATGCCTAACGACTGGA,1
ATGCCTAACGCATACA,1
ATGCCTAACTCAATGA,1
ATGCCTAACTGAGCCA,1
ATGCCTAACTGGCATA,8
ATGCCTAAGAATCTGA,1
ATGCCTAACAAGACTA,8
ATGCCTAAGAGCTGAA,1
ATGCCTAAGATAGACA,4
ATGCCTAAGCCACATA,2
ATGCCTAAGCGAGTAA,2
ATGCCTAAGCTAACGA,2
ATGCCTAAGCTCGGTA,4
ATGCCTAAGGAGAACA,4
ATGCCTAAGGTGCGAA,4
ATGCCTAAGTACGCAA,4
ATGCCTAAGTCGTAGA,4
ATGCCTAAGTCTGTCA,4
ATGCCTAAGTGTTCTA,4
ATGCCTAATAGGATGA,1
ATGCCTAATATCAGCA,4
ATGCCTAATCCGTCTA,4
ATGCCTAATCTTCACA,4
ATGCCTAATGAAGAGA,4
ATGCCTAATGGAACAA,2
ATGCCTAATGGCTTCA,2
ATGCCTAATGGTGGTA,2
ATGCCTAATTCACGCA,2
ATGCCTAAAACTCACC,2
ATGCCTAAAAGAGATC,2
ATGCCTAAAAGGACAC,2
ATGCCTAAAATCCGTC,2
ATGCCTAAAATGTTGC,2
ATGCCTAAACACGACC,2
ATGCCTAAACAGATTC,2
ATGCCTAAAGATGTAC,2
ATGCCTAAAGCACCTC,2
ATGCCTAAAGCCATGC,2
ATGCCTAAAGGCTAAC,2
ATGCCTAAATAGCGAC,2
ATGCCTAAATCATTCC,2
ATGCCTAAATTGGCTC,2
ATGCCTAACAAGGAGC,2
ATGCCTAACACCTTAC,5
ATGCCTAACCATCCTC,2
ATGCCTAACCGACAAC,2
ATGCCTAACCTAATCC,2
ATGCCTAACCTCTATC,2
ATGCCTAACGACACAC,8
ATGCCTAACGGATTGC,1
ATGCCTAACTAAGGTC,8
ATGCCTAAGAACAGGC,8
ATGCCTAAGACAGTGC,1
ATGCCTAAGAGTTAGC,1
ATGCCTAAGATGAATC,1
ATGCCTAAGCCAAGAC,1
ATGCCTAACGGAAGAA,1
ATGCCTAAGTGACAAG,1
ATGCCTAAGAACCAGA,1
AAACATCGTTGCTGGA,1
AAACATCGACACAGAA,1
AAACATCGACAGCAGA,1
AAACATCGACCTCCAA,1
AAACATCGACGCTCGA,1
AAACATCGACGTATCA,1
AAACATCGACTATGCA,1
AAACATCGAGAGTCAA,1
AAACATCGAGATCGCA,1
AAACATCGAGCAGGAA,1
AAACATCGAGTCACTA,1
AAACATCGATCCTGTA,1
AAACATCGATTGAGGA,1
AAACATCGCAACCACA,1
AAACATCGGACTAGTA,1
AAACATCGCAATGGAA,1
AAACATCGCACTTCGA,1
AAACATCGCAGCGTTA,1
AAACATCGCATACCAA,1
AAACATCGCCAGTTCA,1
AAACATCGCCGAAGTA,1
AAACATCGCCGTGAGA,1
AAACATCGCCTCCTGA,1
AAACATCGCGAACTTA,1
AAACATCGCGACTGGA,1
AAACATCGCGCATACA,1
AAACATCGCTCAATGA,1
AAACATCGCTGAGCCA,1
AAACATCGCTGGCATA,1
AAACATCGGAATCTGA,1
AAACATCGCAAGACTA,1
AAACATCGGAGCTGAA,8
AAACATCGGATAGACA,2
AAACATCGGCCACATA,2
AAACATCGGCGAGTAA,4
AAACATCGGCTAACGA,2
AAACATCGGCTCGGTA,4
AAACATCGGGAGAACA,4
AAACATCGGGTGCGAA,4
AAACATCGGTACGCAA,4
AAACATCGGTCGTAGA,4
AAACATCGGTCTGTCA,4
AAACATCGGTGTTCTA,4
AAACATCGTAGGATGA,4
AAACATCGTATCAGCA,4
AAACATCGTCCGTCTA,4
AAACATCGTCTTCACA,4
AAACATCGTGAAGAGA,4
AAACATCGTGGAACAA,2
AAACATCGTGGCTTCA,2
AAACATCGTGGTGGTA,2
AAACATCGTTCACGCA,2
AAACATCGAACTCACC,2
AAACATCGAAGAGATC,2
AAACATCGAAGGACAC,2
AAACATCGAATCCGTC,2
AAACATCGAATGTTGC,2
AAACATCGACACGACC,2
AAACATCGACAGATTC,2
AAACATCGAGATGTAC,2
AAACATCGAGCACCTC,2
AAACATCGAGCCATGC,2
AAACATCGAGGCTAAC,2
AAACATCGATAGCGAC,2
AAACATCGATCATTCC,2
AAACATCGATTGGCTC,2
AAACATCGCAAGGAGC,2
AAACATCGCACCTTAC,2
AAACATCGCCATCCTC,2
AAACATCGCCGACAAC,2
AAACATCGCCTAATCC,9
AAACATCGCCTCTATC,5
AAACATCGCGACACAC,9
AAACATCGCGGATTGC,1
AAACATCGCTAAGGTC,1
AAACATCGGAACAGGC,1
AAACATCGGACAGTGC,1
AAACATCGGAGTTAGC,1
AAACATCGGATGAATC,1
AAACATCGGCCAAGAC,1
AAACATCGCGGAAGAA,1
AAACATCGGTGACAAG,1
AAACATCGGAACCAGA,1
GAACAGGCTTGCTGGA,1
GAACAGGCACAGCAGA,1
GAACAGGCACCTCCAA,1
GAACAGGCACGCTCGA,7
GAACAGGCACGTATCA,7
GAACAGGCACTATGCA,7
GAACAGGCAGAGTCAA,7
GAACAGGCAGATCGCA,7
GAACAGGCAGCAGGAA,7
GAACAGGCAGTCACTA,7
GAACAGGCATCCTGTA,7
GAACAGGCATTGAGGA,7
GAACAGGCCAACCACA,7
GAACAGGCGACTAGTA,7
GAACAGGCCAATGGAA,7
GAACAGGCCACTTCGA,7
GAACAGGCCAGCGTTA,7
GAACAGGCCATACCAA,7
GAACAGGCCCAGTTCA,7
GAACAGGCCCGAAGTA,3
GAACAGGCCCGTGAGA,3
GAACAGGCCCTCCTGA,3
GAACAGGCCGAACTTA,3
GAACAGGCCGACTGGA,3
GAACAGGCCGCATACA,3
GAACAGGCCTCAATGA,1
GAACAGGCCTGAGCCA,1
GAACAGGCCTGGCATA,1
GAACAGGCGAATCTGA,1
GAACAGGCCAAGACTA,1
GAACAGGCGAGCTGAA,1
GAACAGGCGATAGACA,1
GAACAGGCGCCACATA,1
GAACAGGCGCGAGTAA,1
GAACAGGCGCTAACGA,1
GAACAGGCGCTCGGTA,1
GAACAGGCGGAGAACA,1
GAACAGGCGGTGCGAA,1
GAACAGGCGTACGCAA,1
GAACAGGCGTCGTAGA,1
GAACAGGCGTCTGTCA,1
GAACAGGCGTGTTCTA,6
GAACAGGCTAGGATGA,6
GAACAGGCTATCAGCA,6
GAACAGGCTCCGTCTA,6
GAACAGGCTCTTCACA,6
GAACAGGCTGAAGAGA,6
GAACAGGCTGGAACAA,1
GAACAGGCTGGCTTCA,1
GAACAGGCTGGTGGTA,1
GAACAGGCTTCACGCA,1
GAACAGGCAACTCACC,6
GAACAGGCAAGAGATC,6
GAACAGGCAAGGACAC,6
GAACAGGCAATCCGTC,6
GAACAGGCAATGTTGC,6
GAACAGGCACACGACC,6
GAACAGGCACAGATTC,6
GAACAGGCAGATGTAC,6
GAACAGGCAGCACCTC,6
GAACAGGCAGCCATGC,6
GAACAGGCAGGCTAAC,6
GAACAGGCATAGCGAC,6
GAACAGGCATCATTCC,6
GAACAGGCATTGGCTC,1
GAACAGGCCAAGGAGC,6
GAACAGGCCACCTTAC,1
GAACAGGCCCATCCTC,1
GAACAGGCCCGACAAC,1
GAACAGGCCCTAATCC,1
GAACAGGCCCTCTATC,1
GAACAGGCCGACACAC,3
GAACAGGCCGGATTGC,3
GAACAGGCCTAAGGTC,7
GAACAGGCGAACAGGC,7
GAACAGGCGACAGTGC,7
GAACAGGCGAGTTAGC,1
GAACAGGCGATGAATC,1
GAACAGGCGCCAAGAC,1
GAACAGGCCGGAAGAA,1
GAACAGGCGTGACAAG,1
GAACAGGCGAACCAGA,1
