family,lane,candidate_id,config_json,status,failure,partition_sha256,initial_partition_sha256,changed_observations,min_cluster_size,cluster_sizes,support_mean,boundary_mean,conflict_mean,conductance_mean,rejected_mass_mean,trust_mean,wall_seconds,producer_label_reads,dense_n_by_n_count,absolute_ari,absolute_nmi,ami,fmi,homogeneity,v_measure,morans_i,gearys_c,neighbor_agreement,evaluated_observations,evaluator_label_reads,search_source,selection_scope
RNA_PROTEIN,A1,CMBF_aee14a9246feae9c,"{""anchor_strength"":0.0,""boundary_enabled"":true,""conflict_enabled"":true,""conflict_pass"":0.0,""directional_enabled"":true,""directional_mix"":0.0,""min_cluster_fraction_of_equal"":0.01,""move_boundary_floor"":0.1,""pairwise_strength"":0.0,""self_return_strength"":0.0,""sweeps"":0,""trust_gate_enabled"":true,""trust_threshold"":0.55,""unary_view1_weight"":0.5}",PASS,,9bcf8dbf19dded510dbe24ecb034809a899c553db7b1cd446d64948af2e4d69a,9bcf8dbf19dded510dbe24ecb034809a899c553db7b1cd446d64948af2e4d69a,0,114,"[277,773,568,182,307,790,168,114,121,184]",0.28292030096054077,0.28292030096054077,0.43415936827659607,0.28292030096054077,0.7171554565429688,0.6115753054618835,0.03346019997843541,0,0,0.2760026589984753,0.42173983941218224,0.4179696235567275,0.41627457695164916,0.46910324814852733,0.42173983941218224,0.2901324418328055,0.41691915002284924,0.6082388948630987,3484,1,merged unique formal+refinement candidates,label-assisted family-level benchmark HPO
RNA_PROTEIN,A1,CMBF_829e747294553ae8,"{""anchor_strength"":0.2,""boundary_enabled"":true,""conflict_enabled"":true,""conflict_pass"":0.0,""directional_enabled"":true,""directional_mix"":0.0,""min_cluster_fraction_of_equal"":0.01,""move_boundary_floor"":0.1,""pairwise_strength"":0.03,""self_return_strength"":0.02,""sweeps"":1,""trust_gate_enabled"":true,""trust_threshold"":0.7,""unary_view1_weight"":0.5}",PASS,,c949fc385103c74b8cc378652d7d58a1b4ab4895b072f167fcd3d3fa5ee6f906,9bcf8dbf19dded510dbe24ecb034809a899c553db7b1cd446d64948af2e4d69a,150,114,"[263,752,575,183,304,824,157,114,130,182]",0.28292030096054077,0.28292030096054077,0.43415936827659607,0.28292030096054077,0.7171554565429688,0.6115753054618835,0.03495669999392703,0,0,0.26891846057137947,0.4067526366195609,0.4028786251955877,0.41079091487295105,0.45176233747012357,0.4067526366195609,0.2895346921793662,0.4172583924616698,0.6193233518074283,3484,1,merged unique formal+refinement candidates,label-assisted family-level benchmark HPO
RNA_PROTEIN,A1,CMBF_d8bce54e951b68d1,"{""anchor_strength"":0.08,""boundary_enabled"":true,""conflict_enabled"":true,""conflict_pass"":0.0,""directional_enabled"":true,""directional_mix"":0.0,""min_cluster_fraction_of_equal"":0.01,""move_boundary_floor"":0.1,""pairwise_strength"":0.08,""self_return_strength"":0.08,""sweeps"":1,""trust_gate_enabled"":true,""trust_threshold"":0.55,""unary_view1_weight"":0.5}",PASS,,9693f691528abc5ba74ffabc938972e2d1872bcb34b3a71b7d477aa1550cc2ee,9bcf8dbf19dded510dbe24ecb034809a899c553db7b1cd446d64948af2e4d69a,126,114,"[263,749,576,184,304,820,161,114,130,183]",0.28292030096054077,0.28292030096054077,0.43415936827659607,0.28292030096054077,0.7171554565429688,0.6115753054618835,0.027339600026607513,0,0,0.2711746134801467,0.41045342980295235,0.4066063614334117,0.41249785169477027,0.4562099278971932,0.41045342980295235,0.29210606392608246,0.41184763494367704,0.62147406733394,3484,1,merged unique formal+refinement candidates,label-assisted family-level benchmark HPO
RNA_PROTEIN,A1,CMBF_3bb348efbe255f2e,"{""anchor_strength"":0.08,""boundary_enabled"":true,""conflict_enabled"":true,""conflict_pass"":0.0,""directional_enabled"":true,""directional_mix"":0.25,""min_cluster_fraction_of_equal"":0.01,""move_boundary_floor"":0.1,""pairwise_strength"":0.16,""self_return_strength"":0.2,""sweeps"":2,""trust_gate_enabled"":true,""trust_threshold"":0.55,""unary_view1_weight"":0.5}",PASS,,a5108932b6627504b53d501a502ca079da60c6aaa98a4e1df303ee512548cd48,9bcf8dbf19dded510dbe24ecb034809a899c553db7b1cd446d64948af2e4d69a,52,114,"[268,769,574,182,307,807,151,114,126,186]",0.28317680954933167,0.2831767797470093,0.43364638090133667,0.28317680954933167,0.7171842455863953,0.6113477349281311,0.10181749999173917,0,0,0.2719310875970056,0.4134857399638334,0.40965496406540286,0.41329522709101757,0.45911538648205424,0.41348573996383337,0.2906948568253094,0.4148829402330361,0.6159318388617752,3484,1,merged unique formal+refinement candidates,label-assisted family-level benchmark HPO
RNA_PROTEIN,A1,CMBF_bd42a3d8f5f49c11,"{""anchor_strength"":0.02,""boundary_enabled"":true,""conflict_enabled"":true,""conflict_pass"":0.1,""directional_enabled"":true,""directional_mix"":0.5,""min_cluster_fraction_of_equal"":0.01,""move_boundary_floor"":0.1,""pairwise_strength"":0.32,""self_return_strength"":0.2,""sweeps"":2,""trust_gate_enabled"":true,""trust_threshold"":0.4,""unary_view1_weight"":0.5}",PASS,,c48f9a58022c9c9eb21399ba797ba0fc42b074f90fc428e37855b08d8ad7dc7a,9bcf8dbf19dded510dbe24ecb034809a899c553db7b1cd446d64948af2e4d69a,74,113,"[269,765,570,182,306,812,155,113,127,185]",0.28328144550323486,0.28328144550323486,0.4334371089935303,0.32662516832351685,0.6739944815635681,0.6111457943916321,0.08206389998667873,0,0,0.2734612274806406,0.41824222995834326,0.41444350973740884,0.41453117535677986,0.4645252068282887,0.41824222995834326,0.29249036443378473,0.4109638810579248,0.6201505500868558,3484,1,merged unique formal+refinement candidates,label-assisted family-level benchmark HPO
RNA_PROTEIN,A1,CMBF_7000b3f8ef0b5b9c,"{""anchor_strength"":0.08,""boundary_enabled"":true,""conflict_enabled"":true,""conflict_pass"":0.25,""directional_enabled"":true,""directional_mix"":0.5,""min_cluster_fraction_of_equal"":0.01,""move_boundary_floor"":0.05,""pairwise_strength"":0.32,""self_return_strength"":0.02,""sweeps"":2,""trust_gate_enabled"":true,""trust_threshold"":0.7,""unary_view1_weight"":0.35}",PASS,,81643bdf4ea4a7fc26647c2a939d28004cffca1868229677738f3034f54f3cb6,9bcf8dbf19dded510dbe24ecb034809a899c553db7b1cd446d64948af2e4d69a,408,120,"[249,743,538,195,275,900,144,120,139,181]",0.28328144550323486,0.28328144550323486,0.4334371089935303,0.3916407525539398,0.6089626550674438,0.6111457943916321,0.12342509999871254,0,0,0.2536727609805137,0.3959368483767286,0.39197814611311554,0.3994538539768489,0.4382864471795374,0.39593684837672855,0.3124094327384467,0.37132784576376365,0.6748283563570188,3484,1,merged unique formal+refinement candidates,label-assisted family-level benchmark HPO
RNA_PROTEIN,A1,CMBF_508c221034beb345,"{""anchor_strength"":0.02,""boundary_enabled"":true,""conflict_enabled"":true,""conflict_pass"":0.25,""directional_enabled"":true,""directional_mix"":0.0,""min_cluster_fraction_of_equal"":0.01,""move_boundary_floor"":0.05,""pairwise_strength"":0.03,""self_return_strength"":0.08,""sweeps"":2,""trust_gate_enabled"":true,""trust_threshold"":0.4,""unary_view1_weight"":0.65}",PASS,,0b6f11595f834f8a067e5efb86136ef818f44894308dc96833ab9cbd812a1f06,9bcf8dbf19dded510dbe24ecb034809a899c553db7b1cd446d64948af2e4d69a,147,114,"[267,733,565,193,291,810,196,114,131,184]",0.28292030096054077,0.28292030096054077,0.43415936827659607,0.3914601504802704,0.60858154296875,0.6115753054618835,0.07277669999166392,0,0,0.2689960682908529,0.4088887181298792,0.40504735411239945,0.409778414953795,0.45640660728365967,0.40888871812987915,0.28835718221520035,0.4198097855895282,0.616345438001489,3484,1,merged unique formal+refinement candidates,label-assisted family-level benchmark HPO
RNA_PROTEIN,A1,CMBF_4ad54dd1a03673b1,"{""anchor_strength"":0.2,""boundary_enabled"":true,""conflict_enabled"":true,""conflict_pass"":0.25,""directional_enabled"":true,""directional_mix"":0.25,""min_cluster_fraction_of_equal"":0.01,""move_boundary_floor"":0.05,""pairwise_strength"":0.16,""self_return_strength"":0.02,""sweeps"":2,""trust_gate_enabled"":true,""trust_threshold"":0.4,""unary_view1_weight"":0.65}",PASS,,c4135a1da2a439be30faa59d12f28991418a120856db44f505866e8265b496ba,9bcf8dbf19dded510dbe24ecb034809a899c553db7b1cd446d64948af2e4d69a,110,113,"[269,749,569,188,299,821,163,113,128,185]",0.28317680954933167,0.2831767797470093,0.43364638090133667,0.39158838987350464,0.608742356300354,0.6113477349281311,0.08641129999887198,0,0,0.27209981673278366,0.41195920603244957,0.4081237205172604,0.4131815394586871,0.45808425287879834,0.4119592060324495,0.29349640405620236,0.4092390708197695,0.6231284638927951,3484,1,merged unique formal+refinement candidates,label-assisted family-level benchmark HPO
RNA_PROTEIN,A1,CMBF_2ce21274a74e09fa,"{""anchor_strength"":0.02,""boundary_enabled"":true,""conflict_enabled"":true,""conflict_pass"":0.25,""directional_enabled"":true,""directional_mix"":0.25,""min_cluster_fraction_of_equal"":0.01,""move_boundary_floor"":0.22,""pairwise_strength"":0.32,""self_return_strength"":0.08,""sweeps"":2,""trust_gate_enabled"":true,""trust_threshold"":0.4,""unary_view1_weight"":0.65}",PASS,,0f3c1eff0b854b4bddd48200c0f24a11bc331fea14711e4d6e1e3e81be2c48e0,9bcf8dbf19dded510dbe24ecb034809a899c553db7b1cd446d64948af2e4d69a,87,114,"[269,761,568,182,305,817,158,114,126,184]",0.28317680954933167,0.2831767797470093,0.43364638090133667,0.39158838987350464,0.608742356300354,0.6113477349281311,0.03185190001386218,0,0,0.27447401404911037,0.4174506470863742,0.41364714165920075,0.41536896368323256,0.4637033027293495,0.4174506470863742,0.2919375142392608,0.41217240779708175,0.621804946645711,3484,1,merged unique formal+refinement candidates,label-assisted family-level benchmark HPO
RNA_PROTEIN,A1,CMBF_b23bccaed0bfdca6,"{""anchor_strength"":0.02,""boundary_enabled"":true,""conflict_enabled"":true,""conflict_pass"":0.1,""directional_enabled"":true,""directional_mix"":0.5,""min_cluster_fraction_of_equal"":0.01,""move_boundary_floor"":0.05,""pairwise_strength"":0.03,""self_return_strength"":0.08,""sweeps"":1,""trust_gate_enabled"":true,""trust_threshold"":0.55,""unary_view1_weight"":0.35}",PASS,,1495a6d48d15bf8467b22f3633c702977dc81d8f8fbae9e90fe86705babe3e66,9bcf8dbf19dded510dbe24ecb034809a899c553db7b1cd446d64948af2e4d69a,225,115,"[260,724,568,196,283,832,189,115,133,184]",0.28328144550323486,0.28328144550323486,0.4334371089935303,0.32662516832351685,0.6739944815635681,0.6111457943916321,0.030564599990611896,0,0,0.2635359874101262,0.40229998808382655,0.3984107198777086,0.40558091761770687,0.4484863391165869,0.40229998808382655,0.28889830527387356,0.4184103858640817,0.6203987095706841,3484,1,merged unique formal+refinement candidates,label-assisted family-level benchmark HPO
RNA_PROTEIN,A1,CMBF_9afb19e777ac6d08,"{""anchor_strength"":0.2,""boundary_enabled"":true,""conflict_enabled"":true,""conflict_pass"":0.25,""directional_enabled"":true,""directional_mix"":0.0,""min_cluster_fraction_of_equal"":0.01,""move_boundary_floor"":0.22,""pairwise_strength"":0.08,""self_return_strength"":0.08,""sweeps"":1,""trust_gate_enabled"":true,""trust_threshold"":0.55,""unary_view1_weight"":0.35}",PASS,,66df40982d2609c2574cbd2ee97e985be0f0674f2c3634bd689e86a4d81089fb,9bcf8dbf19dded510dbe24ecb034809a899c553db7b1cd446d64948af2e4d69a,68,113,"[268,766,586,182,307,802,151,113,126,183]",0.28292030096054077,0.28292030096054077,0.43415936827659607,0.3914601504802704,0.60858154296875,0.6115753054618835,0.021575399994617328,0,0,0.27219559635996016,0.41043494663658114,0.406583615769582,0.41351428459795053,0.45563746420480217,0.4104349466365812,0.2897705004417863,0.4170684687170145,0.614608321614691,3484,1,merged unique formal+refinement candidates,label-assisted family-level benchmark HPO
RNA_PROTEIN,A1,CMBF_4dd6bea78d813ccc,"{""anchor_strength"":0.02,""boundary_enabled"":true,""conflict_enabled"":true,""conflict_pass"":0.0,""directional_enabled"":true,""directional_mix"":0.5,""min_cluster_fraction_of_equal"":0.01,""move_boundary_floor"":0.05,""pairwise_strength"":0.32,""self_return_strength"":0.08,""sweeps"":2,""trust_gate_enabled"":true,""trust_threshold"":0.7,""unary_view1_weight"":0.35}",PASS,,0bc2b0e58170844e8e9ebc1119e1466c662a82582127d419b797417d7530362b,9bcf8dbf19dded510dbe24ecb034809a899c553db7b1cd446d64948af2e4d69a,382,118,"[252,745,528,197,276,905,144,118,139,180]",0.28328144550323486,0.28328144550323486,0.4334371089935303,0.28328144550323486,0.7173489928245544,0.6111457943916321,0.12524749999283813,0,0,0.2554727288002196,0.39973583897504406,0.3958013765942342,0.401025531030315,0.44240826002890454,0.39973583897504406,0.3090889401173865,0.3778284108563447,0.6691206882289685,3484,1,merged unique formal+refinement candidates,label-assisted family-level benchmark HPO
RNA_PROTEIN,A1,CMBF_eefe4260f00a3887,"{""anchor_strength"":0.02,""boundary_enabled"":true,""conflict_enabled"":true,""conflict_pass"":0.25,""directional_enabled"":true,""directional_mix"":0.25,""min_cluster_fraction_of_equal"":0.01,""move_boundary_floor"":0.22,""pairwise_strength"":0.16,""self_return_strength"":0.08,""sweeps"":2,""trust_gate_enabled"":true,""trust_threshold"":0.4,""unary_view1_weight"":0.35}",PASS,,011900822257f81b68cc6cf7e80cb67439b5007a3c4011aa25dcf0f0b2cd14c7,9bcf8dbf19dded510dbe24ecb034809a899c553db7b1cd446d64948af2e4d69a,102,115,"[265,753,582,182,305,812,159,115,127,184]",0.28317680954933167,0.2831767797470093,0.43364638090133667,0.39158838987350464,0.608742356300354,0.6113477349281311,0.03104869998060167,0,0,0.27249537970050686,0.4132015682618752,0.40937177272463005,0.4136000960141334,0.45916935877628745,0.41320156826187526,0.28874261724313266,0.4189524713414441,0.6171726362809166,3484,1,merged unique formal+refinement candidates,label-assisted family-level benchmark HPO
RNA_PROTEIN,A1,CMBF_92e84d882864a745,"{""anchor_strength"":0.08,""boundary_enabled"":true,""conflict_enabled"":true,""conflict_pass"":0.25,""directional_enabled"":true,""directional_mix"":0.0,""min_cluster_fraction_of_equal"":0.01,""move_boundary_floor"":0.05,""pairwise_strength"":0.32,""self_return_strength"":0.02,""sweeps"":1,""trust_gate_enabled"":true,""trust_threshold"":0.4,""unary_view1_weight"":0.65}",PASS,,0e0a0ac2854748c8cbd4cf472f80e74dd53bc30cbb27ad975802e2ef49a91438,9bcf8dbf19dded510dbe24ecb034809a899c553db7b1cd446d64948af2e4d69a,141,115,"[270,748,562,194,286,826,166,115,131,186]",0.28292030096054077,0.28292030096054077,0.43415936827659607,0.3914601504802704,0.60858154296875,0.6115753054618835,0.021113700000569224,0,0,0.27164295350294315,0.4128655712761876,0.4090383731388823,0.41272740767117455,0.45942674953609847,0.4128655712761876,0.2946587167244523,0.4064417588542793,0.6284225328811316,3484,1,merged unique formal+refinement candidates,label-assisted family-level benchmark HPO
RNA_PROTEIN,A1,CMBF_503b0a3a965145de,"{""anchor_strength"":0.2,""boundary_enabled"":true,""conflict_enabled"":true,""conflict_pass"":0.0,""directional_enabled"":true,""directional_mix"":0.25,""min_cluster_fraction_of_equal"":0.01,""move_boundary_floor"":0.22,""pairwise_strength"":0.08,""self_return_strength"":0.2,""sweeps"":2,""trust_gate_enabled"":true,""trust_threshold"":0.55,""unary_view1_weight"":0.65}",PASS,,37372bc4d7fa9cb1cd8d296d9016fbf95e6fdf8b30b34784087550728255bb12,9bcf8dbf19dded510dbe24ecb034809a899c553db7b1cd446d64948af2e4d69a,10,114,"[275,772,570,182,307,791,166,114,121,186]",0.28317680954933167,0.2831767797470093,0.43364638090133667,0.28317680954933167,0.7171842455863953,0.6113477349281311,0.04208060001838021,0,0,0.2753972079735695,0.41951142278936526,0.41572620651697256,0.41579578425211244,0.46656480251610055,0.41951142278936526,0.28883774605685714,0.41952352526717696,0.6074944164116138,3484,1,merged unique formal+refinement candidates,label-assisted family-level benchmark HPO
RNA_PROTEIN,A1,CMBF_f42c9da8286a25cd,"{""anchor_strength"":0.2,""boundary_enabled"":true,""conflict_enabled"":true,""conflict_pass"":0.0,""directional_enabled"":true,""directional_mix"":0.0,""min_cluster_fraction_of_equal"":0.01,""move_boundary_floor"":0.12,""pairwise_strength"":0.03,""self_return_strength"":0.08,""sweeps"":2,""trust_gate_enabled"":true,""trust_threshold"":0.7,""unary_view1_weight"":0.65}",PASS,,a7f0c57c0f137cff6f5170cfbcd872fbd406cec14c1b30145b837786b33b3b25,9bcf8dbf19dded510dbe24ecb034809a899c553db7b1cd446d64948af2e4d69a,77,113,"[268,767,572,182,304,805,161,113,127,185]",0.28292030096054077,0.28292030096054077,0.43415936827659607,0.28292030096054077,0.7171554565429688,0.6115753054618835,0.0650725000014063,0,0,0.27424692827709846,0.4147887180738079,0.41096956146502517,0.41506055534740127,0.4609558432942185,0.41478871807380785,0.2878810536693582,0.4208444139030075,0.6140292828190917,3484,1,merged unique formal+refinement candidates,label-assisted family-level benchmark HPO
RNA_PROTEIN,A1,CMBF_6c7331cd25ceba09,"{""anchor_strength"":0.02,""boundary_enabled"":true,""conflict_enabled"":true,""conflict_pass"":0.25,""directional_enabled"":true,""directional_mix"":0.25,""min_cluster_fraction_of_equal"":0.01,""move_boundary_floor"":0.05,""pairwise_strength"":0.08,""self_return_strength"":0.2,""sweeps"":1,""trust_gate_enabled"":true,""trust_threshold"":0.55,""unary_view1_weight"":0.5}",PASS,,75ebf7efe5b1e28df7d6ce5a1139cdfbadfd21f9051b9efc2b6437f17a8e8907,9bcf8dbf19dded510dbe24ecb034809a899c553db7b1cd446d64948af2e4d69a,85,113,"[268,760,572,193,293,804,169,113,128,184]",0.28317680954933167,0.2831767797470093,0.43364638090133667,0.39158838987350464,0.608742356300354,0.6113477349281311,0.029297999979462475,0,0,0.2691427738319438,0.40898159551049096,0.40512955442543414,0.4105347653087304,0.45512146799102327,0.40898159551049096,0.29056941450317286,0.41519834969274166,0.6161799983456034,3484,1,merged unique formal+refinement candidates,label-assisted family-level benchmark HPO
RNA_PROTEIN,A1,CMBF_5fb57a26473d7456,"{""anchor_strength"":0.2,""boundary_enabled"":true,""conflict_enabled"":true,""conflict_pass"":0.25,""directional_enabled"":true,""directional_mix"":0.25,""min_cluster_fraction_of_equal"":0.01,""move_boundary_floor"":0.12,""pairwise_strength"":0.08,""self_return_strength"":0.2,""sweeps"":1,""trust_gate_enabled"":true,""trust_threshold"":0.55,""unary_view1_weight"":0.5}",PASS,,dbd67d63cf8c62fb1fa42ba09afa68ec386f1a33e793397051855aa45f7d305c,9bcf8dbf19dded510dbe24ecb034809a899c553db7b1cd446d64948af2e4d69a,25,114,"[271,773,572,182,306,794,162,114,123,187]",0.28317680954933167,0.2831767797470093,0.43364638090133667,0.39158838987350464,0.608742356300354,0.6113477349281311,0.02450880000833422,0,0,0.2747622631215581,0.4174428392747962,0.41364242141033525,0.4153789144991036,0.46406377323159376,0.41744283927479625,0.28849051176772117,0.4197415522345439,0.6095624121101828,3484,1,merged unique formal+refinement candidates,label-assisted family-level benchmark HPO
RNA_PROTEIN,A1,CMBF_d5b6b03ee1610378,"{""anchor_strength"":0.02,""boundary_enabled"":true,""conflict_enabled"":true,""conflict_pass"":0.25,""directional_enabled"":true,""directional_mix"":0.5,""min_cluster_fraction_of_equal"":0.01,""move_boundary_floor"":0.05,""pairwise_strength"":0.16,""self_return_strength"":0.08,""sweeps"":1,""trust_gate_enabled"":true,""trust_threshold"":0.55,""unary_view1_weight"":0.5}",PASS,,d7aa242a01c7064bf3125e853c89daeaa69394f374f526a363c73d44c4f99a36,9bcf8dbf19dded510dbe24ecb034809a899c553db7b1cd446d64948af2e4d69a,226,115,"[266,727,567,193,287,840,173,115,134,182]",0.28328144550323486,0.28328144550323486,0.4334371089935303,0.3916407525539398,0.6089626550674438,0.6111457943916321,0.03146620001643896,0,0,0.265697683209482,0.40915989708909484,0.4053098564318919,0.40771243443061517,0.45547998058049755,0.40915989708909484,0.2964600125081963,0.4028478433874663,0.6386797915460336,3484,1,merged unique formal+refinement candidates,label-assisted family-level benchmark HPO
RNA_PROTEIN,A1,CMBF_7ad6f62d358cbe63,"{""anchor_strength"":0.2,""boundary_enabled"":true,""conflict_enabled"":true,""conflict_pass"":0.0,""directional_enabled"":true,""directional_mix"":0.5,""min_cluster_fraction_of_equal"":0.01,""move_boundary_floor"":0.05,""pairwise_strength"":0.16,""self_return_strength"":0.08,""sweeps"":2,""trust_gate_enabled"":true,""trust_threshold"":0.7,""unary_view1_weight"":0.65}",PASS,,20334f09a14f43d5a0437e44da17b073ed2a765658c0198352ac4707939c9084,9bcf8dbf19dded510dbe24ecb034809a899c553db7b1cd446d64948af2e4d69a,121,112,"[269,762,568,185,304,832,140,112,129,183]",0.28328144550323486,0.28328144550323486,0.4334371089935303,0.28328144550323486,0.7173489928245544,0.6111457943916321,0.0790432000067085,0,0,0.2708011895736125,0.40999591184817163,0.406136120232522,0.4127793291425482,0.45447767839314535,0.4099959118481716,0.29753203100091574,0.4011905987270498,0.6305732484076433,3484,1,merged unique formal+refinement candidates,label-assisted family-level benchmark HPO
RNA_PROTEIN,A1,CMBF_f756fa0a1253641c,"{""anchor_strength"":0.02,""boundary_enabled"":true,""conflict_enabled"":true,""conflict_pass"":0.0,""directional_enabled"":true,""directional_mix"":0.25,""min_cluster_fraction_of_equal"":0.01,""move_boundary_floor"":0.05,""pairwise_strength"":0.16,""self_return_strength"":0.08,""sweeps"":2,""trust_gate_enabled"":true,""trust_threshold"":0.7,""unary_view1_weight"":0.65}",PASS,,f96673140088de969ac2541bc7dfc4b3c899041762f23ad937d1680e7cff1c3d,9bcf8dbf19dded510dbe24ecb034809a899c553db7b1cd446d64948af2e4d69a,285,120,"[260,734,537,195,283,871,164,120,135,185]",0.28317680954933167,0.2831767797470093,0.43364638090133667,0.28317680954933167,0.7171842455863953,0.6113477349281311,0.08104499999899417,0,0,0.260707264580711,0.404622998075141,0.40073735050701287,0.4041180479381395,0.44978319268863126,0.4046229980751409,0.30065846760150866,0.394887894537977,0.650839606253619,3484,1,merged unique formal+refinement candidates,label-assisted family-level benchmark HPO
RNA_PROTEIN,A1,CMBF_d66f45277f66d31e,"{""anchor_strength"":0.08,""boundary_enabled"":true,""conflict_enabled"":true,""conflict_pass"":0.1,""directional_enabled"":true,""directional_mix"":0.0,""min_cluster_fraction_of_equal"":0.01,""move_boundary_floor"":0.12,""pairwise_strength"":0.08,""self_return_strength"":0.2,""sweeps"":1,""trust_gate_enabled"":true,""trust_threshold"":0.55,""unary_view1_weight"":0.65}",PASS,,e175db39b8ca2ce46b5a74e5326e26c624d043cb69ab306c7bdb628f81f23547,9bcf8dbf19dded510dbe24ecb034809a899c553db7b1cd446d64948af2e4d69a,30,114,"[276,770,569,182,306,796,163,114,123,185]",0.28292030096054077,0.28292030096054077,0.43415936827659607,0.3263362646102905,0.6737259030342102,0.6115753054618835,0.06308990000979975,0,0,0.27516141622588564,0.4181428058597695,0.41434780300723323,0.41565778045444884,0.46494621698452154,0.41814280585976954,0.28948147512226674,0.4181863748809062,0.6105550500454959,3484,1,merged unique formal+refinement candidates,label-assisted family-level benchmark HPO
RNA_PROTEIN,A1,CMBF_5d15ee6783ed020a,"{""anchor_strength"":0.2,""boundary_enabled"":true,""conflict_enabled"":true,""conflict_pass"":0.0,""directional_enabled"":true,""directional_mix"":0.5,""min_cluster_fraction_of_equal"":0.01,""move_boundary_floor"":0.05,""pairwise_strength"":0.03,""self_return_strength"":0.2,""sweeps"":2,""trust_gate_enabled"":true,""trust_threshold"":0.55,""unary_view1_weight"":0.65}",PASS,,7e5429b464c84fe33ae527d317e0d642a163d74d4301db74d5711c3a17c44343,9bcf8dbf19dded510dbe24ecb034809a899c553db7b1cd446d64948af2e4d69a,16,114,"[276,771,568,182,307,790,169,114,121,186]",0.28328144550323486,0.28328144550323486,0.4334371089935303,0.28328144550323486,0.7173489928245544,0.6111457943916321,0.0555035000143107,0,0,0.2760191976002796,0.4204347035800735,0.41665692230314005,0.41623443728526976,0.46777144742147947,0.42043470358007345,0.2887608747194581,0.4195963236153948,0.6082388948630987,3484,1,merged unique formal+refinement candidates,label-assisted family-level benchmark HPO
RNA_PROTEIN,A1,CMBF_48610f9ad4bc6af2,"{""anchor_strength"":0.2,""boundary_enabled"":true,""conflict_enabled"":true,""conflict_pass"":0.1,""directional_enabled"":true,""directional_mix"":0.25,""min_cluster_fraction_of_equal"":0.01,""move_boundary_floor"":0.22,""pairwise_strength"":0.32,""self_return_strength"":0.08,""sweeps"":2,""trust_gate_enabled"":true,""trust_threshold"":0.55,""unary_view1_weight"":0.65}",PASS,,3455df7053e9d5378787abe0b31613416f55140512e0ed879fe3cd8f934a3401,9bcf8dbf19dded510dbe24ecb034809a899c553db7b1cd446d64948af2e4d69a,96,112,"[269,766,573,182,306,826,140,112,126,184]",0.28317680954933167,0.2831767797470093,0.43364638090133667,0.3265414535999298,0.6738075017929077,0.6113477349281311,0.09460149999358691,0,0,0.275343394211795,0.41997983753733753,0.4161842490104619,0.41659078491123264,0.46538625246334836,0.41997983753733753,0.2951097160132726,0.40584291515375953,0.629332450988502,3484,1,merged unique formal+refinement candidates,label-assisted family-level benchmark HPO
RNA_PROTEIN,A1,CMBF_44739cedebc46e5d,"{""anchor_strength"":0.08,""boundary_enabled"":true,""conflict_enabled"":true,""conflict_pass"":0.25,""directional_enabled"":true,""directional_mix"":0.0,""min_cluster_fraction_of_equal"":0.01,""move_boundary_floor"":0.05,""pairwise_strength"":0.32,""self_return_strength"":0.08,""sweeps"":2,""trust_gate_enabled"":true,""trust_threshold"":0.4,""unary_view1_weight"":0.35}",PASS,,42a0580894a9c90925bb9385ca33a32166be3bb228dc4f9ebc1d0363fe30eb31,9bcf8dbf19dded510dbe24ecb034809a899c553db7b1cd446d64948af2e4d69a,143,115,"[268,748,572,196,286,820,165,115,132,182]",0.28292030096054077,0.28292030096054077,0.43415936827659607,0.3914601504802704,0.60858154296875,0.6115753054618835,0.03862210002262145,0,0,0.26932624325066445,0.4093576794364515,0.40550722863789884,0.4107847248216877,0.45547475418623457,0.40935767943645146,0.2930960269057472,0.4097405935881122,0.6266026966663909,3484,1,merged unique formal+refinement candidates,label-assisted family-level benchmark HPO
RNA_PROTEIN,A1,CMBF_e74f89f6154ed3d1,"{""anchor_strength"":0.02,""boundary_enabled"":true,""conflict_enabled"":true,""conflict_pass"":0.0,""directional_enabled"":true,""directional_mix"":0.5,""min_cluster_fraction_of_equal"":0.01,""move_boundary_floor"":0.22,""pairwise_strength"":0.16,""self_return_strength"":0.08,""sweeps"":1,""trust_gate_enabled"":true,""trust_threshold"":0.7,""unary_view1_weight"":0.5}",PASS,,2e0938f1719e04856e2bbab9932016c0367a5e2f03e851b595f15ffabbe17541,9bcf8dbf19dded510dbe24ecb034809a899c553db7b1cd446d64948af2e4d69a,160,114,"[266,759,579,182,306,832,139,114,128,179]",0.28328144550323486,0.28328144550323486,0.4334371089935303,0.28328144550323486,0.7173489928245544,0.6111457943916321,0.030092500004684553,0,0,0.2687914210882644,0.4113130768524614,0.4074595774770445,0.41122199074797317,0.4556623461113615,0.4113130768524614,0.29647269079804717,0.4033072887091891,0.6338820415253537,3484,1,merged unique formal+refinement candidates,label-assisted family-level benchmark HPO
RNA_PROTEIN,A1,CMBF_22e5cfb195d932d4,"{""anchor_strength"":0.02,""boundary_enabled"":true,""conflict_enabled"":true,""conflict_pass"":0.0,""directional_enabled"":true,""directional_mix"":0.0,""min_cluster_fraction_of_equal"":0.01,""move_boundary_floor"":0.22,""pairwise_strength"":0.16,""self_return_strength"":0.2,""sweeps"":2,""trust_gate_enabled"":true,""trust_threshold"":0.4,""unary_view1_weight"":0.65}",PASS,,cec9177a54914d608ce30b63f6d190e49e13db86fed4e39974a48dd802f937f0,9bcf8dbf19dded510dbe24ecb034809a899c553db7b1cd446d64948af2e4d69a,29,115,"[270,773,570,182,306,796,163,115,125,184]",0.28292030096054077,0.28292030096054077,0.43415936827659607,0.28292030096054077,0.7171554565429688,0.6115753054618835,0.0346815999946557,0,0,0.27410505835886045,0.4173074328743089,0.4135062775236176,0.4148365242646953,0.4639535622946499,0.4173074328743089,0.2918601035458024,0.4132027525198099,0.6122094466043511,3484,1,merged unique formal+refinement candidates,label-assisted family-level benchmark HPO
RNA_PROTEIN,A1,CMBF_d4975dd3d74ecdbc,"{""anchor_strength"":0.08,""boundary_enabled"":true,""conflict_enabled"":true,""conflict_pass"":0.25,""directional_enabled"":true,""directional_mix"":0.0,""min_cluster_fraction_of_equal"":0.01,""move_boundary_floor"":0.05,""pairwise_strength"":0.08,""self_return_strength"":0.02,""sweeps"":1,""trust_gate_enabled"":true,""trust_threshold"":0.55,""unary_view1_weight"":0.5}",PASS,,f04e48fc3f9bf2fe2deb745bfe70664f3c20db4263f92fca80d279685baec88c,9bcf8dbf19dded510dbe24ecb034809a899c553db7b1cd446d64948af2e4d69a,255,115,"[267,717,571,196,283,828,190,115,135,182]",0.28292030096054077,0.28292030096054077,0.43415936827659607,0.3914601504802704,0.60858154296875,0.6115753054618835,0.031359100015833974,0,0,0.2648120530312741,0.40704367751396175,0.4031882505822523,0.4064416107864713,0.4541303132187621,0.4070436775139618,0.2928749528510891,0.4103908664127866,0.6341302010091819,3484,1,merged unique formal+refinement candidates,label-assisted family-level benchmark HPO
RNA_PROTEIN,A1,CMBF_97bfeefd0d099e7a,"{""anchor_strength"":0.08,""boundary_enabled"":true,""conflict_enabled"":true,""conflict_pass"":0.0,""directional_enabled"":true,""directional_mix"":0.0,""min_cluster_fraction_of_equal"":0.01,""move_boundary_floor"":0.12,""pairwise_strength"":0.16,""self_return_strength"":0.08,""sweeps"":1,""trust_gate_enabled"":true,""trust_threshold"":0.4,""unary_view1_weight"":0.5}",PASS,,acd092fdb2c906f16afef9bc6295497a94d5a7a26e890c9ae47e82873c0e97c3,9bcf8dbf19dded510dbe24ecb034809a899c553db7b1cd446d64948af2e4d69a,95,114,"[267,756,575,183,303,812,162,114,129,183]",0.28292030096054077,0.28292030096054077,0.43415936827659607,0.28292030096054077,0.7171554565429688,0.6115753054618835,0.018399099993985146,0,0,0.271769286734318,0.41311568445809543,0.409286624492367,0.4129404778525714,0.45923976666964555,0.41311568445809543,0.2909720549070428,0.41404133110684566,0.6176689552485731,3484,1,merged unique formal+refinement candidates,label-assisted family-level benchmark HPO
RNA_PROTEIN,A1,CMBF_2fce1fbbd4bc10b2,"{""anchor_strength"":0.08,""boundary_enabled"":true,""conflict_enabled"":true,""conflict_pass"":0.0,""directional_enabled"":true,""directional_mix"":0.0,""min_cluster_fraction_of_equal"":0.01,""move_boundary_floor"":0.05,""pairwise_strength"":0.32,""self_return_strength"":0.08,""sweeps"":1,""trust_gate_enabled"":true,""trust_threshold"":0.7,""unary_view1_weight"":0.65}",PASS,,8886d481fc8b95d5207dc44dab10a836efdb636721e53f089ac1ab9894bce26b,9bcf8dbf19dded510dbe24ecb034809a899c553db7b1cd446d64948af2e4d69a,268,115,"[269,754,549,192,288,873,128,115,133,183]",0.28292030096054077,0.28292030096054077,0.43415936827659607,0.28292030096054077,0.7171554565429688,0.6115753054618835,0.04097689999616705,0,0,0.26486146015197853,0.40888196812800237,0.4050076045066842,0.4084948918398276,0.4524079991085182,0.4088819681280024,0.30761696581396336,0.3811852307454165,0.6582843907684672,3484,1,merged unique formal+refinement candidates,label-assisted family-level benchmark HPO
RNA_PROTEIN,A1,CMBF_eb31e7b8cf738c32,"{""anchor_strength"":0.08,""boundary_enabled"":true,""conflict_enabled"":true,""conflict_pass"":0.25,""directional_enabled"":true,""directional_mix"":0.5,""min_cluster_fraction_of_equal"":0.01,""move_boundary_floor"":0.05,""pairwise_strength"":0.03,""self_return_strength"":0.2,""sweeps"":1,""trust_gate_enabled"":true,""trust_threshold"":0.7,""unary_view1_weight"":0.65}",PASS,,ae99982a837405866bcfe3cbdeefbe6f083145af62ab5515f230d856761e53b9,9bcf8dbf19dded510dbe24ecb034809a899c553db7b1cd446d64948af2e4d69a,65,115,"[274,762,570,183,306,801,165,115,125,183]",0.28328144550323486,0.28328144550323486,0.4334371089935303,0.3916407525539398,0.6089626550674438,0.6111457943916321,0.04018750000977889,0,0,0.2725969157445786,0.4127976929617736,0.4089691603771264,0.41344700197330947,0.45918706727330955,0.41279769296177365,0.28939996512030897,0.4182960263712303,0.6131193647117213,3484,1,merged unique formal+refinement candidates,label-assisted family-level benchmark HPO
RNA_PROTEIN,A1,CMBF_0937d54b33dd40d1,"{""anchor_strength"":0.08,""boundary_enabled"":true,""conflict_enabled"":true,""conflict_pass"":0.1,""directional_enabled"":true,""directional_mix"":0.5,""min_cluster_fraction_of_equal"":0.01,""move_boundary_floor"":0.22,""pairwise_strength"":0.32,""self_return_strength"":0.08,""sweeps"":1,""trust_gate_enabled"":true,""trust_threshold"":0.55,""unary_view1_weight"":0.35}",PASS,,642550fe95b9cc3c8b62f28f89d4f39e611ff0a25522ae65b1fc5f611f59ff89,9bcf8dbf19dded510dbe24ecb034809a899c553db7b1cd446d64948af2e4d69a,138,114,"[264,758,576,182,304,835,144,114,127,180]",0.28328144550323486,0.28328144550323486,0.4334371089935303,0.32662516832351685,0.6739944815635681,0.6111457943916321,0.022898999974131584,0,0,0.2701595382351941,0.4109828286008694,0.40712793489804955,0.412342146346296,0.45540233197761715,0.4109828286008694,0.296929880220497,0.40238468612334877,0.6316486061708991,3484,1,merged unique formal+refinement candidates,label-assisted family-level benchmark HPO
RNA_PROTEIN,A1,CMBF_833cc7e58f8da466,"{""anchor_strength"":0.2,""boundary_enabled"":true,""conflict_enabled"":true,""conflict_pass"":0.1,""directional_enabled"":true,""directional_mix"":0.0,""min_cluster_fraction_of_equal"":0.01,""move_boundary_floor"":0.22,""pairwise_strength"":0.08,""self_return_strength"":0.2,""sweeps"":1,""trust_gate_enabled"":true,""trust_threshold"":0.4,""unary_view1_weight"":0.65}",PASS,,1d02d4533371a627da266569af8faf91ce988e89f819c454542f9a4569b2df8e,9bcf8dbf19dded510dbe24ecb034809a899c553db7b1cd446d64948af2e4d69a,9,114,"[275,771,570,182,307,791,167,114,121,186]",0.28292030096054077,0.28292030096054077,0.43415936827659607,0.3263362646102905,0.6737259030342102,0.6115753054618835,0.01616599998669699,0,0,0.275443178600678,0.41952799033139476,0.4157433141813163,0.41580860271441344,0.4666379520743442,0.41952799033139476,0.2885265401806899,0.42014254529929884,0.6070808172719001,3484,1,merged unique formal+refinement candidates,label-assisted family-level benchmark HPO
RNA_PROTEIN,A1,CMBF_ffa1ad6966b30f6e,"{""anchor_strength"":0.2,""boundary_enabled"":true,""conflict_enabled"":true,""conflict_pass"":0.1,""directional_enabled"":true,""directional_mix"":0.0,""min_cluster_fraction_of_equal"":0.01,""move_boundary_floor"":0.22,""pairwise_strength"":0.16,""self_return_strength"":0.02,""sweeps"":2,""trust_gate_enabled"":true,""trust_threshold"":0.55,""unary_view1_weight"":0.5}",PASS,,3d81e885dca52e20649535100d9959b4791a346f41b9b269b69671ba0cb946a7,9bcf8dbf19dded510dbe24ecb034809a899c553db7b1cd446d64948af2e4d69a,119,114,"[264,752,584,182,305,820,151,114,129,183]",0.28292030096054077,0.28292030096054077,0.43415936827659607,0.3263362646102905,0.6737259030342102,0.6115753054618835,0.04191590001573786,0,0,0.2736803393408823,0.414327387181759,0.4105010927575764,0.41482219896082945,0.45994194213818335,0.4143273871817589,0.29254563604313066,0.4111915774114208,0.6256927785590206,3484,1,merged unique formal+refinement candidates,label-assisted family-level benchmark HPO
RNA_PROTEIN,A1,CMBF_f87089bf274fea25,"{""anchor_strength"":0.08,""boundary_enabled"":true,""conflict_enabled"":true,""conflict_pass"":0.1,""directional_enabled"":true,""directional_mix"":0.25,""min_cluster_fraction_of_equal"":0.01,""move_boundary_floor"":0.22,""pairwise_strength"":0.08,""self_return_strength"":0.08,""sweeps"":2,""trust_gate_enabled"":true,""trust_threshold"":0.4,""unary_view1_weight"":0.5}",PASS,,bc5d9d1fd5839fe8cca0484e9294599b80d4e07f396ca09d331737d68813d885,9bcf8dbf19dded510dbe24ecb034809a899c553db7b1cd446d64948af2e4d69a,79,114,"[264,758,583,182,307,805,162,114,125,184]",0.28317680954933167,0.2831767797470093,0.43364638090133667,0.3265414535999298,0.6738075017929077,0.6113477349281311,0.03139260000898503,0,0,0.2745788103437727,0.41521598121067366,0.4113996701738809,0.4153023217935712,0.4614315712594325,0.4152159812106737,0.28805311804986355,0.4201315044655918,0.6144428819588055,3484,1,merged unique formal+refinement candidates,label-assisted family-level benchmark HPO
RNA_PROTEIN,A1,CMBF_5c5ea4015651bd35,"{""anchor_strength"":0.08,""boundary_enabled"":true,""conflict_enabled"":true,""conflict_pass"":0.0,""directional_enabled"":true,""directional_mix"":0.5,""min_cluster_fraction_of_equal"":0.01,""move_boundary_floor"":0.05,""pairwise_strength"":0.03,""self_return_strength"":0.08,""sweeps"":1,""trust_gate_enabled"":true,""trust_threshold"":0.7,""unary_view1_weight"":0.65}",PASS,,6470a21b47937c2cf77ad21f80861fb9e2474eb8ab4570da1bb2df449a89e0e0,9bcf8dbf19dded510dbe24ecb034809a899c553db7b1cd446d64948af2e4d69a,159,115,"[266,744,564,186,303,821,171,115,131,183]",0.28328144550323486,0.28328144550323486,0.4334371089935303,0.28328144550323486,0.7173489928245544,0.6111457943916321,0.038485299999592826,0,0,0.26841942384780504,0.40694090495471186,0.40307663381885434,0.40989228821678253,0.4530094647407789,0.40694090495471186,0.29058382984514225,0.4154160767926479,0.6217222268177682,3484,1,merged unique formal+refinement candidates,label-assisted family-level benchmark HPO
RNA_PROTEIN,A1,CMBF_36e81709dcbccbca,"{""anchor_strength"":0.2,""boundary_enabled"":true,""conflict_enabled"":true,""conflict_pass"":0.1,""directional_enabled"":true,""directional_mix"":0.0,""min_cluster_fraction_of_equal"":0.01,""move_boundary_floor"":0.05,""pairwise_strength"":0.08,""self_return_strength"":0.02,""sweeps"":2,""trust_gate_enabled"":true,""trust_threshold"":0.55,""unary_view1_weight"":0.5}",PASS,,65fef861c06d8936cfb8d5951bc1db051a349128d42c6c5c366373002d436088,9bcf8dbf19dded510dbe24ecb034809a899c553db7b1cd446d64948af2e4d69a,156,115,"[260,740,574,194,290,827,171,115,128,185]",0.28292030096054077,0.28292030096054077,0.43415936827659607,0.3263362646102905,0.6737259030342102,0.6115753054618835,0.05714799999259412,0,0,0.2681691648169448,0.409363112136131,0.4055124275573247,0.4098469329168697,0.4554386950008652,0.40936311213613097,0.28893807427508034,0.4182992811053537,0.6237902225163372,3484,1,merged unique formal+refinement candidates,label-assisted family-level benchmark HPO
RNA_PROTEIN,A1,CMBF_c40410d7e5ee0c1d,"{""anchor_strength"":0.08,""boundary_enabled"":true,""conflict_enabled"":true,""conflict_pass"":0.25,""directional_enabled"":true,""directional_mix"":0.0,""min_cluster_fraction_of_equal"":0.01,""move_boundary_floor"":0.22,""pairwise_strength"":0.32,""self_return_strength"":0.2,""sweeps"":1,""trust_gate_enabled"":true,""trust_threshold"":0.4,""unary_view1_weight"":0.65}",PASS,,b6d4853987b6d144cf45b416ed5254812244c5748d9e399ae2af91541a37869c,9bcf8dbf19dded510dbe24ecb034809a899c553db7b1cd446d64948af2e4d69a,46,113,"[269,770,572,182,306,805,158,113,126,183]",0.28292030096054077,0.28292030096054077,0.43415936827659607,0.3914601504802704,0.60858154296875,0.6115753054618835,0.015905600012047216,0,0,0.27319326402110317,0.416240763154764,0.41242930637772957,0.4142772061334143,0.46234002984243333,0.416240763154764,0.2919018516756363,0.41269601353187535,0.6161799983456034,3484,1,merged unique formal+refinement candidates,label-assisted family-level benchmark HPO
RNA_PROTEIN,A1,CMBF_2fec2fe061c26f58,"{""anchor_strength"":0.02,""boundary_enabled"":true,""conflict_enabled"":true,""conflict_pass"":0.1,""directional_enabled"":true,""directional_mix"":0.5,""min_cluster_fraction_of_equal"":0.01,""move_boundary_floor"":0.12,""pairwise_strength"":0.16,""self_return_strength"":0.08,""sweeps"":2,""trust_gate_enabled"":true,""trust_threshold"":0.55,""unary_view1_weight"":0.5}",PASS,,18ab6670994673f3f80bb11ab7afd6211a158e728f1a1bc2fe583a3bea8bb0b6,9bcf8dbf19dded510dbe24ecb034809a899c553db7b1cd446d64948af2e4d69a,179,115,"[264,749,567,182,300,835,157,115,132,183]",0.28328144550323486,0.28328144550323486,0.4334371089935303,0.32662516832351685,0.6739944815635681,0.6111457943916321,0.04917330000898801,0,0,0.2691756404766404,0.4117254847882824,0.40788359042356315,0.4110823558675371,0.4572675630985795,0.41172548478828247,0.29517008332239725,0.4058225793072702,0.6328894035900405,3484,1,merged unique formal+refinement candidates,label-assisted family-level benchmark HPO
RNA_PROTEIN,A1,CMBF_3aaa4a9e7d8d2b21,"{""anchor_strength"":0.08,""boundary_enabled"":true,""conflict_enabled"":true,""conflict_pass"":0.0,""directional_enabled"":true,""directional_mix"":0.5,""min_cluster_fraction_of_equal"":0.01,""move_boundary_floor"":0.12,""pairwise_strength"":0.08,""self_return_strength"":0.2,""sweeps"":1,""trust_gate_enabled"":true,""trust_threshold"":0.4,""unary_view1_weight"":0.65}",PASS,,c6ea727afeb053365a420660a5f2acf0db7d1473e38d6f07c8aef6013fe917d5,9bcf8dbf19dded510dbe24ecb034809a899c553db7b1cd446d64948af2e4d69a,17,114,"[276,770,569,182,307,792,167,114,122,185]",0.28328144550323486,0.28328144550323486,0.4334371089935303,0.28328144550323486,0.7173489928245544,0.6111457943916321,0.01925500002107583,0,0,0.2750586397189579,0.4186632622487568,0.41487322026177836,0.4154730515925088,0.4657160970967104,0.4186632622487567,0.2891269383894772,0.4189211704991584,0.6080734552072131,3484,1,merged unique formal+refinement candidates,label-assisted family-level benchmark HPO
RNA_PROTEIN,A1,CMBF_bd9500628e0b125a,"{""anchor_strength"":0.08,""boundary_enabled"":true,""conflict_enabled"":true,""conflict_pass"":0.0,""directional_enabled"":true,""directional_mix"":0.0,""min_cluster_fraction_of_equal"":0.01,""move_boundary_floor"":0.05,""pairwise_strength"":0.08,""self_return_strength"":0.02,""sweeps"":1,""trust_gate_enabled"":true,""trust_threshold"":0.4,""unary_view1_weight"":0.65}",PASS,,8bc3867667ce5e8fccee5ef869ad30250297b62fcb0469cee522ed8cf8bf5659,9bcf8dbf19dded510dbe24ecb034809a899c553db7b1cd446d64948af2e4d69a,160,114,"[267,730,565,194,293,817,189,114,132,183]",0.28292030096054077,0.28292030096054077,0.43415936827659607,0.28292030096054077,0.7171554565429688,0.6115753054618835,0.02029670000774786,0,0,0.26890458543975604,0.40894928795572344,0.40510637678240524,0.4098243844755375,0.45624497591651025,0.4089492879557234,0.29026945313724156,0.4156368339707185,0.621143188022169,3484,1,merged unique formal+refinement candidates,label-assisted family-level benchmark HPO
RNA_PROTEIN,A1,CMBF_99bfe5df73bd19c1,"{""anchor_strength"":0.08,""boundary_enabled"":true,""conflict_enabled"":true,""conflict_pass"":0.1,""directional_enabled"":true,""directional_mix"":0.25,""min_cluster_fraction_of_equal"":0.01,""move_boundary_floor"":0.22,""pairwise_strength"":0.32,""self_return_strength"":0.2,""sweeps"":2,""trust_gate_enabled"":true,""trust_threshold"":0.7,""unary_view1_weight"":0.65}",PASS,,b94ead22accb214d00e554f5790212183ea18ab5c98647338cb5f5ec400a414b,9bcf8dbf19dded510dbe24ecb034809a899c553db7b1cd446d64948af2e4d69a,88,112,"[270,772,568,182,305,825,140,112,126,184]",0.28317680954933167,0.2831767797470093,0.43364638090133667,0.3265414535999298,0.6738075017929077,0.6113477349281311,0.05418189999181777,0,0,0.271571720422251,0.4158399733654126,0.4120168972944374,0.4134955264313611,0.46075293580623466,0.4158399733654127,0.2970404531285695,0.40253580980741566,0.6297460501282157,3484,1,merged unique formal+refinement candidates,label-assisted family-level benchmark HPO
RNA_PROTEIN,A1,CMBF_a8259b5ae27e7eb9,"{""anchor_strength"":0.08,""boundary_enabled"":true,""conflict_enabled"":true,""conflict_pass"":0.1,""directional_enabled"":true,""directional_mix"":0.25,""min_cluster_fraction_of_equal"":0.01,""move_boundary_floor"":0.22,""pairwise_strength"":0.16,""self_return_strength"":0.02,""sweeps"":1,""trust_gate_enabled"":true,""trust_threshold"":0.4,""unary_view1_weight"":0.5}",PASS,,d3052ed2e413fcc7b9944614dda2ca9b5fc054a65f2f38cf8c2d1b68a4c3a913,9bcf8dbf19dded510dbe24ecb034809a899c553db7b1cd446d64948af2e4d69a,103,115,"[265,753,577,182,306,813,164,115,126,183]",0.28317680954933167,0.2831767797470093,0.43364638090133667,0.3265414535999298,0.6738075017929077,0.6113477349281311,0.016715900012059137,0,0,0.2735196099635491,0.4142573566376627,0.4104355974538642,0.41439934012838664,0.46048422978252124,0.41425735663766267,0.2891750412563748,0.4178526356604851,0.617338075936802,3484,1,merged unique formal+refinement candidates,label-assisted family-level benchmark HPO
RNA_PROTEIN,A1,CMBF_118dbed1e432e5d7,"{""anchor_strength"":0.2,""boundary_enabled"":true,""conflict_enabled"":true,""conflict_pass"":0.0,""directional_enabled"":true,""directional_mix"":0.0,""min_cluster_fraction_of_equal"":0.01,""move_boundary_floor"":0.05,""pairwise_strength"":0.16,""self_return_strength"":0.02,""sweeps"":1,""trust_gate_enabled"":true,""trust_threshold"":0.55,""unary_view1_weight"":0.5}",PASS,,2a6eaacc273ea943c0f635a190f4e9c01ee96542539aad1389b5644effbab562,9bcf8dbf19dded510dbe24ecb034809a899c553db7b1cd446d64948af2e4d69a,176,113,"[267,748,565,194,289,836,159,113,132,181]",0.28292030096054077,0.28292030096054077,0.43415936827659607,0.28292030096054077,0.7171554565429688,0.6115753054618835,0.030248700000811368,0,0,0.2695392674618778,0.4098301051517224,0.4059774265743118,0.4113184433680808,0.455346604953214,0.4098301051517224,0.29588246176624033,0.40435098768685024,0.6347092398047812,3484,1,merged unique formal+refinement candidates,label-assisted family-level benchmark HPO
RNA_PROTEIN,A1,CMBF_3ba43c2ee389abc7,"{""anchor_strength"":0.08,""boundary_enabled"":true,""conflict_enabled"":true,""conflict_pass"":0.1,""directional_enabled"":true,""directional_mix"":0.5,""min_cluster_fraction_of_equal"":0.01,""move_boundary_floor"":0.12,""pairwise_strength"":0.08,""self_return_strength"":0.2,""sweeps"":2,""trust_gate_enabled"":true,""trust_threshold"":0.4,""unary_view1_weight"":0.5}",PASS,,97101f626a1f47dcdd39df8ddc6dcc4a52cd5406e2b67709f934f7f4ebc98d88,9bcf8dbf19dded510dbe24ecb034809a899c553db7b1cd446d64948af2e4d69a,25,114,"[273,772,571,182,305,791,167,114,124,185]",0.28328144550323486,0.28328144550323486,0.4334371089935303,0.32662516832351685,0.6739944815635681,0.6111457943916321,0.03241720001096837,0,0,0.27455055142846907,0.4175468611386134,0.41374923912583816,0.4150782662873385,0.46445131268291173,0.41754686113861333,0.2883161404638462,0.4201055604343737,0.6076598560674994,3484,1,merged unique formal+refinement candidates,label-assisted family-level benchmark HPO
RNA_PROTEIN,A1,CMBF_faeec5a80a0e4ed4,"{""anchor_strength"":0.08,""boundary_enabled"":true,""conflict_enabled"":true,""conflict_pass"":0.25,""directional_enabled"":true,""directional_mix"":0.25,""min_cluster_fraction_of_equal"":0.01,""move_boundary_floor"":0.05,""pairwise_strength"":0.16,""self_return_strength"":0.2,""sweeps"":2,""trust_gate_enabled"":true,""trust_threshold"":0.55,""unary_view1_weight"":0.5}",PASS,,c110b7b8cf2beebcd455d88aadf28b06f8db873aec9168fac6bbb518a8b597cc,9bcf8dbf19dded510dbe24ecb034809a899c553db7b1cd446d64948af2e4d69a,83,112,"[268,766,574,193,293,810,155,112,127,186]",0.28317680954933167,0.2831767797470093,0.43364638090133667,0.39158838987350464,0.608742356300354,0.6113477349281311,0.05547870000009425,0,0,0.2705548760846382,0.41169984309623586,0.40785927872335487,0.4120821751740162,0.4573642087163582,0.41169984309623586,0.29131029163410993,0.41366320968797426,0.6202332699147985,3484,1,merged unique formal+refinement candidates,label-assisted family-level benchmark HPO
RNA_PROTEIN,A1,CMBF_b3350c2365dc2d29,"{""anchor_strength"":0.2,""boundary_enabled"":true,""conflict_enabled"":true,""conflict_pass"":0.1,""directional_enabled"":true,""directional_mix"":0.0,""min_cluster_fraction_of_equal"":0.01,""move_boundary_floor"":0.22,""pairwise_strength"":0.16,""self_return_strength"":0.02,""sweeps"":2,""trust_gate_enabled"":true,""trust_threshold"":0.55,""unary_view1_weight"":0.65}",PASS,,7ed7d9779b647f3f40a5abee802fc20e55c48e7b1bdd2d100e4f2f14bf05c341,9bcf8dbf19dded510dbe24ecb034809a899c553db7b1cd446d64948af2e4d69a,110,112,"[267,756,572,182,307,818,155,112,128,187]",0.28292030096054077,0.28292030096054077,0.43415936827659607,0.3263362646102905,0.6737259030342102,0.6115753054618835,0.043719999986933544,0,0,0.27474699618508885,0.4142492857735445,0.4104250023639929,0.4155748439631396,0.46014932019438465,0.41424928577354453,0.2965348380821704,0.4033720495262021,0.6253618992472496,3484,1,merged unique formal+refinement candidates,label-assisted family-level benchmark HPO
RNA_PROTEIN,A1,CMBF_75135cc1c9d99dff,"{""anchor_strength"":0.2,""boundary_enabled"":true,""conflict_enabled"":true,""conflict_pass"":0.1,""directional_enabled"":true,""directional_mix"":0.5,""min_cluster_fraction_of_equal"":0.01,""move_boundary_floor"":0.22,""pairwise_strength"":0.16,""self_return_strength"":0.08,""sweeps"":2,""trust_gate_enabled"":true,""trust_threshold"":0.7,""unary_view1_weight"":0.35}",PASS,,663fa20dd5a91c1c3b26152fbb42dc7d9024cc0c19871fa13ebeba8529b02530,9bcf8dbf19dded510dbe24ecb034809a899c553db7b1cd446d64948af2e4d69a,108,115,"[261,766,590,182,307,817,136,115,127,183]",0.28328144550323486,0.28328144550323486,0.4334371089935303,0.32662516832351685,0.6739944815635681,0.6111457943916321,0.08915260000503622,0,0,0.2705049170500472,0.40960729647145966,0.405742845048517,0.4125869279813438,0.4537871559381685,0.4096072964714596,0.2915683339137203,0.4135632461264237,0.6243692613119365,3484,1,merged unique formal+refinement candidates,label-assisted family-level benchmark HPO
RNA_PROTEIN,A1,CMBF_4ee65e17e4988304,"{""anchor_strength"":0.02,""boundary_enabled"":true,""conflict_enabled"":true,""conflict_pass"":0.25,""directional_enabled"":true,""directional_mix"":0.25,""min_cluster_fraction_of_equal"":0.01,""move_boundary_floor"":0.12,""pairwise_strength"":0.16,""self_return_strength"":0.2,""sweeps"":1,""trust_gate_enabled"":true,""trust_threshold"":0.55,""unary_view1_weight"":0.35}",PASS,,ff684b79cbb0c9129be066b4b54039855583d76b392d37bacfa60f201f7447dd,9bcf8dbf19dded510dbe24ecb034809a899c553db7b1cd446d64948af2e4d69a,86,115,"[269,765,577,182,304,813,146,115,128,185]",0.28317680954933167,0.2831767797470093,0.43364638090133667,0.39158838987350464,0.608742356300354,0.6113477349281311,0.025678100006189197,0,0,0.2718327500690461,0.4132120352690721,0.4093778604691737,0.4133145886322358,0.4586248856392665,0.4132120352690721,0.2915088703149362,0.4133471218264713,0.6206468690545124,3484,1,merged unique formal+refinement candidates,label-assisted family-level benchmark HPO
RNA_PROTEIN,A1,CMBF_2278ba95f165704e,"{""anchor_strength"":0.08,""boundary_enabled"":true,""conflict_enabled"":true,""conflict_pass"":0.1,""directional_enabled"":true,""directional_mix"":0.0,""min_cluster_fraction_of_equal"":0.01,""move_boundary_floor"":0.12,""pairwise_strength"":0.32,""self_return_strength"":0.02,""sweeps"":2,""trust_gate_enabled"":true,""trust_threshold"":0.4,""unary_view1_weight"":0.5}",PASS,,8e4eb0f6492b0a2478b9f26066cb2ed4f10c5600009050618a58525b0f71b78f,9bcf8dbf19dded510dbe24ecb034809a899c553db7b1cd446d64948af2e4d69a,126,115,"[269,750,567,186,299,822,163,115,130,183]",0.28292030096054077,0.28292030096054077,0.43415936827659607,0.3263362646102905,0.6737259030342102,0.6115753054618835,0.034413899993523955,0,0,0.2733158678926458,0.41353651205021713,0.4097113996361618,0.4142042587541388,0.4598752341443063,0.4135365120502171,0.29186937302563387,0.41229206608330715,0.6230457440648524,3484,1,merged unique formal+refinement candidates,label-assisted family-level benchmark HPO
RNA_PROTEIN,A1,CMBF_56dcd8708d21ae45,"{""anchor_strength"":0.02,""boundary_enabled"":true,""conflict_enabled"":true,""conflict_pass"":0.1,""directional_enabled"":true,""directional_mix"":0.5,""min_cluster_fraction_of_equal"":0.01,""move_boundary_floor"":0.12,""pairwise_strength"":0.08,""self_return_strength"":0.08,""sweeps"":1,""trust_gate_enabled"":true,""trust_threshold"":0.7,""unary_view1_weight"":0.65}",PASS,,43b07f8319bbbfb570568e57bccd645290cd524e91a0840f9228d3e5978748b2,9bcf8dbf19dded510dbe24ecb034809a899c553db7b1cd446d64948af2e4d69a,165,115,"[267,756,570,182,303,826,152,115,130,183]",0.28328144550323486,0.28328144550323486,0.4334371089935303,0.32662516832351685,0.6739944815635681,0.6111457943916321,0.03362509998260066,0,0,0.2715794898634403,0.41197235038168933,0.4081311574762928,0.41309215445122777,0.45740804797145035,0.41197235038168933,0.2949063962428773,0.4067046188231552,0.6284225328811316,3484,1,merged unique formal+refinement candidates,label-assisted family-level benchmark HPO
RNA_PROTEIN,A1,CMBF_6d28a9e9fb017139,"{""anchor_strength"":0.02,""boundary_enabled"":true,""conflict_enabled"":true,""conflict_pass"":0.0,""directional_enabled"":true,""directional_mix"":0.5,""min_cluster_fraction_of_equal"":0.01,""move_boundary_floor"":0.22,""pairwise_strength"":0.16,""self_return_strength"":0.08,""sweeps"":2,""trust_gate_enabled"":true,""trust_threshold"":0.4,""unary_view1_weight"":0.65}",PASS,,d9b4b1223997733b8b34e4d2626c57e9217827c3fb16eb5db87e269f2bd1ee3b,9bcf8dbf19dded510dbe24ecb034809a899c553db7b1cd446d64948af2e4d69a,81,114,"[269,759,571,182,308,809,162,114,126,184]",0.28328144550323486,0.28328144550323486,0.4334371089935303,0.28328144550323486,0.7173489928245544,0.6111457943916321,0.033058400003938004,0,0,0.2733337411655817,0.4148814943335789,0.41106420787165265,0.41421293917424556,0.4612152069213875,0.41488149433357885,0.29095153815155017,0.4143292123749867,0.61667631731326,3484,1,merged unique formal+refinement candidates,label-assisted family-level benchmark HPO
RNA_PROTEIN,A1,CMBF_7ed38195448cac9e,"{""anchor_strength"":0.02,""boundary_enabled"":true,""conflict_enabled"":true,""conflict_pass"":0.25,""directional_enabled"":true,""directional_mix"":0.5,""min_cluster_fraction_of_equal"":0.01,""move_boundary_floor"":0.12,""pairwise_strength"":0.16,""self_return_strength"":0.2,""sweeps"":2,""trust_gate_enabled"":true,""trust_threshold"":0.4,""unary_view1_weight"":0.5}",PASS,,8b35a1d2181d96f5dcd9145863f11c35aa60f13889d28db898e0a61524b7b3e2,9bcf8dbf19dded510dbe24ecb034809a899c553db7b1cd446d64948af2e4d69a,54,113,"[270,768,574,182,306,804,157,113,126,184]",0.28328144550323486,0.28328144550323486,0.4334371089935303,0.3916407525539398,0.6089626550674438,0.6111457943916321,0.04063040000619367,0,0,0.27207091091712854,0.41342156487351356,0.40959216879526184,0.4133021539452025,0.45926238542060904,0.4134215648735135,0.2918164515307677,0.4127126228847508,0.6151046405823476,3484,1,merged unique formal+refinement candidates,label-assisted family-level benchmark HPO
RNA_PROTEIN,A1,CMBF_ab7054c57f80c6fe,"{""anchor_strength"":0.2,""boundary_enabled"":true,""conflict_enabled"":true,""conflict_pass"":0.0,""directional_enabled"":true,""directional_mix"":0.0,""min_cluster_fraction_of_equal"":0.01,""move_boundary_floor"":0.05,""pairwise_strength"":0.32,""self_return_strength"":0.02,""sweeps"":2,""trust_gate_enabled"":true,""trust_threshold"":0.55,""unary_view1_weight"":0.5}",PASS,,496e3915b9306628038f1261048bd13306aaa14cde41dd4196270a6b2a2ee0ad,9bcf8dbf19dded510dbe24ecb034809a899c553db7b1cd446d64948af2e4d69a,224,113,"[265,747,556,193,291,855,151,113,131,182]",0.28292030096054077,0.28292030096054077,0.43415936827659607,0.28292030096054077,0.7171554565429688,0.6115753054618835,0.0630683999916073,0,0,0.26573861801027215,0.40908403784179853,0.4052208903834841,0.40855656309901,0.45384374926931187,0.4090840378417984,0.298512011035121,0.3985969920439655,0.6451319381255687,3484,1,merged unique formal+refinement candidates,label-assisted family-level benchmark HPO
RNA_PROTEIN,A1,CMBF_44b0138b90d0a8a0,"{""anchor_strength"":0.2,""boundary_enabled"":true,""conflict_enabled"":true,""conflict_pass"":0.0,""directional_enabled"":true,""directional_mix"":0.0,""min_cluster_fraction_of_equal"":0.01,""move_boundary_floor"":0.05,""pairwise_strength"":0.16,""self_return_strength"":0.2,""sweeps"":1,""trust_gate_enabled"":true,""trust_threshold"":0.55,""unary_view1_weight"":0.65}",PASS,,c6892945762dd7dd64aae92a42bfe89c7265302b4daedaa6cbd0e9915ae89520,9bcf8dbf19dded510dbe24ecb034809a899c553db7b1cd446d64948af2e4d69a,32,114,"[272,771,567,184,305,800,163,114,123,185]",0.28292030096054077,0.28292030096054077,0.43415936827659607,0.28292030096054077,0.7171554565429688,0.6115753054618835,0.03454469999996945,0,0,0.27349478570329,0.41720215944077815,0.4134001353181794,0.4143428471702851,0.4637960882893931,0.4172021594407781,0.29053995779357605,0.41587932543374617,0.6132020845396642,3484,1,merged unique formal+refinement candidates,label-assisted family-level benchmark HPO
RNA_PROTEIN,A1,CMBF_402dd71831b50491,"{""anchor_strength"":0.02,""boundary_enabled"":true,""conflict_enabled"":true,""conflict_pass"":0.1,""directional_enabled"":true,""directional_mix"":0.5,""min_cluster_fraction_of_equal"":0.01,""move_boundary_floor"":0.22,""pairwise_strength"":0.03,""self_return_strength"":0.08,""sweeps"":1,""trust_gate_enabled"":true,""trust_threshold"":0.4,""unary_view1_weight"":0.65}",PASS,,ae311f1c305efb2133e0158af7024ced982044993a89913550b850ec8297e89f,9bcf8dbf19dded510dbe24ecb034809a899c553db7b1cd446d64948af2e4d69a,72,113,"[268,758,578,182,307,803,166,113,125,184]",0.28328144550323486,0.28328144550323486,0.4334371089935303,0.32662516832351685,0.6739944815635681,0.6111457943916321,0.0190535000001546,0,0,0.2748687216490627,0.4153468131785008,0.4115334733729934,0.4154203347916782,0.4618312647904896,0.4153468131785008,0.28981104967295634,0.41700184047838645,0.6132020845396642,3484,1,merged unique formal+refinement candidates,label-assisted family-level benchmark HPO
RNA_PROTEIN,A1,CMBF_468e9337c117e281,"{""anchor_strength"":0.2,""boundary_enabled"":true,""conflict_enabled"":true,""conflict_pass"":0.1,""directional_enabled"":true,""directional_mix"":0.0,""min_cluster_fraction_of_equal"":0.01,""move_boundary_floor"":0.12,""pairwise_strength"":0.16,""self_return_strength"":0.2,""sweeps"":1,""trust_gate_enabled"":true,""trust_threshold"":0.4,""unary_view1_weight"":0.35}",PASS,,261b942b8cbb86cffefdf4272e3c3f608c81a5d14e48c6ebe478811116ed68f8,9bcf8dbf19dded510dbe24ecb034809a899c553db7b1cd446d64948af2e4d69a,29,114,"[268,774,572,182,309,795,162,114,122,186]",0.28292030096054077,0.28292030096054077,0.43415936827659607,0.3263362646102905,0.6737259030342102,0.6115753054618835,0.021220299997366965,0,0,0.27289206387361914,0.41355962448515554,0.40973285800074494,0.4138768469671344,0.4596171294420953,0.41355962448515543,0.29087608336113085,0.4150552597784549,0.6111340888410952,3484,1,merged unique formal+refinement candidates,label-assisted family-level benchmark HPO
RNA_PROTEIN,A1,CMBF_9616cb92b706249e,"{""anchor_strength"":0.02,""boundary_enabled"":true,""conflict_enabled"":true,""conflict_pass"":0.0,""directional_enabled"":true,""directional_mix"":0.5,""min_cluster_fraction_of_equal"":0.01,""move_boundary_floor"":0.22,""pairwise_strength"":0.03,""self_return_strength"":0.2,""sweeps"":1,""trust_gate_enabled"":true,""trust_threshold"":0.7,""unary_view1_weight"":0.35}",PASS,,f298a0e64ab8c163ef8bc6ea3f989bf837924c812489d624f25ee0c47c5ad970,9bcf8dbf19dded510dbe24ecb034809a899c553db7b1cd446d64948af2e4d69a,51,114,"[265,772,582,182,307,798,158,114,123,183]",0.28328144550323486,0.28328144550323486,0.4334371089935303,0.28328144550323486,0.7173489928245544,0.6111457943916321,0.030799000000115484,0,0,0.2715913865088896,0.410523100470537,0.40667333254730953,0.4129713039093009,0.45585978930872806,0.4105231004705369,0.2866119257278954,0.4238986260606324,0.6098932914219538,3484,1,merged unique formal+refinement candidates,label-assisted family-level benchmark HPO
RNA_PROTEIN,A1,CMBF_5c176e1faab66fbd,"{""anchor_strength"":0.08,""boundary_enabled"":true,""conflict_enabled"":true,""conflict_pass"":0.25,""directional_enabled"":true,""directional_mix"":0.25,""min_cluster_fraction_of_equal"":0.01,""move_boundary_floor"":0.12,""pairwise_strength"":0.03,""self_return_strength"":0.2,""sweeps"":2,""trust_gate_enabled"":true,""trust_threshold"":0.7,""unary_view1_weight"":0.65}",PASS,,db3ee2fdcf91f5d0bb1dc05b477e9652a742aa981e2f7c147d7b89c0dc4666ef,9bcf8dbf19dded510dbe24ecb034809a899c553db7b1cd446d64948af2e4d69a,53,114,"[273,770,571,182,305,801,160,114,125,183]",0.28317680954933167,0.2831767797470093,0.43364638090133667,0.39158838987350464,0.608742356300354,0.6113477349281311,0.08027179999044165,0,0,0.27374165705958015,0.41454760999465634,0.41072691154668345,0.414618018435852,0.4606842773333599,0.41454760999465634,0.2894128978090281,0.4182343712075629,0.6132848043676069,3484,1,merged unique formal+refinement candidates,label-assisted family-level benchmark HPO
RNA_PROTEIN,A1,CMBF_55b524e6f44a0c67,"{""anchor_strength"":0.08,""boundary_enabled"":true,""conflict_enabled"":true,""conflict_pass"":0.25,""directional_enabled"":true,""directional_mix"":0.25,""min_cluster_fraction_of_equal"":0.01,""move_boundary_floor"":0.22,""pairwise_strength"":0.03,""self_return_strength"":0.02,""sweeps"":1,""trust_gate_enabled"":true,""trust_threshold"":0.4,""unary_view1_weight"":0.35}",PASS,,a9ede2fe793f9939bca68c02cec9f038ef249fc69f3588e50f25bfe03d9fa103,9bcf8dbf19dded510dbe24ecb034809a899c553db7b1cd446d64948af2e4d69a,110,113,"[267,749,580,182,306,810,165,113,128,184]",0.28317680954933167,0.2831767797470093,0.43364638090133667,0.39158838987350464,0.608742356300354,0.6113477349281311,0.018595200002891943,0,0,0.27259563218157024,0.4129931858087775,0.40916492729214854,0.4135076599190624,0.4592828640830237,0.4129931858087775,0.28728899851379625,0.4221933744143317,0.6130366448837786,3484,1,merged unique formal+refinement candidates,label-assisted family-level benchmark HPO
RNA_PROTEIN,A1,CMBF_94b6087160965589,"{""anchor_strength"":0.08,""boundary_enabled"":true,""conflict_enabled"":true,""conflict_pass"":0.0,""directional_enabled"":true,""directional_mix"":0.25,""min_cluster_fraction_of_equal"":0.01,""move_boundary_floor"":0.12,""pairwise_strength"":0.16,""self_return_strength"":0.02,""sweeps"":2,""trust_gate_enabled"":true,""trust_threshold"":0.4,""unary_view1_weight"":0.35}",PASS,,7733baa5a2893aca33c2de2c52317687c1ce3481b9161123e4370d71d79928b2,9bcf8dbf19dded510dbe24ecb034809a899c553db7b1cd446d64948af2e4d69a,140,114,"[266,747,567,183,301,815,174,114,133,184]",0.28317680954933167,0.2831767797470093,0.43364638090133667,0.28317680954933167,0.7171842455863953,0.6113477349281311,0.03572119999444112,0,0,0.2716917208602593,0.41051205835339716,0.4066718562290944,0.4125720371403571,0.4570816760509792,0.4105120583533971,0.290219815958818,0.41594217043855286,0.6175862354206303,3484,1,merged unique formal+refinement candidates,label-assisted family-level benchmark HPO
RNA_PROTEIN,A1,CMBF_558cc321f4ba02b8,"{""anchor_strength"":0.2,""boundary_enabled"":true,""conflict_enabled"":true,""conflict_pass"":0.0,""directional_enabled"":true,""directional_mix"":0.5,""min_cluster_fraction_of_equal"":0.01,""move_boundary_floor"":0.22,""pairwise_strength"":0.08,""self_return_strength"":0.08,""sweeps"":1,""trust_gate_enabled"":true,""trust_threshold"":0.55,""unary_view1_weight"":0.35}",PASS,,1c5d1c02887427c985ca9fd2e3637a1ce084f9eb737082475c83dc510c35e4db,9bcf8dbf19dded510dbe24ecb034809a899c553db7b1cd446d64948af2e4d69a,69,112,"[265,767,586,182,307,803,154,112,126,182]",0.28328144550323486,0.28328144550323486,0.4334371089935303,0.28328144550323486,0.7173489928245544,0.6111457943916321,0.02314430000842549,0,0,0.27196944667955764,0.4112050163445661,0.4073582278425438,0.4133665843272909,0.4564319944580405,0.41120501634456613,0.28947131273691984,0.41738752464065054,0.6140292828190917,3484,1,merged unique formal+refinement candidates,label-assisted family-level benchmark HPO
RNA_PROTEIN,A1,CMBF_2a3e5c59c7e6860d,"{""anchor_strength"":0.02,""boundary_enabled"":true,""conflict_enabled"":true,""conflict_pass"":0.1,""directional_enabled"":true,""directional_mix"":0.0,""min_cluster_fraction_of_equal"":0.01,""move_boundary_floor"":0.22,""pairwise_strength"":0.16,""self_return_strength"":0.02,""sweeps"":1,""trust_gate_enabled"":true,""trust_threshold"":0.55,""unary_view1_weight"":0.65}",PASS,,a01b546dc9f055fc3a9e11c7796fc4472499e84391b0d7a2d569bcb1e0041b09,9bcf8dbf19dded510dbe24ecb034809a899c553db7b1cd446d64948af2e4d69a,169,114,"[263,751,569,182,304,826,160,114,128,187]",0.28292030096054077,0.28292030096054077,0.43415936827659607,0.3263362646102905,0.6737259030342102,0.6115753054618835,0.023749700019834563,0,0,0.272338329013027,0.41286867426711304,0.40903604436737145,0.4135723815026142,0.4587282073842853,0.412868674267113,0.2955131353158997,0.4053678889469012,0.6310695673752998,3484,1,merged unique formal+refinement candidates,label-assisted family-level benchmark HPO
RNA_PROTEIN,A1,CMBF_d9a4af35695081ab,"{""anchor_strength"":0.08,""boundary_enabled"":true,""conflict_enabled"":true,""conflict_pass"":0.1,""directional_enabled"":true,""directional_mix"":0.25,""min_cluster_fraction_of_equal"":0.01,""move_boundary_floor"":0.12,""pairwise_strength"":0.08,""self_return_strength"":0.02,""sweeps"":2,""trust_gate_enabled"":true,""trust_threshold"":0.55,""unary_view1_weight"":0.35}",PASS,,8e2140987cfe3586444830140d8a9b3b9a4140a4bbc6277f744ac6b90e7d273a,9bcf8dbf19dded510dbe24ecb034809a899c553db7b1cd446d64948af2e4d69a,220,114,"[260,742,572,183,301,826,166,114,134,186]",0.28317680954933167,0.2831767797470093,0.43364638090133667,0.3265414535999298,0.6738075017929077,0.6113477349281311,0.05203980000806041,0,0,0.26816813275854645,0.4087284300200458,0.40487272352893505,0.40987694403701663,0.45463376310859277,0.4087284300200458,0.29156245213389304,0.4135088432350995,0.6271817354619902,3484,1,merged unique formal+refinement candidates,label-assisted family-level benchmark HPO
RNA_PROTEIN,D1,CMBF_aee14a9246feae9c,"{""anchor_strength"":0.0,""boundary_enabled"":true,""conflict_enabled"":true,""conflict_pass"":0.0,""directional_enabled"":true,""directional_mix"":0.0,""min_cluster_fraction_of_equal"":0.01,""move_boundary_floor"":0.1,""pairwise_strength"":0.0,""self_return_strength"":0.0,""sweeps"":0,""trust_gate_enabled"":true,""trust_threshold"":0.55,""unary_view1_weight"":0.5}",PASS,,62787ef341fd01198c121b8a43c1359d8191674253ead3ce355323fe2ab39426,62787ef341fd01198c121b8a43c1359d8191674253ead3ce355323fe2ab39426,0,55,"[998,90,1082,133,212,370,93,209,55,117]",0.25620773434638977,0.25620776414871216,0.48758453130722046,0.25620773434638977,0.7435563802719116,0.5915786623954773,0.03479849998257123,0,0,0.36517354375792177,0.44457744301444424,0.44061811600342027,0.5042383351628853,0.45546088076390423,0.44457744301444424,0.3527990913927712,0.29460288001229723,0.6640926640926641,3359,1,merged unique formal+refinement candidates,label-assisted family-level benchmark HPO
RNA_PROTEIN,D1,CMBF_829e747294553ae8,"{""anchor_strength"":0.2,""boundary_enabled"":true,""conflict_enabled"":true,""conflict_pass"":0.0,""directional_enabled"":true,""directional_mix"":0.0,""min_cluster_fraction_of_equal"":0.01,""move_boundary_floor"":0.1,""pairwise_strength"":0.03,""self_return_strength"":0.02,""sweeps"":1,""trust_gate_enabled"":true,""trust_threshold"":0.7,""unary_view1_weight"":0.5}",PASS,,12291f0ce8979df8986e80464c444cd2f130d232c22e7e97652195c57328d252,62787ef341fd01198c121b8a43c1359d8191674253ead3ce355323fe2ab39426,45,60,"[993,85,1079,136,212,370,84,209,60,131]",0.25620773434638977,0.25620776414871216,0.48758453130722046,0.25620773434638977,0.7435563802719116,0.5915786623954773,0.03179799998179078,0,0,0.3615371759789433,0.44050847788971076,0.4365248160531776,0.5010092978532769,0.45188560345146034,0.44050847788971076,0.3517834798742325,0.2970739845167417,0.6668382668382669,3359,1,merged unique formal+refinement candidates,label-assisted family-level benchmark HPO
RNA_PROTEIN,D1,CMBF_d8bce54e951b68d1,"{""anchor_strength"":0.08,""boundary_enabled"":true,""conflict_enabled"":true,""conflict_pass"":0.0,""directional_enabled"":true,""directional_mix"":0.0,""min_cluster_fraction_of_equal"":0.01,""move_boundary_floor"":0.1,""pairwise_strength"":0.08,""self_return_strength"":0.08,""sweeps"":1,""trust_gate_enabled"":true,""trust_threshold"":0.55,""unary_view1_weight"":0.5}",PASS,,f774e01c18fd77ceeb44691a9bdb710b2a0c37602b2939f5dbed6ebcfbb43f25,62787ef341fd01198c121b8a43c1359d8191674253ead3ce355323fe2ab39426,42,57,"[993,89,1078,136,210,370,85,211,57,130]",0.25620773434638977,0.25620776414871216,0.48758453130722046,0.25620773434638977,0.7435563802719116,0.5915786623954773,0.02025060000596568,0,0,0.3616093943527595,0.44124241354002225,0.4372650274693806,0.5010131161898806,0.4527053842010661,0.4412424135400222,0.3577444144811726,0.2851033770841566,0.6691548691548691,3359,1,merged unique formal+refinement candidates,label-assisted family-level benchmark HPO
RNA_PROTEIN,D1,CMBF_3bb348efbe255f2e,"{""anchor_strength"":0.08,""boundary_enabled"":true,""conflict_enabled"":true,""conflict_pass"":0.0,""directional_enabled"":true,""directional_mix"":0.25,""min_cluster_fraction_of_equal"":0.01,""move_boundary_floor"":0.1,""pairwise_strength"":0.16,""self_return_strength"":0.2,""sweeps"":2,""trust_gate_enabled"":true,""trust_threshold"":0.55,""unary_view1_weight"":0.5}",PASS,,ffa06dfce6900315f7ba44cf412b4940d314e5f2f0b38f5cb2ea73da47e1b6cf,62787ef341fd01198c121b8a43c1359d8191674253ead3ce355323fe2ab39426,21,58,"[1001,90,1082,135,211,370,85,209,58,118]",0.2554507255554199,0.2554507255554199,0.48909851908683777,0.2554507255554199,0.744677722454071,0.5909157991409302,0.08881270000711083,0,0,0.3640783354487845,0.4440473301473943,0.44008172391995704,0.5035283152947168,0.4546849493868292,0.4440473301473943,0.3556125712582469,0.28929245013482524,0.6675246675246675,3359,1,merged unique formal+refinement candidates,label-assisted family-level benchmark HPO
RNA_PROTEIN,D1,CMBF_bd42a3d8f5f49c11,"{""anchor_strength"":0.02,""boundary_enabled"":true,""conflict_enabled"":true,""conflict_pass"":0.1,""directional_enabled"":true,""directional_mix"":0.5,""min_cluster_fraction_of_equal"":0.01,""move_boundary_floor"":0.1,""pairwise_strength"":0.32,""self_return_strength"":0.2,""sweeps"":2,""trust_gate_enabled"":true,""trust_threshold"":0.4,""unary_view1_weight"":0.5}",PASS,,6d76b4d6e86a96cd653bbcaeab3383ccd7f958d9382f6b2a73b550a0d163bb69,62787ef341fd01198c121b8a43c1359d8191674253ead3ce355323fe2ab39426,39,58,"[992,89,1088,137,212,368,85,209,58,121]",0.25488775968551636,0.25488775968551636,0.4902244806289673,0.30391019582748413,0.6965683102607727,0.5903931856155396,0.07533359999069944,0,0,0.3647909380178006,0.44656715332323516,0.4426218466325171,0.5039497587115302,0.4575322910885571,0.44656715332323516,0.36087360007389985,0.2790789038927124,0.6743028743028743,3359,1,merged unique formal+refinement candidates,label-assisted family-level benchmark HPO
RNA_PROTEIN,D1,CMBF_7000b3f8ef0b5b9c,"{""anchor_strength"":0.08,""boundary_enabled"":true,""conflict_enabled"":true,""conflict_pass"":0.25,""directional_enabled"":true,""directional_mix"":0.5,""min_cluster_fraction_of_equal"":0.01,""move_boundary_floor"":0.05,""pairwise_strength"":0.32,""self_return_strength"":0.02,""sweeps"":2,""trust_gate_enabled"":true,""trust_threshold"":0.7,""unary_view1_weight"":0.35}",PASS,,1475cd21314ff7ac525c60af1cc1118129e338e2a97f4ec81ba0bdee5024a4c0,62787ef341fd01198c121b8a43c1359d8191674253ead3ce355323fe2ab39426,285,57,"[993,86,1084,136,210,343,82,223,57,145]",0.25488775968551636,0.25488775968551636,0.4902244806289673,0.3774438798427582,0.6230455636978149,0.5903931856155396,0.11707219999516383,0,0,0.33840903571585806,0.42741200728396367,0.423337864747052,0.4829327316946219,0.43869955635369073,0.4274120072839637,0.38370395789841,0.23385902838387745,0.7341055341055341,3359,1,merged unique formal+refinement candidates,label-assisted family-level benchmark HPO
RNA_PROTEIN,D1,CMBF_508c221034beb345,"{""anchor_strength"":0.02,""boundary_enabled"":true,""conflict_enabled"":true,""conflict_pass"":0.25,""directional_enabled"":true,""directional_mix"":0.0,""min_cluster_fraction_of_equal"":0.01,""move_boundary_floor"":0.05,""pairwise_strength"":0.03,""self_return_strength"":0.08,""sweeps"":2,""trust_gate_enabled"":true,""trust_threshold"":0.4,""unary_view1_weight"":0.65}",PASS,,037bb1e6427f21de30c1f12a3ccf6a09a455b7a7219516015bf4125939847c72,62787ef341fd01198c121b8a43c1359d8191674253ead3ce355323fe2ab39426,46,57,"[987,92,1078,134,209,370,85,210,57,137]",0.25620773434638977,0.25620776414871216,0.48758453130722046,0.3781038820743561,0.621658980846405,0.5915786623954773,0.06193440000060946,0,0,0.3596578342381572,0.4395351964285242,0.43555023149260347,0.49918773256685794,0.4514849707487611,0.4395351964285242,0.3576185994302052,0.2847245028497282,0.6682968682968683,3359,1,merged unique formal+refinement candidates,label-assisted family-level benchmark HPO
RNA_PROTEIN,D1,CMBF_4ad54dd1a03673b1,"{""anchor_strength"":0.2,""boundary_enabled"":true,""conflict_enabled"":true,""conflict_pass"":0.25,""directional_enabled"":true,""directional_mix"":0.25,""min_cluster_fraction_of_equal"":0.01,""move_boundary_floor"":0.05,""pairwise_strength"":0.16,""self_return_strength"":0.02,""sweeps"":2,""trust_gate_enabled"":true,""trust_threshold"":0.4,""unary_view1_weight"":0.65}",PASS,,df6808318132b7765b83b1ed434e8a3776be004c48baaad166775d4144fe6e3e,62787ef341fd01198c121b8a43c1359d8191674253ead3ce355323fe2ab39426,42,57,"[990,92,1086,136,210,371,82,210,57,125]",0.2554507255554199,0.2554507255554199,0.48909851908683777,0.3777253329753876,0.622412919998169,0.5909157991409302,0.08099909999873489,0,0,0.36264016977046437,0.4427739787309499,0.43880362118973953,0.5021072153772235,0.45383095229693027,0.4427739787309499,0.36184014922563984,0.27718308643054607,0.6728442728442728,3359,1,merged unique formal+refinement candidates,label-assisted family-level benchmark HPO
RNA_PROTEIN,D1,CMBF_2ce21274a74e09fa,"{""anchor_strength"":0.02,""boundary_enabled"":true,""conflict_enabled"":true,""conflict_pass"":0.25,""directional_enabled"":true,""directional_mix"":0.25,""min_cluster_fraction_of_equal"":0.01,""move_boundary_floor"":0.22,""pairwise_strength"":0.32,""self_return_strength"":0.08,""sweeps"":2,""trust_gate_enabled"":true,""trust_threshold"":0.4,""unary_view1_weight"":0.65}",PASS,,a1c5b0f4c7128d8c837fdbf72f247c5686797af3685f07422f5efd724d01bcc0,62787ef341fd01198c121b8a43c1359d8191674253ead3ce355323fe2ab39426,46,58,"[988,90,1087,137,209,373,86,211,58,120]",0.2554507255554199,0.2554507255554199,0.48909851908683777,0.3777253329753876,0.622412919998169,0.5909157991409302,0.027463700011139736,0,0,0.3661993280468437,0.44567160899032093,0.44172199060500067,0.5048654964293233,0.45685172118689954,0.44567160899032093,0.36117701538548225,0.27817755633775754,0.6751608751608752,3359,1,merged unique formal+refinement candidates,label-assisted family-level benchmark HPO
RNA_PROTEIN,D1,CMBF_b23bccaed0bfdca6,"{""anchor_strength"":0.02,""boundary_enabled"":true,""conflict_enabled"":true,""conflict_pass"":0.1,""directional_enabled"":true,""directional_mix"":0.5,""min_cluster_fraction_of_equal"":0.01,""move_boundary_floor"":0.05,""pairwise_strength"":0.03,""self_return_strength"":0.08,""sweeps"":1,""trust_gate_enabled"":true,""trust_threshold"":0.55,""unary_view1_weight"":0.35}",PASS,,75053b6f5486084161e96796022859484ee3bcd01b5ddaf5bdbebdb095bd205f,62787ef341fd01198c121b8a43c1359d8191674253ead3ce355323fe2ab39426,70,55,"[986,90,1085,138,210,365,80,214,55,136]",0.25488775968551636,0.25488775968551636,0.4902244806289673,0.30391019582748413,0.6965683102607727,0.5903931856155396,0.02208950000931509,0,0,0.35868687843084535,0.4360152420500814,0.4320012046986831,0.4987327132362426,0.4473152640427413,0.4360152420500814,0.35387025348877826,0.2934109472583976,0.6701844701844701,3359,1,merged unique formal+refinement candidates,label-assisted family-level benchmark HPO
RNA_PROTEIN,D1,CMBF_9afb19e777ac6d08,"{""anchor_strength"":0.2,""boundary_enabled"":true,""conflict_enabled"":true,""conflict_pass"":0.25,""directional_enabled"":true,""directional_mix"":0.0,""min_cluster_fraction_of_equal"":0.01,""move_boundary_floor"":0.22,""pairwise_strength"":0.08,""self_return_strength"":0.08,""sweeps"":1,""trust_gate_enabled"":true,""trust_threshold"":0.55,""unary_view1_weight"":0.35}",PASS,,3aa946a3eb4b56fecbd18bc1e0aec0d98b00f84e38aa6cf680d6ca3b723e593a,62787ef341fd01198c121b8a43c1359d8191674253ead3ce355323fe2ab39426,25,57,"[997,88,1082,137,211,370,88,209,57,120]",0.25620773434638977,0.25620776414871216,0.48758453130722046,0.3781038820743561,0.621658980846405,0.5915786623954773,0.01683410000987351,0,0,0.36469665881767793,0.444582241356427,0.44062326905657656,0.5038199656710083,0.4555330282926879,0.444582241356427,0.3581491429573584,0.2845506934622994,0.6694122694122694,3359,1,merged unique formal+refinement candidates,label-assisted family-level benchmark HPO
RNA_PROTEIN,D1,CMBF_4dd6bea78d813ccc,"{""anchor_strength"":0.02,""boundary_enabled"":true,""conflict_enabled"":true,""conflict_pass"":0.0,""directional_enabled"":true,""directional_mix"":0.5,""min_cluster_fraction_of_equal"":0.01,""move_boundary_floor"":0.05,""pairwise_strength"":0.32,""self_return_strength"":0.08,""sweeps"":2,""trust_gate_enabled"":true,""trust_threshold"":0.7,""unary_view1_weight"":0.35}",PASS,,54cbe3e2a548f6fad827bf3b18ee6bb7c167d82ad8b7894e03f2bccc07e233c1,62787ef341fd01198c121b8a43c1359d8191674253ead3ce355323fe2ab39426,270,58,"[991,86,1084,137,209,352,82,221,58,139]",0.25488775968551636,0.25488775968551636,0.4902244806289673,0.25488775968551636,0.7455832958221436,0.5903931856155396,0.11348319999524392,0,0,0.33801545795968635,0.42757604463403737,0.42350228029109915,0.48261540737302105,0.4387968942414756,0.42757604463403737,0.3805957142976641,0.23977900166403723,0.7281853281853282,3359,1,merged unique formal+refinement candidates,label-assisted family-level benchmark HPO
RNA_PROTEIN,D1,CMBF_eefe4260f00a3887,"{""anchor_strength"":0.02,""boundary_enabled"":true,""conflict_enabled"":true,""conflict_pass"":0.25,""directional_enabled"":true,""directional_mix"":0.25,""min_cluster_fraction_of_equal"":0.01,""move_boundary_floor"":0.22,""pairwise_strength"":0.16,""self_return_strength"":0.08,""sweeps"":2,""trust_gate_enabled"":true,""trust_threshold"":0.4,""unary_view1_weight"":0.35}",PASS,,423343bf8d22a862020a023ac0b2c0aeaaab9067d9af23561fa486fc5ae70dc4,62787ef341fd01198c121b8a43c1359d8191674253ead3ce355323fe2ab39426,44,57,"[988,90,1084,137,211,372,86,211,57,123]",0.2554507255554199,0.2554507255554199,0.48909851908683777,0.3777253329753876,0.622412919998169,0.5909157991409302,0.025494700006674975,0,0,0.3652816399730829,0.4453534164457705,0.4414037388811103,0.5039890215723932,0.4567484709406457,0.4453534164457705,0.35883086831028305,0.28279710635596333,0.6741312741312742,3359,1,merged unique formal+refinement candidates,label-assisted family-level benchmark HPO
RNA_PROTEIN,D1,CMBF_92e84d882864a745,"{""anchor_strength"":0.08,""boundary_enabled"":true,""conflict_enabled"":true,""conflict_pass"":0.25,""directional_enabled"":true,""directional_mix"":0.0,""min_cluster_fraction_of_equal"":0.01,""move_boundary_floor"":0.05,""pairwise_strength"":0.32,""self_return_strength"":0.02,""sweeps"":1,""trust_gate_enabled"":true,""trust_threshold"":0.4,""unary_view1_weight"":0.65}",PASS,,545126195906c5d254b3ee8edda4690a1899fdd567eabf2b88975164381f5150,62787ef341fd01198c121b8a43c1359d8191674253ead3ce355323fe2ab39426,64,57,"[985,92,1086,135,212,370,83,212,57,127]",0.25620773434638977,0.25620776414871216,0.48758453130722046,0.3781038820743561,0.621658980846405,0.5915786623954773,0.015007800015155226,0,0,0.36388558028739415,0.44520223569933154,0.4412524259177416,0.5028454509649177,0.45669359012553407,0.4452022356993316,0.36447497967996206,0.27174988739968614,0.6777348777348777,3359,1,merged unique formal+refinement candidates,label-assisted family-level benchmark HPO
RNA_PROTEIN,D1,CMBF_503b0a3a965145de,"{""anchor_strength"":0.2,""boundary_enabled"":true,""conflict_enabled"":true,""conflict_pass"":0.0,""directional_enabled"":true,""directional_mix"":0.25,""min_cluster_fraction_of_equal"":0.01,""move_boundary_floor"":0.22,""pairwise_strength"":0.08,""self_return_strength"":0.2,""sweeps"":2,""trust_gate_enabled"":true,""trust_threshold"":0.55,""unary_view1_weight"":0.65}",PASS,,a1db4cfe011ec5f007668a4ea06f95da6ab81916024f9b5dcab4e680aaa91105,62787ef341fd01198c121b8a43c1359d8191674253ead3ce355323fe2ab39426,8,58,"[996,89,1081,133,213,369,93,209,58,118]",0.2554507255554199,0.2554507255554199,0.48909851908683777,0.2554507255554199,0.744677722454071,0.5909157991409302,0.03235130000393838,0,0,0.36628502347161096,0.4474925509902381,0.44355621286099545,0.5049396477810069,0.4587911192250208,0.44749255099023805,0.35866731757918174,0.28335945474741414,0.6658086658086658,3359,1,merged unique formal+refinement candidates,label-assisted family-level benchmark HPO
RNA_PROTEIN,D1,CMBF_f42c9da8286a25cd,"{""anchor_strength"":0.2,""boundary_enabled"":true,""conflict_enabled"":true,""conflict_pass"":0.0,""directional_enabled"":true,""directional_mix"":0.0,""min_cluster_fraction_of_equal"":0.01,""move_boundary_floor"":0.12,""pairwise_strength"":0.03,""self_return_strength"":0.08,""sweeps"":2,""trust_gate_enabled"":true,""trust_threshold"":0.7,""unary_view1_weight"":0.65}",PASS,,6a11668cb9c06078ef9822e747f3c71a13318118a39f7d70ff31c8e65ef3554d,62787ef341fd01198c121b8a43c1359d8191674253ead3ce355323fe2ab39426,25,63,"[993,85,1081,134,213,369,89,209,63,123]",0.25620773434638977,0.25620776414871216,0.48758453130722046,0.25620773434638977,0.7435563802719116,0.5915786623954773,0.057090099988272414,0,0,0.3635233043767309,0.4440298674026298,0.44007054950237845,0.5026353369629523,0.4555165518940342,0.4440298674026298,0.35562510051647434,0.289291200385284,0.6651222651222651,3359,1,merged unique formal+refinement candidates,label-assisted family-level benchmark HPO
RNA_PROTEIN,D1,CMBF_6c7331cd25ceba09,"{""anchor_strength"":0.02,""boundary_enabled"":true,""conflict_enabled"":true,""conflict_pass"":0.25,""directional_enabled"":true,""directional_mix"":0.25,""min_cluster_fraction_of_equal"":0.01,""move_boundary_floor"":0.05,""pairwise_strength"":0.08,""self_return_strength"":0.2,""sweeps"":1,""trust_gate_enabled"":true,""trust_threshold"":0.55,""unary_view1_weight"":0.5}",PASS,,d516fb423890fc6ef0966d406080074041f71d387371512a3575b14545270865,62787ef341fd01198c121b8a43c1359d8191674253ead3ce355323fe2ab39426,24,55,"[999,90,1082,135,212,369,87,209,55,121]",0.2554507255554199,0.2554507255554199,0.48909851908683777,0.3777253329753876,0.622412919998169,0.5909157991409302,0.0218612999888137,0,0,0.36424156672548924,0.44350083407605634,0.439533086931044,0.5035564162239747,0.45424750348518134,0.44350083407605634,0.3567674550845472,0.2876765971853211,0.6670956670956671,3359,1,merged unique formal+refinement candidates,label-assisted family-level benchmark HPO
RNA_PROTEIN,D1,CMBF_5fb57a26473d7456,"{""anchor_strength"":0.2,""boundary_enabled"":true,""conflict_enabled"":true,""conflict_pass"":0.25,""directional_enabled"":true,""directional_mix"":0.25,""min_cluster_fraction_of_equal"":0.01,""move_boundary_floor"":0.12,""pairwise_strength"":0.08,""self_return_strength"":0.2,""sweeps"":1,""trust_gate_enabled"":true,""trust_threshold"":0.55,""unary_view1_weight"":0.5}",PASS,,2288984bc6d02b2bab27fd0413ac29ebecc8c1fe575334e0dc2a815788bb0dd7,62787ef341fd01198c121b8a43c1359d8191674253ead3ce355323fe2ab39426,13,57,"[1000,89,1081,134,213,369,89,209,57,118]",0.2554507255554199,0.2554507255554199,0.48909851908683777,0.3777253329753876,0.622412919998169,0.5909157991409302,0.019551799981854856,0,0,0.3655089780399676,0.44534397206002474,0.44138927986993504,0.5045372002582452,0.4561909748181889,0.44534397206002474,0.35622453706824464,0.2881075230637512,0.6669240669240669,3359,1,merged unique formal+refinement candidates,label-assisted family-level benchmark HPO
RNA_PROTEIN,D1,CMBF_d5b6b03ee1610378,"{""anchor_strength"":0.02,""boundary_enabled"":true,""conflict_enabled"":true,""conflict_pass"":0.25,""directional_enabled"":true,""directional_mix"":0.5,""min_cluster_fraction_of_equal"":0.01,""move_boundary_floor"":0.05,""pairwise_strength"":0.16,""self_return_strength"":0.08,""sweeps"":1,""trust_gate_enabled"":true,""trust_threshold"":0.55,""unary_view1_weight"":0.5}",PASS,,8faa92ebde1976505d08b4d2514daf4bd8550c458ee73e2442e365aa06f38402,62787ef341fd01198c121b8a43c1359d8191674253ead3ce355323fe2ab39426,117,57,"[973,90,1095,137,211,365,83,215,57,133]",0.25488775968551636,0.25488775968551636,0.4902244806289673,0.3774438798427582,0.6230455636978149,0.5903931856155396,0.022346600017044693,0,0,0.35981898648594207,0.4410794334494765,0.4371031072466472,0.4995297196951406,0.45278445483554575,0.4410794334494765,0.3717438960924959,0.25740053599060075,0.6928356928356928,3359,1,merged unique formal+refinement candidates,label-assisted family-level benchmark HPO
RNA_PROTEIN,D1,CMBF_7ad6f62d358cbe63,"{""anchor_strength"":0.2,""boundary_enabled"":true,""conflict_enabled"":true,""conflict_pass"":0.0,""directional_enabled"":true,""directional_mix"":0.5,""min_cluster_fraction_of_equal"":0.01,""move_boundary_floor"":0.05,""pairwise_strength"":0.16,""self_return_strength"":0.08,""sweeps"":2,""trust_gate_enabled"":true,""trust_threshold"":0.7,""unary_view1_weight"":0.65}",PASS,,9250047c9c0d41926fa2a245bf89c9ab19f2e77c8bea85e3ff89f2834ba4a331,62787ef341fd01198c121b8a43c1359d8191674253ead3ce355323fe2ab39426,49,59,"[990,86,1085,136,211,369,88,209,59,126]",0.25488775968551636,0.25488775968551636,0.4902244806289673,0.25488775968551636,0.7455832958221436,0.5903931856155396,0.06731489999219775,0,0,0.3639784462319682,0.4443504581739201,0.440392764885525,0.5030642886606992,0.4556801556837288,0.4443504581739201,0.3655412363832662,0.2702258147078781,0.6738738738738739,3359,1,merged unique formal+refinement candidates,label-assisted family-level benchmark HPO
RNA_PROTEIN,D1,CMBF_f756fa0a1253641c,"{""anchor_strength"":0.02,""boundary_enabled"":true,""conflict_enabled"":true,""conflict_pass"":0.0,""directional_enabled"":true,""directional_mix"":0.25,""min_cluster_fraction_of_equal"":0.01,""move_boundary_floor"":0.05,""pairwise_strength"":0.16,""self_return_strength"":0.08,""sweeps"":2,""trust_gate_enabled"":true,""trust_threshold"":0.7,""unary_view1_weight"":0.65}",PASS,,196db1da72a9c3653451dc4cc8ce5a87903a9572e473b17a16d32be3215190fd,62787ef341fd01198c121b8a43c1359d8191674253ead3ce355323fe2ab39426,150,59,"[975,86,1094,134,211,365,83,216,59,136]",0.2554507255554199,0.2554507255554199,0.48909851908683777,0.2554507255554199,0.744677722454071,0.5909157991409302,0.07003539998549968,0,0,0.35405483494412254,0.4359731321609647,0.43195941272380334,0.49506867418958117,0.44745579220521264,0.4359731321609648,0.3695893175786041,0.26151489470854966,0.6950664950664951,3359,1,merged unique formal+refinement candidates,label-assisted family-level benchmark HPO
RNA_PROTEIN,D1,CMBF_d66f45277f66d31e,"{""anchor_strength"":0.08,""boundary_enabled"":true,""conflict_enabled"":true,""conflict_pass"":0.1,""directional_enabled"":true,""directional_mix"":0.0,""min_cluster_fraction_of_equal"":0.01,""move_boundary_floor"":0.12,""pairwise_strength"":0.08,""self_return_strength"":0.2,""sweeps"":1,""trust_gate_enabled"":true,""trust_threshold"":0.55,""unary_view1_weight"":0.65}",PASS,,a76119d904be2c78e88d0a128b06e874622e7a8b3aef221be032c179e46ef47d,62787ef341fd01198c121b8a43c1359d8191674253ead3ce355323fe2ab39426,10,58,"[996,91,1081,133,213,369,91,209,58,118]",0.25620773434638977,0.25620776414871216,0.48758453130722046,0.30496618151664734,0.6947974562644958,0.5915786623954773,0.055218800000147894,0,0,0.36635898692499935,0.4476627341670225,0.4437276137881383,0.5049972194998339,0.458967283848319,0.4476627341670225,0.35824368340850776,0.2843199417947108,0.6654654654654655,3359,1,merged unique formal+refinement candidates,label-assisted family-level benchmark HPO
RNA_PROTEIN,D1,CMBF_5d15ee6783ed020a,"{""anchor_strength"":0.2,""boundary_enabled"":true,""conflict_enabled"":true,""conflict_pass"":0.0,""directional_enabled"":true,""directional_mix"":0.5,""min_cluster_fraction_of_equal"":0.01,""move_boundary_floor"":0.05,""pairwise_strength"":0.03,""self_return_strength"":0.2,""sweeps"":2,""trust_gate_enabled"":true,""trust_threshold"":0.55,""unary_view1_weight"":0.65}",PASS,,aa34b92a9c8d2e86ba37323ba697d6afe09baecf93843dccf46145bbb6e080a7,62787ef341fd01198c121b8a43c1359d8191674253ead3ce355323fe2ab39426,10,56,"[997,92,1081,133,213,369,91,209,56,118]",0.25488775968551636,0.25488775968551636,0.4902244806289673,0.25488775968551636,0.7455832958221436,0.5903931856155396,0.04270300001371652,0,0,0.36601956473158537,0.44681040231853164,0.4428685837104848,0.5047855328936376,0.4579658887358318,0.4468104023185317,0.35768970293332264,0.2854475063140337,0.6658944658944659,3359,1,merged unique formal+refinement candidates,label-assisted family-level benchmark HPO
RNA_PROTEIN,D1,CMBF_48610f9ad4bc6af2,"{""anchor_strength"":0.2,""boundary_enabled"":true,""conflict_enabled"":true,""conflict_pass"":0.1,""directional_enabled"":true,""directional_mix"":0.25,""min_cluster_fraction_of_equal"":0.01,""move_boundary_floor"":0.22,""pairwise_strength"":0.32,""self_return_strength"":0.08,""sweeps"":2,""trust_gate_enabled"":true,""trust_threshold"":0.55,""unary_view1_weight"":0.65}",PASS,,809d551776a06da23abf64081674aee5b6a56464f50e838889fe733096f66206,62787ef341fd01198c121b8a43c1359d8191674253ead3ce355323fe2ab39426,48,58,"[987,89,1091,138,210,368,87,210,58,121]",0.2554507255554199,0.2554507255554199,0.48909851908683777,0.304360568523407,0.6957717537879944,0.5909157991409302,0.08107300000847317,0,0,0.3636880216708396,0.4429422065718762,0.4389726100323122,0.5030009301713044,0.45400914302036466,0.44294220657187616,0.36405620081681345,0.273125713700535,0.6774774774774774,3359,1,merged unique formal+refinement candidates,label-assisted family-level benchmark HPO
RNA_PROTEIN,D1,CMBF_44739cedebc46e5d,"{""anchor_strength"":0.08,""boundary_enabled"":true,""conflict_enabled"":true,""conflict_pass"":0.25,""directional_enabled"":true,""directional_mix"":0.0,""min_cluster_fraction_of_equal"":0.01,""move_boundary_floor"":0.05,""pairwise_strength"":0.32,""self_return_strength"":0.08,""sweeps"":2,""trust_gate_enabled"":true,""trust_threshold"":0.4,""unary_view1_weight"":0.35}",PASS,,996666d23b60feefe3daac5f4868962ddf57611a5e8e5df46b76de06ed9b052d,62787ef341fd01198c121b8a43c1359d8191674253ead3ce355323fe2ab39426,64,55,"[991,92,1082,135,210,373,82,212,55,127]",0.25620773434638977,0.25620776414871216,0.48758453130722046,0.3781038820743561,0.621658980846405,0.5915786623954773,0.02855920000001788,0,0,0.3636166777639541,0.4434360029428314,0.43947160765077725,0.5027502807578427,0.4545778712094295,0.4434360029428314,0.36148179922236207,0.27776692181065327,0.6777348777348777,3359,1,merged unique formal+refinement candidates,label-assisted family-level benchmark HPO
RNA_PROTEIN,D1,CMBF_e74f89f6154ed3d1,"{""anchor_strength"":0.02,""boundary_enabled"":true,""conflict_enabled"":true,""conflict_pass"":0.0,""directional_enabled"":true,""directional_mix"":0.5,""min_cluster_fraction_of_equal"":0.01,""move_boundary_floor"":0.22,""pairwise_strength"":0.16,""self_return_strength"":0.08,""sweeps"":1,""trust_gate_enabled"":true,""trust_threshold"":0.7,""unary_view1_weight"":0.5}",PASS,,ca2cf59edaad489150f2192103dbaa3a372f10b1104e50de68ff3a6fb761465c,62787ef341fd01198c121b8a43c1359d8191674253ead3ce355323fe2ab39426,81,60,"[977,85,1096,139,210,369,86,211,60,126]",0.25488775968551636,0.25488775968551636,0.4902244806289673,0.25488775968551636,0.7455832958221436,0.5903931856155396,0.023995199997443706,0,0,0.3649415212420062,0.4438915369445925,0.4399311302860146,0.5037966790473827,0.45527887752037643,0.4438915369445925,0.36439574241927,0.2719313820792926,0.6845130845130845,3359,1,merged unique formal+refinement candidates,label-assisted family-level benchmark HPO
RNA_PROTEIN,D1,CMBF_22e5cfb195d932d4,"{""anchor_strength"":0.02,""boundary_enabled"":true,""conflict_enabled"":true,""conflict_pass"":0.0,""directional_enabled"":true,""directional_mix"":0.0,""min_cluster_fraction_of_equal"":0.01,""move_boundary_floor"":0.22,""pairwise_strength"":0.16,""self_return_strength"":0.2,""sweeps"":2,""trust_gate_enabled"":true,""trust_threshold"":0.4,""unary_view1_weight"":0.65}",PASS,,e634db76afea55fa9d47b4715739bd1ceaa72eac8aadb227dbb8676cf0b8dc6d,62787ef341fd01198c121b8a43c1359d8191674253ead3ce355323fe2ab39426,15,59,"[996,90,1081,135,210,370,91,209,59,118]",0.25620773434638977,0.25620776414871216,0.48758453130722046,0.25620773434638977,0.7435563802719116,0.5915786623954773,0.02587339997990057,0,0,0.36617057373445766,0.4464080590993831,0.44246403470066165,0.5048484103311857,0.45771115831088743,0.4464080590993831,0.35899380974706274,0.2826508907086236,0.6674388674388675,3359,1,merged unique formal+refinement candidates,label-assisted family-level benchmark HPO
RNA_PROTEIN,D1,CMBF_d4975dd3d74ecdbc,"{""anchor_strength"":0.08,""boundary_enabled"":true,""conflict_enabled"":true,""conflict_pass"":0.25,""directional_enabled"":true,""directional_mix"":0.0,""min_cluster_fraction_of_equal"":0.01,""move_boundary_floor"":0.05,""pairwise_strength"":0.08,""self_return_strength"":0.02,""sweeps"":1,""trust_gate_enabled"":true,""trust_threshold"":0.55,""unary_view1_weight"":0.5}",PASS,,51dc5fd7e52f6d0c043178ebe5aa3076d203c8e56f47d0abae8c4860a0d63cc9,62787ef341fd01198c121b8a43c1359d8191674253ead3ce355323fe2ab39426,104,56,"[976,90,1094,136,209,361,83,214,56,140]",0.25620773434638977,0.25620776414871216,0.48758453130722046,0.3781038820743561,0.621658980846405,0.5915786623954773,0.023782100004609674,0,0,0.35840924515575046,0.4381523882000391,0.43415555155337304,0.49845532874400744,0.4497995911054096,0.4381523882000391,0.3640801464716325,0.2728993710176418,0.6851994851994851,3359,1,merged unique formal+refinement candidates,label-assisted family-level benchmark HPO
RNA_PROTEIN,D1,CMBF_97bfeefd0d099e7a,"{""anchor_strength"":0.08,""boundary_enabled"":true,""conflict_enabled"":true,""conflict_pass"":0.0,""directional_enabled"":true,""directional_mix"":0.0,""min_cluster_fraction_of_equal"":0.01,""move_boundary_floor"":0.12,""pairwise_strength"":0.16,""self_return_strength"":0.08,""sweeps"":1,""trust_gate_enabled"":true,""trust_threshold"":0.4,""unary_view1_weight"":0.5}",PASS,,0c16ae247129b739fe1f9873895fff919859d39fde747991ceae6aeaebd9fd9a,62787ef341fd01198c121b8a43c1359d8191674253ead3ce355323fe2ab39426,41,58,"[990,91,1088,137,212,368,83,211,58,121]",0.25620773434638977,0.25620776414871216,0.48758453130722046,0.25620773434638977,0.7435563802719116,0.5915786623954773,0.014719999977387488,0,0,0.36480859883396305,0.4462112535061908,0.44226446972015315,0.503878081177847,0.4572809132796123,0.44621125350619084,0.3603270481744412,0.28018671036744097,0.6731874731874732,3359,1,merged unique formal+refinement candidates,label-assisted family-level benchmark HPO
RNA_PROTEIN,D1,CMBF_2fce1fbbd4bc10b2,"{""anchor_strength"":0.08,""boundary_enabled"":true,""conflict_enabled"":true,""conflict_pass"":0.0,""directional_enabled"":true,""directional_mix"":0.0,""min_cluster_fraction_of_equal"":0.01,""move_boundary_floor"":0.05,""pairwise_strength"":0.32,""self_return_strength"":0.08,""sweeps"":1,""trust_gate_enabled"":true,""trust_threshold"":0.7,""unary_view1_weight"":0.65}",PASS,,668169a05dd5a149afa9ec15cb6df6f0f23334657006c1a5e9fe07cda79b7963,62787ef341fd01198c121b8a43c1359d8191674253ead3ce355323fe2ab39426,179,58,"[975,86,1103,135,209,358,86,219,58,130]",0.25620773434638977,0.25620776414871216,0.48758453130722046,0.25620773434638977,0.7435563802719116,0.5915786623954773,0.03559590000077151,0,0,0.352365333588525,0.4371211137059113,0.43311138902561547,0.49414750285024295,0.44818360711565397,0.4371211137059113,0.37866271431787324,0.2443067846252706,0.7065637065637066,3359,1,merged unique formal+refinement candidates,label-assisted family-level benchmark HPO
RNA_PROTEIN,D1,CMBF_eb31e7b8cf738c32,"{""anchor_strength"":0.08,""boundary_enabled"":true,""conflict_enabled"":true,""conflict_pass"":0.25,""directional_enabled"":true,""directional_mix"":0.5,""min_cluster_fraction_of_equal"":0.01,""move_boundary_floor"":0.05,""pairwise_strength"":0.03,""self_return_strength"":0.2,""sweeps"":1,""trust_gate_enabled"":true,""trust_threshold"":0.7,""unary_view1_weight"":0.65}",PASS,,7a3f79b6081f416edfd9d6a71b8e516466c163c6a795fd838f5256df3e6426ce,62787ef341fd01198c121b8a43c1359d8191674253ead3ce355323fe2ab39426,19,58,"[998,88,1081,133,213,369,90,209,58,120]",0.25488775968551636,0.25488775968551636,0.4902244806289673,0.3774438798427582,0.6230455636978149,0.5903931856155396,0.03521219998947345,0,0,0.3641087057925084,0.4440108456706721,0.4400480815471888,0.5033422576813168,0.45501870102860625,0.44401084567067206,0.3539447556871563,0.29310082544946653,0.6644358644358644,3359,1,merged unique formal+refinement candidates,label-assisted family-level benchmark HPO
RNA_PROTEIN,D1,CMBF_0937d54b33dd40d1,"{""anchor_strength"":0.08,""boundary_enabled"":true,""conflict_enabled"":true,""conflict_pass"":0.1,""directional_enabled"":true,""directional_mix"":0.5,""min_cluster_fraction_of_equal"":0.01,""move_boundary_floor"":0.22,""pairwise_strength"":0.32,""self_return_strength"":0.08,""sweeps"":1,""trust_gate_enabled"":true,""trust_threshold"":0.55,""unary_view1_weight"":0.35}",PASS,,e5bdd7962c804ae74c141054725f0776c2320826dfa1737c4073fce3e17fd643,62787ef341fd01198c121b8a43c1359d8191674253ead3ce355323fe2ab39426,68,58,"[980,87,1094,138,210,368,88,211,58,125]",0.25488775968551636,0.25488775968551636,0.4902244806289673,0.30391019582748413,0.6965683102607727,0.5903931856155396,0.017765099997632205,0,0,0.3641369464434485,0.445097218124904,0.44114540412465847,0.5031866663042864,0.45648981334331895,0.44509721812490394,0.364947784779372,0.27073680386336285,0.6808236808236808,3359,1,merged unique formal+refinement candidates,label-assisted family-level benchmark HPO
RNA_PROTEIN,D1,CMBF_833cc7e58f8da466,"{""anchor_strength"":0.2,""boundary_enabled"":true,""conflict_enabled"":true,""conflict_pass"":0.1,""directional_enabled"":true,""directional_mix"":0.0,""min_cluster_fraction_of_equal"":0.01,""move_boundary_floor"":0.22,""pairwise_strength"":0.08,""self_return_strength"":0.2,""sweeps"":1,""trust_gate_enabled"":true,""trust_threshold"":0.4,""unary_view1_weight"":0.65}",PASS,,cc9f5ee132eb6a5bc8498f74b695c7dfb69f046facf0616ce579d1ca6ced95ad,62787ef341fd01198c121b8a43c1359d8191674253ead3ce355323fe2ab39426,9,58,"[996,90,1081,133,213,369,92,209,58,118]",0.25620773434638977,0.25620776414871216,0.48758453130722046,0.30496618151664734,0.6947974562644958,0.5915786623954773,0.014568999991752207,0,0,0.36632130353223086,0.4475766214327535,0.4436408862229947,0.5049678304853333,0.45887857552981315,0.4475766214327535,0.3586729708321459,0.2834047707901178,0.6657228657228658,3359,1,merged unique formal+refinement candidates,label-assisted family-level benchmark HPO
RNA_PROTEIN,D1,CMBF_ffa1ad6966b30f6e,"{""anchor_strength"":0.2,""boundary_enabled"":true,""conflict_enabled"":true,""conflict_pass"":0.1,""directional_enabled"":true,""directional_mix"":0.0,""min_cluster_fraction_of_equal"":0.01,""move_boundary_floor"":0.22,""pairwise_strength"":0.16,""self_return_strength"":0.02,""sweeps"":2,""trust_gate_enabled"":true,""trust_threshold"":0.55,""unary_view1_weight"":0.5}",PASS,,1a2307b2c483b4ceb7a3f321f221a9bbc88c7800ae8a43761f81c47762ef1902,62787ef341fd01198c121b8a43c1359d8191674253ead3ce355323fe2ab39426,49,58,"[988,88,1089,138,210,367,88,211,58,122]",0.25620773434638977,0.25620776414871216,0.48758453130722046,0.30496618151664734,0.6947974562644958,0.5915786623954773,0.033194700023159385,0,0,0.36308315878186564,0.44341108619255104,0.4394457785325936,0.5024605119400982,0.4545983459640236,0.44341108619255104,0.3634886612918366,0.27388862252004037,0.6771342771342771,3359,1,merged unique formal+refinement candidates,label-assisted family-level benchmark HPO
RNA_PROTEIN,D1,CMBF_f87089bf274fea25,"{""anchor_strength"":0.08,""boundary_enabled"":true,""conflict_enabled"":true,""conflict_pass"":0.1,""directional_enabled"":true,""directional_mix"":0.25,""min_cluster_fraction_of_equal"":0.01,""move_boundary_floor"":0.22,""pairwise_strength"":0.08,""self_return_strength"":0.08,""sweeps"":2,""trust_gate_enabled"":true,""trust_threshold"":0.4,""unary_view1_weight"":0.5}",PASS,,c2df69f022e1d7a3f77e15de55e9260b48ff7cc4ae09fd09c8e25f87f3f611bb,62787ef341fd01198c121b8a43c1359d8191674253ead3ce355323fe2ab39426,24,57,"[998,90,1080,137,210,370,88,210,57,119]",0.2554507255554199,0.2554507255554199,0.48909851908683777,0.304360568523407,0.6957717537879944,0.5909157991409302,0.026370000006863847,0,0,0.36483750236602847,0.44338567841729637,0.43941905209795723,0.5038689789555155,0.45441618231151876,0.44338567841729637,0.3577337018780624,0.28538730798483886,0.6688116688116688,3359,1,merged unique formal+refinement candidates,label-assisted family-level benchmark HPO
RNA_PROTEIN,D1,CMBF_5c5ea4015651bd35,"{""anchor_strength"":0.08,""boundary_enabled"":true,""conflict_enabled"":true,""conflict_pass"":0.0,""directional_enabled"":true,""directional_mix"":0.5,""min_cluster_fraction_of_equal"":0.01,""move_boundary_floor"":0.05,""pairwise_strength"":0.03,""self_return_strength"":0.08,""sweeps"":1,""trust_gate_enabled"":true,""trust_threshold"":0.7,""unary_view1_weight"":0.65}",PASS,,7ebdc05b7e77bdfd3d65ab82e119dd41b56c60289d1224d800c397e7940294b1,62787ef341fd01198c121b8a43c1359d8191674253ead3ce355323fe2ab39426,43,60,"[990,85,1080,135,212,369,87,209,60,132]",0.25488775968551636,0.25488775968551636,0.4902244806289673,0.25488775968551636,0.7455832958221436,0.5903931856155396,0.03366360001382418,0,0,0.36027715766126595,0.43982097131758224,0.4358343321683163,0.4999130721722652,0.45141791223658456,0.43982097131758224,0.35431607040199753,0.2916825477771285,0.6651222651222651,3359,1,merged unique formal+refinement candidates,label-assisted family-level benchmark HPO
RNA_PROTEIN,D1,CMBF_36e81709dcbccbca,"{""anchor_strength"":0.2,""boundary_enabled"":true,""conflict_enabled"":true,""conflict_pass"":0.1,""directional_enabled"":true,""directional_mix"":0.0,""min_cluster_fraction_of_equal"":0.01,""move_boundary_floor"":0.05,""pairwise_strength"":0.08,""self_return_strength"":0.02,""sweeps"":2,""trust_gate_enabled"":true,""trust_threshold"":0.55,""unary_view1_weight"":0.5}",PASS,,de0ecb4d0f8688a29484aed4284be671751f5429dc80c12401f9607cc348953c,62787ef341fd01198c121b8a43c1359d8191674253ead3ce355323fe2ab39426,49,56,"[991,90,1079,136,212,367,84,211,56,133]",0.25620773434638977,0.25620776414871216,0.48758453130722046,0.30496618151664734,0.6947974562644958,0.5915786623954773,0.04092669999226928,0,0,0.36211205910192296,0.44111086205917355,0.4371338586601048,0.501337478436197,0.4526905103110595,0.44111086205917355,0.35980257122343057,0.281416574743839,0.6715572715572715,3359,1,merged unique formal+refinement candidates,label-assisted family-level benchmark HPO
RNA_PROTEIN,D1,CMBF_c40410d7e5ee0c1d,"{""anchor_strength"":0.08,""boundary_enabled"":true,""conflict_enabled"":true,""conflict_pass"":0.25,""directional_enabled"":true,""directional_mix"":0.0,""min_cluster_fraction_of_equal"":0.01,""move_boundary_floor"":0.22,""pairwise_strength"":0.32,""self_return_strength"":0.2,""sweeps"":1,""trust_gate_enabled"":true,""trust_threshold"":0.4,""unary_view1_weight"":0.65}",PASS,,d49d268f742e8c082b4e3cf6a679be6c406158ede05d2e2d0a1375eb55c8d60e,62787ef341fd01198c121b8a43c1359d8191674253ead3ce355323fe2ab39426,24,58,"[992,90,1083,135,212,371,89,209,58,120]",0.25620773434638977,0.25620776414871216,0.48758453130722046,0.3781038820743561,0.621658980846405,0.5915786623954773,0.013815399986924604,0,0,0.3658873753142547,0.4471734858808132,0.44323546820678883,0.5045711129507446,0.45851608586176723,0.4471734858808132,0.361102748073259,0.2784464077933159,0.6713856713856714,3359,1,merged unique formal+refinement candidates,label-assisted family-level benchmark HPO
RNA_PROTEIN,D1,CMBF_2fec2fe061c26f58,"{""anchor_strength"":0.02,""boundary_enabled"":true,""conflict_enabled"":true,""conflict_pass"":0.1,""directional_enabled"":true,""directional_mix"":0.5,""min_cluster_fraction_of_equal"":0.01,""move_boundary_floor"":0.12,""pairwise_strength"":0.16,""self_return_strength"":0.08,""sweeps"":2,""trust_gate_enabled"":true,""trust_threshold"":0.55,""unary_view1_weight"":0.5}",PASS,,f8c65e951cc18e40689ab80796904c100165254075b527939c90deb35b67630f,62787ef341fd01198c121b8a43c1359d8191674253ead3ce355323fe2ab39426,88,58,"[975,88,1102,138,209,362,84,213,58,130]",0.25488775968551636,0.25488775968551636,0.4902244806289673,0.30391019582748413,0.6965683102607727,0.5903931856155396,0.03890399998635985,0,0,0.3624467117590215,0.44391492911050645,0.4399539062704676,0.5019929995681252,0.45518420312708574,0.44391492911050645,0.3677393753690574,0.2652839093713651,0.6851136851136851,3359,1,merged unique formal+refinement candidates,label-assisted family-level benchmark HPO
RNA_PROTEIN,D1,CMBF_3aaa4a9e7d8d2b21,"{""anchor_strength"":0.08,""boundary_enabled"":true,""conflict_enabled"":true,""conflict_pass"":0.0,""directional_enabled"":true,""directional_mix"":0.5,""min_cluster_fraction_of_equal"":0.01,""move_boundary_floor"":0.12,""pairwise_strength"":0.08,""self_return_strength"":0.2,""sweeps"":1,""trust_gate_enabled"":true,""trust_threshold"":0.4,""unary_view1_weight"":0.65}",PASS,,cc9f5ee132eb6a5bc8498f74b695c7dfb69f046facf0616ce579d1ca6ced95ad,62787ef341fd01198c121b8a43c1359d8191674253ead3ce355323fe2ab39426,9,58,"[996,90,1081,133,213,369,92,209,58,118]",0.25488775968551636,0.25488775968551636,0.4902244806289673,0.25488775968551636,0.7455832958221436,0.5903931856155396,0.014452200004598126,0,0,0.36632130353223086,0.4475766214327535,0.4436408862229947,0.5049678304853333,0.45887857552981315,0.4475766214327535,0.3586729708321459,0.2834047707901178,0.6657228657228658,3359,1,merged unique formal+refinement candidates,label-assisted family-level benchmark HPO
RNA_PROTEIN,D1,CMBF_bd9500628e0b125a,"{""anchor_strength"":0.08,""boundary_enabled"":true,""conflict_enabled"":true,""conflict_pass"":0.0,""directional_enabled"":true,""directional_mix"":0.0,""min_cluster_fraction_of_equal"":0.01,""move_boundary_floor"":0.05,""pairwise_strength"":0.08,""self_return_strength"":0.02,""sweeps"":1,""trust_gate_enabled"":true,""trust_threshold"":0.4,""unary_view1_weight"":0.65}",PASS,,d95a9109687cbe37d51814b7281cdcb4bb53c70f4b7e716eee81182cd95cd6ec,62787ef341fd01198c121b8a43c1359d8191674253ead3ce355323fe2ab39426,55,57,"[988,92,1084,135,209,368,83,212,57,131]",0.25620773434638977,0.25620776414871216,0.48758453130722046,0.25620773434638977,0.7435563802719116,0.5915786623954773,0.015699400013545528,0,0,0.36188169056105973,0.44185548457028684,0.437882320788083,0.5012754163262542,0.45332577966133286,0.44185548457028684,0.36084060044399624,0.2791873932836725,0.6722436722436722,3359,1,merged unique formal+refinement candidates,label-assisted family-level benchmark HPO
RNA_PROTEIN,D1,CMBF_99bfe5df73bd19c1,"{""anchor_strength"":0.08,""boundary_enabled"":true,""conflict_enabled"":true,""conflict_pass"":0.1,""directional_enabled"":true,""directional_mix"":0.25,""min_cluster_fraction_of_equal"":0.01,""move_boundary_floor"":0.22,""pairwise_strength"":0.32,""self_return_strength"":0.2,""sweeps"":2,""trust_gate_enabled"":true,""trust_threshold"":0.7,""unary_view1_weight"":0.65}",PASS,,f1bd7cbe86b8c7ed6f0d2b53818c9e56d984c9fcf73697fabf4d39b7037285ca,62787ef341fd01198c121b8a43c1359d8191674253ead3ce355323fe2ab39426,52,60,"[993,87,1083,137,210,371,88,209,60,121]",0.2554507255554199,0.2554507255554199,0.48909851908683777,0.304360568523407,0.6957717537879944,0.5909157991409302,0.04522309999447316,0,0,0.3622744659989249,0.4422175735484362,0.43824359044901573,0.5017879788404371,0.4533952273408261,0.44221757354843627,0.36414674863228913,0.27313148102249907,0.6802230802230802,3359,1,merged unique formal+refinement candidates,label-assisted family-level benchmark HPO
RNA_PROTEIN,D1,CMBF_a8259b5ae27e7eb9,"{""anchor_strength"":0.08,""boundary_enabled"":true,""conflict_enabled"":true,""conflict_pass"":0.1,""directional_enabled"":true,""directional_mix"":0.25,""min_cluster_fraction_of_equal"":0.01,""move_boundary_floor"":0.22,""pairwise_strength"":0.16,""self_return_strength"":0.02,""sweeps"":1,""trust_gate_enabled"":true,""trust_threshold"":0.4,""unary_view1_weight"":0.5}",PASS,,b6b279b1c9123e7f64eafb9134b817bcd79703ab141d30742a8e2b254903e65e,62787ef341fd01198c121b8a43c1359d8191674253ead3ce355323fe2ab39426,43,58,"[987,90,1086,137,210,372,86,211,58,122]",0.2554507255554199,0.2554507255554199,0.48909851908683777,0.304360568523407,0.6957717537879944,0.5909157991409302,0.013037299999268726,0,0,0.36597163609798405,0.4467987130742026,0.4428587301011031,0.5045780819685768,0.4581933550241949,0.4467987130742026,0.3611469000192366,0.27799187315813734,0.6745602745602746,3359,1,merged unique formal+refinement candidates,label-assisted family-level benchmark HPO
RNA_PROTEIN,D1,CMBF_118dbed1e432e5d7,"{""anchor_strength"":0.2,""boundary_enabled"":true,""conflict_enabled"":true,""conflict_pass"":0.0,""directional_enabled"":true,""directional_mix"":0.0,""min_cluster_fraction_of_equal"":0.01,""move_boundary_floor"":0.05,""pairwise_strength"":0.16,""self_return_strength"":0.02,""sweeps"":1,""trust_gate_enabled"":true,""trust_threshold"":0.55,""unary_view1_weight"":0.5}",PASS,,5675eddb3e13f9f5893575cbeb2e7a9e9e97f96e96d4264fe64e36402635ebb9,62787ef341fd01198c121b8a43c1359d8191674253ead3ce355323fe2ab39426,78,57,"[982,90,1092,137,211,363,83,213,57,131]",0.25620773434638977,0.25620776414871216,0.48758453130722046,0.25620773434638977,0.7435563802719116,0.5915786623954773,0.022263799997745082,0,0,0.3620056488413648,0.44086654640242645,0.43688571171033896,0.5014655302037454,0.452238281206604,0.44086654640242645,0.3681288025818409,0.26491295669208426,0.6828828828828829,3359,1,merged unique formal+refinement candidates,label-assisted family-level benchmark HPO
RNA_PROTEIN,D1,CMBF_3ba43c2ee389abc7,"{""anchor_strength"":0.08,""boundary_enabled"":true,""conflict_enabled"":true,""conflict_pass"":0.1,""directional_enabled"":true,""directional_mix"":0.5,""min_cluster_fraction_of_equal"":0.01,""move_boundary_floor"":0.12,""pairwise_strength"":0.08,""self_return_strength"":0.2,""sweeps"":2,""trust_gate_enabled"":true,""trust_threshold"":0.4,""unary_view1_weight"":0.5}",PASS,,2288984bc6d02b2bab27fd0413ac29ebecc8c1fe575334e0dc2a815788bb0dd7,62787ef341fd01198c121b8a43c1359d8191674253ead3ce355323fe2ab39426,13,57,"[1000,89,1081,134,213,369,89,209,57,118]",0.25488775968551636,0.25488775968551636,0.4902244806289673,0.30391019582748413,0.6965683102607727,0.5903931856155396,0.027675599994836375,0,0,0.3655089780399676,0.44534397206002474,0.44138927986993504,0.5045372002582452,0.4561909748181889,0.44534397206002474,0.35622453706824464,0.2881075230637512,0.6669240669240669,3359,1,merged unique formal+refinement candidates,label-assisted family-level benchmark HPO
RNA_PROTEIN,D1,CMBF_faeec5a80a0e4ed4,"{""anchor_strength"":0.08,""boundary_enabled"":true,""conflict_enabled"":true,""conflict_pass"":0.25,""directional_enabled"":true,""directional_mix"":0.25,""min_cluster_fraction_of_equal"":0.01,""move_boundary_floor"":0.05,""pairwise_strength"":0.16,""self_return_strength"":0.2,""sweeps"":2,""trust_gate_enabled"":true,""trust_threshold"":0.55,""unary_view1_weight"":0.5}",PASS,,94feb802adb14df3bf88f9ec009e240d5d3c833c7d2fd56fb5ce96e6b63bb2cb,62787ef341fd01198c121b8a43c1359d8191674253ead3ce355323fe2ab39426,31,56,"[996,92,1082,135,212,370,85,209,56,122]",0.2554507255554199,0.2554507255554199,0.48909851908683777,0.3777253329753876,0.622412919998169,0.5909157991409302,0.041476799990050495,0,0,0.3635634240944817,0.4446222856483765,0.4406642568810508,0.5028921637365226,0.4556197069352328,0.44462228564837664,0.36166528396341413,0.27735500955289094,0.6718146718146718,3359,1,merged unique formal+refinement candidates,label-assisted family-level benchmark HPO
RNA_PROTEIN,D1,CMBF_b3350c2365dc2d29,"{""anchor_strength"":0.2,""boundary_enabled"":true,""conflict_enabled"":true,""conflict_pass"":0.1,""directional_enabled"":true,""directional_mix"":0.0,""min_cluster_fraction_of_equal"":0.01,""move_boundary_floor"":0.22,""pairwise_strength"":0.16,""self_return_strength"":0.02,""sweeps"":2,""trust_gate_enabled"":true,""trust_threshold"":0.55,""unary_view1_weight"":0.65}",PASS,,1972c351f7805daaf7a1a20a03d2cb12729b1dd4367a4b6f94086361b5018b78,62787ef341fd01198c121b8a43c1359d8191674253ead3ce355323fe2ab39426,40,58,"[993,89,1084,137,212,368,88,210,58,120]",0.25620773434638977,0.25620776414871216,0.48758453130722046,0.30496618151664734,0.6947974562644958,0.5915786623954773,0.03260080001200549,0,0,0.3642958117858083,0.44294429181845046,0.4389754101928483,0.5033973897657964,0.4540907215279003,0.4429442918184504,0.36263844033897846,0.2757183244747339,0.6737880737880738,3359,1,merged unique formal+refinement candidates,label-assisted family-level benchmark HPO
RNA_PROTEIN,D1,CMBF_75135cc1c9d99dff,"{""anchor_strength"":0.2,""boundary_enabled"":true,""conflict_enabled"":true,""conflict_pass"":0.1,""directional_enabled"":true,""directional_mix"":0.5,""min_cluster_fraction_of_equal"":0.01,""move_boundary_floor"":0.22,""pairwise_strength"":0.16,""self_return_strength"":0.08,""sweeps"":2,""trust_gate_enabled"":true,""trust_threshold"":0.7,""unary_view1_weight"":0.35}",PASS,,d7dd74981323af8cca44957e80cea7446b2cc2426cb57b4c0e1221c10298423c,62787ef341fd01198c121b8a43c1359d8191674253ead3ce355323fe2ab39426,42,62,"[993,83,1086,139,210,368,87,210,62,121]",0.25488775968551636,0.25488775968551636,0.4902244806289673,0.30391019582748413,0.6965683102607727,0.5903931856155396,0.045382399985101074,0,0,0.36224344429195365,0.4436604851411122,0.43969512382616677,0.5018923662191048,0.4547071587683403,0.4436604851411122,0.3585137428441828,0.2835659023505181,0.6735306735306735,3359,1,merged unique formal+refinement candidates,label-assisted family-level benchmark HPO
RNA_PROTEIN,D1,CMBF_4ee65e17e4988304,"{""anchor_strength"":0.02,""boundary_enabled"":true,""conflict_enabled"":true,""conflict_pass"":0.25,""directional_enabled"":true,""directional_mix"":0.25,""min_cluster_fraction_of_equal"":0.01,""move_boundary_floor"":0.12,""pairwise_strength"":0.16,""self_return_strength"":0.2,""sweeps"":1,""trust_gate_enabled"":true,""trust_threshold"":0.55,""unary_view1_weight"":0.35}",PASS,,e6abeda3b82a566a49fbd434e5bcfb37f277df65c04f08b3655f70792912ca36,62787ef341fd01198c121b8a43c1359d8191674253ead3ce355323fe2ab39426,41,56,"[993,88,1087,138,211,369,86,209,56,122]",0.2554507255554199,0.2554507255554199,0.48909851908683777,0.3777253329753876,0.622412919998169,0.5909157991409302,0.020504799991613254,0,0,0.3619647144964953,0.44182709525494474,0.43784782895700153,0.5017536673780982,0.4525976737427103,0.44182709525494474,0.35849186247343184,0.28383188471353477,0.6746460746460746,3359,1,merged unique formal+refinement candidates,label-assisted family-level benchmark HPO
RNA_PROTEIN,D1,CMBF_2278ba95f165704e,"{""anchor_strength"":0.08,""boundary_enabled"":true,""conflict_enabled"":true,""conflict_pass"":0.1,""directional_enabled"":true,""directional_mix"":0.0,""min_cluster_fraction_of_equal"":0.01,""move_boundary_floor"":0.12,""pairwise_strength"":0.32,""self_return_strength"":0.02,""sweeps"":2,""trust_gate_enabled"":true,""trust_threshold"":0.4,""unary_view1_weight"":0.5}",PASS,,90a80093f08186cafde406fbe63779ac1cbe091410d6105f96bcc33a29b82c96,62787ef341fd01198c121b8a43c1359d8191674253ead3ce355323fe2ab39426,59,58,"[986,91,1087,136,211,374,83,211,58,122]",0.25620773434638977,0.25620776414871216,0.48758453130722046,0.30496618151664734,0.6947974562644958,0.5915786623954773,0.027849099977174774,0,0,0.3656873231433254,0.4470698598159095,0.44313082382410557,0.5043974294977464,0.45833486552742025,0.4470698598159096,0.36179948036565573,0.2767964147405986,0.6762762762762763,3359,1,merged unique formal+refinement candidates,label-assisted family-level benchmark HPO
RNA_PROTEIN,D1,CMBF_56dcd8708d21ae45,"{""anchor_strength"":0.02,""boundary_enabled"":true,""conflict_enabled"":true,""conflict_pass"":0.1,""directional_enabled"":true,""directional_mix"":0.5,""min_cluster_fraction_of_equal"":0.01,""move_boundary_floor"":0.12,""pairwise_strength"":0.08,""self_return_strength"":0.08,""sweeps"":1,""trust_gate_enabled"":true,""trust_threshold"":0.7,""unary_view1_weight"":0.65}",PASS,,c73022b250383721a27c8d250243fdeec62c2b53a9a534205f91fc3687eb8e70,62787ef341fd01198c121b8a43c1359d8191674253ead3ce355323fe2ab39426,55,60,"[987,86,1085,134,211,371,86,209,60,130]",0.25488775968551636,0.25488775968551636,0.4902244806289673,0.30391019582748413,0.6965683102607727,0.5903931856155396,0.029120299994247034,0,0,0.3593902191464759,0.4391792764080287,0.4351860499252683,0.49936231964684913,0.4505316339209421,0.4391792764080287,0.36221712287546826,0.27609825335641625,0.6725868725868726,3359,1,merged unique formal+refinement candidates,label-assisted family-level benchmark HPO
RNA_PROTEIN,D1,CMBF_6d28a9e9fb017139,"{""anchor_strength"":0.02,""boundary_enabled"":true,""conflict_enabled"":true,""conflict_pass"":0.0,""directional_enabled"":true,""directional_mix"":0.5,""min_cluster_fraction_of_equal"":0.01,""move_boundary_floor"":0.22,""pairwise_strength"":0.16,""self_return_strength"":0.08,""sweeps"":2,""trust_gate_enabled"":true,""trust_threshold"":0.4,""unary_view1_weight"":0.65}",PASS,,a1ee25a05b41ad6e281f79448ff478bf89b897eefc7546c1125eb603d05a6d38,62787ef341fd01198c121b8a43c1359d8191674253ead3ce355323fe2ab39426,34,59,"[992,88,1085,137,209,371,88,211,59,119]",0.25488775968551636,0.25488775968551636,0.4902244806289673,0.25488775968551636,0.7455832958221436,0.5903931856155396,0.025882399990223348,0,0,0.3649714729324149,0.44524813558582405,0.44129487037131965,0.5039599856903179,0.45637902425257454,0.44524813558582405,0.35987923316273296,0.2804703402190823,0.6718146718146718,3359,1,merged unique formal+refinement candidates,label-assisted family-level benchmark HPO
RNA_PROTEIN,D1,CMBF_7ed38195448cac9e,"{""anchor_strength"":0.02,""boundary_enabled"":true,""conflict_enabled"":true,""conflict_pass"":0.25,""directional_enabled"":true,""directional_mix"":0.5,""min_cluster_fraction_of_equal"":0.01,""move_boundary_floor"":0.12,""pairwise_strength"":0.16,""self_return_strength"":0.2,""sweeps"":2,""trust_gate_enabled"":true,""trust_threshold"":0.4,""unary_view1_weight"":0.5}",PASS,,6051f961aebc6f70abbc58acc4cb97cd3ea05bce4eb8da2105da5c58c8b9b738,62787ef341fd01198c121b8a43c1359d8191674253ead3ce355323fe2ab39426,23,58,"[995,90,1084,135,211,370,87,209,58,120]",0.25488775968551636,0.25488775968551636,0.4902244806289673,0.3774438798427582,0.6230455636978149,0.5903931856155396,0.025464599981205538,0,0,0.3651588859468861,0.4459391724018017,0.44198993193039204,0.5041837847008851,0.4569653897537194,0.44593917240180164,0.35981965538029564,0.2811196616453659,0.6688116688116688,3359,1,merged unique formal+refinement candidates,label-assisted family-level benchmark HPO
RNA_PROTEIN,D1,CMBF_ab7054c57f80c6fe,"{""anchor_strength"":0.2,""boundary_enabled"":true,""conflict_enabled"":true,""conflict_pass"":0.0,""directional_enabled"":true,""directional_mix"":0.0,""min_cluster_fraction_of_equal"":0.01,""move_boundary_floor"":0.05,""pairwise_strength"":0.32,""self_return_strength"":0.02,""sweeps"":2,""trust_gate_enabled"":true,""trust_threshold"":0.55,""unary_view1_weight"":0.5}",PASS,,c5ba0c34c4b862e129003320fb1543fe70d278b5fd7d4dbe8f74920f043e52ba,62787ef341fd01198c121b8a43c1359d8191674253ead3ce355323fe2ab39426,127,57,"[977,90,1100,136,211,360,83,216,57,129]",0.25620773434638977,0.25620776414871216,0.48758453130722046,0.25620773434638977,0.7435563802719116,0.5915786623954773,0.04096640000352636,0,0,0.36134072646549775,0.44290244307101334,0.43893428748658525,0.5011137011105263,0.4541241256061144,0.44290244307101334,0.3732739321266136,0.2551443541747892,0.6932646932646933,3359,1,merged unique formal+refinement candidates,label-assisted family-level benchmark HPO
RNA_PROTEIN,D1,CMBF_44b0138b90d0a8a0,"{""anchor_strength"":0.2,""boundary_enabled"":true,""conflict_enabled"":true,""conflict_pass"":0.0,""directional_enabled"":true,""directional_mix"":0.0,""min_cluster_fraction_of_equal"":0.01,""move_boundary_floor"":0.05,""pairwise_strength"":0.16,""self_return_strength"":0.2,""sweeps"":1,""trust_gate_enabled"":true,""trust_threshold"":0.55,""unary_view1_weight"":0.65}",PASS,,098aa56e577120f7bb14a885a3849a181b81b01711ce4451c6c45f07a4d6b702,62787ef341fd01198c121b8a43c1359d8191674253ead3ce355323fe2ab39426,11,56,"[997,91,1080,134,212,369,92,209,56,119]",0.25620773434638977,0.25620776414871216,0.48758453130722046,0.25620773434638977,0.7435563802719116,0.5915786623954773,0.02150380000239238,0,0,0.3662466169491218,0.44678223732127664,0.44284108394030836,0.5049057404543525,0.4580393307160206,0.44678223732127664,0.35878926515906207,0.28321393752480767,0.6669240669240669,3359,1,merged unique formal+refinement candidates,label-assisted family-level benchmark HPO
RNA_PROTEIN,D1,CMBF_402dd71831b50491,"{""anchor_strength"":0.02,""boundary_enabled"":true,""conflict_enabled"":true,""conflict_pass"":0.1,""directional_enabled"":true,""directional_mix"":0.5,""min_cluster_fraction_of_equal"":0.01,""move_boundary_floor"":0.22,""pairwise_strength"":0.03,""self_return_strength"":0.08,""sweeps"":1,""trust_gate_enabled"":true,""trust_threshold"":0.4,""unary_view1_weight"":0.65}",PASS,,fc60c61446c6b7c2d479dc94578c5b4d11f45ea9323a6fa95082d0f546e79c4f,62787ef341fd01198c121b8a43c1359d8191674253ead3ce355323fe2ab39426,16,58,"[994,88,1081,135,211,370,92,209,58,121]",0.25488775968551636,0.25488775968551636,0.4902244806289673,0.30391019582748413,0.6965683102607727,0.5903931856155396,0.012819099996704608,0,0,0.3645667982222921,0.4443428242548698,0.4403852637980309,0.5035091089601804,0.4556938969918978,0.4443428242548699,0.35788068048663974,0.28470406470162557,0.6661518661518662,3359,1,merged unique formal+refinement candidates,label-assisted family-level benchmark HPO
RNA_PROTEIN,D1,CMBF_468e9337c117e281,"{""anchor_strength"":0.2,""boundary_enabled"":true,""conflict_enabled"":true,""conflict_pass"":0.1,""directional_enabled"":true,""directional_mix"":0.0,""min_cluster_fraction_of_equal"":0.01,""move_boundary_floor"":0.12,""pairwise_strength"":0.16,""self_return_strength"":0.2,""sweeps"":1,""trust_gate_enabled"":true,""trust_threshold"":0.4,""unary_view1_weight"":0.35}",PASS,,e03c704083de7f8725cd4582c46bd191311d70a05ec9b55ebcf3ca8e0b9674ad,62787ef341fd01198c121b8a43c1359d8191674253ead3ce355323fe2ab39426,18,56,"[1001,91,1081,135,213,369,86,209,56,118]",0.25620773434638977,0.25620776414871216,0.48758453130722046,0.30496618151664734,0.6947974562644958,0.5915786623954773,0.014968500006943941,0,0,0.3651534630901167,0.4438904660108799,0.4399246236881049,0.5043145026868971,0.4545743792220217,0.44389046601087984,0.35501737164885544,0.2908506529288635,0.6673530673530673,3359,1,merged unique formal+refinement candidates,label-assisted family-level benchmark HPO
RNA_PROTEIN,D1,CMBF_9616cb92b706249e,"{""anchor_strength"":0.02,""boundary_enabled"":true,""conflict_enabled"":true,""conflict_pass"":0.0,""directional_enabled"":true,""directional_mix"":0.5,""min_cluster_fraction_of_equal"":0.01,""move_boundary_floor"":0.22,""pairwise_strength"":0.03,""self_return_strength"":0.2,""sweeps"":1,""trust_gate_enabled"":true,""trust_threshold"":0.7,""unary_view1_weight"":0.35}",PASS,,29783f3f4a63e0c5b435f121aa7c02d45e3272f99e4c23667218cdb5e95e4253,62787ef341fd01198c121b8a43c1359d8191674253ead3ce355323fe2ab39426,18,60,"[1000,84,1081,136,211,369,91,209,60,118]",0.25488775968551636,0.25488775968551636,0.4902244806289673,0.25488775968551636,0.7455832958221436,0.5903931856155396,0.022642399999313056,0,0,0.3652640949658673,0.44405592673217736,0.4400921388244657,0.5043332087786758,0.4549474414202373,0.44405592673217736,0.35474575434233957,0.29089987413534063,0.6657228657228658,3359,1,merged unique formal+refinement candidates,label-assisted family-level benchmark HPO
RNA_PROTEIN,D1,CMBF_5c176e1faab66fbd,"{""anchor_strength"":0.08,""boundary_enabled"":true,""conflict_enabled"":true,""conflict_pass"":0.25,""directional_enabled"":true,""directional_mix"":0.25,""min_cluster_fraction_of_equal"":0.01,""move_boundary_floor"":0.12,""pairwise_strength"":0.03,""self_return_strength"":0.2,""sweeps"":2,""trust_gate_enabled"":true,""trust_threshold"":0.7,""unary_view1_weight"":0.65}",PASS,,ea7d445516795d08b3ab7fa4228137bd865a3a7bcbc84e1f34d68a3671205eb5,62787ef341fd01198c121b8a43c1359d8191674253ead3ce355323fe2ab39426,17,61,"[997,85,1081,133,213,369,91,209,61,120]",0.2554507255554199,0.2554507255554199,0.48909851908683777,0.3777253329753876,0.622412919998169,0.5909157991409302,0.05719870000029914,0,0,0.36434951536766474,0.44436953947220964,0.44040993916063015,0.5034758888277173,0.4555202817573826,0.44436953947220964,0.3534468465860731,0.29374190739632766,0.6639210639210639,3359,1,merged unique formal+refinement candidates,label-assisted family-level benchmark HPO
RNA_PROTEIN,D1,CMBF_55b524e6f44a0c67,"{""anchor_strength"":0.08,""boundary_enabled"":true,""conflict_enabled"":true,""conflict_pass"":0.25,""directional_enabled"":true,""directional_mix"":0.25,""min_cluster_fraction_of_equal"":0.01,""move_boundary_floor"":0.22,""pairwise_strength"":0.03,""self_return_strength"":0.02,""sweeps"":1,""trust_gate_enabled"":true,""trust_threshold"":0.4,""unary_view1_weight"":0.35}",PASS,,add9db880a0e20e2dfee14aef9e18a6a98da88b4c9e16364dceb0d0ea2eeb19c,62787ef341fd01198c121b8a43c1359d8191674253ead3ce355323fe2ab39426,48,57,"[991,90,1082,136,210,369,86,212,57,126]",0.2554507255554199,0.2554507255554199,0.48909851908683777,0.3777253329753876,0.622412919998169,0.5909157991409302,0.014073300000745803,0,0,0.36294839767404924,0.44186556898560736,0.437891464757843,0.5021613537425538,0.45322685743245134,0.44186556898560736,0.3546241854640367,0.291639623133372,0.6715572715572715,3359,1,merged unique formal+refinement candidates,label-assisted family-level benchmark HPO
RNA_PROTEIN,D1,CMBF_94b6087160965589,"{""anchor_strength"":0.08,""boundary_enabled"":true,""conflict_enabled"":true,""conflict_pass"":0.0,""directional_enabled"":true,""directional_mix"":0.25,""min_cluster_fraction_of_equal"":0.01,""move_boundary_floor"":0.12,""pairwise_strength"":0.16,""self_return_strength"":0.02,""sweeps"":2,""trust_gate_enabled"":true,""trust_threshold"":0.4,""unary_view1_weight"":0.35}",PASS,,5b9aa7143e30e8483574d027dab26a115ae1f3e5929bd23f9ef97e6a54db9b0a,62787ef341fd01198c121b8a43c1359d8191674253ead3ce355323fe2ab39426,63,57,"[985,90,1084,136,210,374,84,211,57,128]",0.2554507255554199,0.2554507255554199,0.48909851908683777,0.2554507255554199,0.744677722454071,0.5909157991409302,0.02748219997738488,0,0,0.3632193562473539,0.44390071408152587,0.4399421019583172,0.5022613188815085,0.4554041029540966,0.4439007140815258,0.35933706924797537,0.2818242180746022,0.6758472758472759,3359,1,merged unique formal+refinement candidates,label-assisted family-level benchmark HPO
RNA_PROTEIN,D1,CMBF_558cc321f4ba02b8,"{""anchor_strength"":0.2,""boundary_enabled"":true,""conflict_enabled"":true,""conflict_pass"":0.0,""directional_enabled"":true,""directional_mix"":0.5,""min_cluster_fraction_of_equal"":0.01,""move_boundary_floor"":0.22,""pairwise_strength"":0.08,""self_return_strength"":0.08,""sweeps"":1,""trust_gate_enabled"":true,""trust_threshold"":0.55,""unary_view1_weight"":0.35}",PASS,,3586f940316fcec0394888a8f5745e2b2f5ea4ef14b12997b16254df0df4ca34,62787ef341fd01198c121b8a43c1359d8191674253ead3ce355323fe2ab39426,25,58,"[998,87,1081,138,210,370,88,209,58,120]",0.25488775968551636,0.25488775968551636,0.4902244806289673,0.25488775968551636,0.7455832958221436,0.5903931856155396,0.01624739999533631,0,0,0.3651315485474989,0.4441666342795688,0.4402047900061159,0.5041493718366352,0.4551424137678236,0.4441666342795688,0.3580356316856776,0.28462470566729103,0.6694122694122694,3359,1,merged unique formal+refinement candidates,label-assisted family-level benchmark HPO
RNA_PROTEIN,D1,CMBF_2a3e5c59c7e6860d,"{""anchor_strength"":0.02,""boundary_enabled"":true,""conflict_enabled"":true,""conflict_pass"":0.1,""directional_enabled"":true,""directional_mix"":0.0,""min_cluster_fraction_of_equal"":0.01,""move_boundary_floor"":0.22,""pairwise_strength"":0.16,""self_return_strength"":0.02,""sweeps"":1,""trust_gate_enabled"":true,""trust_threshold"":0.55,""unary_view1_weight"":0.65}",PASS,,73a8c3671b8bed641fecc59b90e181e63ebf90d239891e12cc3ae4f056cf4db6,62787ef341fd01198c121b8a43c1359d8191674253ead3ce355323fe2ab39426,82,58,"[988,89,1088,138,209,367,86,211,58,125]",0.25620773434638977,0.25620776414871216,0.48758453130722046,0.30496618151664734,0.6947974562644958,0.5915786623954773,0.01726220001000911,0,0,0.3604361742311112,0.4399159790340937,0.4359265870519396,0.500336214881183,0.4511030779217582,0.4399159790340937,0.36383416097675414,0.2733054854736269,0.6793650793650794,3359,1,merged unique formal+refinement candidates,label-assisted family-level benchmark HPO
RNA_PROTEIN,D1,CMBF_d9a4af35695081ab,"{""anchor_strength"":0.08,""boundary_enabled"":true,""conflict_enabled"":true,""conflict_pass"":0.1,""directional_enabled"":true,""directional_mix"":0.25,""min_cluster_fraction_of_equal"":0.01,""move_boundary_floor"":0.12,""pairwise_strength"":0.08,""self_return_strength"":0.02,""sweeps"":2,""trust_gate_enabled"":true,""trust_threshold"":0.55,""unary_view1_weight"":0.35}",PASS,,cbdaf2154f6f04d5548c5e91e810e25bbf64bcf231c8542ea673f271eef88d8b,62787ef341fd01198c121b8a43c1359d8191674253ead3ce355323fe2ab39426,100,57,"[976,88,1097,139,209,358,83,216,57,136]",0.2554507255554199,0.2554507255554199,0.48909851908683777,0.304360568523407,0.6957717537879944,0.5909157991409302,0.03776310000102967,0,0,0.3588151595193366,0.4389858168063346,0.43499327782104386,0.4989044859980029,0.4504972360214392,0.4389858168063346,0.3606879621680848,0.2796708363451944,0.6825396825396826,3359,1,merged unique formal+refinement candidates,label-assisted family-level benchmark HPO
RNA_PROTEIN,tonsil_s1,CMBF_aee14a9246feae9c,"{""anchor_strength"":0.0,""boundary_enabled"":true,""conflict_enabled"":true,""conflict_pass"":0.0,""directional_enabled"":true,""directional_mix"":0.0,""min_cluster_fraction_of_equal"":0.01,""move_boundary_floor"":0.1,""pairwise_strength"":0.0,""self_return_strength"":0.0,""sweeps"":0,""trust_gate_enabled"":true,""trust_threshold"":0.55,""unary_view1_weight"":0.5}",PASS,,e295e970c84d33c1ec13ad3be498846ee59c3b4c3cb3f3b6ee5c35ed73ccb6da,e295e970c84d33c1ec13ad3be498846ee59c3b4c3cb3f3b6ee5c35ed73ccb6da,0,478,"[478,1301,1141,1406]",0.26483553647994995,0.26483553647994995,0.4703289568424225,0.26483553647994995,0.7354098558425903,0.6411343812942505,0.03766239999094978,0,0,0.23653550194382364,0.3171179292228705,0.31651918825932224,0.5032711126740634,0.3562255235014961,0.3171179292228705,0.354108555786733,0.2929194415889249,0.8002544529262087,4326,1,merged unique formal+refinement candidates,label-assisted family-level benchmark HPO
RNA_PROTEIN,tonsil_s1,CMBF_829e747294553ae8,"{""anchor_strength"":0.2,""boundary_enabled"":true,""conflict_enabled"":true,""conflict_pass"":0.0,""directional_enabled"":true,""directional_mix"":0.0,""min_cluster_fraction_of_equal"":0.01,""move_boundary_floor"":0.1,""pairwise_strength"":0.03,""self_return_strength"":0.02,""sweeps"":1,""trust_gate_enabled"":true,""trust_threshold"":0.7,""unary_view1_weight"":0.5}",PASS,,93c53a454fd39f983d30f4ed67071390bc89ccfbdee6bf47492d7b21c10db277,e295e970c84d33c1ec13ad3be498846ee59c3b4c3cb3f3b6ee5c35ed73ccb6da,76,510,"[510,1289,1133,1394]",0.26483553647994995,0.26483553647994995,0.4703289568424225,0.26483553647994995,0.7354098558425903,0.6411343812942505,0.024417900014668703,0,0,0.2290676099719792,0.31032957589203347,0.3097267310582341,0.4971332631085096,0.3496400998976021,0.3103295758920335,0.3572754917213042,0.28702022320589443,0.7986473818133119,4326,1,merged unique formal+refinement candidates,label-assisted family-level benchmark HPO
RNA_PROTEIN,tonsil_s1,CMBF_d8bce54e951b68d1,"{""anchor_strength"":0.08,""boundary_enabled"":true,""conflict_enabled"":true,""conflict_pass"":0.0,""directional_enabled"":true,""directional_mix"":0.0,""min_cluster_fraction_of_equal"":0.01,""move_boundary_floor"":0.1,""pairwise_strength"":0.08,""self_return_strength"":0.08,""sweeps"":1,""trust_gate_enabled"":true,""trust_threshold"":0.55,""unary_view1_weight"":0.5}",PASS,,25c96a7f7518d94a7c7380a26319798a6149b7eb6f7f78d5bee0fef0189efd2a,e295e970c84d33c1ec13ad3be498846ee59c3b4c3cb3f3b6ee5c35ed73ccb6da,51,494,"[494,1290,1147,1395]",0.26483553647994995,0.26483553647994995,0.4703289568424225,0.26483553647994995,0.7354098558425903,0.6411343812942505,0.018274900008691475,0,0,0.22873768606900372,0.31079098263229826,0.31018773334124744,0.4973484252080913,0.34970425082699264,0.3107909826322983,0.35805514649206205,0.2853245546931835,0.8006562207044329,4326,1,merged unique formal+refinement candidates,label-assisted family-level benchmark HPO
RNA_PROTEIN,tonsil_s1,CMBF_3bb348efbe255f2e,"{""anchor_strength"":0.08,""boundary_enabled"":true,""conflict_enabled"":true,""conflict_pass"":0.0,""directional_enabled"":true,""directional_mix"":0.25,""min_cluster_fraction_of_equal"":0.01,""move_boundary_floor"":0.1,""pairwise_strength"":0.16,""self_return_strength"":0.2,""sweeps"":2,""trust_gate_enabled"":true,""trust_threshold"":0.55,""unary_view1_weight"":0.5}",PASS,,f2c66fe67086c5d9f4d7d8ad466616650fc24d9cb9c2ae8e54271226f3477c73,e295e970c84d33c1ec13ad3be498846ee59c3b4c3cb3f3b6ee5c35ed73ccb6da,15,482,"[482,1301,1142,1401]",0.26287540793418884,0.26287540793418884,0.4742492437362671,0.26287540793418884,0.7376428246498108,0.6398195624351501,0.08598649999476038,0,0,0.23337557913210896,0.31397274429347044,0.31337151505301414,0.5009613530614958,0.3528464599212349,0.31397274429347044,0.35567708197685366,0.28990389956046175,0.8009240658899156,4326,1,merged unique formal+refinement candidates,label-assisted family-level benchmark HPO
RNA_PROTEIN,tonsil_s1,CMBF_bd42a3d8f5f49c11,"{""anchor_strength"":0.02,""boundary_enabled"":true,""conflict_enabled"":true,""conflict_pass"":0.1,""directional_enabled"":true,""directional_mix"":0.5,""min_cluster_fraction_of_equal"":0.01,""move_boundary_floor"":0.1,""pairwise_strength"":0.32,""self_return_strength"":0.2,""sweeps"":2,""trust_gate_enabled"":true,""trust_threshold"":0.4,""unary_view1_weight"":0.5}",PASS,,1797d432af7b07a337e95c78abfb582bf2d4e065e26e86fd5e9c8e95b19577da,e295e970c84d33c1ec13ad3be498846ee59c3b4c3cb3f3b6ee5c35ed73ccb6da,17,482,"[482,1301,1144,1399]",0.26115766167640686,0.26115766167640686,0.4776846766471863,0.30892613530158997,0.6918529868125916,0.6387008428573608,0.07076709999819286,0,0,0.2350852967985713,0.31619309111435356,0.31559383158119697,0.5021029586324569,0.3553556972241869,0.3161930911143536,0.356786067909309,0.28781066885259987,0.8013927949645105,4326,1,merged unique formal+refinement candidates,label-assisted family-level benchmark HPO
RNA_PROTEIN,tonsil_s1,CMBF_7000b3f8ef0b5b9c,"{""anchor_strength"":0.08,""boundary_enabled"":true,""conflict_enabled"":true,""conflict_pass"":0.25,""directional_enabled"":true,""directional_mix"":0.5,""min_cluster_fraction_of_equal"":0.01,""move_boundary_floor"":0.05,""pairwise_strength"":0.32,""self_return_strength"":0.02,""sweeps"":2,""trust_gate_enabled"":true,""trust_threshold"":0.7,""unary_view1_weight"":0.35}",PASS,,487a66e30860265f64bba5e4ec0f8ea3a7ad0f8032207ddf6964b5e17930d0e6,e295e970c84d33c1ec13ad3be498846ee59c3b4c3cb3f3b6ee5c35ed73ccb6da,136,521,"[521,1287,1109,1409]",0.26115766167640686,0.26115766167640686,0.4776846766471863,0.38057881593704224,0.6202133297920227,0.6387008428573608,0.10655369999585673,0,0,0.22733228861775875,0.30584581824866797,0.3052393879874144,0.4958331978980241,0.3447708734490369,0.30584581824866797,0.3660656521710652,0.26955986913499896,0.808825498861658,4326,1,merged unique formal+refinement candidates,label-assisted family-level benchmark HPO
RNA_PROTEIN,tonsil_s1,CMBF_508c221034beb345,"{""anchor_strength"":0.02,""boundary_enabled"":true,""conflict_enabled"":true,""conflict_pass"":0.25,""directional_enabled"":true,""directional_mix"":0.0,""min_cluster_fraction_of_equal"":0.01,""move_boundary_floor"":0.05,""pairwise_strength"":0.03,""self_return_strength"":0.08,""sweeps"":2,""trust_gate_enabled"":true,""trust_threshold"":0.4,""unary_view1_weight"":0.65}",PASS,,544ef4984a7c13c92f7a59b088654634a6cd1f61105d560b77d3263dc165fb94,e295e970c84d33c1ec13ad3be498846ee59c3b4c3cb3f3b6ee5c35ed73ccb6da,61,495,"[495,1281,1152,1398]",0.26483553647994995,0.26483553647994995,0.4703289568424225,0.382417768239975,0.6178473234176636,0.6411343812942505,0.05703149997862056,0,0,0.2281279399753794,0.31075777347793143,0.31015457086524206,0.49688577338132583,0.34970977774942347,0.3107577734779314,0.35332377007888083,0.2945933448717478,0.7971072719967859,4326,1,merged unique formal+refinement candidates,label-assisted family-level benchmark HPO
RNA_PROTEIN,tonsil_s1,CMBF_4ad54dd1a03673b1,"{""anchor_strength"":0.2,""boundary_enabled"":true,""conflict_enabled"":true,""conflict_pass"":0.25,""directional_enabled"":true,""directional_mix"":0.25,""min_cluster_fraction_of_equal"":0.01,""move_boundary_floor"":0.05,""pairwise_strength"":0.16,""self_return_strength"":0.02,""sweeps"":2,""trust_gate_enabled"":true,""trust_threshold"":0.4,""unary_view1_weight"":0.65}",PASS,,814aa635bb515b345551a344255512aea12f5a60fb6b899b0f4c35b2947d520f,e295e970c84d33c1ec13ad3be498846ee59c3b4c3cb3f3b6ee5c35ed73ccb6da,44,491,"[491,1287,1151,1397]",0.26287540793418884,0.26287540793418884,0.4742492437362671,0.3814376890659332,0.6191002726554871,0.6398195624351501,0.07616540000890382,0,0,0.2307218607454531,0.3132633756062802,0.31266213517796104,0.49878445363256885,0.3523978407329527,0.3132633756062802,0.35614274530150797,0.2890747023076245,0.7999196464443552,4326,1,merged unique formal+refinement candidates,label-assisted family-level benchmark HPO
RNA_PROTEIN,tonsil_s1,CMBF_2ce21274a74e09fa,"{""anchor_strength"":0.02,""boundary_enabled"":true,""conflict_enabled"":true,""conflict_pass"":0.25,""directional_enabled"":true,""directional_mix"":0.25,""min_cluster_fraction_of_equal"":0.01,""move_boundary_floor"":0.22,""pairwise_strength"":0.32,""self_return_strength"":0.08,""sweeps"":2,""trust_gate_enabled"":true,""trust_threshold"":0.4,""unary_view1_weight"":0.65}",PASS,,8558e72b8b038828ca82be3c94eecfd59b3d3a3d1057941a0bca9bc5f6958748,e295e970c84d33c1ec13ad3be498846ee59c3b4c3cb3f3b6ee5c35ed73ccb6da,15,480,"[480,1302,1141,1403]",0.26287540793418884,0.26287540793418884,0.4742492437362671,0.3814376890659332,0.6191002726554871,0.6398195624351501,0.01834090001648292,0,0,0.23645853134126701,0.3180535951458217,0.31745580722182654,0.5031392498281543,0.35735382656097203,0.31805359514582177,0.35521106413136033,0.29087989007379383,0.8004553368153208,4326,1,merged unique formal+refinement candidates,label-assisted family-level benchmark HPO
RNA_PROTEIN,tonsil_s1,CMBF_b23bccaed0bfdca6,"{""anchor_strength"":0.02,""boundary_enabled"":true,""conflict_enabled"":true,""conflict_pass"":0.1,""directional_enabled"":true,""directional_mix"":0.5,""min_cluster_fraction_of_equal"":0.01,""move_boundary_floor"":0.05,""pairwise_strength"":0.03,""self_return_strength"":0.08,""sweeps"":1,""trust_gate_enabled"":true,""trust_threshold"":0.55,""unary_view1_weight"":0.35}",PASS,,3aa9fc260fc5578f3ad182769ac79758506919e65771f8efe51d40a6fe3c2e61,e295e970c84d33c1ec13ad3be498846ee59c3b4c3cb3f3b6ee5c35ed73ccb6da,81,504,"[504,1278,1151,1393]",0.26115766167640686,0.26115766167640686,0.4776846766471863,0.30892613530158997,0.6918529868125916,0.6387008428573608,0.01791860000230372,0,0,0.22582946927058015,0.3086597286961275,0.30805521867756097,0.49500745342337976,0.34764470676574316,0.30865972869612757,0.35605103334115057,0.2894364308835696,0.7980447301459757,4326,1,merged unique formal+refinement candidates,label-assisted family-level benchmark HPO
RNA_PROTEIN,tonsil_s1,CMBF_9afb19e777ac6d08,"{""anchor_strength"":0.2,""boundary_enabled"":true,""conflict_enabled"":true,""conflict_pass"":0.25,""directional_enabled"":true,""directional_mix"":0.0,""min_cluster_fraction_of_equal"":0.01,""move_boundary_floor"":0.22,""pairwise_strength"":0.08,""self_return_strength"":0.08,""sweeps"":1,""trust_gate_enabled"":true,""trust_threshold"":0.55,""unary_view1_weight"":0.35}",PASS,,9a719eb5180f22356169a431da98170da18d22aa63578f7f026d5c2f7552b134,e295e970c84d33c1ec13ad3be498846ee59c3b4c3cb3f3b6ee5c35ed73ccb6da,10,480,"[480,1304,1140,1402]",0.26483553647994995,0.26483553647994995,0.4703289568424225,0.382417768239975,0.6178473234176636,0.6411343812942505,0.012974100012797862,0,0,0.23635805897460246,0.3170184592317064,0.31641976041001707,0.503073515882897,0.3561887236904518,0.3170184592317064,0.35564517822208985,0.28988473928516123,0.8007231820008035,4326,1,merged unique formal+refinement candidates,label-assisted family-level benchmark HPO
RNA_PROTEIN,tonsil_s1,CMBF_4dd6bea78d813ccc,"{""anchor_strength"":0.02,""boundary_enabled"":true,""conflict_enabled"":true,""conflict_pass"":0.0,""directional_enabled"":true,""directional_mix"":0.5,""min_cluster_fraction_of_equal"":0.01,""move_boundary_floor"":0.05,""pairwise_strength"":0.32,""self_return_strength"":0.08,""sweeps"":2,""trust_gate_enabled"":true,""trust_threshold"":0.7,""unary_view1_weight"":0.35}",PASS,,608bfccfc65889ec10a264a0b43e2aa88ac378d2afa173b85c7f040c86d543fd,e295e970c84d33c1ec13ad3be498846ee59c3b4c3cb3f3b6ee5c35ed73ccb6da,105,506,"[506,1295,1115,1410]",0.26115766167640686,0.26115766167640686,0.4776846766471863,0.26115766167640686,0.7396128177642822,0.6387008428573608,0.10599099998944439,0,0,0.23071916131375944,0.3095105124850182,0.30890650248926893,0.49858703215604055,0.34846254492399437,0.3095105124850182,0.3645201395461103,0.27268211230498013,0.8071514664523906,4326,1,merged unique formal+refinement candidates,label-assisted family-level benchmark HPO
RNA_PROTEIN,tonsil_s1,CMBF_eefe4260f00a3887,"{""anchor_strength"":0.02,""boundary_enabled"":true,""conflict_enabled"":true,""conflict_pass"":0.25,""directional_enabled"":true,""directional_mix"":0.25,""min_cluster_fraction_of_equal"":0.01,""move_boundary_floor"":0.22,""pairwise_strength"":0.16,""self_return_strength"":0.08,""sweeps"":2,""trust_gate_enabled"":true,""trust_threshold"":0.4,""unary_view1_weight"":0.35}",PASS,,d49beb62f5a975d3e2c0b6a096a576a86e1ffa98d379ed2fe5fb15fc51a3f1f5,e295e970c84d33c1ec13ad3be498846ee59c3b4c3cb3f3b6ee5c35ed73ccb6da,13,482,"[482,1303,1142,1399]",0.26287540793418884,0.26287540793418884,0.4742492437362671,0.3814376890659332,0.6191002726554871,0.6398195624351501,0.016268700012005866,0,0,0.2364033949039485,0.3174282415229736,0.31683004915023816,0.5030122798456681,0.35673481377252836,0.3174282415229736,0.35553390937246976,0.29020307962381364,0.8005222981116914,4326,1,merged unique formal+refinement candidates,label-assisted family-level benchmark HPO
RNA_PROTEIN,tonsil_s1,CMBF_92e84d882864a745,"{""anchor_strength"":0.08,""boundary_enabled"":true,""conflict_enabled"":true,""conflict_pass"":0.25,""directional_enabled"":true,""directional_mix"":0.0,""min_cluster_fraction_of_equal"":0.01,""move_boundary_floor"":0.05,""pairwise_strength"":0.32,""self_return_strength"":0.02,""sweeps"":1,""trust_gate_enabled"":true,""trust_threshold"":0.4,""unary_view1_weight"":0.65}",PASS,,b18c4765d6c731680d0e13957b4412968dcc0e10044e51e7628b1c9ac59b274d,e295e970c84d33c1ec13ad3be498846ee59c3b4c3cb3f3b6ee5c35ed73ccb6da,43,488,"[488,1291,1147,1400]",0.26483553647994995,0.26483553647994995,0.4703289568424225,0.382417768239975,0.6178473234176636,0.6411343812942505,0.010657799983164296,0,0,0.23106935564026804,0.31311959556088426,0.31251801369891324,0.4991567118874344,0.352112881728394,0.3131195955608842,0.356048845978393,0.28933290247901133,0.8003214142225793,4326,1,merged unique formal+refinement candidates,label-assisted family-level benchmark HPO
RNA_PROTEIN,tonsil_s1,CMBF_503b0a3a965145de,"{""anchor_strength"":0.2,""boundary_enabled"":true,""conflict_enabled"":true,""conflict_pass"":0.0,""directional_enabled"":true,""directional_mix"":0.25,""min_cluster_fraction_of_equal"":0.01,""move_boundary_floor"":0.22,""pairwise_strength"":0.08,""self_return_strength"":0.2,""sweeps"":2,""trust_gate_enabled"":true,""trust_threshold"":0.55,""unary_view1_weight"":0.65}",PASS,,61d64ed233b9bd5e8d800da195123f337eb1b1fcdaee08cec1068601738d5e0b,e295e970c84d33c1ec13ad3be498846ee59c3b4c3cb3f3b6ee5c35ed73ccb6da,3,478,"[478,1304,1141,1403]",0.26287540793418884,0.26287540793418884,0.4742492437362671,0.26287540793418884,0.7376428246498108,0.6398195624351501,0.023029600008158013,0,0,0.23668286718251594,0.31736524060791105,0.3167667297349248,0.5033588064073908,0.35651116046522324,0.31736524060791105,0.3535481099947831,0.29411687004203885,0.7997187625552431,4326,1,merged unique formal+refinement candidates,label-assisted family-level benchmark HPO
RNA_PROTEIN,tonsil_s1,CMBF_f42c9da8286a25cd,"{""anchor_strength"":0.2,""boundary_enabled"":true,""conflict_enabled"":true,""conflict_pass"":0.0,""directional_enabled"":true,""directional_mix"":0.0,""min_cluster_fraction_of_equal"":0.01,""move_boundary_floor"":0.12,""pairwise_strength"":0.03,""self_return_strength"":0.08,""sweeps"":2,""trust_gate_enabled"":true,""trust_threshold"":0.7,""unary_view1_weight"":0.65}",PASS,,4c2a72cf2312a3a025e2d7635d3ffb4dd00a471fac34e101061ec03d34009ae9,e295e970c84d33c1ec13ad3be498846ee59c3b4c3cb3f3b6ee5c35ed73ccb6da,43,492,"[492,1297,1138,1399]",0.26483553647994995,0.26483553647994995,0.4703289568424225,0.26483553647994995,0.7354098558425903,0.6411343812942505,0.04606459999922663,0,0,0.2302898836713861,0.31151147015597325,0.3109086516280283,0.49854523753444124,0.35040102196930434,0.3115114701559732,0.3550448987474653,0.29114634512161536,0.7987813044060533,4326,1,merged unique formal+refinement candidates,label-assisted family-level benchmark HPO
RNA_PROTEIN,tonsil_s1,CMBF_6c7331cd25ceba09,"{""anchor_strength"":0.02,""boundary_enabled"":true,""conflict_enabled"":true,""conflict_pass"":0.25,""directional_enabled"":true,""directional_mix"":0.25,""min_cluster_fraction_of_equal"":0.01,""move_boundary_floor"":0.05,""pairwise_strength"":0.08,""self_return_strength"":0.2,""sweeps"":1,""trust_gate_enabled"":true,""trust_threshold"":0.55,""unary_view1_weight"":0.5}",PASS,,2a57996a15a611d27a6809e0b8a760cce60a79b6f4969739d801fef899218c30,e295e970c84d33c1ec13ad3be498846ee59c3b4c3cb3f3b6ee5c35ed73ccb6da,32,491,"[491,1293,1148,1394]",0.26287540793418884,0.26287540793418884,0.4742492437362671,0.3814376890659332,0.6191002726554871,0.6398195624351501,0.018304299999726936,0,0,0.23014929486771177,0.31146537370324456,0.3108625525939805,0.49839889962630574,0.3503714839787111,0.31146537370324456,0.3554557743813794,0.2902499394651093,0.8001205303334673,4326,1,merged unique formal+refinement candidates,label-assisted family-level benchmark HPO
RNA_PROTEIN,tonsil_s1,CMBF_5fb57a26473d7456,"{""anchor_strength"":0.2,""boundary_enabled"":true,""conflict_enabled"":true,""conflict_pass"":0.25,""directional_enabled"":true,""directional_mix"":0.25,""min_cluster_fraction_of_equal"":0.01,""move_boundary_floor"":0.12,""pairwise_strength"":0.08,""self_return_strength"":0.2,""sweeps"":1,""trust_gate_enabled"":true,""trust_threshold"":0.55,""unary_view1_weight"":0.5}",PASS,,2764b29c424cb7ca316b1c62631eb84a334cf549d3576509abcd56b8d223e430,e295e970c84d33c1ec13ad3be498846ee59c3b4c3cb3f3b6ee5c35ed73ccb6da,6,479,"[479,1303,1141,1403]",0.26287540793418884,0.26287540793418884,0.4742492437362671,0.3814376890659332,0.6191002726554871,0.6398195624351501,0.015206800017040223,0,0,0.23574633512056606,0.3164167080283392,0.3158174254623781,0.5026886796798802,0.3554802029642503,0.3164167080283392,0.3542795116575797,0.29274136955480956,0.8000535690370966,4326,1,merged unique formal+refinement candidates,label-assisted family-level benchmark HPO
RNA_PROTEIN,tonsil_s1,CMBF_d5b6b03ee1610378,"{""anchor_strength"":0.02,""boundary_enabled"":true,""conflict_enabled"":true,""conflict_pass"":0.25,""directional_enabled"":true,""directional_mix"":0.5,""min_cluster_fraction_of_equal"":0.01,""move_boundary_floor"":0.05,""pairwise_strength"":0.16,""self_return_strength"":0.08,""sweeps"":1,""trust_gate_enabled"":true,""trust_threshold"":0.55,""unary_view1_weight"":0.5}",PASS,,1f48157c7b63c1a72674caa8e75fe03cb65cf7748e9bb0b7d47b4f2602c4e8db,e295e970c84d33c1ec13ad3be498846ee59c3b4c3cb3f3b6ee5c35ed73ccb6da,89,504,"[504,1281,1146,1395]",0.26115766167640686,0.26115766167640686,0.4776846766471863,0.38057881593704224,0.6202133297920227,0.6387008428573608,0.017827300005592406,0,0,0.22609512985027344,0.3067451110757337,0.3061388847369197,0.4952255859733311,0.34546446993192814,0.3067451110757337,0.3626448444796375,0.27616262084962256,0.8042051694120799,4326,1,merged unique formal+refinement candidates,label-assisted family-level benchmark HPO
RNA_PROTEIN,tonsil_s1,CMBF_7ad6f62d358cbe63,"{""anchor_strength"":0.2,""boundary_enabled"":true,""conflict_enabled"":true,""conflict_pass"":0.0,""directional_enabled"":true,""directional_mix"":0.5,""min_cluster_fraction_of_equal"":0.01,""move_boundary_floor"":0.05,""pairwise_strength"":0.16,""self_return_strength"":0.08,""sweeps"":2,""trust_gate_enabled"":true,""trust_threshold"":0.7,""unary_view1_weight"":0.65}",PASS,,5b7d169ece3b646c866b94b0dae75feac32022665942ecbad0c150d9475b54c0,e295e970c84d33c1ec13ad3be498846ee59c3b4c3cb3f3b6ee5c35ed73ccb6da,57,500,"[500,1293,1136,1397]",0.26115766167640686,0.26115766167640686,0.4776846766471863,0.26115766167640686,0.7396128177642822,0.6387008428573608,0.05293320000055246,0,0,0.23105420630272483,0.3123762708642948,0.3117746631141877,0.49880644732553375,0.3516316237360546,0.3123762708642948,0.3598975566320758,0.28183312030499796,0.8019284853354761,4326,1,merged unique formal+refinement candidates,label-assisted family-level benchmark HPO
RNA_PROTEIN,tonsil_s1,CMBF_f756fa0a1253641c,"{""anchor_strength"":0.02,""boundary_enabled"":true,""conflict_enabled"":true,""conflict_pass"":0.0,""directional_enabled"":true,""directional_mix"":0.25,""min_cluster_fraction_of_equal"":0.01,""move_boundary_floor"":0.05,""pairwise_strength"":0.16,""self_return_strength"":0.08,""sweeps"":2,""trust_gate_enabled"":true,""trust_threshold"":0.7,""unary_view1_weight"":0.65}",PASS,,ba5060947976fa7c63b0becdd4d7814790f64d8dbc35c52caf684e7e996a1b92,e295e970c84d33c1ec13ad3be498846ee59c3b4c3cb3f3b6ee5c35ed73ccb6da,151,516,"[516,1275,1103,1432]",0.26287540793418884,0.26287540793418884,0.4742492437362671,0.26287540793418884,0.7376428246498108,0.6398195624351501,0.05331580000347458,0,0,0.22424532478202164,0.3020153539903954,0.3014051093976939,0.49406463437205855,0.34019668849341683,0.3020153539903954,0.3625078808811752,0.2770299732570186,0.8024641757064417,4326,1,merged unique formal+refinement candidates,label-assisted family-level benchmark HPO
RNA_PROTEIN,tonsil_s1,CMBF_d66f45277f66d31e,"{""anchor_strength"":0.08,""boundary_enabled"":true,""conflict_enabled"":true,""conflict_pass"":0.1,""directional_enabled"":true,""directional_mix"":0.0,""min_cluster_fraction_of_equal"":0.01,""move_boundary_floor"":0.12,""pairwise_strength"":0.08,""self_return_strength"":0.2,""sweeps"":1,""trust_gate_enabled"":true,""trust_threshold"":0.55,""unary_view1_weight"":0.65}",PASS,,90cdc111dc800f9a951c7d6d798b8021607a74451261d4efdc5e9c9d950947e4,e295e970c84d33c1ec13ad3be498846ee59c3b4c3cb3f3b6ee5c35ed73ccb6da,17,484,"[484,1301,1143,1398]",0.26483553647994995,0.26483553647994995,0.4703289568424225,0.3118683695793152,0.6883848309516907,0.6411343812942505,0.053969800006598234,0,0,0.23305398150225223,0.3138645976867416,0.3132634130408808,0.5006568390525066,0.3528046786422552,0.31386459768674163,0.3544399528423774,0.2923589615486452,0.8003214142225793,4326,1,merged unique formal+refinement candidates,label-assisted family-level benchmark HPO
RNA_PROTEIN,tonsil_s1,CMBF_5d15ee6783ed020a,"{""anchor_strength"":0.2,""boundary_enabled"":true,""conflict_enabled"":true,""conflict_pass"":0.0,""directional_enabled"":true,""directional_mix"":0.5,""min_cluster_fraction_of_equal"":0.01,""move_boundary_floor"":0.05,""pairwise_strength"":0.03,""self_return_strength"":0.2,""sweeps"":2,""trust_gate_enabled"":true,""trust_threshold"":0.55,""unary_view1_weight"":0.65}",PASS,,ca52302466dd3abf5f72e596fe8f7ea2ce16bf87106f48cdf961bb1121e7025c,e295e970c84d33c1ec13ad3be498846ee59c3b4c3cb3f3b6ee5c35ed73ccb6da,9,480,"[480,1302,1142,1402]",0.26115766167640686,0.26115766167640686,0.4776846766471863,0.26115766167640686,0.7396128177642822,0.6387008428573608,0.033320499991532415,0,0,0.23520431822910803,0.31586989561163153,0.315270205575737,0.5022759961869895,0.3549073901538304,0.31586989561163153,0.352767134498563,0.29568628005613795,0.7991830721842775,4326,1,merged unique formal+refinement candidates,label-assisted family-level benchmark HPO
RNA_PROTEIN,tonsil_s1,CMBF_48610f9ad4bc6af2,"{""anchor_strength"":0.2,""boundary_enabled"":true,""conflict_enabled"":true,""conflict_pass"":0.1,""directional_enabled"":true,""directional_mix"":0.25,""min_cluster_fraction_of_equal"":0.01,""move_boundary_floor"":0.22,""pairwise_strength"":0.32,""self_return_strength"":0.08,""sweeps"":2,""trust_gate_enabled"":true,""trust_threshold"":0.55,""unary_view1_weight"":0.65}",PASS,,1e00fe3ab21f64d5fb086085134481a323dbb99d0241102fad5417618652ff6b,e295e970c84d33c1ec13ad3be498846ee59c3b4c3cb3f3b6ee5c35ed73ccb6da,22,484,"[484,1307,1143,1392]",0.26287540793418884,0.26287540793418884,0.4742492437362671,0.3103002905845642,0.6902258396148682,0.6398195624351501,0.08539190000738017,0,0,0.2369934638657065,0.3175830468968369,0.3169851439913607,0.5033143664961978,0.3569984777382009,0.31758304689683686,0.3584602134170955,0.28438940677739893,0.8020624079282175,4326,1,merged unique formal+refinement candidates,label-assisted family-level benchmark HPO
RNA_PROTEIN,tonsil_s1,CMBF_44739cedebc46e5d,"{""anchor_strength"":0.08,""boundary_enabled"":true,""conflict_enabled"":true,""conflict_pass"":0.25,""directional_enabled"":true,""directional_mix"":0.0,""min_cluster_fraction_of_equal"":0.01,""move_boundary_floor"":0.05,""pairwise_strength"":0.32,""self_return_strength"":0.08,""sweeps"":2,""trust_gate_enabled"":true,""trust_threshold"":0.4,""unary_view1_weight"":0.35}",PASS,,37f41e705f2600312a2552eb827acb772f01ad215382eb6baccfe5a1cc82c974,e295e970c84d33c1ec13ad3be498846ee59c3b4c3cb3f3b6ee5c35ed73ccb6da,26,487,"[487,1298,1145,1396]",0.26483553647994995,0.26483553647994995,0.4703289568424225,0.382417768239975,0.6178473234176636,0.6411343812942505,0.021048299997346476,0,0,0.23259038483158007,0.3137592582125664,0.3131581818137622,0.5002203019393703,0.3528009830093499,0.3137592582125664,0.3572050385057749,0.2868758457551702,0.8014597562608812,4326,1,merged unique formal+refinement candidates,label-assisted family-level benchmark HPO
RNA_PROTEIN,tonsil_s1,CMBF_e74f89f6154ed3d1,"{""anchor_strength"":0.02,""boundary_enabled"":true,""conflict_enabled"":true,""conflict_pass"":0.0,""directional_enabled"":true,""directional_mix"":0.5,""min_cluster_fraction_of_equal"":0.01,""move_boundary_floor"":0.22,""pairwise_strength"":0.16,""self_return_strength"":0.08,""sweeps"":1,""trust_gate_enabled"":true,""trust_threshold"":0.7,""unary_view1_weight"":0.5}",PASS,,538a41f977cf7fe3f25d04693aafd6a9a5faf32f36c977a2ba19464f079d27e7,e295e970c84d33c1ec13ad3be498846ee59c3b4c3cb3f3b6ee5c35ed73ccb6da,35,491,"[491,1304,1135,1396]",0.26115766167640686,0.26115766167640686,0.4776846766471863,0.26115766167640686,0.7396128177642822,0.6387008428573608,0.018600399984279647,0,0,0.23632602190978014,0.31769201238421463,0.31709453638258694,0.5026958696498216,0.3573129160952496,0.31769201238421463,0.3594311341721604,0.2825047341368653,0.8024641757064417,4326,1,merged unique formal+refinement candidates,label-assisted family-level benchmark HPO
RNA_PROTEIN,tonsil_s1,CMBF_22e5cfb195d932d4,"{""anchor_strength"":0.02,""boundary_enabled"":true,""conflict_enabled"":true,""conflict_pass"":0.0,""directional_enabled"":true,""directional_mix"":0.0,""min_cluster_fraction_of_equal"":0.01,""move_boundary_floor"":0.22,""pairwise_strength"":0.16,""self_return_strength"":0.2,""sweeps"":2,""trust_gate_enabled"":true,""trust_threshold"":0.4,""unary_view1_weight"":0.65}",PASS,,de1c489ea2329aef8136b92a064eac1aa2ddc5e0bbf66491e05665f9eb215fcb,e295e970c84d33c1ec13ad3be498846ee59c3b4c3cb3f3b6ee5c35ed73ccb6da,7,480,"[480,1303,1141,1402]",0.26483553647994995,0.26483553647994995,0.4703289568424225,0.26483553647994995,0.7354098558425903,0.6411343812942505,0.018070499994792044,0,0,0.23607371180388909,0.3168346019416751,0.3162357497947783,0.5028735807044746,0.35598676399345275,0.3168346019416751,0.3538648646971185,0.29350040194185073,0.7999866077407258,4326,1,merged unique formal+refinement candidates,label-assisted family-level benchmark HPO
RNA_PROTEIN,tonsil_s1,CMBF_d4975dd3d74ecdbc,"{""anchor_strength"":0.08,""boundary_enabled"":true,""conflict_enabled"":true,""conflict_pass"":0.25,""directional_enabled"":true,""directional_mix"":0.0,""min_cluster_fraction_of_equal"":0.01,""move_boundary_floor"":0.05,""pairwise_strength"":0.08,""self_return_strength"":0.02,""sweeps"":1,""trust_gate_enabled"":true,""trust_threshold"":0.55,""unary_view1_weight"":0.5}",PASS,,980ac24bd3f99bc2ef0ba0853e90124a6d16f3f51006cb8338798d2fc990322d,e295e970c84d33c1ec13ad3be498846ee59c3b4c3cb3f3b6ee5c35ed73ccb6da,110,515,"[515,1270,1147,1394]",0.26483553647994995,0.26483553647994995,0.4703289568424225,0.382417768239975,0.6178473234176636,0.6411343812942505,0.01907849998679012,0,0,0.2254647507013674,0.3075969720610513,0.30699210906767854,0.4944328592518092,0.34676896901869547,0.3075969720610513,0.3612280404995962,0.2791803269095469,0.8002544529262087,4326,1,merged unique formal+refinement candidates,label-assisted family-level benchmark HPO
RNA_PROTEIN,tonsil_s1,CMBF_97bfeefd0d099e7a,"{""anchor_strength"":0.08,""boundary_enabled"":true,""conflict_enabled"":true,""conflict_pass"":0.0,""directional_enabled"":true,""directional_mix"":0.0,""min_cluster_fraction_of_equal"":0.01,""move_boundary_floor"":0.12,""pairwise_strength"":0.16,""self_return_strength"":0.08,""sweeps"":1,""trust_gate_enabled"":true,""trust_threshold"":0.4,""unary_view1_weight"":0.5}",PASS,,c8b9251bf1cd576c1e336b506ecebad94bbabd62fbd362565555ebfc9d886dba,e295e970c84d33c1ec13ad3be498846ee59c3b4c3cb3f3b6ee5c35ed73ccb6da,22,485,"[485,1300,1144,1397]",0.26483553647994995,0.26483553647994995,0.4703289568424225,0.26483553647994995,0.7354098558425903,0.6411343812942505,0.010727699991548434,0,0,0.2336412068581591,0.31476013841304723,0.3141598093306648,0.5010124129414766,0.35385209555855296,0.31476013841304723,0.3564687143598531,0.2884503039190786,0.8010579884826571,4326,1,merged unique formal+refinement candidates,label-assisted family-level benchmark HPO
RNA_PROTEIN,tonsil_s1,CMBF_2fce1fbbd4bc10b2,"{""anchor_strength"":0.08,""boundary_enabled"":true,""conflict_enabled"":true,""conflict_pass"":0.0,""directional_enabled"":true,""directional_mix"":0.0,""min_cluster_fraction_of_equal"":0.01,""move_boundary_floor"":0.05,""pairwise_strength"":0.32,""self_return_strength"":0.08,""sweeps"":1,""trust_gate_enabled"":true,""trust_threshold"":0.7,""unary_view1_weight"":0.65}",PASS,,1c6a4b64382fd74f14f4f6d2e2ad88b5a50cc2029b6b4ba9e9684d335e5c9e05,e295e970c84d33c1ec13ad3be498846ee59c3b4c3cb3f3b6ee5c35ed73ccb6da,95,499,"[499,1286,1125,1416]",0.26483553647994995,0.26483553647994995,0.4703289568424225,0.26483553647994995,0.7354098558425903,0.6411343812942505,0.028967299993382767,0,0,0.23122775585734592,0.3100419084447099,0.3094380184586613,0.49912107286955615,0.3488671382490003,0.3100419084447099,0.3638732727857161,0.2739015177590014,0.8063479308959421,4326,1,merged unique formal+refinement candidates,label-assisted family-level benchmark HPO
RNA_PROTEIN,tonsil_s1,CMBF_eb31e7b8cf738c32,"{""anchor_strength"":0.08,""boundary_enabled"":true,""conflict_enabled"":true,""conflict_pass"":0.25,""directional_enabled"":true,""directional_mix"":0.5,""min_cluster_fraction_of_equal"":0.01,""move_boundary_floor"":0.05,""pairwise_strength"":0.03,""self_return_strength"":0.2,""sweeps"":1,""trust_gate_enabled"":true,""trust_threshold"":0.7,""unary_view1_weight"":0.65}",PASS,,0061bc35f237b9b2dd5572137a5151db2d435d5563d4a29042a9d926db53a3ac,e295e970c84d33c1ec13ad3be498846ee59c3b4c3cb3f3b6ee5c35ed73ccb6da,46,492,"[492,1292,1134,1408]",0.26115766167640686,0.26115766167640686,0.4776846766471863,0.38057881593704224,0.6202133297920227,0.6387008428573608,0.02929160001804121,0,0,0.23142632893011608,0.3114333754673358,0.31083041482014623,0.4993855306829429,0.3502707319134188,0.3114333754673358,0.3541261866718283,0.29313031411533724,0.7979777688496049,4326,1,merged unique formal+refinement candidates,label-assisted family-level benchmark HPO
RNA_PROTEIN,tonsil_s1,CMBF_0937d54b33dd40d1,"{""anchor_strength"":0.08,""boundary_enabled"":true,""conflict_enabled"":true,""conflict_pass"":0.1,""directional_enabled"":true,""directional_mix"":0.5,""min_cluster_fraction_of_equal"":0.01,""move_boundary_floor"":0.22,""pairwise_strength"":0.32,""self_return_strength"":0.08,""sweeps"":1,""trust_gate_enabled"":true,""trust_threshold"":0.55,""unary_view1_weight"":0.35}",PASS,,dd15a83f0e88d0f3c7d4c4e5066caadbe917325ae1494a1cc309f11a17aa9a39,e295e970c84d33c1ec13ad3be498846ee59c3b4c3cb3f3b6ee5c35ed73ccb6da,24,488,"[488,1306,1141,1391]",0.26115766167640686,0.26115766167640686,0.4776846766471863,0.30892613530158997,0.6918529868125916,0.6387008428573608,0.014398100000107661,0,0,0.23671525326844126,0.31796179363550425,0.31736444605751385,0.5030015645781627,0.35755421674049065,0.3179617936355043,0.359536021643455,0.28221507450942085,0.8025311370028124,4326,1,merged unique formal+refinement candidates,label-assisted family-level benchmark HPO
RNA_PROTEIN,tonsil_s1,CMBF_833cc7e58f8da466,"{""anchor_strength"":0.2,""boundary_enabled"":true,""conflict_enabled"":true,""conflict_pass"":0.1,""directional_enabled"":true,""directional_mix"":0.0,""min_cluster_fraction_of_equal"":0.01,""move_boundary_floor"":0.22,""pairwise_strength"":0.08,""self_return_strength"":0.2,""sweeps"":1,""trust_gate_enabled"":true,""trust_threshold"":0.4,""unary_view1_weight"":0.65}",PASS,,61d64ed233b9bd5e8d800da195123f337eb1b1fcdaee08cec1068601738d5e0b,e295e970c84d33c1ec13ad3be498846ee59c3b4c3cb3f3b6ee5c35ed73ccb6da,3,478,"[478,1304,1141,1403]",0.26483553647994995,0.26483553647994995,0.4703289568424225,0.3118683695793152,0.6883848309516907,0.6411343812942505,0.010971499985316768,0,0,0.23668286718251594,0.31736524060791105,0.3167667297349248,0.5033588064073908,0.35651116046522324,0.31736524060791105,0.3535481099947831,0.29411687004203885,0.7997187625552431,4326,1,merged unique formal+refinement candidates,label-assisted family-level benchmark HPO
RNA_PROTEIN,tonsil_s1,CMBF_ffa1ad6966b30f6e,"{""anchor_strength"":0.2,""boundary_enabled"":true,""conflict_enabled"":true,""conflict_pass"":0.1,""directional_enabled"":true,""directional_mix"":0.0,""min_cluster_fraction_of_equal"":0.01,""move_boundary_floor"":0.22,""pairwise_strength"":0.16,""self_return_strength"":0.02,""sweeps"":2,""trust_gate_enabled"":true,""trust_threshold"":0.55,""unary_view1_weight"":0.5}",PASS,,b1496e9bb7140a6c1b97a9f3c78b6334b63cf05782fa4503436a1bb4ee2a9ac5,e295e970c84d33c1ec13ad3be498846ee59c3b4c3cb3f3b6ee5c35ed73ccb6da,25,486,"[486,1304,1139,1397]",0.26483553647994995,0.26483553647994995,0.4703289568424225,0.3118683695793152,0.6883848309516907,0.6411343812942505,0.025843100011115894,0,0,0.2352921542382419,0.31683858228596745,0.3162400943812229,0.5021350391269218,0.3562000282926994,0.3168385822859674,0.3576323127832776,0.2862101754481753,0.8015936788536226,4326,1,merged unique formal+refinement candidates,label-assisted family-level benchmark HPO
RNA_PROTEIN,tonsil_s1,CMBF_f87089bf274fea25,"{""anchor_strength"":0.08,""boundary_enabled"":true,""conflict_enabled"":true,""conflict_pass"":0.1,""directional_enabled"":true,""directional_mix"":0.25,""min_cluster_fraction_of_equal"":0.01,""move_boundary_floor"":0.22,""pairwise_strength"":0.08,""self_return_strength"":0.08,""sweeps"":2,""trust_gate_enabled"":true,""trust_threshold"":0.4,""unary_view1_weight"":0.5}",PASS,,c2b6a524260c2538cacd24fc69e50cde9be4082ee9168064510ae340b6c1ffa4,e295e970c84d33c1ec13ad3be498846ee59c3b4c3cb3f3b6ee5c35ed73ccb6da,14,481,"[481,1301,1143,1401]",0.26287540793418884,0.26287540793418884,0.4742492437362671,0.3103002905845642,0.6902258396148682,0.6398195624351501,0.018459000013535842,0,0,0.23637042280856596,0.3174592487648458,0.31686102337078104,0.5030247513377694,0.35673472906399917,0.31745924876484577,0.35501440158510617,0.2912501266407715,0.8000535690370966,4326,1,merged unique formal+refinement candidates,label-assisted family-level benchmark HPO
RNA_PROTEIN,tonsil_s1,CMBF_5c5ea4015651bd35,"{""anchor_strength"":0.08,""boundary_enabled"":true,""conflict_enabled"":true,""conflict_pass"":0.0,""directional_enabled"":true,""directional_mix"":0.5,""min_cluster_fraction_of_equal"":0.01,""move_boundary_floor"":0.05,""pairwise_strength"":0.03,""self_return_strength"":0.08,""sweeps"":1,""trust_gate_enabled"":true,""trust_threshold"":0.7,""unary_view1_weight"":0.65}",PASS,,95f2b1f2e29097c06ae422e524af28edc7bc861129c77950b580089ce63f48b1,e295e970c84d33c1ec13ad3be498846ee59c3b4c3cb3f3b6ee5c35ed73ccb6da,116,515,"[515,1276,1125,1410]",0.26115766167640686,0.26115766167640686,0.4776846766471863,0.26115766167640686,0.7396128177642822,0.6387008428573608,0.029091900010826066,0,0,0.22611367770595867,0.3058285516940216,0.30522190390953396,0.4950880604854179,0.3446403101134721,0.3058285516940216,0.3546862346527793,0.2925656049757518,0.7955671621802598,4326,1,merged unique formal+refinement candidates,label-assisted family-level benchmark HPO
RNA_PROTEIN,tonsil_s1,CMBF_36e81709dcbccbca,"{""anchor_strength"":0.2,""boundary_enabled"":true,""conflict_enabled"":true,""conflict_pass"":0.1,""directional_enabled"":true,""directional_mix"":0.0,""min_cluster_fraction_of_equal"":0.01,""move_boundary_floor"":0.05,""pairwise_strength"":0.08,""self_return_strength"":0.02,""sweeps"":2,""trust_gate_enabled"":true,""trust_threshold"":0.55,""unary_view1_weight"":0.5}",PASS,,a9751027eb1dad9c3a60aeec9c1ec6e169c13415fee02264885d1a130308fc06,e295e970c84d33c1ec13ad3be498846ee59c3b4c3cb3f3b6ee5c35ed73ccb6da,64,500,"[500,1282,1155,1389]",0.26483553647994995,0.26483553647994995,0.4703289568424225,0.3118683695793152,0.6883848309516907,0.6411343812942505,0.038411300018196926,0,0,0.22695431477372843,0.30996136911913474,0.3093578168688897,0.49586474430119903,0.34900958536008353,0.3099613691191347,0.35857204344202037,0.2842719342675956,0.800857104593545,4326,1,merged unique formal+refinement candidates,label-assisted family-level benchmark HPO
RNA_PROTEIN,tonsil_s1,CMBF_c40410d7e5ee0c1d,"{""anchor_strength"":0.08,""boundary_enabled"":true,""conflict_enabled"":true,""conflict_pass"":0.25,""directional_enabled"":true,""directional_mix"":0.0,""min_cluster_fraction_of_equal"":0.01,""move_boundary_floor"":0.22,""pairwise_strength"":0.32,""self_return_strength"":0.2,""sweeps"":1,""trust_gate_enabled"":true,""trust_threshold"":0.4,""unary_view1_weight"":0.65}",PASS,,15543dca957b5025de53c5a5143a1e79eea65dbfdbed11df4267d44d8fc98380,e295e970c84d33c1ec13ad3be498846ee59c3b4c3cb3f3b6ee5c35ed73ccb6da,9,480,"[480,1303,1141,1402]",0.26483553647994995,0.26483553647994995,0.4703289568424225,0.382417768239975,0.6178473234176636,0.6411343812942505,0.01043059999938123,0,0,0.23667304293415403,0.3175053703169287,0.31690710615514167,0.5032810024052091,0.35674042114400484,0.3175053703169287,0.3551137709078377,0.2910618808223604,0.8005892594080621,4326,1,merged unique formal+refinement candidates,label-assisted family-level benchmark HPO
RNA_PROTEIN,tonsil_s1,CMBF_2fec2fe061c26f58,"{""anchor_strength"":0.02,""boundary_enabled"":true,""conflict_enabled"":true,""conflict_pass"":0.1,""directional_enabled"":true,""directional_mix"":0.5,""min_cluster_fraction_of_equal"":0.01,""move_boundary_floor"":0.12,""pairwise_strength"":0.16,""self_return_strength"":0.08,""sweeps"":2,""trust_gate_enabled"":true,""trust_threshold"":0.55,""unary_view1_weight"":0.5}",PASS,,5a2428637447e69423b6b4fca44207cf287f106cf943d0ca3ef54558f8c7d61d,e295e970c84d33c1ec13ad3be498846ee59c3b4c3cb3f3b6ee5c35ed73ccb6da,68,502,"[502,1291,1144,1389]",0.26115766167640686,0.26115766167640686,0.4776846766471863,0.30892613530158997,0.6918529868125916,0.6387008428573608,0.03193399999872781,0,0,0.22833817482248445,0.3088457115200156,0.30824122357763517,0.49680571141776037,0.3477751850013003,0.30884571152001555,0.36196842643703303,0.277648276609789,0.8038034016338557,4326,1,merged unique formal+refinement candidates,label-assisted family-level benchmark HPO
RNA_PROTEIN,tonsil_s1,CMBF_3aaa4a9e7d8d2b21,"{""anchor_strength"":0.08,""boundary_enabled"":true,""conflict_enabled"":true,""conflict_pass"":0.0,""directional_enabled"":true,""directional_mix"":0.5,""min_cluster_fraction_of_equal"":0.01,""move_boundary_floor"":0.12,""pairwise_strength"":0.08,""self_return_strength"":0.2,""sweeps"":1,""trust_gate_enabled"":true,""trust_threshold"":0.4,""unary_view1_weight"":0.65}",PASS,,88a0dfbabd8acbc8417fb05262e38c906f3dfaf2555bbb4c277c368840f37ab4,e295e970c84d33c1ec13ad3be498846ee59c3b4c3cb3f3b6ee5c35ed73ccb6da,8,479,"[479,1303,1141,1403]",0.26115766167640686,0.26115766167640686,0.4776846766471863,0.26115766167640686,0.7396128177642822,0.6387008428573608,0.01155650001601316,0,0,0.23514794216090565,0.3157477571687918,0.31514788814819916,0.5022819546875191,0.35472866620499766,0.31574775716879183,0.3541625504814894,0.2930341109243644,0.7999866077407258,4326,1,merged unique formal+refinement candidates,label-assisted family-level benchmark HPO
RNA_PROTEIN,tonsil_s1,CMBF_bd9500628e0b125a,"{""anchor_strength"":0.08,""boundary_enabled"":true,""conflict_enabled"":true,""conflict_pass"":0.0,""directional_enabled"":true,""directional_mix"":0.0,""min_cluster_fraction_of_equal"":0.01,""move_boundary_floor"":0.05,""pairwise_strength"":0.08,""self_return_strength"":0.02,""sweeps"":1,""trust_gate_enabled"":true,""trust_threshold"":0.4,""unary_view1_weight"":0.65}",PASS,,79d65056a8b370ba8e3870acadefc919d04fe18bcd7c15b2c58834c039a62a11,e295e970c84d33c1ec13ad3be498846ee59c3b4c3cb3f3b6ee5c35ed73ccb6da,57,495,"[495,1285,1149,1397]",0.26483553647994995,0.26483553647994995,0.4703289568424225,0.26483553647994995,0.7354098558425903,0.6411343812942505,0.012497700023232028,0,0,0.22898277532189054,0.3113475509543023,0.3107448502367235,0.49747991474084186,0.3503652819872525,0.3113475509543023,0.35584418682756863,0.28952350278178945,0.7987143431096826,4326,1,merged unique formal+refinement candidates,label-assisted family-level benchmark HPO
RNA_PROTEIN,tonsil_s1,CMBF_99bfe5df73bd19c1,"{""anchor_strength"":0.08,""boundary_enabled"":true,""conflict_enabled"":true,""conflict_pass"":0.1,""directional_enabled"":true,""directional_mix"":0.25,""min_cluster_fraction_of_equal"":0.01,""move_boundary_floor"":0.22,""pairwise_strength"":0.32,""self_return_strength"":0.2,""sweeps"":2,""trust_gate_enabled"":true,""trust_threshold"":0.7,""unary_view1_weight"":0.65}",PASS,,15b6bb795409f560c6cb5e50daecf148020d682fb925916a51b1eeb9fb3d589b,e295e970c84d33c1ec13ad3be498846ee59c3b4c3cb3f3b6ee5c35ed73ccb6da,14,480,"[480,1306,1140,1400]",0.26287540793418884,0.26287540793418884,0.4742492437362671,0.3103002905845642,0.6902258396148682,0.6398195624351501,0.03673019999405369,0,0,0.23707433557407945,0.3178010497278411,0.31720304523036913,0.5035526200191032,0.3570729288861332,0.3178010497278412,0.3561656443463971,0.2887854883687443,0.8015936788536226,4326,1,merged unique formal+refinement candidates,label-assisted family-level benchmark HPO
RNA_PROTEIN,tonsil_s1,CMBF_a8259b5ae27e7eb9,"{""anchor_strength"":0.08,""boundary_enabled"":true,""conflict_enabled"":true,""conflict_pass"":0.1,""directional_enabled"":true,""directional_mix"":0.25,""min_cluster_fraction_of_equal"":0.01,""move_boundary_floor"":0.22,""pairwise_strength"":0.16,""self_return_strength"":0.02,""sweeps"":1,""trust_gate_enabled"":true,""trust_threshold"":0.4,""unary_view1_weight"":0.5}",PASS,,83a5a25530647f93a96d78375fa44cc21cc4c7e239f74f6493556ce3a82d096c,e295e970c84d33c1ec13ad3be498846ee59c3b4c3cb3f3b6ee5c35ed73ccb6da,20,482,"[482,1301,1140,1403]",0.26287540793418884,0.26287540793418884,0.4742492437362671,0.3103002905845642,0.6902258396148682,0.6398195624351501,0.011487499985378236,0,0,0.236203830421196,0.3177742423638072,0.3171763205972897,0.5029058186882115,0.35710435630769827,0.3177742423638072,0.35506286771445017,0.29121545159985324,0.8000535690370966,4326,1,merged unique formal+refinement candidates,label-assisted family-level benchmark HPO
RNA_PROTEIN,tonsil_s1,CMBF_118dbed1e432e5d7,"{""anchor_strength"":0.2,""boundary_enabled"":true,""conflict_enabled"":true,""conflict_pass"":0.0,""directional_enabled"":true,""directional_mix"":0.0,""min_cluster_fraction_of_equal"":0.01,""move_boundary_floor"":0.05,""pairwise_strength"":0.16,""self_return_strength"":0.02,""sweeps"":1,""trust_gate_enabled"":true,""trust_threshold"":0.55,""unary_view1_weight"":0.5}",PASS,,fc1e29b8534285c62150ccd4c9e4d993cec9207a3918b0292a6e2c4daf03cc6e,e295e970c84d33c1ec13ad3be498846ee59c3b4c3cb3f3b6ee5c35ed73ccb6da,60,502,"[502,1287,1151,1386]",0.26483553647994995,0.26483553647994995,0.4703289568424225,0.26483553647994995,0.7354098558425903,0.6411343812942505,0.019060299993725494,0,0,0.22866775353359486,0.31143244930089176,0.31083028468085183,0.49697708837408006,0.3507231169032832,0.3114324493008917,0.36059212523704365,0.2804729676584302,0.8024641757064417,4326,1,merged unique formal+refinement candidates,label-assisted family-level benchmark HPO
RNA_PROTEIN,tonsil_s1,CMBF_3ba43c2ee389abc7,"{""anchor_strength"":0.08,""boundary_enabled"":true,""conflict_enabled"":true,""conflict_pass"":0.1,""directional_enabled"":true,""directional_mix"":0.5,""min_cluster_fraction_of_equal"":0.01,""move_boundary_floor"":0.12,""pairwise_strength"":0.08,""self_return_strength"":0.2,""sweeps"":2,""trust_gate_enabled"":true,""trust_threshold"":0.4,""unary_view1_weight"":0.5}",PASS,,ede00a856f9479a5adc313e78dea15a0056184f97fc8c2bd32dfefa15673f74c,e295e970c84d33c1ec13ad3be498846ee59c3b4c3cb3f3b6ee5c35ed73ccb6da,8,479,"[479,1303,1141,1403]",0.26115766167640686,0.26115766167640686,0.4776846766471863,0.30892613530158997,0.6918529868125916,0.6387008428573608,0.021184899989748374,0,0,0.23514794216090565,0.3157477571687918,0.31514788814819916,0.5022819546875191,0.35472866620499766,0.31574775716879183,0.3542795116575797,0.29274136955480956,0.8000535690370966,4326,1,merged unique formal+refinement candidates,label-assisted family-level benchmark HPO
RNA_PROTEIN,tonsil_s1,CMBF_faeec5a80a0e4ed4,"{""anchor_strength"":0.08,""boundary_enabled"":true,""conflict_enabled"":true,""conflict_pass"":0.25,""directional_enabled"":true,""directional_mix"":0.25,""min_cluster_fraction_of_equal"":0.01,""move_boundary_floor"":0.05,""pairwise_strength"":0.16,""self_return_strength"":0.2,""sweeps"":2,""trust_gate_enabled"":true,""trust_threshold"":0.55,""unary_view1_weight"":0.5}",PASS,,9093155cec8073aea113d8ea86a25915c8df018b34510243c60cab7addd95ecb,e295e970c84d33c1ec13ad3be498846ee59c3b4c3cb3f3b6ee5c35ed73ccb6da,21,486,"[486,1299,1143,1398]",0.26287540793418884,0.26287540793418884,0.4742492437362671,0.3814376890659332,0.6191002726554871,0.6398195624351501,0.035984599991934374,0,0,0.232497309464097,0.3132407018323252,0.31263908882774266,0.5002111524717722,0.35217072558712714,0.3132407018323252,0.3564091664976159,0.2883540443549188,0.8011919110753984,4326,1,merged unique formal+refinement candidates,label-assisted family-level benchmark HPO
RNA_PROTEIN,tonsil_s1,CMBF_b3350c2365dc2d29,"{""anchor_strength"":0.2,""boundary_enabled"":true,""conflict_enabled"":true,""conflict_pass"":0.1,""directional_enabled"":true,""directional_mix"":0.0,""min_cluster_fraction_of_equal"":0.01,""move_boundary_floor"":0.22,""pairwise_strength"":0.16,""self_return_strength"":0.02,""sweeps"":2,""trust_gate_enabled"":true,""trust_threshold"":0.55,""unary_view1_weight"":0.65}",PASS,,591c85fe16839eff1b9de4f0b8739836188413074a936c6e15b60f027af683d1,e295e970c84d33c1ec13ad3be498846ee59c3b4c3cb3f3b6ee5c35ed73ccb6da,32,488,"[488,1302,1140,1396]",0.26483553647994995,0.26483553647994995,0.4703289568424225,0.3118683695793152,0.6883848309516907,0.6411343812942505,0.02430269998149015,0,0,0.23582436585994668,0.31689393127105475,0.31629562115882964,0.5024201250260008,0.3563372881107646,0.31689393127105475,0.358333683855275,0.28467250015688994,0.8015267175572519,4326,1,merged unique formal+refinement candidates,label-assisted family-level benchmark HPO
RNA_PROTEIN,tonsil_s1,CMBF_75135cc1c9d99dff,"{""anchor_strength"":0.2,""boundary_enabled"":true,""conflict_enabled"":true,""conflict_pass"":0.1,""directional_enabled"":true,""directional_mix"":0.5,""min_cluster_fraction_of_equal"":0.01,""move_boundary_floor"":0.22,""pairwise_strength"":0.16,""self_return_strength"":0.08,""sweeps"":2,""trust_gate_enabled"":true,""trust_threshold"":0.7,""unary_view1_weight"":0.35}",PASS,,5e54480cfbbc0a3c5936534445bc3c7b0b6abbf0ca0cbdd9e075181574d2d014,e295e970c84d33c1ec13ad3be498846ee59c3b4c3cb3f3b6ee5c35ed73ccb6da,12,482,"[482,1304,1140,1400]",0.26115766167640686,0.26115766167640686,0.4776846766471863,0.30892613530158997,0.6918529868125916,0.6387008428573608,0.03467269998509437,0,0,0.2364260884678309,0.31707077013032703,0.3164722446922372,0.503044850292033,0.35632141473249535,0.317070770130327,0.35625174780557006,0.28867611309454483,0.800857104593545,4326,1,merged unique formal+refinement candidates,label-assisted family-level benchmark HPO
RNA_PROTEIN,tonsil_s1,CMBF_4ee65e17e4988304,"{""anchor_strength"":0.02,""boundary_enabled"":true,""conflict_enabled"":true,""conflict_pass"":0.25,""directional_enabled"":true,""directional_mix"":0.25,""min_cluster_fraction_of_equal"":0.01,""move_boundary_floor"":0.12,""pairwise_strength"":0.16,""self_return_strength"":0.2,""sweeps"":1,""trust_gate_enabled"":true,""trust_threshold"":0.55,""unary_view1_weight"":0.35}",PASS,,8c1c1ae5cea182dfc72041c7beb83c1fc7b113035847a8f9dcde29a61c42a440,e295e970c84d33c1ec13ad3be498846ee59c3b4c3cb3f3b6ee5c35ed73ccb6da,18,486,"[486,1300,1142,1398]",0.26287540793418884,0.26287540793418884,0.4742492437362671,0.3814376890659332,0.6191002726554871,0.6398195624351501,0.01672159999725409,0,0,0.23322989301547778,0.313939573889767,0.313338565526697,0.5007160421266449,0.3529520471590064,0.31393957388976695,0.35817755451446726,0.2849106284912486,0.8021963305209588,4326,1,merged unique formal+refinement candidates,label-assisted family-level benchmark HPO
RNA_PROTEIN,tonsil_s1,CMBF_2278ba95f165704e,"{""anchor_strength"":0.08,""boundary_enabled"":true,""conflict_enabled"":true,""conflict_pass"":0.1,""directional_enabled"":true,""directional_mix"":0.0,""min_cluster_fraction_of_equal"":0.01,""move_boundary_floor"":0.12,""pairwise_strength"":0.32,""self_return_strength"":0.02,""sweeps"":2,""trust_gate_enabled"":true,""trust_threshold"":0.4,""unary_view1_weight"":0.5}",PASS,,ef32a9d8c8005a60d295bbc63901fcfee6221aefabadef7c4bb86505768796f9,e295e970c84d33c1ec13ad3be498846ee59c3b4c3cb3f3b6ee5c35ed73ccb6da,30,487,"[487,1297,1145,1397]",0.26483553647994995,0.26483553647994995,0.4703289568424225,0.3118683695793152,0.6883848309516907,0.6411343812942505,0.020522299979347736,0,0,0.23187394637902575,0.3137512870696575,0.3131501993664656,0.499736816438138,0.3527895046588419,0.3137512870696575,0.35623864964330265,0.2888343919840145,0.8007901432971742,4326,1,merged unique formal+refinement candidates,label-assisted family-level benchmark HPO
RNA_PROTEIN,tonsil_s1,CMBF_56dcd8708d21ae45,"{""anchor_strength"":0.02,""boundary_enabled"":true,""conflict_enabled"":true,""conflict_pass"":0.1,""directional_enabled"":true,""directional_mix"":0.5,""min_cluster_fraction_of_equal"":0.01,""move_boundary_floor"":0.12,""pairwise_strength"":0.08,""self_return_strength"":0.08,""sweeps"":1,""trust_gate_enabled"":true,""trust_threshold"":0.7,""unary_view1_weight"":0.65}",PASS,,e7cdb31b0552e9f1b41cd094de2ed4ca5ef69d28b3482e528646f6f22e619417,e295e970c84d33c1ec13ad3be498846ee59c3b4c3cb3f3b6ee5c35ed73ccb6da,102,514,"[514,1287,1124,1401]",0.26115766167640686,0.26115766167640686,0.4776846766471863,0.30892613530158997,0.6918529868125916,0.6387008428573608,0.024121099995682016,0,0,0.22614469829274716,0.30592211255226703,0.30531553302790393,0.49510121240293115,0.34473867296316946,0.30592211255226703,0.36053561317738525,0.28099174597534887,0.80038837551895,4326,1,merged unique formal+refinement candidates,label-assisted family-level benchmark HPO
RNA_PROTEIN,tonsil_s1,CMBF_6d28a9e9fb017139,"{""anchor_strength"":0.02,""boundary_enabled"":true,""conflict_enabled"":true,""conflict_pass"":0.0,""directional_enabled"":true,""directional_mix"":0.5,""min_cluster_fraction_of_equal"":0.01,""move_boundary_floor"":0.22,""pairwise_strength"":0.16,""self_return_strength"":0.08,""sweeps"":2,""trust_gate_enabled"":true,""trust_threshold"":0.4,""unary_view1_weight"":0.65}",PASS,,1f62b698b012874afe99d53e306f602017feecda5b6e2a327bf1803fea5d2056,e295e970c84d33c1ec13ad3be498846ee59c3b4c3cb3f3b6ee5c35ed73ccb6da,18,483,"[483,1300,1142,1401]",0.26115766167640686,0.26115766167640686,0.4776846766471863,0.26115766167640686,0.7396128177642822,0.6387008428573608,0.01727090001804754,0,0,0.23641450824923965,0.3182206354521913,0.31762318812330337,0.5029945164405472,0.3576546943002341,0.31822063545219137,0.3552559246096838,0.29077381950692116,0.8000535690370966,4326,1,merged unique formal+refinement candidates,label-assisted family-level benchmark HPO
RNA_PROTEIN,tonsil_s1,CMBF_7ed38195448cac9e,"{""anchor_strength"":0.02,""boundary_enabled"":true,""conflict_enabled"":true,""conflict_pass"":0.25,""directional_enabled"":true,""directional_mix"":0.5,""min_cluster_fraction_of_equal"":0.01,""move_boundary_floor"":0.12,""pairwise_strength"":0.16,""self_return_strength"":0.2,""sweeps"":2,""trust_gate_enabled"":true,""trust_threshold"":0.4,""unary_view1_weight"":0.5}",PASS,,3f1c0af0f0049f67aadbd955a3f38b7982b40e6a43cb76e7bf121c1196a47d6c,e295e970c84d33c1ec13ad3be498846ee59c3b4c3cb3f3b6ee5c35ed73ccb6da,15,481,"[481,1300,1144,1401]",0.26115766167640686,0.26115766167640686,0.4776846766471863,0.38057881593704224,0.6202133297920227,0.6387008428573608,0.020724400004837662,0,0,0.23482825555103767,0.3158361719219684,0.31523653151500647,0.5019697725600782,0.35491527844862053,0.3158361719219684,0.355887647566281,0.2894362000760336,0.8009910271862863,4326,1,merged unique formal+refinement candidates,label-assisted family-level benchmark HPO
RNA_PROTEIN,tonsil_s1,CMBF_ab7054c57f80c6fe,"{""anchor_strength"":0.2,""boundary_enabled"":true,""conflict_enabled"":true,""conflict_pass"":0.0,""directional_enabled"":true,""directional_mix"":0.0,""min_cluster_fraction_of_equal"":0.01,""move_boundary_floor"":0.05,""pairwise_strength"":0.32,""self_return_strength"":0.02,""sweeps"":2,""trust_gate_enabled"":true,""trust_threshold"":0.55,""unary_view1_weight"":0.5}",PASS,,9a817a87164f22f0c9daec9cd794a94a51b20b225e19fd2638a9f8d1d2e67358,e295e970c84d33c1ec13ad3be498846ee59c3b4c3cb3f3b6ee5c35ed73ccb6da,70,499,"[499,1287,1150,1390]",0.26483553647994995,0.26483553647994995,0.4703289568424225,0.26483553647994995,0.7354098558425903,0.6411343812942505,0.03513340000063181,0,0,0.22824236300094294,0.31009915720779485,0.30949563213187864,0.496807426279653,0.349111809358997,0.3100991572077949,0.363174618093467,0.2751954374850749,0.8050756662648989,4326,1,merged unique formal+refinement candidates,label-assisted family-level benchmark HPO
RNA_PROTEIN,tonsil_s1,CMBF_44b0138b90d0a8a0,"{""anchor_strength"":0.2,""boundary_enabled"":true,""conflict_enabled"":true,""conflict_pass"":0.0,""directional_enabled"":true,""directional_mix"":0.0,""min_cluster_fraction_of_equal"":0.01,""move_boundary_floor"":0.05,""pairwise_strength"":0.16,""self_return_strength"":0.2,""sweeps"":1,""trust_gate_enabled"":true,""trust_threshold"":0.55,""unary_view1_weight"":0.65}",PASS,,c594379d99b23d6f68058f2192c78dbf2e60c9d7fdad6e64dcb8e7fafe8dc284,e295e970c84d33c1ec13ad3be498846ee59c3b4c3cb3f3b6ee5c35ed73ccb6da,11,480,"[480,1303,1142,1401]",0.26483553647994995,0.26483553647994995,0.4703289568424225,0.26483553647994995,0.7354098558425903,0.6411343812942505,0.018888500024331734,0,0,0.2345823091546124,0.3153007895730072,0.31470060497705377,0.5018490973062417,0.3542704682671565,0.3153007895730073,0.3548681319013105,0.2914460074386959,0.8005892594080621,4326,1,merged unique formal+refinement candidates,label-assisted family-level benchmark HPO
RNA_PROTEIN,tonsil_s1,CMBF_402dd71831b50491,"{""anchor_strength"":0.02,""boundary_enabled"":true,""conflict_enabled"":true,""conflict_pass"":0.1,""directional_enabled"":true,""directional_mix"":0.5,""min_cluster_fraction_of_equal"":0.01,""move_boundary_floor"":0.22,""pairwise_strength"":0.03,""self_return_strength"":0.08,""sweeps"":1,""trust_gate_enabled"":true,""trust_threshold"":0.4,""unary_view1_weight"":0.65}",PASS,,6ab019024252b2020d89dcf81cf39c5f056a5e8390351334f93fbb148a7cb5d0,e295e970c84d33c1ec13ad3be498846ee59c3b4c3cb3f3b6ee5c35ed73ccb6da,24,484,"[484,1298,1141,1403]",0.26115766167640686,0.26115766167640686,0.4776846766471863,0.30892613530158997,0.6918529868125916,0.6387008428573608,0.01021849998505786,0,0,0.2346357202110894,0.3162814014549908,0.31568229728199826,0.5017663045733587,0.3554995104816606,0.3162814014549909,0.3528874891834147,0.2954558236240767,0.7985134592205705,4326,1,merged unique formal+refinement candidates,label-assisted family-level benchmark HPO
RNA_PROTEIN,tonsil_s1,CMBF_468e9337c117e281,"{""anchor_strength"":0.2,""boundary_enabled"":true,""conflict_enabled"":true,""conflict_pass"":0.1,""directional_enabled"":true,""directional_mix"":0.0,""min_cluster_fraction_of_equal"":0.01,""move_boundary_floor"":0.12,""pairwise_strength"":0.16,""self_return_strength"":0.2,""sweeps"":1,""trust_gate_enabled"":true,""trust_threshold"":0.4,""unary_view1_weight"":0.35}",PASS,,e295e970c84d33c1ec13ad3be498846ee59c3b4c3cb3f3b6ee5c35ed73ccb6da,e295e970c84d33c1ec13ad3be498846ee59c3b4c3cb3f3b6ee5c35ed73ccb6da,0,478,"[478,1301,1141,1406]",0.26483553647994995,0.26483553647994995,0.4703289568424225,0.3118683695793152,0.6883848309516907,0.6411343812942505,0.009916699986206368,0,0,0.23653550194382364,0.3171179292228705,0.31651918825932224,0.5032711126740634,0.3562255235014961,0.3171179292228705,0.354108555786733,0.2929194415889249,0.8002544529262087,4326,1,merged unique formal+refinement candidates,label-assisted family-level benchmark HPO
RNA_PROTEIN,tonsil_s1,CMBF_9616cb92b706249e,"{""anchor_strength"":0.02,""boundary_enabled"":true,""conflict_enabled"":true,""conflict_pass"":0.0,""directional_enabled"":true,""directional_mix"":0.5,""min_cluster_fraction_of_equal"":0.01,""move_boundary_floor"":0.22,""pairwise_strength"":0.03,""self_return_strength"":0.2,""sweeps"":1,""trust_gate_enabled"":true,""trust_threshold"":0.7,""unary_view1_weight"":0.35}",PASS,,61d64ed233b9bd5e8d800da195123f337eb1b1fcdaee08cec1068601738d5e0b,e295e970c84d33c1ec13ad3be498846ee59c3b4c3cb3f3b6ee5c35ed73ccb6da,3,478,"[478,1304,1141,1403]",0.26115766167640686,0.26115766167640686,0.4776846766471863,0.26115766167640686,0.7396128177642822,0.6387008428573608,0.017717399983666837,0,0,0.23668286718251594,0.31736524060791105,0.3167667297349248,0.5033588064073908,0.35651116046522324,0.31736524060791105,0.3535481099947831,0.29411687004203885,0.7997187625552431,4326,1,merged unique formal+refinement candidates,label-assisted family-level benchmark HPO
RNA_PROTEIN,tonsil_s1,CMBF_5c176e1faab66fbd,"{""anchor_strength"":0.08,""boundary_enabled"":true,""conflict_enabled"":true,""conflict_pass"":0.25,""directional_enabled"":true,""directional_mix"":0.25,""min_cluster_fraction_of_equal"":0.01,""move_boundary_floor"":0.12,""pairwise_strength"":0.03,""self_return_strength"":0.2,""sweeps"":2,""trust_gate_enabled"":true,""trust_threshold"":0.7,""unary_view1_weight"":0.65}",PASS,,8fc7a8d1ea138079a2f7297c1ecd6dd9e7f68952bef036086b0c314ee9278b62,e295e970c84d33c1ec13ad3be498846ee59c3b4c3cb3f3b6ee5c35ed73ccb6da,27,488,"[488,1299,1140,1399]",0.26287540793418884,0.26287540793418884,0.4742492437362671,0.3814376890659332,0.6191002726554871,0.6398195624351501,0.04624779999721795,0,0,0.23228436295539098,0.312885372495273,0.31228353871697034,0.5000229855992259,0.35182242736991626,0.312885372495273,0.35436406489212996,0.2924493456454468,0.7993169947770189,4326,1,merged unique formal+refinement candidates,label-assisted family-level benchmark HPO
RNA_PROTEIN,tonsil_s1,CMBF_55b524e6f44a0c67,"{""anchor_strength"":0.08,""boundary_enabled"":true,""conflict_enabled"":true,""conflict_pass"":0.25,""directional_enabled"":true,""directional_mix"":0.25,""min_cluster_fraction_of_equal"":0.01,""move_boundary_floor"":0.22,""pairwise_strength"":0.03,""self_return_strength"":0.02,""sweeps"":1,""trust_gate_enabled"":true,""trust_threshold"":0.4,""unary_view1_weight"":0.35}",PASS,,e5e9defc1cedb33d320220764b750078f5d7ebed16803b03a1a94e626259d6aa,e295e970c84d33c1ec13ad3be498846ee59c3b4c3cb3f3b6ee5c35ed73ccb6da,24,485,"[485,1300,1142,1399]",0.26287540793418884,0.26287540793418884,0.4742492437362671,0.3814376890659332,0.6191002726554871,0.6398195624351501,0.00986159997410141,0,0,0.2346321172809155,0.31640542311627756,0.31580651182250635,0.5017074191984275,0.35568782328526677,0.3164054231162776,0.3542392725487046,0.2927133447816578,0.7993169947770189,4326,1,merged unique formal+refinement candidates,label-assisted family-level benchmark HPO
RNA_PROTEIN,tonsil_s1,CMBF_94b6087160965589,"{""anchor_strength"":0.08,""boundary_enabled"":true,""conflict_enabled"":true,""conflict_pass"":0.0,""directional_enabled"":true,""directional_mix"":0.25,""min_cluster_fraction_of_equal"":0.01,""move_boundary_floor"":0.12,""pairwise_strength"":0.16,""self_return_strength"":0.02,""sweeps"":2,""trust_gate_enabled"":true,""trust_threshold"":0.4,""unary_view1_weight"":0.35}",PASS,,ec031b1896edc5f5cb13aea9b7831fb899f1b1af2e55904be7da688bc7204f8c,e295e970c84d33c1ec13ad3be498846ee59c3b4c3cb3f3b6ee5c35ed73ccb6da,35,491,"[491,1296,1145,1394]",0.26287540793418884,0.26287540793418884,0.4742492437362671,0.26287540793418884,0.7376428246498108,0.6398195624351501,0.020861400000285357,0,0,0.23072150520335202,0.312616150952231,0.3120143158970551,0.4988068826436108,0.35165359364732335,0.312616150952231,0.3563690030183453,0.28858093207344354,0.8006562207044329,4326,1,merged unique formal+refinement candidates,label-assisted family-level benchmark HPO
RNA_PROTEIN,tonsil_s1,CMBF_558cc321f4ba02b8,"{""anchor_strength"":0.2,""boundary_enabled"":true,""conflict_enabled"":true,""conflict_pass"":0.0,""directional_enabled"":true,""directional_mix"":0.5,""min_cluster_fraction_of_equal"":0.01,""move_boundary_floor"":0.22,""pairwise_strength"":0.08,""self_return_strength"":0.08,""sweeps"":1,""trust_gate_enabled"":true,""trust_threshold"":0.55,""unary_view1_weight"":0.35}",PASS,,53ff43070a142fc1a6ca342ae445a15cbeba2559e7b55828e9cf17187a0f3822,e295e970c84d33c1ec13ad3be498846ee59c3b4c3cb3f3b6ee5c35ed73ccb6da,9,480,"[480,1304,1141,1401]",0.26115766167640686,0.26115766167640686,0.4776846766471863,0.26115766167640686,0.7396128177642822,0.6387008428573608,0.013675700000021607,0,0,0.23607747718746552,0.31675900782802247,0.3161600936654151,0.5028721467394472,0.35590433204717553,0.3167590078280226,0.3553542783295908,0.29046359109216585,0.8004553368153208,4326,1,merged unique formal+refinement candidates,label-assisted family-level benchmark HPO
RNA_PROTEIN,tonsil_s1,CMBF_2a3e5c59c7e6860d,"{""anchor_strength"":0.02,""boundary_enabled"":true,""conflict_enabled"":true,""conflict_pass"":0.1,""directional_enabled"":true,""directional_mix"":0.0,""min_cluster_fraction_of_equal"":0.01,""move_boundary_floor"":0.22,""pairwise_strength"":0.16,""self_return_strength"":0.02,""sweeps"":1,""trust_gate_enabled"":true,""trust_threshold"":0.55,""unary_view1_weight"":0.65}",PASS,,f2d52b74e743981569f5152826f74446ba1fdf4963fd5f87b4e8a54600e66c3e,e295e970c84d33c1ec13ad3be498846ee59c3b4c3cb3f3b6ee5c35ed73ccb6da,61,495,"[495,1297,1131,1403]",0.26483553647994995,0.26483553647994995,0.4703289568424225,0.3118683695793152,0.6883848309516907,0.6411343812942505,0.013030200003413484,0,0,0.2328270239576241,0.3133726104975783,0.31277152175487055,0.5002373772695641,0.35255099813279617,0.31337261049757825,0.3602839939569523,0.28086289386258034,0.8019954466318467,4326,1,merged unique formal+refinement candidates,label-assisted family-level benchmark HPO
RNA_PROTEIN,tonsil_s1,CMBF_d9a4af35695081ab,"{""anchor_strength"":0.08,""boundary_enabled"":true,""conflict_enabled"":true,""conflict_pass"":0.1,""directional_enabled"":true,""directional_mix"":0.25,""min_cluster_fraction_of_equal"":0.01,""move_boundary_floor"":0.12,""pairwise_strength"":0.08,""self_return_strength"":0.02,""sweeps"":2,""trust_gate_enabled"":true,""trust_threshold"":0.55,""unary_view1_weight"":0.35}",PASS,,464f99a19b7fafaf91e12a1fcc0e2b6acada4ba650dbeb798b24954baa31a415,e295e970c84d33c1ec13ad3be498846ee59c3b4c3cb3f3b6ee5c35ed73ccb6da,77,512,"[512,1287,1144,1383]",0.26287540793418884,0.26287540793418884,0.4742492437362671,0.3103002905845642,0.6902258396148682,0.6398195624351501,0.03123049999703653,0,0,0.22738086773312496,0.309821176078619,0.3092181262799237,0.49580323305275503,0.34920352058650944,0.309821176078619,0.36025050920696466,0.28131284551140073,0.8007231820008035,4326,1,merged unique formal+refinement candidates,label-assisted family-level benchmark HPO
RNA_PROTEIN,tonsil_s2,CMBF_aee14a9246feae9c,"{""anchor_strength"":0.0,""boundary_enabled"":true,""conflict_enabled"":true,""conflict_pass"":0.0,""directional_enabled"":true,""directional_mix"":0.0,""min_cluster_fraction_of_equal"":0.01,""move_boundary_floor"":0.1,""pairwise_strength"":0.0,""self_return_strength"":0.0,""sweeps"":0,""trust_gate_enabled"":true,""trust_threshold"":0.55,""unary_view1_weight"":0.5}",PASS,,b56c96f9aa3c3463a0fb10094ed18b971aa96c78966e50609a578247ca8d6196,b56c96f9aa3c3463a0fb10094ed18b971aa96c78966e50609a578247ca8d6196,0,445,"[1008,1395,445,1671]",0.28181910514831543,0.28181910514831543,0.4363618493080139,0.28181910514831543,0.718549907207489,0.6738391518592834,0.04320099999313243,0,0,0.25826424500877926,0.31432408099851056,0.31374944344293665,0.5154080732104173,0.3434033163172776,0.31432408099851056,0.38737209880155526,0.22418440405970358,0.833791472223998,4518,1,merged unique formal+refinement candidates,label-assisted family-level benchmark HPO
RNA_PROTEIN,tonsil_s2,CMBF_829e747294553ae8,"{""anchor_strength"":0.2,""boundary_enabled"":true,""conflict_enabled"":true,""conflict_pass"":0.0,""directional_enabled"":true,""directional_mix"":0.0,""min_cluster_fraction_of_equal"":0.01,""move_boundary_floor"":0.1,""pairwise_strength"":0.03,""self_return_strength"":0.02,""sweeps"":1,""trust_gate_enabled"":true,""trust_threshold"":0.7,""unary_view1_weight"":0.5}",PASS,,a2115e8986990e7f8b4017fa82393cf5f33429ef09c8f562199ac8fa8d6c112a,b56c96f9aa3c3463a0fb10094ed18b971aa96c78966e50609a578247ca8d6196,74,469,"[1007,1391,469,1652]",0.28181910514831543,0.28181910514831543,0.4363618493080139,0.28181910514831543,0.718549907207489,0.6738391518592834,0.023799799993867055,0,0,0.25490880242749236,0.3128029698578171,0.3122286847243449,0.5121810205635404,0.34268561502438905,0.3128029698578171,0.38379875041982353,0.23165266665026135,0.8275906156108164,4518,1,merged unique formal+refinement candidates,label-assisted family-level benchmark HPO
RNA_PROTEIN,tonsil_s2,CMBF_d8bce54e951b68d1,"{""anchor_strength"":0.08,""boundary_enabled"":true,""conflict_enabled"":true,""conflict_pass"":0.0,""directional_enabled"":true,""directional_mix"":0.0,""min_cluster_fraction_of_equal"":0.01,""move_boundary_floor"":0.1,""pairwise_strength"":0.08,""self_return_strength"":0.08,""sweeps"":1,""trust_gate_enabled"":true,""trust_threshold"":0.55,""unary_view1_weight"":0.5}",PASS,,bc637697b4764c5e7492091849e5e7973bb30871d7e4664db4c4635d5745c5c0,b56c96f9aa3c3463a0fb10094ed18b971aa96c78966e50609a578247ca8d6196,60,456,"[1012,1392,456,1659]",0.28181910514831543,0.28181910514831543,0.4363618493080139,0.28181910514831543,0.718549907207489,0.6738391518592834,0.016334399988409132,0,0,0.2573604530374647,0.31501203482947066,0.31443883664134104,0.5142601003994348,0.3446608534086765,0.3150120348294706,0.38458943199207235,0.23030370768795333,0.8288691427475549,4518,1,merged unique formal+refinement candidates,label-assisted family-level benchmark HPO
RNA_PROTEIN,tonsil_s2,CMBF_3bb348efbe255f2e,"{""anchor_strength"":0.08,""boundary_enabled"":true,""conflict_enabled"":true,""conflict_pass"":0.0,""directional_enabled"":true,""directional_mix"":0.25,""min_cluster_fraction_of_equal"":0.01,""move_boundary_floor"":0.1,""pairwise_strength"":0.16,""self_return_strength"":0.2,""sweeps"":2,""trust_gate_enabled"":true,""trust_threshold"":0.55,""unary_view1_weight"":0.5}",PASS,,42bb80205d63b8d092aae65f1614b1a03cf30a237a95bfc009777cead3b62bf0,b56c96f9aa3c3463a0fb10094ed18b971aa96c78966e50609a578247ca8d6196,17,446,"[1003,1402,446,1668]",0.28125491738319397,0.28125491738319397,0.4374901354312897,0.28125491738319397,0.7193998694419861,0.6730442047119141,0.09626999997999519,0,0,0.2581305909204523,0.31538975206676295,0.31481601024366795,0.5153252678989906,0.3445685599633236,0.3153897520667629,0.38683111085374944,0.22544198564587054,0.8331522086556287,4518,1,merged unique formal+refinement candidates,label-assisted family-level benchmark HPO
RNA_PROTEIN,tonsil_s2,CMBF_bd42a3d8f5f49c11,"{""anchor_strength"":0.02,""boundary_enabled"":true,""conflict_enabled"":true,""conflict_pass"":0.1,""directional_enabled"":true,""directional_mix"":0.5,""min_cluster_fraction_of_equal"":0.01,""move_boundary_floor"":0.1,""pairwise_strength"":0.32,""self_return_strength"":0.2,""sweeps"":2,""trust_gate_enabled"":true,""trust_threshold"":0.4,""unary_view1_weight"":0.5}",PASS,,7ca1e34070abd60dfe95716121af341cc6daa95c1f04128436cac498a7cc390e,b56c96f9aa3c3463a0fb10094ed18b971aa96c78966e50609a578247ca8d6196,13,445,"[1002,1402,445,1670]",0.2806754410266876,0.28067547082901,0.43864905834198,0.324540376663208,0.6763995289802551,0.672361433506012,0.0860374000039883,0,0,0.25757282394724157,0.3137468714306116,0.3131716530172719,0.5150186556879593,0.34271546391018143,0.31374687143061164,0.3872503888766141,0.22450341718951278,0.8338553985808349,4518,1,merged unique formal+refinement candidates,label-assisted family-level benchmark HPO
RNA_PROTEIN,tonsil_s2,CMBF_7000b3f8ef0b5b9c,"{""anchor_strength"":0.08,""boundary_enabled"":true,""conflict_enabled"":true,""conflict_pass"":0.25,""directional_enabled"":true,""directional_mix"":0.5,""min_cluster_fraction_of_equal"":0.01,""move_boundary_floor"":0.05,""pairwise_strength"":0.32,""self_return_strength"":0.02,""sweeps"":2,""trust_gate_enabled"":true,""trust_threshold"":0.7,""unary_view1_weight"":0.35}",PASS,,e7ade6f439c4ee4f4bafaa0a5f08cc1b6ec25ea7075a63e8cc839a50245e1371,b56c96f9aa3c3463a0fb10094ed18b971aa96c78966e50609a578247ca8d6196,89,460,"[1003,1403,460,1653]",0.2806754410266876,0.28067547082901,0.43864905834198,0.390337735414505,0.6106257438659668,0.672361433506012,0.11016640000161715,0,0,0.25474341766889885,0.3133933445991566,0.3128189325180353,0.5124361629456053,0.34297062279040735,0.3133933445991566,0.38717970671775126,0.22472237158499234,0.8343028830786934,4518,1,merged unique formal+refinement candidates,label-assisted family-level benchmark HPO
RNA_PROTEIN,tonsil_s2,CMBF_508c221034beb345,"{""anchor_strength"":0.02,""boundary_enabled"":true,""conflict_enabled"":true,""conflict_pass"":0.25,""directional_enabled"":true,""directional_mix"":0.0,""min_cluster_fraction_of_equal"":0.01,""move_boundary_floor"":0.05,""pairwise_strength"":0.03,""self_return_strength"":0.08,""sweeps"":2,""trust_gate_enabled"":true,""trust_threshold"":0.4,""unary_view1_weight"":0.65}",PASS,,cfcadedd3158fede13bff4e0dc40af6642783b623969e086358476868382a753,b56c96f9aa3c3463a0fb10094ed18b971aa96c78966e50609a578247ca8d6196,106,461,"[1001,1388,461,1669]",0.28181910514831543,0.28181910514831543,0.4363618493080139,0.3909095525741577,0.6095125675201416,0.6738391518592834,0.0673769999993965,0,0,0.2521081486584001,0.30863548205996294,0.30805696382053954,0.5108133823121745,0.33769015911940115,0.30863548205996294,0.3835286404996573,0.23216170463449765,0.825353193121524,4518,1,merged unique formal+refinement candidates,label-assisted family-level benchmark HPO
RNA_PROTEIN,tonsil_s2,CMBF_4ad54dd1a03673b1,"{""anchor_strength"":0.2,""boundary_enabled"":true,""conflict_enabled"":true,""conflict_pass"":0.25,""directional_enabled"":true,""directional_mix"":0.25,""min_cluster_fraction_of_equal"":0.01,""move_boundary_floor"":0.05,""pairwise_strength"":0.16,""self_return_strength"":0.02,""sweeps"":2,""trust_gate_enabled"":true,""trust_threshold"":0.4,""unary_view1_weight"":0.65}",PASS,,0ac45a5d54515aee8973e1b321e4786fc8666a7d07c0b93e0f6b06082eb75686,b56c96f9aa3c3463a0fb10094ed18b971aa96c78966e50609a578247ca8d6196,74,456,"[1004,1394,456,1665]",0.28125491738319397,0.28125491738319397,0.4374901354312897,0.39062750339508057,0.6100730895996094,0.6730442047119141,0.08505520000471734,0,0,0.25442322324168903,0.31176325370309754,0.31118714047198026,0.5124547392370272,0.34099106957713743,0.3117632537030976,0.3850780292667674,0.22896525168044557,0.8289330691043918,4518,1,merged unique formal+refinement candidates,label-assisted family-level benchmark HPO
RNA_PROTEIN,tonsil_s2,CMBF_2ce21274a74e09fa,"{""anchor_strength"":0.02,""boundary_enabled"":true,""conflict_enabled"":true,""conflict_pass"":0.25,""directional_enabled"":true,""directional_mix"":0.25,""min_cluster_fraction_of_equal"":0.01,""move_boundary_floor"":0.22,""pairwise_strength"":0.32,""self_return_strength"":0.08,""sweeps"":2,""trust_gate_enabled"":true,""trust_threshold"":0.4,""unary_view1_weight"":0.65}",PASS,,c86f099b096146d4ba7121db9ebd887c98b040168af1092efa789d1e9e3b5e2d,b56c96f9aa3c3463a0fb10094ed18b971aa96c78966e50609a578247ca8d6196,29,450,"[994,1403,450,1672]",0.28125491738319397,0.28125491738319397,0.4374901354312897,0.39062750339508057,0.6100730895996094,0.6730442047119141,0.019423099991399795,0,0,0.2588594316534198,0.317328519336213,0.31675645016982074,0.5158457648680962,0.34671273604590297,0.317328519336213,0.386673776627707,0.22585512098007304,0.8332800613693025,4518,1,merged unique formal+refinement candidates,label-assisted family-level benchmark HPO
RNA_PROTEIN,tonsil_s2,CMBF_b23bccaed0bfdca6,"{""anchor_strength"":0.02,""boundary_enabled"":true,""conflict_enabled"":true,""conflict_pass"":0.1,""directional_enabled"":true,""directional_mix"":0.5,""min_cluster_fraction_of_equal"":0.01,""move_boundary_floor"":0.05,""pairwise_strength"":0.03,""self_return_strength"":0.08,""sweeps"":1,""trust_gate_enabled"":true,""trust_threshold"":0.55,""unary_view1_weight"":0.35}",PASS,,cdcb09e46fe378070dc6f2e3176ed16e39e2d20c9e41b31bfcf3665185bca17d,b56c96f9aa3c3463a0fb10094ed18b971aa96c78966e50609a578247ca8d6196,122,471,"[1035,1380,471,1633]",0.2806754410266876,0.28067547082901,0.43864905834198,0.324540376663208,0.6763995289802551,0.672361433506012,0.01920909999171272,0,0,0.25336089554308105,0.3114451571427979,0.31087048741885553,0.5105303789583178,0.34163808031875054,0.3114451571427979,0.38212906732302193,0.23508314344228948,0.8246500031963179,4518,1,merged unique formal+refinement candidates,label-assisted family-level benchmark HPO
RNA_PROTEIN,tonsil_s2,CMBF_9afb19e777ac6d08,"{""anchor_strength"":0.2,""boundary_enabled"":true,""conflict_enabled"":true,""conflict_pass"":0.25,""directional_enabled"":true,""directional_mix"":0.0,""min_cluster_fraction_of_equal"":0.01,""move_boundary_floor"":0.22,""pairwise_strength"":0.08,""self_return_strength"":0.08,""sweeps"":1,""trust_gate_enabled"":true,""trust_threshold"":0.55,""unary_view1_weight"":0.35}",PASS,,400302173ce648b47754857e08ce29951fb1a708c6c16fbc9853ea6289f9bf96,b56c96f9aa3c3463a0fb10094ed18b971aa96c78966e50609a578247ca8d6196,25,453,"[1001,1401,453,1664]",0.28181910514831543,0.28181910514831543,0.4363618493080139,0.3909095525741577,0.6095125675201416,0.6738391518592834,0.013916399999288842,0,0,0.25660635936084414,0.31402047429698876,0.31344602214977185,0.5140549990993163,0.34332663383677015,0.31402047429698876,0.3864104776090644,0.2265948805767134,0.8318097551620534,4518,1,merged unique formal+refinement candidates,label-assisted family-level benchmark HPO
RNA_PROTEIN,tonsil_s2,CMBF_4dd6bea78d813ccc,"{""anchor_strength"":0.02,""boundary_enabled"":true,""conflict_enabled"":true,""conflict_pass"":0.0,""directional_enabled"":true,""directional_mix"":0.5,""min_cluster_fraction_of_equal"":0.01,""move_boundary_floor"":0.05,""pairwise_strength"":0.32,""self_return_strength"":0.08,""sweeps"":2,""trust_gate_enabled"":true,""trust_threshold"":0.7,""unary_view1_weight"":0.35}",PASS,,a65e1f92b36f10e6c4408b92c990c76dd33c8124231579df843c5a0958b33637,b56c96f9aa3c3463a0fb10094ed18b971aa96c78966e50609a578247ca8d6196,78,456,"[1004,1408,456,1651]",0.2806754410266876,0.28067547082901,0.43864905834198,0.2806754410266876,0.7202486395835876,0.672361433506012,0.1138146000157576,0,0,0.25525665162067135,0.3155033969759439,0.31493054112989594,0.5128848988760896,0.3451575893283159,0.3155033969759438,0.38776222913424907,0.22377298803046705,0.8346864412197149,4518,1,merged unique formal+refinement candidates,label-assisted family-level benchmark HPO
RNA_PROTEIN,tonsil_s2,CMBF_eefe4260f00a3887,"{""anchor_strength"":0.02,""boundary_enabled"":true,""conflict_enabled"":true,""conflict_pass"":0.25,""directional_enabled"":true,""directional_mix"":0.25,""min_cluster_fraction_of_equal"":0.01,""move_boundary_floor"":0.22,""pairwise_strength"":0.16,""self_return_strength"":0.08,""sweeps"":2,""trust_gate_enabled"":true,""trust_threshold"":0.4,""unary_view1_weight"":0.35}",PASS,,b2d55b4acdac990120712178068849d657a4880b07bda885b467869cdb82ab63,b56c96f9aa3c3463a0fb10094ed18b971aa96c78966e50609a578247ca8d6196,37,458,"[996,1403,458,1662]",0.28125491738319397,0.28125491738319397,0.4374901354312897,0.39062750339508057,0.6100730895996094,0.6730442047119141,0.019990200002212077,0,0,0.2561515518722774,0.3145763459868561,0.3140025937991177,0.5136336018986309,0.34407046438286976,0.31457634598685613,0.38640389296803734,0.22655300890664473,0.8320015342325641,4518,1,merged unique formal+refinement candidates,label-assisted family-level benchmark HPO
RNA_PROTEIN,tonsil_s2,CMBF_92e84d882864a745,"{""anchor_strength"":0.08,""boundary_enabled"":true,""conflict_enabled"":true,""conflict_pass"":0.25,""directional_enabled"":true,""directional_mix"":0.0,""min_cluster_fraction_of_equal"":0.01,""move_boundary_floor"":0.05,""pairwise_strength"":0.32,""self_return_strength"":0.02,""sweeps"":1,""trust_gate_enabled"":true,""trust_threshold"":0.4,""unary_view1_weight"":0.65}",PASS,,e843852c587bfd7de6796f0a9e635ee4b2e5635358f4a775bc50170015d80645,b56c96f9aa3c3463a0fb10094ed18b971aa96c78966e50609a578247ca8d6196,66,453,"[1000,1395,453,1671]",0.28181910514831543,0.28181910514831543,0.4363618493080139,0.3909095525741577,0.6095125675201416,0.6738391518592834,0.013022500002989545,0,0,0.25569887695942917,0.3133793621025049,0.3128042885827491,0.5135278854443479,0.34257572275365766,0.31337936210250483,0.38534915809377296,0.2281423615821031,0.8309147861663364,4518,1,merged unique formal+refinement candidates,label-assisted family-level benchmark HPO
RNA_PROTEIN,tonsil_s2,CMBF_503b0a3a965145de,"{""anchor_strength"":0.2,""boundary_enabled"":true,""conflict_enabled"":true,""conflict_pass"":0.0,""directional_enabled"":true,""directional_mix"":0.25,""min_cluster_fraction_of_equal"":0.01,""move_boundary_floor"":0.22,""pairwise_strength"":0.08,""self_return_strength"":0.2,""sweeps"":2,""trust_gate_enabled"":true,""trust_threshold"":0.55,""unary_view1_weight"":0.65}",PASS,,63550718e4605dd40ae0548002784b22b82ef44224647b6bd066af57486d1390,b56c96f9aa3c3463a0fb10094ed18b971aa96c78966e50609a578247ca8d6196,12,445,"[1001,1404,445,1669]",0.28125491738319397,0.28125491738319397,0.4374901354312897,0.28125491738319397,0.7193998694419861,0.6730442047119141,0.026084700017236173,0,0,0.2598809205343803,0.31766669008953635,0.31709474855804876,0.5165712656827888,0.34699199394378405,0.3176666900895363,0.38668786790577,0.2258521009989773,0.832896503228281,4518,1,merged unique formal+refinement candidates,label-assisted family-level benchmark HPO
RNA_PROTEIN,tonsil_s2,CMBF_f42c9da8286a25cd,"{""anchor_strength"":0.2,""boundary_enabled"":true,""conflict_enabled"":true,""conflict_pass"":0.0,""directional_enabled"":true,""directional_mix"":0.0,""min_cluster_fraction_of_equal"":0.01,""move_boundary_floor"":0.12,""pairwise_strength"":0.03,""self_return_strength"":0.08,""sweeps"":2,""trust_gate_enabled"":true,""trust_threshold"":0.7,""unary_view1_weight"":0.65}",PASS,,a5ddc67dcac9fc3ad77ed77c2fa7ff4f724365325f0fa5435004d28864105712,b56c96f9aa3c3463a0fb10094ed18b971aa96c78966e50609a578247ca8d6196,60,461,"[999,1400,461,1659]",0.28181910514831543,0.28181910514831543,0.4363618493080139,0.28181910514831543,0.718549907207489,0.6738391518592834,0.042020699998829514,0,0,0.2564872852235151,0.31416921420572763,0.31359538598673864,0.5136868789817479,0.3437803356667861,0.3141692142057277,0.38472072706018384,0.23016718855411542,0.8286134373202071,4518,1,merged unique formal+refinement candidates,label-assisted family-level benchmark HPO
RNA_PROTEIN,tonsil_s2,CMBF_6c7331cd25ceba09,"{""anchor_strength"":0.02,""boundary_enabled"":true,""conflict_enabled"":true,""conflict_pass"":0.25,""directional_enabled"":true,""directional_mix"":0.25,""min_cluster_fraction_of_equal"":0.01,""move_boundary_floor"":0.05,""pairwise_strength"":0.08,""self_return_strength"":0.2,""sweeps"":1,""trust_gate_enabled"":true,""trust_threshold"":0.55,""unary_view1_weight"":0.5}",PASS,,5b2f13a7eef92a4ee08e7103e56f6071b90d0a66b66f23d0a6f7f68aaee0e64b,b56c96f9aa3c3463a0fb10094ed18b971aa96c78966e50609a578247ca8d6196,54,448,"[1008,1396,448,1667]",0.28125491738319397,0.28125491738319397,0.4374901354312897,0.39062750339508057,0.6100730895996094,0.6730442047119141,0.01735979999648407,0,0,0.25587497643145835,0.3127523912276603,0.31217666289224794,0.5136639402975883,0.3418173356917692,0.3127523912276603,0.38520064664507137,0.22869679261880393,0.8292527008885764,4518,1,merged unique formal+refinement candidates,label-assisted family-level benchmark HPO
RNA_PROTEIN,tonsil_s2,CMBF_5fb57a26473d7456,"{""anchor_strength"":0.2,""boundary_enabled"":true,""conflict_enabled"":true,""conflict_pass"":0.25,""directional_enabled"":true,""directional_mix"":0.25,""min_cluster_fraction_of_equal"":0.01,""move_boundary_floor"":0.12,""pairwise_strength"":0.08,""self_return_strength"":0.2,""sweeps"":1,""trust_gate_enabled"":true,""trust_threshold"":0.55,""unary_view1_weight"":0.5}",PASS,,3d8b837020c7d84cf46c4c8a73ef1ac13bed66948e81be9978e9be6471fd2fa2,b56c96f9aa3c3463a0fb10094ed18b971aa96c78966e50609a578247ca8d6196,17,446,"[1003,1402,446,1668]",0.28125491738319397,0.28125491738319397,0.4374901354312897,0.39062750339508057,0.6100730895996094,0.6730442047119141,0.01572269998723641,0,0,0.2581305909204523,0.31538975206676295,0.31481601024366795,0.5153252678989906,0.3445685599633236,0.3153897520667629,0.3867496778936702,0.2257347674454106,0.8323211660167487,4518,1,merged unique formal+refinement candidates,label-assisted family-level benchmark HPO
RNA_PROTEIN,tonsil_s2,CMBF_d5b6b03ee1610378,"{""anchor_strength"":0.02,""boundary_enabled"":true,""conflict_enabled"":true,""conflict_pass"":0.25,""directional_enabled"":true,""directional_mix"":0.5,""min_cluster_fraction_of_equal"":0.01,""move_boundary_floor"":0.05,""pairwise_strength"":0.16,""self_return_strength"":0.08,""sweeps"":1,""trust_gate_enabled"":true,""trust_threshold"":0.55,""unary_view1_weight"":0.5}",PASS,,e126ff1ded3d57d2a8af16a390a7fa31b57977ae5d3f226dd99ec58bc5356c51,b56c96f9aa3c3463a0fb10094ed18b971aa96c78966e50609a578247ca8d6196,102,464,"[1027,1379,464,1649]",0.2806754410266876,0.28067547082901,0.43864905834198,0.390337735414505,0.6106257438659668,0.672361433506012,0.01761489998898469,0,0,0.2554330950171379,0.31322452760175123,0.31265065716624524,0.5124066434080615,0.3431872508512314,0.3132245276017512,0.38421594376869317,0.23083658176767452,0.8280381001086748,4518,1,merged unique formal+refinement candidates,label-assisted family-level benchmark HPO
RNA_PROTEIN,tonsil_s2,CMBF_7ad6f62d358cbe63,"{""anchor_strength"":0.2,""boundary_enabled"":true,""conflict_enabled"":true,""conflict_pass"":0.0,""directional_enabled"":true,""directional_mix"":0.5,""min_cluster_fraction_of_equal"":0.01,""move_boundary_floor"":0.05,""pairwise_strength"":0.16,""self_return_strength"":0.08,""sweeps"":2,""trust_gate_enabled"":true,""trust_threshold"":0.7,""unary_view1_weight"":0.65}",PASS,,741ba5cdde729aebbb24fbe45712d35243cfaefb58ff9138fddfd406307dd1e0,b56c96f9aa3c3463a0fb10094ed18b971aa96c78966e50609a578247ca8d6196,58,456,"[999,1404,456,1660]",0.2806754410266876,0.28067547082901,0.43864905834198,0.2806754410266876,0.7202486395835876,0.672361433506012,0.05043189998832531,0,0,0.25593332196554786,0.3147929980438749,0.3142193777246285,0.5134927256988205,0.34427928109970707,0.3147929980438749,0.3851244023000439,0.22891746680488448,0.831234417950521,4518,1,merged unique formal+refinement candidates,label-assisted family-level benchmark HPO
RNA_PROTEIN,tonsil_s2,CMBF_f756fa0a1253641c,"{""anchor_strength"":0.02,""boundary_enabled"":true,""conflict_enabled"":true,""conflict_pass"":0.0,""directional_enabled"":true,""directional_mix"":0.25,""min_cluster_fraction_of_equal"":0.01,""move_boundary_floor"":0.05,""pairwise_strength"":0.16,""self_return_strength"":0.08,""sweeps"":2,""trust_gate_enabled"":true,""trust_threshold"":0.7,""unary_view1_weight"":0.65}",PASS,,af09b4507673f54f930cda2aadda2b04cea99713ac7d7be517e515c5bebb57a1,b56c96f9aa3c3463a0fb10094ed18b971aa96c78966e50609a578247ca8d6196,126,468,"[1006,1387,468,1658]",0.28125491738319397,0.28125491738319397,0.4374901354312897,0.28125491738319397,0.7193998694419861,0.6730442047119141,0.052520500001264736,0,0,0.25389144449046036,0.31172919368642193,0.3111538779639601,0.5116006521384796,0.3414314213410842,0.31172919368642193,0.3838085171598385,0.23199855067182262,0.8272709838266317,4518,1,merged unique formal+refinement candidates,label-assisted family-level benchmark HPO
RNA_PROTEIN,tonsil_s2,CMBF_d66f45277f66d31e,"{""anchor_strength"":0.08,""boundary_enabled"":true,""conflict_enabled"":true,""conflict_pass"":0.1,""directional_enabled"":true,""directional_mix"":0.0,""min_cluster_fraction_of_equal"":0.01,""move_boundary_floor"":0.12,""pairwise_strength"":0.08,""self_return_strength"":0.2,""sweeps"":1,""trust_gate_enabled"":true,""trust_threshold"":0.55,""unary_view1_weight"":0.65}",PASS,,44e2d0404034db0a3a0d65613ba3fb35b61c47077a7340c96926007763a12dc2,b56c96f9aa3c3463a0fb10094ed18b971aa96c78966e50609a578247ca8d6196,30,448,"[1004,1401,448,1666]",0.28181910514831543,0.28181910514831543,0.4363618493080139,0.3254552483558655,0.674934983253479,0.6738391518592834,0.05816449999110773,0,0,0.25849783312123115,0.31527000738810707,0.3146963268590487,0.5154704790736433,0.34453252508160376,0.3152700073881071,0.3861498504423814,0.22686223584216722,0.8312983443073579,4518,1,merged unique formal+refinement candidates,label-assisted family-level benchmark HPO
RNA_PROTEIN,tonsil_s2,CMBF_5d15ee6783ed020a,"{""anchor_strength"":0.2,""boundary_enabled"":true,""conflict_enabled"":true,""conflict_pass"":0.0,""directional_enabled"":true,""directional_mix"":0.5,""min_cluster_fraction_of_equal"":0.01,""move_boundary_floor"":0.05,""pairwise_strength"":0.03,""self_return_strength"":0.2,""sweeps"":2,""trust_gate_enabled"":true,""trust_threshold"":0.55,""unary_view1_weight"":0.65}",PASS,,0eca4fb3e2e72ee3733404e8556c937e9687342aedec99a21a49a3eb0c7a79ee,b56c96f9aa3c3463a0fb10094ed18b971aa96c78966e50609a578247ca8d6196,30,446,"[1005,1401,446,1667]",0.2806754410266876,0.28067547082901,0.43864905834198,0.2806754410266876,0.7202486395835876,0.672361433506012,0.03468569999677129,0,0,0.258768450319934,0.3156316383000703,0.315058144338589,0.5157153743843272,0.3448597078813177,0.31563163830007035,0.3853860078173814,0.22842357043420827,0.8307230070958256,4518,1,merged unique formal+refinement candidates,label-assisted family-level benchmark HPO
RNA_PROTEIN,tonsil_s2,CMBF_48610f9ad4bc6af2,"{""anchor_strength"":0.2,""boundary_enabled"":true,""conflict_enabled"":true,""conflict_pass"":0.1,""directional_enabled"":true,""directional_mix"":0.25,""min_cluster_fraction_of_equal"":0.01,""move_boundary_floor"":0.22,""pairwise_strength"":0.32,""self_return_strength"":0.08,""sweeps"":2,""trust_gate_enabled"":true,""trust_threshold"":0.55,""unary_view1_weight"":0.65}",PASS,,b9485e9c513960bec97d3cfe9d59850b403a779a5d4efde9c3665e55131c1e56,b56c96f9aa3c3463a0fb10094ed18b971aa96c78966e50609a578247ca8d6196,24,451,"[996,1408,451,1664]",0.28125491738319397,0.28125491738319397,0.4374901354312897,0.325003981590271,0.6756691932678223,0.6730442047119141,0.09068980001029558,0,0,0.25818912686760714,0.317508789400286,0.3169370437275439,0.5152577269754217,0.34701276389593366,0.317508789400286,0.387395475876254,0.22453305122318656,0.8342389567218564,4518,1,merged unique formal+refinement candidates,label-assisted family-level benchmark HPO
RNA_PROTEIN,tonsil_s2,CMBF_44739cedebc46e5d,"{""anchor_strength"":0.08,""boundary_enabled"":true,""conflict_enabled"":true,""conflict_pass"":0.25,""directional_enabled"":true,""directional_mix"":0.0,""min_cluster_fraction_of_equal"":0.01,""move_boundary_floor"":0.05,""pairwise_strength"":0.32,""self_return_strength"":0.08,""sweeps"":2,""trust_gate_enabled"":true,""trust_threshold"":0.4,""unary_view1_weight"":0.35}",PASS,,e430d8b6220670310bd4c8bc3f68bbe9b3a8c0faa42827d2470c1abf1601e2c3,b56c96f9aa3c3463a0fb10094ed18b971aa96c78966e50609a578247ca8d6196,33,443,"[1004,1398,443,1674]",0.28181910514831543,0.28181910514831543,0.4363618493080139,0.3909095525741577,0.6095125675201416,0.6738391518592834,0.025668100017355755,0,0,0.25457854561403437,0.309413050344543,0.30883407000894614,0.5130901358510722,0.33790800679772526,0.309413050344543,0.38691896603570186,0.2249707736124061,0.8323850923735856,4518,1,merged unique formal+refinement candidates,label-assisted family-level benchmark HPO
RNA_PROTEIN,tonsil_s2,CMBF_e74f89f6154ed3d1,"{""anchor_strength"":0.02,""boundary_enabled"":true,""conflict_enabled"":true,""conflict_pass"":0.0,""directional_enabled"":true,""directional_mix"":0.5,""min_cluster_fraction_of_equal"":0.01,""move_boundary_floor"":0.22,""pairwise_strength"":0.16,""self_return_strength"":0.08,""sweeps"":1,""trust_gate_enabled"":true,""trust_threshold"":0.7,""unary_view1_weight"":0.5}",PASS,,1415f8e53485ed61d55da7f196f2f51c2a4742787f911052c62113f46cbf17e5,b56c96f9aa3c3463a0fb10094ed18b971aa96c78966e50609a578247ca8d6196,44,461,"[999,1405,461,1654]",0.2806754410266876,0.28067547082901,0.43864905834198,0.2806754410266876,0.7202486395835876,0.672361433506012,0.019386400002986193,0,0,0.2570698550302187,0.3168984478308099,0.31632694768307174,0.5140328459037259,0.34679365670164114,0.31689844783080984,0.3859691638683978,0.22745704353510568,0.8317458288052164,4518,1,merged unique formal+refinement candidates,label-assisted family-level benchmark HPO
RNA_PROTEIN,tonsil_s2,CMBF_22e5cfb195d932d4,"{""anchor_strength"":0.02,""boundary_enabled"":true,""conflict_enabled"":true,""conflict_pass"":0.0,""directional_enabled"":true,""directional_mix"":0.0,""min_cluster_fraction_of_equal"":0.01,""move_boundary_floor"":0.22,""pairwise_strength"":0.16,""self_return_strength"":0.2,""sweeps"":2,""trust_gate_enabled"":true,""trust_threshold"":0.4,""unary_view1_weight"":0.65}",PASS,,39ba920093580df9b3ebc35f215175b6d63eef9dd9efa7d607806bb185c36283,b56c96f9aa3c3463a0fb10094ed18b971aa96c78966e50609a578247ca8d6196,17,448,"[997,1406,448,1668]",0.28181910514831543,0.28181910514831543,0.4363618493080139,0.28181910514831543,0.718549907207489,0.6738391518592834,0.02036150000640191,0,0,0.2585937733220029,0.3169869396562909,0.3164145522628818,0.5156540026570823,0.34632173844372505,0.3169869396562909,0.3871886614098588,0.2248467377274579,0.8338553985808349,4518,1,merged unique formal+refinement candidates,label-assisted family-level benchmark HPO
RNA_PROTEIN,tonsil_s2,CMBF_d4975dd3d74ecdbc,"{""anchor_strength"":0.08,""boundary_enabled"":true,""conflict_enabled"":true,""conflict_pass"":0.25,""directional_enabled"":true,""directional_mix"":0.0,""min_cluster_fraction_of_equal"":0.01,""move_boundary_floor"":0.05,""pairwise_strength"":0.08,""self_return_strength"":0.02,""sweeps"":1,""trust_gate_enabled"":true,""trust_threshold"":0.55,""unary_view1_weight"":0.5}",PASS,,11906d3bb52c7de4f187a1036f3feb19751d35f3e8ef0cb76e77b4aa6bdefe80,b56c96f9aa3c3463a0fb10094ed18b971aa96c78966e50609a578247ca8d6196,130,470,"[1035,1374,470,1640]",0.28181910514831543,0.28181910514831543,0.4363618493080139,0.3909095525741577,0.6095125675201416,0.6738391518592834,0.017654399998718873,0,0,0.25404114065163874,0.3115787396882298,0.31100405802624176,0.511087295471402,0.3417123814000141,0.3115787396882298,0.3819703851202744,0.23518223695155374,0.8250974876941763,4518,1,merged unique formal+refinement candidates,label-assisted family-level benchmark HPO
RNA_PROTEIN,tonsil_s2,CMBF_97bfeefd0d099e7a,"{""anchor_strength"":0.08,""boundary_enabled"":true,""conflict_enabled"":true,""conflict_pass"":0.0,""directional_enabled"":true,""directional_mix"":0.0,""min_cluster_fraction_of_equal"":0.01,""move_boundary_floor"":0.12,""pairwise_strength"":0.16,""self_return_strength"":0.08,""sweeps"":1,""trust_gate_enabled"":true,""trust_threshold"":0.4,""unary_view1_weight"":0.5}",PASS,,566ac3658b6b006aea254d85e8294510f9f64e5ecb96035c55f409d433d081e3,b56c96f9aa3c3463a0fb10094ed18b971aa96c78966e50609a578247ca8d6196,41,450,"[1001,1398,450,1670]",0.28181910514831543,0.28181910514831543,0.4363618493080139,0.28181910514831543,0.718549907207489,0.6738391518592834,0.012368600000627339,0,0,0.25699652844109316,0.3147221687449121,0.3141480621219749,0.5144761829901258,0.3439519805257902,0.3147221687449121,0.385964693009238,0.2272133681658592,0.8311704915936841,4518,1,merged unique formal+refinement candidates,label-assisted family-level benchmark HPO
RNA_PROTEIN,tonsil_s2,CMBF_2fce1fbbd4bc10b2,"{""anchor_strength"":0.08,""boundary_enabled"":true,""conflict_enabled"":true,""conflict_pass"":0.0,""directional_enabled"":true,""directional_mix"":0.0,""min_cluster_fraction_of_equal"":0.01,""move_boundary_floor"":0.05,""pairwise_strength"":0.32,""self_return_strength"":0.08,""sweeps"":1,""trust_gate_enabled"":true,""trust_threshold"":0.7,""unary_view1_weight"":0.65}",PASS,,5a3114289c029199b7a15f98ed3f096163f9095bcd1f28133b37458067760939,b56c96f9aa3c3463a0fb10094ed18b971aa96c78966e50609a578247ca8d6196,67,455,"[1002,1402,455,1660]",0.28181910514831543,0.28181910514831543,0.4363618493080139,0.28181910514831543,0.718549907207489,0.6738391518592834,0.026155299972742796,0,0,0.2572857680809834,0.3168832379774112,0.3163113604797698,0.5143918672135127,0.34656171150881393,0.31688323797741114,0.38707602082300935,0.22485397729644555,0.8334079140829764,4518,1,merged unique formal+refinement candidates,label-assisted family-level benchmark HPO
RNA_PROTEIN,tonsil_s2,CMBF_eb31e7b8cf738c32,"{""anchor_strength"":0.08,""boundary_enabled"":true,""conflict_enabled"":true,""conflict_pass"":0.25,""directional_enabled"":true,""directional_mix"":0.5,""min_cluster_fraction_of_equal"":0.01,""move_boundary_floor"":0.05,""pairwise_strength"":0.03,""self_return_strength"":0.2,""sweeps"":1,""trust_gate_enabled"":true,""trust_threshold"":0.7,""unary_view1_weight"":0.65}",PASS,,08be1f437117f9c2c97ccaba41c81ee902f178dde2850ab8406443296b3f7e6e,b56c96f9aa3c3463a0fb10094ed18b971aa96c78966e50609a578247ca8d6196,63,455,"[1002,1395,455,1667]",0.2806754410266876,0.28067547082901,0.43864905834198,0.390337735414505,0.6106257438659668,0.672361433506012,0.026192699995590374,0,0,0.2562357651893834,0.313115478272972,0.3125403811111019,0.5137533140557206,0.3424023579322927,0.313115478272972,0.38406750862031014,0.23108066209958633,0.8284855846065333,4518,1,merged unique formal+refinement candidates,label-assisted family-level benchmark HPO
RNA_PROTEIN,tonsil_s2,CMBF_0937d54b33dd40d1,"{""anchor_strength"":0.08,""boundary_enabled"":true,""conflict_enabled"":true,""conflict_pass"":0.1,""directional_enabled"":true,""directional_mix"":0.5,""min_cluster_fraction_of_equal"":0.01,""move_boundary_floor"":0.22,""pairwise_strength"":0.32,""self_return_strength"":0.08,""sweeps"":1,""trust_gate_enabled"":true,""trust_threshold"":0.55,""unary_view1_weight"":0.35}",PASS,,6b947e9ba2a73f9801f1aace97f76b483de4ce215f59345a7c55ed5c3b84d121,b56c96f9aa3c3463a0fb10094ed18b971aa96c78966e50609a578247ca8d6196,20,451,"[1006,1401,451,1661]",0.2806754410266876,0.28067547082901,0.43864905834198,0.324540376663208,0.6763995289802551,0.672361433506012,0.014160699996864423,0,0,0.25773788692398114,0.3149105381635522,0.31433682483330866,0.5147834847744205,0.3442971889518904,0.31491053816355213,0.38741824031733557,0.22416241367658124,0.8339832512945087,4518,1,merged unique formal+refinement candidates,label-assisted family-level benchmark HPO
RNA_PROTEIN,tonsil_s2,CMBF_833cc7e58f8da466,"{""anchor_strength"":0.2,""boundary_enabled"":true,""conflict_enabled"":true,""conflict_pass"":0.1,""directional_enabled"":true,""directional_mix"":0.0,""min_cluster_fraction_of_equal"":0.01,""move_boundary_floor"":0.22,""pairwise_strength"":0.08,""self_return_strength"":0.2,""sweeps"":1,""trust_gate_enabled"":true,""trust_threshold"":0.4,""unary_view1_weight"":0.65}",PASS,,a3d9a9a7b472dbffc62d971ec5a1b1b1ff4cddffa15fbcef9937bb9741c74827,b56c96f9aa3c3463a0fb10094ed18b971aa96c78966e50609a578247ca8d6196,11,445,"[1000,1404,445,1670]",0.28181910514831543,0.28181910514831543,0.4363618493080139,0.3254552483558655,0.674934983253479,0.6738391518592834,0.011087099992437288,0,0,0.2595914997404543,0.3174058029578939,0.3168336153048523,0.5164009669246858,0.3466905476262205,0.3174058029578939,0.38704619655863787,0.2251330115658034,0.8331522086556287,4518,1,merged unique formal+refinement candidates,label-assisted family-level benchmark HPO
RNA_PROTEIN,tonsil_s2,CMBF_ffa1ad6966b30f6e,"{""anchor_strength"":0.2,""boundary_enabled"":true,""conflict_enabled"":true,""conflict_pass"":0.1,""directional_enabled"":true,""directional_mix"":0.0,""min_cluster_fraction_of_equal"":0.01,""move_boundary_floor"":0.22,""pairwise_strength"":0.16,""self_return_strength"":0.02,""sweeps"":2,""trust_gate_enabled"":true,""trust_threshold"":0.55,""unary_view1_weight"":0.5}",PASS,,f143bcc7aa68c523dd37b6fb6f68cbe87808d926a46b08a906d50d00e1888980,b56c96f9aa3c3463a0fb10094ed18b971aa96c78966e50609a578247ca8d6196,40,461,"[997,1404,461,1657]",0.28181910514831543,0.28181910514831543,0.4363618493080139,0.3254552483558655,0.674934983253479,0.6738391518592834,0.029276000015670434,0,0,0.2556867752741069,0.31549209359931785,0.3149193538329595,0.5131593524000312,0.345216976272282,0.31549209359931785,0.38605038250553575,0.22729219661334943,0.8320015342325641,4518,1,merged unique formal+refinement candidates,label-assisted family-level benchmark HPO
RNA_PROTEIN,tonsil_s2,CMBF_f87089bf274fea25,"{""anchor_strength"":0.08,""boundary_enabled"":true,""conflict_enabled"":true,""conflict_pass"":0.1,""directional_enabled"":true,""directional_mix"":0.25,""min_cluster_fraction_of_equal"":0.01,""move_boundary_floor"":0.22,""pairwise_strength"":0.08,""self_return_strength"":0.08,""sweeps"":2,""trust_gate_enabled"":true,""trust_threshold"":0.4,""unary_view1_weight"":0.5}",PASS,,8763f39099d770c762d060d835dd934a3c213819575d59336e3159e60ff962ff,b56c96f9aa3c3463a0fb10094ed18b971aa96c78966e50609a578247ca8d6196,36,457,"[996,1402,457,1664]",0.28125491738319397,0.28125491738319397,0.4374901354312897,0.325003981590271,0.6756691932678223,0.6730442047119141,0.022121300018625334,0,0,0.25661565277933013,0.3149455708676284,0.3143720482895838,0.5139978169795217,0.34442763897025824,0.3149455708676285,0.386241288295154,0.2268881531683283,0.8314901233778687,4518,1,merged unique formal+refinement candidates,label-assisted family-level benchmark HPO
RNA_PROTEIN,tonsil_s2,CMBF_5c5ea4015651bd35,"{""anchor_strength"":0.08,""boundary_enabled"":true,""conflict_enabled"":true,""conflict_pass"":0.0,""directional_enabled"":true,""directional_mix"":0.5,""min_cluster_fraction_of_equal"":0.01,""move_boundary_floor"":0.05,""pairwise_strength"":0.03,""self_return_strength"":0.08,""sweeps"":1,""trust_gate_enabled"":true,""trust_threshold"":0.7,""unary_view1_weight"":0.65}",PASS,,0b4c13de0df561f4169291dcc93d6f188155e6861a535dbdcdbaaee8b9c8c273,b56c96f9aa3c3463a0fb10094ed18b971aa96c78966e50609a578247ca8d6196,114,475,"[1007,1385,475,1652]",0.2806754410266876,0.28067547082901,0.43864905834198,0.2806754410266876,0.7202486395835876,0.672361433506012,0.027562700008274987,0,0,0.25511474503568793,0.3132021947946274,0.3126285957278255,0.5121227638653912,0.3433283297837762,0.31320219479462746,0.3824156540307622,0.2346397999539775,0.8259285303330564,4518,1,merged unique formal+refinement candidates,label-assisted family-level benchmark HPO
RNA_PROTEIN,tonsil_s2,CMBF_36e81709dcbccbca,"{""anchor_strength"":0.2,""boundary_enabled"":true,""conflict_enabled"":true,""conflict_pass"":0.1,""directional_enabled"":true,""directional_mix"":0.0,""min_cluster_fraction_of_equal"":0.01,""move_boundary_floor"":0.05,""pairwise_strength"":0.08,""self_return_strength"":0.02,""sweeps"":2,""trust_gate_enabled"":true,""trust_threshold"":0.55,""unary_view1_weight"":0.5}",PASS,,04f3a85c337c96115a1af5dc1c19bb7045cedc982d00e8d92c36ddce765eff73,b56c96f9aa3c3463a0fb10094ed18b971aa96c78966e50609a578247ca8d6196,85,461,"[1008,1393,461,1657]",0.28181910514831543,0.28181910514831543,0.4363618493080139,0.3254552483558655,0.674934983253479,0.6738391518592834,0.03597230001469143,0,0,0.2515376541933271,0.3085990711669974,0.3080207617592739,0.5102136754740383,0.3377888263094817,0.3085990711669974,0.38408028500402847,0.2311815145839003,0.8272070574697948,4518,1,merged unique formal+refinement candidates,label-assisted family-level benchmark HPO
RNA_PROTEIN,tonsil_s2,CMBF_c40410d7e5ee0c1d,"{""anchor_strength"":0.08,""boundary_enabled"":true,""conflict_enabled"":true,""conflict_pass"":0.25,""directional_enabled"":true,""directional_mix"":0.0,""min_cluster_fraction_of_equal"":0.01,""move_boundary_floor"":0.22,""pairwise_strength"":0.32,""self_return_strength"":0.2,""sweeps"":1,""trust_gate_enabled"":true,""trust_threshold"":0.4,""unary_view1_weight"":0.65}",PASS,,75c14d88ce04a10b1d9d8e8b2dd3b152e5d76b3b5889ed91fd5fe9c4913c7f35,b56c96f9aa3c3463a0fb10094ed18b971aa96c78966e50609a578247ca8d6196,13,447,"[999,1403,447,1670]",0.28181910514831543,0.28181910514831543,0.4363618493080139,0.3909095525741577,0.6095125675201416,0.6738391518592834,0.011099399998784065,0,0,0.2582215456983802,0.31590602281858354,0.31533268515763613,0.5154284488011399,0.3451149267398978,0.3159060228185835,0.3871939827511052,0.2247995728716052,0.8334079140829764,4518,1,merged unique formal+refinement candidates,label-assisted family-level benchmark HPO
RNA_PROTEIN,tonsil_s2,CMBF_2fec2fe061c26f58,"{""anchor_strength"":0.02,""boundary_enabled"":true,""conflict_enabled"":true,""conflict_pass"":0.1,""directional_enabled"":true,""directional_mix"":0.5,""min_cluster_fraction_of_equal"":0.01,""move_boundary_floor"":0.12,""pairwise_strength"":0.16,""self_return_strength"":0.08,""sweeps"":2,""trust_gate_enabled"":true,""trust_threshold"":0.55,""unary_view1_weight"":0.5}",PASS,,eab71886da915186eb85737a2dd50685e235d267c324a870f609d0a3669a262d,b56c96f9aa3c3463a0fb10094ed18b971aa96c78966e50609a578247ca8d6196,76,461,"[1009,1395,461,1654]",0.2806754410266876,0.28067547082901,0.43864905834198,0.324540376663208,0.6763995289802551,0.672361433506012,0.030869600013829768,0,0,0.256345132587569,0.31493256505895323,0.3143595981741417,0.513404346045037,0.3447482401622423,0.31493256505895323,0.38509072008460166,0.22928406322713782,0.8299558908137825,4518,1,merged unique formal+refinement candidates,label-assisted family-level benchmark HPO
RNA_PROTEIN,tonsil_s2,CMBF_3aaa4a9e7d8d2b21,"{""anchor_strength"":0.08,""boundary_enabled"":true,""conflict_enabled"":true,""conflict_pass"":0.0,""directional_enabled"":true,""directional_mix"":0.5,""min_cluster_fraction_of_equal"":0.01,""move_boundary_floor"":0.12,""pairwise_strength"":0.08,""self_return_strength"":0.2,""sweeps"":1,""trust_gate_enabled"":true,""trust_threshold"":0.4,""unary_view1_weight"":0.65}",PASS,,b9acc5ca4037adf19271912f3601e589295cb8d3a950579ccabca4c2b60f9653,b56c96f9aa3c3463a0fb10094ed18b971aa96c78966e50609a578247ca8d6196,23,446,"[1002,1401,446,1670]",0.2806754410266876,0.28067547082901,0.43864905834198,0.2806754410266876,0.7202486395835876,0.672361433506012,0.011317399999825284,0,0,0.2587456438652325,0.3154473172947152,0.31487358692817524,0.5157711558441277,0.3446095416719926,0.3154473172947152,0.3866594669786957,0.2259302146529311,0.8318736815188902,4518,1,merged unique formal+refinement candidates,label-assisted family-level benchmark HPO
RNA_PROTEIN,tonsil_s2,CMBF_bd9500628e0b125a,"{""anchor_strength"":0.08,""boundary_enabled"":true,""conflict_enabled"":true,""conflict_pass"":0.0,""directional_enabled"":true,""directional_mix"":0.0,""min_cluster_fraction_of_equal"":0.01,""move_boundary_floor"":0.05,""pairwise_strength"":0.08,""self_return_strength"":0.02,""sweeps"":1,""trust_gate_enabled"":true,""trust_threshold"":0.4,""unary_view1_weight"":0.65}",PASS,,7a3bb9ebba4604d819fd1327789ec6a4a66102daaa1184aad5df830d022d9525,b56c96f9aa3c3463a0fb10094ed18b971aa96c78966e50609a578247ca8d6196,94,464,"[1002,1388,464,1665]",0.28181910514831543,0.28181910514831543,0.4363618493080139,0.28181910514831543,0.718549907207489,0.6738391518592834,0.013955100002931431,0,0,0.25485109649762444,0.31244648404821074,0.31187139212421716,0.5125026598990263,0.3419978970018111,0.31244648404821074,0.384087946168486,0.23104180000228416,0.8272709838266317,4518,1,merged unique formal+refinement candidates,label-assisted family-level benchmark HPO
RNA_PROTEIN,tonsil_s2,CMBF_99bfe5df73bd19c1,"{""anchor_strength"":0.08,""boundary_enabled"":true,""conflict_enabled"":true,""conflict_pass"":0.1,""directional_enabled"":true,""directional_mix"":0.25,""min_cluster_fraction_of_equal"":0.01,""move_boundary_floor"":0.22,""pairwise_strength"":0.32,""self_return_strength"":0.2,""sweeps"":2,""trust_gate_enabled"":true,""trust_threshold"":0.7,""unary_view1_weight"":0.65}",PASS,,805a111e40cafe37538176e2dbe2ad2608df6633c1e103da4b5efe70f61e6909,b56c96f9aa3c3463a0fb10094ed18b971aa96c78966e50609a578247ca8d6196,16,448,"[997,1406,448,1668]",0.28125491738319397,0.28125491738319397,0.4374901354312897,0.325003981590271,0.6756691932678223,0.6730442047119141,0.03487839997978881,0,0,0.25829020248657636,0.3160881198092651,0.3155149791752824,0.5154503827875587,0.3453397394619777,0.31608811980926516,0.38756190297516935,0.2241244836010497,0.8341111040081826,4518,1,merged unique formal+refinement candidates,label-assisted family-level benchmark HPO
RNA_PROTEIN,tonsil_s2,CMBF_a8259b5ae27e7eb9,"{""anchor_strength"":0.08,""boundary_enabled"":true,""conflict_enabled"":true,""conflict_pass"":0.1,""directional_enabled"":true,""directional_mix"":0.25,""min_cluster_fraction_of_equal"":0.01,""move_boundary_floor"":0.22,""pairwise_strength"":0.16,""self_return_strength"":0.02,""sweeps"":1,""trust_gate_enabled"":true,""trust_threshold"":0.4,""unary_view1_weight"":0.5}",PASS,,2e85569307d83b53997f6d0763715b2880e87e5a047e17030557757038fcd23c,b56c96f9aa3c3463a0fb10094ed18b971aa96c78966e50609a578247ca8d6196,41,458,"[994,1401,458,1666]",0.28125491738319397,0.28125491738319397,0.4374901354312897,0.325003981590271,0.6756691932678223,0.6730442047119141,0.011165700008859858,0,0,0.2567153662914482,0.31560271764311115,0.3150297510853325,0.5140789825662611,0.3451491530128708,0.3156027176431111,0.3861243836011806,0.22696943318668988,0.8317458288052164,4518,1,merged unique formal+refinement candidates,label-assisted family-level benchmark HPO
RNA_PROTEIN,tonsil_s2,CMBF_118dbed1e432e5d7,"{""anchor_strength"":0.2,""boundary_enabled"":true,""conflict_enabled"":true,""conflict_pass"":0.0,""directional_enabled"":true,""directional_mix"":0.0,""min_cluster_fraction_of_equal"":0.01,""move_boundary_floor"":0.05,""pairwise_strength"":0.16,""self_return_strength"":0.02,""sweeps"":1,""trust_gate_enabled"":true,""trust_threshold"":0.55,""unary_view1_weight"":0.5}",PASS,,7346dd407f03e7d573a79a26075c0e481ff54674d4d39956004be6e9730626bc,b56c96f9aa3c3463a0fb10094ed18b971aa96c78966e50609a578247ca8d6196,59,456,"[1007,1397,456,1659]",0.28181910514831543,0.28181910514831543,0.4363618493080139,0.28181910514831543,0.718549907207489,0.6738391518592834,0.017176000023027882,0,0,0.2539461243030836,0.311652348121388,0.31107625159639246,0.5120344592298228,0.340934030599388,0.3116523481213879,0.3851841387741078,0.22892224064741828,0.8296362590295979,4518,1,merged unique formal+refinement candidates,label-assisted family-level benchmark HPO
RNA_PROTEIN,tonsil_s2,CMBF_3ba43c2ee389abc7,"{""anchor_strength"":0.08,""boundary_enabled"":true,""conflict_enabled"":true,""conflict_pass"":0.1,""directional_enabled"":true,""directional_mix"":0.5,""min_cluster_fraction_of_equal"":0.01,""move_boundary_floor"":0.12,""pairwise_strength"":0.08,""self_return_strength"":0.2,""sweeps"":2,""trust_gate_enabled"":true,""trust_threshold"":0.4,""unary_view1_weight"":0.5}",PASS,,679dc7beb4b1012761d6ac637f626bd96caaf43745e52b7f11a0f9eac7b09738,b56c96f9aa3c3463a0fb10094ed18b971aa96c78966e50609a578247ca8d6196,21,446,"[1000,1405,446,1668]",0.2806754410266876,0.28067547082901,0.43864905834198,0.324540376663208,0.6763995289802551,0.672361433506012,0.022528200002852827,0,0,0.25825187129259386,0.3156624924669367,0.31508892487497053,0.5154495371076089,0.34483420426172634,0.3156624924669366,0.38682526325174815,0.22565496286351439,0.832129386946238,4518,1,merged unique formal+refinement candidates,label-assisted family-level benchmark HPO
RNA_PROTEIN,tonsil_s2,CMBF_faeec5a80a0e4ed4,"{""anchor_strength"":0.08,""boundary_enabled"":true,""conflict_enabled"":true,""conflict_pass"":0.25,""directional_enabled"":true,""directional_mix"":0.25,""min_cluster_fraction_of_equal"":0.01,""move_boundary_floor"":0.05,""pairwise_strength"":0.16,""self_return_strength"":0.2,""sweeps"":2,""trust_gate_enabled"":true,""trust_threshold"":0.55,""unary_view1_weight"":0.5}",PASS,,7c3827d4dda48c10d1a28b463459e8d10a9059b9997ffbabe40d0396863458db,b56c96f9aa3c3463a0fb10094ed18b971aa96c78966e50609a578247ca8d6196,37,442,"[1003,1402,442,1672]",0.28125491738319397,0.28125491738319397,0.4374901354312897,0.39062750339508057,0.6100730895996094,0.6730442047119141,0.033079000015277416,0,0,0.2560179150662322,0.3129187562329037,0.31234265300674113,0.5140839953077831,0.3417008587014445,0.31291875623290366,0.3861233600743433,0.2267682249238976,0.8309787125231733,4518,1,merged unique formal+refinement candidates,label-assisted family-level benchmark HPO
RNA_PROTEIN,tonsil_s2,CMBF_b3350c2365dc2d29,"{""anchor_strength"":0.2,""boundary_enabled"":true,""conflict_enabled"":true,""conflict_pass"":0.1,""directional_enabled"":true,""directional_mix"":0.0,""min_cluster_fraction_of_equal"":0.01,""move_boundary_floor"":0.22,""pairwise_strength"":0.16,""self_return_strength"":0.02,""sweeps"":2,""trust_gate_enabled"":true,""trust_threshold"":0.55,""unary_view1_weight"":0.65}",PASS,,9724d30cdc486fb3a9cd36971693526f72dddc35eeadc3ead84c051728caccc1,b56c96f9aa3c3463a0fb10094ed18b971aa96c78966e50609a578247ca8d6196,47,463,"[996,1402,463,1658]",0.28181910514831543,0.28181910514831543,0.4363618493080139,0.3254552483558655,0.674934983253479,0.6738391518592834,0.02599299998837523,0,0,0.2566414727177486,0.31635034974466403,0.3157784217254267,0.5137573451555781,0.3462109788783168,0.3163503497446641,0.3859257386201932,0.22753709364059146,0.8316179760915425,4518,1,merged unique formal+refinement candidates,label-assisted family-level benchmark HPO
RNA_PROTEIN,tonsil_s2,CMBF_75135cc1c9d99dff,"{""anchor_strength"":0.2,""boundary_enabled"":true,""conflict_enabled"":true,""conflict_pass"":0.1,""directional_enabled"":true,""directional_mix"":0.5,""min_cluster_fraction_of_equal"":0.01,""move_boundary_floor"":0.22,""pairwise_strength"":0.16,""self_return_strength"":0.08,""sweeps"":2,""trust_gate_enabled"":true,""trust_threshold"":0.7,""unary_view1_weight"":0.35}",PASS,,76eb32327a43626c58abdf0d1fc63eb2ef6743a1bb63f7593c7717b8a9f0ec82,b56c96f9aa3c3463a0fb10094ed18b971aa96c78966e50609a578247ca8d6196,19,453,"[1002,1401,453,1663]",0.2806754410266876,0.28067547082901,0.43864905834198,0.324540376663208,0.6763995289802551,0.672361433506012,0.03397620000760071,0,0,0.2556695905832324,0.3131237758490441,0.31254860010280633,0.5134023238557567,0.34236235764484585,0.31312377584904416,0.3867721682363251,0.22562286882719407,0.8330243559419549,4518,1,merged unique formal+refinement candidates,label-assisted family-level benchmark HPO
RNA_PROTEIN,tonsil_s2,CMBF_4ee65e17e4988304,"{""anchor_strength"":0.02,""boundary_enabled"":true,""conflict_enabled"":true,""conflict_pass"":0.25,""directional_enabled"":true,""directional_mix"":0.25,""min_cluster_fraction_of_equal"":0.01,""move_boundary_floor"":0.12,""pairwise_strength"":0.16,""self_return_strength"":0.2,""sweeps"":1,""trust_gate_enabled"":true,""trust_threshold"":0.55,""unary_view1_weight"":0.35}",PASS,,62bdf685d9fb11c5385e4c3e71182b37ee63df49fc79265bb9779b97c8ab0a98,b56c96f9aa3c3463a0fb10094ed18b971aa96c78966e50609a578247ca8d6196,18,446,"[1008,1398,446,1667]",0.28125491738319397,0.28125491738319397,0.4374901354312897,0.39062750339508057,0.6100730895996094,0.6730442047119141,0.01535669999429956,0,0,0.2578313621516199,0.3143797418085125,0.31380525192597974,0.5150447117507723,0.3435233320040877,0.3143797418085125,0.38682242759440094,0.22541984346717164,0.8327686505146071,4518,1,merged unique formal+refinement candidates,label-assisted family-level benchmark HPO
RNA_PROTEIN,tonsil_s2,CMBF_2278ba95f165704e,"{""anchor_strength"":0.08,""boundary_enabled"":true,""conflict_enabled"":true,""conflict_pass"":0.1,""directional_enabled"":true,""directional_mix"":0.0,""min_cluster_fraction_of_equal"":0.01,""move_boundary_floor"":0.12,""pairwise_strength"":0.32,""self_return_strength"":0.02,""sweeps"":2,""trust_gate_enabled"":true,""trust_threshold"":0.4,""unary_view1_weight"":0.5}",PASS,,71d055588029b21842ae9242b99732a6e2bf846479c341ec1cc2c51350f18f86,b56c96f9aa3c3463a0fb10094ed18b971aa96c78966e50609a578247ca8d6196,42,449,"[995,1403,449,1672]",0.28181910514831543,0.28181910514831543,0.4363618493080139,0.3254552483558655,0.674934983253479,0.6738391518592834,0.021946099994238466,0,0,0.2580448727492814,0.31620066321805257,0.31562760519033334,0.5153188789193744,0.34545498690969384,0.3162006632180527,0.3860173341740376,0.2270539159051524,0.8326407978009334,4518,1,merged unique formal+refinement candidates,label-assisted family-level benchmark HPO
RNA_PROTEIN,tonsil_s2,CMBF_56dcd8708d21ae45,"{""anchor_strength"":0.02,""boundary_enabled"":true,""conflict_enabled"":true,""conflict_pass"":0.1,""directional_enabled"":true,""directional_mix"":0.5,""min_cluster_fraction_of_equal"":0.01,""move_boundary_floor"":0.12,""pairwise_strength"":0.08,""self_return_strength"":0.08,""sweeps"":1,""trust_gate_enabled"":true,""trust_threshold"":0.7,""unary_view1_weight"":0.65}",PASS,,f149576c03722217842b0fc8176b6f2ecf8488e1602ada5f1e13c0323b20e648,b56c96f9aa3c3463a0fb10094ed18b971aa96c78966e50609a578247ca8d6196,89,467,"[1003,1391,467,1658]",0.2806754410266876,0.28067547082901,0.43864905834198,0.324540376663208,0.6763995289802551,0.672361433506012,0.022141499997815117,0,0,0.2574344114631652,0.3162633562619777,0.31569171957398307,0.5140585340969469,0.3463316155524186,0.3162633562619776,0.3838920123677644,0.23153263702695137,0.8284855846065333,4518,1,merged unique formal+refinement candidates,label-assisted family-level benchmark HPO
RNA_PROTEIN,tonsil_s2,CMBF_6d28a9e9fb017139,"{""anchor_strength"":0.02,""boundary_enabled"":true,""conflict_enabled"":true,""conflict_pass"":0.0,""directional_enabled"":true,""directional_mix"":0.5,""min_cluster_fraction_of_equal"":0.01,""move_boundary_floor"":0.22,""pairwise_strength"":0.16,""self_return_strength"":0.08,""sweeps"":2,""trust_gate_enabled"":true,""trust_threshold"":0.4,""unary_view1_weight"":0.65}",PASS,,8ada8a5e91790a4e52d40bab8155c7b0d785d748d8d1c53aa1179e27a28f904d,b56c96f9aa3c3463a0fb10094ed18b971aa96c78966e50609a578247ca8d6196,40,457,"[995,1402,457,1665]",0.2806754410266876,0.28067547082901,0.43864905834198,0.2806754410266876,0.7202486395835876,0.672361433506012,0.020776199991814792,0,0,0.25678363460843795,0.31562170990480864,0.31504872582755494,0.5141345555076351,0.34515062421503584,0.31562170990480864,0.3862042063203186,0.22711668731962678,0.8309147861663364,4518,1,merged unique formal+refinement candidates,label-assisted family-level benchmark HPO
RNA_PROTEIN,tonsil_s2,CMBF_7ed38195448cac9e,"{""anchor_strength"":0.02,""boundary_enabled"":true,""conflict_enabled"":true,""conflict_pass"":0.25,""directional_enabled"":true,""directional_mix"":0.5,""min_cluster_fraction_of_equal"":0.01,""move_boundary_floor"":0.12,""pairwise_strength"":0.16,""self_return_strength"":0.2,""sweeps"":2,""trust_gate_enabled"":true,""trust_threshold"":0.4,""unary_view1_weight"":0.5}",PASS,,7a3dc6bf312e30a2c38ec954bd34a30ee9b90813705b609696f2a58ac87eb0a5,b56c96f9aa3c3463a0fb10094ed18b971aa96c78966e50609a578247ca8d6196,29,446,"[998,1405,446,1670]",0.2806754410266876,0.28067547082901,0.43864905834198,0.390337735414505,0.6106257438659668,0.672361433506012,0.022196999983862042,0,0,0.2583959665520612,0.3162284275088825,0.31565527914569275,0.5155939710008635,0.34541953405498604,0.31622842750888247,0.3867303851705876,0.2257492341128056,0.8327047241577703,4518,1,merged unique formal+refinement candidates,label-assisted family-level benchmark HPO
RNA_PROTEIN,tonsil_s2,CMBF_ab7054c57f80c6fe,"{""anchor_strength"":0.2,""boundary_enabled"":true,""conflict_enabled"":true,""conflict_pass"":0.0,""directional_enabled"":true,""directional_mix"":0.0,""min_cluster_fraction_of_equal"":0.01,""move_boundary_floor"":0.05,""pairwise_strength"":0.32,""self_return_strength"":0.02,""sweeps"":2,""trust_gate_enabled"":true,""trust_threshold"":0.55,""unary_view1_weight"":0.5}",PASS,,922d5901df82bb59475b51c5a6a4c54fb9ef0d9267be5073063cf6ad2c130937,b56c96f9aa3c3463a0fb10094ed18b971aa96c78966e50609a578247ca8d6196,57,448,"[1004,1404,448,1663]",0.28181910514831543,0.28181910514831543,0.4363618493080139,0.28181910514831543,0.718549907207489,0.6738391518592834,0.03422209998825565,0,0,0.2560176443178867,0.31459493503280017,0.3140207165792097,0.5137779034478881,0.34381124893116094,0.3145949350328002,0.3859172277193747,0.22716168376053567,0.8319376078757271,4518,1,merged unique formal+refinement candidates,label-assisted family-level benchmark HPO
RNA_PROTEIN,tonsil_s2,CMBF_44b0138b90d0a8a0,"{""anchor_strength"":0.2,""boundary_enabled"":true,""conflict_enabled"":true,""conflict_pass"":0.0,""directional_enabled"":true,""directional_mix"":0.0,""min_cluster_fraction_of_equal"":0.01,""move_boundary_floor"":0.05,""pairwise_strength"":0.16,""self_return_strength"":0.2,""sweeps"":1,""trust_gate_enabled"":true,""trust_threshold"":0.55,""unary_view1_weight"":0.65}",PASS,,e4a4790054359b888ba778f7db908283eb8ff2df055f538f98a961d8a10c432c,b56c96f9aa3c3463a0fb10094ed18b971aa96c78966e50609a578247ca8d6196,21,443,"[1006,1398,443,1672]",0.28181910514831543,0.28181910514831543,0.4363618493080139,0.28181910514831543,0.718549907207489,0.6738391518592834,0.018113300000550225,0,0,0.2574441762762968,0.3142814170557792,0.31370657319345874,0.5149636227651223,0.34325719292390244,0.3142814170557792,0.38691137399316783,0.22528159719718877,0.8323211660167487,4518,1,merged unique formal+refinement candidates,label-assisted family-level benchmark HPO
RNA_PROTEIN,tonsil_s2,CMBF_402dd71831b50491,"{""anchor_strength"":0.02,""boundary_enabled"":true,""conflict_enabled"":true,""conflict_pass"":0.1,""directional_enabled"":true,""directional_mix"":0.5,""min_cluster_fraction_of_equal"":0.01,""move_boundary_floor"":0.22,""pairwise_strength"":0.03,""self_return_strength"":0.08,""sweeps"":1,""trust_gate_enabled"":true,""trust_threshold"":0.4,""unary_view1_weight"":0.65}",PASS,,0a69fe560ab63244efdd90e69a1976eab0c3ddd67e4c0c6300483c24ca261932,b56c96f9aa3c3463a0fb10094ed18b971aa96c78966e50609a578247ca8d6196,50,463,"[995,1398,463,1663]",0.2806754410266876,0.28067547082901,0.43864905834198,0.324540376663208,0.6763995289802551,0.672361433506012,0.010726300009991974,0,0,0.25573288526508653,0.3147034087629251,0.3141300388693953,0.5132079780729536,0.34437039106375306,0.3147034087629251,0.38591979693265305,0.22752471104206898,0.830339448954804,4518,1,merged unique formal+refinement candidates,label-assisted family-level benchmark HPO
RNA_PROTEIN,tonsil_s2,CMBF_468e9337c117e281,"{""anchor_strength"":0.2,""boundary_enabled"":true,""conflict_enabled"":true,""conflict_pass"":0.1,""directional_enabled"":true,""directional_mix"":0.0,""min_cluster_fraction_of_equal"":0.01,""move_boundary_floor"":0.12,""pairwise_strength"":0.16,""self_return_strength"":0.2,""sweeps"":1,""trust_gate_enabled"":true,""trust_threshold"":0.4,""unary_view1_weight"":0.35}",PASS,,a3c1e0216d23b7aae48a2ff1a746546b7b48e727dd08f6b02603427b560ffaa0,b56c96f9aa3c3463a0fb10094ed18b971aa96c78966e50609a578247ca8d6196,7,444,"[1005,1399,444,1671]",0.28181910514831543,0.28181910514831543,0.4363618493080139,0.3254552483558655,0.674934983253479,0.6738391518592834,0.011243300017667934,0,0,0.25733449360296046,0.3129811052997437,0.3124052263401588,0.5148601824218194,0.3418686481957414,0.3129811052997437,0.38733405417433425,0.2243424906904092,0.8334718404398134,4518,1,merged unique formal+refinement candidates,label-assisted family-level benchmark HPO
RNA_PROTEIN,tonsil_s2,CMBF_9616cb92b706249e,"{""anchor_strength"":0.02,""boundary_enabled"":true,""conflict_enabled"":true,""conflict_pass"":0.0,""directional_enabled"":true,""directional_mix"":0.5,""min_cluster_fraction_of_equal"":0.01,""move_boundary_floor"":0.22,""pairwise_strength"":0.03,""self_return_strength"":0.2,""sweeps"":1,""trust_gate_enabled"":true,""trust_threshold"":0.7,""unary_view1_weight"":0.35}",PASS,,eaff923c44dfecfcf1f1cdfcb0d97f5bd8c7d3e1cb11216d750724c9b6d6ddad,b56c96f9aa3c3463a0fb10094ed18b971aa96c78966e50609a578247ca8d6196,16,450,"[1004,1400,450,1665]",0.2806754410266876,0.28067547082901,0.43864905834198,0.2806754410266876,0.7202486395835876,0.672361433506012,0.018402400019112974,0,0,0.25669813095520244,0.3141204916059807,0.31354598193006905,0.5141852552284624,0.3433542592778229,0.3141204916059807,0.38649735213476355,0.2263697009460139,0.8318736815188902,4518,1,merged unique formal+refinement candidates,label-assisted family-level benchmark HPO
RNA_PROTEIN,tonsil_s2,CMBF_5c176e1faab66fbd,"{""anchor_strength"":0.08,""boundary_enabled"":true,""conflict_enabled"":true,""conflict_pass"":0.25,""directional_enabled"":true,""directional_mix"":0.25,""min_cluster_fraction_of_equal"":0.01,""move_boundary_floor"":0.12,""pairwise_strength"":0.03,""self_return_strength"":0.2,""sweeps"":2,""trust_gate_enabled"":true,""trust_threshold"":0.7,""unary_view1_weight"":0.65}",PASS,,142bd0831aba5f216f997ffb7c50ce91165f28ba3f45ac959fa510ad59ace157,b56c96f9aa3c3463a0fb10094ed18b971aa96c78966e50609a578247ca8d6196,47,453,"[1002,1397,453,1667]",0.28125491738319397,0.28125491738319397,0.4374901354312897,0.39062750339508057,0.6100730895996094,0.6730442047119141,0.04263189999619499,0,0,0.25679453977963923,0.313700031460847,0.3131253007572571,0.5141958656573905,0.3429701889621014,0.313700031460847,0.385131103603788,0.229080278622836,0.8297001853864349,4518,1,merged unique formal+refinement candidates,label-assisted family-level benchmark HPO
RNA_PROTEIN,tonsil_s2,CMBF_55b524e6f44a0c67,"{""anchor_strength"":0.08,""boundary_enabled"":true,""conflict_enabled"":true,""conflict_pass"":0.25,""directional_enabled"":true,""directional_mix"":0.25,""min_cluster_fraction_of_equal"":0.01,""move_boundary_floor"":0.22,""pairwise_strength"":0.03,""self_return_strength"":0.02,""sweeps"":1,""trust_gate_enabled"":true,""trust_threshold"":0.4,""unary_view1_weight"":0.35}",PASS,,a2209f03a8dc81e92108b42ee0f6fa8899ffe62eda64b507042919394c68d440,b56c96f9aa3c3463a0fb10094ed18b971aa96c78966e50609a578247ca8d6196,51,464,"[996,1398,464,1661]",0.28125491738319397,0.28125491738319397,0.4374901354312897,0.39062750339508057,0.6100730895996094,0.6730442047119141,0.01075929999933578,0,0,0.25576890969421856,0.31428468942704035,0.31371106620764183,0.5131653364503231,0.3439692140374117,0.3142846894270403,0.3859061402872641,0.22760766747743663,0.8302115962411302,4518,1,merged unique formal+refinement candidates,label-assisted family-level benchmark HPO
RNA_PROTEIN,tonsil_s2,CMBF_94b6087160965589,"{""anchor_strength"":0.08,""boundary_enabled"":true,""conflict_enabled"":true,""conflict_pass"":0.0,""directional_enabled"":true,""directional_mix"":0.25,""min_cluster_fraction_of_equal"":0.01,""move_boundary_floor"":0.12,""pairwise_strength"":0.16,""self_return_strength"":0.02,""sweeps"":2,""trust_gate_enabled"":true,""trust_threshold"":0.4,""unary_view1_weight"":0.35}",PASS,,eb1ea2d80114044f419692445e4d79005e3f5ed6b4cd1654f74a27c1a7375473,b56c96f9aa3c3463a0fb10094ed18b971aa96c78966e50609a578247ca8d6196,56,458,"[996,1403,458,1662]",0.28125491738319397,0.28125491738319397,0.4374901354312897,0.28125491738319397,0.7193998694419861,0.6730442047119141,0.022365199984051287,0,0,0.25569834140322606,0.3138724298085935,0.3132980883890057,0.5133292006735672,0.34330055027638584,0.3138724298085934,0.3854137036153889,0.22845301417303435,0.8304673016684779,4518,1,merged unique formal+refinement candidates,label-assisted family-level benchmark HPO
RNA_PROTEIN,tonsil_s2,CMBF_558cc321f4ba02b8,"{""anchor_strength"":0.2,""boundary_enabled"":true,""conflict_enabled"":true,""conflict_pass"":0.0,""directional_enabled"":true,""directional_mix"":0.5,""min_cluster_fraction_of_equal"":0.01,""move_boundary_floor"":0.22,""pairwise_strength"":0.08,""self_return_strength"":0.08,""sweeps"":1,""trust_gate_enabled"":true,""trust_threshold"":0.55,""unary_view1_weight"":0.35}",PASS,,8b96a395475ca6593f5ca4bea54569f45d24460417fb3eae3f8610ecd1c60bc4,b56c96f9aa3c3463a0fb10094ed18b971aa96c78966e50609a578247ca8d6196,20,453,"[1003,1401,453,1662]",0.2806754410266876,0.28067547082901,0.43864905834198,0.2806754410266876,0.7202486395835876,0.672361433506012,0.014066699979593977,0,0,0.2559569575139534,0.3133833362957164,0.3128084051139731,0.5135716134954177,0.34266222483499836,0.3133833362957164,0.3864026152010506,0.22654623539840593,0.832129386946238,4518,1,merged unique formal+refinement candidates,label-assisted family-level benchmark HPO
RNA_PROTEIN,tonsil_s2,CMBF_2a3e5c59c7e6860d,"{""anchor_strength"":0.02,""boundary_enabled"":true,""conflict_enabled"":true,""conflict_pass"":0.1,""directional_enabled"":true,""directional_mix"":0.0,""min_cluster_fraction_of_equal"":0.01,""move_boundary_floor"":0.22,""pairwise_strength"":0.16,""self_return_strength"":0.02,""sweeps"":1,""trust_gate_enabled"":true,""trust_threshold"":0.55,""unary_view1_weight"":0.65}",PASS,,dbdf187dc817f7c5d49c14859fdcb98d5f5f673857e7e423905ac61608ec31ed,b56c96f9aa3c3463a0fb10094ed18b971aa96c78966e50609a578247ca8d6196,72,471,"[1002,1401,471,1645]",0.28181910514831543,0.28181910514831543,0.4363618493080139,0.3254552483558655,0.674934983253479,0.6738391518592834,0.014458199992077425,0,0,0.25639124870199204,0.31703358981936935,0.3164629326453423,0.5131191117179941,0.3473751152014253,0.31703358981936935,0.38525847580517436,0.22893159869067145,0.8306590807389886,4518,1,merged unique formal+refinement candidates,label-assisted family-level benchmark HPO
RNA_PROTEIN,tonsil_s2,CMBF_d9a4af35695081ab,"{""anchor_strength"":0.08,""boundary_enabled"":true,""conflict_enabled"":true,""conflict_pass"":0.1,""directional_enabled"":true,""directional_mix"":0.25,""min_cluster_fraction_of_equal"":0.01,""move_boundary_floor"":0.12,""pairwise_strength"":0.08,""self_return_strength"":0.02,""sweeps"":2,""trust_gate_enabled"":true,""trust_threshold"":0.55,""unary_view1_weight"":0.35}",PASS,,c4c70676a88463522b2ef35a21de2f6d723c1ed4ae111a3fc35467afd5d68817,b56c96f9aa3c3463a0fb10094ed18b971aa96c78966e50609a578247ca8d6196,98,469,"[1024,1387,469,1639]",0.28125491738319397,0.28125491738319397,0.4374901354312897,0.325003981590271,0.6756691932678223,0.6730442047119141,0.0294436999829486,0,0,0.25289222967342634,0.31098642970916757,0.3104110309555278,0.5104746600986699,0.34093276431438096,0.3109864297091675,0.3825739527830519,0.23413965963234867,0.827079204756121,4518,1,merged unique formal+refinement candidates,label-assisted family-level benchmark HPO
RNA_PROTEIN,tonsil_s3,CMBF_aee14a9246feae9c,"{""anchor_strength"":0.0,""boundary_enabled"":true,""conflict_enabled"":true,""conflict_pass"":0.0,""directional_enabled"":true,""directional_mix"":0.0,""min_cluster_fraction_of_equal"":0.01,""move_boundary_floor"":0.1,""pairwise_strength"":0.0,""self_return_strength"":0.0,""sweeps"":0,""trust_gate_enabled"":true,""trust_threshold"":0.55,""unary_view1_weight"":0.5}",PASS,,0003aaac74f65273cf1b21b9f52070eb6f8ad11328b2b0f96d815c3e9ce83f43,0003aaac74f65273cf1b21b9f52070eb6f8ad11328b2b0f96d815c3e9ce83f43,0,294,"[2470,573,1184,294]",0.2826955020427704,0.2826955020427704,0.4346090257167816,0.2826955020427704,0.714509904384613,0.6376751065254211,0.040069100010441616,0,0,0.350644182009914,0.3097714630576775,0.30912902465600894,0.6146168233278212,0.3152708757168304,0.30977146305767744,0.32517089619736017,0.3484934881972105,0.7930912687199774,4460,1,merged unique formal+refinement candidates,label-assisted family-level benchmark HPO
RNA_PROTEIN,tonsil_s3,CMBF_829e747294553ae8,"{""anchor_strength"":0.2,""boundary_enabled"":true,""conflict_enabled"":true,""conflict_pass"":0.0,""directional_enabled"":true,""directional_mix"":0.0,""min_cluster_fraction_of_equal"":0.01,""move_boundary_floor"":0.1,""pairwise_strength"":0.03,""self_return_strength"":0.02,""sweeps"":1,""trust_gate_enabled"":true,""trust_threshold"":0.7,""unary_view1_weight"":0.5}",PASS,,4d006624be20e28174b2041e37f225d4accc8e70564ba478f00994e87df63f87,0003aaac74f65273cf1b21b9f52070eb6f8ad11328b2b0f96d815c3e9ce83f43,76,301,"[2414,628,1178,301]",0.2826955020427704,0.2826955020427704,0.4346090257167816,0.2826955020427704,0.714509904384613,0.6376751065254211,0.024180900014471263,0,0,0.341711638138551,0.3072132969535085,0.30657469521647507,0.6056548653201951,0.31565975505609795,0.3072132969535085,0.3279106603385919,0.3423904017967316,0.7974710370161062,4460,1,merged unique formal+refinement candidates,label-assisted family-level benchmark HPO
RNA_PROTEIN,tonsil_s3,CMBF_d8bce54e951b68d1,"{""anchor_strength"":0.08,""boundary_enabled"":true,""conflict_enabled"":true,""conflict_pass"":0.0,""directional_enabled"":true,""directional_mix"":0.0,""min_cluster_fraction_of_equal"":0.01,""move_boundary_floor"":0.1,""pairwise_strength"":0.08,""self_return_strength"":0.08,""sweeps"":1,""trust_gate_enabled"":true,""trust_threshold"":0.55,""unary_view1_weight"":0.5}",PASS,,445f41cdd0b2edbbfe0939883bf4a8ad1530d612141d85cd0af81646ed6c2eca,0003aaac74f65273cf1b21b9f52070eb6f8ad11328b2b0f96d815c3e9ce83f43,51,298,"[2441,606,1176,298]",0.2826955020427704,0.2826955020427704,0.4346090257167816,0.2826955020427704,0.714509904384613,0.6376751065254211,0.016104400012409315,0,0,0.34474427132625085,0.30751999319708245,0.30687901995211514,0.6090973407904474,0.3146871064441243,0.3075199931970825,0.3280893673718511,0.34204308680099804,0.7985306583780729,4460,1,merged unique formal+refinement candidates,label-assisted family-level benchmark HPO
RNA_PROTEIN,tonsil_s3,CMBF_3bb348efbe255f2e,"{""anchor_strength"":0.08,""boundary_enabled"":true,""conflict_enabled"":true,""conflict_pass"":0.0,""directional_enabled"":true,""directional_mix"":0.25,""min_cluster_fraction_of_equal"":0.01,""move_boundary_floor"":0.1,""pairwise_strength"":0.16,""self_return_strength"":0.2,""sweeps"":2,""trust_gate_enabled"":true,""trust_threshold"":0.55,""unary_view1_weight"":0.5}",PASS,,a27f3c24684045551cc410fdc5b4fee805e38193c6b2c9dbce65f810eeae4c63,0003aaac74f65273cf1b21b9f52070eb6f8ad11328b2b0f96d815c3e9ce83f43,13,294,"[2468,577,1182,294]",0.2809721827507019,0.2809722125530243,0.4380555748939514,0.2809721827507019,0.716349720954895,0.6363896727561951,0.08721300002071075,0,0,0.35027157947982795,0.310558661986967,0.3099172766117958,0.6142266130423376,0.3162272282952017,0.3105586619869671,0.3265686519160043,0.34550677006821856,0.7956343599886974,4460,1,merged unique formal+refinement candidates,label-assisted family-level benchmark HPO
RNA_PROTEIN,tonsil_s3,CMBF_bd42a3d8f5f49c11,"{""anchor_strength"":0.02,""boundary_enabled"":true,""conflict_enabled"":true,""conflict_pass"":0.1,""directional_enabled"":true,""directional_mix"":0.5,""min_cluster_fraction_of_equal"":0.01,""move_boundary_floor"":0.1,""pairwise_strength"":0.32,""self_return_strength"":0.2,""sweeps"":2,""trust_gate_enabled"":true,""trust_threshold"":0.4,""unary_view1_weight"":0.5}",PASS,,8b7284fa6ecf3037c9c89ccee8bb678506f3fdfd151bd4f6c6948212e3649c68,0003aaac74f65273cf1b21b9f52070eb6f8ad11328b2b0f96d815c3e9ce83f43,23,297,"[2461,582,1181,297]",0.2792072892189026,0.2792072892189026,0.44158539175987244,0.32336583733558655,0.6740323305130005,0.6352440714836121,0.07933929999126121,0,0,0.3483816776665705,0.30891024987553106,0.3082682357802323,0.6126197023476805,0.3149815900833387,0.30891024987553106,0.32760614606764665,0.3431891133370025,0.7969765470471885,4460,1,merged unique formal+refinement candidates,label-assisted family-level benchmark HPO
RNA_PROTEIN,tonsil_s3,CMBF_7000b3f8ef0b5b9c,"{""anchor_strength"":0.08,""boundary_enabled"":true,""conflict_enabled"":true,""conflict_pass"":0.25,""directional_enabled"":true,""directional_mix"":0.5,""min_cluster_fraction_of_equal"":0.01,""move_boundary_floor"":0.05,""pairwise_strength"":0.32,""self_return_strength"":0.02,""sweeps"":2,""trust_gate_enabled"":true,""trust_threshold"":0.7,""unary_view1_weight"":0.35}",PASS,,d74b4a4c4a849ca2da7518d42771d683ce96354ce1a5c53bfaaa10008edd703e,0003aaac74f65273cf1b21b9f52070eb6f8ad11328b2b0f96d815c3e9ce83f43,139,299,"[2390,637,1195,299]",0.2792072892189026,0.2792072892189026,0.44158539175987244,0.3896036744117737,0.6077134609222412,0.6352440714836121,0.10973279998870566,0,0,0.3287561483253233,0.2961786230974899,0.295531221715474,0.5967777650256798,0.304963875722685,0.2961786230974899,0.3387532091151818,0.3203404952794423,0.8099039276631816,4460,1,merged unique formal+refinement candidates,label-assisted family-level benchmark HPO
RNA_PROTEIN,tonsil_s3,CMBF_508c221034beb345,"{""anchor_strength"":0.02,""boundary_enabled"":true,""conflict_enabled"":true,""conflict_pass"":0.25,""directional_enabled"":true,""directional_mix"":0.0,""min_cluster_fraction_of_equal"":0.01,""move_boundary_floor"":0.05,""pairwise_strength"":0.03,""self_return_strength"":0.08,""sweeps"":2,""trust_gate_enabled"":true,""trust_threshold"":0.4,""unary_view1_weight"":0.65}",PASS,,99132bf5499e15f1cf3daa5c09f618490818ea2e96201dc6b38ff3d3fdf9cd7e,0003aaac74f65273cf1b21b9f52070eb6f8ad11328b2b0f96d815c3e9ce83f43,98,303,"[2405,637,1176,303]",0.2826955020427704,0.2826955020427704,0.4346090257167816,0.3913477659225464,0.6057239770889282,0.6376751065254211,0.061792499996954575,0,0,0.3395148907847565,0.3067893620714614,0.30615140321626794,0.6037389907520628,0.3157254324176024,0.3067893620714614,0.32819372168144684,0.34197915738617574,0.7961288499576151,4460,1,merged unique formal+refinement candidates,label-assisted family-level benchmark HPO
RNA_PROTEIN,tonsil_s3,CMBF_4ad54dd1a03673b1,"{""anchor_strength"":0.2,""boundary_enabled"":true,""conflict_enabled"":true,""conflict_pass"":0.25,""directional_enabled"":true,""directional_mix"":0.25,""min_cluster_fraction_of_equal"":0.01,""move_boundary_floor"":0.05,""pairwise_strength"":0.16,""self_return_strength"":0.02,""sweeps"":2,""trust_gate_enabled"":true,""trust_threshold"":0.4,""unary_view1_weight"":0.65}",PASS,,c9cf73d6082a2f1f047cc0043c9d10e7a3d60e78ac8ae409135a6af2fcb5b038,0003aaac74f65273cf1b21b9f52070eb6f8ad11328b2b0f96d815c3e9ce83f43,75,301,"[2422,620,1178,301]",0.2809721827507019,0.2809722125530243,0.4380555748939514,0.39048612117767334,0.606700599193573,0.6363896727561951,0.07915979999233969,0,0,0.34364267141808447,0.30781914768781504,0.3071803393871296,0.6072954343661983,0.31590833224553383,0.3078191476878151,0.3293697388210347,0.33953419861484174,0.7993783554676462,4460,1,merged unique formal+refinement candidates,label-assisted family-level benchmark HPO
RNA_PROTEIN,tonsil_s3,CMBF_2ce21274a74e09fa,"{""anchor_strength"":0.02,""boundary_enabled"":true,""conflict_enabled"":true,""conflict_pass"":0.25,""directional_enabled"":true,""directional_mix"":0.25,""min_cluster_fraction_of_equal"":0.01,""move_boundary_floor"":0.22,""pairwise_strength"":0.32,""self_return_strength"":0.08,""sweeps"":2,""trust_gate_enabled"":true,""trust_threshold"":0.4,""unary_view1_weight"":0.65}",PASS,,cf44235eb77518efe588be665e0840b83a9e1754c38dcb8b55eefe3fd3fa8fb4,0003aaac74f65273cf1b21b9f52070eb6f8ad11328b2b0f96d815c3e9ce83f43,43,297,"[2441,601,1182,297]",0.2809721827507019,0.2809722125530243,0.4380555748939514,0.39048612117767334,0.606700599193573,0.6363896727561951,0.021821900008944795,0,0,0.34710864314398565,0.3090009096665912,0.3083609560286256,0.6106411089442643,0.3160338488974326,0.3090009096665912,0.32900629107700247,0.34042349731117494,0.7978948855608929,4460,1,merged unique formal+refinement candidates,label-assisted family-level benchmark HPO
RNA_PROTEIN,tonsil_s3,CMBF_b23bccaed0bfdca6,"{""anchor_strength"":0.02,""boundary_enabled"":true,""conflict_enabled"":true,""conflict_pass"":0.1,""directional_enabled"":true,""directional_mix"":0.5,""min_cluster_fraction_of_equal"":0.01,""move_boundary_floor"":0.05,""pairwise_strength"":0.03,""self_return_strength"":0.08,""sweeps"":1,""trust_gate_enabled"":true,""trust_threshold"":0.55,""unary_view1_weight"":0.35}",PASS,,7e7b38bfa867539c7c49cd95b6edb4decb157e2f64cf7284e7688398a43cc4d1,0003aaac74f65273cf1b21b9f52070eb6f8ad11328b2b0f96d815c3e9ce83f43,84,296,"[2416,633,1176,296]",0.2792072892189026,0.2792072892189026,0.44158539175987244,0.32336583733558655,0.6740323305130005,0.6352440714836121,0.017784600000595674,0,0,0.3375827726628858,0.30644259726462264,0.3058029607390404,0.6033016326434382,0.3147168523493143,0.3064425972646226,0.3271145752583293,0.3439724282127782,0.7959169256852218,4460,1,merged unique formal+refinement candidates,label-assisted family-level benchmark HPO
RNA_PROTEIN,tonsil_s3,CMBF_9afb19e777ac6d08,"{""anchor_strength"":0.2,""boundary_enabled"":true,""conflict_enabled"":true,""conflict_pass"":0.25,""directional_enabled"":true,""directional_mix"":0.0,""min_cluster_fraction_of_equal"":0.01,""move_boundary_floor"":0.22,""pairwise_strength"":0.08,""self_return_strength"":0.08,""sweeps"":1,""trust_gate_enabled"":true,""trust_threshold"":0.55,""unary_view1_weight"":0.35}",PASS,,5c8081ec74cfdf336abd9b2bfde6834dfb4fac52d2a3927c58a7e1bfc90dbcd4,0003aaac74f65273cf1b21b9f52070eb6f8ad11328b2b0f96d815c3e9ce83f43,18,296,"[2460,584,1181,296]",0.2826955020427704,0.2826955020427704,0.4346090257167816,0.3913477659225464,0.6057239770889282,0.6376751065254211,0.014642900001490489,0,0,0.34923610611752964,0.31104778507578573,0.3104078186022175,0.6130732964005531,0.31719270270065575,0.31104778507578573,0.3269446697021864,0.34469074440872766,0.7956343599886974,4460,1,merged unique formal+refinement candidates,label-assisted family-level benchmark HPO
RNA_PROTEIN,tonsil_s3,CMBF_4dd6bea78d813ccc,"{""anchor_strength"":0.02,""boundary_enabled"":true,""conflict_enabled"":true,""conflict_pass"":0.0,""directional_enabled"":true,""directional_mix"":0.5,""min_cluster_fraction_of_equal"":0.01,""move_boundary_floor"":0.05,""pairwise_strength"":0.32,""self_return_strength"":0.08,""sweeps"":2,""trust_gate_enabled"":true,""trust_threshold"":0.7,""unary_view1_weight"":0.35}",PASS,,c6c188b7b98309408a7283ebdeefb69825bee346335e7a0caa3592683b8ccecf,0003aaac74f65273cf1b21b9f52070eb6f8ad11328b2b0f96d815c3e9ce83f43,104,296,"[2419,612,1194,296]",0.2792072892189026,0.2792072892189026,0.44158539175987244,0.2792072892189026,0.7182449698448181,0.6352440714836121,0.10434479999821633,0,0,0.3341804375878837,0.2995866951273679,0.29893954947380275,0.6018100382483146,0.30712214139222943,0.29958669512736785,0.33597999769856046,0.32639463467378393,0.8057360836394462,4460,1,merged unique formal+refinement candidates,label-assisted family-level benchmark HPO
RNA_PROTEIN,tonsil_s3,CMBF_eefe4260f00a3887,"{""anchor_strength"":0.02,""boundary_enabled"":true,""conflict_enabled"":true,""conflict_pass"":0.25,""directional_enabled"":true,""directional_mix"":0.25,""min_cluster_fraction_of_equal"":0.01,""move_boundary_floor"":0.22,""pairwise_strength"":0.16,""self_return_strength"":0.08,""sweeps"":2,""trust_gate_enabled"":true,""trust_threshold"":0.4,""unary_view1_weight"":0.35}",PASS,,64c215c8b160b5ce12b40caa80673f243236bebd98728d72912e7c8209508dff,0003aaac74f65273cf1b21b9f52070eb6f8ad11328b2b0f96d815c3e9ce83f43,30,295,"[2452,592,1182,295]",0.2809721827507019,0.2809722125530243,0.4380555748939514,0.39048612117767334,0.606700599193573,0.6363896727561951,0.019572299992432818,0,0,0.3484078847744027,0.31028282468903845,0.30964286850262174,0.6121107651393994,0.31676567789650495,0.3102828246890384,0.3275987336343433,0.3431043099495888,0.7970471884713196,4460,1,merged unique formal+refinement candidates,label-assisted family-level benchmark HPO
RNA_PROTEIN,tonsil_s3,CMBF_92e84d882864a745,"{""anchor_strength"":0.08,""boundary_enabled"":true,""conflict_enabled"":true,""conflict_pass"":0.25,""directional_enabled"":true,""directional_mix"":0.0,""min_cluster_fraction_of_equal"":0.01,""move_boundary_floor"":0.05,""pairwise_strength"":0.32,""self_return_strength"":0.02,""sweeps"":1,""trust_gate_enabled"":true,""trust_threshold"":0.4,""unary_view1_weight"":0.65}",PASS,,2a4cd4472610d99c4f2ce9ee53a9eaf154d731473177c5db1e1cfb49103f26c3,0003aaac74f65273cf1b21b9f52070eb6f8ad11328b2b0f96d815c3e9ce83f43,75,300,"[2427,618,1176,300]",0.2826955020427704,0.2826955020427704,0.4346090257167816,0.3913477659225464,0.6057239770889282,0.6376751065254211,0.013241500011645257,0,0,0.3442836685922534,0.3083210875805337,0.3076823140078828,0.6079507569288939,0.3162149330417149,0.3083210875805337,0.3293844560607212,0.33962237449081006,0.7991664311952529,4460,1,merged unique formal+refinement candidates,label-assisted family-level benchmark HPO
RNA_PROTEIN,tonsil_s3,CMBF_503b0a3a965145de,"{""anchor_strength"":0.2,""boundary_enabled"":true,""conflict_enabled"":true,""conflict_pass"":0.0,""directional_enabled"":true,""directional_mix"":0.25,""min_cluster_fraction_of_equal"":0.01,""move_boundary_floor"":0.22,""pairwise_strength"":0.08,""self_return_strength"":0.2,""sweeps"":2,""trust_gate_enabled"":true,""trust_threshold"":0.55,""unary_view1_weight"":0.65}",PASS,,451edb11279118086fe228224568870f1798c44e303e4426a17b05ba52fc8ba3,0003aaac74f65273cf1b21b9f52070eb6f8ad11328b2b0f96d815c3e9ce83f43,5,295,"[2469,575,1182,295]",0.2809721827507019,0.2809722125530243,0.4380555748939514,0.2809721827507019,0.716349720954895,0.6363896727561951,0.025250500009860843,0,0,0.35138416161162156,0.31062520078052247,0.3099838136537856,0.614943602438816,0.3162627009416119,0.31062520078052247,0.32612564283327716,0.3465718157752748,0.7940096072336819,4460,1,merged unique formal+refinement candidates,label-assisted family-level benchmark HPO
RNA_PROTEIN,tonsil_s3,CMBF_f42c9da8286a25cd,"{""anchor_strength"":0.2,""boundary_enabled"":true,""conflict_enabled"":true,""conflict_pass"":0.0,""directional_enabled"":true,""directional_mix"":0.0,""min_cluster_fraction_of_equal"":0.01,""move_boundary_floor"":0.12,""pairwise_strength"":0.03,""self_return_strength"":0.08,""sweeps"":2,""trust_gate_enabled"":true,""trust_threshold"":0.7,""unary_view1_weight"":0.65}",PASS,,667eca3d24df409a7e9deeb3aa792a4c488b68fbdbcc5d122605e0e120f256e3,0003aaac74f65273cf1b21b9f52070eb6f8ad11328b2b0f96d815c3e9ce83f43,45,299,"[2441,603,1178,299]",0.2826955020427704,0.2826955020427704,0.4346090257167816,0.2826955020427704,0.714509904384613,0.6376751065254211,0.04007479999563657,0,0,0.34674741976185497,0.30899468104849326,0.30835501367932067,0.6103272156530055,0.31616636016801364,0.30899468104849326,0.3267927767390426,0.34477149447594546,0.7957756428369596,4460,1,merged unique formal+refinement candidates,label-assisted family-level benchmark HPO
RNA_PROTEIN,tonsil_s3,CMBF_6c7331cd25ceba09,"{""anchor_strength"":0.02,""boundary_enabled"":true,""conflict_enabled"":true,""conflict_pass"":0.25,""directional_enabled"":true,""directional_mix"":0.25,""min_cluster_fraction_of_equal"":0.01,""move_boundary_floor"":0.05,""pairwise_strength"":0.08,""self_return_strength"":0.2,""sweeps"":1,""trust_gate_enabled"":true,""trust_threshold"":0.55,""unary_view1_weight"":0.5}",PASS,,50ed92623fb8fcfe86e2476efec9e4d5f974e737ef5b976343fe71c863e2084e,0003aaac74f65273cf1b21b9f52070eb6f8ad11328b2b0f96d815c3e9ce83f43,24,296,"[2459,586,1180,296]",0.2809721827507019,0.2809722125530243,0.4380555748939514,0.39048612117767334,0.606700599193573,0.6363896727561951,0.017901099985465407,0,0,0.34903838109826657,0.31114529360016996,0.31050557412028873,0.6128721112700493,0.31736843189048847,0.31114529360016996,0.3266043222733566,0.34534435403528624,0.7954930771404352,4460,1,merged unique formal+refinement candidates,label-assisted family-level benchmark HPO
RNA_PROTEIN,tonsil_s3,CMBF_5fb57a26473d7456,"{""anchor_strength"":0.2,""boundary_enabled"":true,""conflict_enabled"":true,""conflict_pass"":0.25,""directional_enabled"":true,""directional_mix"":0.25,""min_cluster_fraction_of_equal"":0.01,""move_boundary_floor"":0.12,""pairwise_strength"":0.08,""self_return_strength"":0.2,""sweeps"":1,""trust_gate_enabled"":true,""trust_threshold"":0.55,""unary_view1_weight"":0.5}",PASS,,ca59ac478f104d40af84be85f4e9c536456ce67fec6131a4b4d426526f4b3ded,0003aaac74f65273cf1b21b9f52070eb6f8ad11328b2b0f96d815c3e9ce83f43,9,295,"[2470,575,1181,295]",0.2809721827507019,0.2809722125530243,0.4380555748939514,0.39048612117767334,0.606700599193573,0.6363896727561951,0.015329299989389256,0,0,0.3511761746103528,0.31111524986916633,0.31047426974468606,0.6148615300808558,0.31673758765230525,0.3111152498691663,0.3260393277421272,0.34668473919402976,0.794716021474993,4460,1,merged unique formal+refinement candidates,label-assisted family-level benchmark HPO
RNA_PROTEIN,tonsil_s3,CMBF_d5b6b03ee1610378,"{""anchor_strength"":0.02,""boundary_enabled"":true,""conflict_enabled"":true,""conflict_pass"":0.25,""directional_enabled"":true,""directional_mix"":0.5,""min_cluster_fraction_of_equal"":0.01,""move_boundary_floor"":0.05,""pairwise_strength"":0.16,""self_return_strength"":0.08,""sweeps"":1,""trust_gate_enabled"":true,""trust_threshold"":0.55,""unary_view1_weight"":0.5}",PASS,,2196e030378289ac6ce2bb828883f5e1e7f73b5242a1d71ac9db23163d46f06a,0003aaac74f65273cf1b21b9f52070eb6f8ad11328b2b0f96d815c3e9ce83f43,100,299,"[2417,632,1173,299]",0.2792072892189026,0.2792072892189026,0.44158539175987244,0.3896036744117737,0.6077134609222412,0.6352440714836121,0.017794999992474914,0,0,0.3377771015412952,0.30359511421485047,0.30295303918168776,0.6033924872508247,0.31187773223146936,0.30359511421485047,0.3314600086410986,0.33513640514021653,0.8031929923707262,4460,1,merged unique formal+refinement candidates,label-assisted family-level benchmark HPO
RNA_PROTEIN,tonsil_s3,CMBF_7ad6f62d358cbe63,"{""anchor_strength"":0.2,""boundary_enabled"":true,""conflict_enabled"":true,""conflict_pass"":0.0,""directional_enabled"":true,""directional_mix"":0.5,""min_cluster_fraction_of_equal"":0.01,""move_boundary_floor"":0.05,""pairwise_strength"":0.16,""self_return_strength"":0.08,""sweeps"":2,""trust_gate_enabled"":true,""trust_threshold"":0.7,""unary_view1_weight"":0.65}",PASS,,5442176a284863e3d3dbb0b68175a2a72bf1a33b972d2480a26609ec0c84ebfe,0003aaac74f65273cf1b21b9f52070eb6f8ad11328b2b0f96d815c3e9ce83f43,51,297,"[2444,600,1180,297]",0.2792072892189026,0.2792072892189026,0.44158539175987244,0.2792072892189026,0.7182449698448181,0.6352440714836121,0.04796560000977479,0,0,0.34344688352513064,0.30810932225376886,0.30746834690841873,0.6085974537845402,0.31502652695599614,0.30810932225376886,0.32906777463897846,0.3404917897057196,0.7991664311952529,4460,1,merged unique formal+refinement candidates,label-assisted family-level benchmark HPO
RNA_PROTEIN,tonsil_s3,CMBF_f756fa0a1253641c,"{""anchor_strength"":0.02,""boundary_enabled"":true,""conflict_enabled"":true,""conflict_pass"":0.0,""directional_enabled"":true,""directional_mix"":0.25,""min_cluster_fraction_of_equal"":0.01,""move_boundary_floor"":0.05,""pairwise_strength"":0.16,""self_return_strength"":0.08,""sweeps"":2,""trust_gate_enabled"":true,""trust_threshold"":0.7,""unary_view1_weight"":0.65}",PASS,,7e5f8a95efbe47857fcba6e18e0d2ecc98093f7261e2f87c60961cac2c33d6b8,0003aaac74f65273cf1b21b9f52070eb6f8ad11328b2b0f96d815c3e9ce83f43,137,300,"[2383,659,1179,300]",0.2809721827507019,0.2809722125530243,0.4380555748939514,0.2809721827507019,0.716349720954895,0.6363896727561951,0.0488513000018429,0,0,0.3343370176388666,0.3027706249427727,0.30213071726309443,0.5994037586471195,0.3124357498246713,0.30277062494277274,0.3328101056204343,0.3322377277005917,0.8034049166431195,4460,1,merged unique formal+refinement candidates,label-assisted family-level benchmark HPO
RNA_PROTEIN,tonsil_s3,CMBF_d66f45277f66d31e,"{""anchor_strength"":0.08,""boundary_enabled"":true,""conflict_enabled"":true,""conflict_pass"":0.1,""directional_enabled"":true,""directional_mix"":0.0,""min_cluster_fraction_of_equal"":0.01,""move_boundary_floor"":0.12,""pairwise_strength"":0.08,""self_return_strength"":0.2,""sweeps"":1,""trust_gate_enabled"":true,""trust_threshold"":0.55,""unary_view1_weight"":0.65}",PASS,,ad26568c8c3464b8aa28b713eca130278b430f7eccf00656573701ad0e63d485,0003aaac74f65273cf1b21b9f52070eb6f8ad11328b2b0f96d815c3e9ce83f43,14,296,"[2467,577,1181,296]",0.2826955020427704,0.2826955020427704,0.4346090257167816,0.3261563777923584,0.6709955334663391,0.6376751065254211,0.05443670001113787,0,0,0.350801407934859,0.31095915096308074,0.31031837872525075,0.6144429869967889,0.31674933486317147,0.31095915096308085,0.32659144769096937,0.3453496604947702,0.7951398700197796,4460,1,merged unique formal+refinement candidates,label-assisted family-level benchmark HPO
RNA_PROTEIN,tonsil_s3,CMBF_5d15ee6783ed020a,"{""anchor_strength"":0.2,""boundary_enabled"":true,""conflict_enabled"":true,""conflict_pass"":0.0,""directional_enabled"":true,""directional_mix"":0.5,""min_cluster_fraction_of_equal"":0.01,""move_boundary_floor"":0.05,""pairwise_strength"":0.03,""self_return_strength"":0.2,""sweeps"":2,""trust_gate_enabled"":true,""trust_threshold"":0.55,""unary_view1_weight"":0.65}",PASS,,cb584816a1e17d90d5b5da0ceedcd309b77c2892d348fe1a870654053c1a953b,0003aaac74f65273cf1b21b9f52070eb6f8ad11328b2b0f96d815c3e9ce83f43,10,294,"[2470,575,1182,294]",0.2792072892189026,0.2792072892189026,0.44158539175987244,0.2792072892189026,0.7182449698448181,0.6352440714836121,0.0352992000116501,0,0,0.3513020299003338,0.31203539209505143,0.31139517221501867,0.6149648776479318,0.3176290017278729,0.3120353920950514,0.32552667490337667,0.3477396817801366,0.7946453800508618,4460,1,merged unique formal+refinement candidates,label-assisted family-level benchmark HPO
RNA_PROTEIN,tonsil_s3,CMBF_48610f9ad4bc6af2,"{""anchor_strength"":0.2,""boundary_enabled"":true,""conflict_enabled"":true,""conflict_pass"":0.1,""directional_enabled"":true,""directional_mix"":0.25,""min_cluster_fraction_of_equal"":0.01,""move_boundary_floor"":0.22,""pairwise_strength"":0.32,""self_return_strength"":0.08,""sweeps"":2,""trust_gate_enabled"":true,""trust_threshold"":0.55,""unary_view1_weight"":0.65}",PASS,,ac58e7dfdadbcbeeaae18518077cde57214000567bce8df95e7279f42c0e277a,0003aaac74f65273cf1b21b9f52070eb6f8ad11328b2b0f96d815c3e9ce83f43,26,295,"[2462,584,1180,295]",0.2809721827507019,0.2809722125530243,0.4380555748939514,0.3247777819633484,0.6724900603294373,0.6363896727561951,0.08856459998060018,0,0,0.35036322049330093,0.31057323761561056,0.309932637517986,0.6138555746076995,0.316615914884491,0.3105732376156106,0.3287816063600652,0.34099306699218107,0.7976829612884996,4460,1,merged unique formal+refinement candidates,label-assisted family-level benchmark HPO
RNA_PROTEIN,tonsil_s3,CMBF_44739cedebc46e5d,"{""anchor_strength"":0.08,""boundary_enabled"":true,""conflict_enabled"":true,""conflict_pass"":0.25,""directional_enabled"":true,""directional_mix"":0.0,""min_cluster_fraction_of_equal"":0.01,""move_boundary_floor"":0.05,""pairwise_strength"":0.32,""self_return_strength"":0.08,""sweeps"":2,""trust_gate_enabled"":true,""trust_threshold"":0.4,""unary_view1_weight"":0.35}",PASS,,dc2619b0ec5d363bfdc01f584d3da75dc02842f33e27dfa62ef95c470580b1b3,0003aaac74f65273cf1b21b9f52070eb6f8ad11328b2b0f96d815c3e9ce83f43,44,297,"[2453,593,1178,297]",0.2826955020427704,0.2826955020427704,0.4346090257167816,0.3913477659225464,0.6057239770889282,0.6376751065254211,0.02537829999346286,0,0,0.34750900059373346,0.31018928819835634,0.3095494400426829,0.6115380585861407,0.3167617670883816,0.3101892881983563,0.3283157248748298,0.34161158463076735,0.7983893755298107,4460,1,merged unique formal+refinement candidates,label-assisted family-level benchmark HPO
RNA_PROTEIN,tonsil_s3,CMBF_e74f89f6154ed3d1,"{""anchor_strength"":0.02,""boundary_enabled"":true,""conflict_enabled"":true,""conflict_pass"":0.0,""directional_enabled"":true,""directional_mix"":0.5,""min_cluster_fraction_of_equal"":0.01,""move_boundary_floor"":0.22,""pairwise_strength"":0.16,""self_return_strength"":0.08,""sweeps"":1,""trust_gate_enabled"":true,""trust_threshold"":0.7,""unary_view1_weight"":0.5}",PASS,,da5c6220dcfc3057a7eea56260f686a767600cb94043b5672a3cfc6db01dcb87,0003aaac74f65273cf1b21b9f52070eb6f8ad11328b2b0f96d815c3e9ce83f43,37,297,"[2453,593,1178,297]",0.2792072892189026,0.2792072892189026,0.44158539175987244,0.2792072892189026,0.7182449698448181,0.6352440714836121,0.018891499988967553,0,0,0.34722910994864103,0.3089802829333356,0.3083393133398884,0.6113711570811666,0.31552714468606896,0.3089802829333356,0.32862553987015103,0.3412392374814473,0.7980361684091551,4460,1,merged unique formal+refinement candidates,label-assisted family-level benchmark HPO
RNA_PROTEIN,tonsil_s3,CMBF_22e5cfb195d932d4,"{""anchor_strength"":0.02,""boundary_enabled"":true,""conflict_enabled"":true,""conflict_pass"":0.0,""directional_enabled"":true,""directional_mix"":0.0,""min_cluster_fraction_of_equal"":0.01,""move_boundary_floor"":0.22,""pairwise_strength"":0.16,""self_return_strength"":0.2,""sweeps"":2,""trust_gate_enabled"":true,""trust_threshold"":0.4,""unary_view1_weight"":0.65}",PASS,,3d503f48e4edbe0701508b76c63f9d03264ba2b12c281b47fc58d7625894d8a5,0003aaac74f65273cf1b21b9f52070eb6f8ad11328b2b0f96d815c3e9ce83f43,15,297,"[2463,578,1183,297]",0.2826955020427704,0.2826955020427704,0.4346090257167816,0.2826955020427704,0.714509904384613,0.6376751065254211,0.023540499998489395,0,0,0.34964597596288294,0.3096452897866542,0.3090036418023138,0.6135400677034525,0.3155778402040701,0.3096452897866542,0.3271991753657139,0.3442827661005383,0.795422435716304,4460,1,merged unique formal+refinement candidates,label-assisted family-level benchmark HPO
RNA_PROTEIN,tonsil_s3,CMBF_d4975dd3d74ecdbc,"{""anchor_strength"":0.08,""boundary_enabled"":true,""conflict_enabled"":true,""conflict_pass"":0.25,""directional_enabled"":true,""directional_mix"":0.0,""min_cluster_fraction_of_equal"":0.01,""move_boundary_floor"":0.05,""pairwise_strength"":0.08,""self_return_strength"":0.02,""sweeps"":1,""trust_gate_enabled"":true,""trust_threshold"":0.55,""unary_view1_weight"":0.5}",PASS,,1ea24429691cb8e482f804e41896723821e752a77790958e5cf086364f23f39c,0003aaac74f65273cf1b21b9f52070eb6f8ad11328b2b0f96d815c3e9ce83f43,125,303,"[2385,658,1175,303]",0.2826955020427704,0.2826955020427704,0.4346090257167816,0.3913477659225464,0.6057239770889282,0.6376751065254211,0.02135429999907501,0,0,0.3355881539291767,0.30425101500714574,0.3036126069381126,0.6001713262291691,0.3140270728172618,0.30425101500714574,0.3301491924214728,0.337893316873473,0.8002260525572196,4460,1,merged unique formal+refinement candidates,label-assisted family-level benchmark HPO
RNA_PROTEIN,tonsil_s3,CMBF_97bfeefd0d099e7a,"{""anchor_strength"":0.08,""boundary_enabled"":true,""conflict_enabled"":true,""conflict_pass"":0.0,""directional_enabled"":true,""directional_mix"":0.0,""min_cluster_fraction_of_equal"":0.01,""move_boundary_floor"":0.12,""pairwise_strength"":0.16,""self_return_strength"":0.08,""sweeps"":1,""trust_gate_enabled"":true,""trust_threshold"":0.4,""unary_view1_weight"":0.5}",PASS,,d2a15d2f2f987cfbef6ca781a841aa82c4653ae707d29b2c80e036029eac970e,0003aaac74f65273cf1b21b9f52070eb6f8ad11328b2b0f96d815c3e9ce83f43,40,297,"[2450,596,1178,297]",0.2826955020427704,0.2826955020427704,0.4346090257167816,0.2826955020427704,0.714509904384613,0.6376751065254211,0.01365589999477379,0,0,0.34662758086173323,0.30957568462846086,0.30893557021832924,0.6108263146708847,0.3162827236827896,0.30957568462846086,0.32752672479066697,0.3432875423374273,0.7978242441367618,4460,1,merged unique formal+refinement candidates,label-assisted family-level benchmark HPO
RNA_PROTEIN,tonsil_s3,CMBF_2fce1fbbd4bc10b2,"{""anchor_strength"":0.08,""boundary_enabled"":true,""conflict_enabled"":true,""conflict_pass"":0.0,""directional_enabled"":true,""directional_mix"":0.0,""min_cluster_fraction_of_equal"":0.01,""move_boundary_floor"":0.05,""pairwise_strength"":0.32,""self_return_strength"":0.08,""sweeps"":1,""trust_gate_enabled"":true,""trust_threshold"":0.7,""unary_view1_weight"":0.65}",PASS,,477cfdf971126fffec4d1de541ae10213aed7c64285d7d6765306f70cddc481e,0003aaac74f65273cf1b21b9f52070eb6f8ad11328b2b0f96d815c3e9ce83f43,87,295,"[2428,610,1188,295]",0.2826955020427704,0.2826955020427704,0.4346090257167816,0.2826955020427704,0.714509904384613,0.6376751065254211,0.02697539998916909,0,0,0.3382229649828618,0.3039784613295114,0.3033347515002505,0.604668625960162,0.31132755421297,0.3039784613295114,0.3325703972919762,0.33331721726643215,0.8026985024018084,4460,1,merged unique formal+refinement candidates,label-assisted family-level benchmark HPO
RNA_PROTEIN,tonsil_s3,CMBF_eb31e7b8cf738c32,"{""anchor_strength"":0.08,""boundary_enabled"":true,""conflict_enabled"":true,""conflict_pass"":0.25,""directional_enabled"":true,""directional_mix"":0.5,""min_cluster_fraction_of_equal"":0.01,""move_boundary_floor"":0.05,""pairwise_strength"":0.03,""self_return_strength"":0.2,""sweeps"":1,""trust_gate_enabled"":true,""trust_threshold"":0.7,""unary_view1_weight"":0.65}",PASS,,40403873707f4eecdb21e82805e2ebe1c16ebb76075fada461bec7fe769e5cb1,0003aaac74f65273cf1b21b9f52070eb6f8ad11328b2b0f96d815c3e9ce83f43,34,297,"[2448,594,1182,297]",0.2792072892189026,0.2792072892189026,0.44158539175987244,0.3896036744117737,0.6077134609222412,0.6352440714836121,0.025852200022200122,0,0,0.3462684804950137,0.30964226435572245,0.3090022030364849,0.6105712203942393,0.31634732896692735,0.30964226435572245,0.3263241347667338,0.3457186719619218,0.7950692285956484,4460,1,merged unique formal+refinement candidates,label-assisted family-level benchmark HPO
RNA_PROTEIN,tonsil_s3,CMBF_0937d54b33dd40d1,"{""anchor_strength"":0.08,""boundary_enabled"":true,""conflict_enabled"":true,""conflict_pass"":0.1,""directional_enabled"":true,""directional_mix"":0.5,""min_cluster_fraction_of_equal"":0.01,""move_boundary_floor"":0.22,""pairwise_strength"":0.32,""self_return_strength"":0.08,""sweeps"":1,""trust_gate_enabled"":true,""trust_threshold"":0.55,""unary_view1_weight"":0.35}",PASS,,05be97581a4c2fc839bff4a547c05e2d8ea95549dfd372114d68e8e7122e0854,0003aaac74f65273cf1b21b9f52070eb6f8ad11328b2b0f96d815c3e9ce83f43,26,295,"[2465,584,1177,295]",0.2792072892189026,0.2792072892189026,0.44158539175987244,0.32336583733558655,0.6740323305130005,0.6352440714836121,0.015334199997596443,0,0,0.34930692053471546,0.30979527640285515,0.309153806688196,0.613351513580502,0.31575094384055064,0.30979527640285515,0.32839866830733505,0.3416344822719478,0.7974003955919752,4460,1,merged unique formal+refinement candidates,label-assisted family-level benchmark HPO
RNA_PROTEIN,tonsil_s3,CMBF_833cc7e58f8da466,"{""anchor_strength"":0.2,""boundary_enabled"":true,""conflict_enabled"":true,""conflict_pass"":0.1,""directional_enabled"":true,""directional_mix"":0.0,""min_cluster_fraction_of_equal"":0.01,""move_boundary_floor"":0.22,""pairwise_strength"":0.08,""self_return_strength"":0.2,""sweeps"":1,""trust_gate_enabled"":true,""trust_threshold"":0.4,""unary_view1_weight"":0.65}",PASS,,a7bf0e65b624fddc124b3d1b5857e66a3c0b53bd7f9eaf7c0b337798b4f4376e,0003aaac74f65273cf1b21b9f52070eb6f8ad11328b2b0f96d815c3e9ce83f43,8,296,"[2468,575,1182,296]",0.2826955020427704,0.2826955020427704,0.4346090257167816,0.3261563777923584,0.6709955334663391,0.6376751065254211,0.013603899977169931,0,0,0.35113217500489424,0.311310535319448,0.31066993040665225,0.6147237800211243,0.31702967228148393,0.311310535319448,0.32622201837056736,0.34631798838716243,0.7943628143543374,4460,1,merged unique formal+refinement candidates,label-assisted family-level benchmark HPO
RNA_PROTEIN,tonsil_s3,CMBF_ffa1ad6966b30f6e,"{""anchor_strength"":0.2,""boundary_enabled"":true,""conflict_enabled"":true,""conflict_pass"":0.1,""directional_enabled"":true,""directional_mix"":0.0,""min_cluster_fraction_of_equal"":0.01,""move_boundary_floor"":0.22,""pairwise_strength"":0.16,""self_return_strength"":0.02,""sweeps"":2,""trust_gate_enabled"":true,""trust_threshold"":0.55,""unary_view1_weight"":0.5}",PASS,,c9ffdde5a64ff607c61797c2bb6cf66c22f1e237f9375669c016b22ec3c05ffe,0003aaac74f65273cf1b21b9f52070eb6f8ad11328b2b0f96d815c3e9ce83f43,38,296,"[2449,596,1180,296]",0.2826955020427704,0.2826955020427704,0.4346090257167816,0.3261563777923584,0.6709955334663391,0.6376751065254211,0.028811700001824647,0,0,0.34674161501199846,0.3100990497893902,0.309459374022662,0.610881699817481,0.3167964235883752,0.3100990497893902,0.32812205144577533,0.34216280019683454,0.7978948855608929,4460,1,merged unique formal+refinement candidates,label-assisted family-level benchmark HPO
RNA_PROTEIN,tonsil_s3,CMBF_f87089bf274fea25,"{""anchor_strength"":0.08,""boundary_enabled"":true,""conflict_enabled"":true,""conflict_pass"":0.1,""directional_enabled"":true,""directional_mix"":0.25,""min_cluster_fraction_of_equal"":0.01,""move_boundary_floor"":0.22,""pairwise_strength"":0.08,""self_return_strength"":0.08,""sweeps"":2,""trust_gate_enabled"":true,""trust_threshold"":0.4,""unary_view1_weight"":0.5}",PASS,,c11d308ddce4254309a7b8863431d18fef189476c6560c03d796b2603872c2e7,0003aaac74f65273cf1b21b9f52070eb6f8ad11328b2b0f96d815c3e9ce83f43,33,295,"[2450,595,1181,295]",0.2809721827507019,0.2809722125530243,0.4380555748939514,0.3247777819633484,0.6724900603294373,0.6363896727561951,0.02399320001131855,0,0,0.3484540997506624,0.31003165193722226,0.3093917177207316,0.6119937733946468,0.31663346974925033,0.3100316519372223,0.32747728046667723,0.3433687971143556,0.7964820570782707,4460,1,merged unique formal+refinement candidates,label-assisted family-level benchmark HPO
RNA_PROTEIN,tonsil_s3,CMBF_5c5ea4015651bd35,"{""anchor_strength"":0.08,""boundary_enabled"":true,""conflict_enabled"":true,""conflict_pass"":0.0,""directional_enabled"":true,""directional_mix"":0.5,""min_cluster_fraction_of_equal"":0.01,""move_boundary_floor"":0.05,""pairwise_strength"":0.03,""self_return_strength"":0.08,""sweeps"":1,""trust_gate_enabled"":true,""trust_threshold"":0.7,""unary_view1_weight"":0.65}",PASS,,ae4decba5b5492bdc9c9ad15df84e8cdf8ca697291722db3d43039a3b3b8a9f3,0003aaac74f65273cf1b21b9f52070eb6f8ad11328b2b0f96d815c3e9ce83f43,104,301,"[2397,645,1178,301]",0.2792072892189026,0.2792072892189026,0.44158539175987244,0.2792072892189026,0.7182449698448181,0.6352440714836121,0.027236800000537187,0,0,0.336595644369411,0.30638319582295226,0.30574542129764226,0.6015628620882696,0.3155830129247781,0.3063831958229523,0.3283638440128925,0.3413148145935443,0.7970471884713196,4460,1,merged unique formal+refinement candidates,label-assisted family-level benchmark HPO
RNA_PROTEIN,tonsil_s3,CMBF_36e81709dcbccbca,"{""anchor_strength"":0.2,""boundary_enabled"":true,""conflict_enabled"":true,""conflict_pass"":0.1,""directional_enabled"":true,""directional_mix"":0.0,""min_cluster_fraction_of_equal"":0.01,""move_boundary_floor"":0.05,""pairwise_strength"":0.08,""self_return_strength"":0.02,""sweeps"":2,""trust_gate_enabled"":true,""trust_threshold"":0.55,""unary_view1_weight"":0.5}",PASS,,e529063021ba7c8153fcb45fff780f09e4d6b01bcb8b77ff6774ee73e46cc6fd,0003aaac74f65273cf1b21b9f52070eb6f8ad11328b2b0f96d815c3e9ce83f43,70,299,"[2427,618,1177,299]",0.2826955020427704,0.2826955020427704,0.4346090257167816,0.3261563777923584,0.6709955334663391,0.6376751065254211,0.037792199989780784,0,0,0.3424815669667772,0.3076124519106254,0.30697293031328204,0.6068993959996044,0.3154441201572233,0.3076124519106254,0.32850023366450454,0.3412166754826688,0.7991664311952529,4460,1,merged unique formal+refinement candidates,label-assisted family-level benchmark HPO
RNA_PROTEIN,tonsil_s3,CMBF_c40410d7e5ee0c1d,"{""anchor_strength"":0.08,""boundary_enabled"":true,""conflict_enabled"":true,""conflict_pass"":0.25,""directional_enabled"":true,""directional_mix"":0.0,""min_cluster_fraction_of_equal"":0.01,""move_boundary_floor"":0.22,""pairwise_strength"":0.32,""self_return_strength"":0.2,""sweeps"":1,""trust_gate_enabled"":true,""trust_threshold"":0.4,""unary_view1_weight"":0.65}",PASS,,2f63bbb85e7d37098fd25d645b13b8cdf17d9747d15fe56830886ad3c1d52e3e,0003aaac74f65273cf1b21b9f52070eb6f8ad11328b2b0f96d815c3e9ce83f43,20,295,"[2461,582,1183,295]",0.2826955020427704,0.2826955020427704,0.4346090257167816,0.3913477659225464,0.6057239770889282,0.6376751065254211,0.012993799988180399,0,0,0.3489546350266201,0.30954405776729776,0.308902441230201,0.6130180112033,0.3155381679414169,0.30954405776729776,0.32769186605202744,0.3432298588455991,0.7968352641989263,4460,1,merged unique formal+refinement candidates,label-assisted family-level benchmark HPO
RNA_PROTEIN,tonsil_s3,CMBF_2fec2fe061c26f58,"{""anchor_strength"":0.02,""boundary_enabled"":true,""conflict_enabled"":true,""conflict_pass"":0.1,""directional_enabled"":true,""directional_mix"":0.5,""min_cluster_fraction_of_equal"":0.01,""move_boundary_floor"":0.12,""pairwise_strength"":0.16,""self_return_strength"":0.08,""sweeps"":2,""trust_gate_enabled"":true,""trust_threshold"":0.55,""unary_view1_weight"":0.5}",PASS,,5f91df3dcafec129b993546cd2880ff3aaf122d38dfc1ebb2f1891f95f9d0a17,0003aaac74f65273cf1b21b9f52070eb6f8ad11328b2b0f96d815c3e9ce83f43,66,297,"[2437,614,1173,297]",0.2792072892189026,0.2792072892189026,0.44158539175987244,0.32336583733558655,0.6740323305130005,0.6352440714836121,0.033802199992351234,0,0,0.3447729245012357,0.30762389448901234,0.30698351843990745,0.6088173503447093,0.31503729366019667,0.3076238944890124,0.32949314496293397,0.3390939079627848,0.8008618253743995,4460,1,merged unique formal+refinement candidates,label-assisted family-level benchmark HPO
RNA_PROTEIN,tonsil_s3,CMBF_3aaa4a9e7d8d2b21,"{""anchor_strength"":0.08,""boundary_enabled"":true,""conflict_enabled"":true,""conflict_pass"":0.0,""directional_enabled"":true,""directional_mix"":0.5,""min_cluster_fraction_of_equal"":0.01,""move_boundary_floor"":0.12,""pairwise_strength"":0.08,""self_return_strength"":0.2,""sweeps"":1,""trust_gate_enabled"":true,""trust_threshold"":0.4,""unary_view1_weight"":0.65}",PASS,,cb41376b9f306756cec5197c4a57a789ff28fff705fe941e37da3ee0358deef3,0003aaac74f65273cf1b21b9f52070eb6f8ad11328b2b0f96d815c3e9ce83f43,12,295,"[2469,576,1181,295]",0.2792072892189026,0.2792072892189026,0.44158539175987244,0.2792072892189026,0.7182449698448181,0.6352440714836121,0.014476499985903502,0,0,0.35082780793707896,0.31100057713560014,0.3103595946869966,0.6145915687768645,0.3166716671776003,0.3110005771356001,0.3262139571417244,0.3461607320189405,0.7949279457473862,4460,1,merged unique formal+refinement candidates,label-assisted family-level benchmark HPO
RNA_PROTEIN,tonsil_s3,CMBF_bd9500628e0b125a,"{""anchor_strength"":0.08,""boundary_enabled"":true,""conflict_enabled"":true,""conflict_pass"":0.0,""directional_enabled"":true,""directional_mix"":0.0,""min_cluster_fraction_of_equal"":0.01,""move_boundary_floor"":0.05,""pairwise_strength"":0.08,""self_return_strength"":0.02,""sweeps"":1,""trust_gate_enabled"":true,""trust_threshold"":0.4,""unary_view1_weight"":0.65}",PASS,,4e01ff829ff34220d85edea0b67909cb74b284958330bdf5e49df6001a95493a,0003aaac74f65273cf1b21b9f52070eb6f8ad11328b2b0f96d815c3e9ce83f43,93,301,"[2410,634,1176,301]",0.2826955020427704,0.2826955020427704,0.4346090257167816,0.2826955020427704,0.714509904384613,0.6376751065254211,0.01484109999728389,0,0,0.34104635314068843,0.30678436190791875,0.30614583832779324,0.6049764057744946,0.3154495132257577,0.30678436190791875,0.3290484990756136,0.3401040276422852,0.7981774512574173,4460,1,merged unique formal+refinement candidates,label-assisted family-level benchmark HPO
RNA_PROTEIN,tonsil_s3,CMBF_99bfe5df73bd19c1,"{""anchor_strength"":0.08,""boundary_enabled"":true,""conflict_enabled"":true,""conflict_pass"":0.1,""directional_enabled"":true,""directional_mix"":0.25,""min_cluster_fraction_of_equal"":0.01,""move_boundary_floor"":0.22,""pairwise_strength"":0.32,""self_return_strength"":0.2,""sweeps"":2,""trust_gate_enabled"":true,""trust_threshold"":0.7,""unary_view1_weight"":0.65}",PASS,,561463ef4aaf7cd8be045d57c182fadabd09025e95a8714d4d6aab7a672dd02c,0003aaac74f65273cf1b21b9f52070eb6f8ad11328b2b0f96d815c3e9ce83f43,20,295,"[2464,582,1180,295]",0.2809721827507019,0.2809722125530243,0.4380555748939514,0.3247777819633484,0.6724900603294373,0.6363896727561951,0.03462930000387132,0,0,0.3476952729747663,0.30796684580090633,0.30732361703808997,0.6123930424533015,0.31385925094161843,0.3079668458009064,0.32870490010312914,0.3412989271816209,0.7971178298954507,4460,1,merged unique formal+refinement candidates,label-assisted family-level benchmark HPO
RNA_PROTEIN,tonsil_s3,CMBF_a8259b5ae27e7eb9,"{""anchor_strength"":0.08,""boundary_enabled"":true,""conflict_enabled"":true,""conflict_pass"":0.1,""directional_enabled"":true,""directional_mix"":0.25,""min_cluster_fraction_of_equal"":0.01,""move_boundary_floor"":0.22,""pairwise_strength"":0.16,""self_return_strength"":0.02,""sweeps"":1,""trust_gate_enabled"":true,""trust_threshold"":0.4,""unary_view1_weight"":0.5}",PASS,,cf24fd920a91d24819e58ea0b13f96bdeb93af100f0156d685ccebe583ed4d60,0003aaac74f65273cf1b21b9f52070eb6f8ad11328b2b0f96d815c3e9ce83f43,50,298,"[2433,609,1181,298]",0.2809721827507019,0.2809722125530243,0.4380555748939514,0.3247777819633484,0.6724900603294373,0.6363896727561951,0.011607499996898696,0,0,0.34719241121565003,0.3089927574495839,0.3083536823773187,0.6101738991907903,0.31645630850229717,0.3089927574495839,0.32757842803777293,0.3432720955001718,0.797329754167844,4460,1,merged unique formal+refinement candidates,label-assisted family-level benchmark HPO
RNA_PROTEIN,tonsil_s3,CMBF_118dbed1e432e5d7,"{""anchor_strength"":0.2,""boundary_enabled"":true,""conflict_enabled"":true,""conflict_pass"":0.0,""directional_enabled"":true,""directional_mix"":0.0,""min_cluster_fraction_of_equal"":0.01,""move_boundary_floor"":0.05,""pairwise_strength"":0.16,""self_return_strength"":0.02,""sweeps"":1,""trust_gate_enabled"":true,""trust_threshold"":0.55,""unary_view1_weight"":0.5}",PASS,,0d5c01c0cc57c6ef8375dfe12be656ab774e867cdcc8b8ebab2e71be3c6e597a,0003aaac74f65273cf1b21b9f52070eb6f8ad11328b2b0f96d815c3e9ce83f43,58,298,"[2440,605,1178,298]",0.2826955020427704,0.2826955020427704,0.4346090257167816,0.2826955020427704,0.714509904384613,0.6376751065254211,0.018935500003863126,0,0,0.3428237213621422,0.308352697806805,0.3077124924444007,0.6079286507369059,0.3155381935528855,0.308352697806805,0.32851528818458314,0.34133019005727505,0.799237072619384,4460,1,merged unique formal+refinement candidates,label-assisted family-level benchmark HPO
RNA_PROTEIN,tonsil_s3,CMBF_3ba43c2ee389abc7,"{""anchor_strength"":0.08,""boundary_enabled"":true,""conflict_enabled"":true,""conflict_pass"":0.1,""directional_enabled"":true,""directional_mix"":0.5,""min_cluster_fraction_of_equal"":0.01,""move_boundary_floor"":0.12,""pairwise_strength"":0.08,""self_return_strength"":0.2,""sweeps"":2,""trust_gate_enabled"":true,""trust_threshold"":0.4,""unary_view1_weight"":0.5}",PASS,,c91b9ba092f06438b91498d6df734dbdc9504071e191ccae896405fc1d984255,0003aaac74f65273cf1b21b9f52070eb6f8ad11328b2b0f96d815c3e9ce83f43,9,295,"[2469,575,1182,295]",0.2792072892189026,0.2792072892189026,0.44158539175987244,0.32336583733558655,0.6740323305130005,0.6352440714836121,0.022308899991912767,0,0,0.3506816972555771,0.31081748395018677,0.31017627572170653,0.6145260583680426,0.3164584738358615,0.3108174839501868,0.32605803048863985,0.3466394131647375,0.794716021474993,4460,1,merged unique formal+refinement candidates,label-assisted family-level benchmark HPO
RNA_PROTEIN,tonsil_s3,CMBF_faeec5a80a0e4ed4,"{""anchor_strength"":0.08,""boundary_enabled"":true,""conflict_enabled"":true,""conflict_pass"":0.25,""directional_enabled"":true,""directional_mix"":0.25,""min_cluster_fraction_of_equal"":0.01,""move_boundary_floor"":0.05,""pairwise_strength"":0.16,""self_return_strength"":0.2,""sweeps"":2,""trust_gate_enabled"":true,""trust_threshold"":0.55,""unary_view1_weight"":0.5}",PASS,,0c5b2b7c40ed2840d21500c90c1b718d42accd372a0b1bc08463dcf14d0814b0,0003aaac74f65273cf1b21b9f52070eb6f8ad11328b2b0f96d815c3e9ce83f43,22,295,"[2459,584,1183,295]",0.2809721827507019,0.2809722125530243,0.4380555748939514,0.39048612117767334,0.606700599193573,0.6363896727561951,0.036811099998885766,0,0,0.34800611810898424,0.3107870452910876,0.31014678958536773,0.612328192453406,0.31690561816511775,0.3107870452910875,0.32750013308502934,0.34366953042721693,0.7966233399265329,4460,1,merged unique formal+refinement candidates,label-assisted family-level benchmark HPO
RNA_PROTEIN,tonsil_s3,CMBF_b3350c2365dc2d29,"{""anchor_strength"":0.2,""boundary_enabled"":true,""conflict_enabled"":true,""conflict_pass"":0.1,""directional_enabled"":true,""directional_mix"":0.0,""min_cluster_fraction_of_equal"":0.01,""move_boundary_floor"":0.22,""pairwise_strength"":0.16,""self_return_strength"":0.02,""sweeps"":2,""trust_gate_enabled"":true,""trust_threshold"":0.55,""unary_view1_weight"":0.65}",PASS,,62d7f02e36eb7ce239e0fa7df3b0f5177b7358080184efaf6400a06f1df9469c,0003aaac74f65273cf1b21b9f52070eb6f8ad11328b2b0f96d815c3e9ce83f43,54,298,"[2436,608,1179,298]",0.2826955020427704,0.2826955020427704,0.4346090257167816,0.3261563777923584,0.6709955334663391,0.6376751065254211,0.026988500001607463,0,0,0.34621383467390143,0.3088429732458497,0.3082035659358762,0.6097306543427484,0.3162079738441603,0.3088429732458497,0.32915624292443757,0.34015328794137584,0.7990957897711218,4460,1,merged unique formal+refinement candidates,label-assisted family-level benchmark HPO
RNA_PROTEIN,tonsil_s3,CMBF_75135cc1c9d99dff,"{""anchor_strength"":0.2,""boundary_enabled"":true,""conflict_enabled"":true,""conflict_pass"":0.1,""directional_enabled"":true,""directional_mix"":0.5,""min_cluster_fraction_of_equal"":0.01,""move_boundary_floor"":0.22,""pairwise_strength"":0.16,""self_return_strength"":0.08,""sweeps"":2,""trust_gate_enabled"":true,""trust_threshold"":0.7,""unary_view1_weight"":0.35}",PASS,,d824cb8376f671bf4ca1b57b365cba55c7c4a49ac52fb5990c97058c00179b98,0003aaac74f65273cf1b21b9f52070eb6f8ad11328b2b0f96d815c3e9ce83f43,19,295,"[2460,585,1181,295]",0.2792072892189026,0.2792072892189026,0.44158539175987244,0.32336583733558655,0.6740323305130005,0.6352440714836121,0.034008199989330024,0,0,0.34882597996502085,0.30941609314976304,0.3087745695091369,0.6128366039745864,0.31550999286812037,0.30941609314976304,0.3273627092273669,0.3437411881110083,0.7964820570782707,4460,1,merged unique formal+refinement candidates,label-assisted family-level benchmark HPO
RNA_PROTEIN,tonsil_s3,CMBF_4ee65e17e4988304,"{""anchor_strength"":0.02,""boundary_enabled"":true,""conflict_enabled"":true,""conflict_pass"":0.25,""directional_enabled"":true,""directional_mix"":0.25,""min_cluster_fraction_of_equal"":0.01,""move_boundary_floor"":0.12,""pairwise_strength"":0.16,""self_return_strength"":0.2,""sweeps"":1,""trust_gate_enabled"":true,""trust_threshold"":0.55,""unary_view1_weight"":0.35}",PASS,,008d1bc5257b9b964e68be429e23c2670e803a3221ac8d4ccd1cf3ccce772c8b,0003aaac74f65273cf1b21b9f52070eb6f8ad11328b2b0f96d815c3e9ce83f43,16,295,"[2464,579,1183,295]",0.2809721827507019,0.2809722125530243,0.4380555748939514,0.39048612117767334,0.606700599193573,0.6363896727561951,0.016530700027942657,0,0,0.3486305786545877,0.30992281644855824,0.3092812414094725,0.6130133012128308,0.3157735270312091,0.30992281644855824,0.3275423985346074,0.34358550264756926,0.7965526985024018,4460,1,merged unique formal+refinement candidates,label-assisted family-level benchmark HPO
RNA_PROTEIN,tonsil_s3,CMBF_2278ba95f165704e,"{""anchor_strength"":0.08,""boundary_enabled"":true,""conflict_enabled"":true,""conflict_pass"":0.1,""directional_enabled"":true,""directional_mix"":0.0,""min_cluster_fraction_of_equal"":0.01,""move_boundary_floor"":0.12,""pairwise_strength"":0.32,""self_return_strength"":0.02,""sweeps"":2,""trust_gate_enabled"":true,""trust_threshold"":0.4,""unary_view1_weight"":0.5}",PASS,,b9d31e46b6fa06bb11552e256dec7a4b5f12b261044a1e0f1e3b9fb169bb5ffe,0003aaac74f65273cf1b21b9f52070eb6f8ad11328b2b0f96d815c3e9ce83f43,52,297,"[2441,603,1180,297]",0.2826955020427704,0.2826955020427704,0.4346090257167816,0.3261563777923584,0.6709955334663391,0.6376751065254211,0.02288800000678748,0,0,0.34541547760723845,0.3093315319354398,0.3086919877491148,0.609588306074301,0.3164220053218992,0.3093315319354398,0.3288086538432016,0.34064450786614275,0.7990957897711218,4460,1,merged unique formal+refinement candidates,label-assisted family-level benchmark HPO
RNA_PROTEIN,tonsil_s3,CMBF_56dcd8708d21ae45,"{""anchor_strength"":0.02,""boundary_enabled"":true,""conflict_enabled"":true,""conflict_pass"":0.1,""directional_enabled"":true,""directional_mix"":0.5,""min_cluster_fraction_of_equal"":0.01,""move_boundary_floor"":0.12,""pairwise_strength"":0.08,""self_return_strength"":0.08,""sweeps"":1,""trust_gate_enabled"":true,""trust_threshold"":0.7,""unary_view1_weight"":0.65}",PASS,,cf11bfdfdb4845441b2eb6caebb8568751b879f7da85c6b2fec2325229af5cf1,0003aaac74f65273cf1b21b9f52070eb6f8ad11328b2b0f96d815c3e9ce83f43,97,298,"[2406,641,1176,298]",0.2792072892189026,0.2792072892189026,0.44158539175987244,0.32336583733558655,0.6740323305130005,0.6352440714836121,0.021315499994670972,0,0,0.3381076587604587,0.3050901282210211,0.3044502798168549,0.6029981830095968,0.3138257435222123,0.3050901282210211,0.32949408861630675,0.3390230703439905,0.8005792596778751,4460,1,merged unique formal+refinement candidates,label-assisted family-level benchmark HPO
RNA_PROTEIN,tonsil_s3,CMBF_6d28a9e9fb017139,"{""anchor_strength"":0.02,""boundary_enabled"":true,""conflict_enabled"":true,""conflict_pass"":0.0,""directional_enabled"":true,""directional_mix"":0.5,""min_cluster_fraction_of_equal"":0.01,""move_boundary_floor"":0.22,""pairwise_strength"":0.16,""self_return_strength"":0.08,""sweeps"":2,""trust_gate_enabled"":true,""trust_threshold"":0.4,""unary_view1_weight"":0.65}",PASS,,b870218b2525e197ece1bb4a6a61fb2a3f09f52c254faed1efe770555d7ed85e,0003aaac74f65273cf1b21b9f52070eb6f8ad11328b2b0f96d815c3e9ce83f43,37,299,"[2447,595,1180,299]",0.2792072892189026,0.2792072892189026,0.44158539175987244,0.2792072892189026,0.7182449698448181,0.6352440714836121,0.02200640001683496,0,0,0.34888368391812546,0.3101155684407295,0.3094762357198053,0.6120131404763212,0.31696946182712715,0.3101155684407295,0.327884507965076,0.3428543638873046,0.7963407742300085,4460,1,merged unique formal+refinement candidates,label-assisted family-level benchmark HPO
RNA_PROTEIN,tonsil_s3,CMBF_7ed38195448cac9e,"{""anchor_strength"":0.02,""boundary_enabled"":true,""conflict_enabled"":true,""conflict_pass"":0.25,""directional_enabled"":true,""directional_mix"":0.5,""min_cluster_fraction_of_equal"":0.01,""move_boundary_floor"":0.12,""pairwise_strength"":0.16,""self_return_strength"":0.2,""sweeps"":2,""trust_gate_enabled"":true,""trust_threshold"":0.4,""unary_view1_weight"":0.5}",PASS,,28e59e6d9e18973c6121e7698b553d93caa7fb166ca40912e8afdd5dba8d30a3,0003aaac74f65273cf1b21b9f52070eb6f8ad11328b2b0f96d815c3e9ce83f43,18,297,"[2463,580,1181,297]",0.2792072892189026,0.2792072892189026,0.44158539175987244,0.3896036744117737,0.6077134609222412,0.6352440714836121,0.022737100021913648,0,0,0.35020808872297743,0.3111097913077026,0.3104696142472516,0.613832047765462,0.3171235627573788,0.31110979130770255,0.32701541403025375,0.3445402344098771,0.7959875671093529,4460,1,merged unique formal+refinement candidates,label-assisted family-level benchmark HPO
RNA_PROTEIN,tonsil_s3,CMBF_ab7054c57f80c6fe,"{""anchor_strength"":0.2,""boundary_enabled"":true,""conflict_enabled"":true,""conflict_pass"":0.0,""directional_enabled"":true,""directional_mix"":0.0,""min_cluster_fraction_of_equal"":0.01,""move_boundary_floor"":0.05,""pairwise_strength"":0.32,""self_return_strength"":0.02,""sweeps"":2,""trust_gate_enabled"":true,""trust_threshold"":0.55,""unary_view1_weight"":0.5}",PASS,,6d7e9ea929046f5ca8036e64d994c1e8b464f2226ba135264a000129a1ebb398,0003aaac74f65273cf1b21b9f52070eb6f8ad11328b2b0f96d815c3e9ce83f43,68,298,"[2445,599,1179,298]",0.2826955020427704,0.2826955020427704,0.4346090257167816,0.2826955020427704,0.714509904384613,0.6376751065254211,0.03558830000110902,0,0,0.3444774233941957,0.30662586064382863,0.30598350558802573,0.6092461084845604,0.31350562195905335,0.3066258606438286,0.33045511567099983,0.33729213541987935,0.8018508053122351,4460,1,merged unique formal+refinement candidates,label-assisted family-level benchmark HPO
RNA_PROTEIN,tonsil_s3,CMBF_44b0138b90d0a8a0,"{""anchor_strength"":0.2,""boundary_enabled"":true,""conflict_enabled"":true,""conflict_pass"":0.0,""directional_enabled"":true,""directional_mix"":0.0,""min_cluster_fraction_of_equal"":0.01,""move_boundary_floor"":0.05,""pairwise_strength"":0.16,""self_return_strength"":0.2,""sweeps"":1,""trust_gate_enabled"":true,""trust_threshold"":0.55,""unary_view1_weight"":0.65}",PASS,,7a5830c1cd2e49523fa43015a2b69daf3c78291e95a110f6f96ff1bda278d9e3,0003aaac74f65273cf1b21b9f52070eb6f8ad11328b2b0f96d815c3e9ce83f43,14,295,"[2468,576,1182,295]",0.2826955020427704,0.2826955020427704,0.4346090257167816,0.2826955020427704,0.714509904384613,0.6376751065254211,0.019344800006365404,0,0,0.35041184764858474,0.3111164330036903,0.3104756072284921,0.6143027339797303,0.31681367877698496,0.31111643300369035,0.3263964805029137,0.34581129990216253,0.7951398700197796,4460,1,merged unique formal+refinement candidates,label-assisted family-level benchmark HPO
RNA_PROTEIN,tonsil_s3,CMBF_402dd71831b50491,"{""anchor_strength"":0.02,""boundary_enabled"":true,""conflict_enabled"":true,""conflict_pass"":0.1,""directional_enabled"":true,""directional_mix"":0.5,""min_cluster_fraction_of_equal"":0.01,""move_boundary_floor"":0.22,""pairwise_strength"":0.03,""self_return_strength"":0.08,""sweeps"":1,""trust_gate_enabled"":true,""trust_threshold"":0.4,""unary_view1_weight"":0.65}",PASS,,bcd0aee5a61dc80664c24769bd1adbba46de542b18dd91e0c97e64c080deb30f,0003aaac74f65273cf1b21b9f52070eb6f8ad11328b2b0f96d815c3e9ce83f43,52,299,"[2432,610,1180,299]",0.2792072892189026,0.2792072892189026,0.44158539175987244,0.32336583733558655,0.6740323305130005,0.6352440714836121,0.012152999988757074,0,0,0.34692923967842815,0.30879413344173984,0.30815506693066863,0.6099271441099559,0.3163452291169498,0.30879413344173984,0.32770785055345836,0.3430842316005979,0.7959875671093529,4460,1,merged unique formal+refinement candidates,label-assisted family-level benchmark HPO
RNA_PROTEIN,tonsil_s3,CMBF_468e9337c117e281,"{""anchor_strength"":0.2,""boundary_enabled"":true,""conflict_enabled"":true,""conflict_pass"":0.1,""directional_enabled"":true,""directional_mix"":0.0,""min_cluster_fraction_of_equal"":0.01,""move_boundary_floor"":0.12,""pairwise_strength"":0.16,""self_return_strength"":0.2,""sweeps"":1,""trust_gate_enabled"":true,""trust_threshold"":0.4,""unary_view1_weight"":0.35}",PASS,,a48a91b60e15ee4fee69a5e3ef3efb3781cb2644f4eb187b01f9b1001c57cbf8,0003aaac74f65273cf1b21b9f52070eb6f8ad11328b2b0f96d815c3e9ce83f43,8,294,"[2470,575,1182,294]",0.2826955020427704,0.2826955020427704,0.4346090257167816,0.3261563777923584,0.6709955334663391,0.6376751065254211,0.012192999973194674,0,0,0.35023174616831687,0.31032595538847846,0.309684144706607,0.6143288319018142,0.31588892131269886,0.31032595538847846,0.32532890776315415,0.34811177677036825,0.7945040972025996,4460,1,merged unique formal+refinement candidates,label-assisted family-level benchmark HPO
RNA_PROTEIN,tonsil_s3,CMBF_9616cb92b706249e,"{""anchor_strength"":0.02,""boundary_enabled"":true,""conflict_enabled"":true,""conflict_pass"":0.0,""directional_enabled"":true,""directional_mix"":0.5,""min_cluster_fraction_of_equal"":0.01,""move_boundary_floor"":0.22,""pairwise_strength"":0.03,""self_return_strength"":0.2,""sweeps"":1,""trust_gate_enabled"":true,""trust_threshold"":0.7,""unary_view1_weight"":0.35}",PASS,,560182f98f9f0cccec821464b17db72791e524b0c09daaea2cd14af84abf0799,0003aaac74f65273cf1b21b9f52070eb6f8ad11328b2b0f96d815c3e9ce83f43,4,294,"[2469,575,1183,294]",0.2792072892189026,0.2792072892189026,0.44158539175987244,0.2792072892189026,0.7182449698448181,0.6352440714836121,0.016993299999739975,0,0,0.3504399161010023,0.30983655597784776,0.3091943388438061,0.6144109651186358,0.3154146786720253,0.30983655597784787,0.3255507056968193,0.34772794316415956,0.7937270415371573,4460,1,merged unique formal+refinement candidates,label-assisted family-level benchmark HPO
RNA_PROTEIN,tonsil_s3,CMBF_5c176e1faab66fbd,"{""anchor_strength"":0.08,""boundary_enabled"":true,""conflict_enabled"":true,""conflict_pass"":0.25,""directional_enabled"":true,""directional_mix"":0.25,""min_cluster_fraction_of_equal"":0.01,""move_boundary_floor"":0.12,""pairwise_strength"":0.03,""self_return_strength"":0.2,""sweeps"":2,""trust_gate_enabled"":true,""trust_threshold"":0.7,""unary_view1_weight"":0.65}",PASS,,b44d7741c6b8e825a0aa501b683774c89e6477846b561459023018813fa28992,0003aaac74f65273cf1b21b9f52070eb6f8ad11328b2b0f96d815c3e9ce83f43,22,297,"[2457,586,1181,297]",0.2809721827507019,0.2809722125530243,0.4380555748939514,0.39048612117767334,0.606700599193573,0.6363896727561951,0.03965469999820925,0,0,0.3487210380684437,0.3102098669419982,0.309569471055804,0.612571892312058,0.3165068636349389,0.3102098669419982,0.3262803012244689,0.3460283487122922,0.795351794292173,4460,1,merged unique formal+refinement candidates,label-assisted family-level benchmark HPO
RNA_PROTEIN,tonsil_s3,CMBF_55b524e6f44a0c67,"{""anchor_strength"":0.08,""boundary_enabled"":true,""conflict_enabled"":true,""conflict_pass"":0.25,""directional_enabled"":true,""directional_mix"":0.25,""min_cluster_fraction_of_equal"":0.01,""move_boundary_floor"":0.22,""pairwise_strength"":0.03,""self_return_strength"":0.02,""sweeps"":1,""trust_gate_enabled"":true,""trust_threshold"":0.4,""unary_view1_weight"":0.35}",PASS,,be1f944df51655a8448a4e2c69154f2b83d1aca28c6e8d054fa6b6e717cd7f9b,0003aaac74f65273cf1b21b9f52070eb6f8ad11328b2b0f96d815c3e9ce83f43,54,296,"[2429,615,1181,296]",0.2809721827507019,0.2809722125530243,0.4380555748939514,0.39048612117767334,0.606700599193573,0.6363896727561951,0.011164099996676669,0,0,0.34596522149668574,0.309117223672969,0.3084785661441671,0.6092132651148632,0.31673450763454036,0.309117223672969,0.3276914813827995,0.34278969300339696,0.7968352641989263,4460,1,merged unique formal+refinement candidates,label-assisted family-level benchmark HPO
RNA_PROTEIN,tonsil_s3,CMBF_94b6087160965589,"{""anchor_strength"":0.08,""boundary_enabled"":true,""conflict_enabled"":true,""conflict_pass"":0.0,""directional_enabled"":true,""directional_mix"":0.25,""min_cluster_fraction_of_equal"":0.01,""move_boundary_floor"":0.12,""pairwise_strength"":0.16,""self_return_strength"":0.02,""sweeps"":2,""trust_gate_enabled"":true,""trust_threshold"":0.4,""unary_view1_weight"":0.35}",PASS,,4a4286005c8a6faae4c7adb0f65652b9a53603f21d3780ce09613a68f050dfac,0003aaac74f65273cf1b21b9f52070eb6f8ad11328b2b0f96d815c3e9ce83f43,50,299,"[2439,604,1179,299]",0.2809721827507019,0.2809722125530243,0.4380555748939514,0.2809721827507019,0.716349720954895,0.6363896727561951,0.022377099987352267,0,0,0.3461526422376137,0.3088147814022018,0.3081750947336333,0.6098694734714575,0.31605423355922746,0.3088147814022018,0.32803424063763814,0.3423095308990012,0.7982480926815485,4460,1,merged unique formal+refinement candidates,label-assisted family-level benchmark HPO
RNA_PROTEIN,tonsil_s3,CMBF_558cc321f4ba02b8,"{""anchor_strength"":0.2,""boundary_enabled"":true,""conflict_enabled"":true,""conflict_pass"":0.0,""directional_enabled"":true,""directional_mix"":0.5,""min_cluster_fraction_of_equal"":0.01,""move_boundary_floor"":0.22,""pairwise_strength"":0.08,""self_return_strength"":0.08,""sweeps"":1,""trust_gate_enabled"":true,""trust_threshold"":0.55,""unary_view1_weight"":0.35}",PASS,,536637bb5c156054f2e54a422cb4d982af95a75b168cc3cfbe32ce290800fbd9,0003aaac74f65273cf1b21b9f52070eb6f8ad11328b2b0f96d815c3e9ce83f43,11,296,"[2464,580,1181,296]",0.2792072892189026,0.2792072892189026,0.44158539175987244,0.2792072892189026,0.7182449698448181,0.6352440714836121,0.014320599992061034,0,0,0.35058722414672083,0.31084249785738277,0.3102019283806521,0.6141275494669135,0.31678218388646445,0.3108424978573828,0.3263688210522282,0.34594120697104064,0.7942921729302063,4460,1,merged unique formal+refinement candidates,label-assisted family-level benchmark HPO
RNA_PROTEIN,tonsil_s3,CMBF_2a3e5c59c7e6860d,"{""anchor_strength"":0.02,""boundary_enabled"":true,""conflict_enabled"":true,""conflict_pass"":0.1,""directional_enabled"":true,""directional_mix"":0.0,""min_cluster_fraction_of_equal"":0.01,""move_boundary_floor"":0.22,""pairwise_strength"":0.16,""self_return_strength"":0.02,""sweeps"":1,""trust_gate_enabled"":true,""trust_threshold"":0.55,""unary_view1_weight"":0.65}",PASS,,7afe671ed8e680401f0569b2f7d2e5e34b229db4aea4a83c9649423b5f9749d7,0003aaac74f65273cf1b21b9f52070eb6f8ad11328b2b0f96d815c3e9ce83f43,97,299,"[2409,635,1178,299]",0.2826955020427704,0.2826955020427704,0.4346090257167816,0.3261563777923584,0.6709955334663391,0.6376751065254211,0.014711700001498684,0,0,0.3357183743961348,0.30205004071298464,0.3014070634978219,0.6017711969955336,0.31054024622070714,0.3020500407129846,0.33020663738636163,0.33767268503326453,0.800508618253744,4460,1,merged unique formal+refinement candidates,label-assisted family-level benchmark HPO
RNA_PROTEIN,tonsil_s3,CMBF_d9a4af35695081ab,"{""anchor_strength"":0.08,""boundary_enabled"":true,""conflict_enabled"":true,""conflict_pass"":0.1,""directional_enabled"":true,""directional_mix"":0.25,""min_cluster_fraction_of_equal"":0.01,""move_boundary_floor"":0.12,""pairwise_strength"":0.08,""self_return_strength"":0.02,""sweeps"":2,""trust_gate_enabled"":true,""trust_threshold"":0.55,""unary_view1_weight"":0.35}",PASS,,a3e516402604524a31d4559ee243ca5f7722e38711242559567723547c4986a0,0003aaac74f65273cf1b21b9f52070eb6f8ad11328b2b0f96d815c3e9ce83f43,88,297,"[2413,633,1178,297]",0.2809721827507019,0.2809722125530243,0.4380555748939514,0.3247777819633484,0.6724900603294373,0.6363896727561951,0.033260000025620684,0,0,0.3393490849436217,0.30476375898619806,0.3041228104666838,0.6042117223381485,0.3131055476258982,0.30476375898619806,0.3297574452978765,0.33849776576802304,0.799872845436564,4460,1,merged unique formal+refinement candidates,label-assisted family-level benchmark HPO
RNA_PROTEIN,A1,CMBF_97668dca057d41bd,"{""anchor_strength"":0.4,""boundary_enabled"":true,""conflict_enabled"":true,""conflict_pass"":0.1,""directional_enabled"":true,""directional_mix"":0,""min_cluster_fraction_of_equal"":0.01,""move_boundary_floor"":0.34,""pairwise_strength"":0.08,""self_return_strength"":0.2,""sweeps"":1,""trust_gate_enabled"":true,""trust_threshold"":0.35,""unary_view1_weight"":0.65}",PASS,,8c3430f4db406f6d537ef7eb5e6691f8c5fd509adcd6aab968fd08b2481ebc2b,9bcf8dbf19dded510dbe24ecb034809a899c553db7b1cd446d64948af2e4d69a,3,114,"[274,773,569,182,307,790,168,114,121,186]",0.28292030096054077,0.28292030096054077,0.43415936827659607,0.3263362646102905,0.6737259030342102,0.6115753054618835,0.04676969998399727,0,0,0.2760037787216815,0.4216898282359679,0.41791929249969284,0.41628023289323707,0.46905020495327543,0.4216898282359679,0.2898402271894445,0.41756897342677124,0.6077425758954421,3484,1,merged unique formal+refinement candidates,label-assisted family-level benchmark HPO
RNA_PROTEIN,A1,CMBF_51963f0deb534caf,"{""anchor_strength"":0.4,""boundary_enabled"":true,""conflict_enabled"":true,""conflict_pass"":0.25,""directional_enabled"":true,""directional_mix"":0,""min_cluster_fraction_of_equal"":0.01,""move_boundary_floor"":0.28,""pairwise_strength"":0.08,""self_return_strength"":0.4,""sweeps"":1,""trust_gate_enabled"":true,""trust_threshold"":0.3,""unary_view1_weight"":0.65}",PASS,,231cd30c148930657b3052194a4c80eea45d881648274dc03bcf48ed2f0dfad3,9bcf8dbf19dded510dbe24ecb034809a899c553db7b1cd446d64948af2e4d69a,1,114,"[276,773,569,182,307,790,168,114,121,184]",0.28292030096054077,0.28292030096054077,0.43415936827659607,0.3914601504802704,0.60858154296875,0.6115753054618835,0.04563209999469109,0,0,0.2758353375424975,0.4214931559616676,0.4177211249483424,0.41614709692225793,0.4688030160194484,0.42149315596166753,0.2900149144484758,0.41721259645005665,0.6079080155513277,3484,1,merged unique formal+refinement candidates,label-assisted family-level benchmark HPO
RNA_PROTEIN,A1,CMBF_5253aef845f50c0d,"{""anchor_strength"":0.2,""boundary_enabled"":true,""conflict_enabled"":true,""conflict_pass"":0.25,""directional_enabled"":true,""directional_mix"":0.25,""min_cluster_fraction_of_equal"":0.01,""move_boundary_floor"":0.22,""pairwise_strength"":0.04,""self_return_strength"":0.4,""sweeps"":1,""trust_gate_enabled"":true,""trust_threshold"":0.25,""unary_view1_weight"":0.5}",PASS,,231cd30c148930657b3052194a4c80eea45d881648274dc03bcf48ed2f0dfad3,9bcf8dbf19dded510dbe24ecb034809a899c553db7b1cd446d64948af2e4d69a,1,114,"[276,773,569,182,307,790,168,114,121,184]",0.28317680954933167,0.2831767797470093,0.43364638090133667,0.39158838987350464,0.608742356300354,0.6113477349281311,0.058506600005785,0,0,0.2758353375424975,0.4214931559616676,0.4177211249483424,0.41614709692225793,0.4688030160194484,0.42149315596166753,0.2900149144484758,0.41721259645005665,0.6079080155513277,3484,1,merged unique formal+refinement candidates,label-assisted family-level benchmark HPO
RNA_PROTEIN,A1,CMBF_0ff7270bbf26e0d3,"{""anchor_strength"":0.4,""boundary_enabled"":true,""conflict_enabled"":true,""conflict_pass"":0.25,""directional_enabled"":true,""directional_mix"":0,""min_cluster_fraction_of_equal"":0.01,""move_boundary_floor"":0.28,""pairwise_strength"":0.08,""self_return_strength"":0.2,""sweeps"":1,""trust_gate_enabled"":true,""trust_threshold"":0.25,""unary_view1_weight"":0.65}",PASS,,231cd30c148930657b3052194a4c80eea45d881648274dc03bcf48ed2f0dfad3,9bcf8dbf19dded510dbe24ecb034809a899c553db7b1cd446d64948af2e4d69a,1,114,"[276,773,569,182,307,790,168,114,121,184]",0.28292030096054077,0.28292030096054077,0.43415936827659607,0.3914601504802704,0.60858154296875,0.6115753054618835,0.01188980002189055,0,0,0.2758353375424975,0.4214931559616676,0.4177211249483424,0.41614709692225793,0.4688030160194484,0.42149315596166753,0.2900149144484758,0.41721259645005665,0.6079080155513277,3484,1,merged unique formal+refinement candidates,label-assisted family-level benchmark HPO
RNA_PROTEIN,A1,CMBF_6dd9bec516983ec4,"{""anchor_strength"":0.4,""boundary_enabled"":true,""conflict_enabled"":true,""conflict_pass"":0.1,""directional_enabled"":true,""directional_mix"":0,""min_cluster_fraction_of_equal"":0.01,""move_boundary_floor"":0.34,""pairwise_strength"":0.04,""self_return_strength"":0.4,""sweeps"":1,""trust_gate_enabled"":true,""trust_threshold"":0.4,""unary_view1_weight"":0.5}",PASS,,9dbc548db1813f69137696b0141487ca4bd1781f573619164c8f7b6cfbc4aa0d,9bcf8dbf19dded510dbe24ecb034809a899c553db7b1cd446d64948af2e4d69a,3,114,"[274,773,569,182,307,790,168,114,121,186]",0.28292030096054077,0.28292030096054077,0.43415936827659607,0.3263362646102905,0.6737259030342102,0.6115753054618835,0.014639900007750839,0,0,0.2760037787216815,0.4216898282359679,0.41791929249969284,0.41628023289323707,0.46905020495327543,0.4216898282359679,0.28818493973401865,0.42112308801050574,0.6073289767557284,3484,1,merged unique formal+refinement candidates,label-assisted family-level benchmark HPO
RNA_PROTEIN,A1,CMBF_077ba1a69d3463cf,"{""anchor_strength"":0.2,""boundary_enabled"":true,""conflict_enabled"":true,""conflict_pass"":0.25,""directional_enabled"":true,""directional_mix"":0.25,""min_cluster_fraction_of_equal"":0.01,""move_boundary_floor"":0.22,""pairwise_strength"":0.04,""self_return_strength"":0.4,""sweeps"":1,""trust_gate_enabled"":true,""trust_threshold"":0.25,""unary_view1_weight"":0.65}",PASS,,231cd30c148930657b3052194a4c80eea45d881648274dc03bcf48ed2f0dfad3,9bcf8dbf19dded510dbe24ecb034809a899c553db7b1cd446d64948af2e4d69a,1,114,"[276,773,569,182,307,790,168,114,121,184]",0.28317680954933167,0.2831767797470093,0.43364638090133667,0.39158838987350464,0.608742356300354,0.6113477349281311,0.011840199993457645,0,0,0.2758353375424975,0.4214931559616676,0.4177211249483424,0.41614709692225793,0.4688030160194484,0.42149315596166753,0.2900149144484758,0.41721259645005665,0.6079080155513277,3484,1,merged unique formal+refinement candidates,label-assisted family-level benchmark HPO
RNA_PROTEIN,A1,CMBF_f23d7ddb69621e3b,"{""anchor_strength"":0.4,""boundary_enabled"":true,""conflict_enabled"":true,""conflict_pass"":0.1,""directional_enabled"":true,""directional_mix"":0.25,""min_cluster_fraction_of_equal"":0.01,""move_boundary_floor"":0.34,""pairwise_strength"":0.08,""self_return_strength"":0.2,""sweeps"":1,""trust_gate_enabled"":true,""trust_threshold"":0.4,""unary_view1_weight"":0.5}",PASS,,85c8eafece9ee2cc149e8bcf3897db29391ac9619138b7b9a1a2cf6500fae7e7,9bcf8dbf19dded510dbe24ecb034809a899c553db7b1cd446d64948af2e4d69a,7,114,"[273,773,570,182,307,790,168,114,121,186]",0.28317680954933167,0.2831767797470093,0.43364638090133667,0.3265414535999298,0.6738075017929077,0.6113477349281311,0.061036999977659434,0,0,0.27577037408370164,0.420914041762317,0.4171382373799325,0.41609772055181926,0.4681610261894072,0.420914041762317,0.28929526694671276,0.41858709670094996,0.6076598560674994,3484,1,merged unique formal+refinement candidates,label-assisted family-level benchmark HPO
RNA_PROTEIN,A1,CMBF_57e7cec8d71f89bc,"{""anchor_strength"":0.2,""boundary_enabled"":true,""conflict_enabled"":true,""conflict_pass"":0.25,""directional_enabled"":true,""directional_mix"":0,""min_cluster_fraction_of_equal"":0.01,""move_boundary_floor"":0.28,""pairwise_strength"":0.04,""self_return_strength"":0.4,""sweeps"":1,""trust_gate_enabled"":true,""trust_threshold"":0.4,""unary_view1_weight"":0.5}",PASS,,9dbc548db1813f69137696b0141487ca4bd1781f573619164c8f7b6cfbc4aa0d,9bcf8dbf19dded510dbe24ecb034809a899c553db7b1cd446d64948af2e4d69a,3,114,"[274,773,569,182,307,790,168,114,121,186]",0.28292030096054077,0.28292030096054077,0.43415936827659607,0.3914601504802704,0.60858154296875,0.6115753054618835,0.015426300000399351,0,0,0.2760037787216815,0.4216898282359679,0.41791929249969284,0.41628023289323707,0.46905020495327543,0.4216898282359679,0.28818493973401865,0.42112308801050574,0.6073289767557284,3484,1,merged unique formal+refinement candidates,label-assisted family-level benchmark HPO
RNA_PROTEIN,A1,CMBF_4824c9d009134e6d,"{""anchor_strength"":0.4,""boundary_enabled"":true,""conflict_enabled"":true,""conflict_pass"":0.1,""directional_enabled"":true,""directional_mix"":0.25,""min_cluster_fraction_of_equal"":0.01,""move_boundary_floor"":0.22,""pairwise_strength"":0.04,""self_return_strength"":0.4,""sweeps"":1,""trust_gate_enabled"":true,""trust_threshold"":0.3,""unary_view1_weight"":0.5}",PASS,,e2c855933d0ecbec83ae1625e993ea04a031651d4010f4048ea213075dcb306f,9bcf8dbf19dded510dbe24ecb034809a899c553db7b1cd446d64948af2e4d69a,2,114,"[275,773,569,182,307,790,168,114,121,185]",0.28317680954933167,0.2831767797470093,0.43364638090133667,0.3265414535999298,0.6738075017929077,0.6113477349281311,0.012728899979265407,0,0,0.27591881554016506,0.42159105236313704,0.41781976731310116,0.416213000382576,0.4689262802029327,0.42159105236313704,0.28918848862927926,0.4189912045306013,0.6075771362395567,3484,1,merged unique formal+refinement candidates,label-assisted family-level benchmark HPO
RNA_PROTEIN,A1,CMBF_c33db8db1992051f,"{""anchor_strength"":0.2,""boundary_enabled"":true,""conflict_enabled"":true,""conflict_pass"":0.25,""directional_enabled"":true,""directional_mix"":0,""min_cluster_fraction_of_equal"":0.01,""move_boundary_floor"":0.22,""pairwise_strength"":0.04,""self_return_strength"":0.4,""sweeps"":1,""trust_gate_enabled"":true,""trust_threshold"":0.4,""unary_view1_weight"":0.65}",PASS,,9dbc548db1813f69137696b0141487ca4bd1781f573619164c8f7b6cfbc4aa0d,9bcf8dbf19dded510dbe24ecb034809a899c553db7b1cd446d64948af2e4d69a,3,114,"[274,773,569,182,307,790,168,114,121,186]",0.28292030096054077,0.28292030096054077,0.43415936827659607,0.3914601504802704,0.60858154296875,0.6115753054618835,0.01537310000276193,0,0,0.2760037787216815,0.4216898282359679,0.41791929249969284,0.41628023289323707,0.46905020495327543,0.4216898282359679,0.28818493973401865,0.42112308801050574,0.6073289767557284,3484,1,merged unique formal+refinement candidates,label-assisted family-level benchmark HPO
RNA_PROTEIN,A1,CMBF_d8b1c99839eb1648,"{""anchor_strength"":0.2,""boundary_enabled"":true,""conflict_enabled"":true,""conflict_pass"":0.1,""directional_enabled"":true,""directional_mix"":0,""min_cluster_fraction_of_equal"":0.01,""move_boundary_floor"":0.34,""pairwise_strength"":0.08,""self_return_strength"":0.2,""sweeps"":1,""trust_gate_enabled"":true,""trust_threshold"":0.35,""unary_view1_weight"":0.65}",PASS,,45d0893e96bdcafae39e4f32c1126a014da5a1674037d7474b5ff1af259a85ff,9bcf8dbf19dded510dbe24ecb034809a899c553db7b1cd446d64948af2e4d69a,5,114,"[273,773,570,182,307,791,167,114,121,186]",0.28292030096054077,0.28292030096054077,0.43415936827659607,0.3263362646102905,0.6737259030342102,0.6115753054618835,0.013769000011961907,0,0,0.2755645512168002,0.42071535943802185,0.4169378222923841,0.41595211847872615,0.46788450699587214,0.42071535943802185,0.2901975105970451,0.4167549391308175,0.6082388948630987,3484,1,merged unique formal+refinement candidates,label-assisted family-level benchmark HPO
RNA_PROTEIN,A1,CMBF_bece8ed9e6eb07a0,"{""anchor_strength"":0.4,""boundary_enabled"":true,""conflict_enabled"":true,""conflict_pass"":0.25,""directional_enabled"":true,""directional_mix"":0,""min_cluster_fraction_of_equal"":0.01,""move_boundary_floor"":0.28,""pairwise_strength"":0.08,""self_return_strength"":0.4,""sweeps"":1,""trust_gate_enabled"":true,""trust_threshold"":0.35,""unary_view1_weight"":0.5}",PASS,,e2c855933d0ecbec83ae1625e993ea04a031651d4010f4048ea213075dcb306f,9bcf8dbf19dded510dbe24ecb034809a899c553db7b1cd446d64948af2e4d69a,2,114,"[275,773,569,182,307,790,168,114,121,185]",0.28292030096054077,0.28292030096054077,0.43415936827659607,0.3914601504802704,0.60858154296875,0.6115753054618835,0.013700199982849881,0,0,0.27591881554016506,0.42159105236313704,0.41781976731310116,0.416213000382576,0.4689262802029327,0.42159105236313704,0.28918848862927926,0.4189912045306013,0.6075771362395567,3484,1,merged unique formal+refinement candidates,label-assisted family-level benchmark HPO
RNA_PROTEIN,A1,CMBF_8d447e37e6bef35b,"{""anchor_strength"":0.4,""boundary_enabled"":true,""conflict_enabled"":true,""conflict_pass"":0.1,""directional_enabled"":true,""directional_mix"":0.25,""min_cluster_fraction_of_equal"":0.01,""move_boundary_floor"":0.34,""pairwise_strength"":0.08,""self_return_strength"":0.2,""sweeps"":1,""trust_gate_enabled"":true,""trust_threshold"":0.3,""unary_view1_weight"":0.65}",PASS,,8c3430f4db406f6d537ef7eb5e6691f8c5fd509adcd6aab968fd08b2481ebc2b,9bcf8dbf19dded510dbe24ecb034809a899c553db7b1cd446d64948af2e4d69a,3,114,"[274,773,569,182,307,790,168,114,121,186]",0.28317680954933167,0.2831767797470093,0.43364638090133667,0.3265414535999298,0.6738075017929077,0.6113477349281311,0.012350000004516914,0,0,0.2760037787216815,0.4216898282359679,0.41791929249969284,0.41628023289323707,0.46905020495327543,0.4216898282359679,0.2898402271894445,0.41756897342677124,0.6077425758954421,3484,1,merged unique formal+refinement candidates,label-assisted family-level benchmark HPO
RNA_PROTEIN,A1,CMBF_1fc64bbae640a570,"{""anchor_strength"":0.4,""boundary_enabled"":true,""conflict_enabled"":true,""conflict_pass"":0.1,""directional_enabled"":true,""directional_mix"":0.25,""min_cluster_fraction_of_equal"":0.01,""move_boundary_floor"":0.28,""pairwise_strength"":0.04,""self_return_strength"":0.4,""sweeps"":1,""trust_gate_enabled"":true,""trust_threshold"":0.35,""unary_view1_weight"":0.5}",PASS,,e2c855933d0ecbec83ae1625e993ea04a031651d4010f4048ea213075dcb306f,9bcf8dbf19dded510dbe24ecb034809a899c553db7b1cd446d64948af2e4d69a,2,114,"[275,773,569,182,307,790,168,114,121,185]",0.28317680954933167,0.2831767797470093,0.43364638090133667,0.3265414535999298,0.6738075017929077,0.6113477349281311,0.014626899996073917,0,0,0.27591881554016506,0.42159105236313704,0.41781976731310116,0.416213000382576,0.4689262802029327,0.42159105236313704,0.28918848862927926,0.4189912045306013,0.6075771362395567,3484,1,merged unique formal+refinement candidates,label-assisted family-level benchmark HPO
RNA_PROTEIN,A1,CMBF_213e12604fb79060,"{""anchor_strength"":0.2,""boundary_enabled"":true,""conflict_enabled"":true,""conflict_pass"":0.25,""directional_enabled"":true,""directional_mix"":0.25,""min_cluster_fraction_of_equal"":0.01,""move_boundary_floor"":0.28,""pairwise_strength"":0.08,""self_return_strength"":0.2,""sweeps"":1,""trust_gate_enabled"":true,""trust_threshold"":0.4,""unary_view1_weight"":0.5}",PASS,,5de4fff9c1e63e565c721227677afdc423ed29f59724208e93a0a2b2da158e4c,9bcf8dbf19dded510dbe24ecb034809a899c553db7b1cd446d64948af2e4d69a,15,114,"[272,772,572,182,307,791,166,114,122,186]",0.28317680954933167,0.2831767797470093,0.43364638090133667,0.39158838987350464,0.608742356300354,0.6113477349281311,0.015391200024168938,0,0,0.27484895593081254,0.4173765740704049,0.413577187872263,0.41535659508799977,0.4641670417436566,0.41737657407040485,0.28931619209496257,0.41830989360348975,0.6074944164116138,3484,1,merged unique formal+refinement candidates,label-assisted family-level benchmark HPO
RNA_PROTEIN,A1,CMBF_11c615c54c15bb1d,"{""anchor_strength"":0.2,""boundary_enabled"":true,""conflict_enabled"":true,""conflict_pass"":0.25,""directional_enabled"":true,""directional_mix"":0.25,""min_cluster_fraction_of_equal"":0.01,""move_boundary_floor"":0.34,""pairwise_strength"":0.04,""self_return_strength"":0.4,""sweeps"":1,""trust_gate_enabled"":true,""trust_threshold"":0.3,""unary_view1_weight"":0.5}",PASS,,e2c855933d0ecbec83ae1625e993ea04a031651d4010f4048ea213075dcb306f,9bcf8dbf19dded510dbe24ecb034809a899c553db7b1cd446d64948af2e4d69a,2,114,"[275,773,569,182,307,790,168,114,121,185]",0.28317680954933167,0.2831767797470093,0.43364638090133667,0.39158838987350464,0.608742356300354,0.6113477349281311,0.013342699996428564,0,0,0.27591881554016506,0.42159105236313704,0.41781976731310116,0.416213000382576,0.4689262802029327,0.42159105236313704,0.28918848862927926,0.4189912045306013,0.6075771362395567,3484,1,merged unique formal+refinement candidates,label-assisted family-level benchmark HPO
RNA_PROTEIN,A1,CMBF_db8a78b41c3992c1,"{""anchor_strength"":0.2,""boundary_enabled"":true,""conflict_enabled"":true,""conflict_pass"":0.25,""directional_enabled"":true,""directional_mix"":0,""min_cluster_fraction_of_equal"":0.01,""move_boundary_floor"":0.34,""pairwise_strength"":0.08,""self_return_strength"":0.2,""sweeps"":1,""trust_gate_enabled"":true,""trust_threshold"":0.35,""unary_view1_weight"":0.65}",PASS,,c8a54a9a05b618476bedc7b68d28b51bc933c2ab68272d09907779580504a290,9bcf8dbf19dded510dbe24ecb034809a899c553db7b1cd446d64948af2e4d69a,6,114,"[274,772,570,182,307,791,167,114,121,186]",0.28292030096054077,0.28292030096054077,0.43415936827659607,0.3914601504802704,0.60858154296875,0.6115753054618835,0.01385009998921305,0,0,0.2755031331890982,0.4200815404096488,0.4163001724873428,0.4158797038966715,0.46721673245846196,0.4200815404096488,0.29025574583279246,0.41668136537973016,0.6077425758954421,3484,1,merged unique formal+refinement candidates,label-assisted family-level benchmark HPO
RNA_PROTEIN,A1,CMBF_33b19d17d5d280d7,"{""anchor_strength"":0.4,""boundary_enabled"":true,""conflict_enabled"":true,""conflict_pass"":0.1,""directional_enabled"":true,""directional_mix"":0,""min_cluster_fraction_of_equal"":0.01,""move_boundary_floor"":0.22,""pairwise_strength"":0.04,""self_return_strength"":0.4,""sweeps"":1,""trust_gate_enabled"":true,""trust_threshold"":0.3,""unary_view1_weight"":0.65}",PASS,,231cd30c148930657b3052194a4c80eea45d881648274dc03bcf48ed2f0dfad3,9bcf8dbf19dded510dbe24ecb034809a899c553db7b1cd446d64948af2e4d69a,1,114,"[276,773,569,182,307,790,168,114,121,184]",0.28292030096054077,0.28292030096054077,0.43415936827659607,0.3263362646102905,0.6737259030342102,0.6115753054618835,0.01342469998053275,0,0,0.2758353375424975,0.4214931559616676,0.4177211249483424,0.41614709692225793,0.4688030160194484,0.42149315596166753,0.2900149144484758,0.41721259645005665,0.6079080155513277,3484,1,merged unique formal+refinement candidates,label-assisted family-level benchmark HPO
RNA_PROTEIN,A1,CMBF_3550d2b2086e6fd6,"{""anchor_strength"":0.4,""boundary_enabled"":true,""conflict_enabled"":true,""conflict_pass"":0.25,""directional_enabled"":true,""directional_mix"":0.25,""min_cluster_fraction_of_equal"":0.01,""move_boundary_floor"":0.22,""pairwise_strength"":0.04,""self_return_strength"":0.2,""sweeps"":1,""trust_gate_enabled"":true,""trust_threshold"":0.4,""unary_view1_weight"":0.5}",PASS,,b1e6c9da77c4973e6d2f8fffb07e477605aa2c5520e98fb1b05275d5080f5e91,9bcf8dbf19dded510dbe24ecb034809a899c553db7b1cd446d64948af2e4d69a,8,114,"[274,771,570,182,307,790,168,114,121,187]",0.28317680954933167,0.2831767797470093,0.43364638090133667,0.39158838987350464,0.608742356300354,0.6113477349281311,0.015076500014401972,0,0,0.2757368804019965,0.41982809949635264,0.4160459221520974,0.41602400644125426,0.4670409837571004,0.4198280994963526,0.28869176394873663,0.4197220101553943,0.606749937960129,3484,1,merged unique formal+refinement candidates,label-assisted family-level benchmark HPO
RNA_PROTEIN,A1,CMBF_9e60966a5600b223,"{""anchor_strength"":0.2,""boundary_enabled"":true,""conflict_enabled"":true,""conflict_pass"":0.25,""directional_enabled"":true,""directional_mix"":0.25,""min_cluster_fraction_of_equal"":0.01,""move_boundary_floor"":0.28,""pairwise_strength"":0.04,""self_return_strength"":0.2,""sweeps"":1,""trust_gate_enabled"":true,""trust_threshold"":0.35,""unary_view1_weight"":0.65}",PASS,,3c05335e44fbf359a45582aa2346eb99ba1786c8cd84466d037faa45df3cfa6b,9bcf8dbf19dded510dbe24ecb034809a899c553db7b1cd446d64948af2e4d69a,7,114,"[275,771,570,182,307,791,167,114,121,186]",0.28317680954933167,0.2831767797470093,0.43364638090133667,0.39158838987350464,0.608742356300354,0.6113477349281311,0.014237299998058006,0,0,0.275443178600678,0.41952799033139476,0.4157433141813163,0.41580860271441344,0.4666379520743442,0.41952799033139476,0.2903042753233425,0.4165880955278529,0.6074944164116138,3484,1,merged unique formal+refinement candidates,label-assisted family-level benchmark HPO
RNA_PROTEIN,A1,CMBF_a9fad04d89c6226c,"{""anchor_strength"":0.4,""boundary_enabled"":true,""conflict_enabled"":true,""conflict_pass"":0.25,""directional_enabled"":true,""directional_mix"":0,""min_cluster_fraction_of_equal"":0.01,""move_boundary_floor"":0.28,""pairwise_strength"":0.04,""self_return_strength"":0.4,""sweeps"":1,""trust_gate_enabled"":true,""trust_threshold"":0.25,""unary_view1_weight"":0.5}",PASS,,231cd30c148930657b3052194a4c80eea45d881648274dc03bcf48ed2f0dfad3,9bcf8dbf19dded510dbe24ecb034809a899c553db7b1cd446d64948af2e4d69a,1,114,"[276,773,569,182,307,790,168,114,121,184]",0.28292030096054077,0.28292030096054077,0.43415936827659607,0.3914601504802704,0.60858154296875,0.6115753054618835,0.011065700004110113,0,0,0.2758353375424975,0.4214931559616676,0.4177211249483424,0.41614709692225793,0.4688030160194484,0.42149315596166753,0.2900149144484758,0.41721259645005665,0.6079080155513277,3484,1,merged unique formal+refinement candidates,label-assisted family-level benchmark HPO
RNA_PROTEIN,A1,CMBF_51358555c3333a17,"{""anchor_strength"":0.2,""boundary_enabled"":true,""conflict_enabled"":true,""conflict_pass"":0.1,""directional_enabled"":true,""directional_mix"":0,""min_cluster_fraction_of_equal"":0.01,""move_boundary_floor"":0.22,""pairwise_strength"":0.08,""self_return_strength"":0.2,""sweeps"":1,""trust_gate_enabled"":true,""trust_threshold"":0.25,""unary_view1_weight"":0.5}",PASS,,a65e79aeb63473ad11dfaac1ce715c074cd12901560061f626a90db02027274f,9bcf8dbf19dded510dbe24ecb034809a899c553db7b1cd446d64948af2e4d69a,5,114,"[276,773,570,182,307,791,167,114,121,183]",0.28292030096054077,0.28292030096054077,0.43415936827659607,0.3263362646102905,0.6737259030342102,0.6115753054618835,0.011181300011230633,0,0,0.27531199734075296,0.4204193899912559,0.41663960215648804,0.4157526045891472,0.4675127253113172,0.4204193899912559,0.2899659711586108,0.41708348897602354,0.608156175035156,3484,1,merged unique formal+refinement candidates,label-assisted family-level benchmark HPO
RNA_PROTEIN,A1,CMBF_5750b172b3893a44,"{""anchor_strength"":0.2,""boundary_enabled"":true,""conflict_enabled"":true,""conflict_pass"":0.25,""directional_enabled"":true,""directional_mix"":0.25,""min_cluster_fraction_of_equal"":0.01,""move_boundary_floor"":0.22,""pairwise_strength"":0.04,""self_return_strength"":0.2,""sweeps"":1,""trust_gate_enabled"":true,""trust_threshold"":0.3,""unary_view1_weight"":0.65}",PASS,,01adacfa2b31216aeca27f165fef4158844838698345aa10ee77c015052694a2,9bcf8dbf19dded510dbe24ecb034809a899c553db7b1cd446d64948af2e4d69a,6,114,"[275,771,570,182,307,790,168,114,121,186]",0.28317680954933167,0.2831767797470093,0.43364638090133667,0.39158838987350464,0.608742356300354,0.6113477349281311,0.013959899981273338,0,0,0.2756490388604726,0.4197267820730917,0.4159438399472939,0.4159543117877832,0.4669144712678794,0.4197267820730918,0.2902780549719614,0.4166686978247026,0.6072462569277856,3484,1,merged unique formal+refinement candidates,label-assisted family-level benchmark HPO
RNA_PROTEIN,A1,CMBF_8df801fa42d0643f,"{""anchor_strength"":0.4,""boundary_enabled"":true,""conflict_enabled"":true,""conflict_pass"":0.1,""directional_enabled"":true,""directional_mix"":0,""min_cluster_fraction_of_equal"":0.01,""move_boundary_floor"":0.22,""pairwise_strength"":0.04,""self_return_strength"":0.2,""sweeps"":1,""trust_gate_enabled"":true,""trust_threshold"":0.25,""unary_view1_weight"":0.5}",PASS,,c2590756a23533eee680a8d5a5dee1aea1b25bc1f785453599eb0f330f7ddc19,9bcf8dbf19dded510dbe24ecb034809a899c553db7b1cd446d64948af2e4d69a,2,114,"[276,773,570,182,307,790,168,114,121,183]",0.28292030096054077,0.28292030096054077,0.43415936827659607,0.3263362646102905,0.6737259030342102,0.6115753054618835,0.011353300011251122,0,0,0.27551775869693196,0.4206181255586545,0.416840071246082,0.4158980968058102,0.4677892445048523,0.4206181255586545,0.2896427845630436,0.4177581128712367,0.6079080155513277,3484,1,merged unique formal+refinement candidates,label-assisted family-level benchmark HPO
RNA_PROTEIN,A1,CMBF_5b019f4196c15c93,"{""anchor_strength"":0.4,""boundary_enabled"":true,""conflict_enabled"":true,""conflict_pass"":0.25,""directional_enabled"":true,""directional_mix"":0,""min_cluster_fraction_of_equal"":0.01,""move_boundary_floor"":0.28,""pairwise_strength"":0.08,""self_return_strength"":0.4,""sweeps"":1,""trust_gate_enabled"":true,""trust_threshold"":0.25,""unary_view1_weight"":0.5}",PASS,,231cd30c148930657b3052194a4c80eea45d881648274dc03bcf48ed2f0dfad3,9bcf8dbf19dded510dbe24ecb034809a899c553db7b1cd446d64948af2e4d69a,1,114,"[276,773,569,182,307,790,168,114,121,184]",0.28292030096054077,0.28292030096054077,0.43415936827659607,0.3914601504802704,0.60858154296875,0.6115753054618835,0.010975300014251843,0,0,0.2758353375424975,0.4214931559616676,0.4177211249483424,0.41614709692225793,0.4688030160194484,0.42149315596166753,0.2900149144484758,0.41721259645005665,0.6079080155513277,3484,1,merged unique formal+refinement candidates,label-assisted family-level benchmark HPO
RNA_PROTEIN,A1,CMBF_d878b91ccd78876a,"{""anchor_strength"":0.4,""boundary_enabled"":true,""conflict_enabled"":true,""conflict_pass"":0.1,""directional_enabled"":true,""directional_mix"":0.25,""min_cluster_fraction_of_equal"":0.01,""move_boundary_floor"":0.28,""pairwise_strength"":0.04,""self_return_strength"":0.2,""sweeps"":1,""trust_gate_enabled"":true,""trust_threshold"":0.35,""unary_view1_weight"":0.65}",PASS,,8c3430f4db406f6d537ef7eb5e6691f8c5fd509adcd6aab968fd08b2481ebc2b,9bcf8dbf19dded510dbe24ecb034809a899c553db7b1cd446d64948af2e4d69a,3,114,"[274,773,569,182,307,790,168,114,121,186]",0.28317680954933167,0.2831767797470093,0.43364638090133667,0.3265414535999298,0.6738075017929077,0.6113477349281311,0.012665899994317442,0,0,0.2760037787216815,0.4216898282359679,0.41791929249969284,0.41628023289323707,0.46905020495327543,0.4216898282359679,0.2898402271894445,0.41756897342677124,0.6077425758954421,3484,1,merged unique formal+refinement candidates,label-assisted family-level benchmark HPO
RNA_PROTEIN,A1,CMBF_c451e787972c2797,"{""anchor_strength"":0.2,""boundary_enabled"":true,""conflict_enabled"":true,""conflict_pass"":0.1,""directional_enabled"":true,""directional_mix"":0.25,""min_cluster_fraction_of_equal"":0.01,""move_boundary_floor"":0.22,""pairwise_strength"":0.08,""self_return_strength"":0.2,""sweeps"":1,""trust_gate_enabled"":true,""trust_threshold"":0.35,""unary_view1_weight"":0.65}",PASS,,3c05335e44fbf359a45582aa2346eb99ba1786c8cd84466d037faa45df3cfa6b,9bcf8dbf19dded510dbe24ecb034809a899c553db7b1cd446d64948af2e4d69a,7,114,"[275,771,570,182,307,791,167,114,121,186]",0.28317680954933167,0.2831767797470093,0.43364638090133667,0.3265414535999298,0.6738075017929077,0.6113477349281311,0.014266999991377816,0,0,0.275443178600678,0.41952799033139476,0.4157433141813163,0.41580860271441344,0.4666379520743442,0.41952799033139476,0.2903042753233425,0.4165880955278529,0.6074944164116138,3484,1,merged unique formal+refinement candidates,label-assisted family-level benchmark HPO
RNA_PROTEIN,A1,CMBF_f9449aa1499e111c,"{""anchor_strength"":0.4,""boundary_enabled"":true,""conflict_enabled"":true,""conflict_pass"":0.25,""directional_enabled"":true,""directional_mix"":0.25,""min_cluster_fraction_of_equal"":0.01,""move_boundary_floor"":0.22,""pairwise_strength"":0.04,""self_return_strength"":0.2,""sweeps"":1,""trust_gate_enabled"":true,""trust_threshold"":0.3,""unary_view1_weight"":0.65}",PASS,,8c3430f4db406f6d537ef7eb5e6691f8c5fd509adcd6aab968fd08b2481ebc2b,9bcf8dbf19dded510dbe24ecb034809a899c553db7b1cd446d64948af2e4d69a,3,114,"[274,773,569,182,307,790,168,114,121,186]",0.28317680954933167,0.2831767797470093,0.43364638090133667,0.39158838987350464,0.608742356300354,0.6113477349281311,0.013142200012225658,0,0,0.2760037787216815,0.4216898282359679,0.41791929249969284,0.41628023289323707,0.46905020495327543,0.4216898282359679,0.2898402271894445,0.41756897342677124,0.6077425758954421,3484,1,merged unique formal+refinement candidates,label-assisted family-level benchmark HPO
RNA_PROTEIN,A1,CMBF_a7d625d6eecb142d,"{""anchor_strength"":0.2,""boundary_enabled"":true,""conflict_enabled"":true,""conflict_pass"":0.25,""directional_enabled"":true,""directional_mix"":0.25,""min_cluster_fraction_of_equal"":0.01,""move_boundary_floor"":0.28,""pairwise_strength"":0.08,""self_return_strength"":0.2,""sweeps"":1,""trust_gate_enabled"":true,""trust_threshold"":0.3,""unary_view1_weight"":0.5}",PASS,,5743cd78bd85cb67c22c90f702414053699c756f008cafcfa642bd1543ff3775,9bcf8dbf19dded510dbe24ecb034809a899c553db7b1cd446d64948af2e4d69a,12,114,"[273,771,571,182,307,791,167,114,122,186]",0.28317680954933167,0.2831767797470093,0.43364638090133667,0.39158838987350464,0.608742356300354,0.6113477349281311,0.01306490000570193,0,0,0.2751238032143821,0.41803470893814937,0.4142402615107007,0.4155478594060856,0.46497982480193906,0.41803470893814937,0.2904012248673091,0.41602202936716415,0.6074944164116138,3484,1,merged unique formal+refinement candidates,label-assisted family-level benchmark HPO
RNA_PROTEIN,A1,CMBF_70128024508b33d3,"{""anchor_strength"":0.2,""boundary_enabled"":true,""conflict_enabled"":true,""conflict_pass"":0.25,""directional_enabled"":true,""directional_mix"":0,""min_cluster_fraction_of_equal"":0.01,""move_boundary_floor"":0.34,""pairwise_strength"":0.08,""self_return_strength"":0.2,""sweeps"":1,""trust_gate_enabled"":true,""trust_threshold"":0.3,""unary_view1_weight"":0.5}",PASS,,bca1bcd0f21026a712c280d14f62d2ab2d2d1365f22ce30b526ed438eb6f4204,9bcf8dbf19dded510dbe24ecb034809a899c553db7b1cd446d64948af2e4d69a,10,114,"[273,772,571,182,307,791,167,114,121,186]",0.28292030096054077,0.28292030096054077,0.43415936827659607,0.3914601504802704,0.60858154296875,0.6115753054618835,0.012325799994869158,0,0,0.2752716023154984,0.41938659389768984,0.4156004828679332,0.4156988614019549,0.466417579291525,0.41938659389768984,0.290300070052931,0.4162766526252601,0.6077425758954421,3484,1,merged unique formal+refinement candidates,label-assisted family-level benchmark HPO
RNA_PROTEIN,A1,CMBF_ee817cc11695d9c8,"{""anchor_strength"":0.4,""boundary_enabled"":true,""conflict_enabled"":true,""conflict_pass"":0.25,""directional_enabled"":true,""directional_mix"":0.25,""min_cluster_fraction_of_equal"":0.01,""move_boundary_floor"":0.22,""pairwise_strength"":0.08,""self_return_strength"":0.2,""sweeps"":1,""trust_gate_enabled"":true,""trust_threshold"":0.3,""unary_view1_weight"":0.5}",PASS,,d3b3824a3b101db967efb166aaed0df9e3a972465dde2ebd1f753abbf2d90e5d,9bcf8dbf19dded510dbe24ecb034809a899c553db7b1cd446d64948af2e4d69a,8,114,"[274,771,570,182,307,790,168,114,121,187]",0.28317680954933167,0.2831767797470093,0.43364638090133667,0.39158838987350464,0.608742356300354,0.6113477349281311,0.01242479999200441,0,0,0.2757368804019965,0.41982809949635264,0.4160459221520974,0.41602400644125426,0.4670409837571004,0.4198280994963526,0.2892802644834675,0.418301697858962,0.6068326577880718,3484,1,merged unique formal+refinement candidates,label-assisted family-level benchmark HPO
RNA_PROTEIN,D1,CMBF_97668dca057d41bd,"{""anchor_strength"":0.4,""boundary_enabled"":true,""conflict_enabled"":true,""conflict_pass"":0.1,""directional_enabled"":true,""directional_mix"":0,""min_cluster_fraction_of_equal"":0.01,""move_boundary_floor"":0.34,""pairwise_strength"":0.08,""self_return_strength"":0.2,""sweeps"":1,""trust_gate_enabled"":true,""trust_threshold"":0.35,""unary_view1_weight"":0.65}",PASS,,47f5ba48cd016d19087cc0c813ba5d1f3b6ad0b1348c66778b136659e3a45334,62787ef341fd01198c121b8a43c1359d8191674253ead3ce355323fe2ab39426,5,58,"[996,92,1081,133,212,369,92,209,58,117]",0.25620773434638977,0.25620776414871216,0.48758453130722046,0.30496618151664734,0.6947974562644958,0.5915786623954773,0.042657700018025935,0,0,0.36647786249458353,0.4481582291179582,0.44422690581631913,0.505082035057397,0.45951721078927493,0.44815822911795816,0.35772217116151317,0.28518937020115226,0.6655512655512655,3359,1,merged unique formal+refinement candidates,label-assisted family-level benchmark HPO
RNA_PROTEIN,D1,CMBF_51963f0deb534caf,"{""anchor_strength"":0.4,""boundary_enabled"":true,""conflict_enabled"":true,""conflict_pass"":0.25,""directional_enabled"":true,""directional_mix"":0,""min_cluster_fraction_of_equal"":0.01,""move_boundary_floor"":0.28,""pairwise_strength"":0.08,""self_return_strength"":0.4,""sweeps"":1,""trust_gate_enabled"":true,""trust_threshold"":0.3,""unary_view1_weight"":0.65}",PASS,,adedb2efd63273a6301ba74136a0d2ab33b5c6e803112fc61a302254294d7cf6,62787ef341fd01198c121b8a43c1359d8191674253ead3ce355323fe2ab39426,3,57,"[997,91,1081,133,212,369,93,209,57,117]",0.25620773434638977,0.25620776414871216,0.48758453130722046,0.3781038820743561,0.621658980846405,0.5915786623954773,0.04317869999795221,0,0,0.36607201517843396,0.4471909328138877,0.4432520244806396,0.5048165623340746,0.4584157880237409,0.4471909328138877,0.35626455565296733,0.2878972441995123,0.6655512655512655,3359,1,merged unique formal+refinement candidates,label-assisted family-level benchmark HPO
RNA_PROTEIN,D1,CMBF_5253aef845f50c0d,"{""anchor_strength"":0.2,""boundary_enabled"":true,""conflict_enabled"":true,""conflict_pass"":0.25,""directional_enabled"":true,""directional_mix"":0.25,""min_cluster_fraction_of_equal"":0.01,""move_boundary_floor"":0.22,""pairwise_strength"":0.04,""self_return_strength"":0.4,""sweeps"":1,""trust_gate_enabled"":true,""trust_threshold"":0.25,""unary_view1_weight"":0.5}",PASS,,7760f71785fca1ad38b9fb692d622e16d52e8fe85be1dd288955eb1f5975e603,62787ef341fd01198c121b8a43c1359d8191674253ead3ce355323fe2ab39426,4,57,"[997,92,1081,133,212,369,92,209,57,117]",0.2554507255554199,0.2554507255554199,0.48909851908683777,0.3777253329753876,0.622412919998169,0.5909157991409302,0.05769690001034178,0,0,0.3661096898855912,0.4472758416615016,0.4433375397201273,0.5048459416606522,0.4585032443285331,0.4472758416615016,0.3562688491439272,0.28794524310887604,0.6654654654654655,3359,1,merged unique formal+refinement candidates,label-assisted family-level benchmark HPO
RNA_PROTEIN,D1,CMBF_0ff7270bbf26e0d3,"{""anchor_strength"":0.4,""boundary_enabled"":true,""conflict_enabled"":true,""conflict_pass"":0.25,""directional_enabled"":true,""directional_mix"":0,""min_cluster_fraction_of_equal"":0.01,""move_boundary_floor"":0.28,""pairwise_strength"":0.08,""self_return_strength"":0.2,""sweeps"":1,""trust_gate_enabled"":true,""trust_threshold"":0.25,""unary_view1_weight"":0.65}",PASS,,47f5ba48cd016d19087cc0c813ba5d1f3b6ad0b1348c66778b136659e3a45334,62787ef341fd01198c121b8a43c1359d8191674253ead3ce355323fe2ab39426,5,58,"[996,92,1081,133,212,369,92,209,58,117]",0.25620773434638977,0.25620776414871216,0.48758453130722046,0.3781038820743561,0.621658980846405,0.5915786623954773,0.011094100016634911,0,0,0.36647786249458353,0.4481582291179582,0.44422690581631913,0.505082035057397,0.45951721078927493,0.44815822911795816,0.35772217116151317,0.28518937020115226,0.6655512655512655,3359,1,merged unique formal+refinement candidates,label-assisted family-level benchmark HPO
RNA_PROTEIN,D1,CMBF_6dd9bec516983ec4,"{""anchor_strength"":0.4,""boundary_enabled"":true,""conflict_enabled"":true,""conflict_pass"":0.1,""directional_enabled"":true,""directional_mix"":0,""min_cluster_fraction_of_equal"":0.01,""move_boundary_floor"":0.34,""pairwise_strength"":0.04,""self_return_strength"":0.4,""sweeps"":1,""trust_gate_enabled"":true,""trust_threshold"":0.4,""unary_view1_weight"":0.5}",PASS,,fd982e8003658e8ecc627d885979e598af4c7e4252f7b23bc3c690980b98ae91,62787ef341fd01198c121b8a43c1359d8191674253ead3ce355323fe2ab39426,4,57,"[997,90,1081,133,212,369,93,209,57,118]",0.25620773434638977,0.25620776414871216,0.48758453130722046,0.30496618151664734,0.6947974562644958,0.5915786623954773,0.012056100007612258,0,0,0.3659779035707677,0.44676194494347843,0.4428199298658444,0.5047445194463691,0.45796604720161427,0.4467619449434784,0.35630793650581066,0.2878212696456228,0.6654654654654655,3359,1,merged unique formal+refinement candidates,label-assisted family-level benchmark HPO
RNA_PROTEIN,D1,CMBF_077ba1a69d3463cf,"{""anchor_strength"":0.2,""boundary_enabled"":true,""conflict_enabled"":true,""conflict_pass"":0.25,""directional_enabled"":true,""directional_mix"":0.25,""min_cluster_fraction_of_equal"":0.01,""move_boundary_floor"":0.22,""pairwise_strength"":0.04,""self_return_strength"":0.4,""sweeps"":1,""trust_gate_enabled"":true,""trust_threshold"":0.25,""unary_view1_weight"":0.65}",PASS,,adedb2efd63273a6301ba74136a0d2ab33b5c6e803112fc61a302254294d7cf6,62787ef341fd01198c121b8a43c1359d8191674253ead3ce355323fe2ab39426,3,57,"[997,91,1081,133,212,369,93,209,57,117]",0.2554507255554199,0.2554507255554199,0.48909851908683777,0.3777253329753876,0.622412919998169,0.5909157991409302,0.011838400008855388,0,0,0.36607201517843396,0.4471909328138877,0.4432520244806396,0.5048165623340746,0.4584157880237409,0.4471909328138877,0.35626455565296733,0.2878972441995123,0.6655512655512655,3359,1,merged unique formal+refinement candidates,label-assisted family-level benchmark HPO
RNA_PROTEIN,D1,CMBF_f23d7ddb69621e3b,"{""anchor_strength"":0.4,""boundary_enabled"":true,""conflict_enabled"":true,""conflict_pass"":0.1,""directional_enabled"":true,""directional_mix"":0.25,""min_cluster_fraction_of_equal"":0.01,""move_boundary_floor"":0.34,""pairwise_strength"":0.08,""self_return_strength"":0.2,""sweeps"":1,""trust_gate_enabled"":true,""trust_threshold"":0.4,""unary_view1_weight"":0.5}",PASS,,85c7ce284fec370b9d8cb5f9b07a8021ce4858b3f4a89cea60f6413984d8c47e,62787ef341fd01198c121b8a43c1359d8191674253ead3ce355323fe2ab39426,7,57,"[997,90,1081,134,211,369,93,209,57,118]",0.2554507255554199,0.2554507255554199,0.48909851908683777,0.304360568523407,0.6957717537879944,0.5909157991409302,0.058122399990679696,0,0,0.36592006760651774,0.4465330361387731,0.4425895251889694,0.5046950461191992,0.4577489854729924,0.4465330361387731,0.357015321255609,0.2865326917765467,0.6659802659802659,3359,1,merged unique formal+refinement candidates,label-assisted family-level benchmark HPO
RNA_PROTEIN,D1,CMBF_57e7cec8d71f89bc,"{""anchor_strength"":0.2,""boundary_enabled"":true,""conflict_enabled"":true,""conflict_pass"":0.25,""directional_enabled"":true,""directional_mix"":0,""min_cluster_fraction_of_equal"":0.01,""move_boundary_floor"":0.28,""pairwise_strength"":0.04,""self_return_strength"":0.4,""sweeps"":1,""trust_gate_enabled"":true,""trust_threshold"":0.4,""unary_view1_weight"":0.5}",PASS,,11bca1e665a2bd11ba6df607f6bcb8223d1d95a1f1eeaf4ebd44966a02e91b1b,62787ef341fd01198c121b8a43c1359d8191674253ead3ce355323fe2ab39426,7,57,"[997,89,1081,133,213,369,93,209,57,118]",0.25620773434638977,0.25620776414871216,0.48758453130722046,0.3781038820743561,0.621658980846405,0.5915786623954773,0.012172399990959093,0,0,0.36591691916515934,0.4466099211939732,0.44266660129733976,0.5047036359978507,0.4577771527642791,0.44660992119397314,0.3571520009068624,0.28624048044537725,0.6653796653796654,3359,1,merged unique formal+refinement candidates,label-assisted family-level benchmark HPO
RNA_PROTEIN,D1,CMBF_4824c9d009134e6d,"{""anchor_strength"":0.4,""boundary_enabled"":true,""conflict_enabled"":true,""conflict_pass"":0.1,""directional_enabled"":true,""directional_mix"":0.25,""min_cluster_fraction_of_equal"":0.01,""move_boundary_floor"":0.22,""pairwise_strength"":0.04,""self_return_strength"":0.4,""sweeps"":1,""trust_gate_enabled"":true,""trust_threshold"":0.3,""unary_view1_weight"":0.5}",PASS,,7760f71785fca1ad38b9fb692d622e16d52e8fe85be1dd288955eb1f5975e603,62787ef341fd01198c121b8a43c1359d8191674253ead3ce355323fe2ab39426,4,57,"[997,92,1081,133,212,369,92,209,57,117]",0.2554507255554199,0.2554507255554199,0.48909851908683777,0.304360568523407,0.6957717537879944,0.5909157991409302,0.012361700006294996,0,0,0.3661096898855912,0.4472758416615016,0.4433375397201273,0.5048459416606522,0.4585032443285331,0.4472758416615016,0.3562688491439272,0.28794524310887604,0.6654654654654655,3359,1,merged unique formal+refinement candidates,label-assisted family-level benchmark HPO
RNA_PROTEIN,D1,CMBF_c33db8db1992051f,"{""anchor_strength"":0.2,""boundary_enabled"":true,""conflict_enabled"":true,""conflict_pass"":0.25,""directional_enabled"":true,""directional_mix"":0,""min_cluster_fraction_of_equal"":0.01,""move_boundary_floor"":0.22,""pairwise_strength"":0.04,""self_return_strength"":0.4,""sweeps"":1,""trust_gate_enabled"":true,""trust_threshold"":0.4,""unary_view1_weight"":0.65}",PASS,,c1878df61bc1e037be82b6baaaf30a9a1f1d01258a417dbd2b40b25025da4968,62787ef341fd01198c121b8a43c1359d8191674253ead3ce355323fe2ab39426,6,57,"[997,90,1081,133,213,369,92,209,57,118]",0.25620773434638977,0.25620776414871216,0.48758453130722046,0.3781038820743561,0.621658980846405,0.5915786623954773,0.012852400017436594,0,0,0.36595318907539476,0.4466940140939391,0.4427512973913578,0.5047318073053313,0.45786460906907145,0.4466940140939391,0.35653045820198576,0.28742519410990724,0.6656370656370656,3359,1,merged unique formal+refinement candidates,label-assisted family-level benchmark HPO
RNA_PROTEIN,D1,CMBF_d8b1c99839eb1648,"{""anchor_strength"":0.2,""boundary_enabled"":true,""conflict_enabled"":true,""conflict_pass"":0.1,""directional_enabled"":true,""directional_mix"":0,""min_cluster_fraction_of_equal"":0.01,""move_boundary_floor"":0.34,""pairwise_strength"":0.08,""self_return_strength"":0.2,""sweeps"":1,""trust_gate_enabled"":true,""trust_threshold"":0.35,""unary_view1_weight"":0.65}",PASS,,47f5ba48cd016d19087cc0c813ba5d1f3b6ad0b1348c66778b136659e3a45334,62787ef341fd01198c121b8a43c1359d8191674253ead3ce355323fe2ab39426,5,58,"[996,92,1081,133,212,369,92,209,58,117]",0.25620773434638977,0.25620776414871216,0.48758453130722046,0.30496618151664734,0.6947974562644958,0.5915786623954773,0.04971049999585375,0,0,0.36647786249458353,0.4481582291179582,0.44422690581631913,0.505082035057397,0.45951721078927493,0.44815822911795816,0.35772217116151317,0.28518937020115226,0.6655512655512655,3359,1,merged unique formal+refinement candidates,label-assisted family-level benchmark HPO
RNA_PROTEIN,D1,CMBF_bece8ed9e6eb07a0,"{""anchor_strength"":0.4,""boundary_enabled"":true,""conflict_enabled"":true,""conflict_pass"":0.25,""directional_enabled"":true,""directional_mix"":0,""min_cluster_fraction_of_equal"":0.01,""move_boundary_floor"":0.28,""pairwise_strength"":0.08,""self_return_strength"":0.4,""sweeps"":1,""trust_gate_enabled"":true,""trust_threshold"":0.35,""unary_view1_weight"":0.5}",PASS,,7760f71785fca1ad38b9fb692d622e16d52e8fe85be1dd288955eb1f5975e603,62787ef341fd01198c121b8a43c1359d8191674253ead3ce355323fe2ab39426,4,57,"[997,92,1081,133,212,369,92,209,57,117]",0.25620773434638977,0.25620776414871216,0.48758453130722046,0.3781038820743561,0.621658980846405,0.5915786623954773,0.011832899996079504,0,0,0.3661096898855912,0.4472758416615016,0.4433375397201273,0.5048459416606522,0.4585032443285331,0.4472758416615016,0.3562688491439272,0.28794524310887604,0.6654654654654655,3359,1,merged unique formal+refinement candidates,label-assisted family-level benchmark HPO
RNA_PROTEIN,D1,CMBF_8d447e37e6bef35b,"{""anchor_strength"":0.4,""boundary_enabled"":true,""conflict_enabled"":true,""conflict_pass"":0.1,""directional_enabled"":true,""directional_mix"":0.25,""min_cluster_fraction_of_equal"":0.01,""move_boundary_floor"":0.34,""pairwise_strength"":0.08,""self_return_strength"":0.2,""sweeps"":1,""trust_gate_enabled"":true,""trust_threshold"":0.3,""unary_view1_weight"":0.65}",PASS,,47f5ba48cd016d19087cc0c813ba5d1f3b6ad0b1348c66778b136659e3a45334,62787ef341fd01198c121b8a43c1359d8191674253ead3ce355323fe2ab39426,5,58,"[996,92,1081,133,212,369,92,209,58,117]",0.2554507255554199,0.2554507255554199,0.48909851908683777,0.304360568523407,0.6957717537879944,0.5909157991409302,0.013283899985253811,0,0,0.36647786249458353,0.4481582291179582,0.44422690581631913,0.505082035057397,0.45951721078927493,0.44815822911795816,0.35772217116151317,0.28518937020115226,0.6655512655512655,3359,1,merged unique formal+refinement candidates,label-assisted family-level benchmark HPO
RNA_PROTEIN,D1,CMBF_1fc64bbae640a570,"{""anchor_strength"":0.4,""boundary_enabled"":true,""conflict_enabled"":true,""conflict_pass"":0.1,""directional_enabled"":true,""directional_mix"":0.25,""min_cluster_fraction_of_equal"":0.01,""move_boundary_floor"":0.28,""pairwise_strength"":0.04,""self_return_strength"":0.4,""sweeps"":1,""trust_gate_enabled"":true,""trust_threshold"":0.35,""unary_view1_weight"":0.5}",PASS,,7760f71785fca1ad38b9fb692d622e16d52e8fe85be1dd288955eb1f5975e603,62787ef341fd01198c121b8a43c1359d8191674253ead3ce355323fe2ab39426,4,57,"[997,92,1081,133,212,369,92,209,57,117]",0.2554507255554199,0.2554507255554199,0.48909851908683777,0.304360568523407,0.6957717537879944,0.5909157991409302,0.012201799981994554,0,0,0.3661096898855912,0.4472758416615016,0.4433375397201273,0.5048459416606522,0.4585032443285331,0.4472758416615016,0.3562688491439272,0.28794524310887604,0.6654654654654655,3359,1,merged unique formal+refinement candidates,label-assisted family-level benchmark HPO
RNA_PROTEIN,D1,CMBF_213e12604fb79060,"{""anchor_strength"":0.2,""boundary_enabled"":true,""conflict_enabled"":true,""conflict_pass"":0.25,""directional_enabled"":true,""directional_mix"":0.25,""min_cluster_fraction_of_equal"":0.01,""move_boundary_floor"":0.28,""pairwise_strength"":0.08,""self_return_strength"":0.2,""sweeps"":1,""trust_gate_enabled"":true,""trust_threshold"":0.4,""unary_view1_weight"":0.5}",PASS,,85c7ce284fec370b9d8cb5f9b07a8021ce4858b3f4a89cea60f6413984d8c47e,62787ef341fd01198c121b8a43c1359d8191674253ead3ce355323fe2ab39426,7,57,"[997,90,1081,134,211,369,93,209,57,118]",0.2554507255554199,0.2554507255554199,0.48909851908683777,0.3777253329753876,0.622412919998169,0.5909157991409302,0.0131579999870155,0,0,0.36592006760651774,0.4465330361387731,0.4425895251889694,0.5046950461191992,0.4577489854729924,0.4465330361387731,0.357015321255609,0.2865326917765467,0.6659802659802659,3359,1,merged unique formal+refinement candidates,label-assisted family-level benchmark HPO
RNA_PROTEIN,D1,CMBF_11c615c54c15bb1d,"{""anchor_strength"":0.2,""boundary_enabled"":true,""conflict_enabled"":true,""conflict_pass"":0.25,""directional_enabled"":true,""directional_mix"":0.25,""min_cluster_fraction_of_equal"":0.01,""move_boundary_floor"":0.34,""pairwise_strength"":0.04,""self_return_strength"":0.4,""sweeps"":1,""trust_gate_enabled"":true,""trust_threshold"":0.3,""unary_view1_weight"":0.5}",PASS,,7760f71785fca1ad38b9fb692d622e16d52e8fe85be1dd288955eb1f5975e603,62787ef341fd01198c121b8a43c1359d8191674253ead3ce355323fe2ab39426,4,57,"[997,92,1081,133,212,369,92,209,57,117]",0.2554507255554199,0.2554507255554199,0.48909851908683777,0.3777253329753876,0.622412919998169,0.5909157991409302,0.012284800002817065,0,0,0.3661096898855912,0.4472758416615016,0.4433375397201273,0.5048459416606522,0.4585032443285331,0.4472758416615016,0.3562688491439272,0.28794524310887604,0.6654654654654655,3359,1,merged unique formal+refinement candidates,label-assisted family-level benchmark HPO
RNA_PROTEIN,D1,CMBF_db8a78b41c3992c1,"{""anchor_strength"":0.2,""boundary_enabled"":true,""conflict_enabled"":true,""conflict_pass"":0.25,""directional_enabled"":true,""directional_mix"":0,""min_cluster_fraction_of_equal"":0.01,""move_boundary_floor"":0.34,""pairwise_strength"":0.08,""self_return_strength"":0.2,""sweeps"":1,""trust_gate_enabled"":true,""trust_threshold"":0.35,""unary_view1_weight"":0.65}",PASS,,47f5ba48cd016d19087cc0c813ba5d1f3b6ad0b1348c66778b136659e3a45334,62787ef341fd01198c121b8a43c1359d8191674253ead3ce355323fe2ab39426,5,58,"[996,92,1081,133,212,369,92,209,58,117]",0.25620773434638977,0.25620776414871216,0.48758453130722046,0.3781038820743561,0.621658980846405,0.5915786623954773,0.01297889999113977,0,0,0.36647786249458353,0.4481582291179582,0.44422690581631913,0.505082035057397,0.45951721078927493,0.44815822911795816,0.35772217116151317,0.28518937020115226,0.6655512655512655,3359,1,merged unique formal+refinement candidates,label-assisted family-level benchmark HPO
RNA_PROTEIN,D1,CMBF_33b19d17d5d280d7,"{""anchor_strength"":0.4,""boundary_enabled"":true,""conflict_enabled"":true,""conflict_pass"":0.1,""directional_enabled"":true,""directional_mix"":0,""min_cluster_fraction_of_equal"":0.01,""move_boundary_floor"":0.22,""pairwise_strength"":0.04,""self_return_strength"":0.4,""sweeps"":1,""trust_gate_enabled"":true,""trust_threshold"":0.3,""unary_view1_weight"":0.65}",PASS,,adedb2efd63273a6301ba74136a0d2ab33b5c6e803112fc61a302254294d7cf6,62787ef341fd01198c121b8a43c1359d8191674253ead3ce355323fe2ab39426,3,57,"[997,91,1081,133,212,369,93,209,57,117]",0.25620773434638977,0.25620776414871216,0.48758453130722046,0.30496618151664734,0.6947974562644958,0.5915786623954773,0.012814799993066117,0,0,0.36607201517843396,0.4471909328138877,0.4432520244806396,0.5048165623340746,0.4584157880237409,0.4471909328138877,0.35626455565296733,0.2878972441995123,0.6655512655512655,3359,1,merged unique formal+refinement candidates,label-assisted family-level benchmark HPO
RNA_PROTEIN,D1,CMBF_3550d2b2086e6fd6,"{""anchor_strength"":0.4,""boundary_enabled"":true,""conflict_enabled"":true,""conflict_pass"":0.25,""directional_enabled"":true,""directional_mix"":0.25,""min_cluster_fraction_of_equal"":0.01,""move_boundary_floor"":0.22,""pairwise_strength"":0.04,""self_return_strength"":0.2,""sweeps"":1,""trust_gate_enabled"":true,""trust_threshold"":0.4,""unary_view1_weight"":0.5}",PASS,,353441e5f758101157dcccc905c5f8bbe53fcea16ea2a2d729218226b400c769,62787ef341fd01198c121b8a43c1359d8191674253ead3ce355323fe2ab39426,8,57,"[997,90,1081,133,213,369,92,209,57,118]",0.2554507255554199,0.2554507255554199,0.48909851908683777,0.3777253329753876,0.622412919998169,0.5909157991409302,0.014718999998876825,0,0,0.36595318907539476,0.4466940140939391,0.4427512973913578,0.5047318073053313,0.45786460906907145,0.4466940140939391,0.35722384645558813,0.2861534308328321,0.6656370656370656,3359,1,merged unique formal+refinement candidates,label-assisted family-level benchmark HPO
RNA_PROTEIN,D1,CMBF_9e60966a5600b223,"{""anchor_strength"":0.2,""boundary_enabled"":true,""conflict_enabled"":true,""conflict_pass"":0.25,""directional_enabled"":true,""directional_mix"":0.25,""min_cluster_fraction_of_equal"":0.01,""move_boundary_floor"":0.28,""pairwise_strength"":0.04,""self_return_strength"":0.2,""sweeps"":1,""trust_gate_enabled"":true,""trust_threshold"":0.35,""unary_view1_weight"":0.65}",PASS,,47f5ba48cd016d19087cc0c813ba5d1f3b6ad0b1348c66778b136659e3a45334,62787ef341fd01198c121b8a43c1359d8191674253ead3ce355323fe2ab39426,5,58,"[996,92,1081,133,212,369,92,209,58,117]",0.2554507255554199,0.2554507255554199,0.48909851908683777,0.3777253329753876,0.622412919998169,0.5909157991409302,0.012245999998413026,0,0,0.36647786249458353,0.4481582291179582,0.44422690581631913,0.505082035057397,0.45951721078927493,0.44815822911795816,0.35772217116151317,0.28518937020115226,0.6655512655512655,3359,1,merged unique formal+refinement candidates,label-assisted family-level benchmark HPO
RNA_PROTEIN,D1,CMBF_a9fad04d89c6226c,"{""anchor_strength"":0.4,""boundary_enabled"":true,""conflict_enabled"":true,""conflict_pass"":0.25,""directional_enabled"":true,""directional_mix"":0,""min_cluster_fraction_of_equal"":0.01,""move_boundary_floor"":0.28,""pairwise_strength"":0.04,""self_return_strength"":0.4,""sweeps"":1,""trust_gate_enabled"":true,""trust_threshold"":0.25,""unary_view1_weight"":0.5}",PASS,,7760f71785fca1ad38b9fb692d622e16d52e8fe85be1dd288955eb1f5975e603,62787ef341fd01198c121b8a43c1359d8191674253ead3ce355323fe2ab39426,4,57,"[997,92,1081,133,212,369,92,209,57,117]",0.25620773434638977,0.25620776414871216,0.48758453130722046,0.3781038820743561,0.621658980846405,0.5915786623954773,0.011256500001763925,0,0,0.3661096898855912,0.4472758416615016,0.4433375397201273,0.5048459416606522,0.4585032443285331,0.4472758416615016,0.3562688491439272,0.28794524310887604,0.6654654654654655,3359,1,merged unique formal+refinement candidates,label-assisted family-level benchmark HPO
RNA_PROTEIN,D1,CMBF_51358555c3333a17,"{""anchor_strength"":0.2,""boundary_enabled"":true,""conflict_enabled"":true,""conflict_pass"":0.1,""directional_enabled"":true,""directional_mix"":0,""min_cluster_fraction_of_equal"":0.01,""move_boundary_floor"":0.22,""pairwise_strength"":0.08,""self_return_strength"":0.2,""sweeps"":1,""trust_gate_enabled"":true,""trust_threshold"":0.25,""unary_view1_weight"":0.5}",PASS,,99aa81e0030d4a5627c7c0216cecbbc0ba1f7d60e6e6de5410264030f55e430c,62787ef341fd01198c121b8a43c1359d8191674253ead3ce355323fe2ab39426,5,57,"[997,92,1081,134,211,369,92,209,57,117]",0.25620773434638977,0.25620776414871216,0.48758453130722046,0.30496618151664734,0.6947974562644958,0.5915786623954773,0.012508800020441413,0,0,0.3660518564207465,0.44704691831051424,0.4431071202840446,0.5047964711987958,0.4582861825999114,0.4470469183105142,0.356283122581689,0.28792804938205335,0.6659802659802659,3359,1,merged unique formal+refinement candidates,label-assisted family-level benchmark HPO
RNA_PROTEIN,D1,CMBF_5750b172b3893a44,"{""anchor_strength"":0.2,""boundary_enabled"":true,""conflict_enabled"":true,""conflict_pass"":0.25,""directional_enabled"":true,""directional_mix"":0.25,""min_cluster_fraction_of_equal"":0.01,""move_boundary_floor"":0.22,""pairwise_strength"":0.04,""self_return_strength"":0.2,""sweeps"":1,""trust_gate_enabled"":true,""trust_threshold"":0.3,""unary_view1_weight"":0.65}",PASS,,47f5ba48cd016d19087cc0c813ba5d1f3b6ad0b1348c66778b136659e3a45334,62787ef341fd01198c121b8a43c1359d8191674253ead3ce355323fe2ab39426,5,58,"[996,92,1081,133,212,369,92,209,58,117]",0.2554507255554199,0.2554507255554199,0.48909851908683777,0.3777253329753876,0.622412919998169,0.5909157991409302,0.013086300023132935,0,0,0.36647786249458353,0.4481582291179582,0.44422690581631913,0.505082035057397,0.45951721078927493,0.44815822911795816,0.35772217116151317,0.28518937020115226,0.6655512655512655,3359,1,merged unique formal+refinement candidates,label-assisted family-level benchmark HPO
RNA_PROTEIN,D1,CMBF_8df801fa42d0643f,"{""anchor_strength"":0.4,""boundary_enabled"":true,""conflict_enabled"":true,""conflict_pass"":0.1,""directional_enabled"":true,""directional_mix"":0,""min_cluster_fraction_of_equal"":0.01,""move_boundary_floor"":0.22,""pairwise_strength"":0.04,""self_return_strength"":0.2,""sweeps"":1,""trust_gate_enabled"":true,""trust_threshold"":0.25,""unary_view1_weight"":0.5}",PASS,,7760f71785fca1ad38b9fb692d622e16d52e8fe85be1dd288955eb1f5975e603,62787ef341fd01198c121b8a43c1359d8191674253ead3ce355323fe2ab39426,4,57,"[997,92,1081,133,212,369,92,209,57,117]",0.25620773434638977,0.25620776414871216,0.48758453130722046,0.30496618151664734,0.6947974562644958,0.5915786623954773,0.012107300019124523,0,0,0.3661096898855912,0.4472758416615016,0.4433375397201273,0.5048459416606522,0.4585032443285331,0.4472758416615016,0.3562688491439272,0.28794524310887604,0.6654654654654655,3359,1,merged unique formal+refinement candidates,label-assisted family-level benchmark HPO
RNA_PROTEIN,D1,CMBF_5b019f4196c15c93,"{""anchor_strength"":0.4,""boundary_enabled"":true,""conflict_enabled"":true,""conflict_pass"":0.25,""directional_enabled"":true,""directional_mix"":0,""min_cluster_fraction_of_equal"":0.01,""move_boundary_floor"":0.28,""pairwise_strength"":0.08,""self_return_strength"":0.4,""sweeps"":1,""trust_gate_enabled"":true,""trust_threshold"":0.25,""unary_view1_weight"":0.5}",PASS,,7760f71785fca1ad38b9fb692d622e16d52e8fe85be1dd288955eb1f5975e603,62787ef341fd01198c121b8a43c1359d8191674253ead3ce355323fe2ab39426,4,57,"[997,92,1081,133,212,369,92,209,57,117]",0.25620773434638977,0.25620776414871216,0.48758453130722046,0.3781038820743561,0.621658980846405,0.5915786623954773,0.011929100000998005,0,0,0.3661096898855912,0.4472758416615016,0.4433375397201273,0.5048459416606522,0.4585032443285331,0.4472758416615016,0.3562688491439272,0.28794524310887604,0.6654654654654655,3359,1,merged unique formal+refinement candidates,label-assisted family-level benchmark HPO
RNA_PROTEIN,D1,CMBF_d878b91ccd78876a,"{""anchor_strength"":0.4,""boundary_enabled"":true,""conflict_enabled"":true,""conflict_pass"":0.1,""directional_enabled"":true,""directional_mix"":0.25,""min_cluster_fraction_of_equal"":0.01,""move_boundary_floor"":0.28,""pairwise_strength"":0.04,""self_return_strength"":0.2,""sweeps"":1,""trust_gate_enabled"":true,""trust_threshold"":0.35,""unary_view1_weight"":0.65}",PASS,,47f5ba48cd016d19087cc0c813ba5d1f3b6ad0b1348c66778b136659e3a45334,62787ef341fd01198c121b8a43c1359d8191674253ead3ce355323fe2ab39426,5,58,"[996,92,1081,133,212,369,92,209,58,117]",0.2554507255554199,0.2554507255554199,0.48909851908683777,0.304360568523407,0.6957717537879944,0.5909157991409302,0.013317700009793043,0,0,0.36647786249458353,0.4481582291179582,0.44422690581631913,0.505082035057397,0.45951721078927493,0.44815822911795816,0.35772217116151317,0.28518937020115226,0.6655512655512655,3359,1,merged unique formal+refinement candidates,label-assisted family-level benchmark HPO
RNA_PROTEIN,D1,CMBF_c451e787972c2797,"{""anchor_strength"":0.2,""boundary_enabled"":true,""conflict_enabled"":true,""conflict_pass"":0.1,""directional_enabled"":true,""directional_mix"":0.25,""min_cluster_fraction_of_equal"":0.01,""move_boundary_floor"":0.22,""pairwise_strength"":0.08,""self_return_strength"":0.2,""sweeps"":1,""trust_gate_enabled"":true,""trust_threshold"":0.35,""unary_view1_weight"":0.65}",PASS,,47f5ba48cd016d19087cc0c813ba5d1f3b6ad0b1348c66778b136659e3a45334,62787ef341fd01198c121b8a43c1359d8191674253ead3ce355323fe2ab39426,5,58,"[996,92,1081,133,212,369,92,209,58,117]",0.2554507255554199,0.2554507255554199,0.48909851908683777,0.304360568523407,0.6957717537879944,0.5909157991409302,0.012661400018259883,0,0,0.36647786249458353,0.4481582291179582,0.44422690581631913,0.505082035057397,0.45951721078927493,0.44815822911795816,0.35772217116151317,0.28518937020115226,0.6655512655512655,3359,1,merged unique formal+refinement candidates,label-assisted family-level benchmark HPO
RNA_PROTEIN,D1,CMBF_f9449aa1499e111c,"{""anchor_strength"":0.4,""boundary_enabled"":true,""conflict_enabled"":true,""conflict_pass"":0.25,""directional_enabled"":true,""directional_mix"":0.25,""min_cluster_fraction_of_equal"":0.01,""move_boundary_floor"":0.22,""pairwise_strength"":0.04,""self_return_strength"":0.2,""sweeps"":1,""trust_gate_enabled"":true,""trust_threshold"":0.3,""unary_view1_weight"":0.65}",PASS,,47f5ba48cd016d19087cc0c813ba5d1f3b6ad0b1348c66778b136659e3a45334,62787ef341fd01198c121b8a43c1359d8191674253ead3ce355323fe2ab39426,5,58,"[996,92,1081,133,212,369,92,209,58,117]",0.2554507255554199,0.2554507255554199,0.48909851908683777,0.3777253329753876,0.622412919998169,0.5909157991409302,0.011556200013728812,0,0,0.36647786249458353,0.4481582291179582,0.44422690581631913,0.505082035057397,0.45951721078927493,0.44815822911795816,0.35772217116151317,0.28518937020115226,0.6655512655512655,3359,1,merged unique formal+refinement candidates,label-assisted family-level benchmark HPO
RNA_PROTEIN,D1,CMBF_a7d625d6eecb142d,"{""anchor_strength"":0.2,""boundary_enabled"":true,""conflict_enabled"":true,""conflict_pass"":0.25,""directional_enabled"":true,""directional_mix"":0.25,""min_cluster_fraction_of_equal"":0.01,""move_boundary_floor"":0.28,""pairwise_strength"":0.08,""self_return_strength"":0.2,""sweeps"":1,""trust_gate_enabled"":true,""trust_threshold"":0.3,""unary_view1_weight"":0.5}",PASS,,99aa81e0030d4a5627c7c0216cecbbc0ba1f7d60e6e6de5410264030f55e430c,62787ef341fd01198c121b8a43c1359d8191674253ead3ce355323fe2ab39426,5,57,"[997,92,1081,134,211,369,92,209,57,117]",0.2554507255554199,0.2554507255554199,0.48909851908683777,0.3777253329753876,0.622412919998169,0.5909157991409302,0.011838099977467209,0,0,0.3660518564207465,0.44704691831051424,0.4431071202840446,0.5047964711987958,0.4582861825999114,0.4470469183105142,0.356283122581689,0.28792804938205335,0.6659802659802659,3359,1,merged unique formal+refinement candidates,label-assisted family-level benchmark HPO
RNA_PROTEIN,D1,CMBF_70128024508b33d3,"{""anchor_strength"":0.2,""boundary_enabled"":true,""conflict_enabled"":true,""conflict_pass"":0.25,""directional_enabled"":true,""directional_mix"":0,""min_cluster_fraction_of_equal"":0.01,""move_boundary_floor"":0.34,""pairwise_strength"":0.08,""self_return_strength"":0.2,""sweeps"":1,""trust_gate_enabled"":true,""trust_threshold"":0.3,""unary_view1_weight"":0.5}",PASS,,743599d3b0cf4e4687039e7673590da7cffa99e67e21d540de3f67e5b7a030e6,62787ef341fd01198c121b8a43c1359d8191674253ead3ce355323fe2ab39426,6,57,"[998,92,1081,134,211,369,91,209,57,117]",0.25620773434638977,0.25620776414871216,0.48758453130722046,0.3781038820743561,0.621658980846405,0.5915786623954773,0.01082170000881888,0,0,0.3664384525543308,0.4475732657140967,0.44363646638553483,0.5051482845328279,0.45873423654763135,0.4475732657140967,0.35601319132002945,0.2884689372581875,0.6663234663234663,3359,1,merged unique formal+refinement candidates,label-assisted family-level benchmark HPO
RNA_PROTEIN,D1,CMBF_ee817cc11695d9c8,"{""anchor_strength"":0.4,""boundary_enabled"":true,""conflict_enabled"":true,""conflict_pass"":0.25,""directional_enabled"":true,""directional_mix"":0.25,""min_cluster_fraction_of_equal"":0.01,""move_boundary_floor"":0.22,""pairwise_strength"":0.08,""self_return_strength"":0.2,""sweeps"":1,""trust_gate_enabled"":true,""trust_threshold"":0.3,""unary_view1_weight"":0.5}",PASS,,99aa81e0030d4a5627c7c0216cecbbc0ba1f7d60e6e6de5410264030f55e430c,62787ef341fd01198c121b8a43c1359d8191674253ead3ce355323fe2ab39426,5,57,"[997,92,1081,134,211,369,92,209,57,117]",0.2554507255554199,0.2554507255554199,0.48909851908683777,0.3777253329753876,0.622412919998169,0.5909157991409302,0.011378100025467575,0,0,0.3660518564207465,0.44704691831051424,0.4431071202840446,0.5047964711987958,0.4582861825999114,0.4470469183105142,0.356283122581689,0.28792804938205335,0.6659802659802659,3359,1,merged unique formal+refinement candidates,label-assisted family-level benchmark HPO
RNA_PROTEIN,tonsil_s1,CMBF_97668dca057d41bd,"{""anchor_strength"":0.4,""boundary_enabled"":true,""conflict_enabled"":true,""conflict_pass"":0.1,""directional_enabled"":true,""directional_mix"":0,""min_cluster_fraction_of_equal"":0.01,""move_boundary_floor"":0.34,""pairwise_strength"":0.08,""self_return_strength"":0.2,""sweeps"":1,""trust_gate_enabled"":true,""trust_threshold"":0.35,""unary_view1_weight"":0.65}",PASS,,e295e970c84d33c1ec13ad3be498846ee59c3b4c3cb3f3b6ee5c35ed73ccb6da,e295e970c84d33c1ec13ad3be498846ee59c3b4c3cb3f3b6ee5c35ed73ccb6da,0,478,"[478,1301,1141,1406]",0.26483553647994995,0.26483553647994995,0.4703289568424225,0.3118683695793152,0.6883848309516907,0.6411343812942505,0.04536540000117384,0,0,0.23653550194382364,0.3171179292228705,0.31651918825932224,0.5032711126740634,0.3562255235014961,0.3171179292228705,0.354108555786733,0.2929194415889249,0.8002544529262087,4326,1,merged unique formal+refinement candidates,label-assisted family-level benchmark HPO
RNA_PROTEIN,tonsil_s1,CMBF_51963f0deb534caf,"{""anchor_strength"":0.4,""boundary_enabled"":true,""conflict_enabled"":true,""conflict_pass"":0.25,""directional_enabled"":true,""directional_mix"":0,""min_cluster_fraction_of_equal"":0.01,""move_boundary_floor"":0.28,""pairwise_strength"":0.08,""self_return_strength"":0.4,""sweeps"":1,""trust_gate_enabled"":true,""trust_threshold"":0.3,""unary_view1_weight"":0.65}",PASS,,e295e970c84d33c1ec13ad3be498846ee59c3b4c3cb3f3b6ee5c35ed73ccb6da,e295e970c84d33c1ec13ad3be498846ee59c3b4c3cb3f3b6ee5c35ed73ccb6da,0,478,"[478,1301,1141,1406]",0.26483553647994995,0.26483553647994995,0.4703289568424225,0.382417768239975,0.6178473234176636,0.6411343812942505,0.04677710001124069,0,0,0.23653550194382364,0.3171179292228705,0.31651918825932224,0.5032711126740634,0.3562255235014961,0.3171179292228705,0.354108555786733,0.2929194415889249,0.8002544529262087,4326,1,merged unique formal+refinement candidates,label-assisted family-level benchmark HPO
RNA_PROTEIN,tonsil_s1,CMBF_5253aef845f50c0d,"{""anchor_strength"":0.2,""boundary_enabled"":true,""conflict_enabled"":true,""conflict_pass"":0.25,""directional_enabled"":true,""directional_mix"":0.25,""min_cluster_fraction_of_equal"":0.01,""move_boundary_floor"":0.22,""pairwise_strength"":0.04,""self_return_strength"":0.4,""sweeps"":1,""trust_gate_enabled"":true,""trust_threshold"":0.25,""unary_view1_weight"":0.5}",PASS,,e295e970c84d33c1ec13ad3be498846ee59c3b4c3cb3f3b6ee5c35ed73ccb6da,e295e970c84d33c1ec13ad3be498846ee59c3b4c3cb3f3b6ee5c35ed73ccb6da,0,478,"[478,1301,1141,1406]",0.26287540793418884,0.26287540793418884,0.4742492437362671,0.3814376890659332,0.6191002726554871,0.6398195624351501,0.06849359997431748,0,0,0.23653550194382364,0.3171179292228705,0.31651918825932224,0.5032711126740634,0.3562255235014961,0.3171179292228705,0.354108555786733,0.2929194415889249,0.8002544529262087,4326,1,merged unique formal+refinement candidates,label-assisted family-level benchmark HPO
RNA_PROTEIN,tonsil_s1,CMBF_0ff7270bbf26e0d3,"{""anchor_strength"":0.4,""boundary_enabled"":true,""conflict_enabled"":true,""conflict_pass"":0.25,""directional_enabled"":true,""directional_mix"":0,""min_cluster_fraction_of_equal"":0.01,""move_boundary_floor"":0.28,""pairwise_strength"":0.08,""self_return_strength"":0.2,""sweeps"":1,""trust_gate_enabled"":true,""trust_threshold"":0.25,""unary_view1_weight"":0.65}",PASS,,e295e970c84d33c1ec13ad3be498846ee59c3b4c3cb3f3b6ee5c35ed73ccb6da,e295e970c84d33c1ec13ad3be498846ee59c3b4c3cb3f3b6ee5c35ed73ccb6da,0,478,"[478,1301,1141,1406]",0.26483553647994995,0.26483553647994995,0.4703289568424225,0.382417768239975,0.6178473234176636,0.6411343812942505,0.007909500011010095,0,0,0.23653550194382364,0.3171179292228705,0.31651918825932224,0.5032711126740634,0.3562255235014961,0.3171179292228705,0.354108555786733,0.2929194415889249,0.8002544529262087,4326,1,merged unique formal+refinement candidates,label-assisted family-level benchmark HPO
RNA_PROTEIN,tonsil_s1,CMBF_6dd9bec516983ec4,"{""anchor_strength"":0.4,""boundary_enabled"":true,""conflict_enabled"":true,""conflict_pass"":0.1,""directional_enabled"":true,""directional_mix"":0,""min_cluster_fraction_of_equal"":0.01,""move_boundary_floor"":0.34,""pairwise_strength"":0.04,""self_return_strength"":0.4,""sweeps"":1,""trust_gate_enabled"":true,""trust_threshold"":0.4,""unary_view1_weight"":0.5}",PASS,,e295e970c84d33c1ec13ad3be498846ee59c3b4c3cb3f3b6ee5c35ed73ccb6da,e295e970c84d33c1ec13ad3be498846ee59c3b4c3cb3f3b6ee5c35ed73ccb6da,0,478,"[478,1301,1141,1406]",0.26483553647994995,0.26483553647994995,0.4703289568424225,0.3118683695793152,0.6883848309516907,0.6411343812942505,0.009605900006135926,0,0,0.23653550194382364,0.3171179292228705,0.31651918825932224,0.5032711126740634,0.3562255235014961,0.3171179292228705,0.354108555786733,0.2929194415889249,0.8002544529262087,4326,1,merged unique formal+refinement candidates,label-assisted family-level benchmark HPO
RNA_PROTEIN,tonsil_s1,CMBF_077ba1a69d3463cf,"{""anchor_strength"":0.2,""boundary_enabled"":true,""conflict_enabled"":true,""conflict_pass"":0.25,""directional_enabled"":true,""directional_mix"":0.25,""min_cluster_fraction_of_equal"":0.01,""move_boundary_floor"":0.22,""pairwise_strength"":0.04,""self_return_strength"":0.4,""sweeps"":1,""trust_gate_enabled"":true,""trust_threshold"":0.25,""unary_view1_weight"":0.65}",PASS,,e295e970c84d33c1ec13ad3be498846ee59c3b4c3cb3f3b6ee5c35ed73ccb6da,e295e970c84d33c1ec13ad3be498846ee59c3b4c3cb3f3b6ee5c35ed73ccb6da,0,478,"[478,1301,1141,1406]",0.26287540793418884,0.26287540793418884,0.4742492437362671,0.3814376890659332,0.6191002726554871,0.6398195624351501,0.008431399997789413,0,0,0.23653550194382364,0.3171179292228705,0.31651918825932224,0.5032711126740634,0.3562255235014961,0.3171179292228705,0.354108555786733,0.2929194415889249,0.8002544529262087,4326,1,merged unique formal+refinement candidates,label-assisted family-level benchmark HPO
RNA_PROTEIN,tonsil_s1,CMBF_f23d7ddb69621e3b,"{""anchor_strength"":0.4,""boundary_enabled"":true,""conflict_enabled"":true,""conflict_pass"":0.1,""directional_enabled"":true,""directional_mix"":0.25,""min_cluster_fraction_of_equal"":0.01,""move_boundary_floor"":0.34,""pairwise_strength"":0.08,""self_return_strength"":0.2,""sweeps"":1,""trust_gate_enabled"":true,""trust_threshold"":0.4,""unary_view1_weight"":0.5}",PASS,,e295e970c84d33c1ec13ad3be498846ee59c3b4c3cb3f3b6ee5c35ed73ccb6da,e295e970c84d33c1ec13ad3be498846ee59c3b4c3cb3f3b6ee5c35ed73ccb6da,0,478,"[478,1301,1141,1406]",0.26287540793418884,0.26287540793418884,0.4742492437362671,0.3103002905845642,0.6902258396148682,0.6398195624351501,0.06498910000664182,0,0,0.23653550194382364,0.3171179292228705,0.31651918825932224,0.5032711126740634,0.3562255235014961,0.3171179292228705,0.354108555786733,0.2929194415889249,0.8002544529262087,4326,1,merged unique formal+refinement candidates,label-assisted family-level benchmark HPO
RNA_PROTEIN,tonsil_s1,CMBF_57e7cec8d71f89bc,"{""anchor_strength"":0.2,""boundary_enabled"":true,""conflict_enabled"":true,""conflict_pass"":0.25,""directional_enabled"":true,""directional_mix"":0,""min_cluster_fraction_of_equal"":0.01,""move_boundary_floor"":0.28,""pairwise_strength"":0.04,""self_return_strength"":0.4,""sweeps"":1,""trust_gate_enabled"":true,""trust_threshold"":0.4,""unary_view1_weight"":0.5}",PASS,,e295e970c84d33c1ec13ad3be498846ee59c3b4c3cb3f3b6ee5c35ed73ccb6da,e295e970c84d33c1ec13ad3be498846ee59c3b4c3cb3f3b6ee5c35ed73ccb6da,0,478,"[478,1301,1141,1406]",0.26483553647994995,0.26483553647994995,0.4703289568424225,0.382417768239975,0.6178473234176636,0.6411343812942505,0.009471999976085499,0,0,0.23653550194382364,0.3171179292228705,0.31651918825932224,0.5032711126740634,0.3562255235014961,0.3171179292228705,0.354108555786733,0.2929194415889249,0.8002544529262087,4326,1,merged unique formal+refinement candidates,label-assisted family-level benchmark HPO
RNA_PROTEIN,tonsil_s1,CMBF_4824c9d009134e6d,"{""anchor_strength"":0.4,""boundary_enabled"":true,""conflict_enabled"":true,""conflict_pass"":0.1,""directional_enabled"":true,""directional_mix"":0.25,""min_cluster_fraction_of_equal"":0.01,""move_boundary_floor"":0.22,""pairwise_strength"":0.04,""self_return_strength"":0.4,""sweeps"":1,""trust_gate_enabled"":true,""trust_threshold"":0.3,""unary_view1_weight"":0.5}",PASS,,e295e970c84d33c1ec13ad3be498846ee59c3b4c3cb3f3b6ee5c35ed73ccb6da,e295e970c84d33c1ec13ad3be498846ee59c3b4c3cb3f3b6ee5c35ed73ccb6da,0,478,"[478,1301,1141,1406]",0.26287540793418884,0.26287540793418884,0.4742492437362671,0.3103002905845642,0.6902258396148682,0.6398195624351501,0.008189200016204268,0,0,0.23653550194382364,0.3171179292228705,0.31651918825932224,0.5032711126740634,0.3562255235014961,0.3171179292228705,0.354108555786733,0.2929194415889249,0.8002544529262087,4326,1,merged unique formal+refinement candidates,label-assisted family-level benchmark HPO
RNA_PROTEIN,tonsil_s1,CMBF_c33db8db1992051f,"{""anchor_strength"":0.2,""boundary_enabled"":true,""conflict_enabled"":true,""conflict_pass"":0.25,""directional_enabled"":true,""directional_mix"":0,""min_cluster_fraction_of_equal"":0.01,""move_boundary_floor"":0.22,""pairwise_strength"":0.04,""self_return_strength"":0.4,""sweeps"":1,""trust_gate_enabled"":true,""trust_threshold"":0.4,""unary_view1_weight"":0.65}",PASS,,4d049d259e29c77969765db7f5e63e19cc9121e0fedaafa3a51c7806199df963,e295e970c84d33c1ec13ad3be498846ee59c3b4c3cb3f3b6ee5c35ed73ccb6da,1,478,"[478,1302,1141,1405]",0.26483553647994995,0.26483553647994995,0.4703289568424225,0.382417768239975,0.6178473234176636,0.6411343812942505,0.008951199997682124,0,0,0.23658410977574185,0.3171982985440829,0.3165996325522313,0.5032999121633457,0.35631846281396695,0.3171982985440829,0.3539652021697626,0.29323156279712237,0.8001205303334673,4326,1,merged unique formal+refinement candidates,label-assisted family-level benchmark HPO
RNA_PROTEIN,tonsil_s1,CMBF_d8b1c99839eb1648,"{""anchor_strength"":0.2,""boundary_enabled"":true,""conflict_enabled"":true,""conflict_pass"":0.1,""directional_enabled"":true,""directional_mix"":0,""min_cluster_fraction_of_equal"":0.01,""move_boundary_floor"":0.34,""pairwise_strength"":0.08,""self_return_strength"":0.2,""sweeps"":1,""trust_gate_enabled"":true,""trust_threshold"":0.35,""unary_view1_weight"":0.65}",PASS,,e295e970c84d33c1ec13ad3be498846ee59c3b4c3cb3f3b6ee5c35ed73ccb6da,e295e970c84d33c1ec13ad3be498846ee59c3b4c3cb3f3b6ee5c35ed73ccb6da,0,478,"[478,1301,1141,1406]",0.26483553647994995,0.26483553647994995,0.4703289568424225,0.3118683695793152,0.6883848309516907,0.6411343812942505,0.008470600005239248,0,0,0.23653550194382364,0.3171179292228705,0.31651918825932224,0.5032711126740634,0.3562255235014961,0.3171179292228705,0.354108555786733,0.2929194415889249,0.8002544529262087,4326,1,merged unique formal+refinement candidates,label-assisted family-level benchmark HPO
RNA_PROTEIN,tonsil_s1,CMBF_bece8ed9e6eb07a0,"{""anchor_strength"":0.4,""boundary_enabled"":true,""conflict_enabled"":true,""conflict_pass"":0.25,""directional_enabled"":true,""directional_mix"":0,""min_cluster_fraction_of_equal"":0.01,""move_boundary_floor"":0.28,""pairwise_strength"":0.08,""self_return_strength"":0.4,""sweeps"":1,""trust_gate_enabled"":true,""trust_threshold"":0.35,""unary_view1_weight"":0.5}",PASS,,e295e970c84d33c1ec13ad3be498846ee59c3b4c3cb3f3b6ee5c35ed73ccb6da,e295e970c84d33c1ec13ad3be498846ee59c3b4c3cb3f3b6ee5c35ed73ccb6da,0,478,"[478,1301,1141,1406]",0.26483553647994995,0.26483553647994995,0.4703289568424225,0.382417768239975,0.6178473234176636,0.6411343812942505,0.00914599999669008,0,0,0.23653550194382364,0.3171179292228705,0.31651918825932224,0.5032711126740634,0.3562255235014961,0.3171179292228705,0.354108555786733,0.2929194415889249,0.8002544529262087,4326,1,merged unique formal+refinement candidates,label-assisted family-level benchmark HPO
RNA_PROTEIN,tonsil_s1,CMBF_8d447e37e6bef35b,"{""anchor_strength"":0.4,""boundary_enabled"":true,""conflict_enabled"":true,""conflict_pass"":0.1,""directional_enabled"":true,""directional_mix"":0.25,""min_cluster_fraction_of_equal"":0.01,""move_boundary_floor"":0.34,""pairwise_strength"":0.08,""self_return_strength"":0.2,""sweeps"":1,""trust_gate_enabled"":true,""trust_threshold"":0.3,""unary_view1_weight"":0.65}",PASS,,e295e970c84d33c1ec13ad3be498846ee59c3b4c3cb3f3b6ee5c35ed73ccb6da,e295e970c84d33c1ec13ad3be498846ee59c3b4c3cb3f3b6ee5c35ed73ccb6da,0,478,"[478,1301,1141,1406]",0.26287540793418884,0.26287540793418884,0.4742492437362671,0.3103002905845642,0.6902258396148682,0.6398195624351501,0.00879920000443235,0,0,0.23653550194382364,0.3171179292228705,0.31651918825932224,0.5032711126740634,0.3562255235014961,0.3171179292228705,0.354108555786733,0.2929194415889249,0.8002544529262087,4326,1,merged unique formal+refinement candidates,label-assisted family-level benchmark HPO
RNA_PROTEIN,tonsil_s1,CMBF_1fc64bbae640a570,"{""anchor_strength"":0.4,""boundary_enabled"":true,""conflict_enabled"":true,""conflict_pass"":0.1,""directional_enabled"":true,""directional_mix"":0.25,""min_cluster_fraction_of_equal"":0.01,""move_boundary_floor"":0.28,""pairwise_strength"":0.04,""self_return_strength"":0.4,""sweeps"":1,""trust_gate_enabled"":true,""trust_threshold"":0.35,""unary_view1_weight"":0.5}",PASS,,e295e970c84d33c1ec13ad3be498846ee59c3b4c3cb3f3b6ee5c35ed73ccb6da,e295e970c84d33c1ec13ad3be498846ee59c3b4c3cb3f3b6ee5c35ed73ccb6da,0,478,"[478,1301,1141,1406]",0.26287540793418884,0.26287540793418884,0.4742492437362671,0.3103002905845642,0.6902258396148682,0.6398195624351501,0.008149100001901388,0,0,0.23653550194382364,0.3171179292228705,0.31651918825932224,0.5032711126740634,0.3562255235014961,0.3171179292228705,0.354108555786733,0.2929194415889249,0.8002544529262087,4326,1,merged unique formal+refinement candidates,label-assisted family-level benchmark HPO
RNA_PROTEIN,tonsil_s1,CMBF_213e12604fb79060,"{""anchor_strength"":0.2,""boundary_enabled"":true,""conflict_enabled"":true,""conflict_pass"":0.25,""directional_enabled"":true,""directional_mix"":0.25,""min_cluster_fraction_of_equal"":0.01,""move_boundary_floor"":0.28,""pairwise_strength"":0.08,""self_return_strength"":0.2,""sweeps"":1,""trust_gate_enabled"":true,""trust_threshold"":0.4,""unary_view1_weight"":0.5}",PASS,,61d64ed233b9bd5e8d800da195123f337eb1b1fcdaee08cec1068601738d5e0b,e295e970c84d33c1ec13ad3be498846ee59c3b4c3cb3f3b6ee5c35ed73ccb6da,3,478,"[478,1304,1141,1403]",0.26287540793418884,0.26287540793418884,0.4742492437362671,0.3814376890659332,0.6191002726554871,0.6398195624351501,0.008700799982761964,0,0,0.23668286718251594,0.31736524060791105,0.3167667297349248,0.5033588064073908,0.35651116046522324,0.31736524060791105,0.3535481099947831,0.29411687004203885,0.7997187625552431,4326,1,merged unique formal+refinement candidates,label-assisted family-level benchmark HPO
RNA_PROTEIN,tonsil_s1,CMBF_11c615c54c15bb1d,"{""anchor_strength"":0.2,""boundary_enabled"":true,""conflict_enabled"":true,""conflict_pass"":0.25,""directional_enabled"":true,""directional_mix"":0.25,""min_cluster_fraction_of_equal"":0.01,""move_boundary_floor"":0.34,""pairwise_strength"":0.04,""self_return_strength"":0.4,""sweeps"":1,""trust_gate_enabled"":true,""trust_threshold"":0.3,""unary_view1_weight"":0.5}",PASS,,e295e970c84d33c1ec13ad3be498846ee59c3b4c3cb3f3b6ee5c35ed73ccb6da,e295e970c84d33c1ec13ad3be498846ee59c3b4c3cb3f3b6ee5c35ed73ccb6da,0,478,"[478,1301,1141,1406]",0.26287540793418884,0.26287540793418884,0.4742492437362671,0.3814376890659332,0.6191002726554871,0.6398195624351501,0.007936699985293671,0,0,0.23653550194382364,0.3171179292228705,0.31651918825932224,0.5032711126740634,0.3562255235014961,0.3171179292228705,0.354108555786733,0.2929194415889249,0.8002544529262087,4326,1,merged unique formal+refinement candidates,label-assisted family-level benchmark HPO
RNA_PROTEIN,tonsil_s1,CMBF_db8a78b41c3992c1,"{""anchor_strength"":0.2,""boundary_enabled"":true,""conflict_enabled"":true,""conflict_pass"":0.25,""directional_enabled"":true,""directional_mix"":0,""min_cluster_fraction_of_equal"":0.01,""move_boundary_floor"":0.34,""pairwise_strength"":0.08,""self_return_strength"":0.2,""sweeps"":1,""trust_gate_enabled"":true,""trust_threshold"":0.35,""unary_view1_weight"":0.65}",PASS,,e295e970c84d33c1ec13ad3be498846ee59c3b4c3cb3f3b6ee5c35ed73ccb6da,e295e970c84d33c1ec13ad3be498846ee59c3b4c3cb3f3b6ee5c35ed73ccb6da,0,478,"[478,1301,1141,1406]",0.26483553647994995,0.26483553647994995,0.4703289568424225,0.382417768239975,0.6178473234176636,0.6411343812942505,0.008497900009388104,0,0,0.23653550194382364,0.3171179292228705,0.31651918825932224,0.5032711126740634,0.3562255235014961,0.3171179292228705,0.354108555786733,0.2929194415889249,0.8002544529262087,4326,1,merged unique formal+refinement candidates,label-assisted family-level benchmark HPO
RNA_PROTEIN,tonsil_s1,CMBF_33b19d17d5d280d7,"{""anchor_strength"":0.4,""boundary_enabled"":true,""conflict_enabled"":true,""conflict_pass"":0.1,""directional_enabled"":true,""directional_mix"":0,""min_cluster_fraction_of_equal"":0.01,""move_boundary_floor"":0.22,""pairwise_strength"":0.04,""self_return_strength"":0.4,""sweeps"":1,""trust_gate_enabled"":true,""trust_threshold"":0.3,""unary_view1_weight"":0.65}",PASS,,e295e970c84d33c1ec13ad3be498846ee59c3b4c3cb3f3b6ee5c35ed73ccb6da,e295e970c84d33c1ec13ad3be498846ee59c3b4c3cb3f3b6ee5c35ed73ccb6da,0,478,"[478,1301,1141,1406]",0.26483553647994995,0.26483553647994995,0.4703289568424225,0.3118683695793152,0.6883848309516907,0.6411343812942505,0.008386300003621727,0,0,0.23653550194382364,0.3171179292228705,0.31651918825932224,0.5032711126740634,0.3562255235014961,0.3171179292228705,0.354108555786733,0.2929194415889249,0.8002544529262087,4326,1,merged unique formal+refinement candidates,label-assisted family-level benchmark HPO
RNA_PROTEIN,tonsil_s1,CMBF_3550d2b2086e6fd6,"{""anchor_strength"":0.4,""boundary_enabled"":true,""conflict_enabled"":true,""conflict_pass"":0.25,""directional_enabled"":true,""directional_mix"":0.25,""min_cluster_fraction_of_equal"":0.01,""move_boundary_floor"":0.22,""pairwise_strength"":0.04,""self_return_strength"":0.2,""sweeps"":1,""trust_gate_enabled"":true,""trust_threshold"":0.4,""unary_view1_weight"":0.5}",PASS,,e295e970c84d33c1ec13ad3be498846ee59c3b4c3cb3f3b6ee5c35ed73ccb6da,e295e970c84d33c1ec13ad3be498846ee59c3b4c3cb3f3b6ee5c35ed73ccb6da,0,478,"[478,1301,1141,1406]",0.26287540793418884,0.26287540793418884,0.4742492437362671,0.3814376890659332,0.6191002726554871,0.6398195624351501,0.00885250000283122,0,0,0.23653550194382364,0.3171179292228705,0.31651918825932224,0.5032711126740634,0.3562255235014961,0.3171179292228705,0.354108555786733,0.2929194415889249,0.8002544529262087,4326,1,merged unique formal+refinement candidates,label-assisted family-level benchmark HPO
RNA_PROTEIN,tonsil_s1,CMBF_9e60966a5600b223,"{""anchor_strength"":0.2,""boundary_enabled"":true,""conflict_enabled"":true,""conflict_pass"":0.25,""directional_enabled"":true,""directional_mix"":0.25,""min_cluster_fraction_of_equal"":0.01,""move_boundary_floor"":0.28,""pairwise_strength"":0.04,""self_return_strength"":0.2,""sweeps"":1,""trust_gate_enabled"":true,""trust_threshold"":0.35,""unary_view1_weight"":0.65}",PASS,,61d64ed233b9bd5e8d800da195123f337eb1b1fcdaee08cec1068601738d5e0b,e295e970c84d33c1ec13ad3be498846ee59c3b4c3cb3f3b6ee5c35ed73ccb6da,3,478,"[478,1304,1141,1403]",0.26287540793418884,0.26287540793418884,0.4742492437362671,0.3814376890659332,0.6191002726554871,0.6398195624351501,0.00799320000805892,0,0,0.23668286718251594,0.31736524060791105,0.3167667297349248,0.5033588064073908,0.35651116046522324,0.31736524060791105,0.3535481099947831,0.29411687004203885,0.7997187625552431,4326,1,merged unique formal+refinement candidates,label-assisted family-level benchmark HPO
RNA_PROTEIN,tonsil_s1,CMBF_a9fad04d89c6226c,"{""anchor_strength"":0.4,""boundary_enabled"":true,""conflict_enabled"":true,""conflict_pass"":0.25,""directional_enabled"":true,""directional_mix"":0,""min_cluster_fraction_of_equal"":0.01,""move_boundary_floor"":0.28,""pairwise_strength"":0.04,""self_return_strength"":0.4,""sweeps"":1,""trust_gate_enabled"":true,""trust_threshold"":0.25,""unary_view1_weight"":0.5}",PASS,,e295e970c84d33c1ec13ad3be498846ee59c3b4c3cb3f3b6ee5c35ed73ccb6da,e295e970c84d33c1ec13ad3be498846ee59c3b4c3cb3f3b6ee5c35ed73ccb6da,0,478,"[478,1301,1141,1406]",0.26483553647994995,0.26483553647994995,0.4703289568424225,0.382417768239975,0.6178473234176636,0.6411343812942505,0.00798719999147579,0,0,0.23653550194382364,0.3171179292228705,0.31651918825932224,0.5032711126740634,0.3562255235014961,0.3171179292228705,0.354108555786733,0.2929194415889249,0.8002544529262087,4326,1,merged unique formal+refinement candidates,label-assisted family-level benchmark HPO
RNA_PROTEIN,tonsil_s1,CMBF_51358555c3333a17,"{""anchor_strength"":0.2,""boundary_enabled"":true,""conflict_enabled"":true,""conflict_pass"":0.1,""directional_enabled"":true,""directional_mix"":0,""min_cluster_fraction_of_equal"":0.01,""move_boundary_floor"":0.22,""pairwise_strength"":0.08,""self_return_strength"":0.2,""sweeps"":1,""trust_gate_enabled"":true,""trust_threshold"":0.25,""unary_view1_weight"":0.5}",PASS,,e295e970c84d33c1ec13ad3be498846ee59c3b4c3cb3f3b6ee5c35ed73ccb6da,e295e970c84d33c1ec13ad3be498846ee59c3b4c3cb3f3b6ee5c35ed73ccb6da,0,478,"[478,1301,1141,1406]",0.26483553647994995,0.26483553647994995,0.4703289568424225,0.3118683695793152,0.6883848309516907,0.6411343812942505,0.007521499996073544,0,0,0.23653550194382364,0.3171179292228705,0.31651918825932224,0.5032711126740634,0.3562255235014961,0.3171179292228705,0.354108555786733,0.2929194415889249,0.8002544529262087,4326,1,merged unique formal+refinement candidates,label-assisted family-level benchmark HPO
RNA_PROTEIN,tonsil_s1,CMBF_5750b172b3893a44,"{""anchor_strength"":0.2,""boundary_enabled"":true,""conflict_enabled"":true,""conflict_pass"":0.25,""directional_enabled"":true,""directional_mix"":0.25,""min_cluster_fraction_of_equal"":0.01,""move_boundary_floor"":0.22,""pairwise_strength"":0.04,""self_return_strength"":0.2,""sweeps"":1,""trust_gate_enabled"":true,""trust_threshold"":0.3,""unary_view1_weight"":0.65}",PASS,,61d64ed233b9bd5e8d800da195123f337eb1b1fcdaee08cec1068601738d5e0b,e295e970c84d33c1ec13ad3be498846ee59c3b4c3cb3f3b6ee5c35ed73ccb6da,3,478,"[478,1304,1141,1403]",0.26287540793418884,0.26287540793418884,0.4742492437362671,0.3814376890659332,0.6191002726554871,0.6398195624351501,0.008604100003140047,0,0,0.23668286718251594,0.31736524060791105,0.3167667297349248,0.5033588064073908,0.35651116046522324,0.31736524060791105,0.3535481099947831,0.29411687004203885,0.7997187625552431,4326,1,merged unique formal+refinement candidates,label-assisted family-level benchmark HPO
RNA_PROTEIN,tonsil_s1,CMBF_8df801fa42d0643f,"{""anchor_strength"":0.4,""boundary_enabled"":true,""conflict_enabled"":true,""conflict_pass"":0.1,""directional_enabled"":true,""directional_mix"":0,""min_cluster_fraction_of_equal"":0.01,""move_boundary_floor"":0.22,""pairwise_strength"":0.04,""self_return_strength"":0.2,""sweeps"":1,""trust_gate_enabled"":true,""trust_threshold"":0.25,""unary_view1_weight"":0.5}",PASS,,e295e970c84d33c1ec13ad3be498846ee59c3b4c3cb3f3b6ee5c35ed73ccb6da,e295e970c84d33c1ec13ad3be498846ee59c3b4c3cb3f3b6ee5c35ed73ccb6da,0,478,"[478,1301,1141,1406]",0.26483553647994995,0.26483553647994995,0.4703289568424225,0.3118683695793152,0.6883848309516907,0.6411343812942505,0.008422000013524666,0,0,0.23653550194382364,0.3171179292228705,0.31651918825932224,0.5032711126740634,0.3562255235014961,0.3171179292228705,0.354108555786733,0.2929194415889249,0.8002544529262087,4326,1,merged unique formal+refinement candidates,label-assisted family-level benchmark HPO
RNA_PROTEIN,tonsil_s1,CMBF_5b019f4196c15c93,"{""anchor_strength"":0.4,""boundary_enabled"":true,""conflict_enabled"":true,""conflict_pass"":0.25,""directional_enabled"":true,""directional_mix"":0,""min_cluster_fraction_of_equal"":0.01,""move_boundary_floor"":0.28,""pairwise_strength"":0.08,""self_return_strength"":0.4,""sweeps"":1,""trust_gate_enabled"":true,""trust_threshold"":0.25,""unary_view1_weight"":0.5}",PASS,,e295e970c84d33c1ec13ad3be498846ee59c3b4c3cb3f3b6ee5c35ed73ccb6da,e295e970c84d33c1ec13ad3be498846ee59c3b4c3cb3f3b6ee5c35ed73ccb6da,0,478,"[478,1301,1141,1406]",0.26483553647994995,0.26483553647994995,0.4703289568424225,0.382417768239975,0.6178473234176636,0.6411343812942505,0.008127300010528415,0,0,0.23653550194382364,0.3171179292228705,0.31651918825932224,0.5032711126740634,0.3562255235014961,0.3171179292228705,0.354108555786733,0.2929194415889249,0.8002544529262087,4326,1,merged unique formal+refinement candidates,label-assisted family-level benchmark HPO
RNA_PROTEIN,tonsil_s1,CMBF_d878b91ccd78876a,"{""anchor_strength"":0.4,""boundary_enabled"":true,""conflict_enabled"":true,""conflict_pass"":0.1,""directional_enabled"":true,""directional_mix"":0.25,""min_cluster_fraction_of_equal"":0.01,""move_boundary_floor"":0.28,""pairwise_strength"":0.04,""self_return_strength"":0.2,""sweeps"":1,""trust_gate_enabled"":true,""trust_threshold"":0.35,""unary_view1_weight"":0.65}",PASS,,61d64ed233b9bd5e8d800da195123f337eb1b1fcdaee08cec1068601738d5e0b,e295e970c84d33c1ec13ad3be498846ee59c3b4c3cb3f3b6ee5c35ed73ccb6da,3,478,"[478,1304,1141,1403]",0.26287540793418884,0.26287540793418884,0.4742492437362671,0.3103002905845642,0.6902258396148682,0.6398195624351501,0.007995299994945526,0,0,0.23668286718251594,0.31736524060791105,0.3167667297349248,0.5033588064073908,0.35651116046522324,0.31736524060791105,0.3535481099947831,0.29411687004203885,0.7997187625552431,4326,1,merged unique formal+refinement candidates,label-assisted family-level benchmark HPO
RNA_PROTEIN,tonsil_s1,CMBF_c451e787972c2797,"{""anchor_strength"":0.2,""boundary_enabled"":true,""conflict_enabled"":true,""conflict_pass"":0.1,""directional_enabled"":true,""directional_mix"":0.25,""min_cluster_fraction_of_equal"":0.01,""move_boundary_floor"":0.22,""pairwise_strength"":0.08,""self_return_strength"":0.2,""sweeps"":1,""trust_gate_enabled"":true,""trust_threshold"":0.35,""unary_view1_weight"":0.65}",PASS,,61d64ed233b9bd5e8d800da195123f337eb1b1fcdaee08cec1068601738d5e0b,e295e970c84d33c1ec13ad3be498846ee59c3b4c3cb3f3b6ee5c35ed73ccb6da,3,478,"[478,1304,1141,1403]",0.26287540793418884,0.26287540793418884,0.4742492437362671,0.3103002905845642,0.6902258396148682,0.6398195624351501,0.008908399991923943,0,0,0.23668286718251594,0.31736524060791105,0.3167667297349248,0.5033588064073908,0.35651116046522324,0.31736524060791105,0.3535481099947831,0.29411687004203885,0.7997187625552431,4326,1,merged unique formal+refinement candidates,label-assisted family-level benchmark HPO
RNA_PROTEIN,tonsil_s1,CMBF_f9449aa1499e111c,"{""anchor_strength"":0.4,""boundary_enabled"":true,""conflict_enabled"":true,""conflict_pass"":0.25,""directional_enabled"":true,""directional_mix"":0.25,""min_cluster_fraction_of_equal"":0.01,""move_boundary_floor"":0.22,""pairwise_strength"":0.04,""self_return_strength"":0.2,""sweeps"":1,""trust_gate_enabled"":true,""trust_threshold"":0.3,""unary_view1_weight"":0.65}",PASS,,61d64ed233b9bd5e8d800da195123f337eb1b1fcdaee08cec1068601738d5e0b,e295e970c84d33c1ec13ad3be498846ee59c3b4c3cb3f3b6ee5c35ed73ccb6da,3,478,"[478,1304,1141,1403]",0.26287540793418884,0.26287540793418884,0.4742492437362671,0.3814376890659332,0.6191002726554871,0.6398195624351501,0.00898889999371022,0,0,0.23668286718251594,0.31736524060791105,0.3167667297349248,0.5033588064073908,0.35651116046522324,0.31736524060791105,0.3535481099947831,0.29411687004203885,0.7997187625552431,4326,1,merged unique formal+refinement candidates,label-assisted family-level benchmark HPO
RNA_PROTEIN,tonsil_s1,CMBF_a7d625d6eecb142d,"{""anchor_strength"":0.2,""boundary_enabled"":true,""conflict_enabled"":true,""conflict_pass"":0.25,""directional_enabled"":true,""directional_mix"":0.25,""min_cluster_fraction_of_equal"":0.01,""move_boundary_floor"":0.28,""pairwise_strength"":0.08,""self_return_strength"":0.2,""sweeps"":1,""trust_gate_enabled"":true,""trust_threshold"":0.3,""unary_view1_weight"":0.5}",PASS,,61d64ed233b9bd5e8d800da195123f337eb1b1fcdaee08cec1068601738d5e0b,e295e970c84d33c1ec13ad3be498846ee59c3b4c3cb3f3b6ee5c35ed73ccb6da,3,478,"[478,1304,1141,1403]",0.26287540793418884,0.26287540793418884,0.4742492437362671,0.3814376890659332,0.6191002726554871,0.6398195624351501,0.008253299980424345,0,0,0.23668286718251594,0.31736524060791105,0.3167667297349248,0.5033588064073908,0.35651116046522324,0.31736524060791105,0.3535481099947831,0.29411687004203885,0.7997187625552431,4326,1,merged unique formal+refinement candidates,label-assisted family-level benchmark HPO
RNA_PROTEIN,tonsil_s1,CMBF_70128024508b33d3,"{""anchor_strength"":0.2,""boundary_enabled"":true,""conflict_enabled"":true,""conflict_pass"":0.25,""directional_enabled"":true,""directional_mix"":0,""min_cluster_fraction_of_equal"":0.01,""move_boundary_floor"":0.34,""pairwise_strength"":0.08,""self_return_strength"":0.2,""sweeps"":1,""trust_gate_enabled"":true,""trust_threshold"":0.3,""unary_view1_weight"":0.5}",PASS,,e295e970c84d33c1ec13ad3be498846ee59c3b4c3cb3f3b6ee5c35ed73ccb6da,e295e970c84d33c1ec13ad3be498846ee59c3b4c3cb3f3b6ee5c35ed73ccb6da,0,478,"[478,1301,1141,1406]",0.26483553647994995,0.26483553647994995,0.4703289568424225,0.382417768239975,0.6178473234176636,0.6411343812942505,0.0076954000105615705,0,0,0.23653550194382364,0.3171179292228705,0.31651918825932224,0.5032711126740634,0.3562255235014961,0.3171179292228705,0.354108555786733,0.2929194415889249,0.8002544529262087,4326,1,merged unique formal+refinement candidates,label-assisted family-level benchmark HPO
RNA_PROTEIN,tonsil_s1,CMBF_ee817cc11695d9c8,"{""anchor_strength"":0.4,""boundary_enabled"":true,""conflict_enabled"":true,""conflict_pass"":0.25,""directional_enabled"":true,""directional_mix"":0.25,""min_cluster_fraction_of_equal"":0.01,""move_boundary_floor"":0.22,""pairwise_strength"":0.08,""self_return_strength"":0.2,""sweeps"":1,""trust_gate_enabled"":true,""trust_threshold"":0.3,""unary_view1_weight"":0.5}",PASS,,e295e970c84d33c1ec13ad3be498846ee59c3b4c3cb3f3b6ee5c35ed73ccb6da,e295e970c84d33c1ec13ad3be498846ee59c3b4c3cb3f3b6ee5c35ed73ccb6da,0,478,"[478,1301,1141,1406]",0.26287540793418884,0.26287540793418884,0.4742492437362671,0.3814376890659332,0.6191002726554871,0.6398195624351501,0.008042500005103648,0,0,0.23653550194382364,0.3171179292228705,0.31651918825932224,0.5032711126740634,0.3562255235014961,0.3171179292228705,0.354108555786733,0.2929194415889249,0.8002544529262087,4326,1,merged unique formal+refinement candidates,label-assisted family-level benchmark HPO
RNA_PROTEIN,tonsil_s2,CMBF_97668dca057d41bd,"{""anchor_strength"":0.4,""boundary_enabled"":true,""conflict_enabled"":true,""conflict_pass"":0.1,""directional_enabled"":true,""directional_mix"":0,""min_cluster_fraction_of_equal"":0.01,""move_boundary_floor"":0.34,""pairwise_strength"":0.08,""self_return_strength"":0.2,""sweeps"":1,""trust_gate_enabled"":true,""trust_threshold"":0.35,""unary_view1_weight"":0.65}",PASS,,b8b98dee008661cbef8627f4a322a70e29124376726ec840c5c0de06f134d5ec,b56c96f9aa3c3463a0fb10094ed18b971aa96c78966e50609a578247ca8d6196,2,445,"[1006,1397,445,1671]",0.28181910514831543,0.28181910514831543,0.4363618493080139,0.3254552483558655,0.674934983253479,0.6738391518592834,0.04848430000129156,0,0,0.25834044568619197,0.3154391677393917,0.31486542962223624,0.5154868653114337,0.34460071937886233,0.3154391677393916,0.38730340116438,0.22436256576053745,0.833727545867161,4518,1,merged unique formal+refinement candidates,label-assisted family-level benchmark HPO
RNA_PROTEIN,tonsil_s2,CMBF_51963f0deb534caf,"{""anchor_strength"":0.4,""boundary_enabled"":true,""conflict_enabled"":true,""conflict_pass"":0.25,""directional_enabled"":true,""directional_mix"":0,""min_cluster_fraction_of_equal"":0.01,""move_boundary_floor"":0.28,""pairwise_strength"":0.08,""self_return_strength"":0.4,""sweeps"":1,""trust_gate_enabled"":true,""trust_threshold"":0.3,""unary_view1_weight"":0.65}",PASS,,7f21f7529f66bff29367bc31cbb6afb6c20fe0c885eaf8aeb4851fc0c6c95e96,b56c96f9aa3c3463a0fb10094ed18b971aa96c78966e50609a578247ca8d6196,1,445,"[1007,1396,445,1671]",0.28181910514831543,0.28181910514831543,0.4363618493080139,0.3909095525741577,0.6095125675201416,0.6738391518592834,0.049354399990988895,0,0,0.25830210141215026,0.31487209612756956,0.31429790033804894,0.515447271024801,0.3439916541415649,0.3148720961275695,0.3873334386169528,0.22430715638992124,0.8336636195103241,4518,1,merged unique formal+refinement candidates,label-assisted family-level benchmark HPO
RNA_PROTEIN,tonsil_s2,CMBF_5253aef845f50c0d,"{""anchor_strength"":0.2,""boundary_enabled"":true,""conflict_enabled"":true,""conflict_pass"":0.25,""directional_enabled"":true,""directional_mix"":0.25,""min_cluster_fraction_of_equal"":0.01,""move_boundary_floor"":0.22,""pairwise_strength"":0.04,""self_return_strength"":0.4,""sweeps"":1,""trust_gate_enabled"":true,""trust_threshold"":0.25,""unary_view1_weight"":0.5}",PASS,,b56c96f9aa3c3463a0fb10094ed18b971aa96c78966e50609a578247ca8d6196,b56c96f9aa3c3463a0fb10094ed18b971aa96c78966e50609a578247ca8d6196,0,445,"[1008,1395,445,1671]",0.28125491738319397,0.28125491738319397,0.4374901354312897,0.39062750339508057,0.6100730895996094,0.6730442047119141,0.06980900000780821,0,0,0.25826424500877926,0.31432408099851056,0.31374944344293665,0.5154080732104173,0.3434033163172776,0.31432408099851056,0.38737209880155526,0.22418440405970358,0.833791472223998,4518,1,merged unique formal+refinement candidates,label-assisted family-level benchmark HPO
RNA_PROTEIN,tonsil_s2,CMBF_0ff7270bbf26e0d3,"{""anchor_strength"":0.4,""boundary_enabled"":true,""conflict_enabled"":true,""conflict_pass"":0.25,""directional_enabled"":true,""directional_mix"":0,""min_cluster_fraction_of_equal"":0.01,""move_boundary_floor"":0.28,""pairwise_strength"":0.08,""self_return_strength"":0.2,""sweeps"":1,""trust_gate_enabled"":true,""trust_threshold"":0.25,""unary_view1_weight"":0.65}",PASS,,152490a486e89759087a2a6cedb91415a444083f6d1a8ce95819cc2170cf5c2c,b56c96f9aa3c3463a0fb10094ed18b971aa96c78966e50609a578247ca8d6196,2,445,"[1006,1397,445,1671]",0.28181910514831543,0.28181910514831543,0.4363618493080139,0.3909095525741577,0.6095125675201416,0.6738391518592834,0.008838299982016906,0,0,0.25834044568619197,0.3154391677393917,0.31486542962223624,0.5154868653114337,0.34460071937886233,0.3154391677393916,0.38731723920556604,0.22438504697955153,0.8336636195103241,4518,1,merged unique formal+refinement candidates,label-assisted family-level benchmark HPO
RNA_PROTEIN,tonsil_s2,CMBF_6dd9bec516983ec4,"{""anchor_strength"":0.4,""boundary_enabled"":true,""conflict_enabled"":true,""conflict_pass"":0.1,""directional_enabled"":true,""directional_mix"":0,""min_cluster_fraction_of_equal"":0.01,""move_boundary_floor"":0.34,""pairwise_strength"":0.04,""self_return_strength"":0.4,""sweeps"":1,""trust_gate_enabled"":true,""trust_threshold"":0.4,""unary_view1_weight"":0.5}",PASS,,b56c96f9aa3c3463a0fb10094ed18b971aa96c78966e50609a578247ca8d6196,b56c96f9aa3c3463a0fb10094ed18b971aa96c78966e50609a578247ca8d6196,0,445,"[1008,1395,445,1671]",0.28181910514831543,0.28181910514831543,0.4363618493080139,0.3254552483558655,0.674934983253479,0.6738391518592834,0.009908100008033216,0,0,0.25826424500877926,0.31432408099851056,0.31374944344293665,0.5154080732104173,0.3434033163172776,0.31432408099851056,0.38737209880155526,0.22418440405970358,0.833791472223998,4518,1,merged unique formal+refinement candidates,label-assisted family-level benchmark HPO
RNA_PROTEIN,tonsil_s2,CMBF_077ba1a69d3463cf,"{""anchor_strength"":0.2,""boundary_enabled"":true,""conflict_enabled"":true,""conflict_pass"":0.25,""directional_enabled"":true,""directional_mix"":0.25,""min_cluster_fraction_of_equal"":0.01,""move_boundary_floor"":0.22,""pairwise_strength"":0.04,""self_return_strength"":0.4,""sweeps"":1,""trust_gate_enabled"":true,""trust_threshold"":0.25,""unary_view1_weight"":0.65}",PASS,,152490a486e89759087a2a6cedb91415a444083f6d1a8ce95819cc2170cf5c2c,b56c96f9aa3c3463a0fb10094ed18b971aa96c78966e50609a578247ca8d6196,2,445,"[1006,1397,445,1671]",0.28125491738319397,0.28125491738319397,0.4374901354312897,0.39062750339508057,0.6100730895996094,0.6730442047119141,0.009223900007782504,0,0,0.25834044568619197,0.3154391677393917,0.31486542962223624,0.5154868653114337,0.34460071937886233,0.3154391677393916,0.38731723920556604,0.22438504697955153,0.8336636195103241,4518,1,merged unique formal+refinement candidates,label-assisted family-level benchmark HPO
RNA_PROTEIN,tonsil_s2,CMBF_f23d7ddb69621e3b,"{""anchor_strength"":0.4,""boundary_enabled"":true,""conflict_enabled"":true,""conflict_pass"":0.1,""directional_enabled"":true,""directional_mix"":0.25,""min_cluster_fraction_of_equal"":0.01,""move_boundary_floor"":0.34,""pairwise_strength"":0.08,""self_return_strength"":0.2,""sweeps"":1,""trust_gate_enabled"":true,""trust_threshold"":0.4,""unary_view1_weight"":0.5}",PASS,,7f21f7529f66bff29367bc31cbb6afb6c20fe0c885eaf8aeb4851fc0c6c95e96,b56c96f9aa3c3463a0fb10094ed18b971aa96c78966e50609a578247ca8d6196,1,445,"[1007,1396,445,1671]",0.28125491738319397,0.28125491738319397,0.4374901354312897,0.325003981590271,0.6756691932678223,0.6730442047119141,0.07033580000279471,0,0,0.25830210141215026,0.31487209612756956,0.31429790033804894,0.515447271024801,0.3439916541415649,0.3148720961275695,0.3873334386169528,0.22430715638992124,0.8336636195103241,4518,1,merged unique formal+refinement candidates,label-assisted family-level benchmark HPO
RNA_PROTEIN,tonsil_s2,CMBF_57e7cec8d71f89bc,"{""anchor_strength"":0.2,""boundary_enabled"":true,""conflict_enabled"":true,""conflict_pass"":0.25,""directional_enabled"":true,""directional_mix"":0,""min_cluster_fraction_of_equal"":0.01,""move_boundary_floor"":0.28,""pairwise_strength"":0.04,""self_return_strength"":0.4,""sweeps"":1,""trust_gate_enabled"":true,""trust_threshold"":0.4,""unary_view1_weight"":0.5}",PASS,,b56c96f9aa3c3463a0fb10094ed18b971aa96c78966e50609a578247ca8d6196,b56c96f9aa3c3463a0fb10094ed18b971aa96c78966e50609a578247ca8d6196,0,445,"[1008,1395,445,1671]",0.28181910514831543,0.28181910514831543,0.4363618493080139,0.3909095525741577,0.6095125675201416,0.6738391518592834,0.01140850002411753,0,0,0.25826424500877926,0.31432408099851056,0.31374944344293665,0.5154080732104173,0.3434033163172776,0.31432408099851056,0.38737209880155526,0.22418440405970358,0.833791472223998,4518,1,merged unique formal+refinement candidates,label-assisted family-level benchmark HPO
RNA_PROTEIN,tonsil_s2,CMBF_4824c9d009134e6d,"{""anchor_strength"":0.4,""boundary_enabled"":true,""conflict_enabled"":true,""conflict_pass"":0.1,""directional_enabled"":true,""directional_mix"":0.25,""min_cluster_fraction_of_equal"":0.01,""move_boundary_floor"":0.22,""pairwise_strength"":0.04,""self_return_strength"":0.4,""sweeps"":1,""trust_gate_enabled"":true,""trust_threshold"":0.3,""unary_view1_weight"":0.5}",PASS,,b56c96f9aa3c3463a0fb10094ed18b971aa96c78966e50609a578247ca8d6196,b56c96f9aa3c3463a0fb10094ed18b971aa96c78966e50609a578247ca8d6196,0,445,"[1008,1395,445,1671]",0.28125491738319397,0.28125491738319397,0.4374901354312897,0.325003981590271,0.6756691932678223,0.6730442047119141,0.009464100003242493,0,0,0.25826424500877926,0.31432408099851056,0.31374944344293665,0.5154080732104173,0.3434033163172776,0.31432408099851056,0.38737209880155526,0.22418440405970358,0.833791472223998,4518,1,merged unique formal+refinement candidates,label-assisted family-level benchmark HPO
RNA_PROTEIN,tonsil_s2,CMBF_c33db8db1992051f,"{""anchor_strength"":0.2,""boundary_enabled"":true,""conflict_enabled"":true,""conflict_pass"":0.25,""directional_enabled"":true,""directional_mix"":0,""min_cluster_fraction_of_equal"":0.01,""move_boundary_floor"":0.22,""pairwise_strength"":0.04,""self_return_strength"":0.4,""sweeps"":1,""trust_gate_enabled"":true,""trust_threshold"":0.4,""unary_view1_weight"":0.65}",PASS,,cb4390bda6acf477463f879db29f586a8f40f2e62f28068cd4492eb2235aa354,b56c96f9aa3c3463a0fb10094ed18b971aa96c78966e50609a578247ca8d6196,5,445,"[1004,1400,445,1670]",0.28181910514831543,0.28181910514831543,0.4363618493080139,0.3909095525741577,0.6095125675201416,0.6738391518592834,0.01046739998855628,0,0,0.25820990746352923,0.31539239896668075,0.3148185957319729,0.5154175747797489,0.3445342493237532,0.31539239896668075,0.38717034533094025,0.22475234776165984,0.8333439877261395,4518,1,merged unique formal+refinement candidates,label-assisted family-level benchmark HPO
RNA_PROTEIN,tonsil_s2,CMBF_d8b1c99839eb1648,"{""anchor_strength"":0.2,""boundary_enabled"":true,""conflict_enabled"":true,""conflict_pass"":0.1,""directional_enabled"":true,""directional_mix"":0,""min_cluster_fraction_of_equal"":0.01,""move_boundary_floor"":0.34,""pairwise_strength"":0.08,""self_return_strength"":0.2,""sweeps"":1,""trust_gate_enabled"":true,""trust_threshold"":0.35,""unary_view1_weight"":0.65}",PASS,,dcb98c5f0cae58baf497fa2fa5e9aca4199a6b6086460e45b1a43ce6ed50dfcf,b56c96f9aa3c3463a0fb10094ed18b971aa96c78966e50609a578247ca8d6196,4,445,"[1004,1399,445,1671]",0.28181910514831543,0.28181910514831543,0.4363618493080139,0.3254552483558655,0.674934983253479,0.6738391518592834,0.009225199988577515,0,0,0.25887799352717994,0.31600404607702165,0.3154307459760835,0.5158753487698586,0.34519671848532857,0.31600404607702165,0.3872345938089724,0.22454103700053787,0.8336636195103241,4518,1,merged unique formal+refinement candidates,label-assisted family-level benchmark HPO
RNA_PROTEIN,tonsil_s2,CMBF_bece8ed9e6eb07a0,"{""anchor_strength"":0.4,""boundary_enabled"":true,""conflict_enabled"":true,""conflict_pass"":0.25,""directional_enabled"":true,""directional_mix"":0,""min_cluster_fraction_of_equal"":0.01,""move_boundary_floor"":0.28,""pairwise_strength"":0.08,""self_return_strength"":0.4,""sweeps"":1,""trust_gate_enabled"":true,""trust_threshold"":0.35,""unary_view1_weight"":0.5}",PASS,,b56c96f9aa3c3463a0fb10094ed18b971aa96c78966e50609a578247ca8d6196,b56c96f9aa3c3463a0fb10094ed18b971aa96c78966e50609a578247ca8d6196,0,445,"[1008,1395,445,1671]",0.28181910514831543,0.28181910514831543,0.4363618493080139,0.3909095525741577,0.6095125675201416,0.6738391518592834,0.009946400008630008,0,0,0.25826424500877926,0.31432408099851056,0.31374944344293665,0.5154080732104173,0.3434033163172776,0.31432408099851056,0.38737209880155526,0.22418440405970358,0.833791472223998,4518,1,merged unique formal+refinement candidates,label-assisted family-level benchmark HPO
RNA_PROTEIN,tonsil_s2,CMBF_8d447e37e6bef35b,"{""anchor_strength"":0.4,""boundary_enabled"":true,""conflict_enabled"":true,""conflict_pass"":0.1,""directional_enabled"":true,""directional_mix"":0.25,""min_cluster_fraction_of_equal"":0.01,""move_boundary_floor"":0.34,""pairwise_strength"":0.08,""self_return_strength"":0.2,""sweeps"":1,""trust_gate_enabled"":true,""trust_threshold"":0.3,""unary_view1_weight"":0.65}",PASS,,b8b98dee008661cbef8627f4a322a70e29124376726ec840c5c0de06f134d5ec,b56c96f9aa3c3463a0fb10094ed18b971aa96c78966e50609a578247ca8d6196,2,445,"[1006,1397,445,1671]",0.28125491738319397,0.28125491738319397,0.4374901354312897,0.325003981590271,0.6756691932678223,0.6730442047119141,0.00970439999946393,0,0,0.25834044568619197,0.3154391677393917,0.31486542962223624,0.5154868653114337,0.34460071937886233,0.3154391677393916,0.38730340116438,0.22436256576053745,0.833727545867161,4518,1,merged unique formal+refinement candidates,label-assisted family-level benchmark HPO
RNA_PROTEIN,tonsil_s2,CMBF_1fc64bbae640a570,"{""anchor_strength"":0.4,""boundary_enabled"":true,""conflict_enabled"":true,""conflict_pass"":0.1,""directional_enabled"":true,""directional_mix"":0.25,""min_cluster_fraction_of_equal"":0.01,""move_boundary_floor"":0.28,""pairwise_strength"":0.04,""self_return_strength"":0.4,""sweeps"":1,""trust_gate_enabled"":true,""trust_threshold"":0.35,""unary_view1_weight"":0.5}",PASS,,b56c96f9aa3c3463a0fb10094ed18b971aa96c78966e50609a578247ca8d6196,b56c96f9aa3c3463a0fb10094ed18b971aa96c78966e50609a578247ca8d6196,0,445,"[1008,1395,445,1671]",0.28125491738319397,0.28125491738319397,0.4374901354312897,0.325003981590271,0.6756691932678223,0.6730442047119141,0.010146899992832914,0,0,0.25826424500877926,0.31432408099851056,0.31374944344293665,0.5154080732104173,0.3434033163172776,0.31432408099851056,0.38737209880155526,0.22418440405970358,0.833791472223998,4518,1,merged unique formal+refinement candidates,label-assisted family-level benchmark HPO
RNA_PROTEIN,tonsil_s2,CMBF_213e12604fb79060,"{""anchor_strength"":0.2,""boundary_enabled"":true,""conflict_enabled"":true,""conflict_pass"":0.25,""directional_enabled"":true,""directional_mix"":0.25,""min_cluster_fraction_of_equal"":0.01,""move_boundary_floor"":0.28,""pairwise_strength"":0.08,""self_return_strength"":0.2,""sweeps"":1,""trust_gate_enabled"":true,""trust_threshold"":0.4,""unary_view1_weight"":0.5}",PASS,,b8b98dee008661cbef8627f4a322a70e29124376726ec840c5c0de06f134d5ec,b56c96f9aa3c3463a0fb10094ed18b971aa96c78966e50609a578247ca8d6196,2,445,"[1006,1397,445,1671]",0.28125491738319397,0.28125491738319397,0.4374901354312897,0.39062750339508057,0.6100730895996094,0.6730442047119141,0.009909199987305328,0,0,0.25834044568619197,0.3154391677393917,0.31486542962223624,0.5154868653114337,0.34460071937886233,0.3154391677393916,0.38730340116438,0.22436256576053745,0.833727545867161,4518,1,merged unique formal+refinement candidates,label-assisted family-level benchmark HPO
RNA_PROTEIN,tonsil_s2,CMBF_11c615c54c15bb1d,"{""anchor_strength"":0.2,""boundary_enabled"":true,""conflict_enabled"":true,""conflict_pass"":0.25,""directional_enabled"":true,""directional_mix"":0.25,""min_cluster_fraction_of_equal"":0.01,""move_boundary_floor"":0.34,""pairwise_strength"":0.04,""self_return_strength"":0.4,""sweeps"":1,""trust_gate_enabled"":true,""trust_threshold"":0.3,""unary_view1_weight"":0.5}",PASS,,b56c96f9aa3c3463a0fb10094ed18b971aa96c78966e50609a578247ca8d6196,b56c96f9aa3c3463a0fb10094ed18b971aa96c78966e50609a578247ca8d6196,0,445,"[1008,1395,445,1671]",0.28125491738319397,0.28125491738319397,0.4374901354312897,0.39062750339508057,0.6100730895996094,0.6730442047119141,0.008418200013693422,0,0,0.25826424500877926,0.31432408099851056,0.31374944344293665,0.5154080732104173,0.3434033163172776,0.31432408099851056,0.38737209880155526,0.22418440405970358,0.833791472223998,4518,1,merged unique formal+refinement candidates,label-assisted family-level benchmark HPO
RNA_PROTEIN,tonsil_s2,CMBF_db8a78b41c3992c1,"{""anchor_strength"":0.2,""boundary_enabled"":true,""conflict_enabled"":true,""conflict_pass"":0.25,""directional_enabled"":true,""directional_mix"":0,""min_cluster_fraction_of_equal"":0.01,""move_boundary_floor"":0.34,""pairwise_strength"":0.08,""self_return_strength"":0.2,""sweeps"":1,""trust_gate_enabled"":true,""trust_threshold"":0.35,""unary_view1_weight"":0.65}",PASS,,501a0bb516c08f20241cfb6e0a77ff6c045dec0a1cd80801796184e0163ec7bc,b56c96f9aa3c3463a0fb10094ed18b971aa96c78966e50609a578247ca8d6196,5,446,"[1004,1399,446,1670]",0.28181910514831543,0.28181910514831543,0.4363618493080139,0.3909095525741577,0.6095125675201416,0.6738391518592834,0.009878999990178272,0,0,0.25853830787553334,0.3156496655557461,0.31507614057640976,0.5156038588180333,0.3448518926470792,0.31564966555574603,0.3871996138385842,0.22464792362352964,0.8335357667966503,4518,1,merged unique formal+refinement candidates,label-assisted family-level benchmark HPO
RNA_PROTEIN,tonsil_s2,CMBF_33b19d17d5d280d7,"{""anchor_strength"":0.4,""boundary_enabled"":true,""conflict_enabled"":true,""conflict_pass"":0.1,""directional_enabled"":true,""directional_mix"":0,""min_cluster_fraction_of_equal"":0.01,""move_boundary_floor"":0.22,""pairwise_strength"":0.04,""self_return_strength"":0.4,""sweeps"":1,""trust_gate_enabled"":true,""trust_threshold"":0.3,""unary_view1_weight"":0.65}",PASS,,58d4a8933340285a6241ebc10e7df9d72d8b2c6e5da3c7eb787c4ab528e58d1a,b56c96f9aa3c3463a0fb10094ed18b971aa96c78966e50609a578247ca8d6196,2,445,"[1007,1397,445,1670]",0.28181910514831543,0.28181910514831543,0.4363618493080139,0.3254552483558655,0.674934983253479,0.6738391518592834,0.009319000004325062,0,0,0.25816781325091354,0.3148309338729354,0.31425671323350246,0.5153473820165696,0.3439524259320056,0.31483093387293537,0.3871430139080105,0.22472059305472997,0.8334079140829764,4518,1,merged unique formal+refinement candidates,label-assisted family-level benchmark HPO
RNA_PROTEIN,tonsil_s2,CMBF_3550d2b2086e6fd6,"{""anchor_strength"":0.4,""boundary_enabled"":true,""conflict_enabled"":true,""conflict_pass"":0.25,""directional_enabled"":true,""directional_mix"":0.25,""min_cluster_fraction_of_equal"":0.01,""move_boundary_floor"":0.22,""pairwise_strength"":0.04,""self_return_strength"":0.2,""sweeps"":1,""trust_gate_enabled"":true,""trust_threshold"":0.4,""unary_view1_weight"":0.5}",PASS,,cb4390bda6acf477463f879db29f586a8f40f2e62f28068cd4492eb2235aa354,b56c96f9aa3c3463a0fb10094ed18b971aa96c78966e50609a578247ca8d6196,5,445,"[1004,1400,445,1670]",0.28125491738319397,0.28125491738319397,0.4374901354312897,0.39062750339508057,0.6100730895996094,0.6730442047119141,0.010051100020064041,0,0,0.25820990746352923,0.31539239896668075,0.3148185957319729,0.5154175747797489,0.3445342493237532,0.31539239896668075,0.38717034533094025,0.22475234776165984,0.8333439877261395,4518,1,merged unique formal+refinement candidates,label-assisted family-level benchmark HPO
RNA_PROTEIN,tonsil_s2,CMBF_9e60966a5600b223,"{""anchor_strength"":0.2,""boundary_enabled"":true,""conflict_enabled"":true,""conflict_pass"":0.25,""directional_enabled"":true,""directional_mix"":0.25,""min_cluster_fraction_of_equal"":0.01,""move_boundary_floor"":0.28,""pairwise_strength"":0.04,""self_return_strength"":0.2,""sweeps"":1,""trust_gate_enabled"":true,""trust_threshold"":0.35,""unary_view1_weight"":0.65}",PASS,,684284651d606f8f8f31631c4aa2a045fdf6b39c10a343275d691e43967138e6,b56c96f9aa3c3463a0fb10094ed18b971aa96c78966e50609a578247ca8d6196,7,448,"[1004,1399,448,1668]",0.28125491738319397,0.28125491738319397,0.4374901354312897,0.39062750339508057,0.6100730895996094,0.6730442047119141,0.009715400025015697,0,0,0.2578602995657873,0.3149483815142423,0.31437441273320643,0.5150618077625754,0.34416985484614887,0.31494838151424226,0.38703603999847724,0.2249294666414618,0.8330882822987918,4518,1,merged unique formal+refinement candidates,label-assisted family-level benchmark HPO
RNA_PROTEIN,tonsil_s2,CMBF_a9fad04d89c6226c,"{""anchor_strength"":0.4,""boundary_enabled"":true,""conflict_enabled"":true,""conflict_pass"":0.25,""directional_enabled"":true,""directional_mix"":0,""min_cluster_fraction_of_equal"":0.01,""move_boundary_floor"":0.28,""pairwise_strength"":0.04,""self_return_strength"":0.4,""sweeps"":1,""trust_gate_enabled"":true,""trust_threshold"":0.25,""unary_view1_weight"":0.5}",PASS,,b56c96f9aa3c3463a0fb10094ed18b971aa96c78966e50609a578247ca8d6196,b56c96f9aa3c3463a0fb10094ed18b971aa96c78966e50609a578247ca8d6196,0,445,"[1008,1395,445,1671]",0.28181910514831543,0.28181910514831543,0.4363618493080139,0.3909095525741577,0.6095125675201416,0.6738391518592834,0.00924680000753142,0,0,0.25826424500877926,0.31432408099851056,0.31374944344293665,0.5154080732104173,0.3434033163172776,0.31432408099851056,0.38737209880155526,0.22418440405970358,0.833791472223998,4518,1,merged unique formal+refinement candidates,label-assisted family-level benchmark HPO
RNA_PROTEIN,tonsil_s2,CMBF_51358555c3333a17,"{""anchor_strength"":0.2,""boundary_enabled"":true,""conflict_enabled"":true,""conflict_pass"":0.1,""directional_enabled"":true,""directional_mix"":0,""min_cluster_fraction_of_equal"":0.01,""move_boundary_floor"":0.22,""pairwise_strength"":0.08,""self_return_strength"":0.2,""sweeps"":1,""trust_gate_enabled"":true,""trust_threshold"":0.25,""unary_view1_weight"":0.5}",PASS,,152490a486e89759087a2a6cedb91415a444083f6d1a8ce95819cc2170cf5c2c,b56c96f9aa3c3463a0fb10094ed18b971aa96c78966e50609a578247ca8d6196,2,445,"[1006,1397,445,1671]",0.28181910514831543,0.28181910514831543,0.4363618493080139,0.3254552483558655,0.674934983253479,0.6738391518592834,0.008850599988363683,0,0,0.25834044568619197,0.3154391677393917,0.31486542962223624,0.5154868653114337,0.34460071937886233,0.3154391677393916,0.38731723920556604,0.22438504697955153,0.8336636195103241,4518,1,merged unique formal+refinement candidates,label-assisted family-level benchmark HPO
RNA_PROTEIN,tonsil_s2,CMBF_5750b172b3893a44,"{""anchor_strength"":0.2,""boundary_enabled"":true,""conflict_enabled"":true,""conflict_pass"":0.25,""directional_enabled"":true,""directional_mix"":0.25,""min_cluster_fraction_of_equal"":0.01,""move_boundary_floor"":0.22,""pairwise_strength"":0.04,""self_return_strength"":0.2,""sweeps"":1,""trust_gate_enabled"":true,""trust_threshold"":0.3,""unary_view1_weight"":0.65}",PASS,,d9312fddf13d24b9dc38e38ff1104a22257fbe747555750003fc1d0073eb01cb,b56c96f9aa3c3463a0fb10094ed18b971aa96c78966e50609a578247ca8d6196,13,448,"[1001,1403,448,1667]",0.28125491738319397,0.28125491738319397,0.4374901354312897,0.39062750339508057,0.6100730895996094,0.6730442047119141,0.009007699991343543,0,0,0.2583043129915081,0.31606353293511297,0.31549045400500947,0.5153927231318541,0.3453619717339408,0.316063532935113,0.3868948134200386,0.2254213804194018,0.8326407978009334,4518,1,merged unique formal+refinement candidates,label-assisted family-level benchmark HPO
RNA_PROTEIN,tonsil_s2,CMBF_8df801fa42d0643f,"{""anchor_strength"":0.4,""boundary_enabled"":true,""conflict_enabled"":true,""conflict_pass"":0.1,""directional_enabled"":true,""directional_mix"":0,""min_cluster_fraction_of_equal"":0.01,""move_boundary_floor"":0.22,""pairwise_strength"":0.04,""self_return_strength"":0.2,""sweeps"":1,""trust_gate_enabled"":true,""trust_threshold"":0.25,""unary_view1_weight"":0.5}",PASS,,152490a486e89759087a2a6cedb91415a444083f6d1a8ce95819cc2170cf5c2c,b56c96f9aa3c3463a0fb10094ed18b971aa96c78966e50609a578247ca8d6196,2,445,"[1006,1397,445,1671]",0.28181910514831543,0.28181910514831543,0.4363618493080139,0.3254552483558655,0.674934983253479,0.6738391518592834,0.008412299997871742,0,0,0.25834044568619197,0.3154391677393917,0.31486542962223624,0.5154868653114337,0.34460071937886233,0.3154391677393916,0.38731723920556604,0.22438504697955153,0.8336636195103241,4518,1,merged unique formal+refinement candidates,label-assisted family-level benchmark HPO
RNA_PROTEIN,tonsil_s2,CMBF_5b019f4196c15c93,"{""anchor_strength"":0.4,""boundary_enabled"":true,""conflict_enabled"":true,""conflict_pass"":0.25,""directional_enabled"":true,""directional_mix"":0,""min_cluster_fraction_of_equal"":0.01,""move_boundary_floor"":0.28,""pairwise_strength"":0.08,""self_return_strength"":0.4,""sweeps"":1,""trust_gate_enabled"":true,""trust_threshold"":0.25,""unary_view1_weight"":0.5}",PASS,,b56c96f9aa3c3463a0fb10094ed18b971aa96c78966e50609a578247ca8d6196,b56c96f9aa3c3463a0fb10094ed18b971aa96c78966e50609a578247ca8d6196,0,445,"[1008,1395,445,1671]",0.28181910514831543,0.28181910514831543,0.4363618493080139,0.3909095525741577,0.6095125675201416,0.6738391518592834,0.009280199999921024,0,0,0.25826424500877926,0.31432408099851056,0.31374944344293665,0.5154080732104173,0.3434033163172776,0.31432408099851056,0.38737209880155526,0.22418440405970358,0.833791472223998,4518,1,merged unique formal+refinement candidates,label-assisted family-level benchmark HPO
RNA_PROTEIN,tonsil_s2,CMBF_d878b91ccd78876a,"{""anchor_strength"":0.4,""boundary_enabled"":true,""conflict_enabled"":true,""conflict_pass"":0.1,""directional_enabled"":true,""directional_mix"":0.25,""min_cluster_fraction_of_equal"":0.01,""move_boundary_floor"":0.28,""pairwise_strength"":0.04,""self_return_strength"":0.2,""sweeps"":1,""trust_gate_enabled"":true,""trust_threshold"":0.35,""unary_view1_weight"":0.65}",PASS,,600992ea10ec5c53559050b62cf186d82fd2941ce4ad958c5d8ff6a682bbbc5f,b56c96f9aa3c3463a0fb10094ed18b971aa96c78966e50609a578247ca8d6196,3,445,"[1005,1398,445,1671]",0.28125491738319397,0.28125491738319397,0.4374901354312897,0.325003981590271,0.6756691932678223,0.6730442047119141,0.010896599997067824,0,0,0.25860897948636075,0.31572104746481966,0.315147527926165,0.5156809190678746,0.34489814459696666,0.31572104746481966,0.38724219412137695,0.22453047424314693,0.8334718404398134,4518,1,merged unique formal+refinement candidates,label-assisted family-level benchmark HPO
RNA_PROTEIN,tonsil_s2,CMBF_c451e787972c2797,"{""anchor_strength"":0.2,""boundary_enabled"":true,""conflict_enabled"":true,""conflict_pass"":0.1,""directional_enabled"":true,""directional_mix"":0.25,""min_cluster_fraction_of_equal"":0.01,""move_boundary_floor"":0.22,""pairwise_strength"":0.08,""self_return_strength"":0.2,""sweeps"":1,""trust_gate_enabled"":true,""trust_threshold"":0.35,""unary_view1_weight"":0.65}",PASS,,8e956348266d81fa101418ae2990433115ce9065708aab52f8bdae07dce4a4cd,b56c96f9aa3c3463a0fb10094ed18b971aa96c78966e50609a578247ca8d6196,10,445,"[1001,1403,445,1670]",0.28125491738319397,0.28125491738319397,0.4374901354312897,0.325003981590271,0.6756691932678223,0.6730442047119141,0.011324099992634729,0,0,0.2593211658130593,0.3171195666985392,0.3165471572416524,0.5162053843435224,0.34638876064289353,0.3171195666985392,0.38708506304917056,0.22500956575824918,0.8332800613693025,4518,1,merged unique formal+refinement candidates,label-assisted family-level benchmark HPO
RNA_PROTEIN,tonsil_s2,CMBF_f9449aa1499e111c,"{""anchor_strength"":0.4,""boundary_enabled"":true,""conflict_enabled"":true,""conflict_pass"":0.25,""directional_enabled"":true,""directional_mix"":0.25,""min_cluster_fraction_of_equal"":0.01,""move_boundary_floor"":0.22,""pairwise_strength"":0.04,""self_return_strength"":0.2,""sweeps"":1,""trust_gate_enabled"":true,""trust_threshold"":0.3,""unary_view1_weight"":0.65}",PASS,,cd8233e38ed63e2a28b5833aa9da4d2402d0358c9613deaa6a353e4313339c0d,b56c96f9aa3c3463a0fb10094ed18b971aa96c78966e50609a578247ca8d6196,8,445,"[1001,1403,445,1670]",0.28125491738319397,0.28125491738319397,0.4374901354312897,0.39062750339508057,0.6100730895996094,0.6730442047119141,0.010661800013622269,0,0,0.2587853670379758,0.31654623862882414,0.3159733485923322,0.5158460787106333,0.34576251609552017,0.31654623862882414,0.38708506304917056,0.22500956575824918,0.8332800613693025,4518,1,merged unique formal+refinement candidates,label-assisted family-level benchmark HPO
RNA_PROTEIN,tonsil_s2,CMBF_a7d625d6eecb142d,"{""anchor_strength"":0.2,""boundary_enabled"":true,""conflict_enabled"":true,""conflict_pass"":0.25,""directional_enabled"":true,""directional_mix"":0.25,""min_cluster_fraction_of_equal"":0.01,""move_boundary_floor"":0.28,""pairwise_strength"":0.08,""self_return_strength"":0.2,""sweeps"":1,""trust_gate_enabled"":true,""trust_threshold"":0.3,""unary_view1_weight"":0.5}",PASS,,b8b98dee008661cbef8627f4a322a70e29124376726ec840c5c0de06f134d5ec,b56c96f9aa3c3463a0fb10094ed18b971aa96c78966e50609a578247ca8d6196,2,445,"[1006,1397,445,1671]",0.28125491738319397,0.28125491738319397,0.4374901354312897,0.39062750339508057,0.6100730895996094,0.6730442047119141,0.009433200000785291,0,0,0.25834044568619197,0.3154391677393917,0.31486542962223624,0.5154868653114337,0.34460071937886233,0.3154391677393916,0.38730340116438,0.22436256576053745,0.833727545867161,4518,1,merged unique formal+refinement candidates,label-assisted family-level benchmark HPO
RNA_PROTEIN,tonsil_s2,CMBF_70128024508b33d3,"{""anchor_strength"":0.2,""boundary_enabled"":true,""conflict_enabled"":true,""conflict_pass"":0.25,""directional_enabled"":true,""directional_mix"":0,""min_cluster_fraction_of_equal"":0.01,""move_boundary_floor"":0.34,""pairwise_strength"":0.08,""self_return_strength"":0.2,""sweeps"":1,""trust_gate_enabled"":true,""trust_threshold"":0.3,""unary_view1_weight"":0.5}",PASS,,7f21f7529f66bff29367bc31cbb6afb6c20fe0c885eaf8aeb4851fc0c6c95e96,b56c96f9aa3c3463a0fb10094ed18b971aa96c78966e50609a578247ca8d6196,1,445,"[1007,1396,445,1671]",0.28181910514831543,0.28181910514831543,0.4363618493080139,0.3909095525741577,0.6095125675201416,0.6738391518592834,0.010050099983345717,0,0,0.25830210141215026,0.31487209612756956,0.31429790033804894,0.515447271024801,0.3439916541415649,0.3148720961275695,0.3873334386169528,0.22430715638992124,0.8336636195103241,4518,1,merged unique formal+refinement candidates,label-assisted family-level benchmark HPO
RNA_PROTEIN,tonsil_s2,CMBF_ee817cc11695d9c8,"{""anchor_strength"":0.4,""boundary_enabled"":true,""conflict_enabled"":true,""conflict_pass"":0.25,""directional_enabled"":true,""directional_mix"":0.25,""min_cluster_fraction_of_equal"":0.01,""move_boundary_floor"":0.22,""pairwise_strength"":0.08,""self_return_strength"":0.2,""sweeps"":1,""trust_gate_enabled"":true,""trust_threshold"":0.3,""unary_view1_weight"":0.5}",PASS,,cb4390bda6acf477463f879db29f586a8f40f2e62f28068cd4492eb2235aa354,b56c96f9aa3c3463a0fb10094ed18b971aa96c78966e50609a578247ca8d6196,5,445,"[1004,1400,445,1670]",0.28125491738319397,0.28125491738319397,0.4374901354312897,0.39062750339508057,0.6100730895996094,0.6730442047119141,0.010420800012070686,0,0,0.25820990746352923,0.31539239896668075,0.3148185957319729,0.5154175747797489,0.3445342493237532,0.31539239896668075,0.38717034533094025,0.22475234776165984,0.8333439877261395,4518,1,merged unique formal+refinement candidates,label-assisted family-level benchmark HPO
RNA_PROTEIN,tonsil_s3,CMBF_97668dca057d41bd,"{""anchor_strength"":0.4,""boundary_enabled"":true,""conflict_enabled"":true,""conflict_pass"":0.1,""directional_enabled"":true,""directional_mix"":0,""min_cluster_fraction_of_equal"":0.01,""move_boundary_floor"":0.34,""pairwise_strength"":0.08,""self_return_strength"":0.2,""sweeps"":1,""trust_gate_enabled"":true,""trust_threshold"":0.35,""unary_view1_weight"":0.65}",PASS,,a698d0be73643f8c38c5208695a640a8a1ed79c179719c855fdcbb19598eb151,0003aaac74f65273cf1b21b9f52070eb6f8ad11328b2b0f96d815c3e9ce83f43,2,294,"[2471,573,1183,294]",0.2826955020427704,0.2826955020427704,0.4346090257167816,0.3261563777923584,0.6709955334663391,0.6376751065254211,0.05588220001664013,0,0,0.35113837226315536,0.3100679799944422,0.3094257686182948,0.6149520063482756,0.3155487233827158,0.31006797999444224,0.32525350722916396,0.34833625966956366,0.7935151172647641,4460,1,merged unique formal+refinement candidates,label-assisted family-level benchmark HPO
RNA_PROTEIN,tonsil_s3,CMBF_51963f0deb534caf,"{""anchor_strength"":0.4,""boundary_enabled"":true,""conflict_enabled"":true,""conflict_pass"":0.25,""directional_enabled"":true,""directional_mix"":0,""min_cluster_fraction_of_equal"":0.01,""move_boundary_floor"":0.28,""pairwise_strength"":0.08,""self_return_strength"":0.4,""sweeps"":1,""trust_gate_enabled"":true,""trust_threshold"":0.3,""unary_view1_weight"":0.65}",PASS,,e8e5aee84c0de1fc27f4c39407128bad027fc7786c0cc50a977ef78a3c048b1a,0003aaac74f65273cf1b21b9f52070eb6f8ad11328b2b0f96d815c3e9ce83f43,1,294,"[2471,572,1184,294]",0.2826955020427704,0.2826955020427704,0.4346090257167816,0.3913477659225464,0.6057239770889282,0.6376751065254211,0.053302900021662936,0,0,0.3509938492244087,0.30988769291953394,0.30924525762907423,0.6148876399047555,0.31533832479255297,0.309887692919534,0.3250926311448171,0.34864531981739694,0.7933031929923707,4460,1,merged unique formal+refinement candidates,label-assisted family-level benchmark HPO
RNA_PROTEIN,tonsil_s3,CMBF_5253aef845f50c0d,"{""anchor_strength"":0.2,""boundary_enabled"":true,""conflict_enabled"":true,""conflict_pass"":0.25,""directional_enabled"":true,""directional_mix"":0.25,""min_cluster_fraction_of_equal"":0.01,""move_boundary_floor"":0.22,""pairwise_strength"":0.04,""self_return_strength"":0.4,""sweeps"":1,""trust_gate_enabled"":true,""trust_threshold"":0.25,""unary_view1_weight"":0.5}",PASS,,7b5e3de44da6eb0bb92ddde67dde0ec7d97f41395e48b3e13bf50de195465dee,0003aaac74f65273cf1b21b9f52070eb6f8ad11328b2b0f96d815c3e9ce83f43,1,294,"[2470,572,1185,294]",0.2809721827507019,0.2809722125530243,0.4380555748939514,0.39048612117767334,0.606700599193573,0.6363896727561951,0.07461650000186637,0,0,0.3504998940563021,0.30959181820455395,0.3089491564270325,0.6145526353315127,0.3150611151031247,0.3095918182045539,0.3251114576637167,0.34859973745915596,0.7933031929923707,4460,1,merged unique formal+refinement candidates,label-assisted family-level benchmark HPO
RNA_PROTEIN,tonsil_s3,CMBF_0ff7270bbf26e0d3,"{""anchor_strength"":0.4,""boundary_enabled"":true,""conflict_enabled"":true,""conflict_pass"":0.25,""directional_enabled"":true,""directional_mix"":0,""min_cluster_fraction_of_equal"":0.01,""move_boundary_floor"":0.28,""pairwise_strength"":0.08,""self_return_strength"":0.2,""sweeps"":1,""trust_gate_enabled"":true,""trust_threshold"":0.25,""unary_view1_weight"":0.65}",PASS,,a698d0be73643f8c38c5208695a640a8a1ed79c179719c855fdcbb19598eb151,0003aaac74f65273cf1b21b9f52070eb6f8ad11328b2b0f96d815c3e9ce83f43,2,294,"[2471,573,1183,294]",0.2826955020427704,0.2826955020427704,0.4346090257167816,0.3913477659225464,0.6057239770889282,0.6376751065254211,0.00987200002418831,0,0,0.35113837226315536,0.3100679799944422,0.3094257686182948,0.6149520063482756,0.3155487233827158,0.31006797999444224,0.32525350722916396,0.34833625966956366,0.7935151172647641,4460,1,merged unique formal+refinement candidates,label-assisted family-level benchmark HPO
RNA_PROTEIN,tonsil_s3,CMBF_6dd9bec516983ec4,"{""anchor_strength"":0.4,""boundary_enabled"":true,""conflict_enabled"":true,""conflict_pass"":0.1,""directional_enabled"":true,""directional_mix"":0,""min_cluster_fraction_of_equal"":0.01,""move_boundary_floor"":0.34,""pairwise_strength"":0.04,""self_return_strength"":0.4,""sweeps"":1,""trust_gate_enabled"":true,""trust_threshold"":0.4,""unary_view1_weight"":0.5}",PASS,,7b5e3de44da6eb0bb92ddde67dde0ec7d97f41395e48b3e13bf50de195465dee,0003aaac74f65273cf1b21b9f52070eb6f8ad11328b2b0f96d815c3e9ce83f43,1,294,"[2470,572,1185,294]",0.2826955020427704,0.2826955020427704,0.4346090257167816,0.3261563777923584,0.6709955334663391,0.6376751065254211,0.011806399998022243,0,0,0.3504998940563021,0.30959181820455395,0.3089491564270325,0.6145526353315127,0.3150611151031247,0.3095918182045539,0.3251114576637167,0.34859973745915596,0.7933031929923707,4460,1,merged unique formal+refinement candidates,label-assisted family-level benchmark HPO
RNA_PROTEIN,tonsil_s3,CMBF_077ba1a69d3463cf,"{""anchor_strength"":0.2,""boundary_enabled"":true,""conflict_enabled"":true,""conflict_pass"":0.25,""directional_enabled"":true,""directional_mix"":0.25,""min_cluster_fraction_of_equal"":0.01,""move_boundary_floor"":0.22,""pairwise_strength"":0.04,""self_return_strength"":0.4,""sweeps"":1,""trust_gate_enabled"":true,""trust_threshold"":0.25,""unary_view1_weight"":0.65}",PASS,,e8e5aee84c0de1fc27f4c39407128bad027fc7786c0cc50a977ef78a3c048b1a,0003aaac74f65273cf1b21b9f52070eb6f8ad11328b2b0f96d815c3e9ce83f43,1,294,"[2471,572,1184,294]",0.2809721827507019,0.2809722125530243,0.4380555748939514,0.39048612117767334,0.606700599193573,0.6363896727561951,0.010290300007909536,0,0,0.3509938492244087,0.30988769291953394,0.30924525762907423,0.6148876399047555,0.31533832479255297,0.309887692919534,0.3250926311448171,0.34864531981739694,0.7933031929923707,4460,1,merged unique formal+refinement candidates,label-assisted family-level benchmark HPO
RNA_PROTEIN,tonsil_s3,CMBF_f23d7ddb69621e3b,"{""anchor_strength"":0.4,""boundary_enabled"":true,""conflict_enabled"":true,""conflict_pass"":0.1,""directional_enabled"":true,""directional_mix"":0.25,""min_cluster_fraction_of_equal"":0.01,""move_boundary_floor"":0.34,""pairwise_strength"":0.08,""self_return_strength"":0.2,""sweeps"":1,""trust_gate_enabled"":true,""trust_threshold"":0.4,""unary_view1_weight"":0.5}",PASS,,7b5e3de44da6eb0bb92ddde67dde0ec7d97f41395e48b3e13bf50de195465dee,0003aaac74f65273cf1b21b9f52070eb6f8ad11328b2b0f96d815c3e9ce83f43,1,294,"[2470,572,1185,294]",0.2809721827507019,0.2809722125530243,0.4380555748939514,0.3247777819633484,0.6724900603294373,0.6363896727561951,0.07770789999631234,0,0,0.3504998940563021,0.30959181820455395,0.3089491564270325,0.6145526353315127,0.3150611151031247,0.3095918182045539,0.3251114576637167,0.34859973745915596,0.7933031929923707,4460,1,merged unique formal+refinement candidates,label-assisted family-level benchmark HPO
RNA_PROTEIN,tonsil_s3,CMBF_57e7cec8d71f89bc,"{""anchor_strength"":0.2,""boundary_enabled"":true,""conflict_enabled"":true,""conflict_pass"":0.25,""directional_enabled"":true,""directional_mix"":0,""min_cluster_fraction_of_equal"":0.01,""move_boundary_floor"":0.28,""pairwise_strength"":0.04,""self_return_strength"":0.4,""sweeps"":1,""trust_gate_enabled"":true,""trust_threshold"":0.4,""unary_view1_weight"":0.5}",PASS,,7b5e3de44da6eb0bb92ddde67dde0ec7d97f41395e48b3e13bf50de195465dee,0003aaac74f65273cf1b21b9f52070eb6f8ad11328b2b0f96d815c3e9ce83f43,1,294,"[2470,572,1185,294]",0.2826955020427704,0.2826955020427704,0.4346090257167816,0.3913477659225464,0.6057239770889282,0.6376751065254211,0.01111200000741519,0,0,0.3504998940563021,0.30959181820455395,0.3089491564270325,0.6145526353315127,0.3150611151031247,0.3095918182045539,0.3251114576637167,0.34859973745915596,0.7933031929923707,4460,1,merged unique formal+refinement candidates,label-assisted family-level benchmark HPO
RNA_PROTEIN,tonsil_s3,CMBF_4824c9d009134e6d,"{""anchor_strength"":0.4,""boundary_enabled"":true,""conflict_enabled"":true,""conflict_pass"":0.1,""directional_enabled"":true,""directional_mix"":0.25,""min_cluster_fraction_of_equal"":0.01,""move_boundary_floor"":0.22,""pairwise_strength"":0.04,""self_return_strength"":0.4,""sweeps"":1,""trust_gate_enabled"":true,""trust_threshold"":0.3,""unary_view1_weight"":0.5}",PASS,,7b5e3de44da6eb0bb92ddde67dde0ec7d97f41395e48b3e13bf50de195465dee,0003aaac74f65273cf1b21b9f52070eb6f8ad11328b2b0f96d815c3e9ce83f43,1,294,"[2470,572,1185,294]",0.2809721827507019,0.2809722125530243,0.4380555748939514,0.3247777819633484,0.6724900603294373,0.6363896727561951,0.011020699981600046,0,0,0.3504998940563021,0.30959181820455395,0.3089491564270325,0.6145526353315127,0.3150611151031247,0.3095918182045539,0.3251114576637167,0.34859973745915596,0.7933031929923707,4460,1,merged unique formal+refinement candidates,label-assisted family-level benchmark HPO
RNA_PROTEIN,tonsil_s3,CMBF_c33db8db1992051f,"{""anchor_strength"":0.2,""boundary_enabled"":true,""conflict_enabled"":true,""conflict_pass"":0.25,""directional_enabled"":true,""directional_mix"":0,""min_cluster_fraction_of_equal"":0.01,""move_boundary_floor"":0.22,""pairwise_strength"":0.04,""self_return_strength"":0.4,""sweeps"":1,""trust_gate_enabled"":true,""trust_threshold"":0.4,""unary_view1_weight"":0.65}",PASS,,298d264a00a6323dbe9482e58b3f77ff42197655bce95db794bf80a3434ac75b,0003aaac74f65273cf1b21b9f52070eb6f8ad11328b2b0f96d815c3e9ce83f43,2,294,"[2472,571,1184,294]",0.2826955020427704,0.2826955020427704,0.4346090257167816,0.3913477659225464,0.6057239770889282,0.6376751065254211,0.011244300025282428,0,0,0.3506391429624545,0.31019385757899204,0.30955160208187354,0.6147400637113044,0.3155989038779141,0.3101938575789921,0.32508198782548564,0.34866194699203096,0.7935857586888951,4460,1,merged unique formal+refinement candidates,label-assisted family-level benchmark HPO
RNA_PROTEIN,tonsil_s3,CMBF_d8b1c99839eb1648,"{""anchor_strength"":0.2,""boundary_enabled"":true,""conflict_enabled"":true,""conflict_pass"":0.1,""directional_enabled"":true,""directional_mix"":0,""min_cluster_fraction_of_equal"":0.01,""move_boundary_floor"":0.34,""pairwise_strength"":0.08,""self_return_strength"":0.2,""sweeps"":1,""trust_gate_enabled"":true,""trust_threshold"":0.35,""unary_view1_weight"":0.65}",PASS,,9e94eb5032e17b0c29d5454ae985ca36f1919161dd89b630f9cb6b6874bebaf6,0003aaac74f65273cf1b21b9f52070eb6f8ad11328b2b0f96d815c3e9ce83f43,6,296,"[2468,575,1182,296]",0.2826955020427704,0.2826955020427704,0.4346090257167816,0.3261563777923584,0.6709955334663391,0.6376751065254211,0.010584000003291294,0,0,0.35183469092027814,0.3111182941198428,0.3104775103881987,0.6151414399204335,0.3168338993872345,0.3111182941198429,0.32625061135006705,0.34628421773983065,0.7940096072336819,4460,1,merged unique formal+refinement candidates,label-assisted family-level benchmark HPO
RNA_PROTEIN,tonsil_s3,CMBF_bece8ed9e6eb07a0,"{""anchor_strength"":0.4,""boundary_enabled"":true,""conflict_enabled"":true,""conflict_pass"":0.25,""directional_enabled"":true,""directional_mix"":0,""min_cluster_fraction_of_equal"":0.01,""move_boundary_floor"":0.28,""pairwise_strength"":0.08,""self_return_strength"":0.4,""sweeps"":1,""trust_gate_enabled"":true,""trust_threshold"":0.35,""unary_view1_weight"":0.5}",PASS,,7b5e3de44da6eb0bb92ddde67dde0ec7d97f41395e48b3e13bf50de195465dee,0003aaac74f65273cf1b21b9f52070eb6f8ad11328b2b0f96d815c3e9ce83f43,1,294,"[2470,572,1185,294]",0.2826955020427704,0.2826955020427704,0.4346090257167816,0.3913477659225464,0.6057239770889282,0.6376751065254211,0.010519999981625006,0,0,0.3504998940563021,0.30959181820455395,0.3089491564270325,0.6145526353315127,0.3150611151031247,0.3095918182045539,0.3251114576637167,0.34859973745915596,0.7933031929923707,4460,1,merged unique formal+refinement candidates,label-assisted family-level benchmark HPO
RNA_PROTEIN,tonsil_s3,CMBF_8d447e37e6bef35b,"{""anchor_strength"":0.4,""boundary_enabled"":true,""conflict_enabled"":true,""conflict_pass"":0.1,""directional_enabled"":true,""directional_mix"":0.25,""min_cluster_fraction_of_equal"":0.01,""move_boundary_floor"":0.34,""pairwise_strength"":0.08,""self_return_strength"":0.2,""sweeps"":1,""trust_gate_enabled"":true,""trust_threshold"":0.3,""unary_view1_weight"":0.65}",PASS,,e8e5aee84c0de1fc27f4c39407128bad027fc7786c0cc50a977ef78a3c048b1a,0003aaac74f65273cf1b21b9f52070eb6f8ad11328b2b0f96d815c3e9ce83f43,1,294,"[2471,572,1184,294]",0.2809721827507019,0.2809722125530243,0.4380555748939514,0.3247777819633484,0.6724900603294373,0.6363896727561951,0.009927200007950887,0,0,0.3509938492244087,0.30988769291953394,0.30924525762907423,0.6148876399047555,0.31533832479255297,0.309887692919534,0.3250926311448171,0.34864531981739694,0.7933031929923707,4460,1,merged unique formal+refinement candidates,label-assisted family-level benchmark HPO
RNA_PROTEIN,tonsil_s3,CMBF_1fc64bbae640a570,"{""anchor_strength"":0.4,""boundary_enabled"":true,""conflict_enabled"":true,""conflict_pass"":0.1,""directional_enabled"":true,""directional_mix"":0.25,""min_cluster_fraction_of_equal"":0.01,""move_boundary_floor"":0.28,""pairwise_strength"":0.04,""self_return_strength"":0.4,""sweeps"":1,""trust_gate_enabled"":true,""trust_threshold"":0.35,""unary_view1_weight"":0.5}",PASS,,7b5e3de44da6eb0bb92ddde67dde0ec7d97f41395e48b3e13bf50de195465dee,0003aaac74f65273cf1b21b9f52070eb6f8ad11328b2b0f96d815c3e9ce83f43,1,294,"[2470,572,1185,294]",0.2809721827507019,0.2809722125530243,0.4380555748939514,0.3247777819633484,0.6724900603294373,0.6363896727561951,0.010776500013889745,0,0,0.3504998940563021,0.30959181820455395,0.3089491564270325,0.6145526353315127,0.3150611151031247,0.3095918182045539,0.3251114576637167,0.34859973745915596,0.7933031929923707,4460,1,merged unique formal+refinement candidates,label-assisted family-level benchmark HPO
RNA_PROTEIN,tonsil_s3,CMBF_213e12604fb79060,"{""anchor_strength"":0.2,""boundary_enabled"":true,""conflict_enabled"":true,""conflict_pass"":0.25,""directional_enabled"":true,""directional_mix"":0.25,""min_cluster_fraction_of_equal"":0.01,""move_boundary_floor"":0.28,""pairwise_strength"":0.08,""self_return_strength"":0.2,""sweeps"":1,""trust_gate_enabled"":true,""trust_threshold"":0.4,""unary_view1_weight"":0.5}",PASS,,3452c0a0d035830e4e3d54f045ff201af87a9e0bc36b24b7f27e181890ca1a84,0003aaac74f65273cf1b21b9f52070eb6f8ad11328b2b0f96d815c3e9ce83f43,3,294,"[2470,574,1183,294]",0.2809721827507019,0.2809722125530243,0.4380555748939514,0.39048612117767334,0.606700599193573,0.6363896727561951,0.012528100021881983,0,0,0.3507889369654691,0.3099520665829005,0.3093098522199789,0.6146813649275191,0.31548155295876146,0.30995206658290053,0.3253994798124426,0.3480490383329584,0.7935857586888951,4460,1,merged unique formal+refinement candidates,label-assisted family-level benchmark HPO
RNA_PROTEIN,tonsil_s3,CMBF_11c615c54c15bb1d,"{""anchor_strength"":0.2,""boundary_enabled"":true,""conflict_enabled"":true,""conflict_pass"":0.25,""directional_enabled"":true,""directional_mix"":0.25,""min_cluster_fraction_of_equal"":0.01,""move_boundary_floor"":0.34,""pairwise_strength"":0.04,""self_return_strength"":0.4,""sweeps"":1,""trust_gate_enabled"":true,""trust_threshold"":0.3,""unary_view1_weight"":0.5}",PASS,,7b5e3de44da6eb0bb92ddde67dde0ec7d97f41395e48b3e13bf50de195465dee,0003aaac74f65273cf1b21b9f52070eb6f8ad11328b2b0f96d815c3e9ce83f43,1,294,"[2470,572,1185,294]",0.2809721827507019,0.2809722125530243,0.4380555748939514,0.39048612117767334,0.606700599193573,0.6363896727561951,0.010280399990733713,0,0,0.3504998940563021,0.30959181820455395,0.3089491564270325,0.6145526353315127,0.3150611151031247,0.3095918182045539,0.3251114576637167,0.34859973745915596,0.7933031929923707,4460,1,merged unique formal+refinement candidates,label-assisted family-level benchmark HPO
RNA_PROTEIN,tonsil_s3,CMBF_db8a78b41c3992c1,"{""anchor_strength"":0.2,""boundary_enabled"":true,""conflict_enabled"":true,""conflict_pass"":0.25,""directional_enabled"":true,""directional_mix"":0,""min_cluster_fraction_of_equal"":0.01,""move_boundary_floor"":0.34,""pairwise_strength"":0.08,""self_return_strength"":0.2,""sweeps"":1,""trust_gate_enabled"":true,""trust_threshold"":0.35,""unary_view1_weight"":0.65}",PASS,,9e94eb5032e17b0c29d5454ae985ca36f1919161dd89b630f9cb6b6874bebaf6,0003aaac74f65273cf1b21b9f52070eb6f8ad11328b2b0f96d815c3e9ce83f43,6,296,"[2468,575,1182,296]",0.2826955020427704,0.2826955020427704,0.4346090257167816,0.3913477659225464,0.6057239770889282,0.6376751065254211,0.010806500009493902,0,0,0.35183469092027814,0.3111182941198428,0.3104775103881987,0.6151414399204335,0.3168338993872345,0.3111182941198429,0.32625061135006705,0.34628421773983065,0.7940096072336819,4460,1,merged unique formal+refinement candidates,label-assisted family-level benchmark HPO
RNA_PROTEIN,tonsil_s3,CMBF_33b19d17d5d280d7,"{""anchor_strength"":0.4,""boundary_enabled"":true,""conflict_enabled"":true,""conflict_pass"":0.1,""directional_enabled"":true,""directional_mix"":0,""min_cluster_fraction_of_equal"":0.01,""move_boundary_floor"":0.22,""pairwise_strength"":0.04,""self_return_strength"":0.4,""sweeps"":1,""trust_gate_enabled"":true,""trust_threshold"":0.3,""unary_view1_weight"":0.65}",PASS,,298d264a00a6323dbe9482e58b3f77ff42197655bce95db794bf80a3434ac75b,0003aaac74f65273cf1b21b9f52070eb6f8ad11328b2b0f96d815c3e9ce83f43,2,294,"[2472,571,1184,294]",0.2826955020427704,0.2826955020427704,0.4346090257167816,0.3261563777923584,0.6709955334663391,0.6376751065254211,0.010927700001047924,0,0,0.3506391429624545,0.31019385757899204,0.30955160208187354,0.6147400637113044,0.3155989038779141,0.3101938575789921,0.32508198782548564,0.34866194699203096,0.7935857586888951,4460,1,merged unique formal+refinement candidates,label-assisted family-level benchmark HPO
RNA_PROTEIN,tonsil_s3,CMBF_3550d2b2086e6fd6,"{""anchor_strength"":0.4,""boundary_enabled"":true,""conflict_enabled"":true,""conflict_pass"":0.25,""directional_enabled"":true,""directional_mix"":0.25,""min_cluster_fraction_of_equal"":0.01,""move_boundary_floor"":0.22,""pairwise_strength"":0.04,""self_return_strength"":0.2,""sweeps"":1,""trust_gate_enabled"":true,""trust_threshold"":0.4,""unary_view1_weight"":0.5}",PASS,,85dab1816f6c0fb683f1c927fb0c69fda5cad41eba89f5a8e0ab74f4d36f8fb9,0003aaac74f65273cf1b21b9f52070eb6f8ad11328b2b0f96d815c3e9ce83f43,2,294,"[2470,573,1184,294]",0.2809721827507019,0.2809722125530243,0.4380555748939514,0.39048612117767334,0.606700599193573,0.6363896727561951,0.011486200004583225,0,0,0.350644182009914,0.3097714630576775,0.30912902465600894,0.6146168233278212,0.3152708757168304,0.30977146305767744,0.3252723428180024,0.34829063983388264,0.7935151172647641,4460,1,merged unique formal+refinement candidates,label-assisted family-level benchmark HPO
RNA_PROTEIN,tonsil_s3,CMBF_9e60966a5600b223,"{""anchor_strength"":0.2,""boundary_enabled"":true,""conflict_enabled"":true,""conflict_pass"":0.25,""directional_enabled"":true,""directional_mix"":0.25,""min_cluster_fraction_of_equal"":0.01,""move_boundary_floor"":0.28,""pairwise_strength"":0.04,""self_return_strength"":0.2,""sweeps"":1,""trust_gate_enabled"":true,""trust_threshold"":0.35,""unary_view1_weight"":0.65}",PASS,,9e94eb5032e17b0c29d5454ae985ca36f1919161dd89b630f9cb6b6874bebaf6,0003aaac74f65273cf1b21b9f52070eb6f8ad11328b2b0f96d815c3e9ce83f43,6,296,"[2468,575,1182,296]",0.2809721827507019,0.2809722125530243,0.4380555748939514,0.39048612117767334,0.606700599193573,0.6363896727561951,0.010176099982345477,0,0,0.35183469092027814,0.3111182941198428,0.3104775103881987,0.6151414399204335,0.3168338993872345,0.3111182941198429,0.32625061135006705,0.34628421773983065,0.7940096072336819,4460,1,merged unique formal+refinement candidates,label-assisted family-level benchmark HPO
RNA_PROTEIN,tonsil_s3,CMBF_a9fad04d89c6226c,"{""anchor_strength"":0.4,""boundary_enabled"":true,""conflict_enabled"":true,""conflict_pass"":0.25,""directional_enabled"":true,""directional_mix"":0,""min_cluster_fraction_of_equal"":0.01,""move_boundary_floor"":0.28,""pairwise_strength"":0.04,""self_return_strength"":0.4,""sweeps"":1,""trust_gate_enabled"":true,""trust_threshold"":0.25,""unary_view1_weight"":0.5}",PASS,,7b5e3de44da6eb0bb92ddde67dde0ec7d97f41395e48b3e13bf50de195465dee,0003aaac74f65273cf1b21b9f52070eb6f8ad11328b2b0f96d815c3e9ce83f43,1,294,"[2470,572,1185,294]",0.2826955020427704,0.2826955020427704,0.4346090257167816,0.3913477659225464,0.6057239770889282,0.6376751065254211,0.011997699999483302,0,0,0.3504998940563021,0.30959181820455395,0.3089491564270325,0.6145526353315127,0.3150611151031247,0.3095918182045539,0.3251114576637167,0.34859973745915596,0.7933031929923707,4460,1,merged unique formal+refinement candidates,label-assisted family-level benchmark HPO
RNA_PROTEIN,tonsil_s3,CMBF_51358555c3333a17,"{""anchor_strength"":0.2,""boundary_enabled"":true,""conflict_enabled"":true,""conflict_pass"":0.1,""directional_enabled"":true,""directional_mix"":0,""min_cluster_fraction_of_equal"":0.01,""move_boundary_floor"":0.22,""pairwise_strength"":0.08,""self_return_strength"":0.2,""sweeps"":1,""trust_gate_enabled"":true,""trust_threshold"":0.25,""unary_view1_weight"":0.5}",PASS,,e2d1c4e1ec4b98abb38084062a4bceabf70ee79291f17dee59e6f5b8299f7990,0003aaac74f65273cf1b21b9f52070eb6f8ad11328b2b0f96d815c3e9ce83f43,4,294,"[2470,573,1184,294]",0.2826955020427704,0.2826955020427704,0.4346090257167816,0.3261563777923584,0.6709955334663391,0.6376751065254211,0.010927600000286475,0,0,0.349940967591158,0.309962482070978,0.3093202214625229,0.6141989707557453,0.31546528591526307,0.309962482070978,0.3252437480800598,0.3483244478944373,0.7938683243854197,4460,1,merged unique formal+refinement candidates,label-assisted family-level benchmark HPO
RNA_PROTEIN,tonsil_s3,CMBF_5750b172b3893a44,"{""anchor_strength"":0.2,""boundary_enabled"":true,""conflict_enabled"":true,""conflict_pass"":0.25,""directional_enabled"":true,""directional_mix"":0.25,""min_cluster_fraction_of_equal"":0.01,""move_boundary_floor"":0.22,""pairwise_strength"":0.04,""self_return_strength"":0.2,""sweeps"":1,""trust_gate_enabled"":true,""trust_threshold"":0.3,""unary_view1_weight"":0.65}",PASS,,9e94eb5032e17b0c29d5454ae985ca36f1919161dd89b630f9cb6b6874bebaf6,0003aaac74f65273cf1b21b9f52070eb6f8ad11328b2b0f96d815c3e9ce83f43,6,296,"[2468,575,1182,296]",0.2809721827507019,0.2809722125530243,0.4380555748939514,0.39048612117767334,0.606700599193573,0.6363896727561951,0.010137900011613965,0,0,0.35183469092027814,0.3111182941198428,0.3104775103881987,0.6151414399204335,0.3168338993872345,0.3111182941198429,0.32625061135006705,0.34628421773983065,0.7940096072336819,4460,1,merged unique formal+refinement candidates,label-assisted family-level benchmark HPO
RNA_PROTEIN,tonsil_s3,CMBF_8df801fa42d0643f,"{""anchor_strength"":0.4,""boundary_enabled"":true,""conflict_enabled"":true,""conflict_pass"":0.1,""directional_enabled"":true,""directional_mix"":0,""min_cluster_fraction_of_equal"":0.01,""move_boundary_floor"":0.22,""pairwise_strength"":0.04,""self_return_strength"":0.2,""sweeps"":1,""trust_gate_enabled"":true,""trust_threshold"":0.25,""unary_view1_weight"":0.5}",PASS,,14d3474121235011d31e286b6302172ad84db1791654216019aeaa1ec698c9be,0003aaac74f65273cf1b21b9f52070eb6f8ad11328b2b0f96d815c3e9ce83f43,3,294,"[2471,572,1184,294]",0.2826955020427704,0.2826955020427704,0.4346090257167816,0.3261563777923584,0.6709955334663391,0.6376751065254211,0.009599499986506999,0,0,0.35028984808780256,0.3100779678531392,0.30943570969230166,0.6144693964692645,0.31553194648255234,0.31007796785313924,0.3252616841086225,0.3483072886754371,0.7937976829612885,4460,1,merged unique formal+refinement candidates,label-assisted family-level benchmark HPO
RNA_PROTEIN,tonsil_s3,CMBF_5b019f4196c15c93,"{""anchor_strength"":0.4,""boundary_enabled"":true,""conflict_enabled"":true,""conflict_pass"":0.25,""directional_enabled"":true,""directional_mix"":0,""min_cluster_fraction_of_equal"":0.01,""move_boundary_floor"":0.28,""pairwise_strength"":0.08,""self_return_strength"":0.4,""sweeps"":1,""trust_gate_enabled"":true,""trust_threshold"":0.25,""unary_view1_weight"":0.5}",PASS,,7b5e3de44da6eb0bb92ddde67dde0ec7d97f41395e48b3e13bf50de195465dee,0003aaac74f65273cf1b21b9f52070eb6f8ad11328b2b0f96d815c3e9ce83f43,1,294,"[2470,572,1185,294]",0.2826955020427704,0.2826955020427704,0.4346090257167816,0.3913477659225464,0.6057239770889282,0.6376751065254211,0.009576899989042431,0,0,0.3504998940563021,0.30959181820455395,0.3089491564270325,0.6145526353315127,0.3150611151031247,0.3095918182045539,0.3251114576637167,0.34859973745915596,0.7933031929923707,4460,1,merged unique formal+refinement candidates,label-assisted family-level benchmark HPO
RNA_PROTEIN,tonsil_s3,CMBF_d878b91ccd78876a,"{""anchor_strength"":0.4,""boundary_enabled"":true,""conflict_enabled"":true,""conflict_pass"":0.1,""directional_enabled"":true,""directional_mix"":0.25,""min_cluster_fraction_of_equal"":0.01,""move_boundary_floor"":0.28,""pairwise_strength"":0.04,""self_return_strength"":0.2,""sweeps"":1,""trust_gate_enabled"":true,""trust_threshold"":0.35,""unary_view1_weight"":0.65}",PASS,,a698d0be73643f8c38c5208695a640a8a1ed79c179719c855fdcbb19598eb151,0003aaac74f65273cf1b21b9f52070eb6f8ad11328b2b0f96d815c3e9ce83f43,2,294,"[2471,573,1183,294]",0.2809721827507019,0.2809722125530243,0.4380555748939514,0.3247777819633484,0.6724900603294373,0.6363896727561951,0.009564599982695654,0,0,0.35113837226315536,0.3100679799944422,0.3094257686182948,0.6149520063482756,0.3155487233827158,0.31006797999444224,0.32525350722916396,0.34833625966956366,0.7935151172647641,4460,1,merged unique formal+refinement candidates,label-assisted family-level benchmark HPO
RNA_PROTEIN,tonsil_s3,CMBF_c451e787972c2797,"{""anchor_strength"":0.2,""boundary_enabled"":true,""conflict_enabled"":true,""conflict_pass"":0.1,""directional_enabled"":true,""directional_mix"":0.25,""min_cluster_fraction_of_equal"":0.01,""move_boundary_floor"":0.22,""pairwise_strength"":0.08,""self_return_strength"":0.2,""sweeps"":1,""trust_gate_enabled"":true,""trust_threshold"":0.35,""unary_view1_weight"":0.65}",PASS,,9e94eb5032e17b0c29d5454ae985ca36f1919161dd89b630f9cb6b6874bebaf6,0003aaac74f65273cf1b21b9f52070eb6f8ad11328b2b0f96d815c3e9ce83f43,6,296,"[2468,575,1182,296]",0.2809721827507019,0.2809722125530243,0.4380555748939514,0.3247777819633484,0.6724900603294373,0.6363896727561951,0.01066159998299554,0,0,0.35183469092027814,0.3111182941198428,0.3104775103881987,0.6151414399204335,0.3168338993872345,0.3111182941198429,0.32625061135006705,0.34628421773983065,0.7940096072336819,4460,1,merged unique formal+refinement candidates,label-assisted family-level benchmark HPO
RNA_PROTEIN,tonsil_s3,CMBF_f9449aa1499e111c,"{""anchor_strength"":0.4,""boundary_enabled"":true,""conflict_enabled"":true,""conflict_pass"":0.25,""directional_enabled"":true,""directional_mix"":0.25,""min_cluster_fraction_of_equal"":0.01,""move_boundary_floor"":0.22,""pairwise_strength"":0.04,""self_return_strength"":0.2,""sweeps"":1,""trust_gate_enabled"":true,""trust_threshold"":0.3,""unary_view1_weight"":0.65}",PASS,,ce4f0a38251311fb40664663bc0b1b5576eac6c75b92ab92eb872be5069a60fd,0003aaac74f65273cf1b21b9f52070eb6f8ad11328b2b0f96d815c3e9ce83f43,3,294,"[2471,574,1182,294]",0.2809721827507019,0.2809722125530243,0.4380555748939514,0.39048612117767334,0.606700599193573,0.6363896727561951,0.009339900017948821,0,0,0.35128336225091983,0.31024922882536426,0.309607242029315,0.615016726276322,0.3157600416355239,0.31024922882536426,0.32538063077922214,0.3480947044111666,0.7935857586888951,4460,1,merged unique formal+refinement candidates,label-assisted family-level benchmark HPO
RNA_PROTEIN,tonsil_s3,CMBF_a7d625d6eecb142d,"{""anchor_strength"":0.2,""boundary_enabled"":true,""conflict_enabled"":true,""conflict_pass"":0.25,""directional_enabled"":true,""directional_mix"":0.25,""min_cluster_fraction_of_equal"":0.01,""move_boundary_floor"":0.28,""pairwise_strength"":0.08,""self_return_strength"":0.2,""sweeps"":1,""trust_gate_enabled"":true,""trust_threshold"":0.3,""unary_view1_weight"":0.5}",PASS,,3452c0a0d035830e4e3d54f045ff201af87a9e0bc36b24b7f27e181890ca1a84,0003aaac74f65273cf1b21b9f52070eb6f8ad11328b2b0f96d815c3e9ce83f43,3,294,"[2470,574,1183,294]",0.2809721827507019,0.2809722125530243,0.4380555748939514,0.39048612117767334,0.606700599193573,0.6363896727561951,0.010482700017746538,0,0,0.3507889369654691,0.3099520665829005,0.3093098522199789,0.6146813649275191,0.31548155295876146,0.30995206658290053,0.3253994798124426,0.3480490383329584,0.7935857586888951,4460,1,merged unique formal+refinement candidates,label-assisted family-level benchmark HPO
RNA_PROTEIN,tonsil_s3,CMBF_70128024508b33d3,"{""anchor_strength"":0.2,""boundary_enabled"":true,""conflict_enabled"":true,""conflict_pass"":0.25,""directional_enabled"":true,""directional_mix"":0,""min_cluster_fraction_of_equal"":0.01,""move_boundary_floor"":0.34,""pairwise_strength"":0.08,""self_return_strength"":0.2,""sweeps"":1,""trust_gate_enabled"":true,""trust_threshold"":0.3,""unary_view1_weight"":0.5}",PASS,,3452c0a0d035830e4e3d54f045ff201af87a9e0bc36b24b7f27e181890ca1a84,0003aaac74f65273cf1b21b9f52070eb6f8ad11328b2b0f96d815c3e9ce83f43,3,294,"[2470,574,1183,294]",0.2826955020427704,0.2826955020427704,0.4346090257167816,0.3913477659225464,0.6057239770889282,0.6376751065254211,0.009153899998636916,0,0,0.3507889369654691,0.3099520665829005,0.3093098522199789,0.6146813649275191,0.31548155295876146,0.30995206658290053,0.3253994798124426,0.3480490383329584,0.7935857586888951,4460,1,merged unique formal+refinement candidates,label-assisted family-level benchmark HPO
RNA_PROTEIN,tonsil_s3,CMBF_ee817cc11695d9c8,"{""anchor_strength"":0.4,""boundary_enabled"":true,""conflict_enabled"":true,""conflict_pass"":0.25,""directional_enabled"":true,""directional_mix"":0.25,""min_cluster_fraction_of_equal"":0.01,""move_boundary_floor"":0.22,""pairwise_strength"":0.08,""self_return_strength"":0.2,""sweeps"":1,""trust_gate_enabled"":true,""trust_threshold"":0.3,""unary_view1_weight"":0.5}",PASS,,85dab1816f6c0fb683f1c927fb0c69fda5cad41eba89f5a8e0ab74f4d36f8fb9,0003aaac74f65273cf1b21b9f52070eb6f8ad11328b2b0f96d815c3e9ce83f43,2,294,"[2470,573,1184,294]",0.2809721827507019,0.2809722125530243,0.4380555748939514,0.39048612117767334,0.606700599193573,0.6363896727561951,0.010156600008485839,0,0,0.350644182009914,0.3097714630576775,0.30912902465600894,0.6146168233278212,0.3152708757168304,0.30977146305767744,0.3252723428180024,0.34829063983388264,0.7935151172647641,4460,1,merged unique formal+refinement candidates,label-assisted family-level benchmark HPO
RNA_PROTEIN,A1,CMBF_03518c726652af07,"{""anchor_strength"":0,""boundary_enabled"":true,""conflict_enabled"":true,""conflict_pass"":0,""directional_enabled"":true,""directional_mix"":0,""min_cluster_fraction_of_equal"":0.01,""move_boundary_floor"":0.1,""pairwise_strength"":0,""self_return_strength"":0,""sweeps"":0,""trust_gate_enabled"":true,""trust_threshold"":0.55,""unary_view1_weight"":0.5}",PASS,,9bcf8dbf19dded510dbe24ecb034809a899c553db7b1cd446d64948af2e4d69a,9bcf8dbf19dded510dbe24ecb034809a899c553db7b1cd446d64948af2e4d69a,0,114,"[277,773,568,182,307,790,168,114,121,184]",0.28292030096054077,0.28292030096054077,0.43415936827659607,0.28292030096054077,0.7171554565429688,0.6115753054618835,0.03295650001382455,0,0,0.2760026589984753,0.42173983941218224,0.4179696235567275,0.41627457695164916,0.46910324814852733,0.42173983941218224,0.2901324418328055,0.41691915002284924,0.6082388948630987,3484,1,merged unique formal+refinement candidates,label-assisted family-level benchmark HPO
RNA_PROTEIN,A1,CMBF_e345519ae8b348c3,"{""anchor_strength"":0.4,""boundary_enabled"":true,""conflict_enabled"":true,""conflict_pass"":0.25,""directional_enabled"":true,""directional_mix"":0.25,""min_cluster_fraction_of_equal"":0.01,""move_boundary_floor"":0.22,""pairwise_strength"":0.04,""self_return_strength"":0.2,""sweeps"":1,""trust_gate_enabled"":true,""trust_threshold"":0.24,""unary_view1_weight"":0.65}",PASS,,231cd30c148930657b3052194a4c80eea45d881648274dc03bcf48ed2f0dfad3,9bcf8dbf19dded510dbe24ecb034809a899c553db7b1cd446d64948af2e4d69a,1,114,"[276,773,569,182,307,790,168,114,121,184]",0.28317680954933167,0.2831767797470093,0.43364638090133667,0.39158838987350464,0.608742356300354,0.6113477349281311,0.06256049999501556,0,0,0.2758353375424975,0.4214931559616676,0.4177211249483424,0.41614709692225793,0.4688030160194484,0.42149315596166753,0.2900149144484758,0.41721259645005665,0.6079080155513277,3484,1,merged unique formal+refinement candidates,label-assisted family-level benchmark HPO
RNA_PROTEIN,A1,CMBF_8cf1252dc7d9056d,"{""anchor_strength"":0.4,""boundary_enabled"":true,""conflict_enabled"":true,""conflict_pass"":0.25,""directional_enabled"":true,""directional_mix"":0.25,""min_cluster_fraction_of_equal"":0.01,""move_boundary_floor"":0.22,""pairwise_strength"":0.04,""self_return_strength"":0.4,""sweeps"":1,""trust_gate_enabled"":true,""trust_threshold"":0.24,""unary_view1_weight"":0.65}",PASS,,231cd30c148930657b3052194a4c80eea45d881648274dc03bcf48ed2f0dfad3,9bcf8dbf19dded510dbe24ecb034809a899c553db7b1cd446d64948af2e4d69a,1,114,"[276,773,569,182,307,790,168,114,121,184]",0.28317680954933167,0.2831767797470093,0.43364638090133667,0.39158838987350464,0.608742356300354,0.6113477349281311,0.01115060001029633,0,0,0.2758353375424975,0.4214931559616676,0.4177211249483424,0.41614709692225793,0.4688030160194484,0.42149315596166753,0.2900149144484758,0.41721259645005665,0.6079080155513277,3484,1,merged unique formal+refinement candidates,label-assisted family-level benchmark HPO
RNA_PROTEIN,A1,CMBF_2d0f8a8aaf464187,"{""anchor_strength"":0.6,""boundary_enabled"":true,""conflict_enabled"":true,""conflict_pass"":0.25,""directional_enabled"":true,""directional_mix"":0.25,""min_cluster_fraction_of_equal"":0.01,""move_boundary_floor"":0.22,""pairwise_strength"":0.04,""self_return_strength"":0.2,""sweeps"":1,""trust_gate_enabled"":true,""trust_threshold"":0.24,""unary_view1_weight"":0.65}",PASS,,231cd30c148930657b3052194a4c80eea45d881648274dc03bcf48ed2f0dfad3,9bcf8dbf19dded510dbe24ecb034809a899c553db7b1cd446d64948af2e4d69a,1,114,"[276,773,569,182,307,790,168,114,121,184]",0.28317680954933167,0.2831767797470093,0.43364638090133667,0.39158838987350464,0.608742356300354,0.6113477349281311,0.011083300021709874,0,0,0.2758353375424975,0.4214931559616676,0.4177211249483424,0.41614709692225793,0.4688030160194484,0.42149315596166753,0.2900149144484758,0.41721259645005665,0.6079080155513277,3484,1,merged unique formal+refinement candidates,label-assisted family-level benchmark HPO
RNA_PROTEIN,A1,CMBF_0d93e5850e9af20b,"{""anchor_strength"":0.6,""boundary_enabled"":true,""conflict_enabled"":true,""conflict_pass"":0.25,""directional_enabled"":true,""directional_mix"":0.25,""min_cluster_fraction_of_equal"":0.01,""move_boundary_floor"":0.22,""pairwise_strength"":0.04,""self_return_strength"":0.4,""sweeps"":1,""trust_gate_enabled"":true,""trust_threshold"":0.24,""unary_view1_weight"":0.65}",PASS,,231cd30c148930657b3052194a4c80eea45d881648274dc03bcf48ed2f0dfad3,9bcf8dbf19dded510dbe24ecb034809a899c553db7b1cd446d64948af2e4d69a,1,114,"[276,773,569,182,307,790,168,114,121,184]",0.28317680954933167,0.2831767797470093,0.43364638090133667,0.39158838987350464,0.608742356300354,0.6113477349281311,0.012392500007990748,0,0,0.2758353375424975,0.4214931559616676,0.4177211249483424,0.41614709692225793,0.4688030160194484,0.42149315596166753,0.2900149144484758,0.41721259645005665,0.6079080155513277,3484,1,merged unique formal+refinement candidates,label-assisted family-level benchmark HPO
RNA_PROTEIN,A1,CMBF_7582e8c5d78b9db2,"{""anchor_strength"":0.4,""boundary_enabled"":true,""conflict_enabled"":true,""conflict_pass"":0.25,""directional_enabled"":true,""directional_mix"":0.25,""min_cluster_fraction_of_equal"":0.01,""move_boundary_floor"":0.24,""pairwise_strength"":0.04,""self_return_strength"":0.2,""sweeps"":1,""trust_gate_enabled"":true,""trust_threshold"":0.24,""unary_view1_weight"":0.65}",PASS,,231cd30c148930657b3052194a4c80eea45d881648274dc03bcf48ed2f0dfad3,9bcf8dbf19dded510dbe24ecb034809a899c553db7b1cd446d64948af2e4d69a,1,114,"[276,773,569,182,307,790,168,114,121,184]",0.28317680954933167,0.2831767797470093,0.43364638090133667,0.39158838987350464,0.608742356300354,0.6113477349281311,0.011575399985304102,0,0,0.2758353375424975,0.4214931559616676,0.4177211249483424,0.41614709692225793,0.4688030160194484,0.42149315596166753,0.2900149144484758,0.41721259645005665,0.6079080155513277,3484,1,merged unique formal+refinement candidates,label-assisted family-level benchmark HPO
RNA_PROTEIN,A1,CMBF_99773c97d71e5d26,"{""anchor_strength"":0.4,""boundary_enabled"":true,""conflict_enabled"":true,""conflict_pass"":0.25,""directional_enabled"":true,""directional_mix"":0.25,""min_cluster_fraction_of_equal"":0.01,""move_boundary_floor"":0.24,""pairwise_strength"":0.04,""self_return_strength"":0.4,""sweeps"":1,""trust_gate_enabled"":true,""trust_threshold"":0.24,""unary_view1_weight"":0.65}",PASS,,231cd30c148930657b3052194a4c80eea45d881648274dc03bcf48ed2f0dfad3,9bcf8dbf19dded510dbe24ecb034809a899c553db7b1cd446d64948af2e4d69a,1,114,"[276,773,569,182,307,790,168,114,121,184]",0.28317680954933167,0.2831767797470093,0.43364638090133667,0.39158838987350464,0.608742356300354,0.6113477349281311,0.011197599989827722,0,0,0.2758353375424975,0.4214931559616676,0.4177211249483424,0.41614709692225793,0.4688030160194484,0.42149315596166753,0.2900149144484758,0.41721259645005665,0.6079080155513277,3484,1,merged unique formal+refinement candidates,label-assisted family-level benchmark HPO
RNA_PROTEIN,A1,CMBF_a3c788d318450648,"{""anchor_strength"":0.6,""boundary_enabled"":true,""conflict_enabled"":true,""conflict_pass"":0.25,""directional_enabled"":true,""directional_mix"":0.25,""min_cluster_fraction_of_equal"":0.01,""move_boundary_floor"":0.24,""pairwise_strength"":0.04,""self_return_strength"":0.2,""sweeps"":1,""trust_gate_enabled"":true,""trust_threshold"":0.24,""unary_view1_weight"":0.65}",PASS,,231cd30c148930657b3052194a4c80eea45d881648274dc03bcf48ed2f0dfad3,9bcf8dbf19dded510dbe24ecb034809a899c553db7b1cd446d64948af2e4d69a,1,114,"[276,773,569,182,307,790,168,114,121,184]",0.28317680954933167,0.2831767797470093,0.43364638090133667,0.39158838987350464,0.608742356300354,0.6113477349281311,0.011266499990597367,0,0,0.2758353375424975,0.4214931559616676,0.4177211249483424,0.41614709692225793,0.4688030160194484,0.42149315596166753,0.2900149144484758,0.41721259645005665,0.6079080155513277,3484,1,merged unique formal+refinement candidates,label-assisted family-level benchmark HPO
RNA_PROTEIN,A1,CMBF_06d5f8650d650df1,"{""anchor_strength"":0.6,""boundary_enabled"":true,""conflict_enabled"":true,""conflict_pass"":0.25,""directional_enabled"":true,""directional_mix"":0.25,""min_cluster_fraction_of_equal"":0.01,""move_boundary_floor"":0.24,""pairwise_strength"":0.04,""self_return_strength"":0.4,""sweeps"":1,""trust_gate_enabled"":true,""trust_threshold"":0.24,""unary_view1_weight"":0.65}",PASS,,231cd30c148930657b3052194a4c80eea45d881648274dc03bcf48ed2f0dfad3,9bcf8dbf19dded510dbe24ecb034809a899c553db7b1cd446d64948af2e4d69a,1,114,"[276,773,569,182,307,790,168,114,121,184]",0.28317680954933167,0.2831767797470093,0.43364638090133667,0.39158838987350464,0.608742356300354,0.6113477349281311,0.012056199979269877,0,0,0.2758353375424975,0.4214931559616676,0.4177211249483424,0.41614709692225793,0.4688030160194484,0.42149315596166753,0.2900149144484758,0.41721259645005665,0.6079080155513277,3484,1,merged unique formal+refinement candidates,label-assisted family-level benchmark HPO
RNA_PROTEIN,A1,CMBF_b2c67215d37a57e4,"{""anchor_strength"":0.4,""boundary_enabled"":true,""conflict_enabled"":true,""conflict_pass"":0.25,""directional_enabled"":true,""directional_mix"":0.25,""min_cluster_fraction_of_equal"":0.01,""move_boundary_floor"":0.26,""pairwise_strength"":0.04,""self_return_strength"":0.2,""sweeps"":1,""trust_gate_enabled"":true,""trust_threshold"":0.24,""unary_view1_weight"":0.65}",PASS,,231cd30c148930657b3052194a4c80eea45d881648274dc03bcf48ed2f0dfad3,9bcf8dbf19dded510dbe24ecb034809a899c553db7b1cd446d64948af2e4d69a,1,114,"[276,773,569,182,307,790,168,114,121,184]",0.28317680954933167,0.2831767797470093,0.43364638090133667,0.39158838987350464,0.608742356300354,0.6113477349281311,0.011497500003315508,0,0,0.2758353375424975,0.4214931559616676,0.4177211249483424,0.41614709692225793,0.4688030160194484,0.42149315596166753,0.2900149144484758,0.41721259645005665,0.6079080155513277,3484,1,merged unique formal+refinement candidates,label-assisted family-level benchmark HPO
RNA_PROTEIN,A1,CMBF_e389f6206e5052ea,"{""anchor_strength"":0.4,""boundary_enabled"":true,""conflict_enabled"":true,""conflict_pass"":0.25,""directional_enabled"":true,""directional_mix"":0.25,""min_cluster_fraction_of_equal"":0.01,""move_boundary_floor"":0.26,""pairwise_strength"":0.04,""self_return_strength"":0.4,""sweeps"":1,""trust_gate_enabled"":true,""trust_threshold"":0.24,""unary_view1_weight"":0.65}",PASS,,231cd30c148930657b3052194a4c80eea45d881648274dc03bcf48ed2f0dfad3,9bcf8dbf19dded510dbe24ecb034809a899c553db7b1cd446d64948af2e4d69a,1,114,"[276,773,569,182,307,790,168,114,121,184]",0.28317680954933167,0.2831767797470093,0.43364638090133667,0.39158838987350464,0.608742356300354,0.6113477349281311,0.01232850001542829,0,0,0.2758353375424975,0.4214931559616676,0.4177211249483424,0.41614709692225793,0.4688030160194484,0.42149315596166753,0.2900149144484758,0.41721259645005665,0.6079080155513277,3484,1,merged unique formal+refinement candidates,label-assisted family-level benchmark HPO
RNA_PROTEIN,A1,CMBF_57838c2014e7b187,"{""anchor_strength"":0.6,""boundary_enabled"":true,""conflict_enabled"":true,""conflict_pass"":0.25,""directional_enabled"":true,""directional_mix"":0.25,""min_cluster_fraction_of_equal"":0.01,""move_boundary_floor"":0.26,""pairwise_strength"":0.04,""self_return_strength"":0.2,""sweeps"":1,""trust_gate_enabled"":true,""trust_threshold"":0.24,""unary_view1_weight"":0.65}",PASS,,231cd30c148930657b3052194a4c80eea45d881648274dc03bcf48ed2f0dfad3,9bcf8dbf19dded510dbe24ecb034809a899c553db7b1cd446d64948af2e4d69a,1,114,"[276,773,569,182,307,790,168,114,121,184]",0.28317680954933167,0.2831767797470093,0.43364638090133667,0.39158838987350464,0.608742356300354,0.6113477349281311,0.011309800000162795,0,0,0.2758353375424975,0.4214931559616676,0.4177211249483424,0.41614709692225793,0.4688030160194484,0.42149315596166753,0.2900149144484758,0.41721259645005665,0.6079080155513277,3484,1,merged unique formal+refinement candidates,label-assisted family-level benchmark HPO
RNA_PROTEIN,A1,CMBF_7e2a923ba166631a,"{""anchor_strength"":0.6,""boundary_enabled"":true,""conflict_enabled"":true,""conflict_pass"":0.25,""directional_enabled"":true,""directional_mix"":0.25,""min_cluster_fraction_of_equal"":0.01,""move_boundary_floor"":0.26,""pairwise_strength"":0.04,""self_return_strength"":0.4,""sweeps"":1,""trust_gate_enabled"":true,""trust_threshold"":0.24,""unary_view1_weight"":0.65}",PASS,,231cd30c148930657b3052194a4c80eea45d881648274dc03bcf48ed2f0dfad3,9bcf8dbf19dded510dbe24ecb034809a899c553db7b1cd446d64948af2e4d69a,1,114,"[276,773,569,182,307,790,168,114,121,184]",0.28317680954933167,0.2831767797470093,0.43364638090133667,0.39158838987350464,0.608742356300354,0.6113477349281311,0.012383699999190867,0,0,0.2758353375424975,0.4214931559616676,0.4177211249483424,0.41614709692225793,0.4688030160194484,0.42149315596166753,0.2900149144484758,0.41721259645005665,0.6079080155513277,3484,1,merged unique formal+refinement candidates,label-assisted family-level benchmark HPO
RNA_PROTEIN,A1,CMBF_53c5969f6f3a421e,"{""anchor_strength"":0.4,""boundary_enabled"":true,""conflict_enabled"":true,""conflict_pass"":0.25,""directional_enabled"":true,""directional_mix"":0.25,""min_cluster_fraction_of_equal"":0.01,""move_boundary_floor"":0.22,""pairwise_strength"":0.04,""self_return_strength"":0.2,""sweeps"":1,""trust_gate_enabled"":true,""trust_threshold"":0.26,""unary_view1_weight"":0.65}",PASS,,8c3430f4db406f6d537ef7eb5e6691f8c5fd509adcd6aab968fd08b2481ebc2b,9bcf8dbf19dded510dbe24ecb034809a899c553db7b1cd446d64948af2e4d69a,3,114,"[274,773,569,182,307,790,168,114,121,186]",0.28317680954933167,0.2831767797470093,0.43364638090133667,0.39158838987350464,0.608742356300354,0.6113477349281311,0.013021100021433085,0,0,0.2760037787216815,0.4216898282359679,0.41791929249969284,0.41628023289323707,0.46905020495327543,0.4216898282359679,0.2898402271894445,0.41756897342677124,0.6077425758954421,3484,1,merged unique formal+refinement candidates,label-assisted family-level benchmark HPO
RNA_PROTEIN,A1,CMBF_741c2ce93ddf1551,"{""anchor_strength"":0.4,""boundary_enabled"":true,""conflict_enabled"":true,""conflict_pass"":0.25,""directional_enabled"":true,""directional_mix"":0.25,""min_cluster_fraction_of_equal"":0.01,""move_boundary_floor"":0.22,""pairwise_strength"":0.04,""self_return_strength"":0.4,""sweeps"":1,""trust_gate_enabled"":true,""trust_threshold"":0.26,""unary_view1_weight"":0.65}",PASS,,231cd30c148930657b3052194a4c80eea45d881648274dc03bcf48ed2f0dfad3,9bcf8dbf19dded510dbe24ecb034809a899c553db7b1cd446d64948af2e4d69a,1,114,"[276,773,569,182,307,790,168,114,121,184]",0.28317680954933167,0.2831767797470093,0.43364638090133667,0.39158838987350464,0.608742356300354,0.6113477349281311,0.013160700007574633,0,0,0.2758353375424975,0.4214931559616676,0.4177211249483424,0.41614709692225793,0.4688030160194484,0.42149315596166753,0.2900149144484758,0.41721259645005665,0.6079080155513277,3484,1,merged unique formal+refinement candidates,label-assisted family-level benchmark HPO
RNA_PROTEIN,A1,CMBF_c03ad4f666014c6e,"{""anchor_strength"":0.6,""boundary_enabled"":true,""conflict_enabled"":true,""conflict_pass"":0.25,""directional_enabled"":true,""directional_mix"":0.25,""min_cluster_fraction_of_equal"":0.01,""move_boundary_floor"":0.22,""pairwise_strength"":0.04,""self_return_strength"":0.2,""sweeps"":1,""trust_gate_enabled"":true,""trust_threshold"":0.26,""unary_view1_weight"":0.65}",PASS,,e2c855933d0ecbec83ae1625e993ea04a031651d4010f4048ea213075dcb306f,9bcf8dbf19dded510dbe24ecb034809a899c553db7b1cd446d64948af2e4d69a,2,114,"[275,773,569,182,307,790,168,114,121,185]",0.28317680954933167,0.2831767797470093,0.43364638090133667,0.39158838987350464,0.608742356300354,0.6113477349281311,0.01294640000560321,0,0,0.27591881554016506,0.42159105236313704,0.41781976731310116,0.416213000382576,0.4689262802029327,0.42159105236313704,0.28918848862927926,0.4189912045306013,0.6075771362395567,3484,1,merged unique formal+refinement candidates,label-assisted family-level benchmark HPO
RNA_PROTEIN,A1,CMBF_f334154955358030,"{""anchor_strength"":0.6,""boundary_enabled"":true,""conflict_enabled"":true,""conflict_pass"":0.25,""directional_enabled"":true,""directional_mix"":0.25,""min_cluster_fraction_of_equal"":0.01,""move_boundary_floor"":0.22,""pairwise_strength"":0.04,""self_return_strength"":0.4,""sweeps"":1,""trust_gate_enabled"":true,""trust_threshold"":0.26,""unary_view1_weight"":0.65}",PASS,,231cd30c148930657b3052194a4c80eea45d881648274dc03bcf48ed2f0dfad3,9bcf8dbf19dded510dbe24ecb034809a899c553db7b1cd446d64948af2e4d69a,1,114,"[276,773,569,182,307,790,168,114,121,184]",0.28317680954933167,0.2831767797470093,0.43364638090133667,0.39158838987350464,0.608742356300354,0.6113477349281311,0.011721899994881824,0,0,0.2758353375424975,0.4214931559616676,0.4177211249483424,0.41614709692225793,0.4688030160194484,0.42149315596166753,0.2900149144484758,0.41721259645005665,0.6079080155513277,3484,1,merged unique formal+refinement candidates,label-assisted family-level benchmark HPO
RNA_PROTEIN,A1,CMBF_62b1b2056cf47b9a,"{""anchor_strength"":0.4,""boundary_enabled"":true,""conflict_enabled"":true,""conflict_pass"":0.25,""directional_enabled"":true,""directional_mix"":0.25,""min_cluster_fraction_of_equal"":0.01,""move_boundary_floor"":0.24,""pairwise_strength"":0.04,""self_return_strength"":0.2,""sweeps"":1,""trust_gate_enabled"":true,""trust_threshold"":0.26,""unary_view1_weight"":0.65}",PASS,,8c3430f4db406f6d537ef7eb5e6691f8c5fd509adcd6aab968fd08b2481ebc2b,9bcf8dbf19dded510dbe24ecb034809a899c553db7b1cd446d64948af2e4d69a,3,114,"[274,773,569,182,307,790,168,114,121,186]",0.28317680954933167,0.2831767797470093,0.43364638090133667,0.39158838987350464,0.608742356300354,0.6113477349281311,0.011818200000561774,0,0,0.2760037787216815,0.4216898282359679,0.41791929249969284,0.41628023289323707,0.46905020495327543,0.4216898282359679,0.2898402271894445,0.41756897342677124,0.6077425758954421,3484,1,merged unique formal+refinement candidates,label-assisted family-level benchmark HPO
RNA_PROTEIN,A1,CMBF_1794a2b2820c0924,"{""anchor_strength"":0.4,""boundary_enabled"":true,""conflict_enabled"":true,""conflict_pass"":0.25,""directional_enabled"":true,""directional_mix"":0.25,""min_cluster_fraction_of_equal"":0.01,""move_boundary_floor"":0.24,""pairwise_strength"":0.04,""self_return_strength"":0.4,""sweeps"":1,""trust_gate_enabled"":true,""trust_threshold"":0.26,""unary_view1_weight"":0.65}",PASS,,231cd30c148930657b3052194a4c80eea45d881648274dc03bcf48ed2f0dfad3,9bcf8dbf19dded510dbe24ecb034809a899c553db7b1cd446d64948af2e4d69a,1,114,"[276,773,569,182,307,790,168,114,121,184]",0.28317680954933167,0.2831767797470093,0.43364638090133667,0.39158838987350464,0.608742356300354,0.6113477349281311,0.013905100000556558,0,0,0.2758353375424975,0.4214931559616676,0.4177211249483424,0.41614709692225793,0.4688030160194484,0.42149315596166753,0.2900149144484758,0.41721259645005665,0.6079080155513277,3484,1,merged unique formal+refinement candidates,label-assisted family-level benchmark HPO
RNA_PROTEIN,A1,CMBF_b56a8df67e814ccc,"{""anchor_strength"":0.6,""boundary_enabled"":true,""conflict_enabled"":true,""conflict_pass"":0.25,""directional_enabled"":true,""directional_mix"":0.25,""min_cluster_fraction_of_equal"":0.01,""move_boundary_floor"":0.24,""pairwise_strength"":0.04,""self_return_strength"":0.2,""sweeps"":1,""trust_gate_enabled"":true,""trust_threshold"":0.26,""unary_view1_weight"":0.65}",PASS,,e2c855933d0ecbec83ae1625e993ea04a031651d4010f4048ea213075dcb306f,9bcf8dbf19dded510dbe24ecb034809a899c553db7b1cd446d64948af2e4d69a,2,114,"[275,773,569,182,307,790,168,114,121,185]",0.28317680954933167,0.2831767797470093,0.43364638090133667,0.39158838987350464,0.608742356300354,0.6113477349281311,0.012804800004232675,0,0,0.27591881554016506,0.42159105236313704,0.41781976731310116,0.416213000382576,0.4689262802029327,0.42159105236313704,0.28918848862927926,0.4189912045306013,0.6075771362395567,3484,1,merged unique formal+refinement candidates,label-assisted family-level benchmark HPO
RNA_PROTEIN,A1,CMBF_bb2c1861243a3bd5,"{""anchor_strength"":0.6,""boundary_enabled"":true,""conflict_enabled"":true,""conflict_pass"":0.25,""directional_enabled"":true,""directional_mix"":0.25,""min_cluster_fraction_of_equal"":0.01,""move_boundary_floor"":0.24,""pairwise_strength"":0.04,""self_return_strength"":0.4,""sweeps"":1,""trust_gate_enabled"":true,""trust_threshold"":0.26,""unary_view1_weight"":0.65}",PASS,,231cd30c148930657b3052194a4c80eea45d881648274dc03bcf48ed2f0dfad3,9bcf8dbf19dded510dbe24ecb034809a899c553db7b1cd446d64948af2e4d69a,1,114,"[276,773,569,182,307,790,168,114,121,184]",0.28317680954933167,0.2831767797470093,0.43364638090133667,0.39158838987350464,0.608742356300354,0.6113477349281311,0.012840099981985986,0,0,0.2758353375424975,0.4214931559616676,0.4177211249483424,0.41614709692225793,0.4688030160194484,0.42149315596166753,0.2900149144484758,0.41721259645005665,0.6079080155513277,3484,1,merged unique formal+refinement candidates,label-assisted family-level benchmark HPO
RNA_PROTEIN,A1,CMBF_f2db6f039e1bd3b7,"{""anchor_strength"":0.4,""boundary_enabled"":true,""conflict_enabled"":true,""conflict_pass"":0.25,""directional_enabled"":true,""directional_mix"":0.25,""min_cluster_fraction_of_equal"":0.01,""move_boundary_floor"":0.26,""pairwise_strength"":0.04,""self_return_strength"":0.2,""sweeps"":1,""trust_gate_enabled"":true,""trust_threshold"":0.26,""unary_view1_weight"":0.65}",PASS,,8c3430f4db406f6d537ef7eb5e6691f8c5fd509adcd6aab968fd08b2481ebc2b,9bcf8dbf19dded510dbe24ecb034809a899c553db7b1cd446d64948af2e4d69a,3,114,"[274,773,569,182,307,790,168,114,121,186]",0.28317680954933167,0.2831767797470093,0.43364638090133667,0.39158838987350464,0.608742356300354,0.6113477349281311,0.013137999980244786,0,0,0.2760037787216815,0.4216898282359679,0.41791929249969284,0.41628023289323707,0.46905020495327543,0.4216898282359679,0.2898402271894445,0.41756897342677124,0.6077425758954421,3484,1,merged unique formal+refinement candidates,label-assisted family-level benchmark HPO
RNA_PROTEIN,A1,CMBF_212fa9bb9b058797,"{""anchor_strength"":0.4,""boundary_enabled"":true,""conflict_enabled"":true,""conflict_pass"":0.25,""directional_enabled"":true,""directional_mix"":0.25,""min_cluster_fraction_of_equal"":0.01,""move_boundary_floor"":0.26,""pairwise_strength"":0.04,""self_return_strength"":0.4,""sweeps"":1,""trust_gate_enabled"":true,""trust_threshold"":0.26,""unary_view1_weight"":0.65}",PASS,,231cd30c148930657b3052194a4c80eea45d881648274dc03bcf48ed2f0dfad3,9bcf8dbf19dded510dbe24ecb034809a899c553db7b1cd446d64948af2e4d69a,1,114,"[276,773,569,182,307,790,168,114,121,184]",0.28317680954933167,0.2831767797470093,0.43364638090133667,0.39158838987350464,0.608742356300354,0.6113477349281311,0.012514900008682162,0,0,0.2758353375424975,0.4214931559616676,0.4177211249483424,0.41614709692225793,0.4688030160194484,0.42149315596166753,0.2900149144484758,0.41721259645005665,0.6079080155513277,3484,1,merged unique formal+refinement candidates,label-assisted family-level benchmark HPO
RNA_PROTEIN,A1,CMBF_ea202021a91bd615,"{""anchor_strength"":0.6,""boundary_enabled"":true,""conflict_enabled"":true,""conflict_pass"":0.25,""directional_enabled"":true,""directional_mix"":0.25,""min_cluster_fraction_of_equal"":0.01,""move_boundary_floor"":0.26,""pairwise_strength"":0.04,""self_return_strength"":0.2,""sweeps"":1,""trust_gate_enabled"":true,""trust_threshold"":0.26,""unary_view1_weight"":0.65}",PASS,,e2c855933d0ecbec83ae1625e993ea04a031651d4010f4048ea213075dcb306f,9bcf8dbf19dded510dbe24ecb034809a899c553db7b1cd446d64948af2e4d69a,2,114,"[275,773,569,182,307,790,168,114,121,185]",0.28317680954933167,0.2831767797470093,0.43364638090133667,0.39158838987350464,0.608742356300354,0.6113477349281311,0.011639300006208941,0,0,0.27591881554016506,0.42159105236313704,0.41781976731310116,0.416213000382576,0.4689262802029327,0.42159105236313704,0.28918848862927926,0.4189912045306013,0.6075771362395567,3484,1,merged unique formal+refinement candidates,label-assisted family-level benchmark HPO
RNA_PROTEIN,D1,CMBF_03518c726652af07,"{""anchor_strength"":0,""boundary_enabled"":true,""conflict_enabled"":true,""conflict_pass"":0,""directional_enabled"":true,""directional_mix"":0,""min_cluster_fraction_of_equal"":0.01,""move_boundary_floor"":0.1,""pairwise_strength"":0,""self_return_strength"":0,""sweeps"":0,""trust_gate_enabled"":true,""trust_threshold"":0.55,""unary_view1_weight"":0.5}",PASS,,62787ef341fd01198c121b8a43c1359d8191674253ead3ce355323fe2ab39426,62787ef341fd01198c121b8a43c1359d8191674253ead3ce355323fe2ab39426,0,55,"[998,90,1082,133,212,370,93,209,55,117]",0.25620773434638977,0.25620776414871216,0.48758453130722046,0.25620773434638977,0.7435563802719116,0.5915786623954773,0.0334621999936644,0,0,0.36517354375792177,0.44457744301444424,0.44061811600342027,0.5042383351628853,0.45546088076390423,0.44457744301444424,0.3527990913927712,0.29460288001229723,0.6640926640926641,3359,1,merged unique formal+refinement candidates,label-assisted family-level benchmark HPO
RNA_PROTEIN,D1,CMBF_e345519ae8b348c3,"{""anchor_strength"":0.4,""boundary_enabled"":true,""conflict_enabled"":true,""conflict_pass"":0.25,""directional_enabled"":true,""directional_mix"":0.25,""min_cluster_fraction_of_equal"":0.01,""move_boundary_floor"":0.22,""pairwise_strength"":0.04,""self_return_strength"":0.2,""sweeps"":1,""trust_gate_enabled"":true,""trust_threshold"":0.24,""unary_view1_weight"":0.65}",PASS,,47f5ba48cd016d19087cc0c813ba5d1f3b6ad0b1348c66778b136659e3a45334,62787ef341fd01198c121b8a43c1359d8191674253ead3ce355323fe2ab39426,5,58,"[996,92,1081,133,212,369,92,209,58,117]",0.2554507255554199,0.2554507255554199,0.48909851908683777,0.3777253329753876,0.622412919998169,0.5909157991409302,0.05717350001214072,0,0,0.36647786249458353,0.4481582291179582,0.44422690581631913,0.505082035057397,0.45951721078927493,0.44815822911795816,0.35772217116151317,0.28518937020115226,0.6655512655512655,3359,1,merged unique formal+refinement candidates,label-assisted family-level benchmark HPO
RNA_PROTEIN,D1,CMBF_8cf1252dc7d9056d,"{""anchor_strength"":0.4,""boundary_enabled"":true,""conflict_enabled"":true,""conflict_pass"":0.25,""directional_enabled"":true,""directional_mix"":0.25,""min_cluster_fraction_of_equal"":0.01,""move_boundary_floor"":0.22,""pairwise_strength"":0.04,""self_return_strength"":0.4,""sweeps"":1,""trust_gate_enabled"":true,""trust_threshold"":0.24,""unary_view1_weight"":0.65}",PASS,,adedb2efd63273a6301ba74136a0d2ab33b5c6e803112fc61a302254294d7cf6,62787ef341fd01198c121b8a43c1359d8191674253ead3ce355323fe2ab39426,3,57,"[997,91,1081,133,212,369,93,209,57,117]",0.2554507255554199,0.2554507255554199,0.48909851908683777,0.3777253329753876,0.622412919998169,0.5909157991409302,0.011464300012448803,0,0,0.36607201517843396,0.4471909328138877,0.4432520244806396,0.5048165623340746,0.4584157880237409,0.4471909328138877,0.35626455565296733,0.2878972441995123,0.6655512655512655,3359,1,merged unique formal+refinement candidates,label-assisted family-level benchmark HPO
RNA_PROTEIN,D1,CMBF_2d0f8a8aaf464187,"{""anchor_strength"":0.6,""boundary_enabled"":true,""conflict_enabled"":true,""conflict_pass"":0.25,""directional_enabled"":true,""directional_mix"":0.25,""min_cluster_fraction_of_equal"":0.01,""move_boundary_floor"":0.22,""pairwise_strength"":0.04,""self_return_strength"":0.2,""sweeps"":1,""trust_gate_enabled"":true,""trust_threshold"":0.24,""unary_view1_weight"":0.65}",PASS,,47f5ba48cd016d19087cc0c813ba5d1f3b6ad0b1348c66778b136659e3a45334,62787ef341fd01198c121b8a43c1359d8191674253ead3ce355323fe2ab39426,5,58,"[996,92,1081,133,212,369,92,209,58,117]",0.2554507255554199,0.2554507255554199,0.48909851908683777,0.3777253329753876,0.622412919998169,0.5909157991409302,0.01127660000929609,0,0,0.36647786249458353,0.4481582291179582,0.44422690581631913,0.505082035057397,0.45951721078927493,0.44815822911795816,0.35772217116151317,0.28518937020115226,0.6655512655512655,3359,1,merged unique formal+refinement candidates,label-assisted family-level benchmark HPO
RNA_PROTEIN,D1,CMBF_0d93e5850e9af20b,"{""anchor_strength"":0.6,""boundary_enabled"":true,""conflict_enabled"":true,""conflict_pass"":0.25,""directional_enabled"":true,""directional_mix"":0.25,""min_cluster_fraction_of_equal"":0.01,""move_boundary_floor"":0.22,""pairwise_strength"":0.04,""self_return_strength"":0.4,""sweeps"":1,""trust_gate_enabled"":true,""trust_threshold"":0.24,""unary_view1_weight"":0.65}",PASS,,adedb2efd63273a6301ba74136a0d2ab33b5c6e803112fc61a302254294d7cf6,62787ef341fd01198c121b8a43c1359d8191674253ead3ce355323fe2ab39426,3,57,"[997,91,1081,133,212,369,93,209,57,117]",0.2554507255554199,0.2554507255554199,0.48909851908683777,0.3777253329753876,0.622412919998169,0.5909157991409302,0.011969099985435605,0,0,0.36607201517843396,0.4471909328138877,0.4432520244806396,0.5048165623340746,0.4584157880237409,0.4471909328138877,0.35626455565296733,0.2878972441995123,0.6655512655512655,3359,1,merged unique formal+refinement candidates,label-assisted family-level benchmark HPO
RNA_PROTEIN,D1,CMBF_7582e8c5d78b9db2,"{""anchor_strength"":0.4,""boundary_enabled"":true,""conflict_enabled"":true,""conflict_pass"":0.25,""directional_enabled"":true,""directional_mix"":0.25,""min_cluster_fraction_of_equal"":0.01,""move_boundary_floor"":0.24,""pairwise_strength"":0.04,""self_return_strength"":0.2,""sweeps"":1,""trust_gate_enabled"":true,""trust_threshold"":0.24,""unary_view1_weight"":0.65}",PASS,,47f5ba48cd016d19087cc0c813ba5d1f3b6ad0b1348c66778b136659e3a45334,62787ef341fd01198c121b8a43c1359d8191674253ead3ce355323fe2ab39426,5,58,"[996,92,1081,133,212,369,92,209,58,117]",0.2554507255554199,0.2554507255554199,0.48909851908683777,0.3777253329753876,0.622412919998169,0.5909157991409302,0.011482300003990531,0,0,0.36647786249458353,0.4481582291179582,0.44422690581631913,0.505082035057397,0.45951721078927493,0.44815822911795816,0.35772217116151317,0.28518937020115226,0.6655512655512655,3359,1,merged unique formal+refinement candidates,label-assisted family-level benchmark HPO
RNA_PROTEIN,D1,CMBF_99773c97d71e5d26,"{""anchor_strength"":0.4,""boundary_enabled"":true,""conflict_enabled"":true,""conflict_pass"":0.25,""directional_enabled"":true,""directional_mix"":0.25,""min_cluster_fraction_of_equal"":0.01,""move_boundary_floor"":0.24,""pairwise_strength"":0.04,""self_return_strength"":0.4,""sweeps"":1,""trust_gate_enabled"":true,""trust_threshold"":0.24,""unary_view1_weight"":0.65}",PASS,,adedb2efd63273a6301ba74136a0d2ab33b5c6e803112fc61a302254294d7cf6,62787ef341fd01198c121b8a43c1359d8191674253ead3ce355323fe2ab39426,3,57,"[997,91,1081,133,212,369,93,209,57,117]",0.2554507255554199,0.2554507255554199,0.48909851908683777,0.3777253329753876,0.622412919998169,0.5909157991409302,0.01110309999785386,0,0,0.36607201517843396,0.4471909328138877,0.4432520244806396,0.5048165623340746,0.4584157880237409,0.4471909328138877,0.35626455565296733,0.2878972441995123,0.6655512655512655,3359,1,merged unique formal+refinement candidates,label-assisted family-level benchmark HPO
RNA_PROTEIN,D1,CMBF_a3c788d318450648,"{""anchor_strength"":0.6,""boundary_enabled"":true,""conflict_enabled"":true,""conflict_pass"":0.25,""directional_enabled"":true,""directional_mix"":0.25,""min_cluster_fraction_of_equal"":0.01,""move_boundary_floor"":0.24,""pairwise_strength"":0.04,""self_return_strength"":0.2,""sweeps"":1,""trust_gate_enabled"":true,""trust_threshold"":0.24,""unary_view1_weight"":0.65}",PASS,,47f5ba48cd016d19087cc0c813ba5d1f3b6ad0b1348c66778b136659e3a45334,62787ef341fd01198c121b8a43c1359d8191674253ead3ce355323fe2ab39426,5,58,"[996,92,1081,133,212,369,92,209,58,117]",0.2554507255554199,0.2554507255554199,0.48909851908683777,0.3777253329753876,0.622412919998169,0.5909157991409302,0.010914600017713383,0,0,0.36647786249458353,0.4481582291179582,0.44422690581631913,0.505082035057397,0.45951721078927493,0.44815822911795816,0.35772217116151317,0.28518937020115226,0.6655512655512655,3359,1,merged unique formal+refinement candidates,label-assisted family-level benchmark HPO
RNA_PROTEIN,D1,CMBF_06d5f8650d650df1,"{""anchor_strength"":0.6,""boundary_enabled"":true,""conflict_enabled"":true,""conflict_pass"":0.25,""directional_enabled"":true,""directional_mix"":0.25,""min_cluster_fraction_of_equal"":0.01,""move_boundary_floor"":0.24,""pairwise_strength"":0.04,""self_return_strength"":0.4,""sweeps"":1,""trust_gate_enabled"":true,""trust_threshold"":0.24,""unary_view1_weight"":0.65}",PASS,,adedb2efd63273a6301ba74136a0d2ab33b5c6e803112fc61a302254294d7cf6,62787ef341fd01198c121b8a43c1359d8191674253ead3ce355323fe2ab39426,3,57,"[997,91,1081,133,212,369,93,209,57,117]",0.2554507255554199,0.2554507255554199,0.48909851908683777,0.3777253329753876,0.622412919998169,0.5909157991409302,0.011692700005369261,0,0,0.36607201517843396,0.4471909328138877,0.4432520244806396,0.5048165623340746,0.4584157880237409,0.4471909328138877,0.35626455565296733,0.2878972441995123,0.6655512655512655,3359,1,merged unique formal+refinement candidates,label-assisted family-level benchmark HPO
RNA_PROTEIN,D1,CMBF_b2c67215d37a57e4,"{""anchor_strength"":0.4,""boundary_enabled"":true,""conflict_enabled"":true,""conflict_pass"":0.25,""directional_enabled"":true,""directional_mix"":0.25,""min_cluster_fraction_of_equal"":0.01,""move_boundary_floor"":0.26,""pairwise_strength"":0.04,""self_return_strength"":0.2,""sweeps"":1,""trust_gate_enabled"":true,""trust_threshold"":0.24,""unary_view1_weight"":0.65}",PASS,,47f5ba48cd016d19087cc0c813ba5d1f3b6ad0b1348c66778b136659e3a45334,62787ef341fd01198c121b8a43c1359d8191674253ead3ce355323fe2ab39426,5,58,"[996,92,1081,133,212,369,92,209,58,117]",0.2554507255554199,0.2554507255554199,0.48909851908683777,0.3777253329753876,0.622412919998169,0.5909157991409302,0.01141279999865219,0,0,0.36647786249458353,0.4481582291179582,0.44422690581631913,0.505082035057397,0.45951721078927493,0.44815822911795816,0.35772217116151317,0.28518937020115226,0.6655512655512655,3359,1,merged unique formal+refinement candidates,label-assisted family-level benchmark HPO
RNA_PROTEIN,D1,CMBF_e389f6206e5052ea,"{""anchor_strength"":0.4,""boundary_enabled"":true,""conflict_enabled"":true,""conflict_pass"":0.25,""directional_enabled"":true,""directional_mix"":0.25,""min_cluster_fraction_of_equal"":0.01,""move_boundary_floor"":0.26,""pairwise_strength"":0.04,""self_return_strength"":0.4,""sweeps"":1,""trust_gate_enabled"":true,""trust_threshold"":0.24,""unary_view1_weight"":0.65}",PASS,,adedb2efd63273a6301ba74136a0d2ab33b5c6e803112fc61a302254294d7cf6,62787ef341fd01198c121b8a43c1359d8191674253ead3ce355323fe2ab39426,3,57,"[997,91,1081,133,212,369,93,209,57,117]",0.2554507255554199,0.2554507255554199,0.48909851908683777,0.3777253329753876,0.622412919998169,0.5909157991409302,0.010876300017116591,0,0,0.36607201517843396,0.4471909328138877,0.4432520244806396,0.5048165623340746,0.4584157880237409,0.4471909328138877,0.35626455565296733,0.2878972441995123,0.6655512655512655,3359,1,merged unique formal+refinement candidates,label-assisted family-level benchmark HPO
RNA_PROTEIN,D1,CMBF_57838c2014e7b187,"{""anchor_strength"":0.6,""boundary_enabled"":true,""conflict_enabled"":true,""conflict_pass"":0.25,""directional_enabled"":true,""directional_mix"":0.25,""min_cluster_fraction_of_equal"":0.01,""move_boundary_floor"":0.26,""pairwise_strength"":0.04,""self_return_strength"":0.2,""sweeps"":1,""trust_gate_enabled"":true,""trust_threshold"":0.24,""unary_view1_weight"":0.65}",PASS,,47f5ba48cd016d19087cc0c813ba5d1f3b6ad0b1348c66778b136659e3a45334,62787ef341fd01198c121b8a43c1359d8191674253ead3ce355323fe2ab39426,5,58,"[996,92,1081,133,212,369,92,209,58,117]",0.2554507255554199,0.2554507255554199,0.48909851908683777,0.3777253329753876,0.622412919998169,0.5909157991409302,0.01174320001155138,0,0,0.36647786249458353,0.4481582291179582,0.44422690581631913,0.505082035057397,0.45951721078927493,0.44815822911795816,0.35772217116151317,0.28518937020115226,0.6655512655512655,3359,1,merged unique formal+refinement candidates,label-assisted family-level benchmark HPO
RNA_PROTEIN,D1,CMBF_7e2a923ba166631a,"{""anchor_strength"":0.6,""boundary_enabled"":true,""conflict_enabled"":true,""conflict_pass"":0.25,""directional_enabled"":true,""directional_mix"":0.25,""min_cluster_fraction_of_equal"":0.01,""move_boundary_floor"":0.26,""pairwise_strength"":0.04,""self_return_strength"":0.4,""sweeps"":1,""trust_gate_enabled"":true,""trust_threshold"":0.24,""unary_view1_weight"":0.65}",PASS,,adedb2efd63273a6301ba74136a0d2ab33b5c6e803112fc61a302254294d7cf6,62787ef341fd01198c121b8a43c1359d8191674253ead3ce355323fe2ab39426,3,57,"[997,91,1081,133,212,369,93,209,57,117]",0.2554507255554199,0.2554507255554199,0.48909851908683777,0.3777253329753876,0.622412919998169,0.5909157991409302,0.011310899979434907,0,0,0.36607201517843396,0.4471909328138877,0.4432520244806396,0.5048165623340746,0.4584157880237409,0.4471909328138877,0.35626455565296733,0.2878972441995123,0.6655512655512655,3359,1,merged unique formal+refinement candidates,label-assisted family-level benchmark HPO
RNA_PROTEIN,D1,CMBF_53c5969f6f3a421e,"{""anchor_strength"":0.4,""boundary_enabled"":true,""conflict_enabled"":true,""conflict_pass"":0.25,""directional_enabled"":true,""directional_mix"":0.25,""min_cluster_fraction_of_equal"":0.01,""move_boundary_floor"":0.22,""pairwise_strength"":0.04,""self_return_strength"":0.2,""sweeps"":1,""trust_gate_enabled"":true,""trust_threshold"":0.26,""unary_view1_weight"":0.65}",PASS,,47f5ba48cd016d19087cc0c813ba5d1f3b6ad0b1348c66778b136659e3a45334,62787ef341fd01198c121b8a43c1359d8191674253ead3ce355323fe2ab39426,5,58,"[996,92,1081,133,212,369,92,209,58,117]",0.2554507255554199,0.2554507255554199,0.48909851908683777,0.3777253329753876,0.622412919998169,0.5909157991409302,0.01131070000701584,0,0,0.36647786249458353,0.4481582291179582,0.44422690581631913,0.505082035057397,0.45951721078927493,0.44815822911795816,0.35772217116151317,0.28518937020115226,0.6655512655512655,3359,1,merged unique formal+refinement candidates,label-assisted family-level benchmark HPO
RNA_PROTEIN,D1,CMBF_741c2ce93ddf1551,"{""anchor_strength"":0.4,""boundary_enabled"":true,""conflict_enabled"":true,""conflict_pass"":0.25,""directional_enabled"":true,""directional_mix"":0.25,""min_cluster_fraction_of_equal"":0.01,""move_boundary_floor"":0.22,""pairwise_strength"":0.04,""self_return_strength"":0.4,""sweeps"":1,""trust_gate_enabled"":true,""trust_threshold"":0.26,""unary_view1_weight"":0.65}",PASS,,adedb2efd63273a6301ba74136a0d2ab33b5c6e803112fc61a302254294d7cf6,62787ef341fd01198c121b8a43c1359d8191674253ead3ce355323fe2ab39426,3,57,"[997,91,1081,133,212,369,93,209,57,117]",0.2554507255554199,0.2554507255554199,0.48909851908683777,0.3777253329753876,0.622412919998169,0.5909157991409302,0.011410800012527034,0,0,0.36607201517843396,0.4471909328138877,0.4432520244806396,0.5048165623340746,0.4584157880237409,0.4471909328138877,0.35626455565296733,0.2878972441995123,0.6655512655512655,3359,1,merged unique formal+refinement candidates,label-assisted family-level benchmark HPO
RNA_PROTEIN,D1,CMBF_c03ad4f666014c6e,"{""anchor_strength"":0.6,""boundary_enabled"":true,""conflict_enabled"":true,""conflict_pass"":0.25,""directional_enabled"":true,""directional_mix"":0.25,""min_cluster_fraction_of_equal"":0.01,""move_boundary_floor"":0.22,""pairwise_strength"":0.04,""self_return_strength"":0.2,""sweeps"":1,""trust_gate_enabled"":true,""trust_threshold"":0.26,""unary_view1_weight"":0.65}",PASS,,47f5ba48cd016d19087cc0c813ba5d1f3b6ad0b1348c66778b136659e3a45334,62787ef341fd01198c121b8a43c1359d8191674253ead3ce355323fe2ab39426,5,58,"[996,92,1081,133,212,369,92,209,58,117]",0.2554507255554199,0.2554507255554199,0.48909851908683777,0.3777253329753876,0.622412919998169,0.5909157991409302,0.012325000017881393,0,0,0.36647786249458353,0.4481582291179582,0.44422690581631913,0.505082035057397,0.45951721078927493,0.44815822911795816,0.35772217116151317,0.28518937020115226,0.6655512655512655,3359,1,merged unique formal+refinement candidates,label-assisted family-level benchmark HPO
RNA_PROTEIN,D1,CMBF_f334154955358030,"{""anchor_strength"":0.6,""boundary_enabled"":true,""conflict_enabled"":true,""conflict_pass"":0.25,""directional_enabled"":true,""directional_mix"":0.25,""min_cluster_fraction_of_equal"":0.01,""move_boundary_floor"":0.22,""pairwise_strength"":0.04,""self_return_strength"":0.4,""sweeps"":1,""trust_gate_enabled"":true,""trust_threshold"":0.26,""unary_view1_weight"":0.65}",PASS,,adedb2efd63273a6301ba74136a0d2ab33b5c6e803112fc61a302254294d7cf6,62787ef341fd01198c121b8a43c1359d8191674253ead3ce355323fe2ab39426,3,57,"[997,91,1081,133,212,369,93,209,57,117]",0.2554507255554199,0.2554507255554199,0.48909851908683777,0.3777253329753876,0.622412919998169,0.5909157991409302,0.011559000005945563,0,0,0.36607201517843396,0.4471909328138877,0.4432520244806396,0.5048165623340746,0.4584157880237409,0.4471909328138877,0.35626455565296733,0.2878972441995123,0.6655512655512655,3359,1,merged unique formal+refinement candidates,label-assisted family-level benchmark HPO
RNA_PROTEIN,D1,CMBF_62b1b2056cf47b9a,"{""anchor_strength"":0.4,""boundary_enabled"":true,""conflict_enabled"":true,""conflict_pass"":0.25,""directional_enabled"":true,""directional_mix"":0.25,""min_cluster_fraction_of_equal"":0.01,""move_boundary_floor"":0.24,""pairwise_strength"":0.04,""self_return_strength"":0.2,""sweeps"":1,""trust_gate_enabled"":true,""trust_threshold"":0.26,""unary_view1_weight"":0.65}",PASS,,47f5ba48cd016d19087cc0c813ba5d1f3b6ad0b1348c66778b136659e3a45334,62787ef341fd01198c121b8a43c1359d8191674253ead3ce355323fe2ab39426,5,58,"[996,92,1081,133,212,369,92,209,58,117]",0.2554507255554199,0.2554507255554199,0.48909851908683777,0.3777253329753876,0.622412919998169,0.5909157991409302,0.011450699996203184,0,0,0.36647786249458353,0.4481582291179582,0.44422690581631913,0.505082035057397,0.45951721078927493,0.44815822911795816,0.35772217116151317,0.28518937020115226,0.6655512655512655,3359,1,merged unique formal+refinement candidates,label-assisted family-level benchmark HPO
RNA_PROTEIN,D1,CMBF_1794a2b2820c0924,"{""anchor_strength"":0.4,""boundary_enabled"":true,""conflict_enabled"":true,""conflict_pass"":0.25,""directional_enabled"":true,""directional_mix"":0.25,""min_cluster_fraction_of_equal"":0.01,""move_boundary_floor"":0.24,""pairwise_strength"":0.04,""self_return_strength"":0.4,""sweeps"":1,""trust_gate_enabled"":true,""trust_threshold"":0.26,""unary_view1_weight"":0.65}",PASS,,adedb2efd63273a6301ba74136a0d2ab33b5c6e803112fc61a302254294d7cf6,62787ef341fd01198c121b8a43c1359d8191674253ead3ce355323fe2ab39426,3,57,"[997,91,1081,133,212,369,93,209,57,117]",0.2554507255554199,0.2554507255554199,0.48909851908683777,0.3777253329753876,0.622412919998169,0.5909157991409302,0.0114307000185363,0,0,0.36607201517843396,0.4471909328138877,0.4432520244806396,0.5048165623340746,0.4584157880237409,0.4471909328138877,0.35626455565296733,0.2878972441995123,0.6655512655512655,3359,1,merged unique formal+refinement candidates,label-assisted family-level benchmark HPO
RNA_PROTEIN,D1,CMBF_b56a8df67e814ccc,"{""anchor_strength"":0.6,""boundary_enabled"":true,""conflict_enabled"":true,""conflict_pass"":0.25,""directional_enabled"":true,""directional_mix"":0.25,""min_cluster_fraction_of_equal"":0.01,""move_boundary_floor"":0.24,""pairwise_strength"":0.04,""self_return_strength"":0.2,""sweeps"":1,""trust_gate_enabled"":true,""trust_threshold"":0.26,""unary_view1_weight"":0.65}",PASS,,47f5ba48cd016d19087cc0c813ba5d1f3b6ad0b1348c66778b136659e3a45334,62787ef341fd01198c121b8a43c1359d8191674253ead3ce355323fe2ab39426,5,58,"[996,92,1081,133,212,369,92,209,58,117]",0.2554507255554199,0.2554507255554199,0.48909851908683777,0.3777253329753876,0.622412919998169,0.5909157991409302,0.012247100006788969,0,0,0.36647786249458353,0.4481582291179582,0.44422690581631913,0.505082035057397,0.45951721078927493,0.44815822911795816,0.35772217116151317,0.28518937020115226,0.6655512655512655,3359,1,merged unique formal+refinement candidates,label-assisted family-level benchmark HPO
RNA_PROTEIN,D1,CMBF_bb2c1861243a3bd5,"{""anchor_strength"":0.6,""boundary_enabled"":true,""conflict_enabled"":true,""conflict_pass"":0.25,""directional_enabled"":true,""directional_mix"":0.25,""min_cluster_fraction_of_equal"":0.01,""move_boundary_floor"":0.24,""pairwise_strength"":0.04,""self_return_strength"":0.4,""sweeps"":1,""trust_gate_enabled"":true,""trust_threshold"":0.26,""unary_view1_weight"":0.65}",PASS,,adedb2efd63273a6301ba74136a0d2ab33b5c6e803112fc61a302254294d7cf6,62787ef341fd01198c121b8a43c1359d8191674253ead3ce355323fe2ab39426,3,57,"[997,91,1081,133,212,369,93,209,57,117]",0.2554507255554199,0.2554507255554199,0.48909851908683777,0.3777253329753876,0.622412919998169,0.5909157991409302,0.01245139999082312,0,0,0.36607201517843396,0.4471909328138877,0.4432520244806396,0.5048165623340746,0.4584157880237409,0.4471909328138877,0.35626455565296733,0.2878972441995123,0.6655512655512655,3359,1,merged unique formal+refinement candidates,label-assisted family-level benchmark HPO
RNA_PROTEIN,D1,CMBF_f2db6f039e1bd3b7,"{""anchor_strength"":0.4,""boundary_enabled"":true,""conflict_enabled"":true,""conflict_pass"":0.25,""directional_enabled"":true,""directional_mix"":0.25,""min_cluster_fraction_of_equal"":0.01,""move_boundary_floor"":0.26,""pairwise_strength"":0.04,""self_return_strength"":0.2,""sweeps"":1,""trust_gate_enabled"":true,""trust_threshold"":0.26,""unary_view1_weight"":0.65}",PASS,,47f5ba48cd016d19087cc0c813ba5d1f3b6ad0b1348c66778b136659e3a45334,62787ef341fd01198c121b8a43c1359d8191674253ead3ce355323fe2ab39426,5,58,"[996,92,1081,133,212,369,92,209,58,117]",0.2554507255554199,0.2554507255554199,0.48909851908683777,0.3777253329753876,0.622412919998169,0.5909157991409302,0.011857999983476475,0,0,0.36647786249458353,0.4481582291179582,0.44422690581631913,0.505082035057397,0.45951721078927493,0.44815822911795816,0.35772217116151317,0.28518937020115226,0.6655512655512655,3359,1,merged unique formal+refinement candidates,label-assisted family-level benchmark HPO
RNA_PROTEIN,D1,CMBF_212fa9bb9b058797,"{""anchor_strength"":0.4,""boundary_enabled"":true,""conflict_enabled"":true,""conflict_pass"":0.25,""directional_enabled"":true,""directional_mix"":0.25,""min_cluster_fraction_of_equal"":0.01,""move_boundary_floor"":0.26,""pairwise_strength"":0.04,""self_return_strength"":0.4,""sweeps"":1,""trust_gate_enabled"":true,""trust_threshold"":0.26,""unary_view1_weight"":0.65}",PASS,,adedb2efd63273a6301ba74136a0d2ab33b5c6e803112fc61a302254294d7cf6,62787ef341fd01198c121b8a43c1359d8191674253ead3ce355323fe2ab39426,3,57,"[997,91,1081,133,212,369,93,209,57,117]",0.2554507255554199,0.2554507255554199,0.48909851908683777,0.3777253329753876,0.622412919998169,0.5909157991409302,0.012133899988839403,0,0,0.36607201517843396,0.4471909328138877,0.4432520244806396,0.5048165623340746,0.4584157880237409,0.4471909328138877,0.35626455565296733,0.2878972441995123,0.6655512655512655,3359,1,merged unique formal+refinement candidates,label-assisted family-level benchmark HPO
RNA_PROTEIN,D1,CMBF_ea202021a91bd615,"{""anchor_strength"":0.6,""boundary_enabled"":true,""conflict_enabled"":true,""conflict_pass"":0.25,""directional_enabled"":true,""directional_mix"":0.25,""min_cluster_fraction_of_equal"":0.01,""move_boundary_floor"":0.26,""pairwise_strength"":0.04,""self_return_strength"":0.2,""sweeps"":1,""trust_gate_enabled"":true,""trust_threshold"":0.26,""unary_view1_weight"":0.65}",PASS,,47f5ba48cd016d19087cc0c813ba5d1f3b6ad0b1348c66778b136659e3a45334,62787ef341fd01198c121b8a43c1359d8191674253ead3ce355323fe2ab39426,5,58,"[996,92,1081,133,212,369,92,209,58,117]",0.2554507255554199,0.2554507255554199,0.48909851908683777,0.3777253329753876,0.622412919998169,0.5909157991409302,0.012645999988308176,0,0,0.36647786249458353,0.4481582291179582,0.44422690581631913,0.505082035057397,0.45951721078927493,0.44815822911795816,0.35772217116151317,0.28518937020115226,0.6655512655512655,3359,1,merged unique formal+refinement candidates,label-assisted family-level benchmark HPO
RNA_PROTEIN,tonsil_s1,CMBF_03518c726652af07,"{""anchor_strength"":0,""boundary_enabled"":true,""conflict_enabled"":true,""conflict_pass"":0,""directional_enabled"":true,""directional_mix"":0,""min_cluster_fraction_of_equal"":0.01,""move_boundary_floor"":0.1,""pairwise_strength"":0,""self_return_strength"":0,""sweeps"":0,""trust_gate_enabled"":true,""trust_threshold"":0.55,""unary_view1_weight"":0.5}",PASS,,e295e970c84d33c1ec13ad3be498846ee59c3b4c3cb3f3b6ee5c35ed73ccb6da,e295e970c84d33c1ec13ad3be498846ee59c3b4c3cb3f3b6ee5c35ed73ccb6da,0,478,"[478,1301,1141,1406]",0.26483553647994995,0.26483553647994995,0.4703289568424225,0.26483553647994995,0.7354098558425903,0.6411343812942505,0.03955620000488125,0,0,0.23653550194382364,0.3171179292228705,0.31651918825932224,0.5032711126740634,0.3562255235014961,0.3171179292228705,0.354108555786733,0.2929194415889249,0.8002544529262087,4326,1,merged unique formal+refinement candidates,label-assisted family-level benchmark HPO
RNA_PROTEIN,tonsil_s1,CMBF_e345519ae8b348c3,"{""anchor_strength"":0.4,""boundary_enabled"":true,""conflict_enabled"":true,""conflict_pass"":0.25,""directional_enabled"":true,""directional_mix"":0.25,""min_cluster_fraction_of_equal"":0.01,""move_boundary_floor"":0.22,""pairwise_strength"":0.04,""self_return_strength"":0.2,""sweeps"":1,""trust_gate_enabled"":true,""trust_threshold"":0.24,""unary_view1_weight"":0.65}",PASS,,e295e970c84d33c1ec13ad3be498846ee59c3b4c3cb3f3b6ee5c35ed73ccb6da,e295e970c84d33c1ec13ad3be498846ee59c3b4c3cb3f3b6ee5c35ed73ccb6da,0,478,"[478,1301,1141,1406]",0.26287540793418884,0.26287540793418884,0.4742492437362671,0.3814376890659332,0.6191002726554871,0.6398195624351501,0.06911969999782741,0,0,0.23653550194382364,0.3171179292228705,0.31651918825932224,0.5032711126740634,0.3562255235014961,0.3171179292228705,0.354108555786733,0.2929194415889249,0.8002544529262087,4326,1,merged unique formal+refinement candidates,label-assisted family-level benchmark HPO
RNA_PROTEIN,tonsil_s1,CMBF_8cf1252dc7d9056d,"{""anchor_strength"":0.4,""boundary_enabled"":true,""conflict_enabled"":true,""conflict_pass"":0.25,""directional_enabled"":true,""directional_mix"":0.25,""min_cluster_fraction_of_equal"":0.01,""move_boundary_floor"":0.22,""pairwise_strength"":0.04,""self_return_strength"":0.4,""sweeps"":1,""trust_gate_enabled"":true,""trust_threshold"":0.24,""unary_view1_weight"":0.65}",PASS,,e295e970c84d33c1ec13ad3be498846ee59c3b4c3cb3f3b6ee5c35ed73ccb6da,e295e970c84d33c1ec13ad3be498846ee59c3b4c3cb3f3b6ee5c35ed73ccb6da,0,478,"[478,1301,1141,1406]",0.26287540793418884,0.26287540793418884,0.4742492437362671,0.3814376890659332,0.6191002726554871,0.6398195624351501,0.009018899989314377,0,0,0.23653550194382364,0.3171179292228705,0.31651918825932224,0.5032711126740634,0.3562255235014961,0.3171179292228705,0.354108555786733,0.2929194415889249,0.8002544529262087,4326,1,merged unique formal+refinement candidates,label-assisted family-level benchmark HPO
RNA_PROTEIN,tonsil_s1,CMBF_2d0f8a8aaf464187,"{""anchor_strength"":0.6,""boundary_enabled"":true,""conflict_enabled"":true,""conflict_pass"":0.25,""directional_enabled"":true,""directional_mix"":0.25,""min_cluster_fraction_of_equal"":0.01,""move_boundary_floor"":0.22,""pairwise_strength"":0.04,""self_return_strength"":0.2,""sweeps"":1,""trust_gate_enabled"":true,""trust_threshold"":0.24,""unary_view1_weight"":0.65}",PASS,,e295e970c84d33c1ec13ad3be498846ee59c3b4c3cb3f3b6ee5c35ed73ccb6da,e295e970c84d33c1ec13ad3be498846ee59c3b4c3cb3f3b6ee5c35ed73ccb6da,0,478,"[478,1301,1141,1406]",0.26287540793418884,0.26287540793418884,0.4742492437362671,0.3814376890659332,0.6191002726554871,0.6398195624351501,0.008703400002559647,0,0,0.23653550194382364,0.3171179292228705,0.31651918825932224,0.5032711126740634,0.3562255235014961,0.3171179292228705,0.354108555786733,0.2929194415889249,0.8002544529262087,4326,1,merged unique formal+refinement candidates,label-assisted family-level benchmark HPO
RNA_PROTEIN,tonsil_s1,CMBF_0d93e5850e9af20b,"{""anchor_strength"":0.6,""boundary_enabled"":true,""conflict_enabled"":true,""conflict_pass"":0.25,""directional_enabled"":true,""directional_mix"":0.25,""min_cluster_fraction_of_equal"":0.01,""move_boundary_floor"":0.22,""pairwise_strength"":0.04,""self_return_strength"":0.4,""sweeps"":1,""trust_gate_enabled"":true,""trust_threshold"":0.24,""unary_view1_weight"":0.65}",PASS,,e295e970c84d33c1ec13ad3be498846ee59c3b4c3cb3f3b6ee5c35ed73ccb6da,e295e970c84d33c1ec13ad3be498846ee59c3b4c3cb3f3b6ee5c35ed73ccb6da,0,478,"[478,1301,1141,1406]",0.26287540793418884,0.26287540793418884,0.4742492437362671,0.3814376890659332,0.6191002726554871,0.6398195624351501,0.008988600020529702,0,0,0.23653550194382364,0.3171179292228705,0.31651918825932224,0.5032711126740634,0.3562255235014961,0.3171179292228705,0.354108555786733,0.2929194415889249,0.8002544529262087,4326,1,merged unique formal+refinement candidates,label-assisted family-level benchmark HPO
RNA_PROTEIN,tonsil_s1,CMBF_7582e8c5d78b9db2,"{""anchor_strength"":0.4,""boundary_enabled"":true,""conflict_enabled"":true,""conflict_pass"":0.25,""directional_enabled"":true,""directional_mix"":0.25,""min_cluster_fraction_of_equal"":0.01,""move_boundary_floor"":0.24,""pairwise_strength"":0.04,""self_return_strength"":0.2,""sweeps"":1,""trust_gate_enabled"":true,""trust_threshold"":0.24,""unary_view1_weight"":0.65}",PASS,,e295e970c84d33c1ec13ad3be498846ee59c3b4c3cb3f3b6ee5c35ed73ccb6da,e295e970c84d33c1ec13ad3be498846ee59c3b4c3cb3f3b6ee5c35ed73ccb6da,0,478,"[478,1301,1141,1406]",0.26287540793418884,0.26287540793418884,0.4742492437362671,0.3814376890659332,0.6191002726554871,0.6398195624351501,0.007942399999592453,0,0,0.23653550194382364,0.3171179292228705,0.31651918825932224,0.5032711126740634,0.3562255235014961,0.3171179292228705,0.354108555786733,0.2929194415889249,0.8002544529262087,4326,1,merged unique formal+refinement candidates,label-assisted family-level benchmark HPO
RNA_PROTEIN,tonsil_s1,CMBF_99773c97d71e5d26,"{""anchor_strength"":0.4,""boundary_enabled"":true,""conflict_enabled"":true,""conflict_pass"":0.25,""directional_enabled"":true,""directional_mix"":0.25,""min_cluster_fraction_of_equal"":0.01,""move_boundary_floor"":0.24,""pairwise_strength"":0.04,""self_return_strength"":0.4,""sweeps"":1,""trust_gate_enabled"":true,""trust_threshold"":0.24,""unary_view1_weight"":0.65}",PASS,,e295e970c84d33c1ec13ad3be498846ee59c3b4c3cb3f3b6ee5c35ed73ccb6da,e295e970c84d33c1ec13ad3be498846ee59c3b4c3cb3f3b6ee5c35ed73ccb6da,0,478,"[478,1301,1141,1406]",0.26287540793418884,0.26287540793418884,0.4742492437362671,0.3814376890659332,0.6191002726554871,0.6398195624351501,0.00823780000791885,0,0,0.23653550194382364,0.3171179292228705,0.31651918825932224,0.5032711126740634,0.3562255235014961,0.3171179292228705,0.354108555786733,0.2929194415889249,0.8002544529262087,4326,1,merged unique formal+refinement candidates,label-assisted family-level benchmark HPO
RNA_PROTEIN,tonsil_s1,CMBF_a3c788d318450648,"{""anchor_strength"":0.6,""boundary_enabled"":true,""conflict_enabled"":true,""conflict_pass"":0.25,""directional_enabled"":true,""directional_mix"":0.25,""min_cluster_fraction_of_equal"":0.01,""move_boundary_floor"":0.24,""pairwise_strength"":0.04,""self_return_strength"":0.2,""sweeps"":1,""trust_gate_enabled"":true,""trust_threshold"":0.24,""unary_view1_weight"":0.65}",PASS,,e295e970c84d33c1ec13ad3be498846ee59c3b4c3cb3f3b6ee5c35ed73ccb6da,e295e970c84d33c1ec13ad3be498846ee59c3b4c3cb3f3b6ee5c35ed73ccb6da,0,478,"[478,1301,1141,1406]",0.26287540793418884,0.26287540793418884,0.4742492437362671,0.3814376890659332,0.6191002726554871,0.6398195624351501,0.008839100017212331,0,0,0.23653550194382364,0.3171179292228705,0.31651918825932224,0.5032711126740634,0.3562255235014961,0.3171179292228705,0.354108555786733,0.2929194415889249,0.8002544529262087,4326,1,merged unique formal+refinement candidates,label-assisted family-level benchmark HPO
RNA_PROTEIN,tonsil_s1,CMBF_06d5f8650d650df1,"{""anchor_strength"":0.6,""boundary_enabled"":true,""conflict_enabled"":true,""conflict_pass"":0.25,""directional_enabled"":true,""directional_mix"":0.25,""min_cluster_fraction_of_equal"":0.01,""move_boundary_floor"":0.24,""pairwise_strength"":0.04,""self_return_strength"":0.4,""sweeps"":1,""trust_gate_enabled"":true,""trust_threshold"":0.24,""unary_view1_weight"":0.65}",PASS,,e295e970c84d33c1ec13ad3be498846ee59c3b4c3cb3f3b6ee5c35ed73ccb6da,e295e970c84d33c1ec13ad3be498846ee59c3b4c3cb3f3b6ee5c35ed73ccb6da,0,478,"[478,1301,1141,1406]",0.26287540793418884,0.26287540793418884,0.4742492437362671,0.3814376890659332,0.6191002726554871,0.6398195624351501,0.007747099996777251,0,0,0.23653550194382364,0.3171179292228705,0.31651918825932224,0.5032711126740634,0.3562255235014961,0.3171179292228705,0.354108555786733,0.2929194415889249,0.8002544529262087,4326,1,merged unique formal+refinement candidates,label-assisted family-level benchmark HPO
RNA_PROTEIN,tonsil_s1,CMBF_b2c67215d37a57e4,"{""anchor_strength"":0.4,""boundary_enabled"":true,""conflict_enabled"":true,""conflict_pass"":0.25,""directional_enabled"":true,""directional_mix"":0.25,""min_cluster_fraction_of_equal"":0.01,""move_boundary_floor"":0.26,""pairwise_strength"":0.04,""self_return_strength"":0.2,""sweeps"":1,""trust_gate_enabled"":true,""trust_threshold"":0.24,""unary_view1_weight"":0.65}",PASS,,e295e970c84d33c1ec13ad3be498846ee59c3b4c3cb3f3b6ee5c35ed73ccb6da,e295e970c84d33c1ec13ad3be498846ee59c3b4c3cb3f3b6ee5c35ed73ccb6da,0,478,"[478,1301,1141,1406]",0.26287540793418884,0.26287540793418884,0.4742492437362671,0.3814376890659332,0.6191002726554871,0.6398195624351501,0.007829500013031065,0,0,0.23653550194382364,0.3171179292228705,0.31651918825932224,0.5032711126740634,0.3562255235014961,0.3171179292228705,0.354108555786733,0.2929194415889249,0.8002544529262087,4326,1,merged unique formal+refinement candidates,label-assisted family-level benchmark HPO
RNA_PROTEIN,tonsil_s1,CMBF_e389f6206e5052ea,"{""anchor_strength"":0.4,""boundary_enabled"":true,""conflict_enabled"":true,""conflict_pass"":0.25,""directional_enabled"":true,""directional_mix"":0.25,""min_cluster_fraction_of_equal"":0.01,""move_boundary_floor"":0.26,""pairwise_strength"":0.04,""self_return_strength"":0.4,""sweeps"":1,""trust_gate_enabled"":true,""trust_threshold"":0.24,""unary_view1_weight"":0.65}",PASS,,e295e970c84d33c1ec13ad3be498846ee59c3b4c3cb3f3b6ee5c35ed73ccb6da,e295e970c84d33c1ec13ad3be498846ee59c3b4c3cb3f3b6ee5c35ed73ccb6da,0,478,"[478,1301,1141,1406]",0.26287540793418884,0.26287540793418884,0.4742492437362671,0.3814376890659332,0.6191002726554871,0.6398195624351501,0.007890600012615323,0,0,0.23653550194382364,0.3171179292228705,0.31651918825932224,0.5032711126740634,0.3562255235014961,0.3171179292228705,0.354108555786733,0.2929194415889249,0.8002544529262087,4326,1,merged unique formal+refinement candidates,label-assisted family-level benchmark HPO
RNA_PROTEIN,tonsil_s1,CMBF_57838c2014e7b187,"{""anchor_strength"":0.6,""boundary_enabled"":true,""conflict_enabled"":true,""conflict_pass"":0.25,""directional_enabled"":true,""directional_mix"":0.25,""min_cluster_fraction_of_equal"":0.01,""move_boundary_floor"":0.26,""pairwise_strength"":0.04,""self_return_strength"":0.2,""sweeps"":1,""trust_gate_enabled"":true,""trust_threshold"":0.24,""unary_view1_weight"":0.65}",PASS,,e295e970c84d33c1ec13ad3be498846ee59c3b4c3cb3f3b6ee5c35ed73ccb6da,e295e970c84d33c1ec13ad3be498846ee59c3b4c3cb3f3b6ee5c35ed73ccb6da,0,478,"[478,1301,1141,1406]",0.26287540793418884,0.26287540793418884,0.4742492437362671,0.3814376890659332,0.6191002726554871,0.6398195624351501,0.00910440000006929,0,0,0.23653550194382364,0.3171179292228705,0.31651918825932224,0.5032711126740634,0.3562255235014961,0.3171179292228705,0.354108555786733,0.2929194415889249,0.8002544529262087,4326,1,merged unique formal+refinement candidates,label-assisted family-level benchmark HPO
RNA_PROTEIN,tonsil_s1,CMBF_7e2a923ba166631a,"{""anchor_strength"":0.6,""boundary_enabled"":true,""conflict_enabled"":true,""conflict_pass"":0.25,""directional_enabled"":true,""directional_mix"":0.25,""min_cluster_fraction_of_equal"":0.01,""move_boundary_floor"":0.26,""pairwise_strength"":0.04,""self_return_strength"":0.4,""sweeps"":1,""trust_gate_enabled"":true,""trust_threshold"":0.24,""unary_view1_weight"":0.65}",PASS,,e295e970c84d33c1ec13ad3be498846ee59c3b4c3cb3f3b6ee5c35ed73ccb6da,e295e970c84d33c1ec13ad3be498846ee59c3b4c3cb3f3b6ee5c35ed73ccb6da,0,478,"[478,1301,1141,1406]",0.26287540793418884,0.26287540793418884,0.4742492437362671,0.3814376890659332,0.6191002726554871,0.6398195624351501,0.008578299981309101,0,0,0.23653550194382364,0.3171179292228705,0.31651918825932224,0.5032711126740634,0.3562255235014961,0.3171179292228705,0.354108555786733,0.2929194415889249,0.8002544529262087,4326,1,merged unique formal+refinement candidates,label-assisted family-level benchmark HPO
RNA_PROTEIN,tonsil_s1,CMBF_53c5969f6f3a421e,"{""anchor_strength"":0.4,""boundary_enabled"":true,""conflict_enabled"":true,""conflict_pass"":0.25,""directional_enabled"":true,""directional_mix"":0.25,""min_cluster_fraction_of_equal"":0.01,""move_boundary_floor"":0.22,""pairwise_strength"":0.04,""self_return_strength"":0.2,""sweeps"":1,""trust_gate_enabled"":true,""trust_threshold"":0.26,""unary_view1_weight"":0.65}",PASS,,61d64ed233b9bd5e8d800da195123f337eb1b1fcdaee08cec1068601738d5e0b,e295e970c84d33c1ec13ad3be498846ee59c3b4c3cb3f3b6ee5c35ed73ccb6da,3,478,"[478,1304,1141,1403]",0.26287540793418884,0.26287540793418884,0.4742492437362671,0.3814376890659332,0.6191002726554871,0.6398195624351501,0.007972299994435161,0,0,0.23668286718251594,0.31736524060791105,0.3167667297349248,0.5033588064073908,0.35651116046522324,0.31736524060791105,0.3535481099947831,0.29411687004203885,0.7997187625552431,4326,1,merged unique formal+refinement candidates,label-assisted family-level benchmark HPO
RNA_PROTEIN,tonsil_s1,CMBF_741c2ce93ddf1551,"{""anchor_strength"":0.4,""boundary_enabled"":true,""conflict_enabled"":true,""conflict_pass"":0.25,""directional_enabled"":true,""directional_mix"":0.25,""min_cluster_fraction_of_equal"":0.01,""move_boundary_floor"":0.22,""pairwise_strength"":0.04,""self_return_strength"":0.4,""sweeps"":1,""trust_gate_enabled"":true,""trust_threshold"":0.26,""unary_view1_weight"":0.65}",PASS,,e295e970c84d33c1ec13ad3be498846ee59c3b4c3cb3f3b6ee5c35ed73ccb6da,e295e970c84d33c1ec13ad3be498846ee59c3b4c3cb3f3b6ee5c35ed73ccb6da,0,478,"[478,1301,1141,1406]",0.26287540793418884,0.26287540793418884,0.4742492437362671,0.3814376890659332,0.6191002726554871,0.6398195624351501,0.008393800002522767,0,0,0.23653550194382364,0.3171179292228705,0.31651918825932224,0.5032711126740634,0.3562255235014961,0.3171179292228705,0.354108555786733,0.2929194415889249,0.8002544529262087,4326,1,merged unique formal+refinement candidates,label-assisted family-level benchmark HPO
RNA_PROTEIN,tonsil_s1,CMBF_c03ad4f666014c6e,"{""anchor_strength"":0.6,""boundary_enabled"":true,""conflict_enabled"":true,""conflict_pass"":0.25,""directional_enabled"":true,""directional_mix"":0.25,""min_cluster_fraction_of_equal"":0.01,""move_boundary_floor"":0.22,""pairwise_strength"":0.04,""self_return_strength"":0.2,""sweeps"":1,""trust_gate_enabled"":true,""trust_threshold"":0.26,""unary_view1_weight"":0.65}",PASS,,e295e970c84d33c1ec13ad3be498846ee59c3b4c3cb3f3b6ee5c35ed73ccb6da,e295e970c84d33c1ec13ad3be498846ee59c3b4c3cb3f3b6ee5c35ed73ccb6da,0,478,"[478,1301,1141,1406]",0.26287540793418884,0.26287540793418884,0.4742492437362671,0.3814376890659332,0.6191002726554871,0.6398195624351501,0.009170500008622184,0,0,0.23653550194382364,0.3171179292228705,0.31651918825932224,0.5032711126740634,0.3562255235014961,0.3171179292228705,0.354108555786733,0.2929194415889249,0.8002544529262087,4326,1,merged unique formal+refinement candidates,label-assisted family-level benchmark HPO
RNA_PROTEIN,tonsil_s1,CMBF_f334154955358030,"{""anchor_strength"":0.6,""boundary_enabled"":true,""conflict_enabled"":true,""conflict_pass"":0.25,""directional_enabled"":true,""directional_mix"":0.25,""min_cluster_fraction_of_equal"":0.01,""move_boundary_floor"":0.22,""pairwise_strength"":0.04,""self_return_strength"":0.4,""sweeps"":1,""trust_gate_enabled"":true,""trust_threshold"":0.26,""unary_view1_weight"":0.65}",PASS,,e295e970c84d33c1ec13ad3be498846ee59c3b4c3cb3f3b6ee5c35ed73ccb6da,e295e970c84d33c1ec13ad3be498846ee59c3b4c3cb3f3b6ee5c35ed73ccb6da,0,478,"[478,1301,1141,1406]",0.26287540793418884,0.26287540793418884,0.4742492437362671,0.3814376890659332,0.6191002726554871,0.6398195624351501,0.008888999989721924,0,0,0.23653550194382364,0.3171179292228705,0.31651918825932224,0.5032711126740634,0.3562255235014961,0.3171179292228705,0.354108555786733,0.2929194415889249,0.8002544529262087,4326,1,merged unique formal+refinement candidates,label-assisted family-level benchmark HPO
RNA_PROTEIN,tonsil_s1,CMBF_62b1b2056cf47b9a,"{""anchor_strength"":0.4,""boundary_enabled"":true,""conflict_enabled"":true,""conflict_pass"":0.25,""directional_enabled"":true,""directional_mix"":0.25,""min_cluster_fraction_of_equal"":0.01,""move_boundary_floor"":0.24,""pairwise_strength"":0.04,""self_return_strength"":0.2,""sweeps"":1,""trust_gate_enabled"":true,""trust_threshold"":0.26,""unary_view1_weight"":0.65}",PASS,,61d64ed233b9bd5e8d800da195123f337eb1b1fcdaee08cec1068601738d5e0b,e295e970c84d33c1ec13ad3be498846ee59c3b4c3cb3f3b6ee5c35ed73ccb6da,3,478,"[478,1304,1141,1403]",0.26287540793418884,0.26287540793418884,0.4742492437362671,0.3814376890659332,0.6191002726554871,0.6398195624351501,0.00930299999890849,0,0,0.23668286718251594,0.31736524060791105,0.3167667297349248,0.5033588064073908,0.35651116046522324,0.31736524060791105,0.3535481099947831,0.29411687004203885,0.7997187625552431,4326,1,merged unique formal+refinement candidates,label-assisted family-level benchmark HPO
RNA_PROTEIN,tonsil_s1,CMBF_1794a2b2820c0924,"{""anchor_strength"":0.4,""boundary_enabled"":true,""conflict_enabled"":true,""conflict_pass"":0.25,""directional_enabled"":true,""directional_mix"":0.25,""min_cluster_fraction_of_equal"":0.01,""move_boundary_floor"":0.24,""pairwise_strength"":0.04,""self_return_strength"":0.4,""sweeps"":1,""trust_gate_enabled"":true,""trust_threshold"":0.26,""unary_view1_weight"":0.65}",PASS,,e295e970c84d33c1ec13ad3be498846ee59c3b4c3cb3f3b6ee5c35ed73ccb6da,e295e970c84d33c1ec13ad3be498846ee59c3b4c3cb3f3b6ee5c35ed73ccb6da,0,478,"[478,1301,1141,1406]",0.26287540793418884,0.26287540793418884,0.4742492437362671,0.3814376890659332,0.6191002726554871,0.6398195624351501,0.00843769998755306,0,0,0.23653550194382364,0.3171179292228705,0.31651918825932224,0.5032711126740634,0.3562255235014961,0.3171179292228705,0.354108555786733,0.2929194415889249,0.8002544529262087,4326,1,merged unique formal+refinement candidates,label-assisted family-level benchmark HPO
RNA_PROTEIN,tonsil_s1,CMBF_b56a8df67e814ccc,"{""anchor_strength"":0.6,""boundary_enabled"":true,""conflict_enabled"":true,""conflict_pass"":0.25,""directional_enabled"":true,""directional_mix"":0.25,""min_cluster_fraction_of_equal"":0.01,""move_boundary_floor"":0.24,""pairwise_strength"":0.04,""self_return_strength"":0.2,""sweeps"":1,""trust_gate_enabled"":true,""trust_threshold"":0.26,""unary_view1_weight"":0.65}",PASS,,e295e970c84d33c1ec13ad3be498846ee59c3b4c3cb3f3b6ee5c35ed73ccb6da,e295e970c84d33c1ec13ad3be498846ee59c3b4c3cb3f3b6ee5c35ed73ccb6da,0,478,"[478,1301,1141,1406]",0.26287540793418884,0.26287540793418884,0.4742492437362671,0.3814376890659332,0.6191002726554871,0.6398195624351501,0.00830729998415336,0,0,0.23653550194382364,0.3171179292228705,0.31651918825932224,0.5032711126740634,0.3562255235014961,0.3171179292228705,0.354108555786733,0.2929194415889249,0.8002544529262087,4326,1,merged unique formal+refinement candidates,label-assisted family-level benchmark HPO
RNA_PROTEIN,tonsil_s1,CMBF_bb2c1861243a3bd5,"{""anchor_strength"":0.6,""boundary_enabled"":true,""conflict_enabled"":true,""conflict_pass"":0.25,""directional_enabled"":true,""directional_mix"":0.25,""min_cluster_fraction_of_equal"":0.01,""move_boundary_floor"":0.24,""pairwise_strength"":0.04,""self_return_strength"":0.4,""sweeps"":1,""trust_gate_enabled"":true,""trust_threshold"":0.26,""unary_view1_weight"":0.65}",PASS,,e295e970c84d33c1ec13ad3be498846ee59c3b4c3cb3f3b6ee5c35ed73ccb6da,e295e970c84d33c1ec13ad3be498846ee59c3b4c3cb3f3b6ee5c35ed73ccb6da,0,478,"[478,1301,1141,1406]",0.26287540793418884,0.26287540793418884,0.4742492437362671,0.3814376890659332,0.6191002726554871,0.6398195624351501,0.009246200002962723,0,0,0.23653550194382364,0.3171179292228705,0.31651918825932224,0.5032711126740634,0.3562255235014961,0.3171179292228705,0.354108555786733,0.2929194415889249,0.8002544529262087,4326,1,merged unique formal+refinement candidates,label-assisted family-level benchmark HPO
RNA_PROTEIN,tonsil_s1,CMBF_f2db6f039e1bd3b7,"{""anchor_strength"":0.4,""boundary_enabled"":true,""conflict_enabled"":true,""conflict_pass"":0.25,""directional_enabled"":true,""directional_mix"":0.25,""min_cluster_fraction_of_equal"":0.01,""move_boundary_floor"":0.26,""pairwise_strength"":0.04,""self_return_strength"":0.2,""sweeps"":1,""trust_gate_enabled"":true,""trust_threshold"":0.26,""unary_view1_weight"":0.65}",PASS,,61d64ed233b9bd5e8d800da195123f337eb1b1fcdaee08cec1068601738d5e0b,e295e970c84d33c1ec13ad3be498846ee59c3b4c3cb3f3b6ee5c35ed73ccb6da,3,478,"[478,1304,1141,1403]",0.26287540793418884,0.26287540793418884,0.4742492437362671,0.3814376890659332,0.6191002726554871,0.6398195624351501,0.008507799997460097,0,0,0.23668286718251594,0.31736524060791105,0.3167667297349248,0.5033588064073908,0.35651116046522324,0.31736524060791105,0.3535481099947831,0.29411687004203885,0.7997187625552431,4326,1,merged unique formal+refinement candidates,label-assisted family-level benchmark HPO
RNA_PROTEIN,tonsil_s1,CMBF_212fa9bb9b058797,"{""anchor_strength"":0.4,""boundary_enabled"":true,""conflict_enabled"":true,""conflict_pass"":0.25,""directional_enabled"":true,""directional_mix"":0.25,""min_cluster_fraction_of_equal"":0.01,""move_boundary_floor"":0.26,""pairwise_strength"":0.04,""self_return_strength"":0.4,""sweeps"":1,""trust_gate_enabled"":true,""trust_threshold"":0.26,""unary_view1_weight"":0.65}",PASS,,e295e970c84d33c1ec13ad3be498846ee59c3b4c3cb3f3b6ee5c35ed73ccb6da,e295e970c84d33c1ec13ad3be498846ee59c3b4c3cb3f3b6ee5c35ed73ccb6da,0,478,"[478,1301,1141,1406]",0.26287540793418884,0.26287540793418884,0.4742492437362671,0.3814376890659332,0.6191002726554871,0.6398195624351501,0.00897409999743104,0,0,0.23653550194382364,0.3171179292228705,0.31651918825932224,0.5032711126740634,0.3562255235014961,0.3171179292228705,0.354108555786733,0.2929194415889249,0.8002544529262087,4326,1,merged unique formal+refinement candidates,label-assisted family-level benchmark HPO
RNA_PROTEIN,tonsil_s1,CMBF_ea202021a91bd615,"{""anchor_strength"":0.6,""boundary_enabled"":true,""conflict_enabled"":true,""conflict_pass"":0.25,""directional_enabled"":true,""directional_mix"":0.25,""min_cluster_fraction_of_equal"":0.01,""move_boundary_floor"":0.26,""pairwise_strength"":0.04,""self_return_strength"":0.2,""sweeps"":1,""trust_gate_enabled"":true,""trust_threshold"":0.26,""unary_view1_weight"":0.65}",PASS,,e295e970c84d33c1ec13ad3be498846ee59c3b4c3cb3f3b6ee5c35ed73ccb6da,e295e970c84d33c1ec13ad3be498846ee59c3b4c3cb3f3b6ee5c35ed73ccb6da,0,478,"[478,1301,1141,1406]",0.26287540793418884,0.26287540793418884,0.4742492437362671,0.3814376890659332,0.6191002726554871,0.6398195624351501,0.008904899994377047,0,0,0.23653550194382364,0.3171179292228705,0.31651918825932224,0.5032711126740634,0.3562255235014961,0.3171179292228705,0.354108555786733,0.2929194415889249,0.8002544529262087,4326,1,merged unique formal+refinement candidates,label-assisted family-level benchmark HPO
RNA_PROTEIN,tonsil_s2,CMBF_03518c726652af07,"{""anchor_strength"":0,""boundary_enabled"":true,""conflict_enabled"":true,""conflict_pass"":0,""directional_enabled"":true,""directional_mix"":0,""min_cluster_fraction_of_equal"":0.01,""move_boundary_floor"":0.1,""pairwise_strength"":0,""self_return_strength"":0,""sweeps"":0,""trust_gate_enabled"":true,""trust_threshold"":0.55,""unary_view1_weight"":0.5}",PASS,,b56c96f9aa3c3463a0fb10094ed18b971aa96c78966e50609a578247ca8d6196,b56c96f9aa3c3463a0fb10094ed18b971aa96c78966e50609a578247ca8d6196,0,445,"[1008,1395,445,1671]",0.28181910514831543,0.28181910514831543,0.4363618493080139,0.28181910514831543,0.718549907207489,0.6738391518592834,0.04333570000017062,0,0,0.25826424500877926,0.31432408099851056,0.31374944344293665,0.5154080732104173,0.3434033163172776,0.31432408099851056,0.38737209880155526,0.22418440405970358,0.833791472223998,4518,1,merged unique formal+refinement candidates,label-assisted family-level benchmark HPO
RNA_PROTEIN,tonsil_s2,CMBF_e345519ae8b348c3,"{""anchor_strength"":0.4,""boundary_enabled"":true,""conflict_enabled"":true,""conflict_pass"":0.25,""directional_enabled"":true,""directional_mix"":0.25,""min_cluster_fraction_of_equal"":0.01,""move_boundary_floor"":0.22,""pairwise_strength"":0.04,""self_return_strength"":0.2,""sweeps"":1,""trust_gate_enabled"":true,""trust_threshold"":0.24,""unary_view1_weight"":0.65}",PASS,,f5682e89b44b861077fcc49082d101a8f8dd8c41dd993ae5aefcee06da9211ef,b56c96f9aa3c3463a0fb10094ed18b971aa96c78966e50609a578247ca8d6196,3,445,"[1005,1398,445,1671]",0.28125491738319397,0.28125491738319397,0.4374901354312897,0.39062750339508057,0.6100730895996094,0.6730442047119141,0.11359339999035001,0,0,0.25860897948636075,0.31572104746481966,0.315147527926165,0.5156809190678746,0.34489814459696666,0.31572104746481966,0.3872560419480933,0.22455296327301907,0.8334079140829764,4518,1,merged unique formal+refinement candidates,label-assisted family-level benchmark HPO
RNA_PROTEIN,tonsil_s2,CMBF_8cf1252dc7d9056d,"{""anchor_strength"":0.4,""boundary_enabled"":true,""conflict_enabled"":true,""conflict_pass"":0.25,""directional_enabled"":true,""directional_mix"":0.25,""min_cluster_fraction_of_equal"":0.01,""move_boundary_floor"":0.22,""pairwise_strength"":0.04,""self_return_strength"":0.4,""sweeps"":1,""trust_gate_enabled"":true,""trust_threshold"":0.24,""unary_view1_weight"":0.65}",PASS,,152490a486e89759087a2a6cedb91415a444083f6d1a8ce95819cc2170cf5c2c,b56c96f9aa3c3463a0fb10094ed18b971aa96c78966e50609a578247ca8d6196,2,445,"[1006,1397,445,1671]",0.28125491738319397,0.28125491738319397,0.4374901354312897,0.39062750339508057,0.6100730895996094,0.6730442047119141,0.009309899993240833,0,0,0.25834044568619197,0.3154391677393917,0.31486542962223624,0.5154868653114337,0.34460071937886233,0.3154391677393916,0.38731723920556604,0.22438504697955153,0.8336636195103241,4518,1,merged unique formal+refinement candidates,label-assisted family-level benchmark HPO
RNA_PROTEIN,tonsil_s2,CMBF_2d0f8a8aaf464187,"{""anchor_strength"":0.6,""boundary_enabled"":true,""conflict_enabled"":true,""conflict_pass"":0.25,""directional_enabled"":true,""directional_mix"":0.25,""min_cluster_fraction_of_equal"":0.01,""move_boundary_floor"":0.22,""pairwise_strength"":0.04,""self_return_strength"":0.2,""sweeps"":1,""trust_gate_enabled"":true,""trust_threshold"":0.24,""unary_view1_weight"":0.65}",PASS,,152490a486e89759087a2a6cedb91415a444083f6d1a8ce95819cc2170cf5c2c,b56c96f9aa3c3463a0fb10094ed18b971aa96c78966e50609a578247ca8d6196,2,445,"[1006,1397,445,1671]",0.28125491738319397,0.28125491738319397,0.4374901354312897,0.39062750339508057,0.6100730895996094,0.6730442047119141,0.009063300007255748,0,0,0.25834044568619197,0.3154391677393917,0.31486542962223624,0.5154868653114337,0.34460071937886233,0.3154391677393916,0.38731723920556604,0.22438504697955153,0.8336636195103241,4518,1,merged unique formal+refinement candidates,label-assisted family-level benchmark HPO
RNA_PROTEIN,tonsil_s2,CMBF_0d93e5850e9af20b,"{""anchor_strength"":0.6,""boundary_enabled"":true,""conflict_enabled"":true,""conflict_pass"":0.25,""directional_enabled"":true,""directional_mix"":0.25,""min_cluster_fraction_of_equal"":0.01,""move_boundary_floor"":0.22,""pairwise_strength"":0.04,""self_return_strength"":0.4,""sweeps"":1,""trust_gate_enabled"":true,""trust_threshold"":0.24,""unary_view1_weight"":0.65}",PASS,,b56c96f9aa3c3463a0fb10094ed18b971aa96c78966e50609a578247ca8d6196,b56c96f9aa3c3463a0fb10094ed18b971aa96c78966e50609a578247ca8d6196,0,445,"[1008,1395,445,1671]",0.28125491738319397,0.28125491738319397,0.4374901354312897,0.39062750339508057,0.6100730895996094,0.6730442047119141,0.008524899982148781,0,0,0.25826424500877926,0.31432408099851056,0.31374944344293665,0.5154080732104173,0.3434033163172776,0.31432408099851056,0.38737209880155526,0.22418440405970358,0.833791472223998,4518,1,merged unique formal+refinement candidates,label-assisted family-level benchmark HPO
RNA_PROTEIN,tonsil_s2,CMBF_7582e8c5d78b9db2,"{""anchor_strength"":0.4,""boundary_enabled"":true,""conflict_enabled"":true,""conflict_pass"":0.25,""directional_enabled"":true,""directional_mix"":0.25,""min_cluster_fraction_of_equal"":0.01,""move_boundary_floor"":0.24,""pairwise_strength"":0.04,""self_return_strength"":0.2,""sweeps"":1,""trust_gate_enabled"":true,""trust_threshold"":0.24,""unary_view1_weight"":0.65}",PASS,,f5682e89b44b861077fcc49082d101a8f8dd8c41dd993ae5aefcee06da9211ef,b56c96f9aa3c3463a0fb10094ed18b971aa96c78966e50609a578247ca8d6196,3,445,"[1005,1398,445,1671]",0.28125491738319397,0.28125491738319397,0.4374901354312897,0.39062750339508057,0.6100730895996094,0.6730442047119141,0.008614899998065084,0,0,0.25860897948636075,0.31572104746481966,0.315147527926165,0.5156809190678746,0.34489814459696666,0.31572104746481966,0.3872560419480933,0.22455296327301907,0.8334079140829764,4518,1,merged unique formal+refinement candidates,label-assisted family-level benchmark HPO
RNA_PROTEIN,tonsil_s2,CMBF_99773c97d71e5d26,"{""anchor_strength"":0.4,""boundary_enabled"":true,""conflict_enabled"":true,""conflict_pass"":0.25,""directional_enabled"":true,""directional_mix"":0.25,""min_cluster_fraction_of_equal"":0.01,""move_boundary_floor"":0.24,""pairwise_strength"":0.04,""self_return_strength"":0.4,""sweeps"":1,""trust_gate_enabled"":true,""trust_threshold"":0.24,""unary_view1_weight"":0.65}",PASS,,152490a486e89759087a2a6cedb91415a444083f6d1a8ce95819cc2170cf5c2c,b56c96f9aa3c3463a0fb10094ed18b971aa96c78966e50609a578247ca8d6196,2,445,"[1006,1397,445,1671]",0.28125491738319397,0.28125491738319397,0.4374901354312897,0.39062750339508057,0.6100730895996094,0.6730442047119141,0.009293900016928092,0,0,0.25834044568619197,0.3154391677393917,0.31486542962223624,0.5154868653114337,0.34460071937886233,0.3154391677393916,0.38731723920556604,0.22438504697955153,0.8336636195103241,4518,1,merged unique formal+refinement candidates,label-assisted family-level benchmark HPO
RNA_PROTEIN,tonsil_s2,CMBF_a3c788d318450648,"{""anchor_strength"":0.6,""boundary_enabled"":true,""conflict_enabled"":true,""conflict_pass"":0.25,""directional_enabled"":true,""directional_mix"":0.25,""min_cluster_fraction_of_equal"":0.01,""move_boundary_floor"":0.24,""pairwise_strength"":0.04,""self_return_strength"":0.2,""sweeps"":1,""trust_gate_enabled"":true,""trust_threshold"":0.24,""unary_view1_weight"":0.65}",PASS,,152490a486e89759087a2a6cedb91415a444083f6d1a8ce95819cc2170cf5c2c,b56c96f9aa3c3463a0fb10094ed18b971aa96c78966e50609a578247ca8d6196,2,445,"[1006,1397,445,1671]",0.28125491738319397,0.28125491738319397,0.4374901354312897,0.39062750339508057,0.6100730895996094,0.6730442047119141,0.009874100011074916,0,0,0.25834044568619197,0.3154391677393917,0.31486542962223624,0.5154868653114337,0.34460071937886233,0.3154391677393916,0.38731723920556604,0.22438504697955153,0.8336636195103241,4518,1,merged unique formal+refinement candidates,label-assisted family-level benchmark HPO
RNA_PROTEIN,tonsil_s2,CMBF_06d5f8650d650df1,"{""anchor_strength"":0.6,""boundary_enabled"":true,""conflict_enabled"":true,""conflict_pass"":0.25,""directional_enabled"":true,""directional_mix"":0.25,""min_cluster_fraction_of_equal"":0.01,""move_boundary_floor"":0.24,""pairwise_strength"":0.04,""self_return_strength"":0.4,""sweeps"":1,""trust_gate_enabled"":true,""trust_threshold"":0.24,""unary_view1_weight"":0.65}",PASS,,b56c96f9aa3c3463a0fb10094ed18b971aa96c78966e50609a578247ca8d6196,b56c96f9aa3c3463a0fb10094ed18b971aa96c78966e50609a578247ca8d6196,0,445,"[1008,1395,445,1671]",0.28125491738319397,0.28125491738319397,0.4374901354312897,0.39062750339508057,0.6100730895996094,0.6730442047119141,0.009325700026238337,0,0,0.25826424500877926,0.31432408099851056,0.31374944344293665,0.5154080732104173,0.3434033163172776,0.31432408099851056,0.38737209880155526,0.22418440405970358,0.833791472223998,4518,1,merged unique formal+refinement candidates,label-assisted family-level benchmark HPO
RNA_PROTEIN,tonsil_s2,CMBF_b2c67215d37a57e4,"{""anchor_strength"":0.4,""boundary_enabled"":true,""conflict_enabled"":true,""conflict_pass"":0.25,""directional_enabled"":true,""directional_mix"":0.25,""min_cluster_fraction_of_equal"":0.01,""move_boundary_floor"":0.26,""pairwise_strength"":0.04,""self_return_strength"":0.2,""sweeps"":1,""trust_gate_enabled"":true,""trust_threshold"":0.24,""unary_view1_weight"":0.65}",PASS,,f5682e89b44b861077fcc49082d101a8f8dd8c41dd993ae5aefcee06da9211ef,b56c96f9aa3c3463a0fb10094ed18b971aa96c78966e50609a578247ca8d6196,3,445,"[1005,1398,445,1671]",0.28125491738319397,0.28125491738319397,0.4374901354312897,0.39062750339508057,0.6100730895996094,0.6730442047119141,0.008866099989973009,0,0,0.25860897948636075,0.31572104746481966,0.315147527926165,0.5156809190678746,0.34489814459696666,0.31572104746481966,0.3872560419480933,0.22455296327301907,0.8334079140829764,4518,1,merged unique formal+refinement candidates,label-assisted family-level benchmark HPO
RNA_PROTEIN,tonsil_s2,CMBF_e389f6206e5052ea,"{""anchor_strength"":0.4,""boundary_enabled"":true,""conflict_enabled"":true,""conflict_pass"":0.25,""directional_enabled"":true,""directional_mix"":0.25,""min_cluster_fraction_of_equal"":0.01,""move_boundary_floor"":0.26,""pairwise_strength"":0.04,""self_return_strength"":0.4,""sweeps"":1,""trust_gate_enabled"":true,""trust_threshold"":0.24,""unary_view1_weight"":0.65}",PASS,,152490a486e89759087a2a6cedb91415a444083f6d1a8ce95819cc2170cf5c2c,b56c96f9aa3c3463a0fb10094ed18b971aa96c78966e50609a578247ca8d6196,2,445,"[1006,1397,445,1671]",0.28125491738319397,0.28125491738319397,0.4374901354312897,0.39062750339508057,0.6100730895996094,0.6730442047119141,0.008886800002073869,0,0,0.25834044568619197,0.3154391677393917,0.31486542962223624,0.5154868653114337,0.34460071937886233,0.3154391677393916,0.38731723920556604,0.22438504697955153,0.8336636195103241,4518,1,merged unique formal+refinement candidates,label-assisted family-level benchmark HPO
RNA_PROTEIN,tonsil_s2,CMBF_57838c2014e7b187,"{""anchor_strength"":0.6,""boundary_enabled"":true,""conflict_enabled"":true,""conflict_pass"":0.25,""directional_enabled"":true,""directional_mix"":0.25,""min_cluster_fraction_of_equal"":0.01,""move_boundary_floor"":0.26,""pairwise_strength"":0.04,""self_return_strength"":0.2,""sweeps"":1,""trust_gate_enabled"":true,""trust_threshold"":0.24,""unary_view1_weight"":0.65}",PASS,,152490a486e89759087a2a6cedb91415a444083f6d1a8ce95819cc2170cf5c2c,b56c96f9aa3c3463a0fb10094ed18b971aa96c78966e50609a578247ca8d6196,2,445,"[1006,1397,445,1671]",0.28125491738319397,0.28125491738319397,0.4374901354312897,0.39062750339508057,0.6100730895996094,0.6730442047119141,0.010114299977431074,0,0,0.25834044568619197,0.3154391677393917,0.31486542962223624,0.5154868653114337,0.34460071937886233,0.3154391677393916,0.38731723920556604,0.22438504697955153,0.8336636195103241,4518,1,merged unique formal+refinement candidates,label-assisted family-level benchmark HPO
RNA_PROTEIN,tonsil_s2,CMBF_7e2a923ba166631a,"{""anchor_strength"":0.6,""boundary_enabled"":true,""conflict_enabled"":true,""conflict_pass"":0.25,""directional_enabled"":true,""directional_mix"":0.25,""min_cluster_fraction_of_equal"":0.01,""move_boundary_floor"":0.26,""pairwise_strength"":0.04,""self_return_strength"":0.4,""sweeps"":1,""trust_gate_enabled"":true,""trust_threshold"":0.24,""unary_view1_weight"":0.65}",PASS,,b56c96f9aa3c3463a0fb10094ed18b971aa96c78966e50609a578247ca8d6196,b56c96f9aa3c3463a0fb10094ed18b971aa96c78966e50609a578247ca8d6196,0,445,"[1008,1395,445,1671]",0.28125491738319397,0.28125491738319397,0.4374901354312897,0.39062750339508057,0.6100730895996094,0.6730442047119141,0.00941850000526756,0,0,0.25826424500877926,0.31432408099851056,0.31374944344293665,0.5154080732104173,0.3434033163172776,0.31432408099851056,0.38737209880155526,0.22418440405970358,0.833791472223998,4518,1,merged unique formal+refinement candidates,label-assisted family-level benchmark HPO
RNA_PROTEIN,tonsil_s2,CMBF_53c5969f6f3a421e,"{""anchor_strength"":0.4,""boundary_enabled"":true,""conflict_enabled"":true,""conflict_pass"":0.25,""directional_enabled"":true,""directional_mix"":0.25,""min_cluster_fraction_of_equal"":0.01,""move_boundary_floor"":0.22,""pairwise_strength"":0.04,""self_return_strength"":0.2,""sweeps"":1,""trust_gate_enabled"":true,""trust_threshold"":0.26,""unary_view1_weight"":0.65}",PASS,,cd8233e38ed63e2a28b5833aa9da4d2402d0358c9613deaa6a353e4313339c0d,b56c96f9aa3c3463a0fb10094ed18b971aa96c78966e50609a578247ca8d6196,8,445,"[1001,1403,445,1670]",0.28125491738319397,0.28125491738319397,0.4374901354312897,0.39062750339508057,0.6100730895996094,0.6730442047119141,0.010076900012791157,0,0,0.2587853670379758,0.31654623862882414,0.3159733485923322,0.5158460787106333,0.34576251609552017,0.31654623862882414,0.38708506304917056,0.22500956575824918,0.8332800613693025,4518,1,merged unique formal+refinement candidates,label-assisted family-level benchmark HPO
RNA_PROTEIN,tonsil_s2,CMBF_741c2ce93ddf1551,"{""anchor_strength"":0.4,""boundary_enabled"":true,""conflict_enabled"":true,""conflict_pass"":0.25,""directional_enabled"":true,""directional_mix"":0.25,""min_cluster_fraction_of_equal"":0.01,""move_boundary_floor"":0.22,""pairwise_strength"":0.04,""self_return_strength"":0.4,""sweeps"":1,""trust_gate_enabled"":true,""trust_threshold"":0.26,""unary_view1_weight"":0.65}",PASS,,11e089f1b2ecfde934a143680999f2468f84e04ad6b4b7352fc505ebd87c377d,b56c96f9aa3c3463a0fb10094ed18b971aa96c78966e50609a578247ca8d6196,4,445,"[1005,1399,445,1670]",0.28125491738319397,0.28125491738319397,0.4374901354312897,0.39062750339508057,0.6100730895996094,0.6730442047119141,0.009801499982131645,0,0,0.2579414887139047,0.31511071026877785,0.3145366887518485,0.5152234805067726,0.34423710370528626,0.3151107102687779,0.3871641165022625,0.22471924559278914,0.8332161350124656,4518,1,merged unique formal+refinement candidates,label-assisted family-level benchmark HPO
RNA_PROTEIN,tonsil_s2,CMBF_c03ad4f666014c6e,"{""anchor_strength"":0.6,""boundary_enabled"":true,""conflict_enabled"":true,""conflict_pass"":0.25,""directional_enabled"":true,""directional_mix"":0.25,""min_cluster_fraction_of_equal"":0.01,""move_boundary_floor"":0.22,""pairwise_strength"":0.04,""self_return_strength"":0.2,""sweeps"":1,""trust_gate_enabled"":true,""trust_threshold"":0.26,""unary_view1_weight"":0.65}",PASS,,cb4390bda6acf477463f879db29f586a8f40f2e62f28068cd4492eb2235aa354,b56c96f9aa3c3463a0fb10094ed18b971aa96c78966e50609a578247ca8d6196,5,445,"[1004,1400,445,1670]",0.28125491738319397,0.28125491738319397,0.4374901354312897,0.39062750339508057,0.6100730895996094,0.6730442047119141,0.01034019998041913,0,0,0.25820990746352923,0.31539239896668075,0.3148185957319729,0.5154175747797489,0.3445342493237532,0.31539239896668075,0.38717034533094025,0.22475234776165984,0.8333439877261395,4518,1,merged unique formal+refinement candidates,label-assisted family-level benchmark HPO
RNA_PROTEIN,tonsil_s2,CMBF_f334154955358030,"{""anchor_strength"":0.6,""boundary_enabled"":true,""conflict_enabled"":true,""conflict_pass"":0.25,""directional_enabled"":true,""directional_mix"":0.25,""min_cluster_fraction_of_equal"":0.01,""move_boundary_floor"":0.22,""pairwise_strength"":0.04,""self_return_strength"":0.4,""sweeps"":1,""trust_gate_enabled"":true,""trust_threshold"":0.26,""unary_view1_weight"":0.65}",PASS,,72d79e5234b76bfd2d673578042564267b5c97c53678fe1ed61350b9b7e16b9c,b56c96f9aa3c3463a0fb10094ed18b971aa96c78966e50609a578247ca8d6196,1,445,"[1008,1396,445,1670]",0.28125491738319397,0.28125491738319397,0.4374901354312897,0.39062750339508057,0.6100730895996094,0.6730442047119141,0.010222699987934902,0,0,0.25813013664633305,0.31428304125845413,0.31370837900234305,0.5153082641248198,0.3433642334487262,0.3142830412584542,0.3871817522676077,0.2245976987687511,0.8335357667966503,4518,1,merged unique formal+refinement candidates,label-assisted family-level benchmark HPO
RNA_PROTEIN,tonsil_s2,CMBF_62b1b2056cf47b9a,"{""anchor_strength"":0.4,""boundary_enabled"":true,""conflict_enabled"":true,""conflict_pass"":0.25,""directional_enabled"":true,""directional_mix"":0.25,""min_cluster_fraction_of_equal"":0.01,""move_boundary_floor"":0.24,""pairwise_strength"":0.04,""self_return_strength"":0.2,""sweeps"":1,""trust_gate_enabled"":true,""trust_threshold"":0.26,""unary_view1_weight"":0.65}",PASS,,3f671a8b4011252c604dfd4feb0accdc3b88020ea4077bf585396d9c3a7d3b9b,b56c96f9aa3c3463a0fb10094ed18b971aa96c78966e50609a578247ca8d6196,7,445,"[1002,1402,445,1670]",0.28125491738319397,0.28125491738319397,0.4374901354312897,0.39062750339508057,0.6100730895996094,0.6730442047119141,0.009553200012305751,0,0,0.25851635791766786,0.31626254536693277,0.3156894355953025,0.5156514197011164,0.3454634127780118,0.31626254536693277,0.3871013810149656,0.22493125720221097,0.8332800613693025,4518,1,merged unique formal+refinement candidates,label-assisted family-level benchmark HPO
RNA_PROTEIN,tonsil_s2,CMBF_1794a2b2820c0924,"{""anchor_strength"":0.4,""boundary_enabled"":true,""conflict_enabled"":true,""conflict_pass"":0.25,""directional_enabled"":true,""directional_mix"":0.25,""min_cluster_fraction_of_equal"":0.01,""move_boundary_floor"":0.24,""pairwise_strength"":0.04,""self_return_strength"":0.4,""sweeps"":1,""trust_gate_enabled"":true,""trust_threshold"":0.26,""unary_view1_weight"":0.65}",PASS,,11e089f1b2ecfde934a143680999f2468f84e04ad6b4b7352fc505ebd87c377d,b56c96f9aa3c3463a0fb10094ed18b971aa96c78966e50609a578247ca8d6196,4,445,"[1005,1399,445,1670]",0.28125491738319397,0.28125491738319397,0.4374901354312897,0.39062750339508057,0.6100730895996094,0.6730442047119141,0.00965110000106506,0,0,0.2579414887139047,0.31511071026877785,0.3145366887518485,0.5152234805067726,0.34423710370528626,0.3151107102687779,0.3871641165022625,0.22471924559278914,0.8332161350124656,4518,1,merged unique formal+refinement candidates,label-assisted family-level benchmark HPO
RNA_PROTEIN,tonsil_s2,CMBF_b56a8df67e814ccc,"{""anchor_strength"":0.6,""boundary_enabled"":true,""conflict_enabled"":true,""conflict_pass"":0.25,""directional_enabled"":true,""directional_mix"":0.25,""min_cluster_fraction_of_equal"":0.01,""move_boundary_floor"":0.24,""pairwise_strength"":0.04,""self_return_strength"":0.2,""sweeps"":1,""trust_gate_enabled"":true,""trust_threshold"":0.26,""unary_view1_weight"":0.65}",PASS,,cb4390bda6acf477463f879db29f586a8f40f2e62f28068cd4492eb2235aa354,b56c96f9aa3c3463a0fb10094ed18b971aa96c78966e50609a578247ca8d6196,5,445,"[1004,1400,445,1670]",0.28125491738319397,0.28125491738319397,0.4374901354312897,0.39062750339508057,0.6100730895996094,0.6730442047119141,0.010601599991787225,0,0,0.25820990746352923,0.31539239896668075,0.3148185957319729,0.5154175747797489,0.3445342493237532,0.31539239896668075,0.38717034533094025,0.22475234776165984,0.8333439877261395,4518,1,merged unique formal+refinement candidates,label-assisted family-level benchmark HPO
RNA_PROTEIN,tonsil_s2,CMBF_bb2c1861243a3bd5,"{""anchor_strength"":0.6,""boundary_enabled"":true,""conflict_enabled"":true,""conflict_pass"":0.25,""directional_enabled"":true,""directional_mix"":0.25,""min_cluster_fraction_of_equal"":0.01,""move_boundary_floor"":0.24,""pairwise_strength"":0.04,""self_return_strength"":0.4,""sweeps"":1,""trust_gate_enabled"":true,""trust_threshold"":0.26,""unary_view1_weight"":0.65}",PASS,,72d79e5234b76bfd2d673578042564267b5c97c53678fe1ed61350b9b7e16b9c,b56c96f9aa3c3463a0fb10094ed18b971aa96c78966e50609a578247ca8d6196,1,445,"[1008,1396,445,1670]",0.28125491738319397,0.28125491738319397,0.4374901354312897,0.39062750339508057,0.6100730895996094,0.6730442047119141,0.009620500000892207,0,0,0.25813013664633305,0.31428304125845413,0.31370837900234305,0.5153082641248198,0.3433642334487262,0.3142830412584542,0.3871817522676077,0.2245976987687511,0.8335357667966503,4518,1,merged unique formal+refinement candidates,label-assisted family-level benchmark HPO
RNA_PROTEIN,tonsil_s2,CMBF_f2db6f039e1bd3b7,"{""anchor_strength"":0.4,""boundary_enabled"":true,""conflict_enabled"":true,""conflict_pass"":0.25,""directional_enabled"":true,""directional_mix"":0.25,""min_cluster_fraction_of_equal"":0.01,""move_boundary_floor"":0.26,""pairwise_strength"":0.04,""self_return_strength"":0.2,""sweeps"":1,""trust_gate_enabled"":true,""trust_threshold"":0.26,""unary_view1_weight"":0.65}",PASS,,8e378f95ac9ed1a65dd5e1e135d0565272f33c4b2d98d94e44ba5b44fefcae2b,b56c96f9aa3c3463a0fb10094ed18b971aa96c78966e50609a578247ca8d6196,6,445,"[1003,1401,445,1670]",0.28125491738319397,0.28125491738319397,0.4374901354312897,0.39062750339508057,0.6100730895996094,0.6730442047119141,0.009390199993504211,0,0,0.2582478288699086,0.31597997844286596,0.3154066498018924,0.5154571362114632,0.34516546567104284,0.31597997844286596,0.38709517399344257,0.2248980387714377,0.8331522086556287,4518,1,merged unique formal+refinement candidates,label-assisted family-level benchmark HPO
RNA_PROTEIN,tonsil_s2,CMBF_212fa9bb9b058797,"{""anchor_strength"":0.4,""boundary_enabled"":true,""conflict_enabled"":true,""conflict_pass"":0.25,""directional_enabled"":true,""directional_mix"":0.25,""min_cluster_fraction_of_equal"":0.01,""move_boundary_floor"":0.26,""pairwise_strength"":0.04,""self_return_strength"":0.4,""sweeps"":1,""trust_gate_enabled"":true,""trust_threshold"":0.26,""unary_view1_weight"":0.65}",PASS,,11e089f1b2ecfde934a143680999f2468f84e04ad6b4b7352fc505ebd87c377d,b56c96f9aa3c3463a0fb10094ed18b971aa96c78966e50609a578247ca8d6196,4,445,"[1005,1399,445,1670]",0.28125491738319397,0.28125491738319397,0.4374901354312897,0.39062750339508057,0.6100730895996094,0.6730442047119141,0.009924199985107407,0,0,0.2579414887139047,0.31511071026877785,0.3145366887518485,0.5152234805067726,0.34423710370528626,0.3151107102687779,0.3871641165022625,0.22471924559278914,0.8332161350124656,4518,1,merged unique formal+refinement candidates,label-assisted family-level benchmark HPO
RNA_PROTEIN,tonsil_s2,CMBF_ea202021a91bd615,"{""anchor_strength"":0.6,""boundary_enabled"":true,""conflict_enabled"":true,""conflict_pass"":0.25,""directional_enabled"":true,""directional_mix"":0.25,""min_cluster_fraction_of_equal"":0.01,""move_boundary_floor"":0.26,""pairwise_strength"":0.04,""self_return_strength"":0.2,""sweeps"":1,""trust_gate_enabled"":true,""trust_threshold"":0.26,""unary_view1_weight"":0.65}",PASS,,11e089f1b2ecfde934a143680999f2468f84e04ad6b4b7352fc505ebd87c377d,b56c96f9aa3c3463a0fb10094ed18b971aa96c78966e50609a578247ca8d6196,4,445,"[1005,1399,445,1670]",0.28125491738319397,0.28125491738319397,0.4374901354312897,0.39062750339508057,0.6100730895996094,0.6730442047119141,0.010034100007032976,0,0,0.2579414887139047,0.31511071026877785,0.3145366887518485,0.5152234805067726,0.34423710370528626,0.3151107102687779,0.3871641165022625,0.22471924559278914,0.8332161350124656,4518,1,merged unique formal+refinement candidates,label-assisted family-level benchmark HPO
RNA_PROTEIN,tonsil_s3,CMBF_03518c726652af07,"{""anchor_strength"":0,""boundary_enabled"":true,""conflict_enabled"":true,""conflict_pass"":0,""directional_enabled"":true,""directional_mix"":0,""min_cluster_fraction_of_equal"":0.01,""move_boundary_floor"":0.1,""pairwise_strength"":0,""self_return_strength"":0,""sweeps"":0,""trust_gate_enabled"":true,""trust_threshold"":0.55,""unary_view1_weight"":0.5}",PASS,,0003aaac74f65273cf1b21b9f52070eb6f8ad11328b2b0f96d815c3e9ce83f43,0003aaac74f65273cf1b21b9f52070eb6f8ad11328b2b0f96d815c3e9ce83f43,0,294,"[2470,573,1184,294]",0.2826955020427704,0.2826955020427704,0.4346090257167816,0.2826955020427704,0.714509904384613,0.6376751065254211,0.0414018000010401,0,0,0.350644182009914,0.3097714630576775,0.30912902465600894,0.6146168233278212,0.3152708757168304,0.30977146305767744,0.32517089619736017,0.3484934881972105,0.7930912687199774,4460,1,merged unique formal+refinement candidates,label-assisted family-level benchmark HPO
RNA_PROTEIN,tonsil_s3,CMBF_e345519ae8b348c3,"{""anchor_strength"":0.4,""boundary_enabled"":true,""conflict_enabled"":true,""conflict_pass"":0.25,""directional_enabled"":true,""directional_mix"":0.25,""min_cluster_fraction_of_equal"":0.01,""move_boundary_floor"":0.22,""pairwise_strength"":0.04,""self_return_strength"":0.2,""sweeps"":1,""trust_gate_enabled"":true,""trust_threshold"":0.24,""unary_view1_weight"":0.65}",PASS,,a698d0be73643f8c38c5208695a640a8a1ed79c179719c855fdcbb19598eb151,0003aaac74f65273cf1b21b9f52070eb6f8ad11328b2b0f96d815c3e9ce83f43,2,294,"[2471,573,1183,294]",0.2809721827507019,0.2809722125530243,0.4380555748939514,0.39048612117767334,0.606700599193573,0.6363896727561951,0.06772249998175539,0,0,0.35113837226315536,0.3100679799944422,0.3094257686182948,0.6149520063482756,0.3155487233827158,0.31006797999444224,0.32525350722916396,0.34833625966956366,0.7935151172647641,4460,1,merged unique formal+refinement candidates,label-assisted family-level benchmark HPO
RNA_PROTEIN,tonsil_s3,CMBF_8cf1252dc7d9056d,"{""anchor_strength"":0.4,""boundary_enabled"":true,""conflict_enabled"":true,""conflict_pass"":0.25,""directional_enabled"":true,""directional_mix"":0.25,""min_cluster_fraction_of_equal"":0.01,""move_boundary_floor"":0.22,""pairwise_strength"":0.04,""self_return_strength"":0.4,""sweeps"":1,""trust_gate_enabled"":true,""trust_threshold"":0.24,""unary_view1_weight"":0.65}",PASS,,e8e5aee84c0de1fc27f4c39407128bad027fc7786c0cc50a977ef78a3c048b1a,0003aaac74f65273cf1b21b9f52070eb6f8ad11328b2b0f96d815c3e9ce83f43,1,294,"[2471,572,1184,294]",0.2809721827507019,0.2809722125530243,0.4380555748939514,0.39048612117767334,0.606700599193573,0.6363896727561951,0.008792300010100007,0,0,0.3509938492244087,0.30988769291953394,0.30924525762907423,0.6148876399047555,0.31533832479255297,0.309887692919534,0.3250926311448171,0.34864531981739694,0.7933031929923707,4460,1,merged unique formal+refinement candidates,label-assisted family-level benchmark HPO
RNA_PROTEIN,tonsil_s3,CMBF_2d0f8a8aaf464187,"{""anchor_strength"":0.6,""boundary_enabled"":true,""conflict_enabled"":true,""conflict_pass"":0.25,""directional_enabled"":true,""directional_mix"":0.25,""min_cluster_fraction_of_equal"":0.01,""move_boundary_floor"":0.22,""pairwise_strength"":0.04,""self_return_strength"":0.2,""sweeps"":1,""trust_gate_enabled"":true,""trust_threshold"":0.24,""unary_view1_weight"":0.65}",PASS,,e8e5aee84c0de1fc27f4c39407128bad027fc7786c0cc50a977ef78a3c048b1a,0003aaac74f65273cf1b21b9f52070eb6f8ad11328b2b0f96d815c3e9ce83f43,1,294,"[2471,572,1184,294]",0.2809721827507019,0.2809722125530243,0.4380555748939514,0.39048612117767334,0.606700599193573,0.6363896727561951,0.009199000021908432,0,0,0.3509938492244087,0.30988769291953394,0.30924525762907423,0.6148876399047555,0.31533832479255297,0.309887692919534,0.3250926311448171,0.34864531981739694,0.7933031929923707,4460,1,merged unique formal+refinement candidates,label-assisted family-level benchmark HPO
RNA_PROTEIN,tonsil_s3,CMBF_0d93e5850e9af20b,"{""anchor_strength"":0.6,""boundary_enabled"":true,""conflict_enabled"":true,""conflict_pass"":0.25,""directional_enabled"":true,""directional_mix"":0.25,""min_cluster_fraction_of_equal"":0.01,""move_boundary_floor"":0.22,""pairwise_strength"":0.04,""self_return_strength"":0.4,""sweeps"":1,""trust_gate_enabled"":true,""trust_threshold"":0.24,""unary_view1_weight"":0.65}",PASS,,0003aaac74f65273cf1b21b9f52070eb6f8ad11328b2b0f96d815c3e9ce83f43,0003aaac74f65273cf1b21b9f52070eb6f8ad11328b2b0f96d815c3e9ce83f43,0,294,"[2470,573,1184,294]",0.2809721827507019,0.2809722125530243,0.4380555748939514,0.39048612117767334,0.606700599193573,0.6363896727561951,0.009421800001291558,0,0,0.350644182009914,0.3097714630576775,0.30912902465600894,0.6146168233278212,0.3152708757168304,0.30977146305767744,0.32517089619736017,0.3484934881972105,0.7930912687199774,4460,1,merged unique formal+refinement candidates,label-assisted family-level benchmark HPO
RNA_PROTEIN,tonsil_s3,CMBF_7582e8c5d78b9db2,"{""anchor_strength"":0.4,""boundary_enabled"":true,""conflict_enabled"":true,""conflict_pass"":0.25,""directional_enabled"":true,""directional_mix"":0.25,""min_cluster_fraction_of_equal"":0.01,""move_boundary_floor"":0.24,""pairwise_strength"":0.04,""self_return_strength"":0.2,""sweeps"":1,""trust_gate_enabled"":true,""trust_threshold"":0.24,""unary_view1_weight"":0.65}",PASS,,a698d0be73643f8c38c5208695a640a8a1ed79c179719c855fdcbb19598eb151,0003aaac74f65273cf1b21b9f52070eb6f8ad11328b2b0f96d815c3e9ce83f43,2,294,"[2471,573,1183,294]",0.2809721827507019,0.2809722125530243,0.4380555748939514,0.39048612117767334,0.606700599193573,0.6363896727561951,0.009404099982930347,0,0,0.35113837226315536,0.3100679799944422,0.3094257686182948,0.6149520063482756,0.3155487233827158,0.31006797999444224,0.32525350722916396,0.34833625966956366,0.7935151172647641,4460,1,merged unique formal+refinement candidates,label-assisted family-level benchmark HPO
RNA_PROTEIN,tonsil_s3,CMBF_99773c97d71e5d26,"{""anchor_strength"":0.4,""boundary_enabled"":true,""conflict_enabled"":true,""conflict_pass"":0.25,""directional_enabled"":true,""directional_mix"":0.25,""min_cluster_fraction_of_equal"":0.01,""move_boundary_floor"":0.24,""pairwise_strength"":0.04,""self_return_strength"":0.4,""sweeps"":1,""trust_gate_enabled"":true,""trust_threshold"":0.24,""unary_view1_weight"":0.65}",PASS,,e8e5aee84c0de1fc27f4c39407128bad027fc7786c0cc50a977ef78a3c048b1a,0003aaac74f65273cf1b21b9f52070eb6f8ad11328b2b0f96d815c3e9ce83f43,1,294,"[2471,572,1184,294]",0.2809721827507019,0.2809722125530243,0.4380555748939514,0.39048612117767334,0.606700599193573,0.6363896727561951,0.008734800008824095,0,0,0.3509938492244087,0.30988769291953394,0.30924525762907423,0.6148876399047555,0.31533832479255297,0.309887692919534,0.3250926311448171,0.34864531981739694,0.7933031929923707,4460,1,merged unique formal+refinement candidates,label-assisted family-level benchmark HPO
RNA_PROTEIN,tonsil_s3,CMBF_a3c788d318450648,"{""anchor_strength"":0.6,""boundary_enabled"":true,""conflict_enabled"":true,""conflict_pass"":0.25,""directional_enabled"":true,""directional_mix"":0.25,""min_cluster_fraction_of_equal"":0.01,""move_boundary_floor"":0.24,""pairwise_strength"":0.04,""self_return_strength"":0.2,""sweeps"":1,""trust_gate_enabled"":true,""trust_threshold"":0.24,""unary_view1_weight"":0.65}",PASS,,e8e5aee84c0de1fc27f4c39407128bad027fc7786c0cc50a977ef78a3c048b1a,0003aaac74f65273cf1b21b9f52070eb6f8ad11328b2b0f96d815c3e9ce83f43,1,294,"[2471,572,1184,294]",0.2809721827507019,0.2809722125530243,0.4380555748939514,0.39048612117767334,0.606700599193573,0.6363896727561951,0.009076100017409772,0,0,0.3509938492244087,0.30988769291953394,0.30924525762907423,0.6148876399047555,0.31533832479255297,0.309887692919534,0.3250926311448171,0.34864531981739694,0.7933031929923707,4460,1,merged unique formal+refinement candidates,label-assisted family-level benchmark HPO
RNA_PROTEIN,tonsil_s3,CMBF_06d5f8650d650df1,"{""anchor_strength"":0.6,""boundary_enabled"":true,""conflict_enabled"":true,""conflict_pass"":0.25,""directional_enabled"":true,""directional_mix"":0.25,""min_cluster_fraction_of_equal"":0.01,""move_boundary_floor"":0.24,""pairwise_strength"":0.04,""self_return_strength"":0.4,""sweeps"":1,""trust_gate_enabled"":true,""trust_threshold"":0.24,""unary_view1_weight"":0.65}",PASS,,0003aaac74f65273cf1b21b9f52070eb6f8ad11328b2b0f96d815c3e9ce83f43,0003aaac74f65273cf1b21b9f52070eb6f8ad11328b2b0f96d815c3e9ce83f43,0,294,"[2470,573,1184,294]",0.2809721827507019,0.2809722125530243,0.4380555748939514,0.39048612117767334,0.606700599193573,0.6363896727561951,0.009451699996134266,0,0,0.350644182009914,0.3097714630576775,0.30912902465600894,0.6146168233278212,0.3152708757168304,0.30977146305767744,0.32517089619736017,0.3484934881972105,0.7930912687199774,4460,1,merged unique formal+refinement candidates,label-assisted family-level benchmark HPO
RNA_PROTEIN,tonsil_s3,CMBF_b2c67215d37a57e4,"{""anchor_strength"":0.4,""boundary_enabled"":true,""conflict_enabled"":true,""conflict_pass"":0.25,""directional_enabled"":true,""directional_mix"":0.25,""min_cluster_fraction_of_equal"":0.01,""move_boundary_floor"":0.26,""pairwise_strength"":0.04,""self_return_strength"":0.2,""sweeps"":1,""trust_gate_enabled"":true,""trust_threshold"":0.24,""unary_view1_weight"":0.65}",PASS,,a698d0be73643f8c38c5208695a640a8a1ed79c179719c855fdcbb19598eb151,0003aaac74f65273cf1b21b9f52070eb6f8ad11328b2b0f96d815c3e9ce83f43,2,294,"[2471,573,1183,294]",0.2809721827507019,0.2809722125530243,0.4380555748939514,0.39048612117767334,0.606700599193573,0.6363896727561951,0.009295399999246001,0,0,0.35113837226315536,0.3100679799944422,0.3094257686182948,0.6149520063482756,0.3155487233827158,0.31006797999444224,0.32525350722916396,0.34833625966956366,0.7935151172647641,4460,1,merged unique formal+refinement candidates,label-assisted family-level benchmark HPO
RNA_PROTEIN,tonsil_s3,CMBF_e389f6206e5052ea,"{""anchor_strength"":0.4,""boundary_enabled"":true,""conflict_enabled"":true,""conflict_pass"":0.25,""directional_enabled"":true,""directional_mix"":0.25,""min_cluster_fraction_of_equal"":0.01,""move_boundary_floor"":0.26,""pairwise_strength"":0.04,""self_return_strength"":0.4,""sweeps"":1,""trust_gate_enabled"":true,""trust_threshold"":0.24,""unary_view1_weight"":0.65}",PASS,,e8e5aee84c0de1fc27f4c39407128bad027fc7786c0cc50a977ef78a3c048b1a,0003aaac74f65273cf1b21b9f52070eb6f8ad11328b2b0f96d815c3e9ce83f43,1,294,"[2471,572,1184,294]",0.2809721827507019,0.2809722125530243,0.4380555748939514,0.39048612117767334,0.606700599193573,0.6363896727561951,0.008926199981942773,0,0,0.3509938492244087,0.30988769291953394,0.30924525762907423,0.6148876399047555,0.31533832479255297,0.309887692919534,0.3250926311448171,0.34864531981739694,0.7933031929923707,4460,1,merged unique formal+refinement candidates,label-assisted family-level benchmark HPO
RNA_PROTEIN,tonsil_s3,CMBF_57838c2014e7b187,"{""anchor_strength"":0.6,""boundary_enabled"":true,""conflict_enabled"":true,""conflict_pass"":0.25,""directional_enabled"":true,""directional_mix"":0.25,""min_cluster_fraction_of_equal"":0.01,""move_boundary_floor"":0.26,""pairwise_strength"":0.04,""self_return_strength"":0.2,""sweeps"":1,""trust_gate_enabled"":true,""trust_threshold"":0.24,""unary_view1_weight"":0.65}",PASS,,e8e5aee84c0de1fc27f4c39407128bad027fc7786c0cc50a977ef78a3c048b1a,0003aaac74f65273cf1b21b9f52070eb6f8ad11328b2b0f96d815c3e9ce83f43,1,294,"[2471,572,1184,294]",0.2809721827507019,0.2809722125530243,0.4380555748939514,0.39048612117767334,0.606700599193573,0.6363896727561951,0.009050099994055927,0,0,0.3509938492244087,0.30988769291953394,0.30924525762907423,0.6148876399047555,0.31533832479255297,0.309887692919534,0.3250926311448171,0.34864531981739694,0.7933031929923707,4460,1,merged unique formal+refinement candidates,label-assisted family-level benchmark HPO
RNA_PROTEIN,tonsil_s3,CMBF_7e2a923ba166631a,"{""anchor_strength"":0.6,""boundary_enabled"":true,""conflict_enabled"":true,""conflict_pass"":0.25,""directional_enabled"":true,""directional_mix"":0.25,""min_cluster_fraction_of_equal"":0.01,""move_boundary_floor"":0.26,""pairwise_strength"":0.04,""self_return_strength"":0.4,""sweeps"":1,""trust_gate_enabled"":true,""trust_threshold"":0.24,""unary_view1_weight"":0.65}",PASS,,0003aaac74f65273cf1b21b9f52070eb6f8ad11328b2b0f96d815c3e9ce83f43,0003aaac74f65273cf1b21b9f52070eb6f8ad11328b2b0f96d815c3e9ce83f43,0,294,"[2470,573,1184,294]",0.2809721827507019,0.2809722125530243,0.4380555748939514,0.39048612117767334,0.606700599193573,0.6363896727561951,0.008635200007120147,0,0,0.350644182009914,0.3097714630576775,0.30912902465600894,0.6146168233278212,0.3152708757168304,0.30977146305767744,0.32517089619736017,0.3484934881972105,0.7930912687199774,4460,1,merged unique formal+refinement candidates,label-assisted family-level benchmark HPO
RNA_PROTEIN,tonsil_s3,CMBF_53c5969f6f3a421e,"{""anchor_strength"":0.4,""boundary_enabled"":true,""conflict_enabled"":true,""conflict_pass"":0.25,""directional_enabled"":true,""directional_mix"":0.25,""min_cluster_fraction_of_equal"":0.01,""move_boundary_floor"":0.22,""pairwise_strength"":0.04,""self_return_strength"":0.2,""sweeps"":1,""trust_gate_enabled"":true,""trust_threshold"":0.26,""unary_view1_weight"":0.65}",PASS,,ce4f0a38251311fb40664663bc0b1b5576eac6c75b92ab92eb872be5069a60fd,0003aaac74f65273cf1b21b9f52070eb6f8ad11328b2b0f96d815c3e9ce83f43,3,294,"[2471,574,1182,294]",0.2809721827507019,0.2809722125530243,0.4380555748939514,0.39048612117767334,0.606700599193573,0.6363896727561951,0.009573199989972636,0,0,0.35128336225091983,0.31024922882536426,0.309607242029315,0.615016726276322,0.3157600416355239,0.31024922882536426,0.32538063077922214,0.3480947044111666,0.7935857586888951,4460,1,merged unique formal+refinement candidates,label-assisted family-level benchmark HPO
RNA_PROTEIN,tonsil_s3,CMBF_741c2ce93ddf1551,"{""anchor_strength"":0.4,""boundary_enabled"":true,""conflict_enabled"":true,""conflict_pass"":0.25,""directional_enabled"":true,""directional_mix"":0.25,""min_cluster_fraction_of_equal"":0.01,""move_boundary_floor"":0.22,""pairwise_strength"":0.04,""self_return_strength"":0.4,""sweeps"":1,""trust_gate_enabled"":true,""trust_threshold"":0.26,""unary_view1_weight"":0.65}",PASS,,e8e5aee84c0de1fc27f4c39407128bad027fc7786c0cc50a977ef78a3c048b1a,0003aaac74f65273cf1b21b9f52070eb6f8ad11328b2b0f96d815c3e9ce83f43,1,294,"[2471,572,1184,294]",0.2809721827507019,0.2809722125530243,0.4380555748939514,0.39048612117767334,0.606700599193573,0.6363896727561951,0.009902699996018782,0,0,0.3509938492244087,0.30988769291953394,0.30924525762907423,0.6148876399047555,0.31533832479255297,0.309887692919534,0.3250926311448171,0.34864531981739694,0.7933031929923707,4460,1,merged unique formal+refinement candidates,label-assisted family-level benchmark HPO
RNA_PROTEIN,tonsil_s3,CMBF_c03ad4f666014c6e,"{""anchor_strength"":0.6,""boundary_enabled"":true,""conflict_enabled"":true,""conflict_pass"":0.25,""directional_enabled"":true,""directional_mix"":0.25,""min_cluster_fraction_of_equal"":0.01,""move_boundary_floor"":0.22,""pairwise_strength"":0.04,""self_return_strength"":0.2,""sweeps"":1,""trust_gate_enabled"":true,""trust_threshold"":0.26,""unary_view1_weight"":0.65}",PASS,,e8e5aee84c0de1fc27f4c39407128bad027fc7786c0cc50a977ef78a3c048b1a,0003aaac74f65273cf1b21b9f52070eb6f8ad11328b2b0f96d815c3e9ce83f43,1,294,"[2471,572,1184,294]",0.2809721827507019,0.2809722125530243,0.4380555748939514,0.39048612117767334,0.606700599193573,0.6363896727561951,0.009414500003913417,0,0,0.3509938492244087,0.30988769291953394,0.30924525762907423,0.6148876399047555,0.31533832479255297,0.309887692919534,0.3250926311448171,0.34864531981739694,0.7933031929923707,4460,1,merged unique formal+refinement candidates,label-assisted family-level benchmark HPO
RNA_PROTEIN,tonsil_s3,CMBF_f334154955358030,"{""anchor_strength"":0.6,""boundary_enabled"":true,""conflict_enabled"":true,""conflict_pass"":0.25,""directional_enabled"":true,""directional_mix"":0.25,""min_cluster_fraction_of_equal"":0.01,""move_boundary_floor"":0.22,""pairwise_strength"":0.04,""self_return_strength"":0.4,""sweeps"":1,""trust_gate_enabled"":true,""trust_threshold"":0.26,""unary_view1_weight"":0.65}",PASS,,0003aaac74f65273cf1b21b9f52070eb6f8ad11328b2b0f96d815c3e9ce83f43,0003aaac74f65273cf1b21b9f52070eb6f8ad11328b2b0f96d815c3e9ce83f43,0,294,"[2470,573,1184,294]",0.2809721827507019,0.2809722125530243,0.4380555748939514,0.39048612117767334,0.606700599193573,0.6363896727561951,0.008769799984293059,0,0,0.350644182009914,0.3097714630576775,0.30912902465600894,0.6146168233278212,0.3152708757168304,0.30977146305767744,0.32517089619736017,0.3484934881972105,0.7930912687199774,4460,1,merged unique formal+refinement candidates,label-assisted family-level benchmark HPO
RNA_PROTEIN,tonsil_s3,CMBF_62b1b2056cf47b9a,"{""anchor_strength"":0.4,""boundary_enabled"":true,""conflict_enabled"":true,""conflict_pass"":0.25,""directional_enabled"":true,""directional_mix"":0.25,""min_cluster_fraction_of_equal"":0.01,""move_boundary_floor"":0.24,""pairwise_strength"":0.04,""self_return_strength"":0.2,""sweeps"":1,""trust_gate_enabled"":true,""trust_threshold"":0.26,""unary_view1_weight"":0.65}",PASS,,ce4f0a38251311fb40664663bc0b1b5576eac6c75b92ab92eb872be5069a60fd,0003aaac74f65273cf1b21b9f52070eb6f8ad11328b2b0f96d815c3e9ce83f43,3,294,"[2471,574,1182,294]",0.2809721827507019,0.2809722125530243,0.4380555748939514,0.39048612117767334,0.606700599193573,0.6363896727561951,0.008757200004765764,0,0,0.35128336225091983,0.31024922882536426,0.309607242029315,0.615016726276322,0.3157600416355239,0.31024922882536426,0.32538063077922214,0.3480947044111666,0.7935857586888951,4460,1,merged unique formal+refinement candidates,label-assisted family-level benchmark HPO
RNA_PROTEIN,tonsil_s3,CMBF_1794a2b2820c0924,"{""anchor_strength"":0.4,""boundary_enabled"":true,""conflict_enabled"":true,""conflict_pass"":0.25,""directional_enabled"":true,""directional_mix"":0.25,""min_cluster_fraction_of_equal"":0.01,""move_boundary_floor"":0.24,""pairwise_strength"":0.04,""self_return_strength"":0.4,""sweeps"":1,""trust_gate_enabled"":true,""trust_threshold"":0.26,""unary_view1_weight"":0.65}",PASS,,e8e5aee84c0de1fc27f4c39407128bad027fc7786c0cc50a977ef78a3c048b1a,0003aaac74f65273cf1b21b9f52070eb6f8ad11328b2b0f96d815c3e9ce83f43,1,294,"[2471,572,1184,294]",0.2809721827507019,0.2809722125530243,0.4380555748939514,0.39048612117767334,0.606700599193573,0.6363896727561951,0.010013300023274496,0,0,0.3509938492244087,0.30988769291953394,0.30924525762907423,0.6148876399047555,0.31533832479255297,0.309887692919534,0.3250926311448171,0.34864531981739694,0.7933031929923707,4460,1,merged unique formal+refinement candidates,label-assisted family-level benchmark HPO
RNA_PROTEIN,tonsil_s3,CMBF_b56a8df67e814ccc,"{""anchor_strength"":0.6,""boundary_enabled"":true,""conflict_enabled"":true,""conflict_pass"":0.25,""directional_enabled"":true,""directional_mix"":0.25,""min_cluster_fraction_of_equal"":0.01,""move_boundary_floor"":0.24,""pairwise_strength"":0.04,""self_return_strength"":0.2,""sweeps"":1,""trust_gate_enabled"":true,""trust_threshold"":0.26,""unary_view1_weight"":0.65}",PASS,,e8e5aee84c0de1fc27f4c39407128bad027fc7786c0cc50a977ef78a3c048b1a,0003aaac74f65273cf1b21b9f52070eb6f8ad11328b2b0f96d815c3e9ce83f43,1,294,"[2471,572,1184,294]",0.2809721827507019,0.2809722125530243,0.4380555748939514,0.39048612117767334,0.606700599193573,0.6363896727561951,0.009357700007967651,0,0,0.3509938492244087,0.30988769291953394,0.30924525762907423,0.6148876399047555,0.31533832479255297,0.309887692919534,0.3250926311448171,0.34864531981739694,0.7933031929923707,4460,1,merged unique formal+refinement candidates,label-assisted family-level benchmark HPO
RNA_PROTEIN,tonsil_s3,CMBF_bb2c1861243a3bd5,"{""anchor_strength"":0.6,""boundary_enabled"":true,""conflict_enabled"":true,""conflict_pass"":0.25,""directional_enabled"":true,""directional_mix"":0.25,""min_cluster_fraction_of_equal"":0.01,""move_boundary_floor"":0.24,""pairwise_strength"":0.04,""self_return_strength"":0.4,""sweeps"":1,""trust_gate_enabled"":true,""trust_threshold"":0.26,""unary_view1_weight"":0.65}",PASS,,0003aaac74f65273cf1b21b9f52070eb6f8ad11328b2b0f96d815c3e9ce83f43,0003aaac74f65273cf1b21b9f52070eb6f8ad11328b2b0f96d815c3e9ce83f43,0,294,"[2470,573,1184,294]",0.2809721827507019,0.2809722125530243,0.4380555748939514,0.39048612117767334,0.606700599193573,0.6363896727561951,0.00929269997868687,0,0,0.350644182009914,0.3097714630576775,0.30912902465600894,0.6146168233278212,0.3152708757168304,0.30977146305767744,0.32517089619736017,0.3484934881972105,0.7930912687199774,4460,1,merged unique formal+refinement candidates,label-assisted family-level benchmark HPO
RNA_PROTEIN,tonsil_s3,CMBF_f2db6f039e1bd3b7,"{""anchor_strength"":0.4,""boundary_enabled"":true,""conflict_enabled"":true,""conflict_pass"":0.25,""directional_enabled"":true,""directional_mix"":0.25,""min_cluster_fraction_of_equal"":0.01,""move_boundary_floor"":0.26,""pairwise_strength"":0.04,""self_return_strength"":0.2,""sweeps"":1,""trust_gate_enabled"":true,""trust_threshold"":0.26,""unary_view1_weight"":0.65}",PASS,,ce4f0a38251311fb40664663bc0b1b5576eac6c75b92ab92eb872be5069a60fd,0003aaac74f65273cf1b21b9f52070eb6f8ad11328b2b0f96d815c3e9ce83f43,3,294,"[2471,574,1182,294]",0.2809721827507019,0.2809722125530243,0.4380555748939514,0.39048612117767334,0.606700599193573,0.6363896727561951,0.009151200007181615,0,0,0.35128336225091983,0.31024922882536426,0.309607242029315,0.615016726276322,0.3157600416355239,0.31024922882536426,0.32538063077922214,0.3480947044111666,0.7935857586888951,4460,1,merged unique formal+refinement candidates,label-assisted family-level benchmark HPO
RNA_PROTEIN,tonsil_s3,CMBF_212fa9bb9b058797,"{""anchor_strength"":0.4,""boundary_enabled"":true,""conflict_enabled"":true,""conflict_pass"":0.25,""directional_enabled"":true,""directional_mix"":0.25,""min_cluster_fraction_of_equal"":0.01,""move_boundary_floor"":0.26,""pairwise_strength"":0.04,""self_return_strength"":0.4,""sweeps"":1,""trust_gate_enabled"":true,""trust_threshold"":0.26,""unary_view1_weight"":0.65}",PASS,,e8e5aee84c0de1fc27f4c39407128bad027fc7786c0cc50a977ef78a3c048b1a,0003aaac74f65273cf1b21b9f52070eb6f8ad11328b2b0f96d815c3e9ce83f43,1,294,"[2471,572,1184,294]",0.2809721827507019,0.2809722125530243,0.4380555748939514,0.39048612117767334,0.606700599193573,0.6363896727561951,0.008746300009079278,0,0,0.3509938492244087,0.30988769291953394,0.30924525762907423,0.6148876399047555,0.31533832479255297,0.309887692919534,0.3250926311448171,0.34864531981739694,0.7933031929923707,4460,1,merged unique formal+refinement candidates,label-assisted family-level benchmark HPO
RNA_PROTEIN,tonsil_s3,CMBF_ea202021a91bd615,"{""anchor_strength"":0.6,""boundary_enabled"":true,""conflict_enabled"":true,""conflict_pass"":0.25,""directional_enabled"":true,""directional_mix"":0.25,""min_cluster_fraction_of_equal"":0.01,""move_boundary_floor"":0.26,""pairwise_strength"":0.04,""self_return_strength"":0.2,""sweeps"":1,""trust_gate_enabled"":true,""trust_threshold"":0.26,""unary_view1_weight"":0.65}",PASS,,e8e5aee84c0de1fc27f4c39407128bad027fc7786c0cc50a977ef78a3c048b1a,0003aaac74f65273cf1b21b9f52070eb6f8ad11328b2b0f96d815c3e9ce83f43,1,294,"[2471,572,1184,294]",0.2809721827507019,0.2809722125530243,0.4380555748939514,0.39048612117767334,0.606700599193573,0.6363896727561951,0.010225900012301281,0,0,0.3509938492244087,0.30988769291953394,0.30924525762907423,0.6148876399047555,0.31533832479255297,0.309887692919534,0.3250926311448171,0.34864531981739694,0.7933031929923707,4460,1,merged unique formal+refinement candidates,label-assisted family-level benchmark HPO
RNA_CHROMATIN,P22,CMBF_aee14a9246feae9c,"{""anchor_strength"":0.0,""boundary_enabled"":true,""conflict_enabled"":true,""conflict_pass"":0.0,""directional_enabled"":true,""directional_mix"":0.0,""min_cluster_fraction_of_equal"":0.01,""move_boundary_floor"":0.1,""pairwise_strength"":0.0,""self_return_strength"":0.0,""sweeps"":0,""trust_gate_enabled"":true,""trust_threshold"":0.55,""unary_view1_weight"":0.5}",PASS,,331a1acf7adb1e499510522f2e852081032b0d97beed69a6dfbca8865f0a8e26,331a1acf7adb1e499510522f2e852081032b0d97beed69a6dfbca8865f0a8e26,0,167,"[1154,623,1481,803,1015,1524,610,1819,167]",0.23632800579071045,0.23632800579071045,0.5273439884185791,0.23632800579071045,0.7632460594177246,0.6475537419319153,0.13101749998168088,0,0,0.5955516462857395,0.7179305602206435,0.7174432596967804,0.6554770871185194,0.7298653625776463,0.7179305602206435,0.47635808360377363,0.04343591366488481,0.9588310116960879,9196,1,merged unique formal+refinement candidates,label-assisted family-level benchmark HPO
RNA_CHROMATIN,P22,CMBF_829e747294553ae8,"{""anchor_strength"":0.2,""boundary_enabled"":true,""conflict_enabled"":true,""conflict_pass"":0.0,""directional_enabled"":true,""directional_mix"":0.0,""min_cluster_fraction_of_equal"":0.01,""move_boundary_floor"":0.1,""pairwise_strength"":0.03,""self_return_strength"":0.02,""sweeps"":1,""trust_gate_enabled"":true,""trust_threshold"":0.7,""unary_view1_weight"":0.5}",PASS,,39c31405d8c8fcede07227f7019850591af2b07575368d0587ead8b96ef4f2de,331a1acf7adb1e499510522f2e852081032b0d97beed69a6dfbca8865f0a8e26,103,141,"[1146,622,1493,794,1003,1520,617,1860,141]",0.23632800579071045,0.23632800579071045,0.5273439884185791,0.23632800579071045,0.7632460594177246,0.6475537419319153,0.05946959997527301,0,0,0.5901373681764112,0.7123218335681503,0.7118235149366399,0.6509749099606967,0.7227172914044201,0.7123218335681503,0.47350288264709,0.048807410501300365,0.9516954673781528,9196,1,merged unique formal+refinement candidates,label-assisted family-level benchmark HPO
RNA_CHROMATIN,P22,CMBF_d8bce54e951b68d1,"{""anchor_strength"":0.08,""boundary_enabled"":true,""conflict_enabled"":true,""conflict_pass"":0.0,""directional_enabled"":true,""directional_mix"":0.0,""min_cluster_fraction_of_equal"":0.01,""move_boundary_floor"":0.1,""pairwise_strength"":0.08,""self_return_strength"":0.08,""sweeps"":1,""trust_gate_enabled"":true,""trust_threshold"":0.55,""unary_view1_weight"":0.5}",PASS,,a9a8c8a3207547a5be6fcd0a89eda71cd3d00a291bb9da5ad7b050668cd956a4,331a1acf7adb1e499510522f2e852081032b0d97beed69a6dfbca8865f0a8e26,46,149,"[1152,622,1483,804,1019,1522,610,1835,149]",0.23632800579071045,0.23632800579071045,0.5273439884185791,0.23632800579071045,0.7632460594177246,0.6475537419319153,0.0423263999982737,0,0,0.5944785777349723,0.7158091471847674,0.7153174005688604,0.6546188181222364,0.7268739457008367,0.7158091471847673,0.4750545822393285,0.04615980864783305,0.9569385412465485,9196,1,merged unique formal+refinement candidates,label-assisted family-level benchmark HPO
RNA_CHROMATIN,P22,CMBF_3bb348efbe255f2e,"{""anchor_strength"":0.08,""boundary_enabled"":true,""conflict_enabled"":true,""conflict_pass"":0.0,""directional_enabled"":true,""directional_mix"":0.25,""min_cluster_fraction_of_equal"":0.01,""move_boundary_floor"":0.1,""pairwise_strength"":0.16,""self_return_strength"":0.2,""sweeps"":2,""trust_gate_enabled"":true,""trust_threshold"":0.55,""unary_view1_weight"":0.5}",PASS,,80e2ef1f8976f60d22609612f276265e84d6137367310351297666c3e9bb81b4,331a1acf7adb1e499510522f2e852081032b0d97beed69a6dfbca8865f0a8e26,24,150,"[1154,623,1481,806,1019,1524,611,1828,150]",0.23603671789169312,0.2360367327928543,0.5279265642166138,0.23603671789169312,0.76399827003479,0.6470184326171875,0.26803420000942424,0,0,0.594407415816252,0.7154389957181945,0.7149467186583406,0.6545416708658456,0.7266382324252381,0.7154389957181946,0.4760986478867056,0.04394856637406469,0.9583656501101355,9196,1,merged unique formal+refinement candidates,label-assisted family-level benchmark HPO
RNA_CHROMATIN,P22,CMBF_bd42a3d8f5f49c11,"{""anchor_strength"":0.02,""boundary_enabled"":true,""conflict_enabled"":true,""conflict_pass"":0.1,""directional_enabled"":true,""directional_mix"":0.5,""min_cluster_fraction_of_equal"":0.01,""move_boundary_floor"":0.1,""pairwise_strength"":0.32,""self_return_strength"":0.2,""sweeps"":2,""trust_gate_enabled"":true,""trust_threshold"":0.4,""unary_view1_weight"":0.5}",PASS,,091874b9c475e5f50b2031898f3cd3e4fe0a6092527f1322ca6a8bc36a4fabaa,331a1acf7adb1e499510522f2e852081032b0d97beed69a6dfbca8865f0a8e26,13,161,"[1154,623,1481,804,1018,1524,610,1821,161]",0.2359982579946518,0.2359982579946518,0.5280035138130188,0.28879860043525696,0.7116533517837524,0.6466425061225891,0.24553809998906218,0,0,0.5952226521809961,0.7169730146063865,0.7164838373645747,0.6552089468371317,0.7286601725261438,0.7169730146063864,0.47614132161482947,0.043910866592549475,0.958458722427326,9196,1,merged unique formal+refinement candidates,label-assisted family-level benchmark HPO
RNA_CHROMATIN,P22,CMBF_7000b3f8ef0b5b9c,"{""anchor_strength"":0.08,""boundary_enabled"":true,""conflict_enabled"":true,""conflict_pass"":0.25,""directional_enabled"":true,""directional_mix"":0.5,""min_cluster_fraction_of_equal"":0.01,""move_boundary_floor"":0.05,""pairwise_strength"":0.32,""self_return_strength"":0.02,""sweeps"":2,""trust_gate_enabled"":true,""trust_threshold"":0.7,""unary_view1_weight"":0.35}",PASS,,d8981369bb465cdd40c3258c422fb36d72162ce858feb7e5e13b2414a306180a,331a1acf7adb1e499510522f2e852081032b0d97beed69a6dfbca8865f0a8e26,119,139,"[1163,620,1490,785,1012,1516,616,1855,139]",0.2359982579946518,0.2359982579946518,0.5280035138130188,0.3679991364479065,0.6324426531791687,0.6466425061225891,0.3046228000021074,0,0,0.5868952453426554,0.7078409803049108,0.7073348137019434,0.6482016399991312,0.718093211192582,0.7078409803049109,0.47470953475443983,0.0465517937289283,0.9556355288058822,9196,1,merged unique formal+refinement candidates,label-assisted family-level benchmark HPO
RNA_CHROMATIN,P22,CMBF_508c221034beb345,"{""anchor_strength"":0.02,""boundary_enabled"":true,""conflict_enabled"":true,""conflict_pass"":0.25,""directional_enabled"":true,""directional_mix"":0.0,""min_cluster_fraction_of_equal"":0.01,""move_boundary_floor"":0.05,""pairwise_strength"":0.03,""self_return_strength"":0.08,""sweeps"":2,""trust_gate_enabled"":true,""trust_threshold"":0.4,""unary_view1_weight"":0.65}",PASS,,a0aa66d3a45d6380e843ab23fd71de9f191d8d7b5c2cd6a83e5096db9957cb24,331a1acf7adb1e499510522f2e852081032b0d97beed69a6dfbca8865f0a8e26,53,161,"[1160,623,1476,800,1020,1528,602,1826,161]",0.23632800579071045,0.23632800579071045,0.5273439884185791,0.3681640028953552,0.6313897967338562,0.6475537419319153,0.21222660000785254,0,0,0.5930205869575043,0.7151366006247869,0.7146441318412575,0.6533428052064335,0.7266275824209851,0.7151366006247869,0.47429649586225564,0.04770611705098428,0.9555734805944218,9196,1,merged unique formal+refinement candidates,label-assisted family-level benchmark HPO
RNA_CHROMATIN,P22,CMBF_4ad54dd1a03673b1,"{""anchor_strength"":0.2,""boundary_enabled"":true,""conflict_enabled"":true,""conflict_pass"":0.25,""directional_enabled"":true,""directional_mix"":0.25,""min_cluster_fraction_of_equal"":0.01,""move_boundary_floor"":0.05,""pairwise_strength"":0.16,""self_return_strength"":0.02,""sweeps"":2,""trust_gate_enabled"":true,""trust_threshold"":0.4,""unary_view1_weight"":0.65}",PASS,,97f76e5fc6338804c24cd4e40359005ef7254eb82bc09ca287182f476e65201a,331a1acf7adb1e499510522f2e852081032b0d97beed69a6dfbca8865f0a8e26,29,161,"[1155,623,1483,804,1017,1522,605,1826,161]",0.23603671789169312,0.2360367327928543,0.5279265642166138,0.36801835894584656,0.6319966316223145,0.6470184326171875,0.2818085000035353,0,0,0.595741623150066,0.7177535476348422,0.7172656438426357,0.6556660379781429,0.7293446723854158,0.7177535476348423,0.47528347114941605,0.04572173428300541,0.9576210715726119,9196,1,merged unique formal+refinement candidates,label-assisted family-level benchmark HPO
RNA_CHROMATIN,P22,CMBF_2ce21274a74e09fa,"{""anchor_strength"":0.02,""boundary_enabled"":true,""conflict_enabled"":true,""conflict_pass"":0.25,""directional_enabled"":true,""directional_mix"":0.25,""min_cluster_fraction_of_equal"":0.01,""move_boundary_floor"":0.22,""pairwise_strength"":0.32,""self_return_strength"":0.08,""sweeps"":2,""trust_gate_enabled"":true,""trust_threshold"":0.4,""unary_view1_weight"":0.65}",PASS,,3f256ef6d9b90355d9624959c407ea477284bdc01a7d583850d7e03d7189c9de,331a1acf7adb1e499510522f2e852081032b0d97beed69a6dfbca8865f0a8e26,17,161,"[1155,623,1481,802,1018,1521,611,1824,161]",0.23603671789169312,0.2360367327928543,0.5279265642166138,0.36801835894584656,0.6319966316223145,0.6470184326171875,0.06928659998811781,0,0,0.5954273842147808,0.7171975363894673,0.7167087389761385,0.6553864088484376,0.7288760854494047,0.7171975363894673,0.47575904833755067,0.044791051722901876,0.9582105295814848,9196,1,merged unique formal+refinement candidates,label-assisted family-level benchmark HPO
RNA_CHROMATIN,P22,CMBF_b23bccaed0bfdca6,"{""anchor_strength"":0.02,""boundary_enabled"":true,""conflict_enabled"":true,""conflict_pass"":0.1,""directional_enabled"":true,""directional_mix"":0.5,""min_cluster_fraction_of_equal"":0.01,""move_boundary_floor"":0.05,""pairwise_strength"":0.03,""self_return_strength"":0.08,""sweeps"":1,""trust_gate_enabled"":true,""trust_threshold"":0.55,""unary_view1_weight"":0.35}",PASS,,6489e1df380066ba2d3c48fd130b8f43fc299460d2cf53eeeaccba42a658e8b8,331a1acf7adb1e499510522f2e852081032b0d97beed69a6dfbca8865f0a8e26,104,148,"[1156,622,1485,786,1007,1524,610,1858,148]",0.2359982579946518,0.2359982579946518,0.5280035138130188,0.28879860043525696,0.7116533517837524,0.6466425061225891,0.047643300000345334,0,0,0.5869217618492899,0.7096396232886379,0.7091368818710843,0.648216386983496,0.7201804690980261,0.7096396232886379,0.4738837469157502,0.04821854584392947,0.9522228771755654,9196,1,merged unique formal+refinement candidates,label-assisted family-level benchmark HPO
RNA_CHROMATIN,P22,CMBF_9afb19e777ac6d08,"{""anchor_strength"":0.2,""boundary_enabled"":true,""conflict_enabled"":true,""conflict_pass"":0.25,""directional_enabled"":true,""directional_mix"":0.0,""min_cluster_fraction_of_equal"":0.01,""move_boundary_floor"":0.22,""pairwise_strength"":0.08,""self_return_strength"":0.08,""sweeps"":1,""trust_gate_enabled"":true,""trust_threshold"":0.55,""unary_view1_weight"":0.35}",PASS,,5c808365ee968ae644bbb40dade0c03d49b1d859a9cbeb5c507306b7351e574a,331a1acf7adb1e499510522f2e852081032b0d97beed69a6dfbca8865f0a8e26,25,153,"[1151,623,1481,803,1020,1524,612,1829,153]",0.23632800579071045,0.23632800579071045,0.5273439884185791,0.3681640028953552,0.6313897967338562,0.6475537419319153,0.04120509998756461,0,0,0.5954185842625241,0.7163818769773039,0.7158913389431432,0.6554027692011033,0.7276992791358108,0.7163818769773039,0.47549381485101566,0.0452379167133903,0.9577761921012626,9196,1,merged unique formal+refinement candidates,label-assisted family-level benchmark HPO
RNA_CHROMATIN,P22,CMBF_4dd6bea78d813ccc,"{""anchor_strength"":0.02,""boundary_enabled"":true,""conflict_enabled"":true,""conflict_pass"":0.0,""directional_enabled"":true,""directional_mix"":0.5,""min_cluster_fraction_of_equal"":0.01,""move_boundary_floor"":0.05,""pairwise_strength"":0.32,""self_return_strength"":0.08,""sweeps"":2,""trust_gate_enabled"":true,""trust_threshold"":0.7,""unary_view1_weight"":0.35}",PASS,,f200ea627ced9ebbad4c6716efede3a3bc51d982869c9d6c5bf0e278d8c4396f,331a1acf7adb1e499510522f2e852081032b0d97beed69a6dfbca8865f0a8e26,100,139,"[1158,619,1490,796,1008,1521,620,1845,139]",0.2359982579946518,0.2359982579946518,0.5280035138130188,0.2359982579946518,0.764460563659668,0.6466425061225891,0.31756870000390336,0,0,0.5895997880215985,0.7102294878275215,0.7097275829447923,0.6504898899182934,0.7206879485805764,0.7102294878275216,0.4750786388178472,0.045739436056830715,0.9561008903918344,9196,1,merged unique formal+refinement candidates,label-assisted family-level benchmark HPO
RNA_CHROMATIN,P22,CMBF_eefe4260f00a3887,"{""anchor_strength"":0.02,""boundary_enabled"":true,""conflict_enabled"":true,""conflict_pass"":0.25,""directional_enabled"":true,""directional_mix"":0.25,""min_cluster_fraction_of_equal"":0.01,""move_boundary_floor"":0.22,""pairwise_strength"":0.16,""self_return_strength"":0.08,""sweeps"":2,""trust_gate_enabled"":true,""trust_threshold"":0.4,""unary_view1_weight"":0.35}",PASS,,340259f49365b81d8eb270ff5e72b252b80bb30345e513c6bc0c1f619fbae7b5,331a1acf7adb1e499510522f2e852081032b0d97beed69a6dfbca8865f0a8e26,18,161,"[1154,623,1481,802,1018,1521,611,1825,161]",0.23603671789169312,0.2360367327928543,0.5279265642166138,0.36801835894584656,0.6319966316223145,0.6470184326171875,0.06833629999891855,0,0,0.595696587044257,0.7174986651598955,0.7170103821316828,0.6556182389705056,0.7291731813580439,0.7174986651598955,0.4756326907437794,0.04505614559516541,0.9581484813700245,9196,1,merged unique formal+refinement candidates,label-assisted family-level benchmark HPO
RNA_CHROMATIN,P22,CMBF_92e84d882864a745,"{""anchor_strength"":0.08,""boundary_enabled"":true,""conflict_enabled"":true,""conflict_pass"":0.25,""directional_enabled"":true,""directional_mix"":0.0,""min_cluster_fraction_of_equal"":0.01,""move_boundary_floor"":0.05,""pairwise_strength"":0.32,""self_return_strength"":0.02,""sweeps"":1,""trust_gate_enabled"":true,""trust_threshold"":0.4,""unary_view1_weight"":0.65}",PASS,,f68cf6553776af72f33a1f3c50a4e9c3cf62a2cbc95f2883bc5f272198192621,331a1acf7adb1e499510522f2e852081032b0d97beed69a6dfbca8865f0a8e26,33,160,"[1157,623,1483,802,1020,1522,605,1824,160]",0.23632800579071045,0.23632800579071045,0.5273439884185791,0.3681640028953552,0.6313897967338562,0.6475537419319153,0.03634689998580143,0,0,0.5947201573419975,0.7167549607692687,0.7162653006631635,0.6547916762833724,0.7283024540692904,0.7167549607692688,0.47531557957596626,0.04561215419933566,0.9576210715726119,9196,1,merged unique formal+refinement candidates,label-assisted family-level benchmark HPO
RNA_CHROMATIN,P22,CMBF_503b0a3a965145de,"{""anchor_strength"":0.2,""boundary_enabled"":true,""conflict_enabled"":true,""conflict_pass"":0.0,""directional_enabled"":true,""directional_mix"":0.25,""min_cluster_fraction_of_equal"":0.01,""move_boundary_floor"":0.22,""pairwise_strength"":0.08,""self_return_strength"":0.2,""sweeps"":2,""trust_gate_enabled"":true,""trust_threshold"":0.55,""unary_view1_weight"":0.65}",PASS,,36e658daf9d522750bcdf91249a44096b5582db05ea44e4817e8e6bb0125d9ff,331a1acf7adb1e499510522f2e852081032b0d97beed69a6dfbca8865f0a8e26,17,154,"[1153,624,1481,804,1018,1524,611,1827,154]",0.23603671789169312,0.2360367327928543,0.5279265642166138,0.23603671789169312,0.76399827003479,0.6470184326171875,0.07081909998669289,0,0,0.5949417519251264,0.7160473422756277,0.7155562783557714,0.6549895127594305,0.7274185941407956,0.7160473422756276,0.47590313846759413,0.04439769125285121,0.9582725777929452,9196,1,merged unique formal+refinement candidates,label-assisted family-level benchmark HPO
RNA_CHROMATIN,P22,CMBF_f42c9da8286a25cd,"{""anchor_strength"":0.2,""boundary_enabled"":true,""conflict_enabled"":true,""conflict_pass"":0.0,""directional_enabled"":true,""directional_mix"":0.0,""min_cluster_fraction_of_equal"":0.01,""move_boundary_floor"":0.12,""pairwise_strength"":0.03,""self_return_strength"":0.08,""sweeps"":2,""trust_gate_enabled"":true,""trust_threshold"":0.7,""unary_view1_weight"":0.65}",PASS,,f0bcaedec85e0bd934179f0f0aaf78811852cb23889ff532b4e3098a05c92f1f,331a1acf7adb1e499510522f2e852081032b0d97beed69a6dfbca8865f0a8e26,52,145,"[1150,623,1482,803,1014,1524,615,1840,145]",0.23632800579071045,0.23632800579071045,0.5273439884185791,0.23632800579071045,0.7632460594177246,0.6475537419319153,0.10906029999023303,0,0,0.5936458531400981,0.7146118824853271,0.714117904857064,0.6539189367439406,0.7255008415586027,0.7146118824853269,0.4747678038200056,0.04653707872804465,0.9562249868147551,9196,1,merged unique formal+refinement candidates,label-assisted family-level benchmark HPO
RNA_CHROMATIN,P22,CMBF_6c7331cd25ceba09,"{""anchor_strength"":0.02,""boundary_enabled"":true,""conflict_enabled"":true,""conflict_pass"":0.25,""directional_enabled"":true,""directional_mix"":0.25,""min_cluster_fraction_of_equal"":0.01,""move_boundary_floor"":0.05,""pairwise_strength"":0.08,""self_return_strength"":0.2,""sweeps"":1,""trust_gate_enabled"":true,""trust_threshold"":0.55,""unary_view1_weight"":0.5}",PASS,,fd757c68fa68f967d6c29547e713750de17862e9e0deffa03ad76eebe99a5eb4,331a1acf7adb1e499510522f2e852081032b0d97beed69a6dfbca8865f0a8e26,40,148,"[1152,623,1484,803,1023,1524,608,1831,148]",0.23603671789169312,0.2360367327928543,0.5279265642166138,0.36801835894584656,0.6319966316223145,0.6470184326171875,0.0438556999724824,0,0,0.5953254266140431,0.7168996852077463,0.7164097919506971,0.6553428120347667,0.727951316057416,0.7168996852077462,0.4753676696841904,0.04537414284346708,0.9573108305153104,9196,1,merged unique formal+refinement candidates,label-assisted family-level benchmark HPO
RNA_CHROMATIN,P22,CMBF_5fb57a26473d7456,"{""anchor_strength"":0.2,""boundary_enabled"":true,""conflict_enabled"":true,""conflict_pass"":0.25,""directional_enabled"":true,""directional_mix"":0.25,""min_cluster_fraction_of_equal"":0.01,""move_boundary_floor"":0.12,""pairwise_strength"":0.08,""self_return_strength"":0.2,""sweeps"":1,""trust_gate_enabled"":true,""trust_threshold"":0.55,""unary_view1_weight"":0.5}",PASS,,f443c847e82cf984b802b3c1bc476b93e918d38b7b8cc8d368798c2c8c52d259,331a1acf7adb1e499510522f2e852081032b0d97beed69a6dfbca8865f0a8e26,24,151,"[1152,623,1481,805,1019,1524,612,1829,151]",0.23603671789169312,0.2360367327928543,0.5279265642166138,0.36801835894584656,0.6319966316223145,0.6470184326171875,0.041233600000850856,0,0,0.5951735497476494,0.7163091125195032,0.7158183781343914,0.6551961619104527,0.7275580461485424,0.7163091125195034,0.47572963914467126,0.04471118560373607,0.9581795054757547,9196,1,merged unique formal+refinement candidates,label-assisted family-level benchmark HPO
RNA_CHROMATIN,P22,CMBF_d5b6b03ee1610378,"{""anchor_strength"":0.02,""boundary_enabled"":true,""conflict_enabled"":true,""conflict_pass"":0.25,""directional_enabled"":true,""directional_mix"":0.5,""min_cluster_fraction_of_equal"":0.01,""move_boundary_floor"":0.05,""pairwise_strength"":0.16,""self_return_strength"":0.08,""sweeps"":1,""trust_gate_enabled"":true,""trust_threshold"":0.55,""unary_view1_weight"":0.5}",PASS,,2ea602da7f3c9aaea8d92f87fb11e59376372329c95a1a86261f4e72b968ad8e,331a1acf7adb1e499510522f2e852081032b0d97beed69a6dfbca8865f0a8e26,61,148,"[1158,622,1485,800,1022,1521,607,1833,148]",0.2359982579946518,0.2359982579946518,0.5280035138130188,0.3679991364479065,0.6324426531791687,0.6466425061225891,0.044934700010344386,0,0,0.5929802412214391,0.7140563487102936,0.7135614961612862,0.6533425989721755,0.7250092788625225,0.7140563487102936,0.4750272698744138,0.04617301674624057,0.9567523966121676,9196,1,merged unique formal+refinement candidates,label-assisted family-level benchmark HPO
RNA_CHROMATIN,P22,CMBF_7ad6f62d358cbe63,"{""anchor_strength"":0.2,""boundary_enabled"":true,""conflict_enabled"":true,""conflict_pass"":0.0,""directional_enabled"":true,""directional_mix"":0.5,""min_cluster_fraction_of_equal"":0.01,""move_boundary_floor"":0.05,""pairwise_strength"":0.16,""self_return_strength"":0.08,""sweeps"":2,""trust_gate_enabled"":true,""trust_threshold"":0.7,""unary_view1_weight"":0.65}",PASS,,a13b0f8005502ca19f9938d6089fd727778f2b63b8c0909b6ba96851894dc684,331a1acf7adb1e499510522f2e852081032b0d97beed69a6dfbca8865f0a8e26,52,142,"[1150,623,1485,805,1019,1524,608,1840,142]",0.2359982579946518,0.2359982579946518,0.5280035138130188,0.2359982579946518,0.764460563659668,0.6466425061225891,0.11883189997752197,0,0,0.5945586593412511,0.7156467641819426,0.7151543999878269,0.6547142509080699,0.7263548572461499,0.7156467641819427,0.47501099626981563,0.04597160612802491,0.9568454689293581,9196,1,merged unique formal+refinement candidates,label-assisted family-level benchmark HPO
RNA_CHROMATIN,P22,CMBF_f756fa0a1253641c,"{""anchor_strength"":0.02,""boundary_enabled"":true,""conflict_enabled"":true,""conflict_pass"":0.0,""directional_enabled"":true,""directional_mix"":0.25,""min_cluster_fraction_of_equal"":0.01,""move_boundary_floor"":0.05,""pairwise_strength"":0.16,""self_return_strength"":0.08,""sweeps"":2,""trust_gate_enabled"":true,""trust_threshold"":0.7,""unary_view1_weight"":0.65}",PASS,,e4e3ddfabf5a2f019f8783489d6333198083b17d3a43acc6e4c092d33e82db89,331a1acf7adb1e499510522f2e852081032b0d97beed69a6dfbca8865f0a8e26,159,139,"[1159,621,1492,786,984,1518,608,1889,139]",0.23603671789169312,0.2360367327928543,0.5279265642166138,0.23603671789169312,0.76399827003479,0.6470184326171875,0.12127870001131669,0,0,0.5800803090666277,0.7035917601354015,0.7030778695996823,0.6424631067866191,0.7132918688127803,0.7035917601354016,0.4737159012598126,0.04831414306008972,0.9525951664443273,9196,1,merged unique formal+refinement candidates,label-assisted family-level benchmark HPO
RNA_CHROMATIN,P22,CMBF_d66f45277f66d31e,"{""anchor_strength"":0.08,""boundary_enabled"":true,""conflict_enabled"":true,""conflict_pass"":0.1,""directional_enabled"":true,""directional_mix"":0.0,""min_cluster_fraction_of_equal"":0.01,""move_boundary_floor"":0.12,""pairwise_strength"":0.08,""self_return_strength"":0.2,""sweeps"":1,""trust_gate_enabled"":true,""trust_threshold"":0.55,""unary_view1_weight"":0.65}",PASS,,59de19831e8deb0010965367a14c3c6f9e6a9e818c6c19e59dedbb7b8895eb50,331a1acf7adb1e499510522f2e852081032b0d97beed69a6dfbca8865f0a8e26,28,150,"[1152,624,1482,806,1019,1524,609,1830,150]",0.23632800579071045,0.23632800579071045,0.5273439884185791,0.28906241059303284,0.7105035781860352,0.6475537419319153,0.17165880001266487,0,0,0.5948901145314387,0.7160116719597147,0.7155203607179066,0.6549595811115271,0.7271841728806964,0.7160116719597145,0.47559386390367064,0.044983179910737935,0.958055409052834,9196,1,merged unique formal+refinement candidates,label-assisted family-level benchmark HPO
RNA_CHROMATIN,P22,CMBF_5d15ee6783ed020a,"{""anchor_strength"":0.2,""boundary_enabled"":true,""conflict_enabled"":true,""conflict_pass"":0.0,""directional_enabled"":true,""directional_mix"":0.5,""min_cluster_fraction_of_equal"":0.01,""move_boundary_floor"":0.05,""pairwise_strength"":0.03,""self_return_strength"":0.2,""sweeps"":2,""trust_gate_enabled"":true,""trust_threshold"":0.55,""unary_view1_weight"":0.65}",PASS,,1880249aca8dc426a3f61a450d1e73fffa5a7af376e3f51cdbddd2a5541e90bf,331a1acf7adb1e499510522f2e852081032b0d97beed69a6dfbca8865f0a8e26,27,151,"[1153,624,1482,806,1019,1524,608,1829,151]",0.2359982579946518,0.2359982579946518,0.5280035138130188,0.2359982579946518,0.764460563659668,0.6466425061225891,0.08315970000694506,0,0,0.5947901985588825,0.7159338313311151,0.7154424224748375,0.6548716199787816,0.7271413420218625,0.7159338313311152,0.47570379939754914,0.04475483919055901,0.9580243849471038,9196,1,merged unique formal+refinement candidates,label-assisted family-level benchmark HPO
RNA_CHROMATIN,P22,CMBF_48610f9ad4bc6af2,"{""anchor_strength"":0.2,""boundary_enabled"":true,""conflict_enabled"":true,""conflict_pass"":0.1,""directional_enabled"":true,""directional_mix"":0.25,""min_cluster_fraction_of_equal"":0.01,""move_boundary_floor"":0.22,""pairwise_strength"":0.32,""self_return_strength"":0.08,""sweeps"":2,""trust_gate_enabled"":true,""trust_threshold"":0.55,""unary_view1_weight"":0.65}",PASS,,2d5b53a88e385f8dfe22feb1e90ded7a325174e090053455dca993332587a194,331a1acf7adb1e499510522f2e852081032b0d97beed69a6dfbca8865f0a8e26,19,153,"[1153,624,1482,804,1018,1523,611,1828,153]",0.23603671789169312,0.2360367327928543,0.5279265642166138,0.28882938623428345,0.7111976146697998,0.6470184326171875,0.2527383999840822,0,0,0.5944188100652956,0.7154029803817359,0.7149107571688075,0.6545454827229487,0.7267163164344407,0.7154029803817358,0.47603034225848423,0.04413782975272604,0.9583656501101355,9196,1,merged unique formal+refinement candidates,label-assisted family-level benchmark HPO
RNA_CHROMATIN,P22,CMBF_44739cedebc46e5d,"{""anchor_strength"":0.08,""boundary_enabled"":true,""conflict_enabled"":true,""conflict_pass"":0.25,""directional_enabled"":true,""directional_mix"":0.0,""min_cluster_fraction_of_equal"":0.01,""move_boundary_floor"":0.05,""pairwise_strength"":0.32,""self_return_strength"":0.08,""sweeps"":2,""trust_gate_enabled"":true,""trust_threshold"":0.4,""unary_view1_weight"":0.35}",PASS,,be47303cac585d9582383d3e8223dc3e043df73d4777fe1915a9d667ab92233e,331a1acf7adb1e499510522f2e852081032b0d97beed69a6dfbca8865f0a8e26,25,160,"[1153,622,1484,803,1019,1524,607,1824,160]",0.23632800579071045,0.23632800579071045,0.5273439884185791,0.3681640028953552,0.6313897967338562,0.6475537419319153,0.06468499999027699,0,0,0.5950614697456739,0.7170022582443183,0.7165130274899174,0.6550843990890268,0.7285558374398137,0.7170022582443183,0.4754531648770768,0.04523994953253604,0.9579002885241833,9196,1,merged unique formal+refinement candidates,label-assisted family-level benchmark HPO
RNA_CHROMATIN,P22,CMBF_e74f89f6154ed3d1,"{""anchor_strength"":0.02,""boundary_enabled"":true,""conflict_enabled"":true,""conflict_pass"":0.0,""directional_enabled"":true,""directional_mix"":0.5,""min_cluster_fraction_of_equal"":0.01,""move_boundary_floor"":0.22,""pairwise_strength"":0.16,""self_return_strength"":0.08,""sweeps"":1,""trust_gate_enabled"":true,""trust_threshold"":0.7,""unary_view1_weight"":0.5}",PASS,,049252e8d0cd69c359f8761cc6df2c53a3cd9043c99033f490ca1cb7028b2b17,331a1acf7adb1e499510522f2e852081032b0d97beed69a6dfbca8865f0a8e26,35,149,"[1154,623,1485,802,1020,1517,612,1834,149]",0.2359982579946518,0.2359982579946518,0.5280035138130188,0.2359982579946518,0.764460563659668,0.6466425061225891,0.04813929999363609,0,0,0.5958619643669786,0.7166135924024527,0.7161232736120363,0.6557961683013315,0.7277420341979035,0.7166135924024527,0.4755030746234668,0.04530698132098975,0.9576831197840723,9196,1,merged unique formal+refinement candidates,label-assisted family-level benchmark HPO
RNA_CHROMATIN,P22,CMBF_22e5cfb195d932d4,"{""anchor_strength"":0.02,""boundary_enabled"":true,""conflict_enabled"":true,""conflict_pass"":0.0,""directional_enabled"":true,""directional_mix"":0.0,""min_cluster_fraction_of_equal"":0.01,""move_boundary_floor"":0.22,""pairwise_strength"":0.16,""self_return_strength"":0.2,""sweeps"":2,""trust_gate_enabled"":true,""trust_threshold"":0.4,""unary_view1_weight"":0.65}",PASS,,d4656806caf755b7431b6c9c691616d262803a13256265bc7475a68d0671d8df,331a1acf7adb1e499510522f2e852081032b0d97beed69a6dfbca8865f0a8e26,12,161,"[1153,624,1481,803,1018,1524,610,1822,161]",0.23632800579071045,0.23632800579071045,0.5273439884185791,0.23632800579071045,0.7632460594177246,0.6475537419319153,0.06531440000981092,0,0,0.5957127286197976,0.7176586279210724,0.7171706331631933,0.6556294653388616,0.729352992431646,0.7176586279210724,0.47593281621643146,0.044340557953878056,0.9583966742158657,9196,1,merged unique formal+refinement candidates,label-assisted family-level benchmark HPO
RNA_CHROMATIN,P22,CMBF_d4975dd3d74ecdbc,"{""anchor_strength"":0.08,""boundary_enabled"":true,""conflict_enabled"":true,""conflict_pass"":0.25,""directional_enabled"":true,""directional_mix"":0.0,""min_cluster_fraction_of_equal"":0.01,""move_boundary_floor"":0.05,""pairwise_strength"":0.08,""self_return_strength"":0.02,""sweeps"":1,""trust_gate_enabled"":true,""trust_threshold"":0.55,""unary_view1_weight"":0.5}",PASS,,d9bc5a802704f12b2dfcfd17440012b6b5080a2c3c2bed7c27e1b99787b1faa5,331a1acf7adb1e499510522f2e852081032b0d97beed69a6dfbca8865f0a8e26,109,148,"[1160,622,1479,786,1023,1529,603,1846,148]",0.23632800579071045,0.23632800579071045,0.5273439884185791,0.3681640028953552,0.6313897967338562,0.6475537419319153,0.04358689999207854,0,0,0.5861265931741906,0.7081102063432395,0.7076048605732648,0.6475196243679574,0.7186922276012746,0.7081102063432396,0.47368042670380023,0.048787394337205824,0.952967455713089,9196,1,merged unique formal+refinement candidates,label-assisted family-level benchmark HPO
RNA_CHROMATIN,P22,CMBF_97bfeefd0d099e7a,"{""anchor_strength"":0.08,""boundary_enabled"":true,""conflict_enabled"":true,""conflict_pass"":0.0,""directional_enabled"":true,""directional_mix"":0.0,""min_cluster_fraction_of_equal"":0.01,""move_boundary_floor"":0.12,""pairwise_strength"":0.16,""self_return_strength"":0.08,""sweeps"":1,""trust_gate_enabled"":true,""trust_threshold"":0.4,""unary_view1_weight"":0.5}",PASS,,e79a7d00bae28611ffc40f9b92c4511adca195c5c6629d271363f64298c022b8,331a1acf7adb1e499510522f2e852081032b0d97beed69a6dfbca8865f0a8e26,22,161,"[1153,623,1482,803,1018,1524,609,1823,161]",0.23632800579071045,0.23632800579071045,0.5273439884185791,0.23632800579071045,0.7632460594177246,0.6475537419319153,0.03370620001805946,0,0,0.5950659258302725,0.716867227132883,0.7163778377742993,0.6550801623556467,0.7285104410031382,0.7168672271328831,0.47542786884890903,0.04533682067130473,0.9579002885241833,9196,1,merged unique formal+refinement candidates,label-assisted family-level benchmark HPO
RNA_CHROMATIN,P22,CMBF_2fce1fbbd4bc10b2,"{""anchor_strength"":0.08,""boundary_enabled"":true,""conflict_enabled"":true,""conflict_pass"":0.0,""directional_enabled"":true,""directional_mix"":0.0,""min_cluster_fraction_of_equal"":0.01,""move_boundary_floor"":0.05,""pairwise_strength"":0.32,""self_return_strength"":0.08,""sweeps"":1,""trust_gate_enabled"":true,""trust_threshold"":0.7,""unary_view1_weight"":0.65}",PASS,,1b745c12671b0b692f224e5b3ce0b5ccda5c83e993d83c9c3426270d3beaed05,331a1acf7adb1e499510522f2e852081032b0d97beed69a6dfbca8865f0a8e26,80,143,"[1159,622,1489,798,1019,1522,609,1835,143]",0.23632800579071045,0.23632800579071045,0.5273439884185791,0.23632800579071045,0.7632460594177246,0.6475537419319153,0.06131650001043454,0,0,0.5914582171646605,0.7122466275089098,0.7117484083178452,0.6520589475336844,0.7229314791833614,0.7122466275089099,0.4749653589437196,0.04594978787017231,0.9562870350262154,9196,1,merged unique formal+refinement candidates,label-assisted family-level benchmark HPO
RNA_CHROMATIN,P22,CMBF_eb31e7b8cf738c32,"{""anchor_strength"":0.08,""boundary_enabled"":true,""conflict_enabled"":true,""conflict_pass"":0.25,""directional_enabled"":true,""directional_mix"":0.5,""min_cluster_fraction_of_equal"":0.01,""move_boundary_floor"":0.05,""pairwise_strength"":0.03,""self_return_strength"":0.2,""sweeps"":1,""trust_gate_enabled"":true,""trust_threshold"":0.7,""unary_view1_weight"":0.65}",PASS,,8d68576cdec4717317cef01f5e165fbfc578d775523a56ccb70e08440ecb37b3,331a1acf7adb1e499510522f2e852081032b0d97beed69a6dfbca8865f0a8e26,61,145,"[1152,623,1486,797,1017,1524,610,1842,145]",0.2359982579946518,0.2359982579946518,0.5280035138130188,0.3679991364479065,0.6324426531791687,0.6466425061225891,0.06239169999025762,0,0,0.5921783880525322,0.7136844877546312,0.7131888092411739,0.6526797034505295,0.7244249670175024,0.7136844877546313,0.4749015669730222,0.04604676317534162,0.9551701672199299,9196,1,merged unique formal+refinement candidates,label-assisted family-level benchmark HPO
RNA_CHROMATIN,P22,CMBF_0937d54b33dd40d1,"{""anchor_strength"":0.08,""boundary_enabled"":true,""conflict_enabled"":true,""conflict_pass"":0.1,""directional_enabled"":true,""directional_mix"":0.5,""min_cluster_fraction_of_equal"":0.01,""move_boundary_floor"":0.22,""pairwise_strength"":0.32,""self_return_strength"":0.08,""sweeps"":1,""trust_gate_enabled"":true,""trust_threshold"":0.55,""unary_view1_weight"":0.35}",PASS,,b5cded14c01856a992241d0c633299787c35db922f34da42b0b2b9b09b3954d2,331a1acf7adb1e499510522f2e852081032b0d97beed69a6dfbca8865f0a8e26,23,153,"[1153,623,1482,802,1020,1523,612,1828,153]",0.2359982579946518,0.2359982579946518,0.5280035138130188,0.28879860043525696,0.7116533517837524,0.6466425061225891,0.03775150000001304,0,0,0.5944248482739047,0.7154547986560069,0.7149626587935948,0.6545515562665596,0.7267600555176957,0.7154547986560069,0.47592519910568404,0.0443473508752734,0.9581484813700245,9196,1,merged unique formal+refinement candidates,label-assisted family-level benchmark HPO
RNA_CHROMATIN,P22,CMBF_833cc7e58f8da466,"{""anchor_strength"":0.2,""boundary_enabled"":true,""conflict_enabled"":true,""conflict_pass"":0.1,""directional_enabled"":true,""directional_mix"":0.0,""min_cluster_fraction_of_equal"":0.01,""move_boundary_floor"":0.22,""pairwise_strength"":0.08,""self_return_strength"":0.2,""sweeps"":1,""trust_gate_enabled"":true,""trust_threshold"":0.4,""unary_view1_weight"":0.65}",PASS,,8ce14f35586c68aa61cf1f764dae5f8ec963ae824f63f4b91b3f2acc8847c512,331a1acf7adb1e499510522f2e852081032b0d97beed69a6dfbca8865f0a8e26,11,162,"[1153,624,1481,803,1018,1524,610,1821,162]",0.23632800579071045,0.23632800579071045,0.5273439884185791,0.28906241059303284,0.7105035781860352,0.6475537419319153,0.03260959999170154,0,0,0.5958242650550981,0.7177205447561749,0.7172327002158975,0.6557214880770358,0.7294632450925215,0.7177205447561749,0.4759346320708749,0.044337172630698314,0.9583656501101355,9196,1,merged unique formal+refinement candidates,label-assisted family-level benchmark HPO
RNA_CHROMATIN,P22,CMBF_ffa1ad6966b30f6e,"{""anchor_strength"":0.2,""boundary_enabled"":true,""conflict_enabled"":true,""conflict_pass"":0.1,""directional_enabled"":true,""directional_mix"":0.0,""min_cluster_fraction_of_equal"":0.01,""move_boundary_floor"":0.22,""pairwise_strength"":0.16,""self_return_strength"":0.02,""sweeps"":2,""trust_gate_enabled"":true,""trust_threshold"":0.55,""unary_view1_weight"":0.5}",PASS,,e160192a8c59dd1d08abccde01a0d9ce13d93f46e38c352330a53f3471376e7d,331a1acf7adb1e499510522f2e852081032b0d97beed69a6dfbca8865f0a8e26,30,152,"[1153,623,1481,803,1020,1521,612,1831,152]",0.23632800579071045,0.23632800579071045,0.5273439884185791,0.28906241059303284,0.7105035781860352,0.6475537419319153,0.07346270000562072,0,0,0.594909446311513,0.7156719833570335,0.7151801770348076,0.6549697406861743,0.7269370508584683,0.7156719833570336,0.4754186115055762,0.045512873448373015,0.9578692644184531,9196,1,merged unique formal+refinement candidates,label-assisted family-level benchmark HPO
RNA_CHROMATIN,P22,CMBF_f87089bf274fea25,"{""anchor_strength"":0.08,""boundary_enabled"":true,""conflict_enabled"":true,""conflict_pass"":0.1,""directional_enabled"":true,""directional_mix"":0.25,""min_cluster_fraction_of_equal"":0.01,""move_boundary_floor"":0.22,""pairwise_strength"":0.08,""self_return_strength"":0.08,""sweeps"":2,""trust_gate_enabled"":true,""trust_threshold"":0.4,""unary_view1_weight"":0.5}",PASS,,4b31168545fbfc238629ec56571400cc59a300efab839a60846fecb01ea68713,331a1acf7adb1e499510522f2e852081032b0d97beed69a6dfbca8865f0a8e26,16,161,"[1153,623,1481,803,1017,1522,611,1825,161]",0.23603671789169312,0.2360367327928543,0.5279265642166138,0.28882938623428345,0.7111976146697998,0.6470184326171875,0.10263949999352917,0,0,0.5960090600906486,0.7178857110176065,0.7173980965153618,0.6558860231607407,0.7295657526916957,0.7178857110176066,0.4756102859985016,0.045064249025595096,0.9581795054757547,9196,1,merged unique formal+refinement candidates,label-assisted family-level benchmark HPO
RNA_CHROMATIN,P22,CMBF_5c5ea4015651bd35,"{""anchor_strength"":0.08,""boundary_enabled"":true,""conflict_enabled"":true,""conflict_pass"":0.0,""directional_enabled"":true,""directional_mix"":0.5,""min_cluster_fraction_of_equal"":0.01,""move_boundary_floor"":0.05,""pairwise_strength"":0.03,""self_return_strength"":0.08,""sweeps"":1,""trust_gate_enabled"":true,""trust_threshold"":0.7,""unary_view1_weight"":0.65}",PASS,,5b80e91ba9791d2dc3ca3fe49abb0e28b8799e7a9108d647e89c96433ea846e8,331a1acf7adb1e499510522f2e852081032b0d97beed69a6dfbca8865f0a8e26,151,141,"[1152,622,1490,790,984,1525,610,1882,141]",0.2359982579946518,0.2359982579946518,0.5280035138130188,0.2359982579946518,0.764460563659668,0.6466425061225891,0.0635832000116352,0,0,0.5826692802843983,0.7063495360430583,0.7058405913119594,0.6446532900296685,0.7162734583125699,0.7063495360430583,0.4720495570752419,0.051578840082766184,0.9480966711134552,9196,1,merged unique formal+refinement candidates,label-assisted family-level benchmark HPO
RNA_CHROMATIN,P22,CMBF_36e81709dcbccbca,"{""anchor_strength"":0.2,""boundary_enabled"":true,""conflict_enabled"":true,""conflict_pass"":0.1,""directional_enabled"":true,""directional_mix"":0.0,""min_cluster_fraction_of_equal"":0.01,""move_boundary_floor"":0.05,""pairwise_strength"":0.08,""self_return_strength"":0.02,""sweeps"":2,""trust_gate_enabled"":true,""trust_threshold"":0.55,""unary_view1_weight"":0.5}",PASS,,cea6db5a9b69a01e5564a5e4d111289873055f756d9e2b937c30c583a61d633e,331a1acf7adb1e499510522f2e852081032b0d97beed69a6dfbca8865f0a8e26,61,148,"[1153,622,1483,796,1026,1523,609,1836,148]",0.23632800579071045,0.23632800579071045,0.5273439884185791,0.28906241059303284,0.7105035781860352,0.6475537419319153,0.08471960001043044,0,0,0.592960803918322,0.7141189424860384,0.7136241830389342,0.6533302796265545,0.7250504724679028,0.7141189424860384,0.4748803053399596,0.046401349291062835,0.9563180591319456,9196,1,merged unique formal+refinement candidates,label-assisted family-level benchmark HPO
RNA_CHROMATIN,P22,CMBF_c40410d7e5ee0c1d,"{""anchor_strength"":0.08,""boundary_enabled"":true,""conflict_enabled"":true,""conflict_pass"":0.25,""directional_enabled"":true,""directional_mix"":0.0,""min_cluster_fraction_of_equal"":0.01,""move_boundary_floor"":0.22,""pairwise_strength"":0.32,""self_return_strength"":0.2,""sweeps"":1,""trust_gate_enabled"":true,""trust_threshold"":0.4,""unary_view1_weight"":0.65}",PASS,,23ad75b1c976a6ded7b7f84d4c9fb7be6438f12587abc8edb66d12cbe8acc615,331a1acf7adb1e499510522f2e852081032b0d97beed69a6dfbca8865f0a8e26,11,161,"[1154,624,1481,803,1018,1524,610,1821,161]",0.23632800579071045,0.23632800579071045,0.5273439884185791,0.3681640028953552,0.6313897967338562,0.6475537419319153,0.032936600007815287,0,0,0.5954441265722868,0.717377293994069,0.7168888190624685,0.6553981517202683,0.7290759937185805,0.7173772939940688,0.47618990040137893,0.04381419538554112,0.9585207706387864,9196,1,merged unique formal+refinement candidates,label-assisted family-level benchmark HPO
RNA_CHROMATIN,P22,CMBF_2fec2fe061c26f58,"{""anchor_strength"":0.02,""boundary_enabled"":true,""conflict_enabled"":true,""conflict_pass"":0.1,""directional_enabled"":true,""directional_mix"":0.5,""min_cluster_fraction_of_equal"":0.01,""move_boundary_floor"":0.12,""pairwise_strength"":0.16,""self_return_strength"":0.08,""sweeps"":2,""trust_gate_enabled"":true,""trust_threshold"":0.55,""unary_view1_weight"":0.5}",PASS,,6470b42f019db15f5cbb261746794c29bc2e287452d0c04c5f5257fb7a88733f,331a1acf7adb1e499510522f2e852081032b0d97beed69a6dfbca8865f0a8e26,43,151,"[1154,623,1482,801,1021,1521,610,1833,151]",0.2359982579946518,0.2359982579946518,0.5280035138130188,0.28879860043525696,0.7116533517837524,0.6466425061225891,0.08011779998196289,0,0,0.593529846177646,0.7146284654782602,0.7141347725902164,0.6537986529471467,0.725778292455621,0.7146284654782601,0.47517514878778344,0.0459791351991799,0.9573108305153104,9196,1,merged unique formal+refinement candidates,label-assisted family-level benchmark HPO
RNA_CHROMATIN,P22,CMBF_3aaa4a9e7d8d2b21,"{""anchor_strength"":0.08,""boundary_enabled"":true,""conflict_enabled"":true,""conflict_pass"":0.0,""directional_enabled"":true,""directional_mix"":0.5,""min_cluster_fraction_of_equal"":0.01,""move_boundary_floor"":0.12,""pairwise_strength"":0.08,""self_return_strength"":0.2,""sweeps"":1,""trust_gate_enabled"":true,""trust_threshold"":0.4,""unary_view1_weight"":0.65}",PASS,,e21900f474a3e13162543c634e62d37cf59821529f2804ab2c273c63a38b6896,331a1acf7adb1e499510522f2e852081032b0d97beed69a6dfbca8865f0a8e26,14,161,"[1153,624,1481,803,1018,1524,610,1822,161]",0.2359982579946518,0.2359982579946518,0.5280035138130188,0.2359982579946518,0.764460563659668,0.6466425061225891,0.034067300002789125,0,0,0.5957127286197976,0.7176586279210724,0.7171706331631933,0.6556294653388616,0.729352992431646,0.7176586279210724,0.47579954284923626,0.04460707570319511,0.9582725777929452,9196,1,merged unique formal+refinement candidates,label-assisted family-level benchmark HPO
RNA_CHROMATIN,P22,CMBF_bd9500628e0b125a,"{""anchor_strength"":0.08,""boundary_enabled"":true,""conflict_enabled"":true,""conflict_pass"":0.0,""directional_enabled"":true,""directional_mix"":0.0,""min_cluster_fraction_of_equal"":0.01,""move_boundary_floor"":0.05,""pairwise_strength"":0.08,""self_return_strength"":0.02,""sweeps"":1,""trust_gate_enabled"":true,""trust_threshold"":0.4,""unary_view1_weight"":0.65}",PASS,,2ab3395c6fb21fbf7e959c4790ed9a666e497385bb7d2245bd5f1bff861997d6,331a1acf7adb1e499510522f2e852081032b0d97beed69a6dfbca8865f0a8e26,52,161,"[1159,623,1476,800,1019,1530,603,1825,161]",0.23632800579071045,0.23632800579071045,0.5273439884185791,0.23632800579071045,0.7632460594177246,0.6475537419319153,0.034628800000064075,0,0,0.5935061182358914,0.7156620071532427,0.715170452689457,0.6537575992487472,0.7271697401102021,0.7156620071532427,0.47449822515816636,0.047325057150842176,0.955821673440263,9196,1,merged unique formal+refinement candidates,label-assisted family-level benchmark HPO
RNA_CHROMATIN,P22,CMBF_99bfe5df73bd19c1,"{""anchor_strength"":0.08,""boundary_enabled"":true,""conflict_enabled"":true,""conflict_pass"":0.1,""directional_enabled"":true,""directional_mix"":0.25,""min_cluster_fraction_of_equal"":0.01,""move_boundary_floor"":0.22,""pairwise_strength"":0.32,""self_return_strength"":0.2,""sweeps"":2,""trust_gate_enabled"":true,""trust_threshold"":0.7,""unary_view1_weight"":0.65}",PASS,,950d87b0d97453cbf5ae77cbea225fd43be09e600d78f32a5058f3cbe0b39b60,331a1acf7adb1e499510522f2e852081032b0d97beed69a6dfbca8865f0a8e26,19,151,"[1154,624,1481,804,1018,1524,611,1829,151]",0.23603671789169312,0.2360367327928543,0.5279265642166138,0.28882938623428345,0.7111976146697998,0.6470184326171875,0.09322119998978451,0,0,0.5946280238351072,0.7156535108924845,0.7151616355436223,0.6547303982776992,0.7268823448721583,0.7156535108924845,0.47614945300179895,0.043872675742922876,0.9583656501101355,9196,1,merged unique formal+refinement candidates,label-assisted family-level benchmark HPO
RNA_CHROMATIN,P22,CMBF_a8259b5ae27e7eb9,"{""anchor_strength"":0.08,""boundary_enabled"":true,""conflict_enabled"":true,""conflict_pass"":0.1,""directional_enabled"":true,""directional_mix"":0.25,""min_cluster_fraction_of_equal"":0.01,""move_boundary_floor"":0.22,""pairwise_strength"":0.16,""self_return_strength"":0.02,""sweeps"":1,""trust_gate_enabled"":true,""trust_threshold"":0.4,""unary_view1_weight"":0.5}",PASS,,f0f7d10ddf5bbc741c1b81b2320e089481894f897443994eb4bbef5677678ed2,331a1acf7adb1e499510522f2e852081032b0d97beed69a6dfbca8865f0a8e26,23,161,"[1156,623,1477,801,1019,1525,611,1823,161]",0.23603671789169312,0.2360367327928543,0.5279265642166138,0.28882938623428345,0.7111976146697998,0.6470184326171875,0.033295300003373995,0,0,0.5946462863769562,0.7164572190058695,0.7159671432708387,0.654717230435075,0.7281256504248759,0.7164572190058695,0.47559455434600684,0.04511947808399246,0.9579002885241833,9196,1,merged unique formal+refinement candidates,label-assisted family-level benchmark HPO
RNA_CHROMATIN,P22,CMBF_118dbed1e432e5d7,"{""anchor_strength"":0.2,""boundary_enabled"":true,""conflict_enabled"":true,""conflict_pass"":0.0,""directional_enabled"":true,""directional_mix"":0.0,""min_cluster_fraction_of_equal"":0.01,""move_boundary_floor"":0.05,""pairwise_strength"":0.16,""self_return_strength"":0.02,""sweeps"":1,""trust_gate_enabled"":true,""trust_threshold"":0.55,""unary_view1_weight"":0.5}",PASS,,e7530343fc337042c09a82e30790dac119535eae92fed1323ecd479829885d23,331a1acf7adb1e499510522f2e852081032b0d97beed69a6dfbca8865f0a8e26,53,148,"[1155,622,1484,802,1019,1524,609,1833,148]",0.23632800579071045,0.23632800579071045,0.5273439884185791,0.23632800579071045,0.7632460594177246,0.6475537419319153,0.04280670001753606,0,0,0.5936381205404367,0.7149275996260054,0.7144342700181904,0.6539040578217604,0.7259147137186737,0.7149275996260053,0.4750297050776481,0.04604407940890184,0.9570626376694692,9196,1,merged unique formal+refinement candidates,label-assisted family-level benchmark HPO
RNA_CHROMATIN,P22,CMBF_3ba43c2ee389abc7,"{""anchor_strength"":0.08,""boundary_enabled"":true,""conflict_enabled"":true,""conflict_pass"":0.1,""directional_enabled"":true,""directional_mix"":0.5,""min_cluster_fraction_of_equal"":0.01,""move_boundary_floor"":0.12,""pairwise_strength"":0.08,""self_return_strength"":0.2,""sweeps"":2,""trust_gate_enabled"":true,""trust_threshold"":0.4,""unary_view1_weight"":0.5}",PASS,,e4ee0095acc99a2a106cd7b35874e0554ba39ab0ebd82c81734084c8bacec7b0,331a1acf7adb1e499510522f2e852081032b0d97beed69a6dfbca8865f0a8e26,14,162,"[1152,624,1481,803,1018,1524,610,1822,162]",0.2359982579946518,0.2359982579946518,0.5280035138130188,0.28879860043525696,0.7116533517837524,0.6466425061225891,0.06411440001102164,0,0,0.5960931788707914,0.7180108381486762,0.717523489225893,0.6559530678834871,0.7297493435839666,0.7180108381486761,0.475674896220517,0.044868899197252156,0.9581795054757547,9196,1,merged unique formal+refinement candidates,label-assisted family-level benchmark HPO
RNA_CHROMATIN,P22,CMBF_faeec5a80a0e4ed4,"{""anchor_strength"":0.08,""boundary_enabled"":true,""conflict_enabled"":true,""conflict_pass"":0.25,""directional_enabled"":true,""directional_mix"":0.25,""min_cluster_fraction_of_equal"":0.01,""move_boundary_floor"":0.05,""pairwise_strength"":0.16,""self_return_strength"":0.2,""sweeps"":2,""trust_gate_enabled"":true,""trust_threshold"":0.55,""unary_view1_weight"":0.5}",PASS,,eeca681c02525f9b9be305a87cc48ac04e626a0cffdb855ab8c22a468b6ed8ce,331a1acf7adb1e499510522f2e852081032b0d97beed69a6dfbca8865f0a8e26,31,149,"[1153,624,1484,806,1020,1524,606,1830,149]",0.23603671789169312,0.2360367327928543,0.5279265642166138,0.36801835894584656,0.6319966316223145,0.6470184326171875,0.08220600002096035,0,0,0.5947210197429842,0.7160341720627609,0.7155428279962605,0.6548217895392456,0.7271223513213105,0.7160341720627609,0.4756475833996284,0.044817587569855884,0.9580243849471038,9196,1,merged unique formal+refinement candidates,label-assisted family-level benchmark HPO
RNA_CHROMATIN,P22,CMBF_b3350c2365dc2d29,"{""anchor_strength"":0.2,""boundary_enabled"":true,""conflict_enabled"":true,""conflict_pass"":0.1,""directional_enabled"":true,""directional_mix"":0.0,""min_cluster_fraction_of_equal"":0.01,""move_boundary_floor"":0.22,""pairwise_strength"":0.16,""self_return_strength"":0.02,""sweeps"":2,""trust_gate_enabled"":true,""trust_threshold"":0.55,""unary_view1_weight"":0.65}",PASS,,9178813d75eb813b350c8edf1821313137da1fe7881f12247a0b861de28bb6ac,331a1acf7adb1e499510522f2e852081032b0d97beed69a6dfbca8865f0a8e26,30,152,"[1153,623,1480,804,1019,1522,612,1831,152]",0.23632800579071045,0.23632800579071045,0.5273439884185791,0.28906241059303284,0.7105035781860352,0.6475537419319153,0.07336700000450946,0,0,0.5949750064196695,0.7158209896547243,0.7153294439764254,0.6550254668675094,0.7270925087531854,0.7158209896547244,0.47540726171228637,0.045535407659261375,0.9578692644184531,9196,1,merged unique formal+refinement candidates,label-assisted family-level benchmark HPO
RNA_CHROMATIN,P22,CMBF_75135cc1c9d99dff,"{""anchor_strength"":0.2,""boundary_enabled"":true,""conflict_enabled"":true,""conflict_pass"":0.1,""directional_enabled"":true,""directional_mix"":0.5,""min_cluster_fraction_of_equal"":0.01,""move_boundary_floor"":0.22,""pairwise_strength"":0.16,""self_return_strength"":0.08,""sweeps"":2,""trust_gate_enabled"":true,""trust_threshold"":0.7,""unary_view1_weight"":0.35}",PASS,,2d2eafd0a1319569b805e5f3588211a52a1698274492993ed96ce1e695b73881,331a1acf7adb1e499510522f2e852081032b0d97beed69a6dfbca8865f0a8e26,25,150,"[1152,623,1481,803,1019,1524,612,1832,150]",0.2359982579946518,0.2359982579946518,0.5280035138130188,0.28879860043525696,0.7116533517837524,0.6466425061225891,0.09218330000294372,0,0,0.5961659083680624,0.7172827728265899,0.7167936548481965,0.65605337946762,0.7284661036850019,0.7172827728265899,0.4756464688384719,0.044902143063191007,0.9579313126299135,9196,1,merged unique formal+refinement candidates,label-assisted family-level benchmark HPO
RNA_CHROMATIN,P22,CMBF_4ee65e17e4988304,"{""anchor_strength"":0.02,""boundary_enabled"":true,""conflict_enabled"":true,""conflict_pass"":0.25,""directional_enabled"":true,""directional_mix"":0.25,""min_cluster_fraction_of_equal"":0.01,""move_boundary_floor"":0.12,""pairwise_strength"":0.16,""self_return_strength"":0.2,""sweeps"":1,""trust_gate_enabled"":true,""trust_threshold"":0.55,""unary_view1_weight"":0.35}",PASS,,6efe3df85e850544e2702e53276169ad8956e5471514f517532df6917626e4de,331a1acf7adb1e499510522f2e852081032b0d97beed69a6dfbca8865f0a8e26,29,151,"[1152,622,1482,803,1021,1524,612,1829,151]",0.23603671789169312,0.2360367327928543,0.5279265642166138,0.36801835894584656,0.6319966316223145,0.6470184326171875,0.04067260000738315,0,0,0.5950221920614497,0.7161911443529358,0.7157001874678632,0.6550694243462867,0.7274120487171015,0.7161911443529358,0.4755816659700751,0.045004772383567176,0.9577451679955326,9196,1,merged unique formal+refinement candidates,label-assisted family-level benchmark HPO
RNA_CHROMATIN,P22,CMBF_2278ba95f165704e,"{""anchor_strength"":0.08,""boundary_enabled"":true,""conflict_enabled"":true,""conflict_pass"":0.1,""directional_enabled"":true,""directional_mix"":0.0,""min_cluster_fraction_of_equal"":0.01,""move_boundary_floor"":0.12,""pairwise_strength"":0.32,""self_return_strength"":0.02,""sweeps"":2,""trust_gate_enabled"":true,""trust_threshold"":0.4,""unary_view1_weight"":0.5}",PASS,,eb24a49f043008b5133d8f02748ce43b62c91e4f4dbfae8fe3860a3c066de340,331a1acf7adb1e499510522f2e852081032b0d97beed69a6dfbca8865f0a8e26,27,161,"[1157,623,1482,802,1019,1521,609,1822,161]",0.23632800579071045,0.23632800579071045,0.5273439884185791,0.28906241059303284,0.7105035781860352,0.6475537419319153,0.06577640000614338,0,0,0.5944779792058501,0.7160976445198215,0.7156069388926997,0.654573628887762,0.7277487544196858,0.7160976445198216,0.4754089804411898,0.04548548354705248,0.9578072162069928,9196,1,merged unique formal+refinement candidates,label-assisted family-level benchmark HPO
RNA_CHROMATIN,P22,CMBF_56dcd8708d21ae45,"{""anchor_strength"":0.02,""boundary_enabled"":true,""conflict_enabled"":true,""conflict_pass"":0.1,""directional_enabled"":true,""directional_mix"":0.5,""min_cluster_fraction_of_equal"":0.01,""move_boundary_floor"":0.12,""pairwise_strength"":0.08,""self_return_strength"":0.08,""sweeps"":1,""trust_gate_enabled"":true,""trust_threshold"":0.7,""unary_view1_weight"":0.65}",PASS,,1e36e482b80f272dd85ce8716b72ee756a9d00997585f36aad20c6dbddaee9fa,331a1acf7adb1e499510522f2e852081032b0d97beed69a6dfbca8865f0a8e26,109,145,"[1147,623,1484,800,992,1526,612,1867,145]",0.2359982579946518,0.2359982579946518,0.5280035138130188,0.28879860043525696,0.7116533517837524,0.6466425061225891,0.057027500006370246,0,0,0.5870169313965522,0.7103604504826567,0.7098588394895308,0.6483112323169978,0.7207991012639736,0.7103604504826567,0.47328166535338595,0.04940691979630059,0.951943660223994,9196,1,merged unique formal+refinement candidates,label-assisted family-level benchmark HPO
RNA_CHROMATIN,P22,CMBF_6d28a9e9fb017139,"{""anchor_strength"":0.02,""boundary_enabled"":true,""conflict_enabled"":true,""conflict_pass"":0.0,""directional_enabled"":true,""directional_mix"":0.5,""min_cluster_fraction_of_equal"":0.01,""move_boundary_floor"":0.22,""pairwise_strength"":0.16,""self_return_strength"":0.08,""sweeps"":2,""trust_gate_enabled"":true,""trust_threshold"":0.4,""unary_view1_weight"":0.65}",PASS,,43926023187d7e39997005e3a18f3180f3481a71238940d97ca9dcf55711bec1,331a1acf7adb1e499510522f2e852081032b0d97beed69a6dfbca8865f0a8e26,19,161,"[1155,623,1479,802,1018,1523,611,1824,161]",0.2359982579946518,0.2359982579946518,0.5280035138130188,0.2359982579946518,0.764460563659668,0.6466425061225891,0.06510989999515004,0,0,0.5952483240396376,0.717075536360441,0.7165865273371518,0.655233313981507,0.7287510066106654,0.717075536360441,0.4756851174232411,0.04493837162571305,0.9580243849471038,9196,1,merged unique formal+refinement candidates,label-assisted family-level benchmark HPO
RNA_CHROMATIN,P22,CMBF_7ed38195448cac9e,"{""anchor_strength"":0.02,""boundary_enabled"":true,""conflict_enabled"":true,""conflict_pass"":0.25,""directional_enabled"":true,""directional_mix"":0.5,""min_cluster_fraction_of_equal"":0.01,""move_boundary_floor"":0.12,""pairwise_strength"":0.16,""self_return_strength"":0.2,""sweeps"":2,""trust_gate_enabled"":true,""trust_threshold"":0.4,""unary_view1_weight"":0.5}",PASS,,b6a2124223d0e2444c14a523d1b7ce87995e344840fe600e210b2d8eb9f7399b,331a1acf7adb1e499510522f2e852081032b0d97beed69a6dfbca8865f0a8e26,16,161,"[1152,624,1482,803,1018,1524,609,1823,161]",0.2359982579946518,0.2359982579946518,0.5280035138130188,0.3679991364479065,0.6324426531791687,0.6466425061225891,0.06351370000629686,0,0,0.5958239268954161,0.7177791928452257,0.7172913882534374,0.6557278657915694,0.7294492196007111,0.717779192845226,0.4756513198615763,0.044916017818433164,0.9581795054757547,9196,1,merged unique formal+refinement candidates,label-assisted family-level benchmark HPO
RNA_CHROMATIN,P22,CMBF_ab7054c57f80c6fe,"{""anchor_strength"":0.2,""boundary_enabled"":true,""conflict_enabled"":true,""conflict_pass"":0.0,""directional_enabled"":true,""directional_mix"":0.0,""min_cluster_fraction_of_equal"":0.01,""move_boundary_floor"":0.05,""pairwise_strength"":0.32,""self_return_strength"":0.02,""sweeps"":2,""trust_gate_enabled"":true,""trust_threshold"":0.55,""unary_view1_weight"":0.5}",PASS,,8da26d5848bd87423d4a6f3b320fc0261649d43e08aabd123057a7276b58aae6,331a1acf7adb1e499510522f2e852081032b0d97beed69a6dfbca8865f0a8e26,55,148,"[1153,620,1483,803,1021,1527,610,1831,148]",0.23632800579071045,0.23632800579071045,0.5273439884185791,0.23632800579071045,0.7632460594177246,0.6475537419319153,0.0830433999944944,0,0,0.592800689724908,0.7138098544366591,0.7133145950617588,0.6531860726284672,0.7247865398238823,0.7138098544366592,0.475026215507913,0.04610627522563496,0.957031613563739,9196,1,merged unique formal+refinement candidates,label-assisted family-level benchmark HPO
RNA_CHROMATIN,P22,CMBF_44b0138b90d0a8a0,"{""anchor_strength"":0.2,""boundary_enabled"":true,""conflict_enabled"":true,""conflict_pass"":0.0,""directional_enabled"":true,""directional_mix"":0.0,""min_cluster_fraction_of_equal"":0.01,""move_boundary_floor"":0.05,""pairwise_strength"":0.16,""self_return_strength"":0.2,""sweeps"":1,""trust_gate_enabled"":true,""trust_threshold"":0.55,""unary_view1_weight"":0.65}",PASS,,ef6229907fd1eeea88fede53cb6a6fd86a42159bd076faf78ddf8a0199517252,331a1acf7adb1e499510522f2e852081032b0d97beed69a6dfbca8865f0a8e26,27,150,"[1154,623,1483,806,1019,1524,608,1829,150]",0.23632800579071045,0.23632800579071045,0.5273439884185791,0.23632800579071045,0.7632460594177246,0.6475537419319153,0.041645800025435165,0,0,0.594387985311717,0.7155936814224089,0.7151016324235909,0.6545314927386476,0.7267393360755252,0.7155936814224088,0.47601332637340027,0.044119844364326435,0.9582105295814848,9196,1,merged unique formal+refinement candidates,label-assisted family-level benchmark HPO
RNA_CHROMATIN,P22,CMBF_402dd71831b50491,"{""anchor_strength"":0.02,""boundary_enabled"":true,""conflict_enabled"":true,""conflict_pass"":0.1,""directional_enabled"":true,""directional_mix"":0.5,""min_cluster_fraction_of_equal"":0.01,""move_boundary_floor"":0.22,""pairwise_strength"":0.03,""self_return_strength"":0.08,""sweeps"":1,""trust_gate_enabled"":true,""trust_threshold"":0.4,""unary_view1_weight"":0.65}",PASS,,c0976f4364551fbcb725e481f3a6eba9540d35f48a6d1f6c0401778419ac8238,331a1acf7adb1e499510522f2e852081032b0d97beed69a6dfbca8865f0a8e26,29,161,"[1155,623,1473,802,1018,1528,611,1825,161]",0.2359982579946518,0.2359982579946518,0.5280035138130188,0.28879860043525696,0.7116533517837524,0.6466425061225891,0.03313930000877008,0,0,0.5951505467183503,0.7173627087211557,0.7168741910471312,0.6551508700056183,0.7290354963010905,0.7173627087211557,0.4751777204375247,0.04595920171935841,0.957031613563739,9196,1,merged unique formal+refinement candidates,label-assisted family-level benchmark HPO
RNA_CHROMATIN,P22,CMBF_468e9337c117e281,"{""anchor_strength"":0.2,""boundary_enabled"":true,""conflict_enabled"":true,""conflict_pass"":0.1,""directional_enabled"":true,""directional_mix"":0.0,""min_cluster_fraction_of_equal"":0.01,""move_boundary_floor"":0.12,""pairwise_strength"":0.16,""self_return_strength"":0.2,""sweeps"":1,""trust_gate_enabled"":true,""trust_threshold"":0.4,""unary_view1_weight"":0.35}",PASS,,aff0dcedc7ed8d9d656ccc3396971339a1dbc17ec1e8e28fee48fe9cce61b0ec,331a1acf7adb1e499510522f2e852081032b0d97beed69a6dfbca8865f0a8e26,12,162,"[1153,622,1481,804,1018,1524,611,1821,162]",0.23632800579071045,0.23632800579071045,0.5273439884185791,0.28906241059303284,0.7105035781860352,0.6475537419319153,0.0346787000016775,0,0,0.5954990903608502,0.7171479041405101,0.7166590666588833,0.655443483850369,0.7288766651718651,0.71714790414051,0.475955613157279,0.04430354378824641,0.9583656501101355,9196,1,merged unique formal+refinement candidates,label-assisted family-level benchmark HPO
RNA_CHROMATIN,P22,CMBF_9616cb92b706249e,"{""anchor_strength"":0.02,""boundary_enabled"":true,""conflict_enabled"":true,""conflict_pass"":0.0,""directional_enabled"":true,""directional_mix"":0.5,""min_cluster_fraction_of_equal"":0.01,""move_boundary_floor"":0.22,""pairwise_strength"":0.03,""self_return_strength"":0.2,""sweeps"":1,""trust_gate_enabled"":true,""trust_threshold"":0.7,""unary_view1_weight"":0.35}",PASS,,2d2eafd0a1319569b805e5f3588211a52a1698274492993ed96ce1e695b73881,331a1acf7adb1e499510522f2e852081032b0d97beed69a6dfbca8865f0a8e26,25,150,"[1152,623,1481,803,1019,1524,612,1832,150]",0.2359982579946518,0.2359982579946518,0.5280035138130188,0.2359982579946518,0.764460563659668,0.6466425061225891,0.049913199996808544,0,0,0.5961659083680624,0.7172827728265899,0.7167936548481965,0.65605337946762,0.7284661036850019,0.7172827728265899,0.4756464688384719,0.044902143063191007,0.9579313126299135,9196,1,merged unique formal+refinement candidates,label-assisted family-level benchmark HPO
RNA_CHROMATIN,P22,CMBF_5c176e1faab66fbd,"{""anchor_strength"":0.08,""boundary_enabled"":true,""conflict_enabled"":true,""conflict_pass"":0.25,""directional_enabled"":true,""directional_mix"":0.25,""min_cluster_fraction_of_equal"":0.01,""move_boundary_floor"":0.12,""pairwise_strength"":0.03,""self_return_strength"":0.2,""sweeps"":2,""trust_gate_enabled"":true,""trust_threshold"":0.7,""unary_view1_weight"":0.65}",PASS,,7ec65286e2950be92c02ffccacaa668cc75f280ecb41386496d9c9a81b1eef8c,331a1acf7adb1e499510522f2e852081032b0d97beed69a6dfbca8865f0a8e26,42,146,"[1151,623,1484,803,1015,1524,615,1835,146]",0.23603671789169312,0.2360367327928543,0.5279265642166138,0.36801835894584656,0.6319966316223145,0.6470184326171875,0.1155436999979429,0,0,0.593963648094078,0.7149715992797866,0.7144783116537419,0.6541821089682659,0.7259443956392297,0.7149715992797866,0.47528589286481404,0.0454590035506571,0.9568764930350883,9196,1,merged unique formal+refinement candidates,label-assisted family-level benchmark HPO
RNA_CHROMATIN,P22,CMBF_55b524e6f44a0c67,"{""anchor_strength"":0.08,""boundary_enabled"":true,""conflict_enabled"":true,""conflict_pass"":0.25,""directional_enabled"":true,""directional_mix"":0.25,""min_cluster_fraction_of_equal"":0.01,""move_boundary_floor"":0.22,""pairwise_strength"":0.03,""self_return_strength"":0.02,""sweeps"":1,""trust_gate_enabled"":true,""trust_threshold"":0.4,""unary_view1_weight"":0.35}",PASS,,9ff58f090611d72b9fa4eeb12ed07cc9855f85fe6348aa6f066089b5ab3cf8ba,331a1acf7adb1e499510522f2e852081032b0d97beed69a6dfbca8865f0a8e26,33,161,"[1154,622,1480,795,1024,1524,611,1825,161]",0.23603671789169312,0.2360367327928543,0.5279265642166138,0.36801835894584656,0.6319966316223145,0.6470184326171875,0.03669889998855069,0,0,0.5940380433657413,0.7157245297581699,0.7152331386129576,0.6542049683070111,0.7273109138584686,0.7157245297581698,0.4753925647684636,0.04546892633996956,0.9569695653522787,9196,1,merged unique formal+refinement candidates,label-assisted family-level benchmark HPO
RNA_CHROMATIN,P22,CMBF_94b6087160965589,"{""anchor_strength"":0.08,""boundary_enabled"":true,""conflict_enabled"":true,""conflict_pass"":0.0,""directional_enabled"":true,""directional_mix"":0.25,""min_cluster_fraction_of_equal"":0.01,""move_boundary_floor"":0.12,""pairwise_strength"":0.16,""self_return_strength"":0.02,""sweeps"":2,""trust_gate_enabled"":true,""trust_threshold"":0.4,""unary_view1_weight"":0.35}",PASS,,e9eae201b173f3649896cc7f6a6a642d3122f593d23035ecb8c10219ce5d1322,331a1acf7adb1e499510522f2e852081032b0d97beed69a6dfbca8865f0a8e26,31,161,"[1156,622,1482,799,1021,1522,610,1823,161]",0.23603671789169312,0.2360367327928543,0.5279265642166138,0.23603671789169312,0.76399827003479,0.6470184326171875,0.07026950002182275,0,0,0.5948620460523429,0.7167786185412607,0.7162890688629274,0.6549061981889528,0.7284103654607715,0.7167786185412608,0.4752885383098376,0.04574357678098948,0.9575590233611516,9196,1,merged unique formal+refinement candidates,label-assisted family-level benchmark HPO
RNA_CHROMATIN,P22,CMBF_558cc321f4ba02b8,"{""anchor_strength"":0.2,""boundary_enabled"":true,""conflict_enabled"":true,""conflict_pass"":0.0,""directional_enabled"":true,""directional_mix"":0.5,""min_cluster_fraction_of_equal"":0.01,""move_boundary_floor"":0.22,""pairwise_strength"":0.08,""self_return_strength"":0.08,""sweeps"":1,""trust_gate_enabled"":true,""trust_threshold"":0.55,""unary_view1_weight"":0.35}",PASS,,316686495ac5eb5c99ef7291a20498e7f02f68182a1a8209fe7f2543e71b8fe2,331a1acf7adb1e499510522f2e852081032b0d97beed69a6dfbca8865f0a8e26,21,154,"[1152,623,1481,803,1019,1524,612,1828,154]",0.2359982579946518,0.2359982579946518,0.5280035138130188,0.2359982579946518,0.764460563659668,0.6466425061225891,0.039562399993883446,0,0,0.5953713536025745,0.7165996580685267,0.716109540191145,0.6553590482457046,0.7279664448317538,0.7165996580685267,0.4756729952565323,0.04486959060196881,0.9580243849471038,9196,1,merged unique formal+refinement candidates,label-assisted family-level benchmark HPO
RNA_CHROMATIN,P22,CMBF_2a3e5c59c7e6860d,"{""anchor_strength"":0.02,""boundary_enabled"":true,""conflict_enabled"":true,""conflict_pass"":0.1,""directional_enabled"":true,""directional_mix"":0.0,""min_cluster_fraction_of_equal"":0.01,""move_boundary_floor"":0.22,""pairwise_strength"":0.16,""self_return_strength"":0.02,""sweeps"":1,""trust_gate_enabled"":true,""trust_threshold"":0.55,""unary_view1_weight"":0.65}",PASS,,cdf88904d47bde6dac3b9128db5c80be2623349477688a03eca6832c0f3e5e56,331a1acf7adb1e499510522f2e852081032b0d97beed69a6dfbca8865f0a8e26,58,152,"[1155,622,1469,798,1024,1533,612,1831,152]",0.23632800579071045,0.23632800579071045,0.5273439884185791,0.28906241059303284,0.7105035781860352,0.6475537419319153,0.0411415999988094,0,0,0.5919619898509135,0.7129979853796091,0.712501520926512,0.6524527415305666,0.7241748596278116,0.7129979853796092,0.4748537222483198,0.04661592744252745,0.9562870350262154,9196,1,merged unique formal+refinement candidates,label-assisted family-level benchmark HPO
RNA_CHROMATIN,P22,CMBF_d9a4af35695081ab,"{""anchor_strength"":0.08,""boundary_enabled"":true,""conflict_enabled"":true,""conflict_pass"":0.1,""directional_enabled"":true,""directional_mix"":0.25,""min_cluster_fraction_of_equal"":0.01,""move_boundary_floor"":0.12,""pairwise_strength"":0.08,""self_return_strength"":0.02,""sweeps"":2,""trust_gate_enabled"":true,""trust_threshold"":0.55,""unary_view1_weight"":0.35}",PASS,,1610e5fdcee50d8e5d4c113cd17b847e064ecb313a386dc5e65710d9be9b5a96,331a1acf7adb1e499510522f2e852081032b0d97beed69a6dfbca8865f0a8e26,77,149,"[1157,622,1477,789,1023,1527,614,1838,149]",0.23603671789169312,0.2360367327928543,0.5279265642166138,0.28882938623428345,0.7111976146697998,0.6470184326171875,0.0838363999791909,0,0,0.5895213516015505,0.7111826010481345,0.7106827964947919,0.6503879352045504,0.7221017501263336,0.7111826010481344,0.47433650690295326,0.04749086228351187,0.9551391431141998,9196,1,merged unique formal+refinement candidates,label-assisted family-level benchmark HPO
RNA_CHROMATIN,MISAR_E15_5_S1,CMBF_aee14a9246feae9c,"{""anchor_strength"":0.0,""boundary_enabled"":true,""conflict_enabled"":true,""conflict_pass"":0.0,""directional_enabled"":true,""directional_mix"":0.0,""min_cluster_fraction_of_equal"":0.01,""move_boundary_floor"":0.1,""pairwise_strength"":0.0,""self_return_strength"":0.0,""sweeps"":0,""trust_gate_enabled"":true,""trust_threshold"":0.55,""unary_view1_weight"":0.5}",PASS,,0c47bba6e9d2070df15578c8d6ab5effb1db01f01cb4d9c75edc8e5fa0873416,0c47bba6e9d2070df15578c8d6ab5effb1db01f01cb4d9c75edc8e5fa0873416,0,125,"[295,438,178,267,355,291,125]",0.2792040705680847,0.2792041003704071,0.4415918290615082,0.2792040705680847,0.7210721373558044,0.625080943107605,0.026585399988107383,0,0,0.5414237853091904,0.6667977615565593,0.6650415476824866,0.6330318218564436,0.7049785660682982,0.6667977615565593,0.4805389153414107,0.046978386304957064,0.9372164495829065,1949,1,merged unique formal+refinement candidates,label-assisted family-level benchmark HPO
RNA_CHROMATIN,MISAR_E15_5_S1,CMBF_829e747294553ae8,"{""anchor_strength"":0.2,""boundary_enabled"":true,""conflict_enabled"":true,""conflict_pass"":0.0,""directional_enabled"":true,""directional_mix"":0.0,""min_cluster_fraction_of_equal"":0.01,""move_boundary_floor"":0.1,""pairwise_strength"":0.03,""self_return_strength"":0.02,""sweeps"":1,""trust_gate_enabled"":true,""trust_threshold"":0.7,""unary_view1_weight"":0.5}",PASS,,475cc22cd2fdd2285b10766cc2a1232d07022f5078e7131c63e5f247e70d07c8,0c47bba6e9d2070df15578c8d6ab5effb1db01f01cb4d9c75edc8e5fa0873416,79,118,"[296,433,184,287,379,252,118]",0.2792040705680847,0.2792041003704071,0.4415918290615082,0.2792040705680847,0.7210721373558044,0.625080943107605,0.020282099983887747,0,0,0.5272006014611416,0.6469524875614245,0.6450888182328804,0.6213168633326769,0.6831540507584177,0.6469524875614246,0.4727593321860861,0.06265978097843557,0.9177520854675838,1949,1,merged unique formal+refinement candidates,label-assisted family-level benchmark HPO
RNA_CHROMATIN,MISAR_E15_5_S1,CMBF_d8bce54e951b68d1,"{""anchor_strength"":0.08,""boundary_enabled"":true,""conflict_enabled"":true,""conflict_pass"":0.0,""directional_enabled"":true,""directional_mix"":0.0,""min_cluster_fraction_of_equal"":0.01,""move_boundary_floor"":0.1,""pairwise_strength"":0.08,""self_return_strength"":0.08,""sweeps"":1,""trust_gate_enabled"":true,""trust_threshold"":0.55,""unary_view1_weight"":0.5}",PASS,,5f45545b75c5bae24f6114232c378fa381a1c6d34f0c7c207f55c15d7e88ad8e,0c47bba6e9d2070df15578c8d6ab5effb1db01f01cb4d9c75edc8e5fa0873416,35,120,"[298,442,178,269,363,279,120]",0.2792040705680847,0.2792041003704071,0.4415918290615082,0.2792040705680847,0.7210721373558044,0.625080943107605,0.015313599986257032,0,0,0.538468012939791,0.6631596835219259,0.6613818570483324,0.6306060095834115,0.7003462725878109,0.6631596835219259,0.4746590770589615,0.05828248137208235,0.9279964876335431,1949,1,merged unique formal+refinement candidates,label-assisted family-level benchmark HPO
RNA_CHROMATIN,MISAR_E15_5_S1,CMBF_3bb348efbe255f2e,"{""anchor_strength"":0.08,""boundary_enabled"":true,""conflict_enabled"":true,""conflict_pass"":0.0,""directional_enabled"":true,""directional_mix"":0.25,""min_cluster_fraction_of_equal"":0.01,""move_boundary_floor"":0.1,""pairwise_strength"":0.16,""self_return_strength"":0.2,""sweeps"":2,""trust_gate_enabled"":true,""trust_threshold"":0.55,""unary_view1_weight"":0.5}",PASS,,3ffaa5116b4ffbc2d9cc4f278b4de7c01bb7d4f5fc514cbc679f31df8a355a4c,0c47bba6e9d2070df15578c8d6ab5effb1db01f01cb4d9c75edc8e5fa0873416,16,117,"[295,441,178,272,355,291,117]",0.2796866297721863,0.2796866297721863,0.44062674045562744,0.2796866297721863,0.7210363745689392,0.6247658133506775,0.06361499999184161,0,0,0.539467088149848,0.6657231728286375,0.6639586618213266,0.6314271363470242,0.703046187950453,0.6657231728286375,0.4761034901981162,0.05551943335789503,0.931947899897556,1949,1,merged unique formal+refinement candidates,label-assisted family-level benchmark HPO
RNA_CHROMATIN,MISAR_E15_5_S1,CMBF_bd42a3d8f5f49c11,"{""anchor_strength"":0.02,""boundary_enabled"":true,""conflict_enabled"":true,""conflict_pass"":0.1,""directional_enabled"":true,""directional_mix"":0.5,""min_cluster_fraction_of_equal"":0.01,""move_boundary_floor"":0.1,""pairwise_strength"":0.32,""self_return_strength"":0.2,""sweeps"":2,""trust_gate_enabled"":true,""trust_threshold"":0.4,""unary_view1_weight"":0.5}",PASS,,339a0bc0896e74217118bb547aa64ec4678d77c83e9e28d0be2d926cf11e8f23,0c47bba6e9d2070df15578c8d6ab5effb1db01f01cb4d9c75edc8e5fa0873416,3,125,"[295,436,177,267,356,293,125]",0.28000232577323914,0.28000232577323914,0.43999534845352173,0.32400187849998474,0.6771746873855591,0.6243652105331421,0.05118689997470938,0,0,0.54093817496939,0.6643143636497375,0.6625450737577985,0.6326304130775601,0.7023642501568459,0.6643143636497374,0.47926107029442605,0.049529786806716054,0.9360456607639397,1949,1,merged unique formal+refinement candidates,label-assisted family-level benchmark HPO
RNA_CHROMATIN,MISAR_E15_5_S1,CMBF_7000b3f8ef0b5b9c,"{""anchor_strength"":0.08,""boundary_enabled"":true,""conflict_enabled"":true,""conflict_pass"":0.25,""directional_enabled"":true,""directional_mix"":0.5,""min_cluster_fraction_of_equal"":0.01,""move_boundary_floor"":0.05,""pairwise_strength"":0.32,""self_return_strength"":0.02,""sweeps"":2,""trust_gate_enabled"":true,""trust_threshold"":0.7,""unary_view1_weight"":0.35}",PASS,,e62b65bb6a44fef8a5688e79b66cb8ffaff1d7c4fb20172675e49b3e399c97d3,0c47bba6e9d2070df15578c8d6ab5effb1db01f01cb4d9c75edc8e5fa0873416,88,116,"[298,448,176,283,391,237,116]",0.28000232577323914,0.28000232577323914,0.43999534845352173,0.3900011479854584,0.6111698150634766,0.6243652105331421,0.07720520001021214,0,0,0.5276377884084108,0.6485759941179696,0.6467154568460186,0.6217804127331893,0.6830971212160789,0.6485759941179696,0.47144661340456856,0.06526652045651231,0.9260939558027221,1949,1,merged unique formal+refinement candidates,label-assisted family-level benchmark HPO
RNA_CHROMATIN,MISAR_E15_5_S1,CMBF_508c221034beb345,"{""anchor_strength"":0.02,""boundary_enabled"":true,""conflict_enabled"":true,""conflict_pass"":0.25,""directional_enabled"":true,""directional_mix"":0.0,""min_cluster_fraction_of_equal"":0.01,""move_boundary_floor"":0.05,""pairwise_strength"":0.03,""self_return_strength"":0.08,""sweeps"":2,""trust_gate_enabled"":true,""trust_threshold"":0.4,""unary_view1_weight"":0.65}",PASS,,6309ec8987c61bcb51ba15d2879d1ffe18348defbbd4a824a64c82ac79ee0688,0c47bba6e9d2070df15578c8d6ab5effb1db01f01cb4d9c75edc8e5fa0873416,34,119,"[296,427,189,268,358,292,119]",0.2792040705680847,0.2792041003704071,0.4415918290615082,0.38960206508636475,0.6106299757957458,0.625080943107605,0.041412899998249486,0,0,0.5261448619621634,0.6508704603264321,0.6490310958954875,0.6203992235383755,0.6885024847169896,0.6508704603264321,0.4747245357115073,0.058529867582053065,0.9259476072003512,1949,1,merged unique formal+refinement candidates,label-assisted family-level benchmark HPO
RNA_CHROMATIN,MISAR_E15_5_S1,CMBF_4ad54dd1a03673b1,"{""anchor_strength"":0.2,""boundary_enabled"":true,""conflict_enabled"":true,""conflict_pass"":0.25,""directional_enabled"":true,""directional_mix"":0.25,""min_cluster_fraction_of_equal"":0.01,""move_boundary_floor"":0.05,""pairwise_strength"":0.16,""self_return_strength"":0.02,""sweeps"":2,""trust_gate_enabled"":true,""trust_threshold"":0.4,""unary_view1_weight"":0.65}",PASS,,c28f3a37e388c3b3de45c659835fb7150f3e0563ac2786aff01ab3fa2e7f848b,0c47bba6e9d2070df15578c8d6ab5effb1db01f01cb4d9c75edc8e5fa0873416,18,119,"[296,440,178,268,355,293,119]",0.2796866297721863,0.2796866297721863,0.44062674045562744,0.38984331488609314,0.6108548641204834,0.6247658133506775,0.05421929998556152,0,0,0.5405930217417391,0.6661726839342669,0.6644111919137926,0.6323529337636163,0.703712949984892,0.6661726839342669,0.47544029093759027,0.05700064688257853,0.9326796429094102,1949,1,merged unique formal+refinement candidates,label-assisted family-level benchmark HPO
RNA_CHROMATIN,MISAR_E15_5_S1,CMBF_2ce21274a74e09fa,"{""anchor_strength"":0.02,""boundary_enabled"":true,""conflict_enabled"":true,""conflict_pass"":0.25,""directional_enabled"":true,""directional_mix"":0.25,""min_cluster_fraction_of_equal"":0.01,""move_boundary_floor"":0.22,""pairwise_strength"":0.32,""self_return_strength"":0.08,""sweeps"":2,""trust_gate_enabled"":true,""trust_threshold"":0.4,""unary_view1_weight"":0.65}",PASS,,172558470798b07342dd1c0a3dc7fc8b6e4fa8137d71cb069fb002a0d48cdcb2,0c47bba6e9d2070df15578c8d6ab5effb1db01f01cb4d9c75edc8e5fa0873416,9,125,"[295,438,177,263,356,295,125]",0.2796866297721863,0.2796866297721863,0.44062674045562744,0.38984331488609314,0.6108548641204834,0.6247658133506775,0.01646670000627637,0,0,0.5407231238242903,0.6653228518785067,0.6635585475219469,0.6324546198672286,0.7033084144384408,0.6653228518785068,0.4790762752905273,0.05014528907968769,0.9360456607639397,1949,1,merged unique formal+refinement candidates,label-assisted family-level benchmark HPO
RNA_CHROMATIN,MISAR_E15_5_S1,CMBF_b23bccaed0bfdca6,"{""anchor_strength"":0.02,""boundary_enabled"":true,""conflict_enabled"":true,""conflict_pass"":0.1,""directional_enabled"":true,""directional_mix"":0.5,""min_cluster_fraction_of_equal"":0.01,""move_boundary_floor"":0.05,""pairwise_strength"":0.03,""self_return_strength"":0.08,""sweeps"":1,""trust_gate_enabled"":true,""trust_threshold"":0.55,""unary_view1_weight"":0.35}",PASS,,818f732429f292072b9955f869c97270b6761951f5919cde2a30346d26147da2,0c47bba6e9d2070df15578c8d6ab5effb1db01f01cb4d9c75edc8e5fa0873416,67,120,"[297,433,186,270,382,261,120]",0.28000232577323914,0.28000232577323914,0.43999534845352173,0.32400187849998474,0.6771746873855591,0.6243652105331421,0.015715999994426966,0,0,0.5301973186181542,0.6513708855673762,0.6495313493754525,0.6237825774191821,0.688043118313072,0.6513708855673762,0.4729276017954719,0.06139776778079571,0.9199473145031465,1949,1,merged unique formal+refinement candidates,label-assisted family-level benchmark HPO
RNA_CHROMATIN,MISAR_E15_5_S1,CMBF_9afb19e777ac6d08,"{""anchor_strength"":0.2,""boundary_enabled"":true,""conflict_enabled"":true,""conflict_pass"":0.25,""directional_enabled"":true,""directional_mix"":0.0,""min_cluster_fraction_of_equal"":0.01,""move_boundary_floor"":0.22,""pairwise_strength"":0.08,""self_return_strength"":0.08,""sweeps"":1,""trust_gate_enabled"":true,""trust_threshold"":0.55,""unary_view1_weight"":0.35}",PASS,,a996becd30462173c6bfad705f8024180a6d7101e74799156ae89939d0c19ab9,0c47bba6e9d2070df15578c8d6ab5effb1db01f01cb4d9c75edc8e5fa0873416,15,118,"[295,440,178,272,355,291,118]",0.2792040705680847,0.2792041003704071,0.4415918290615082,0.38960206508636475,0.6106299757957458,0.625080943107605,0.012822799995774403,0,0,0.540345258521341,0.665387281466923,0.6636214243630891,0.632149095204505,0.7028250182353175,0.665387281466923,0.4769076135707966,0.05375184367663817,0.9326796429094102,1949,1,merged unique formal+refinement candidates,label-assisted family-level benchmark HPO
RNA_CHROMATIN,MISAR_E15_5_S1,CMBF_4dd6bea78d813ccc,"{""anchor_strength"":0.02,""boundary_enabled"":true,""conflict_enabled"":true,""conflict_pass"":0.0,""directional_enabled"":true,""directional_mix"":0.5,""min_cluster_fraction_of_equal"":0.01,""move_boundary_floor"":0.05,""pairwise_strength"":0.32,""self_return_strength"":0.08,""sweeps"":2,""trust_gate_enabled"":true,""trust_threshold"":0.7,""unary_view1_weight"":0.35}",PASS,,7607f1a6313706a3b6a06dadb345c568bd9b9037f0207d5590e9b5d351879aca,0c47bba6e9d2070df15578c8d6ab5effb1db01f01cb4d9c75edc8e5fa0873416,79,115,"[298,447,176,281,388,244,115]",0.28000232577323914,0.28000232577323914,0.43999534845352173,0.28000232577323914,0.7211779356002808,0.6243652105331421,0.07630819999030791,0,0,0.5285683573568926,0.6509140086560168,0.6490662621106047,0.6225311997691111,0.6857229582878381,0.6509140086560168,0.47194893013998707,0.06402256140836066,0.9258012585979803,1949,1,merged unique formal+refinement candidates,label-assisted family-level benchmark HPO
RNA_CHROMATIN,MISAR_E15_5_S1,CMBF_eefe4260f00a3887,"{""anchor_strength"":0.02,""boundary_enabled"":true,""conflict_enabled"":true,""conflict_pass"":0.25,""directional_enabled"":true,""directional_mix"":0.25,""min_cluster_fraction_of_equal"":0.01,""move_boundary_floor"":0.22,""pairwise_strength"":0.16,""self_return_strength"":0.08,""sweeps"":2,""trust_gate_enabled"":true,""trust_threshold"":0.4,""unary_view1_weight"":0.35}",PASS,,7ea8c2c2432d3363e4225ce76ea630541ef4c72414bac046ca99471859bdb5a0,0c47bba6e9d2070df15578c8d6ab5effb1db01f01cb4d9c75edc8e5fa0873416,12,122,"[295,442,177,266,357,290,122]",0.2796866297721863,0.2796866297721863,0.44062674045562744,0.38984331488609314,0.6108548641204834,0.6247658133506775,0.015617999975802377,0,0,0.5399340343179867,0.6646949227566579,0.6629260167622735,0.6318098183681912,0.7022290882735708,0.6646949227566579,0.47667472645865794,0.054693961565628564,0.9342894775354895,1949,1,merged unique formal+refinement candidates,label-assisted family-level benchmark HPO
RNA_CHROMATIN,MISAR_E15_5_S1,CMBF_92e84d882864a745,"{""anchor_strength"":0.08,""boundary_enabled"":true,""conflict_enabled"":true,""conflict_pass"":0.25,""directional_enabled"":true,""directional_mix"":0.0,""min_cluster_fraction_of_equal"":0.01,""move_boundary_floor"":0.05,""pairwise_strength"":0.32,""self_return_strength"":0.02,""sweeps"":1,""trust_gate_enabled"":true,""trust_threshold"":0.4,""unary_view1_weight"":0.65}",PASS,,90b6e31548dc091b69a8417403035094d79357c5b93bca37da2903fb7ab1fca8,0c47bba6e9d2070df15578c8d6ab5effb1db01f01cb4d9c75edc8e5fa0873416,15,123,"[296,439,178,265,354,294,123]",0.2792040705680847,0.2792041003704071,0.4415918290615082,0.38960206508636475,0.6106299757957458,0.625080943107605,0.009077499998966232,0,0,0.5398173989334923,0.6638951323630535,0.6621229215086456,0.6317079542285372,0.7016950332972449,0.6638951323630534,0.47791888307674607,0.05252042575378023,0.9348748719449729,1949,1,merged unique formal+refinement candidates,label-assisted family-level benchmark HPO
RNA_CHROMATIN,MISAR_E15_5_S1,CMBF_503b0a3a965145de,"{""anchor_strength"":0.2,""boundary_enabled"":true,""conflict_enabled"":true,""conflict_pass"":0.0,""directional_enabled"":true,""directional_mix"":0.25,""min_cluster_fraction_of_equal"":0.01,""move_boundary_floor"":0.22,""pairwise_strength"":0.08,""self_return_strength"":0.2,""sweeps"":2,""trust_gate_enabled"":true,""trust_threshold"":0.55,""unary_view1_weight"":0.65}",PASS,,6d250794c3a2cde58995bb2c58cd990efba8b502988c9b543e666882abe87e13,0c47bba6e9d2070df15578c8d6ab5effb1db01f01cb4d9c75edc8e5fa0873416,15,116,"[295,441,178,272,355,292,116]",0.2796866297721863,0.2796866297721863,0.44062674045562744,0.2796866297721863,0.7210363745689392,0.6247658133506775,0.024363900010939687,0,0,0.5398311804646863,0.6658700948018479,0.664106040129545,0.6317287762789225,0.703108589064746,0.6658700948018479,0.47618245656729385,0.05548268268908069,0.9325332943070394,1949,1,merged unique formal+refinement candidates,label-assisted family-level benchmark HPO
RNA_CHROMATIN,MISAR_E15_5_S1,CMBF_f42c9da8286a25cd,"{""anchor_strength"":0.2,""boundary_enabled"":true,""conflict_enabled"":true,""conflict_pass"":0.0,""directional_enabled"":true,""directional_mix"":0.0,""min_cluster_fraction_of_equal"":0.01,""move_boundary_floor"":0.12,""pairwise_strength"":0.03,""self_return_strength"":0.08,""sweeps"":2,""trust_gate_enabled"":true,""trust_threshold"":0.7,""unary_view1_weight"":0.65}",PASS,,ba95c3d06ffb1f90887012d0c7669a5fd17c47737e199e3d93858e7a922e87d1,0c47bba6e9d2070df15578c8d6ab5effb1db01f01cb4d9c75edc8e5fa0873416,49,118,"[296,444,179,276,367,269,118]",0.2792040705680847,0.2792041003704071,0.4415918290615082,0.2792040705680847,0.7210721373558044,0.625080943107605,0.03817500002332963,0,0,0.5373921031254146,0.6633826988040311,0.6616050698799585,0.6297276882306477,0.7002645873099704,0.6633826988040311,0.4738856895767207,0.0604966655544964,0.925215864188497,1949,1,merged unique formal+refinement candidates,label-assisted family-level benchmark HPO
RNA_CHROMATIN,MISAR_E15_5_S1,CMBF_6c7331cd25ceba09,"{""anchor_strength"":0.02,""boundary_enabled"":true,""conflict_enabled"":true,""conflict_pass"":0.25,""directional_enabled"":true,""directional_mix"":0.25,""min_cluster_fraction_of_equal"":0.01,""move_boundary_floor"":0.05,""pairwise_strength"":0.08,""self_return_strength"":0.2,""sweeps"":1,""trust_gate_enabled"":true,""trust_threshold"":0.55,""unary_view1_weight"":0.5}",PASS,,6d796a7d20182ed3d8bd0f08289ef29a63543de86772917a00a102932cef554c,0c47bba6e9d2070df15578c8d6ab5effb1db01f01cb4d9c75edc8e5fa0873416,26,120,"[297,439,179,272,359,283,120]",0.2796866297721863,0.2796866297721863,0.44062674045562744,0.38984331488609314,0.6108548641204834,0.6247658133506775,0.0146721999917645,0,0,0.5399154140006336,0.6645558718408663,0.6627862417040635,0.6317924795551493,0.7021211270679258,0.6645558718408663,0.47577566537872945,0.05608702407896783,0.9293136250548807,1949,1,merged unique formal+refinement candidates,label-assisted family-level benchmark HPO
RNA_CHROMATIN,MISAR_E15_5_S1,CMBF_5fb57a26473d7456,"{""anchor_strength"":0.2,""boundary_enabled"":true,""conflict_enabled"":true,""conflict_pass"":0.25,""directional_enabled"":true,""directional_mix"":0.25,""min_cluster_fraction_of_equal"":0.01,""move_boundary_floor"":0.12,""pairwise_strength"":0.08,""self_return_strength"":0.2,""sweeps"":1,""trust_gate_enabled"":true,""trust_threshold"":0.55,""unary_view1_weight"":0.5}",PASS,,4403d4293f70caf9a1e82d78694de61fd806f800e08ccc38aba2dbed3fe1b4a0,0c47bba6e9d2070df15578c8d6ab5effb1db01f01cb4d9c75edc8e5fa0873416,13,120,"[295,438,178,272,355,291,120]",0.2796866297721863,0.2796866297721863,0.44062674045562744,0.38984331488609314,0.6108548641204834,0.6247658133506775,0.013581000006524846,0,0,0.5407382386785976,0.6666168649848245,0.6648583334183764,0.6324693862262828,0.7043881255262491,0.6666168649848245,0.47660249528047766,0.05419599063002565,0.9320942484999268,1949,1,merged unique formal+refinement candidates,label-assisted family-level benchmark HPO
RNA_CHROMATIN,MISAR_E15_5_S1,CMBF_d5b6b03ee1610378,"{""anchor_strength"":0.02,""boundary_enabled"":true,""conflict_enabled"":true,""conflict_pass"":0.25,""directional_enabled"":true,""directional_mix"":0.5,""min_cluster_fraction_of_equal"":0.01,""move_boundary_floor"":0.05,""pairwise_strength"":0.16,""self_return_strength"":0.08,""sweeps"":1,""trust_gate_enabled"":true,""trust_threshold"":0.55,""unary_view1_weight"":0.5}",PASS,,976648b1823e0b76ab7e968ec5698d48dea11be936978e0253664bea2d348510,0c47bba6e9d2070df15578c8d6ab5effb1db01f01cb4d9c75edc8e5fa0873416,48,120,"[298,435,182,269,370,275,120]",0.28000232577323914,0.28000232577323914,0.43999534845352173,0.3900011479854584,0.6111698150634766,0.6243652105331421,0.01590050000231713,0,0,0.5328909545076564,0.6565506499278944,0.6547388222622041,0.6259974084683265,0.6936637933757126,0.6565506499278944,0.47378241045510483,0.059886893506228105,0.924337772574272,1949,1,merged unique formal+refinement candidates,label-assisted family-level benchmark HPO
RNA_CHROMATIN,MISAR_E15_5_S1,CMBF_7ad6f62d358cbe63,"{""anchor_strength"":0.2,""boundary_enabled"":true,""conflict_enabled"":true,""conflict_pass"":0.0,""directional_enabled"":true,""directional_mix"":0.5,""min_cluster_fraction_of_equal"":0.01,""move_boundary_floor"":0.05,""pairwise_strength"":0.16,""self_return_strength"":0.08,""sweeps"":2,""trust_gate_enabled"":true,""trust_threshold"":0.7,""unary_view1_weight"":0.65}",PASS,,6b83c317cf5c228e4822ca8eee45c891f7ba77d977858931c05dc8c50fa0c235,0c47bba6e9d2070df15578c8d6ab5effb1db01f01cb4d9c75edc8e5fa0873416,44,118,"[296,443,177,274,369,272,118]",0.28000232577323914,0.28000232577323914,0.43999534845352173,0.28000232577323914,0.7211779356002808,0.6243652105331421,0.04063559998758137,0,0,0.5368823673439514,0.6610218282502228,0.6592314459565844,0.6293098865007881,0.6976795723328352,0.6610218282502229,0.4737588533165476,0.06072414693565773,0.9272647446216888,1949,1,merged unique formal+refinement candidates,label-assisted family-level benchmark HPO
RNA_CHROMATIN,MISAR_E15_5_S1,CMBF_f756fa0a1253641c,"{""anchor_strength"":0.02,""boundary_enabled"":true,""conflict_enabled"":true,""conflict_pass"":0.0,""directional_enabled"":true,""directional_mix"":0.25,""min_cluster_fraction_of_equal"":0.01,""move_boundary_floor"":0.05,""pairwise_strength"":0.16,""self_return_strength"":0.08,""sweeps"":2,""trust_gate_enabled"":true,""trust_threshold"":0.7,""unary_view1_weight"":0.65}",PASS,,918ba4257c12f9f40f08a227c124537df20593b3d728907196f2d07c4ca5abac,0c47bba6e9d2070df15578c8d6ab5effb1db01f01cb4d9c75edc8e5fa0873416,90,119,"[294,436,177,278,393,252,119]",0.2796866297721863,0.2796866297721863,0.44062674045562744,0.2796866297721863,0.7210363745689392,0.6247658133506775,0.04246289998991415,0,0,0.5247469428129876,0.6463091737076081,0.644439817816756,0.6193389987707947,0.681704912468648,0.6463091737076081,0.4705966317616723,0.06697861317771883,0.9206790575150008,1949,1,merged unique formal+refinement candidates,label-assisted family-level benchmark HPO
RNA_CHROMATIN,MISAR_E15_5_S1,CMBF_d66f45277f66d31e,"{""anchor_strength"":0.08,""boundary_enabled"":true,""conflict_enabled"":true,""conflict_pass"":0.1,""directional_enabled"":true,""directional_mix"":0.0,""min_cluster_fraction_of_equal"":0.01,""move_boundary_floor"":0.12,""pairwise_strength"":0.08,""self_return_strength"":0.2,""sweeps"":1,""trust_gate_enabled"":true,""trust_threshold"":0.55,""unary_view1_weight"":0.65}",PASS,,84b4b84bc04a33df138d940f62c0d923c45fc0e83611fc9ee4bc3f291dd698a7,0c47bba6e9d2070df15578c8d6ab5effb1db01f01cb4d9c75edc8e5fa0873416,14,120,"[295,439,178,272,355,290,120]",0.2792040705680847,0.2792041003704071,0.4415918290615082,0.3233632743358612,0.676895260810852,0.625080943107605,0.03840130000025965,0,0,0.5405197808820258,0.6664565355043257,0.6646970475317566,0.6322899555600466,0.7041770311292912,0.6664565355043257,0.47688750790133283,0.05356210167892107,0.9323869457046685,1949,1,merged unique formal+refinement candidates,label-assisted family-level benchmark HPO
RNA_CHROMATIN,MISAR_E15_5_S1,CMBF_5d15ee6783ed020a,"{""anchor_strength"":0.2,""boundary_enabled"":true,""conflict_enabled"":true,""conflict_pass"":0.0,""directional_enabled"":true,""directional_mix"":0.5,""min_cluster_fraction_of_equal"":0.01,""move_boundary_floor"":0.05,""pairwise_strength"":0.03,""self_return_strength"":0.2,""sweeps"":2,""trust_gate_enabled"":true,""trust_threshold"":0.55,""unary_view1_weight"":0.65}",PASS,,ff9ef590b2b41cdfb255f19d592f8a6cde0250212ac5b0f1ec4842e5793a08d4,0c47bba6e9d2070df15578c8d6ab5effb1db01f01cb4d9c75edc8e5fa0873416,15,117,"[295,442,178,272,355,290,117]",0.28000232577323914,0.28000232577323914,0.43999534845352173,0.28000232577323914,0.7211779356002808,0.6243652105331421,0.02833709999686107,0,0,0.5393787606395909,0.6669136534594404,0.6651553140353484,0.6313555018489474,0.7042610118184834,0.6669136534594403,0.4767732217679225,0.05422744827635597,0.9325332943070394,1949,1,merged unique formal+refinement candidates,label-assisted family-level benchmark HPO
RNA_CHROMATIN,MISAR_E15_5_S1,CMBF_48610f9ad4bc6af2,"{""anchor_strength"":0.2,""boundary_enabled"":true,""conflict_enabled"":true,""conflict_pass"":0.1,""directional_enabled"":true,""directional_mix"":0.25,""min_cluster_fraction_of_equal"":0.01,""move_boundary_floor"":0.22,""pairwise_strength"":0.32,""self_return_strength"":0.08,""sweeps"":2,""trust_gate_enabled"":true,""trust_threshold"":0.55,""unary_view1_weight"":0.65}",PASS,,cfaf0744f3fdb044cc65a7a8a822985d5d87440d5c7fd6720ecb38a7183d4501,0c47bba6e9d2070df15578c8d6ab5effb1db01f01cb4d9c75edc8e5fa0873416,21,116,"[295,445,177,271,357,288,116]",0.2796866297721863,0.2796866297721863,0.44062674045562744,0.3237493336200714,0.6769638657569885,0.6247658133506775,0.05859139998210594,0,0,0.5383655469395403,0.6641282828876974,0.6623542921223688,0.630528463417707,0.7010008749254355,0.6641282828876974,0.4748478839843558,0.058033035022165544,0.932825991511781,1949,1,merged unique formal+refinement candidates,label-assisted family-level benchmark HPO
RNA_CHROMATIN,MISAR_E15_5_S1,CMBF_44739cedebc46e5d,"{""anchor_strength"":0.08,""boundary_enabled"":true,""conflict_enabled"":true,""conflict_pass"":0.25,""directional_enabled"":true,""directional_mix"":0.0,""min_cluster_fraction_of_equal"":0.01,""move_boundary_floor"":0.05,""pairwise_strength"":0.32,""self_return_strength"":0.08,""sweeps"":2,""trust_gate_enabled"":true,""trust_threshold"":0.4,""unary_view1_weight"":0.35}",PASS,,4f801002e1fa4b65414766f9749c899ecfa6c7a47215e5d83edd652f7207fa80,0c47bba6e9d2070df15578c8d6ab5effb1db01f01cb4d9c75edc8e5fa0873416,7,125,"[295,435,178,264,356,296,125]",0.2792040705680847,0.2792041003704071,0.4415918290615082,0.38960206508636475,0.6106299757957458,0.625080943107605,0.016674899990903214,0,0,0.5401327344757109,0.6641724316524089,0.6624025650948402,0.631964604251045,0.7022733573200929,0.6641724316524089,0.4794201723991122,0.049476012404555236,0.9361920093663105,1949,1,merged unique formal+refinement candidates,label-assisted family-level benchmark HPO
RNA_CHROMATIN,MISAR_E15_5_S1,CMBF_e74f89f6154ed3d1,"{""anchor_strength"":0.02,""boundary_enabled"":true,""conflict_enabled"":true,""conflict_pass"":0.0,""directional_enabled"":true,""directional_mix"":0.5,""min_cluster_fraction_of_equal"":0.01,""move_boundary_floor"":0.22,""pairwise_strength"":0.16,""self_return_strength"":0.08,""sweeps"":1,""trust_gate_enabled"":true,""trust_threshold"":0.7,""unary_view1_weight"":0.5}",PASS,,a21993450245db0820879e5384a43d02f1a034dd040e7b3a9c41ee28896ea7c3,0c47bba6e9d2070df15578c8d6ab5effb1db01f01cb4d9c75edc8e5fa0873416,36,114,"[298,441,177,271,362,286,114]",0.28000232577323914,0.28000232577323914,0.43999534845352173,0.28000232577323914,0.7211779356002808,0.6243652105331421,0.015735599998151883,0,0,0.5357008729329192,0.659155193036577,0.657354416391768,0.6283336838891902,0.6956198641725583,0.6591551930365769,0.4755308397068866,0.05685394891303858,0.9293136250548807,1949,1,merged unique formal+refinement candidates,label-assisted family-level benchmark HPO
RNA_CHROMATIN,MISAR_E15_5_S1,CMBF_22e5cfb195d932d4,"{""anchor_strength"":0.02,""boundary_enabled"":true,""conflict_enabled"":true,""conflict_pass"":0.0,""directional_enabled"":true,""directional_mix"":0.0,""min_cluster_fraction_of_equal"":0.01,""move_boundary_floor"":0.22,""pairwise_strength"":0.16,""self_return_strength"":0.2,""sweeps"":2,""trust_gate_enabled"":true,""trust_threshold"":0.4,""unary_view1_weight"":0.65}",PASS,,2ce6906b32313ef9980e7fe5acfbcbe6d363a99a850e73d43033edd88e9d9984,0c47bba6e9d2070df15578c8d6ab5effb1db01f01cb4d9c75edc8e5fa0873416,3,125,"[295,436,178,266,355,294,125]",0.2792040705680847,0.2792041003704071,0.4415918290615082,0.2792040705680847,0.7210721373558044,0.625080943107605,0.015700000018114224,0,0,0.541781741793616,0.666097275135537,0.6643375588881263,0.6333264650395742,0.7043097871330363,0.666097275135537,0.4792575109441041,0.04966367039780908,0.935752963559198,1949,1,merged unique formal+refinement candidates,label-assisted family-level benchmark HPO
RNA_CHROMATIN,MISAR_E15_5_S1,CMBF_d4975dd3d74ecdbc,"{""anchor_strength"":0.08,""boundary_enabled"":true,""conflict_enabled"":true,""conflict_pass"":0.25,""directional_enabled"":true,""directional_mix"":0.0,""min_cluster_fraction_of_equal"":0.01,""move_boundary_floor"":0.05,""pairwise_strength"":0.08,""self_return_strength"":0.02,""sweeps"":1,""trust_gate_enabled"":true,""trust_threshold"":0.55,""unary_view1_weight"":0.5}",PASS,,608bf8b4a88d3014c863b03d49885139e8a907403d0d5489cda9075efb44798f,0c47bba6e9d2070df15578c8d6ab5effb1db01f01cb4d9c75edc8e5fa0873416,68,121,"[296,434,184,269,383,262,121]",0.2792040705680847,0.2792041003704071,0.4415918290615082,0.38960206508636475,0.6106299757957458,0.625080943107605,0.015314999996917322,0,0,0.5295395673741949,0.6519027167111607,0.650065844894606,0.6232436903794337,0.6885407905564104,0.6519027167111606,0.47306848763716014,0.06138328720949054,0.9209717547197425,1949,1,merged unique formal+refinement candidates,label-assisted family-level benchmark HPO
RNA_CHROMATIN,MISAR_E15_5_S1,CMBF_97bfeefd0d099e7a,"{""anchor_strength"":0.08,""boundary_enabled"":true,""conflict_enabled"":true,""conflict_pass"":0.0,""directional_enabled"":true,""directional_mix"":0.0,""min_cluster_fraction_of_equal"":0.01,""move_boundary_floor"":0.12,""pairwise_strength"":0.16,""self_return_strength"":0.08,""sweeps"":1,""trust_gate_enabled"":true,""trust_threshold"":0.4,""unary_view1_weight"":0.5}",PASS,,69f448ffaffcb79d3c6396df09163b206d71e056ee5fa0e9df313eb4b15af4c3,0c47bba6e9d2070df15578c8d6ab5effb1db01f01cb4d9c75edc8e5fa0873416,10,122,"[296,438,177,267,355,294,122]",0.2792040705680847,0.2792041003704071,0.4415918290615082,0.2792040705680847,0.7210721373558044,0.625080943107605,0.008999699988635257,0,0,0.5407680146744616,0.6643131062187084,0.6625427604231273,0.6324933638869872,0.7020392082980048,0.6643131062187084,0.4774395788832963,0.05330353945032674,0.9345821747402312,1949,1,merged unique formal+refinement candidates,label-assisted family-level benchmark HPO
RNA_CHROMATIN,MISAR_E15_5_S1,CMBF_2fce1fbbd4bc10b2,"{""anchor_strength"":0.08,""boundary_enabled"":true,""conflict_enabled"":true,""conflict_pass"":0.0,""directional_enabled"":true,""directional_mix"":0.0,""min_cluster_fraction_of_equal"":0.01,""move_boundary_floor"":0.05,""pairwise_strength"":0.32,""self_return_strength"":0.08,""sweeps"":1,""trust_gate_enabled"":true,""trust_threshold"":0.7,""unary_view1_weight"":0.65}",PASS,,4c40816347beee7012d3a6c81fa7fa6fb0b8b7661d5b7861fc504a19bf95bde7,0c47bba6e9d2070df15578c8d6ab5effb1db01f01cb4d9c75edc8e5fa0873416,37,122,"[297,439,177,270,365,279,122]",0.2792040705680847,0.2792041003704071,0.4415918290615082,0.2792040705680847,0.7210721373558044,0.625080943107605,0.021501500013982877,0,0,0.5355964156169736,0.6611100469944778,0.6593221056355315,0.628232641560128,0.6983981630274066,0.6611100469944777,0.4762791153317175,0.0554123371562321,0.9301917166691058,1949,1,merged unique formal+refinement candidates,label-assisted family-level benchmark HPO
RNA_CHROMATIN,MISAR_E15_5_S1,CMBF_eb31e7b8cf738c32,"{""anchor_strength"":0.08,""boundary_enabled"":true,""conflict_enabled"":true,""conflict_pass"":0.25,""directional_enabled"":true,""directional_mix"":0.5,""min_cluster_fraction_of_equal"":0.01,""move_boundary_floor"":0.05,""pairwise_strength"":0.03,""self_return_strength"":0.2,""sweeps"":1,""trust_gate_enabled"":true,""trust_threshold"":0.7,""unary_view1_weight"":0.65}",PASS,,d66a2478cb2d3ba9396bbb3122fab1c4368db2db3dec0fb37fc7d6f704132822,0c47bba6e9d2070df15578c8d6ab5effb1db01f01cb4d9c75edc8e5fa0873416,41,121,"[295,436,178,279,370,270,121]",0.28000232577323914,0.28000232577323914,0.43999534845352173,0.3900011479854584,0.6111698150634766,0.6243652105331421,0.021238300018012524,0,0,0.5360487447545162,0.6582304558232395,0.6564271908848879,0.628605643602778,0.6953272934495838,0.6582304558232395,0.4747567500943022,0.05814562531980591,0.9244841211766428,1949,1,merged unique formal+refinement candidates,label-assisted family-level benchmark HPO
RNA_CHROMATIN,MISAR_E15_5_S1,CMBF_0937d54b33dd40d1,"{""anchor_strength"":0.08,""boundary_enabled"":true,""conflict_enabled"":true,""conflict_pass"":0.1,""directional_enabled"":true,""directional_mix"":0.5,""min_cluster_fraction_of_equal"":0.01,""move_boundary_floor"":0.22,""pairwise_strength"":0.32,""self_return_strength"":0.08,""sweeps"":1,""trust_gate_enabled"":true,""trust_threshold"":0.55,""unary_view1_weight"":0.35}",PASS,,dc8aedf96e1952cd1a075f98f2617b6144258bd0ba832c0c3ad3e35a2c63c0be,0c47bba6e9d2070df15578c8d6ab5effb1db01f01cb4d9c75edc8e5fa0873416,22,119,"[295,439,177,269,361,289,119]",0.28000232577323914,0.28000232577323914,0.43999534845352173,0.32400187849998474,0.6771746873855591,0.6243652105331421,0.013319799996679649,0,0,0.5384225902852069,0.6634667389753423,0.6616906153969081,0.630565168392592,0.7007306260649018,0.6634667389753421,0.47684216099853854,0.05402287571937553,0.9325332943070394,1949,1,merged unique formal+refinement candidates,label-assisted family-level benchmark HPO
RNA_CHROMATIN,MISAR_E15_5_S1,CMBF_833cc7e58f8da466,"{""anchor_strength"":0.2,""boundary_enabled"":true,""conflict_enabled"":true,""conflict_pass"":0.1,""directional_enabled"":true,""directional_mix"":0.0,""min_cluster_fraction_of_equal"":0.01,""move_boundary_floor"":0.22,""pairwise_strength"":0.08,""self_return_strength"":0.2,""sweeps"":1,""trust_gate_enabled"":true,""trust_threshold"":0.4,""unary_view1_weight"":0.65}",PASS,,1e7f48d5c56302ba7e728af2f70df32fe0f52f3dc49d1118ad2509ce58675829,0c47bba6e9d2070df15578c8d6ab5effb1db01f01cb4d9c75edc8e5fa0873416,1,125,"[295,437,178,267,355,292,125]",0.2792040705680847,0.2792041003704071,0.4415918290615082,0.3233632743358612,0.676895260810852,0.625080943107605,0.0077822000021114945,0,0,0.5416365903694235,0.6669488935833199,0.6651935851132983,0.6332069965196186,0.7051794837732301,0.6669488935833199,0.4799287696183175,0.048258962397380756,0.936631055173423,1949,1,merged unique formal+refinement candidates,label-assisted family-level benchmark HPO
RNA_CHROMATIN,MISAR_E15_5_S1,CMBF_ffa1ad6966b30f6e,"{""anchor_strength"":0.2,""boundary_enabled"":true,""conflict_enabled"":true,""conflict_pass"":0.1,""directional_enabled"":true,""directional_mix"":0.0,""min_cluster_fraction_of_equal"":0.01,""move_boundary_floor"":0.22,""pairwise_strength"":0.16,""self_return_strength"":0.02,""sweeps"":2,""trust_gate_enabled"":true,""trust_threshold"":0.55,""unary_view1_weight"":0.5}",PASS,,4557d9176a118548153bf0d76cf50e2c8d6b7a27c7f8e2f2482dbbe26db0695b,0c47bba6e9d2070df15578c8d6ab5effb1db01f01cb4d9c75edc8e5fa0873416,28,116,"[295,448,178,270,360,282,116]",0.2792040705680847,0.2792041003704071,0.4415918290615082,0.3233632743358612,0.676895260810852,0.625080943107605,0.023692100017797202,0,0,0.5380580050710676,0.6645223949679634,0.6627500609111493,0.6302816574713425,0.7012539672976063,0.6645223949679635,0.47488330893523645,0.057863911271693595,0.9320942484999268,1949,1,merged unique formal+refinement candidates,label-assisted family-level benchmark HPO
RNA_CHROMATIN,MISAR_E15_5_S1,CMBF_f87089bf274fea25,"{""anchor_strength"":0.08,""boundary_enabled"":true,""conflict_enabled"":true,""conflict_pass"":0.1,""directional_enabled"":true,""directional_mix"":0.25,""min_cluster_fraction_of_equal"":0.01,""move_boundary_floor"":0.22,""pairwise_strength"":0.08,""self_return_strength"":0.08,""sweeps"":2,""trust_gate_enabled"":true,""trust_threshold"":0.4,""unary_view1_weight"":0.5}",PASS,,3e782f1fc804e2e2cc8dda857bee97df802b8127a486bc3f49b594e1b654a888,0c47bba6e9d2070df15578c8d6ab5effb1db01f01cb4d9c75edc8e5fa0873416,13,120,"[295,442,177,268,355,292,120]",0.2796866297721863,0.2796866297721863,0.44062674045562744,0.3237493336200714,0.6769638657569885,0.6247658133506775,0.016004700009943917,0,0,0.5406023390206904,0.6666422391670226,0.6648831639383137,0.6323622102430605,0.7041669148256706,0.6666422391670226,0.47603590385061684,0.055522520979913906,0.9331186887165227,1949,1,merged unique formal+refinement candidates,label-assisted family-level benchmark HPO
RNA_CHROMATIN,MISAR_E15_5_S1,CMBF_5c5ea4015651bd35,"{""anchor_strength"":0.08,""boundary_enabled"":true,""conflict_enabled"":true,""conflict_pass"":0.0,""directional_enabled"":true,""directional_mix"":0.5,""min_cluster_fraction_of_equal"":0.01,""move_boundary_floor"":0.05,""pairwise_strength"":0.03,""self_return_strength"":0.08,""sweeps"":1,""trust_gate_enabled"":true,""trust_threshold"":0.7,""unary_view1_weight"":0.65}",PASS,,826917c8557bb4c7d66e4dee8a1f56a83a93dd1b405909080009fb8c37d1a723,0c47bba6e9d2070df15578c8d6ab5effb1db01f01cb4d9c75edc8e5fa0873416,94,120,"[294,430,180,290,387,248,120]",0.28000232577323914,0.28000232577323914,0.43999534845352173,0.28000232577323914,0.7211779356002808,0.6243652105331421,0.02272030001040548,0,0,0.5181129826720464,0.6353097123527758,0.6333841661159632,0.6138356670099349,0.6706997003279946,0.6353097123527758,0.47170171738952354,0.06486481650803132,0.9139470218059418,1949,1,merged unique formal+refinement candidates,label-assisted family-level benchmark HPO
RNA_CHROMATIN,MISAR_E15_5_S1,CMBF_36e81709dcbccbca,"{""anchor_strength"":0.2,""boundary_enabled"":true,""conflict_enabled"":true,""conflict_pass"":0.1,""directional_enabled"":true,""directional_mix"":0.0,""min_cluster_fraction_of_equal"":0.01,""move_boundary_floor"":0.05,""pairwise_strength"":0.08,""self_return_strength"":0.02,""sweeps"":2,""trust_gate_enabled"":true,""trust_threshold"":0.55,""unary_view1_weight"":0.5}",PASS,,78aecd89b52939925589d13b30a0801c9c5aa235e96697e870512f21e941d70f,0c47bba6e9d2070df15578c8d6ab5effb1db01f01cb4d9c75edc8e5fa0873416,56,117,"[300,446,178,269,373,266,117]",0.2792040705680847,0.2792041003704071,0.4415918290615082,0.3233632743358612,0.676895260810852,0.625080943107605,0.031119299994315952,0,0,0.5385259063104338,0.6629988340629672,0.6612178553401874,0.6306768018025718,0.6994068516064622,0.6629988340629673,0.47318764420663567,0.06137883348133368,0.9258012585979803,1949,1,merged unique formal+refinement candidates,label-assisted family-level benchmark HPO
RNA_CHROMATIN,MISAR_E15_5_S1,CMBF_c40410d7e5ee0c1d,"{""anchor_strength"":0.08,""boundary_enabled"":true,""conflict_enabled"":true,""conflict_pass"":0.25,""directional_enabled"":true,""directional_mix"":0.0,""min_cluster_fraction_of_equal"":0.01,""move_boundary_floor"":0.22,""pairwise_strength"":0.32,""self_return_strength"":0.2,""sweeps"":1,""trust_gate_enabled"":true,""trust_threshold"":0.4,""unary_view1_weight"":0.65}",PASS,,d50d8ec7fb84b7e9768810346877f78eadce24164437f2f8297c8926f9724089,0c47bba6e9d2070df15578c8d6ab5effb1db01f01cb4d9c75edc8e5fa0873416,2,125,"[295,436,178,267,355,293,125]",0.2792040705680847,0.2792041003704071,0.4415918290615082,0.38960206508636475,0.6106299757957458,0.625080943107605,0.008238100010203198,0,0,0.5417336862171229,0.6658078446506112,0.6640466300497772,0.6332866924423224,0.704013511823691,0.6658078446506112,0.4792671646835879,0.04953871984361233,0.9360456607639397,1949,1,merged unique formal+refinement candidates,label-assisted family-level benchmark HPO
RNA_CHROMATIN,MISAR_E15_5_S1,CMBF_2fec2fe061c26f58,"{""anchor_strength"":0.02,""boundary_enabled"":true,""conflict_enabled"":true,""conflict_pass"":0.1,""directional_enabled"":true,""directional_mix"":0.5,""min_cluster_fraction_of_equal"":0.01,""move_boundary_floor"":0.12,""pairwise_strength"":0.16,""self_return_strength"":0.08,""sweeps"":2,""trust_gate_enabled"":true,""trust_threshold"":0.55,""unary_view1_weight"":0.5}",PASS,,99444efecf83d8f3194fd43cafbe57f0f8b215aeee7ea7a986a1754d95d8d8f8,0c47bba6e9d2070df15578c8d6ab5effb1db01f01cb4d9c75edc8e5fa0873416,46,117,"[297,447,178,268,365,277,117]",0.28000232577323914,0.28000232577323914,0.43999534845352173,0.32400187849998474,0.6771746873855591,0.6243652105331421,0.028367200022330508,0,0,0.5355694783138063,0.6609588211776092,0.659167686250306,0.6282333508714242,0.6974787948245698,0.6609588211776091,0.4734400482328975,0.060881773471844126,0.9282891848382848,1949,1,merged unique formal+refinement candidates,label-assisted family-level benchmark HPO
RNA_CHROMATIN,MISAR_E15_5_S1,CMBF_3aaa4a9e7d8d2b21,"{""anchor_strength"":0.08,""boundary_enabled"":true,""conflict_enabled"":true,""conflict_pass"":0.0,""directional_enabled"":true,""directional_mix"":0.5,""min_cluster_fraction_of_equal"":0.01,""move_boundary_floor"":0.12,""pairwise_strength"":0.08,""self_return_strength"":0.2,""sweeps"":1,""trust_gate_enabled"":true,""trust_threshold"":0.4,""unary_view1_weight"":0.65}",PASS,,d50d8ec7fb84b7e9768810346877f78eadce24164437f2f8297c8926f9724089,0c47bba6e9d2070df15578c8d6ab5effb1db01f01cb4d9c75edc8e5fa0873416,2,125,"[295,436,178,267,355,293,125]",0.28000232577323914,0.28000232577323914,0.43999534845352173,0.28000232577323914,0.7211779356002808,0.6243652105331421,0.008986100001493469,0,0,0.5417336862171229,0.6658078446506112,0.6640466300497772,0.6332866924423224,0.704013511823691,0.6658078446506112,0.4792671646835879,0.04953871984361233,0.9360456607639397,1949,1,merged unique formal+refinement candidates,label-assisted family-level benchmark HPO
RNA_CHROMATIN,MISAR_E15_5_S1,CMBF_bd9500628e0b125a,"{""anchor_strength"":0.08,""boundary_enabled"":true,""conflict_enabled"":true,""conflict_pass"":0.0,""directional_enabled"":true,""directional_mix"":0.0,""min_cluster_fraction_of_equal"":0.01,""move_boundary_floor"":0.05,""pairwise_strength"":0.08,""self_return_strength"":0.02,""sweeps"":1,""trust_gate_enabled"":true,""trust_threshold"":0.4,""unary_view1_weight"":0.65}",PASS,,1c5102f8fba3a13c5b8d4a5a28dca8595f9c10095e161d4cdedf261d2aba30b4,0c47bba6e9d2070df15578c8d6ab5effb1db01f01cb4d9c75edc8e5fa0873416,20,120,"[296,438,178,268,357,292,120]",0.2792040705680847,0.2792041003704071,0.4415918290615082,0.2792040705680847,0.7210721373558044,0.625080943107605,0.00960960000520572,0,0,0.5384489667883271,0.6628836930480582,0.6611052693670595,0.6305816716889737,0.7003709443811172,0.6628836930480582,0.4761283994358445,0.055400411415044176,0.9326796429094102,1949,1,merged unique formal+refinement candidates,label-assisted family-level benchmark HPO
RNA_CHROMATIN,MISAR_E15_5_S1,CMBF_99bfe5df73bd19c1,"{""anchor_strength"":0.08,""boundary_enabled"":true,""conflict_enabled"":true,""conflict_pass"":0.1,""directional_enabled"":true,""directional_mix"":0.25,""min_cluster_fraction_of_equal"":0.01,""move_boundary_floor"":0.22,""pairwise_strength"":0.32,""self_return_strength"":0.2,""sweeps"":2,""trust_gate_enabled"":true,""trust_threshold"":0.7,""unary_view1_weight"":0.65}",PASS,,856fdf3d42c0c5a47c9278b7a68b81f0209530f15d7d1cc0f1ef4f8c301ac0e4,0c47bba6e9d2070df15578c8d6ab5effb1db01f01cb4d9c75edc8e5fa0873416,20,113,"[295,441,177,275,357,291,113]",0.2796866297721863,0.2796866297721863,0.44062674045562744,0.3237493336200714,0.6769638657569885,0.6247658133506775,0.033880600007250905,0,0,0.5390677472255991,0.6631950055778797,0.6614156293060584,0.63110567853781,0.6999305234203979,0.6631950055778797,0.4758530901840015,0.056592917612285715,0.9318015512951852,1949,1,merged unique formal+refinement candidates,label-assisted family-level benchmark HPO
RNA_CHROMATIN,MISAR_E15_5_S1,CMBF_a8259b5ae27e7eb9,"{""anchor_strength"":0.08,""boundary_enabled"":true,""conflict_enabled"":true,""conflict_pass"":0.1,""directional_enabled"":true,""directional_mix"":0.25,""min_cluster_fraction_of_equal"":0.01,""move_boundary_floor"":0.22,""pairwise_strength"":0.16,""self_return_strength"":0.02,""sweeps"":1,""trust_gate_enabled"":true,""trust_threshold"":0.4,""unary_view1_weight"":0.5}",PASS,,085ea9488f7784dd301c120c5a09d60f81264f3c0388588cc9cd3b6f57eec75f,0c47bba6e9d2070df15578c8d6ab5effb1db01f01cb4d9c75edc8e5fa0873416,16,120,"[295,442,177,267,355,293,120]",0.2796866297721863,0.2796866297721863,0.44062674045562744,0.3237493336200714,0.6769638657569885,0.6247658133506775,0.008776500006206334,0,0,0.5404816203997644,0.6661950269896447,0.6644335668841835,0.6322628148655338,0.7036854889793526,0.6661950269896447,0.4768795523406047,0.05382928386273561,0.9334113859212645,1949,1,merged unique formal+refinement candidates,label-assisted family-level benchmark HPO
RNA_CHROMATIN,MISAR_E15_5_S1,CMBF_118dbed1e432e5d7,"{""anchor_strength"":0.2,""boundary_enabled"":true,""conflict_enabled"":true,""conflict_pass"":0.0,""directional_enabled"":true,""directional_mix"":0.0,""min_cluster_fraction_of_equal"":0.01,""move_boundary_floor"":0.05,""pairwise_strength"":0.16,""self_return_strength"":0.02,""sweeps"":1,""trust_gate_enabled"":true,""trust_threshold"":0.55,""unary_view1_weight"":0.5}",PASS,,a74635acf5c180847ed6f9d726fd69e98a6dcdc96af5ecb7e64060d301c3d32c,0c47bba6e9d2070df15578c8d6ab5effb1db01f01cb4d9c75edc8e5fa0873416,31,120,"[296,441,178,270,364,280,120]",0.2792040705680847,0.2792041003704071,0.4415918290615082,0.2792040705680847,0.7210721373558044,0.625080943107605,0.016922199982218444,0,0,0.5386166611144939,0.663178575144708,0.6614009449027165,0.6307274991412914,0.7004017090427636,0.663178575144708,0.4758612222594098,0.055918880626758365,0.9293136250548807,1949,1,merged unique formal+refinement candidates,label-assisted family-level benchmark HPO
RNA_CHROMATIN,MISAR_E15_5_S1,CMBF_3ba43c2ee389abc7,"{""anchor_strength"":0.08,""boundary_enabled"":true,""conflict_enabled"":true,""conflict_pass"":0.1,""directional_enabled"":true,""directional_mix"":0.5,""min_cluster_fraction_of_equal"":0.01,""move_boundary_floor"":0.12,""pairwise_strength"":0.08,""self_return_strength"":0.2,""sweeps"":2,""trust_gate_enabled"":true,""trust_threshold"":0.4,""unary_view1_weight"":0.5}",PASS,,d50d8ec7fb84b7e9768810346877f78eadce24164437f2f8297c8926f9724089,0c47bba6e9d2070df15578c8d6ab5effb1db01f01cb4d9c75edc8e5fa0873416,2,125,"[295,436,178,267,355,293,125]",0.28000232577323914,0.28000232577323914,0.43999534845352173,0.32400187849998474,0.6771746873855591,0.6243652105331421,0.016530900000361726,0,0,0.5417336862171229,0.6658078446506112,0.6640466300497772,0.6332866924423224,0.704013511823691,0.6658078446506112,0.4792671646835879,0.04953871984361233,0.9360456607639397,1949,1,merged unique formal+refinement candidates,label-assisted family-level benchmark HPO
RNA_CHROMATIN,MISAR_E15_5_S1,CMBF_faeec5a80a0e4ed4,"{""anchor_strength"":0.08,""boundary_enabled"":true,""conflict_enabled"":true,""conflict_pass"":0.25,""directional_enabled"":true,""directional_mix"":0.25,""min_cluster_fraction_of_equal"":0.01,""move_boundary_floor"":0.05,""pairwise_strength"":0.16,""self_return_strength"":0.2,""sweeps"":2,""trust_gate_enabled"":true,""trust_threshold"":0.55,""unary_view1_weight"":0.5}",PASS,,eb152a85b4cd90aba0d1f85ae98c105d7baed47c8e1eda10cf70e696ebbe72a8,0c47bba6e9d2070df15578c8d6ab5effb1db01f01cb4d9c75edc8e5fa0873416,24,117,"[295,442,178,272,362,283,117]",0.2796866297721863,0.2796866297721863,0.44062674045562744,0.38984331488609314,0.6108548641204834,0.6247658133506775,0.030602999991970137,0,0,0.5403088973799706,0.6657645062399149,0.6639996713067768,0.6321265922169406,0.7028888135124136,0.6657645062399148,0.47604161011300433,0.055438922318328844,0.9297526708619933,1949,1,merged unique formal+refinement candidates,label-assisted family-level benchmark HPO
RNA_CHROMATIN,MISAR_E15_5_S1,CMBF_b3350c2365dc2d29,"{""anchor_strength"":0.2,""boundary_enabled"":true,""conflict_enabled"":true,""conflict_pass"":0.1,""directional_enabled"":true,""directional_mix"":0.0,""min_cluster_fraction_of_equal"":0.01,""move_boundary_floor"":0.22,""pairwise_strength"":0.16,""self_return_strength"":0.02,""sweeps"":2,""trust_gate_enabled"":true,""trust_threshold"":0.55,""unary_view1_weight"":0.65}",PASS,,d4acad44c5a7ba415ee3b9aac43ec5de4fed1b4344d1b6cd71961d74b72c0782,0c47bba6e9d2070df15578c8d6ab5effb1db01f01cb4d9c75edc8e5fa0873416,29,118,"[295,448,178,269,358,283,118]",0.2792040705680847,0.2792041003704071,0.4415918290615082,0.3233632743358612,0.676895260810852,0.625080943107605,0.025466899998718873,0,0,0.5382148449371635,0.6657188755069718,0.6639535983190951,0.63040572897338,0.7027385497086136,0.6657188755069718,0.4750614564938239,0.05772364208822797,0.9326796429094102,1949,1,merged unique formal+refinement candidates,label-assisted family-level benchmark HPO
RNA_CHROMATIN,MISAR_E15_5_S1,CMBF_75135cc1c9d99dff,"{""anchor_strength"":0.2,""boundary_enabled"":true,""conflict_enabled"":true,""conflict_pass"":0.1,""directional_enabled"":true,""directional_mix"":0.5,""min_cluster_fraction_of_equal"":0.01,""move_boundary_floor"":0.22,""pairwise_strength"":0.16,""self_return_strength"":0.08,""sweeps"":2,""trust_gate_enabled"":true,""trust_threshold"":0.7,""unary_view1_weight"":0.35}",PASS,,0ae7023465efd146a5bd4c605757d27d38e86af4def131539426039b5137763a,0c47bba6e9d2070df15578c8d6ab5effb1db01f01cb4d9c75edc8e5fa0873416,24,110,"[295,443,177,276,356,292,110]",0.28000232577323914,0.28000232577323914,0.43999534845352173,0.32400187849998474,0.6771746873855591,0.6243652105331421,0.031447700021089986,0,0,0.5380736773757422,0.6609507476720208,0.6591583208266969,0.6302944889842758,0.6972148117129138,0.6609507476720208,0.47576511457823,0.05670968641070469,0.9307771110785892,1949,1,merged unique formal+refinement candidates,label-assisted family-level benchmark HPO
RNA_CHROMATIN,MISAR_E15_5_S1,CMBF_4ee65e17e4988304,"{""anchor_strength"":0.02,""boundary_enabled"":true,""conflict_enabled"":true,""conflict_pass"":0.25,""directional_enabled"":true,""directional_mix"":0.25,""min_cluster_fraction_of_equal"":0.01,""move_boundary_floor"":0.12,""pairwise_strength"":0.16,""self_return_strength"":0.2,""sweeps"":1,""trust_gate_enabled"":true,""trust_threshold"":0.55,""unary_view1_weight"":0.35}",PASS,,16be351891986c41bd410254439b0f2441e7630577e10d045c9043c6296e19cc,0c47bba6e9d2070df15578c8d6ab5effb1db01f01cb4d9c75edc8e5fa0873416,18,119,"[295,439,177,272,358,289,119]",0.2796866297721863,0.2796866297721863,0.44062674045562744,0.38984331488609314,0.6108548641204834,0.6247658133506775,0.015014100004918873,0,0,0.5396783749838175,0.6639382607147899,0.6621648614108956,0.6315989156416711,0.7013146841099299,0.6639382607147899,0.47706366866975064,0.0533855695887594,0.9316552026928143,1949,1,merged unique formal+refinement candidates,label-assisted family-level benchmark HPO
RNA_CHROMATIN,MISAR_E15_5_S1,CMBF_2278ba95f165704e,"{""anchor_strength"":0.08,""boundary_enabled"":true,""conflict_enabled"":true,""conflict_pass"":0.1,""directional_enabled"":true,""directional_mix"":0.0,""min_cluster_fraction_of_equal"":0.01,""move_boundary_floor"":0.12,""pairwise_strength"":0.32,""self_return_strength"":0.02,""sweeps"":2,""trust_gate_enabled"":true,""trust_threshold"":0.4,""unary_view1_weight"":0.5}",PASS,,c7a7244f1117d607a5808f71e343f1b206563ef6f1ba01331566c5dfe098d97e,0c47bba6e9d2070df15578c8d6ab5effb1db01f01cb4d9c75edc8e5fa0873416,11,123,"[296,435,178,265,355,297,123]",0.2792040705680847,0.2792041003704071,0.4415918290615082,0.3233632743358612,0.676895260810852,0.625080943107605,0.015550399984931573,0,0,0.5405802755570339,0.6644636981863493,0.662694857934285,0.6323352315696267,0.7024355499867808,0.6644636981863493,0.47879625851394064,0.050931262898685555,0.9353139177520855,1949,1,merged unique formal+refinement candidates,label-assisted family-level benchmark HPO
RNA_CHROMATIN,MISAR_E15_5_S1,CMBF_56dcd8708d21ae45,"{""anchor_strength"":0.02,""boundary_enabled"":true,""conflict_enabled"":true,""conflict_pass"":0.1,""directional_enabled"":true,""directional_mix"":0.5,""min_cluster_fraction_of_equal"":0.01,""move_boundary_floor"":0.12,""pairwise_strength"":0.08,""self_return_strength"":0.08,""sweeps"":1,""trust_gate_enabled"":true,""trust_threshold"":0.7,""unary_view1_weight"":0.65}",PASS,,0ab784dc228ea1d7065f4713fcb5fe57d57ea4d3775ece9d47b5959f2c6a00bf,0c47bba6e9d2070df15578c8d6ab5effb1db01f01cb4d9c75edc8e5fa0873416,75,118,"[292,436,179,283,377,264,118]",0.28000232577323914,0.28000232577323914,0.43999534845352173,0.32400187849998474,0.6771746873855591,0.6243652105331421,0.020506600005319342,0,0,0.5287789589285633,0.6485558163402989,0.6467000885760388,0.6226244165213591,0.6846858511236855,0.6485558163402988,0.472280858836555,0.06335686798794339,0.9212644519244841,1949,1,merged unique formal+refinement candidates,label-assisted family-level benchmark HPO
RNA_CHROMATIN,MISAR_E15_5_S1,CMBF_6d28a9e9fb017139,"{""anchor_strength"":0.02,""boundary_enabled"":true,""conflict_enabled"":true,""conflict_pass"":0.0,""directional_enabled"":true,""directional_mix"":0.5,""min_cluster_fraction_of_equal"":0.01,""move_boundary_floor"":0.22,""pairwise_strength"":0.16,""self_return_strength"":0.08,""sweeps"":2,""trust_gate_enabled"":true,""trust_threshold"":0.4,""unary_view1_weight"":0.65}",PASS,,9bef3ff84e3ca2b2f509dfce1f6aa64ef43b09cd3a8217ab1ee0a056735d3a36,0c47bba6e9d2070df15578c8d6ab5effb1db01f01cb4d9c75edc8e5fa0873416,19,119,"[295,442,178,266,355,294,119]",0.28000232577323914,0.28000232577323914,0.43999534845352173,0.28000232577323914,0.7211779356002808,0.6243652105331421,0.01660430000629276,0,0,0.5391479036424383,0.6651269419576209,0.6633596609319162,0.6311634262827691,0.7025075769882718,0.665126941957621,0.47611076170940625,0.05558371405961255,0.9334113859212645,1949,1,merged unique formal+refinement candidates,label-assisted family-level benchmark HPO
RNA_CHROMATIN,MISAR_E15_5_S1,CMBF_7ed38195448cac9e,"{""anchor_strength"":0.02,""boundary_enabled"":true,""conflict_enabled"":true,""conflict_pass"":0.25,""directional_enabled"":true,""directional_mix"":0.5,""min_cluster_fraction_of_equal"":0.01,""move_boundary_floor"":0.12,""pairwise_strength"":0.16,""self_return_strength"":0.2,""sweeps"":2,""trust_gate_enabled"":true,""trust_threshold"":0.4,""unary_view1_weight"":0.5}",PASS,,4f9dac6ecc54fe03a362a6bb4534f8f1b08de0089019adcad8fbf72b2744a240,0c47bba6e9d2070df15578c8d6ab5effb1db01f01cb4d9c75edc8e5fa0873416,4,125,"[296,436,177,267,355,293,125]",0.28000232577323914,0.28000232577323914,0.43999534845352173,0.3900011479854584,0.6111698150634766,0.6243652105331421,0.016702600027201697,0,0,0.5411035243680238,0.6645043700502268,0.6627361321155958,0.6327667179488583,0.7025837970204711,0.6645043700502267,0.47900116225940026,0.05013937880916285,0.935752963559198,1949,1,merged unique formal+refinement candidates,label-assisted family-level benchmark HPO
RNA_CHROMATIN,MISAR_E15_5_S1,CMBF_ab7054c57f80c6fe,"{""anchor_strength"":0.2,""boundary_enabled"":true,""conflict_enabled"":true,""conflict_pass"":0.0,""directional_enabled"":true,""directional_mix"":0.0,""min_cluster_fraction_of_equal"":0.01,""move_boundary_floor"":0.05,""pairwise_strength"":0.32,""self_return_strength"":0.02,""sweeps"":2,""trust_gate_enabled"":true,""trust_threshold"":0.55,""unary_view1_weight"":0.5}",PASS,,c36da893d703e753aba7e15c8a5ae3e497f04ddaf3647d6dd62342ea028eaa59,0c47bba6e9d2070df15578c8d6ab5effb1db01f01cb4d9c75edc8e5fa0873416,32,117,"[295,446,177,267,361,286,117]",0.2792040705680847,0.2792041003704071,0.4415918290615082,0.2792040705680847,0.7210721373558044,0.625080943107605,0.029893600003561005,0,0,0.5362914232289935,0.6627370473417747,0.6609555859557399,0.6288231245733363,0.6994626812345395,0.6627370473417747,0.4746139159186827,0.05879373552826996,0.9320942484999268,1949,1,merged unique formal+refinement candidates,label-assisted family-level benchmark HPO
RNA_CHROMATIN,MISAR_E15_5_S1,CMBF_44b0138b90d0a8a0,"{""anchor_strength"":0.2,""boundary_enabled"":true,""conflict_enabled"":true,""conflict_pass"":0.0,""directional_enabled"":true,""directional_mix"":0.0,""min_cluster_fraction_of_equal"":0.01,""move_boundary_floor"":0.05,""pairwise_strength"":0.16,""self_return_strength"":0.2,""sweeps"":1,""trust_gate_enabled"":true,""trust_threshold"":0.55,""unary_view1_weight"":0.65}",PASS,,4403d4293f70caf9a1e82d78694de61fd806f800e08ccc38aba2dbed3fe1b4a0,0c47bba6e9d2070df15578c8d6ab5effb1db01f01cb4d9c75edc8e5fa0873416,13,120,"[295,438,178,272,355,291,120]",0.2792040705680847,0.2792041003704071,0.4415918290615082,0.2792040705680847,0.7210721373558044,0.625080943107605,0.01573600000119768,0,0,0.5407382386785976,0.6666168649848245,0.6648583334183764,0.6324693862262828,0.7043881255262491,0.6666168649848245,0.47660249528047766,0.05419599063002565,0.9320942484999268,1949,1,merged unique formal+refinement candidates,label-assisted family-level benchmark HPO
RNA_CHROMATIN,MISAR_E15_5_S1,CMBF_402dd71831b50491,"{""anchor_strength"":0.02,""boundary_enabled"":true,""conflict_enabled"":true,""conflict_pass"":0.1,""directional_enabled"":true,""directional_mix"":0.5,""min_cluster_fraction_of_equal"":0.01,""move_boundary_floor"":0.22,""pairwise_strength"":0.03,""self_return_strength"":0.08,""sweeps"":1,""trust_gate_enabled"":true,""trust_threshold"":0.4,""unary_view1_weight"":0.65}",PASS,,1bf2b2282efd7dacb136d22ae404e88bee6440d05bcdbfc5be8ec65e956bc8ed,0c47bba6e9d2070df15578c8d6ab5effb1db01f01cb4d9c75edc8e5fa0873416,18,120,"[295,439,178,268,357,292,120]",0.28000232577323914,0.28000232577323914,0.43999534845352173,0.32400187849998474,0.6771746873855591,0.6243652105331421,0.009114999993471429,0,0,0.5394673476023915,0.6642409501281122,0.6624695798187991,0.6314229367301899,0.7017651365647807,0.6642409501281124,0.47666341125387235,0.05423064261962261,0.9334113859212645,1949,1,merged unique formal+refinement candidates,label-assisted family-level benchmark HPO
RNA_CHROMATIN,MISAR_E15_5_S1,CMBF_468e9337c117e281,"{""anchor_strength"":0.2,""boundary_enabled"":true,""conflict_enabled"":true,""conflict_pass"":0.1,""directional_enabled"":true,""directional_mix"":0.0,""min_cluster_fraction_of_equal"":0.01,""move_boundary_floor"":0.12,""pairwise_strength"":0.16,""self_return_strength"":0.2,""sweeps"":1,""trust_gate_enabled"":true,""trust_threshold"":0.4,""unary_view1_weight"":0.35}",PASS,,d50d8ec7fb84b7e9768810346877f78eadce24164437f2f8297c8926f9724089,0c47bba6e9d2070df15578c8d6ab5effb1db01f01cb4d9c75edc8e5fa0873416,2,125,"[295,436,178,267,355,293,125]",0.2792040705680847,0.2792041003704071,0.4415918290615082,0.3233632743358612,0.676895260810852,0.625080943107605,0.009186200011754408,0,0,0.5417336862171229,0.6658078446506112,0.6640466300497772,0.6332866924423224,0.704013511823691,0.6658078446506112,0.4792671646835879,0.04953871984361233,0.9360456607639397,1949,1,merged unique formal+refinement candidates,label-assisted family-level benchmark HPO
RNA_CHROMATIN,MISAR_E15_5_S1,CMBF_9616cb92b706249e,"{""anchor_strength"":0.02,""boundary_enabled"":true,""conflict_enabled"":true,""conflict_pass"":0.0,""directional_enabled"":true,""directional_mix"":0.5,""min_cluster_fraction_of_equal"":0.01,""move_boundary_floor"":0.22,""pairwise_strength"":0.03,""self_return_strength"":0.2,""sweeps"":1,""trust_gate_enabled"":true,""trust_threshold"":0.7,""unary_view1_weight"":0.35}",PASS,,637298bb806dd8ae08564c11bf278f56115bc769f9ee5752f41fbcde15c63e28,0c47bba6e9d2070df15578c8d6ab5effb1db01f01cb4d9c75edc8e5fa0873416,18,114,"[295,439,178,276,355,292,114]",0.28000232577323914,0.28000232577323914,0.43999534845352173,0.28000232577323914,0.7211779356002808,0.6243652105331421,0.016514599992660806,0,0,0.5399858598974674,0.6633177726869532,0.6615398805744017,0.6318562195872006,0.7003340291957215,0.6633177726869534,0.4763695500512975,0.055310473900997845,0.9313625054880725,1949,1,merged unique formal+refinement candidates,label-assisted family-level benchmark HPO
RNA_CHROMATIN,MISAR_E15_5_S1,CMBF_5c176e1faab66fbd,"{""anchor_strength"":0.08,""boundary_enabled"":true,""conflict_enabled"":true,""conflict_pass"":0.25,""directional_enabled"":true,""directional_mix"":0.25,""min_cluster_fraction_of_equal"":0.01,""move_boundary_floor"":0.12,""pairwise_strength"":0.03,""self_return_strength"":0.2,""sweeps"":2,""trust_gate_enabled"":true,""trust_threshold"":0.7,""unary_view1_weight"":0.65}",PASS,,b09517481b14fff84ddaaac3f47ecec7e54d285f96bc6aa7d83749b46c1f3215,0c47bba6e9d2070df15578c8d6ab5effb1db01f01cb4d9c75edc8e5fa0873416,32,117,"[295,442,179,277,360,279,117]",0.2796866297721863,0.2796866297721863,0.44062674045562744,0.38984331488609314,0.6108548641204834,0.6247658133506775,0.03946830000495538,0,0,0.5391315161470949,0.6646381805983596,0.6628677074472182,0.6311533817592956,0.701807886250661,0.6646381805983597,0.4742416504091544,0.0595236751552264,0.9282891848382848,1949,1,merged unique formal+refinement candidates,label-assisted family-level benchmark HPO
RNA_CHROMATIN,MISAR_E15_5_S1,CMBF_55b524e6f44a0c67,"{""anchor_strength"":0.08,""boundary_enabled"":true,""conflict_enabled"":true,""conflict_pass"":0.25,""directional_enabled"":true,""directional_mix"":0.25,""min_cluster_fraction_of_equal"":0.01,""move_boundary_floor"":0.22,""pairwise_strength"":0.03,""self_return_strength"":0.02,""sweeps"":1,""trust_gate_enabled"":true,""trust_threshold"":0.4,""unary_view1_weight"":0.35}",PASS,,2c18e5238d92e4af1883d50a0b5fcfeeb52b7a1e5c6ce3fc999deea6847aec9b,0c47bba6e9d2070df15578c8d6ab5effb1db01f01cb4d9c75edc8e5fa0873416,16,120,"[295,440,177,269,358,290,120]",0.2796866297721863,0.2796866297721863,0.44062674045562744,0.38984331488609314,0.6108548641204834,0.6247658133506775,0.00948830001289025,0,0,0.5402960906971377,0.6650273087916487,0.6632597923486985,0.6321087288483058,0.7024916757451074,0.6650273087916487,0.47662157116425874,0.05407791609851198,0.9331186887165227,1949,1,merged unique formal+refinement candidates,label-assisted family-level benchmark HPO
RNA_CHROMATIN,MISAR_E15_5_S1,CMBF_94b6087160965589,"{""anchor_strength"":0.08,""boundary_enabled"":true,""conflict_enabled"":true,""conflict_pass"":0.0,""directional_enabled"":true,""directional_mix"":0.25,""min_cluster_fraction_of_equal"":0.01,""move_boundary_floor"":0.12,""pairwise_strength"":0.16,""self_return_strength"":0.02,""sweeps"":2,""trust_gate_enabled"":true,""trust_threshold"":0.4,""unary_view1_weight"":0.35}",PASS,,db220f986d20f3962f84fff24b7c809f4088fe7187533a16cd962783ae6fde9b,0c47bba6e9d2070df15578c8d6ab5effb1db01f01cb4d9c75edc8e5fa0873416,19,119,"[295,440,178,266,356,295,119]",0.2796866297721863,0.2796866297721863,0.44062674045562744,0.2796866297721863,0.7210363745689392,0.6247658133506775,0.01617450002231635,0,0,0.539482597311756,0.665347604793674,0.6635816545959996,0.6314377168730615,0.7028032246417454,0.6653476047936739,0.47530808041605194,0.057283821397056026,0.932825991511781,1949,1,merged unique formal+refinement candidates,label-assisted family-level benchmark HPO
RNA_CHROMATIN,MISAR_E15_5_S1,CMBF_558cc321f4ba02b8,"{""anchor_strength"":0.2,""boundary_enabled"":true,""conflict_enabled"":true,""conflict_pass"":0.0,""directional_enabled"":true,""directional_mix"":0.5,""min_cluster_fraction_of_equal"":0.01,""move_boundary_floor"":0.22,""pairwise_strength"":0.08,""self_return_strength"":0.08,""sweeps"":1,""trust_gate_enabled"":true,""trust_threshold"":0.55,""unary_view1_weight"":0.35}",PASS,,7542b9cee232a8f92f6de455aee0d1f889096539077d0254593bab1fd0d4b29e,0c47bba6e9d2070df15578c8d6ab5effb1db01f01cb4d9c75edc8e5fa0873416,14,118,"[295,439,178,272,355,292,118]",0.28000232577323914,0.28000232577323914,0.43999534845352173,0.28000232577323914,0.7211779356002808,0.6243652105331421,0.0127521000104025,0,0,0.5405567346288042,0.6655292406770422,0.6637642434682347,0.6323225691240293,0.703016470085655,0.6655292406770422,0.4766222650934314,0.0543867430194669,0.9323869457046685,1949,1,merged unique formal+refinement candidates,label-assisted family-level benchmark HPO
RNA_CHROMATIN,MISAR_E15_5_S1,CMBF_2a3e5c59c7e6860d,"{""anchor_strength"":0.02,""boundary_enabled"":true,""conflict_enabled"":true,""conflict_pass"":0.1,""directional_enabled"":true,""directional_mix"":0.0,""min_cluster_fraction_of_equal"":0.01,""move_boundary_floor"":0.22,""pairwise_strength"":0.16,""self_return_strength"":0.02,""sweeps"":1,""trust_gate_enabled"":true,""trust_threshold"":0.55,""unary_view1_weight"":0.65}",PASS,,f0561d59ea131399cb5894e861cb1baccff92dabd2bcfe698ca0b5c1003001e3,0c47bba6e9d2070df15578c8d6ab5effb1db01f01cb4d9c75edc8e5fa0873416,37,120,"[297,442,177,268,362,283,120]",0.2792040705680847,0.2792041003704071,0.4415918290615082,0.3233632743358612,0.676895260810852,0.625080943107605,0.013648799998918548,0,0,0.5379557107467657,0.6626447442348613,0.6608641323579848,0.630183759800034,0.6997830204507205,0.6626447442348613,0.47579464661637694,0.05625385702978238,0.9296063222596225,1949,1,merged unique formal+refinement candidates,label-assisted family-level benchmark HPO
RNA_CHROMATIN,MISAR_E15_5_S1,CMBF_d9a4af35695081ab,"{""anchor_strength"":0.08,""boundary_enabled"":true,""conflict_enabled"":true,""conflict_pass"":0.1,""directional_enabled"":true,""directional_mix"":0.25,""min_cluster_fraction_of_equal"":0.01,""move_boundary_floor"":0.12,""pairwise_strength"":0.08,""self_return_strength"":0.02,""sweeps"":2,""trust_gate_enabled"":true,""trust_threshold"":0.55,""unary_view1_weight"":0.35}",PASS,,c4728405447a10496b9c4121198f6550cc3ad463d4024131b2a08ecf0a187d78,0c47bba6e9d2070df15578c8d6ab5effb1db01f01cb4d9c75edc8e5fa0873416,62,116,"[297,449,178,268,378,263,116]",0.2796866297721863,0.2796866297721863,0.44062674045562744,0.3237493336200714,0.6769638657569885,0.6247658133506775,0.027681600011419505,0,0,0.5333417131852255,0.6565045764155107,0.6546881481612177,0.6264268744897252,0.6921798707894861,0.6565045764155107,0.4720350077770404,0.06305526861573904,0.925215864188497,1949,1,merged unique formal+refinement candidates,label-assisted family-level benchmark HPO
RNA_CHROMATIN,P22,CMBF_450728760c08c470,"{""anchor_strength"":0.2,""boundary_enabled"":true,""conflict_enabled"":true,""conflict_pass"":0.1,""directional_enabled"":true,""directional_mix"":0,""min_cluster_fraction_of_equal"":0.01,""move_boundary_floor"":0.22,""pairwise_strength"":0.08,""self_return_strength"":0.2,""sweeps"":1,""trust_gate_enabled"":true,""trust_threshold"":0.4,""unary_view1_weight"":0.65}",PASS,,8ce14f35586c68aa61cf1f764dae5f8ec963ae824f63f4b91b3f2acc8847c512,331a1acf7adb1e499510522f2e852081032b0d97beed69a6dfbca8865f0a8e26,11,162,"[1153,624,1481,803,1018,1524,610,1821,162]",0.23632800579071045,0.23632800579071045,0.5273439884185791,0.28906241059303284,0.7105035781860352,0.6475537419319153,0.1669162000180222,0,0,0.5958242650550981,0.7177205447561749,0.7172327002158975,0.6557214880770358,0.7294632450925215,0.7177205447561749,0.4759346320708749,0.044337172630698314,0.9583656501101355,9196,1,merged unique formal+refinement candidates,label-assisted family-level benchmark HPO
RNA_CHROMATIN,P22,CMBF_eb883bd980b2e05f,"{""anchor_strength"":0.14,""boundary_enabled"":true,""conflict_enabled"":true,""conflict_pass"":0.1,""directional_enabled"":true,""directional_mix"":0.25,""min_cluster_fraction_of_equal"":0.01,""move_boundary_floor"":0.18,""pairwise_strength"":0.06,""self_return_strength"":0.35,""sweeps"":1,""trust_gate_enabled"":true,""trust_threshold"":0.35,""unary_view1_weight"":0.65}",PASS,,3b366eba816ab5d504090d8682ab44ea2d1c15a573c510f1ea7ca814de2cc067,331a1acf7adb1e499510522f2e852081032b0d97beed69a6dfbca8865f0a8e26,6,165,"[1154,623,1481,803,1018,1524,610,1818,165]",0.23603671789169312,0.2360367327928543,0.5279265642166138,0.28882938623428345,0.7111976146697998,0.6470184326171875,0.23500119999516755,0,0,0.5956252833692278,0.7174926121181293,0.7170044936348304,0.6555419771223587,0.7293607210774589,0.7174926121181292,0.47626440649706525,0.043660958929132576,0.9586138429559768,9196,1,merged unique formal+refinement candidates,label-assisted family-level benchmark HPO
RNA_CHROMATIN,P22,CMBF_5946aa1eaeadc1dc,"{""anchor_strength"":0.08,""boundary_enabled"":true,""conflict_enabled"":true,""conflict_pass"":0.1,""directional_enabled"":true,""directional_mix"":0.25,""min_cluster_fraction_of_equal"":0.01,""move_boundary_floor"":0.18,""pairwise_strength"":0.08,""self_return_strength"":0.2,""sweeps"":1,""trust_gate_enabled"":true,""trust_threshold"":0.45,""unary_view1_weight"":0.575}",PASS,,8173a169a5141229c0dfedeb6911ec247f67223fe128905222363c8b64ea6ef7,331a1acf7adb1e499510522f2e852081032b0d97beed69a6dfbca8865f0a8e26,15,160,"[1152,624,1482,803,1018,1524,609,1824,160]",0.23603671789169312,0.2360367327928543,0.5279265642166138,0.28882938623428345,0.7111976146697998,0.6470184326171875,0.03480409999610856,0,0,0.5956693595414377,0.7173212425351596,0.7168326029124917,0.6555990481332853,0.7289363804659731,0.7173212425351597,0.4757606329636347,0.0446582298588104,0.9582725777929452,9196,1,merged unique formal+refinement candidates,label-assisted family-level benchmark HPO
RNA_CHROMATIN,P22,CMBF_981788f4bd54dd9f,"{""anchor_strength"":0.08,""boundary_enabled"":true,""conflict_enabled"":true,""conflict_pass"":0.1,""directional_enabled"":true,""directional_mix"":0.5,""min_cluster_fraction_of_equal"":0.01,""move_boundary_floor"":0.12,""pairwise_strength"":0.1,""self_return_strength"":0.2,""sweeps"":2,""trust_gate_enabled"":true,""trust_threshold"":0.45,""unary_view1_weight"":0.575}",PASS,,43f5e99e02d8a77afe0ec99b152c7ee94edcc3e4a31e479ddacd8a91c11fda92,331a1acf7adb1e499510522f2e852081032b0d97beed69a6dfbca8865f0a8e26,16,159,"[1153,624,1481,803,1018,1524,610,1824,159]",0.2359982579946518,0.2359982579946518,0.5280035138130188,0.28879860043525696,0.7116533517837524,0.6466425061225891,0.07082659998559393,0,0,0.5954464696749391,0.7171382806551407,0.7166492993109951,0.6554085250202212,0.7287291924852212,0.7171382806551407,0.4757737333667817,0.044619254237411324,0.9582725777929452,9196,1,merged unique formal+refinement candidates,label-assisted family-level benchmark HPO
RNA_CHROMATIN,P22,CMBF_981374d9018108c3,"{""anchor_strength"":0.08,""boundary_enabled"":true,""conflict_enabled"":true,""conflict_pass"":0.1,""directional_enabled"":true,""directional_mix"":0.5,""min_cluster_fraction_of_equal"":0.01,""move_boundary_floor"":0.18,""pairwise_strength"":0.1,""self_return_strength"":0.35,""sweeps"":2,""trust_gate_enabled"":true,""trust_threshold"":0.4,""unary_view1_weight"":0.65}",PASS,,580f1b495cfbd4ab054c78994b1755371cce2295748cbb1f169f73c92ccceb7b,331a1acf7adb1e499510522f2e852081032b0d97beed69a6dfbca8865f0a8e26,6,165,"[1154,623,1481,803,1017,1524,610,1819,165]",0.2359982579946518,0.2359982579946518,0.5280035138130188,0.28879860043525696,0.7116533517837524,0.6466425061225891,0.0671472999965772,0,0,0.5953726778676744,0.7170531878470635,0.7165643023708279,0.6553273776266846,0.7289026966656177,0.7170531878470634,0.4762885269859504,0.043612939774363715,0.9586138429559768,9196,1,merged unique formal+refinement candidates,label-assisted family-level benchmark HPO
RNA_CHROMATIN,P22,CMBF_bc3d17651ac8dafc,"{""anchor_strength"":0.08,""boundary_enabled"":true,""conflict_enabled"":true,""conflict_pass"":0.1,""directional_enabled"":true,""directional_mix"":0.25,""min_cluster_fraction_of_equal"":0.01,""move_boundary_floor"":0.24,""pairwise_strength"":0.08,""self_return_strength"":0.2,""sweeps"":1,""trust_gate_enabled"":true,""trust_threshold"":0.5,""unary_view1_weight"":0.5}",PASS,,63ed6f578906946805644b9ccfda2811bcd1ab803323e59f0751e4727e2e0af4,331a1acf7adb1e499510522f2e852081032b0d97beed69a6dfbca8865f0a8e26,9,162,"[1152,623,1481,803,1017,1524,611,1823,162]",0.23603671789169312,0.2360367327928543,0.5279265642166138,0.28882938623428345,0.7111976146697998,0.6470184326171875,0.03657019999809563,0,0,0.595426123119076,0.7171934681464189,0.7167046991231103,0.6553837198726441,0.7289076452687199,0.7171934681464189,0.47588212379349176,0.04440519414337893,0.9584897465330562,9196,1,merged unique formal+refinement candidates,label-assisted family-level benchmark HPO
RNA_CHROMATIN,P22,CMBF_79cdcfd44ed885d9,"{""anchor_strength"":0.08,""boundary_enabled"":true,""conflict_enabled"":true,""conflict_pass"":0.1,""directional_enabled"":true,""directional_mix"":0.5,""min_cluster_fraction_of_equal"":0.01,""move_boundary_floor"":0.18,""pairwise_strength"":0.1,""self_return_strength"":0.35,""sweeps"":1,""trust_gate_enabled"":true,""trust_threshold"":0.45,""unary_view1_weight"":0.575}",PASS,,10cec5e304de8739075a8203d2154968d87fbf45ec6a5bbdf54f831470b82d43,331a1acf7adb1e499510522f2e852081032b0d97beed69a6dfbca8865f0a8e26,9,162,"[1154,623,1481,803,1017,1524,611,1821,162]",0.2359982579946518,0.2359982579946518,0.5280035138130188,0.28879860043525696,0.7116533517837524,0.6466425061225891,0.03759970000828616,0,0,0.5951784182686461,0.7166612089193006,0.7161715322107138,0.6551688913214248,0.7283845414677819,0.7166612089193007,0.47627432658296526,0.04363510639680874,0.9586138429559768,9196,1,merged unique formal+refinement candidates,label-assisted family-level benchmark HPO
RNA_CHROMATIN,P22,CMBF_0eadeced77d2bc6b,"{""anchor_strength"":0.14,""boundary_enabled"":true,""conflict_enabled"":true,""conflict_pass"":0.1,""directional_enabled"":true,""directional_mix"":0,""min_cluster_fraction_of_equal"":0.01,""move_boundary_floor"":0.12,""pairwise_strength"":0.1,""self_return_strength"":0.35,""sweeps"":1,""trust_gate_enabled"":true,""trust_threshold"":0.4,""unary_view1_weight"":0.5}",PASS,,dd2f7bb927a891e4bf04756100b5eed3bb682dd24517135346214aeedd1cf9b0,331a1acf7adb1e499510522f2e852081032b0d97beed69a6dfbca8865f0a8e26,9,163,"[1154,622,1481,803,1018,1524,612,1819,163]",0.23632800579071045,0.23632800579071045,0.5273439884185791,0.28906241059303284,0.7105035781860352,0.6475537419319153,0.03659959998913109,0,0,0.5954595047302208,0.7171661549089805,0.7166774019561931,0.6554043736867385,0.7289565987002794,0.7171661549089805,0.4762364307327686,0.04374931913183295,0.9585517947445165,9196,1,merged unique formal+refinement candidates,label-assisted family-level benchmark HPO
RNA_CHROMATIN,P22,CMBF_3b42610e68e2c200,"{""anchor_strength"":0.14,""boundary_enabled"":true,""conflict_enabled"":true,""conflict_pass"":0.1,""directional_enabled"":true,""directional_mix"":0.25,""min_cluster_fraction_of_equal"":0.01,""move_boundary_floor"":0.18,""pairwise_strength"":0.06,""self_return_strength"":0.35,""sweeps"":1,""trust_gate_enabled"":true,""trust_threshold"":0.35,""unary_view1_weight"":0.5}",PASS,,4117ae1ee53062eca5e86725291cbca063f8e538055908dbad39cb1d7eeeb33b,331a1acf7adb1e499510522f2e852081032b0d97beed69a6dfbca8865f0a8e26,7,164,"[1154,623,1481,803,1018,1524,611,1818,164]",0.23603671789169312,0.2360367327928543,0.5279265642166138,0.28882938623428345,0.7111976146697998,0.6470184326171875,0.03523059998406097,0,0,0.595696485545995,0.7176195667678733,0.7171316398669605,0.6556038506666869,0.7294641642499918,0.7176195667678734,0.4762758558780684,0.04367123870693593,0.9586138429559768,9196,1,merged unique formal+refinement candidates,label-assisted family-level benchmark HPO
RNA_CHROMATIN,P22,CMBF_730931bfa98267b9,"{""anchor_strength"":0.08,""boundary_enabled"":true,""conflict_enabled"":true,""conflict_pass"":0.1,""directional_enabled"":true,""directional_mix"":0.5,""min_cluster_fraction_of_equal"":0.01,""move_boundary_floor"":0.18,""pairwise_strength"":0.1,""self_return_strength"":0.35,""sweeps"":1,""trust_gate_enabled"":true,""trust_threshold"":0.4,""unary_view1_weight"":0.575}",PASS,,66fe83387954361e420c4ebef4dbfdb5c07cb49b42c47f829c47923eb0ec4a73,331a1acf7adb1e499510522f2e852081032b0d97beed69a6dfbca8865f0a8e26,7,164,"[1154,623,1481,803,1017,1524,611,1819,164]",0.2359982579946518,0.2359982579946518,0.5280035138130188,0.28879860043525696,0.7116533517837524,0.6466425061225891,0.03552129998570308,0,0,0.5954438836910935,0.717180129042124,0.7166914350845823,0.6553892568808071,0.7290061398381507,0.7171801290421239,0.4762999787307093,0.04362320528352526,0.9586138429559768,9196,1,merged unique formal+refinement candidates,label-assisted family-level benchmark HPO
RNA_CHROMATIN,P22,CMBF_3ab4712dd41ba5a5,"{""anchor_strength"":0.08,""boundary_enabled"":true,""conflict_enabled"":true,""conflict_pass"":0.1,""directional_enabled"":true,""directional_mix"":0.5,""min_cluster_fraction_of_equal"":0.01,""move_boundary_floor"":0.24,""pairwise_strength"":0.1,""self_return_strength"":0.35,""sweeps"":1,""trust_gate_enabled"":true,""trust_threshold"":0.45,""unary_view1_weight"":0.575}",PASS,,f1abf49a49f3db33bd2f03604491efc49b82f004da65a76cb2c470433285d28c,331a1acf7adb1e499510522f2e852081032b0d97beed69a6dfbca8865f0a8e26,5,164,"[1154,623,1481,803,1016,1524,611,1820,164]",0.2359982579946518,0.2359982579946518,0.5280035138130188,0.28879860043525696,0.7116533517837524,0.6466425061225891,0.03711969999130815,0,0,0.595078685959596,0.7169762761558169,0.716487222178152,0.6550782889651419,0.7287875652167154,0.7169762761558169,0.4762616294840132,0.04364176702255237,0.9586758911674371,9196,1,merged unique formal+refinement candidates,label-assisted family-level benchmark HPO
RNA_CHROMATIN,P22,CMBF_1bc8c12ab60d1a90,"{""anchor_strength"":0.14,""boundary_enabled"":true,""conflict_enabled"":true,""conflict_pass"":0.1,""directional_enabled"":true,""directional_mix"":0.25,""min_cluster_fraction_of_equal"":0.01,""move_boundary_floor"":0.24,""pairwise_strength"":0.1,""self_return_strength"":0.35,""sweeps"":2,""trust_gate_enabled"":true,""trust_threshold"":0.4,""unary_view1_weight"":0.575}",PASS,,de1729cc353c3e77bd17228b75ad0f41a88f0eb5388b788f0cceb6cd6e585593,331a1acf7adb1e499510522f2e852081032b0d97beed69a6dfbca8865f0a8e26,5,164,"[1154,623,1481,803,1017,1524,611,1819,164]",0.23603671789169312,0.2360367327928543,0.5279265642166138,0.28882938623428345,0.7111976146697998,0.6470184326171875,0.0666196999954991,0,0,0.5951331561843961,0.7169500612612965,0.7164609697619061,0.6551232525929405,0.7287722783324976,0.7169500612612965,0.4762885176091391,0.04360722413615067,0.9587069152731672,9196,1,merged unique formal+refinement candidates,label-assisted family-level benchmark HPO
RNA_CHROMATIN,P22,CMBF_7a05fc5a75186092,"{""anchor_strength"":0.08,""boundary_enabled"":true,""conflict_enabled"":true,""conflict_pass"":0.1,""directional_enabled"":true,""directional_mix"":0,""min_cluster_fraction_of_equal"":0.01,""move_boundary_floor"":0.12,""pairwise_strength"":0.06,""self_return_strength"":0.2,""sweeps"":2,""trust_gate_enabled"":true,""trust_threshold"":0.4,""unary_view1_weight"":0.65}",PASS,,7773aaa408541ddfce4c83a2e24367d8fc2751360ba995eb742d9dbf67970e5b,331a1acf7adb1e499510522f2e852081032b0d97beed69a6dfbca8865f0a8e26,17,161,"[1152,624,1482,804,1018,1524,608,1823,161]",0.23632800579071045,0.23632800579071045,0.5273439884185791,0.28906241059303284,0.7105035781860352,0.6475537419319153,0.07102380000287667,0,0,0.5957065034993214,0.7175455521883155,0.7170573398485084,0.6556277643216714,0.7292063518109643,0.7175455521883155,0.4756376993588037,0.0449432904211962,0.9581484813700245,9196,1,merged unique formal+refinement candidates,label-assisted family-level benchmark HPO
RNA_CHROMATIN,P22,CMBF_9ee0c73260c9099d,"{""anchor_strength"":0.08,""boundary_enabled"":true,""conflict_enabled"":true,""conflict_pass"":0.1,""directional_enabled"":true,""directional_mix"":0.5,""min_cluster_fraction_of_equal"":0.01,""move_boundary_floor"":0.12,""pairwise_strength"":0.1,""self_return_strength"":0.2,""sweeps"":2,""trust_gate_enabled"":true,""trust_threshold"":0.45,""unary_view1_weight"":0.5}",PASS,,c9c7bf0a0a766b1147e2702e78d63474db5cd3c7cee4ea41f0242451edc33662,331a1acf7adb1e499510522f2e852081032b0d97beed69a6dfbca8865f0a8e26,15,160,"[1153,624,1481,803,1018,1524,610,1823,160]",0.2359982579946518,0.2359982579946518,0.5280035138130188,0.28879860043525696,0.7116533517837524,0.6466425061225891,0.0743711999966763,0,0,0.5955582260736165,0.7172007051224075,0.7167118754022384,0.655500688609913,0.7288401831547354,0.7172007051224075,0.4757755721940676,0.04461582958977307,0.958241553687215,9196,1,merged unique formal+refinement candidates,label-assisted family-level benchmark HPO
RNA_CHROMATIN,P22,CMBF_f1af3d731cc7df5d,"{""anchor_strength"":0.08,""boundary_enabled"":true,""conflict_enabled"":true,""conflict_pass"":0.1,""directional_enabled"":true,""directional_mix"":0.25,""min_cluster_fraction_of_equal"":0.01,""move_boundary_floor"":0.24,""pairwise_strength"":0.08,""self_return_strength"":0.35,""sweeps"":2,""trust_gate_enabled"":true,""trust_threshold"":0.45,""unary_view1_weight"":0.65}",PASS,,5a949ca91190c81612a00ed2149c25a2158a92aa0d869d913ca3624a53e2bd38,331a1acf7adb1e499510522f2e852081032b0d97beed69a6dfbca8865f0a8e26,5,164,"[1154,623,1481,803,1017,1524,610,1820,164]",0.23603671789169312,0.2360367327928543,0.5279265642166138,0.28882938623428345,0.7111976146697998,0.6470184326171875,0.07001680001849309,0,0,0.5949289889645832,0.7165545449359544,0.7160647551298346,0.6549509849155148,0.7283489438992278,0.7165545449359544,0.4762642452262916,0.043602906711377724,0.9587069152731672,9196,1,merged unique formal+refinement candidates,label-assisted family-level benchmark HPO
RNA_CHROMATIN,P22,CMBF_f4bba12ae8d70be8,"{""anchor_strength"":0.08,""boundary_enabled"":true,""conflict_enabled"":true,""conflict_pass"":0.1,""directional_enabled"":true,""directional_mix"":0.25,""min_cluster_fraction_of_equal"":0.01,""move_boundary_floor"":0.24,""pairwise_strength"":0.08,""self_return_strength"":0.2,""sweeps"":1,""trust_gate_enabled"":true,""trust_threshold"":0.45,""unary_view1_weight"":0.575}",PASS,,63ed6f578906946805644b9ccfda2811bcd1ab803323e59f0751e4727e2e0af4,331a1acf7adb1e499510522f2e852081032b0d97beed69a6dfbca8865f0a8e26,9,162,"[1152,623,1481,803,1017,1524,611,1823,162]",0.23603671789169312,0.2360367327928543,0.5279265642166138,0.28882938623428345,0.7111976146697998,0.6470184326171875,0.03479220002191141,0,0,0.595426123119076,0.7171934681464189,0.7167046991231103,0.6553837198726441,0.7289076452687199,0.7171934681464189,0.47588212379349176,0.04440519414337893,0.9584897465330562,9196,1,merged unique formal+refinement candidates,label-assisted family-level benchmark HPO
RNA_CHROMATIN,P22,CMBF_8efd43a884ce1ae6,"{""anchor_strength"":0.08,""boundary_enabled"":true,""conflict_enabled"":true,""conflict_pass"":0.1,""directional_enabled"":true,""directional_mix"":0.25,""min_cluster_fraction_of_equal"":0.01,""move_boundary_floor"":0.18,""pairwise_strength"":0.06,""self_return_strength"":0.35,""sweeps"":2,""trust_gate_enabled"":true,""trust_threshold"":0.35,""unary_view1_weight"":0.5}",PASS,,4117ae1ee53062eca5e86725291cbca063f8e538055908dbad39cb1d7eeeb33b,331a1acf7adb1e499510522f2e852081032b0d97beed69a6dfbca8865f0a8e26,7,164,"[1154,623,1481,803,1018,1524,611,1818,164]",0.23603671789169312,0.2360367327928543,0.5279265642166138,0.28882938623428345,0.7111976146697998,0.6470184326171875,0.06298190000234172,0,0,0.595696485545995,0.7176195667678733,0.7171316398669605,0.6556038506666869,0.7294641642499918,0.7176195667678734,0.4762758558780684,0.04367123870693593,0.9586138429559768,9196,1,merged unique formal+refinement candidates,label-assisted family-level benchmark HPO
RNA_CHROMATIN,P22,CMBF_7325fb16efc0a034,"{""anchor_strength"":0.14,""boundary_enabled"":true,""conflict_enabled"":true,""conflict_pass"":0.1,""directional_enabled"":true,""directional_mix"":0.5,""min_cluster_fraction_of_equal"":0.01,""move_boundary_floor"":0.24,""pairwise_strength"":0.08,""self_return_strength"":0.35,""sweeps"":2,""trust_gate_enabled"":true,""trust_threshold"":0.4,""unary_view1_weight"":0.575}",PASS,,5cde8793a701f2f9d86b3c457d5944018577fb958cfacef70737d1fd3790e616,331a1acf7adb1e499510522f2e852081032b0d97beed69a6dfbca8865f0a8e26,4,165,"[1154,623,1481,803,1016,1524,611,1819,165]",0.2359982579946518,0.2359982579946518,0.5280035138130188,0.28879860043525696,0.7116533517837524,0.6466425061225891,0.061850099998991936,0,0,0.5952116580513129,0.7172428896445836,0.7167543390168586,0.6551886924357946,0.7291054854929977,0.7172428896445835,0.4762744518927453,0.04363581826680681,0.9586758911674371,9196,1,merged unique formal+refinement candidates,label-assisted family-level benchmark HPO
RNA_CHROMATIN,P22,CMBF_8c363b60f2f23355,"{""anchor_strength"":0.2,""boundary_enabled"":true,""conflict_enabled"":true,""conflict_pass"":0.1,""directional_enabled"":true,""directional_mix"":0.5,""min_cluster_fraction_of_equal"":0.01,""move_boundary_floor"":0.18,""pairwise_strength"":0.1,""self_return_strength"":0.2,""sweeps"":1,""trust_gate_enabled"":true,""trust_threshold"":0.35,""unary_view1_weight"":0.65}",PASS,,e7bf7c1ae2959de7f182751a0dd2dc768c7514391d5cbfbae1e84b62de61d0c0,331a1acf7adb1e499510522f2e852081032b0d97beed69a6dfbca8865f0a8e26,9,164,"[1153,624,1481,803,1017,1524,610,1820,164]",0.2359982579946518,0.2359982579946518,0.5280035138130188,0.28879860043525696,0.7116533517837524,0.6466425061225891,0.03274180000880733,0,0,0.5958383314336876,0.7178512876598566,0.7173637470647066,0.6557283315287786,0.7296790499179862,0.7178512876598567,0.4759677777900485,0.044271595354878436,0.9584276983215959,9196,1,merged unique formal+refinement candidates,label-assisted family-level benchmark HPO
RNA_CHROMATIN,P22,CMBF_3ea2b0d9eba19f1c,"{""anchor_strength"":0.14,""boundary_enabled"":true,""conflict_enabled"":true,""conflict_pass"":0.1,""directional_enabled"":true,""directional_mix"":0.25,""min_cluster_fraction_of_equal"":0.01,""move_boundary_floor"":0.18,""pairwise_strength"":0.08,""self_return_strength"":0.35,""sweeps"":1,""trust_gate_enabled"":true,""trust_threshold"":0.35,""unary_view1_weight"":0.575}",PASS,,4117ae1ee53062eca5e86725291cbca063f8e538055908dbad39cb1d7eeeb33b,331a1acf7adb1e499510522f2e852081032b0d97beed69a6dfbca8865f0a8e26,7,164,"[1154,623,1481,803,1018,1524,611,1818,164]",0.23603671789169312,0.2360367327928543,0.5279265642166138,0.28882938623428345,0.7111976146697998,0.6470184326171875,0.033197599987033755,0,0,0.595696485545995,0.7176195667678733,0.7171316398669605,0.6556038506666869,0.7294641642499918,0.7176195667678734,0.4762758558780684,0.04367123870693593,0.9586138429559768,9196,1,merged unique formal+refinement candidates,label-assisted family-level benchmark HPO
RNA_CHROMATIN,P22,CMBF_7dd1427ca7e79485,"{""anchor_strength"":0.2,""boundary_enabled"":true,""conflict_enabled"":true,""conflict_pass"":0.1,""directional_enabled"":true,""directional_mix"":0.25,""min_cluster_fraction_of_equal"":0.01,""move_boundary_floor"":0.24,""pairwise_strength"":0.1,""self_return_strength"":0.35,""sweeps"":1,""trust_gate_enabled"":true,""trust_threshold"":0.35,""unary_view1_weight"":0.65}",PASS,,ce85e1cda688eb344278f6a041ca6bee37fcc3ffabdfd6b73d5f3209125dd8d8,331a1acf7adb1e499510522f2e852081032b0d97beed69a6dfbca8865f0a8e26,3,166,"[1154,623,1481,803,1017,1524,610,1818,166]",0.23603671789169312,0.2360367327928543,0.5279265642166138,0.28882938623428345,0.7111976146697998,0.6470184326171875,0.031910199992125854,0,0,0.595194785793793,0.7171052699910947,0.7166165169715077,0.6551716732404325,0.7290024161328797,0.7171052699910948,0.4762814996607135,0.04358835732674428,0.9587379393788974,9196,1,merged unique formal+refinement candidates,label-assisted family-level benchmark HPO
RNA_CHROMATIN,P22,CMBF_fc225570a2a39612,"{""anchor_strength"":0.14,""boundary_enabled"":true,""conflict_enabled"":true,""conflict_pass"":0.1,""directional_enabled"":true,""directional_mix"":0.5,""min_cluster_fraction_of_equal"":0.01,""move_boundary_floor"":0.12,""pairwise_strength"":0.06,""self_return_strength"":0.2,""sweeps"":1,""trust_gate_enabled"":true,""trust_threshold"":0.4,""unary_view1_weight"":0.575}",PASS,,e4ee0095acc99a2a106cd7b35874e0554ba39ab0ebd82c81734084c8bacec7b0,331a1acf7adb1e499510522f2e852081032b0d97beed69a6dfbca8865f0a8e26,14,162,"[1152,624,1481,803,1018,1524,610,1822,162]",0.2359982579946518,0.2359982579946518,0.5280035138130188,0.28879860043525696,0.7116533517837524,0.6466425061225891,0.03288250000332482,0,0,0.5960931788707914,0.7180108381486762,0.717523489225893,0.6559530678834871,0.7297493435839666,0.7180108381486761,0.475674896220517,0.044868899197252156,0.9581795054757547,9196,1,merged unique formal+refinement candidates,label-assisted family-level benchmark HPO
RNA_CHROMATIN,P22,CMBF_48bbaf589369fff6,"{""anchor_strength"":0.08,""boundary_enabled"":true,""conflict_enabled"":true,""conflict_pass"":0.1,""directional_enabled"":true,""directional_mix"":0.5,""min_cluster_fraction_of_equal"":0.01,""move_boundary_floor"":0.24,""pairwise_strength"":0.08,""self_return_strength"":0.2,""sweeps"":1,""trust_gate_enabled"":true,""trust_threshold"":0.45,""unary_view1_weight"":0.5}",PASS,,8ea2062a93a91c751047c58c320dcfde2b1e69fad78801ab14abbb4054d7c45b,331a1acf7adb1e499510522f2e852081032b0d97beed69a6dfbca8865f0a8e26,9,163,"[1152,624,1481,803,1016,1524,610,1823,163]",0.2359982579946518,0.2359982579946518,0.5280035138130188,0.28879860043525696,0.7116533517837524,0.6466425061225891,0.03334670001640916,0,0,0.595608553805182,0.7176569040807204,0.7171689709371868,0.6555381260944692,0.7294140487284052,0.7176569040807202,0.4757986239172275,0.044563832858020375,0.9583966742158657,9196,1,merged unique formal+refinement candidates,label-assisted family-level benchmark HPO
RNA_CHROMATIN,P22,CMBF_824b92eb728b3201,"{""anchor_strength"":0.08,""boundary_enabled"":true,""conflict_enabled"":true,""conflict_pass"":0.1,""directional_enabled"":true,""directional_mix"":0,""min_cluster_fraction_of_equal"":0.01,""move_boundary_floor"":0.18,""pairwise_strength"":0.06,""self_return_strength"":0.35,""sweeps"":1,""trust_gate_enabled"":true,""trust_threshold"":0.4,""unary_view1_weight"":0.5}",PASS,,0906641b880c69c41cac7aae585a66f5d566cfc8c7227426cb6092ec7a3def31,331a1acf7adb1e499510522f2e852081032b0d97beed69a6dfbca8865f0a8e26,8,163,"[1154,623,1481,803,1018,1524,611,1819,163]",0.23632800579071045,0.23632800579071045,0.5273439884185791,0.28906241059303284,0.7105035781860352,0.6475537419319153,0.033540000003995374,0,0,0.5955632716140428,0.7173345817908767,0.7168461196327556,0.6554932265544452,0.7291274465133449,0.7173345817908768,0.4762714233163541,0.04367986093023114,0.9585828188502467,9196,1,merged unique formal+refinement candidates,label-assisted family-level benchmark HPO
RNA_CHROMATIN,P22,CMBF_824b9fe2fe6bebad,"{""anchor_strength"":0.2,""boundary_enabled"":true,""conflict_enabled"":true,""conflict_pass"":0.1,""directional_enabled"":true,""directional_mix"":0,""min_cluster_fraction_of_equal"":0.01,""move_boundary_floor"":0.12,""pairwise_strength"":0.06,""self_return_strength"":0.35,""sweeps"":2,""trust_gate_enabled"":true,""trust_threshold"":0.45,""unary_view1_weight"":0.575}",PASS,,8969bc4739783aeece5d05115bf63be9f1a091bcbbbf7266a6c9fb1173d28410,331a1acf7adb1e499510522f2e852081032b0d97beed69a6dfbca8865f0a8e26,11,161,"[1154,622,1481,803,1018,1524,612,1821,161]",0.23632800579071045,0.23632800579071045,0.5273439884185791,0.28906241059303284,0.7105035781860352,0.6475537419319153,0.06782269998802803,0,0,0.5951939139914177,0.7166467848431805,0.716157047887094,0.6551839206211145,0.7283343304015986,0.7166467848431805,0.47621075208140273,0.04376125891149916,0.9585517947445165,9196,1,merged unique formal+refinement candidates,label-assisted family-level benchmark HPO
RNA_CHROMATIN,P22,CMBF_6e30163d2d5a5a1d,"{""anchor_strength"":0.14,""boundary_enabled"":true,""conflict_enabled"":true,""conflict_pass"":0.1,""directional_enabled"":true,""directional_mix"":0,""min_cluster_fraction_of_equal"":0.01,""move_boundary_floor"":0.18,""pairwise_strength"":0.1,""self_return_strength"":0.35,""sweeps"":1,""trust_gate_enabled"":true,""trust_threshold"":0.5,""unary_view1_weight"":0.575}",PASS,,53428480c6f9f7f34784dde41fed0dc8ad174db9819efec8324b03986fc34081,331a1acf7adb1e499510522f2e852081032b0d97beed69a6dfbca8865f0a8e26,10,161,"[1154,623,1481,803,1018,1524,611,1821,161]",0.23632800579071045,0.23632800579071045,0.5273439884185791,0.28906241059303284,0.7105035781860352,0.6475537419319153,0.035723499982850626,0,0,0.5952976585166873,0.7168152332977314,0.7163257872244679,0.6552727485214803,0.7285051782146643,0.7168152332977312,0.4762457520823162,0.04369178275291244,0.9585828188502467,9196,1,merged unique formal+refinement candidates,label-assisted family-level benchmark HPO
RNA_CHROMATIN,P22,CMBF_51a60fbe2a5e2a47,"{""anchor_strength"":0.14,""boundary_enabled"":true,""conflict_enabled"":true,""conflict_pass"":0.1,""directional_enabled"":true,""directional_mix"":0.5,""min_cluster_fraction_of_equal"":0.01,""move_boundary_floor"":0.24,""pairwise_strength"":0.06,""self_return_strength"":0.2,""sweeps"":1,""trust_gate_enabled"":true,""trust_threshold"":0.5,""unary_view1_weight"":0.575}",PASS,,8ea2062a93a91c751047c58c320dcfde2b1e69fad78801ab14abbb4054d7c45b,331a1acf7adb1e499510522f2e852081032b0d97beed69a6dfbca8865f0a8e26,9,163,"[1152,624,1481,803,1016,1524,610,1823,163]",0.2359982579946518,0.2359982579946518,0.5280035138130188,0.28879860043525696,0.7116533517837524,0.6466425061225891,0.034353199996985495,0,0,0.595608553805182,0.7176569040807204,0.7171689709371868,0.6555381260944692,0.7294140487284052,0.7176569040807202,0.4757986239172275,0.044563832858020375,0.9583966742158657,9196,1,merged unique formal+refinement candidates,label-assisted family-level benchmark HPO
RNA_CHROMATIN,P22,CMBF_d3efe77362d00519,"{""anchor_strength"":0.14,""boundary_enabled"":true,""conflict_enabled"":true,""conflict_pass"":0.1,""directional_enabled"":true,""directional_mix"":0.25,""min_cluster_fraction_of_equal"":0.01,""move_boundary_floor"":0.18,""pairwise_strength"":0.06,""self_return_strength"":0.2,""sweeps"":1,""trust_gate_enabled"":true,""trust_threshold"":0.35,""unary_view1_weight"":0.575}",PASS,,146d289e9fc3eafbfdddead4d357edcbec118804ffde671f3efbc2d4889b86a3,331a1acf7adb1e499510522f2e852081032b0d97beed69a6dfbca8865f0a8e26,11,163,"[1152,624,1481,803,1018,1524,610,1821,163]",0.23603671789169312,0.2360367327928543,0.5279265642166138,0.28882938623428345,0.7111976146697998,0.6470184326171875,0.03313870000420138,0,0,0.5962266975228605,0.7182960721898788,0.7178092591341017,0.6560639305646284,0.730086484975246,0.7182960721898789,0.47581266261403043,0.04459364466757919,0.9583346260044054,9196,1,merged unique formal+refinement candidates,label-assisted family-level benchmark HPO
RNA_CHROMATIN,P22,CMBF_8ab7df395b940537,"{""anchor_strength"":0.2,""boundary_enabled"":true,""conflict_enabled"":true,""conflict_pass"":0.1,""directional_enabled"":true,""directional_mix"":0.5,""min_cluster_fraction_of_equal"":0.01,""move_boundary_floor"":0.12,""pairwise_strength"":0.06,""self_return_strength"":0.2,""sweeps"":1,""trust_gate_enabled"":true,""trust_threshold"":0.45,""unary_view1_weight"":0.5}",PASS,,ab38b2b9a9c588ead8b06b367c37abe1b0840f8407d43dbe1bb4083a35aab680,331a1acf7adb1e499510522f2e852081032b0d97beed69a6dfbca8865f0a8e26,14,160,"[1153,623,1481,803,1018,1524,611,1823,160]",0.2359982579946518,0.2359982579946518,0.5280035138130188,0.28879860043525696,0.7116533517837524,0.6466425061225891,0.034572500007925555,0,0,0.5954542550293029,0.7170300293860263,0.7165409049497972,0.6554116668243142,0.7286671486900704,0.7170300293860263,0.4758738400167815,0.044418806623452566,0.9583346260044054,9196,1,merged unique formal+refinement candidates,label-assisted family-level benchmark HPO
RNA_CHROMATIN,P22,CMBF_8d6cf82ebfd75a48,"{""anchor_strength"":0.2,""boundary_enabled"":true,""conflict_enabled"":true,""conflict_pass"":0.1,""directional_enabled"":true,""directional_mix"":0,""min_cluster_fraction_of_equal"":0.01,""move_boundary_floor"":0.18,""pairwise_strength"":0.1,""self_return_strength"":0.2,""sweeps"":2,""trust_gate_enabled"":true,""trust_threshold"":0.45,""unary_view1_weight"":0.65}",PASS,,da7923ec990bb5156cffa2a30b6bfe68a8f9221556d9867e452ffe9cafee60bc,331a1acf7adb1e499510522f2e852081032b0d97beed69a6dfbca8865f0a8e26,13,160,"[1153,624,1481,803,1018,1524,610,1823,160]",0.23632800579071045,0.23632800579071045,0.5273439884185791,0.28906241059303284,0.7105035781860352,0.6475537419319153,0.0648613000230398,0,0,0.5955582260736165,0.7172007051224075,0.7167118754022384,0.655500688609913,0.7288401831547354,0.7172007051224075,0.47590886375152225,0.0443492754638932,0.9583656501101355,9196,1,merged unique formal+refinement candidates,label-assisted family-level benchmark HPO
RNA_CHROMATIN,MISAR_E15_5_S1,CMBF_450728760c08c470,"{""anchor_strength"":0.2,""boundary_enabled"":true,""conflict_enabled"":true,""conflict_pass"":0.1,""directional_enabled"":true,""directional_mix"":0,""min_cluster_fraction_of_equal"":0.01,""move_boundary_floor"":0.22,""pairwise_strength"":0.08,""self_return_strength"":0.2,""sweeps"":1,""trust_gate_enabled"":true,""trust_threshold"":0.4,""unary_view1_weight"":0.65}",PASS,,1e7f48d5c56302ba7e728af2f70df32fe0f52f3dc49d1118ad2509ce58675829,0c47bba6e9d2070df15578c8d6ab5effb1db01f01cb4d9c75edc8e5fa0873416,1,125,"[295,437,178,267,355,292,125]",0.2792040705680847,0.2792041003704071,0.4415918290615082,0.3233632743358612,0.676895260810852,0.625080943107605,0.0303624999942258,0,0,0.5416365903694235,0.6669488935833199,0.6651935851132983,0.6332069965196186,0.7051794837732301,0.6669488935833199,0.4799287696183175,0.048258962397380756,0.936631055173423,1949,1,merged unique formal+refinement candidates,label-assisted family-level benchmark HPO
RNA_CHROMATIN,MISAR_E15_5_S1,CMBF_eb883bd980b2e05f,"{""anchor_strength"":0.14,""boundary_enabled"":true,""conflict_enabled"":true,""conflict_pass"":0.1,""directional_enabled"":true,""directional_mix"":0.25,""min_cluster_fraction_of_equal"":0.01,""move_boundary_floor"":0.18,""pairwise_strength"":0.06,""self_return_strength"":0.35,""sweeps"":1,""trust_gate_enabled"":true,""trust_threshold"":0.35,""unary_view1_weight"":0.65}",PASS,,0c47bba6e9d2070df15578c8d6ab5effb1db01f01cb4d9c75edc8e5fa0873416,0c47bba6e9d2070df15578c8d6ab5effb1db01f01cb4d9c75edc8e5fa0873416,0,125,"[295,438,178,267,355,291,125]",0.2796866297721863,0.2796866297721863,0.44062674045562744,0.3237493336200714,0.6769638657569885,0.6247658133506775,0.042053299985127524,0,0,0.5414237853091904,0.6667977615565593,0.6650415476824866,0.6330318218564436,0.7049785660682982,0.6667977615565593,0.4805389153414107,0.046978386304957064,0.9372164495829065,1949,1,merged unique formal+refinement candidates,label-assisted family-level benchmark HPO
RNA_CHROMATIN,MISAR_E15_5_S1,CMBF_5946aa1eaeadc1dc,"{""anchor_strength"":0.08,""boundary_enabled"":true,""conflict_enabled"":true,""conflict_pass"":0.1,""directional_enabled"":true,""directional_mix"":0.25,""min_cluster_fraction_of_equal"":0.01,""move_boundary_floor"":0.18,""pairwise_strength"":0.08,""self_return_strength"":0.2,""sweeps"":1,""trust_gate_enabled"":true,""trust_threshold"":0.45,""unary_view1_weight"":0.575}",PASS,,ad62b3936f9ef44b94195b0acbcd068e1acc7c540ed3aa6754072b0aed57a153,0c47bba6e9d2070df15578c8d6ab5effb1db01f01cb4d9c75edc8e5fa0873416,10,117,"[295,438,178,272,355,294,117]",0.2796866297721863,0.2796866297721863,0.44062674045562744,0.3237493336200714,0.6769638657569885,0.6247658133506775,0.011033799994038418,0,0,0.5418548787453401,0.6670796165697859,0.6653225935904622,0.6333936927028704,0.7046024450237734,0.6670796165697859,0.47667567309609565,0.05406188710438914,0.9339967803307478,1949,1,merged unique formal+refinement candidates,label-assisted family-level benchmark HPO
RNA_CHROMATIN,MISAR_E15_5_S1,CMBF_981788f4bd54dd9f,"{""anchor_strength"":0.08,""boundary_enabled"":true,""conflict_enabled"":true,""conflict_pass"":0.1,""directional_enabled"":true,""directional_mix"":0.5,""min_cluster_fraction_of_equal"":0.01,""move_boundary_floor"":0.12,""pairwise_strength"":0.1,""self_return_strength"":0.2,""sweeps"":2,""trust_gate_enabled"":true,""trust_threshold"":0.45,""unary_view1_weight"":0.575}",PASS,,02eb43e4817b0d14a91a52caaecb8d0a55532f5036ab289a67a002d4187ec4cc,0c47bba6e9d2070df15578c8d6ab5effb1db01f01cb4d9c75edc8e5fa0873416,12,115,"[295,440,178,272,355,294,115]",0.28000232577323914,0.28000232577323914,0.43999534845352173,0.32400187849998474,0.6771746873855591,0.6243652105331421,0.020358300011139363,0,0,0.540995000420662,0.6664574621190174,0.6646962939532278,0.632688715287089,0.7036758467964086,0.6664574621190174,0.4758517994545011,0.05604061366357002,0.9335577345236353,1949,1,merged unique formal+refinement candidates,label-assisted family-level benchmark HPO
RNA_CHROMATIN,MISAR_E15_5_S1,CMBF_981374d9018108c3,"{""anchor_strength"":0.08,""boundary_enabled"":true,""conflict_enabled"":true,""conflict_pass"":0.1,""directional_enabled"":true,""directional_mix"":0.5,""min_cluster_fraction_of_equal"":0.01,""move_boundary_floor"":0.18,""pairwise_strength"":0.1,""self_return_strength"":0.35,""sweeps"":2,""trust_gate_enabled"":true,""trust_threshold"":0.4,""unary_view1_weight"":0.65}",PASS,,0c47bba6e9d2070df15578c8d6ab5effb1db01f01cb4d9c75edc8e5fa0873416,0c47bba6e9d2070df15578c8d6ab5effb1db01f01cb4d9c75edc8e5fa0873416,0,125,"[295,438,178,267,355,291,125]",0.28000232577323914,0.28000232577323914,0.43999534845352173,0.32400187849998474,0.6771746873855591,0.6243652105331421,0.008317900006659329,0,0,0.5414237853091904,0.6667977615565593,0.6650415476824866,0.6330318218564436,0.7049785660682982,0.6667977615565593,0.4805389153414107,0.046978386304957064,0.9372164495829065,1949,1,merged unique formal+refinement candidates,label-assisted family-level benchmark HPO
RNA_CHROMATIN,MISAR_E15_5_S1,CMBF_bc3d17651ac8dafc,"{""anchor_strength"":0.08,""boundary_enabled"":true,""conflict_enabled"":true,""conflict_pass"":0.1,""directional_enabled"":true,""directional_mix"":0.25,""min_cluster_fraction_of_equal"":0.01,""move_boundary_floor"":0.24,""pairwise_strength"":0.08,""self_return_strength"":0.2,""sweeps"":1,""trust_gate_enabled"":true,""trust_threshold"":0.5,""unary_view1_weight"":0.5}",PASS,,e7d9f33eec02a3fad663f37643b763024b7bbb1555932fe08545e9d0c06f28bb,0c47bba6e9d2070df15578c8d6ab5effb1db01f01cb4d9c75edc8e5fa0873416,11,116,"[295,438,178,272,355,295,116]",0.2796866297721863,0.2796866297721863,0.44062674045562744,0.3237493336200714,0.6769638657569885,0.6247658133506775,0.01121719999355264,0,0,0.5415161252482531,0.6659944564142101,0.6642313845586015,0.6331153212234505,0.7033624343280942,0.6659944564142101,0.4768779465811624,0.05377777047037652,0.9337040831260062,1949,1,merged unique formal+refinement candidates,label-assisted family-level benchmark HPO
RNA_CHROMATIN,MISAR_E15_5_S1,CMBF_79cdcfd44ed885d9,"{""anchor_strength"":0.08,""boundary_enabled"":true,""conflict_enabled"":true,""conflict_pass"":0.1,""directional_enabled"":true,""directional_mix"":0.5,""min_cluster_fraction_of_equal"":0.01,""move_boundary_floor"":0.18,""pairwise_strength"":0.1,""self_return_strength"":0.35,""sweeps"":1,""trust_gate_enabled"":true,""trust_threshold"":0.45,""unary_view1_weight"":0.575}",PASS,,b1035a248c0d1f71543cb90bbec253a4a8ebf5a5de4407fda977824bd49969c2,0c47bba6e9d2070df15578c8d6ab5effb1db01f01cb4d9c75edc8e5fa0873416,2,123,"[295,439,178,268,355,291,123]",0.28000232577323914,0.28000232577323914,0.43999534845352173,0.32400187849998474,0.6771746873855591,0.6243652105331421,0.011151100014103577,0,0,0.5416586864740808,0.667474518873264,0.665721209854262,0.6332276721010424,0.7054880754148941,0.6674745188732641,0.4789163376256754,0.049832490862190104,0.9360456607639397,1949,1,merged unique formal+refinement candidates,label-assisted family-level benchmark HPO
RNA_CHROMATIN,MISAR_E15_5_S1,CMBF_0eadeced77d2bc6b,"{""anchor_strength"":0.14,""boundary_enabled"":true,""conflict_enabled"":true,""conflict_pass"":0.1,""directional_enabled"":true,""directional_mix"":0,""min_cluster_fraction_of_equal"":0.01,""move_boundary_floor"":0.12,""pairwise_strength"":0.1,""self_return_strength"":0.35,""sweeps"":1,""trust_gate_enabled"":true,""trust_threshold"":0.4,""unary_view1_weight"":0.5}",PASS,,0c47bba6e9d2070df15578c8d6ab5effb1db01f01cb4d9c75edc8e5fa0873416,0c47bba6e9d2070df15578c8d6ab5effb1db01f01cb4d9c75edc8e5fa0873416,0,125,"[295,438,178,267,355,291,125]",0.2792040705680847,0.2792041003704071,0.4415918290615082,0.3233632743358612,0.676895260810852,0.625080943107605,0.008965900022303686,0,0,0.5414237853091904,0.6667977615565593,0.6650415476824866,0.6330318218564436,0.7049785660682982,0.6667977615565593,0.4805389153414107,0.046978386304957064,0.9372164495829065,1949,1,merged unique formal+refinement candidates,label-assisted family-level benchmark HPO
RNA_CHROMATIN,MISAR_E15_5_S1,CMBF_3b42610e68e2c200,"{""anchor_strength"":0.14,""boundary_enabled"":true,""conflict_enabled"":true,""conflict_pass"":0.1,""directional_enabled"":true,""directional_mix"":0.25,""min_cluster_fraction_of_equal"":0.01,""move_boundary_floor"":0.18,""pairwise_strength"":0.06,""self_return_strength"":0.35,""sweeps"":1,""trust_gate_enabled"":true,""trust_threshold"":0.35,""unary_view1_weight"":0.5}",PASS,,0c47bba6e9d2070df15578c8d6ab5effb1db01f01cb4d9c75edc8e5fa0873416,0c47bba6e9d2070df15578c8d6ab5effb1db01f01cb4d9c75edc8e5fa0873416,0,125,"[295,438,178,267,355,291,125]",0.2796866297721863,0.2796866297721863,0.44062674045562744,0.3237493336200714,0.6769638657569885,0.6247658133506775,0.007738300017081201,0,0,0.5414237853091904,0.6667977615565593,0.6650415476824866,0.6330318218564436,0.7049785660682982,0.6667977615565593,0.4805389153414107,0.046978386304957064,0.9372164495829065,1949,1,merged unique formal+refinement candidates,label-assisted family-level benchmark HPO
RNA_CHROMATIN,MISAR_E15_5_S1,CMBF_730931bfa98267b9,"{""anchor_strength"":0.08,""boundary_enabled"":true,""conflict_enabled"":true,""conflict_pass"":0.1,""directional_enabled"":true,""directional_mix"":0.5,""min_cluster_fraction_of_equal"":0.01,""move_boundary_floor"":0.18,""pairwise_strength"":0.1,""self_return_strength"":0.35,""sweeps"":1,""trust_gate_enabled"":true,""trust_threshold"":0.4,""unary_view1_weight"":0.575}",PASS,,0c47bba6e9d2070df15578c8d6ab5effb1db01f01cb4d9c75edc8e5fa0873416,0c47bba6e9d2070df15578c8d6ab5effb1db01f01cb4d9c75edc8e5fa0873416,0,125,"[295,438,178,267,355,291,125]",0.28000232577323914,0.28000232577323914,0.43999534845352173,0.32400187849998474,0.6771746873855591,0.6243652105331421,0.04859849999775179,0,0,0.5414237853091904,0.6667977615565593,0.6650415476824866,0.6330318218564436,0.7049785660682982,0.6667977615565593,0.4805389153414107,0.046978386304957064,0.9372164495829065,1949,1,merged unique formal+refinement candidates,label-assisted family-level benchmark HPO
RNA_CHROMATIN,MISAR_E15_5_S1,CMBF_3ab4712dd41ba5a5,"{""anchor_strength"":0.08,""boundary_enabled"":true,""conflict_enabled"":true,""conflict_pass"":0.1,""directional_enabled"":true,""directional_mix"":0.5,""min_cluster_fraction_of_equal"":0.01,""move_boundary_floor"":0.24,""pairwise_strength"":0.1,""self_return_strength"":0.35,""sweeps"":1,""trust_gate_enabled"":true,""trust_threshold"":0.45,""unary_view1_weight"":0.575}",PASS,,b1035a248c0d1f71543cb90bbec253a4a8ebf5a5de4407fda977824bd49969c2,0c47bba6e9d2070df15578c8d6ab5effb1db01f01cb4d9c75edc8e5fa0873416,2,123,"[295,439,178,268,355,291,123]",0.28000232577323914,0.28000232577323914,0.43999534845352173,0.32400187849998474,0.6771746873855591,0.6243652105331421,0.010401600011391565,0,0,0.5416586864740808,0.667474518873264,0.665721209854262,0.6332276721010424,0.7054880754148941,0.6674745188732641,0.4789163376256754,0.049832490862190104,0.9360456607639397,1949,1,merged unique formal+refinement candidates,label-assisted family-level benchmark HPO
RNA_CHROMATIN,MISAR_E15_5_S1,CMBF_1bc8c12ab60d1a90,"{""anchor_strength"":0.14,""boundary_enabled"":true,""conflict_enabled"":true,""conflict_pass"":0.1,""directional_enabled"":true,""directional_mix"":0.25,""min_cluster_fraction_of_equal"":0.01,""move_boundary_floor"":0.24,""pairwise_strength"":0.1,""self_return_strength"":0.35,""sweeps"":2,""trust_gate_enabled"":true,""trust_threshold"":0.4,""unary_view1_weight"":0.575}",PASS,,0c47bba6e9d2070df15578c8d6ab5effb1db01f01cb4d9c75edc8e5fa0873416,0c47bba6e9d2070df15578c8d6ab5effb1db01f01cb4d9c75edc8e5fa0873416,0,125,"[295,438,178,267,355,291,125]",0.2796866297721863,0.2796866297721863,0.44062674045562744,0.3237493336200714,0.6769638657569885,0.6247658133506775,0.007496000005630776,0,0,0.5414237853091904,0.6667977615565593,0.6650415476824866,0.6330318218564436,0.7049785660682982,0.6667977615565593,0.4805389153414107,0.046978386304957064,0.9372164495829065,1949,1,merged unique formal+refinement candidates,label-assisted family-level benchmark HPO
RNA_CHROMATIN,MISAR_E15_5_S1,CMBF_7a05fc5a75186092,"{""anchor_strength"":0.08,""boundary_enabled"":true,""conflict_enabled"":true,""conflict_pass"":0.1,""directional_enabled"":true,""directional_mix"":0,""min_cluster_fraction_of_equal"":0.01,""move_boundary_floor"":0.12,""pairwise_strength"":0.06,""self_return_strength"":0.2,""sweeps"":2,""trust_gate_enabled"":true,""trust_threshold"":0.4,""unary_view1_weight"":0.65}",PASS,,2162175fc403a700a2c09a825568db61340b92af0eb5b448d1560223c32b9a07,0c47bba6e9d2070df15578c8d6ab5effb1db01f01cb4d9c75edc8e5fa0873416,3,125,"[296,436,178,267,354,293,125]",0.2792040705680847,0.2792041003704071,0.4415918290615082,0.3233632743358612,0.676895260810852,0.625080943107605,0.015536299993982539,0,0,0.5418978403411326,0.6659972526725605,0.6642370857687195,0.6334220747465209,0.7042322029854184,0.6659972526725605,0.4790071825573819,0.05014847327142727,0.935752963559198,1949,1,merged unique formal+refinement candidates,label-assisted family-level benchmark HPO
RNA_CHROMATIN,MISAR_E15_5_S1,CMBF_9ee0c73260c9099d,"{""anchor_strength"":0.08,""boundary_enabled"":true,""conflict_enabled"":true,""conflict_pass"":0.1,""directional_enabled"":true,""directional_mix"":0.5,""min_cluster_fraction_of_equal"":0.01,""move_boundary_floor"":0.12,""pairwise_strength"":0.1,""self_return_strength"":0.2,""sweeps"":2,""trust_gate_enabled"":true,""trust_threshold"":0.45,""unary_view1_weight"":0.5}",PASS,,02eb43e4817b0d14a91a52caaecb8d0a55532f5036ab289a67a002d4187ec4cc,0c47bba6e9d2070df15578c8d6ab5effb1db01f01cb4d9c75edc8e5fa0873416,12,115,"[295,440,178,272,355,294,115]",0.28000232577323914,0.28000232577323914,0.43999534845352173,0.32400187849998474,0.6771746873855591,0.6243652105331421,0.020273900008760393,0,0,0.540995000420662,0.6664574621190174,0.6646962939532278,0.632688715287089,0.7036758467964086,0.6664574621190174,0.4758517994545011,0.05604061366357002,0.9335577345236353,1949,1,merged unique formal+refinement candidates,label-assisted family-level benchmark HPO
RNA_CHROMATIN,MISAR_E15_5_S1,CMBF_f1af3d731cc7df5d,"{""anchor_strength"":0.08,""boundary_enabled"":true,""conflict_enabled"":true,""conflict_pass"":0.1,""directional_enabled"":true,""directional_mix"":0.25,""min_cluster_fraction_of_equal"":0.01,""move_boundary_floor"":0.24,""pairwise_strength"":0.08,""self_return_strength"":0.35,""sweeps"":2,""trust_gate_enabled"":true,""trust_threshold"":0.45,""unary_view1_weight"":0.65}",PASS,,df83bcc08b2245c7a942a2098b933604b0d79d3a9439fe94ceb4e63693322b46,0c47bba6e9d2070df15578c8d6ab5effb1db01f01cb4d9c75edc8e5fa0873416,3,122,"[295,440,178,268,355,291,122]",0.2796866297721863,0.2796866297721863,0.44062674045562744,0.3237493336200714,0.6769638657569885,0.6247658133506775,0.017482600000221282,0,0,0.5412290946324602,0.6671564349658862,0.6654010444542202,0.6328746809806721,0.705022421214253,0.6671564349658863,0.4779497577783716,0.05192775473222767,0.9354602663544563,1949,1,merged unique formal+refinement candidates,label-assisted family-level benchmark HPO
RNA_CHROMATIN,MISAR_E15_5_S1,CMBF_f4bba12ae8d70be8,"{""anchor_strength"":0.08,""boundary_enabled"":true,""conflict_enabled"":true,""conflict_pass"":0.1,""directional_enabled"":true,""directional_mix"":0.25,""min_cluster_fraction_of_equal"":0.01,""move_boundary_floor"":0.24,""pairwise_strength"":0.08,""self_return_strength"":0.2,""sweeps"":1,""trust_gate_enabled"":true,""trust_threshold"":0.45,""unary_view1_weight"":0.575}",PASS,,ad62b3936f9ef44b94195b0acbcd068e1acc7c540ed3aa6754072b0aed57a153,0c47bba6e9d2070df15578c8d6ab5effb1db01f01cb4d9c75edc8e5fa0873416,10,117,"[295,438,178,272,355,294,117]",0.2796866297721863,0.2796866297721863,0.44062674045562744,0.3237493336200714,0.6769638657569885,0.6247658133506775,0.009491000004345551,0,0,0.5418548787453401,0.6670796165697859,0.6653225935904622,0.6333936927028704,0.7046024450237734,0.6670796165697859,0.47667567309609565,0.05406188710438914,0.9339967803307478,1949,1,merged unique formal+refinement candidates,label-assisted family-level benchmark HPO
RNA_CHROMATIN,MISAR_E15_5_S1,CMBF_8efd43a884ce1ae6,"{""anchor_strength"":0.08,""boundary_enabled"":true,""conflict_enabled"":true,""conflict_pass"":0.1,""directional_enabled"":true,""directional_mix"":0.25,""min_cluster_fraction_of_equal"":0.01,""move_boundary_floor"":0.18,""pairwise_strength"":0.06,""self_return_strength"":0.35,""sweeps"":2,""trust_gate_enabled"":true,""trust_threshold"":0.35,""unary_view1_weight"":0.5}",PASS,,0c47bba6e9d2070df15578c8d6ab5effb1db01f01cb4d9c75edc8e5fa0873416,0c47bba6e9d2070df15578c8d6ab5effb1db01f01cb4d9c75edc8e5fa0873416,0,125,"[295,438,178,267,355,291,125]",0.2796866297721863,0.2796866297721863,0.44062674045562744,0.3237493336200714,0.6769638657569885,0.6247658133506775,0.008066799986409023,0,0,0.5414237853091904,0.6667977615565593,0.6650415476824866,0.6330318218564436,0.7049785660682982,0.6667977615565593,0.4805389153414107,0.046978386304957064,0.9372164495829065,1949,1,merged unique formal+refinement candidates,label-assisted family-level benchmark HPO
RNA_CHROMATIN,MISAR_E15_5_S1,CMBF_7325fb16efc0a034,"{""anchor_strength"":0.14,""boundary_enabled"":true,""conflict_enabled"":true,""conflict_pass"":0.1,""directional_enabled"":true,""directional_mix"":0.5,""min_cluster_fraction_of_equal"":0.01,""move_boundary_floor"":0.24,""pairwise_strength"":0.08,""self_return_strength"":0.35,""sweeps"":2,""trust_gate_enabled"":true,""trust_threshold"":0.4,""unary_view1_weight"":0.575}",PASS,,0c47bba6e9d2070df15578c8d6ab5effb1db01f01cb4d9c75edc8e5fa0873416,0c47bba6e9d2070df15578c8d6ab5effb1db01f01cb4d9c75edc8e5fa0873416,0,125,"[295,438,178,267,355,291,125]",0.28000232577323914,0.28000232577323914,0.43999534845352173,0.32400187849998474,0.6771746873855591,0.6243652105331421,0.008208899991586804,0,0,0.5414237853091904,0.6667977615565593,0.6650415476824866,0.6330318218564436,0.7049785660682982,0.6667977615565593,0.4805389153414107,0.046978386304957064,0.9372164495829065,1949,1,merged unique formal+refinement candidates,label-assisted family-level benchmark HPO
RNA_CHROMATIN,MISAR_E15_5_S1,CMBF_8c363b60f2f23355,"{""anchor_strength"":0.2,""boundary_enabled"":true,""conflict_enabled"":true,""conflict_pass"":0.1,""directional_enabled"":true,""directional_mix"":0.5,""min_cluster_fraction_of_equal"":0.01,""move_boundary_floor"":0.18,""pairwise_strength"":0.1,""self_return_strength"":0.2,""sweeps"":1,""trust_gate_enabled"":true,""trust_threshold"":0.35,""unary_view1_weight"":0.65}",PASS,,1e7f48d5c56302ba7e728af2f70df32fe0f52f3dc49d1118ad2509ce58675829,0c47bba6e9d2070df15578c8d6ab5effb1db01f01cb4d9c75edc8e5fa0873416,1,125,"[295,437,178,267,355,292,125]",0.28000232577323914,0.28000232577323914,0.43999534845352173,0.32400187849998474,0.6771746873855591,0.6243652105331421,0.007524299988290295,0,0,0.5416365903694235,0.6669488935833199,0.6651935851132983,0.6332069965196186,0.7051794837732301,0.6669488935833199,0.4799287696183175,0.048258962397380756,0.936631055173423,1949,1,merged unique formal+refinement candidates,label-assisted family-level benchmark HPO
RNA_CHROMATIN,MISAR_E15_5_S1,CMBF_3ea2b0d9eba19f1c,"{""anchor_strength"":0.14,""boundary_enabled"":true,""conflict_enabled"":true,""conflict_pass"":0.1,""directional_enabled"":true,""directional_mix"":0.25,""min_cluster_fraction_of_equal"":0.01,""move_boundary_floor"":0.18,""pairwise_strength"":0.08,""self_return_strength"":0.35,""sweeps"":1,""trust_gate_enabled"":true,""trust_threshold"":0.35,""unary_view1_weight"":0.575}",PASS,,0c47bba6e9d2070df15578c8d6ab5effb1db01f01cb4d9c75edc8e5fa0873416,0c47bba6e9d2070df15578c8d6ab5effb1db01f01cb4d9c75edc8e5fa0873416,0,125,"[295,438,178,267,355,291,125]",0.2796866297721863,0.2796866297721863,0.44062674045562744,0.3237493336200714,0.6769638657569885,0.6247658133506775,0.008011400001123548,0,0,0.5414237853091904,0.6667977615565593,0.6650415476824866,0.6330318218564436,0.7049785660682982,0.6667977615565593,0.4805389153414107,0.046978386304957064,0.9372164495829065,1949,1,merged unique formal+refinement candidates,label-assisted family-level benchmark HPO
RNA_CHROMATIN,MISAR_E15_5_S1,CMBF_7dd1427ca7e79485,"{""anchor_strength"":0.2,""boundary_enabled"":true,""conflict_enabled"":true,""conflict_pass"":0.1,""directional_enabled"":true,""directional_mix"":0.25,""min_cluster_fraction_of_equal"":0.01,""move_boundary_floor"":0.24,""pairwise_strength"":0.1,""self_return_strength"":0.35,""sweeps"":1,""trust_gate_enabled"":true,""trust_threshold"":0.35,""unary_view1_weight"":0.65}",PASS,,0c47bba6e9d2070df15578c8d6ab5effb1db01f01cb4d9c75edc8e5fa0873416,0c47bba6e9d2070df15578c8d6ab5effb1db01f01cb4d9c75edc8e5fa0873416,0,125,"[295,438,178,267,355,291,125]",0.2796866297721863,0.2796866297721863,0.44062674045562744,0.3237493336200714,0.6769638657569885,0.6247658133506775,0.007338099996559322,0,0,0.5414237853091904,0.6667977615565593,0.6650415476824866,0.6330318218564436,0.7049785660682982,0.6667977615565593,0.4805389153414107,0.046978386304957064,0.9372164495829065,1949,1,merged unique formal+refinement candidates,label-assisted family-level benchmark HPO
RNA_CHROMATIN,MISAR_E15_5_S1,CMBF_fc225570a2a39612,"{""anchor_strength"":0.14,""boundary_enabled"":true,""conflict_enabled"":true,""conflict_pass"":0.1,""directional_enabled"":true,""directional_mix"":0.5,""min_cluster_fraction_of_equal"":0.01,""move_boundary_floor"":0.12,""pairwise_strength"":0.06,""self_return_strength"":0.2,""sweeps"":1,""trust_gate_enabled"":true,""trust_threshold"":0.4,""unary_view1_weight"":0.575}",PASS,,d50d8ec7fb84b7e9768810346877f78eadce24164437f2f8297c8926f9724089,0c47bba6e9d2070df15578c8d6ab5effb1db01f01cb4d9c75edc8e5fa0873416,2,125,"[295,436,178,267,355,293,125]",0.28000232577323914,0.28000232577323914,0.43999534845352173,0.32400187849998474,0.6771746873855591,0.6243652105331421,0.009125600015977398,0,0,0.5417336862171229,0.6658078446506112,0.6640466300497772,0.6332866924423224,0.704013511823691,0.6658078446506112,0.4792671646835879,0.04953871984361233,0.9360456607639397,1949,1,merged unique formal+refinement candidates,label-assisted family-level benchmark HPO
RNA_CHROMATIN,MISAR_E15_5_S1,CMBF_48bbaf589369fff6,"{""anchor_strength"":0.08,""boundary_enabled"":true,""conflict_enabled"":true,""conflict_pass"":0.1,""directional_enabled"":true,""directional_mix"":0.5,""min_cluster_fraction_of_equal"":0.01,""move_boundary_floor"":0.24,""pairwise_strength"":0.08,""self_return_strength"":0.2,""sweeps"":1,""trust_gate_enabled"":true,""trust_threshold"":0.45,""unary_view1_weight"":0.5}",PASS,,ad62b3936f9ef44b94195b0acbcd068e1acc7c540ed3aa6754072b0aed57a153,0c47bba6e9d2070df15578c8d6ab5effb1db01f01cb4d9c75edc8e5fa0873416,10,117,"[295,438,178,272,355,294,117]",0.28000232577323914,0.28000232577323914,0.43999534845352173,0.32400187849998474,0.6771746873855591,0.6243652105331421,0.009427799988770857,0,0,0.5418548787453401,0.6670796165697859,0.6653225935904622,0.6333936927028704,0.7046024450237734,0.6670796165697859,0.47667567309609565,0.05406188710438914,0.9339967803307478,1949,1,merged unique formal+refinement candidates,label-assisted family-level benchmark HPO
RNA_CHROMATIN,MISAR_E15_5_S1,CMBF_824b92eb728b3201,"{""anchor_strength"":0.08,""boundary_enabled"":true,""conflict_enabled"":true,""conflict_pass"":0.1,""directional_enabled"":true,""directional_mix"":0,""min_cluster_fraction_of_equal"":0.01,""move_boundary_floor"":0.18,""pairwise_strength"":0.06,""self_return_strength"":0.35,""sweeps"":1,""trust_gate_enabled"":true,""trust_threshold"":0.4,""unary_view1_weight"":0.5}",PASS,,0c47bba6e9d2070df15578c8d6ab5effb1db01f01cb4d9c75edc8e5fa0873416,0c47bba6e9d2070df15578c8d6ab5effb1db01f01cb4d9c75edc8e5fa0873416,0,125,"[295,438,178,267,355,291,125]",0.2792040705680847,0.2792041003704071,0.4415918290615082,0.3233632743358612,0.676895260810852,0.625080943107605,0.007860199984861538,0,0,0.5414237853091904,0.6667977615565593,0.6650415476824866,0.6330318218564436,0.7049785660682982,0.6667977615565593,0.4805389153414107,0.046978386304957064,0.9372164495829065,1949,1,merged unique formal+refinement candidates,label-assisted family-level benchmark HPO
RNA_CHROMATIN,MISAR_E15_5_S1,CMBF_824b9fe2fe6bebad,"{""anchor_strength"":0.2,""boundary_enabled"":true,""conflict_enabled"":true,""conflict_pass"":0.1,""directional_enabled"":true,""directional_mix"":0,""min_cluster_fraction_of_equal"":0.01,""move_boundary_floor"":0.12,""pairwise_strength"":0.06,""self_return_strength"":0.35,""sweeps"":2,""trust_gate_enabled"":true,""trust_threshold"":0.45,""unary_view1_weight"":0.575}",PASS,,a11a2fa573c3f697cbe2c48fde1193477bbe969af45272a5e5f748fa0bf4e49e,0c47bba6e9d2070df15578c8d6ab5effb1db01f01cb4d9c75edc8e5fa0873416,5,120,"[295,441,178,268,355,292,120]",0.2792040705680847,0.2792041003704071,0.4415918290615082,0.3233632743358612,0.676895260810852,0.625080943107605,0.020366799988551065,0,0,0.5407072970896445,0.6679993437245588,0.6662476896733203,0.6324470243358394,0.7056928610711428,0.6679993437245587,0.4781425394366655,0.051480593093151915,0.9354602663544563,1949,1,merged unique formal+refinement candidates,label-assisted family-level benchmark HPO
RNA_CHROMATIN,MISAR_E15_5_S1,CMBF_6e30163d2d5a5a1d,"{""anchor_strength"":0.14,""boundary_enabled"":true,""conflict_enabled"":true,""conflict_pass"":0.1,""directional_enabled"":true,""directional_mix"":0,""min_cluster_fraction_of_equal"":0.01,""move_boundary_floor"":0.18,""pairwise_strength"":0.1,""self_return_strength"":0.35,""sweeps"":1,""trust_gate_enabled"":true,""trust_threshold"":0.5,""unary_view1_weight"":0.575}",PASS,,e439b162242a3d63912baea659a90bfae637be05875c901adb4deb873716dab6,0c47bba6e9d2070df15578c8d6ab5effb1db01f01cb4d9c75edc8e5fa0873416,6,119,"[295,440,178,270,355,292,119]",0.2792040705680847,0.2792041003704071,0.4415918290615082,0.3233632743358612,0.676895260810852,0.625080943107605,0.01190029998542741,0,0,0.5413381657467519,0.6680714854153346,0.6663200621169874,0.632967335446928,0.7057367859299107,0.6680714854153346,0.4782396816832793,0.05113170026828954,0.9353139177520855,1949,1,merged unique formal+refinement candidates,label-assisted family-level benchmark HPO
RNA_CHROMATIN,MISAR_E15_5_S1,CMBF_51a60fbe2a5e2a47,"{""anchor_strength"":0.14,""boundary_enabled"":true,""conflict_enabled"":true,""conflict_pass"":0.1,""directional_enabled"":true,""directional_mix"":0.5,""min_cluster_fraction_of_equal"":0.01,""move_boundary_floor"":0.24,""pairwise_strength"":0.06,""self_return_strength"":0.2,""sweeps"":1,""trust_gate_enabled"":true,""trust_threshold"":0.5,""unary_view1_weight"":0.575}",PASS,,ad62b3936f9ef44b94195b0acbcd068e1acc7c540ed3aa6754072b0aed57a153,0c47bba6e9d2070df15578c8d6ab5effb1db01f01cb4d9c75edc8e5fa0873416,10,117,"[295,438,178,272,355,294,117]",0.28000232577323914,0.28000232577323914,0.43999534845352173,0.32400187849998474,0.6771746873855591,0.6243652105331421,0.0110055000113789,0,0,0.5418548787453401,0.6670796165697859,0.6653225935904622,0.6333936927028704,0.7046024450237734,0.6670796165697859,0.47667567309609565,0.05406188710438914,0.9339967803307478,1949,1,merged unique formal+refinement candidates,label-assisted family-level benchmark HPO
RNA_CHROMATIN,MISAR_E15_5_S1,CMBF_d3efe77362d00519,"{""anchor_strength"":0.14,""boundary_enabled"":true,""conflict_enabled"":true,""conflict_pass"":0.1,""directional_enabled"":true,""directional_mix"":0.25,""min_cluster_fraction_of_equal"":0.01,""move_boundary_floor"":0.18,""pairwise_strength"":0.06,""self_return_strength"":0.2,""sweeps"":1,""trust_gate_enabled"":true,""trust_threshold"":0.35,""unary_view1_weight"":0.575}",PASS,,d50d8ec7fb84b7e9768810346877f78eadce24164437f2f8297c8926f9724089,0c47bba6e9d2070df15578c8d6ab5effb1db01f01cb4d9c75edc8e5fa0873416,2,125,"[295,436,178,267,355,293,125]",0.2796866297721863,0.2796866297721863,0.44062674045562744,0.3237493336200714,0.6769638657569885,0.6247658133506775,0.007666999998036772,0,0,0.5417336862171229,0.6658078446506112,0.6640466300497772,0.6332866924423224,0.704013511823691,0.6658078446506112,0.4792671646835879,0.04953871984361233,0.9360456607639397,1949,1,merged unique formal+refinement candidates,label-assisted family-level benchmark HPO
RNA_CHROMATIN,MISAR_E15_5_S1,CMBF_8ab7df395b940537,"{""anchor_strength"":0.2,""boundary_enabled"":true,""conflict_enabled"":true,""conflict_pass"":0.1,""directional_enabled"":true,""directional_mix"":0.5,""min_cluster_fraction_of_equal"":0.01,""move_boundary_floor"":0.12,""pairwise_strength"":0.06,""self_return_strength"":0.2,""sweeps"":1,""trust_gate_enabled"":true,""trust_threshold"":0.45,""unary_view1_weight"":0.5}",PASS,,ad62b3936f9ef44b94195b0acbcd068e1acc7c540ed3aa6754072b0aed57a153,0c47bba6e9d2070df15578c8d6ab5effb1db01f01cb4d9c75edc8e5fa0873416,10,117,"[295,438,178,272,355,294,117]",0.28000232577323914,0.28000232577323914,0.43999534845352173,0.32400187849998474,0.6771746873855591,0.6243652105331421,0.010564800002612174,0,0,0.5418548787453401,0.6670796165697859,0.6653225935904622,0.6333936927028704,0.7046024450237734,0.6670796165697859,0.47667567309609565,0.05406188710438914,0.9339967803307478,1949,1,merged unique formal+refinement candidates,label-assisted family-level benchmark HPO
RNA_CHROMATIN,MISAR_E15_5_S1,CMBF_8d6cf82ebfd75a48,"{""anchor_strength"":0.2,""boundary_enabled"":true,""conflict_enabled"":true,""conflict_pass"":0.1,""directional_enabled"":true,""directional_mix"":0,""min_cluster_fraction_of_equal"":0.01,""move_boundary_floor"":0.18,""pairwise_strength"":0.1,""self_return_strength"":0.2,""sweeps"":2,""trust_gate_enabled"":true,""trust_threshold"":0.45,""unary_view1_weight"":0.65}",PASS,,d95ad327cedebaeb0cef49dd75820488eca7914593502990bd510d8ae4e94249,0c47bba6e9d2070df15578c8d6ab5effb1db01f01cb4d9c75edc8e5fa0873416,10,116,"[295,441,178,271,355,293,116]",0.2792040705680847,0.2792041003704071,0.4415918290615082,0.3233632743358612,0.676895260810852,0.625080943107605,0.020516899996437132,0,0,0.5402428661594982,0.6664729222000061,0.6647120293652763,0.6320684264440607,0.7037375875351258,0.6664729222000062,0.47647034053399795,0.054844943131271494,0.9339967803307478,1949,1,merged unique formal+refinement candidates,label-assisted family-level benchmark HPO
RNA_CHROMATIN,P22,CMBF_03518c726652af07,"{""anchor_strength"":0,""boundary_enabled"":true,""conflict_enabled"":true,""conflict_pass"":0,""directional_enabled"":true,""directional_mix"":0,""min_cluster_fraction_of_equal"":0.01,""move_boundary_floor"":0.1,""pairwise_strength"":0,""self_return_strength"":0,""sweeps"":0,""trust_gate_enabled"":true,""trust_threshold"":0.55,""unary_view1_weight"":0.5}",PASS,,331a1acf7adb1e499510522f2e852081032b0d97beed69a6dfbca8865f0a8e26,331a1acf7adb1e499510522f2e852081032b0d97beed69a6dfbca8865f0a8e26,0,167,"[1154,623,1481,803,1015,1524,610,1819,167]",0.23632800579071045,0.23632800579071045,0.5273439884185791,0.23632800579071045,0.7632460594177246,0.6475537419319153,0.13487899999017827,0,0,0.5955516462857395,0.7179305602206435,0.7174432596967804,0.6554770871185194,0.7298653625776463,0.7179305602206435,0.47635808360377363,0.04343591366488481,0.9588310116960879,9196,1,merged unique formal+refinement candidates,label-assisted family-level benchmark HPO
RNA_CHROMATIN,P22,CMBF_fe331408bbee597d,"{""anchor_strength"":0.2,""boundary_enabled"":true,""conflict_enabled"":true,""conflict_pass"":0.1,""directional_enabled"":true,""directional_mix"":0.25,""min_cluster_fraction_of_equal"":0.01,""move_boundary_floor"":0.2,""pairwise_strength"":0.07,""self_return_strength"":0.2,""sweeps"":1,""trust_gate_enabled"":true,""trust_threshold"":0.4,""unary_view1_weight"":0.6125}",PASS,,8ce14f35586c68aa61cf1f764dae5f8ec963ae824f63f4b91b3f2acc8847c512,331a1acf7adb1e499510522f2e852081032b0d97beed69a6dfbca8865f0a8e26,11,162,"[1153,624,1481,803,1018,1524,610,1821,162]",0.23603671789169312,0.2360367327928543,0.5279265642166138,0.28882938623428345,0.7111976146697998,0.6470184326171875,0.2170791999960784,0,0,0.5958242650550981,0.7177205447561749,0.7172327002158975,0.6557214880770358,0.7294632450925215,0.7177205447561749,0.4759346320708749,0.044337172630698314,0.9583656501101355,9196,1,merged unique formal+refinement candidates,label-assisted family-level benchmark HPO
RNA_CHROMATIN,P22,CMBF_b10ec811838fdc98,"{""anchor_strength"":0.2,""boundary_enabled"":true,""conflict_enabled"":true,""conflict_pass"":0.1,""directional_enabled"":true,""directional_mix"":0.125,""min_cluster_fraction_of_equal"":0.01,""move_boundary_floor"":0.22,""pairwise_strength"":0.07,""self_return_strength"":0.2,""sweeps"":1,""trust_gate_enabled"":true,""trust_threshold"":0.4,""unary_view1_weight"":0.6125}",PASS,,8ce14f35586c68aa61cf1f764dae5f8ec963ae824f63f4b91b3f2acc8847c512,331a1acf7adb1e499510522f2e852081032b0d97beed69a6dfbca8865f0a8e26,11,162,"[1153,624,1481,803,1018,1524,610,1821,162]",0.2361486256122589,0.2361486405134201,0.5277026891708374,0.2889188826084137,0.7108816504478455,0.6472658514976501,0.21495610001147725,0,0,0.5958242650550981,0.7177205447561749,0.7172327002158975,0.6557214880770358,0.7294632450925215,0.7177205447561749,0.4759346320708749,0.044337172630698314,0.9583656501101355,9196,1,merged unique formal+refinement candidates,label-assisted family-level benchmark HPO
RNA_CHROMATIN,P22,CMBF_f1973a962209999c,"{""anchor_strength"":0.14,""boundary_enabled"":true,""conflict_enabled"":true,""conflict_pass"":0.1,""directional_enabled"":true,""directional_mix"":0,""min_cluster_fraction_of_equal"":0.01,""move_boundary_floor"":0.22,""pairwise_strength"":0.07,""self_return_strength"":0.2,""sweeps"":1,""trust_gate_enabled"":true,""trust_threshold"":0.36,""unary_view1_weight"":0.65}",PASS,,ce444fc82e04a3c0aa7c9b8b5a74a1e7f5ac0bd4a55d3a2d92bd39008b547e3d,331a1acf7adb1e499510522f2e852081032b0d97beed69a6dfbca8865f0a8e26,10,163,"[1153,624,1481,803,1018,1524,610,1820,163]",0.23632800579071045,0.23632800579071045,0.5273439884185791,0.28906241059303284,0.7105035781860352,0.6475537419319153,0.16743530001258478,0,0,0.5959576919633218,0.7180057752361862,0.717518466586666,0.6558322730162267,0.7298003565931807,0.7180057752361862,0.4759391120780742,0.044328459510758804,0.9583966742158657,9196,1,merged unique formal+refinement candidates,label-assisted family-level benchmark HPO
RNA_CHROMATIN,P22,CMBF_e0c8e763ad06ef35,"{""anchor_strength"":0.2,""boundary_enabled"":true,""conflict_enabled"":true,""conflict_pass"":0.1,""directional_enabled"":true,""directional_mix"":0.125,""min_cluster_fraction_of_equal"":0.01,""move_boundary_floor"":0.2,""pairwise_strength"":0.06,""self_return_strength"":0.2,""sweeps"":1,""trust_gate_enabled"":true,""trust_threshold"":0.4,""unary_view1_weight"":0.65}",PASS,,8ce14f35586c68aa61cf1f764dae5f8ec963ae824f63f4b91b3f2acc8847c512,331a1acf7adb1e499510522f2e852081032b0d97beed69a6dfbca8865f0a8e26,11,162,"[1153,624,1481,803,1018,1524,610,1821,162]",0.2361486256122589,0.2361486405134201,0.5277026891708374,0.2889188826084137,0.7108816504478455,0.6472658514976501,0.03360679998877458,0,0,0.5958242650550981,0.7177205447561749,0.7172327002158975,0.6557214880770358,0.7294632450925215,0.7177205447561749,0.4759346320708749,0.044337172630698314,0.9583656501101355,9196,1,merged unique formal+refinement candidates,label-assisted family-level benchmark HPO
RNA_CHROMATIN,P22,CMBF_825f9dc5cdcc5164,"{""anchor_strength"":0.17,""boundary_enabled"":true,""conflict_enabled"":true,""conflict_pass"":0.1,""directional_enabled"":true,""directional_mix"":0.125,""min_cluster_fraction_of_equal"":0.01,""move_boundary_floor"":0.2,""pairwise_strength"":0.08,""self_return_strength"":0.2,""sweeps"":1,""trust_gate_enabled"":true,""trust_threshold"":0.38,""unary_view1_weight"":0.575}",PASS,,ce444fc82e04a3c0aa7c9b8b5a74a1e7f5ac0bd4a55d3a2d92bd39008b547e3d,331a1acf7adb1e499510522f2e852081032b0d97beed69a6dfbca8865f0a8e26,10,163,"[1153,624,1481,803,1018,1524,610,1820,163]",0.2361486256122589,0.2361486405134201,0.5277026891708374,0.2889188826084137,0.7108816504478455,0.6472658514976501,0.033363499998813495,0,0,0.5959576919633218,0.7180057752361862,0.717518466586666,0.6558322730162267,0.7298003565931807,0.7180057752361862,0.4759391120780742,0.044328459510758804,0.9583966742158657,9196,1,merged unique formal+refinement candidates,label-assisted family-level benchmark HPO
RNA_CHROMATIN,P22,CMBF_bc669c5e7e0409ab,"{""anchor_strength"":0.17,""boundary_enabled"":true,""conflict_enabled"":true,""conflict_pass"":0.1,""directional_enabled"":true,""directional_mix"":0.25,""min_cluster_fraction_of_equal"":0.01,""move_boundary_floor"":0.18,""pairwise_strength"":0.08,""self_return_strength"":0.2,""sweeps"":1,""trust_gate_enabled"":true,""trust_threshold"":0.36,""unary_view1_weight"":0.6125}",PASS,,ce444fc82e04a3c0aa7c9b8b5a74a1e7f5ac0bd4a55d3a2d92bd39008b547e3d,331a1acf7adb1e499510522f2e852081032b0d97beed69a6dfbca8865f0a8e26,10,163,"[1153,624,1481,803,1018,1524,610,1820,163]",0.23603671789169312,0.2360367327928543,0.5279265642166138,0.28882938623428345,0.7111976146697998,0.6470184326171875,0.031541200005449355,0,0,0.5959576919633218,0.7180057752361862,0.717518466586666,0.6558322730162267,0.7298003565931807,0.7180057752361862,0.4759391120780742,0.044328459510758804,0.9583966742158657,9196,1,merged unique formal+refinement candidates,label-assisted family-level benchmark HPO
RNA_CHROMATIN,P22,CMBF_8f2d3dd8a169c40e,"{""anchor_strength"":0.2,""boundary_enabled"":true,""conflict_enabled"":true,""conflict_pass"":0.1,""directional_enabled"":true,""directional_mix"":0.125,""min_cluster_fraction_of_equal"":0.01,""move_boundary_floor"":0.22,""pairwise_strength"":0.07,""self_return_strength"":0.2,""sweeps"":1,""trust_gate_enabled"":true,""trust_threshold"":0.38,""unary_view1_weight"":0.575}",PASS,,ce444fc82e04a3c0aa7c9b8b5a74a1e7f5ac0bd4a55d3a2d92bd39008b547e3d,331a1acf7adb1e499510522f2e852081032b0d97beed69a6dfbca8865f0a8e26,10,163,"[1153,624,1481,803,1018,1524,610,1820,163]",0.2361486256122589,0.2361486405134201,0.5277026891708374,0.2889188826084137,0.7108816504478455,0.6472658514976501,0.031391600001370534,0,0,0.5959576919633218,0.7180057752361862,0.717518466586666,0.6558322730162267,0.7298003565931807,0.7180057752361862,0.4759391120780742,0.044328459510758804,0.9583966742158657,9196,1,merged unique formal+refinement candidates,label-assisted family-level benchmark HPO
RNA_CHROMATIN,P22,CMBF_c6f9d31330695ac2,"{""anchor_strength"":0.14,""boundary_enabled"":true,""conflict_enabled"":true,""conflict_pass"":0.1,""directional_enabled"":true,""directional_mix"":0.125,""min_cluster_fraction_of_equal"":0.01,""move_boundary_floor"":0.2,""pairwise_strength"":0.07,""self_return_strength"":0.2,""sweeps"":1,""trust_gate_enabled"":true,""trust_threshold"":0.36,""unary_view1_weight"":0.575}",PASS,,146d289e9fc3eafbfdddead4d357edcbec118804ffde671f3efbc2d4889b86a3,331a1acf7adb1e499510522f2e852081032b0d97beed69a6dfbca8865f0a8e26,11,163,"[1152,624,1481,803,1018,1524,610,1821,163]",0.2361486256122589,0.2361486405134201,0.5277026891708374,0.2889188826084137,0.7108816504478455,0.6472658514976501,0.033405199996195734,0,0,0.5962266975228605,0.7182960721898788,0.7178092591341017,0.6560639305646284,0.730086484975246,0.7182960721898789,0.47581266261403043,0.04459364466757919,0.9583346260044054,9196,1,merged unique formal+refinement candidates,label-assisted family-level benchmark HPO
RNA_CHROMATIN,P22,CMBF_608fcbed612b7679,"{""anchor_strength"":0.17,""boundary_enabled"":true,""conflict_enabled"":true,""conflict_pass"":0.1,""directional_enabled"":true,""directional_mix"":0.125,""min_cluster_fraction_of_equal"":0.01,""move_boundary_floor"":0.18,""pairwise_strength"":0.07,""self_return_strength"":0.2,""sweeps"":1,""trust_gate_enabled"":true,""trust_threshold"":0.36,""unary_view1_weight"":0.65}",PASS,,ce444fc82e04a3c0aa7c9b8b5a74a1e7f5ac0bd4a55d3a2d92bd39008b547e3d,331a1acf7adb1e499510522f2e852081032b0d97beed69a6dfbca8865f0a8e26,10,163,"[1153,624,1481,803,1018,1524,610,1820,163]",0.2361486256122589,0.2361486405134201,0.5277026891708374,0.2889188826084137,0.7108816504478455,0.6472658514976501,0.032533599995076656,0,0,0.5959576919633218,0.7180057752361862,0.717518466586666,0.6558322730162267,0.7298003565931807,0.7180057752361862,0.4759391120780742,0.044328459510758804,0.9583966742158657,9196,1,merged unique formal+refinement candidates,label-assisted family-level benchmark HPO
RNA_CHROMATIN,P22,CMBF_9acf461275ff464c,"{""anchor_strength"":0.17,""boundary_enabled"":true,""conflict_enabled"":true,""conflict_pass"":0.1,""directional_enabled"":true,""directional_mix"":0.25,""min_cluster_fraction_of_equal"":0.01,""move_boundary_floor"":0.18,""pairwise_strength"":0.08,""self_return_strength"":0.2,""sweeps"":1,""trust_gate_enabled"":true,""trust_threshold"":0.38,""unary_view1_weight"":0.6125}",PASS,,ce444fc82e04a3c0aa7c9b8b5a74a1e7f5ac0bd4a55d3a2d92bd39008b547e3d,331a1acf7adb1e499510522f2e852081032b0d97beed69a6dfbca8865f0a8e26,10,163,"[1153,624,1481,803,1018,1524,610,1820,163]",0.23603671789169312,0.2360367327928543,0.5279265642166138,0.28882938623428345,0.7111976146697998,0.6470184326171875,0.0338906999968458,0,0,0.5959576919633218,0.7180057752361862,0.717518466586666,0.6558322730162267,0.7298003565931807,0.7180057752361862,0.4759391120780742,0.044328459510758804,0.9583966742158657,9196,1,merged unique formal+refinement candidates,label-assisted family-level benchmark HPO
RNA_CHROMATIN,P22,CMBF_3f43938a0273232a,"{""anchor_strength"":0.2,""boundary_enabled"":true,""conflict_enabled"":true,""conflict_pass"":0.1,""directional_enabled"":true,""directional_mix"":0.125,""min_cluster_fraction_of_equal"":0.01,""move_boundary_floor"":0.2,""pairwise_strength"":0.06,""self_return_strength"":0.2,""sweeps"":1,""trust_gate_enabled"":true,""trust_threshold"":0.36,""unary_view1_weight"":0.6125}",PASS,,ce444fc82e04a3c0aa7c9b8b5a74a1e7f5ac0bd4a55d3a2d92bd39008b547e3d,331a1acf7adb1e499510522f2e852081032b0d97beed69a6dfbca8865f0a8e26,10,163,"[1153,624,1481,803,1018,1524,610,1820,163]",0.2361486256122589,0.2361486405134201,0.5277026891708374,0.2889188826084137,0.7108816504478455,0.6472658514976501,0.03236169999581762,0,0,0.5959576919633218,0.7180057752361862,0.717518466586666,0.6558322730162267,0.7298003565931807,0.7180057752361862,0.4759391120780742,0.044328459510758804,0.9583966742158657,9196,1,merged unique formal+refinement candidates,label-assisted family-level benchmark HPO
RNA_CHROMATIN,P22,CMBF_aa74735c32d98839,"{""anchor_strength"":0.2,""boundary_enabled"":true,""conflict_enabled"":true,""conflict_pass"":0.1,""directional_enabled"":true,""directional_mix"":0.125,""min_cluster_fraction_of_equal"":0.01,""move_boundary_floor"":0.22,""pairwise_strength"":0.07,""self_return_strength"":0.2,""sweeps"":1,""trust_gate_enabled"":true,""trust_threshold"":0.36,""unary_view1_weight"":0.575}",PASS,,ce444fc82e04a3c0aa7c9b8b5a74a1e7f5ac0bd4a55d3a2d92bd39008b547e3d,331a1acf7adb1e499510522f2e852081032b0d97beed69a6dfbca8865f0a8e26,10,163,"[1153,624,1481,803,1018,1524,610,1820,163]",0.2361486256122589,0.2361486405134201,0.5277026891708374,0.2889188826084137,0.7108816504478455,0.6472658514976501,0.03331420000176877,0,0,0.5959576919633218,0.7180057752361862,0.717518466586666,0.6558322730162267,0.7298003565931807,0.7180057752361862,0.4759391120780742,0.044328459510758804,0.9583966742158657,9196,1,merged unique formal+refinement candidates,label-assisted family-level benchmark HPO
RNA_CHROMATIN,P22,CMBF_72ba258ca17d9af0,"{""anchor_strength"":0.2,""boundary_enabled"":true,""conflict_enabled"":true,""conflict_pass"":0.1,""directional_enabled"":true,""directional_mix"":0.25,""min_cluster_fraction_of_equal"":0.01,""move_boundary_floor"":0.18,""pairwise_strength"":0.07,""self_return_strength"":0.2,""sweeps"":1,""trust_gate_enabled"":true,""trust_threshold"":0.4,""unary_view1_weight"":0.575}",PASS,,8ce14f35586c68aa61cf1f764dae5f8ec963ae824f63f4b91b3f2acc8847c512,331a1acf7adb1e499510522f2e852081032b0d97beed69a6dfbca8865f0a8e26,11,162,"[1153,624,1481,803,1018,1524,610,1821,162]",0.23603671789169312,0.2360367327928543,0.5279265642166138,0.28882938623428345,0.7111976146697998,0.6470184326171875,0.034751800005324185,0,0,0.5958242650550981,0.7177205447561749,0.7172327002158975,0.6557214880770358,0.7294632450925215,0.7177205447561749,0.4759346320708749,0.044337172630698314,0.9583656501101355,9196,1,merged unique formal+refinement candidates,label-assisted family-level benchmark HPO
RNA_CHROMATIN,P22,CMBF_707f6d1116a5375d,"{""anchor_strength"":0.17,""boundary_enabled"":true,""conflict_enabled"":true,""conflict_pass"":0.1,""directional_enabled"":true,""directional_mix"":0.125,""min_cluster_fraction_of_equal"":0.01,""move_boundary_floor"":0.18,""pairwise_strength"":0.06,""self_return_strength"":0.2,""sweeps"":1,""trust_gate_enabled"":true,""trust_threshold"":0.38,""unary_view1_weight"":0.6125}",PASS,,ce444fc82e04a3c0aa7c9b8b5a74a1e7f5ac0bd4a55d3a2d92bd39008b547e3d,331a1acf7adb1e499510522f2e852081032b0d97beed69a6dfbca8865f0a8e26,10,163,"[1153,624,1481,803,1018,1524,610,1820,163]",0.2361486256122589,0.2361486405134201,0.5277026891708374,0.2889188826084137,0.7108816504478455,0.6472658514976501,0.03433609998319298,0,0,0.5959576919633218,0.7180057752361862,0.717518466586666,0.6558322730162267,0.7298003565931807,0.7180057752361862,0.4759391120780742,0.044328459510758804,0.9583966742158657,9196,1,merged unique formal+refinement candidates,label-assisted family-level benchmark HPO
RNA_CHROMATIN,P22,CMBF_06569c178750dc38,"{""anchor_strength"":0.17,""boundary_enabled"":true,""conflict_enabled"":true,""conflict_pass"":0.1,""directional_enabled"":true,""directional_mix"":0.25,""min_cluster_fraction_of_equal"":0.01,""move_boundary_floor"":0.18,""pairwise_strength"":0.07,""self_return_strength"":0.2,""sweeps"":1,""trust_gate_enabled"":true,""trust_threshold"":0.36,""unary_view1_weight"":0.65}",PASS,,ce444fc82e04a3c0aa7c9b8b5a74a1e7f5ac0bd4a55d3a2d92bd39008b547e3d,331a1acf7adb1e499510522f2e852081032b0d97beed69a6dfbca8865f0a8e26,10,163,"[1153,624,1481,803,1018,1524,610,1820,163]",0.23603671789169312,0.2360367327928543,0.5279265642166138,0.28882938623428345,0.7111976146697998,0.6470184326171875,0.03397869999753311,0,0,0.5959576919633218,0.7180057752361862,0.717518466586666,0.6558322730162267,0.7298003565931807,0.7180057752361862,0.4759391120780742,0.044328459510758804,0.9583966742158657,9196,1,merged unique formal+refinement candidates,label-assisted family-level benchmark HPO
RNA_CHROMATIN,P22,CMBF_2bba0a04d1753a5c,"{""anchor_strength"":0.2,""boundary_enabled"":true,""conflict_enabled"":true,""conflict_pass"":0.1,""directional_enabled"":true,""directional_mix"":0.25,""min_cluster_fraction_of_equal"":0.01,""move_boundary_floor"":0.18,""pairwise_strength"":0.06,""self_return_strength"":0.2,""sweeps"":1,""trust_gate_enabled"":true,""trust_threshold"":0.4,""unary_view1_weight"":0.6125}",PASS,,8ce14f35586c68aa61cf1f764dae5f8ec963ae824f63f4b91b3f2acc8847c512,331a1acf7adb1e499510522f2e852081032b0d97beed69a6dfbca8865f0a8e26,11,162,"[1153,624,1481,803,1018,1524,610,1821,162]",0.23603671789169312,0.2360367327928543,0.5279265642166138,0.28882938623428345,0.7111976146697998,0.6470184326171875,0.03264570000465028,0,0,0.5958242650550981,0.7177205447561749,0.7172327002158975,0.6557214880770358,0.7294632450925215,0.7177205447561749,0.4759346320708749,0.044337172630698314,0.9583656501101355,9196,1,merged unique formal+refinement candidates,label-assisted family-level benchmark HPO
RNA_CHROMATIN,P22,CMBF_005868d4b005b8cc,"{""anchor_strength"":0.14,""boundary_enabled"":true,""conflict_enabled"":true,""conflict_pass"":0.1,""directional_enabled"":true,""directional_mix"":0.25,""min_cluster_fraction_of_equal"":0.01,""move_boundary_floor"":0.18,""pairwise_strength"":0.06,""self_return_strength"":0.2,""sweeps"":1,""trust_gate_enabled"":true,""trust_threshold"":0.38,""unary_view1_weight"":0.575}",PASS,,146d289e9fc3eafbfdddead4d357edcbec118804ffde671f3efbc2d4889b86a3,331a1acf7adb1e499510522f2e852081032b0d97beed69a6dfbca8865f0a8e26,11,163,"[1152,624,1481,803,1018,1524,610,1821,163]",0.23603671789169312,0.2360367327928543,0.5279265642166138,0.28882938623428345,0.7111976146697998,0.6470184326171875,0.03270889999112114,0,0,0.5962266975228605,0.7182960721898788,0.7178092591341017,0.6560639305646284,0.730086484975246,0.7182960721898789,0.47581266261403043,0.04459364466757919,0.9583346260044054,9196,1,merged unique formal+refinement candidates,label-assisted family-level benchmark HPO
RNA_CHROMATIN,P22,CMBF_68aae7de9780e304,"{""anchor_strength"":0.17,""boundary_enabled"":true,""conflict_enabled"":true,""conflict_pass"":0.1,""directional_enabled"":true,""directional_mix"":0,""min_cluster_fraction_of_equal"":0.01,""move_boundary_floor"":0.2,""pairwise_strength"":0.08,""self_return_strength"":0.2,""sweeps"":1,""trust_gate_enabled"":true,""trust_threshold"":0.36,""unary_view1_weight"":0.6125}",PASS,,ce444fc82e04a3c0aa7c9b8b5a74a1e7f5ac0bd4a55d3a2d92bd39008b547e3d,331a1acf7adb1e499510522f2e852081032b0d97beed69a6dfbca8865f0a8e26,10,163,"[1153,624,1481,803,1018,1524,610,1820,163]",0.23632800579071045,0.23632800579071045,0.5273439884185791,0.28906241059303284,0.7105035781860352,0.6475537419319153,0.032954800000879914,0,0,0.5959576919633218,0.7180057752361862,0.717518466586666,0.6558322730162267,0.7298003565931807,0.7180057752361862,0.4759391120780742,0.044328459510758804,0.9583966742158657,9196,1,merged unique formal+refinement candidates,label-assisted family-level benchmark HPO
RNA_CHROMATIN,P22,CMBF_7beffd03ca8dc7ec,"{""anchor_strength"":0.14,""boundary_enabled"":true,""conflict_enabled"":true,""conflict_pass"":0.1,""directional_enabled"":true,""directional_mix"":0,""min_cluster_fraction_of_equal"":0.01,""move_boundary_floor"":0.22,""pairwise_strength"":0.06,""self_return_strength"":0.2,""sweeps"":1,""trust_gate_enabled"":true,""trust_threshold"":0.36,""unary_view1_weight"":0.6125}",PASS,,146d289e9fc3eafbfdddead4d357edcbec118804ffde671f3efbc2d4889b86a3,331a1acf7adb1e499510522f2e852081032b0d97beed69a6dfbca8865f0a8e26,11,163,"[1152,624,1481,803,1018,1524,610,1821,163]",0.23632800579071045,0.23632800579071045,0.5273439884185791,0.28906241059303284,0.7105035781860352,0.6475537419319153,0.03438320002169348,0,0,0.5962266975228605,0.7182960721898788,0.7178092591341017,0.6560639305646284,0.730086484975246,0.7182960721898789,0.47581266261403043,0.04459364466757919,0.9583346260044054,9196,1,merged unique formal+refinement candidates,label-assisted family-level benchmark HPO
RNA_CHROMATIN,P22,CMBF_fbed48fa34f0c773,"{""anchor_strength"":0.17,""boundary_enabled"":true,""conflict_enabled"":true,""conflict_pass"":0.1,""directional_enabled"":true,""directional_mix"":0,""min_cluster_fraction_of_equal"":0.01,""move_boundary_floor"":0.18,""pairwise_strength"":0.08,""self_return_strength"":0.2,""sweeps"":1,""trust_gate_enabled"":true,""trust_threshold"":0.38,""unary_view1_weight"":0.65}",PASS,,ce444fc82e04a3c0aa7c9b8b5a74a1e7f5ac0bd4a55d3a2d92bd39008b547e3d,331a1acf7adb1e499510522f2e852081032b0d97beed69a6dfbca8865f0a8e26,10,163,"[1153,624,1481,803,1018,1524,610,1820,163]",0.23632800579071045,0.23632800579071045,0.5273439884185791,0.28906241059303284,0.7105035781860352,0.6475537419319153,0.0332885000098031,0,0,0.5959576919633218,0.7180057752361862,0.717518466586666,0.6558322730162267,0.7298003565931807,0.7180057752361862,0.4759391120780742,0.044328459510758804,0.9583966742158657,9196,1,merged unique formal+refinement candidates,label-assisted family-level benchmark HPO
RNA_CHROMATIN,P22,CMBF_76e740aad6b20928,"{""anchor_strength"":0.2,""boundary_enabled"":true,""conflict_enabled"":true,""conflict_pass"":0.1,""directional_enabled"":true,""directional_mix"":0.125,""min_cluster_fraction_of_equal"":0.01,""move_boundary_floor"":0.18,""pairwise_strength"":0.08,""self_return_strength"":0.2,""sweeps"":1,""trust_gate_enabled"":true,""trust_threshold"":0.36,""unary_view1_weight"":0.65}",PASS,,ce444fc82e04a3c0aa7c9b8b5a74a1e7f5ac0bd4a55d3a2d92bd39008b547e3d,331a1acf7adb1e499510522f2e852081032b0d97beed69a6dfbca8865f0a8e26,10,163,"[1153,624,1481,803,1018,1524,610,1820,163]",0.2361486256122589,0.2361486405134201,0.5277026891708374,0.2889188826084137,0.7108816504478455,0.6472658514976501,0.03255849998095073,0,0,0.5959576919633218,0.7180057752361862,0.717518466586666,0.6558322730162267,0.7298003565931807,0.7180057752361862,0.4759391120780742,0.044328459510758804,0.9583966742158657,9196,1,merged unique formal+refinement candidates,label-assisted family-level benchmark HPO
RNA_CHROMATIN,P22,CMBF_4c43977c10b341a6,"{""anchor_strength"":0.14,""boundary_enabled"":true,""conflict_enabled"":true,""conflict_pass"":0.1,""directional_enabled"":true,""directional_mix"":0,""min_cluster_fraction_of_equal"":0.01,""move_boundary_floor"":0.2,""pairwise_strength"":0.07,""self_return_strength"":0.2,""sweeps"":1,""trust_gate_enabled"":true,""trust_threshold"":0.4,""unary_view1_weight"":0.575}",PASS,,08ba7fade06ad0778ee359266aa748ba89d2c287b6961f5bba6d99e1067f43d2,331a1acf7adb1e499510522f2e852081032b0d97beed69a6dfbca8865f0a8e26,12,162,"[1152,624,1481,803,1018,1524,610,1822,162]",0.23632800579071045,0.23632800579071045,0.5273439884185791,0.28906241059303284,0.7105035781860352,0.6475537419319153,0.03376990000833757,0,0,0.5960931788707914,0.7180108381486762,0.717523489225893,0.6559530678834871,0.7297493435839666,0.7180108381486761,0.47580816356104777,0.04460239349995321,0.9583036018986753,9196,1,merged unique formal+refinement candidates,label-assisted family-level benchmark HPO
RNA_CHROMATIN,P22,CMBF_6372a81121b642cf,"{""anchor_strength"":0.2,""boundary_enabled"":true,""conflict_enabled"":true,""conflict_pass"":0.1,""directional_enabled"":true,""directional_mix"":0.125,""min_cluster_fraction_of_equal"":0.01,""move_boundary_floor"":0.2,""pairwise_strength"":0.07,""self_return_strength"":0.2,""sweeps"":1,""trust_gate_enabled"":true,""trust_threshold"":0.36,""unary_view1_weight"":0.6125}",PASS,,ce444fc82e04a3c0aa7c9b8b5a74a1e7f5ac0bd4a55d3a2d92bd39008b547e3d,331a1acf7adb1e499510522f2e852081032b0d97beed69a6dfbca8865f0a8e26,10,163,"[1153,624,1481,803,1018,1524,610,1820,163]",0.2361486256122589,0.2361486405134201,0.5277026891708374,0.2889188826084137,0.7108816504478455,0.6472658514976501,0.03427639999426901,0,0,0.5959576919633218,0.7180057752361862,0.717518466586666,0.6558322730162267,0.7298003565931807,0.7180057752361862,0.4759391120780742,0.044328459510758804,0.9583966742158657,9196,1,merged unique formal+refinement candidates,label-assisted family-level benchmark HPO
RNA_CHROMATIN,MISAR_E15_5_S1,CMBF_03518c726652af07,"{""anchor_strength"":0,""boundary_enabled"":true,""conflict_enabled"":true,""conflict_pass"":0,""directional_enabled"":true,""directional_mix"":0,""min_cluster_fraction_of_equal"":0.01,""move_boundary_floor"":0.1,""pairwise_strength"":0,""self_return_strength"":0,""sweeps"":0,""trust_gate_enabled"":true,""trust_threshold"":0.55,""unary_view1_weight"":0.5}",PASS,,0c47bba6e9d2070df15578c8d6ab5effb1db01f01cb4d9c75edc8e5fa0873416,0c47bba6e9d2070df15578c8d6ab5effb1db01f01cb4d9c75edc8e5fa0873416,0,125,"[295,438,178,267,355,291,125]",0.2792040705680847,0.2792041003704071,0.4415918290615082,0.2792040705680847,0.7210721373558044,0.625080943107605,0.026629200001480058,0,0,0.5414237853091904,0.6667977615565593,0.6650415476824866,0.6330318218564436,0.7049785660682982,0.6667977615565593,0.4805389153414107,0.046978386304957064,0.9372164495829065,1949,1,merged unique formal+refinement candidates,label-assisted family-level benchmark HPO
RNA_CHROMATIN,MISAR_E15_5_S1,CMBF_fe331408bbee597d,"{""anchor_strength"":0.2,""boundary_enabled"":true,""conflict_enabled"":true,""conflict_pass"":0.1,""directional_enabled"":true,""directional_mix"":0.25,""min_cluster_fraction_of_equal"":0.01,""move_boundary_floor"":0.2,""pairwise_strength"":0.07,""self_return_strength"":0.2,""sweeps"":1,""trust_gate_enabled"":true,""trust_threshold"":0.4,""unary_view1_weight"":0.6125}",PASS,,1e7f48d5c56302ba7e728af2f70df32fe0f52f3dc49d1118ad2509ce58675829,0c47bba6e9d2070df15578c8d6ab5effb1db01f01cb4d9c75edc8e5fa0873416,1,125,"[295,437,178,267,355,292,125]",0.2796866297721863,0.2796866297721863,0.44062674045562744,0.3237493336200714,0.6769638657569885,0.6247658133506775,0.04488649999257177,0,0,0.5416365903694235,0.6669488935833199,0.6651935851132983,0.6332069965196186,0.7051794837732301,0.6669488935833199,0.4799287696183175,0.048258962397380756,0.936631055173423,1949,1,merged unique formal+refinement candidates,label-assisted family-level benchmark HPO
RNA_CHROMATIN,MISAR_E15_5_S1,CMBF_b10ec811838fdc98,"{""anchor_strength"":0.2,""boundary_enabled"":true,""conflict_enabled"":true,""conflict_pass"":0.1,""directional_enabled"":true,""directional_mix"":0.125,""min_cluster_fraction_of_equal"":0.01,""move_boundary_floor"":0.22,""pairwise_strength"":0.07,""self_return_strength"":0.2,""sweeps"":1,""trust_gate_enabled"":true,""trust_threshold"":0.4,""unary_view1_weight"":0.6125}",PASS,,1e7f48d5c56302ba7e728af2f70df32fe0f52f3dc49d1118ad2509ce58675829,0c47bba6e9d2070df15578c8d6ab5effb1db01f01cb4d9c75edc8e5fa0873416,1,125,"[295,437,178,267,355,292,125]",0.27947092056274414,0.27947092056274414,0.4410581588745117,0.3235767185688019,0.6769089102745056,0.6249371767044067,0.04309130000183359,0,0,0.5416365903694235,0.6669488935833199,0.6651935851132983,0.6332069965196186,0.7051794837732301,0.6669488935833199,0.4799287696183175,0.048258962397380756,0.936631055173423,1949,1,merged unique formal+refinement candidates,label-assisted family-level benchmark HPO
RNA_CHROMATIN,MISAR_E15_5_S1,CMBF_f1973a962209999c,"{""anchor_strength"":0.14,""boundary_enabled"":true,""conflict_enabled"":true,""conflict_pass"":0.1,""directional_enabled"":true,""directional_mix"":0,""min_cluster_fraction_of_equal"":0.01,""move_boundary_floor"":0.22,""pairwise_strength"":0.07,""self_return_strength"":0.2,""sweeps"":1,""trust_gate_enabled"":true,""trust_threshold"":0.36,""unary_view1_weight"":0.65}",PASS,,1e7f48d5c56302ba7e728af2f70df32fe0f52f3dc49d1118ad2509ce58675829,0c47bba6e9d2070df15578c8d6ab5effb1db01f01cb4d9c75edc8e5fa0873416,1,125,"[295,437,178,267,355,292,125]",0.2792040705680847,0.2792041003704071,0.4415918290615082,0.3233632743358612,0.676895260810852,0.625080943107605,0.030472900019958615,0,0,0.5416365903694235,0.6669488935833199,0.6651935851132983,0.6332069965196186,0.7051794837732301,0.6669488935833199,0.4799287696183175,0.048258962397380756,0.936631055173423,1949,1,merged unique formal+refinement candidates,label-assisted family-level benchmark HPO
RNA_CHROMATIN,MISAR_E15_5_S1,CMBF_e0c8e763ad06ef35,"{""anchor_strength"":0.2,""boundary_enabled"":true,""conflict_enabled"":true,""conflict_pass"":0.1,""directional_enabled"":true,""directional_mix"":0.125,""min_cluster_fraction_of_equal"":0.01,""move_boundary_floor"":0.2,""pairwise_strength"":0.06,""self_return_strength"":0.2,""sweeps"":1,""trust_gate_enabled"":true,""trust_threshold"":0.4,""unary_view1_weight"":0.65}",PASS,,1e7f48d5c56302ba7e728af2f70df32fe0f52f3dc49d1118ad2509ce58675829,0c47bba6e9d2070df15578c8d6ab5effb1db01f01cb4d9c75edc8e5fa0873416,1,125,"[295,437,178,267,355,292,125]",0.27947092056274414,0.27947092056274414,0.4410581588745117,0.3235767185688019,0.6769089102745056,0.6249371767044067,0.008442100021056831,0,0,0.5416365903694235,0.6669488935833199,0.6651935851132983,0.6332069965196186,0.7051794837732301,0.6669488935833199,0.4799287696183175,0.048258962397380756,0.936631055173423,1949,1,merged unique formal+refinement candidates,label-assisted family-level benchmark HPO
RNA_CHROMATIN,MISAR_E15_5_S1,CMBF_825f9dc5cdcc5164,"{""anchor_strength"":0.17,""boundary_enabled"":true,""conflict_enabled"":true,""conflict_pass"":0.1,""directional_enabled"":true,""directional_mix"":0.125,""min_cluster_fraction_of_equal"":0.01,""move_boundary_floor"":0.2,""pairwise_strength"":0.08,""self_return_strength"":0.2,""sweeps"":1,""trust_gate_enabled"":true,""trust_threshold"":0.38,""unary_view1_weight"":0.575}",PASS,,d50d8ec7fb84b7e9768810346877f78eadce24164437f2f8297c8926f9724089,0c47bba6e9d2070df15578c8d6ab5effb1db01f01cb4d9c75edc8e5fa0873416,2,125,"[295,436,178,267,355,293,125]",0.27947092056274414,0.27947092056274414,0.4410581588745117,0.3235767185688019,0.6769089102745056,0.6249371767044067,0.008016800013137981,0,0,0.5417336862171229,0.6658078446506112,0.6640466300497772,0.6332866924423224,0.704013511823691,0.6658078446506112,0.4792671646835879,0.04953871984361233,0.9360456607639397,1949,1,merged unique formal+refinement candidates,label-assisted family-level benchmark HPO
RNA_CHROMATIN,MISAR_E15_5_S1,CMBF_bc669c5e7e0409ab,"{""anchor_strength"":0.17,""boundary_enabled"":true,""conflict_enabled"":true,""conflict_pass"":0.1,""directional_enabled"":true,""directional_mix"":0.25,""min_cluster_fraction_of_equal"":0.01,""move_boundary_floor"":0.18,""pairwise_strength"":0.08,""self_return_strength"":0.2,""sweeps"":1,""trust_gate_enabled"":true,""trust_threshold"":0.36,""unary_view1_weight"":0.6125}",PASS,,1e7f48d5c56302ba7e728af2f70df32fe0f52f3dc49d1118ad2509ce58675829,0c47bba6e9d2070df15578c8d6ab5effb1db01f01cb4d9c75edc8e5fa0873416,1,125,"[295,437,178,267,355,292,125]",0.2796866297721863,0.2796866297721863,0.44062674045562744,0.3237493336200714,0.6769638657569885,0.6247658133506775,0.008119800011627376,0,0,0.5416365903694235,0.6669488935833199,0.6651935851132983,0.6332069965196186,0.7051794837732301,0.6669488935833199,0.4799287696183175,0.048258962397380756,0.936631055173423,1949,1,merged unique formal+refinement candidates,label-assisted family-level benchmark HPO
RNA_CHROMATIN,MISAR_E15_5_S1,CMBF_8f2d3dd8a169c40e,"{""anchor_strength"":0.2,""boundary_enabled"":true,""conflict_enabled"":true,""conflict_pass"":0.1,""directional_enabled"":true,""directional_mix"":0.125,""min_cluster_fraction_of_equal"":0.01,""move_boundary_floor"":0.22,""pairwise_strength"":0.07,""self_return_strength"":0.2,""sweeps"":1,""trust_gate_enabled"":true,""trust_threshold"":0.38,""unary_view1_weight"":0.575}",PASS,,1e7f48d5c56302ba7e728af2f70df32fe0f52f3dc49d1118ad2509ce58675829,0c47bba6e9d2070df15578c8d6ab5effb1db01f01cb4d9c75edc8e5fa0873416,1,125,"[295,437,178,267,355,292,125]",0.27947092056274414,0.27947092056274414,0.4410581588745117,0.3235767185688019,0.6769089102745056,0.6249371767044067,0.00899780000327155,0,0,0.5416365903694235,0.6669488935833199,0.6651935851132983,0.6332069965196186,0.7051794837732301,0.6669488935833199,0.4799287696183175,0.048258962397380756,0.936631055173423,1949,1,merged unique formal+refinement candidates,label-assisted family-level benchmark HPO
RNA_CHROMATIN,MISAR_E15_5_S1,CMBF_c6f9d31330695ac2,"{""anchor_strength"":0.14,""boundary_enabled"":true,""conflict_enabled"":true,""conflict_pass"":0.1,""directional_enabled"":true,""directional_mix"":0.125,""min_cluster_fraction_of_equal"":0.01,""move_boundary_floor"":0.2,""pairwise_strength"":0.07,""self_return_strength"":0.2,""sweeps"":1,""trust_gate_enabled"":true,""trust_threshold"":0.36,""unary_view1_weight"":0.575}",PASS,,d50d8ec7fb84b7e9768810346877f78eadce24164437f2f8297c8926f9724089,0c47bba6e9d2070df15578c8d6ab5effb1db01f01cb4d9c75edc8e5fa0873416,2,125,"[295,436,178,267,355,293,125]",0.27947092056274414,0.27947092056274414,0.4410581588745117,0.3235767185688019,0.6769089102745056,0.6249371767044067,0.00804360001347959,0,0,0.5417336862171229,0.6658078446506112,0.6640466300497772,0.6332866924423224,0.704013511823691,0.6658078446506112,0.4792671646835879,0.04953871984361233,0.9360456607639397,1949,1,merged unique formal+refinement candidates,label-assisted family-level benchmark HPO
RNA_CHROMATIN,MISAR_E15_5_S1,CMBF_608fcbed612b7679,"{""anchor_strength"":0.17,""boundary_enabled"":true,""conflict_enabled"":true,""conflict_pass"":0.1,""directional_enabled"":true,""directional_mix"":0.125,""min_cluster_fraction_of_equal"":0.01,""move_boundary_floor"":0.18,""pairwise_strength"":0.07,""self_return_strength"":0.2,""sweeps"":1,""trust_gate_enabled"":true,""trust_threshold"":0.36,""unary_view1_weight"":0.65}",PASS,,1e7f48d5c56302ba7e728af2f70df32fe0f52f3dc49d1118ad2509ce58675829,0c47bba6e9d2070df15578c8d6ab5effb1db01f01cb4d9c75edc8e5fa0873416,1,125,"[295,437,178,267,355,292,125]",0.27947092056274414,0.27947092056274414,0.4410581588745117,0.3235767185688019,0.6769089102745056,0.6249371767044067,0.007902000012109056,0,0,0.5416365903694235,0.6669488935833199,0.6651935851132983,0.6332069965196186,0.7051794837732301,0.6669488935833199,0.4799287696183175,0.048258962397380756,0.936631055173423,1949,1,merged unique formal+refinement candidates,label-assisted family-level benchmark HPO
RNA_CHROMATIN,MISAR_E15_5_S1,CMBF_9acf461275ff464c,"{""anchor_strength"":0.17,""boundary_enabled"":true,""conflict_enabled"":true,""conflict_pass"":0.1,""directional_enabled"":true,""directional_mix"":0.25,""min_cluster_fraction_of_equal"":0.01,""move_boundary_floor"":0.18,""pairwise_strength"":0.08,""self_return_strength"":0.2,""sweeps"":1,""trust_gate_enabled"":true,""trust_threshold"":0.38,""unary_view1_weight"":0.6125}",PASS,,1e7f48d5c56302ba7e728af2f70df32fe0f52f3dc49d1118ad2509ce58675829,0c47bba6e9d2070df15578c8d6ab5effb1db01f01cb4d9c75edc8e5fa0873416,1,125,"[295,437,178,267,355,292,125]",0.2796866297721863,0.2796866297721863,0.44062674045562744,0.3237493336200714,0.6769638657569885,0.6247658133506775,0.008489699976053089,0,0,0.5416365903694235,0.6669488935833199,0.6651935851132983,0.6332069965196186,0.7051794837732301,0.6669488935833199,0.4799287696183175,0.048258962397380756,0.936631055173423,1949,1,merged unique formal+refinement candidates,label-assisted family-level benchmark HPO
RNA_CHROMATIN,MISAR_E15_5_S1,CMBF_3f43938a0273232a,"{""anchor_strength"":0.2,""boundary_enabled"":true,""conflict_enabled"":true,""conflict_pass"":0.1,""directional_enabled"":true,""directional_mix"":0.125,""min_cluster_fraction_of_equal"":0.01,""move_boundary_floor"":0.2,""pairwise_strength"":0.06,""self_return_strength"":0.2,""sweeps"":1,""trust_gate_enabled"":true,""trust_threshold"":0.36,""unary_view1_weight"":0.6125}",PASS,,1e7f48d5c56302ba7e728af2f70df32fe0f52f3dc49d1118ad2509ce58675829,0c47bba6e9d2070df15578c8d6ab5effb1db01f01cb4d9c75edc8e5fa0873416,1,125,"[295,437,178,267,355,292,125]",0.27947092056274414,0.27947092056274414,0.4410581588745117,0.3235767185688019,0.6769089102745056,0.6249371767044067,0.008201799995731562,0,0,0.5416365903694235,0.6669488935833199,0.6651935851132983,0.6332069965196186,0.7051794837732301,0.6669488935833199,0.4799287696183175,0.048258962397380756,0.936631055173423,1949,1,merged unique formal+refinement candidates,label-assisted family-level benchmark HPO
RNA_CHROMATIN,MISAR_E15_5_S1,CMBF_aa74735c32d98839,"{""anchor_strength"":0.2,""boundary_enabled"":true,""conflict_enabled"":true,""conflict_pass"":0.1,""directional_enabled"":true,""directional_mix"":0.125,""min_cluster_fraction_of_equal"":0.01,""move_boundary_floor"":0.22,""pairwise_strength"":0.07,""self_return_strength"":0.2,""sweeps"":1,""trust_gate_enabled"":true,""trust_threshold"":0.36,""unary_view1_weight"":0.575}",PASS,,1e7f48d5c56302ba7e728af2f70df32fe0f52f3dc49d1118ad2509ce58675829,0c47bba6e9d2070df15578c8d6ab5effb1db01f01cb4d9c75edc8e5fa0873416,1,125,"[295,437,178,267,355,292,125]",0.27947092056274414,0.27947092056274414,0.4410581588745117,0.3235767185688019,0.6769089102745056,0.6249371767044067,0.008225199999287724,0,0,0.5416365903694235,0.6669488935833199,0.6651935851132983,0.6332069965196186,0.7051794837732301,0.6669488935833199,0.4799287696183175,0.048258962397380756,0.936631055173423,1949,1,merged unique formal+refinement candidates,label-assisted family-level benchmark HPO
RNA_CHROMATIN,MISAR_E15_5_S1,CMBF_72ba258ca17d9af0,"{""anchor_strength"":0.2,""boundary_enabled"":true,""conflict_enabled"":true,""conflict_pass"":0.1,""directional_enabled"":true,""directional_mix"":0.25,""min_cluster_fraction_of_equal"":0.01,""move_boundary_floor"":0.18,""pairwise_strength"":0.07,""self_return_strength"":0.2,""sweeps"":1,""trust_gate_enabled"":true,""trust_threshold"":0.4,""unary_view1_weight"":0.575}",PASS,,1e7f48d5c56302ba7e728af2f70df32fe0f52f3dc49d1118ad2509ce58675829,0c47bba6e9d2070df15578c8d6ab5effb1db01f01cb4d9c75edc8e5fa0873416,1,125,"[295,437,178,267,355,292,125]",0.2796866297721863,0.2796866297721863,0.44062674045562744,0.3237493336200714,0.6769638657569885,0.6247658133506775,0.008758100011618808,0,0,0.5416365903694235,0.6669488935833199,0.6651935851132983,0.6332069965196186,0.7051794837732301,0.6669488935833199,0.4799287696183175,0.048258962397380756,0.936631055173423,1949,1,merged unique formal+refinement candidates,label-assisted family-level benchmark HPO
RNA_CHROMATIN,MISAR_E15_5_S1,CMBF_707f6d1116a5375d,"{""anchor_strength"":0.17,""boundary_enabled"":true,""conflict_enabled"":true,""conflict_pass"":0.1,""directional_enabled"":true,""directional_mix"":0.125,""min_cluster_fraction_of_equal"":0.01,""move_boundary_floor"":0.18,""pairwise_strength"":0.06,""self_return_strength"":0.2,""sweeps"":1,""trust_gate_enabled"":true,""trust_threshold"":0.38,""unary_view1_weight"":0.6125}",PASS,,1e7f48d5c56302ba7e728af2f70df32fe0f52f3dc49d1118ad2509ce58675829,0c47bba6e9d2070df15578c8d6ab5effb1db01f01cb4d9c75edc8e5fa0873416,1,125,"[295,437,178,267,355,292,125]",0.27947092056274414,0.27947092056274414,0.4410581588745117,0.3235767185688019,0.6769089102745056,0.6249371767044067,0.009237000020220876,0,0,0.5416365903694235,0.6669488935833199,0.6651935851132983,0.6332069965196186,0.7051794837732301,0.6669488935833199,0.4799287696183175,0.048258962397380756,0.936631055173423,1949,1,merged unique formal+refinement candidates,label-assisted family-level benchmark HPO
RNA_CHROMATIN,MISAR_E15_5_S1,CMBF_06569c178750dc38,"{""anchor_strength"":0.17,""boundary_enabled"":true,""conflict_enabled"":true,""conflict_pass"":0.1,""directional_enabled"":true,""directional_mix"":0.25,""min_cluster_fraction_of_equal"":0.01,""move_boundary_floor"":0.18,""pairwise_strength"":0.07,""self_return_strength"":0.2,""sweeps"":1,""trust_gate_enabled"":true,""trust_threshold"":0.36,""unary_view1_weight"":0.65}",PASS,,1e7f48d5c56302ba7e728af2f70df32fe0f52f3dc49d1118ad2509ce58675829,0c47bba6e9d2070df15578c8d6ab5effb1db01f01cb4d9c75edc8e5fa0873416,1,125,"[295,437,178,267,355,292,125]",0.2796866297721863,0.2796866297721863,0.44062674045562744,0.3237493336200714,0.6769638657569885,0.6247658133506775,0.009789400006411597,0,0,0.5416365903694235,0.6669488935833199,0.6651935851132983,0.6332069965196186,0.7051794837732301,0.6669488935833199,0.4799287696183175,0.048258962397380756,0.936631055173423,1949,1,merged unique formal+refinement candidates,label-assisted family-level benchmark HPO
RNA_CHROMATIN,MISAR_E15_5_S1,CMBF_2bba0a04d1753a5c,"{""anchor_strength"":0.2,""boundary_enabled"":true,""conflict_enabled"":true,""conflict_pass"":0.1,""directional_enabled"":true,""directional_mix"":0.25,""min_cluster_fraction_of_equal"":0.01,""move_boundary_floor"":0.18,""pairwise_strength"":0.06,""self_return_strength"":0.2,""sweeps"":1,""trust_gate_enabled"":true,""trust_threshold"":0.4,""unary_view1_weight"":0.6125}",PASS,,1e7f48d5c56302ba7e728af2f70df32fe0f52f3dc49d1118ad2509ce58675829,0c47bba6e9d2070df15578c8d6ab5effb1db01f01cb4d9c75edc8e5fa0873416,1,125,"[295,437,178,267,355,292,125]",0.2796866297721863,0.2796866297721863,0.44062674045562744,0.3237493336200714,0.6769638657569885,0.6247658133506775,0.008786999998847023,0,0,0.5416365903694235,0.6669488935833199,0.6651935851132983,0.6332069965196186,0.7051794837732301,0.6669488935833199,0.4799287696183175,0.048258962397380756,0.936631055173423,1949,1,merged unique formal+refinement candidates,label-assisted family-level benchmark HPO
RNA_CHROMATIN,MISAR_E15_5_S1,CMBF_005868d4b005b8cc,"{""anchor_strength"":0.14,""boundary_enabled"":true,""conflict_enabled"":true,""conflict_pass"":0.1,""directional_enabled"":true,""directional_mix"":0.25,""min_cluster_fraction_of_equal"":0.01,""move_boundary_floor"":0.18,""pairwise_strength"":0.06,""self_return_strength"":0.2,""sweeps"":1,""trust_gate_enabled"":true,""trust_threshold"":0.38,""unary_view1_weight"":0.575}",PASS,,d50d8ec7fb84b7e9768810346877f78eadce24164437f2f8297c8926f9724089,0c47bba6e9d2070df15578c8d6ab5effb1db01f01cb4d9c75edc8e5fa0873416,2,125,"[295,436,178,267,355,293,125]",0.2796866297721863,0.2796866297721863,0.44062674045562744,0.3237493336200714,0.6769638657569885,0.6247658133506775,0.00784370000474155,0,0,0.5417336862171229,0.6658078446506112,0.6640466300497772,0.6332866924423224,0.704013511823691,0.6658078446506112,0.4792671646835879,0.04953871984361233,0.9360456607639397,1949,1,merged unique formal+refinement candidates,label-assisted family-level benchmark HPO
RNA_CHROMATIN,MISAR_E15_5_S1,CMBF_68aae7de9780e304,"{""anchor_strength"":0.17,""boundary_enabled"":true,""conflict_enabled"":true,""conflict_pass"":0.1,""directional_enabled"":true,""directional_mix"":0,""min_cluster_fraction_of_equal"":0.01,""move_boundary_floor"":0.2,""pairwise_strength"":0.08,""self_return_strength"":0.2,""sweeps"":1,""trust_gate_enabled"":true,""trust_threshold"":0.36,""unary_view1_weight"":0.6125}",PASS,,1e7f48d5c56302ba7e728af2f70df32fe0f52f3dc49d1118ad2509ce58675829,0c47bba6e9d2070df15578c8d6ab5effb1db01f01cb4d9c75edc8e5fa0873416,1,125,"[295,437,178,267,355,292,125]",0.2792040705680847,0.2792041003704071,0.4415918290615082,0.3233632743358612,0.676895260810852,0.625080943107605,0.007693700026720762,0,0,0.5416365903694235,0.6669488935833199,0.6651935851132983,0.6332069965196186,0.7051794837732301,0.6669488935833199,0.4799287696183175,0.048258962397380756,0.936631055173423,1949,1,merged unique formal+refinement candidates,label-assisted family-level benchmark HPO
RNA_CHROMATIN,MISAR_E15_5_S1,CMBF_7beffd03ca8dc7ec,"{""anchor_strength"":0.14,""boundary_enabled"":true,""conflict_enabled"":true,""conflict_pass"":0.1,""directional_enabled"":true,""directional_mix"":0,""min_cluster_fraction_of_equal"":0.01,""move_boundary_floor"":0.22,""pairwise_strength"":0.06,""self_return_strength"":0.2,""sweeps"":1,""trust_gate_enabled"":true,""trust_threshold"":0.36,""unary_view1_weight"":0.6125}",PASS,,d50d8ec7fb84b7e9768810346877f78eadce24164437f2f8297c8926f9724089,0c47bba6e9d2070df15578c8d6ab5effb1db01f01cb4d9c75edc8e5fa0873416,2,125,"[295,436,178,267,355,293,125]",0.2792040705680847,0.2792041003704071,0.4415918290615082,0.3233632743358612,0.676895260810852,0.625080943107605,0.00749690001248382,0,0,0.5417336862171229,0.6658078446506112,0.6640466300497772,0.6332866924423224,0.704013511823691,0.6658078446506112,0.4792671646835879,0.04953871984361233,0.9360456607639397,1949,1,merged unique formal+refinement candidates,label-assisted family-level benchmark HPO
RNA_CHROMATIN,MISAR_E15_5_S1,CMBF_fbed48fa34f0c773,"{""anchor_strength"":0.17,""boundary_enabled"":true,""conflict_enabled"":true,""conflict_pass"":0.1,""directional_enabled"":true,""directional_mix"":0,""min_cluster_fraction_of_equal"":0.01,""move_boundary_floor"":0.18,""pairwise_strength"":0.08,""self_return_strength"":0.2,""sweeps"":1,""trust_gate_enabled"":true,""trust_threshold"":0.38,""unary_view1_weight"":0.65}",PASS,,1e7f48d5c56302ba7e728af2f70df32fe0f52f3dc49d1118ad2509ce58675829,0c47bba6e9d2070df15578c8d6ab5effb1db01f01cb4d9c75edc8e5fa0873416,1,125,"[295,437,178,267,355,292,125]",0.2792040705680847,0.2792041003704071,0.4415918290615082,0.3233632743358612,0.676895260810852,0.625080943107605,0.00745100001222454,0,0,0.5416365903694235,0.6669488935833199,0.6651935851132983,0.6332069965196186,0.7051794837732301,0.6669488935833199,0.4799287696183175,0.048258962397380756,0.936631055173423,1949,1,merged unique formal+refinement candidates,label-assisted family-level benchmark HPO
RNA_CHROMATIN,MISAR_E15_5_S1,CMBF_76e740aad6b20928,"{""anchor_strength"":0.2,""boundary_enabled"":true,""conflict_enabled"":true,""conflict_pass"":0.1,""directional_enabled"":true,""directional_mix"":0.125,""min_cluster_fraction_of_equal"":0.01,""move_boundary_floor"":0.18,""pairwise_strength"":0.08,""self_return_strength"":0.2,""sweeps"":1,""trust_gate_enabled"":true,""trust_threshold"":0.36,""unary_view1_weight"":0.65}",PASS,,1e7f48d5c56302ba7e728af2f70df32fe0f52f3dc49d1118ad2509ce58675829,0c47bba6e9d2070df15578c8d6ab5effb1db01f01cb4d9c75edc8e5fa0873416,1,125,"[295,437,178,267,355,292,125]",0.27947092056274414,0.27947092056274414,0.4410581588745117,0.3235767185688019,0.6769089102745056,0.6249371767044067,0.008103500003926456,0,0,0.5416365903694235,0.6669488935833199,0.6651935851132983,0.6332069965196186,0.7051794837732301,0.6669488935833199,0.4799287696183175,0.048258962397380756,0.936631055173423,1949,1,merged unique formal+refinement candidates,label-assisted family-level benchmark HPO
RNA_CHROMATIN,MISAR_E15_5_S1,CMBF_4c43977c10b341a6,"{""anchor_strength"":0.14,""boundary_enabled"":true,""conflict_enabled"":true,""conflict_pass"":0.1,""directional_enabled"":true,""directional_mix"":0,""min_cluster_fraction_of_equal"":0.01,""move_boundary_floor"":0.2,""pairwise_strength"":0.07,""self_return_strength"":0.2,""sweeps"":1,""trust_gate_enabled"":true,""trust_threshold"":0.4,""unary_view1_weight"":0.575}",PASS,,d50d8ec7fb84b7e9768810346877f78eadce24164437f2f8297c8926f9724089,0c47bba6e9d2070df15578c8d6ab5effb1db01f01cb4d9c75edc8e5fa0873416,2,125,"[295,436,178,267,355,293,125]",0.2792040705680847,0.2792041003704071,0.4415918290615082,0.3233632743358612,0.676895260810852,0.625080943107605,0.008983300009276718,0,0,0.5417336862171229,0.6658078446506112,0.6640466300497772,0.6332866924423224,0.704013511823691,0.6658078446506112,0.4792671646835879,0.04953871984361233,0.9360456607639397,1949,1,merged unique formal+refinement candidates,label-assisted family-level benchmark HPO
RNA_CHROMATIN,MISAR_E15_5_S1,CMBF_6372a81121b642cf,"{""anchor_strength"":0.2,""boundary_enabled"":true,""conflict_enabled"":true,""conflict_pass"":0.1,""directional_enabled"":true,""directional_mix"":0.125,""min_cluster_fraction_of_equal"":0.01,""move_boundary_floor"":0.2,""pairwise_strength"":0.07,""self_return_strength"":0.2,""sweeps"":1,""trust_gate_enabled"":true,""trust_threshold"":0.36,""unary_view1_weight"":0.6125}",PASS,,1e7f48d5c56302ba7e728af2f70df32fe0f52f3dc49d1118ad2509ce58675829,0c47bba6e9d2070df15578c8d6ab5effb1db01f01cb4d9c75edc8e5fa0873416,1,125,"[295,437,178,267,355,292,125]",0.27947092056274414,0.27947092056274414,0.4410581588745117,0.3235767185688019,0.6769089102745056,0.6249371767044067,0.007299300021259114,0,0,0.5416365903694235,0.6669488935833199,0.6651935851132983,0.6332069965196186,0.7051794837732301,0.6669488935833199,0.4799287696183175,0.048258962397380756,0.936631055173423,1949,1,merged unique formal+refinement candidates,label-assisted family-level benchmark HPO
