observation_id,cluster
CTAAGGTCTTGCTGGA,5
CTAAGGTCACACAGAA,5
CTAAGGTCACAGCAGA,5
CTAAGGTCACCTCCAA,4
CTAAGGTCACGCTCGA,4
CTAAGGTCACGTATCA,4
CTAAGGTCACTATGCA,4
CTAAGGTCAGAGTCAA,4
CTAAGGTCAGATCGCA,4
CTAAGGTCAGCAGGAA,4
CTAAGGTCAGTCACTA,4
CTAAGGTCATCCTGTA,4
CTAAGGTCATTGAGGA,4
CTAAGGTCCAACCACA,4
CTAAGGTCGACTAGTA,4
CTAAGGTCCAATGGAA,4
CTAAGGTCCACTTCGA,1
CTAAGGTCCAGCGTTA,2
CTAAGGTCCATACCAA,2
CTAAGGTCCCAGTTCA,2
CTAAGGTCCCGAAGTA,4
CTAAGGTCCCGTGAGA,2
CTAAGGTCCCTCCTGA,2
CTAAGGTCCGAACTTA,2
CTAAGGTCCGACTGGA,2
CTAAGGTCCGCATACA,4
CTAAGGTCCTCAATGA,3
CTAAGGTCCTGAGCCA,4
CTAAGGTCCTGGCATA,5
CTAAGGTCGAATCTGA,4
CTAAGGTCCAAGACTA,4
CTAAGGTCGAGCTGAA,4
CTAAGGTCGATAGACA,1
CTAAGGTCGCCACATA,1
CTAAGGTCGCGAGTAA,1
CTAAGGTCGCTAACGA,1
CTAAGGTCGCTCGGTA,1
CTAAGGTCGGAGAACA,1
CTAAGGTCGGTGCGAA,1
CTAAGGTCGTACGCAA,1
CTAAGGTCGTCGTAGA,1
CTAAGGTCGTCTGTCA,1
CTAAGGTCGTGTTCTA,1
CTAAGGTCTAGGATGA,1
CTAAGGTCTATCAGCA,1
CTAAGGTCTCCGTCTA,1
CTAAGGTCTCTTCACA,1
CTAAGGTCTGAAGAGA,1
CTAAGGTCTGGAACAA,1
CTAAGGTCTGGCTTCA,1
CTAAGGTCTGGTGGTA,1
CTAAGGTCTTCACGCA,1
CTAAGGTCAACTCACC,1
CTAAGGTCAAGAGATC,1
CTAAGGTCAAGGACAC,1
CTAAGGTCAATCCGTC,1
CTAAGGTCAATGTTGC,1
CTAAGGTCACACGACC,1
CTAAGGTCACAGATTC,1
CTAAGGTCAGATGTAC,1
CTAAGGTCAGCACCTC,1
CTAAGGTCAGCCATGC,1
CTAAGGTCAGGCTAAC,1
CTAAGGTCATAGCGAC,1
CTAAGGTCATCATTCC,1
CTAAGGTCATTGGCTC,1
CTAAGGTCCAAGGAGC,1
CTAAGGTCCACCTTAC,1
CTAAGGTCCCATCCTC,1
CTAAGGTCCCGACAAC,6
CTAAGGTCCCTAATCC,6
CTAAGGTCCCTCTATC,1
CTAAGGTCCGACACAC,2
CTAAGGTCCGGATTGC,2
CTAAGGTCCTAAGGTC,4
CTAAGGTCGAACAGGC,4
CTAAGGTCGACAGTGC,4
CTAAGGTCGAGTTAGC,1
CTAAGGTCGATGAATC,1
CTAAGGTCGCCAAGAC,5
CTAAGGTCCGGAAGAA,5
CTAAGGTCGTGACAAG,5
CTAAGGTCGAACCAGA,5
CGGATTGCTTGCTGGA,5
CGGATTGCACACAGAA,5
CGGATTGCACAGCAGA,5
CGGATTGCACCTCCAA,4
CGGATTGCACGCTCGA,4
CGGATTGCACGTATCA,4
CGGATTGCACTATGCA,4
CGGATTGCAGAGTCAA,4
CGGATTGCAGATCGCA,4
CGGATTGCAGCAGGAA,4
CGGATTGCAGTCACTA,4
CGGATTGCATCCTGTA,4
CGGATTGCATTGAGGA,4
CGGATTGCCAACCACA,4
CGGATTGCGACTAGTA,4
CGGATTGCCAATGGAA,4
CGGATTGCCACTTCGA,4
CGGATTGCCAGCGTTA,2
CGGATTGCCATACCAA,2
CGGATTGCCCAGTTCA,2
CGGATTGCCCGAAGTA,2
CGGATTGCCCGTGAGA,2
CGGATTGCCCTCCTGA,2
CGGATTGCCGAACTTA,2
CGGATTGCCGACTGGA,2
CGGATTGCCGCATACA,4
CGGATTGCCTCAATGA,4
CGGATTGCCTGAGCCA,4
CGGATTGCCTGGCATA,4
CGGATTGCGAATCTGA,5
CGGATTGCCAAGACTA,4
CGGATTGCGAGCTGAA,2
CGGATTGCGATAGACA,1
CGGATTGCGCCACATA,1
CGGATTGCGCGAGTAA,1
CGGATTGCGCTAACGA,1
CGGATTGCGCTCGGTA,1
CGGATTGCGGAGAACA,1
CGGATTGCGGTGCGAA,1
CGGATTGCGTACGCAA,1
CGGATTGCGTCGTAGA,1
CGGATTGCGTCTGTCA,1
CGGATTGCGTGTTCTA,1
CGGATTGCTAGGATGA,1
CGGATTGCTATCAGCA,1
CGGATTGCTCCGTCTA,1
CGGATTGCTCTTCACA,1
CGGATTGCTGAAGAGA,1
CGGATTGCTGGAACAA,1
CGGATTGCTGGCTTCA,1
CGGATTGCTGGTGGTA,1
CGGATTGCTTCACGCA,1
CGGATTGCAACTCACC,1
CGGATTGCAAGAGATC,1
CGGATTGCAAGGACAC,1
CGGATTGCAATCCGTC,1
CGGATTGCAATGTTGC,1
CGGATTGCACACGACC,1
CGGATTGCACAGATTC,1
CGGATTGCAGATGTAC,1
CGGATTGCAGCACCTC,1
CGGATTGCAGCCATGC,1
CGGATTGCAGGCTAAC,1
CGGATTGCATAGCGAC,1
CGGATTGCATCATTCC,1
CGGATTGCATTGGCTC,1
CGGATTGCCAAGGAGC,1
CGGATTGCCACCTTAC,1
CGGATTGCCCATCCTC,1
CGGATTGCCCGACAAC,1
CGGATTGCCCTAATCC,1
CGGATTGCCCTCTATC,1
CGGATTGCCGACACAC,2
CGGATTGCCGGATTGC,2
CGGATTGCCTAAGGTC,2
CGGATTGCGAACAGGC,4
CGGATTGCGACAGTGC,4
CGGATTGCGAGTTAGC,4
CGGATTGCGATGAATC,5
CGGATTGCGCCAAGAC,5
CGGATTGCCGGAAGAA,5
CGGATTGCGTGACAAG,5
CGGATTGCGAACCAGA,5
CGACACACTTGCTGGA,5
CGACACACAAGACGGA,4
CGACACACAAGGTACA,4
CGACACACACACAGAA,5
CGACACACACAGCAGA,5
CGACACACACCTCCAA,1
CGACACACACGCTCGA,4
CGACACACACGTATCA,4
CGACACACACTATGCA,4
CGACACACAGAGTCAA,4
CGACACACAGATCGCA,4
CGACACACAGCAGGAA,4
CGACACACAGTCACTA,4
CGACACACATCCTGTA,4
CGACACACATTGAGGA,4
CGACACACCAACCACA,4
CGACACACGACTAGTA,4
CGACACACCAATGGAA,4
CGACACACCACTTCGA,2
CGACACACCAGCGTTA,2
CGACACACCATACCAA,2
CGACACACCCAGTTCA,2
CGACACACCCGAAGTA,2
CGACACACCCGTGAGA,2
CGACACACCCTCCTGA,2
CGACACACCGAACTTA,1
CGACACACCGACTGGA,4
CGACACACCGCATACA,4
CGACACACCTCAATGA,4
CGACACACCTGAGCCA,4
CGACACACCTGGCATA,4
CGACACACGAATCTGA,1
CGACACACCAAGACTA,1
CGACACACGAGCTGAA,1
CGACACACGATAGACA,1
CGACACACGCCACATA,1
CGACACACGCGAGTAA,3
CGACACACGCTAACGA,1
CGACACACGCTCGGTA,1
CGACACACGGAGAACA,1
CGACACACGGTGCGAA,1
CGACACACGTACGCAA,1
CGACACACGTCGTAGA,1
CGACACACGTCTGTCA,1
CGACACACGTGTTCTA,1
CGACACACTAGGATGA,1
CGACACACTATCAGCA,1
CGACACACTCCGTCTA,1
CGACACACTCTTCACA,1
CGACACACTGAAGAGA,1
CGACACACTGGAACAA,1
CGACACACTGGCTTCA,1
CGACACACTGGTGGTA,1
CGACACACTTCACGCA,1
CGACACACAACTCACC,1
CGACACACAAGAGATC,1
CGACACACAAGGACAC,1
CGACACACAATCCGTC,1
CGACACACAATGTTGC,1
CGACACACACACGACC,1
CGACACACACAGATTC,1
CGACACACAGATGTAC,1
CGACACACAGCACCTC,1
CGACACACAGCCATGC,1
CGACACACAGGCTAAC,1
CGACACACATAGCGAC,1
CGACACACATCATTCC,1
CGACACACATTGGCTC,1
CGACACACCAAGGAGC,1
CGACACACCACCTTAC,1
CGACACACCCATCCTC,1
CGACACACCCGACAAC,1
CGACACACCCTAATCC,1
CGACACACCCTCTATC,1
CGACACACCGACACAC,2
CGACACACCGGATTGC,2
CGACACACCTAAGGTC,4
CGACACACGAACAGGC,4
CGACACACGACAGTGC,4
CGACACACGAGTTAGC,4
CGACACACGATGAATC,5
CGACACACGCCAAGAC,5
CGACACACCGGAAGAA,5
CGACACACGTGACAAG,5
CGACACACGAACCAGA,5
CCTCTATCTTGCTGGA,5
CCTCTATCAACCGAGA,4
CCTCTATCAACGCTTA,4
CCTCTATCAAGACGGA,4
CCTCTATCAAGGTACA,4
CCTCTATCACACAGAA,4
CCTCTATCACAGCAGA,4
CCTCTATCACCTCCAA,4
CCTCTATCACGCTCGA,4
CCTCTATCACGTATCA,4
CCTCTATCACTATGCA,4
CCTCTATCAGAGTCAA,1
CCTCTATCAGATCGCA,4
CCTCTATCAGCAGGAA,4
CCTCTATCAGTCACTA,4
CCTCTATCATCCTGTA,4
CCTCTATCATTGAGGA,4
CCTCTATCCAACCACA,4
CCTCTATCGACTAGTA,4
CCTCTATCCAATGGAA,2
CCTCTATCCACTTCGA,2
CCTCTATCCAGCGTTA,2
CCTCTATCCATACCAA,2
CCTCTATCCCAGTTCA,2
CCTCTATCCCGAAGTA,2
CCTCTATCCCGTGAGA,2
CCTCTATCCCTCCTGA,2
CCTCTATCCGAACTTA,4
CCTCTATCCGACTGGA,1
CCTCTATCCGCATACA,4
CCTCTATCCTCAATGA,4
CCTCTATCCTGAGCCA,4
CCTCTATCCTGGCATA,4
CCTCTATCGAATCTGA,4
CCTCTATCCAAGACTA,4
CCTCTATCGAGCTGAA,1
CCTCTATCGATAGACA,1
CCTCTATCGCCACATA,1
CCTCTATCGCGAGTAA,1
CCTCTATCGCTAACGA,1
CCTCTATCGCTCGGTA,1
CCTCTATCGGAGAACA,1
CCTCTATCGGTGCGAA,1
CCTCTATCGTACGCAA,1
CCTCTATCGTCGTAGA,1
CCTCTATCGTCTGTCA,1
CCTCTATCGTGTTCTA,4
CCTCTATCTAGGATGA,4
CCTCTATCTATCAGCA,1
CCTCTATCTCCGTCTA,1
CCTCTATCTCTTCACA,1
CCTCTATCTGAAGAGA,1
CCTCTATCTGGAACAA,1
CCTCTATCTGGCTTCA,1
CCTCTATCTGGTGGTA,1
CCTCTATCTTCACGCA,1
CCTCTATCAACTCACC,1
CCTCTATCAAGAGATC,1
CCTCTATCAAGGACAC,1
CCTCTATCAATCCGTC,1
CCTCTATCAATGTTGC,1
CCTCTATCACACGACC,1
CCTCTATCACAGATTC,1
CCTCTATCAGATGTAC,1
CCTCTATCAGCACCTC,1
CCTCTATCAGCCATGC,1
CCTCTATCAGGCTAAC,1
CCTCTATCATAGCGAC,1
CCTCTATCATCATTCC,1
CCTCTATCATTGGCTC,1
CCTCTATCCAAGGAGC,1
CCTCTATCCACCTTAC,1
CCTCTATCCCATCCTC,1
CCTCTATCCCGACAAC,1
CCTCTATCCCTAATCC,1
CCTCTATCCCTCTATC,2
CCTCTATCCGACACAC,2
CCTCTATCCGGATTGC,2
CCTCTATCCTAAGGTC,4
CCTCTATCGAACAGGC,4
CCTCTATCGACAGTGC,4
CCTCTATCGAGTTAGC,4
CCTCTATCGATGAATC,5
CCTCTATCGCCAAGAC,5
CCTCTATCCGGAAGAA,5
CCTCTATCGTGACAAG,5
CCTCTATCGAACCAGA,5
CCTAATCCTTGCTGGA,5
CCTAATCCAACCGAGA,4
CCTAATCCAACGCTTA,4
CCTAATCCAAGACGGA,4
CCTAATCCAAGGTACA,4
CCTAATCCACACAGAA,4
CCTAATCCACAGCAGA,4
CCTAATCCACCTCCAA,4
CCTAATCCACGCTCGA,4
CCTAATCCACGTATCA,4
CCTAATCCACTATGCA,4
CCTAATCCAGAGTCAA,4
CCTAATCCAGATCGCA,5
CCTAATCCAGCAGGAA,4
CCTAATCCAGTCACTA,4
CCTAATCCATCCTGTA,4
CCTAATCCATTGAGGA,2
CCTAATCCCAACCACA,4
CCTAATCCGACTAGTA,2
CCTAATCCCAATGGAA,2
CCTAATCCCACTTCGA,2
CCTAATCCCAGCGTTA,2
CCTAATCCCATACCAA,2
CCTAATCCCCAGTTCA,4
CCTAATCCCCGAAGTA,2
CCTAATCCCCGTGAGA,4
CCTAATCCCCTCCTGA,4
CCTAATCCCGAACTTA,5
CCTAATCCCGACTGGA,1
CCTAATCCCGCATACA,1
CCTAATCCCTCAATGA,1
CCTAATCCCTGAGCCA,4
CCTAATCCCTGGCATA,4
CCTAATCCGAATCTGA,4
CCTAATCCCAAGACTA,1
CCTAATCCGAGCTGAA,1
CCTAATCCGATAGACA,1
CCTAATCCGCCACATA,1
CCTAATCCGCGAGTAA,1
CCTAATCCGCTAACGA,1
CCTAATCCGCTCGGTA,4
CCTAATCCGGAGAACA,4
CCTAATCCGGTGCGAA,1
CCTAATCCGTACGCAA,1
CCTAATCCGTCGTAGA,1
CCTAATCCGTCTGTCA,1
CCTAATCCGTGTTCTA,1
CCTAATCCTAGGATGA,1
CCTAATCCTATCAGCA,1
CCTAATCCTCCGTCTA,1
CCTAATCCTCTTCACA,1
CCTAATCCTGAAGAGA,1
CCTAATCCTGGAACAA,1
CCTAATCCTGGCTTCA,1
CCTAATCCTGGTGGTA,1
CCTAATCCTTCACGCA,9
CCTAATCCAACTCACC,9
CCTAATCCAAGAGATC,9
CCTAATCCAAGGACAC,9
CCTAATCCAATCCGTC,9
CCTAATCCAATGTTGC,1
CCTAATCCACACGACC,1
CCTAATCCACAGATTC,1
CCTAATCCAGATGTAC,1
CCTAATCCAGCACCTC,1
CCTAATCCAGCCATGC,1
CCTAATCCAGGCTAAC,1
CCTAATCCATAGCGAC,6
CCTAATCCATCATTCC,1
CCTAATCCATTGGCTC,1
CCTAATCCCAAGGAGC,1
CCTAATCCCACCTTAC,1
CCTAATCCCCATCCTC,1
CCTAATCCCCGACAAC,1
CCTAATCCCCTAATCC,1
CCTAATCCCCTCTATC,2
CCTAATCCCGACACAC,2
CCTAATCCCGGATTGC,2
CCTAATCCCTAAGGTC,4
CCTAATCCGAACAGGC,4
CCTAATCCGACAGTGC,4
CCTAATCCGAGTTAGC,1
CCTAATCCGATGAATC,6
CCTAATCCGCCAAGAC,5
CCTAATCCCGGAAGAA,5
CCTAATCCGTGACAAG,5
CCTAATCCGAACCAGA,5
CCGACAACTTGCTGGA,5
CCGACAACAACAACCA,4
CCGACAACAACCGAGA,5
CCGACAACAACGCTTA,4
CCGACAACAAGACGGA,4
CCGACAACAAGGTACA,4
CCGACAACACACAGAA,4
CCGACAACACAGCAGA,4
CCGACAACACCTCCAA,4
CCGACAACACGCTCGA,4
CCGACAACACGTATCA,1
CCGACAACACTATGCA,4
CCGACAACAGAGTCAA,4
CCGACAACAGATCGCA,4
CCGACAACAGCAGGAA,4
CCGACAACAGTCACTA,4
CCGACAACATCCTGTA,2
CCGACAACATTGAGGA,2
CCGACAACCAACCACA,1
CCGACAACGACTAGTA,2
CCGACAACCAATGGAA,2
CCGACAACCACTTCGA,2
CCGACAACCAGCGTTA,2
CCGACAACCATACCAA,2
CCGACAACCCAGTTCA,2
CCGACAACCCGAAGTA,4
CCGACAACCCGTGAGA,4
CCGACAACCCTCCTGA,4
CCGACAACCGAACTTA,4
CCGACAACCGACTGGA,1
CCGACAACCGCATACA,1
CCGACAACCTCAATGA,1
CCGACAACCTGAGCCA,1
CCGACAACCTGGCATA,1
CCGACAACGAATCTGA,1
CCGACAACCAAGACTA,4
CCGACAACGAGCTGAA,1
CCGACAACGATAGACA,1
CCGACAACGCCACATA,1
CCGACAACGCGAGTAA,1
CCGACAACGCTAACGA,1
CCGACAACGCTCGGTA,1
CCGACAACGGAGAACA,1
CCGACAACGGTGCGAA,1
CCGACAACGTACGCAA,1
CCGACAACGTCGTAGA,1
CCGACAACGTCTGTCA,1
CCGACAACGTGTTCTA,1
CCGACAACTAGGATGA,1
CCGACAACTATCAGCA,1
CCGACAACTCCGTCTA,1
CCGACAACTCTTCACA,1
CCGACAACTGAAGAGA,1
CCGACAACTGGAACAA,1
CCGACAACTGGCTTCA,1
CCGACAACTGGTGGTA,1
CCGACAACTTCACGCA,9
CCGACAACAACTCACC,9
CCGACAACAAGAGATC,9
CCGACAACAAGGACAC,9
CCGACAACAATCCGTC,9
CCGACAACAATGTTGC,1
CCGACAACACACGACC,1
CCGACAACACAGATTC,1
CCGACAACAGATGTAC,1
CCGACAACAGCACCTC,1
CCGACAACAGCCATGC,1
CCGACAACAGGCTAAC,1
CCGACAACATAGCGAC,1
CCGACAACATCATTCC,1
CCGACAACATTGGCTC,1
CCGACAACCAAGGAGC,1
CCGACAACCACCTTAC,1
CCGACAACCCATCCTC,1
CCGACAACCCGACAAC,1
CCGACAACCCTAATCC,1
CCGACAACCCTCTATC,2
CCGACAACCGACACAC,2
CCGACAACCGGATTGC,2
CCGACAACCTAAGGTC,2
CCGACAACGAACAGGC,4
CCGACAACGACAGTGC,4
CCGACAACGAGTTAGC,5
CCGACAACGATGAATC,1
CCGACAACGCCAAGAC,1
CCGACAACCGGAAGAA,5
CCGACAACGTGACAAG,5
CCGACAACGAACCAGA,5
CCATCCTCTTGCTGGA,5
CCATCCTCAGTACAAG,4
CCATCCTCAACAACCA,4
CCATCCTCAACCGAGA,4
CCATCCTCAACGCTTA,5
CCATCCTCAAGACGGA,4
CCATCCTCAAGGTACA,4
CCATCCTCACACAGAA,4
CCATCCTCACAGCAGA,4
CCATCCTCACCTCCAA,4
CCATCCTCACGCTCGA,4
CCATCCTCACGTATCA,4
CCATCCTCACTATGCA,4
CCATCCTCAGAGTCAA,4
CCATCCTCAGATCGCA,2
CCATCCTCAGCAGGAA,4
CCATCCTCAGTCACTA,1
CCATCCTCATCCTGTA,2
CCATCCTCATTGAGGA,2
CCATCCTCCAACCACA,2
CCATCCTCGACTAGTA,2
CCATCCTCCAATGGAA,2
CCATCCTCCACTTCGA,2
CCATCCTCCAGCGTTA,2
CCATCCTCCATACCAA,2
CCATCCTCCCAGTTCA,2
CCATCCTCCCGAAGTA,4
CCATCCTCCCGTGAGA,4
CCATCCTCCCTCCTGA,4
CCATCCTCCGAACTTA,1
CCATCCTCCGACTGGA,1
CCATCCTCCGCATACA,1
CCATCCTCCTCAATGA,1
CCATCCTCCTGAGCCA,1
CCATCCTCCTGGCATA,1
CCATCCTCGAATCTGA,1
CCATCCTCCAAGACTA,1
CCATCCTCGAGCTGAA,1
CCATCCTCGATAGACA,1
CCATCCTCGCCACATA,1
CCATCCTCGCGAGTAA,1
CCATCCTCGCTAACGA,1
CCATCCTCGCTCGGTA,1
CCATCCTCGGAGAACA,1
CCATCCTCGGTGCGAA,1
CCATCCTCGTACGCAA,1
CCATCCTCGTCGTAGA,1
CCATCCTCGTCTGTCA,1
CCATCCTCGTGTTCTA,1
CCATCCTCTAGGATGA,1
CCATCCTCTATCAGCA,1
CCATCCTCTCCGTCTA,1
CCATCCTCTCTTCACA,1
CCATCCTCTGAAGAGA,1
CCATCCTCTGGAACAA,3
CCATCCTCTGGCTTCA,1
CCATCCTCTGGTGGTA,1
CCATCCTCTTCACGCA,1
CCATCCTCAACTCACC,9
CCATCCTCAAGAGATC,9
CCATCCTCAAGGACAC,1
CCATCCTCAATCCGTC,1
CCATCCTCAATGTTGC,1
CCATCCTCACACGACC,1
CCATCCTCACAGATTC,1
CCATCCTCAGATGTAC,1
CCATCCTCAGCACCTC,1
CCATCCTCAGCCATGC,1
CCATCCTCAGGCTAAC,1
CCATCCTCATAGCGAC,1
CCATCCTCATCATTCC,1
CCATCCTCATTGGCTC,1
CCATCCTCCAAGGAGC,1
CCATCCTCCACCTTAC,1
CCATCCTCCCATCCTC,1
CCATCCTCCCGACAAC,1
CCATCCTCCCTAATCC,1
CCATCCTCCCTCTATC,2
CCATCCTCCGACACAC,2
CCATCCTCCGGATTGC,2
CCATCCTCCTAAGGTC,4
CCATCCTCGAACAGGC,4
CCATCCTCGACAGTGC,4
CCATCCTCGAGTTAGC,1
CCATCCTCGATGAATC,5
CCATCCTCGCCAAGAC,1
CCATCCTCCGGAAGAA,5
CCATCCTCGTGACAAG,4
CCATCCTCGAACCAGA,5
CACCTTACTTGCTGGA,5
CACCTTACAGTACAAG,4
CACCTTACAACAACCA,5
CACCTTACAACCGAGA,4
CACCTTACAACGCTTA,5
CACCTTACAAGACGGA,4
CACCTTACAAGGTACA,4
CACCTTACACACAGAA,4
CACCTTACACAGCAGA,4
CACCTTACACCTCCAA,4
CACCTTACACGCTCGA,4
CACCTTACACGTATCA,2
CACCTTACACTATGCA,2
CACCTTACAGAGTCAA,2
CACCTTACAGATCGCA,4
CACCTTACAGCAGGAA,2
CACCTTACAGTCACTA,2
CACCTTACATCCTGTA,2
CACCTTACATTGAGGA,2
CACCTTACCAACCACA,2
CACCTTACGACTAGTA,4
CACCTTACCAATGGAA,2
CACCTTACCACTTCGA,2
CACCTTACCAGCGTTA,2
CACCTTACCATACCAA,2
CACCTTACCCAGTTCA,2
CACCTTACCCGAAGTA,1
CACCTTACCCGTGAGA,1
CACCTTACCCTCCTGA,1
CACCTTACCGAACTTA,4
CACCTTACCGACTGGA,1
CACCTTACCGCATACA,1
CACCTTACCTCAATGA,1
CACCTTACCTGAGCCA,1
CACCTTACCTGGCATA,1
CACCTTACGAATCTGA,1
CACCTTACCAAGACTA,1
CACCTTACGAGCTGAA,1
CACCTTACGATAGACA,1
CACCTTACGCCACATA,4
CACCTTACGCGAGTAA,4
CACCTTACGCTAACGA,1
CACCTTACGCTCGGTA,1
CACCTTACGGAGAACA,1
CACCTTACGGTGCGAA,1
CACCTTACGTACGCAA,1
CACCTTACGTCGTAGA,1
CACCTTACGTCTGTCA,1
CACCTTACGTGTTCTA,1
CACCTTACTAGGATGA,1
CACCTTACTATCAGCA,1
CACCTTACTCCGTCTA,1
CACCTTACTCTTCACA,1
CACCTTACTGAAGAGA,1
CACCTTACTGGAACAA,1
CACCTTACTGGCTTCA,1
CACCTTACTGGTGGTA,1
CACCTTACTTCACGCA,1
CACCTTACAACTCACC,1
CACCTTACAAGAGATC,1
CACCTTACAAGGACAC,1
CACCTTACAATCCGTC,1
CACCTTACAATGTTGC,1
CACCTTACACACGACC,1
CACCTTACACAGATTC,1
CACCTTACAGATGTAC,1
CACCTTACAGCACCTC,1
CACCTTACAGCCATGC,1
CACCTTACAGGCTAAC,1
CACCTTACATAGCGAC,1
CACCTTACATCATTCC,1
CACCTTACATTGGCTC,1
CACCTTACCAAGGAGC,1
CACCTTACCACCTTAC,1
CACCTTACCCATCCTC,1
CACCTTACCCGACAAC,1
CACCTTACCCTAATCC,1
CACCTTACCCTCTATC,1
CACCTTACCGACACAC,2
CACCTTACCGGATTGC,2
CACCTTACCTAAGGTC,4
CACCTTACGAACAGGC,4
CACCTTACGACAGTGC,4
CACCTTACGAGTTAGC,4
CACCTTACGATGAATC,1
CACCTTACGCCAAGAC,1
CACCTTACCGGAAGAA,5
CACCTTACGTGACAAG,5
CACCTTACGAACCAGA,5
CAAGGAGCTTGCTGGA,4
CAAGGAGCCTGTAGCC,4
CAAGGAGCAGTACAAG,4
CAAGGAGCAACAACCA,4
CAAGGAGCAACCGAGA,4
CAAGGAGCAACGCTTA,4
CAAGGAGCAAGACGGA,4
CAAGGAGCAAGGTACA,4
CAAGGAGCACACAGAA,4
CAAGGAGCACAGCAGA,4
CAAGGAGCACCTCCAA,4
CAAGGAGCACGCTCGA,4
CAAGGAGCACGTATCA,4
CAAGGAGCACTATGCA,4
CAAGGAGCAGAGTCAA,2
CAAGGAGCAGATCGCA,2
CAAGGAGCAGCAGGAA,2
CAAGGAGCAGTCACTA,2
CAAGGAGCATCCTGTA,2
CAAGGAGCATTGAGGA,2
CAAGGAGCCAACCACA,2
CAAGGAGCGACTAGTA,2
CAAGGAGCCAATGGAA,4
CAAGGAGCCACTTCGA,4
CAAGGAGCCAGCGTTA,2
CAAGGAGCCATACCAA,2
CAAGGAGCCCAGTTCA,1
CAAGGAGCCCGAAGTA,1
CAAGGAGCCCGTGAGA,1
CAAGGAGCCCTCCTGA,1
CAAGGAGCCGAACTTA,1
CAAGGAGCCGACTGGA,1
CAAGGAGCCGCATACA,1
CAAGGAGCCTCAATGA,1
CAAGGAGCCTGAGCCA,1
CAAGGAGCCTGGCATA,1
CAAGGAGCGAATCTGA,1
CAAGGAGCCAAGACTA,1
CAAGGAGCGAGCTGAA,1
CAAGGAGCGATAGACA,4
CAAGGAGCGCCACATA,1
CAAGGAGCGCGAGTAA,1
CAAGGAGCGCTAACGA,1
CAAGGAGCGCTCGGTA,1
CAAGGAGCGGAGAACA,1
CAAGGAGCGGTGCGAA,1
CAAGGAGCGTACGCAA,1
CAAGGAGCGTCGTAGA,1
CAAGGAGCGTCTGTCA,1
CAAGGAGCGTGTTCTA,1
CAAGGAGCTAGGATGA,9
CAAGGAGCTATCAGCA,1
CAAGGAGCTCCGTCTA,9
CAAGGAGCTCTTCACA,9
CAAGGAGCTGAAGAGA,1
CAAGGAGCTGGAACAA,1
CAAGGAGCTGGCTTCA,1
CAAGGAGCTGGTGGTA,1
CAAGGAGCTTCACGCA,1
CAAGGAGCAACTCACC,1
CAAGGAGCAAGAGATC,1
CAAGGAGCAAGGACAC,1
CAAGGAGCAATCCGTC,1
CAAGGAGCAATGTTGC,1
CAAGGAGCACACGACC,1
CAAGGAGCACAGATTC,1
CAAGGAGCAGATGTAC,1
CAAGGAGCAGCACCTC,1
CAAGGAGCAGCCATGC,1
CAAGGAGCAGGCTAAC,1
CAAGGAGCATAGCGAC,1
CAAGGAGCATCATTCC,1
CAAGGAGCATTGGCTC,1
CAAGGAGCCAAGGAGC,1
CAAGGAGCCACCTTAC,1
CAAGGAGCCCATCCTC,1
CAAGGAGCCCGACAAC,1
CAAGGAGCCCTAATCC,1
CAAGGAGCCCTCTATC,1
CAAGGAGCCGACACAC,2
CAAGGAGCCGGATTGC,4
CAAGGAGCCTAAGGTC,4
CAAGGAGCGAACAGGC,4
CAAGGAGCGACAGTGC,4
CAAGGAGCGAGTTAGC,4
CAAGGAGCGATGAATC,1
CAAGGAGCGCCAAGAC,5
CAAGGAGCCGGAAGAA,5
CAAGGAGCGTGACAAG,5
CAAGGAGCGAACCAGA,5
ATTGGCTCACAAGCTA,4
ATTGGCTCTTGCTGGA,5
ATTGGCTCCTGTAGCC,4
ATTGGCTCAGTACAAG,4
ATTGGCTCAACAACCA,4
ATTGGCTCAACCGAGA,4
ATTGGCTCAACGCTTA,4
ATTGGCTCAAGACGGA,4
ATTGGCTCAAGGTACA,4
ATTGGCTCACACAGAA,4
ATTGGCTCACAGCAGA,4
ATTGGCTCACCTCCAA,4
ATTGGCTCACGCTCGA,4
ATTGGCTCACGTATCA,2
ATTGGCTCACTATGCA,2
ATTGGCTCAGAGTCAA,2
ATTGGCTCAGATCGCA,2
ATTGGCTCAGCAGGAA,2
ATTGGCTCAGTCACTA,2
ATTGGCTCATCCTGTA,2
ATTGGCTCATTGAGGA,2
ATTGGCTCCAACCACA,2
ATTGGCTCGACTAGTA,4
ATTGGCTCCAATGGAA,4
ATTGGCTCCACTTCGA,4
ATTGGCTCCAGCGTTA,4
ATTGGCTCCATACCAA,1
ATTGGCTCCCAGTTCA,1
ATTGGCTCCCGAAGTA,1
ATTGGCTCCCGTGAGA,1
ATTGGCTCCCTCCTGA,1
ATTGGCTCCGAACTTA,1
ATTGGCTCCGACTGGA,1
ATTGGCTCCGCATACA,1
ATTGGCTCCTCAATGA,1
ATTGGCTCCTGAGCCA,1
ATTGGCTCCTGGCATA,1
ATTGGCTCGAATCTGA,1
ATTGGCTCCAAGACTA,1
ATTGGCTCGAGCTGAA,1
ATTGGCTCGATAGACA,1
ATTGGCTCGCCACATA,1
ATTGGCTCGCGAGTAA,1
ATTGGCTCGCTAACGA,1
ATTGGCTCGCTCGGTA,1
ATTGGCTCGGAGAACA,1
ATTGGCTCGGTGCGAA,1
ATTGGCTCGTACGCAA,1
ATTGGCTCGTCGTAGA,1
ATTGGCTCGTCTGTCA,1
ATTGGCTCGTGTTCTA,1
ATTGGCTCTAGGATGA,9
ATTGGCTCTATCAGCA,9
ATTGGCTCTCCGTCTA,9
ATTGGCTCTCTTCACA,1
ATTGGCTCTGAAGAGA,9
ATTGGCTCTGGAACAA,1
ATTGGCTCTGGCTTCA,1
ATTGGCTCTGGTGGTA,1
ATTGGCTCTTCACGCA,1
ATTGGCTCAACTCACC,1
ATTGGCTCAAGAGATC,1
ATTGGCTCAAGGACAC,1
ATTGGCTCAATCCGTC,1
ATTGGCTCAATGTTGC,1
ATTGGCTCACACGACC,9
ATTGGCTCACAGATTC,1
ATTGGCTCAGATGTAC,1
ATTGGCTCAGCACCTC,1
ATTGGCTCAGCCATGC,1
ATTGGCTCAGGCTAAC,1
ATTGGCTCATAGCGAC,1
ATTGGCTCATCATTCC,1
ATTGGCTCATTGGCTC,1
ATTGGCTCCAAGGAGC,1
ATTGGCTCCACCTTAC,1
ATTGGCTCCCATCCTC,1
ATTGGCTCCCGACAAC,1
ATTGGCTCCCTAATCC,1
ATTGGCTCCCTCTATC,1
ATTGGCTCCGACACAC,2
ATTGGCTCCGGATTGC,2
ATTGGCTCCTAAGGTC,4
ATTGGCTCGAACAGGC,4
ATTGGCTCGACAGTGC,4
ATTGGCTCGAGTTAGC,4
ATTGGCTCGATGAATC,1
ATTGGCTCGCCAAGAC,5
ATTGGCTCCGGAAGAA,5
ATTGGCTCGTGACAAG,5
ATTGGCTCGAACCAGA,1
ATCATTCCACAAGCTA,4
ATCATTCCTTGCTGGA,5
ATCATTCCCTGTAGCC,5
ATCATTCCAGTACAAG,4
ATCATTCCAACAACCA,4
ATCATTCCAACCGAGA,4
ATCATTCCAACGCTTA,4
ATCATTCCAAGACGGA,4
ATCATTCCAAGGTACA,4
ATCATTCCACACAGAA,4
ATCATTCCACAGCAGA,4
ATCATTCCACCTCCAA,4
ATCATTCCACGCTCGA,4
ATCATTCCACGTATCA,4
ATCATTCCACTATGCA,2
ATCATTCCAGAGTCAA,2
ATCATTCCAGATCGCA,2
ATCATTCCAGCAGGAA,2
ATCATTCCAGTCACTA,2
ATCATTCCATCCTGTA,2
ATCATTCCATTGAGGA,2
ATCATTCCCAACCACA,2
ATCATTCCGACTAGTA,4
ATCATTCCCAATGGAA,4
ATCATTCCCACTTCGA,4
ATCATTCCCAGCGTTA,4
ATCATTCCCATACCAA,1
ATCATTCCCCAGTTCA,1
ATCATTCCCCGAAGTA,1
ATCATTCCCCGTGAGA,1
ATCATTCCCCTCCTGA,1
ATCATTCCCGAACTTA,1
ATCATTCCCGACTGGA,1
ATCATTCCCGCATACA,1
ATCATTCCCTCAATGA,1
ATCATTCCCTGAGCCA,1
ATCATTCCCTGGCATA,1
ATCATTCCGAATCTGA,1
ATCATTCCCAAGACTA,1
ATCATTCCGAGCTGAA,1
ATCATTCCGATAGACA,1
ATCATTCCGCCACATA,1
ATCATTCCGCGAGTAA,1
ATCATTCCGCTAACGA,3
ATCATTCCGCTCGGTA,1
ATCATTCCGGAGAACA,1
ATCATTCCGGTGCGAA,1
ATCATTCCGTACGCAA,1
ATCATTCCGTCGTAGA,1
ATCATTCCGTCTGTCA,1
ATCATTCCGTGTTCTA,1
ATCATTCCTAGGATGA,9
ATCATTCCTATCAGCA,9
ATCATTCCTCCGTCTA,9
ATCATTCCTCTTCACA,8
ATCATTCCTGAAGAGA,9
ATCATTCCTGGAACAA,1
ATCATTCCTGGCTTCA,1
ATCATTCCTGGTGGTA,1
ATCATTCCTTCACGCA,1
ATCATTCCAACTCACC,9
ATCATTCCAAGAGATC,9
ATCATTCCAAGGACAC,9
ATCATTCCAATCCGTC,9
ATCATTCCAATGTTGC,8
ATCATTCCACACGACC,8
ATCATTCCACAGATTC,1
ATCATTCCAGATGTAC,1
ATCATTCCAGCACCTC,1
ATCATTCCAGCCATGC,1
ATCATTCCAGGCTAAC,1
ATCATTCCATAGCGAC,1
ATCATTCCATCATTCC,1
ATCATTCCATTGGCTC,1
ATCATTCCCAAGGAGC,1
ATCATTCCCACCTTAC,1
ATCATTCCCCATCCTC,1
ATCATTCCCCGACAAC,1
ATCATTCCCCTAATCC,1
ATCATTCCCCTCTATC,1
ATCATTCCCGACACAC,2
ATCATTCCCGCTGATC,5
ATCATTCCCGGATTGC,2
ATCATTCCCTAAGGTC,2
ATCATTCCGAACAGGC,4
ATCATTCCGACAGTGC,4
ATCATTCCGAGTTAGC,4
ATCATTCCGATGAATC,6
ATCATTCCGCCAAGAC,5
ATCATTCCCGGAAGAA,5
ATCATTCCGTGACAAG,5
ATCATTCCGAACCAGA,5
ATAGCGACACAAGCTA,4
ATAGCGACTTGCTGGA,5
ATAGCGACCTGTAGCC,4
ATAGCGACAGTACAAG,4
ATAGCGACAACAACCA,4
ATAGCGACAACCGAGA,4
ATAGCGACAACGCTTA,4
ATAGCGACAAGACGGA,4
ATAGCGACAAGGTACA,4
ATAGCGACACACAGAA,4
ATAGCGACACAGCAGA,4
ATAGCGACACCTCCAA,4
ATAGCGACACGCTCGA,2
ATAGCGACACGTATCA,2
ATAGCGACACTATGCA,2
ATAGCGACAGAGTCAA,2
ATAGCGACAGATCGCA,2
ATAGCGACAGCAGGAA,2
ATAGCGACAGTCACTA,2
ATAGCGACATCCTGTA,4
ATAGCGACATTGAGGA,2
ATAGCGACCAACCACA,2
ATAGCGACGACTAGTA,4
ATAGCGACCAATGGAA,4
ATAGCGACCACTTCGA,4
ATAGCGACCAGCGTTA,4
ATAGCGACCATACCAA,4
ATAGCGACCCAGTTCA,1
ATAGCGACCCGAAGTA,1
ATAGCGACCCGTGAGA,1
ATAGCGACCCTCCTGA,4
ATAGCGACCGAACTTA,1
ATAGCGACCGACTGGA,1
ATAGCGACCGCATACA,1
ATAGCGACCTCAATGA,1
ATAGCGACCTGAGCCA,1
ATAGCGACCTGGCATA,1
ATAGCGACGAATCTGA,1
ATAGCGACCAAGACTA,1
ATAGCGACGAGCTGAA,1
ATAGCGACGATAGACA,1
ATAGCGACGCCACATA,1
ATAGCGACGCGAGTAA,1
ATAGCGACGCTAACGA,1
ATAGCGACGCTCGGTA,1
ATAGCGACGGAGAACA,1
ATAGCGACGGTGCGAA,1
ATAGCGACGTACGCAA,1
ATAGCGACGTCGTAGA,1
ATAGCGACGTCTGTCA,1
ATAGCGACGTGTTCTA,1
ATAGCGACTAGGATGA,1
ATAGCGACTATCAGCA,1
ATAGCGACTCCGTCTA,9
ATAGCGACTCTTCACA,8
ATAGCGACTGAAGAGA,8
ATAGCGACTGGAACAA,8
ATAGCGACTGGCTTCA,8
ATAGCGACTGGTGGTA,8
ATAGCGACTTCACGCA,8
ATAGCGACAACTCACC,8
ATAGCGACAAGAGATC,8
ATAGCGACAAGGACAC,8
ATAGCGACAATCCGTC,8
ATAGCGACAATGTTGC,8
ATAGCGACACACGACC,8
ATAGCGACACAGATTC,8
ATAGCGACAGATGTAC,1
ATAGCGACAGCACCTC,1
ATAGCGACAGCCATGC,1
ATAGCGACAGGCTAAC,1
ATAGCGACATAGCGAC,1
ATAGCGACATCATTCC,1
ATAGCGACATTGGCTC,1
ATAGCGACCAAGGAGC,1
ATAGCGACCACCTTAC,1
ATAGCGACCCATCCTC,1
ATAGCGACCCGACAAC,1
ATAGCGACCCTAATCC,1
ATAGCGACCCTCTATC,1
ATAGCGACCGACACAC,2
ATAGCGACCGCTGATC,5
ATAGCGACCGGATTGC,2
ATAGCGACCTAAGGTC,2
ATAGCGACGAACAGGC,4
ATAGCGACGACAGTGC,4
ATAGCGACGAGTTAGC,1
ATAGCGACGATGAATC,1
ATAGCGACGCCAAGAC,5
ATAGCGACCGGAAGAA,5
ATAGCGACGTGACAAG,5
ATAGCGACGAACCAGA,5
AGGCTAACACAAGCTA,4
AGGCTAACTTGCTGGA,1
AGGCTAACCTGTAGCC,4
AGGCTAACAGTACAAG,4
AGGCTAACAACAACCA,4
AGGCTAACAACCGAGA,4
AGGCTAACAACGCTTA,4
AGGCTAACAAGACGGA,4
AGGCTAACAAGGTACA,4
AGGCTAACACACAGAA,4
AGGCTAACACAGCAGA,4
AGGCTAACACCTCCAA,4
AGGCTAACACGCTCGA,2
AGGCTAACACGTATCA,2
AGGCTAACACTATGCA,2
AGGCTAACAGAGTCAA,2
AGGCTAACAGATCGCA,2
AGGCTAACAGCAGGAA,2
AGGCTAACAGTCACTA,2
AGGCTAACATCCTGTA,4
AGGCTAACATTGAGGA,4
AGGCTAACCAACCACA,4
AGGCTAACGACTAGTA,4
AGGCTAACCAATGGAA,4
AGGCTAACCACTTCGA,5
AGGCTAACCAGCGTTA,1
AGGCTAACCATACCAA,4
AGGCTAACCCAGTTCA,2
AGGCTAACCCGAAGTA,4
AGGCTAACCCGTGAGA,1
AGGCTAACCCTCCTGA,4
AGGCTAACCGAACTTA,1
AGGCTAACCGACTGGA,1
AGGCTAACCGCATACA,1
AGGCTAACCTCAATGA,1
AGGCTAACCTGAGCCA,1
AGGCTAACCTGGCATA,1
AGGCTAACGAATCTGA,1
AGGCTAACCAAGACTA,1
AGGCTAACGAGCTGAA,1
AGGCTAACGATAGACA,1
AGGCTAACGCCACATA,1
AGGCTAACGCGAGTAA,1
AGGCTAACGCTAACGA,3
AGGCTAACGCTCGGTA,1
AGGCTAACGGAGAACA,1
AGGCTAACGGTGCGAA,1
AGGCTAACGTACGCAA,1
AGGCTAACGTCGTAGA,1
AGGCTAACGTCTGTCA,1
AGGCTAACGTGTTCTA,1
AGGCTAACTAGGATGA,9
AGGCTAACTATCAGCA,9
AGGCTAACTCCGTCTA,8
AGGCTAACTCTTCACA,5
AGGCTAACTGAAGAGA,8
AGGCTAACTGGAACAA,8
AGGCTAACTGGCTTCA,8
AGGCTAACTGGTGGTA,8
AGGCTAACTTCACGCA,8
AGGCTAACAACTCACC,8
AGGCTAACAAGAGATC,8
AGGCTAACAAGGACAC,8
AGGCTAACAATCCGTC,8
AGGCTAACAATGTTGC,8
AGGCTAACACACGACC,8
AGGCTAACACAGATTC,8
AGGCTAACAGATGTAC,1
AGGCTAACAGCACCTC,1
AGGCTAACAGCCATGC,1
AGGCTAACAGGCTAAC,1
AGGCTAACCATCAAGT,5
AGGCTAACATAGCGAC,1
AGGCTAACATCATTCC,1
AGGCTAACATTGGCTC,1
AGGCTAACCAAGGAGC,1
AGGCTAACCACCTTAC,1
AGGCTAACCCATCCTC,1
AGGCTAACCCGACAAC,1
AGGCTAACCCTAATCC,1
AGGCTAACCCTCTATC,1
AGGCTAACCGACACAC,2
AGGCTAACCGCTGATC,5
AGGCTAACCGGATTGC,2
AGGCTAACCTAAGGTC,2
AGGCTAACGAACAGGC,4
AGGCTAACGACAGTGC,4
AGGCTAACGAGTTAGC,4
AGGCTAACGATGAATC,5
AGGCTAACGCCAAGAC,5
AGGCTAACCGGAAGAA,5
AGGCTAACGTGACAAG,5
AGGCTAACGAACCAGA,5
AGCCATGCACAAGCTA,4
AGCCATGCTTGCTGGA,5
AGCCATGCCTGTAGCC,4
AGCCATGCAGTACAAG,4
AGCCATGCAACAACCA,4
AGCCATGCAACCGAGA,4
AGCCATGCAACGCTTA,4
AGCCATGCAAGACGGA,1
AGCCATGCAAGGTACA,4
AGCCATGCACACAGAA,4
AGCCATGCACAGCAGA,4
AGCCATGCACCTCCAA,2
AGCCATGCACGCTCGA,2
AGCCATGCACGTATCA,2
AGCCATGCACTATGCA,2
AGCCATGCAGAGTCAA,2
AGCCATGCAGATCGCA,2
AGCCATGCAGCAGGAA,2
AGCCATGCAGTCACTA,4
AGCCATGCATCCTGTA,1
AGCCATGCATTGAGGA,1
AGCCATGCCAACCACA,4
AGCCATGCGACTAGTA,1
AGCCATGCCAATGGAA,4
AGCCATGCCACTTCGA,4
AGCCATGCCAGCGTTA,4
AGCCATGCCATACCAA,4
AGCCATGCCCAGTTCA,2
AGCCATGCCCGAAGTA,1
AGCCATGCCCGTGAGA,1
AGCCATGCCCTCCTGA,1
AGCCATGCCGAACTTA,1
AGCCATGCCGACTGGA,3
AGCCATGCCGCATACA,1
AGCCATGCCTCAATGA,1
AGCCATGCCTGAGCCA,1
AGCCATGCCTGGCATA,1
AGCCATGCGAATCTGA,1
AGCCATGCCAAGACTA,1
AGCCATGCGAGCTGAA,1
AGCCATGCGATAGACA,6
AGCCATGCGCCACATA,1
AGCCATGCGCGAGTAA,1
AGCCATGCGCTAACGA,1
AGCCATGCGCTCGGTA,1
AGCCATGCGGAGAACA,1
AGCCATGCGGTGCGAA,1
AGCCATGCGTACGCAA,1
AGCCATGCGTCGTAGA,1
AGCCATGCGTCTGTCA,1
AGCCATGCGTGTTCTA,1
AGCCATGCTAGGATGA,9
AGCCATGCTATCAGCA,8
AGCCATGCTCCGTCTA,8
AGCCATGCTCTTCACA,8
AGCCATGCTGAAGAGA,8
AGCCATGCTGGAACAA,8
AGCCATGCTGGCTTCA,8
AGCCATGCTGGTGGTA,8
AGCCATGCTTCACGCA,8
AGCCATGCAACTCACC,8
AGCCATGCCAGATCTG,5
AGCCATGCAAGAGATC,8
AGCCATGCAAGGACAC,8
AGCCATGCAATCCGTC,8
AGCCATGCAATGTTGC,8
AGCCATGCACACGACC,8
AGCCATGCACAGATTC,8
AGCCATGCAGATGTAC,8
AGCCATGCAGCACCTC,1
AGCCATGCAGCCATGC,1
AGCCATGCAGGCTAAC,1
AGCCATGCCATCAAGT,4
AGCCATGCATAGCGAC,1
AGCCATGCATCATTCC,1
AGCCATGCATTGGCTC,1
AGCCATGCCAAGGAGC,1
AGCCATGCCACCTTAC,1
AGCCATGCCCATCCTC,1
AGCCATGCCCGACAAC,1
AGCCATGCCCTAATCC,1
AGCCATGCCCTCTATC,6
AGCCATGCCGACACAC,2
AGCCATGCCGCTGATC,5
AGCCATGCCGGATTGC,2
AGCCATGCCTAAGGTC,2
AGCCATGCGAACAGGC,4
AGCCATGCGACAGTGC,4
AGCCATGCGAGTTAGC,4
AGCCATGCGATGAATC,5
AGCCATGCGCCAAGAC,5
AGCCATGCCGGAAGAA,5
AGCCATGCGTGACAAG,5
AGCCATGCGAACCAGA,5
AGCACCTCACAAGCTA,4
AGCACCTCTTGCTGGA,5
AGCACCTCCTGTAGCC,4
AGCACCTCAGTACAAG,4
AGCACCTCAACAACCA,4
AGCACCTCAACCGAGA,4
AGCACCTCAACGCTTA,4
AGCACCTCAAGACGGA,4
AGCACCTCAAGGTACA,4
AGCACCTCACACAGAA,4
AGCACCTCACAGCAGA,4
AGCACCTCACCTCCAA,2
AGCACCTCACGCTCGA,2
AGCACCTCACGTATCA,2
AGCACCTCACTATGCA,2
AGCACCTCAGAGTCAA,2
AGCACCTCAGATCGCA,2
AGCACCTCAGCAGGAA,2
AGCACCTCAGTCACTA,4
AGCACCTCATCCTGTA,4
AGCACCTCATTGAGGA,4
AGCACCTCCAACCACA,4
AGCACCTCGACTAGTA,5
AGCACCTCCAATGGAA,5
AGCACCTCCACTTCGA,5
AGCACCTCCAGCGTTA,2
AGCACCTCCATACCAA,1
AGCACCTCCCAGTTCA,2
AGCACCTCCCGAAGTA,6
AGCACCTCCCGTGAGA,2
AGCACCTCCCTCCTGA,2
AGCACCTCCGAACTTA,1
AGCACCTCCGACTGGA,1
AGCACCTCCGCATACA,1
AGCACCTCCTCAATGA,1
AGCACCTCCTGAGCCA,1
AGCACCTCCTGGCATA,1
AGCACCTCGAATCTGA,1
AGCACCTCCAAGACTA,1
AGCACCTCGAGCTGAA,1
AGCACCTCGATAGACA,1
AGCACCTCGCCACATA,1
AGCACCTCGCGAGTAA,1
AGCACCTCGCTAACGA,1
AGCACCTCGCTCGGTA,1
AGCACCTCGGAGAACA,1
AGCACCTCGGTGCGAA,1
AGCACCTCGTACGCAA,1
AGCACCTCGTCGTAGA,1
AGCACCTCGTCTGTCA,9
AGCACCTCGTGTTCTA,8
AGCACCTCACATTGGC,4
AGCACCTCTAGGATGA,8
AGCACCTCTATCAGCA,8
AGCACCTCTCCGTCTA,8
AGCACCTCTCTTCACA,8
AGCACCTCTGAAGAGA,8
AGCACCTCTGGAACAA,8
AGCACCTCTGGCTTCA,8
AGCACCTCTGGTGGTA,8
AGCACCTCTTCACGCA,8
AGCACCTCAACTCACC,8
AGCACCTCCAGATCTG,5
AGCACCTCAAGAGATC,8
AGCACCTCAAGGACAC,8
AGCACCTCAATCCGTC,8
AGCACCTCAATGTTGC,8
AGCACCTCACACGACC,8
AGCACCTCACAGATTC,8
AGCACCTCAGATGTAC,8
AGCACCTCAGCACCTC,1
AGCACCTCAGCCATGC,1
AGCACCTCAGGCTAAC,1
AGCACCTCCATCAAGT,4
AGCACCTCATAGCGAC,1
AGCACCTCATCATTCC,1
AGCACCTCATTGGCTC,1
AGCACCTCCAAGGAGC,1
AGCACCTCCACCTTAC,1
AGCACCTCCCATCCTC,1
AGCACCTCCCGACAAC,1
AGCACCTCCCTAATCC,1
AGCACCTCCCTCTATC,1
AGCACCTCCGACACAC,1
AGCACCTCCGCTGATC,4
AGCACCTCCGGATTGC,1
AGCACCTCCTAAGGTC,2
AGCACCTCGAACAGGC,4
AGCACCTCGACAGTGC,4
AGCACCTCGAGTTAGC,4
AGCACCTCGATGAATC,4
AGCACCTCGCCAAGAC,5
AGCACCTCCGGAAGAA,5
AGCACCTCGTGACAAG,5
AGCACCTCGAACCAGA,5
AGATGTACACAAGCTA,5
AGATGTACTTGCTGGA,5
AGATGTACCTGTAGCC,4
AGATGTACAGTACAAG,4
AGATGTACAACAACCA,4
AGATGTACAACCGAGA,4
AGATGTACAACGCTTA,4
AGATGTACAAGACGGA,4
AGATGTACAAGGTACA,4
AGATGTACACACAGAA,4
AGATGTACACAGCAGA,1
AGATGTACACCTCCAA,2
AGATGTACACGCTCGA,2
AGATGTACACGTATCA,2
AGATGTACACTATGCA,2
AGATGTACAGAGTCAA,2
AGATGTACAGATCGCA,1
AGATGTACAGCAGGAA,4
AGATGTACAGTCACTA,4
AGATGTACATCCTGTA,4
AGATGTACATTGAGGA,4
AGATGTACCAACCACA,4
AGATGTACGACTAGTA,1
AGATGTACCAATGGAA,1
AGATGTACCACTTCGA,1
AGATGTACCAGCGTTA,1
AGATGTACCATACCAA,1
AGATGTACCCAGTTCA,4
AGATGTACCCGAAGTA,1
AGATGTACCCGTGAGA,1
AGATGTACCCTCCTGA,1
AGATGTACCGAACTTA,1
AGATGTACCGACTGGA,1
AGATGTACCGCATACA,1
AGATGTACCTCAATGA,1
AGATGTACCTGAGCCA,1
AGATGTACCTGGCATA,1
AGATGTACGAATCTGA,1
AGATGTACCAAGACTA,1
AGATGTACGAGCTGAA,1
AGATGTACGATAGACA,1
AGATGTACGCCACATA,1
AGATGTACGCGAGTAA,1
AGATGTACGCTAACGA,1
AGATGTACGCTCGGTA,1
AGATGTACGGAGAACA,1
AGATGTACGGTGCGAA,1
AGATGTACGTACGCAA,1
AGATGTACGTCGTAGA,9
AGATGTACGTCTGTCA,8
AGATGTACGTGTTCTA,8
AGATGTACACATTGGC,4
AGATGTACTAGGATGA,8
AGATGTACTATCAGCA,8
AGATGTACTCCGTCTA,8
AGATGTACTCTTCACA,8
AGATGTACTGAAGAGA,8
AGATGTACTGGAACAA,8
AGATGTACTGGCTTCA,8
AGATGTACTGGTGGTA,8
AGATGTACTTCACGCA,8
AGATGTACAACTCACC,8
AGATGTACCAGATCTG,4
AGATGTACAAGAGATC,8
AGATGTACAAGGACAC,8
AGATGTACAATCCGTC,8
AGATGTACAATGTTGC,8
AGATGTACACACGACC,8
AGATGTACACAGATTC,8
AGATGTACAGATGTAC,8
AGATGTACAGCACCTC,9
AGATGTACAGCCATGC,1
AGATGTACAGGCTAAC,1
AGATGTACCATCAAGT,4
AGATGTACATAGCGAC,1
AGATGTACATCATTCC,1
AGATGTACATTGGCTC,1
AGATGTACCAAGGAGC,1
AGATGTACCACCTTAC,1
AGATGTACCCATCCTC,1
AGATGTACCCGACAAC,1
AGATGTACCCTAATCC,1
AGATGTACCCTCTATC,1
AGATGTACCGACACAC,1
AGATGTACCGCTGATC,4
AGATGTACCGGATTGC,1
AGATGTACCTAAGGTC,4
AGATGTACGAACAGGC,4
AGATGTACGACAGTGC,4
AGATGTACGAGTTAGC,4
AGATGTACGATGAATC,5
AGATGTACGCCAAGAC,5
AGATGTACCGGAAGAA,5
AGATGTACGTGACAAG,1
AGATGTACGAACCAGA,5
ACAGATTCACAAGCTA,5
ACAGATTCTTGCTGGA,5
ACAGATTCCTGTAGCC,4
ACAGATTCAGTACAAG,4
ACAGATTCAACAACCA,4
ACAGATTCAACCGAGA,4
ACAGATTCAACGCTTA,4
ACAGATTCAAGACGGA,4
ACAGATTCAAGGTACA,4
ACAGATTCACACAGAA,4
ACAGATTCACAGCAGA,2
ACAGATTCACCTCCAA,2
ACAGATTCACGCTCGA,2
ACAGATTCACGTATCA,2
ACAGATTCACTATGCA,2
ACAGATTCAGAGTCAA,2
ACAGATTCAGATCGCA,2
ACAGATTCAGCAGGAA,4
ACAGATTCAGTCACTA,2
ACAGATTCATCCTGTA,4
ACAGATTCATTGAGGA,4
ACAGATTCCAACCACA,1
ACAGATTCGACTAGTA,1
ACAGATTCCAATGGAA,1
ACAGATTCCACTTCGA,1
ACAGATTCCAGCGTTA,1
ACAGATTCCATACCAA,1
ACAGATTCCCAGTTCA,1
ACAGATTCCCGAAGTA,5
ACAGATTCCCGTGAGA,1
ACAGATTCCCTCCTGA,1
ACAGATTCCGAACTTA,1
ACAGATTCCGACTGGA,1
ACAGATTCCGCATACA,1
ACAGATTCCTCAATGA,1
ACAGATTCCTGAGCCA,1
ACAGATTCCTGGCATA,1
ACAGATTCGAATCTGA,1
ACAGATTCCAAGACTA,1
ACAGATTCGAGCTGAA,1
ACAGATTCGATAGACA,1
ACAGATTCACCACTGT,4
ACAGATTCGCCACATA,1
ACAGATTCGCGAGTAA,1
ACAGATTCGCTAACGA,1
ACAGATTCGCTCGGTA,1
ACAGATTCGGAGAACA,9
ACAGATTCGGTGCGAA,1
ACAGATTCGTACGCAA,1
ACAGATTCGTCGTAGA,8
ACAGATTCGTCTGTCA,8
ACAGATTCGTGTTCTA,8
ACAGATTCACATTGGC,4
ACAGATTCTAGGATGA,8
ACAGATTCTATCAGCA,8
ACAGATTCTCCGTCTA,8
ACAGATTCTCTTCACA,8
ACAGATTCTGAAGAGA,8
ACAGATTCTGGAACAA,8
ACAGATTCTGGCTTCA,8
ACAGATTCTGGTGGTA,8
ACAGATTCTTCACGCA,8
ACAGATTCAACTCACC,8
ACAGATTCCAGATCTG,4
ACAGATTCAAGAGATC,8
ACAGATTCAAGGACAC,8
ACAGATTCAATCCGTC,8
ACAGATTCAATGTTGC,8
ACAGATTCACACGACC,8
ACAGATTCACAGATTC,8
ACAGATTCAGATGTAC,4
ACAGATTCAGCACCTC,9
ACAGATTCAGCCATGC,1
ACAGATTCAGGCTAAC,1
ACAGATTCCATCAAGT,1
ACAGATTCATAGCGAC,1
ACAGATTCATCATTCC,1
ACAGATTCATTGGCTC,1
ACAGATTCCAAGGAGC,1
ACAGATTCCACCTTAC,1
ACAGATTCCCATCCTC,1
ACAGATTCCCGACAAC,6
ACAGATTCCCTAATCC,1
ACAGATTCCCTCTATC,1
ACAGATTCCGACACAC,1
ACAGATTCCGCTGATC,4
ACAGATTCCGGATTGC,2
ACAGATTCCTAAGGTC,4
ACAGATTCGAACAGGC,4
ACAGATTCGACAGTGC,4
ACAGATTCGAGTTAGC,4
ACAGATTCGATGAATC,4
ACAGATTCGCCAAGAC,6
ACAGATTCCGGAAGAA,5
ACAGATTCGTGACAAG,5
ACAGATTCGAACCAGA,5
ACACGACCACAAGCTA,4
ACACGACCTTGCTGGA,5
ACACGACCCTGTAGCC,4
ACACGACCAGTACAAG,4
ACACGACCAACAACCA,4
ACACGACCAACCGAGA,4
ACACGACCAACGCTTA,5
ACACGACCAAGACGGA,4
ACACGACCAAGGTACA,4
ACACGACCACACAGAA,2
ACACGACCACAGCAGA,2
ACACGACCACCTCCAA,2
ACACGACCACGCTCGA,2
ACACGACCACGTATCA,2
ACACGACCACTATGCA,2
ACACGACCAGAGTCAA,2
ACACGACCAGATCGCA,2
ACACGACCAGCAGGAA,4
ACACGACCAGTCACTA,2
ACACGACCATCCTGTA,1
ACACGACCATTGAGGA,1
ACACGACCCAACCACA,1
ACACGACCGACTAGTA,1
ACACGACCCAATGGAA,1
ACACGACCCACTTCGA,1
ACACGACCCAGCGTTA,1
ACACGACCCATACCAA,1
ACACGACCCCAGTTCA,1
ACACGACCCCGAAGTA,1
ACACGACCCCGTGAGA,1
ACACGACCCCTCCTGA,1
ACACGACCCGAACTTA,1
ACACGACCCGACTGGA,1
ACACGACCCGCATACA,1
ACACGACCCTCAATGA,1
ACACGACCCTGAGCCA,1
ACACGACCCTGGCATA,1
ACACGACCGAATCTGA,1
ACACGACCCAAGACTA,1
ACACGACCGAGCTGAA,1
ACACGACCGATAGACA,1
ACACGACCACCACTGT,4
ACACGACCGCCACATA,1
ACACGACCGCGAGTAA,1
ACACGACCGCTAACGA,9
ACACGACCGCTCGGTA,8
ACACGACCGGAGAACA,8
ACACGACCGGTGCGAA,8
ACACGACCGTACGCAA,8
ACACGACCGTCGTAGA,8
ACACGACCGTCTGTCA,8
ACACGACCGTGTTCTA,8
ACACGACCACATTGGC,4
ACACGACCTAGGATGA,8
ACACGACCTATCAGCA,8
ACACGACCTCCGTCTA,8
ACACGACCTCTTCACA,8
ACACGACCTGAAGAGA,8
ACACGACCTGGAACAA,8
ACACGACCTGGCTTCA,8
ACACGACCTGGTGGTA,8
ACACGACCTTCACGCA,8
ACACGACCAACTCACC,8
ACACGACCCAGATCTG,4
ACACGACCAAGAGATC,8
ACACGACCAAGGACAC,8
ACACGACCAATCCGTC,8
ACACGACCAATGTTGC,8
ACACGACCACACGACC,8
ACACGACCACAGATTC,8
ACACGACCAGATGTAC,1
ACACGACCAGCACCTC,8
ACACGACCAGCCATGC,9
ACACGACCAGGCTAAC,1
ACACGACCCATCAAGT,4
ACACGACCATAGCGAC,1
ACACGACCATCATTCC,1
ACACGACCATTGGCTC,1
ACACGACCCAAGGAGC,1
ACACGACCCACCTTAC,1
ACACGACCCCATCCTC,1
ACACGACCCCGACAAC,1
ACACGACCCCTAATCC,1
ACACGACCCCTCTATC,1
ACACGACCCGACACAC,1
ACACGACCCGCTGATC,4
ACACGACCCGGATTGC,2
ACACGACCCTAAGGTC,4
ACACGACCGAACAGGC,4
ACACGACCGACAGTGC,4
ACACGACCGAGTTAGC,4
ACACGACCGATGAATC,1
ACACGACCGCCAAGAC,5
ACACGACCCGGAAGAA,5
ACACGACCGTGACAAG,5
ACACGACCGAACCAGA,5
AATGTTGCACAAGCTA,4
AATGTTGCTTGCTGGA,5
AATGTTGCCTGTAGCC,4
AATGTTGCAGTACAAG,4
AATGTTGCAACAACCA,4
AATGTTGCAACCGAGA,4
AATGTTGCAACGCTTA,4
AATGTTGCAAGACGGA,2
AATGTTGCAAGGTACA,2
AATGTTGCACACAGAA,2
AATGTTGCACAGCAGA,2
AATGTTGCACCTCCAA,2
AATGTTGCACGCTCGA,2
AATGTTGCACGTATCA,2
AATGTTGCACTATGCA,2
AATGTTGCAGAGTCAA,4
AATGTTGCAGATCGCA,4
AATGTTGCAGCAGGAA,4
AATGTTGCAGTCACTA,1
AATGTTGCATCCTGTA,1
AATGTTGCATTGAGGA,1
AATGTTGCATGCCTAA,4
AATGTTGCCAACCACA,1
AATGTTGCGACTAGTA,1
AATGTTGCCAATGGAA,1
AATGTTGCCACTTCGA,1
AATGTTGCCAGCGTTA,1
AATGTTGCCATACCAA,1
AATGTTGCCCAGTTCA,1
AATGTTGCCCGAAGTA,1
AATGTTGCCCGTGAGA,1
AATGTTGCCCTCCTGA,1
AATGTTGCCGAACTTA,1
AATGTTGCCGACTGGA,1
AATGTTGCCGCATACA,1
AATGTTGCCTCAATGA,1
AATGTTGCCTGAGCCA,1
AATGTTGCCTGGCATA,1
AATGTTGCGAATCTGA,1
AATGTTGCCAAGACTA,1
AATGTTGCGAGCTGAA,1
AATGTTGCGATAGACA,1
AATGTTGCACCACTGT,5
AATGTTGCGCCACATA,9
AATGTTGCGCGAGTAA,8
AATGTTGCGCTAACGA,8
AATGTTGCGCTCGGTA,8
AATGTTGCGGAGAACA,8
AATGTTGCGGTGCGAA,8
AATGTTGCGTACGCAA,8
AATGTTGCGTCGTAGA,8
AATGTTGCGTCTGTCA,8
AATGTTGCGTGTTCTA,8
AATGTTGCACATTGGC,4
AATGTTGCTAGGATGA,8
AATGTTGCTATCAGCA,8
AATGTTGCTCCGTCTA,8
AATGTTGCTCTTCACA,8
AATGTTGCTGAAGAGA,8
AATGTTGCTGGAACAA,8
AATGTTGCTGGCTTCA,8
AATGTTGCTGGTGGTA,8
AATGTTGCTTCACGCA,8
AATGTTGCAACTCACC,8
AATGTTGCCAGATCTG,4
AATGTTGCAAGAGATC,8
AATGTTGCAAGGACAC,8
AATGTTGCAATCCGTC,8
AATGTTGCAATGTTGC,8
AATGTTGCACACGACC,8
AATGTTGCACAGATTC,8
AATGTTGCAGATGTAC,8
AATGTTGCAGCACCTC,8
AATGTTGCAGCCATGC,8
AATGTTGCAGGCTAAC,8
AATGTTGCCATCAAGT,4
AATGTTGCATAGCGAC,1
AATGTTGCATCATTCC,1
AATGTTGCATTGGCTC,1
AATGTTGCCAAGGAGC,1
AATGTTGCCACCTTAC,1
AATGTTGCCCATCCTC,1
AATGTTGCCCGACAAC,1
AATGTTGCCCTAATCC,1
AATGTTGCCCTCTATC,1
AATGTTGCCGACACAC,1
AATGTTGCCGCTGATC,4
AATGTTGCCGGATTGC,2
AATGTTGCCTAAGGTC,4
AATGTTGCGAACAGGC,4
AATGTTGCGACAGTGC,4
AATGTTGCGAGTTAGC,4
AATGTTGCGATGAATC,1
AATGTTGCGCCAAGAC,5
AATGTTGCCGGAAGAA,5
AATGTTGCGTGACAAG,5
AATGTTGCGAACCAGA,5
AATCCGTCAACGTGAT,5
AATCCGTCACAAGCTA,4
AATCCGTCTTGCTGGA,5
AATCCGTCCTGTAGCC,4
AATCCGTCAGTACAAG,4
AATCCGTCAACAACCA,4
AATCCGTCAACCGAGA,4
AATCCGTCAACGCTTA,2
AATCCGTCAAGACGGA,2
AATCCGTCAAGGTACA,2
AATCCGTCACACAGAA,2
AATCCGTCACAGCAGA,2
AATCCGTCAAACATCG,5
AATCCGTCACCTCCAA,2
AATCCGTCACGCTCGA,2
AATCCGTCACGTATCA,4
AATCCGTCACTATGCA,4
AATCCGTCAGAGTCAA,1
AATCCGTCAGATCGCA,1
AATCCGTCAGCAGGAA,4
AATCCGTCAGTCACTA,1
AATCCGTCATCCTGTA,1
AATCCGTCATTGAGGA,1
AATCCGTCATGCCTAA,4
AATCCGTCCAACCACA,1
AATCCGTCGACTAGTA,5
AATCCGTCCAATGGAA,1
AATCCGTCCACTTCGA,1
AATCCGTCCAGCGTTA,1
AATCCGTCCATACCAA,1
AATCCGTCCCAGTTCA,1
AATCCGTCCCGAAGTA,1
AATCCGTCCCGTGAGA,1
AATCCGTCCCTCCTGA,1
AATCCGTCCGAACTTA,1
AATCCGTCCGACTGGA,1
AATCCGTCCGCATACA,1
AATCCGTCCTCAATGA,1
AATCCGTCCTGAGCCA,1
AATCCGTCCTGGCATA,1
AATCCGTCGAATCTGA,1
AATCCGTCCAAGACTA,1
AATCCGTCGAGCTGAA,1
AATCCGTCGATAGACA,8
AATCCGTCACCACTGT,4
AATCCGTCGCCACATA,8
AATCCGTCGCGAGTAA,8
AATCCGTCGCTAACGA,8
AATCCGTCGCTCGGTA,8
AATCCGTCGGAGAACA,8
AATCCGTCGGTGCGAA,8
AATCCGTCGTACGCAA,8
AATCCGTCGTCGTAGA,8
AATCCGTCGTCTGTCA,8
AATCCGTCGTGTTCTA,8
AATCCGTCACATTGGC,4
AATCCGTCTAGGATGA,8
AATCCGTCTATCAGCA,8
AATCCGTCTCCGTCTA,8
AATCCGTCTCTTCACA,8
AATCCGTCTGAAGAGA,8
AATCCGTCTGGAACAA,8
AATCCGTCTGGCTTCA,8
AATCCGTCTGGTGGTA,8
AATCCGTCTTCACGCA,8
AATCCGTCAACTCACC,8
AATCCGTCCAGATCTG,4
AATCCGTCAAGAGATC,8
AATCCGTCAAGGACAC,8
AATCCGTCAATCCGTC,8
AATCCGTCAATGTTGC,8
AATCCGTCACACGACC,8
AATCCGTCACAGATTC,8
AATCCGTCAGATGTAC,8
AATCCGTCAGCACCTC,8
AATCCGTCAGCCATGC,8
AATCCGTCAGGCTAAC,8
AATCCGTCCATCAAGT,4
AATCCGTCATAGCGAC,8
AATCCGTCATCATTCC,1
AATCCGTCATTGGCTC,1
AATCCGTCCAAGGAGC,1
AATCCGTCCACCTTAC,1
AATCCGTCCCATCCTC,1
AATCCGTCCCGACAAC,1
AATCCGTCCCTAATCC,1
AATCCGTCCCTCTATC,1
AATCCGTCCGACACAC,1
AATCCGTCCGCTGATC,4
AATCCGTCCGGATTGC,4
AATCCGTCCTAAGGTC,4
AATCCGTCGAACAGGC,4
AATCCGTCGACAGTGC,4
AATCCGTCGAGTTAGC,6
AATCCGTCGATGAATC,5
AATCCGTCGCCAAGAC,5
AATCCGTCCGGAAGAA,4
AATCCGTCGTGACAAG,5
AATCCGTCGAACCAGA,5
GAACCAGATTGCTGGA,1
GAACCAGAAGTCACTA,5
GAACCAGAATCCTGTA,4
GAACCAGAATTGAGGA,4
GAACCAGACAACCACA,4
GAACCAGAGACTAGTA,4
GAACCAGACAATGGAA,4
GAACCAGACACTTCGA,4
GAACCAGACAGCGTTA,4
GAACCAGACATACCAA,4
GAACCAGACCAGTTCA,4
GAACCAGACCGAAGTA,4
GAACCAGACCGTGAGA,4
GAACCAGACCTCCTGA,4
GAACCAGACGAACTTA,4
GAACCAGACGACTGGA,4
GAACCAGACGCATACA,4
GAACCAGACTCAATGA,4
GAACCAGACTGAGCCA,4
GAACCAGACTGGCATA,4
GAACCAGAGAATCTGA,2
GAACCAGACAAGACTA,4
GAACCAGAGAGCTGAA,2
GAACCAGAGATAGACA,2
GAACCAGAGCCACATA,2
GAACCAGAGCGAGTAA,2
GAACCAGAGCTAACGA,4
GAACCAGAGCTCGGTA,4
GAACCAGAGGAGAACA,1
GAACCAGAGGTGCGAA,1
GAACCAGAGTACGCAA,1
GAACCAGAGTCGTAGA,1
GAACCAGAGTCTGTCA,1
GAACCAGAGTGTTCTA,4
GAACCAGATAGGATGA,4
GAACCAGATATCAGCA,1
GAACCAGATCCGTCTA,2
GAACCAGATCTTCACA,5
GAACCAGATGAAGAGA,1
GAACCAGATGGAACAA,2
GAACCAGATGGCTTCA,1
GAACCAGATGGTGGTA,1
GAACCAGATTCACGCA,1
GAACCAGAAACTCACC,1
GAACCAGAAAGAGATC,1
GAACCAGAAAGGACAC,1
GAACCAGAAATCCGTC,1
GAACCAGAAATGTTGC,1
GAACCAGAACACGACC,1
GAACCAGAACAGATTC,1
GAACCAGAAGATGTAC,1
GAACCAGAAGCACCTC,1
GAACCAGAAGCCATGC,1
GAACCAGAAGGCTAAC,1
GAACCAGAATAGCGAC,1
GAACCAGAATCATTCC,4
GAACCAGAATTGGCTC,1
GAACCAGACAAGGAGC,1
GAACCAGACACCTTAC,1
GAACCAGACCATCCTC,1
GAACCAGACCGACAAC,1
GAACCAGACCTAATCC,1
GAACCAGACCTCTATC,1
GAACCAGACGACACAC,2
GAACCAGACGGATTGC,2
GAACCAGACTAAGGTC,2
GAACCAGAGAACAGGC,4
GAACCAGAGACAGTGC,4
GAACCAGAGAGTTAGC,4
GAACCAGAGATGAATC,5
GAACCAGAGCCAAGAC,5
GAACCAGACGGAAGAA,5
GAACCAGAGTGACAAG,5
GAACCAGAGAACCAGA,5
AAGGACACACAAGCTA,4
AAGGACACTTGCTGGA,5
AAGGACACCTGTAGCC,4
AAGGACACAGTACAAG,4
AAGGACACAACAACCA,4
AAGGACACAACCGAGA,4
AAGGACACAACGCTTA,2
AAGGACACAAGACGGA,2
AAGGACACAAGGTACA,2
AAGGACACACACAGAA,2
AAGGACACACAGCAGA,2
AAGGACACAAACATCG,5
AAGGACACACCTCCAA,2
AAGGACACACGCTCGA,4
AAGGACACACGTATCA,4
AAGGACACACTATGCA,4
AAGGACACAGAGTCAA,1
AAGGACACAGATCGCA,1
AAGGACACAGCAGGAA,1
AAGGACACAGTCACTA,1
AAGGACACATCCTGTA,1
AAGGACACATTGAGGA,4
AAGGACACATGCCTAA,5
AAGGACACCAACCACA,1
AAGGACACGACTAGTA,1
AAGGACACCAATGGAA,1
AAGGACACCACTTCGA,4
AAGGACACCAGCGTTA,1
AAGGACACCATACCAA,1
AAGGACACCCAGTTCA,1
AAGGACACCCGAAGTA,1
AAGGACACCCGTGAGA,1
AAGGACACCCTCCTGA,1
AAGGACACCGAACTTA,1
AAGGACACCGACTGGA,1
AAGGACACCGCATACA,1
AAGGACACCTCAATGA,1
AAGGACACCTGAGCCA,1
AAGGACACCTGGCATA,9
AAGGACACGAATCTGA,9
AAGGACACCAAGACTA,1
AAGGACACGAGCTGAA,8
AAGGACACGATAGACA,8
AAGGACACACCACTGT,4
AAGGACACGCCACATA,8
AAGGACACGCGAGTAA,8
AAGGACACGCTAACGA,8
AAGGACACGCTCGGTA,8
AAGGACACGGAGAACA,8
AAGGACACGGTGCGAA,8
AAGGACACGTACGCAA,8
AAGGACACGTCGTAGA,8
AAGGACACGTCTGTCA,8
AAGGACACGTGTTCTA,8
AAGGACACACATTGGC,4
AAGGACACTAGGATGA,8
AAGGACACTATCAGCA,8
AAGGACACTCCGTCTA,8
AAGGACACTCTTCACA,8
AAGGACACTGAAGAGA,8
AAGGACACTGGAACAA,8
AAGGACACTGGCTTCA,8
AAGGACACTGGTGGTA,8
AAGGACACTTCACGCA,8
AAGGACACAACTCACC,8
AAGGACACCAGATCTG,4
AAGGACACAAGAGATC,8
AAGGACACAAGGACAC,8
AAGGACACAATCCGTC,8
AAGGACACAATGTTGC,8
AAGGACACACACGACC,8
AAGGACACACAGATTC,8
AAGGACACAGATGTAC,8
AAGGACACAGCACCTC,8
AAGGACACAGCCATGC,8
AAGGACACAGGCTAAC,8
AAGGACACCATCAAGT,4
AAGGACACATAGCGAC,8
AAGGACACATCATTCC,1
AAGGACACATTGGCTC,1
AAGGACACCAAGGAGC,1
AAGGACACCACCTTAC,1
AAGGACACCCATCCTC,1
AAGGACACCCGACAAC,1
AAGGACACCCTAATCC,1
AAGGACACCCTCTATC,1
AAGGACACCGACACAC,1
AAGGACACCGCTGATC,4
AAGGACACCGGATTGC,1
AAGGACACCTAAGGTC,4
AAGGACACGAACAGGC,4
AAGGACACGACAGTGC,4
AAGGACACGAGTTAGC,5
AAGGACACGATGAATC,5
AAGGACACGCCAAGAC,5
AAGGACACCGGAAGAA,5
AAGGACACGTGACAAG,5
AAGGACACGAACCAGA,5
AAGAGATCACAAGCTA,4
AAGAGATCTTGCTGGA,5
AAGAGATCCTGTAGCC,4
AAGAGATCAGTACAAG,4
AAGAGATCAACAACCA,4
AAGAGATCAACCGAGA,2
AAGAGATCAACGCTTA,2
AAGAGATCAAGACGGA,2
AAGAGATCAAGGTACA,2
AAGAGATCACACAGAA,2
AAGAGATCACAGCAGA,2
AAGAGATCAAACATCG,5
AAGAGATCACCTCCAA,4
AAGAGATCACGCTCGA,4
AAGAGATCACGTATCA,5
AAGAGATCACTATGCA,1
AAGAGATCAGAGTCAA,1
AAGAGATCAGATCGCA,1
AAGAGATCAGCAGGAA,1
AAGAGATCAGTCACTA,1
AAGAGATCATCCTGTA,1
AAGAGATCATTGAGGA,4
AAGAGATCCAACCACA,1
AAGAGATCGACTAGTA,1
AAGAGATCCAATGGAA,1
AAGAGATCCACTTCGA,1
AAGAGATCCAGCGTTA,1
AAGAGATCCATACCAA,1
AAGAGATCCCAGTTCA,1
AAGAGATCCCGAAGTA,1
AAGAGATCCCGTGAGA,1
AAGAGATCCCTCCTGA,1
AAGAGATCCGAACTTA,1
AAGAGATCCGACTGGA,2
AAGAGATCCGCATACA,1
AAGAGATCCTCAATGA,1
AAGAGATCCTGAGCCA,1
AAGAGATCCTGGCATA,9
AAGAGATCGAATCTGA,8
AAGAGATCCAAGACTA,1
AAGAGATCGAGCTGAA,8
AAGAGATCGATAGACA,8
AAGAGATCACCACTGT,4
AAGAGATCGCCACATA,8
AAGAGATCGCGAGTAA,8
AAGAGATCGCTAACGA,8
AAGAGATCGCTCGGTA,8
AAGAGATCGGAGAACA,8
AAGAGATCGGTGCGAA,8
AAGAGATCGTACGCAA,8
AAGAGATCGTCGTAGA,8
AAGAGATCGTCTGTCA,8
AAGAGATCGTGTTCTA,8
AAGAGATCACATTGGC,4
AAGAGATCTAGGATGA,8
AAGAGATCTATCAGCA,8
AAGAGATCTCCGTCTA,8
AAGAGATCTCTTCACA,8
AAGAGATCTGAAGAGA,8
AAGAGATCTGGAACAA,8
AAGAGATCTGGCTTCA,8
AAGAGATCTGGTGGTA,8
AAGAGATCTTCACGCA,8
AAGAGATCAACTCACC,8
AAGAGATCCAGATCTG,4
AAGAGATCAAGAGATC,8
AAGAGATCAAGGACAC,8
AAGAGATCAATCCGTC,8
AAGAGATCAATGTTGC,8
AAGAGATCACACGACC,8
AAGAGATCACAGATTC,8
AAGAGATCAGATGTAC,8
AAGAGATCAGCACCTC,8
AAGAGATCAGCCATGC,8
AAGAGATCAGGCTAAC,8
AAGAGATCCATCAAGT,4
AAGAGATCATAGCGAC,8
AAGAGATCATCATTCC,8
AAGAGATCATTGGCTC,8
AAGAGATCCAAGGAGC,1
AAGAGATCCACCTTAC,1
AAGAGATCCCATCCTC,1
AAGAGATCCCGACAAC,1
AAGAGATCCCTAATCC,1
AAGAGATCCCTCTATC,1
AAGAGATCCGACACAC,1
AAGAGATCCGCTGATC,4
AAGAGATCCGGATTGC,1
AAGAGATCCTAAGGTC,1
AAGAGATCGAACAGGC,4
AAGAGATCGACAGTGC,4
AAGAGATCGAGTTAGC,5
AAGAGATCGATGAATC,5
AAGAGATCGCCAAGAC,5
AAGAGATCCGGAAGAA,5
AAGAGATCGTGACAAG,5
AAGAGATCGAACCAGA,5
AACTCACCAACGTGAT,5
AACTCACCACAAGCTA,4
AACTCACCTTGCTGGA,5
AACTCACCCTGTAGCC,4
AACTCACCAGTACAAG,4
AACTCACCAACAACCA,4
AACTCACCAACCGAGA,2
AACTCACCAACGCTTA,2
AACTCACCAAGACGGA,2
AACTCACCAAGGTACA,2
AACTCACCACACAGAA,2
AACTCACCACAGCAGA,4
AACTCACCAAACATCG,5
AACTCACCACCTCCAA,4
AACTCACCACGCTCGA,4
AACTCACCACGTATCA,5
AACTCACCACTATGCA,1
AACTCACCAGAGTCAA,1
AACTCACCAGATCGCA,2
AACTCACCAGCAGGAA,1
AACTCACCAGTCACTA,1
AACTCACCATCCTGTA,4
AACTCACCATTGAGGA,2
AACTCACCATGCCTAA,5
AACTCACCCAACCACA,1
AACTCACCGACTAGTA,1
AACTCACCCAATGGAA,1
AACTCACCCACTTCGA,1
AACTCACCCAGCGTTA,1
AACTCACCCATACCAA,1
AACTCACCCCAGTTCA,1
AACTCACCCCGAAGTA,1
AACTCACCCCGTGAGA,1
AACTCACCCCTCCTGA,1
AACTCACCCGAACTTA,1
AACTCACCCGACTGGA,1
AACTCACCCGCATACA,1
AACTCACCCTCAATGA,1
AACTCACCCTGAGCCA,9
AACTCACCCTGGCATA,9
AACTCACCGAATCTGA,8
AACTCACCCAAGACTA,8
AACTCACCGAGCTGAA,8
AACTCACCGATAGACA,8
AACTCACCACCACTGT,4
AACTCACCGCCACATA,8
AACTCACCGCGAGTAA,8
AACTCACCGCTAACGA,8
AACTCACCGCTCGGTA,8
AACTCACCGGAGAACA,8
AACTCACCGGTGCGAA,8
AACTCACCGTACGCAA,8
AACTCACCGTCGTAGA,8
AACTCACCGTCTGTCA,8
AACTCACCGTGTTCTA,8
AACTCACCACATTGGC,4
AACTCACCTAGGATGA,8
AACTCACCTATCAGCA,8
AACTCACCTCCGTCTA,8
AACTCACCTCTTCACA,8
AACTCACCTGAAGAGA,8
AACTCACCTGGAACAA,8
AACTCACCTGGCTTCA,8
AACTCACCTGGTGGTA,8
AACTCACCTTCACGCA,8
AACTCACCAACTCACC,8
AACTCACCCAGATCTG,4
AACTCACCAAGAGATC,8
AACTCACCAAGGACAC,8
AACTCACCAATCCGTC,8
AACTCACCAATGTTGC,8
AACTCACCACACGACC,8
AACTCACCACAGATTC,8
AACTCACCAGATGTAC,8
AACTCACCAGCACCTC,8
AACTCACCAGCCATGC,8
AACTCACCAGGCTAAC,8
AACTCACCCATCAAGT,4
AACTCACCATAGCGAC,8
AACTCACCATCATTCC,8
AACTCACCATTGGCTC,8
AACTCACCCAAGGAGC,8
AACTCACCCACCTTAC,8
AACTCACCCCATCCTC,1
AACTCACCCCGACAAC,1
AACTCACCCCTAATCC,1
AACTCACCCCTCTATC,1
AACTCACCCGACACAC,1
AACTCACCCGCTGATC,4
AACTCACCCGGATTGC,1
AACTCACCCTAAGGTC,1
AACTCACCGAACAGGC,4
AACTCACCGACAGTGC,4
AACTCACCGAGTTAGC,5
AACTCACCGATGAATC,5
AACTCACCGCCAAGAC,5
AACTCACCCGGAAGAA,5
AACTCACCGTGACAAG,4
AACTCACCGAACCAGA,5
TTCACGCAAACGTGAT,5
TTCACGCAACAAGCTA,4
TTCACGCATTGCTGGA,5
TTCACGCACTGTAGCC,4
TTCACGCAAGTACAAG,4
TTCACGCAAACAACCA,4
TTCACGCAAACCGAGA,2
TTCACGCAAACGCTTA,2
TTCACGCAAAGACGGA,2
TTCACGCAAAGGTACA,2
TTCACGCAACACAGAA,2
TTCACGCAACAGCAGA,4
TTCACGCAAAACATCG,5
TTCACGCAACCTCCAA,4
TTCACGCAACGCTCGA,4
TTCACGCAACGTATCA,1
TTCACGCAACTATGCA,1
TTCACGCAAGAGTCAA,1
TTCACGCAAGATCGCA,2
TTCACGCAAGCAGGAA,1
TTCACGCAAGTCACTA,1
TTCACGCAATCCTGTA,1
TTCACGCAATTGAGGA,1
TTCACGCAATGCCTAA,5
TTCACGCACAACCACA,1
TTCACGCAGACTAGTA,1
TTCACGCACAATGGAA,1
TTCACGCACACTTCGA,1
TTCACGCACAGCGTTA,1
TTCACGCACATACCAA,1
TTCACGCACCAGTTCA,1
TTCACGCACCGAAGTA,1
TTCACGCACCGTGAGA,1
TTCACGCACCTCCTGA,1
TTCACGCACGAACTTA,1
TTCACGCACGACTGGA,1
TTCACGCACGCATACA,1
TTCACGCACTCAATGA,1
TTCACGCACTGAGCCA,9
TTCACGCACTGGCATA,8
TTCACGCAGAATCTGA,8
TTCACGCACAAGACTA,8
TTCACGCAGAGCTGAA,8
TTCACGCAGATAGACA,8
TTCACGCAACCACTGT,4
TTCACGCAGCCACATA,8
TTCACGCAGCGAGTAA,8
TTCACGCAGCTAACGA,8
TTCACGCAGCTCGGTA,8
TTCACGCAGGAGAACA,8
TTCACGCAGGTGCGAA,8
TTCACGCAGTACGCAA,8
TTCACGCAGTCGTAGA,8
TTCACGCAGTCTGTCA,9
TTCACGCAGTGTTCTA,8
TTCACGCAACATTGGC,4
TTCACGCATAGGATGA,8
TTCACGCATATCAGCA,8
TTCACGCATCCGTCTA,8
TTCACGCATCTTCACA,8
TTCACGCATGAAGAGA,8
TTCACGCATGGAACAA,8
TTCACGCATGGCTTCA,8
TTCACGCATGGTGGTA,8
TTCACGCATTCACGCA,8
TTCACGCAAACTCACC,8
TTCACGCACAGATCTG,4
TTCACGCAAAGAGATC,8
TTCACGCAAAGGACAC,8
TTCACGCAAATCCGTC,8
TTCACGCAAATGTTGC,8
TTCACGCAACACGACC,8
TTCACGCAACAGATTC,8
TTCACGCAAGATGTAC,8
TTCACGCAAGCACCTC,8
TTCACGCAAGCCATGC,8
TTCACGCAAGGCTAAC,8
TTCACGCACATCAAGT,4
TTCACGCAATAGCGAC,8
TTCACGCAATCATTCC,8
TTCACGCAATTGGCTC,8
TTCACGCACAAGGAGC,8
TTCACGCACACCTTAC,8
TTCACGCACCATCCTC,8
TTCACGCACCGACAAC,8
TTCACGCACCTAATCC,1
TTCACGCACCTCTATC,1
TTCACGCACGACACAC,1
TTCACGCACGCTGATC,4
TTCACGCACGGATTGC,1
TTCACGCACTAAGGTC,1
TTCACGCAGAACAGGC,4
TTCACGCAGACAGTGC,4
TTCACGCAGAGTTAGC,4
TTCACGCAGATGAATC,1
TTCACGCAGCCAAGAC,1
TTCACGCACGGAAGAA,5
TTCACGCAGTGACAAG,5
TTCACGCAGAACCAGA,5
TGGTGGTAAACGTGAT,5
TGGTGGTAACAAGCTA,4
TGGTGGTATTGCTGGA,5
TGGTGGTACTGTAGCC,4
TGGTGGTAAGTACAAG,2
TGGTGGTAAACAACCA,2
TGGTGGTAAACCGAGA,2
TGGTGGTAAACGCTTA,2
TGGTGGTAAAGACGGA,5
TGGTGGTAAAGGTACA,2
TGGTGGTAACACAGAA,4
TGGTGGTAACAGCAGA,4
TGGTGGTAAAACATCG,5
TGGTGGTAACCTCCAA,4
TGGTGGTAACGCTCGA,4
TGGTGGTAACGTATCA,4
TGGTGGTAACTATGCA,1
TGGTGGTAAGAGTCAA,4
TGGTGGTAAGATCGCA,2
TGGTGGTAAGCAGGAA,1
TGGTGGTAAGTCACTA,1
TGGTGGTAATCCTGTA,1
TGGTGGTAATTGAGGA,1
TGGTGGTAATGCCTAA,4
TGGTGGTACAACCACA,1
TGGTGGTAGACTAGTA,1
TGGTGGTACAATGGAA,1
TGGTGGTACACTTCGA,1
TGGTGGTACAGCGTTA,1
TGGTGGTACATACCAA,1
TGGTGGTACCAGTTCA,5
TGGTGGTACCGAAGTA,1
TGGTGGTACCGTGAGA,1
TGGTGGTACCTCCTGA,1
TGGTGGTACGAACTTA,1
TGGTGGTACGACTGGA,9
TGGTGGTACGCATACA,1
TGGTGGTACTCAATGA,9
TGGTGGTACTGAGCCA,8
TGGTGGTACTGGCATA,8
TGGTGGTAGAATCTGA,8
TGGTGGTACAAGACTA,8
TGGTGGTAGAGCTGAA,8
TGGTGGTAGATAGACA,8
TGGTGGTAACCACTGT,4
TGGTGGTAGCCACATA,8
TGGTGGTAGCGAGTAA,8
TGGTGGTAGCTAACGA,8
TGGTGGTAGCTCGGTA,8
TGGTGGTAGGAGAACA,1
TGGTGGTAGGTGCGAA,8
TGGTGGTAGTACGCAA,8
TGGTGGTAGTCGTAGA,8
TGGTGGTAGTCTGTCA,9
TGGTGGTAGTGTTCTA,9
TGGTGGTAACATTGGC,4
TGGTGGTATAGGATGA,9
TGGTGGTATATCAGCA,8
TGGTGGTATCCGTCTA,8
TGGTGGTATCTTCACA,8
TGGTGGTATGAAGAGA,8
TGGTGGTATGGAACAA,8
TGGTGGTATGGCTTCA,8
TGGTGGTATGGTGGTA,8
TGGTGGTATTCACGCA,8
TGGTGGTAAACTCACC,8
TGGTGGTACAGATCTG,4
TGGTGGTAAAGAGATC,8
TGGTGGTAAAGGACAC,8
TGGTGGTAAATCCGTC,8
TGGTGGTAAATGTTGC,8
TGGTGGTAACACGACC,8
TGGTGGTAACAGATTC,8
TGGTGGTAAGATGTAC,8
TGGTGGTAAGCACCTC,8
TGGTGGTAAGCCATGC,8
TGGTGGTAAGGCTAAC,8
TGGTGGTACATCAAGT,4
TGGTGGTAATAGCGAC,8
TGGTGGTAATCATTCC,8
TGGTGGTAATTGGCTC,8
TGGTGGTACAAGGAGC,8
TGGTGGTACACCTTAC,8
TGGTGGTACCATCCTC,8
TGGTGGTACCGACAAC,8
TGGTGGTACCTAATCC,8
TGGTGGTACCTCTATC,1
TGGTGGTACGACACAC,7
TGGTGGTACGCTGATC,2
TGGTGGTACGGATTGC,1
TGGTGGTACTAAGGTC,1
TGGTGGTAGAACAGGC,1
TGGTGGTAGACAGTGC,1
TGGTGGTAGAGTTAGC,4
TGGTGGTAGATGAATC,1
TGGTGGTAGCCAAGAC,1
TGGTGGTACGGAAGAA,5
TGGTGGTAGTGACAAG,5
TGGTGGTAGAACCAGA,5
TGGCTTCAAACGTGAT,4
TGGCTTCAACAAGCTA,2
TGGCTTCATTGCTGGA,5
TGGCTTCACTGTAGCC,2
TGGCTTCAAGTACAAG,2
TGGCTTCAAACAACCA,2
TGGCTTCAAACCGAGA,2
TGGCTTCAAACGCTTA,2
TGGCTTCAAAGACGGA,2
TGGCTTCAAAGGTACA,4
TGGCTTCAACACAGAA,4
TGGCTTCAACAGCAGA,4
TGGCTTCAAAACATCG,4
TGGCTTCAACCTCCAA,4
TGGCTTCAACGCTCGA,5
TGGCTTCAACGTATCA,4
TGGCTTCAACTATGCA,4
TGGCTTCAAGAGTCAA,1
TGGCTTCAAGATCGCA,1
TGGCTTCAAGCAGGAA,1
TGGCTTCAAGTCACTA,1
TGGCTTCAATCCTGTA,1
TGGCTTCAATTGAGGA,1
TGGCTTCAATGCCTAA,4
TGGCTTCACAACCACA,1
TGGCTTCAGACTAGTA,1
TGGCTTCACAATGGAA,1
TGGCTTCACACTTCGA,1
TGGCTTCACAGCGTTA,1
TGGCTTCACATACCAA,1
TGGCTTCACCAGTTCA,1
TGGCTTCACCGAAGTA,1
TGGCTTCACCGTGAGA,1
TGGCTTCACCTCCTGA,1
TGGCTTCACGAACTTA,1
TGGCTTCACGACTGGA,1
TGGCTTCACGCATACA,8
TGGCTTCACTCAATGA,8
TGGCTTCACTGAGCCA,8
TGGCTTCACTGGCATA,8
TGGCTTCAGAATCTGA,8
TGGCTTCACAAGACTA,8
TGGCTTCAGAGCTGAA,8
TGGCTTCAGATAGACA,8
TGGCTTCAACCACTGT,4
TGGCTTCAGCCACATA,8
TGGCTTCAGCGAGTAA,3
TGGCTTCAGCTAACGA,8
TGGCTTCAGCTCGGTA,3
TGGCTTCAGGAGAACA,9
TGGCTTCAGGTGCGAA,9
TGGCTTCAGTACGCAA,9
TGGCTTCAGTCGTAGA,9
TGGCTTCAGTCTGTCA,9
TGGCTTCAGTGTTCTA,9
TGGCTTCAACATTGGC,4
TGGCTTCATAGGATGA,9
TGGCTTCATATCAGCA,9
TGGCTTCATCCGTCTA,9
TGGCTTCATCTTCACA,9
TGGCTTCATGAAGAGA,8
TGGCTTCATGGAACAA,8
TGGCTTCATGGCTTCA,8
TGGCTTCATGGTGGTA,8
TGGCTTCATTCACGCA,8
TGGCTTCAAACTCACC,8
TGGCTTCACAGATCTG,4
TGGCTTCAAAGAGATC,8
TGGCTTCAAAGGACAC,8
TGGCTTCAAATCCGTC,8
TGGCTTCAAATGTTGC,8
TGGCTTCAACACGACC,8
TGGCTTCAACAGATTC,8
TGGCTTCAAGATGTAC,8
TGGCTTCAAGCACCTC,8
TGGCTTCAAGCCATGC,8
TGGCTTCAAGGCTAAC,8
TGGCTTCACATCAAGT,4
TGGCTTCAATAGCGAC,8
TGGCTTCAATCATTCC,8
TGGCTTCAATTGGCTC,8
TGGCTTCACAAGGAGC,8
TGGCTTCACACCTTAC,8
TGGCTTCACCATCCTC,8
TGGCTTCACCGACAAC,8
TGGCTTCACCTAATCC,8
TGGCTTCACCTCTATC,8
TGGCTTCACGACACAC,8
TGGCTTCACGCTGATC,4
TGGCTTCACGGATTGC,1
TGGCTTCACTAAGGTC,1
TGGCTTCAGAACAGGC,1
TGGCTTCAGACAGTGC,1
TGGCTTCAGAGTTAGC,1
TGGCTTCAGATGAATC,1
TGGCTTCAGCCAAGAC,1
TGGCTTCACGGAAGAA,1
TGGCTTCAGTGACAAG,5
TGGCTTCAGAACCAGA,5
TGGAACAAAACGTGAT,5
TGGAACAAACAAGCTA,2
TGGAACAATTGCTGGA,5
TGGAACAACTGTAGCC,2
TGGAACAAAGTACAAG,2
TGGAACAAAACAACCA,2
TGGAACAAAACCGAGA,2
TGGAACAAAACGCTTA,2
TGGAACAAAAGACGGA,4
TGGAACAAAAGGTACA,4
TGGAACAAACACAGAA,4
TGGAACAAACAGCAGA,4
TGGAACAAAAACATCG,4
TGGAACAAACCTCCAA,4
TGGAACAAACGCTCGA,4
TGGAACAAACGTATCA,4
TGGAACAAACTATGCA,4
TGGAACAAAGAGTCAA,4
TGGAACAAAGATCGCA,1
TGGAACAAAGCAGGAA,1
TGGAACAAAGTCACTA,1
TGGAACAAATCCTGTA,1
TGGAACAAATTGAGGA,1
TGGAACAAATGCCTAA,4
TGGAACAACAACCACA,1
TGGAACAAGACTAGTA,1
TGGAACAACAATGGAA,1
TGGAACAACACTTCGA,1
TGGAACAACAGCGTTA,1
TGGAACAACATACCAA,1
TGGAACAACCAGTTCA,1
TGGAACAACCGAAGTA,1
TGGAACAACCGTGAGA,1
TGGAACAACCTCCTGA,1
TGGAACAAAGTGGTCA,4
TGGAACAACGAACTTA,8
TGGAACAACGACTGGA,8
TGGAACAACGCATACA,8
TGGAACAACTCAATGA,8
TGGAACAACTGAGCCA,8
TGGAACAACTGGCATA,8
TGGAACAAGAATCTGA,8
TGGAACAACAAGACTA,8
TGGAACAAGAGCTGAA,8
TGGAACAAGATAGACA,9
TGGAACAAACCACTGT,4
TGGAACAAGCCACATA,8
TGGAACAAGCGAGTAA,8
TGGAACAAGCTAACGA,3
TGGAACAAGCTCGGTA,9
TGGAACAAGGAGAACA,9
TGGAACAAGGTGCGAA,9
TGGAACAAGTACGCAA,9
TGGAACAAGTCGTAGA,9
TGGAACAAGTCTGTCA,9
TGGAACAAGTGTTCTA,9
TGGAACAAACATTGGC,4
TGGAACAATAGGATGA,9
TGGAACAATATCAGCA,9
TGGAACAATCCGTCTA,9
TGGAACAATCTTCACA,9
TGGAACAATGAAGAGA,9
TGGAACAATGGAACAA,8
TGGAACAATGGCTTCA,9
TGGAACAATGGTGGTA,8
TGGAACAATTCACGCA,8
TGGAACAAAACTCACC,8
TGGAACAACAGATCTG,4
TGGAACAAAAGAGATC,8
TGGAACAAAAGGACAC,8
TGGAACAAAATCCGTC,7
TGGAACAAAATGTTGC,8
TGGAACAAACACGACC,8
TGGAACAAACAGATTC,7
TGGAACAAAGATGTAC,7
TGGAACAAAGCACCTC,8
TGGAACAAAGCCATGC,8
TGGAACAAAGGCTAAC,8
TGGAACAACATCAAGT,4
TGGAACAAATAGCGAC,8
TGGAACAAATCATTCC,8
TGGAACAAATTGGCTC,8
TGGAACAACAAGGAGC,8
TGGAACAACACCTTAC,8
TGGAACAACCATCCTC,8
TGGAACAACCGACAAC,8
TGGAACAACCTAATCC,8
TGGAACAACCTCTATC,8
TGGAACAACGACACAC,8
TGGAACAACGCTGATC,2
TGGAACAACGGATTGC,8
TGGAACAACTAAGGTC,8
TGGAACAAGAACAGGC,1
TGGAACAAGACAGTGC,1
TGGAACAAGAGTTAGC,8
TGGAACAAGATGAATC,1
TGGAACAAGCCAAGAC,8
TGGAACAACGGAAGAA,8
TGGAACAAGTGACAAG,5
TGGAACAAGAACCAGA,5
TGAAGAGAAACGTGAT,4
TGAAGAGAACAAGCTA,2
TGAAGAGATTGCTGGA,8
TGAAGAGACTGTAGCC,2
TGAAGAGAAGTACAAG,2
TGAAGAGAAACAACCA,2
TGAAGAGAAACCGAGA,2
TGAAGAGAAACGCTTA,2
TGAAGAGAAAGACGGA,4
TGAAGAGAAAGGTACA,4
TGAAGAGAACACAGAA,4
TGAAGAGAACAGCAGA,4
TGAAGAGAAAACATCG,4
TGAAGAGAACCTCCAA,4
TGAAGAGAACGCTCGA,4
TGAAGAGAACGTATCA,1
TGAAGAGAACTATGCA,1
TGAAGAGAAGAGTCAA,1
TGAAGAGAAGATCGCA,1
TGAAGAGAAGCAGGAA,1
TGAAGAGAAGTCACTA,1
TGAAGAGAATCCTGTA,1
TGAAGAGAATTGAGGA,1
TGAAGAGAATGCCTAA,4
TGAAGAGACAACCACA,1
TGAAGAGAGACTAGTA,1
TGAAGAGACAATGGAA,1
TGAAGAGACACTTCGA,1
TGAAGAGACAGCGTTA,1
TGAAGAGACATACCAA,1
TGAAGAGACCAGTTCA,1
TGAAGAGACCGAAGTA,1
TGAAGAGACCGTGAGA,1
TGAAGAGACCTCCTGA,1
TGAAGAGACGAACTTA,1
TGAAGAGACGACTGGA,8
TGAAGAGACGCATACA,8
TGAAGAGACTCAATGA,8
TGAAGAGACTGAGCCA,8
TGAAGAGACTGGCATA,8
TGAAGAGAGAATCTGA,8
TGAAGAGACAAGACTA,5
TGAAGAGAGAGCTGAA,9
TGAAGAGAGATAGACA,8
TGAAGAGAACCACTGT,4
TGAAGAGAGCCACATA,9
TGAAGAGAGCGAGTAA,9
TGAAGAGAGCTAACGA,9
TGAAGAGAGCTCGGTA,9
TGAAGAGAGGAGAACA,9
TGAAGAGAGGTGCGAA,9
TGAAGAGAGTACGCAA,9
TGAAGAGAGTCGTAGA,9
TGAAGAGAGTCTGTCA,9
TGAAGAGAGTGTTCTA,9
TGAAGAGAACATTGGC,4
TGAAGAGATAGGATGA,9
TGAAGAGATATCAGCA,9
TGAAGAGATCCGTCTA,9
TGAAGAGATCTTCACA,8
TGAAGAGATGAAGAGA,9
TGAAGAGATGGAACAA,8
TGAAGAGATGGCTTCA,8
TGAAGAGATGGTGGTA,8
TGAAGAGATTCACGCA,8
TGAAGAGAAACTCACC,8
TGAAGAGACAGATCTG,4
TGAAGAGAAAGAGATC,8
TGAAGAGAAAGGACAC,8
TGAAGAGAAATCCGTC,8
TGAAGAGAAATGTTGC,8
TGAAGAGAACACGACC,7
TGAAGAGAACAGATTC,7
TGAAGAGAAGATGTAC,7
TGAAGAGAAGCACCTC,8
TGAAGAGAAGCCATGC,8
TGAAGAGAAGGCTAAC,8
TGAAGAGACATCAAGT,4
TGAAGAGAATAGCGAC,8
TGAAGAGAATCATTCC,8
TGAAGAGAATTGGCTC,8
TGAAGAGACAAGGAGC,8
TGAAGAGACACCTTAC,8
TGAAGAGACCATCCTC,8
TGAAGAGACCGACAAC,8
TGAAGAGACCTAATCC,8
TGAAGAGACCTCTATC,8
TGAAGAGACGACACAC,8
TGAAGAGACGCTGATC,2
TGAAGAGACGGATTGC,8
TGAAGAGACTAAGGTC,8
TGAAGAGAGAACAGGC,8
TGAAGAGAGACAGTGC,8
TGAAGAGAGAGTTAGC,8
TGAAGAGAGATGAATC,8
TGAAGAGAGCCAAGAC,8
TGAAGAGACGGAAGAA,8
TGAAGAGAGTGACAAG,8
TGAAGAGAGAACCAGA,8
TCTTCACAAACGTGAT,4
TCTTCACAACAAGCTA,2
TCTTCACATTGCTGGA,8
TCTTCACACTGTAGCC,2
TCTTCACAAGTACAAG,2
TCTTCACAAACAACCA,2
TCTTCACAAACCGAGA,2
TCTTCACAAACGCTTA,4
TCTTCACAAAGACGGA,4
TCTTCACAAAGGTACA,4
TCTTCACAACACAGAA,4
TCTTCACAACAGCAGA,4
TCTTCACAAAACATCG,4
TCTTCACAACCTCCAA,2
TCTTCACAACGCTCGA,4
TCTTCACAACGTATCA,1
TCTTCACAACTATGCA,1
TCTTCACAAGAGTCAA,1
TCTTCACAAGATCGCA,1
TCTTCACAAGCAGGAA,1
TCTTCACAAGTCACTA,1
TCTTCACAATCCTGTA,1
TCTTCACAATTGAGGA,1
TCTTCACAATGCCTAA,4
TCTTCACACAACCACA,1
TCTTCACAGACTAGTA,1
TCTTCACACAATGGAA,1
TCTTCACACACTTCGA,1
TCTTCACACAGCGTTA,1
TCTTCACACATACCAA,3
TCTTCACACCAGTTCA,1
TCTTCACACCGAAGTA,1
TCTTCACACCGTGAGA,9
TCTTCACACCTCCTGA,8
TCTTCACAAGTGGTCA,4
TCTTCACACGAACTTA,8
TCTTCACACGACTGGA,8
TCTTCACACGCATACA,8
TCTTCACACTCAATGA,8
TCTTCACACTGAGCCA,8
TCTTCACACTGGCATA,8
TCTTCACAGAATCTGA,8
TCTTCACACAAGACTA,9
TCTTCACAGAGCTGAA,9
TCTTCACAGATAGACA,9
TCTTCACAACCACTGT,4
TCTTCACAGCCACATA,9
TCTTCACAGCGAGTAA,9
TCTTCACAGCTAACGA,9
TCTTCACAGCTCGGTA,9
TCTTCACAGGAGAACA,9
TCTTCACAGGTGCGAA,9
TCTTCACAGTACGCAA,9
TCTTCACAGTCGTAGA,8
TCTTCACAGTCTGTCA,8
TCTTCACAGTGTTCTA,9
TCTTCACAACATTGGC,4
TCTTCACATAGGATGA,8
TCTTCACATATCAGCA,9
TCTTCACATCCGTCTA,9
TCTTCACATCTTCACA,8
TCTTCACATGAAGAGA,8
TCTTCACATGGAACAA,8
TCTTCACATGGCTTCA,8
TCTTCACATGGTGGTA,8
TCTTCACATTCACGCA,8
TCTTCACAAACTCACC,8
TCTTCACACAGATCTG,4
TCTTCACAAAGAGATC,8
TCTTCACAAAGGACAC,8
TCTTCACAAATCCGTC,8
TCTTCACAAATGTTGC,8
TCTTCACAACACGACC,3
TCTTCACAACAGATTC,8
TCTTCACAAGATGTAC,7
TCTTCACAAGCACCTC,7
TCTTCACAAGCCATGC,7
TCTTCACAAGGCTAAC,7
TCTTCACACATCAAGT,2
TCTTCACAATAGCGAC,7
TCTTCACAATCATTCC,8
TCTTCACAATTGGCTC,8
TCTTCACACAAGGAGC,8
TCTTCACACACCTTAC,8
TCTTCACACCATCCTC,8
TCTTCACACCGACAAC,8
TCTTCACACCTAATCC,8
TCTTCACACCTCTATC,8
TCTTCACACGACACAC,8
TCTTCACACGCTGATC,2
TCTTCACACGGATTGC,8
TCTTCACACTAAGGTC,8
TCTTCACAGAACAGGC,8
TCTTCACAGACAGTGC,8
TCTTCACAGAGTTAGC,8
TCTTCACAGATGAATC,8
TCTTCACAGCCAAGAC,8
TCTTCACACGGAAGAA,8
TCTTCACAGTGACAAG,8
TCTTCACAGAACCAGA,8
TCCGTCTAAACGTGAT,4
TCCGTCTAACAAGCTA,2
TCCGTCTATTGCTGGA,8
TCCGTCTACTGTAGCC,2
TCCGTCTAAGTACAAG,2
TCCGTCTAAACAACCA,4
TCCGTCTAAACCGAGA,7
TCCGTCTAAACGCTTA,4
TCCGTCTAAAGACGGA,4
TCCGTCTAAAGGTACA,4
TCCGTCTAACACAGAA,4
TCCGTCTAACAGCAGA,4
TCCGTCTAAAACATCG,4
TCCGTCTAACCTCCAA,4
TCCGTCTAACGCTCGA,2
TCCGTCTAACGTATCA,5
TCCGTCTAACTATGCA,2
TCCGTCTAAGAGTCAA,1
TCCGTCTAAGATCGCA,1
TCCGTCTAAGCAGGAA,1
TCCGTCTAAGTCACTA,1
TCCGTCTAATCCTGTA,1
TCCGTCTAATTGAGGA,1
TCCGTCTAATGCCTAA,4
TCCGTCTACAACCACA,1
TCCGTCTAGACTAGTA,1
TCCGTCTACAATGGAA,1
TCCGTCTACACTTCGA,1
TCCGTCTACAGCGTTA,1
TCCGTCTACATACCAA,1
TCCGTCTACCAGTTCA,1
TCCGTCTACCGAAGTA,9
TCCGTCTACCGTGAGA,8
TCCGTCTACCTCCTGA,8
TCCGTCTAAGTGGTCA,4
TCCGTCTACGAACTTA,8
TCCGTCTACGACTGGA,8
TCCGTCTACGCATACA,8
TCCGTCTACTCAATGA,8
TCCGTCTACTGAGCCA,7
TCCGTCTACTGGCATA,9
TCCGTCTAGAATCTGA,9
TCCGTCTACAAGACTA,9
TCCGTCTAGAGCTGAA,9
TCCGTCTAGATAGACA,9
TCCGTCTAACCACTGT,4
TCCGTCTAGCCACATA,9
TCCGTCTAGCGAGTAA,9
TCCGTCTAGCTAACGA,9
TCCGTCTAGCTCGGTA,9
TCCGTCTAGGAGAACA,9
TCCGTCTAGGTGCGAA,8
TCCGTCTAGTACGCAA,8
TCCGTCTAGTCGTAGA,8
TCCGTCTAGTCTGTCA,8
TCCGTCTAGTGTTCTA,8
TCCGTCTAACATTGGC,4
TCCGTCTATAGGATGA,9
TCCGTCTATATCAGCA,8
TCCGTCTATCCGTCTA,8
TCCGTCTATCTTCACA,8
TCCGTCTATGAAGAGA,8
TCCGTCTATGGAACAA,8
TCCGTCTATGGCTTCA,8
TCCGTCTATGGTGGTA,8
TCCGTCTATTCACGCA,8
TCCGTCTAAACTCACC,8
TCCGTCTACAGATCTG,4
TCCGTCTAAAGAGATC,8
TCCGTCTAAAGGACAC,8
TCCGTCTAAATCCGTC,8
TCCGTCTAAATGTTGC,8
TCCGTCTAACACGACC,9
TCCGTCTAACAGATTC,9
TCCGTCTAAGATGTAC,9
TCCGTCTAAGCACCTC,7
TCCGTCTAAGCCATGC,7
TCCGTCTAAGGCTAAC,7
TCCGTCTACATCAAGT,2
TCCGTCTAATAGCGAC,7
TCCGTCTAATCATTCC,7
TCCGTCTAATTGGCTC,8
TCCGTCTACAAGGAGC,8
TCCGTCTACACCTTAC,8
TCCGTCTACCATCCTC,8
TCCGTCTACCGACAAC,8
TCCGTCTACCTAATCC,8
TCCGTCTACCTCTATC,8
TCCGTCTACGACACAC,8
TCCGTCTACGCTGATC,2
TCCGTCTACGGATTGC,8
TCCGTCTACTAAGGTC,8
TCCGTCTAGAACAGGC,8
TCCGTCTAGACAGTGC,8
TCCGTCTAGAGTTAGC,8
TCCGTCTAGATGAATC,8
TCCGTCTAGCCAAGAC,8
TCCGTCTACGGAAGAA,8
TCCGTCTAGTGACAAG,8
TCCGTCTAGAACCAGA,8
GTGACAAGTTGCTGGA,5
GTGACAAGAGATCGCA,5
GTGACAAGAGCAGGAA,5
GTGACAAGAGTCACTA,5
GTGACAAGATCCTGTA,5
GTGACAAGATTGAGGA,5
GTGACAAGCAACCACA,5
GTGACAAGGACTAGTA,4
GTGACAAGCAATGGAA,4
GTGACAAGCACTTCGA,4
GTGACAAGCAGCGTTA,4
GTGACAAGCATACCAA,4
GTGACAAGCCAGTTCA,4
GTGACAAGCCGAAGTA,4
GTGACAAGCCGTGAGA,4
GTGACAAGCCTCCTGA,4
GTGACAAGCGAACTTA,4
GTGACAAGCGACTGGA,4
GTGACAAGCGCATACA,4
GTGACAAGCTCAATGA,4
GTGACAAGCTGAGCCA,4
GTGACAAGCTGGCATA,4
GTGACAAGGAATCTGA,2
GTGACAAGCAAGACTA,2
GTGACAAGGAGCTGAA,2
GTGACAAGGATAGACA,2
GTGACAAGGCCACATA,2
GTGACAAGGCGAGTAA,4
GTGACAAGGCTAACGA,1
GTGACAAGGCTCGGTA,4
GTGACAAGGGAGAACA,1
GTGACAAGGGTGCGAA,1
GTGACAAGGTACGCAA,4
GTGACAAGGTCGTAGA,1
GTGACAAGGTCTGTCA,1
GTGACAAGGTGTTCTA,4
GTGACAAGTAGGATGA,1
GTGACAAGTATCAGCA,1
GTGACAAGTCCGTCTA,4
GTGACAAGTCTTCACA,4
GTGACAAGTGAAGAGA,1
GTGACAAGTGGAACAA,1
GTGACAAGTGGCTTCA,1
GTGACAAGTGGTGGTA,1
GTGACAAGTTCACGCA,1
GTGACAAGAACTCACC,1
GTGACAAGAAGAGATC,1
GTGACAAGAAGGACAC,1
GTGACAAGAATCCGTC,1
GTGACAAGAATGTTGC,1
GTGACAAGACACGACC,1
GTGACAAGACAGATTC,1
GTGACAAGAGATGTAC,1
GTGACAAGAGCACCTC,1
GTGACAAGAGCCATGC,1
GTGACAAGAGGCTAAC,1
GTGACAAGATAGCGAC,1
GTGACAAGATCATTCC,1
GTGACAAGATTGGCTC,1
GTGACAAGCAAGGAGC,1
GTGACAAGCACCTTAC,7
GTGACAAGCCATCCTC,1
GTGACAAGCCGACAAC,4
GTGACAAGCCTAATCC,1
GTGACAAGCCTCTATC,1
GTGACAAGCGACACAC,2
GTGACAAGCGGATTGC,2
GTGACAAGCTAAGGTC,2
GTGACAAGGAACAGGC,4
GTGACAAGGACAGTGC,4
GTGACAAGGAGTTAGC,4
GTGACAAGGATGAATC,5
GTGACAAGGCCAAGAC,5
GTGACAAGCGGAAGAA,5
GTGACAAGGTGACAAG,5
GTGACAAGGAACCAGA,5
TATCAGCAAACGTGAT,4
TATCAGCAACAAGCTA,2
TATCAGCATTGCTGGA,8
TATCAGCACTGTAGCC,2
TATCAGCAAGTACAAG,2
TATCAGCAAACAACCA,2
TATCAGCAAACCGAGA,4
TATCAGCAAACGCTTA,4
TATCAGCAAAGACGGA,4
TATCAGCAAAGGTACA,4
TATCAGCAACACAGAA,4
TATCAGCAACAGCAGA,4
TATCAGCAAAACATCG,4
TATCAGCAACCTCCAA,4
TATCAGCAACGCTCGA,4
TATCAGCAACGTATCA,4
TATCAGCAACTATGCA,1
TATCAGCAAGAGTCAA,2
TATCAGCAAGATCGCA,1
TATCAGCAAGCAGGAA,1
TATCAGCAAGTCACTA,1
TATCAGCAATCCTGTA,1
TATCAGCAATTGAGGA,1
TATCAGCAATGCCTAA,4
TATCAGCACAACCACA,1
TATCAGCAGACTAGTA,1
TATCAGCACAATGGAA,1
TATCAGCACACTTCGA,1
TATCAGCACAGCGTTA,1
TATCAGCACATACCAA,1
TATCAGCACCAGTTCA,1
TATCAGCACCGAAGTA,8
TATCAGCACCGTGAGA,8
TATCAGCACCTCCTGA,8
TATCAGCAAGTGGTCA,4
TATCAGCACGAACTTA,8
TATCAGCACGACTGGA,8
TATCAGCACGCATACA,8
TATCAGCACTCAATGA,9
TATCAGCACTGAGCCA,9
TATCAGCACTGGCATA,3
TATCAGCAGAATCTGA,3
TATCAGCACAAGACTA,9
TATCAGCAGAGCTGAA,3
TATCAGCAGATAGACA,9
TATCAGCAACCACTGT,4
TATCAGCAGCCACATA,9
TATCAGCAGCGAGTAA,9
TATCAGCAGCTAACGA,9
TATCAGCAGCTCGGTA,3
TATCAGCAGGAGAACA,8
TATCAGCAGGTGCGAA,8
TATCAGCAGTACGCAA,8
TATCAGCAGTCGTAGA,8
TATCAGCAGTCTGTCA,8
TATCAGCAGTGTTCTA,8
TATCAGCAACATTGGC,4
TATCAGCATAGGATGA,8
TATCAGCATATCAGCA,8
TATCAGCATCCGTCTA,8
TATCAGCATCTTCACA,8
TATCAGCATGAAGAGA,8
TATCAGCATGGAACAA,8
TATCAGCATGGCTTCA,8
TATCAGCATGGTGGTA,8
TATCAGCATTCACGCA,8
TATCAGCAAACTCACC,8
TATCAGCACAGATCTG,2
TATCAGCAAAGAGATC,8
TATCAGCAAAGGACAC,8
TATCAGCAAATCCGTC,8
TATCAGCAAATGTTGC,8
TATCAGCAACACGACC,9
TATCAGCAACAGATTC,9
TATCAGCAAGATGTAC,9
TATCAGCAAGCACCTC,9
TATCAGCAAGCCATGC,7
TATCAGCAAGGCTAAC,7
TATCAGCACATCAAGT,2
TATCAGCAATAGCGAC,7
TATCAGCAATCATTCC,7
TATCAGCAATTGGCTC,7
TATCAGCACAAGGAGC,8
TATCAGCACACCTTAC,8
TATCAGCACCATCCTC,8
TATCAGCACCGACAAC,8
TATCAGCACCTAATCC,8
TATCAGCACCTCTATC,8
TATCAGCACGACACAC,8
TATCAGCACGCTGATC,2
TATCAGCACGGATTGC,8
TATCAGCACTAAGGTC,8
TATCAGCAGAACAGGC,8
TATCAGCAGACAGTGC,8
TATCAGCAGAGTTAGC,8
TATCAGCAGATGAATC,8
TATCAGCAGCCAAGAC,8
TATCAGCACGGAAGAA,8
TATCAGCAGTGACAAG,8
TATCAGCAGAACCAGA,8
TAGGATGAAACGTGAT,4
TAGGATGAACAAGCTA,2
TAGGATGATTGCTGGA,8
TAGGATGACTGTAGCC,2
TAGGATGAAGTACAAG,2
TAGGATGAAACAACCA,2
TAGGATGAAACCGAGA,5
TAGGATGAAACGCTTA,5
TAGGATGAAAGACGGA,5
TAGGATGAAAGGTACA,4
TAGGATGAACACAGAA,4
TAGGATGAACAGCAGA,5
TAGGATGAAAACATCG,4
TAGGATGAACCTCCAA,5
TAGGATGAACGCTCGA,4
TAGGATGAACGTATCA,4
TAGGATGAACTATGCA,1
TAGGATGAAGAGTCAA,1
TAGGATGAAGATCGCA,1
TAGGATGAAGCAGGAA,1
TAGGATGAAGTCACTA,1
TAGGATGAATCCTGTA,1
TAGGATGAATTGAGGA,1
TAGGATGAATGCCTAA,4
TAGGATGACAACCACA,1
TAGGATGAGACTAGTA,1
TAGGATGACAATGGAA,1
TAGGATGACACTTCGA,1
TAGGATGACAGCGTTA,1
TAGGATGACATACCAA,1
TAGGATGACCAGTTCA,8
TAGGATGACCGAAGTA,8
TAGGATGACCGTGAGA,8
TAGGATGACCTCCTGA,8
TAGGATGAAGTGGTCA,4
TAGGATGACGAACTTA,8
TAGGATGACGACTGGA,8
TAGGATGACGCATACA,9
TAGGATGACTCAATGA,9
TAGGATGACTGAGCCA,3
TAGGATGACTGGCATA,3
TAGGATGAGAATCTGA,3
TAGGATGACAAGACTA,3
TAGGATGAGAGCTGAA,9
TAGGATGAGATAGACA,3
TAGGATGAACCACTGT,4
TAGGATGAGCCACATA,3
TAGGATGAGCGAGTAA,3
TAGGATGAGCTAACGA,3
TAGGATGAGCTCGGTA,9
TAGGATGAGGAGAACA,9
TAGGATGAGGTGCGAA,9
TAGGATGAGTACGCAA,8
TAGGATGAGTCGTAGA,8
TAGGATGAGTCTGTCA,8
TAGGATGAGTGTTCTA,3
TAGGATGAACATTGGC,4
TAGGATGATAGGATGA,9
TAGGATGATATCAGCA,9
TAGGATGATCCGTCTA,8
TAGGATGATCTTCACA,8
TAGGATGATGAAGAGA,8
TAGGATGATGGAACAA,8
TAGGATGATGGCTTCA,8
TAGGATGATGGTGGTA,8
TAGGATGATTCACGCA,8
TAGGATGAAACTCACC,8
TAGGATGACAGATCTG,4
TAGGATGAAAGAGATC,8
TAGGATGAAAGGACAC,8
TAGGATGAAATCCGTC,8
TAGGATGAAATGTTGC,8
TAGGATGAACACGACC,8
TAGGATGAACAGATTC,9
TAGGATGAAGATGTAC,9
TAGGATGAAGCACCTC,9
TAGGATGAAGCCATGC,3
TAGGATGAAGGCTAAC,7
TAGGATGACATCAAGT,2
TAGGATGAATAGCGAC,7
TAGGATGAATCATTCC,7
TAGGATGAATTGGCTC,7
TAGGATGACAAGGAGC,7
TAGGATGACACCTTAC,8
TAGGATGACCATCCTC,8
TAGGATGACCGACAAC,8
TAGGATGACCTAATCC,8
TAGGATGACCTCTATC,8
TAGGATGACGACACAC,8
TAGGATGACGCTGATC,2
TAGGATGACGGATTGC,8
TAGGATGACTAAGGTC,8
TAGGATGAGAACAGGC,8
TAGGATGAGACAGTGC,8
TAGGATGAGAGTTAGC,8
TAGGATGAGATGAATC,8
TAGGATGAGCCAAGAC,8
TAGGATGACGGAAGAA,8
TAGGATGAGTGACAAG,8
TAGGATGAGAACCAGA,8
GTGTTCTAAACGTGAT,4
GTGTTCTAACAAGCTA,2
GTGTTCTATTGCTGGA,8
GTGTTCTACTGTAGCC,2
GTGTTCTAAGTACAAG,2
GTGTTCTAAACAACCA,4
GTGTTCTAAACCGAGA,5
GTGTTCTAAACGCTTA,5
GTGTTCTAAAGACGGA,5
GTGTTCTAAAGGTACA,4
GTGTTCTAACACAGAA,5
GTGTTCTAACAGCAGA,5
GTGTTCTAAAACATCG,4
GTGTTCTAACCTCCAA,5
GTGTTCTAACGCTCGA,1
GTGTTCTAACGTATCA,1
GTGTTCTAACTATGCA,1
GTGTTCTAAGAGTCAA,1
GTGTTCTAAGATCGCA,4
GTGTTCTAAGCAGGAA,1
GTGTTCTAAGTCACTA,1
GTGTTCTAATCCTGTA,1
GTGTTCTAATTGAGGA,1
GTGTTCTAATGCCTAA,4
GTGTTCTACAACCACA,1
GTGTTCTAGACTAGTA,1
GTGTTCTACAATGGAA,1
GTGTTCTACACTTCGA,1
GTGTTCTACAGCGTTA,1
GTGTTCTACATACCAA,9
GTGTTCTACCAGTTCA,8
GTGTTCTACCGAAGTA,8
GTGTTCTACCGTGAGA,8
GTGTTCTACCTCCTGA,8
GTGTTCTAAGTGGTCA,4
GTGTTCTACGAACTTA,8
GTGTTCTACGACTGGA,7
GTGTTCTACGCATACA,9
GTGTTCTACTCAATGA,3
GTGTTCTACTGAGCCA,3
GTGTTCTACTGGCATA,3
GTGTTCTAGAATCTGA,3
GTGTTCTACAAGACTA,3
GTGTTCTAGAGCTGAA,9
GTGTTCTAGATAGACA,3
GTGTTCTAACCACTGT,4
GTGTTCTAGCCACATA,3
GTGTTCTAGCGAGTAA,3
GTGTTCTAGCTAACGA,3
GTGTTCTAGCTCGGTA,3
GTGTTCTAGGAGAACA,9
GTGTTCTAGGTGCGAA,9
GTGTTCTAGTACGCAA,9
GTGTTCTAGTCGTAGA,9
GTGTTCTAGTCTGTCA,9
GTGTTCTAGTGTTCTA,9
GTGTTCTAACATTGGC,4
GTGTTCTATAGGATGA,9
GTGTTCTATATCAGCA,9
GTGTTCTATCCGTCTA,9
GTGTTCTATCTTCACA,8
GTGTTCTATGAAGAGA,8
GTGTTCTATGGAACAA,8
GTGTTCTATGGCTTCA,8
GTGTTCTATGGTGGTA,8
GTGTTCTATTCACGCA,8
GTGTTCTAAACTCACC,8
GTGTTCTACAGATCTG,2
GTGTTCTAAAGAGATC,8
GTGTTCTAAAGGACAC,8
GTGTTCTAAATCCGTC,8
GTGTTCTAAATGTTGC,8
GTGTTCTAACACGACC,8
GTGTTCTAACAGATTC,9
GTGTTCTAAGATGTAC,9
GTGTTCTAAGCACCTC,9
GTGTTCTAAGCCATGC,7
GTGTTCTAAGGCTAAC,8
GTGTTCTACATCAAGT,2
GTGTTCTAATAGCGAC,7
GTGTTCTAATCATTCC,7
GTGTTCTAATTGGCTC,7
GTGTTCTACAAGGAGC,7
GTGTTCTACACCTTAC,7
GTGTTCTACCATCCTC,8
GTGTTCTACCGACAAC,8
GTGTTCTACCTAATCC,8
GTGTTCTACCTCTATC,8
GTGTTCTACGACACAC,8
GTGTTCTACGCTGATC,2
GTGTTCTACGGATTGC,8
GTGTTCTACTAAGGTC,8
GTGTTCTAGAACAGGC,8
GTGTTCTAGACAGTGC,8
GTGTTCTAGAGTTAGC,8
GTGTTCTAGATGAATC,8
GTGTTCTAGCCAAGAC,8
GTGTTCTACGGAAGAA,8
GTGTTCTAGTGACAAG,8
GTGTTCTAGAACCAGA,8
GTCTGTCAAACGTGAT,4
GTCTGTCAACAAGCTA,2
GTCTGTCATTGCTGGA,8
GTCTGTCACTGTAGCC,2
GTCTGTCAAGTACAAG,2
GTCTGTCAAACAACCA,2
GTCTGTCAAACCGAGA,5
GTCTGTCAAACGCTTA,5
GTCTGTCAAAGACGGA,5
GTCTGTCAAAGGTACA,4
GTCTGTCAACACAGAA,4
GTCTGTCAACAGCAGA,1
GTCTGTCAAAACATCG,4
GTCTGTCAACCTCCAA,1
GTCTGTCAACGCTCGA,4
GTCTGTCAACGTATCA,1
GTCTGTCAACTATGCA,1
GTCTGTCAAGAGTCAA,1
GTCTGTCAAGATCGCA,1
GTCTGTCAAGCAGGAA,1
GTCTGTCAAGTCACTA,1
GTCTGTCAATCCTGTA,1
GTCTGTCAATTGAGGA,1
GTCTGTCAATGCCTAA,4
GTCTGTCACAACCACA,1
GTCTGTCAGACTAGTA,1
GTCTGTCACAATGGAA,1
GTCTGTCACACTTCGA,1
GTCTGTCACAGCGTTA,1
GTCTGTCACATACCAA,9
GTCTGTCACCAGTTCA,8
GTCTGTCACCGAAGTA,8
GTCTGTCACCGTGAGA,8
GTCTGTCACCTCCTGA,8
GTCTGTCAAGTGGTCA,4
GTCTGTCACGAACTTA,9
GTCTGTCACGACTGGA,3
GTCTGTCACGCATACA,3
GTCTGTCACTCAATGA,3
GTCTGTCACTGAGCCA,3
GTCTGTCACTGGCATA,3
GTCTGTCAGAATCTGA,3
GTCTGTCACAAGACTA,9
GTCTGTCAGAGCTGAA,3
GTCTGTCAGATAGACA,3
GTCTGTCAACCACTGT,2
GTCTGTCAGCCACATA,3
GTCTGTCAGCGAGTAA,3
GTCTGTCAGCTAACGA,3
GTCTGTCAGCTCGGTA,3
GTCTGTCAGGAGAACA,9
GTCTGTCAGGTGCGAA,9
GTCTGTCAGTACGCAA,9
GTCTGTCAGTCGTAGA,9
GTCTGTCAGTCTGTCA,9
GTCTGTCAGTGTTCTA,9
GTCTGTCAACATTGGC,2
GTCTGTCATAGGATGA,9
GTCTGTCATATCAGCA,9
GTCTGTCATCCGTCTA,9
GTCTGTCATCTTCACA,9
GTCTGTCATGAAGAGA,9
GTCTGTCATGGAACAA,8
GTCTGTCATGGCTTCA,8
GTCTGTCATGGTGGTA,8
GTCTGTCATTCACGCA,8
GTCTGTCAAACTCACC,8
GTCTGTCACAGATCTG,4
GTCTGTCAAAGAGATC,8
GTCTGTCAAAGGACAC,8
GTCTGTCAAATCCGTC,8
GTCTGTCAAATGTTGC,8
GTCTGTCAACACGACC,8
GTCTGTCAACAGATTC,8
GTCTGTCAAGATGTAC,3
GTCTGTCAAGCACCTC,8
GTCTGTCAAGCCATGC,9
GTCTGTCAAGGCTAAC,9
GTCTGTCACATCAAGT,2
GTCTGTCAATAGCGAC,8
GTCTGTCAATCATTCC,7
GTCTGTCAATTGGCTC,7
GTCTGTCACAAGGAGC,7
GTCTGTCACACCTTAC,7
GTCTGTCACCATCCTC,7
GTCTGTCACCGACAAC,8
GTCTGTCACCTAATCC,8
GTCTGTCACCTCTATC,8
GTCTGTCACGACACAC,8
GTCTGTCACGCTGATC,2
GTCTGTCACGGATTGC,8
GTCTGTCACTAAGGTC,8
GTCTGTCAGAACAGGC,8
GTCTGTCAGACAGTGC,8
GTCTGTCAGAGTTAGC,8
GTCTGTCAGATGAATC,8
GTCTGTCAGCCAAGAC,8
GTCTGTCACGGAAGAA,8
GTCTGTCAGTGACAAG,8
GTCTGTCAGAACCAGA,8
GTCGTAGAAACGTGAT,4
GTCGTAGAACAAGCTA,2
GTCGTAGATTGCTGGA,8
GTCGTAGACTGTAGCC,2
GTCGTAGAAGTACAAG,2
GTCGTAGAAACAACCA,2
GTCGTAGAAACCGAGA,5
GTCGTAGAAACGCTTA,5
GTCGTAGAAAGACGGA,4
GTCGTAGAAAGGTACA,4
GTCGTAGAACACAGAA,4
GTCGTAGAACAGCAGA,4
GTCGTAGAAAACATCG,4
GTCGTAGAACCTCCAA,1
GTCGTAGAACGCTCGA,1
GTCGTAGAACGTATCA,1
GTCGTAGAACTATGCA,1
GTCGTAGAAGAGTCAA,1
GTCGTAGAAGATCGCA,1
GTCGTAGAAGCAGGAA,1
GTCGTAGAAGTCACTA,1
GTCGTAGAATCCTGTA,1
GTCGTAGAATTGAGGA,1
GTCGTAGAATGCCTAA,4
GTCGTAGACAACCACA,1
GTCGTAGAGACTAGTA,1
GTCGTAGACAATGGAA,1
GTCGTAGACACTTCGA,1
GTCGTAGACAGCGTTA,1
GTCGTAGACATACCAA,8
GTCGTAGACCAGTTCA,8
GTCGTAGACCGAAGTA,8
GTCGTAGACCGTGAGA,9
GTCGTAGACCTCCTGA,3
GTCGTAGAAGTGGTCA,4
GTCGTAGACGAACTTA,9
GTCGTAGACGACTGGA,3
GTCGTAGACGCATACA,3
GTCGTAGACTCAATGA,3
GTCGTAGACTGAGCCA,3
GTCGTAGACTGGCATA,3
GTCGTAGAGAATCTGA,3
GTCGTAGACAAGACTA,3
GTCGTAGAGAGCTGAA,3
GTCGTAGAGATAGACA,3
GTCGTAGAACCACTGT,2
GTCGTAGAGCCACATA,3
GTCGTAGAGCGAGTAA,3
GTCGTAGAGCTAACGA,3
GTCGTAGAGCTCGGTA,3
GTCGTAGAGGAGAACA,9
GTCGTAGAGGTGCGAA,9
GTCGTAGAGTACGCAA,9
GTCGTAGAGTCGTAGA,9
GTCGTAGAGTCTGTCA,9
GTCGTAGAGTGTTCTA,3
GTCGTAGAACATTGGC,2
GTCGTAGATAGGATGA,9
GTCGTAGATATCAGCA,9
GTCGTAGATCCGTCTA,9
GTCGTAGATCTTCACA,9
GTCGTAGATGAAGAGA,9
GTCGTAGATGGAACAA,9
GTCGTAGATGGCTTCA,9
GTCGTAGATGGTGGTA,8
GTCGTAGATTCACGCA,8
GTCGTAGAAACTCACC,8
GTCGTAGACAGATCTG,2
GTCGTAGAAAGAGATC,8
GTCGTAGAAAGGACAC,8
GTCGTAGAAATCCGTC,8
GTCGTAGAAATGTTGC,8
GTCGTAGAACACGACC,8
GTCGTAGAACAGATTC,8
GTCGTAGAAGATGTAC,9
GTCGTAGAAGCACCTC,9
GTCGTAGAAGCCATGC,3
GTCGTAGAAGGCTAAC,6
GTCGTAGACATCAAGT,2
GTCGTAGAATAGCGAC,7
GTCGTAGAATCATTCC,7
GTCGTAGAATTGGCTC,7
GTCGTAGACAAGGAGC,7
GTCGTAGACACCTTAC,7
GTCGTAGACCATCCTC,7
GTCGTAGACCGACAAC,8
GTCGTAGACCTAATCC,8
GTCGTAGACCTCTATC,8
GTCGTAGACGACACAC,8
GTCGTAGACGCTGATC,2
GTCGTAGACGGATTGC,8
GTCGTAGACTAAGGTC,8
GTCGTAGAGAACAGGC,8
GTCGTAGAGACAGTGC,8
GTCGTAGAGAGTTAGC,8
GTCGTAGAGATGAATC,8
GTCGTAGAGCCAAGAC,8
GTCGTAGACGGAAGAA,8
GTCGTAGAGTGACAAG,8
GTCGTAGAGAACCAGA,8
GTACGCAAAACGTGAT,4
GTACGCAAACAAGCTA,2
GTACGCAATTGCTGGA,8
GTACGCAACTGTAGCC,2
GTACGCAAAGTACAAG,2
GTACGCAAAACAACCA,2
GTACGCAAAACCGAGA,4
GTACGCAAAACGCTTA,4
GTACGCAAAAGACGGA,4
GTACGCAAAAGGTACA,4
GTACGCAAACACAGAA,1
GTACGCAAACAGCAGA,4
GTACGCAAAAACATCG,4
GTACGCAAACCTCCAA,4
GTACGCAAACGCTCGA,1
GTACGCAAACGTATCA,1
GTACGCAAACTATGCA,1
GTACGCAAAGAGTCAA,1
GTACGCAAAGATCGCA,1
GTACGCAAAGCAGGAA,1
GTACGCAAAGTCACTA,1
GTACGCAAATCCTGTA,1
GTACGCAAATTGAGGA,1
GTACGCAAATGCCTAA,4
GTACGCAACAACCACA,1
GTACGCAAGACTAGTA,1
GTACGCAACAATGGAA,1
GTACGCAACACTTCGA,1
GTACGCAACAGCGTTA,8
GTACGCAACATACCAA,8
GTACGCAACCAGTTCA,8
GTACGCAACCGAAGTA,3
GTACGCAACCGTGAGA,9
GTACGCAACCTCCTGA,9
GTACGCAAAGTGGTCA,4
GTACGCAACGAACTTA,3
GTACGCAACGACTGGA,3
GTACGCAACGCATACA,3
GTACGCAACTCAATGA,3
GTACGCAACTGAGCCA,3
GTACGCAACTGGCATA,3
GTACGCAAGAATCTGA,9
GTACGCAACAAGACTA,9
GTACGCAAGAGCTGAA,3
GTACGCAAGATAGACA,3
GTACGCAAACCACTGT,2
GTACGCAAGCCACATA,3
GTACGCAAGCGAGTAA,3
GTACGCAAGCTAACGA,3
GTACGCAAGCTCGGTA,9
GTACGCAAGGAGAACA,9
GTACGCAAGGTGCGAA,9
GTACGCAAGTACGCAA,9
GTACGCAAGTCGTAGA,9
GTACGCAAGTCTGTCA,9
GTACGCAAGTGTTCTA,3
GTACGCAAACATTGGC,2
GTACGCAATAGGATGA,3
GTACGCAATATCAGCA,3
GTACGCAATCCGTCTA,9
GTACGCAATCTTCACA,9
GTACGCAATGAAGAGA,9
GTACGCAATGGAACAA,9
GTACGCAATGGCTTCA,9
GTACGCAATGGTGGTA,8
GTACGCAATTCACGCA,8
GTACGCAAAACTCACC,9
GTACGCAACAGATCTG,2
GTACGCAAAAGAGATC,8
GTACGCAAAAGGACAC,9
GTACGCAAAATCCGTC,9
GTACGCAAAATGTTGC,9
GTACGCAAACACGACC,9
GTACGCAAACAGATTC,9
GTACGCAAAGATGTAC,8
GTACGCAAAGCACCTC,3
GTACGCAAAGCCATGC,9
GTACGCAAAGGCTAAC,1
GTACGCAACATCAAGT,2
GTACGCAAATAGCGAC,7
GTACGCAAATCATTCC,7
GTACGCAAATTGGCTC,7
GTACGCAACAAGGAGC,7
GTACGCAACACCTTAC,7
GTACGCAACCATCCTC,7
GTACGCAACCGACAAC,6
GTACGCAACCTAATCC,8
GTACGCAACCTCTATC,8
GTACGCAACGACACAC,8
GTACGCAACGCTGATC,2
GTACGCAACGGATTGC,8
GTACGCAACTAAGGTC,8
GTACGCAAGAACAGGC,8
GTACGCAAGACAGTGC,8
GTACGCAAGAGTTAGC,8
GTACGCAAGATGAATC,8
GTACGCAAGCCAAGAC,8
GTACGCAACGGAAGAA,8
GTACGCAAGTGACAAG,8
GTACGCAAGAACCAGA,8
GGTGCGAAAACGTGAT,4
GGTGCGAAACAAGCTA,2
GGTGCGAATTGCTGGA,8
GGTGCGAACTGTAGCC,2
GGTGCGAAAGTACAAG,2
GGTGCGAAAACAACCA,2
GGTGCGAAAACCGAGA,4
GGTGCGAAAACGCTTA,4
GGTGCGAAAAGACGGA,4
GGTGCGAAAAGGTACA,4
GGTGCGAAACACAGAA,4
GGTGCGAAACAGCAGA,4
GGTGCGAAAAACATCG,4
GGTGCGAAACCTCCAA,4
GGTGCGAAACGCTCGA,1
GGTGCGAAACGTATCA,1
GGTGCGAAACTATGCA,1
GGTGCGAAAGAGTCAA,1
GGTGCGAAAGATCGCA,1
GGTGCGAAAGCAGGAA,1
GGTGCGAAAGTCACTA,1
GGTGCGAAATCCTGTA,1
GGTGCGAAATTGAGGA,1
GGTGCGAAATGCCTAA,4
GGTGCGAACAACCACA,1
GGTGCGAAGACTAGTA,1
GGTGCGAACAATGGAA,1
GGTGCGAACACTTCGA,1
GGTGCGAACAGCGTTA,8
GGTGCGAACATACCAA,9
GGTGCGAACCAGTTCA,8
GGTGCGAACCGAAGTA,9
GGTGCGAACCGTGAGA,3
GGTGCGAACCTCCTGA,3
GGTGCGAAAGTGGTCA,4
GGTGCGAACGAACTTA,3
GGTGCGAACGACTGGA,3
GGTGCGAACGCATACA,3
GGTGCGAACTCAATGA,3
GGTGCGAACTGAGCCA,3
GGTGCGAACTGGCATA,3
GGTGCGAAGAATCTGA,3
GGTGCGAACAAGACTA,8
GGTGCGAAGAGCTGAA,3
GGTGCGAAGATAGACA,3
GGTGCGAAACCACTGT,2
GGTGCGAAGCCACATA,3
GGTGCGAAGCGAGTAA,3
GGTGCGAAGCTAACGA,3
GGTGCGAAGCTCGGTA,3
GGTGCGAAGGAGAACA,3
GGTGCGAAGGTGCGAA,3
GGTGCGAAGTACGCAA,3
GGTGCGAAGTCGTAGA,9
GGTGCGAAGTCTGTCA,9
GGTGCGAAGTGTTCTA,3
GGTGCGAAACATTGGC,2
GGTGCGAATAGGATGA,3
GGTGCGAATATCAGCA,9
GGTGCGAATCCGTCTA,3
GGTGCGAATCTTCACA,9
GGTGCGAATGAAGAGA,9
GGTGCGAATGGAACAA,9
GGTGCGAATGGCTTCA,8
GGTGCGAATGGTGGTA,8
GGTGCGAATTCACGCA,8
GGTGCGAAAACTCACC,9
GGTGCGAACAGATCTG,2
GGTGCGAAAAGAGATC,9
GGTGCGAAAAGGACAC,9
GGTGCGAAAATCCGTC,9
GGTGCGAAAATGTTGC,9
GGTGCGAAACACGACC,9
GGTGCGAAACAGATTC,9
GGTGCGAAAGATGTAC,9
GGTGCGAAAGCACCTC,9
GGTGCGAAAGCCATGC,6
GGTGCGAAAGGCTAAC,1
GGTGCGAACATCAAGT,2
GGTGCGAAATAGCGAC,7
GGTGCGAAATCATTCC,7
GGTGCGAAATTGGCTC,7
GGTGCGAACAAGGAGC,7
GGTGCGAACACCTTAC,7
GGTGCGAACCATCCTC,8
GGTGCGAACCGACAAC,1
GGTGCGAACCTAATCC,6
GGTGCGAACCTCTATC,1
GGTGCGAACGACACAC,6
GGTGCGAACGCTGATC,2
GGTGCGAACGGATTGC,8
GGTGCGAACTAAGGTC,8
GGTGCGAAGAACAGGC,8
GGTGCGAAGACAGTGC,8
GGTGCGAAGAGTTAGC,8
GGTGCGAAGATGAATC,8
GGTGCGAAGCCAAGAC,8
GGTGCGAACGGAAGAA,8
GGTGCGAAGTGACAAG,8
GGTGCGAAGAACCAGA,8
GGAGAACAAACGTGAT,4
GGAGAACAACAAGCTA,2
GGAGAACATTGCTGGA,1
GGAGAACACTGTAGCC,2
GGAGAACAAGTACAAG,2
GGAGAACAAACAACCA,2
GGAGAACAAACCGAGA,4
GGAGAACAAACGCTTA,4
GGAGAACAAAGACGGA,4
GGAGAACAAAGGTACA,4
GGAGAACAACACAGAA,4
GGAGAACAACAGCAGA,4
GGAGAACAAAACATCG,4
GGAGAACAACCTCCAA,1
GGAGAACAACGCTCGA,1
GGAGAACAACGTATCA,1
GGAGAACAACTATGCA,1
GGAGAACAAGAGTCAA,1
GGAGAACAAGATCGCA,1
GGAGAACAAGCAGGAA,1
GGAGAACAAGTCACTA,1
GGAGAACAATCCTGTA,1
GGAGAACAATTGAGGA,1
GGAGAACAATGCCTAA,4
GGAGAACACAACCACA,1
GGAGAACAGACTAGTA,1
GGAGAACACAATGGAA,1
GGAGAACACACTTCGA,8
GGAGAACACAGCGTTA,8
GGAGAACACATACCAA,8
GGAGAACACCAGTTCA,9
GGAGAACACCGAAGTA,9
GGAGAACACCGTGAGA,3
GGAGAACACCTCCTGA,3
GGAGAACAAGTGGTCA,4
GGAGAACACGAACTTA,3
GGAGAACACGACTGGA,3
GGAGAACACGCATACA,3
GGAGAACACTCAATGA,3
GGAGAACACTGAGCCA,3
GGAGAACACTGGCATA,3
GGAGAACAGAATCTGA,3
GGAGAACACAAGACTA,8
GGAGAACAGAGCTGAA,4
GGAGAACAGATAGACA,3
GGAGAACAACCACTGT,2
GGAGAACAGCCACATA,3
GGAGAACAGCGAGTAA,3
GGAGAACAGCTAACGA,3
GGAGAACAGCTCGGTA,3
GGAGAACAGGAGAACA,3
GGAGAACAGGTGCGAA,3
GGAGAACAGTACGCAA,9
GGAGAACAGTCGTAGA,3
GGAGAACAGTCTGTCA,9
GGAGAACAGTGTTCTA,3
GGAGAACAACATTGGC,2
GGAGAACATAGGATGA,3
GGAGAACATATCAGCA,3
GGAGAACATCCGTCTA,9
GGAGAACATCTTCACA,9
GGAGAACATGAAGAGA,9
GGAGAACATGGAACAA,9
GGAGAACATGGCTTCA,8
GGAGAACATGGTGGTA,9
GGAGAACATTCACGCA,9
GGAGAACAAACTCACC,9
GGAGAACACAGATCTG,2
GGAGAACAAAGAGATC,9
GGAGAACAAAGGACAC,9
GGAGAACAAATCCGTC,3
GGAGAACAAATGTTGC,9
GGAGAACAACACGACC,9
GGAGAACAACAGATTC,9
GGAGAACAAGATGTAC,9
GGAGAACAAGCACCTC,3
GGAGAACAAGCCATGC,6
GGAGAACAAGGCTAAC,3
GGAGAACACATCAAGT,2
GGAGAACAATAGCGAC,7
GGAGAACAATCATTCC,7
GGAGAACAATTGGCTC,7
GGAGAACACAAGGAGC,7
GGAGAACACACCTTAC,6
GGAGAACACCATCCTC,8
GGAGAACACCGACAAC,6
GGAGAACACCTAATCC,6
GGAGAACACCTCTATC,1
GGAGAACACGACACAC,4
GGAGAACACGCTGATC,2
GGAGAACACGGATTGC,6
GGAGAACACTAAGGTC,9
GGAGAACAGAACAGGC,9
GGAGAACAGACAGTGC,8
GGAGAACAGAGTTAGC,8
GGAGAACAGATGAATC,8
GGAGAACAGCCAAGAC,8
GGAGAACACGGAAGAA,8
GGAGAACAGTGACAAG,8
GGAGAACAGAACCAGA,8
GCTCGGTAAACGTGAT,4
GCTCGGTAACAAGCTA,2
GCTCGGTATTGCTGGA,8
GCTCGGTACTGTAGCC,2
GCTCGGTAAGTACAAG,4
GCTCGGTAAACAACCA,4
GCTCGGTAAACCGAGA,4
GCTCGGTAAACGCTTA,4
GCTCGGTAAAGACGGA,4
GCTCGGTAAAGGTACA,4
GCTCGGTAACACAGAA,4
GCTCGGTAACAGCAGA,1
GCTCGGTAAAACATCG,4
GCTCGGTAACCTCCAA,4
GCTCGGTAACGCTCGA,1
GCTCGGTAACGTATCA,1
GCTCGGTAACTATGCA,1
GCTCGGTAAGAGTCAA,1
GCTCGGTAAGATCGCA,1
GCTCGGTAAGCAGGAA,1
GCTCGGTAAGTCACTA,1
GCTCGGTAATCCTGTA,1
GCTCGGTAATTGAGGA,1
GCTCGGTAATGCCTAA,4
GCTCGGTACAACCACA,1
GCTCGGTAGACTAGTA,1
GCTCGGTACAATGGAA,8
GCTCGGTACACTTCGA,8
GCTCGGTACAGCGTTA,8
GCTCGGTACATACCAA,9
GCTCGGTACCAGTTCA,3
GCTCGGTACCGAAGTA,3
GCTCGGTACCGTGAGA,3
GCTCGGTACCTCCTGA,3
GCTCGGTAAGTGGTCA,4
GCTCGGTACGAACTTA,3
GCTCGGTACGACTGGA,3
GCTCGGTACGCATACA,3
GCTCGGTACTCAATGA,3
GCTCGGTACTGAGCCA,3
GCTCGGTACTGGCATA,3
GCTCGGTAGAATCTGA,4
GCTCGGTACAAGACTA,3
GCTCGGTAGAGCTGAA,9
GCTCGGTAGATAGACA,3
GCTCGGTAACCACTGT,4
GCTCGGTAGCCACATA,3
GCTCGGTAGCGAGTAA,3
GCTCGGTAGCTAACGA,3
GCTCGGTAGCTCGGTA,3
GCTCGGTAGGAGAACA,3
GCTCGGTAGGTGCGAA,3
GCTCGGTAGTACGCAA,3
GCTCGGTAGTCGTAGA,3
GCTCGGTAGTCTGTCA,3
GCTCGGTAGTGTTCTA,3
GCTCGGTAACATTGGC,2
GCTCGGTATAGGATGA,3
GCTCGGTATATCAGCA,9
GCTCGGTATCCGTCTA,3
GCTCGGTATCTTCACA,3
GCTCGGTATGAAGAGA,9
GCTCGGTATGGAACAA,6
GCTCGGTATGGCTTCA,9
GCTCGGTATGGTGGTA,9
GCTCGGTATTCACGCA,9
GCTCGGTAAACTCACC,9
GCTCGGTACAGATCTG,2
GCTCGGTAAAGAGATC,9
GCTCGGTAAAGGACAC,3
GCTCGGTAAATCCGTC,3
GCTCGGTAAATGTTGC,3
GCTCGGTAACACGACC,9
GCTCGGTAACAGATTC,9
GCTCGGTAAGATGTAC,7
GCTCGGTAAGCACCTC,9
GCTCGGTAAGCCATGC,1
GCTCGGTAAGGCTAAC,3
GCTCGGTACATCAAGT,2
GCTCGGTAATAGCGAC,7
GCTCGGTAATCATTCC,7
GCTCGGTAATTGGCTC,7
GCTCGGTACAAGGAGC,7
GCTCGGTACACCTTAC,8
GCTCGGTACCATCCTC,6
GCTCGGTACCGACAAC,6
GCTCGGTACCTAATCC,6
GCTCGGTACCTCTATC,6
GCTCGGTACGACACAC,6
GCTCGGTACGCTGATC,2
GCTCGGTACGGATTGC,6
GCTCGGTACTAAGGTC,6
GCTCGGTAGAACAGGC,6
GCTCGGTAGACAGTGC,6
GCTCGGTAGAGTTAGC,6
GCTCGGTAGATGAATC,6
GCTCGGTAGCCAAGAC,6
GCTCGGTACGGAAGAA,9
GCTCGGTAGTGACAAG,8
GCTCGGTAGAACCAGA,8
GCTAACGAAACGTGAT,4
GCTAACGAACAAGCTA,2
GCTAACGATTGCTGGA,8
GCTAACGACTGTAGCC,2
GCTAACGAAGTACAAG,4
GCTAACGAAACAACCA,4
GCTAACGAAACCGAGA,4
GCTAACGAAACGCTTA,4
GCTAACGAAAGACGGA,4
GCTAACGAAAGGTACA,1
GCTAACGAACACAGAA,5
GCTAACGAACAGCAGA,2
GCTAACGAAAACATCG,4
GCTAACGAACCTCCAA,4
GCTAACGAACGCTCGA,1
GCTAACGAACGTATCA,1
GCTAACGAACTATGCA,1
GCTAACGAAGAGTCAA,1
GCTAACGAAGATCGCA,1
GCTAACGAAGCAGGAA,1
GCTAACGAAGTCACTA,1
GCTAACGAATCCTGTA,1
GCTAACGAATTGAGGA,1
GCTAACGAATGCCTAA,4
GCTAACGACAACCACA,1
GCTAACGAGACTAGTA,1
GCTAACGACAATGGAA,8
GCTAACGACACTTCGA,8
GCTAACGACAGCGTTA,9
GCTAACGACATACCAA,9
GCTAACGACCAGTTCA,9
GCTAACGACCGAAGTA,3
GCTAACGACCGTGAGA,3
GCTAACGACCTCCTGA,3
GCTAACGAAGTGGTCA,4
GCTAACGACGAACTTA,3
GCTAACGACGACTGGA,3
GCTAACGACGCATACA,3
GCTAACGACTCAATGA,3
GCTAACGACTGAGCCA,3
GCTAACGACTGGCATA,3
GCTAACGAGAATCTGA,3
GCTAACGACAAGACTA,3
GCTAACGAGAGCTGAA,3
GCTAACGAGATAGACA,3
GCTAACGAACCACTGT,4
GCTAACGAGCCACATA,9
GCTAACGAGCGAGTAA,3
GCTAACGAGCTAACGA,3
GCTAACGAGCTCGGTA,3
GCTAACGAGGAGAACA,3
GCTAACGAGGTGCGAA,3
GCTAACGAGTACGCAA,3
GCTAACGAGTCGTAGA,3
GCTAACGAGTCTGTCA,3
GCTAACGAGTGTTCTA,9
GCTAACGAACATTGGC,4
GCTAACGATAGGATGA,3
GCTAACGATATCAGCA,3
GCTAACGATCCGTCTA,9
GCTAACGATCTTCACA,3
GCTAACGATGAAGAGA,3
GCTAACGATGGAACAA,3
GCTAACGATGGCTTCA,9
GCTAACGATGGTGGTA,9
GCTAACGATTCACGCA,9
GCTAACGAAACTCACC,9
GCTAACGACAGATCTG,2
GCTAACGAAAGAGATC,9
GCTAACGAAAGGACAC,3
GCTAACGAAATCCGTC,3
GCTAACGAAATGTTGC,3
GCTAACGAACACGACC,9
GCTAACGAACAGATTC,9
GCTAACGAAGATGTAC,9
GCTAACGAAGCACCTC,3
GCTAACGAAGCCATGC,3
GCTAACGAAGGCTAAC,3
GCTAACGACATCAAGT,2
GCTAACGAATAGCGAC,7
GCTAACGAATCATTCC,7
GCTAACGAATTGGCTC,7
GCTAACGACAAGGAGC,7
GCTAACGACACCTTAC,6
GCTAACGACCATCCTC,8
GCTAACGACCGACAAC,6
GCTAACGACCTAATCC,6
GCTAACGACCTCTATC,6
GCTAACGACGACACAC,6
GCTAACGACGCTGATC,2
GCTAACGACGGATTGC,6
GCTAACGACTAAGGTC,6
GCTAACGAGAACAGGC,6
GCTAACGAGACAGTGC,6
GCTAACGAGAGTTAGC,6
GCTAACGAGATGAATC,6
GCTAACGAGCCAAGAC,6
GCTAACGACGGAAGAA,6
GCTAACGAGTGACAAG,6
GCTAACGAGAACCAGA,6
CGGAAGAATTGCTGGA,4
CGGAAGAAAGAGTCAA,5
CGGAAGAAAGATCGCA,5
CGGAAGAAAGCAGGAA,5
CGGAAGAAAGTCACTA,5
CGGAAGAAATCCTGTA,4
CGGAAGAAATTGAGGA,5
CGGAAGAACAACCACA,4
CGGAAGAAGACTAGTA,4
CGGAAGAACAATGGAA,4
CGGAAGAACACTTCGA,4
CGGAAGAACAGCGTTA,4
CGGAAGAACATACCAA,4
CGGAAGAACCAGTTCA,4
CGGAAGAACCGAAGTA,4
CGGAAGAACCGTGAGA,4
CGGAAGAACCTCCTGA,4
CGGAAGAACGAACTTA,4
CGGAAGAACGACTGGA,4
CGGAAGAACGCATACA,4
CGGAAGAACTCAATGA,4
CGGAAGAACTGAGCCA,4
CGGAAGAACTGGCATA,4
CGGAAGAAGAATCTGA,2
CGGAAGAACAAGACTA,2
CGGAAGAAGAGCTGAA,2
CGGAAGAAGATAGACA,2
CGGAAGAAGCCACATA,2
CGGAAGAAGCGAGTAA,1
CGGAAGAAGCTAACGA,4
CGGAAGAAGCTCGGTA,1
CGGAAGAAGGAGAACA,1
CGGAAGAAGGTGCGAA,1
CGGAAGAAGTACGCAA,4
CGGAAGAAGTCGTAGA,1
CGGAAGAAGTCTGTCA,1
CGGAAGAAGTGTTCTA,1
CGGAAGAATAGGATGA,1
CGGAAGAATATCAGCA,1
CGGAAGAATCCGTCTA,4
CGGAAGAATCTTCACA,2
CGGAAGAATGAAGAGA,1
CGGAAGAATGGAACAA,4
CGGAAGAATGGCTTCA,1
CGGAAGAATGGTGGTA,4
CGGAAGAATTCACGCA,1
CGGAAGAAAACTCACC,1
CGGAAGAAAAGAGATC,1
CGGAAGAAAAGGACAC,1
CGGAAGAAAATCCGTC,1
CGGAAGAAAATGTTGC,1
CGGAAGAAACACGACC,1
CGGAAGAAACAGATTC,1
CGGAAGAAAGATGTAC,1
CGGAAGAAAGCACCTC,1
CGGAAGAAAGCCATGC,1
CGGAAGAAAGGCTAAC,1
CGGAAGAAATAGCGAC,1
CGGAAGAAATCATTCC,1
CGGAAGAAATTGGCTC,1
CGGAAGAACAAGGAGC,1
CGGAAGAACACCTTAC,1
CGGAAGAACCATCCTC,1
CGGAAGAACCGACAAC,1
CGGAAGAACCTAATCC,1
CGGAAGAACCTCTATC,1
CGGAAGAACGACACAC,2
CGGAAGAACGGATTGC,2
CGGAAGAACTAAGGTC,2
CGGAAGAAGAACAGGC,4
CGGAAGAAGACAGTGC,4
CGGAAGAAGAGTTAGC,4
CGGAAGAAGATGAATC,5
CGGAAGAAGCCAAGAC,5
CGGAAGAACGGAAGAA,5
CGGAAGAAGTGACAAG,5
CGGAAGAAGAACCAGA,5
GCGAGTAAAACGTGAT,4
GCGAGTAAACAAGCTA,2
GCGAGTAATTGCTGGA,6
GCGAGTAACTGTAGCC,4
GCGAGTAAAGTACAAG,4
GCGAGTAAAACAACCA,4
GCGAGTAAAACCGAGA,5
GCGAGTAAAACGCTTA,5
GCGAGTAAAAGACGGA,1
GCGAGTAAAAGGTACA,1
GCGAGTAAACACAGAA,1
GCGAGTAAACAGCAGA,4
GCGAGTAAAAACATCG,1
GCGAGTAAACCTCCAA,4
GCGAGTAAACGCTCGA,1
GCGAGTAAACGTATCA,1
GCGAGTAAACTATGCA,1
GCGAGTAAAGAGTCAA,1
GCGAGTAAAGATCGCA,1
GCGAGTAAAGCAGGAA,1
GCGAGTAAAGTCACTA,1
GCGAGTAAATCCTGTA,1
GCGAGTAAATTGAGGA,1
GCGAGTAAATGCCTAA,4
GCGAGTAACAACCACA,1
GCGAGTAAGACTAGTA,1
GCGAGTAACAATGGAA,5
GCGAGTAACACTTCGA,8
GCGAGTAACAGCGTTA,9
GCGAGTAACATACCAA,9
GCGAGTAACCAGTTCA,9
GCGAGTAACCGAAGTA,3
GCGAGTAACCGTGAGA,3
GCGAGTAACCTCCTGA,3
GCGAGTAAAGTGGTCA,4
GCGAGTAACGAACTTA,3
GCGAGTAACGACTGGA,3
GCGAGTAACGCATACA,3
GCGAGTAACTCAATGA,3
GCGAGTAACTGAGCCA,3
GCGAGTAACTGGCATA,3
GCGAGTAAGAATCTGA,3
GCGAGTAACAAGACTA,9
GCGAGTAAGAGCTGAA,1
GCGAGTAAGATAGACA,3
GCGAGTAAACCACTGT,4
GCGAGTAAGCCACATA,1
GCGAGTAAGCGAGTAA,9
GCGAGTAAGCTAACGA,3
GCGAGTAAGCTCGGTA,3
GCGAGTAAGGAGAACA,3
GCGAGTAAGGTGCGAA,3
GCGAGTAAGTACGCAA,3
GCGAGTAAGTCGTAGA,3
GCGAGTAAGTCTGTCA,3
GCGAGTAAGTGTTCTA,3
GCGAGTAAACATTGGC,4
GCGAGTAATAGGATGA,3
GCGAGTAATATCAGCA,8
GCGAGTAATCCGTCTA,3
GCGAGTAATCTTCACA,9
GCGAGTAATGAAGAGA,3
GCGAGTAATGGAACAA,9
GCGAGTAATGGCTTCA,3
GCGAGTAATGGTGGTA,9
GCGAGTAATTCACGCA,9
GCGAGTAAAACTCACC,9
GCGAGTAACAGATCTG,2
GCGAGTAAAAGAGATC,9
GCGAGTAAAAGGACAC,9
GCGAGTAAAATCCGTC,3
GCGAGTAAAATGTTGC,3
GCGAGTAAACACGACC,9
GCGAGTAAACAGATTC,9
GCGAGTAAAGATGTAC,3
GCGAGTAAAGCACCTC,3
GCGAGTAAAGCCATGC,9
GCGAGTAAAGGCTAAC,8
GCGAGTAACATCAAGT,2
GCGAGTAAATAGCGAC,7
GCGAGTAAATCATTCC,7
GCGAGTAAATTGGCTC,7
GCGAGTAACAAGGAGC,7
GCGAGTAACACCTTAC,6
GCGAGTAACCATCCTC,6
GCGAGTAACCGACAAC,6
GCGAGTAACCTAATCC,6
GCGAGTAACCTCTATC,6
GCGAGTAACGACACAC,6
GCGAGTAACGCTGATC,2
GCGAGTAACGGATTGC,6
GCGAGTAACTAAGGTC,6
GCGAGTAAGAACAGGC,6
GCGAGTAAGACAGTGC,6
GCGAGTAAGAGTTAGC,6
GCGAGTAAGATGAATC,6
GCGAGTAAGCCAAGAC,6
GCGAGTAACGGAAGAA,6
GCGAGTAAGTGACAAG,6
GCGAGTAAGAACCAGA,6
GCCACATAAACGTGAT,4
GCCACATAACAAGCTA,2
GCCACATATTGCTGGA,6
GCCACATACTGTAGCC,2
GCCACATAAGTACAAG,4
GCCACATAAACAACCA,4
GCCACATAAACCGAGA,5
GCCACATAAACGCTTA,1
GCCACATAAAGACGGA,1
GCCACATAAAGGTACA,1
GCCACATAACACAGAA,1
GCCACATAACAGCAGA,1
GCCACATAAAACATCG,4
GCCACATAACCTCCAA,1
GCCACATAACGCTCGA,4
GCCACATAACGTATCA,1
GCCACATAACTATGCA,1
GCCACATAAGAGTCAA,1
GCCACATAAGATCGCA,1
GCCACATAAGCAGGAA,1
GCCACATAAGTCACTA,1
GCCACATAATCCTGTA,1
GCCACATAATTGAGGA,1
GCCACATAATGCCTAA,4
GCCACATACAACCACA,1
GCCACATAGACTAGTA,1
GCCACATACAATGGAA,8
GCCACATACACTTCGA,8
GCCACATACAGCGTTA,9
GCCACATACATACCAA,9
GCCACATACCAGTTCA,3
GCCACATACCGAAGTA,3
GCCACATACCGTGAGA,3
GCCACATACCTCCTGA,3
GCCACATAAGTGGTCA,4
GCCACATACGAACTTA,3
GCCACATACGACTGGA,3
GCCACATACGCATACA,3
GCCACATACTCAATGA,3
GCCACATACTGAGCCA,3
GCCACATACTGGCATA,3
GCCACATAGAATCTGA,3
GCCACATACAAGACTA,3
GCCACATAGAGCTGAA,3
GCCACATAGATAGACA,3
GCCACATAACCACTGT,4
GCCACATAGCCACATA,3
GCCACATAGCGAGTAA,3
GCCACATAGCTAACGA,3
GCCACATAGCTCGGTA,1
GCCACATAGGAGAACA,3
GCCACATAGGTGCGAA,3
GCCACATAGTACGCAA,3
GCCACATAGTCGTAGA,3
GCCACATAGTCTGTCA,3
GCCACATAGTGTTCTA,3
GCCACATAACATTGGC,4
GCCACATATAGGATGA,3
GCCACATATATCAGCA,3
GCCACATATCCGTCTA,3
GCCACATATCTTCACA,3
GCCACATATGAAGAGA,3
GCCACATATGGAACAA,3
GCCACATATGGCTTCA,3
GCCACATATGGTGGTA,9
GCCACATATTCACGCA,9
GCCACATAAACTCACC,9
GCCACATACAGATCTG,2
GCCACATAAAGAGATC,9
GCCACATAAAGGACAC,9
GCCACATAAATCCGTC,9
GCCACATAAATGTTGC,9
GCCACATAACACGACC,9
GCCACATAACAGATTC,9
GCCACATAAGATGTAC,3
GCCACATAAGCACCTC,3
GCCACATAAGCCATGC,3
GCCACATAAGGCTAAC,9
GCCACATACATCAAGT,2
GCCACATAATAGCGAC,7
GCCACATAATCATTCC,7
GCCACATAATTGGCTC,7
GCCACATACAAGGAGC,7
GCCACATACACCTTAC,6
GCCACATACCATCCTC,6
GCCACATACCGACAAC,6
GCCACATACCTAATCC,6
GCCACATACCTCTATC,6
GCCACATACGACACAC,6
GCCACATACGCTGATC,2
GCCACATACGGATTGC,6
GCCACATACTAAGGTC,6
GCCACATAGAACAGGC,6
GCCACATAGACAGTGC,6
GCCACATAGAGTTAGC,6
GCCACATAGATGAATC,6
GCCACATAGCCAAGAC,6
GCCACATACGGAAGAA,6
GCCACATAGTGACAAG,6
GCCACATAGAACCAGA,6
GATAGACAAACGTGAT,4
GATAGACAACAAGCTA,2
GATAGACATTGCTGGA,6
GATAGACACTGTAGCC,4
GATAGACAAGTACAAG,4
GATAGACAAACAACCA,5
GATAGACAAACCGAGA,5
GATAGACAAACGCTTA,1
GATAGACAAAGACGGA,1
GATAGACAAAGGTACA,1
GATAGACAACACAGAA,1
GATAGACAACAGCAGA,1
GATAGACAAAACATCG,4
GATAGACAACCTCCAA,1
GATAGACAACGCTCGA,1
GATAGACAACGTATCA,1
GATAGACAACTATGCA,1
GATAGACAAGAGTCAA,1
GATAGACAAGATCGCA,1
GATAGACAAGCAGGAA,1
GATAGACAAGTCACTA,1
GATAGACAATCCTGTA,1
GATAGACAATTGAGGA,1
GATAGACAATGCCTAA,4
GATAGACACAACCACA,1
GATAGACAGACTAGTA,9
GATAGACACAATGGAA,8
GATAGACACACTTCGA,8
GATAGACACAGCGTTA,8
GATAGACACATACCAA,9
GATAGACACCAGTTCA,3
GATAGACACCGAAGTA,3
GATAGACACCGTGAGA,3
GATAGACACCTCCTGA,3
GATAGACAAGTGGTCA,4
GATAGACACGAACTTA,3
GATAGACACGACTGGA,3
GATAGACACGCATACA,3
GATAGACACTCAATGA,3
GATAGACACTGAGCCA,3
GATAGACACTGGCATA,3
GATAGACAGAATCTGA,3
GATAGACACAAGACTA,3
GATAGACAGAGCTGAA,3
GATAGACAGATAGACA,3
GATAGACAACCACTGT,4
GATAGACAGCCACATA,3
GATAGACAGCGAGTAA,4
GATAGACAGCTAACGA,3
GATAGACAGCTCGGTA,1
GATAGACAGGAGAACA,3
GATAGACAGGTGCGAA,3
GATAGACAGTACGCAA,3
GATAGACAGTCGTAGA,3
GATAGACAGTCTGTCA,3
GATAGACAGTGTTCTA,3
GATAGACAACATTGGC,2
GATAGACATAGGATGA,3
GATAGACATATCAGCA,3
GATAGACATCCGTCTA,3
GATAGACATCTTCACA,3
GATAGACATGAAGAGA,3
GATAGACATGGAACAA,6
GATAGACATGGCTTCA,3
GATAGACATGGTGGTA,1
GATAGACATTCACGCA,6
GATAGACAAACTCACC,9
GATAGACACAGATCTG,2
GATAGACAAAGAGATC,9
GATAGACAAAGGACAC,9
GATAGACAAATCCGTC,9
GATAGACAAATGTTGC,9
GATAGACAACACGACC,9
GATAGACAACAGATTC,9
GATAGACAAGATGTAC,3
GATAGACAAGCACCTC,3
GATAGACAAGCCATGC,3
GATAGACAAGGCTAAC,7
GATAGACACATCAAGT,2
GATAGACAATAGCGAC,7
GATAGACAATCATTCC,7
GATAGACAATTGGCTC,7
GATAGACACAAGGAGC,7
GATAGACACACCTTAC,6
GATAGACACCATCCTC,6
GATAGACACCGACAAC,6
GATAGACACCTAATCC,6
GATAGACACCTCTATC,6
GATAGACACGACACAC,6
GATAGACACGCTGATC,2
GATAGACACGGATTGC,6
GATAGACACTAAGGTC,6
GATAGACAGAACAGGC,6
GATAGACAGACAGTGC,6
GATAGACAGAGTTAGC,6
GATAGACAGATGAATC,6
GATAGACAGCCAAGAC,6
GATAGACACGGAAGAA,6
GATAGACAGTGACAAG,6
GATAGACAGAACCAGA,6
GAGCTGAAAACGTGAT,4
GAGCTGAAACAAGCTA,2
GAGCTGAATTGCTGGA,6
GAGCTGAACTGTAGCC,2
GAGCTGAAAGTACAAG,4
GAGCTGAAAACAACCA,4
GAGCTGAAAACCGAGA,5
GAGCTGAAAACGCTTA,5
GAGCTGAAAAGACGGA,1
GAGCTGAAAAGGTACA,1
GAGCTGAAACACAGAA,1
GAGCTGAAACAGCAGA,1
GAGCTGAAAAACATCG,4
GAGCTGAAACCTCCAA,1
GAGCTGAAACGCTCGA,1
GAGCTGAAACGTATCA,1
GAGCTGAAACTATGCA,1
GAGCTGAAAGAGTCAA,1
GAGCTGAAAGATCGCA,1
GAGCTGAAAGCAGGAA,1
GAGCTGAAAGTCACTA,1
GAGCTGAAATCCTGTA,1
GAGCTGAAATTGAGGA,1
GAGCTGAAATGCCTAA,4
GAGCTGAACAACCACA,1
GAGCTGAAGACTAGTA,1
GAGCTGAACAATGGAA,8
GAGCTGAACACTTCGA,8
GAGCTGAACAGCGTTA,8
GAGCTGAACATACCAA,1
GAGCTGAACCAGTTCA,3
GAGCTGAACCGAAGTA,3
GAGCTGAACCGTGAGA,3
GAGCTGAACCTCCTGA,3
GAGCTGAAAGTGGTCA,4
GAGCTGAACGAACTTA,3
GAGCTGAACGACTGGA,3
GAGCTGAACGCATACA,3
GAGCTGAACTCAATGA,3
GAGCTGAACTGAGCCA,3
GAGCTGAACTGGCATA,3
GAGCTGAAGAATCTGA,3
GAGCTGAACAAGACTA,3
GAGCTGAAGAGCTGAA,3
GAGCTGAAGATAGACA,3
GAGCTGAAACCACTGT,4
GAGCTGAAGCCACATA,3
GAGCTGAAGCGAGTAA,3
GAGCTGAAGCTAACGA,3
GAGCTGAAGCTCGGTA,3
GAGCTGAAGGAGAACA,3
GAGCTGAAGGTGCGAA,3
GAGCTGAAGTACGCAA,9
GAGCTGAAGTCGTAGA,1
GAGCTGAAGTCTGTCA,3
GAGCTGAAGTGTTCTA,3
GAGCTGAAACATTGGC,2
GAGCTGAATAGGATGA,3
GAGCTGAATATCAGCA,3
GAGCTGAATCCGTCTA,3
GAGCTGAATCTTCACA,3
GAGCTGAATGAAGAGA,3
GAGCTGAATGGAACAA,3
GAGCTGAATGGCTTCA,3
GAGCTGAATGGTGGTA,3
GAGCTGAATTCACGCA,3
GAGCTGAAAACTCACC,3
GAGCTGAACAGATCTG,2
GAGCTGAAAAGAGATC,9
GAGCTGAAAAGGACAC,9
GAGCTGAAAATCCGTC,9
GAGCTGAAAATGTTGC,9
GAGCTGAAACACGACC,9
GAGCTGAAACAGATTC,3
GAGCTGAAAGATGTAC,3
GAGCTGAAAGCACCTC,3
GAGCTGAAAGCCATGC,9
GAGCTGAAAGGCTAAC,7
GAGCTGAACATCAAGT,2
GAGCTGAAATAGCGAC,7
GAGCTGAAATCATTCC,7
GAGCTGAAATTGGCTC,7
GAGCTGAACAAGGAGC,6
GAGCTGAACACCTTAC,6
GAGCTGAACCATCCTC,6
GAGCTGAACCGACAAC,6
GAGCTGAACCTAATCC,6
GAGCTGAACCTCTATC,6
GAGCTGAACGACACAC,6
GAGCTGAACGCTGATC,2
GAGCTGAACGGATTGC,6
GAGCTGAACTAAGGTC,6
GAGCTGAAGAACAGGC,6
GAGCTGAAGACAGTGC,6
GAGCTGAAGAGTTAGC,3
GAGCTGAAGATGAATC,6
GAGCTGAAGCCAAGAC,6
GAGCTGAACGGAAGAA,6
GAGCTGAAGTGACAAG,6
GAGCTGAAGAACCAGA,6
CAAGACTAAACGTGAT,4
CAAGACTAACAAGCTA,2
CAAGACTATTGCTGGA,6
CAAGACTACTGTAGCC,2
CAAGACTAAGTACAAG,2
CAAGACTAAACAACCA,4
CAAGACTAAACCGAGA,4
CAAGACTAAACGCTTA,4
CAAGACTAAAGACGGA,4
CAAGACTAAAGGTACA,1
CAAGACTAACACAGAA,1
CAAGACTAACAGCAGA,1
CAAGACTAAAACATCG,4
CAAGACTAACCTCCAA,1
CAAGACTAACGCTCGA,1
CAAGACTAACGTATCA,1
CAAGACTAACTATGCA,1
CAAGACTAAGAGTCAA,1
CAAGACTAAGATCGCA,1
CAAGACTAAGCAGGAA,1
CAAGACTAAGTCACTA,1
CAAGACTAATCCTGTA,1
CAAGACTAATTGAGGA,1
CAAGACTAATGCCTAA,4
CAAGACTACAACCACA,1
CAAGACTAGACTAGTA,8
CAAGACTACAATGGAA,8
CAAGACTACACTTCGA,8
CAAGACTACAGCGTTA,9
CAAGACTACATACCAA,8
CAAGACTACCAGTTCA,3
CAAGACTACCGAAGTA,4
CAAGACTACCGTGAGA,3
CAAGACTACCTCCTGA,3
CAAGACTAAGTGGTCA,4
CAAGACTACGAACTTA,3
CAAGACTACGACTGGA,3
CAAGACTACGCATACA,3
CAAGACTACTCAATGA,3
CAAGACTACTGAGCCA,3
CAAGACTACTGGCATA,3
CAAGACTAGAATCTGA,3
CAAGACTACAAGACTA,3
CAAGACTAGAGCTGAA,3
CAAGACTAGATAGACA,3
CAAGACTAACCACTGT,4
CAAGACTAGCCACATA,3
CAAGACTAGCGAGTAA,3
CAAGACTAGCTAACGA,3
CAAGACTAGCTCGGTA,3
CAAGACTAGGAGAACA,3
CAAGACTAGGTGCGAA,3
CAAGACTAGTACGCAA,3
CAAGACTAGTCGTAGA,1
CAAGACTAGTCTGTCA,3
CAAGACTAGTGTTCTA,3
CAAGACTAACATTGGC,2
CAAGACTATAGGATGA,3
CAAGACTATATCAGCA,3
CAAGACTATCCGTCTA,3
CAAGACTATCTTCACA,3
CAAGACTATGAAGAGA,3
CAAGACTATGGAACAA,3
CAAGACTATGGCTTCA,3
CAAGACTATGGTGGTA,3
CAAGACTATTCACGCA,8
CAAGACTAAACTCACC,9
CAAGACTACAGATCTG,2
CAAGACTAAAGAGATC,8
CAAGACTAAAGGACAC,9
CAAGACTAAATCCGTC,9
CAAGACTAAATGTTGC,9
CAAGACTAACACGACC,9
CAAGACTAACAGATTC,3
CAAGACTAAGATGTAC,3
CAAGACTAAGCACCTC,3
CAAGACTAAGCCATGC,6
CAAGACTAAGGCTAAC,7
CAAGACTACATCAAGT,2
CAAGACTAATAGCGAC,7
CAAGACTAATCATTCC,7
CAAGACTAATTGGCTC,7
CAAGACTACAAGGAGC,6
CAAGACTACACCTTAC,6
CAAGACTACCATCCTC,6
CAAGACTACCGACAAC,6
CAAGACTACCTAATCC,6
CAAGACTACCTCTATC,6
CAAGACTACGACACAC,6
CAAGACTACGCTGATC,2
CAAGACTACGGATTGC,6
CAAGACTACTAAGGTC,6
CAAGACTAGAACAGGC,6
CAAGACTAGACAGTGC,6
CAAGACTAGAGTTAGC,6
CAAGACTAGATGAATC,6
CAAGACTAGCCAAGAC,6
CAAGACTACGGAAGAA,6
CAAGACTAGTGACAAG,6
CAAGACTAGAACCAGA,6
GAATCTGAAACGTGAT,4
GAATCTGAACAAGCTA,2
GAATCTGATTGCTGGA,6
GAATCTGACTGTAGCC,2
GAATCTGAAGTACAAG,2
GAATCTGAAACAACCA,4
GAATCTGAAACCGAGA,4
GAATCTGAAACGCTTA,4
GAATCTGAAAGACGGA,4
GAATCTGAAAGGTACA,4
GAATCTGAACACAGAA,1
GAATCTGAACAGCAGA,1
GAATCTGAAAACATCG,4
GAATCTGAACCTCCAA,4
GAATCTGAACGCTCGA,4
GAATCTGAACGTATCA,1
GAATCTGAACTATGCA,1
GAATCTGAAGAGTCAA,1
GAATCTGAAGATCGCA,1
GAATCTGAAGCAGGAA,1
GAATCTGAAGTCACTA,1
GAATCTGAATCCTGTA,1
GAATCTGAATTGAGGA,1
GAATCTGAATGCCTAA,4
GAATCTGACAACCACA,1
GAATCTGAGACTAGTA,1
GAATCTGACAATGGAA,5
GAATCTGACACTTCGA,8
GAATCTGACAGCGTTA,8
GAATCTGACATACCAA,1
GAATCTGACCAGTTCA,3
GAATCTGACCGAAGTA,3
GAATCTGACCGTGAGA,3
GAATCTGACCTCCTGA,3
GAATCTGAAGTGGTCA,4
GAATCTGACGAACTTA,3
GAATCTGACGACTGGA,3
GAATCTGACGCATACA,3
GAATCTGACTCAATGA,3
GAATCTGACTGAGCCA,3
GAATCTGACTGGCATA,3
GAATCTGAGAATCTGA,3
GAATCTGACAAGACTA,3
GAATCTGAGAGCTGAA,3
GAATCTGAGATAGACA,3
GAATCTGAACCACTGT,4
GAATCTGAGCCACATA,3
GAATCTGAGCGAGTAA,3
GAATCTGAGCTAACGA,3
GAATCTGAGCTCGGTA,3
GAATCTGAGGAGAACA,3
GAATCTGAGGTGCGAA,9
GAATCTGAGTACGCAA,9
GAATCTGAGTCGTAGA,3
GAATCTGAGTCTGTCA,3
GAATCTGAGTGTTCTA,3
GAATCTGAACATTGGC,2
GAATCTGATAGGATGA,3
GAATCTGATATCAGCA,3
GAATCTGATCCGTCTA,3
GAATCTGATCTTCACA,3
GAATCTGATGAAGAGA,3
GAATCTGATGGAACAA,9
GAATCTGATGGCTTCA,8
GAATCTGATGGTGGTA,9
GAATCTGATTCACGCA,3
GAATCTGAAACTCACC,3
GAATCTGACAGATCTG,2
GAATCTGAAAGAGATC,8
GAATCTGAAAGGACAC,9
GAATCTGAAATCCGTC,8
GAATCTGAAATGTTGC,9
GAATCTGAACACGACC,9
GAATCTGAACAGATTC,6
GAATCTGAAGATGTAC,3
GAATCTGAAGCACCTC,3
GAATCTGAAGCCATGC,6
GAATCTGAAGGCTAAC,7
GAATCTGACATCAAGT,2
GAATCTGAATAGCGAC,7
GAATCTGAATCATTCC,7
GAATCTGAATTGGCTC,7
GAATCTGACAAGGAGC,6
GAATCTGACACCTTAC,6
GAATCTGACCATCCTC,6
GAATCTGACCGACAAC,6
GAATCTGACCTAATCC,6
GAATCTGACCTCTATC,6
GAATCTGACGACACAC,6
GAATCTGACGCTGATC,2
GAATCTGACGGATTGC,6
GAATCTGACTAAGGTC,6
GAATCTGAGAACAGGC,6
GAATCTGAGACAGTGC,6
GAATCTGAGAGTTAGC,6
GAATCTGAGATGAATC,6
GAATCTGAGCCAAGAC,6
GAATCTGACGGAAGAA,6
GAATCTGAGTGACAAG,6
GAATCTGAGAACCAGA,6
CTGGCATAAACGTGAT,4
CTGGCATAACAAGCTA,2
CTGGCATATTGCTGGA,6
CTGGCATACTGTAGCC,2
CTGGCATAAGTACAAG,2
CTGGCATAAACAACCA,4
CTGGCATAAACCGAGA,4
CTGGCATAAACGCTTA,5
CTGGCATAAAGACGGA,5
CTGGCATAAAGGTACA,1
CTGGCATAACACAGAA,1
CTGGCATAACAGCAGA,1
CTGGCATAAAACATCG,4
CTGGCATAACCTCCAA,4
CTGGCATAACGCTCGA,4
CTGGCATAACGTATCA,4
CTGGCATAACTATGCA,1
CTGGCATAAGAGTCAA,1
CTGGCATAAGATCGCA,1
CTGGCATAAGCAGGAA,1
CTGGCATAAGTCACTA,1
CTGGCATAATCCTGTA,1
CTGGCATAATTGAGGA,1
CTGGCATAATGCCTAA,4
CTGGCATACAACCACA,1
CTGGCATAGACTAGTA,1
CTGGCATACAATGGAA,6
CTGGCATACACTTCGA,1
CTGGCATACAGCGTTA,8
CTGGCATACATACCAA,3
CTGGCATACCAGTTCA,3
CTGGCATACCGAAGTA,3
CTGGCATACCGTGAGA,3
CTGGCATACCTCCTGA,3
CTGGCATAAGTGGTCA,4
CTGGCATACGAACTTA,3
CTGGCATACGACTGGA,3
CTGGCATACGCATACA,3
CTGGCATACTCAATGA,3
CTGGCATACTGAGCCA,3
CTGGCATACTGGCATA,3
CTGGCATAGAATCTGA,3
CTGGCATACAAGACTA,3
CTGGCATAGAGCTGAA,3
CTGGCATAGATAGACA,3
CTGGCATAACCACTGT,4
CTGGCATAGCCACATA,3
CTGGCATAGCGAGTAA,3
CTGGCATAGCTAACGA,3
CTGGCATAGCTCGGTA,3
CTGGCATAGGAGAACA,3
CTGGCATAGGTGCGAA,9
CTGGCATAGTACGCAA,9
CTGGCATAGTCGTAGA,3
CTGGCATAGTCTGTCA,3
CTGGCATAGTGTTCTA,3
CTGGCATAACATTGGC,2
CTGGCATATAGGATGA,3
CTGGCATATATCAGCA,3
CTGGCATATCCGTCTA,3
CTGGCATATCTTCACA,3
CTGGCATATGAAGAGA,8
CTGGCATATGGAACAA,3
CTGGCATATGGCTTCA,8
CTGGCATATGGTGGTA,9
CTGGCATATTCACGCA,3
CTGGCATAAACTCACC,9
CTGGCATACAGATCTG,2
CTGGCATAAAGAGATC,3
CTGGCATAAAGGACAC,7
CTGGCATAAATCCGTC,3
CTGGCATAAATGTTGC,9
CTGGCATAACACGACC,9
CTGGCATAACAGATTC,7
CTGGCATAAGATGTAC,7
CTGGCATAAGCACCTC,3
CTGGCATAAGCCATGC,3
CTGGCATAAGGCTAAC,7
CTGGCATACATCAAGT,2
CTGGCATAATAGCGAC,7
CTGGCATAATCATTCC,7
CTGGCATAATTGGCTC,7
CTGGCATACAAGGAGC,6
CTGGCATACACCTTAC,6
CTGGCATACCATCCTC,6
CTGGCATACCGACAAC,6
CTGGCATACCTAATCC,3
CTGGCATACCTCTATC,6
CTGGCATACGACACAC,6
CTGGCATACGCTGATC,2
CTGGCATACGGATTGC,6
CTGGCATACTAAGGTC,6
CTGGCATAGAACAGGC,6
CTGGCATAGACAGTGC,6
CTGGCATAGAGTTAGC,6
CTGGCATAGATGAATC,6
CTGGCATAGCCAAGAC,6
CTGGCATACGGAAGAA,6
CTGGCATAGTGACAAG,6
CTGGCATAGAACCAGA,6
CTGAGCCAAACGTGAT,5
CTGAGCCAACAAGCTA,2
CTGAGCCATTGCTGGA,6
CTGAGCCACTGTAGCC,2
CTGAGCCAAGTACAAG,2
CTGAGCCAAACAACCA,4
CTGAGCCAAACCGAGA,4
CTGAGCCAAACGCTTA,4
CTGAGCCAAAGACGGA,4
CTGAGCCAAAGGTACA,1
CTGAGCCAACACAGAA,1
CTGAGCCAACAGCAGA,2
CTGAGCCAAAACATCG,4
CTGAGCCAACCTCCAA,2
CTGAGCCAACGCTCGA,2
CTGAGCCAACGTATCA,4
CTGAGCCAACTATGCA,1
CTGAGCCAAGAGTCAA,1
CTGAGCCAAGATCGCA,1
CTGAGCCAAGCAGGAA,1
CTGAGCCAAGTCACTA,1
CTGAGCCAATCCTGTA,1
CTGAGCCAATTGAGGA,1
CTGAGCCAATGCCTAA,4
CTGAGCCACAACCACA,1
CTGAGCCAGACTAGTA,1
CTGAGCCACAATGGAA,5
CTGAGCCACACTTCGA,4
CTGAGCCACAGCGTTA,8
CTGAGCCACATACCAA,4
CTGAGCCACCAGTTCA,5
CTGAGCCACCGAAGTA,3
CTGAGCCACCGTGAGA,3
CTGAGCCACCTCCTGA,3
CTGAGCCAAGTGGTCA,4
CTGAGCCACGAACTTA,3
CTGAGCCACGACTGGA,3
CTGAGCCACGCATACA,3
CTGAGCCACTCAATGA,1
CTGAGCCACTGAGCCA,3
CTGAGCCACTGGCATA,3
CTGAGCCAGAATCTGA,3
CTGAGCCACAAGACTA,3
CTGAGCCAGAGCTGAA,3
CTGAGCCAGATAGACA,3
CTGAGCCAACCACTGT,4
CTGAGCCAGCCACATA,3
CTGAGCCAGCGAGTAA,3
CTGAGCCAGCTAACGA,3
CTGAGCCAGCTCGGTA,3
CTGAGCCAGGAGAACA,3
CTGAGCCAGGTGCGAA,3
CTGAGCCAGTACGCAA,3
CTGAGCCAGTCGTAGA,3
CTGAGCCAGTCTGTCA,3
CTGAGCCAGTGTTCTA,3
CTGAGCCAACATTGGC,2
CTGAGCCATAGGATGA,3
CTGAGCCATATCAGCA,3
CTGAGCCATCCGTCTA,3
CTGAGCCATCTTCACA,3
CTGAGCCATGAAGAGA,3
CTGAGCCATGGAACAA,3
CTGAGCCATGGCTTCA,3
CTGAGCCATGGTGGTA,7
CTGAGCCATTCACGCA,3
CTGAGCCAAACTCACC,7
CTGAGCCACAGATCTG,2
CTGAGCCAAAGAGATC,3
CTGAGCCAAAGGACAC,3
CTGAGCCAAATCCGTC,9
CTGAGCCAAATGTTGC,3
CTGAGCCAACACGACC,8
CTGAGCCAACAGATTC,9
CTGAGCCAAGATGTAC,3
CTGAGCCAAGCACCTC,3
CTGAGCCAAGCCATGC,9
CTGAGCCAAGGCTAAC,9
CTGAGCCACATCAAGT,2
CTGAGCCAATAGCGAC,7
CTGAGCCAATCATTCC,7
CTGAGCCAATTGGCTC,7
CTGAGCCACAAGGAGC,6
CTGAGCCACACCTTAC,6
CTGAGCCACCATCCTC,6
CTGAGCCACCGACAAC,6
CTGAGCCACCTAATCC,3
CTGAGCCACCTCTATC,6
CTGAGCCACGACACAC,6
CTGAGCCACGCTGATC,2
CTGAGCCACGGATTGC,6
CTGAGCCACTAAGGTC,6
CTGAGCCAGAACAGGC,6
CTGAGCCAGACAGTGC,6
CTGAGCCAGAGTTAGC,6
CTGAGCCAGATGAATC,6
CTGAGCCAGCCAAGAC,1
CTGAGCCACGGAAGAA,6
CTGAGCCAGTGACAAG,6
CTGAGCCAGAACCAGA,6
CTCAATGAAACGTGAT,4
CTCAATGAACAAGCTA,2
CTCAATGATTGCTGGA,6
CTCAATGACTGTAGCC,2
CTCAATGAAGTACAAG,2
CTCAATGAAACAACCA,4
CTCAATGAAACCGAGA,1
CTCAATGAAACGCTTA,4
CTCAATGAAAGACGGA,5
CTCAATGAAAGGTACA,1
CTCAATGAACACAGAA,1
CTCAATGAACAGCAGA,1
CTCAATGAAAACATCG,4
CTCAATGAACCTCCAA,2
CTCAATGAACGCTCGA,1
CTCAATGAACGTATCA,1
CTCAATGAACTATGCA,1
CTCAATGAAGAGTCAA,1
CTCAATGAAGATCGCA,1
CTCAATGAAGCAGGAA,1
CTCAATGAAGTCACTA,1
CTCAATGAATCCTGTA,1
CTCAATGAATTGAGGA,1
CTCAATGAATGCCTAA,4
CTCAATGACAACCACA,1
CTCAATGAGACTAGTA,1
CTCAATGACAATGGAA,1
CTCAATGACACTTCGA,3
CTCAATGACAGCGTTA,3
CTCAATGACATACCAA,3
CTCAATGACCAGTTCA,3
CTCAATGACCGAAGTA,3
CTCAATGACCGTGAGA,3
CTCAATGACCTCCTGA,3
CTCAATGAAGTGGTCA,4
CTCAATGACGAACTTA,3
CTCAATGACGACTGGA,3
CTCAATGACGCATACA,3
CTCAATGACTCAATGA,3
CTCAATGACTGAGCCA,3
CTCAATGACTGGCATA,3
CTCAATGAGAATCTGA,3
CTCAATGACAAGACTA,3
CTCAATGAGAGCTGAA,3
CTCAATGAGATAGACA,3
CTCAATGAACCACTGT,2
CTCAATGAGCCACATA,3
CTCAATGAGCGAGTAA,3
CTCAATGAGCTAACGA,3
CTCAATGAGCTCGGTA,3
CTCAATGAGGAGAACA,3
CTCAATGAGGTGCGAA,3
CTCAATGAGTACGCAA,3
CTCAATGAGTCGTAGA,3
CTCAATGAGTCTGTCA,3
CTCAATGAGTGTTCTA,3
CTCAATGAACATTGGC,2
CTCAATGATAGGATGA,3
CTCAATGATATCAGCA,3
CTCAATGATCCGTCTA,3
CTCAATGATCTTCACA,3
CTCAATGATGAAGAGA,8
CTCAATGATGGAACAA,3
CTCAATGATGGCTTCA,9
CTCAATGATGGTGGTA,3
CTCAATGATTCACGCA,3
CTCAATGAAACTCACC,1
CTCAATGACAGATCTG,2
CTCAATGAAAGAGATC,9
CTCAATGAAAGGACAC,1
CTCAATGAAATCCGTC,8
CTCAATGAAATGTTGC,3
CTCAATGAACACGACC,3
CTCAATGAACAGATTC,3
CTCAATGAAGATGTAC,1
CTCAATGAAGCACCTC,3
CTCAATGAAGCCATGC,9
CTCAATGAAGGCTAAC,7
CTCAATGACATCAAGT,2
CTCAATGAATAGCGAC,7
CTCAATGAATCATTCC,7
CTCAATGAATTGGCTC,7
CTCAATGACAAGGAGC,6
CTCAATGACACCTTAC,6
CTCAATGACCATCCTC,6
CTCAATGACCGACAAC,6
CTCAATGACCTAATCC,6
CTCAATGACCTCTATC,6
CTCAATGACGACACAC,6
CTCAATGACGCTGATC,2
CTCAATGACGGATTGC,6
CTCAATGACTAAGGTC,6
CTCAATGAGAACAGGC,6
CTCAATGAGACAGTGC,6
CTCAATGAGAGTTAGC,6
CTCAATGAGATGAATC,6
CTCAATGAGCCAAGAC,6
CTCAATGACGGAAGAA,6
CTCAATGAGTGACAAG,6
CTCAATGAGAACCAGA,6
CGCATACAAACGTGAT,4
CGCATACAACAAGCTA,2
CGCATACATTGCTGGA,6
CGCATACACTGTAGCC,2
CGCATACAAGTACAAG,2
CGCATACAAACAACCA,4
CGCATACAAACCGAGA,4
CGCATACAAACGCTTA,1
CGCATACAAAGACGGA,1
CGCATACAAAGGTACA,1
CGCATACAACACAGAA,1
CGCATACAACAGCAGA,1
CGCATACAAAACATCG,4
CGCATACAACCTCCAA,1
CGCATACAACGCTCGA,1
CGCATACAACGTATCA,1
CGCATACAACTATGCA,1
CGCATACAAGAGTCAA,1
CGCATACAAGATCGCA,1
CGCATACAAGCAGGAA,1
CGCATACAAGTCACTA,1
CGCATACAATCCTGTA,1
CGCATACAATTGAGGA,1
CGCATACAATGCCTAA,4
CGCATACACAACCACA,1
CGCATACAGACTAGTA,1
CGCATACACAATGGAA,1
CGCATACACACTTCGA,3
CGCATACACAGCGTTA,3
CGCATACACATACCAA,3
CGCATACACCAGTTCA,3
CGCATACACCGAAGTA,3
CGCATACACCGTGAGA,3
CGCATACACCTCCTGA,3
CGCATACAAGTGGTCA,2
CGCATACACGAACTTA,3
CGCATACACGACTGGA,3
CGCATACACGCATACA,3
CGCATACACTCAATGA,3
CGCATACACTGAGCCA,3
CGCATACACTGGCATA,3
CGCATACAGAATCTGA,3
CGCATACACAAGACTA,3
CGCATACAGAGCTGAA,3
CGCATACAGATAGACA,3
CGCATACAACCACTGT,2
CGCATACAGCCACATA,3
CGCATACAGCGAGTAA,3
CGCATACAGCTAACGA,3
CGCATACAGCTCGGTA,3
CGCATACAGGAGAACA,3
CGCATACAGGTGCGAA,3
CGCATACAGTACGCAA,3
CGCATACAGTCGTAGA,3
CGCATACAGTCTGTCA,3
CGCATACAGTGTTCTA,3
CGCATACAACATTGGC,2
CGCATACATAGGATGA,3
CGCATACATATCAGCA,3
CGCATACATCCGTCTA,3
CGCATACATCTTCACA,5
CGCATACATGAAGAGA,3
CGCATACATGGAACAA,3
CGCATACATGGCTTCA,6
CGCATACATGGTGGTA,3
CGCATACATTCACGCA,9
CGCATACAAACTCACC,3
CGCATACACAGATCTG,2
CGCATACAAAGAGATC,7
CGCATACAAAGGACAC,3
CGCATACAAATCCGTC,3
CGCATACAAATGTTGC,9
CGCATACAACACGACC,3
CGCATACAACAGATTC,3
CGCATACAAGATGTAC,3
CGCATACAAGCACCTC,3
CGCATACAAGCCATGC,6
CGCATACAAGGCTAAC,7
CGCATACACATCAAGT,2
CGCATACAATAGCGAC,7
CGCATACAATCATTCC,7
CGCATACAATTGGCTC,7
CGCATACACAAGGAGC,6
CGCATACACACCTTAC,6
CGCATACACCATCCTC,6
CGCATACACCGACAAC,6
CGCATACACCTAATCC,6
CGCATACACCTCTATC,6
CGCATACACGACACAC,6
CGCATACACGCTGATC,2
CGCATACACGGATTGC,6
CGCATACACTAAGGTC,6
CGCATACAGAACAGGC,6
CGCATACAGACAGTGC,6
CGCATACAGAGTTAGC,6
CGCATACAGATGAATC,6
CGCATACAGCCAAGAC,6
CGCATACACGGAAGAA,6
CGCATACAGTGACAAG,6
CGCATACAGAACCAGA,6
GCCAAGACTTGCTGGA,4
GCCAAGACACTATGCA,4
GCCAAGACAGAGTCAA,5
GCCAAGACAGATCGCA,5
GCCAAGACAGCAGGAA,5
GCCAAGACAGTCACTA,5
GCCAAGACATCCTGTA,4
GCCAAGACATTGAGGA,4
GCCAAGACCAACCACA,4
GCCAAGACGACTAGTA,4
GCCAAGACCAATGGAA,4
GCCAAGACCACTTCGA,4
GCCAAGACCAGCGTTA,4
GCCAAGACCATACCAA,4
GCCAAGACCCAGTTCA,4
GCCAAGACCCGAAGTA,4
GCCAAGACCCGTGAGA,1
GCCAAGACCCTCCTGA,4
GCCAAGACCGAACTTA,4
GCCAAGACCGACTGGA,4
GCCAAGACCGCATACA,4
GCCAAGACCTCAATGA,2
GCCAAGACCTGAGCCA,4
GCCAAGACCTGGCATA,1
GCCAAGACGAATCTGA,2
GCCAAGACCAAGACTA,2
GCCAAGACGAGCTGAA,2
GCCAAGACGATAGACA,1
GCCAAGACGCCACATA,1
GCCAAGACGCGAGTAA,1
GCCAAGACGCTAACGA,4
GCCAAGACGCTCGGTA,4
GCCAAGACGGAGAACA,1
GCCAAGACGGTGCGAA,4
GCCAAGACGTACGCAA,1
GCCAAGACGTCGTAGA,3
GCCAAGACGTCTGTCA,4
GCCAAGACGTGTTCTA,1
GCCAAGACTAGGATGA,1
GCCAAGACTATCAGCA,1
GCCAAGACTCCGTCTA,1
GCCAAGACTCTTCACA,1
GCCAAGACTGAAGAGA,1
GCCAAGACTGGAACAA,1
GCCAAGACTGGCTTCA,1
GCCAAGACTGGTGGTA,1
GCCAAGACTTCACGCA,1
GCCAAGACAACTCACC,1
GCCAAGACAAGAGATC,1
GCCAAGACAAGGACAC,4
GCCAAGACAATCCGTC,1
GCCAAGACAATGTTGC,1
GCCAAGACACACGACC,1
GCCAAGACACAGATTC,1
GCCAAGACAGATGTAC,1
GCCAAGACAGCACCTC,1
GCCAAGACAGCCATGC,1
GCCAAGACAGGCTAAC,1
GCCAAGACATAGCGAC,1
GCCAAGACATCATTCC,1
GCCAAGACATTGGCTC,1
GCCAAGACCAAGGAGC,1
GCCAAGACCACCTTAC,1
GCCAAGACCCATCCTC,1
GCCAAGACCCGACAAC,1
GCCAAGACCCTAATCC,1
GCCAAGACCCTCTATC,1
GCCAAGACCGACACAC,2
GCCAAGACCGGATTGC,2
GCCAAGACCTAAGGTC,2
GCCAAGACGAACAGGC,4
GCCAAGACGACAGTGC,4
GCCAAGACGAGTTAGC,4
GCCAAGACGATGAATC,5
GCCAAGACGCCAAGAC,5
GCCAAGACCGGAAGAA,5
GCCAAGACGTGACAAG,5
GCCAAGACGAACCAGA,4
CGACTGGAAACGTGAT,4
CGACTGGAACAAGCTA,2
CGACTGGATTGCTGGA,6
CGACTGGACTGTAGCC,2
CGACTGGAAGTACAAG,2
CGACTGGAAACAACCA,1
CGACTGGAAACCGAGA,4
CGACTGGAAACGCTTA,1
CGACTGGAAAGACGGA,1
CGACTGGAAAGGTACA,1
CGACTGGAACACAGAA,1
CGACTGGAACAGCAGA,1
CGACTGGAAAACATCG,4
CGACTGGAACCTCCAA,1
CGACTGGAACGCTCGA,1
CGACTGGAACGTATCA,1
CGACTGGAACTATGCA,1
CGACTGGAAGAGTCAA,1
CGACTGGAAGATCGCA,1
CGACTGGAAGCAGGAA,1
CGACTGGAAGTCACTA,1
CGACTGGAATCCTGTA,1
CGACTGGAATTGAGGA,1
CGACTGGAATGCCTAA,4
CGACTGGACAACCACA,1
CGACTGGAGACTAGTA,1
CGACTGGACAATGGAA,1
CGACTGGACACTTCGA,6
CGACTGGACAGCGTTA,6
CGACTGGACATACCAA,3
CGACTGGACCAGTTCA,3
CGACTGGACCGAAGTA,3
CGACTGGACCGTGAGA,3
CGACTGGACCTCCTGA,3
CGACTGGAAGTGGTCA,4
CGACTGGACGAACTTA,3
CGACTGGACGACTGGA,3
CGACTGGACGCATACA,3
CGACTGGACTCAATGA,9
CGACTGGACTGAGCCA,3
CGACTGGACTGGCATA,3
CGACTGGAGAATCTGA,3
CGACTGGACAAGACTA,3
CGACTGGAGAGCTGAA,1
CGACTGGAGATAGACA,3
CGACTGGAACCACTGT,2
CGACTGGAGCCACATA,3
CGACTGGAGCGAGTAA,3
CGACTGGAGCTAACGA,3
CGACTGGAGCTCGGTA,3
CGACTGGAGGAGAACA,3
CGACTGGAGGTGCGAA,3
CGACTGGAGTACGCAA,3
CGACTGGAGTCGTAGA,3
CGACTGGAGTCTGTCA,3
CGACTGGAGTGTTCTA,3
CGACTGGAACATTGGC,2
CGACTGGATAGGATGA,3
CGACTGGATATCAGCA,3
CGACTGGATCCGTCTA,8
CGACTGGATCTTCACA,3
CGACTGGATGAAGAGA,3
CGACTGGATGGAACAA,3
CGACTGGATGGCTTCA,3
CGACTGGATGGTGGTA,9
CGACTGGATTCACGCA,3
CGACTGGAAACTCACC,3
CGACTGGACAGATCTG,2
CGACTGGAAAGAGATC,3
CGACTGGAAAGGACAC,3
CGACTGGAAATCCGTC,9
CGACTGGAAATGTTGC,3
CGACTGGAACACGACC,8
CGACTGGAACAGATTC,3
CGACTGGAAGATGTAC,3
CGACTGGAAGCACCTC,3
CGACTGGAAGCCATGC,3
CGACTGGAAGGCTAAC,7
CGACTGGACATCAAGT,2
CGACTGGAATAGCGAC,7
CGACTGGAATCATTCC,7
CGACTGGAATTGGCTC,7
CGACTGGACAAGGAGC,6
CGACTGGACACCTTAC,6
CGACTGGACCATCCTC,6
CGACTGGACCGACAAC,6
CGACTGGACCTAATCC,6
CGACTGGACCTCTATC,6
CGACTGGACGACACAC,6
CGACTGGACGCTGATC,2
CGACTGGACGGATTGC,6
CGACTGGACTAAGGTC,6
CGACTGGAGAACAGGC,6
CGACTGGAGACAGTGC,6
CGACTGGAGAGTTAGC,6
CGACTGGAGATGAATC,6
CGACTGGAGCCAAGAC,6
CGACTGGACGGAAGAA,6
CGACTGGAGTGACAAG,6
CGACTGGAGAACCAGA,6
CGAACTTAAACGTGAT,4
CGAACTTAACAAGCTA,2
CGAACTTATTGCTGGA,6
CGAACTTACTGTAGCC,2
CGAACTTAAGTACAAG,2
CGAACTTAAACAACCA,2
CGAACTTAAACCGAGA,4
CGAACTTAAACGCTTA,4
CGAACTTAAAGACGGA,1
CGAACTTAAAGGTACA,1
CGAACTTAACACAGAA,1
CGAACTTAACAGCAGA,1
CGAACTTAAAACATCG,4
CGAACTTAACCTCCAA,1
CGAACTTAACGCTCGA,1
CGAACTTAACGTATCA,1
CGAACTTAACTATGCA,1
CGAACTTAAGAGTCAA,1
CGAACTTAAGATCGCA,1
CGAACTTAAGCAGGAA,1
CGAACTTAAGTCACTA,1
CGAACTTAATCCTGTA,1
CGAACTTAATTGAGGA,1
CGAACTTAATGCCTAA,4
CGAACTTACAACCACA,1
CGAACTTAGACTAGTA,1
CGAACTTACAATGGAA,1
CGAACTTACACTTCGA,1
CGAACTTACAGCGTTA,3
CGAACTTACATACCAA,3
CGAACTTACCAGTTCA,3
CGAACTTACCGAAGTA,3
CGAACTTACCGTGAGA,3
CGAACTTACCTCCTGA,3
CGAACTTAAGTGGTCA,4
CGAACTTACGAACTTA,3
CGAACTTACGACTGGA,1
CGAACTTACGCATACA,3
CGAACTTACTCAATGA,3
CGAACTTACTGAGCCA,3
CGAACTTACTGGCATA,3
CGAACTTAGAATCTGA,1
CGAACTTACAAGACTA,3
CGAACTTAGAGCTGAA,3
CGAACTTAGATAGACA,3
CGAACTTAACCACTGT,4
CGAACTTAGCCACATA,3
CGAACTTAGCGAGTAA,3
CGAACTTAGCTAACGA,3
CGAACTTAGCTCGGTA,3
CGAACTTAGGAGAACA,3
CGAACTTAGGTGCGAA,3
CGAACTTAGTACGCAA,3
CGAACTTAGTCGTAGA,3
CGAACTTAGTCTGTCA,3
CGAACTTAGTGTTCTA,3
CGAACTTAACATTGGC,1
CGAACTTATAGGATGA,3
CGAACTTATATCAGCA,3
CGAACTTATCCGTCTA,3
CGAACTTATCTTCACA,3
CGAACTTATGAAGAGA,6
CGAACTTATGGAACAA,3
CGAACTTATGGCTTCA,3
CGAACTTATGGTGGTA,3
CGAACTTATTCACGCA,8
CGAACTTAAACTCACC,9
CGAACTTACAGATCTG,2
CGAACTTAAAGAGATC,3
CGAACTTAAAGGACAC,9
CGAACTTAAATCCGTC,3
CGAACTTAAATGTTGC,3
CGAACTTAACACGACC,3
CGAACTTAACAGATTC,3
CGAACTTAAGATGTAC,3
CGAACTTAAGCACCTC,9
CGAACTTAAGCCATGC,7
CGAACTTAAGGCTAAC,7
CGAACTTACATCAAGT,2
CGAACTTAATAGCGAC,7
CGAACTTAATCATTCC,7
CGAACTTAATTGGCTC,7
CGAACTTACAAGGAGC,6
CGAACTTACACCTTAC,6
CGAACTTACCATCCTC,6
CGAACTTACCGACAAC,6
CGAACTTACCTAATCC,6
CGAACTTACCTCTATC,6
CGAACTTACGACACAC,6
CGAACTTACGCTGATC,2
CGAACTTACGGATTGC,6
CGAACTTACTAAGGTC,6
CGAACTTAGAACAGGC,6
CGAACTTAGACAGTGC,6
CGAACTTAGAGTTAGC,6
CGAACTTAGATGAATC,6
CGAACTTAGCCAAGAC,6
CGAACTTACGGAAGAA,6
CGAACTTAGTGACAAG,6
CGAACTTAGAACCAGA,6
CCTCCTGAAACGTGAT,4
CCTCCTGAACAAGCTA,2
CCTCCTGATTGCTGGA,6
CCTCCTGACTGTAGCC,2
CCTCCTGAAGTACAAG,2
CCTCCTGAAACAACCA,4
CCTCCTGAAACCGAGA,4
CCTCCTGAAACGCTTA,1
CCTCCTGAAAGACGGA,1
CCTCCTGAAAGGTACA,1
CCTCCTGAACACAGAA,1
CCTCCTGAACAGCAGA,1
CCTCCTGAAAACATCG,4
CCTCCTGAACCTCCAA,1
CCTCCTGAACGCTCGA,1
CCTCCTGAACGTATCA,1
CCTCCTGAACTATGCA,1
CCTCCTGAAGAGTCAA,1
CCTCCTGAAGATCGCA,1
CCTCCTGAAGCAGGAA,1
CCTCCTGAAGTCACTA,1
CCTCCTGAATCCTGTA,1
CCTCCTGAATTGAGGA,1
CCTCCTGAATGCCTAA,4
CCTCCTGACAACCACA,1
CCTCCTGAGACTAGTA,1
CCTCCTGACAATGGAA,1
CCTCCTGACACTTCGA,1
CCTCCTGACAGCGTTA,1
CCTCCTGACATACCAA,3
CCTCCTGACCAGTTCA,3
CCTCCTGACCGAAGTA,3
CCTCCTGACCGTGAGA,3
CCTCCTGACCTCCTGA,3
CCTCCTGAAGTGGTCA,4
CCTCCTGACGAACTTA,3
CCTCCTGACGACTGGA,3
CCTCCTGACGCATACA,3
CCTCCTGACTCAATGA,3
CCTCCTGACTGAGCCA,3
CCTCCTGACTGGCATA,3
CCTCCTGAGAATCTGA,3
CCTCCTGACAAGACTA,3
CCTCCTGAGAGCTGAA,3
CCTCCTGAGATAGACA,3
CCTCCTGAACCACTGT,4
CCTCCTGAGCCACATA,3
CCTCCTGAGCGAGTAA,3
CCTCCTGAGCTAACGA,3
CCTCCTGAGCTCGGTA,3
CCTCCTGAGGAGAACA,3
CCTCCTGAGGTGCGAA,3
CCTCCTGAGTACGCAA,3
CCTCCTGAGTCGTAGA,3
CCTCCTGAGTCTGTCA,3
CCTCCTGAGTGTTCTA,3
CCTCCTGAACATTGGC,4
CCTCCTGATAGGATGA,3
CCTCCTGATATCAGCA,3
CCTCCTGATCCGTCTA,3
CCTCCTGATCTTCACA,3
CCTCCTGATGAAGAGA,3
CCTCCTGATGGAACAA,3
CCTCCTGATGGCTTCA,9
CCTCCTGATGGTGGTA,5
CCTCCTGATTCACGCA,9
CCTCCTGAAACTCACC,9
CCTCCTGACAGATCTG,4
CCTCCTGAAAGAGATC,9
CCTCCTGAAAGGACAC,1
CCTCCTGAAATCCGTC,9
CCTCCTGAAATGTTGC,3
CCTCCTGAACACGACC,6
CCTCCTGAACAGATTC,3
CCTCCTGAAGATGTAC,8
CCTCCTGAAGCACCTC,3
CCTCCTGAAGCCATGC,7
CCTCCTGAAGGCTAAC,7
CCTCCTGACATCAAGT,2
CCTCCTGAATAGCGAC,7
CCTCCTGAATCATTCC,7
CCTCCTGAATTGGCTC,7
CCTCCTGACAAGGAGC,6
CCTCCTGACACCTTAC,6
CCTCCTGACCATCCTC,6
CCTCCTGACCGACAAC,6
CCTCCTGACCTAATCC,6
CCTCCTGACCTCTATC,6
CCTCCTGACGACACAC,6
CCTCCTGACGCTGATC,2
CCTCCTGACGGATTGC,6
CCTCCTGACTAAGGTC,6
CCTCCTGAGAACAGGC,6
CCTCCTGAGACAGTGC,6
CCTCCTGAGAGTTAGC,6
CCTCCTGAGATGAATC,2
CCTCCTGAGCCAAGAC,6
CCTCCTGACGGAAGAA,6
CCTCCTGAGTGACAAG,6
CCTCCTGAGAACCAGA,6
CCGTGAGAAACGTGAT,5
CCGTGAGAACAAGCTA,2
CCGTGAGATTGCTGGA,6
CCGTGAGACTGTAGCC,2
CCGTGAGAAGTACAAG,2
CCGTGAGAAACAACCA,4
CCGTGAGAAACCGAGA,4
CCGTGAGAAACGCTTA,1
CCGTGAGAAAGACGGA,1
CCGTGAGAAAGGTACA,1
CCGTGAGAACACAGAA,1
CCGTGAGAACAGCAGA,1
CCGTGAGAAAACATCG,4
CCGTGAGAACCTCCAA,1
CCGTGAGAACGCTCGA,1
CCGTGAGAACGTATCA,1
CCGTGAGAACTATGCA,1
CCGTGAGAAGAGTCAA,1
CCGTGAGAAGATCGCA,1
CCGTGAGAAGCAGGAA,1
CCGTGAGAAGTCACTA,1
CCGTGAGAATCCTGTA,1
CCGTGAGAATTGAGGA,1
CCGTGAGAATGCCTAA,4
CCGTGAGACAACCACA,1
CCGTGAGAGACTAGTA,1
CCGTGAGACAATGGAA,1
CCGTGAGACACTTCGA,1
CCGTGAGACAGCGTTA,9
CCGTGAGACATACCAA,3
CCGTGAGACCAGTTCA,3
CCGTGAGACCGAAGTA,3
CCGTGAGACCGTGAGA,3
CCGTGAGACCTCCTGA,3
CCGTGAGAAGTGGTCA,4
CCGTGAGACGAACTTA,3
CCGTGAGACGACTGGA,3
CCGTGAGACGCATACA,3
CCGTGAGACTCAATGA,6
CCGTGAGACTGAGCCA,3
CCGTGAGACTGGCATA,3
CCGTGAGAGAATCTGA,3
CCGTGAGACAAGACTA,3
CCGTGAGAGAGCTGAA,3
CCGTGAGAGATAGACA,3
CCGTGAGAACCACTGT,4
CCGTGAGAGCCACATA,3
CCGTGAGAGCGAGTAA,3
CCGTGAGAGCTAACGA,3
CCGTGAGAGCTCGGTA,3
CCGTGAGAGGAGAACA,3
CCGTGAGAGGTGCGAA,3
CCGTGAGAGTACGCAA,3
CCGTGAGAGTCGTAGA,3
CCGTGAGAGTCTGTCA,3
CCGTGAGAGTGTTCTA,3
CCGTGAGAACATTGGC,4
CCGTGAGATAGGATGA,3
CCGTGAGATATCAGCA,3
CCGTGAGATCCGTCTA,3
CCGTGAGATCTTCACA,3
CCGTGAGATGAAGAGA,3
CCGTGAGATGGAACAA,3
CCGTGAGATGGCTTCA,3
CCGTGAGATGGTGGTA,3
CCGTGAGATTCACGCA,3
CCGTGAGAAACTCACC,3
CCGTGAGACAGATCTG,4
CCGTGAGAAAGAGATC,3
CCGTGAGAAAGGACAC,3
CCGTGAGAAATCCGTC,9
CCGTGAGAAATGTTGC,6
CCGTGAGAACACGACC,3
CCGTGAGAACAGATTC,3
CCGTGAGAAGATGTAC,7
CCGTGAGAAGCACCTC,3
CCGTGAGAAGCCATGC,7
CCGTGAGAAGGCTAAC,7
CCGTGAGACATCAAGT,2
CCGTGAGAATAGCGAC,7
CCGTGAGAATCATTCC,7
CCGTGAGAATTGGCTC,7
CCGTGAGACAAGGAGC,6
CCGTGAGACACCTTAC,6
CCGTGAGACCATCCTC,6
CCGTGAGACCGACAAC,6
CCGTGAGACCTAATCC,6
CCGTGAGACCTCTATC,6
CCGTGAGACGACACAC,6
CCGTGAGACGCTGATC,2
CCGTGAGACGGATTGC,6
CCGTGAGACTAAGGTC,6
CCGTGAGAGAACAGGC,6
CCGTGAGAGACAGTGC,6
CCGTGAGAGAGTTAGC,6
CCGTGAGAGATGAATC,6
CCGTGAGAGCCAAGAC,6
CCGTGAGACGGAAGAA,6
CCGTGAGAGTGACAAG,6
CCGTGAGAGAACCAGA,6
CCGAAGTAAACGTGAT,5
CCGAAGTAACAAGCTA,2
CCGAAGTATTGCTGGA,6
CCGAAGTACTGTAGCC,2
CCGAAGTAAGTACAAG,2
CCGAAGTAAACAACCA,4
CCGAAGTAAACCGAGA,1
CCGAAGTAAACGCTTA,1
CCGAAGTAAAGACGGA,1
CCGAAGTAAAGGTACA,1
CCGAAGTAACACAGAA,1
CCGAAGTAACAGCAGA,1
CCGAAGTAAAACATCG,4
CCGAAGTAACCTCCAA,1
CCGAAGTAACGCTCGA,1
CCGAAGTAACGTATCA,1
CCGAAGTAACTATGCA,1
CCGAAGTAAGAGTCAA,1
CCGAAGTAAGATCGCA,1
CCGAAGTAAGCAGGAA,1
CCGAAGTAAGTCACTA,1
CCGAAGTAATCCTGTA,1
CCGAAGTAATTGAGGA,1
CCGAAGTAATGCCTAA,4
CCGAAGTACAACCACA,1
CCGAAGTAGACTAGTA,1
CCGAAGTACAATGGAA,1
CCGAAGTACACTTCGA,9
CCGAAGTACAGCGTTA,9
CCGAAGTACATACCAA,3
CCGAAGTACCAGTTCA,3
CCGAAGTACCGAAGTA,3
CCGAAGTACCGTGAGA,3
CCGAAGTACCTCCTGA,3
CCGAAGTAAGTGGTCA,4
CCGAAGTACGAACTTA,3
CCGAAGTACGACTGGA,3
CCGAAGTACGCATACA,3
CCGAAGTACTCAATGA,3
CCGAAGTACTGAGCCA,3
CCGAAGTACTGGCATA,3
CCGAAGTAGAATCTGA,3
CCGAAGTACAAGACTA,3
CCGAAGTAGAGCTGAA,3
CCGAAGTAGATAGACA,3
CCGAAGTAACCACTGT,4
CCGAAGTAGCCACATA,3
CCGAAGTAGCGAGTAA,3
CCGAAGTAGCTAACGA,3
CCGAAGTAGCTCGGTA,3
CCGAAGTAGGAGAACA,3
CCGAAGTAGGTGCGAA,3
CCGAAGTAGTACGCAA,3
CCGAAGTAGTCGTAGA,3
CCGAAGTAGTCTGTCA,3
CCGAAGTAGTGTTCTA,3
CCGAAGTAACATTGGC,2
CCGAAGTATAGGATGA,3
CCGAAGTATATCAGCA,3
CCGAAGTATCCGTCTA,3
CCGAAGTATCTTCACA,3
CCGAAGTATGAAGAGA,3
CCGAAGTATGGAACAA,3
CCGAAGTATGGCTTCA,3
CCGAAGTATGGTGGTA,3
CCGAAGTATTCACGCA,3
CCGAAGTAAACTCACC,3
CCGAAGTACAGATCTG,4
CCGAAGTAAAGAGATC,3
CCGAAGTAAAGGACAC,3
CCGAAGTAAATCCGTC,3
CCGAAGTAAATGTTGC,3
CCGAAGTAACACGACC,6
CCGAAGTAACAGATTC,3
CCGAAGTAAGATGTAC,7
CCGAAGTAAGCACCTC,3
CCGAAGTAAGCCATGC,6
CCGAAGTAAGGCTAAC,7
CCGAAGTACATCAAGT,2
CCGAAGTAATAGCGAC,7
CCGAAGTAATCATTCC,7
CCGAAGTAATTGGCTC,7
CCGAAGTACAAGGAGC,6
CCGAAGTACACCTTAC,6
CCGAAGTACCATCCTC,6
CCGAAGTACCGACAAC,6
CCGAAGTACCTAATCC,6
CCGAAGTACCTCTATC,6
CCGAAGTACGACACAC,6
CCGAAGTACGCTGATC,2
CCGAAGTACGGATTGC,6
CCGAAGTACTAAGGTC,6
CCGAAGTAGAACAGGC,6
CCGAAGTAGACAGTGC,6
CCGAAGTAGAGTTAGC,6
CCGAAGTAGATGAATC,6
CCGAAGTAGCCAAGAC,6
CCGAAGTACGGAAGAA,6
CCGAAGTAGTGACAAG,6
CCGAAGTAGAACCAGA,6
CCAGTTCAAACGTGAT,5
CCAGTTCAACAAGCTA,2
CCAGTTCATTGCTGGA,6
CCAGTTCACTGTAGCC,2
CCAGTTCAAGTACAAG,4
CCAGTTCAAACAACCA,4
CCAGTTCAAACCGAGA,1
CCAGTTCAAACGCTTA,1
CCAGTTCAAAGACGGA,1
CCAGTTCAAAGGTACA,1
CCAGTTCAACACAGAA,1
CCAGTTCAACAGCAGA,1
CCAGTTCAAAACATCG,5
CCAGTTCAACCTCCAA,1
CCAGTTCAACGCTCGA,1
CCAGTTCAACGTATCA,1
CCAGTTCAACTATGCA,1
CCAGTTCAAGAGTCAA,1
CCAGTTCAAGATCGCA,1
CCAGTTCAAGCAGGAA,1
CCAGTTCAAGTCACTA,1
CCAGTTCAATCCTGTA,1
CCAGTTCAATTGAGGA,1
CCAGTTCAATGCCTAA,5
CCAGTTCACAACCACA,1
CCAGTTCAGACTAGTA,1
CCAGTTCACAATGGAA,1
CCAGTTCACACTTCGA,1
CCAGTTCACAGCGTTA,9
CCAGTTCACATACCAA,3
CCAGTTCACCAGTTCA,3
CCAGTTCACCGAAGTA,3
CCAGTTCACCGTGAGA,3
CCAGTTCACCTCCTGA,3
CCAGTTCAAGTGGTCA,4
CCAGTTCACGAACTTA,3
CCAGTTCACGACTGGA,3
CCAGTTCACGCATACA,3
CCAGTTCACTCAATGA,3
CCAGTTCACTGAGCCA,3
CCAGTTCACTGGCATA,3
CCAGTTCAGAATCTGA,3
CCAGTTCACAAGACTA,3
CCAGTTCAGAGCTGAA,3
CCAGTTCAGATAGACA,3
CCAGTTCAACCACTGT,4
CCAGTTCAGCCACATA,3
CCAGTTCAGCGAGTAA,3
CCAGTTCAGCTAACGA,3
CCAGTTCAGCTCGGTA,3
CCAGTTCAGGAGAACA,3
CCAGTTCAGGTGCGAA,3
CCAGTTCAGTACGCAA,3
CCAGTTCAGTCGTAGA,3
CCAGTTCAGTCTGTCA,3
CCAGTTCAGTGTTCTA,3
CCAGTTCAACATTGGC,4
CCAGTTCATAGGATGA,3
CCAGTTCATATCAGCA,3
CCAGTTCATCCGTCTA,3
CCAGTTCATCTTCACA,3
CCAGTTCATGAAGAGA,3
CCAGTTCATGGAACAA,3
CCAGTTCATGGCTTCA,3
CCAGTTCATGGTGGTA,3
CCAGTTCATTCACGCA,3
CCAGTTCAAACTCACC,3
CCAGTTCACAGATCTG,4
CCAGTTCAAAGAGATC,3
CCAGTTCAAAGGACAC,3
CCAGTTCAAATCCGTC,3
CCAGTTCAAATGTTGC,3
CCAGTTCAACACGACC,6
CCAGTTCAACAGATTC,6
CCAGTTCAAGATGTAC,3
CCAGTTCAAGCACCTC,3
CCAGTTCAAGCCATGC,6
CCAGTTCAAGGCTAAC,7
CCAGTTCACATCAAGT,2
CCAGTTCAATAGCGAC,7
CCAGTTCAATCATTCC,7
CCAGTTCAATTGGCTC,7
CCAGTTCACAAGGAGC,6
CCAGTTCACACCTTAC,6
CCAGTTCACCATCCTC,6
CCAGTTCACCGACAAC,6
CCAGTTCACCTAATCC,6
CCAGTTCACCTCTATC,6
CCAGTTCACGACACAC,6
CCAGTTCACGCTGATC,2
CCAGTTCACGGATTGC,6
CCAGTTCACTAAGGTC,6
CCAGTTCAGAACAGGC,6
CCAGTTCAGACAGTGC,6
CCAGTTCAGAGTTAGC,6
CCAGTTCAGATGAATC,6
CCAGTTCAGCCAAGAC,6
CCAGTTCACGGAAGAA,6
CCAGTTCAGTGACAAG,6
CCAGTTCAGAACCAGA,6
CATACCAAAACGTGAT,5
CATACCAAACAAGCTA,2
CATACCAATTGCTGGA,5
CATACCAACTGTAGCC,4
CATACCAAAGTACAAG,4
CATACCAAAACAACCA,4
CATACCAAAACCGAGA,4
CATACCAAAACGCTTA,1
CATACCAAAAGACGGA,1
CATACCAAAAGGTACA,1
CATACCAAACACAGAA,1
CATACCAAACAGCAGA,1
CATACCAAAAACATCG,5
CATACCAAACCTCCAA,1
CATACCAAACGCTCGA,1
CATACCAAACGTATCA,1
CATACCAAACTATGCA,1
CATACCAAAGAGTCAA,1
CATACCAAAGATCGCA,1
CATACCAAAGCAGGAA,1
CATACCAAAGTCACTA,1
CATACCAAATCCTGTA,1
CATACCAAATTGAGGA,1
CATACCAAATGCCTAA,5
CATACCAACAACCACA,1
CATACCAAGACTAGTA,1
CATACCAACAATGGAA,1
CATACCAACACTTCGA,9
CATACCAACAGCGTTA,9
CATACCAACATACCAA,3
CATACCAACCAGTTCA,3
CATACCAACCGAAGTA,3
CATACCAACCGTGAGA,3
CATACCAACCTCCTGA,3
CATACCAAAGTGGTCA,4
CATACCAACGAACTTA,3
CATACCAACGACTGGA,3
CATACCAACGCATACA,3
CATACCAACTCAATGA,3
CATACCAACTGAGCCA,3
CATACCAACTGGCATA,3
CATACCAAGAATCTGA,3
CATACCAACAAGACTA,3
CATACCAAGAGCTGAA,3
CATACCAAGATAGACA,3
CATACCAAACCACTGT,2
CATACCAAGCCACATA,3
CATACCAAGCGAGTAA,3
CATACCAAGCTAACGA,3
CATACCAAGCTCGGTA,3
CATACCAAGGAGAACA,3
CATACCAAGGTGCGAA,3
CATACCAAGTACGCAA,3
CATACCAAGTCGTAGA,3
CATACCAAGTCTGTCA,3
CATACCAAGTGTTCTA,3
CATACCAAACATTGGC,4
CATACCAATAGGATGA,3
CATACCAATATCAGCA,3
CATACCAATCCGTCTA,9
CATACCAATCTTCACA,3
CATACCAATGAAGAGA,3
CATACCAATGGAACAA,3
CATACCAATGGCTTCA,3
CATACCAATGGTGGTA,3
CATACCAATTCACGCA,6
CATACCAAAACTCACC,6
CATACCAACAGATCTG,4
CATACCAAAAGAGATC,3
CATACCAAAAGGACAC,3
CATACCAAAATCCGTC,3
CATACCAAAATGTTGC,3
CATACCAAACACGACC,3
CATACCAAACAGATTC,8
CATACCAAAGATGTAC,3
CATACCAAAGCACCTC,9
CATACCAAAGCCATGC,7
CATACCAAAGGCTAAC,7
CATACCAACATCAAGT,2
CATACCAAATAGCGAC,7
CATACCAAATCATTCC,7
CATACCAAATTGGCTC,7
CATACCAACAAGGAGC,6
CATACCAACACCTTAC,6
CATACCAACCATCCTC,6
CATACCAACCGACAAC,6
CATACCAACCTAATCC,6
CATACCAACCTCTATC,6
CATACCAACGACACAC,6
CATACCAACGCTGATC,2
CATACCAACGGATTGC,6
CATACCAACTAAGGTC,6
CATACCAAGAACAGGC,6
CATACCAAGACAGTGC,6
CATACCAAGAGTTAGC,6
CATACCAAGATGAATC,6
CATACCAAGCCAAGAC,6
CATACCAACGGAAGAA,6
CATACCAAGTGACAAG,6
CATACCAAGAACCAGA,6
CAGCGTTAACAAGCTA,2
CAGCGTTATTGCTGGA,6
CAGCGTTACTGTAGCC,2
CAGCGTTAAGTACAAG,2
CAGCGTTAAACAACCA,4
CAGCGTTAAACCGAGA,4
CAGCGTTAAACGCTTA,4
CAGCGTTAAAGACGGA,1
CAGCGTTAAAGGTACA,1
CAGCGTTAACACAGAA,1
CAGCGTTAACAGCAGA,1
CAGCGTTAAAACATCG,5
CAGCGTTAACCTCCAA,1
CAGCGTTAACGCTCGA,1
CAGCGTTAACGTATCA,1
CAGCGTTAACTATGCA,1
CAGCGTTAAGAGTCAA,1
CAGCGTTAAGATCGCA,1
CAGCGTTAAGCAGGAA,1
CAGCGTTAAGTCACTA,1
CAGCGTTAATCCTGTA,1
CAGCGTTAATTGAGGA,1
CAGCGTTAATGCCTAA,5
CAGCGTTACAACCACA,1
CAGCGTTAGACTAGTA,1
CAGCGTTACAATGGAA,1
CAGCGTTACACTTCGA,1
CAGCGTTACAGCGTTA,1
CAGCGTTACATACCAA,3
CAGCGTTACCAGTTCA,3
CAGCGTTACCGAAGTA,3
CAGCGTTACCGTGAGA,3
CAGCGTTACCTCCTGA,3
CAGCGTTAAGTGGTCA,5
CAGCGTTACGAACTTA,3
CAGCGTTACGACTGGA,3
CAGCGTTACGCATACA,3
CAGCGTTACTCAATGA,3
CAGCGTTACTGAGCCA,3
CAGCGTTACTGGCATA,3
CAGCGTTAGAATCTGA,3
CAGCGTTACAAGACTA,3
CAGCGTTAGAGCTGAA,3
CAGCGTTAGATAGACA,3
CAGCGTTAACCACTGT,4
CAGCGTTAGCCACATA,3
CAGCGTTAGCGAGTAA,3
CAGCGTTAGCTAACGA,3
CAGCGTTAGCTCGGTA,3
CAGCGTTAGGAGAACA,3
CAGCGTTAGGTGCGAA,3
CAGCGTTAGTACGCAA,3
CAGCGTTAGTCGTAGA,3
CAGCGTTAGTCTGTCA,3
CAGCGTTAGTGTTCTA,3
CAGCGTTAACATTGGC,4
CAGCGTTATAGGATGA,3
CAGCGTTATATCAGCA,3
CAGCGTTATCCGTCTA,3
CAGCGTTATCTTCACA,3
CAGCGTTATGAAGAGA,3
CAGCGTTATGGAACAA,3
CAGCGTTATGGCTTCA,3
CAGCGTTATGGTGGTA,3
CAGCGTTATTCACGCA,3
CAGCGTTAAACTCACC,3
CAGCGTTACAGATCTG,2
CAGCGTTAAAGAGATC,3
CAGCGTTAAAGGACAC,3
CAGCGTTAAATCCGTC,3
CAGCGTTAAATGTTGC,3
CAGCGTTAACACGACC,3
CAGCGTTAACAGATTC,3
CAGCGTTAAGATGTAC,9
CAGCGTTAAGCACCTC,9
CAGCGTTAAGCCATGC,3
CAGCGTTAAGGCTAAC,7
CAGCGTTACATCAAGT,2
CAGCGTTAATAGCGAC,7
CAGCGTTAATCATTCC,7
CAGCGTTAATTGGCTC,7
CAGCGTTACAAGGAGC,6
CAGCGTTACACCTTAC,6
CAGCGTTACCATCCTC,6
CAGCGTTACCGACAAC,6
CAGCGTTACCTAATCC,6
CAGCGTTACCTCTATC,6
CAGCGTTACGACACAC,6
CAGCGTTACGCTGATC,4
CAGCGTTACGGATTGC,6
CAGCGTTACTAAGGTC,6
CAGCGTTAGAACAGGC,6
CAGCGTTAGACAGTGC,6
CAGCGTTAGAGTTAGC,6
CAGCGTTAGATGAATC,6
CAGCGTTAGCCAAGAC,6
CAGCGTTACGGAAGAA,6
CAGCGTTAGTGACAAG,6
CAGCGTTAGAACCAGA,6
CACTTCGAACAAGCTA,2
CACTTCGATTGCTGGA,6
CACTTCGACTGTAGCC,2
CACTTCGAAGTACAAG,2
CACTTCGAAACAACCA,2
CACTTCGAAACCGAGA,4
CACTTCGAAACGCTTA,1
CACTTCGAAAGACGGA,1
CACTTCGAAAGGTACA,4
CACTTCGAACACAGAA,1
CACTTCGAACAGCAGA,1
CACTTCGAAAACATCG,5
CACTTCGAACCTCCAA,1
CACTTCGAACGCTCGA,1
CACTTCGAACGTATCA,1
CACTTCGAACTATGCA,1
CACTTCGAAGAGTCAA,1
CACTTCGAAGATCGCA,1
CACTTCGAAGCAGGAA,1
CACTTCGAAGTCACTA,1
CACTTCGAATCCTGTA,1
CACTTCGAATTGAGGA,1
CACTTCGAATGCCTAA,5
CACTTCGACAACCACA,1
CACTTCGAGACTAGTA,1
CACTTCGACAATGGAA,1
CACTTCGACACTTCGA,1
CACTTCGACAGCGTTA,9
CACTTCGACATACCAA,3
CACTTCGACCAGTTCA,3
CACTTCGACCGAAGTA,3
CACTTCGACCGTGAGA,3
CACTTCGACCTCCTGA,1
CACTTCGAAGTGGTCA,5
CACTTCGACGAACTTA,3
CACTTCGACGACTGGA,3
CACTTCGACGCATACA,3
CACTTCGACTCAATGA,3
CACTTCGACTGAGCCA,3
CACTTCGACTGGCATA,3
CACTTCGAGAATCTGA,3
CACTTCGACAAGACTA,3
CACTTCGAGAGCTGAA,3
CACTTCGAGATAGACA,3
CACTTCGAACCACTGT,5
CACTTCGAGCCACATA,3
CACTTCGAGCGAGTAA,3
CACTTCGAGCTAACGA,6
CACTTCGAGCTCGGTA,3
CACTTCGAGGAGAACA,3
CACTTCGAGGTGCGAA,3
CACTTCGAGTACGCAA,3
CACTTCGAGTCGTAGA,3
CACTTCGAGTCTGTCA,3
CACTTCGAGTGTTCTA,3
CACTTCGAACATTGGC,4
CACTTCGATAGGATGA,3
CACTTCGATATCAGCA,3
CACTTCGATCCGTCTA,3
CACTTCGATCTTCACA,3
CACTTCGATGAAGAGA,3
CACTTCGATGGAACAA,3
CACTTCGATGGCTTCA,3
CACTTCGATGGTGGTA,3
CACTTCGATTCACGCA,3
CACTTCGAAACTCACC,6
CACTTCGACAGATCTG,4
CACTTCGAAAGAGATC,6
CACTTCGAAAGGACAC,3
CACTTCGAAATCCGTC,3
CACTTCGAAATGTTGC,3
CACTTCGAACACGACC,9
CACTTCGAACAGATTC,3
CACTTCGAAGATGTAC,3
CACTTCGAAGCACCTC,3
CACTTCGAAGCCATGC,6
CACTTCGAAGGCTAAC,7
CACTTCGACATCAAGT,4
CACTTCGAATAGCGAC,7
CACTTCGAATCATTCC,7
CACTTCGAATTGGCTC,7
CACTTCGACAAGGAGC,6
CACTTCGACACCTTAC,6
CACTTCGACCATCCTC,6
CACTTCGACCGACAAC,6
CACTTCGACCTAATCC,1
CACTTCGACCTCTATC,6
CACTTCGACGACACAC,6
CACTTCGACGCTGATC,1
CACTTCGACGGATTGC,6
CACTTCGACTAAGGTC,6
CACTTCGAGAACAGGC,6
CACTTCGAGACAGTGC,6
CACTTCGAGAGTTAGC,6
CACTTCGAGATGAATC,6
CACTTCGAGCCAAGAC,6
CACTTCGACGGAAGAA,6
CACTTCGAGTGACAAG,6
CACTTCGAGAACCAGA,6
CAATGGAAACAAGCTA,2
CAATGGAATTGCTGGA,6
CAATGGAACTGTAGCC,2
CAATGGAAAGTACAAG,2
CAATGGAAAACAACCA,1
CAATGGAAAACCGAGA,1
CAATGGAAAACGCTTA,1
CAATGGAAAAGACGGA,4
CAATGGAAAAGGTACA,1
CAATGGAAACACAGAA,1
CAATGGAAACAGCAGA,1
CAATGGAAAAACATCG,5
CAATGGAAACCTCCAA,1
CAATGGAAACGCTCGA,1
CAATGGAAACGTATCA,1
CAATGGAAACTATGCA,1
CAATGGAAAGAGTCAA,1
CAATGGAAAGATCGCA,1
CAATGGAAAGCAGGAA,1
CAATGGAAAGTCACTA,1
CAATGGAAATCCTGTA,1
CAATGGAAATTGAGGA,1
CAATGGAAATGCCTAA,5
CAATGGAACAACCACA,1
CAATGGAAGACTAGTA,1
CAATGGAACAATGGAA,1
CAATGGAACACTTCGA,1
CAATGGAACAGCGTTA,1
CAATGGAACATACCAA,8
CAATGGAACCAGTTCA,3
CAATGGAACCGAAGTA,3
CAATGGAACCGTGAGA,3
CAATGGAACCTCCTGA,3
CAATGGAACGAACTTA,3
CAATGGAACGACTGGA,3
CAATGGAACGCATACA,3
CAATGGAACTCAATGA,3
CAATGGAACTGAGCCA,3
CAATGGAACTGGCATA,3
CAATGGAAGAATCTGA,3
CAATGGAACAAGACTA,3
CAATGGAAGAGCTGAA,3
CAATGGAAGATAGACA,3
CAATGGAAACCACTGT,5
CAATGGAAGCCACATA,3
CAATGGAAGCGAGTAA,3
CAATGGAAGCTAACGA,3
CAATGGAAGCTCGGTA,3
CAATGGAAGGAGAACA,3
CAATGGAAGGTGCGAA,3
CAATGGAAGTACGCAA,3
CAATGGAAGTCGTAGA,3
CAATGGAAGTCTGTCA,3
CAATGGAAGTGTTCTA,3
CAATGGAAACATTGGC,4
CAATGGAATAGGATGA,3
CAATGGAATATCAGCA,3
CAATGGAATCCGTCTA,3
CAATGGAATCTTCACA,3
CAATGGAATGAAGAGA,3
CAATGGAATGGAACAA,3
CAATGGAATGGCTTCA,3
CAATGGAATGGTGGTA,3
CAATGGAATTCACGCA,3
CAATGGAAAACTCACC,3
CAATGGAACAGATCTG,4
CAATGGAAAAGAGATC,3
CAATGGAAAAGGACAC,3
CAATGGAAAATCCGTC,3
CAATGGAAAATGTTGC,3
CAATGGAAACACGACC,3
CAATGGAAACAGATTC,3
CAATGGAAAGATGTAC,3
CAATGGAAAGCACCTC,9
CAATGGAAAGCCATGC,7
CAATGGAAAGGCTAAC,7
CAATGGAACATCAAGT,4
CAATGGAAATAGCGAC,7
CAATGGAAATCATTCC,7
CAATGGAAATTGGCTC,6
CAATGGAACAAGGAGC,6
CAATGGAACACCTTAC,6
CAATGGAACCATCCTC,6
CAATGGAACCGACAAC,6
CAATGGAACCTAATCC,6
CAATGGAACCTCTATC,6
CAATGGAACGACACAC,6
CAATGGAACGCTGATC,2
CAATGGAACGGATTGC,6
CAATGGAACTAAGGTC,6
CAATGGAAGAACAGGC,6
CAATGGAAGACAGTGC,6
CAATGGAAGAGTTAGC,6
CAATGGAAGATGAATC,6
CAATGGAAGCCAAGAC,6
CAATGGAACGGAAGAA,6
CAATGGAAGTGACAAG,6
CAATGGAAGAACCAGA,5
GATGAATCTTGCTGGA,5
GATGAATCACGTATCA,4
GATGAATCACTATGCA,4
GATGAATCAGAGTCAA,5
GATGAATCAGATCGCA,4
GATGAATCAGCAGGAA,5
GATGAATCAGTCACTA,4
GATGAATCATCCTGTA,4
GATGAATCATTGAGGA,4
GATGAATCCAACCACA,4
GATGAATCGACTAGTA,4
GATGAATCCAATGGAA,4
GATGAATCCACTTCGA,4
GATGAATCCAGCGTTA,4
GATGAATCCATACCAA,4
GATGAATCCCAGTTCA,4
GATGAATCCCGAAGTA,4
GATGAATCCCGTGAGA,1
GATGAATCCCTCCTGA,1
GATGAATCCGAACTTA,4
GATGAATCCGACTGGA,2
GATGAATCCGCATACA,2
GATGAATCCTCAATGA,4
GATGAATCCTGAGCCA,2
GATGAATCCTGGCATA,2
GATGAATCGAATCTGA,1
GATGAATCCAAGACTA,4
GATGAATCGAGCTGAA,4
GATGAATCGATAGACA,1
GATGAATCGCCACATA,1
GATGAATCGCGAGTAA,1
GATGAATCGCTAACGA,1
GATGAATCGCTCGGTA,4
GATGAATCGGAGAACA,1
GATGAATCGGTGCGAA,1
GATGAATCGTACGCAA,1
GATGAATCGTCGTAGA,4
GATGAATCGTCTGTCA,4
GATGAATCGTGTTCTA,4
GATGAATCTAGGATGA,1
GATGAATCTATCAGCA,1
GATGAATCTCCGTCTA,1
GATGAATCTCTTCACA,1
GATGAATCTGAAGAGA,1
GATGAATCTGGAACAA,1
GATGAATCTGGCTTCA,1
GATGAATCTGGTGGTA,8
GATGAATCTTCACGCA,1
GATGAATCAACTCACC,1
GATGAATCAAGAGATC,1
GATGAATCAAGGACAC,1
GATGAATCAATCCGTC,1
GATGAATCAATGTTGC,1
GATGAATCACACGACC,1
GATGAATCACAGATTC,1
GATGAATCAGATGTAC,1
GATGAATCAGCACCTC,1
GATGAATCAGCCATGC,1
GATGAATCAGGCTAAC,1
GATGAATCATAGCGAC,1
GATGAATCATCATTCC,1
GATGAATCATTGGCTC,1
GATGAATCCAAGGAGC,1
GATGAATCCACCTTAC,1
GATGAATCCCATCCTC,1
GATGAATCCCGACAAC,1
GATGAATCCCTAATCC,1
GATGAATCCCTCTATC,1
GATGAATCCGACACAC,2
GATGAATCCGGATTGC,4
GATGAATCCTAAGGTC,4
GATGAATCGAACAGGC,4
GATGAATCGACAGTGC,4
GATGAATCGAGTTAGC,4
GATGAATCGATGAATC,5
GATGAATCGCCAAGAC,5
GATGAATCCGGAAGAA,5
GATGAATCGTGACAAG,5
GATGAATCGAACCAGA,5
GACTAGTAACAAGCTA,4
GACTAGTATTGCTGGA,6
GACTAGTACTGTAGCC,2
GACTAGTAAGTACAAG,2
GACTAGTAAACAACCA,1
GACTAGTAAACCGAGA,1
GACTAGTAAACGCTTA,1
GACTAGTAAAGACGGA,1
GACTAGTAAAGGTACA,1
GACTAGTAACACAGAA,1
GACTAGTAACAGCAGA,1
GACTAGTAACCTCCAA,1
GACTAGTAACGCTCGA,1
GACTAGTAACGTATCA,1
GACTAGTAACTATGCA,1
GACTAGTAAGAGTCAA,1
GACTAGTAAGATCGCA,1
GACTAGTAAGCAGGAA,1
GACTAGTAAGTCACTA,1
GACTAGTAATCCTGTA,1
GACTAGTAATTGAGGA,1
GACTAGTAATGCCTAA,5
GACTAGTACAACCACA,1
GACTAGTAGACTAGTA,1
GACTAGTACAATGGAA,1
GACTAGTACACTTCGA,8
GACTAGTACAGCGTTA,8
GACTAGTACATACCAA,8
GACTAGTACCAGTTCA,3
GACTAGTACCGAAGTA,3
GACTAGTACCGTGAGA,3
GACTAGTACCTCCTGA,3
GACTAGTAAGTGGTCA,5
GACTAGTACGAACTTA,3
GACTAGTACGACTGGA,3
GACTAGTACGCATACA,3
GACTAGTACTCAATGA,3
GACTAGTACTGAGCCA,3
GACTAGTACTGGCATA,3
GACTAGTAGAATCTGA,3
GACTAGTACAAGACTA,3
GACTAGTAGAGCTGAA,3
GACTAGTAGATAGACA,3
GACTAGTAACCACTGT,5
GACTAGTAGCCACATA,3
GACTAGTAGCGAGTAA,3
GACTAGTAGCTAACGA,3
GACTAGTAGCTCGGTA,3
GACTAGTAGGAGAACA,3
GACTAGTAGGTGCGAA,3
GACTAGTAGTACGCAA,3
GACTAGTAGTCGTAGA,3
GACTAGTAGTCTGTCA,3
GACTAGTAGTGTTCTA,3
GACTAGTAACATTGGC,4
GACTAGTATAGGATGA,3
GACTAGTATATCAGCA,3
GACTAGTATCCGTCTA,3
GACTAGTATCTTCACA,1
GACTAGTATGAAGAGA,3
GACTAGTATGGAACAA,3
GACTAGTATGGCTTCA,3
GACTAGTATGGTGGTA,3
GACTAGTATTCACGCA,3
GACTAGTAAACTCACC,3
GACTAGTACAGATCTG,4
GACTAGTAAAGAGATC,3
GACTAGTAAAGGACAC,6
GACTAGTAAATCCGTC,6
GACTAGTAAATGTTGC,3
GACTAGTAACACGACC,3
GACTAGTAACAGATTC,3
GACTAGTAAGATGTAC,3
GACTAGTAAGCACCTC,6
GACTAGTAAGCCATGC,7
GACTAGTAAGGCTAAC,7
GACTAGTACATCAAGT,4
GACTAGTAATAGCGAC,7
GACTAGTAATCATTCC,7
GACTAGTAATTGGCTC,6
GACTAGTACAAGGAGC,6
GACTAGTACACCTTAC,6
GACTAGTACCATCCTC,6
GACTAGTACCGACAAC,6
GACTAGTACCTAATCC,6
GACTAGTACCTCTATC,6
GACTAGTACGACACAC,6
GACTAGTACGCTGATC,2
GACTAGTACGGATTGC,6
GACTAGTACTAAGGTC,6
GACTAGTAGAACAGGC,6
GACTAGTAGACAGTGC,6
GACTAGTAGAGTTAGC,6
GACTAGTAGATGAATC,6
GACTAGTAGCCAAGAC,6
GACTAGTACGGAAGAA,6
GACTAGTAGTGACAAG,6
GACTAGTAGAACCAGA,6
CAACCACAACAAGCTA,2
CAACCACATTGCTGGA,6
CAACCACACTGTAGCC,2
CAACCACAAGTACAAG,2
CAACCACAAACAACCA,1
CAACCACAAACCGAGA,1
CAACCACAAACGCTTA,1
CAACCACAAAGACGGA,1
CAACCACAAAGGTACA,1
CAACCACAACACAGAA,1
CAACCACAACAGCAGA,4
CAACCACAACCTCCAA,1
CAACCACAACGCTCGA,1
CAACCACAACGTATCA,1
CAACCACAACTATGCA,1
CAACCACAAGAGTCAA,1
CAACCACAAGATCGCA,1
CAACCACAAGCAGGAA,1
CAACCACAAGTCACTA,1
CAACCACAATCCTGTA,1
CAACCACAATTGAGGA,1
CAACCACAATGCCTAA,5
CAACCACACAACCACA,1
CAACCACAGACTAGTA,1
CAACCACACAATGGAA,1
CAACCACACACTTCGA,1
CAACCACACAGCGTTA,9
CAACCACACATACCAA,8
CAACCACACCAGTTCA,3
CAACCACACCGAAGTA,3
CAACCACACCGTGAGA,3
CAACCACACCTCCTGA,3
CAACCACAAGTGGTCA,5
CAACCACACGAACTTA,3
CAACCACACGACTGGA,3
CAACCACACGCATACA,3
CAACCACACTCAATGA,3
CAACCACACTGAGCCA,3
CAACCACACTGGCATA,3
CAACCACAGAATCTGA,3
CAACCACACAAGACTA,3
CAACCACAGAGCTGAA,3
CAACCACAGATAGACA,3
CAACCACAACCACTGT,5
CAACCACAGCCACATA,3
CAACCACAGCGAGTAA,3
CAACCACAGCTAACGA,3
CAACCACAGCTCGGTA,3
CAACCACAGGAGAACA,3
CAACCACAGGTGCGAA,3
CAACCACAGTACGCAA,3
CAACCACAGTCGTAGA,3
CAACCACAGTCTGTCA,3
CAACCACAGTGTTCTA,3
CAACCACAACATTGGC,4
CAACCACATAGGATGA,3
CAACCACATATCAGCA,3
CAACCACATCCGTCTA,3
CAACCACATCTTCACA,3
CAACCACATGAAGAGA,3
CAACCACATGGAACAA,3
CAACCACATGGCTTCA,3
CAACCACATGGTGGTA,3
CAACCACATTCACGCA,3
CAACCACAAACTCACC,3
CAACCACACAGATCTG,4
CAACCACAAAGAGATC,3
CAACCACAAAGGACAC,6
CAACCACAAATCCGTC,3
CAACCACAAATGTTGC,3
CAACCACAACACGACC,3
CAACCACAACAGATTC,3
CAACCACAAGATGTAC,9
CAACCACAAGCACCTC,3
CAACCACAAGCCATGC,7
CAACCACAAGGCTAAC,7
CAACCACACATCAAGT,4
CAACCACAATAGCGAC,7
CAACCACAATCATTCC,7
CAACCACAATTGGCTC,6
CAACCACACAAGGAGC,6
CAACCACACACCTTAC,6
CAACCACACCATCCTC,6
CAACCACACCGACAAC,6
CAACCACACCTAATCC,6
CAACCACACCTCTATC,6
CAACCACACGACACAC,6
CAACCACACGCTGATC,1
CAACCACACGGATTGC,6
CAACCACACTAAGGTC,6
CAACCACAGAACAGGC,6
CAACCACAGACAGTGC,6
CAACCACAGAGTTAGC,6
CAACCACAGATGAATC,6
CAACCACAGCCAAGAC,6
CAACCACACGGAAGAA,6
CAACCACAGTGACAAG,6
CAACCACAGAACCAGA,4
ATTGAGGAACAAGCTA,2
ATTGAGGATTGCTGGA,6
ATTGAGGACTGTAGCC,2
ATTGAGGAAGTACAAG,1
ATTGAGGAAACAACCA,1
ATTGAGGAAACCGAGA,1
ATTGAGGAAACGCTTA,1
ATTGAGGAAAGACGGA,1
ATTGAGGAAAGGTACA,1
ATTGAGGAACACAGAA,4
ATTGAGGAACAGCAGA,4
ATTGAGGAACCTCCAA,4
ATTGAGGAACGCTCGA,1
ATTGAGGAACGTATCA,1
ATTGAGGAACTATGCA,1
ATTGAGGAAGAGTCAA,1
ATTGAGGAAGATCGCA,1
ATTGAGGAAGCAGGAA,1
ATTGAGGAAGTCACTA,1
ATTGAGGAATCCTGTA,1
ATTGAGGAATTGAGGA,1
ATTGAGGACAACCACA,1
ATTGAGGAGACTAGTA,1
ATTGAGGACAATGGAA,1
ATTGAGGACACTTCGA,1
ATTGAGGACAGCGTTA,1
ATTGAGGACATACCAA,9
ATTGAGGACCAGTTCA,3
ATTGAGGACCGAAGTA,3
ATTGAGGACCGTGAGA,3
ATTGAGGACCTCCTGA,3
ATTGAGGAAGTGGTCA,5
ATTGAGGACGAACTTA,3
ATTGAGGACGACTGGA,3
ATTGAGGACGCATACA,3
ATTGAGGACTCAATGA,3
ATTGAGGACTGAGCCA,4
ATTGAGGACTGGCATA,3
ATTGAGGAGAATCTGA,3
ATTGAGGACAAGACTA,3
ATTGAGGAGAGCTGAA,3
ATTGAGGAGATAGACA,4
ATTGAGGAACCACTGT,5
ATTGAGGAGCCACATA,3
ATTGAGGAGCGAGTAA,3
ATTGAGGAGCTAACGA,3
ATTGAGGAGCTCGGTA,3
ATTGAGGAGGAGAACA,3
ATTGAGGAGGTGCGAA,3
ATTGAGGAGTACGCAA,3
ATTGAGGAGTCGTAGA,3
ATTGAGGAGTCTGTCA,3
ATTGAGGAGTGTTCTA,3
ATTGAGGAACATTGGC,4
ATTGAGGATAGGATGA,3
ATTGAGGATATCAGCA,3
ATTGAGGATCCGTCTA,3
ATTGAGGATCTTCACA,3
ATTGAGGATGAAGAGA,3
ATTGAGGATGGAACAA,3
ATTGAGGATGGCTTCA,3
ATTGAGGATGGTGGTA,3
ATTGAGGATTCACGCA,3
ATTGAGGAAACTCACC,3
ATTGAGGACAGATCTG,4
ATTGAGGAAAGAGATC,3
ATTGAGGAAAGGACAC,6
ATTGAGGAAATCCGTC,3
ATTGAGGAAATGTTGC,6
ATTGAGGAACACGACC,3
ATTGAGGAACAGATTC,3
ATTGAGGAAGATGTAC,6
ATTGAGGAAGCACCTC,1
ATTGAGGAAGCCATGC,7
ATTGAGGAAGGCTAAC,7
ATTGAGGACATCAAGT,4
ATTGAGGAATAGCGAC,7
ATTGAGGAATCATTCC,7
ATTGAGGAATTGGCTC,6
ATTGAGGACAAGGAGC,6
ATTGAGGACACCTTAC,6
ATTGAGGACCATCCTC,6
ATTGAGGACCGACAAC,6
ATTGAGGACCTAATCC,6
ATTGAGGACCTCTATC,6
ATTGAGGACGACACAC,6
ATTGAGGACGCTGATC,4
ATTGAGGACGGATTGC,6
ATTGAGGACTAAGGTC,6
ATTGAGGAGAACAGGC,6
ATTGAGGAGACAGTGC,6
ATTGAGGAGAGTTAGC,6
ATTGAGGAGATGAATC,6
ATTGAGGAGCCAAGAC,6
ATTGAGGACGGAAGAA,6
ATTGAGGAGTGACAAG,6
ATTGAGGAGAACCAGA,6
ATCCTGTAACAAGCTA,2
ATCCTGTATTGCTGGA,3
ATCCTGTACTGTAGCC,2
ATCCTGTAAGTACAAG,4
ATCCTGTAAACAACCA,1
ATCCTGTAAACCGAGA,1
ATCCTGTAAACGCTTA,4
ATCCTGTAAAGACGGA,4
ATCCTGTAAAGGTACA,1
ATCCTGTAACACAGAA,1
ATCCTGTAACAGCAGA,1
ATCCTGTAACCTCCAA,1
ATCCTGTAACGCTCGA,1
ATCCTGTAACGTATCA,1
ATCCTGTAACTATGCA,1
ATCCTGTAAGAGTCAA,1
ATCCTGTAAGATCGCA,1
ATCCTGTAAGCAGGAA,1
ATCCTGTAAGTCACTA,1
ATCCTGTAATCCTGTA,1
ATCCTGTAATTGAGGA,1
ATCCTGTACAACCACA,1
ATCCTGTAGACTAGTA,1
ATCCTGTACAATGGAA,1
ATCCTGTACACTTCGA,1
ATCCTGTACAGCGTTA,1
ATCCTGTACATACCAA,1
ATCCTGTACCAGTTCA,8
ATCCTGTACCGAAGTA,3
ATCCTGTACCGTGAGA,3
ATCCTGTACCTCCTGA,3
ATCCTGTAAGTGGTCA,5
ATCCTGTACGAACTTA,3
ATCCTGTACGACTGGA,3
ATCCTGTACGCATACA,3
ATCCTGTACTCAATGA,3
ATCCTGTACTGAGCCA,3
ATCCTGTACTGGCATA,3
ATCCTGTAGAATCTGA,3
ATCCTGTACAAGACTA,3
ATCCTGTAGAGCTGAA,3
ATCCTGTAGATAGACA,3
ATCCTGTAACCACTGT,5
ATCCTGTAGCCACATA,3
ATCCTGTAGCGAGTAA,3
ATCCTGTAGCTAACGA,3
ATCCTGTAGCTCGGTA,3
ATCCTGTAGGAGAACA,3
ATCCTGTAGGTGCGAA,3
ATCCTGTAGTACGCAA,3
ATCCTGTAGTCGTAGA,3
ATCCTGTAGTCTGTCA,3
ATCCTGTAGTGTTCTA,3
ATCCTGTAACATTGGC,5
ATCCTGTATAGGATGA,3
ATCCTGTATATCAGCA,3
ATCCTGTATCCGTCTA,3
ATCCTGTATCTTCACA,3
ATCCTGTATGAAGAGA,3
ATCCTGTATGGAACAA,3
ATCCTGTATGGCTTCA,3
ATCCTGTATGGTGGTA,3
ATCCTGTATTCACGCA,3
ATCCTGTAAACTCACC,3
ATCCTGTACAGATCTG,4
ATCCTGTAAAGAGATC,3
ATCCTGTAAAGGACAC,3
ATCCTGTAAATCCGTC,6
ATCCTGTAAATGTTGC,6
ATCCTGTAACACGACC,3
ATCCTGTAACAGATTC,3
ATCCTGTAAGATGTAC,6
ATCCTGTAAGCACCTC,6
ATCCTGTAAGCCATGC,7
ATCCTGTAAGGCTAAC,7
ATCCTGTACATCAAGT,4
ATCCTGTAATAGCGAC,7
ATCCTGTAATCATTCC,7
ATCCTGTAATTGGCTC,6
ATCCTGTACAAGGAGC,6
ATCCTGTACACCTTAC,6
ATCCTGTACCATCCTC,6
ATCCTGTACCGACAAC,6
ATCCTGTACCTAATCC,6
ATCCTGTACCTCTATC,6
ATCCTGTACGACACAC,6
ATCCTGTACGCTGATC,4
ATCCTGTACGGATTGC,6
ATCCTGTACTAAGGTC,6
ATCCTGTAGAACAGGC,6
ATCCTGTAGACAGTGC,6
ATCCTGTAGAGTTAGC,6
ATCCTGTAGATGAATC,6
ATCCTGTAGCCAAGAC,6
ATCCTGTACGGAAGAA,6
ATCCTGTAGTGACAAG,6
ATCCTGTAGAACCAGA,6
AGTCACTAACAAGCTA,4
AGTCACTATTGCTGGA,6
AGTCACTACTGTAGCC,4
AGTCACTAAGTACAAG,1
AGTCACTAAACAACCA,4
AGTCACTAAACCGAGA,4
AGTCACTAAACGCTTA,4
AGTCACTAAAGACGGA,4
AGTCACTAAAGGTACA,1
AGTCACTAACACAGAA,1
AGTCACTAACAGCAGA,1
AGTCACTAACCTCCAA,1
AGTCACTAACGCTCGA,1
AGTCACTAACGTATCA,1
AGTCACTAACTATGCA,1
AGTCACTAAGAGTCAA,1
AGTCACTAAGATCGCA,1
AGTCACTAAGCAGGAA,1
AGTCACTAAGTCACTA,1
AGTCACTAATCCTGTA,1
AGTCACTAATTGAGGA,1
AGTCACTACAACCACA,1
AGTCACTAGACTAGTA,1
AGTCACTACAATGGAA,1
AGTCACTACACTTCGA,1
AGTCACTACAGCGTTA,1
AGTCACTACATACCAA,1
AGTCACTACCAGTTCA,3
AGTCACTACCGAAGTA,3
AGTCACTACCGTGAGA,3
AGTCACTACCTCCTGA,3
AGTCACTACGAACTTA,3
AGTCACTACGACTGGA,3
AGTCACTACGCATACA,3
AGTCACTACTCAATGA,3
AGTCACTACTGAGCCA,3
AGTCACTACTGGCATA,3
AGTCACTAGAATCTGA,3
AGTCACTACAAGACTA,3
AGTCACTAGAGCTGAA,3
AGTCACTAGATAGACA,3
AGTCACTAACCACTGT,5
AGTCACTAGCCACATA,3
AGTCACTAGCGAGTAA,3
AGTCACTAGCTAACGA,3
AGTCACTAGCTCGGTA,3
AGTCACTAGGAGAACA,3
AGTCACTAGGTGCGAA,3
AGTCACTAGTACGCAA,3
AGTCACTAGTCGTAGA,3
AGTCACTAGTCTGTCA,3
AGTCACTAGTGTTCTA,3
AGTCACTAACATTGGC,5
AGTCACTATAGGATGA,3
AGTCACTATATCAGCA,3
AGTCACTATCCGTCTA,3
AGTCACTATCTTCACA,3
AGTCACTATGAAGAGA,3
AGTCACTATGGAACAA,3
AGTCACTATGGCTTCA,3
AGTCACTATGGTGGTA,3
AGTCACTATTCACGCA,3
AGTCACTAAACTCACC,3
AGTCACTACAGATCTG,4
AGTCACTAAAGAGATC,3
AGTCACTAAAGGACAC,3
AGTCACTAAATCCGTC,3
AGTCACTAAATGTTGC,3
AGTCACTAACACGACC,3
AGTCACTAACAGATTC,3
AGTCACTAAGATGTAC,3
AGTCACTAAGCACCTC,6
AGTCACTAAGCCATGC,7
AGTCACTAAGGCTAAC,7
AGTCACTACATCAAGT,4
AGTCACTAATAGCGAC,7
AGTCACTAATCATTCC,7
AGTCACTAATTGGCTC,6
AGTCACTACAAGGAGC,6
AGTCACTACACCTTAC,6
AGTCACTACCATCCTC,6
AGTCACTACCGACAAC,6
AGTCACTACCTAATCC,6
AGTCACTACCTCTATC,6
AGTCACTACGACACAC,6
AGTCACTACGCTGATC,4
AGTCACTACGGATTGC,6
AGTCACTACTAAGGTC,6
AGTCACTAGAACAGGC,6
AGTCACTAGACAGTGC,6
AGTCACTAGAGTTAGC,6
AGTCACTAGATGAATC,6
AGTCACTAGCCAAGAC,6
AGTCACTACGGAAGAA,6
AGTCACTAGTGACAAG,6
AGTCACTAGAACCAGA,6
AGCAGGAAACAAGCTA,4
AGCAGGAATTGCTGGA,5
AGCAGGAACTGTAGCC,4
AGCAGGAAAGTACAAG,4
AGCAGGAAAACAACCA,4
AGCAGGAAAACCGAGA,4
AGCAGGAAAACGCTTA,4
AGCAGGAAAAGACGGA,4
AGCAGGAAAAGGTACA,1
AGCAGGAAACACAGAA,1
AGCAGGAAACAGCAGA,1
AGCAGGAAACCTCCAA,1
AGCAGGAAACGCTCGA,1
AGCAGGAAACGTATCA,1
AGCAGGAAACTATGCA,1
AGCAGGAAAGAGTCAA,1
AGCAGGAAAGATCGCA,1
AGCAGGAAAGCAGGAA,1
AGCAGGAAAGTCACTA,1
AGCAGGAAATCCTGTA,1
AGCAGGAAATTGAGGA,1
AGCAGGAACAACCACA,1
AGCAGGAAGACTAGTA,1
AGCAGGAACAATGGAA,1
AGCAGGAACACTTCGA,1
AGCAGGAACAGCGTTA,1
AGCAGGAACATACCAA,1
AGCAGGAACCAGTTCA,3
AGCAGGAACCGAAGTA,3
AGCAGGAACCGTGAGA,3
AGCAGGAACCTCCTGA,3
AGCAGGAACGAACTTA,3
AGCAGGAACGACTGGA,3
AGCAGGAACGCATACA,3
AGCAGGAACTCAATGA,3
AGCAGGAACTGAGCCA,3
AGCAGGAACTGGCATA,3
AGCAGGAAGAATCTGA,3
AGCAGGAACAAGACTA,3
AGCAGGAAGAGCTGAA,3
AGCAGGAAGATAGACA,3
AGCAGGAAACCACTGT,5
AGCAGGAAGCCACATA,3
AGCAGGAAGCGAGTAA,3
AGCAGGAAGCTAACGA,3
AGCAGGAAGCTCGGTA,3
AGCAGGAAGGAGAACA,3
AGCAGGAAGGTGCGAA,3
AGCAGGAAGTACGCAA,3
AGCAGGAAGTCGTAGA,3
AGCAGGAAGTCTGTCA,3
AGCAGGAAGTGTTCTA,3
AGCAGGAAACATTGGC,5
AGCAGGAATAGGATGA,3
AGCAGGAATATCAGCA,3
AGCAGGAATCCGTCTA,3
AGCAGGAATCTTCACA,3
AGCAGGAATGAAGAGA,3
AGCAGGAATGGAACAA,3
AGCAGGAATGGCTTCA,3
AGCAGGAATGGTGGTA,3
AGCAGGAATTCACGCA,3
AGCAGGAAAACTCACC,3
AGCAGGAACAGATCTG,4
AGCAGGAAAAGAGATC,3
AGCAGGAAAAGGACAC,3
AGCAGGAAAATCCGTC,3
AGCAGGAAAATGTTGC,3
AGCAGGAAACACGACC,3
AGCAGGAAACAGATTC,3
AGCAGGAAAGATGTAC,3
AGCAGGAAAGCACCTC,3
AGCAGGAAAGCCATGC,7
AGCAGGAAAGGCTAAC,7
AGCAGGAACATCAAGT,4
AGCAGGAAATAGCGAC,7
AGCAGGAAATCATTCC,7
AGCAGGAAATTGGCTC,6
AGCAGGAACAAGGAGC,6
AGCAGGAACACCTTAC,6
AGCAGGAACCATCCTC,6
AGCAGGAACCGACAAC,6
AGCAGGAACCTAATCC,6
AGCAGGAACCTCTATC,6
AGCAGGAACGACACAC,6
AGCAGGAACGCTGATC,4
AGCAGGAACGGATTGC,6
AGCAGGAACTAAGGTC,6
AGCAGGAAGAACAGGC,6
AGCAGGAAGACAGTGC,6
AGCAGGAAGAGTTAGC,6
AGCAGGAAGATGAATC,6
AGCAGGAAGCCAAGAC,6
AGCAGGAACGGAAGAA,1
AGCAGGAAGTGACAAG,6
AGCAGGAAGAACCAGA,5
AGATCGCAACAAGCTA,4
AGATCGCATTGCTGGA,5
AGATCGCACTGTAGCC,4
AGATCGCAAGTACAAG,4
AGATCGCAAACAACCA,4
AGATCGCAAACCGAGA,4
AGATCGCAAACGCTTA,4
AGATCGCAAAGACGGA,4
AGATCGCAAAGGTACA,4
AGATCGCAACACAGAA,1
AGATCGCAACAGCAGA,1
AGATCGCAACCTCCAA,1
AGATCGCAACGCTCGA,1
AGATCGCAACGTATCA,1
AGATCGCAACTATGCA,1
AGATCGCAAGAGTCAA,1
AGATCGCAAGATCGCA,1
AGATCGCAAGCAGGAA,1
AGATCGCAAGTCACTA,1
AGATCGCAATCCTGTA,1
AGATCGCAATTGAGGA,1
AGATCGCACAACCACA,1
AGATCGCAGACTAGTA,1
AGATCGCACAATGGAA,1
AGATCGCACACTTCGA,1
AGATCGCACAGCGTTA,1
AGATCGCACATACCAA,1
AGATCGCACCAGTTCA,3
AGATCGCACCGAAGTA,3
AGATCGCACCGTGAGA,3
AGATCGCACCTCCTGA,3
AGATCGCACGAACTTA,4
AGATCGCACGACTGGA,4
AGATCGCACGCATACA,3
AGATCGCACTCAATGA,3
AGATCGCACTGAGCCA,3
AGATCGCACTGGCATA,3
AGATCGCAGAATCTGA,3
AGATCGCACAAGACTA,3
AGATCGCAGAGCTGAA,3
AGATCGCAGATAGACA,3
AGATCGCAACCACTGT,5
AGATCGCAGCCACATA,3
AGATCGCAGCGAGTAA,3
AGATCGCAGCTAACGA,3
AGATCGCAGCTCGGTA,3
AGATCGCAGGAGAACA,3
AGATCGCAGGTGCGAA,3
AGATCGCAGTACGCAA,3
AGATCGCAGTCGTAGA,3
AGATCGCAGTCTGTCA,3
AGATCGCAGTGTTCTA,3
AGATCGCAACATTGGC,5
AGATCGCATAGGATGA,3
AGATCGCATATCAGCA,3
AGATCGCATCCGTCTA,3
AGATCGCATCTTCACA,3
AGATCGCATGAAGAGA,3
AGATCGCATGGAACAA,3
AGATCGCATGGCTTCA,3
AGATCGCATGGTGGTA,3
AGATCGCATTCACGCA,3
AGATCGCAAACTCACC,3
AGATCGCACAGATCTG,5
AGATCGCAAAGAGATC,3
AGATCGCAAAGGACAC,3
AGATCGCAAATCCGTC,6
AGATCGCAAATGTTGC,6
AGATCGCAACACGACC,9
AGATCGCAACAGATTC,9
AGATCGCAAGATGTAC,3
AGATCGCAAGCACCTC,3
AGATCGCAAGCCATGC,6
AGATCGCAAGGCTAAC,7
AGATCGCACATCAAGT,5
AGATCGCAATAGCGAC,7
AGATCGCAATCATTCC,6
AGATCGCAATTGGCTC,6
AGATCGCACAAGGAGC,6
AGATCGCACACCTTAC,6
AGATCGCACCATCCTC,6
AGATCGCACCGACAAC,6
AGATCGCACCTAATCC,6
AGATCGCACCTCTATC,6
AGATCGCACGACACAC,6
AGATCGCACGCTGATC,4
AGATCGCACGGATTGC,6
AGATCGCACTAAGGTC,6
AGATCGCAGAACAGGC,6
AGATCGCAGACAGTGC,6
AGATCGCAGAGTTAGC,6
AGATCGCAGATGAATC,6
AGATCGCAGCCAAGAC,6
AGATCGCACGGAAGAA,6
AGATCGCAGTGACAAG,6
AGATCGCAGAACCAGA,6
AGAGTCAAACAAGCTA,4
AGAGTCAATTGCTGGA,6
AGAGTCAACTGTAGCC,4
AGAGTCAAAGTACAAG,4
AGAGTCAAAACAACCA,4
AGAGTCAAAACCGAGA,4
AGAGTCAAAACGCTTA,4
AGAGTCAAAAGACGGA,4
AGAGTCAAAAGGTACA,4
AGAGTCAAACACAGAA,1
AGAGTCAAACAGCAGA,1
AGAGTCAAACCTCCAA,1
AGAGTCAAACGCTCGA,1
AGAGTCAAACGTATCA,1
AGAGTCAAACTATGCA,1
AGAGTCAAAGAGTCAA,1
AGAGTCAAAGATCGCA,1
AGAGTCAAAGCAGGAA,1
AGAGTCAAAGTCACTA,1
AGAGTCAAATCCTGTA,1
AGAGTCAAATTGAGGA,1
AGAGTCAACAACCACA,1
AGAGTCAAGACTAGTA,1
AGAGTCAACAATGGAA,1
AGAGTCAACACTTCGA,1
AGAGTCAACAGCGTTA,1
AGAGTCAACATACCAA,1
AGAGTCAACCAGTTCA,3
AGAGTCAACCGAAGTA,3
AGAGTCAACCGTGAGA,3
AGAGTCAACCTCCTGA,3
AGAGTCAACGAACTTA,4
AGAGTCAACGACTGGA,1
AGAGTCAACGCATACA,3
AGAGTCAACTCAATGA,3
AGAGTCAACTGAGCCA,3
AGAGTCAACTGGCATA,3
AGAGTCAAGAATCTGA,3
AGAGTCAACAAGACTA,3
AGAGTCAAGAGCTGAA,3
AGAGTCAAGATAGACA,3
AGAGTCAAGCCACATA,3
AGAGTCAAGCGAGTAA,3
AGAGTCAAGCTAACGA,3
AGAGTCAAGCTCGGTA,3
AGAGTCAAGGAGAACA,3
AGAGTCAAGGTGCGAA,3
AGAGTCAAGTACGCAA,3
AGAGTCAAGTCGTAGA,3
AGAGTCAAGTCTGTCA,3
AGAGTCAAGTGTTCTA,3
AGAGTCAAACATTGGC,5
AGAGTCAATAGGATGA,3
AGAGTCAATATCAGCA,3
AGAGTCAATCCGTCTA,3
AGAGTCAATCTTCACA,3
AGAGTCAATGAAGAGA,3
AGAGTCAATGGAACAA,3
AGAGTCAATGGCTTCA,3
AGAGTCAATGGTGGTA,3
AGAGTCAATTCACGCA,3
AGAGTCAAAACTCACC,3
AGAGTCAACAGATCTG,5
AGAGTCAAAAGAGATC,3
AGAGTCAAAAGGACAC,3
AGAGTCAAAATCCGTC,9
AGAGTCAAAATGTTGC,8
AGAGTCAAACACGACC,9
AGAGTCAAACAGATTC,9
AGAGTCAAAGATGTAC,9
AGAGTCAAAGCACCTC,3
AGAGTCAAAGCCATGC,6
AGAGTCAAAGGCTAAC,7
AGAGTCAACATCAAGT,5
AGAGTCAAATAGCGAC,6
AGAGTCAAATCATTCC,6
AGAGTCAAATTGGCTC,6
AGAGTCAACAAGGAGC,6
AGAGTCAACACCTTAC,6
AGAGTCAACCATCCTC,6
AGAGTCAACCGACAAC,6
AGAGTCAACCTAATCC,6
AGAGTCAACCTCTATC,6
AGAGTCAACGACACAC,6
AGAGTCAACGCTGATC,4
AGAGTCAACGGATTGC,6
AGAGTCAACTAAGGTC,6
AGAGTCAAGAACAGGC,6
AGAGTCAAGACAGTGC,6
AGAGTCAAGAGTTAGC,6
AGAGTCAAGATGAATC,6
AGAGTCAAGCCAAGAC,6
AGAGTCAACGGAAGAA,6
AGAGTCAAGTGACAAG,6
AGAGTCAAGAACCAGA,6
ACTATGCAACAAGCTA,4
ACTATGCATTGCTGGA,6
ACTATGCACTGTAGCC,4
ACTATGCAAGTACAAG,4
ACTATGCAAACAACCA,4
ACTATGCAAACCGAGA,4
ACTATGCAAACGCTTA,4
ACTATGCAAAGACGGA,4
ACTATGCAAAGGTACA,4
ACTATGCAACACAGAA,1
ACTATGCAACAGCAGA,1
ACTATGCAACCTCCAA,1
ACTATGCAACGCTCGA,1
ACTATGCAACGTATCA,1
ACTATGCAACTATGCA,1
ACTATGCAAGAGTCAA,1
ACTATGCAAGATCGCA,1
ACTATGCAAGCAGGAA,1
ACTATGCAAGTCACTA,1
ACTATGCAATCCTGTA,1
ACTATGCAATTGAGGA,1
ACTATGCACAACCACA,1
ACTATGCAGACTAGTA,1
ACTATGCACAATGGAA,1
ACTATGCACACTTCGA,1
ACTATGCACAGCGTTA,1
ACTATGCACATACCAA,1
ACTATGCACCAGTTCA,3
ACTATGCACCGAAGTA,3
ACTATGCACCGTGAGA,3
ACTATGCACCTCCTGA,4
ACTATGCACGAACTTA,4
ACTATGCACGACTGGA,4
ACTATGCACGCATACA,3
ACTATGCACTCAATGA,3
ACTATGCACTGAGCCA,3
ACTATGCACTGGCATA,3
ACTATGCAGAATCTGA,3
ACTATGCACAAGACTA,3
ACTATGCAGAGCTGAA,3
ACTATGCAGATAGACA,3
ACTATGCAGCCACATA,3
ACTATGCAGCGAGTAA,3
ACTATGCAGCTAACGA,3
ACTATGCAGCTCGGTA,3
ACTATGCAGGAGAACA,3
ACTATGCAGGTGCGAA,3
ACTATGCAGTACGCAA,3
ACTATGCAGTCGTAGA,3
ACTATGCAGTCTGTCA,3
ACTATGCAGTGTTCTA,3
ACTATGCAACATTGGC,5
ACTATGCATAGGATGA,3
ACTATGCATATCAGCA,3
ACTATGCATCCGTCTA,3
ACTATGCATCTTCACA,3
ACTATGCATGAAGAGA,3
ACTATGCATGGAACAA,3
ACTATGCATGGCTTCA,3
ACTATGCATGGTGGTA,3
ACTATGCATTCACGCA,3
ACTATGCAAACTCACC,3
ACTATGCACAGATCTG,5
ACTATGCAAAGAGATC,3
ACTATGCAAAGGACAC,8
ACTATGCAAATCCGTC,8
ACTATGCAAATGTTGC,8
ACTATGCAACACGACC,8
ACTATGCAACAGATTC,8
ACTATGCAAGATGTAC,9
ACTATGCAAGCACCTC,3
ACTATGCAAGCCATGC,6
ACTATGCAAGGCTAAC,6
ACTATGCACATCAAGT,5
ACTATGCAATAGCGAC,6
ACTATGCAATCATTCC,6
ACTATGCAATTGGCTC,6
ACTATGCACAAGGAGC,6
ACTATGCACACCTTAC,6
ACTATGCACCATCCTC,6
ACTATGCACCGACAAC,6
ACTATGCACCTAATCC,6
ACTATGCACCTCTATC,1
ACTATGCACGACACAC,6
ACTATGCACGCTGATC,5
ACTATGCACGGATTGC,6
ACTATGCACTAAGGTC,6
ACTATGCAGAACAGGC,6
ACTATGCAGACAGTGC,6
ACTATGCAGAGTTAGC,6
ACTATGCAGATGAATC,8
ACTATGCAGCCAAGAC,6
ACTATGCACGGAAGAA,6
ACTATGCAGTGACAAG,6
ACTATGCAGAACCAGA,6
ACGTATCAACAAGCTA,1
ACGTATCATTGCTGGA,6
ACGTATCACTGTAGCC,4
ACGTATCAAGTACAAG,4
ACGTATCAAACAACCA,4
ACGTATCAAACCGAGA,4
ACGTATCAAACGCTTA,4
ACGTATCAAAGACGGA,4
ACGTATCAAAGGTACA,4
ACGTATCAACACAGAA,1
ACGTATCAACAGCAGA,1
ACGTATCAACCTCCAA,1
ACGTATCAACGCTCGA,1
ACGTATCAACGTATCA,1
ACGTATCAACTATGCA,1
ACGTATCAAGAGTCAA,1
ACGTATCAAGATCGCA,1
ACGTATCAAGCAGGAA,1
ACGTATCAAGTCACTA,1
ACGTATCAATCCTGTA,1
ACGTATCAATTGAGGA,1
ACGTATCACAACCACA,1
ACGTATCAGACTAGTA,1
ACGTATCACAATGGAA,1
ACGTATCACACTTCGA,1
ACGTATCACAGCGTTA,1
ACGTATCACATACCAA,1
ACGTATCACCAGTTCA,1
ACGTATCACCGAAGTA,1
ACGTATCACCGTGAGA,3
ACGTATCACCTCCTGA,3
ACGTATCACGAACTTA,3
ACGTATCACGACTGGA,3
ACGTATCACGCATACA,3
ACGTATCACTCAATGA,3
ACGTATCACTGAGCCA,3
ACGTATCACTGGCATA,3
ACGTATCAGAATCTGA,3
ACGTATCACAAGACTA,3
ACGTATCAGAGCTGAA,3
ACGTATCAGATAGACA,3
ACGTATCAGCCACATA,3
ACGTATCAGCGAGTAA,3
ACGTATCAGCTAACGA,3
ACGTATCAGCTCGGTA,3
ACGTATCAGGAGAACA,3
ACGTATCAGGTGCGAA,3
ACGTATCAGTACGCAA,3
ACGTATCAGTCGTAGA,3
ACGTATCAGTCTGTCA,3
ACGTATCAGTGTTCTA,3
ACGTATCAACATTGGC,5
ACGTATCATAGGATGA,3
ACGTATCATATCAGCA,3
ACGTATCATCCGTCTA,3
ACGTATCATCTTCACA,3
ACGTATCATGAAGAGA,3
ACGTATCATGGAACAA,3
ACGTATCATGGCTTCA,3
ACGTATCATGGTGGTA,3
ACGTATCATTCACGCA,3
ACGTATCAAACTCACC,3
ACGTATCACAGATCTG,5
ACGTATCAAAGAGATC,9
ACGTATCAAAGGACAC,1
ACGTATCAAATCCGTC,8
ACGTATCAAATGTTGC,8
ACGTATCAACACGACC,8
ACGTATCAACAGATTC,8
ACGTATCAAGATGTAC,8
ACGTATCAAGCACCTC,6
ACGTATCAAGCCATGC,6
ACGTATCAAGGCTAAC,6
ACGTATCACATCAAGT,5
ACGTATCAATAGCGAC,6
ACGTATCAATCATTCC,6
ACGTATCAATTGGCTC,6
ACGTATCACAAGGAGC,6
ACGTATCACACCTTAC,6
ACGTATCACCATCCTC,6
ACGTATCACCGACAAC,6
ACGTATCACCTAATCC,6
ACGTATCACCTCTATC,6
ACGTATCACGACACAC,6
ACGTATCACGCTGATC,5
ACGTATCACGGATTGC,6
ACGTATCACTAAGGTC,6
ACGTATCAGAACAGGC,6
ACGTATCAGACAGTGC,6
ACGTATCAGAGTTAGC,6
ACGTATCAGATGAATC,6
ACGTATCAGCCAAGAC,6
ACGTATCACGGAAGAA,6
ACGTATCAGTGACAAG,6
ACGTATCAGAACCAGA,6
GAGTTAGCTTGCTGGA,4
GAGTTAGCACGCTCGA,4
GAGTTAGCACGTATCA,4
GAGTTAGCACTATGCA,4
GAGTTAGCAGAGTCAA,4
GAGTTAGCAGATCGCA,1
GAGTTAGCAGCAGGAA,5
GAGTTAGCAGTCACTA,4
GAGTTAGCATCCTGTA,4
GAGTTAGCATTGAGGA,4
GAGTTAGCCAACCACA,4
GAGTTAGCGACTAGTA,4
GAGTTAGCCAATGGAA,4
GAGTTAGCCACTTCGA,2
GAGTTAGCCAGCGTTA,4
GAGTTAGCCATACCAA,4
GAGTTAGCCCAGTTCA,4
GAGTTAGCCCGAAGTA,4
GAGTTAGCCCGTGAGA,4
GAGTTAGCCCTCCTGA,4
GAGTTAGCCGAACTTA,2
GAGTTAGCCGACTGGA,2
GAGTTAGCCGCATACA,2
GAGTTAGCCTCAATGA,1
GAGTTAGCCTGAGCCA,2
GAGTTAGCCTGGCATA,2
GAGTTAGCGAATCTGA,4
GAGTTAGCCAAGACTA,4
GAGTTAGCGAGCTGAA,1
GAGTTAGCGATAGACA,1
GAGTTAGCGCCACATA,1
GAGTTAGCGCGAGTAA,1
GAGTTAGCGCTAACGA,1
GAGTTAGCGCTCGGTA,4
GAGTTAGCGGAGAACA,5
GAGTTAGCGGTGCGAA,1
GAGTTAGCGTACGCAA,1
GAGTTAGCGTCGTAGA,4
GAGTTAGCGTCTGTCA,4
GAGTTAGCGTGTTCTA,4
GAGTTAGCTAGGATGA,1
GAGTTAGCTATCAGCA,1
GAGTTAGCTCCGTCTA,1
GAGTTAGCTCTTCACA,1
GAGTTAGCTGAAGAGA,4
GAGTTAGCTGGAACAA,1
GAGTTAGCTGGCTTCA,4
GAGTTAGCTGGTGGTA,1
GAGTTAGCTTCACGCA,1
GAGTTAGCAACTCACC,1
GAGTTAGCAAGAGATC,1
GAGTTAGCAAGGACAC,1
GAGTTAGCAATCCGTC,1
GAGTTAGCAATGTTGC,1
GAGTTAGCACACGACC,1
GAGTTAGCACAGATTC,1
GAGTTAGCAGATGTAC,1
GAGTTAGCAGCACCTC,1
GAGTTAGCAGCCATGC,1
GAGTTAGCAGGCTAAC,1
GAGTTAGCATAGCGAC,1
GAGTTAGCATCATTCC,1
GAGTTAGCATTGGCTC,1
GAGTTAGCCAAGGAGC,1
GAGTTAGCCACCTTAC,1
GAGTTAGCCCATCCTC,1
GAGTTAGCCCGACAAC,1
GAGTTAGCCCTAATCC,1
GAGTTAGCCCTCTATC,1
GAGTTAGCCGACACAC,2
GAGTTAGCCGGATTGC,2
GAGTTAGCCTAAGGTC,4
GAGTTAGCGAACAGGC,4
GAGTTAGCGACAGTGC,4
GAGTTAGCGAGTTAGC,4
GAGTTAGCGATGAATC,5
GAGTTAGCGCCAAGAC,5
GAGTTAGCCGGAAGAA,5
GAGTTAGCGTGACAAG,5
GAGTTAGCGAACCAGA,5
ACGCTCGAACAAGCTA,5
ACGCTCGATTGCTGGA,6
ACGCTCGACTGTAGCC,4
ACGCTCGAAGTACAAG,4
ACGCTCGAAACAACCA,4
ACGCTCGAAACCGAGA,4
ACGCTCGAAACGCTTA,4
ACGCTCGAAAGACGGA,5
ACGCTCGAAAGGTACA,4
ACGCTCGAACACAGAA,1
ACGCTCGAACAGCAGA,1
ACGCTCGAACCTCCAA,1
ACGCTCGAACGCTCGA,1
ACGCTCGAACGTATCA,1
ACGCTCGAACTATGCA,1
ACGCTCGAAGAGTCAA,1
ACGCTCGAAGATCGCA,4
ACGCTCGAAGCAGGAA,1
ACGCTCGAAGTCACTA,1
ACGCTCGAATCCTGTA,1
ACGCTCGAATTGAGGA,1
ACGCTCGACAACCACA,1
ACGCTCGAGACTAGTA,1
ACGCTCGACAATGGAA,1
ACGCTCGACACTTCGA,1
ACGCTCGACAGCGTTA,1
ACGCTCGACATACCAA,1
ACGCTCGACCAGTTCA,1
ACGCTCGACCGAAGTA,3
ACGCTCGACCGTGAGA,3
ACGCTCGACCTCCTGA,3
ACGCTCGACGAACTTA,3
ACGCTCGACGACTGGA,3
ACGCTCGACGCATACA,3
ACGCTCGACTCAATGA,3
ACGCTCGACTGAGCCA,3
ACGCTCGACTGGCATA,3
ACGCTCGAGAATCTGA,3
ACGCTCGACAAGACTA,3
ACGCTCGAGAGCTGAA,3
ACGCTCGAGATAGACA,3
ACGCTCGAGCCACATA,3
ACGCTCGAGCGAGTAA,3
ACGCTCGAGCTAACGA,3
ACGCTCGAGCTCGGTA,3
ACGCTCGAGGAGAACA,3
ACGCTCGAGGTGCGAA,3
ACGCTCGAGTACGCAA,3
ACGCTCGAGTCGTAGA,3
ACGCTCGAGTCTGTCA,3
ACGCTCGAGTGTTCTA,3
ACGCTCGATAGGATGA,3
ACGCTCGATATCAGCA,3
ACGCTCGATCCGTCTA,3
ACGCTCGATCTTCACA,3
ACGCTCGATGAAGAGA,3
ACGCTCGATGGAACAA,3
ACGCTCGATGGCTTCA,3
ACGCTCGATGGTGGTA,3
ACGCTCGATTCACGCA,3
ACGCTCGAAACTCACC,3
ACGCTCGAAAGAGATC,9
ACGCTCGAAAGGACAC,8
ACGCTCGAAATCCGTC,8
ACGCTCGAAATGTTGC,8
ACGCTCGAACACGACC,8
ACGCTCGAACAGATTC,8
ACGCTCGAAGATGTAC,8
ACGCTCGAAGCACCTC,9
ACGCTCGAAGCCATGC,6
ACGCTCGAAGGCTAAC,6
ACGCTCGACATCAAGT,5
ACGCTCGAATAGCGAC,6
ACGCTCGAATCATTCC,6
ACGCTCGAATTGGCTC,6
ACGCTCGACAAGGAGC,6
ACGCTCGACACCTTAC,6
ACGCTCGACCATCCTC,6
ACGCTCGACCGACAAC,6
ACGCTCGACCTAATCC,6
ACGCTCGACCTCTATC,6
ACGCTCGACGACACAC,6
ACGCTCGACGCTGATC,5
ACGCTCGACGGATTGC,6
ACGCTCGACTAAGGTC,6
ACGCTCGAGAACAGGC,6
ACGCTCGAGACAGTGC,6
ACGCTCGAGAGTTAGC,6
ACGCTCGAGATGAATC,6
ACGCTCGAGCCAAGAC,6
ACGCTCGACGGAAGAA,6
ACGCTCGAGTGACAAG,6
ACGCTCGAGAACCAGA,6
ACCTCCAAACAAGCTA,5
ACCTCCAATTGCTGGA,6
ACCTCCAACTGTAGCC,5
ACCTCCAAAGTACAAG,4
ACCTCCAAAACAACCA,4
ACCTCCAAAACCGAGA,4
ACCTCCAAAACGCTTA,4
ACCTCCAAAAGACGGA,4
ACCTCCAAAAGGTACA,5
ACCTCCAAACACAGAA,1
ACCTCCAAACAGCAGA,1
ACCTCCAAACCTCCAA,1
ACCTCCAAACGCTCGA,1
ACCTCCAAACGTATCA,6
ACCTCCAAACTATGCA,1
ACCTCCAAAGAGTCAA,1
ACCTCCAAAGATCGCA,1
ACCTCCAAAGCAGGAA,1
ACCTCCAAAGTCACTA,1
ACCTCCAAATCCTGTA,1
ACCTCCAAATTGAGGA,1
ACCTCCAACAACCACA,1
ACCTCCAAGACTAGTA,1
ACCTCCAACAATGGAA,1
ACCTCCAACACTTCGA,1
ACCTCCAACAGCGTTA,1
ACCTCCAACATACCAA,1
ACCTCCAACCAGTTCA,1
ACCTCCAACCGAAGTA,1
ACCTCCAACCGTGAGA,3
ACCTCCAACCTCCTGA,3
ACCTCCAACGAACTTA,3
ACCTCCAACGACTGGA,3
ACCTCCAACGCATACA,3
ACCTCCAACTCAATGA,3
ACCTCCAACTGAGCCA,3
ACCTCCAACTGGCATA,3
ACCTCCAAGAATCTGA,3
ACCTCCAACAAGACTA,3
ACCTCCAAGAGCTGAA,3
ACCTCCAAGATAGACA,3
ACCTCCAAGCCACATA,3
ACCTCCAAGCGAGTAA,3
ACCTCCAAGCTAACGA,3
ACCTCCAAGCTCGGTA,3
ACCTCCAAGGAGAACA,3
ACCTCCAAGGTGCGAA,3
ACCTCCAAGTACGCAA,3
ACCTCCAAGTCGTAGA,3
ACCTCCAAGTCTGTCA,3
ACCTCCAAGTGTTCTA,3
ACCTCCAAACATTGGC,5
ACCTCCAATAGGATGA,3
ACCTCCAATATCAGCA,3
ACCTCCAATCCGTCTA,3
ACCTCCAATCTTCACA,6
ACCTCCAATGAAGAGA,3
ACCTCCAATGGAACAA,3
ACCTCCAATGGCTTCA,3
ACCTCCAATGGTGGTA,3
ACCTCCAATTCACGCA,3
ACCTCCAAAACTCACC,9
ACCTCCAACAGATCTG,5
ACCTCCAAAAGAGATC,9
ACCTCCAAAAGGACAC,8
ACCTCCAAAATCCGTC,8
ACCTCCAAAATGTTGC,8
ACCTCCAAACACGACC,8
ACCTCCAAACAGATTC,8
ACCTCCAAAGATGTAC,8
ACCTCCAAAGCACCTC,9
ACCTCCAAAGCCATGC,6
ACCTCCAAAGGCTAAC,6
ACCTCCAACATCAAGT,4
ACCTCCAAATAGCGAC,6
ACCTCCAAATCATTCC,6
ACCTCCAAATTGGCTC,6
ACCTCCAACAAGGAGC,6
ACCTCCAACACCTTAC,6
ACCTCCAACCATCCTC,6
ACCTCCAACCGACAAC,6
ACCTCCAACCTAATCC,6
ACCTCCAACCTCTATC,6
ACCTCCAACGACACAC,6
ACCTCCAACGCTGATC,5
ACCTCCAACGGATTGC,6
ACCTCCAACTAAGGTC,6
ACCTCCAAGAACAGGC,6
ACCTCCAAGACAGTGC,6
ACCTCCAAGAGTTAGC,6
ACCTCCAAGATGAATC,1
ACCTCCAAGCCAAGAC,6
ACCTCCAACGGAAGAA,6
ACCTCCAAGTGACAAG,6
ACCTCCAAGAACCAGA,6
ACAGCAGAACAAGCTA,5
ACAGCAGATTGCTGGA,5
ACAGCAGACTGTAGCC,5
ACAGCAGAAGTACAAG,5
ACAGCAGAAACAACCA,1
ACAGCAGAAACCGAGA,4
ACAGCAGAAACGCTTA,1
ACAGCAGAAAGACGGA,1
ACAGCAGAAAGGTACA,1
ACAGCAGAACACAGAA,1
ACAGCAGAACAGCAGA,1
ACAGCAGAACCTCCAA,1
ACAGCAGAACGCTCGA,6
ACAGCAGAACGTATCA,6
ACAGCAGAACTATGCA,6
ACAGCAGAAGAGTCAA,1
ACAGCAGAAGATCGCA,1
ACAGCAGAAGCAGGAA,1
ACAGCAGAAGTCACTA,1
ACAGCAGAATCCTGTA,1
ACAGCAGAATTGAGGA,1
ACAGCAGACAACCACA,1
ACAGCAGAGACTAGTA,1
ACAGCAGACAATGGAA,1
ACAGCAGACACTTCGA,1
ACAGCAGACAGCGTTA,1
ACAGCAGACATACCAA,1
ACAGCAGACCAGTTCA,1
ACAGCAGACCGAAGTA,1
ACAGCAGACCGTGAGA,1
ACAGCAGACCTCCTGA,3
ACAGCAGACGAACTTA,3
ACAGCAGACGACTGGA,3
ACAGCAGACGCATACA,3
ACAGCAGACTCAATGA,3
ACAGCAGACTGAGCCA,3
ACAGCAGACTGGCATA,3
ACAGCAGAGAATCTGA,3
ACAGCAGACAAGACTA,3
ACAGCAGAGAGCTGAA,3
ACAGCAGAGATAGACA,3
ACAGCAGAGCCACATA,3
ACAGCAGAGCGAGTAA,3
ACAGCAGAGCTAACGA,3
ACAGCAGAGCTCGGTA,3
ACAGCAGAGGAGAACA,3
ACAGCAGAGGTGCGAA,3
ACAGCAGAGTACGCAA,3
ACAGCAGAGTCGTAGA,3
ACAGCAGAGTCTGTCA,3
ACAGCAGAGTGTTCTA,3
ACAGCAGATAGGATGA,3
ACAGCAGATATCAGCA,3
ACAGCAGATCCGTCTA,3
ACAGCAGATCTTCACA,6
ACAGCAGATGAAGAGA,3
ACAGCAGATGGAACAA,3
ACAGCAGATGGCTTCA,3
ACAGCAGATGGTGGTA,3
ACAGCAGATTCACGCA,3
ACAGCAGAAACTCACC,1
ACAGCAGACAGATCTG,5
ACAGCAGAAAGAGATC,8
ACAGCAGAAAGGACAC,8
ACAGCAGAAATCCGTC,8
ACAGCAGAAATGTTGC,8
ACAGCAGAACACGACC,8
ACAGCAGAACAGATTC,8
ACAGCAGAAGATGTAC,8
ACAGCAGAAGCACCTC,6
ACAGCAGAAGCCATGC,6
ACAGCAGAAGGCTAAC,6
ACAGCAGACATCAAGT,5
ACAGCAGAATAGCGAC,6
ACAGCAGAATCATTCC,6
ACAGCAGAATTGGCTC,6
ACAGCAGACAAGGAGC,6
ACAGCAGACACCTTAC,6
ACAGCAGACCATCCTC,6
ACAGCAGACCGACAAC,6
ACAGCAGACCTAATCC,6
ACAGCAGACCTCTATC,6
ACAGCAGACGACACAC,6
ACAGCAGACGCTGATC,5
ACAGCAGACGGATTGC,6
ACAGCAGACTAAGGTC,6
ACAGCAGAGAACAGGC,6
ACAGCAGAGACAGTGC,6
ACAGCAGAGAGTTAGC,6
ACAGCAGAGATGAATC,6
ACAGCAGAGCCAAGAC,6
ACAGCAGACGGAAGAA,6
ACAGCAGAGTGACAAG,6
ACAGCAGAGAACCAGA,6
ACACAGAAACAAGCTA,5
ACACAGAATTGCTGGA,6
ACACAGAACTGTAGCC,5
ACACAGAAAGTACAAG,5
ACACAGAAAACAACCA,5
ACACAGAAAACCGAGA,1
ACACAGAAAACGCTTA,4
ACACAGAAAAGACGGA,1
ACACAGAAAAGGTACA,1
ACACAGAAACACAGAA,1
ACACAGAAACAGCAGA,1
ACACAGAAACCTCCAA,1
ACACAGAAACGCTCGA,6
ACACAGAAACGTATCA,1
ACACAGAAACTATGCA,6
ACACAGAAAGAGTCAA,1
ACACAGAAAGATCGCA,1
ACACAGAAAGCAGGAA,1
ACACAGAAAGTCACTA,1
ACACAGAAATCCTGTA,1
ACACAGAAATTGAGGA,1
ACACAGAACAACCACA,1
ACACAGAAGACTAGTA,1
ACACAGAACAATGGAA,1
ACACAGAACACTTCGA,1
ACACAGAACAGCGTTA,1
ACACAGAACATACCAA,1
ACACAGAACCAGTTCA,4
ACACAGAACCGAAGTA,1
ACACAGAACCGTGAGA,1
ACACAGAACCTCCTGA,3
ACACAGAACGAACTTA,3
ACACAGAACGACTGGA,3
ACACAGAACGCATACA,3
ACACAGAACTCAATGA,3
ACACAGAACTGAGCCA,3
ACACAGAACTGGCATA,3
ACACAGAAGAATCTGA,3
ACACAGAACAAGACTA,3
ACACAGAAGAGCTGAA,3
ACACAGAAGATAGACA,3
ACACAGAAGCCACATA,3
ACACAGAAGCGAGTAA,3
ACACAGAAGCTAACGA,3
ACACAGAAGCTCGGTA,3
ACACAGAAGGAGAACA,3
ACACAGAAGGTGCGAA,3
ACACAGAAGTACGCAA,3
ACACAGAAGTCGTAGA,3
ACACAGAAGTCTGTCA,3
ACACAGAAGTGTTCTA,3
ACACAGAATAGGATGA,3
ACACAGAATATCAGCA,1
ACACAGAATCCGTCTA,3
ACACAGAATCTTCACA,3
ACACAGAATGAAGAGA,3
ACACAGAATGGAACAA,3
ACACAGAATGGCTTCA,3
ACACAGAATGGTGGTA,3
ACACAGAATTCACGCA,3
ACACAGAAAACTCACC,3
ACACAGAACAGATCTG,5
ACACAGAAAAGAGATC,3
ACACAGAAAAGGACAC,8
ACACAGAAAATCCGTC,8
ACACAGAAAATGTTGC,8
ACACAGAAACACGACC,8
ACACAGAAACAGATTC,8
ACACAGAAAGATGTAC,1
ACACAGAAAGCACCTC,6
ACACAGAAAGCCATGC,6
ACACAGAAAGGCTAAC,6
ACACAGAACATCAAGT,5
ACACAGAAATAGCGAC,6
ACACAGAAATCATTCC,6
ACACAGAAATTGGCTC,6
ACACAGAACAAGGAGC,6
ACACAGAACACCTTAC,6
ACACAGAACCATCCTC,6
ACACAGAACCGACAAC,6
ACACAGAACCTAATCC,6
ACACAGAACCTCTATC,6
ACACAGAACGACACAC,6
ACACAGAACGCTGATC,5
ACACAGAACGGATTGC,6
ACACAGAACTAAGGTC,6
ACACAGAAGAACAGGC,6
ACACAGAAGACAGTGC,6
ACACAGAAGAGTTAGC,6
ACACAGAAGATGAATC,9
ACACAGAAGCCAAGAC,6
ACACAGAACGGAAGAA,6
ACACAGAAGTGACAAG,6
ACACAGAAGAACCAGA,6
AAGGTACAACAAGCTA,5
AAGGTACATTGCTGGA,6
AAGGTACACTGTAGCC,5
AAGGTACAAGTACAAG,5
AAGGTACAAACAACCA,5
AAGGTACAAACCGAGA,5
AAGGTACAAACGCTTA,1
AAGGTACAAAGACGGA,4
AAGGTACAAAGGTACA,1
AAGGTACAACACAGAA,4
AAGGTACAACAGCAGA,1
AAGGTACAACCTCCAA,1
AAGGTACAACGCTCGA,1
AAGGTACAACGTATCA,1
AAGGTACAACTATGCA,1
AAGGTACAAGAGTCAA,1
AAGGTACAAGATCGCA,1
AAGGTACAAGCAGGAA,1
AAGGTACAAGTCACTA,1
AAGGTACAATCCTGTA,1
AAGGTACAATTGAGGA,1
AAGGTACACAACCACA,1
AAGGTACAGACTAGTA,1
AAGGTACACAATGGAA,1
AAGGTACACACTTCGA,1
AAGGTACACAGCGTTA,1
AAGGTACACATACCAA,1
AAGGTACACCAGTTCA,1
AAGGTACACCGAAGTA,1
AAGGTACACCGTGAGA,5
AAGGTACACCTCCTGA,9
AAGGTACACGAACTTA,9
AAGGTACACGACTGGA,3
AAGGTACACGCATACA,6
AAGGTACACTCAATGA,3
AAGGTACACTGAGCCA,3
AAGGTACACTGGCATA,3
AAGGTACAGAATCTGA,3
AAGGTACACAAGACTA,3
AAGGTACAGAGCTGAA,3
AAGGTACAGATAGACA,3
AAGGTACAGCCACATA,3
AAGGTACAGCGAGTAA,3
AAGGTACAGCTAACGA,3
AAGGTACAGCTCGGTA,3
AAGGTACAGGAGAACA,3
AAGGTACAGGTGCGAA,3
AAGGTACAGTACGCAA,3
AAGGTACAGTCGTAGA,3
AAGGTACAGTCTGTCA,3
AAGGTACAGTGTTCTA,3
AAGGTACATAGGATGA,3
AAGGTACATATCAGCA,3
AAGGTACATCCGTCTA,6
AAGGTACATCTTCACA,3
AAGGTACATGAAGAGA,3
AAGGTACATGGAACAA,3
AAGGTACATGGCTTCA,3
AAGGTACATGGTGGTA,3
AAGGTACATTCACGCA,3
AAGGTACAAACTCACC,3
AAGGTACAAAGAGATC,8
AAGGTACAAAGGACAC,1
AAGGTACAAATCCGTC,9
AAGGTACAAATGTTGC,8
AAGGTACAACACGACC,9
AAGGTACAACAGATTC,9
AAGGTACAAGATGTAC,9
AAGGTACAAGCACCTC,6
AAGGTACAAGCCATGC,6
AAGGTACAAGGCTAAC,6
AAGGTACACATCAAGT,5
AAGGTACAATAGCGAC,6
AAGGTACAATCATTCC,6
AAGGTACAATTGGCTC,6
AAGGTACACAAGGAGC,6
AAGGTACACACCTTAC,6
AAGGTACACCATCCTC,6
AAGGTACACCGACAAC,6
AAGGTACACCTAATCC,6
AAGGTACACCTCTATC,6
AAGGTACACGACACAC,6
AAGGTACACGCTGATC,5
AAGGTACACGGATTGC,6
AAGGTACACTAAGGTC,6
AAGGTACAGAACAGGC,6
AAGGTACAGACAGTGC,6
AAGGTACAGAGTTAGC,6
AAGGTACAGATGAATC,6
AAGGTACAGCCAAGAC,6
AAGGTACACGGAAGAA,6
AAGGTACAGTGACAAG,6
AAGGTACAGAACCAGA,6
AAGACGGAACAAGCTA,5
AAGACGGATTGCTGGA,6
AAGACGGACTGTAGCC,5
AAGACGGAAGTACAAG,5
AAGACGGAAACAACCA,5
AAGACGGAAACCGAGA,5
AAGACGGAAACGCTTA,1
AAGACGGAAAGACGGA,4
AAGACGGAAAGGTACA,4
AAGACGGAACACAGAA,4
AAGACGGAACAGCAGA,4
AAGACGGAACCTCCAA,4
AAGACGGAACGCTCGA,4
AAGACGGAACGTATCA,1
AAGACGGAACTATGCA,1
AAGACGGAAGAGTCAA,1
AAGACGGAAGATCGCA,1
AAGACGGAAGCAGGAA,1
AAGACGGAAGTCACTA,1
AAGACGGAATCCTGTA,1
AAGACGGAATTGAGGA,1
AAGACGGACAACCACA,1
AAGACGGAGACTAGTA,1
AAGACGGACAATGGAA,1
AAGACGGACACTTCGA,1
AAGACGGACAGCGTTA,1
AAGACGGACATACCAA,1
AAGACGGACCAGTTCA,4
AAGACGGACCGAAGTA,5
AAGACGGACCGTGAGA,1
AAGACGGACCTCCTGA,1
AAGACGGACGAACTTA,3
AAGACGGACGACTGGA,3
AAGACGGACGCATACA,3
AAGACGGACTCAATGA,3
AAGACGGACTGAGCCA,3
AAGACGGACTGGCATA,3
AAGACGGAGAATCTGA,3
AAGACGGACAAGACTA,3
AAGACGGAGAGCTGAA,3
AAGACGGAGATAGACA,3
AAGACGGAGCCACATA,3
AAGACGGAGCGAGTAA,3
AAGACGGAGCTAACGA,3
AAGACGGAGCTCGGTA,3
AAGACGGAGGAGAACA,3
AAGACGGAGGTGCGAA,3
AAGACGGAGTACGCAA,3
AAGACGGAGTCGTAGA,3
AAGACGGAGTCTGTCA,3
AAGACGGAGTGTTCTA,3
AAGACGGATAGGATGA,3
AAGACGGATATCAGCA,3
AAGACGGATCCGTCTA,3
AAGACGGATCTTCACA,3
AAGACGGATGAAGAGA,3
AAGACGGATGGAACAA,3
AAGACGGATGGCTTCA,3
AAGACGGATGGTGGTA,3
AAGACGGATTCACGCA,3
AAGACGGAAACTCACC,3
AAGACGGAAAGAGATC,3
AAGACGGAAAGGACAC,3
AAGACGGAAATCCGTC,7
AAGACGGAAATGTTGC,6
AAGACGGAACACGACC,3
AAGACGGAACAGATTC,3
AAGACGGAAGATGTAC,6
AAGACGGAAGCACCTC,6
AAGACGGAAGCCATGC,6
AAGACGGAAGGCTAAC,6
AAGACGGACATCAAGT,5
AAGACGGAATAGCGAC,6
AAGACGGAATCATTCC,6
AAGACGGAATTGGCTC,6
AAGACGGACAAGGAGC,6
AAGACGGACACCTTAC,6
AAGACGGACCATCCTC,6
AAGACGGACCGACAAC,6
AAGACGGACCTAATCC,6
AAGACGGACCTCTATC,6
AAGACGGACGACACAC,6
AAGACGGACGCTGATC,1
AAGACGGACGGATTGC,6
AAGACGGACTAAGGTC,6
AAGACGGAGAACAGGC,6
AAGACGGAGACAGTGC,6
AAGACGGAGAGTTAGC,3
AAGACGGAGATGAATC,6
AAGACGGAGCCAAGAC,6
AAGACGGACGGAAGAA,6
AAGACGGAGTGACAAG,6
AAGACGGAGAACCAGA,6
AACGCTTAACAAGCTA,5
AACGCTTATTGCTGGA,6
AACGCTTACTGTAGCC,5
AACGCTTAAGTACAAG,5
AACGCTTAAACAACCA,5
AACGCTTAAACCGAGA,4
AACGCTTAAACGCTTA,4
AACGCTTAAAGACGGA,4
AACGCTTAAAGGTACA,4
AACGCTTAACACAGAA,4
AACGCTTAACAGCAGA,4
AACGCTTAACCTCCAA,4
AACGCTTAACGCTCGA,4
AACGCTTAACGTATCA,4
AACGCTTAACTATGCA,4
AACGCTTAAGAGTCAA,5
AACGCTTAAGATCGCA,1
AACGCTTAAGCAGGAA,1
AACGCTTAAGTCACTA,1
AACGCTTAATCCTGTA,1
AACGCTTAATTGAGGA,1
AACGCTTACAACCACA,1
AACGCTTAGACTAGTA,1
AACGCTTACAATGGAA,1
AACGCTTACACTTCGA,1
AACGCTTACAGCGTTA,1
AACGCTTACATACCAA,1
AACGCTTACCAGTTCA,1
AACGCTTACCGAAGTA,1
AACGCTTACCGTGAGA,1
AACGCTTACCTCCTGA,1
AACGCTTACGAACTTA,1
AACGCTTACGACTGGA,1
AACGCTTACGCATACA,3
AACGCTTACTCAATGA,3
AACGCTTACTGAGCCA,3
AACGCTTACTGGCATA,3
AACGCTTAGAATCTGA,3
AACGCTTACAAGACTA,3
AACGCTTAGAGCTGAA,3
AACGCTTAGATAGACA,6
AACGCTTAGCCACATA,3
AACGCTTAGCGAGTAA,3
AACGCTTAGCTAACGA,3
AACGCTTAGCTCGGTA,3
AACGCTTAGGAGAACA,3
AACGCTTAGGTGCGAA,3
AACGCTTAGTACGCAA,3
AACGCTTAGTCGTAGA,3
AACGCTTAGTCTGTCA,3
AACGCTTAGTGTTCTA,3
AACGCTTATAGGATGA,3
AACGCTTATATCAGCA,3
AACGCTTATCCGTCTA,3
AACGCTTATCTTCACA,3
AACGCTTATGAAGAGA,3
AACGCTTATGGAACAA,3
AACGCTTATGGCTTCA,3
AACGCTTATGGTGGTA,3
AACGCTTATTCACGCA,3
AACGCTTAAACTCACC,3
AACGCTTAAAGAGATC,3
AACGCTTAAAGGACAC,3
AACGCTTAAATCCGTC,3
AACGCTTAAATGTTGC,6
AACGCTTAACACGACC,3
AACGCTTAACAGATTC,3
AACGCTTAAGATGTAC,6
AACGCTTAAGCACCTC,6
AACGCTTAAGCCATGC,6
AACGCTTAAGGCTAAC,6
AACGCTTAATAGCGAC,6
AACGCTTAATCATTCC,6
AACGCTTAATTGGCTC,6
AACGCTTACAAGGAGC,6
AACGCTTACACCTTAC,6
AACGCTTACCATCCTC,6
AACGCTTACCGACAAC,6
AACGCTTACCTAATCC,6
AACGCTTACCTCTATC,6
AACGCTTACGACACAC,6
AACGCTTACGCTGATC,5
AACGCTTACGGATTGC,6
AACGCTTACTAAGGTC,6
AACGCTTAGAACAGGC,6
AACGCTTAGACAGTGC,6
AACGCTTAGAGTTAGC,1
AACGCTTAGATGAATC,5
AACGCTTAGCCAAGAC,6
AACGCTTACGGAAGAA,1
AACGCTTAGTGACAAG,6
AACGCTTAGAACCAGA,5
AACCGAGAACAAGCTA,5
AACCGAGATTGCTGGA,6
AACCGAGACTGTAGCC,5
AACCGAGAAGTACAAG,5
AACCGAGAAACAACCA,4
AACCGAGAAACCGAGA,5
AACCGAGAAACGCTTA,4
AACCGAGAAAGACGGA,1
AACCGAGAAAGGTACA,4
AACCGAGAACACAGAA,1
AACCGAGAACAGCAGA,4
AACCGAGAACCTCCAA,4
AACCGAGAACGCTCGA,4
AACCGAGAACGTATCA,4
AACCGAGAACTATGCA,4
AACCGAGAAGAGTCAA,5
AACCGAGAAGATCGCA,5
AACCGAGAAGCAGGAA,1
AACCGAGAAGTCACTA,1
AACCGAGAATCCTGTA,1
AACCGAGAATTGAGGA,1
AACCGAGACAACCACA,1
AACCGAGAGACTAGTA,1
AACCGAGACAATGGAA,1
AACCGAGACACTTCGA,1
AACCGAGACAGCGTTA,1
AACCGAGACATACCAA,1
AACCGAGACCAGTTCA,1
AACCGAGACCGAAGTA,1
AACCGAGACCGTGAGA,5
AACCGAGACCTCCTGA,1
AACCGAGACGAACTTA,1
AACCGAGACGACTGGA,1
AACCGAGACGCATACA,3
AACCGAGACTCAATGA,3
AACCGAGACTGAGCCA,3
AACCGAGACTGGCATA,3
AACCGAGAGAATCTGA,3
AACCGAGACAAGACTA,3
AACCGAGAGAGCTGAA,3
AACCGAGAGATAGACA,6
AACCGAGAGCCACATA,3
AACCGAGAGCGAGTAA,3
AACCGAGAGCTAACGA,3
AACCGAGAGCTCGGTA,3
AACCGAGAGGAGAACA,3
AACCGAGAGGTGCGAA,3
AACCGAGAGTACGCAA,3
AACCGAGAGTCGTAGA,3
AACCGAGAGTCTGTCA,3
AACCGAGAGTGTTCTA,3
AACCGAGATAGGATGA,3
AACCGAGATATCAGCA,3
AACCGAGATCCGTCTA,3
AACCGAGATCTTCACA,3
AACCGAGATGAAGAGA,3
AACCGAGATGGAACAA,3
AACCGAGATGGCTTCA,3
AACCGAGATGGTGGTA,3
AACCGAGATTCACGCA,3
AACCGAGAAACTCACC,3
AACCGAGAAAGAGATC,3
AACCGAGAAAGGACAC,3
AACCGAGAAATCCGTC,3
AACCGAGAAATGTTGC,6
AACCGAGAACACGACC,3
AACCGAGAACAGATTC,3
AACCGAGAAGATGTAC,6
AACCGAGAAGCACCTC,6
AACCGAGAAGCCATGC,6
AACCGAGAAGGCTAAC,6
AACCGAGAATAGCGAC,6
AACCGAGAATCATTCC,6
AACCGAGAATTGGCTC,6
AACCGAGACAAGGAGC,6
AACCGAGACACCTTAC,6
AACCGAGACCATCCTC,6
AACCGAGACCGACAAC,6
AACCGAGACCTAATCC,6
AACCGAGACCTCTATC,6
AACCGAGACGACACAC,6
AACCGAGACGCTGATC,5
AACCGAGACGGATTGC,6
AACCGAGACTAAGGTC,6
AACCGAGAGAACAGGC,6
AACCGAGAGACAGTGC,6
AACCGAGAGAGTTAGC,7
AACCGAGAGATGAATC,6
AACCGAGAGCCAAGAC,6
AACCGAGACGGAAGAA,6
AACCGAGAGTGACAAG,6
AACCGAGAGAACCAGA,1
AACAACCAACAAGCTA,5
AACAACCATTGCTGGA,6
AACAACCACTGTAGCC,5
AACAACCAAGTACAAG,5
AACAACCAAACAACCA,5
AACAACCAAACCGAGA,5
AACAACCAAACGCTTA,4
AACAACCAAAGACGGA,4
AACAACCAAAGGTACA,1
AACAACCAACACAGAA,4
AACAACCAACAGCAGA,4
AACAACCAACCTCCAA,4
AACAACCAACGCTCGA,4
AACAACCAACGTATCA,4
AACAACCAACTATGCA,4
AACAACCAAGAGTCAA,5
AACAACCAAGATCGCA,5
AACAACCAAGCAGGAA,5
AACAACCAAGTCACTA,4
AACAACCAATCCTGTA,1
AACAACCAATTGAGGA,1
AACAACCACAACCACA,1
AACAACCAGACTAGTA,1
AACAACCACAATGGAA,1
AACAACCACACTTCGA,1
AACAACCACAGCGTTA,1
AACAACCACATACCAA,1
AACAACCACCAGTTCA,1
AACAACCACCGAAGTA,1
AACAACCACCGTGAGA,1
AACAACCACCTCCTGA,1
AACAACCACGAACTTA,1
AACAACCACGACTGGA,1
AACAACCACGCATACA,3
AACAACCACTCAATGA,3
AACAACCACTGAGCCA,3
AACAACCACTGGCATA,3
AACAACCAGAATCTGA,3
AACAACCACAAGACTA,3
AACAACCAGAGCTGAA,3
AACAACCAGATAGACA,3
AACAACCAGCCACATA,3
AACAACCAGCGAGTAA,3
AACAACCAGCTAACGA,3
AACAACCAGCTCGGTA,3
AACAACCAGGAGAACA,3
AACAACCAGGTGCGAA,3
AACAACCAGTACGCAA,3
AACAACCAGTCGTAGA,3
AACAACCAGTCTGTCA,3
AACAACCAGTGTTCTA,3
AACAACCATAGGATGA,3
AACAACCATATCAGCA,3
AACAACCATCCGTCTA,3
AACAACCATCTTCACA,3
AACAACCATGAAGAGA,3
AACAACCATGGAACAA,3
AACAACCATGGCTTCA,3
AACAACCATGGTGGTA,3
AACAACCATTCACGCA,3
AACAACCAAACTCACC,3
AACAACCAAAGAGATC,3
AACAACCAAAGGACAC,3
AACAACCAAATCCGTC,3
AACAACCAAATGTTGC,6
AACAACCAACACGACC,3
AACAACCAACAGATTC,3
AACAACCAAGATGTAC,6
AACAACCAAGCACCTC,6
AACAACCAAGCCATGC,6
AACAACCAAGGCTAAC,6
AACAACCAATAGCGAC,6
AACAACCAATCATTCC,6
AACAACCAATTGGCTC,3
AACAACCACAAGGAGC,6
AACAACCACACCTTAC,6
AACAACCACCATCCTC,6
AACAACCACCGACAAC,6
AACAACCACCTAATCC,6
AACAACCACCTCTATC,6
AACAACCACGACACAC,6
AACAACCACGGATTGC,6
AACAACCACTAAGGTC,6
AACAACCAGAACAGGC,6
AACAACCAGACAGTGC,6
AACAACCAGAGTTAGC,6
AACAACCAGATGAATC,6
AACAACCAGCCAAGAC,1
AACAACCACGGAAGAA,6
AACAACCAGTGACAAG,6
AACAACCAGAACCAGA,6
AGTACAAGTTGCTGGA,6
AGTACAAGCTGTAGCC,5
AGTACAAGAGTACAAG,5
AGTACAAGAACAACCA,5
AGTACAAGAACCGAGA,5
AGTACAAGAACGCTTA,4
AGTACAAGAAGACGGA,4
AGTACAAGAAGGTACA,4
AGTACAAGACACAGAA,1
AGTACAAGACAGCAGA,1
AGTACAAGACCTCCAA,1
AGTACAAGACGCTCGA,1
AGTACAAGACGTATCA,4
AGTACAAGACTATGCA,1
AGTACAAGAGAGTCAA,5
AGTACAAGAGATCGCA,5
AGTACAAGAGCAGGAA,1
AGTACAAGAGTCACTA,1
AGTACAAGATCCTGTA,1
AGTACAAGATTGAGGA,1
AGTACAAGCAACCACA,1
AGTACAAGGACTAGTA,1
AGTACAAGCAATGGAA,1
AGTACAAGCACTTCGA,1
AGTACAAGCAGCGTTA,1
AGTACAAGCATACCAA,1
AGTACAAGCCAGTTCA,1
AGTACAAGCCGAAGTA,1
AGTACAAGCCGTGAGA,1
AGTACAAGCCTCCTGA,1
AGTACAAGCGAACTTA,1
AGTACAAGCGACTGGA,1
AGTACAAGCGCATACA,1
AGTACAAGCTCAATGA,3
AGTACAAGCTGAGCCA,3
AGTACAAGCTGGCATA,3
AGTACAAGGAATCTGA,3
AGTACAAGCAAGACTA,3
AGTACAAGGAGCTGAA,3
AGTACAAGGATAGACA,3
AGTACAAGGCCACATA,3
AGTACAAGGCGAGTAA,3
AGTACAAGGCTAACGA,3
AGTACAAGGCTCGGTA,3
AGTACAAGGGAGAACA,3
AGTACAAGGGTGCGAA,3
AGTACAAGGTACGCAA,3
AGTACAAGGTCGTAGA,3
AGTACAAGGTCTGTCA,3
AGTACAAGGTGTTCTA,3
AGTACAAGTAGGATGA,3
AGTACAAGTATCAGCA,3
AGTACAAGTCCGTCTA,3
AGTACAAGTCTTCACA,3
AGTACAAGTGAAGAGA,3
AGTACAAGTGGAACAA,3
AGTACAAGTGGCTTCA,6
AGTACAAGTGGTGGTA,3
AGTACAAGTTCACGCA,3
AGTACAAGAACTCACC,3
AGTACAAGAAGAGATC,3
AGTACAAGAAGGACAC,3
AGTACAAGAATCCGTC,3
AGTACAAGAATGTTGC,6
AGTACAAGACACGACC,6
AGTACAAGACAGATTC,6
AGTACAAGAGATGTAC,6
AGTACAAGAGCACCTC,6
AGTACAAGAGCCATGC,6
AGTACAAGAGGCTAAC,6
AGTACAAGATAGCGAC,6
AGTACAAGATCATTCC,6
AGTACAAGATTGGCTC,3
AGTACAAGCAAGGAGC,3
AGTACAAGCACCTTAC,6
AGTACAAGCCATCCTC,6
AGTACAAGCCGACAAC,6
AGTACAAGCCTAATCC,6
AGTACAAGCCTCTATC,6
AGTACAAGCGACACAC,6
AGTACAAGCGGATTGC,6
AGTACAAGCTAAGGTC,6
AGTACAAGGAACAGGC,6
AGTACAAGGACAGTGC,6
AGTACAAGGAGTTAGC,6
AGTACAAGGATGAATC,6
AGTACAAGGCCAAGAC,6
AGTACAAGCGGAAGAA,6
AGTACAAGGTGACAAG,6
AGTACAAGGAACCAGA,6
GACAGTGCTTGCTGGA,5
GACAGTGCACGCTCGA,4
GACAGTGCACGTATCA,4
GACAGTGCACTATGCA,4
GACAGTGCAGAGTCAA,4
GACAGTGCAGATCGCA,4
GACAGTGCAGCAGGAA,4
GACAGTGCAGTCACTA,4
GACAGTGCATCCTGTA,1
GACAGTGCATTGAGGA,4
GACAGTGCCAACCACA,4
GACAGTGCGACTAGTA,4
GACAGTGCCAATGGAA,4
GACAGTGCCACTTCGA,2
GACAGTGCCAGCGTTA,1
GACAGTGCCATACCAA,2
GACAGTGCCCAGTTCA,4
GACAGTGCCCGAAGTA,4
GACAGTGCCCGTGAGA,4
GACAGTGCCCTCCTGA,4
GACAGTGCCGAACTTA,2
GACAGTGCCGACTGGA,2
GACAGTGCCGCATACA,2
GACAGTGCCTCAATGA,4
GACAGTGCCTGAGCCA,2
GACAGTGCCTGGCATA,2
GACAGTGCGAATCTGA,4
GACAGTGCCAAGACTA,4
GACAGTGCGAGCTGAA,4
GACAGTGCGATAGACA,4
GACAGTGCGCCACATA,4
GACAGTGCGCGAGTAA,1
GACAGTGCGCTAACGA,1
GACAGTGCGCTCGGTA,1
GACAGTGCGGAGAACA,4
GACAGTGCGGTGCGAA,4
GACAGTGCGTACGCAA,7
GACAGTGCGTCGTAGA,4
GACAGTGCGTCTGTCA,1
GACAGTGCGTGTTCTA,1
GACAGTGCTAGGATGA,1
GACAGTGCTATCAGCA,1
GACAGTGCTCCGTCTA,3
GACAGTGCTCTTCACA,1
GACAGTGCTGAAGAGA,1
GACAGTGCTGGAACAA,1
GACAGTGCTGGCTTCA,1
GACAGTGCTGGTGGTA,1
GACAGTGCTTCACGCA,1
GACAGTGCAACTCACC,1
GACAGTGCAAGAGATC,1
GACAGTGCAAGGACAC,1
GACAGTGCAATCCGTC,1
GACAGTGCAATGTTGC,1
GACAGTGCACACGACC,1
GACAGTGCACAGATTC,1
GACAGTGCAGATGTAC,1
GACAGTGCAGCACCTC,1
GACAGTGCAGCCATGC,1
GACAGTGCAGGCTAAC,1
GACAGTGCATAGCGAC,1
GACAGTGCATCATTCC,1
GACAGTGCATTGGCTC,1
GACAGTGCCAAGGAGC,1
GACAGTGCCACCTTAC,1
GACAGTGCCCATCCTC,1
GACAGTGCCCGACAAC,1
GACAGTGCCCTAATCC,1
GACAGTGCCCTCTATC,1
GACAGTGCCGACACAC,2
GACAGTGCCGGATTGC,2
GACAGTGCCTAAGGTC,2
GACAGTGCGAACAGGC,4
GACAGTGCGACAGTGC,4
GACAGTGCGAGTTAGC,1
GACAGTGCGATGAATC,5
GACAGTGCGCCAAGAC,5
GACAGTGCCGGAAGAA,5
GACAGTGCGTGACAAG,5
GACAGTGCGAACCAGA,5
CTGTAGCCTTGCTGGA,6
CTGTAGCCAGTACAAG,5
CTGTAGCCAACAACCA,5
CTGTAGCCAACCGAGA,5
CTGTAGCCAACGCTTA,4
CTGTAGCCAAGACGGA,4
CTGTAGCCAAGGTACA,4
CTGTAGCCACACAGAA,1
CTGTAGCCACAGCAGA,1
CTGTAGCCACCTCCAA,1
CTGTAGCCACGCTCGA,1
CTGTAGCCACGTATCA,1
CTGTAGCCACTATGCA,1
CTGTAGCCAGAGTCAA,4
CTGTAGCCAGATCGCA,9
CTGTAGCCAGCAGGAA,5
CTGTAGCCAGTCACTA,1
CTGTAGCCATCCTGTA,1
CTGTAGCCATTGAGGA,1
CTGTAGCCCAACCACA,1
CTGTAGCCGACTAGTA,1
CTGTAGCCCAATGGAA,1
CTGTAGCCCACTTCGA,1
CTGTAGCCCAGCGTTA,1
CTGTAGCCCATACCAA,1
CTGTAGCCCCAGTTCA,1
CTGTAGCCCCGAAGTA,1
CTGTAGCCCCGTGAGA,1
CTGTAGCCCCTCCTGA,1
CTGTAGCCCGAACTTA,1
CTGTAGCCCGACTGGA,1
CTGTAGCCCGCATACA,1
CTGTAGCCCTCAATGA,1
CTGTAGCCCTGAGCCA,3
CTGTAGCCCTGGCATA,3
CTGTAGCCGAATCTGA,3
CTGTAGCCCAAGACTA,3
CTGTAGCCGAGCTGAA,3
CTGTAGCCGATAGACA,3
CTGTAGCCGCCACATA,3
CTGTAGCCGCGAGTAA,3
CTGTAGCCGCTAACGA,3
CTGTAGCCGCTCGGTA,3
CTGTAGCCGGAGAACA,3
CTGTAGCCGGTGCGAA,3
CTGTAGCCGTACGCAA,3
CTGTAGCCGTCGTAGA,3
CTGTAGCCGTCTGTCA,3
CTGTAGCCGTGTTCTA,3
CTGTAGCCTAGGATGA,3
CTGTAGCCTATCAGCA,3
CTGTAGCCTCCGTCTA,3
CTGTAGCCTCTTCACA,3
CTGTAGCCTGAAGAGA,3
CTGTAGCCTGGAACAA,3
CTGTAGCCTGGCTTCA,3
CTGTAGCCTGGTGGTA,3
CTGTAGCCTTCACGCA,3
CTGTAGCCAACTCACC,6
CTGTAGCCAAGAGATC,6
CTGTAGCCAAGGACAC,3
CTGTAGCCAATCCGTC,6
CTGTAGCCAATGTTGC,6
CTGTAGCCACACGACC,6
CTGTAGCCACAGATTC,6
CTGTAGCCAGATGTAC,6
CTGTAGCCAGCACCTC,6
CTGTAGCCAGCCATGC,6
CTGTAGCCAGGCTAAC,6
CTGTAGCCATAGCGAC,6
CTGTAGCCATCATTCC,6
CTGTAGCCATTGGCTC,6
CTGTAGCCCAAGGAGC,6
CTGTAGCCCACCTTAC,3
CTGTAGCCCCATCCTC,6
CTGTAGCCCCGACAAC,6
CTGTAGCCCCTAATCC,6
CTGTAGCCCCTCTATC,6
CTGTAGCCCGACACAC,6
CTGTAGCCCGGATTGC,6
CTGTAGCCCTAAGGTC,6
CTGTAGCCGAACAGGC,6
CTGTAGCCGACAGTGC,6
CTGTAGCCGAGTTAGC,6
CTGTAGCCGATGAATC,6
CTGTAGCCGCCAAGAC,6
CTGTAGCCCGGAAGAA,6
CTGTAGCCGTGACAAG,6
CTGTAGCCGAACCAGA,6
ACAAGCTATTGCTGGA,6
ACAAGCTAAGTACAAG,5
ACAAGCTAAACAACCA,5
ACAAGCTAAACCGAGA,5
ACAAGCTAAACGCTTA,5
ACAAGCTAAAGACGGA,4
ACAAGCTAAAGGTACA,4
ACAAGCTAACACAGAA,1
ACAAGCTAACAGCAGA,1
ACAAGCTAACCTCCAA,1
ACAAGCTAACGCTCGA,1
ACAAGCTAACGTATCA,1
ACAAGCTAACTATGCA,1
ACAAGCTAAGAGTCAA,2
ACAAGCTAAGATCGCA,4
ACAAGCTAAGCAGGAA,4
ACAAGCTAAGTCACTA,4
ACAAGCTAATCCTGTA,1
ACAAGCTAATTGAGGA,1
ACAAGCTACAACCACA,1
ACAAGCTAGACTAGTA,1
ACAAGCTACAATGGAA,1
ACAAGCTACACTTCGA,1
ACAAGCTACAGCGTTA,1
ACAAGCTACATACCAA,1
ACAAGCTACCAGTTCA,1
ACAAGCTACCGAAGTA,1
ACAAGCTACCGTGAGA,1
ACAAGCTACCTCCTGA,1
ACAAGCTACGAACTTA,1
ACAAGCTACGACTGGA,1
ACAAGCTACGCATACA,1
ACAAGCTACTCAATGA,1
ACAAGCTACTGAGCCA,6
ACAAGCTACTGGCATA,1
ACAAGCTAGAATCTGA,3
ACAAGCTACAAGACTA,3
ACAAGCTAGAGCTGAA,6
ACAAGCTAGATAGACA,3
ACAAGCTAGCCACATA,3
ACAAGCTAGCGAGTAA,3
ACAAGCTAGCTAACGA,3
ACAAGCTAGCTCGGTA,3
ACAAGCTAGGAGAACA,3
ACAAGCTAGGTGCGAA,3
ACAAGCTAGTACGCAA,3
ACAAGCTAGTCGTAGA,3
ACAAGCTAGTCTGTCA,3
ACAAGCTAGTGTTCTA,3
ACAAGCTATAGGATGA,3
ACAAGCTATATCAGCA,3
ACAAGCTATCCGTCTA,3
ACAAGCTATCTTCACA,3
ACAAGCTATGAAGAGA,3
ACAAGCTATGGAACAA,3
ACAAGCTATGGCTTCA,3
ACAAGCTATGGTGGTA,6
ACAAGCTATTCACGCA,6
ACAAGCTAAACTCACC,6
ACAAGCTAAAGAGATC,6
ACAAGCTAAAGGACAC,6
ACAAGCTAAATCCGTC,6
ACAAGCTAAATGTTGC,6
ACAAGCTAACACGACC,6
ACAAGCTAACAGATTC,6
ACAAGCTAAGATGTAC,6
ACAAGCTAAGCACCTC,6
ACAAGCTAAGCCATGC,6
ACAAGCTAAGGCTAAC,6
ACAAGCTAATAGCGAC,6
ACAAGCTAATCATTCC,6
ACAAGCTAATTGGCTC,6
ACAAGCTACAAGGAGC,6
ACAAGCTACACCTTAC,6
ACAAGCTACCATCCTC,6
ACAAGCTACCGACAAC,6
ACAAGCTACCTAATCC,6
ACAAGCTACCTCTATC,6
ACAAGCTACGACACAC,6
ACAAGCTACGGATTGC,6
ACAAGCTACTAAGGTC,6
ACAAGCTAGAACAGGC,6
ACAAGCTAGACAGTGC,9
ACAAGCTAGAGTTAGC,6
ACAAGCTAGATGAATC,6
ACAAGCTAGCCAAGAC,6
ACAAGCTACGGAAGAA,6
ACAAGCTAGTGACAAG,6
ACAAGCTAGAACCAGA,6
CGCTGATCTTGCTGGA,6
CGCTGATCAGTACAAG,5
CGCTGATCAACAACCA,5
CGCTGATCAACCGAGA,5
CGCTGATCAACGCTTA,5
CGCTGATCAAGACGGA,4
CGCTGATCAAGGTACA,4
CGCTGATCACACAGAA,1
CGCTGATCACAGCAGA,1
CGCTGATCACCTCCAA,1
CGCTGATCACGCTCGA,1
CGCTGATCACGTATCA,1
CGCTGATCACTATGCA,1
CGCTGATCAGAGTCAA,1
CGCTGATCAGATCGCA,1
CGCTGATCAGCAGGAA,4
CGCTGATCAGTCACTA,1
CGCTGATCATCCTGTA,1
CGCTGATCATTGAGGA,1
CGCTGATCCAACCACA,1
CGCTGATCGACTAGTA,1
CGCTGATCCAATGGAA,1
CGCTGATCCACTTCGA,1
CGCTGATCCAGCGTTA,1
CGCTGATCCATACCAA,1
CGCTGATCCCAGTTCA,1
CGCTGATCCCGAAGTA,1
CGCTGATCCCGTGAGA,1
CGCTGATCCCTCCTGA,1
CGCTGATCCGAACTTA,1
CGCTGATCCGACTGGA,1
CGCTGATCCGCATACA,1
CGCTGATCCTCAATGA,1
CGCTGATCCTGAGCCA,4
CGCTGATCCTGGCATA,1
CGCTGATCGAATCTGA,1
CGCTGATCCAAGACTA,6
CGCTGATCGAGCTGAA,3
CGCTGATCGATAGACA,3
CGCTGATCGCCACATA,3
CGCTGATCGCGAGTAA,3
CGCTGATCGCTAACGA,3
CGCTGATCGCTCGGTA,3
CGCTGATCGGAGAACA,3
CGCTGATCGGTGCGAA,3
CGCTGATCGTACGCAA,3
CGCTGATCGTCGTAGA,3
CGCTGATCGTCTGTCA,3
CGCTGATCGTGTTCTA,3
CGCTGATCTAGGATGA,6
CGCTGATCTATCAGCA,3
CGCTGATCTCCGTCTA,3
CGCTGATCTCTTCACA,3
CGCTGATCTGAAGAGA,3
CGCTGATCTGGAACAA,3
CGCTGATCTGGCTTCA,6
CGCTGATCTGGTGGTA,6
CGCTGATCTTCACGCA,6
CGCTGATCAACTCACC,6
CGCTGATCAAGAGATC,6
CGCTGATCAAGGACAC,6
CGCTGATCAATCCGTC,6
CGCTGATCAATGTTGC,6
CGCTGATCACACGACC,6
CGCTGATCACAGATTC,6
CGCTGATCAGATGTAC,6
CGCTGATCAGCACCTC,6
CGCTGATCAGCCATGC,6
CGCTGATCAGGCTAAC,6
CGCTGATCATAGCGAC,6
CGCTGATCATCATTCC,6
CGCTGATCATTGGCTC,6
CGCTGATCCAAGGAGC,6
CGCTGATCCACCTTAC,6
CGCTGATCCCATCCTC,6
CGCTGATCCCGACAAC,6
CGCTGATCCCTAATCC,6
CGCTGATCCCTCTATC,6
CGCTGATCCGACACAC,6
CGCTGATCCGGATTGC,6
CGCTGATCCTAAGGTC,6
CGCTGATCGAACAGGC,6
CGCTGATCGACAGTGC,6
CGCTGATCGAGTTAGC,6
CGCTGATCGATGAATC,8
CGCTGATCGCCAAGAC,6
CGCTGATCCGGAAGAA,1
CGCTGATCGTGACAAG,1
CGCTGATCGAACCAGA,5
CATCAAGTTTGCTGGA,5
CATCAAGTAACAACCA,5
CATCAAGTAACCGAGA,5
CATCAAGTAACGCTTA,5
CATCAAGTAAGACGGA,5
CATCAAGTAAGGTACA,4
CATCAAGTACACAGAA,5
CATCAAGTACAGCAGA,1
CATCAAGTACCTCCAA,1
CATCAAGTACGCTCGA,1
CATCAAGTACGTATCA,1
CATCAAGTACTATGCA,1
CATCAAGTAGAGTCAA,1
CATCAAGTAGATCGCA,4
CATCAAGTAGCAGGAA,4
CATCAAGTAGTCACTA,4
CATCAAGTATCCTGTA,1
CATCAAGTATTGAGGA,1
CATCAAGTCAACCACA,1
CATCAAGTGACTAGTA,1
CATCAAGTCAATGGAA,1
CATCAAGTCACTTCGA,1
CATCAAGTCAGCGTTA,1
CATCAAGTCATACCAA,1
CATCAAGTCCAGTTCA,5
CATCAAGTCCGAAGTA,5
CATCAAGTCCGTGAGA,5
CATCAAGTCCTCCTGA,4
CATCAAGTCGAACTTA,1
CATCAAGTCGACTGGA,1
CATCAAGTCGCATACA,4
CATCAAGTCTCAATGA,1
CATCAAGTCTGAGCCA,1
CATCAAGTCTGGCATA,1
CATCAAGTGAATCTGA,1
CATCAAGTCAAGACTA,1
CATCAAGTGAGCTGAA,1
CATCAAGTGATAGACA,3
CATCAAGTGCCACATA,3
CATCAAGTGCGAGTAA,3
CATCAAGTGCTAACGA,3
CATCAAGTGCTCGGTA,3
CATCAAGTGGAGAACA,3
CATCAAGTGGTGCGAA,3
CATCAAGTGTACGCAA,3
CATCAAGTGTCGTAGA,3
CATCAAGTGTCTGTCA,3
CATCAAGTGTGTTCTA,3
CATCAAGTTAGGATGA,6
CATCAAGTTATCAGCA,6
CATCAAGTTCCGTCTA,3
CATCAAGTTCTTCACA,3
CATCAAGTTGAAGAGA,3
CATCAAGTTGGAACAA,3
CATCAAGTTGGCTTCA,3
CATCAAGTTGGTGGTA,6
CATCAAGTTTCACGCA,6
CATCAAGTAACTCACC,6
CATCAAGTAAGAGATC,6
CATCAAGTAAGGACAC,6
CATCAAGTAATCCGTC,6
CATCAAGTAATGTTGC,6
CATCAAGTACACGACC,6
CATCAAGTACAGATTC,6
CATCAAGTAGATGTAC,6
CATCAAGTAGCACCTC,6
CATCAAGTAGCCATGC,6
CATCAAGTAGGCTAAC,6
CATCAAGTATAGCGAC,6
CATCAAGTATCATTCC,6
CATCAAGTATTGGCTC,6
CATCAAGTCAAGGAGC,6
CATCAAGTCACCTTAC,6
CATCAAGTCCATCCTC,6
CATCAAGTCCGACAAC,6
CATCAAGTCCTAATCC,6
CATCAAGTCCTCTATC,6
CATCAAGTCGACACAC,6
CATCAAGTCGGATTGC,6
CATCAAGTCTAAGGTC,6
CATCAAGTGAACAGGC,6
CATCAAGTGACAGTGC,6
CATCAAGTGAGTTAGC,6
CATCAAGTGATGAATC,6
CATCAAGTGCCAAGAC,6
CATCAAGTCGGAAGAA,6
CATCAAGTGTGACAAG,6
CATCAAGTGAACCAGA,6
CAGATCTGTTGCTGGA,1
CAGATCTGAACAACCA,5
CAGATCTGAACCGAGA,5
CAGATCTGAACGCTTA,5
CAGATCTGAAGACGGA,5
CAGATCTGAAGGTACA,4
CAGATCTGACACAGAA,4
CAGATCTGACAGCAGA,5
CAGATCTGACCTCCAA,1
CAGATCTGACGCTCGA,1
CAGATCTGACGTATCA,1
CAGATCTGACTATGCA,1
CAGATCTGAGAGTCAA,1
CAGATCTGAGATCGCA,4
CAGATCTGAGCAGGAA,4
CAGATCTGAGTCACTA,4
CAGATCTGATCCTGTA,4
CAGATCTGATTGAGGA,4
CAGATCTGCAACCACA,4
CAGATCTGGACTAGTA,4
CAGATCTGCAATGGAA,1
CAGATCTGCACTTCGA,1
CAGATCTGCAGCGTTA,1
CAGATCTGCATACCAA,5
CAGATCTGCCAGTTCA,5
CAGATCTGCCGAAGTA,5
CAGATCTGCCGTGAGA,5
CAGATCTGCCTCCTGA,5
CAGATCTGCGAACTTA,5
CAGATCTGCGACTGGA,1
CAGATCTGCGCATACA,4
CAGATCTGCTCAATGA,5
CAGATCTGCTGAGCCA,5
CAGATCTGCTGGCATA,5
CAGATCTGGAATCTGA,1
CAGATCTGCAAGACTA,1
CAGATCTGGAGCTGAA,1
CAGATCTGGATAGACA,3
CAGATCTGGCCACATA,3
CAGATCTGGCGAGTAA,3
CAGATCTGGCTAACGA,3
CAGATCTGGCTCGGTA,3
CAGATCTGGGAGAACA,3
CAGATCTGGGTGCGAA,3
CAGATCTGGTACGCAA,3
CAGATCTGGTCGTAGA,3
CAGATCTGGTCTGTCA,1
CAGATCTGGTGTTCTA,1
CAGATCTGTAGGATGA,3
CAGATCTGTATCAGCA,6
CAGATCTGTCCGTCTA,3
CAGATCTGTCTTCACA,3
CAGATCTGTGAAGAGA,3
CAGATCTGTGGAACAA,3
CAGATCTGTGGCTTCA,3
CAGATCTGTGGTGGTA,3
CAGATCTGTTCACGCA,6
CAGATCTGAACTCACC,6
CAGATCTGAAGAGATC,6
CAGATCTGAAGGACAC,6
CAGATCTGAATCCGTC,6
CAGATCTGAATGTTGC,6
CAGATCTGACACGACC,6
CAGATCTGACAGATTC,6
CAGATCTGAGATGTAC,6
CAGATCTGAGCACCTC,3
CAGATCTGAGCCATGC,4
CAGATCTGAGGCTAAC,3
CAGATCTGATAGCGAC,3
CAGATCTGATCATTCC,6
CAGATCTGATTGGCTC,6
CAGATCTGCAAGGAGC,6
CAGATCTGCACCTTAC,6
CAGATCTGCCATCCTC,6
CAGATCTGCCGACAAC,6
CAGATCTGCCTAATCC,6
CAGATCTGCCTCTATC,6
CAGATCTGCGACACAC,6
CAGATCTGCGGATTGC,6
CAGATCTGCTAAGGTC,6
CAGATCTGGAACAGGC,6
CAGATCTGGACAGTGC,6
CAGATCTGGAGTTAGC,6
CAGATCTGGATGAATC,1
CAGATCTGGCCAAGAC,6
CAGATCTGCGGAAGAA,4
CAGATCTGGTGACAAG,5
CAGATCTGGAACCAGA,5
ACATTGGCTTGCTGGA,6
ACATTGGCAACAACCA,5
ACATTGGCAACCGAGA,5
ACATTGGCAACGCTTA,5
ACATTGGCAAGACGGA,5
ACATTGGCAAGGTACA,5
ACATTGGCACACAGAA,5
ACATTGGCACAGCAGA,5
ACATTGGCACCTCCAA,5
ACATTGGCACGCTCGA,1
ACATTGGCACGTATCA,1
ACATTGGCACTATGCA,1
ACATTGGCAGAGTCAA,1
ACATTGGCAGATCGCA,1
ACATTGGCAGCAGGAA,4
ACATTGGCAGTCACTA,4
ACATTGGCATCCTGTA,1
ACATTGGCATTGAGGA,4
ACATTGGCCAACCACA,4
ACATTGGCGACTAGTA,4
ACATTGGCCAATGGAA,4
ACATTGGCCACTTCGA,5
ACATTGGCCAGCGTTA,5
ACATTGGCCATACCAA,5
ACATTGGCCCAGTTCA,5
ACATTGGCCCGAAGTA,5
ACATTGGCCCGTGAGA,5
ACATTGGCCCTCCTGA,5
ACATTGGCCGAACTTA,5
ACATTGGCCGACTGGA,1
ACATTGGCCGCATACA,5
ACATTGGCCTCAATGA,1
ACATTGGCCTGAGCCA,5
ACATTGGCCTGGCATA,1
ACATTGGCGAATCTGA,1
ACATTGGCCAAGACTA,1
ACATTGGCGAGCTGAA,1
ACATTGGCGATAGACA,3
ACATTGGCGCCACATA,3
ACATTGGCGCGAGTAA,3
ACATTGGCGCTAACGA,3
ACATTGGCGCTCGGTA,3
ACATTGGCGGAGAACA,3
ACATTGGCGGTGCGAA,3
ACATTGGCGTACGCAA,3
ACATTGGCGTCGTAGA,1
ACATTGGCGTCTGTCA,3
ACATTGGCGTGTTCTA,1
ACATTGGCTAGGATGA,6
ACATTGGCTATCAGCA,6
ACATTGGCTCCGTCTA,6
ACATTGGCTCTTCACA,3
ACATTGGCTGAAGAGA,3
ACATTGGCTGGAACAA,1
ACATTGGCTGGCTTCA,3
ACATTGGCTGGTGGTA,6
ACATTGGCTTCACGCA,3
ACATTGGCAACTCACC,3
ACATTGGCAAGAGATC,6
ACATTGGCAAGGACAC,6
ACATTGGCAATCCGTC,6
ACATTGGCAATGTTGC,6
ACATTGGCACACGACC,6
ACATTGGCACAGATTC,6
ACATTGGCAGATGTAC,1
ACATTGGCAGCACCTC,3
ACATTGGCAGCCATGC,3
ACATTGGCAGGCTAAC,3
ACATTGGCATAGCGAC,3
ACATTGGCATCATTCC,6
ACATTGGCATTGGCTC,3
ACATTGGCCAAGGAGC,6
ACATTGGCCACCTTAC,6
ACATTGGCCCATCCTC,6
ACATTGGCCCGACAAC,6
ACATTGGCCCTAATCC,6
ACATTGGCCCTCTATC,6
ACATTGGCCGACACAC,6
ACATTGGCCGGATTGC,6
ACATTGGCCTAAGGTC,6
ACATTGGCGAACAGGC,6
ACATTGGCGACAGTGC,6
ACATTGGCGAGTTAGC,6
ACATTGGCGATGAATC,8
ACATTGGCGCCAAGAC,6
ACATTGGCCGGAAGAA,6
ACATTGGCGTGACAAG,1
ACATTGGCGAACCAGA,5
ACCACTGTTTGCTGGA,4
ACCACTGTAACAACCA,5
ACCACTGTAACCGAGA,5
ACCACTGTAACGCTTA,5
ACCACTGTAAGACGGA,5
ACCACTGTAAGGTACA,5
ACCACTGTACACAGAA,5
ACCACTGTACAGCAGA,5
ACCACTGTACCTCCAA,5
ACCACTGTACGCTCGA,1
ACCACTGTACGTATCA,1
ACCACTGTACTATGCA,1
ACCACTGTAGAGTCAA,1
ACCACTGTAGATCGCA,1
ACCACTGTAGCAGGAA,1
ACCACTGTAGTCACTA,4
ACCACTGTATCCTGTA,1
ACCACTGTATTGAGGA,1
ACCACTGTCAACCACA,1
ACCACTGTGACTAGTA,1
ACCACTGTCAATGGAA,4
ACCACTGTCACTTCGA,5
ACCACTGTCAGCGTTA,5
ACCACTGTCATACCAA,5
ACCACTGTCCAGTTCA,4
ACCACTGTCCGAAGTA,4
ACCACTGTCCGTGAGA,5
ACCACTGTCCTCCTGA,5
ACCACTGTCGAACTTA,5
ACCACTGTCGACTGGA,5
ACCACTGTCGCATACA,5
ACCACTGTCTCAATGA,5
ACCACTGTCTGAGCCA,4
ACCACTGTCTGGCATA,5
ACCACTGTGAATCTGA,1
ACCACTGTCAAGACTA,1
ACCACTGTGAGCTGAA,1
ACCACTGTGATAGACA,3
ACCACTGTGCCACATA,3
ACCACTGTGCGAGTAA,3
ACCACTGTGCTAACGA,3
ACCACTGTGCTCGGTA,4
ACCACTGTGGAGAACA,3
ACCACTGTGGTGCGAA,3
ACCACTGTGTACGCAA,3
ACCACTGTGTCGTAGA,3
ACCACTGTGTCTGTCA,3
ACCACTGTGTGTTCTA,3
ACCACTGTTAGGATGA,3
ACCACTGTTATCAGCA,3
ACCACTGTTCCGTCTA,3
ACCACTGTTCTTCACA,3
ACCACTGTTGAAGAGA,3
ACCACTGTTGGAACAA,3
ACCACTGTTGGCTTCA,6
ACCACTGTTGGTGGTA,3
ACCACTGTTTCACGCA,6
ACCACTGTAACTCACC,3
ACCACTGTAAGAGATC,6
ACCACTGTAAGGACAC,3
ACCACTGTAATCCGTC,3
ACCACTGTAATGTTGC,6
ACCACTGTACACGACC,6
ACCACTGTACAGATTC,6
ACCACTGTAGATGTAC,3
ACCACTGTAGCACCTC,6
ACCACTGTAGCCATGC,3
ACCACTGTAGGCTAAC,6
ACCACTGTATAGCGAC,6
ACCACTGTATCATTCC,6
ACCACTGTATTGGCTC,6
ACCACTGTCAAGGAGC,6
ACCACTGTCACCTTAC,6
ACCACTGTCCATCCTC,6
ACCACTGTCCGACAAC,6
ACCACTGTCCTAATCC,6
ACCACTGTCCTCTATC,6
ACCACTGTCGACACAC,6
ACCACTGTCGGATTGC,6
ACCACTGTCTAAGGTC,6
ACCACTGTGAACAGGC,6
ACCACTGTGACAGTGC,6
ACCACTGTGAGTTAGC,6
ACCACTGTGATGAATC,6
ACCACTGTGCCAAGAC,5
ACCACTGTCGGAAGAA,4
ACCACTGTGTGACAAG,6
ACCACTGTGAACCAGA,5
AGTGGTCATTGCTGGA,6
AGTGGTCAAACCGAGA,5
AGTGGTCAAACGCTTA,5
AGTGGTCAAAGACGGA,5
AGTGGTCAAAGGTACA,5
AGTGGTCAACACAGAA,5
AGTGGTCAACAGCAGA,5
AGTGGTCAACCTCCAA,5
AGTGGTCAACGCTCGA,5
AGTGGTCAACGTATCA,4
AGTGGTCAACTATGCA,1
AGTGGTCAAGAGTCAA,1
AGTGGTCAAGATCGCA,1
AGTGGTCAAGCAGGAA,1
AGTGGTCAAGTCACTA,1
AGTGGTCAATCCTGTA,1
AGTGGTCAATTGAGGA,1
AGTGGTCACAACCACA,1
AGTGGTCAGACTAGTA,1
AGTGGTCACAATGGAA,1
AGTGGTCACACTTCGA,1
AGTGGTCACAGCGTTA,1
AGTGGTCACATACCAA,1
AGTGGTCACCAGTTCA,1
AGTGGTCACCGAAGTA,1
AGTGGTCACCGTGAGA,4
AGTGGTCACCTCCTGA,1
AGTGGTCACGAACTTA,4
AGTGGTCACGACTGGA,4
AGTGGTCACGCATACA,5
AGTGGTCACTCAATGA,5
AGTGGTCACTGAGCCA,1
AGTGGTCACTGGCATA,3
AGTGGTCAGAATCTGA,1
AGTGGTCACAAGACTA,1
AGTGGTCAGAGCTGAA,6
AGTGGTCAGATAGACA,6
AGTGGTCAGCCACATA,6
AGTGGTCAGCGAGTAA,3
AGTGGTCAGCTAACGA,3
AGTGGTCAGCTCGGTA,3
AGTGGTCAGGAGAACA,3
AGTGGTCAGGTGCGAA,3
AGTGGTCAGTACGCAA,3
AGTGGTCAGTCGTAGA,3
AGTGGTCAGTCTGTCA,3
AGTGGTCAGTGTTCTA,3
AGTGGTCATAGGATGA,3
AGTGGTCATATCAGCA,3
AGTGGTCATCCGTCTA,3
AGTGGTCATCTTCACA,3
AGTGGTCATGAAGAGA,3
AGTGGTCATGGAACAA,3
AGTGGTCATGGCTTCA,6
AGTGGTCATGGTGGTA,6
AGTGGTCATTCACGCA,6
AGTGGTCAAACTCACC,6
AGTGGTCAAAGAGATC,6
AGTGGTCAAAGGACAC,3
AGTGGTCAAATCCGTC,3
AGTGGTCAAATGTTGC,6
AGTGGTCAACACGACC,6
AGTGGTCAACAGATTC,6
AGTGGTCAAGATGTAC,6
AGTGGTCAAGCACCTC,6
AGTGGTCAAGCCATGC,6
AGTGGTCAAGGCTAAC,6
AGTGGTCAATAGCGAC,6
AGTGGTCAATCATTCC,7
AGTGGTCAATTGGCTC,6
AGTGGTCACAAGGAGC,6
AGTGGTCACACCTTAC,3
AGTGGTCACCATCCTC,6
AGTGGTCACCGACAAC,6
AGTGGTCACCTAATCC,6
AGTGGTCACCTCTATC,6
AGTGGTCACGACACAC,6
AGTGGTCACGGATTGC,6
AGTGGTCACTAAGGTC,6
AGTGGTCAGAACAGGC,6
AGTGGTCAGACAGTGC,6
AGTGGTCAGAGTTAGC,6
AGTGGTCAGATGAATC,5
AGTGGTCAGCCAAGAC,3
AGTGGTCACGGAAGAA,1
AGTGGTCAGTGACAAG,5
AGTGGTCAGAACCAGA,4
ATGCCTAATTGCTGGA,1
ATGCCTAAAAGGTACA,5
ATGCCTAAACACAGAA,5
ATGCCTAAACAGCAGA,5
ATGCCTAAACCTCCAA,5
ATGCCTAAACGCTCGA,4
ATGCCTAAACGTATCA,5
ATGCCTAAACTATGCA,1
ATGCCTAAAGAGTCAA,1
ATGCCTAAAGATCGCA,4
ATGCCTAAAGCAGGAA,1
ATGCCTAAAGTCACTA,1
ATGCCTAAATCCTGTA,1
ATGCCTAAATTGAGGA,1
ATGCCTAACAACCACA,1
ATGCCTAAGACTAGTA,1
ATGCCTAACAATGGAA,1
ATGCCTAACACTTCGA,1
ATGCCTAACAGCGTTA,1
ATGCCTAACATACCAA,1
ATGCCTAACCAGTTCA,1
ATGCCTAACCGAAGTA,1
ATGCCTAACCGTGAGA,1
ATGCCTAACCTCCTGA,1
ATGCCTAACGAACTTA,1
ATGCCTAACGACTGGA,4
ATGCCTAACGCATACA,4
ATGCCTAACTCAATGA,4
ATGCCTAACTGAGCCA,1
ATGCCTAACTGGCATA,9
ATGCCTAAGAATCTGA,1
ATGCCTAACAAGACTA,1
ATGCCTAAGAGCTGAA,6
ATGCCTAAGATAGACA,6
ATGCCTAAGCCACATA,6
ATGCCTAAGCGAGTAA,6
ATGCCTAAGCTAACGA,6
ATGCCTAAGCTCGGTA,1
ATGCCTAAGGAGAACA,3
ATGCCTAAGGTGCGAA,3
ATGCCTAAGTACGCAA,3
ATGCCTAAGTCGTAGA,3
ATGCCTAAGTCTGTCA,3
ATGCCTAAGTGTTCTA,3
ATGCCTAATAGGATGA,3
ATGCCTAATATCAGCA,3
ATGCCTAATCCGTCTA,3
ATGCCTAATCTTCACA,3
ATGCCTAATGAAGAGA,3
ATGCCTAATGGAACAA,6
ATGCCTAATGGCTTCA,6
ATGCCTAATGGTGGTA,6
ATGCCTAATTCACGCA,6
ATGCCTAAAACTCACC,6
ATGCCTAAAAGAGATC,6
ATGCCTAAAAGGACAC,3
ATGCCTAAAATCCGTC,3
ATGCCTAAAATGTTGC,6
ATGCCTAAACACGACC,6
ATGCCTAAACAGATTC,6
ATGCCTAAAGATGTAC,6
ATGCCTAAAGCACCTC,6
ATGCCTAAAGCCATGC,6
ATGCCTAAAGGCTAAC,6
ATGCCTAAATAGCGAC,7
ATGCCTAAATCATTCC,6
ATGCCTAAATTGGCTC,6
ATGCCTAACAAGGAGC,6
ATGCCTAACACCTTAC,6
ATGCCTAACCATCCTC,6
ATGCCTAACCGACAAC,6
ATGCCTAACCTAATCC,6
ATGCCTAACCTCTATC,6
ATGCCTAACGACACAC,6
ATGCCTAACGGATTGC,6
ATGCCTAACTAAGGTC,6
ATGCCTAAGAACAGGC,6
ATGCCTAAGACAGTGC,6
ATGCCTAAGAGTTAGC,6
ATGCCTAAGATGAATC,6
ATGCCTAAGCCAAGAC,6
ATGCCTAACGGAAGAA,6
ATGCCTAAGTGACAAG,1
ATGCCTAAGAACCAGA,6
AAACATCGTTGCTGGA,1
AAACATCGACACAGAA,5
AAACATCGACAGCAGA,5
AAACATCGACCTCCAA,5
AAACATCGACGCTCGA,5
AAACATCGACGTATCA,5
AAACATCGACTATGCA,4
AAACATCGAGAGTCAA,5
AAACATCGAGATCGCA,5
AAACATCGAGCAGGAA,5
AAACATCGAGTCACTA,4
AAACATCGATCCTGTA,1
AAACATCGATTGAGGA,1
AAACATCGCAACCACA,1
AAACATCGGACTAGTA,1
AAACATCGCAATGGAA,1
AAACATCGCACTTCGA,1
AAACATCGCAGCGTTA,1
AAACATCGCATACCAA,1
AAACATCGCCAGTTCA,1
AAACATCGCCGAAGTA,1
AAACATCGCCGTGAGA,4
AAACATCGCCTCCTGA,1
AAACATCGCGAACTTA,4
AAACATCGCGACTGGA,4
AAACATCGCGCATACA,4
AAACATCGCTCAATGA,3
AAACATCGCTGAGCCA,5
AAACATCGCTGGCATA,5
AAACATCGGAATCTGA,1
AAACATCGCAAGACTA,1
AAACATCGGAGCTGAA,6
AAACATCGGATAGACA,6
AAACATCGGCCACATA,6
AAACATCGGCGAGTAA,6
AAACATCGGCTAACGA,6
AAACATCGGCTCGGTA,3
AAACATCGGGAGAACA,3
AAACATCGGGTGCGAA,3
AAACATCGGTACGCAA,3
AAACATCGGTCGTAGA,3
AAACATCGGTCTGTCA,3
AAACATCGGTGTTCTA,3
AAACATCGTAGGATGA,3
AAACATCGTATCAGCA,3
AAACATCGTCCGTCTA,3
AAACATCGTCTTCACA,3
AAACATCGTGAAGAGA,6
AAACATCGTGGAACAA,6
AAACATCGTGGCTTCA,6
AAACATCGTGGTGGTA,6
AAACATCGTTCACGCA,6
AAACATCGAACTCACC,6
AAACATCGAAGAGATC,6
AAACATCGAAGGACAC,6
AAACATCGAATCCGTC,3
AAACATCGAATGTTGC,6
AAACATCGACACGACC,6
AAACATCGACAGATTC,6
AAACATCGAGATGTAC,6
AAACATCGAGCACCTC,6
AAACATCGAGCCATGC,6
AAACATCGAGGCTAAC,6
AAACATCGATAGCGAC,6
AAACATCGATCATTCC,6
AAACATCGATTGGCTC,6
AAACATCGCAAGGAGC,6
AAACATCGCACCTTAC,6
AAACATCGCCATCCTC,6
AAACATCGCCGACAAC,6
AAACATCGCCTAATCC,6
AAACATCGCCTCTATC,6
AAACATCGCGACACAC,6
AAACATCGCGGATTGC,6
AAACATCGCTAAGGTC,6
AAACATCGGAACAGGC,6
AAACATCGGACAGTGC,1
AAACATCGGAGTTAGC,6
AAACATCGGATGAATC,4
AAACATCGGCCAAGAC,1
AAACATCGCGGAAGAA,5
AAACATCGGTGACAAG,5
AAACATCGGAACCAGA,1
GAACAGGCTTGCTGGA,5
GAACAGGCACAGCAGA,5
GAACAGGCACCTCCAA,4
GAACAGGCACGCTCGA,4
GAACAGGCACGTATCA,4
GAACAGGCACTATGCA,4
GAACAGGCAGAGTCAA,4
GAACAGGCAGATCGCA,4
GAACAGGCAGCAGGAA,4
GAACAGGCAGTCACTA,4
GAACAGGCATCCTGTA,4
GAACAGGCATTGAGGA,4
GAACAGGCCAACCACA,4
GAACAGGCGACTAGTA,4
GAACAGGCCAATGGAA,4
GAACAGGCCACTTCGA,1
GAACAGGCCAGCGTTA,2
GAACAGGCCATACCAA,2
GAACAGGCCCAGTTCA,4
GAACAGGCCCGAAGTA,2
GAACAGGCCCGTGAGA,4
GAACAGGCCCTCCTGA,2
GAACAGGCCGAACTTA,2
GAACAGGCCGACTGGA,2
GAACAGGCCGCATACA,2
GAACAGGCCTCAATGA,2
GAACAGGCCTGAGCCA,4
GAACAGGCCTGGCATA,4
GAACAGGCGAATCTGA,4
GAACAGGCCAAGACTA,4
GAACAGGCGAGCTGAA,4
GAACAGGCGATAGACA,4
GAACAGGCGCCACATA,1
GAACAGGCGCGAGTAA,1
GAACAGGCGCTAACGA,1
GAACAGGCGCTCGGTA,1
GAACAGGCGGAGAACA,1
GAACAGGCGGTGCGAA,1
GAACAGGCGTACGCAA,1
GAACAGGCGTCGTAGA,1
GAACAGGCGTCTGTCA,1
GAACAGGCGTGTTCTA,2
GAACAGGCTAGGATGA,1
GAACAGGCTATCAGCA,1
GAACAGGCTCCGTCTA,1
GAACAGGCTCTTCACA,1
GAACAGGCTGAAGAGA,1
GAACAGGCTGGAACAA,4
GAACAGGCTGGCTTCA,4
GAACAGGCTGGTGGTA,4
GAACAGGCTTCACGCA,1
GAACAGGCAACTCACC,1
GAACAGGCAAGAGATC,1
GAACAGGCAAGGACAC,1
GAACAGGCAATCCGTC,1
GAACAGGCAATGTTGC,1
GAACAGGCACACGACC,1
GAACAGGCACAGATTC,1
GAACAGGCAGATGTAC,1
GAACAGGCAGCACCTC,1
GAACAGGCAGCCATGC,1
GAACAGGCAGGCTAAC,1
GAACAGGCATAGCGAC,1
GAACAGGCATCATTCC,1
GAACAGGCATTGGCTC,1
GAACAGGCCAAGGAGC,1
GAACAGGCCACCTTAC,1
GAACAGGCCCATCCTC,1
GAACAGGCCCGACAAC,1
GAACAGGCCCTAATCC,6
GAACAGGCCCTCTATC,1
GAACAGGCCGACACAC,2
GAACAGGCCGGATTGC,2
GAACAGGCCTAAGGTC,2
GAACAGGCGAACAGGC,4
GAACAGGCGACAGTGC,4
GAACAGGCGAGTTAGC,1
GAACAGGCGATGAATC,5
GAACAGGCGCCAAGAC,5
GAACAGGCCGGAAGAA,5
GAACAGGCGTGACAAG,5
GAACAGGCGAACCAGA,5
